EAL: Detected CPU lcores: 20
EAL: Detected NUMA nodes: 1
EAL: Detected shared linkage of DPDK
EAL: Multi-process socket /var/run/dpdk/rte/mp_socket
EAL: Selected IOVA mode 'PA'
EAL: VFIO support initialized
EAL: Probe PCI driver: mlx5_pci (15b3:1015) device: 0000:03:00.1 (socket 0)
TELEMETRY: No legacy callbacks, legacy socket not created
Count core: 1
Number of queues: 1
Connecting to port 0 with 1 queues
ip: 192.168.1.1
server port is 8080
Expect the server to change the location of timestamp by 20 bytes
sending ARP requests
mac address for server 192.168.1.1 received: 9c:dc:71:5b:42:81
ARP requests finished
-------------------------------------
16786
19772
20779
20435
20056
10510
14450
21358
20358
20937
20997
9258
14547
20950
20160
21271
20455
19849
10600
15046
20679
21830
20488
20488
20164
10497
13469
20880
20468
20940
20200
22517
19909
21007
11230
15005
20709
21546
21516
21188
21358
21462
20475
20579
21917
20502
20244
19802
11293
13750
20097
20669
20495
11511
15588
21037
19819
20083
20702
14135
9603
20374
21760
21181
20257
20729
32893
12843
22071
19504
20100
20937
19551
11179
14630
22403
20421
21121
20361
19963
20615
10928
14169
20890
20692
26905
17308
20050
20157
19819
21064
11578
14410
21897
21586
19752
19996
20015
123032
21271
19736
10415
15794
20382
21102
20892
19912
19827
11327
13719
19649
10516
14821
21225
20158
15195
8575
21143
22255
20748
21612
21341
20625
21190
21527
21135
20849
9042
123660
12203
21218
21223
20525
20056
19878
10957
13965
19920
20597
21460
11200
14735
20470
19655
20589
10280
15014
20023
33013
12329
21252
20823
20476
19994
20730
21422
20734
11407
14373
21535
19735
19911
10065
15223
20500
19593
10681
8928
9437
19367
21641
21270
19412
20164
11198
14289
17333
20724
21429
20296
9737
14021
20865
19430
9683
15943
20761
20368
19988
7743
19164
19543
20366
20296
12202
13993
22328
18369
20048
11171
14743
19369
9569
15192
20550
20614
10068
14851
19497
9893
14402
20096
20673
20564
11770
14435
22266
20539
20211
20410
20019
10489
15960
21150
20501
20864
20030
11258
14368
20490
20096
10255
14625
21198
20804
20556
19655
11121
16510
19468
20022
10139
14984
19252
20361
18894
19107
8456
16751
19023
10600
14372
20210
19906
10473
16636
20753
20569
24193
20002
21438
20064
20523
9960
14356
18874
10816
15817
19801
20913
19733
10802
14871
19507
10361
13984
19078
10561
15713
21543
20422
20543
20143
10525
16018
20313
19163
20748
7529
18761
20514
19971
20388
20540
9507
15967
20947
19043
20574
10332
16107
19109
20142
10724
16937
20548
20778
19108
20360
10911
16143
20850
20508
20381
9441
14668
19418
10240
16500
19714
19389
9621
16165
20323
21018
9451
14829
21346
20105
19944
20348
11046
16006
20156
20034
8600
17662
20645
19121
20102
11008
16140
20482
20019
20337
10427
15403
19323
20423
7694
25949
14018
19368
10194
15395
20754
18917
10611
15496
20264
19216
10745
14697
20141
20074
10472
16352
20887
19066
11311
14433
20829
19551
9621
14813
20218
20357
11066
15085
21187
20579
20352
20856
9959
185712
11100
19064
7658
17452
19489
9978
15282
19805
19993
10185
17027
21310
21354
20225
19392
20242
10972
15668
20330
19610
10551
15805
21115
18769
9638
15748
21579
20567
8194
202556
14810
21476
21875
21250
20262
18733
7329
19301
19449
9890
13959
19702
9932
14790
19025
7638
18567
8222
14610
19589
9562
15241
20466
19694
9494
16616
19845
20940
19613
7507
19228
19280
20349
10293
16193
20355
20809
20063
9760
15248
20574
20088
20251
10343
16790
20398
19887
9995
15022
20513
19241
11017
15045
19351
10076
14958
20871
18840
20064
9858
17124
20124
20261
8001
16851
21516
19275
9641
14128
19959
20379
7528
18329
19994
20524
11123
14406
19046
10545
14418
20671
19278
10991
16428
19478
20246
19846
7712
20072
20310
20261
20115
9751
16149
21469
20345
19990
20623
19391
10633
14116
18952
19829
10256
15646
19724
10163
14058
19581
10128
15518
19563
9635
14835
19257
20333
10484
14887
18917
7637
18533
19755
19934
8386
17417
19297
10357
16025
20107
19328
10984
14662
19200
20015
10971
15324
19904
19786
7996
18956
19565
19265
7626
18759
19705
19822
8188
18147
19604
19439
10900
15805
20124
9376
14389
19180
9600
16076
19124
20426
11011
15007
20144
9428
16111
21166
19787
19770
9784
15253
19237
10065
15013
20242
10363
14338
19333
25383
20138
19523
19712
10584
15050
20103
20338
7251
18279
19577
10278
16016
20138
19523
10553
8616
8847
18575
20455
10169
14781
19751
20261
10899
15605
20569
20333
19974
7574
17764
19257
10874
15345
18896
10344
15564
21479
21380
20760
19097
10507
14718
20330
9420
14352
23205
20335
19663
19363
7958
18986
22939
19704
19211
19687
7898
19588
21373
19967
19242
10684
14948
20554
9446
14375
20104
9535
15564
19921
20101
10605
15799
20670
19273
9550
16016
20674
20515
197836
8682
19501
19233
20609
10323
15709
20836
19749
19967
8096
17072
19478
10507
15013
19696
9825
16028
20544
18790
10695
15091
20276
19583
11110
14400
19043
10856
15683
21549
179194
9378
15451
19041
20030
10287
16623
18983
20188
10372
14494
20123
10705
13984
19940
20116
11444
14579
19073
19270
7892
18576
19130
9943
16337
20090
19951
9471
14784
19329
10456
15573
20364
20029
20601
8275
18012
20197
19475
9944
16542
21169
20380
19097
10425
14992
19214
10685
15687
20346
20205
9902
15755
19580
20351
10493
20734
15793
19932
19662
9981
16190
25105
17746
20225
19266
11020
14828
18958
10234
14588
9664
13748
20147
9498
15450
20297
19585
9780
16339
19532
19498
10887
15441
19887
9428
14968
19150
9578
15458
20589
20212
10105
15025
19349
9519
15605
19288
9843
15623
20569
19716
9600
15283
20155
9447
15394
19678
9478
14866
19203
9908
15323
19427
10369
14835
19326
15166
14481
14138
20201
9467
16197
21388
19254
9791
14052
19535
10465
15428
21502
19763
19730
9856
15828
19866
10290
15364
19644
20274
9584
14760
19964
19874
10823
16086
20615
19663
9717
15311
19311
10059
14740
19850
19783
10985
15077
20076
9820
15174
19473
19830
7868
18977
19733
19892
9680
14994
20660
19894
10171
15046
19247
10459
15600
20348
19987
12523
13618
20113
20256
19225
8904
16820
20307
23198
20035
19900
7708
18184
20184
25323
19180
20919
18918
10476
15184
20326
19911
9657
15608
19021
10735
14009
19408
11132
15411
19656
19290
10512
16439
19497
19694
7499
18145
19646
10100
14356
19010
10120
15004
19079
8530
17120
23040
19643
20148
20337
10794
14950
19653
9753
14402
19205
9864
16308
20027
7926
15696
19580
10034
14825
18944
7514
18118
19671
19773
28598
18489
21108
19111
20462
10330
15719
18953
9682
16194
20357
82447
20556
18865
10018
15625
20671
19328
11416
13760
20046
10331
14962
20471
19105
7624
18279
19424
20182
8122
20322
19282
18899
9349
16020
19037
20951
10896
14210
19731
7214
137097
19196
10096
17056
22690
19884
19360
19821
20243
10257
15193
20300
19475
8406
18093
20124
19580
11011
15326
20627
20153
19488
10594
26020
10999
20299
9588
14321
20352
20489
10634
15222
19387
19811
19359
10561
15544
19584
9889
15959
19843
19501
10210
15531
20801
19480
10584
14940
21661
20754
19558
10225
15482
19576
14421
9187
20412
19185
10570
15886
20112
19882
7221
18538
20317
9599
13837
19301
10646
15003
19085
9614
16206
19126
9868
15495
20294
20426
9575
16009
19338
19642
10190
15425
18918
10405
14843
19232
20499
10647
14989
19227
9895
15151
19118
11297
14458
20421
20305
9630
15142
19144
10014
15502
18758
7369
7109
12551
19674
19695
8270
18402
19135
9590
14779
20013
20128
19364
9716
15448
18792
10245
14902
19930
9825
15467
19508
19791
8043
17682
20815
19785
10535
14689
20215
19639
10121
16174
18670
10885
14145
20133
10673
14598
20349
19946
9954
14569
19640
9749
16019
20389
19155
10268
14094
19763
7785
18280
20287
20259
7676
18241
19992
18870
10717
15303
19943
9889
14309
20281
27789
17020
18876
10645
13656
19691
9633
15394
18911
10684
15286
20187
19646
10116
16616
20460
19753
20245
10695
16224
20241
19487
19902
7452
19256
20538
19663
11733
14562
20120
19038
10302
16107
19366
19638
7600
18245
18841
10720
15117
20394
19820
9692
15815
20530
20394
7296
17633
19169
9856
15241
18984
10548
14944
18882
10634
14897
19101
10022
14302
20144
20242
10794
15181
19318
10560
14091
19091
11266
14286
19335
9624
16681
20510
20280
19778
9805
15565
19869
20633
7601
252206
9229
20302
20166
20862
165892
18517
21661
19687
19717
7775
18968
19658
19581
9525
16331
20213
19820
10289
15805
19804
19009
8218
17633
19487
9973
15747
19922
7009
17830
20108
19299
7534
17692
7261
187323
11250
20995
19421
20257
9861
16192
18871
9481
16191
19300
20038
10226
15041
19840
10656
13993
18785
7770
18372
20133
19712
7556
18539
19165
9779
15169
18734
10056
15166
19600
9534
15636
20220
19911
7690
17651
19545
9682
15504
20508
18819
10539
16208
20353
19547
10797
13787
7848
15636
18704
10195
15118
19414
9829
15644
14358
9408
31051
11370
19010
20158
10326
16411
20255
19425
7400
18695
20389
18979
10729
15022
19230
20394
7606
19283
19117
9600
15738
22055
20488
18962
10787
13777
18895
8240
17979
18910
9803
16190
20518
19369
20185
7251
19051
19711
20092
7132
20114
20361
20211
20253
20545
7101
8107
11759
19984
9439
15806
20313
19999
9992
14979
19856
20156
10083
16231
19794
20231
9621
15396
19393
10833
13951
19280
7502
18087
21312
18917
9791
15781
7633
15911
20284
19563
10594
14420
19892
20040
8079
18344
22901
19913
19127
9442
16424
20994
19300
20235
10353
14896
19749
20218
7213
18621
18884
10507
15015
19049
7276
18981
20446
19759
9585
15846
20199
19354
10185
15723
20238
19681
7336
19175
19071
20324
10553
15830
19104
10460
14594
20619
19172
10811
14359
19302
10999
14017
19361
10190
15795
19903
18877
11035
15744
20300
19525
10740
15591
19721
20627
20375
7327
18313
19827
9461
16001
21431
18923
23195
19671
9632
16178
20736
19573
25243
19812
19988
19615
10029
16236
20305
19323
9606
16450
21609
20803
19154
10036
14769
19882
20282
10347
16064
7676
15605
20522
19574
10674
15032
19870
18877
10736
15080
20606
19896
10338
15656
19944
9820
15096
21533
19084
20089
17511
20711
19201
20026
156411
10523
20543
19475
20350
19681
10200
15804
21018
19512
20104
20311
8639
18317
19845
9421
14817
20123
20069
10490
14845
19557
10430
13977
22389
19230
9430
16426
20931
8320
173856
19083
11263
15471
21233
21339
19047
20338
7645
19320
19820
19128
10245
16008
19527
20123
9703
15403
8213
15196
19265
6851
18033
20411
19776
10702
15154
19567
20492
9928
15897
19075
20446
10387
15164
19101
7523
19006
21005
19767
19492
11428
15619
20312
19407
9461
15353
20376
19190
7499
18856
20262
19961
7558
18670
20332
20324
20043
7048
19254
20419
20126
9537
15783
19810
19344
7171
18246
19512
10791
15954
20571
19766
19391
34009
13235
21348
20371
18985
10955
15182
19412
19609
8247
18297
19235
19947
10461
15890
19920
19453
7400
19179
19407
10444
15380
21422
20050
19071
7251
18182
20897
19092
11431
14005
19822
9718
15482
18845
10582
14614
19847
9638
14384
20283
9874
14788
19033
11066
14271
20115
9616
15456
19985
19347
9938
15648
20144
9602
14964
19810
19903
10651
15995
20571
19882
19901
7598
19325
20089
20369
20092
10436
15732
18936
9647
15977
8452
14589
19518
19841
11209
13051
19883
10391
15121
19719
10047
14966
19523
20567
9789
16691
20721
20193
9814
15545
19913
20136
20322
10498
14958
19627
9642
15819
19383
19700
8440
19902
18823
20181
20075
7679
18640
19882
9637
14820
19860
20330
9734
16451
20277
19685
19843
8291
17804
19339
9575
16118
19635
19807
7887
17150
19477
9902
16266
19901
20203
10536
14953
19025
10103
14764
19569
10333
15440
21482
19132
19623
8312
18317
19300
19756
7401
18832
18761
10846
14943
20358
20464
34306
9964
19943
10030
16205
20987
19153
9631
14901
20213
9405
15087
7332
15385
19887
9479
14643
19742
9479
15813
18741
9441
14965
13189
11425
19178
19745
207584
20112
19664
18952
20230
7384
19200
18682
9846
15583
18916
10682
15306
19111
10087
14538
19594
20104
11301
14871
19266
20332
8034
18726
18940
9444
15677
20130
9311
15123
96406
43251
10120
16737
21124
20224
20564
20615
9430
15994
19138
9610
14728
19641
7328
17471
19942
10544
14157
19691
10202
15326
20142
20133
10223
14774
20010
20142
10989
15045
19873
20441
20306
10752
15056
19608
10333
14945
20511
19300
10833
15647
21922
19619
20111
10063
14892
19597
20707
9856
15596
19164
9984
8191
8270
19464
10363
15083
19984
20186
9348
16239
20493
20456
9662
15423
19461
20576
9670
15943
21212
19651
9681
15884
20341
19739
9789
14315
19332
10646
15451
18994
9939
14709
19108
10388
15932
20331
19568
20374
11916
14153
19204
9823
15182
19744
19893
10664
15997
20070
19928
10144
14830
18811
7618
17389
20174
10446
14279
19564
10023
16563
20287
19953
19943
10125
15394
20520
18421
20661
19802
19617
7712
18681
19728
20061
10520
16146
19337
19912
10321
16668
20283
20589
19875
9772
16692
20645
20384
20532
19924
8031
17940
19975
10050
15461
19816
19786
10311
15602
20825
19592
19889
10394
15487
20292
19449
7219
19055
19590
9653
15187
19917
19710
7440
18941
20389
19220
9923
16797
21348
20314
20256
9657
15112
20123
20272
9528
15943
19197
20082
10980
14762
20287
20001
10630
15558
19390
19702
8308
18166
21494
19190
9507
15861
18903
10674
15218
16977
21057
19615
19866
9979
15481
19655
9463
16311
20435
20324
19467
7846
18659
19081
9977
14500
18935
7236
18266
19521
10189
15507
20784
19891
20101
7773
17656
18942
10620
15394
20273
19441
10471
14970
19190
11005
15383
19320
33779
11135
20122
19026
10434
15267
19458
20215
8074
17579
20113
10395
13977
20363
9600
16052
19851
18865
7406
19123
206775
15857
19748
20558
10897
15164
19870
19903
9493
15801
19112
9702
15873
20097
19923
9927
15502
20403
9348
14876
20651
19594
10961
15000
19962
19691
10667
14642
20492
20584
130947
31236
9943
15710
19769
9811
14625
19702
20066
10517
15550
19400
9502
15192
19530
20246
7793
17301
19168
8062
18459
20291
19520
35042
10704
20584
19441
10966
14600
18820
10903
15446
19842
20323
10307
13725
19585
10015
15263
20379
20284
10663
15045
20738
19393
9927
14769
19788
7366
18331
20205
19663
10242
15879
19700
9483
15546
20783
18825
9367
16714
19928
19617
9709
16426
20745
19922
19994
10949
14866
20371
9538
13985
20005
10040
14846
20001
19554
10800
7057
9435
20319
9810
15005
19664
19307
7415
19241
19443
20282
10061
15951
20583
19671
8783
16848
20174
19290
7683
18943
22983
19841
20485
19610
9963
15614
26376
17349
19662
19076
11199
15015
19728
19459
7612
18498
20070
20209
11812
20439
20254
10658
15235
19100
10706
15169
21371
19868
19611
9547
16365
19376
9991
15186
20241
20484
9630
15555
20316
20516
9348
14266
20123
11004
14478
19331
20347
10620
15600
19358
9602
14538
19901
19504
10917
14809
20158
20374
7644
18457
19080
8341
17253
19476
19956
10996
14712
19361
9455
15946
19965
8248
15846
20124
19540
10413
16483
19602
19318
10231
16165
19129
10386
14398
20284
19295
11267
14991
19800
10342
15193
20447
22358
20948
18910
9648
16535
20092
24098
19550
19630
9459
16005
20618
19085
19838
8878
17712
19440
10693
13238
20336
10404
15547
21188
19024
9861
14383
20202
19878
7167
19291
20251
19624
10864
15270
20435
20753
9618
14102
19550
9619
15968
20582
20386
10273
13829
17609
18675
10862
15277
19645
19284
10856
7352
9184
18875
7712
18774
19201
15401
9348
20292
18816
26128
20465
20184
20051
77758
8728
20153
19045
10622
7439
8757
18939
10830
15197
19112
9589
15453
20300
19913
9819
16589
21473
21158
21178
19992
19952
9952
15481
19235
9697
15164
19902
9911
7779
127109
20171
10454
14997
20482
23166
21672
20125
19521
10250
15164
23961
17958
18817
8222
18195
19662
19906
10901
14596
20092
20065
10635
19587
7186
20073
19478
19507
20303
10856
7772
10371
20578
19734
20162
10607
16112
19855
20324
10025
14395
19925
10412
14678
21311
19882
19433
10146
15341
19212
10456
14215
19210
8004
17255
20314
10143
8733
10832
15490
19573
19671
7990
17723
19065
7234
18416
20797
19401
20432
8000
18818
20367
18751
10439
17009
20928
21521
20720
19420
20435
10828
15384
19774
9487
15166
19348
9316
15123
20469
9789
14847
21343
19859
20307
9692
15200
19755
19287
11243
14624
19939
20074
10654
15312
20315
20115
20509
10625
16179
19924
19768
9627
17326
19082
19495
10942
10833
14602
20487
18973
7760
18157
20807
18942
7269
18368
19186
20593
7672
18891
19712
19943
10111
16997
17680
19060
20128
10891
15922
8476
13112
19293
7252
18547
18797
10699
14880
20026
19626
10130
17051
20593
20283
19622
10282
14840
19501
10331
15315
19752
23229
19647
9615
15573
21290
19489
27531
16685
19361
20138
7951
18641
19704
20020
10768
14505
19779
9895
15102
20264
9759
15546
20551
20474
20037
9848
15001
20566
19423
10453
15135
20295
9445
15044
20510
20299
20047
10634
15576
19154
9879
15508
19892
19682
10685
14951
18771
8165
18076
19236
9555
15191
7362
16366
21136
19852
9400
14328
20112
14928
10403
20567
9698
13485
19292
9838
15035
19583
9943
15489
20311
20633
9528
14374
20230
20116
9877
16382
20045
20066
9923
14655
19061
22619
9589
15199
20474
19480
10624
19139
16989
20497
19168
8229
18156
19081
96362
9076
31155
12173
19437
9635
15915
21223
21346
20261
19487
10038
16058
20283
18699
7782
18372
19636
19923
11094
15144
19744
10199
14343
20384
19528
10824
15113
19394
8586
138697
18571
19323
10229
15986
20727
19724
20043
10124
17020
19714
20061
20307
7835
18128
20329
20302
9950
15736
19790
19204
8080
18589
20317
19511
10933
14620
20337
19205
11297
13551
20097
7453
18487
20476
19464
9841
15357
20612
19263
8094
18722
18702
10182
15035
19808
10089
14076
20004
9536
15234
18917
10249
14897
19155
7261
17148
18748
10368
16528
20006
19974
9419
16083
19479
20082
10775
14059
20576
20151
8179
18760
21256
19964
19973
7652
17778
20466
19284
10460
16244
19415
19935
8338
17572
20475
19087
10666
15201
20214
10066
15731
20409
20482
20156
10202
15189
19317
9965
15327
20364
19783
20611
7282
19366
20395
19290
9628
15743
20169
19591
10338
15261
19020
10689
14774
19661
13548
20317
9606
15777
12849
19284
19820
11123
15222
13843
8696
20496
9600
14126
19223
10070
14862
20035
20313
11339
13876
19146
10893
14717
19074
10232
16299
21146
20608
20482
29473
14919
20020
20296
9772
15060
19266
9953
14843
19963
20306
11039
14416
19811
20185
9538
17656
19321
19994
8717
16995
20230
19996
7394
19363
21048
18971
9661
14529
20364
9564
15078
20314
19222
7353
18358
18650
10452
16031
18676
10700
14618
20504
9543
14093
19650
7803
17277
21092
19315
20263
10784
16002
21794
20186
19702
9645
15205
19749
20204
10421
16413
21121
19905
10117
13820
18815
8236
18189
19600
19333
10601
14938
31192
12335
19479
9425
16195
19562
19835
10198
15580
20503
18897
8204
18054
20630
18735
9061
16779
19881
10348
14037
19441
10297
15662
19290
20266
10320
15943
19749
9757
15145
19793
20311
10282
14929
18911
9805
15000
97567
8902
17644
20960
20291
9531
15692
20006
19724
8197
17823
20095
19169
11046
15406
20331
9586
14882
19407
20440
10064
14161
20531
9568
16184
20383
19466
9700
17225
7185
137954
18114
20307
19983
10179
15138
20714
30097
13392
19358
9991
15147
19606
20193
11046
15062
20316
19963
20365
10865
15310
19525
19924
7420
19592
19441
9519
15400
21956
18894
9904
14085
20237
20508
11256
14255
20479
19909
20077
10684
16595
20265
20295
9483
15512
19307
9456
14985
19625
9693
15574
19517
9625
15985
21046
20973
19002
20145
10344
16329
20073
19759
10209
15679
21444
19369
10173
14130
20155
19887
10778
15188
20296
19984
22500
19911
20465
10251
14473
20625
22922
21446
20393
19611
19764
8009
19384
20247
19376
20212
11293
15384
19955
20151
7353
18822
19841
19461
8247
7094
12028
19689
9477
14838
19447
9671
15427
18795
10771
14861
18947
10781
15868
20890
19471
20064
7442
22822
7868
19715
11900
13338
20015
18959
10194
15522
20289
9518
15400
21433
21033
19625
20103
7419
19400
20572
21730
21136
20005
9571
14401
19250
9889
15274
20192
19845
11618
13988
20095
9680
14899
18928
10044
15654
19892
20153
9456
16070
19048
9563
17095
19896
20261
9700
14540
20126
19850
9903
15810
19766
20003
7413
19158
19188
19593
8193
18624
19492
19375
8404
18667
19146
9994
13892
18717
7774
18683
19024
20300
8442
20158
19630
19853
19312
10768
16313
20578
21636
20265
19481
10996
14461
19371
7528
19218
20523
20577
20352
9789
15215
20714
20262
20594
10619
14861
19899
9640
14267
18986
7461
17814
19893
19914
10657
16047
19666
13366
12676
19495
19270
9895
15708
19130
9770
16317
20066
19103
10488
16006
20255
19993
10038
14041
20226
9966
15682
8024
13856
20179
19880
7254
18020
20297
20123
10521
15725
19610
80328
20598
11496
14451
20594
19751
10778
16034
21254
20394
20556
20138
10683
15232
19338
9810
14656
20050
20287
9697
16027
19246
19894
8194
18317
8216
14349
18959
9839
8097
139640
11291
19062
9658
19228
17861
19833
19594
7576
17893
19193
7429
18158
20714
7034
16406
19584
9909
15241
20274
19771
10493
14948
19066
10065
14861
19276
10249
14952
19061
10171
15046
19801
9783
14445
23317
20124
19393
9595
16748
20637
21135
20523
20147
19861
10733
16188
20532
19243
10006
15667
19317
9638
14491
19596
10735
14900
19225
20227
7390
19676
19471
19549
11109
15782
20306
19907
19684
7815
18760
20506
20615
9729
15476
21452
20365
19251
9801
16928
21292
21159
21526
20901
19458
10008
15523
20006
19051
7686
18610
20323
18877
10215
15330
18944
10827
14616
19728
10493
14920
19571
20000
10696
15036
20531
19738
7569
18527
19917
9400
13840
19472
9965
15179
19907
9970
14553
19808
18812
9933
15692
20107
20145
20489
8040
18782
20103
19446
10064
16120
20584
19195
7498
19223
19740
19783
20382
10466
15479
20631
9389
15126
19905
20476
19970
11020
15708
19429
9592
15789
20357
19965
19707
7282
19124
19535
19831
8215
18564
19516
8230
16487
19876
19784
9943
16196
20696
20425
20590
9638
21395
15476
19603
9610
15511
20722
19435
9657
16447
20226
19492
10533
15083
19317
19962
10444
16948
20015
19570
9705
15137
20361
20106
9966
15689
20259
19323
11437
13882
19820
10461
14277
20709
19030
8201
19279
21820
20332
19101
9759
16273
20402
20307
19791
11016
14520
31226
12722
20565
20552
19537
7572
18988
19446
9856
14327
21370
19502
9723
15968
20325
20490
20114
10662
14992
21008
20346
9751
14589
18932
20446
7461
18747
21051
19656
19748
7497
17656
19639
10117
14922
19181
10637
14508
19225
7211
227688
13375
21313
19552
19835
11054
13792
20373
9783
15543
20965
19961
19281
8009
18239
19993
20361
9594
15624
19679
10302
14974
19478
10194
9529
8083
20384
20301
20045
9340
153040
20767
10561
21952
15824
20487
20203
9561
14764
19243
10066
15308
18741
21038
19825
20357
10322
14477
20371
19592
10895
15411
19332
20095
11210
14636
20387
19485
7931
18725
19014
9998
15013
18890
10626
15197
19868
9659
14542
20164
9800
15033
10255
20685
20312
19506
10264
15136
19365
28540
16190
20105
20094
10752
16739
19688
18757
7792
18762
21658
19572
19550
10152
16589
19594
20226
9885
15461
19400
20446
11326
15353
20247
18929
10430
15437
19803
19941
10714
15150
19163
10282
15529
19312
19443
7708
19743
21108
19308
19458
8405
17923
20686
19318
10250
7310
9913
20256
9660
14337
19744
9820
15497
20136
19665
10892
14131
19070
9968
15176
19645
9491
15731
20399
19308
10852
14581
18898
13078
19661
9672
16493
19811
19820
9940
14128
20086
10767
15251
21461
19113
19851
9208
16634
19549
10616
15173
20358
19907
10283
14590
19226
9748
16014
21143
19934
19883
10492
15114
20110
9870
13950
20291
9558
15248
20257
20363
10180
15591
20791
19277
9483
14279
19696
10724
15154
19074
9902
18328
18648
19664
19225
7967
18156
20261
9642
15763
19078
22400
19491
20281
11246
15015
19364
10253
15631
19464
19559
8023
18195
19452
9669
15802
20279
19305
11239
15029
20227
19914
20135
10648
15188
19608
9501
15265
20660
19912
20830
7444
18477
18922
10496
14748
19372
19909
11410
16607
19354
20692
19490
8360
19292
19630
20148
32048
12896
19378
20051
10422
16076
19906
19515
7243
19468
20905
19453
20575
10616
15464
20235
19527
20416
10846
16225
19260
9906
14622
19336
10127
14779
19071
7345
18559
19432
19156
7879
17728
9405
92887
9450
26720
9982
19261
9331
16350
20934
19115
19824
11474
15764
21009
20129
19804
10328
15723
19272
20333
7579
19130
19484
19183
10805
16492
19934
20199
19705
11064
7285
119963
11012
20305
19963
9586
15148
12825
11794
21471
19067
19495
7805
18457
20541
19382
7353
18079
19989
10955
14641
20293
18618
11394
13546
9558
14742
20124
8321
19554
18254
20523
19228
10102
15323
20124
19333
10261
25170
12335
19350
20488
10815
15370
19060
10634
14063
19389
10041
15054
19461
10676
14360
19900
9610
14898
18991
10541
15233
27066
16268
20675
18923
10444
16208
22559
19270
19501
20097
7453
19380
20194
19191
7391
18823
20555
20082
19001
9533
13723
20193
10479
13915
19652
33222
11940
19500
10165
15405
20940
19884
19491
10628
15834
19120
9714
14867
19490
9337
15383
20075
9632
15853
20989
21297
20048
9446
15261
19613
19129
10545
20935
16111
20384
19720
10732
16943
20151
11029
15323
18836
10503
14231
18986
10840
16276
19791
20223
19810
8290
17328
19594
9724
16280
21378
19866
20285
9904
16317
19987
20123
19470
10901
16329
21263
19530
19448
10675
16739
20347
19288
20164
10415
16190
20183
20289
10353
14894
19000
9757
15241
20343
19495
10519
15377
20327
20319
10175
14831
19647
9420
15511
20005
20463
10384
16892
19932
20424
19710
10328
16000
20651
20596
20066
9833
15400
19446
9477
14627
20525
9423
14498
19452
10832
15372
20620
20083
19679
11062
14943
19728
9876
14285
20450
19866
7425
18824
19296
20344
7226
19069
20613
18938
9889
17042
23248
18562
20134
9480
14255
19095
26271
18358
21994
19211
10587
14332
19152
10646
14948
19131
20656
10486
15493
19200
20574
10764
12019
20083
9949
15898
20091
20235
9839
14041
19288
10694
15771
19652
19792
9686
15469
19868
20067
7881
19042
19224
19807
83363
9679
15606
21517
20757
19047
9893
14949
19231
10826
14405
19369
10037
14764
19654
20805
10133
15662
19197
20119
10529
14719
20459
9731
15745
21159
19700
19599
10586
8119
127087
10105
14194
19273
10683
14941
19927
20329
10024
15627
18962
20201
8203
18181
19942
20296
10511
15728
19733
19259
10440
15361
19148
9793
15207
19701
10223
14696
24307
18423
20271
9611
15402
20343
24410
18845
19958
19071
7558
19267
20236
20182
10001
15039
20227
9810
13947
20206
9615
15394
19083
20292
11452
15180
20646
19790
20517
10184
16697
20430
19311
9684
15425
20429
19800
7796
17511
19930
20010
10959
15300
19892
9820
15592
20169
20735
9419
15358
20087
20671
32410
12048
19358
9424
16676
20553
18958
20081
10646
16211
21251
19477
19862
7299
18501
19682
20321
10667
16238
21247
20765
19289
20104
10876
15375
19621
19753
8200
18706
20391
20149
9861
15554
19811
19324
10582
14734
8207
12482
19907
19471
10854
15036
19070
10164
14674
20200
9544
14459
19422
9943
16235
20359
20465
19512
11440
14661
19201
9417
16408
19923
20086
9801
15682
8224
15099
21089
20180
19061
7723
18461
19055
9471
15625
20353
9661
14989
19963
19858
10463
14860
20523
19109
10574
15473
19999
10102
13977
19784
9526
15509
19605
9589
15752
19761
19354
9990
16328
19201
20052
8035
23106
16534
20358
19502
11384
15089
20476
19533
10279
14708
19139
11164
13797
20127
9483
14907
20277
19555
8210
17837
19061
10343
15786
19743
9708
14296
19806
9966
14824
20188
19812
19983
7157
19302
18923
11184
15085
19259
10233
15092
20476
19244
9582
15928
19307
10122
15474
20010
19355
7306
18535
20083
19401
11079
15416
19523
10512
14818
20536
18963
10996
15051
19201
9782
14441
19811
10021
14630
19371
9646
16197
19827
19282
10400
16046
20383
104375
18917
19642
10013
14568
19139
10470
16093
19635
19682
34282
11854
20431
20019
20169
7679
20406
19289
19098
7410
18081
19500
20049
11471
14220
19820
9429
15453
19109
7330
126970
12081
20296
19893
7441
18787
18902
10305
15374
19280
9562
14826
20441
19987
7486
18707
19283
20488
10676
14523
19281
10298
13895
20051
9866
15676
20610
9439
13097
20189
7492
17736
18989
7630
17762
19602
19533
8232
18328
19810
20408
7599
21719
17876
19502
10060
15109
19120
19913
11253
14444
10856
12767
19523
20020
10630
15806
20407
19962
9796
16030
19555
19620
10278
15564
18717
10144
16094
19020
9699
15685
19387
20068
11269
14185
19238
10013
15169
19502
9882
15571
19817
9490
14931
19319
21096
20133
7731
19508
20755
19056
10497
15389
19876
20148
10051
15523
19440
9476
14760
19364
10400
14429
19000
11628
14993
21451
20053
19884
20366
11074
14738
20314
9882
14647
18968
9420
15931
19090
20386
10897
14796
19690
9431
14870
19873
10318
13725
9487
14250
18706
9989
9869
8668
20128
19272
20463
11087
14410
19459
9933
15425
20291
9609
14210
20508
19123
7932
18516
19200
10545
14269
19574
20150
10898
14941
18789
10717
15086
20353
19876
7054
18813
18900
10969
14107
19850
9953
15612
18882
9828
20517
16815
20936
18184
19240
10285
14877
19388
10222
15198
20405
20078
9351
15176
19724
19994
10773
15512
19340
19898
7702
18521
19445
20385
7660
18056
19471
20771
7855
17940
19608
10007
15153
20027
19707
11110
14345
19571
9882
14687
19342
10189
15059
19923
9340
16126
19280
19321
11056
15184
18847
10288
16566
20917
19510
19941
10313
14879
19369
20401
8338
19019
20167
20297
20110
10505
15510
19464
10021
14944
19688
10153
15505
19280
19502
10766
14725
20493
20194
10266
14705
19265
9876
25843
11288
19101
9831
86138
10913
20434
19290
7557
8094
11892
19292
20310
10641
14933
19332
20317
7992
19161
22010
20578
20342
19380
7372
18645
19897
11719
13141
21052
19201
23357
19917
20293
7692
130526
8764
20205
9776
13965
20441
9729
15553
20990
20781
19821
20305
10126
15220
19860
19962
8214
18367
20171
20042
10933
14591
20546
19329
7808
17539
19811
20184
10720
14646
9605
13744
19041
9526
15425
19188
10876
14854
19061
10741
15712
19644
19678
10032
15829
20266
20527
10540
14337
19271
20478
9908
16912
20881
19960
19907
20400
34208
13329
24821
16229
19666
10286
15809
19563
19840
7572
18527
18836
8710
16791
20189
19846
7358
18019
19321
10126
15607
20487
19688
9699
16328
21009
19292
10222
15035
19764
20040
10589
15485
19905
19880
9922
15680
19137
9959
26506
9126
20367
19903
11123
14964
19852
8656
21968
15559
19235
20384
10232
15220
21015
18696
7574
24688
16179
20442
18920
19444
9352
15124
19205
22073
9648
15153
19066
20253
7953
18735
20694
19768
9805
15670
19800
19122
10774
15623
19573
10320
15027
19878
19256
11241
14553
19118
7496
17928
19217
9841
16442
19042
19178
7771
18866
20106
19603
7274
19381
20372
19682
10656
14461
19784
9952
14698
20328
19723
10721
15184
20128
9907
13559
19256
9980
16467
21131
20350
19820
27067
18946
19882
19261
9922
15402
19402
10585
14651
19825
20390
10380
16405
20479
19153
9445
14756
19009
11447
14771
20004
20254
10045
15061
20457
9676
14753
21540
20471
20343
9418
15874
20430
19205
9492
16220
21446
18928
9476
14014
19216
7672
18889
19990
9497
14455
19625
9841
14358
19271
11073
15080
20033
19441
10264
15666
20116
20043
7992
17494
20859
19245
7551
18916
20314
19943
8469
16509
19481
20417
11268
13943
20533
27786
16657
19215
7977
17010
18877
10707
103297
13717
20491
20485
19848
10138
15527
19473
20105
11123
15741
20025
7862
15246
19584
9789
15999
20073
19579
10483
14381
19731
9584
15179
20416
19723
8256
18272
20496
7599
135335
19745
9755
16271
19121
19867
7588
19055
20149
9523
14973
20158
19212
11133
14190
20435
20306
10486
16829
20124
20569
18963
7750
17693
20215
20430
9652
18609
18797
20276
19662
7356
18027
19327
9570
15928
20275
27861
16018
19502
20090
10174
15586
20082
9967
15964
21489
20368
19623
9402
15762
20046
19326
10671
14466
19761
20279
7545
19257
19935
9523
14579
19097
10148
16481
20007
20341
19610
9988
16062
19244
9619
16507
20115
19917
19980
7849
17912
19544
10054
15682
19487
20460
32621
13737
20072
19061
10327
14779
19246
9835
15781
21370
19218
9934
15239
20304
19180
10964
14506
19635
8415
17845
19087
20706
10209
14417
20515
20153
10548
16851
18297
19812
19902
10232
15285
19684
14303
19229
10069
15173
19076
9610
14560
20025
10480
15387
20534
20109
9579
15422
20828
19251
19888
8374
18941
20461
19210
10136
15171
19484
20274
11625
15312
19968
20353
10050
33178
19287
10848
15911
19293
9640
15099
20093
19737
7992
18416
20061
19086
9395
16830
20189
9667
14616
20651
20285
9441
16533
21290
19007
9787
14742
20852
22868
21329
19708
22705
21006
20255
19707
10567
15984
20609
19693
9536
14676
20585
19275
11485
13838
20309
10466
32220
10953
14251
19661
19689
8613
18053
19832
10041
15210
20696
19299
20266
7835
19061
21160
20107
20136
10200
14405
19685
10500
14894
20304
19938
10277
15109
19763
9522
16830
19174
19394
9994
15662
18912
10424
14963
19302
10082
14225
19039
10405
15875
19516
20103
10838
15537
20371
20292
9964
13926
19720
9780
14822
19660
9917
15587
20083
19320
7553
19441
19687
19674
10063
77965
18435
19128
10480
15733
19600
9545
14994
20172
21343
20201
10731
14180
20223
19506
7892
18041
20445
10022
14735
20288
18804
7962
18348
20085
19302
10965
15717
19050
7151
124194
15507
19514
20153
10322
15101
19919
8472
16547
19695
19487
8194
18697
19689
20386
10669
14787
20092
18950
11203
15968
19582
19358
11076
15092
20134
20041
7360
25729
14085
19759
20270
11267
13615
25856
18988
20775
20236
18807
8033
18026
20312
9477
14953
19880
9882
14217
18894
10181
15464
19697
20369
10365
16282
20107
20344
19668
11052
15341
20162
19909
7334
17518
19050
10969
15748
19419
20299
9781
15351
18917
10893
14313
18977
10439
15795
19943
19871
10194
16639
7278
14461
19928
19868
7683
18678
20046
18738
7200
18471
24013
20310
19901
19229
11308
13697
9644
14666
20015
20425
10290
14963
19874
9624
14058
20043
9878
14299
19737
9850
25990
11156
19649
10461
13957
19260
10107
14895
20184
20794
19740
9901
15015
20502
20431
10143
15418
19422
20206
10135
15723
18921
9807
16439
21513
20132
19753
9935
14434
20037
20425
10534
15639
20051
26107
17857
20504
9377
14326
19397
9543
14851
19459
10620
16817
20416
19402
20076
7391
18082
19551
20225
8037
18825
20362
19290
10471
15156
19248
9471
15867
19342
10107
15076
19975
20205
9727
15933
19967
20080
10565
15382
19320
20140
10083
16103
19607
9960
13617
19893
8399
16793
19907
20093
10238
15807
18980
19702
11229
14597
10520
14142
20712
19039
10528
14911
19717
19238
11677
16228
20007
20242
20150
10343
14908
19881
9953
14640
20300
20112
10099
18866
18102
20112
20071
9658
15623
23825
18753
19821
9802
15849
21539
19651
19624
10349
15336
19088
10015
14774
19897
10100
15403
20293
19713
9838
14892
19943
9445
15792
19300
9885
14157
19199
7717
17734
19424
84106
19950
20608
9930
15096
19338
10435
16081
20179
20395
19712
10922
14120
19767
19886
8246
18081
20464
9698
13783
19440
10475
15792
20307
19495
10087
15091
20492
19572
8174
125525
14353
19490
19603
10622
15816
20263
19061
10519
14923
19754
9463
15869
19635
32242
12294
19099
9960
15652
19649
19789
10884
16011
20749
20288
19885
10262
15420
19737
19989
9718
15977
20377
19080
7353
19924
20486
19569
10173
14899
20496
21438
19440
10630
14106
19540
10822
15630
20247
19153
20231
19393
10714
15971
19659
20005
7821
17651
19308
10019
7207
10824
20577
20302
19983
10670
14008
20030
9902
15884
20248
18999
10082
16032
19021
20543
7479
18329
19898
9982
15061
19733
9988
13845
19451
10244
14061
8008
15043
19441
9934
15983
20313
20316
20030
11234
15376
25892
16803
19461
19704
10953
15877
19377
19420
11488
14866
19983
9815
14551
20564
20106
9988
14662
18878
7357
18734
19668
20405
9694
15051
20006
19707
11184
21012
15767
20267
19601
7280
17829
18886
10843
14113
19517
9661
15655
19136
10245
15307
20595
20068
20133
7629
18710
20152
20663
20154
10988
16085
21495
19640
19569
10684
14456
18634
10907
15268
19635
20036
11545
15072
18948
10534
14128
19564
9950
15237
19720
19969
10446
15767
20328
19698
9545
16715
21310
20728
19388
20020
8117
18357
20484
19260
11035
14795
19039
10212
15303
19616
9927
15343
22098
19985
18895
10981
14785
19441
27741
17647
19241
9579
15384
20328
19567
10607
15223
20421
20119
20195
10547
15712
20493
19605
10973
15500
20526
19570
9832
14866
19084
9726
16779
19953
20225
9466
15397
18880
9626
16584
20142
20583
20174
10413
15483
21216
19369
9899
14269
19281
10030
15887
21587
20451
19676
10820
14345
19179
9468
15789
20414
19354
11370
14450
22174
20704
19846
205010
20149
19019
10120
13827
32394
10696
18848
10569
15773
20267
11766
11714
19538
9815
19037
18943
19660
20080
9616
14962
19659
10061
14369
20306
20320
10091
15827
19370
10050
118641
33338
8123
19525
19516
20407
9839
15587
20374
13756
10039
19617
10052
15705
19535
19710
10650
16006
19747
19032
10538
16068
19629
19710
7166
19345
20764
20401
20035
10193
7632
8853
18876
7308
18739
19887
20076
10070
15484
20322
22189
19578
10580
14894
20485
19336
10112
16785
20131
20495
19484
11003
14323
19174
10534
14866
20106
20254
10551
14476
19349
10670
14908
19451
9672
14959
20776
20608
9693
15042
19973
20109
7641
18167
19396
9564
14356
19927
7212
17051
19845
9953
16014
19466
19941
10440
16367
19977
20071
20068
7555
19117
20111
19985
20084
8417
17851
19120
10062
14430
20374
9313
15991
19135
9612
15502
21011
19278
9422
15182
19483
10012
14882
10139
12933
20474
19379
9984
13803
19127
7600
17828
29801
13335
19148
9908
15624
19599
9861
15456
20420
19170
10159
15662
18953
10344
15143
20677
19054
20348
7970
18518
19726
9963
15258
20855
19465
9559
15758
20145
9625
14113
19019
9573
16089
19311
9455
16331
19405
19645
7337
18682
19861
19846
10102
16471
21115
20889
19135
8732
17406
19761
19913
10289
14943
20027
9578
15709
8418
13495
19825
20484
10575
15165
19014
9487
16764
19399
11656
12709
19222
19955
10061
16567
20286
19670
10730
14712
19046
9258
16771
21136
20324
19557
10889
24623
11023
19929
19502
8374
17784
20536
19278
10441
15492
20456
19719
10238
15305
19754
10198
15827
19431
19318
8151
17320
19779
10172
15114
19076
10233
14616
19102
7358
18051
19277
10482
14354
20289
9929
15323
19659
20242
11026
14419
19684
20796
9769
16304
20643
19438
10048
15302
19020
9644
15307
20170
19615
92412
13096
20146
10205
14018
19825
9635
14482
18912
10345
15649
20414
19620
10901
14538
19310
10069
13477
19891
20486
9844
15483
19631
19485
10789
15797
20194
18988
10683
8414
119661
10459
19005
10010
16474
19758
19391
10951
13764
19071
11437
15390
20227
18861
10263
15051
19887
10426
14127
19156
10836
13456
9640
14929
20228
20614
9836
14647
7403
15326
19938
20164
8133
17387
18892
10372
15012
19573
10422
15601
20185
20251
9643
15781
20049
20383
20525
9952
15478
18776
11029
15211
19834
19201
10769
7477
9229
19972
10374
14031
18889
10239
16102
19193
9815
14481
20472
19972
10206
14604
19061
10323
16402
21312
19116
9451
14977
19143
10538
15612
19715
19184
10155
16144
19429
9712
22133
14116
20637
10177
13814
19258
9600
15242
18805
7577
18032
20510
19448
7974
18678
19586
9984
15204
19755
19210
11092
15473
19610
19394
10299
15570
20497
19124
10855
16122
19786
20307
10162
15222
19130
9835
14902
19062
9852
15174
20363
20485
9874
15523
20594
20412
19414
10732
15759
19271
9841
15351
19444
10456
14567
19379
20434
8105
18340
20395
18856
10209
7626
9024
19888
9888
15559
19779
9682
13786
19019
8117
17335
20356
10037
13998
19189
7422
17654
20224
10324
14890
19020
9563
15245
19779
19513
8027
19227
20738
19317
9456
15393
20347
19323
10246
15722
19103
10903
25187
11816
20335
20001
19569
8205
19233
20112
19112
7230
17809
19482
9588
15563
19507
20555
10189
16287
19254
9467
15200
19086
10019
14794
19448
20357
10553
22298
15285
20133
19663
8230
16215
9598
13978
19030
11105
15375
20534
19703
19991
7982
18681
20493
19364
11223
14356
19123
10302
14528
20338
9776
14961
19158
13351
11456
19229
9511
15046
20620
20298
10670
15954
21129
21623
20773
19010
10006
14718
19964
19823
10939
15140
96847
8192
18945
19636
7413
17551
20095
19763
7187
18935
20326
20529
9854
16404
20722
19686
19949
10044
15885
31153
12613
20430
19574
10134
14400
20279
19653
11208
16446
8231
144817
10096
19873
19851
10330
14857
20133
10432
15162
19296
19643
7601
18556
21508
18881
10323
14461
18965
10059
16353
20666
19098
11065
15201
21473
19502
19744
7379
17658
20104
9498
15374
19070
10790
14460
18802
10668
13783
20189
10416
14027
20295
10307
15593
7551
14996
18853
20119
11215
15442
20815
20523
20012
9972
16405
20478
20065
9866
14573
19115
9471
15284
18975
10697
18859
16982
20220
9760
14885
20508
20135
7593
17663
19871
9625
14890
19030
7235
18174
20443
19987
22066
9665
14582
19743
9743
14864
20299
20251
9786
16351
21285
19110
19871
11354
15107
20388
9497
15206
20451
19558
20229
8241
17893
19241
10076
15110
20765
19647
10494
14981
20063
20317
9881
15816
20303
9446
14555
20780
19430
9618
15337
20433
19202
7485
18106
19693
7446
17551
19331
10576
14671
20503
20131
20252
10969
15775
18909
10626
14461
19167
9747
16312
21356
19131
9443
15483
20271
22132
18968
9928
15481
18789
10703
25320
10459
20161
9603
15743
20243
19412
10770
15303
19818
20324
20267
7145
18794
18764
9861
16809
19349
20011
7136
18575
19656
9853
15590
20800
19591
19568
7996
19161
21702
21092
19588
9543
14682
19852
20084
21058
11083
14168
19927
9929
16130
19304
19617
7835
18271
7835
15202
19788
19641
11189
14361
19554
9648
16396
19057
22374
20366
20224
19912
9617
16123
19282
10180
14784
19938
20268
10594
14446
19833
9452
15673
19542
10087
14422
20530
19288
11247
14738
20173
19677
8184
17971
19297
9873
15553
19814
19423
8081
17938
19251
19993
8105
18459
19884
19465
8299
18619
19423
19733
10871
14568
8625
191221
7575
18687
20509
19476
10028
15424
19405
21864
10228
15378
21649
20061
19478
9996
16126
19954
9809
13300
19964
9897
16081
21471
21165
21024
19621
9821
14508
9857
12781
174702
8904
19086
9980
14672
20192
19815
10645
16774
20235
18993
10160
16056
20343
20496
9461
15022
21297
19593
10140
15092
20003
18998
7875
18480
18944
9460
15553
20335
20176
10405
15006
20550
19862
10052
14317
19059
10379
15192
20323
9621
14810
19480
10524
14979
19230
10080
14932
19064
20126
10774
15914
20255
20158
9518
15559
19309
20507
11010
14603
19984
9901
14463
18687
10148
15584
19094
9717
15332
19060
9895
15632
19430
9701
14862
18977
7764
17644
19981
20517
10516
16130
20006
19762
20090
8374
18615
20905
20105
20142
10556
15143
19377
9666
14947
20204
9978
15538
20230
20568
20943
20058
10261
15263
20103
19770
23849
20556
9770
14319
19280
10682
15401
20527
20143
9399
15044
19443
9856
19600
10015
15568
20508
19197
20307
28819
16813
18757
8064
18969
21099
19223
19845
10147
15588
19282
20338
10852
15536
20104
20711
20082
11633
16326
19870
19139
10226
14380
19883
10643
15292
20153
20203
10040
14709
19726
19845
11108
14784
18700
7731
18667
19725
20006
15337
19664
20051
11039
15771
19991
19251
8621
18170
21410
19241
13116
11071
19131
10652
14890
19268
9676
15798
19343
20113
10725
15868
20527
19222
10543
14860
19238
10728
14263
19257
9653
16131
20701
21024
20209
19932
10383
16691
20043
19670
9731
15137
20247
10022
14053
18815
10577
16507
19623
20788
19914
9824
15588
19411
20182
10702
15534
19970
9810
14049
20496
9890
15139
20189
19674
20119
8194
17804
20093
9800
15492
20205
19821
9882
16527
20225
20630
20149
10167
7696
9240
20965
19237
20321
7510
19256
20330
19548
10030
24779
12252
18978
20057
85140
19165
9830
15944
19852
8335
15187
11659
11292
18858
11010
15875
20299
20184
19800
10169
15232
19037
10490
15367
20564
20537
20081
8082
18252
19703
22443
19644
9665
7895
123866
8367
19851
19544
9318
18762
18495
18980
9411
15670
19047
21258
10329
15009
19043
9829
15967
19413
19585
11463
15203
21030
19279
9859
15497
20173
19738
9680
16576
20131
20056
9659
15025
19708
10723
13862
18857
20710
10186
15990
20544
9616
14204
19692
9579
15748
19795
19652
10615
15416
19503
9318
15987
20985
19163
10400
14568
19119
7428
17172
19279
9948
15874
20453
9341
14297
20173
8629
14978
20623
19552
8148
17629
20200
9564
14879
19423
10020
16048
19639
9617
14743
20656
20011
10435
14188
20456
20274
10079
15501
20382
19631
20292
8698
8244
11285
19497
19743
10785
15246
19044
10034
16013
20128
24935
18164
19865
10625
14999
20331
20012
9426
14939
19707
20140
10703
15605
20495
9874
15640
20736
31332
11271
19481
9681
15346
20251
19302
10669
15630
20099
19536
10540
14895
19585
10021
15363
19907
19061
11314
15474
19882
9925
14476
20351
19565
10384
15848
18496
20746
19807
9882
14976
19608
19893
7781
18699
19097
10676
14032
18978
7671
18918
25496
16975
20185
19791
7428
18071
19681
9656
15785
19259
9902
15589
21632
21002
25444
16803
20576
19033
11019
15212
19880
9668
15293
19779
20045
9858
15643
19778
9912
13908
18727
11046
14922
20364
9621
15564
19583
9436
15126
20286
20352
9640
15153
20315
19794
10891
14420
20334
19283
10764
15878
19287
9800
13604
19840
10033
14814
18863
7720
18675
19029
10131
14779
19266
10485
15715
20092
19527
10717
15189
20861
19756
20650
9575
15707
19402
9638
16476
19066
19444
7589
17682
19544
10447
16334
19713
19523
8471
17041
20120
9539
15747
20231
19632
97189
8430
19846
20133
9986
14122
20151
9302
16364
20030
13629
9728
20089
10342
15087
21140
19146
20005
7088
19601
20564
19112
10582
15749
19060
20106
10721
14800
20094
7158
131163
8726
20574
20102
19864
7403
18165
19594
20027
11314
15106
8174
20656
15993
19461
9384
15307
19054
28468
17448
20598
20215
19484
10446
15580
20097
20207
10343
15349
19341
9236
16629
19692
20292
19863
8569
18664
19243
19982
7325
19032
21046
20480
20119
14810
10234
20304
19355
10151
16434
19562
20327
7279
18370
19331
20120
11383
8800
23215
18596
19058
9487
15348
19181
25657
19316
20336
19282
7369
19825
19126
9928
14922
20993
20284
9638
14356
18856
21022
7992
18838
19234
20503
10625
14774
19105
9827
15576
19100
10825
14137
19530
8066
17904
20603
20046
9577
15030
20482
20064
10062
15620
21008
19851
19451
11210
14467
18812
10568
16330
7439
16423
20897
19523
19413
10504
15978
16968
19041
10653
15179
19720
34974
9784
20943
19287
19926
10417
16310
20670
18869
10443
16475
20084
19108
7449
18795
21089
20052
19279
10503
15359
20544
19287
7497
18152
19630
27820
17311
19541
10401
14082
19467
10719
14349
20099
10255
13978
20323
20227
10699
15748
21290
20235
19737
10574
13917
19958
20429
10902
15246
19037
10513
15162
20607
18886
10266
14412
20362
10363
14305
20188
19640
7842
18858
20375
18638
7502
18438
20364
9408
14616
19215
10615
14071
19661
7302
18475
20348
19734
10412
15934
21224
20157
18830
11046
16000
21352
20109
20333
9596
15762
20618
19165
10081
16035
20048
19562
10414
14343
7506
15459
19493
9499
16206
18958
10684
14730
22813
19409
22404
21696
19273
20163
10326
16112
19992
20000
9987
15254
19169
9868
7548
9419
22682
20067
20433
20511
9429
14820
19148
9706
16256
21086
19730
19542
10242
79349
18515
19181
10086
14986
19010
9509
14973
19551
9611
16065
19203
19840
10621
16192
20285
20188
9979
14040
20210
20255
10306
16768
20437
20430
19302
11015
14519
19950
7685
129061
8983
20225
19979
7794
17867
20100
20270
10406
15378
19029
7061
18627
19358
10262
15340
20507
19430
20506
10410
16471
20775
20656
20235
20167
10837
14951
31661
18797
15307
20263
19504
20100
10387
22255
14255
19148
10555
15352
19944
20312
9831
15879
20502
19443
9640
16213
19241
13302
12280
19962
19260
9832
16010
19229
9841
15784
19528
20026
10637
14367
20406
10092
14041
19076
20594
8172
18438
19872
9825
14807
19357
9612
14446
19484
10123
16250
20378
18989
10389
15161
19876
20181
9610
15979
19312
16224
19656
19927
10476
26153
10770
19876
19766
20312
11056
14810
20117
9427
15656
19882
19284
11288
15302
19620
9559
14907
19460
20143
7875
18861
20509
19703
9859
15797
19228
19319
8662
20951
20276
19082
10128
16247
18903
20537
10240
16199
20096
18875
7364
19889
20051
19331
9984
16185
19963
20251
9507
15367
18901
20746
10897
15740
20313
8476
15384
19046
9962
15486
19830
20090
10240
15556
19321
20272
10706
14779
19105
9611
15551
20105
20010
7629
18947
20026
19751
10751
15652
20576
19784
9533
15925
19723
9426
15261
21498
21410
22651
19834
19208
9430
15112
19477
9989
14444
19471
9704
16145
20155
20048
10390
15670
20476
19131
10476
15770
20857
19557
10025
13990
19279
7369
18005
20310
19892
10303
16170
20282
19032
10525
16256
21057
21092
20168
19190
8243
17853
19487
9849
14585
19682
9320
15794
20591
19167
7824
18721
31151
10912
20088
9397
15993
19748
20324
10172
15584
20753
19652
19303
8904
17560
20529
19249
7389
18297
19589
11030
14340
20926
20003
20076
10214
15807
20239
19564
10451
14985
88250
15995
20720
19905
19914
7753
18192
19074
10670
14990
20719
19017
10101
15806
19447
19561
7540
18632
20083
18858
10575
16938
20179
20475
19409
8467
17042
19426
10041
7037
124065
7427
20202
20533
19954
7323
18553
19093
9799
15789
20322
19427
10514
15734
19983
19280
11347
14883
20625
19336
10725
15082
20553
20118
10807
14197
19920
20142
10030
15512
19563
20273
7814
18544
19972
19862
11152
15064
19157
20063
7266
24523
16892
20525
19005
10442
15626
21371
19601
19145
8745
21312
18027
19963
19810
10764
15577
20322
20492
9696
14838
20102
19923
10025
15410
20174
19624
7392
17838
9430
14518
20604
19345
11087
14450
20263
20333
10088
15685
19162
20169
7475
18904
20466
19717
9505
16374
32635
10222
19112
9395
15331
18887
20374
7854
17955
19084
11634
14149
19353
9575
15814
20661
20365
19787
10881
16102
20067
20270
20229
10895
15342
21318
19569
19428
8051
17851
19383
19467
7598
18765
19714
9620
16263
8343
12745
19706
10482
14549
19307
10303
14512
19500
10288
14825
19423
20128
10800
15227
20485
19430
10978
15153
20203
19784
7517
18536
20595
19831
10674
14884
8424
13568
19646
19960
9892
14900
19666
19984
7690
18940
20457
20437
19981
10781
15404
20310
20086
9903
15221
19441
10318
22682
14395
21358
19148
19908
10758
14985
19272
9478
15686
20142
20047
10739
14384
20038
20112
8031
17844
19609
10265
14607
20330
19388
7415
18626
19905
20301
9616
15062
19344
10380
15494
20431
19700
10314
8432
8707
19010
9774
16046
20340
19279
11079
15479
20020
19103
10039
16025
18833
20544
11134
14352
18917
11485
14543
18883
9722
15400
20767
18940
7308
18386
8076
15104
19433
14941
10415
19106
10118
15492
20815
19507
22704
19154
11469
13933
19492
20192
7675
19668
21111
19870
19330
8148
17605
108599
14937
19779
20154
10695
16057
20928
20612
19306
10820
14802
19131
19878
7428
20324
20547
19789
20404
10124
16027
21777
20492
19896
20273
9953
15323
18561
7894
17695
7140
136344
19230
10595
14986
21050
19199
10110
14776
20024
9783
14764
19832
9751
14594
19318
9547
15337
19062
10809
15056
21025
20164
9804
14803
19043
19676
19523
10846
16651
20735
19725
9544
13625
19035
7813
18589
19762
19440
10401
15615
19376
9790
18641
18698
20451
19281
9902
15139
23600
19237
21630
19874
13115
12311
19319
20164
10943
15256
22712
20141
20500
18786
8122
17905
18915
10209
14758
18374
8183
18192
20388
20281
20401
7652
18613
19084
7391
17665
20109
20173
10251
16041
20126
19345
10942
15862
21677
20271
22733
20404
19570
20397
10352
16241
22978
18936
19706
9676
14539
19748
9800
15002
18890
9944
16317
19284
9683
14735
19372
9969
15103
20074
19390
11284
15266
19469
20021
13486
19013
20854
10301
8069
9194
19682
19256
7844
18517
19611
9603
16222
20867
19084
20026
10625
15443
11134
12549
20418
20387
20113
10619
14642
19484
9484
15149
19424
9771
16264
19285
20066
10233
15194
21127
19686
10170
14774
19507
9775
17898
19222
20166
9405
14319
19123
9810
15189
18777
10082
16195
19243
10102
14810
19851
9671
14761
19258
9888
15583
19227
24821
19444
19658
10102
15833
21509
20127
19245
20374
8690
18300
19597
20305
9718
14797
20068
7622
17569
19102
10266
15652
19080
20367
10925
15143
10683
11153
19527
7829
18724
20714
20087
20324
9898
15998
31210
11619
19593
20135
7273
18190
19990
20034
7517
18545
19040
9822
16037
19057
10311
10056
7807
19204
19269
16597
8697
22923
19615
18951
20558
11287
16287
25769
16223
19888
19683
7407
18445
19201
20215
7943
18672
20694
20553
9415
16203
20800
19014
88440
17387
20601
21830
21435
19902
19281
11151
14540
19866
20126
7774
7608
11913
20182
19532
7810
18616
19363
20271
10603
17335
19805
20315
19393
7563
17822
20409
19819
8298
124194
15440
18738
10822
14364
19089
9528
15396
19728
10441
14271
18866
9945
15885
19147
9830
15327
20245
8383
16432
21330
19701
19179
10536
15618
23434
19025
19111
28098
17233
19042
10144
15802
20488
19361
10245
15153
20396
19486
10422
15961
19058
9707
14753
19312
10035
15624
19564
10257
14998
19653
9478
15150
19339
20266
10753
15143
20923
20103
9448
15948
20307
19145
10701
14764
20262
9628
14104
20143
20241
7850
18882
20921
20033
25211
18953
19311
9718
15369
19357
10395
14562
20290
19352
11100
15758
19660
20301
9887
15355
19837
9485
16426
20605
20579
19743
19700
11069
14576
20229
19907
8628
17507
20241
19682
11092
15251
20248
20188
9702
16317
19480
9640
13164
20424
9912
15754
9478
18722
19769
20112
10927
17091
19106
20329
19852
9917
16223
22684
19056
19539
9480
15482
19352
10654
14601
18995
10694
15950
19962
18924
10357
16233
20794
19225
19824
10589
16729
20347
20565
19458
8019
17863
20584
20253
20168
7609
19288
19747
20046
7871
17950
20680
19493
7623
17918
19841
20333
11486
15275
19834
19072
10233
16029
25992
16021
19301
10374
15745
19920
20097
20384
7643
19106
19424
19789
10217
16204
20754
19440
10231
14774
19702
10058
15563
20440
19281
10281
15950
20107
19560
10334
15271
19630
19903
10186
15835
20389
20174
10596
15228
19465
20036
11089
14897
19192
9963
15574
19051
10671
17323
19148
19780
19700
10136
17274
20025
19783
20279
9722
16338
21431
20337
19689
10161
15331
19566
9783
14971
23275
15866
19593
19390
7754
18766
20555
9604
13849
19602
20413
20200
10434
15603
20572
19611
9721
226129
10875
20408
19618
9967
14851
19165
11297
14097
19000
10457
15459
19598
20025
10753
15896
19349
10282
14600
19085
9960
15625
19119
20100
11023
16128
20682
20368
8355
16052
150423
15504
18062
19946
9621
14170
20268
21401
9612
14840
19272
10266
15391
20986
18889
9687
15388
19180
10874
14150
20564
9597
15984
21276
20443
20123
9881
14618
19890
19782
10353
14972
20496
20069
20470
8648
18170
19111
10815
14181
20283
19379
10987
15655
18723
10576
7492
8449
20152
9720
15769
19988
20350
20086
11046
15016
18835
7613
18424
20507
19303
10988
14692
7780
15534
19010
10093
15114
18984
9765
15406
19711
10189
14283
19271
9608
15451
23967
20284
20303
20199
9469
16558
19756
19630
19363
11085
16293
21276
20002
32669
10967
20137
19574
10949
16452
21126
20921
19707
19680
25961
19497
18912
11168
15826
19215
9800
14425
18933
8317
17058
20129
19723
10913
15795
19103
9974
15082
18851
20042
19340
9884
15571
19564
19842
7882
18814
19772
20292
9914
15852
19595
19651
10104
15079
19371
8353
17159
19222
9508
17205
20535
19201
9986
14758
20327
21177
10031
13485
20464
9687
15471
20478
19510
10216
8271
8603
19215
10367
15809
20913
20235
19810
9927
15665
19365
9419
15327
20414
19267
7735
18136
19179
7600
18768
20142
21949
19353
10651
14901
19580
9582
19580
17260
21525
18897
10121
14656
19867
10046
14602
19693
20203
7515
18270
19445
9345
15181
20297
10128
15321
19032
20122
10868
15387
19183
20003
10594
15959
19098
10063
15851
19699
19771
9339
16035
20501
20132
9724
16750
20402
19766
19925
11024
14463
19059
11100
14180
19454
10902
15038
19896
19801
11020
14120
18851
10488
15153
8553
13863
18902
7794
18281
19952
20283
8293
17392
20408
19908
10025
15512
20598
9689
14323
19718
9482
16231
20119
107156
15602
19924
9942
15319
19642
19418
8685
18017
18912
9840
15103
19831
19953
7323
18699
8590
14007
18760
8953
17453
20219
20026
7529
17921
19358
28089
18076
20922
7795
121817
14022
19936
9594
14851
22874
20396
20180
20190
19930
8787
17936
20472
19128
10900
15080
18812
10445
15226
18943
7243
18641
19272
9945
14645
19832
9938
15813
19898
20294
9606
15766
21382
20708
19997
19683
8146
18918
20405
18861
10445
15917
19083
9726
15104
19081
9887
15057
18805
7415
19322
7158
15895
19900
19921
20113
7601
18623
19517
9461
16598
20762
19928
9790
13940
20008
9744
15276
19082
7318
17241
19840
10111
14972
19210
10508
14236
19025
8552
18201
20332
19557
10067
14499
19744
9681
15662
19317
21199
10364
15634
21252
20788
20802
20425
20916
9380
15284
19060
10035
15416
19000
10483
14855
19337
9760
15890
19028
20277
10927
15794
19297
9939
15366
18895
9764
15906
21529
19954
19662
9902
15262
19322
10117
14777
20714
20231
20383
7339
18887
19933
19275
11077
16047
18953
9383
15184
19022
10795
15775
19046
9502
14760
18978
9703
16671
21120
20333
19728
9625
15998
18962
25871
20017
20625
22594
20723
20624
19783
9798
14961
20128
20189
10586
15377
19550
9773
15102
20216
9487
13966
19980
9802
14774
20264
19902
10670
14903
19670
20232
11464
15868
20729
19089
10047
14650
20484
20623
19208
20022
11222
16275
20090
20059
19472
11247
14971
19003
7640
18835
18901
28778
19961
18269
20260
19171
7648
29847
10229
19027
19697
8392
19301
21180
19705
19825
10338
16338
20525
19328
9852
15988
20565
19316
9782
15099
19844
9656
15648
20208
19985
10303
15287
24306
17824
19967
10134
17271
17872
20128
14926
10275
20405
19375
7697
18728
19115
9620
15412
19718
20215
10444
14978
8261
15685
20245
18771
174989
11162
20526
20103
9898
14806
19283
10427
14674
19084
9969
16284
19732
19314
10451
15782
19162
9941
16005
20123
19082
9983
15715
20287
7853
16428
20537
19646
10227
15951
191202
12117
20116
31560
11557
19107
9752
15599
20544
19513
10259
15902
8353
13944
19805
19712
11315
16405
20026
20089
10017
15373
20707
20610
19687
10535
14356
19642
9691
16013
19403
10142
15279
20002
19479
9863
15358
19320
10285
15250
19479
20307
10556
15123
19297
19913
9750
17287
19845
9902
15188
19602
9381
15435
19875
20323
9502
16386
19446
20192
11217
13907
19135
9671
15070
20405
9666
15606
20770
19050
20541
10268
16530
20618
20128
20133
23116
19694
10023
14659
9336
15252
20250
19360
18366
19945
19621
7961
20762
19798
19000
10439
13738
20110
9527
15422
20505
9548
14676
18944
10593
14371
19994
9426
15240
19693
9889
14677
20390
19678
10115
15768
19601
10354
13984
20255
9743
14717
19589
20452
10053
15405
8194
15486
19499
9209
15540
20425
19476
9867
15400
19412
26661
20103
20731
21544
21582
19151
9598
15856
19482
19080
7863
18039
20574
19200
11416
14426
20206
19634
9656
16785
19466
9724
14781
19914
20337
10266
16768
20328
20332
9497
13967
19210
7461
18663
20367
19313
10413
15878
19066
9810
16022
20487
18958
10613
15210
20506
7686
16261
19662
19267
7432
18799
18937
10531
15500
20435
20724
19741
10645
15492
20458
19081
10390
16476
20119
18729
11294
22330
13910
19380
10001
14766
20245
20403
8133
18076
26551
16056
18902
10097
15467
19063
10058
14889
19057
9800
15293
19663
20386
7948
17864
20366
9425
14981
19262
9856
15213
18697
8483
17512
20699
19411
20230
10928
15092
19819
10000
14845
18944
10444
18066
18651
19344
10224
14482
19099
10920
14729
20169
9484
15827
20428
20025
20279
10768
14425
98108
8144
18521
19564
9978
13972
19963
9618
15832
19577
19429
11287
14537
19120
7411
18000
19585
10302
15448
19820
20015
10451
15054
19094
10653
15646
21157
20476
20215
7128
131888
8189
19922
19472
10383
14213
19816
9721
16158
19225
19785
8246
17374
20364
9662
15908
20149
19487
8293
17863
20052
19034
10934
15187
19064
9910
16013
21359
23682
18566
19277
9667
15637
19382
9892
14743
19059
10900
14193
20562
9637
14753
19739
19600
7893
18597
20411
19912
10099
15507
20323
20109
9860
15541
19461
10391
14610
19487
19782
10600
15705
20773
20733
9787
14279
19844
9843
14217
19231
10935
15155
20533
19920
9989
15815
19501
9795
13885
20207
9478
15243
20282
19090
10925
16026
21627
20516
19587
19754
7451
19852
21139
19841
19747
11335
13475
19849
10188
16420
20196
20365
28194
15562
20102
9251
15928
18898
10141
14907
19507
9479
15415
18915
7332
19139
21128
21061
15715
20461
12524
11497
19315
12458
12733
16950
19549
19689
7907
30467
9266
19902
9170
14868
19802
9805
14664
19317
7410
20249
18676
9404
14784
19238
19800
10988
15386
20328
20202
10294
15860
19421
20088
10697
15452
21452
21393
21550
20367
20309
19558
10800
16291
20609
19470
10482
14578
20362
19134
7007
19803
18954
10428
14956
18994
8086
16553
19307
9554
16564
20502
19156
10413
14810
20384
9671
14157
20648
19676
10477
14909
19149
10750
14590
19510
10601
14193
18850
10605
16187
19948
20390
10054
14262
20273
9620
17904
18432
18920
7338
18906
21162
25117
17562
31697
10253
19481
10702
14483
19069
10069
15456
20728
19635
10487
15282
19076
10437
14975
19152
9440
15827
20008
20446
10010
15769
20282
20174
10246
14396
19877
20122
11010
14642
19824
9991
15193
19198
9774
15876
19907
18981
8143
18964
19848
19182
7460
18507
86888
16514
20630
20558
20432
20284
20331
8066
18245
10647
12202
18914
10266
15908
19660
20202
10803
14600
20164
31618
13115
19494
19447
8304
17856
20770
19922
20469
7701
7148
115804
19302
19148
22502
9593
14831
20508
19043
10287
15230
19123
9534
16068
19366
19560
8099
17773
19352
10022
16509
19620
19908
10123
16481
19693
21147
19308
8866
17148
20087
20374
9989
15211
20091
9596
15747
19693
19020
7894
18354
20386
20296
10038
14814
19119
10794
14558
20420
20409
10292
14192
19914
9850
15152
20200
19297
7970
19315
19977
18923
7591
18320
19075
10835
15499
19877
20188
10202
15047
19089
20417
34379
12285
20374
19981
20331
7630
18212
18994
10473
15506
20612
19492
10447
15616
19101
9745
15486
20004
9535
14793
19247
19876
9949
17060
21327
20533
20348
19972
7946
18357
19915
19348
7965
18223
18936
10392
15892
19848
18989
7221
18626
19534
20347
8262
17639
20656
8707
21485
19112
9973
15754
20601
19701
9853
15948
19405
19663
10287
15129
19884
9892
14748
19318
21076
7938
18377
19374
9898
14333
19282
10579
14871
19902
20309
7367
18765
20857
19822
10209
14557
19722
9613
14641
19020
11068
13952
19830
20024
11053
15315
19542
10534
15312
20370
19054
10312
15427
20697
19708
20025
8635
18297
19200
10199
13798
9581
14738
19178
9456
15003
18873
10205
16017
19034
10273
14686
20223
19981
10832
14865
8297
14118
19360
10869
14641
19688
9465
14561
19469
7705
17611
18993
10487
15068
19933
19798
10402
16469
19958
19545
10810
15073
19868
9323
16000
20568
19994
32802
11717
19370
9943
14784
19717
10004
17113
30222
11111
23087
19618
19920
19938
9769
15845
20777
20001
20404
10903
15194
19698
9671
13916
20133
10745
15131
20610
19550
20076
10431
16237
21652
19691
19317
10904
15911
19652
19781
105981
20165
19473
19475
11008
16102
20546
19141
10040
15410
22400
20437
19173
11076
14990
20529
25885
16833
19189
10097
16830
21172
20015
18920
10092
15344
19471
9352
16117
8517
141528
13451
19187
10052
16881
20652
19313
9659
14549
20274
20335
10096
16069
20408
7313
16942
19918
19048
10579
15266
19088
10045
16445
21175
19273
9898
15196
19691
19188
11473
14582
20567
9423
15124
20020
22734
19565
9708
16143
20311
19466
22774
19671
10263
14492
19200
10431
15295
19385
20347
10901
16777
19562
19292
10425
15615
20303
20151
10030
15254
19615
20317
20373
19608
10343
15556
20424
19765
20425
10707
15398
19805
19820
11207
15691
19569
19887
7196
18365
20354
19333
7773
18265
19692
20501
10625
16027
7559
14892
20602
19236
9766
16871
21302
21153
21158
19459
20557
9868
15377
20088
19820
10497
15800
20505
19697
10770
14358
19840
9666
14803
20316
19713
8030
18283
20471
19138
19987
9507
15004
19322
9979
15495
20340
20443
9540
15759
21537
21770
20637
19874
9485
15753
20804
19307
20246
10079
15588
19212
10351
14379
19246
7820
18047
19115
9335
16676
20235
19272
10112
15966
7640
15824
21168
19842
20127
10361
15811
21255
20615
18745
24412
20294
19283
7865
18478
20111
19543
11265
14450
20478
9793
13717
20488
12630
12651
19937
19123
7970
18664
20498
19584
10602
14831
21427
19432
9949
14692
20057
9512
15095
20319
20374
20524
20332
10685
16020
19289
20070
7519
18196
19057
10062
15811
20642
18958
7473
19136
18928
19842
11058
15940
20608
20046
19907
7907
18273
19661
9456
15310
19510
20159
10120
17584
20222
19435
19655
7523
19858
20623
20358
19313
11179
15199
19220
20136
7635
17798
20329
19806
7938
17837
20148
10446
15107
20549
19042
10941
14532
20704
9328
14349
19882
9427
16689
20929
20232
168841
14478
19031
10618
15043
22992
19282
19341
9774
14625
19804
10274
15805
20683
18930
9860
15058
20254
10257
14971
20387
18937
11394
14589
19397
7341
18174
19164
9864
43230
99837
14169
20218
10080
15015
19501
9476
14698
20525
9890
14409
20357
19292
10671
14263
20149
10427
15447
19465
20163
10282
15008
19689
9460
15603
20123
9567
14379
19572
20224
7452
19458
19659
19914
20677
7749
19625
20140
19630
9978
15916
19287
20549
10950
14398
19282
20107
11234
15776
20362
19271
33738
12250
19692
20194
7279
18899
19900
9451
15125
20014
20142
9829
16012
8673
8558
7517
20464
19704
9897
15060
19731
19689
10302
14746
19211
7358
18871
19700
10089
14080
19172
9815
15464
18863
11552
14116
19521
10367
15629
20672
19099
9933
15608
21375
21074
20676
19258
8013
18696
20118
19794
10243
14611
18947
10123
14738
19972
10220
15565
19064
19994
10731
15674
20021
9468
15309
14077
19558
20265
10197
16619
19670
18943
7558
19409
20317
19312
9829
16872
19584
26599
17886
21933
20046
19139
10102
15154
20591
19687
9863
15225
20047
20538
10874
13976
19870
10451
15015
19221
9946
14945
19974
20499
10672
15413
21640
20385
20439
9724
14968
20103
20361
20733
7529
18154
20086
20156
9893
15520
19832
20329
10641
15000
19482
10466
15022
8056
13978
19103
10006
15968
19506
19561
7958
18608
20124
19644
10644
15506
19351
20276
7769
18338
19313
9464
16337
19971
9408
14379
18908
10876
13656
20044
7143
17216
19954
9451
16163
18911
9685
15430
18815
10908
14795
19819
9866
14025
19262
10073
16008
20081
9490
15810
20343
20334
20060
9851
14469
20206
20352
10990
15031
19934
19899
11750
14241
20357
19125
10769
15910
25245
17355
20381
19242
7322
19142
19049
10817
15479
20422
19322
20364
10350
16273
20174
20010
94311
10990
20083
20335
9374
14600
19691
10302
15614
19460
10863
14023
20263
20257
10443
14977
18963
10807
15000
19311
20284
10504
14820
20748
19929
10210
16367
19343
9620
7735
128011
18376
20937
19824
10112
15220
19256
20102
7579
18895
19564
19713
7771
17979
20314
19937
10559
15607
7562
15322
19612
9557
14847
20292
9500
14877
18965
13860
18644
13948
18898
7524
18538
19287
9639
15028
18902
10263
16087
19683
20204
10243
14797
19756
10541
15335
19456
20369
9482
18606
18360
19801
15121
10186
19871
23997
20554
21010
19333
9717
15404
19512
19697
8252
18929
21069
19136
10385
14360
19841
9945
14589
19130
9986
16445
20124
19966
9605
14300
20148
10692
13998
20690
19548
10562
15219
19803
19906
7896
18587
20051
19728
8152
18142
19313
20150
11003
15358
19267
9501
15856
8133
15246
20474
25850
16770
20626
20897
13159
11434
20362
25034
19497
19015
9489
15387
19388
7907
20286
19130
10035
15680
19984
19645
10177
15342
19384
10264
15501
20324
19603
9590
14908
19600
10255
15331
19188
9653
21901
14211
18959
10376
15905
20406
20025
9702
14978
19371
10568
15066
18994
10383
14372
19701
20199
7315
19362
18945
10276
15087
21454
19941
20276
9860
14875
8001
16216
21440
19635
20091
10251
16126
19907
20309
20356
10434
15672
19491
20256
10845
15353
19027
9873
15794
20022
18890
10899
16186
19295
20546
9467
16365
21038
20224
20158
9420
19294
18076
19944
19671
11107
25042
13031
19561
20201
20269
10031
16237
20290
19333
10054
10184
9047
19045
19038
10526
15010
19271
9954
14954
19169
24973
20984
18898
10160
15363
19766
20563
20411
10957
16274
20220
20328
19863
9436
16497
20461
19159
11084
15066
19632
20050
10005
15841
19097
10001
15282
19652
7495
16613
19047
7625
18917
19746
20227
10051
15342
95103
7933
20581
19185
7994
17697
19321
10203
16034
20835
19680
20001
7587
18538
19017
16637
8035
19083
11113
14399
19475
10497
14487
19397
20095
10874
15129
19470
7168
7900
151763
20570
20102
10608
14200
19730
9871
15027
18733
10806
14470
19105
10831
14173
19493
10061
16485
19720
19739
20105
8388
17738
19197
7268
18027
19931
20102
10706
14719
20333
9600
14988
19905
10473
14029
20151
9533
14579
19119
10010
15706
19935
19598
10967
15569
20180
19846
10263
15189
19062
10641
15615
20404
19640
10478
14610
20147
20028
10834
15495
19212
19782
12482
13558
20148
19943
7443
18886
20594
20166
20143
7568
18462
20054
19304
10984
15459
19342
9901
14799
19293
7535
17610
19315
10510
14800
20161
20227
10212
15388
19527
9659
15989
20569
19669
9400
15549
19965
19749
10875
14938
20763
21326
19677
10367
14294
20322
9716
25284
11485
19119
9519
15791
19711
10089
14669
19092
305443
20215
19902
20095
10266
15359
19773
20440
20427
7974
17960
18927
10165
15234
19737
9677
14804
20103
24868
19844
19487
19779
8336
19364
20246
18966
10172
15937
19178
20373
10050
15041
19106
7579
18830
19697
19449
8292
18585
18979
20065
10926
14680
19713
10558
15126
19732
20290
9750
15984
19290
9836
15308
19377
10081
13883
18841
11252
13615
9639
14820
18921
9807
15468
19079
9421
15846
18847
10845
14743
19456
19928
7819
18148
9782
13625
20105
19884
7567
18006
20333
19702
10631
15723
20153
19399
11019
15261
19143
9540
15835
20824
19657
20242
11119
18621
16794
20311
10161
16246
19943
23589
18815
19097
10176
16107
19228
10207
11735
18921
7510
19388
21261
19595
19419
10900
15329
19525
20114
7800
18379
19369
20023
7872
18089
19621
9701
15615
19866
9963
14519
20061
9649
14920
19558
20316
7973
18892
21362
20173
106688
16552
19455
9745
15947
21504
20103
19788
10062
15221
19909
19171
8368
17926
19093
20204
8436
17764
18966
10423
14655
20209
10170
14564
19442
10818
24509
11711
19466
7835
131336
7701
20405
20387
20608
20424
7570
19030
19283
9460
15994
19143
19602
11439
14468
19858
9461
15674
20466
19722
9957
15675
20143
9604
15097
20519
18866
7528
19085
20812
18988
9742
15277
20025
20041
10339
16842
19872
19699
9676
15902
19839
19573
11010
14913
19604
19830
10392
15362
18919
10499
7594
9300
19063
33410
24479
9058
18797
7332
8541
11683
19740
19150
8081
18936
21132
19107
20027
10584
17558
19571
18957
10361
16070
20052
18861
7534
19602
31222
9761
19824
10381
15422
20082
18652
7238
19246
19912
20723
10682
14531
18871
10527
15965
20958
19630
20034
8312
18582
21164
19403
9602
14631
20525
19039
8242
18758
20053
19301
9500
16127
18980
10180
15494
19914
20403
10066
19115
19799
7370
18723
20264
19431
9458
18039
20630
20355
20283
20258
10536
15441
20062
20508
9760
15031
20210
9646
15045
19094
9968
15267
20433
19717
10353
14699
19766
9750
14063
19292
7948
17736
7962
15381
18954
9643
16557
19481
19784
9909
15488
18610
8413
17081
19082
10717
15031
19275
9830
15926
19097
9878
14589
20538
20250
9904
15000
19923
19910
10485
15792
19760
28892
17169
19281
20512
10248
15155
19135
9864
15093
19459
9915
14262
19533
20554
7602
17859
19132
10878
14601
19279
10746
14702
18808
10105
16117
19143
10304
14988
20375
19218
10994
14223
19246
10796
15261
19748
9560
15104
19702
9666
14923
20205
19702
10575
16940
18999
20352
10068
15787
20102
19319
10299
14975
20370
19665
10319
15184
20285
20189
9578
16207
19513
10003
12307
9680
16419
20088
20149
20086
11054
14362
19541
9906
15481
19248
10532
110071
7630
20200
19500
9514
15609
20142
19071
10394
15582
19523
19705
7137
20351
19568
19785
10176
14378
20323
9641
15989
19525
20146
34059
12588
21225
19539
20071
9890
8010
133756
16728
21396
19328
9399
14998
9451
14017
19703
19974
8334
17344
19015
11141
13735
9528
14235
19201
9865
16005
19352
10119
14061
19961
9745
15902
21667
20727
12913
9586
20020
9906
15829
20312
19332
10461
14707
19590
19788
8432
17445
19518
19503
11425
14446
20014
9870
16036
19267
19751
7778
17874
19682
9859
15565
19241
9899
14744
7582
15367
19369
20319
11301
15317
19306
10088
14434
19570
10904
13761
19865
9988
16323
19087
20529
10242
14199
19411
20235
7814
18068
19931
9797
15989
20225
7279
16115
19376
9277
16157
20544
19420
9758
16246
19415
20837
20071
8052
19789
20055
19197
9523
16149
20542
19478
10276
15606
19237
20180
10022
15653
20117
9914
14221
19675
9841
16076
19474
20289
10319
15406
19328
9984
14813
18879
10287
16108
21409
20844
19710
19836
7587
17733
19149
10477
16052
21174
20445
19308
10069
15011
20486
20300
9519
16111
19691
19923
7784
18292
20386
19498
10377
14980
18909
10523
15624
19908
19443
11029
15968
19558
19523
8021
16438
19532
20387
10031
15584
32246
10576
19140
9499
16399
19235
19700
10269
15755
19373
10585
15341
18960
9444
15727
20030
19799
9741
16636
19184
9399
14936
20189
19720
8317
17972
19421
9692
15453
19682
19707
11197
15607
19697
9385
14051
18871
11126
14600
19356
9403
15927
18721
10266
16026
20263
19980
10312
14964
19645
20427
7274
19284
23607
18046
18821
7389
18584
19682
20118
10368
16331
21546
21050
20792
20104
9588
14559
19506
9462
15208
20088
20210
10844
15158
20138
20015
10027
14759
19608
19589
11326
14912
23799
19552
19863
19516
7319
18720
191727
12113
21569
20131
18864
26323
21092
20300
19805
9533
14940
19338
22123
19469
8687
17097
20328
19478
8249
17751
19061
20242
11370
15994
19611
19382
7510
18667
19943
8041
176604
20629
19522
9635
15221
19303
10470
15760
20059
19871
20308
10989
14567
18735
8101
18538
20206
20113
20053
8424
18059
20090
19702
7490
18200
18925
10043
15525
20431
19443
10474
15812
19370
9835
15600
19693
19702
7180
17916
19661
9757
16266
19864
19686
10021
16752
20574
19138
9595
7753
9662
20321
18925
10825
15588
19043
8084
17712
20131
20696
13323
10625
19600
9979
14190
19806
9940
15633
20710
19174
9933
15323
19898
9873
14697
18908
10511
14360
19086
10457
15627
20808
19421
9772
15610
18805
9798
15986
19775
19078
7420
18692
20245
23876
19342
20501
10070
15689
19814
20288
13646
11225
19900
10031
15594
20507
19400
20287
7756
18475
18967
10705
15343
19302
19883
10449
15070
19209
18601
20998
18979
10342
15425
19624
19302
8666
18316
20958
19900
32564
11901
20546
19066
7547
18523
19463
10082
14410
20092
9779
13716
20047
10451
14808
20467
20385
9523
15474
19942
9429
15281
20442
19420
7438
17757
20105
19367
8533
18450
20192
19161
10422
16491
20205
20388
9616
14618
19365
9769
15379
19630
19593
7682
19077
18925
20092
11296
15514
19820
19647
7992
18784
20212
19048
11186
7772
9055
20400
20052
19858
8211
18120
19233
20160
7462
18755
19820
20071
11178
15071
19764
19950
10672
16154
19854
18694
10691
14961
20102
20287
7398
18248
19893
9967
14609
19345
9748
15577
19528
19649
7157
18940
19055
10064
14818
20240
9471
15658
19330
9881
14779
20736
20123
10047
15766
19866
19900
19979
10723
15506
19198
10876
15745
20615
18859
10333
15851
20936
19925
20514
19905
7750
18046
19199
8517
17349
20751
18827
93989
12456
19150
19602
7844
18691
19456
9665
16251
20038
20281
19543
7090
19459
19928
19721
7711
18399
19178
8097
16395
20468
20175
7515
18719
19931
19581
10025
17075
7962
133715
19165
9747
15535
20536
19723
10013
15410
19723
9340
15677
19751
19927
10078
15421
19663
10061
14462
19615
18686
8378
18476
19661
10384
16428
22759
18851
19178
9541
16219
19728
20527
9444
16390
19306
19472
11243
14900
19998
20002
7492
18585
20346
19807
11076
14991
19805
9569
13341
20327
9793
15020
20326
19967
10601
15004
20529
19401
11037
14820
20457
20368
9641
15961
20419
19348
7638
18262
20556
19874
9971
17419
19824
20051
19027
10707
15571
19517
20280
7402
17670
17191
9037
19180
21312
20651
19572
10252
14442
18667
7712
19379
20400
20200
19964
7690
18261
19289
9488
16770
16866
19664
20128
7837
18402
19759
9979
14440
20456
19706
10383
14205
19462
7734
17872
20185
20103
13227
19601
19168
7348
18467
21149
20687
19822
10717
15673
21252
20164
21054
19745
11047
14105
19810
10258
7290
8641
20323
9379
14761
20130
20309
9945
14982
20394
20936
10692
13469
9546
14250
20292
19863
10338
15555
19406
14823
10499
19302
20553
10026
16366
20154
19294
11121
14441
20337
10476
14062
20191
19804
19929
7935
18783
19987
9661
13806
19487
9824
16030
19956
19449
10388
16205
19497
19700
11071
15628
20665
19359
20268
11025
19288
17166
19725
9844
14270
19387
10733
14583
19430
10863
15731
20107
20295
19192
8116
17529
19204
7499
18801
19436
19354
8363
17935
18997
9858
15635
20304
20734
9649
16397
20043
20153
20535
20245
7200
19607
19161
10827
14039
20652
20193
20733
10549
15706
19909
20463
9825
15514
19184
20400
10182
15343
19251
10762
15214
19725
9649
13664
19759
9567
16208
20231
19299
7521
18816
20230
102174
20752
19668
10671
15435
20881
19242
7269
18013
19517
9457
14801
20024
20121
10410
15856
10081
12711
19410
19764
10630
16080
19716
20454
9770
15822
10693
12326
20419
7571
116718
20589
19183
9443
16325
8840
13984
20308
18998
11350
13874
20021
9469
14822
20062
20088
7940
18142
19410
20148
11232
15635
19916
20172
9909
15578
21997
20028
20710
19986
7728
19261
21208
21284
21129
19877
19491
7615
18661
20611
20121
20346
10645
15360
19636
20126
10210
16466
20666
19201
13270
11471
20262
19683
10212
16122
19607
9871
15620
20494
20256
9519
15806
19727
19450
9525
15569
19702
10067
14948
20138
6993
17273
20113
9646
14750
20129
19829
34493
11854
19964
19321
7589
17118
9583
13778
19077
7133
21994
17853
19708
9646
15389
19584
9859
15950
20376
19711
20241
10262
15007
20126
19715
11085
15311
19317
9651
14772
19763
10390
15328
19702
19328
10687
15832
19594
19902
18532
19241
7489
17916
20069
20226
7346
18770
19449
20029
10261
15698
19806
9507
16205
20050
19910
10485
14000
19159
10678
15447
20634
19785
20031
11251
15009
19948
19617
10964
16001
20470
19702
9626
15420
18953
9981
14190
18806
10985
15060
19864
20292
7574
7339
13134
19502
19880
10519
14789
20264
19589
8263
18267
19071
9637
16007
20559
19810
9868
14779
19571
9436
14823
19348
10187
15372
19123
9991
15372
19320
7261
18175
19527
19921
11214
15733
19399
19567
10160
15087
23059
20739
20482
19251
10447
15390
19847
19801
10369
15020
19629
10187
16012
21311
20835
20230
19841
7588
18249
19302
10410
14704
19441
9737
15623
21236
20071
20373
10423
14540
18754
10543
14719
20144
20185
10451
16400
20164
19998
19779
7410
18250
20599
9549
15506
21184
30361
11800
19881
9697
15231
18959
10611
15384
20384
20416
20387
9801
15294
101371
19553
9615
16196
21374
20835
20379
19919
10215
16257
19989
19469
20064
10713
16046
20315
19901
10349
13944
19611
7794
18337
19297
21702
20107
8409
16428
19611
10265
7931
128291
12469
12182
20238
18953
9676
17016
20931
20472
19838
9619
15081
20620
19123
7573
18743
20410
18924
10598
16302
19123
7811
17753
19785
19150
10586
14773
20327
10118
14721
20487
19722
9410
16184
19543
9335
15268
19199
20322
9764
14719
20555
22728
20921
19642
19346
10481
14930
20508
20109
7544
17899
18797
10468
15046
20320
19829
10593
16868
20765
19316
10174
14413
18827
10359
14434
19640
10676
14368
19641
14041
11047
19467
20032
7729
18401
20283
19911
7639
18257
20102
19886
10379
14609
19902
10505
14439
19223
9396
17282
20708
19035
9820
15112
21233
18986
9638
25318
10172
18904
10718
14646
20018
19465
7384
19010
19955
19759
11101
15158
19862
9637
14237
19161
10923
15409
20086
14826
20264
9471
15148
21108
19000
10046
8027
19158
20171
19058
8051
17073
19006
8346
18968
20952
20204
20825
19983
10894
14384
18966
7230
18054
19363
32505
13435
20581
19902
19904
10712
14940
20355
20227
11271
14471
19285
10319
16059
20926
23225
19293
19825
19794
7933
18126
19237
10064
15082
19400
29851
14006
19857
10573
14748
19409
9831
14913
19603
8303
16087
19262
7352
18435
19201
19951
11307
15158
19478
9844
14553
19210
10848
14601
19774
9912
14794
20322
20184
10464
13456
19883
10080
15345
19090
7953
17492
20041
19733
7169
19670
19018
19663
10346
16930
20938
21775
19020
19666
11227
15083
19517
20090
8072
18024
19152
10282
15774
21294
19585
19428
8313
17503
20308
9625
14979
19738
20052
7871
17996
19254
20567
11073
39125
17428
21583
19227
20305
9911
15986
19732
20174
7992
19100
21012
19201
19852
10225
228199
9476
19237
9489
15131
19594
9810
15533
20587
19572
9944
15856
8092
13755
19025
9698
15984
19063
9881
15994
20938
19247
25597
19429
19292
9759
15682
19467
20063
10305
168432
9722
20289
19061
9823
14689
19459
10222
15535
19391
7707
17581
20281
18911
7416
19689
20879
19487
10102
14799
21189
19313
10005
15219
19572
9750
15187
21527
18924
10270
15025
22563
20441
19135
9859
14921
20071
26281
18279
19689
19273
11387
15461
19827
9523
14299
19717
9481
15818
19279
10175
15180
20168
20287
19869
11199
16230
20503
19540
19703
11243
14529
18923
10496
16189
19359
9446
15804
21043
19378
9605
16025
20297
19276
9323
15805
19944
19200
11444
15297
19369
20320
10169
17863
18876
18757
7625
18574
19203
9552
15650
20468
20155
20671
10371
15302
20167
9444
15256
20597
19813
10648
14394
19542
9760
14820
18979
10263
16643
20589
20750
19806
20518
9846
16762
19925
19991
9546
8153
18354
19171
9890
15159
18842
10242
15059
20003
20408
9666
16811
20004
19929
9446
16233
20253
19892
9950
15803
20497
27375
14971
19592
20424
10743
15756
19586
19617
10857
15471
20005
9626
14524
20410
19805
7276
17152
19426
7976
18412
19189
10251
15584
20354
19200
19988
10948
17539
19579
20436
19827
10479
14763
19880
20130
10410
16836
19685
19307
9977
16352
19251
9684
13923
19712
9890
16079
19147
10041
15628
21392
21271
20555
19653
9639
15405
19344
19762
10543
15911
19874
20271
7410
18046
19389
10090
14718
19328
10634
14775
20416
19823
9745
7340
28117
20200
7259
18529
18986
10917
14849
19078
10423
14999
19076
9904
15707
19766
9569
14011
21372
19989
20044
7983
18161
20309
19565
10119
15579
19540
10249
14430
19763
9576
15527
20474
19341
7759
18225
19961
10342
14781
20285
19642
9820
15446
20160
19177
8251
112466
8435
19784
18882
9659
15868
18430
20492
19605
7677
18403
19777
19602
10855
16822
20528
19748
19252
7982
17590
19292
7626
17671
19261
10000
15129
20376
19687
8176
7613
122750
9977
18973
10983
14588
20353
19463
10924
16302
21432
19762
19480
10529
16058
20801
19948
19777
10384
15074
19469
9517
16724
20818
19732
9376
15174
19105
20154
10425
15390
19108
10683
15328
20454
18884
10958
15934
21128
20154
20226
10649
15005
20906
20685
20205
19239
11484
15244
20211
20343
10663
15717
21134
19369
19218
8630
18424
19126
9594
14230
18816
10684
16409
19258
19984
10280
15571
20010
9943
14589
19408
7097
17647
20343
9427
14227
19299
9983
16112
19523
20605
8136
16052
19426
10442
14641
19700
20630
10063
15390
19503
9849
15794
19630
20026
10344
15581
19912
19468
8643
18401
19692
11953
11867
20335
19143
8119
17978
33301
10291
19241
19403
8013
18302
19477
10035
15624
19141
19575
9612
14337
18951
10906
14067
19408
10024
15851
13466
10083
20572
19430
9914
15810
20302
19358
33324
12820
19743
9685
14094
19904
19905
7724
18567
19641
19692
10729
14943
18991
10257
16013
19037
10094
15171
19112
10087
15169
20115
19493
21115
7733
18733
19050
9982
14861
19462
7675
18098
21074
20630
19743
10014
15574
19637
19732
7621
19282
21174
20879
20315
19443
7870
17728
19869
10058
15082
20224
19545
7804
17670
18938
27513
19388
20651
19609
20112
8844
16848
19401
20114
8470
18318
20433
20778
19671
7695
18691
20382
19583
10895
14145
18865
10849
14839
20351
9815
14559
19350
20041
10664
13883
19264
9482
15351
19166
10524
15608
20350
19129
7738
17662
19994
9990
14295
18696
10698
15828
18970
9697
15380
19005
20051
11091
15687
19276
9730
14671
18855
10214
15928
19465
10118
15530
20389
20626
9225
14422
87800
15181
20235
20230
10604
15389
19332
9800
14447
19403
9304
16291
19498
10125
13907
20075
19487
10646
16748
19237
19446
10655
15316
20014
9502
14588
18961
10988
15202
8764
149248
8005
19426
19051
10704
22784
13367
19244
20295
7401
19565
19361
19307
10625
15574
20236
8246
16850
21107
19308
9890
14964
19907
19886
9972
15641
19277
10590
14207
19491
9870
16208
20968
18964
20456
7031
18858
18988
10396
15441
19905
20028
10646
14815
19225
10147
15074
19230
10109
7128
9039
19365
7470
17168
18924
10183
15730
20350
9430
14903
20164
19593
10750
15976
21264
20418
19419
10464
14630
20453
20313
9728
15071
19692
9929
14718
20337
20622
9927
15603
19232
19946
10983
15564
19086
9641
7410
8374
19558
10886
15026
18970
9544
15784
19322
19874
8280
18451
20259
19574
7774
17863
20168
9635
14757
20623
9723
14966
20868
20538
19384
9553
16794
23403
19067
7418
14390
19431
9533
17124
19729
18887
9875
19479
17654
19928
9517
15835
21354
20281
19584
10229
16071
21434
18882
19702
7612
18143
19196
10481
15086
19449
20184
11454
14339
19312
10446
16230
20496
19926
19507
10222
17040
19890
19847
19692
10984
15883
19690
9609
14946
20061
20597
20095
7918
18384
19358
9679
14935
13702
9220
20227
20452
9650
15767
18748
10724
14528
20080
20002
7174
19188
19787
20348
9421
15994
19437
9881
14589
18876
9967
7055
9803
11913
12707
19692
8352
15385
20006
19824
7912
14941
19809
20050
7330
18882
19931
9636
18635
10102
9093
20369
20103
7229
17676
19150
10147
16439
20658
19535
20100
10420
15205
20103
19516
10573
16820
20563
19697
20256
7809
17730
20387
9543
15386
25959
16097
19304
10201
15587
18822
10209
14526
20507
19546
10662
14653
19961
9538
16072
20174
19112
9946
15402
9394
14476
20301
18974
72730
13079
19476
9456
16606
20210
19130
10720
14442
20252
10033
14966
20115
18969
11334
14599
20481
61316
9642
14788
20064
19753
10588
15440
20153
9273
14302
19711
9766
8143
99900
10229
22669
19974
20225
9790
15261
21568
20282
20526
9938
13839
19379
11046
19556
15666
18991
10968
15233
20392
20226
8600
16108
20377
19646
10830
14020
20283
10461
15789
19887
19261
9664
15626
19466
9865
15802
19577
19584
10825
14884
19405
9800
15732
20354
18996
7578
19532
7717
14781
20588
19307
10522
14884
20054
20155
7316
17861
23881
19252
7158
17164
20154
20547
9545
13790
12754
11189
19984
19046
10299
16186
19252
9906
15002
20505
19550
10424
15784
20425
19464
9692
16531
20351
20555
19819
9830
15858
18863
9425
15297
19801
20291
11009
16395
20437
19847
19608
11528
14786
20290
9661
14319
19499
10738
14839
19788
19013
10601
15412
19040
10092
16564
19705
19092
11075
14480
10793
14906
19010
20303
11110
15854
20676
19236
10264
14577
20033
20142
10345
16176
19003
20184
7390
18405
20450
20420
10410
15200
20800
19157
10673
14447
19600
19846
8220
18897
20265
18905
7733
18304
18927
9917
14869
18966
11056
14552
20173
7589
16510
19126
7472
17836
19339
10078
14461
19201
10015
7215
11270
20499
19571
9409
14944
19908
20437
10788
15389
19476
19877
10784
15411
18879
9899
15719
20394
20227
9885
15043
21918
20409
19687
9537
16102
18964
23536
20537
20514
9219
14900
20435
9697
14982
19450
9499
15850
19902
9335
14651
19431
10247
13978
19502
7415
18085
19661
9841
14308
19188
10100
15608
19443
9879
15748
20397
20059
9457
15492
19138
19927
10492
15133
20510
19619
7698
18284
19185
7329
17665
18686
10342
15733
19035
10445
15364
19706
19944
10039
16271
20723
20294
7358
16188
20497
20083
7341
18088
105846
17024
12558
10468
19721
9797
15371
20313
18769
7362
18733
19643
9950
15292
19026
20044
7974
18697
20513
19261
10767
15181
19326
9597
14357
19739
10073
15158
19300
7528
161292
18734
21128
20696
19930
20404
7348
18063
20195
20308
10531
15459
19019
10082
15186
19347
10486
14166
20227
20282
10185
15748
20242
18800
11272
14342
18642
11042
14830
20173
20371
10996
15190
21200
19466
19336
7522
18697
19868
20173
7981
18297
19420
10056
14564
19861
10528
14783
21305
19126
10343
14805
21522
19882
19448
15655
11857
20364
19602
7437
18296
19513
19524
9958
16255
8574
13159
20230
13482
10905
19707
19894
11309
14115
19528
10032
14964
20144
10063
14362
19902
9897
14924
19368
9518
14917
24225
19483
19490
20373
10188
15295
25938
17032
20040
19723
10810
15097
19209
10394
15459
19881
19315
10009
15834
20509
20584
10283
13738
20766
19646
8615
17272
20061
19671
11112
15581
304415
17834
25592
17344
19283
9342
15948
19310
10012
15172
21038
19059
10856
13517
18892
8836
16777
19561
10089
15278
19622
7469
15751
20484
20528
20092
19879
8632
17905
20270
20117
7553
18333
19666
19865
10293
16138
19049
20262
7696
18491
18873
12090
13154
19669
10329
15030
20494
31118
12360
19360
9396
15515
19544
20127
9840
15578
20588
20776
10384
14748
19569
9969
14098
19481
10625
14548
19511
10632
15054
20446
20027
20164
11135
14884
19990
9467
14802
19122
9642
15022
19875
20302
10428
16507
20003
19149
10262
15060
20612
19218
11071
15169
19441
9964
15109
18868
9840
15744
19316
19671
7912
19003
19553
8610
15655
19898
10041
14945
19529
20081
11255
13920
19348
9471
16138
19347
9841
16099
20123
20476
10319
15923
19687
19738
9492
15371
19512
20109
10825
15364
20036
19710
10246
15484
20314
20654
20313
10459
15941
119618
19826
11250
13321
20051
7213
18122
19139
10703
14346
23899
19758
19134
10162
15181
20509
18857
10459
15998
19008
9743
14594
19166
10523
14507
19241
10836
14163
19338
8639
131557
8184
20968
21131
20077
19496
10130
16482
20036
20093
10018
14642
20724
19906
9947
15391
19263
10046
14634
19348
10046
15402
20477
19103
7317
19098
20385
19451
10050
16193
19822
20388
20368
7647
18562
24129
18237
19880
10671
14999
19509
19740
7911
17982
20462
20263
10097
15050
20099
19144
11234
14842
20605
9438
14960
19858
19392
10693
16196
20374
18892
7401
18932
19240
19312
7287
20126
20626
20570
18817
8192
18024
20334
20150
9682
16897
20648
19898
9820
13755
19096
7171
18829
19967
9810
15003
19582
19676
7702
18478
20043
19698
7390
19353
20401
19545
20234
7974
18700
18962
10069
15433
23460
19482
19581
9604
15649
21038
23461
18588
21112
19062
10954
14736
19507
10490
13940
9375
20485
20323
19992
10140
15446
19397
10449
13808
9422
14610
19116
10186
14420
19534
9597
16588
19923
19707
10319
15525
20374
19086
10851
15807
20124
19029
10319
15210
19451
10589
14952
19657
9840
14820
19382
19351
11353
14984
20724
9610
15419
20948
18905
10236
14331
19688
9945
16117
20692
20444
20302
9909
16213
19502
19693
10484
15928
20131
19500
10219
14069
19323
9636
15765
20151
20567
9995
15386
20438
19764
10000
15555
19005
32077
14000
18998
10482
14862
20233
19252
10892
16225
19527
18941
10168
16797
7577
14873
21752
20250
19384
21420
10122
14683
22714
20287
19592
9444
15727
19997
21243
19999
7765
18706
19246
19882
7895
17638
20233
19650
8184
19094
20117
19088
10862
14507
18978
10484
15694
19800
19766
11073
14749
19307
10080
14721
20021
20343
10725
14870
19745
10106
15048
20334
19786
9499
15835
20257
19120
97901
15523
13928
20161
9717
15321
21303
19829
20332
20509
7553
18024
20316
9906
14641
18819
10269
14727
18885
7498
19330
21316
20716
19897
19719
10891
24772
12760
19420
8691
130469
8784
18828
19385
10660
19230
16692
19592
9984
14451
20487
9686
14494
20368
9902
14771
19685
19689
10970
14687
19030
7378
17888
20138
19979
10861
15846
20733
19098
20123
7720
18865
19870
20366
9943
14641
19376
7471
18025
20246
10164
14297
20892
19037
7733
17853
19704
20314
7663
17877
19067
10938
14600
20120
9902
14497
20402
20251
20306
7715
18718
19227
9435
15852
19240
9706
15225
19630
20227
10160
15430
18822
10204
15522
19724
9825
11927
20272
7884
16966
20282
19109
10284
16866
20608
20935
19702
9640
20281
16649
19660
20381
20464
11411
14516
19927
10426
15265
19229
9731
16224
19385
18918
7411
18340
20433
19484
7852
17953
19263
10587
14404
20163
10002
15353
25327
16964
19831
19458
19992
11528
14324
19585
9902
14384
19519
7529
17696
20355
20051
9986
15882
19466
20188
9981
16177
19308
20284
10107
15846
20354
19582
11538
14368
19819
9810
16189
19645
20343
20323
10171
15133
20314
19644
10645
14823
20123
19772
10459
16267
19994
20146
9384
16446
21030
20635
19002
10397
15803
19123
20077
8185
18134
20670
19524
10870
15600
19974
19250
11012
14024
19750
12555
13073
19199
9538
15080
19379
31774
12640
19382
9811
15225
20303
19723
8014
18435
19426
9324
16565
19260
19480
7790
17886
20507
19452
10171
15897
19620
19711
8122
17661
19982
9657
15726
19140
10200
13948
19130
7862
18291
20374
19843
9697
15766
19723
20446
9636
14774
19808
10980
15431
19881
19925
10236
15008
20158
9297
16000
20508
19909
20051
10511
14370
19281
10413
15000
19179
9522
16696
20908
19106
9779
16471
20898
21387
21172
90582
11779
20341
19743
10072
16215
20100
19328
10827
15811
20182
19380
10080
15965
19544
20504
10822
20810
14250
20007
9460
15520
20177
24582
19430
19863
9719
15969
21077
7898
117114
19431
31418
11692
20071
19793
9788
15366
20825
19144
11033
15764
21380
20507
19071
9738
16318
20726
20368
19612
10230
15941
21571
20283
19866
9625
16195
20943
19169
9571
15468
18851
20585
10280
16201
20602
20031
9521
15026
20208
9407
15884
19882
11237
11958
19228
10534
14986
26304
16470
20098
9356
14123
19583
9656
15581
19446
10307
14365
20087
9817
14840
19100
20526
7600
18581
19991
7389
18285
20709
19268
20667
9663
16579
20614
19147
10143
15082
20912
19271
9666
17051
21055
18938
20251
8062
18421
20190
19696
20474
10848
15387
19205
10066
14761
20564
9441
13983
19251
10879
15931
21189
19665
19823
10122
16564
19771
19812
9698
15543
19427
9660
15861
20769
19380
9543
14717
16338
20194
19997
9872
14978
19332
20214
10486
15399
20333
19443
7928
17750
20497
20345
9999
15575
18815
10543
14090
19940
10041
15568
19722
20072
10241
15862
20052
20772
9712
15706
19421
20875
9762
15417
20886
20042
19984
10406
15451
20789
7478
15698
19704
9843
15043
20041
9746
14737
19276
10425
14873
20629
19186
7246
17992
19243
10129
16155
21737
20261
19351
10041
14829
19056
10143
14251
19666
10685
15120
19540
19743
11753
15293
19784
19341
10505
16357
25005
17843
19948
19297
10575
16493
20889
20256
19414
9852
15663
19179
9547
14967
20484
19400
7420
19929
20510
19290
10167
14454
19039
10004
15525
20123
19879
10497
14950
19482
10349
14465
19614
9730
15046
20315
9830
14455
19963
9520
14197
20043
10273
15177
20227
19604
8740
16851
19489
20080
7841
18879
18958
9628
15844
18898
20261
8108
18141
19866
10155
14899
108136
14825
19709
7539
16594
19901
19953
9961
15000
20400
20228
7995
18240
19953
19315
7905
19419
20405
20211
19221
7620
18969
19156
10082
18073
17860
20326
19875
10736
7287
103292
7975
19763
19128
7898
19661
20774
19350
19317
28743
18036
19120
10337
15436
19345
20374
19581
10447
14107
20107
20081
10090
16255
18956
9931
14733
19536
10008
14406
19686
10442
15106
19222
10017
15744
19846
19393
7717
17651
19009
7172
18282
19739
19734
11124
16666
20326
20528
19462
10041
16768
21181
19955
20405
9865
16593
19775
20282
19138
10211
17251
20353
18923
20094
10738
21917
15120
19919
9767
16070
19897
20500
19728
10916
15068
19789
19628
10850
16189
20340
19460
9754
16251
19589
20214
9808
15479
19810
20235
10128
15345
20260
20433
9566
15832
18680
10166
15651
20401
19458
10165
16490
20340
18722
7243
18545
20528
19514
10189
15243
19422
32070
12954
18877
9647
16826
21087
9259
19098
19846
19979
9559
14880
19587
10062
15835
19123
9430
16243
19155
9697
15190
18965
9882
16089
20533
20454
20042
10666
15008
19459
9428
15507
19986
20090
10342
16612
19820
19160
10144
15697
19219
20211
10875
14574
18835
11047
14026
19528
7409
17924
19810
9861
15766
19254
8497
16687
20112
20054
19736
7923
18253
19387
10386
15948
31753
10729
21708
21066
19748
19492
10782
14672
20130
9466
14934
18922
10010
15347
19685
20469
7220
18788
19584
9744
16138
20035
19558
10609
15927
20647
7810
15545
19738
19461
7249
18519
18964
10639
15028
19982
9809
13782
19425
7461
18261
20288
9041
14303
20324
20287
7621
16624
20283
20158
8563
18321
19713
19667
10604
16417
20128
20246
9583
15462
19059
9528
15425
20660
20286
10102
15770
19571
19648
9821
15267
18948
10793
17548
19082
20506
19688
10153
14785
19101
10641
15154
108377
24832
10369
19458
10030
14705
20030
19960
8195
18325
20022
9928
14470
20164
18996
7607
19430
20364
19360
10670
15666
19907
20425
19887
11153
14497
19490
9861
16366
7692
118124
17076
19142
10323
16514
20787
19182
20433
7443
19197
19500
20360
10024
15001
19692
10107
15474
20947
20087
19261
10694
14907
19308
9838
16179
19755
19637
9900
15212
19049
10302
15075
19521
7199
18633
20295
19307
11041
16964
19688
20351
19268
9798
16091
19241
10264
14466
19857
20215
10199
15971
19299
9459
15147
18635
7669
16897
9989
15610
19908
20435
9819
16528
18620
19219
7749
17673
19129
10810
15415
19933
20294
23462
19389
19793
7912
18230
19192
9920
15710
19526
9982
15857
19979
19887
10286
14442
20331
9492
14990
19046
20195
7604
19559
20260
20485
19558
8142
17904
20101
20430
20028
7298
19349
19402
9804
15348
21348
20488
19384
10902
16174
20123
20597
18920
10855
16426
301541
19533
19945
10025
14961
20493
9499
14104
19994
9826
13969
19210
7559
18979
19671
19505
8346
18126
20511
19788
10358
14230
20225
20393
10528
15995
21319
19446
31407
12941
19649
20091
9877
16354
19430
9710
15006
20348
19465
7530
18072
19461
9872
15378
20172
19333
10864
14944
20347
20329
10261
15560
19366
20039
10685
21729
15435
19716
19319
10827
15761
19389
19932
7389
19328
18894
10009
15142
18812
20002
8281
18960
19923
20144
8160
16989
19164
10107
15626
19772
9328
15241
19519
9979
13812
20225
19906
11066
15582
19668
19764
10431
15381
19451
9670
14451
19933
7176
18394
18897
10491
15171
19625
19682
7862
18605
18947
10150
15228
19093
10888
15656
19389
18954
10081
15689
18956
10962
15767
20907
20688
20600
20892
19951
20484
9462
14218
18662
7223
20258
19774
19717
20903
7781
17640
20112
9457
14600
20364
9520
112566
10020
15791
19989
19544
10376
15826
19895
19480
11630
13614
18893
10886
16425
21158
19081
19968
10282
16579
20702
19101
10300
14851
19649
20057
11091
15639
20517
19077
8389
139610
18687
19045
10766
15202
26239
15734
19211
9862
15843
18912
10081
14794
20252
10038
14938
20065
19343
7273
19386
21224
18967
9440
16774
20361
19541
9847
14884
20062
20483
9527
15393
19302
10770
13639
18538
8217
18859
19117
10001
14245
19860
9663
15865
19439
19670
10559
15866
20102
9534
14801
19069
9490
15371
19701
19425
8563
17988
20487
19276
7328
19213
20014
20425
9856
15758
19127
19523
7975
19606
20856
19401
19367
11072
15107
20117
19743
7731
20020
20820
20329
19005
10167
15543
19952
20087
10754
14806
24883
18042
19590
19620
8371
17618
19010
11326
13920
19462
10765
15352
19622
19783
9929
16424
20006
19241
7470
18844
19222
9871
14247
20327
20543
9692
16619
20325
20225
8044
19524
10020
14751
19311
9620
15226
20520
9450
15157
20356
18784
7831
18923
20227
19136
10558
16502
21148
26774
16586
19322
9659
15374
20387
20253
18989
8278
17068
18944
11392
14574
19002
10604
15405
23026
18815
18956
7507
18236
20056
9831
14441
19090
10080
14961
20264
19550
7722
19478
20746
19102
9889
16053
19155
19764
7718
19082
20110
19690
9980
16287
19553
18934
8192
16891
9432
14968
19208
10446
14868
19738
19402
11010
14886
9579
14710
20512
20163
19225
10768
19689
17847
19136
9940
15920
20593
20235
19586
11179
15129
19719
19164
7340
18678
19849
9735
15602
19044
9667
15875
19546
19649
10670
15572
18971
9500
15612
19541
10022
14819
23600
19833
21205
19235
20008
7977
18846
20552
19650
10040
14983
19726
9851
15194
21035
19226
9596
16185
20148
19443
10630
14972
19241
10095
15211
19324
19860
10535
16054
89319
13525
20502
20543
19588
7621
19504
20187
19469
10142
15467
19109
12595
11986
19688
20404
10902
13779
9361
16003
20584
19820
9528
14128
20321
9432
13804
10078
14574
7808
131505
10898
15984
19144
20358
9937
14697
9790
14197
19446
9833
14414
19852
9845
15475
19138
10028
14390
20407
9616
14093
9292
14957
20333
19199
10288
14373
19102
7990
18953
19996
19266
10785
13499
20044
9725
16153
20314
19429
7588
18736
21530
19091
20083
7471
18685
19166
10733
15297
8594
13522
19669
9466
14353
20554
20143
10588
15239
19199
20349
11073
15062
20412
9350
14324
19526
9436
16035
20469
19160
12662
14400
20117
18893
11015
15688
32361
10771
21015
19483
19425
10205
15827
19261
9805
15058
19869
9406
14758
20220
19721
11150
14506
20061
10212
15895
21112
21527
20707
19338
9317
16503
20100
19730
9946
14323
20259
20553
10722
16058
19886
20472
19723
7589
19147
20696
18843
10031
15969
19978
19227
11045
7188
8773
18920
7641
18064
19482
10168
14837
19500
10093
21588
14992
19063
20471
10413
14999
19114
10018
16794
21279
19177
9652
14350
19689
9907
14670
19416
20331
7966
18978
19478
10376
13622
18686
7933
8603
11405
19353
9610
14239
19885
10259
15653
21006
19103
19805
11506
18700
18027
20254
19940
20101
8018
18190
19425
20389
19271
10462
14354
19478
7612
18013
20384
9620
15204
19687
19517
10158
16862
20504
19989
19881
7394
17702
19924
10058
8617
19304
20953
9841
14173
19888
20712
8104
17430
23587
18542
19556
10164
21880
15651
21123
19241
8158
16271
19545
10630
14328
20254
19641
7380
18468
19482
9928
14372
19820
10503
14422
20082
19261
11050
16026
19481
19821
10470
16061
20673
19481
10686
15015
19673
19640
7389
17876
19660
9556
16123
20230
20306
10031
25177
10504
19241
7255
18814
201682
20144
19502
24491
20955
20098
13938
10036
19019
9690
15363
19271
9892
17707
19235
19429
9983
15189
20143
19851
10061
16542
20461
19833
20332
10638
14815
19538
10210
14491
131868
31912
21409
20835
20124
20169
10041
16670
19844
19185
9773
16631
19688
19764
20213
7178
19339
20169
20450
7506
18302
20615
19349
9449
15758
19578
9826
14736
19776
10441
15651
19091
19078
7478
19408
19620
19963
10481
15383
19066
9872
15559
20329
11777
12190
19789
19612
10974
14815
19883
20239
7812
17906
20366
20526
9948
15682
19220
9552
14800
20082
10461
14407
20094
19300
7998
17357
9765
13031
19222
10441
15107
18952
11569
17033
19164
19097
9523
15562
19356
9953
15271
19723
20232
9870
16225
20512
20280
19684
10120
15102
19370
10474
15241
20261
19759
10434
15342
19377
20512
10442
15333
20231
19598
7083
19107
18696
10551
15069
19039
10092
21525
14965
19317
10115
15513
20948
19788
16120
19332
11082
13095
18968
10189
15209
19536
9642
15116
19709
10260
15395
19242
9320
15154
19822
10041
13775
20167
9427
15774
20345
20080
9799
15993
21480
21206
20257
9391
14923
19952
20417
9748
15599
19132
9707
14730
20169
20681
9865
14764
19810
20220
10442
15651
18991
10753
15487
19844
19285
7261
19462
20507
20498
19107
7799
18436
20732
20174
20421
7906
18716
19733
19885
10605
15397
20124
19720
10324
16015
20746
20616
20169
20353
10678
15530
19965
19923
10158
15684
19045
19984
10781
15800
18976
10363
14349
20447
20243
10266
16295
20747
19482
9779
15581
19351
19580
11363
14226
19115
11093
15247
19468
8392
15229
20267
9395
16223
21174
20311
20263
19497
8497
18494
20733
18758
7530
18173
20164
9444
15371
19352
19822
23426
18901
20122
9402
14958
19601
19341
11122
16367
21062
20779
20481
19791
9844
16306
19952
78069
8702
18279
19292
9784
15320
18916
10810
15683
18892
21130
10392
14009
20282
9823
14576
20974
19469
9646
17248
20936
20642
19089
9420
15626
18976
20197
7711
18871
7422
137723
19245
19297
20584
11010
15449
19119
10304
14372
19066
9812
16030
21441
19167
10063
14884
20342
19084
10743
14926
19741
10626
15297
20447
18892
7497
18333
19083
10009
14574
20112
9760
15816
20247
20191
19887
10630
15584
19629
20370
10513
15579
19170
9680
16274
19953
19968
9608
15871
20233
19523
9861
16244
20301
20492
19885
24350
19246
10112
15410
20054
19630
10401
15304
8385
16050
7524
14474
21500
36520
7160
19306
20926
20512
9548
16389
20484
19701
19762
7935
19118
8033
15333
20405
20416
19905
10887
14057
20585
20449
10047
15385
20326
20143
9849
15533
20307
20124
10410
15384
20510
19354
10060
15321
19203
9925
15387
19450
17804
8475
19703
19557
20022
10523
13414
19889
19815
11850
20831
20315
19742
10645
14823
19066
7751
17856
19296
19319
11143
15684
20283
19117
8542
17897
20650
7217
17238
20074
19548
10062
15583
19134
9446
16435
20385
30210
13202
20878
19343
9850
15662
20166
19837
10042
15345
20304
9420
15325
20510
19713
20051
10871
16008
19099
19651
11389
15923
21858
20839
21375
20223
19562
9859
16226
19439
9315
15168
20103
19691
10863
15350
20329
19913
20142
7892
18721
19162
19938
7838
18916
19270
7456
18317
19029
9544
15353
19511
9415
14371
19400
7883
18256
19283
9422
15497
20161
9512
13586
18927
7933
17531
20742
20429
19258
10008
15147
18866
7902
7715
28732
7672
17534
20497
9435
15148
19560
20189
7647
9091
9748
20253
9559
15371
19969
9483
15626
20851
20246
19660
7613
17943
19523
9667
15410
19492
20290
7457
19361
20017
19586
10500
14315
20545
19911
9987
18940
18419
90922
18354
15166
19062
10049
15266
20485
26237
18300
21148
19629
20510
20406
10005
16100
19066
9910
16252
19912
19180
10205
15696
19035
10461
14883
19002
20349
7564
18161
8042
124102
13026
20600
19709
9788
16078
20298
19487
10374
15208
19300
20532
10273
16229
20083
18897
10866
15830
21028
20503
20544
20482
10728
14988
20294
19692
23969
19542
20469
10455
15016
20513
24082
20964
19889
19051
10307
15430
18898
9723
15553
18783
11300
13918
19820
10025
15299
19916
9409
15156
20488
19984
20455
11083
15184
20566
20288
9965
15174
19531
10528
14494
19758
9348
14830
19073
10492
14184
19118
10690
15411
20031
19858
10353
15023
19188
8656
17258
20183
20303
9664
15121
19286
10092
14646
19199
10256
15946
10461
12235
20347
19692
9843
16188
20937
19222
9569
15942
20500
19860
9844
14165
20209
20332
10517
15922
19297
9396
15219
23156
19401
18892
10005
15560
19605
25984
18609
20018
20082
20393
20287
10460
15414
18970
10029
14726
18881
7707
18274
19911
9943
13935
18969
7969
18958
9028
25751
14431
20204
19872
10894
15806
24139
18982
19210
20163
11126
14283
20324
19468
8416
18939
20329
19320
9684
15115
20239
9621
14017
19428
10144
15847
20184
9582
14409
20078
19682
10931
14964
19282
10544
15233
19361
19387
8218
18978
20873
20425
20150
20516
7792
18097
19443
10330
15644
20630
19686
19863
9791
18543
19409
19067
9600
15656
19490
10003
15128
19523
24197
19621
19158
7680
18175
24419
18137
18939
10410
16487
20215
19324
10701
14367
19724
10822
13394
20712
19079
11453
14564
19820
20436
7251
19281
22534
20170
20306
19296
10241
14906
20107
10240
13563
20065
20523
7831
18277
19689
13453
11691
20171
19691
11042
15015
21629
15453
8164
19945
19671
20021
7779
18646
19484
19353
8638
18053
19499
9920
81865
14564
19774
19784
10076
16917
20245
20104
9591
14377
20174
19606
7460
18810
20207
20471
10302
14723
20614
19783
10130
16411
19912
31857
10993
19223
9969
15809
19276
8100
124847
13438
24357
19381
20989
19460
19916
10815
16056
19129
20511
10669
15540
20692
18897
9624
16589
20666
19655
10092
15196
7387
14747
19506
10062
15004
19195
20300
7765
19572
21155
21170
19861
20054
9984
15000
19199
7175
18164
19846
9967
13940
19195
7602
18758
19298
10166
14978
7856
15420
20043
19851
21056
21343
20292
19486
9621
15283
26096
16431
19944
19890
11187
15261
20430
19950
9861
16620
20293
20202
9404
14291
20382
14792
10243
20528
19567
10167
15438
19533
19508
10969
15210
19098
10148
16315
21134
23940
18032
19433
10569
14312
20450
20191
7789
16802
19482
9883
16887
20090
20094
9645
15222
19585
9969
13875
19944
20546
10985
15024
18904
20205
8023
18515
20332
20564
20185
14863
19525
9813
14594
19912
7778
16597
19039
10704
15143
20345
19685
10574
15329
19400
10067
13759
19447
10082
14731
19262
7401
18528
20271
19423
7391
37794
18906
10815
15702
19369
10105
19256
16451
20779
19204
10692
15362
19491
9479
16523
20257
18981
10846
14248
20035
9461
14397
19643
7571
18049
19774
9607
15964
20062
19369
9744
16192
20809
19837
9651
14739
20343
22979
20206
9347
15822
20215
20214
19769
10723
14574
19649
10606
14515
19702
10260
14620
7151
16715
19766
18942
10010
15948
19379
10041
15511
20753
19286
9967
15207
20608
19189
10892
15964
20313
19627
20082
7894
19105
20276
18813
10883
15499
21569
21283
20364
19957
19969
8105
17612
20434
9741
16094
20048
18700
7382
18140
13471
10035
18824
10145
14765
19995
19882
11408
15187
20998
19510
10227
15093
19237
9737
15164
19928
20184
7370
18798
18925
20209
105758
20344
19385
8683
15315
19899
20328
7216
19261
19490
19928
7784
19568
19895
19782
9784
16068
20425
19261
10497
15588
20487
19195
9770
21369
15791
18897
10119
15904
7821
115733
20631
19046
12215
13678
20665
19332
10519
13699
32022
10507
18747
7572
19081
20507
19188
10169
16121
20213
19680
10080
14137
20133
10263
16005
21030
19569
10036
14570
19031
10183
14535
20325
20400
10265
15123
19497
10054
15227
19647
20244
9957
15569
19775
19812
7980
19182
20500
20446
19288
7851
18133
19327
20374
10529
15429
20686
7863
15062
20062
9717
16589
20234
20010
10479
22482
13152
20543
18933
10584
15689
20220
20084
20232
7754
18657
20153
19918
11015
14425
20334
10042
14953
20409
20588
19977
10363
15886
19093
20297
10584
15574
19061
9493
18099
18636
20391
20362
9559
14861
19241
10446
15769
20709
19744
10193
15442
20734
20064
9447
15824
7252
15271
19040
10030
15193
19483
9901
19914
19846
20133
9461
15906
20083
9322
15615
19669
19620
11233
15243
20306
19560
10128
15674
19023
9709
14763
20691
19924
10823
15128
19621
9665
14529
19005
10647
14448
19748
9646
15963
19119
10078
14338
19466
9782
14360
24661
18538
20136
9824
14511
20141
9628
15497
19198
20092
7934
18741
20056
20063
20045
8178
18655
19890
19148
7730
18297
19984
9569
16246
21278
20354
20708
18877
8088
18519
19133
20000
10454
16940
21017
19132
19619
11118
14900
20025
10007
14379
19436
10613
14034
20030
21160
10649
14763
19868
20129
10099
15692
19703
9565
15389
19613
19814
9898
15605
20810
19361
10211
15846
19650
10235
13182
20126
10686
15544
19400
20410
9892
15008
19606
20287
10968
14336
19364
10036
16666
21041
19099
9960
15023
20423
19441
10538
15673
21169
19427
9779
19006
16694
19107
7374
18200
19164
10543
15053
19087
92241
12169
20050
19564
8495
18355
19486
10229
15203
20112
8101
16158
20348
18950
11217
15953
20221
19378
20071
10560
13025
20348
9457
14728
19728
20030
10461
14587
19497
7771
147490
12271
19779
19775
10160
16308
20127
9647
14850
19758
9362
14358
19590
19786
8485
18065
9682
14413
20687
20480
19489
10860
14379
18979
10241
15578
19876
20113
10131
15505
19082
9596
15964
19267
9456
15379
20369
18953
10952
15384
19492
10110
14890
18791
10284
15000
19321
10420
15170
19271
19561
7301
18934
19057
9635
17108
19461
20184
9641
14563
19082
10374
15912
20672
19370
7339
17282
19610
9640
16648
20854
19465
32352
11973
18970
10664
14646
18997
10611
14671
19708
7544
18221
20117
19996
9858
15947
19631
9700
14829
19640
9489
14862
23543
18561
19376
10200
15480
20051
24548
20277
20000
19647
10592
15886
20717
19278
9949
14639
18924
10083
14357
20251
10024
15442
19887
9567
15677
21588
20769
20870
19866
19780
7762
18063
19103
10444
15754
20483
19681
9791
15242
20506
20112
9861
16015
19245
19530
10580
15235
20165
9808
15183
19025
9658
15702
19796
9697
14302
19082
10632
14582
20115
20046
7560
18160
20342
20294
10049
15786
20405
20106
10040
14435
20525
19499
7151
18444
19283
10714
14785
20403
19359
9501
15733
19248
10252
16605
21357
20674
20310
22880
20345
19462
7198
18701
20390
20210
10657
15379
20697
20402
19306
10394
15192
31542
22199
11062
19835
19779
9948
7666
9287
19293
10517
15829
20675
19266
10111
14529
20345
19476
8068
19245
21230
20287
20092
9425
14632
19878
10274
14393
19639
19527
8405
18841
19544
19466
12592
13743
19603
9540
15430
19497
20045
7994
18877
19909
20214
9992
13913
19943
10665
15613
21090
21438
21177
20706
20516
9784
15231
21329
19237
9891
14366
20201
19580
184871
19361
9869
15349
20335
9439
14428
18958
9532
15331
21071
18947
10867
15661
19962
19953
10749
15420
20102
20994
19024
7956
18280
18943
10474
16117
20750
19491
9384
7456
196152
14785
19420
19832
10706
16338
20781
19117
20241
10710
15201
20270
19384
9664
17014
20625
19241
9498
16122
19150
20513
10266
15325
7719
15747
20645
18813
8206
18390
19205
9641
14732
18710
33445
12310
18878
10410
15551
20346
19184
10454
15374
19533
9912
14633
20133
10472
14306
19317
10470
14397
20320
9600
16289
25811
15902
19425
9541
15377
19922
24632
19269
19344
10182
15395
20062
19503
9878
16655
21084
19867
19235
7215
18673
20124
10059
14309
19156
10241
14769
19648
9422
15025
20425
20280
10051
16015
19923
19706
9831
16090
19483
20046
10886
15912
20708
20472
9412
14985
20536
19159
10903
14230
18958
11354
14820
7950
14784
20325
19862
10876
14929
19814
9674
15206
20224
20030
19885
7954
18189
19411
10173
14983
20607
19320
10723
15103
19416
10137
14630
18779
7917
18344
21250
20125
20111
10076
16030
20290
19480
10023
15321
19769
19724
11158
15420
19871
19756
9805
15753
19345
9882
15071
19774
9482
14261
19285
10151
16208
19321
9965
14469
19405
10504
14922
19072
10409
14686
20347
19049
7685
18453
20130
19427
10849
15447
19842
20394
10846
14368
19159
9579
15834
19479
20227
7968
18638
19586
19302
7733
18905
20261
19538
10178
15590
19764
19862
8052
17936
8534
15000
19364
20363
10299
15302
18717
10835
14938
19099
10513
15983
21237
20080
19767
9946
12769
20981
20338
20314
10213
16625
20195
18881
10057
15326
18928
39148
8334
19692
18965
19920
8059
18861
19758
19507
10266
16133
19525
19702
7943
19117
20290
20424
9487
15201
7381
16143
20845
19349
20774
20219
7371
19674
19107
9961
14280
19279
10239
97535
19102
19298
19911
7720
20129
19924
20064
9457
15469
21056
20484
19638
10189
15574
19047
9987
14919
20605
20063
9871
15874
19441
31412
13046
20107
19611
10622
15682
7175
113863
20167
28014
18301
19097
9661
14697
19547
9769
16025
20344
19081
10031
15414
19571
9468
15534
19729
10181
15428
20971
20788
19406
10433
14879
19624
9821
13989
19672
10251
14821
19570
10026
15742
21023
20576
19891
20092
8130
18265
20204
19852
7618
18396
19548
20095
11174
14495
7205
15207
18932
10112
16266
20114
19789
10663
16044
20186
22680
20885
19492
19169
8717
18558
20224
19109
7702
18564
19724
19447
7391
18480
19230
10528
14121
19831
9831
16056
21733
21096
19929
19703
9922
16041
19769
9538
15417
20121
19307
10024
15969
19651
19845
10023
15617
19378
9523
14472
20435
10083
14408
19443
10065
16244
20471
19930
9622
13999
19128
10764
15232
18656
10609
16576
21007
21284
20558
8325
20728
21147
19502
20433
10314
15240
18870
10839
14969
19524
20066
7372
18552
19109
9598
16019
20080
19967
20489
7996
18559
19297
9518
15189
20098
20274
9805
14855
20267
9861
15709
23425
19043
21610
18899
10241
14580
19902
20293
10943
14702
20445
19431
10117
16613
20981
19856
19282
7883
17523
20342
19852
11372
15023
18839
10427
15605
19824
19244
8211
17415
19107
10280
15792
20213
9461
15401
20827
19042
9856
14692
20065
9669
14805
19228
10693
14178
8374
14344
19990
10300
15548
21148
20743
20066
19921
11086
21369
15628
21563
20465
19764
20251
10143
16333
19770
19370
10348
15904
19569
10442
13748
19371
10824
14840
19831
9641
14813
19188
20485
7594
18095
19794
9439
22321
14485
19481
9702
14578
18669
11050
15287
19075
9715
15397
19035
7230
18181
19807
20369
9620
15714
19625
9728
15510
20083
18883
10408
16728
118015
7346
17682
19088
7194
18487
20092
20459
7215
17242
9644
14571
20488
19179
10081
17102
20303
20005
20146
10021
15161
18986
10275
15140
19263
9626
16364
20812
20511
7351
129355
8056
18921
7530
17916
20074
20285
7626
18153
8496
14597
20215
19500
11433
15487
20014
19898
9630
15838
8110
15251
20931
19769
9437
14830
20373
19686
11194
15457
20014
19066
9884
15214
19912
9547
15264
20427
19289
10150
15028
20263
10280
13810
20361
9575
15981
20611
19680
20262
7538
19372
20815
20743
20138
20180
10371
15235
19207
7045
17755
9432
14661
19589
20632
9660
15605
19291
10051
14903
19405
9624
14762
19042
9847
15339
18883
7870
18635
19656
19277
10467
16421
20154
19270
10855
15369
20262
19138
10860
15364
20291
20061
7632
8854
10262
20006
19541
10775
15668
20199
20307
9633
8262
8184
19287
10710
15005
19228
9392
15064
19027
10304
15599
20483
19864
10290
15160
19610
9641
14654
19561
9776
15517
20001
12123
11511
20334
20343
7376
17277
19893
10250
14156
20341
19657
11335
14355
20255
9430
22292
14502
20106
19861
11164
16050
19868
18943
10022
15806
20210
20130
9873
13771
19904
20600
20918
9560
16104
19090
9389
16847
19631
19333
11430
20161
21589
16146
20343
19179
7475
18224
19620
19713
10810
15535
20430
19318
10553
15030
19738
20316
7462
18665
19440
10289
15041
21242
20914
20177
19242
10764
15376
20326
20272
10739
14780
19415
9974
14513
19185
9855
15215
19161
7409
17497
19637
9651
15611
19539
14116
10102
20115
34143
10486
19671
9683
15836
19979
20511
10107
14781
20476
20164
9682
15780
19643
19683
10469
16718
19481
19251
7270
18840
20543
19519
9609
15369
19106
10852
15888
19336
19823
9967
16194
19304
10117
14559
20523
19974
10635
14276
19618
9638
14987
19035
7388
18857
204817
17362
19042
10045
15161
19307
9449
16048
20174
19989
10947
14203
20512
19261
11284
16066
19842
19801
20203
10745
15372
19504
10251
14728
20831
19377
10490
14969
19359
7112
129610
29540
18881
10420
15249
19037
10001
15791
19971
19661
10066
16515
21139
19287
19966
7322
19283
19211
9527
15588
21364
20262
19682
9851
15691
20432
19364
10269
15046
20805
19974
10062
14907
19310
10314
16427
20244
19441
9457
15584
19800
9439
15666
20205
20080
19849
11098
14969
19524
10648
15174
19287
19664
10287
17187
20134
20848
19728
9598
15633
20511
20290
10428
14995
19326
9885
13974
19666
7433
18153
19510
19690
7795
18457
19272
9759
15472
19102
10230
16002
20281
7225
15756
19389
20161
11069
16179
21096
21708
21367
19509
12558
11281
19851
19956
8333
17315
19644
9814
15527
19924
19801
7881
17610
19849
9880
15085
19418
20543
10427
16068
18948
10332
14093
19304
8363
18236
19743
11157
19153
9615
16265
20080
20384
19784
10433
15949
20078
19109
11689
13382
18992
11479
15865
20652
20737
18699
10956
14709
19327
10040
14830
20451
19808
8082
18095
18730
10553
15236
19669
19762
10209
16097
19944
20156
10071
15467
19340
9828
15826
19289
20023
10523
15642
20432
19489
9770
14791
20604
19910
7982
17876
19584
33112
12410
19332
10459
13758
19717
10207
14599
18886
7821
20989
18533
19419
19608
10912
16667
21285
20969
19256
10083
13719
19174
10822
14561
19437
9923
15690
18907
10604
14688
19038
9973
16266
20123
19044
10528
15964
21197
19403
9635
14326
20374
20266
9845
15812
19882
20707
10446
15265
19802
20163
10656
14741
20338
20224
10241
8205
8941
19420
20477
10506
15625
20448
19299
20222
7252
19341
20643
20160
9826
15402
19479
19687
10584
15574
20288
20400
20442
7532
17977
19246
10374
16516
21242
20113
97137
12784
15260
20516
19820
10225
14394
25051
17651
18862
10193
15806
19917
20353
9651
16006
20217
19710
10097
16203
19346
9942
15399
20500
19712
20076
10721
15404
20613
8358
128350
8294
18929
10794
15252
19063
19931
8018
17784
19826
9949
15811
19066
9658
15889
20128
13287
10675
34750
8817
20254
19901
19629
8328
17926
20769
19272
10178
15901
19319
9592
14596
7199
15359
20310
19335
8079
18638
18922
9613
16052
20183
7932
16172
18989
10411
15050
19548
20309
10009
16036
19066
9611
15228
19901
19890
10524
15651
19686
19425
7974
18360
18907
11323
14199
19846
9728
14678
19780
24365
20079
19289
9830
16412
20507
19521
9639
15591
20123
20445
9659
14187
19787
10311
14569
19470
10559
16092
19467
19804
20314
19714
9881
17136
19713
19987
20106
10830
15426
20381
19805
10701
15123
20158
19514
10450
15592
19730
19914
10143
15938
19665
20184
8826
16805
35530
8953
16951
19200
10089
15845
19873
19383
10234
16535
20574
19802
9705
14889
20493
19426
7700
18894
19233
9574
14815
19953
10128
14102
20396
20330
9768
17861
19971
19471
9278
14015
19820
10134
16123
21042
20651
23603
19317
19340
9622
16514
20305
19357
10031
16205
19367
20432
10174
14180
19428
10617
15656
20588
20425
9830
14338
18673
10042
16352
21189
19905
18858
10814
17644
20026
19632
19885
10206
15102
20664
19489
11117
14194
19952
10022
14116
19039
10654
15430
20044
19345
10894
7199
10553
19481
9460
14440
19174
10141
15583
20452
20165
9925
15242
19964
19386
11048
15592
21068
19524
10613
14038
20406
19029
7358
19837
20086
20493
19375
30442
15202
20180
9719
15934
19992
19962
10215
14285
19726
24054
19400
19533
11020
14644
19553
10670
15209
19642
9699
15687
20405
20535
19704
10749
15958
19651
20528
20684
10687
14942
19018
76625
8274
19284
10733
15005
20294
20235
20168
11328
15306
19876
19468
7516
19210
20611
19538
19964
7656
18680
18901
10620
16618
29895
11500
20731
19466
8379
16833
20568
53836
11710
20241
23179
10471
13414
17717
19969
9539
15424
18992
9947
15222
20317
19452
10828
14429
20425
20112
10895
15782
20337
20168
9606
15105
19489
10069
14784
20475
19466
10480
15819
20135
19920
10007
15907
19343
19758
10520
16111
19648
19302
11280
13807
19386
7573
18282
19881
9682
15429
20756
19271
9766
16801
20527
19180
20080
8061
18734
20947
19302
9622
16032
19400
9862
15433
21394
20398
18596
9670
16769
21116
19087
20184
7931
17502
20261
23378
20125
20246
9764
16388
21594
20887
19712
9763
15634
20261
19666
9681
14258
19512
10181
16629
21015
19929
8355
16534
20394
18880
10656
14124
20431
19369
7551
19555
19229
20143
10119
15789
19010
20328
10625
15979
19610
19997
10893
18801
15266
19589
10257
14898
19007
10943
15255
19685
19846
20874
10403
15175
20650
19293
11083
14169
19708
9603
14800
19470
9950
15318
19815
9486
14778
24715
10163
13661
20166
19948
7810
19668
24030
18200
20660
19461
9370
16800
20423
19888
9846
14658
20632
20086
24364
19750
19966
19674
10968
15041
19330
10786
15002
19896
19701
10993
15525
20604
19104
7403
17983
19443
9512
14743
18768
11537
15142
19097
20428
25526
21187
20893
19915
19766
10393
15989
20718
20183
10105
14902
20974
18956
20281
10491
15203
19446
10107
16162
19979
19213
18456
19882
9690
14697
19282
9841
16119
8483
14195
19909
9605
16051
20670
20359
20074
10648
14878
20314
19784
10270
15247
19425
19846
7365
19497
19604
9628
19361
16573
18937
7703
17777
19366
10400
15864
19704
20246
9602
16025
20707
20452
19793
10925
14712
19865
19804
7571
18983
19588
203292
20737
19872
23218
20200
19432
10085
15875
20576
20128
10138
14890
20310
19789
11167
14621
20524
20272
9476
15617
20375
18998
8521
18301
21307
19687
20208
20184
8112
19670
172727
16140
15005
21117
20904
19099
9648
15382
20087
9947
14380
20275
19848
10029
15133
20023
9892
15404
20097
20100
9445
15809
19576
9796
15302
19293
9545
16200
18982
20065
19402
9742
14974
19079
11071
15736
20943
20444
19143
10421
15359
19504
9638
15236
20097
20283
20341
8280
17779
19910
9790
15748
20569
19996
20214
10318
15511
20394
20169
10566
14620
19986
19415
10302
16369
19348
19858
11087
16049
20490
19087
10184
16005
20250
20621
19686
10013
15629
20085
20307
10673
15441
19138
9657
15358
19050
10034
14758
19344
10573
15120
20953
19626
20507
7430
18518
19110
9718
16083
20340
19092
9595
15579
20176
9635
15203
20106
19046
10473
15576
19405
7185
18521
20430
19794
10078
15566
19605
8644
18858
7600
15584
19646
9589
14881
20694
19512
10749
14700
19312
24230
20709
19865
19965
10996
14597
20471
20141
9979
15914
20294
19566
9628
15444
18898
10635
14591
19251
7819
18210
18965
9702
15480
19923
20645
9831
14594
21174
20120
7280
16918
19682
10865
15368
19884
9656
15363
20271
19842
9865
15263
19686
10063
14908
20061
19544
9655
14937
9556
13607
19282
10319
15483
19053
20396
8371
18328
18856
20492
8039
18280
20417
19209
9969
16817
20771
19523
19991
8156
17940
20124
19407
7796
7399
12884
18962
12303
12483
18936
7200
18267
20302
20020
24079
18986
10382
14720
20562
20734
20229
7301
18626
19266
10335
14095
20383
19665
10763
16117
21133
19127
20328
7908
18743
20280
20374
19989
10266
16007
19027
10207
15507
21825
19483
18910
8298
18714
19283
9445
14785
19062
10718
13826
19028
11129
14661
18943
10502
119720
16441
20524
19411
7493
19641
20243
19702
10496
14349
7699
15232
18875
10485
14358
20094
15133
10446
20243
20064
10224
15187
20728
19009
10449
15750
19953
20122
10107
7940
135267
14774
19224
10470
15464
19875
19969
10302
15255
20344
11978
11396
19302
10201
14993
19043
34471
11470
19522
10082
14771
20434
20245
19884
10845
15215
19724
19699
22576
10810
15143
19520
19518
7954
17979
19590
10123
15019
18900
10219
15379
19136
10266
15160
20584
19622
9999
15179
18953
9660
15153
19488
20117
12289
13622
19443
7428
18338
19884
9421
14580
20387
9389
7593
8955
19624
19548
10567
16716
20643
19278
10414
14364
19086
10752
15373
19324
10000
13933
19215
10557
15361
19075
9968
15176
18915
19889
8121
18582
19833
19949
10584
15289
19974
20128
10908
15753
21066
19751
33210
10976
19380
19502
7560
19721
19173
9615
14574
19674
10370
15909
19871
19235
7541
18148
19381
10268
14720
19216
10102
15109
19626
9651
15012
19952
9701
14741
20766
19614
20347
7755
18778
19303
9807
15384
20243
9704
13751
19780
19718
7562
19215
20270
19815
9631
15641
19337
20301
6932
18969
19189
9862
15682
20082
19925
7211
19000
19117
20538
10794
14614
19365
9819
16627
20995
19243
19535
7740
18385
19829
9589
15285
20153
19780
10873
15804
27266
14226
20080
20390
7283
18683
20431
20325
20103
10254
16230
18866
9660
15765
20102
19105
10614
15425
19125
9901
15946
19687
19548
11426
13974
12040
11103
20408
20296
10026
14917
20264
9523
15456
20246
19072
7304
19492
20685
20566
19407
10736
15419
18700
10224
15423
19267
10025
15123
19049
9783
16122
20735
19683
9622
13954
18737
7594
18395
18958
10511
15532
7148
15392
20259
20079
9740
15283
20179
20511
9556
17206
20721
20317
19126
7709
16991
20209
19160
10223
14886
211721
11018
18728
10318
15509
20184
20111
10231
15052
18586
10645
14941
19333
20434
8557
18007
20209
9689
15395
20315
19130
10805
15316
19898
19800
9502
8865
8057
18831
7543
131890
30496
18946
18924
10098
26447
10478
19050
9410
16452
21024
19678
20112
10871
14625
19405
10278
14164
20214
9762
14798
19030
10283
15151
20210
20214
9725
16415
20082
20547
9794
14820
20144
19709
7596
24613
14661
18765
10154
15323
20590
9503
15307
21558
19521
18983
8936
18486
20475
19144
20391
8267
19288
20614
19101
9991
15405
19179
10031
14780
19294
31184
13114
19354
7326
18430
19833
20148
7541
18553
19082
20060
10982
15522
19619
20290
10640
16088
19707
19011
10750
15125
19146
10118
15620
19107
19621
7717
25343
15610
20154
18748
11188
15808
21720
20507
20498
9752
13784
20314
19845
10321
15294
18963
10222
15428
20308
8393
14780
20375
9953
14786
19199
9479
15293
20111
9288
15379
8641
19447
10119
16131
20261
19685
20266
11246
15494
20283
18986
10943
15308
20386
18700
11218
14818
19687
19717
7811
18347
20289
20067
10276
15080
11016
12466
18758
10415
15159
19710
9579
14487
20087
9429
14877
20736
19560
7474
18737
19481
20060
10202
16319
19471
19860
10143
16210
19276
19948
7942
17690
20263
19723
10425
15296
35895
8383
20666
20055
19374
10149
20618
16911
19823
10138
14415
20094
19317
10628
15825
18989
10526
15006
20548
19429
7548
18374
19666
20111
10635
14902
18976
9901
15931
19964
19750
7514
18657
19228
9558
15628
19757
20107
10831
14203
19852
20090
10936
16269
20105
20215
9656
14399
19405
10595
14419
19351
7661
17406
18965
10066
16641
19887
20091
9834
15425
19492
20061
10924
14641
19290
10464
13790
13907
10667
21161
19081
20284
10643
15358
19153
9507
15281
20023
20252
11374
14154
20257
19969
93795
12331
20111
20103
10626
15745
21191
21390
20875
18882
7451
18420
19124
9486
20472
16704
19246
19880
11306
16051
20164
18921
10303
15469
19282
9933
14461
19992
9982
8334
128125
19666
19917
7292
18682
20105
19609
7247
18890
19403
20534
9892
16892
20766
19450
19779
10815
15880
19262
9540
14831
20264
9608
14979
19332
19891
11251
15307
19331
9610
15182
19379
9819
14216
19878
10241
14351
19304
7312
18804
19351
9600
14218
19478
7178
19692
20918
19060
9856
8817
8755
20713
21733
21007
20004
20315
20472
7808
19016
19646
20282
9686
16137
20542
20272
20284
10633
16006
19558
18859
9969
17282
20492
19591
20171
8046
17248
19594
10358
13815
19511
10147
15483
20032
9909
15025
19505
19502
7215
19219
20318
19409
10733
14771
20424
19600
7505
18750
20415
19807
7673
17776
19748
9702
14750
20004
10046
14659
19390
10064
15574
20917
19751
9877
15476
19943
18974
307502
18813
19847
9378
14818
20005
19685
7600
18523
20038
9445
13985
19901
10006
16450
20173
20412
19109
10348
15306
19089
7573
17523
19147
10189
15823
18902
9420
15442
19378
20507
7906
19097
19543
9550
13383
19568
10082
15731
19338
10431
15147
27144
16093
20851
20391
19838
9841
15875
19227
20356
7692
18098
19638
20151
21157
7715
18549
18812
8692
18060
20585
19415
20003
10508
15851
21335
18939
10565
17030
18960
20359
19616
20237
20132
10994
15384
18907
7232
17376
20303
9538
14364
18719
11046
15828
20132
20143
26330
18759
19480
19579
11037
16127
21268
19700
9484
14882
19262
20313
7286
18350
19278
11043
14821
19389
20314
10212
15451
23666
19110
20285
19746
10633
14568
20049
20403
10327
15186
20000
9861
14660
19492
10068
15243
20103
19239
6997
20164
20929
19903
19162
8061
18542
18917
10631
15057
19097
10068
14210
92785
10374
20582
19542
7597
18863
19766
19646
10161
15494
20223
9626
14518
19081
10820
14348
20331
20123
10491
14585
20389
20099
10238
15774
18866
9840
14766
19612
20710
8243
131646
7604
18920
10271
16265
19977
19533
9764
15226
19635
10020
14366
18902
10665
14970
19613
20387
7321
18361
26984
16466
18937
10028
15998
21230
19442
20686
10016
16010
20533
19720
9427
15734
19949
19571
10160
14697
20282
10305
14361
20723
19271
7830
18105
19115
10345
17344
19476
19838
19318
8560
19111
20294
18961
7517
17723
18839
10830
24669
11022
19448
20474
10946
16201
20238
7799
15846
20142
19634
9863
15864
19200
9890
15747
20099
19964
10142
15248
19851
9847
14884
19954
19666
10162
16155
19384
19067
7920
19508
20173
19243
9471
10755
8986
19230
19076
9943
16033
19402
19566
10402
16288
22794
20284
19650
9640
14186
19746
9541
15153
19668
10250
14807
20510
19297
9617
15996
19410
20522
7759
14750
19511
9225
15984
20101
19711
9743
16920
21487
25078
16194
19921
10203
14972
19632
9658
15338
19801
9529
13951
20091
20153
10594
15406
18781
10610
14302
19913
10166
16673
21053
19851
19607
9798
14813
20068
10569
14082
19285
9518
15500
19225
10514
15312
21027
20525
19844
20083
8150
18521
18860
10256
15111
19367
19773
11409
14936
19018
10776
15023
19064
19932
11307
14943
20430
19717
10313
16824
20789
19648
19291
11192
14784
19801
10462
13988
19041
10056
16066
19396
9421
15155
8383
15005
19007
10153
15737
21035
20394
19715
20042
11273
16598
19931
19519
19811
11307
15343
19668
19596
7856
18948
21372
19160
20446
10309
15835
20066
19320
11268
15404
19579
19228
8274
18533
20602
19706
9938
14978
19205
9723
15971
19108
10262
13712
20155
19727
8517
18394
18966
10250
13931
20210
10564
15795
20953
19451
93212
11226
20343
19873
9666
15976
19789
19518
11232
15323
19061
9333
16410
20267
20632
9559
15430
20906
20520
18896
11409
14322
19093
10333
15479
18892
19968
11144
15857
8619
128151
7495
20235
19844
10720
14564
19409
10049
15261
19218
9579
15302
19287
20229
7830
19166
7371
15235
19069
9714
14783
18981
10349
15246
19369
10486
19076
16851
20302
19550
10272
15906
19141
20586
7382
18447
19492
19811
11153
15644
20507
20106
20259
11117
15845
20512
20069
9872
15254
19589
20266
9808
14624
13946
10453
19300
9433
14741
20649
19743
9652
15775
20321
20492
20311
7079
18951
19570
9843
14137
20347
10340
14794
19435
9696
14767
19216
9651
15820
19833
20048
11156
14798
20317
9647
14763
19133
9569
15849
19390
19753
7333
18567
19685
9427
16025
21053
20107
19851
7638
17211
19523
9549
16857
20789
19969
20213
10041
15374
30768
11613
19618
9687
15666
18830
10544
15274
19753
20004
10470
15000
19483
20009
10731
15384
20108
19841
20979
19340
7983
18948
20713
19449
19999
7733
19164
19502
19373
8025
17994
20348
9724
15481
19359
9810
13855
20362
9671
14905
19036
20166
10587
16276
20011
19111
8374
18651
19281
19651
10089
16051
19296
10455
15707
21687
19790
19064
10822
14871
20172
19143
7817
18526
20876
19882
9500
18946
18446
20152
19687
10666
14505
23583
19805
19209
19570
8092
18744
20111
20279
10149
16257
21382
21583
19998
19692
9625
15529
19494
9881
15131
20330
19762
10885
14307
18964
10768
14763
20131
19400
10907
15544
20205
9343
14327
18941
9973
15400
20368
20143
10328
16507
19343
19790
9611
17338
20231
20119
7902
15387
19379
7529
18487
18865
19709
7593
18835
18977
25641
19723
19657
10250
14837
19704
19871
10220
15473
19200
9969
16093
20000
19728
10510
14441
19332
20584
8052
213748
7917
20936
20128
19035
9861
15071
19168
10852
15553
20784
20112
19135
11509
16226
19884
20191
20091
10244
15760
20524
19297
20446
11499
15351
20733
19907
20464
10527
7962
167232
10283
15631
20555
21261
19952
20428
20444
7496
19811
20294
19465
19801
11451
19832
17032
19138
9642
14943
19164
9651
16982
20112
19902
9731
15112
20123
19661
10676
16212
19741
19168
10212
15691
20523
19458
20240
8053
18426
19846
20281
20786
11555
15060
19380
9969
15774
20345
20413
20346
10030
15995
19969
19578
20983
7376
19540
20753
19423
9928
21138
14663
20083
19718
11353
15712
20789
19513
9622
15277
18692
10260
15173
19143
10025
15569
20450
18709
10777
16853
20292
19246
10084
15635
20285
19864
9523
15965
18825
10005
14951
19343
10263
14429
19387
9512
15003
9528
13814
19553
10005
15163
18942
10141
14904
20274
9760
15075
20008
19379
7551
17805
19889
9566
14989
20170
8680
15125
19884
9984
15621
20581
19640
20158
7706
19076
19138
9840
15584
19692
19302
10671
16001
20303
19261
11024
15106
19752
20123
10846
14604
18851
7961
7641
10251
19920
7547
19025
20868
20165
19904
10625
14608
19519
13901
12146
20778
20472
19872
9728
16117
21699
20165
19441
20820
7685
18203
19610
19546
8495
18736
20015
19837
10443
15382
19097
20665
9798
15637
19867
9942
14594
19301
19921
9407
14840
19899
9451
15646
19671
20482
10768
13789
19358
10935
15831
21319
20375
18851
33792
11297
19314
10452
14959
20280
19281
7761
18934
20224
9438
14630
19809
19642
7272
19691
20507
18840
10553
14743
19900
19838
10609
15616
20267
20164
10428
19188
17794
19521
19410
10883
15347
20235
9549
14354
19039
7914
17798
18822
10575
16020
20367
20523
11082
13495
20126
19296
10280
15848
20197
19542
10302
16120
21312
20107
19538
10520
15264
71901
11654
20711
19716
9430
15158
18858
20349
8134
18878
19883
19698
9991
15453
20467
20193
10676
14183
19984
20051
11034
14858
19205
10430
15900
21112
19780
20026
11112
8179
104533
7973
18774
21014
20849
19756
9703
14965
20313
9641
13988
19948
8374
15645
19957
9649
16136
19466
20245
9823
16544
19619
19411
10445
16830
20927
20134
19280
7389
18684
20426
19661
10117
15153
19713
9603
16454
19157
19248
35249
11315
19676
19308
10060
16355
19099
9821
16526
19628
19767
10753
14483
19655
9988
14810
20164
19544
11167
16078
19395
19338
10188
16356
19102
19864
20525
20220
7852
18465
19318
20190
10820
14117
19705
9967
14758
19779
9559
15728
18928
10543
15403
19410
19971
10309
15666
19760
10043
13789
20287
10126
14158
12334
10871
20061
8338
16046
19783
9581
15648
19249
20353
7389
18499
19426
9648
15563
19587
19505
7472
18207
19029
20388
8546
18642
18999
10037
16107
20690
20487
20107
10143
16167
20275
20502
20048
10473
14756
20620
19500
10385
15407
19331
20331
7938
18473
20407
19300
7418
18608
20133
20079
9562
23200
13325
20365
19754
10908
15543
19351
9756
14686
18779
7761
17805
20087
20367
10687
15816
22415
20032
19497
19671
11083
15369
19187
9511
14970
19092
9641
15784
19130
10021
16205
19287
20102
10194
15176
20420
19946
9979
15920
19085
9951
15240
19669
9642
14988
18683
10221
15978
19681
9497
14171
19482
10258
14527
18818
10518
15515
19100
10092
15406
19844
20087
8210
17376
19300
9473
16025
19179
9721
15324
20527
20167
19996
7711
18507
18981
10148
15753
19890
19618
10255
16164
7044
15138
20156
20704
9498
16610
20220
8456
14792
19580
9634
15695
20667
19355
20589
10010
15666
19510
20350
10846
15541
20510
19422
7389
17834
18882
10369
16161
20769
19220
10702
15139
109969
12711
20349
19425
9738
16828
19979
19278
10140
15171
19379
10064
15205
19648
19749
11514
15400
19882
19438
7444
18816
19927
20315
10385
13917
19413
10767
15186
19558
8575
130412
9091
19056
19496
10886
15382
20591
18981
9749
14771
20358
19909
7472
18896
20164
20068
10403
14994
20357
8616
16098
21128
19333
19564
10685
15592
20587
20110
10248
14458
20208
19583
10723
16811
19705
19240
10921
14425
19512
9318
15149
20044
10085
15030
19055
10511
8665
7740
18846
9502
15523
19644
20461
9892
16770
20301
19750
9677
15540
19670
20329
10591
14180
20453
19594
7466
19000
18857
10872
14337
19102
9825
15574
19493
10071
15132
20074
19382
10851
15903
20856
19779
19610
24711
20266
20522
9662
16214
20497
19767
9625
14625
20276
9691
14519
19694
10004
15389
18987
20266
10313
17015
19922
18948
10890
15024
20124
18846
11030
14999
19632
9859
16187
19619
20453
20329
7922
309228
10547
20517
19978
9421
19164
10181
15290
19830
9506
14623
20528
10447
13368
19145
10682
14558
19289
9543
14997
19611
7415
17794
19733
10332
15381
20646
19230
20487
7223
19094
20479
18805
7299
18673
19858
10239
14181
18762
8764
17707
20682
19036
10232
16084
19283
9480
16145
20046
20461
19286
10453
15420
19421
20333
8060
18187
18905
9851
15823
20420
20281
9554
15045
20364
19287
11246
16436
20108
19829
9963
15456
20914
18867
9709
16365
20483
19066
10663
14898
19483
9979
15215
19722
20080
20129
11404
15342
19084
9524
16073
20485
18886
8025
17815
7871
15172
19220
10610
14668
20606
20222
19768
7483
20033
20813
19217
19944
10287
17292
21033
20087
20912
20154
10168
14471
20656
19006
8655
18161
19101
9860
18806
17712
20460
19293
8084
17588
18937
7459
19282
19650
19970
10553
14276
18974
7708
17997
18957
7549
107949
18858
14564
19987
19308
8080
18887
20251
20343
19904
10222
16013
19688
19686
10384
15908
19329
20026
11072
14651
19723
15363
9682
19498
10211
14403
19469
20060
7436
7949
142787
12590
18531
20733
19784
9472
15998
20814
20586
19500
9736
15769
18760
10589
14720
19302
33928
10752
19503
9868
15171
19065
10621
14626
19329
9840
21517
14971
19573
10260
14254
19902
9547
16040
20471
9663
14577
20033
19284
10315
15102
20552
20325
9641
15826
19879
20304
10168
15830
20265
20128
9434
15099
19618
9965
14220
18841
10466
17642
19730
20370
19801
9843
15813
19654
20113
10369
16057
19445
20277
10341
14992
7288
15938
20579
19208
10363
15994
21449
20608
20177
9648
14441
20461
19931
7418
17862
18980
10851
15865
20428
20210
9604
17425
18748
20394
19456
10326
15533
21117
19531
20764
10131
15227
19100
9824
15767
20564
20304
8333
16663
19481
10051
15756
20346
18920
9902
19826
20328
10772
17149
19230
19322
10292
14338
19633
23938
19833
9520
14587
20408
9476
14588
19682
20644
10547
13945
19942
10226
15414
19892
20090
10743
14157
19139
7250
18803
20328
19530
10586
15171
19097
10027
15248
18810
7900
20323
19299
20181
26955
17438
19583
21009
19841
10848
16634
20367
18982
9940
15161
20123
19442
9054
17854
20084
18761
7446
18059
19589
10214
15182
19716
7019
17486
19056
10604
15035
19233
9895
15031
19525
9425
16628
21464
21301
20611
19439
9715
14979
20646
20180
20292
7862
18768
21446
19866
19926
10286
15708
20984
19508
19713
7957
19098
19108
9503
15276
19551
9728
14661
19487
10261
15517
19648
9558
14297
19476
19834
8056
19615
20404
18963
9911
15164
20246
9609
15537
20303
19432
9898
14558
18857
8019
18003
19150
10447
15138
21218
20461
9321
15510
20928
19556
9855
14910
8598
14122
105363
17702
20343
19182
11492
14953
19323
7169
18025
20969
19005
10344
15647
20421
19924
20255
9923
26779
10887
20631
20311
9677
13981
19825
10714
13956
19704
9421
16673
7374
135400
21705
19922
20127
9784
14903
19859
10220
14261
19505
20304
10874
14126
20315
10929
14118
19506
10246
15073
19379
19566
7617
19095
20461
19594
19919
9857
17054
20276
20481
19723
10313
14942
20051
19625
7538
19157
20371
20210
9928
15732
19984
7158
16461
20220
19441
10539
15821
19205
10429
14376
18589
7693
18072
19714
9838
14424
20130
10125
14108
19042
10785
15768
19534
19829
7377
18131
21644
20605
30588
12843
19101
10452
15591
19074
9441
14579
19420
11125
16456
18701
19759
10794
13823
19905
9379
17061
20892
19370
9543
14467
19061
10775
15353
19528
19850
7610
19079
20671
19158
10439
15756
20949
19477
19904
10972
15688
21056
20728
19061
8030
17235
20525
21306
20312
7122
12283
10443
15037
19071
10906
14756
19503
9381
16654
19958
20264
20543
10007
15410
19739
20784
12830
15586
18795
20245
18778
10991
15614
19321
9259
14961
19482
9866
16097
19760
19902
19891
8136
19474
19520
9461
14974
19250
20147
10211
16863
19851
19200
10021
16300
19904
20438
10698
14366
20286
9432
25297
11409
20713
19482
9437
15256
22123
19625
19484
10475
18056
18348
19404
9772
15643
19084
10227
14412
13747
9885
7734
16538
19804
20543
19067
8322
17880
20551
20230
10160
14788
20012
20007
7415
18953
19662
20208
10038
15393
19780
20208
10150
15514
19687
19930
7328
19353
19382
19602
8375
17788
18706
7055
19241
19589
19739
10257
16179
19584
9611
11075
18806
7738
18572
20835
19545
10261
15066
7610
15208
20461
19974
10643
15140
20416
19405
10707
15704
19887
19182
11409
14651
19617
9466
14969
20276
9815
14029
20147
19851
96868
10131
20447
19784
19796
11006
15269
20226
9517
14944
19445
9647
15566
19448
8262
16035
20238
19560
10499
16031
19039
9509
15717
19579
31817
13367
20311
18709
10989
8436
136097
14448
20286
22779
19751
19643
10308
15280
20558
19882
10013
15597
19558
20511
9441
15133
20438
10050
14443
20251
19080
10851
15587
20360
19569
9945
15862
19309
9376
15258
18751
7871
18859
20804
20246
19145
11454
15497
20288
7234
16674
19195
9529
14865
18948
10010
15400
19318
20112
34630
13248
20714
20334
20263
19662
10726
16372
20174
19758
10084
15794
20345
20647
20548
10483
15615
20248
19386
10633
15876
20281
19867
9455
14913
19882
19862
7697
18579
19300
10229
14822
19839
9846
14873
19648
19666
10260
15725
19871
14752
10366
19804
19333
8695
17151
7117
16913
18860
20074
11124
14718
20571
9409
14695
20311
19097
11090
14735
19263
10461
15448
19509
19629
7610
18813
18959
9243
20639
19192
10292
14784
19069
10441
15846
20015
20323
19349
9502
16883
19999
9302
16317
20702
19352
9389
14971
19339
10121
15502
20561
19536
9982
14512
18744
10989
15617
19061
10027
15476
19429
10265
14784
18967
9872
15567
21308
19087
19985
7994
19492
20746
20222
19993
10809
14082
19901
19863
7849
18107
19461
9867
15721
19893
20046
10424
14791
19103
10021
14782
20712
20896
19968
7841
18033
19260
10208
16051
20716
20088
18867
8117
18221
19147
10174
15201
18923
20330
7986
17545
9558
14883
19914
20275
20121
7187
20448
20332
19614
19652
11520
15854
20029
19468
9917
15109
19188
9878
15540
20057
9278
15308
18899
10269
15773
21394
19042
19290
8640
18084
19591
9747
14558
8705
15215
20274
19608
9949
16275
20723
20251
20112
10303
19512
17425
19233
9630
15646
21296
19600
19728
10613
16277
20774
20204
9600
14276
19050
93687
11506
20571
9681
13579
19692
10139
15285
19906
20276
9947
16058
18882
10051
14803
22768
20292
18836
10158
15420
19157
25449
18882
21097
19224
10936
15159
19267
10276
7386
122562
8756
20297
19141
10684
14948
19528
20024
10266
15474
19682
20112
7122
19986
19481
19642
10352
15611
18971
10792
13537
20458
9478
15326
20448
20030
9777
16085
20686
20088
9969
14440
19216
9511
15892
20381
9364
14871
20447
20163
9275
15182
19052
9620
15006
20333
8060
16955
19141
10203
15120
19079
9418
16422
19950
19186
8656
17289
20063
19879
10012
15610
19101
10527
15950
19861
19266
10189
15199
19109
10888
13928
20674
19589
10964
15124
20569
20071
9517
16430
20982
21414
18877
11519
13254
18842
10446
16298
19382
19529
10505
15429
19150
9669
15138
19715
20151
8191
18621
20132
19129
7800
18699
20425
19500
10579
14193
19027
10246
16435
18942
10368
15389
19820
19242
10818
14898
19168
20235
9655
16042
18937
10870
14026
9707
14116
20171
19846
10973
14927
20127
20272
7496
17576
18860
10442
16333
20325
18902
33203
12624
19379
20053
10400
15448
19121
9568
15397
19511
10164
15343
19732
19980
7582
18424
19507
20274
8010
17840
18911
20361
7846
18017
19466
7585
15912
25151
18592
20879
19625
20420
10010
14430
20456
9744
14968
19401
20333
7461
18784
19536
10186
13723
19963
20047
7913
18236
20448
19244
7737
18984
19002
9786
15208
21507
20456
20168
9922
14999
19374
9896
15653
19456
20214
10262
15958
19798
19902
7155
18700
19926
19685
32603
12550
19686
9722
16076
19722
19365
8441
17374
19304
10051
16204
19029
19827
8200
17754
20606
19548
10865
15485
20342
19848
19833
10942
16395
20389
19321
10810
14846
20488
19564
9947
14992
19749
9981
15435
19581
9497
15016
20060
14226
10569
20223
19266
11243
195826
20070
19024
10424
15102
19654
9791
14702
20558
19811
10231
16081
20374
19339
20304
9982
15735
19501
9914
14499
20164
19871
7933
18214
20347
9607
15013
21432
19606
7309
198700
18974
19132
10307
16208
20626
20337
19497
7602
18434
18916
10856
14732
19312
9610
14813
18869
8351
17395
20019
9980
14698
20122
19169
7155
19696
19752
9364
14587
19707
9529
15217
20081
9620
14458
20451
19923
7369
18377
20097
19644
10893
15814
19490
7133
17143
18989
10547
14698
20080
20184
10276
14599
19664
20562
10828
16455
20504
19625
9681
14967
20624
19791
7138
17639
18908
10462
16594
20265
19508
10018
15636
19222
19323
8071
18460
19128
10324
15041
19146
20321
12535
14016
22316
19579
19416
10103
14984
20073
20427
10932
15368
19978
25801
18765
20691
19741
19742
10908
15743
9686
12213
19211
7699
17989
20634
19631
10443
15858
19251
20512
21138
10225
15603
19097
10399
14944
19828
9882
14620
19922
23256
20222
19119
7803
18450
20511
25029
18877
19287
9821
15389
19517
9400
15200
20928
19877
25842
19261
20550
19872
9922
15092
19137
9671
16800
7408
13976
20339
19847
11066
14789
19943
19933
10015
15471
19213
10803
15358
20150
18760
11306
15952
20635
19745
19717
10894
15376
19349
9867
14725
19723
9720
8270
8474
19105
10032
14287
19388
10175
16926
21249
19279
22923
21175
19263
20266
9644
16809
21032
19504
19584
7447
19756
20199
19229
10903
14688
20352
20274
10020
16529
19787
19117
10435
14477
19462
10051
15402
19287
7359
18111
18860
10288
14529
24077
19281
20750
19015
10521
15376
18885
10061
15775
19357
20220
10725
16011
21128
10273
11748
21256
19925
10061
15974
20834
19292
19724
10653
15401
20445
20288
9403
16526
20531
19494
20170
7155
18540
19401
11403
14018
20333
9507
15583
20596
19091
10228
87229
8232
9397
14060
19910
19928
10844
17816
19097
19308
9995
15672
19870
19625
11087
15154
20362
19363
7475
18354
20067
19114
7582
18897
18964
10996
14228
20486
19910
8826
115930
19864
20159
11457
15688
21138
20768
20482
19673
10868
15882
21016
19422
19889
7819
18241
18996
10391
14098
20146
9656
15993
19584
20321
10029
13051
19342
9948
16671
21282
19870
19553
10388
15132
19026
9867
16098
18862
9627
15615
20340
20645
8363
16134
20207
20388
20092
8333
18711
19901
20271
10000
15841
20352
19669
9997
15848
21512
21499
20364
19145
10656
14263
19092
7918
17892
19008
9626
16483
7242
15694
19051
19682
7892
18798
19504
20293
10503
15573
19099
20022
7494
19492
21029
19338
19748
8123
18570
19526
9689
14697
20124
19871
10630
15240
20274
9681
14724
18938
10786
13786
19368
20886
19772
10266
15761
18928
10225
15414
20514
19303
10605
15041
19611
19805
7277
18047
9377
19102
10846
13537
20294
10402
15100
20515
20369
10138
16214
19933
19665
19708
10471
15523
21717
19651
20487
10338
16048
20876
19544
9456
14503
20244
20321
9697
15687
20215
9826
15307
21092
19470
20161
7400
18602
20282
19363
10082
16399
20256
18876
7919
18888
21439
21574
20291
20150
19882
8061
18656
21402
19644
19990
10686
15302
20870
19620
20327
9928
17195
21980
20523
20512
18881
10044
16581
20369
19266
10044
15985
19308
19789
7849
17717
20406
12262
11476
19362
10240
16004
21076
19618
19789
10364
15605
20506
19422
7840
18369
20068
19063
7979
18108
20095
9625
14966
18978
10060
15172
19415
10077
15450
19965
20367
10199
14702
8582
14080
20262
9314
16348
21045
21115
20836
20234
20365
19802
8387
18461
20350
19904
9870
16364
21251
19366
20143
10516
15356
19682
20428
10769
14377
20199
20227
10474
15736
21590
205342
17017
19739
19461
7733
18728
19581
20164
8333
18778
20301
19306
20108
10594
16664
21251
19638
20343
10857
13517
18879
8256
18219
18944
10652
14985
19109
19701
7368
18937
167069
15484
19305
7302
19926
19938
19239
9901
14532
19690
9977
15664
19227
9697
15757
19860
19312
10342
15496
19225
20087
10666
16216
20557
19070
10142
15002
19270
10528
14866
19876
9962
14478
19015
11076
15494
21105
19280
19777
10620
15161
19470
10377
15018
19421
19790
7894
18528
20252
19664
9920
15210
19247
7574
17857
19040
10348
15400
9841
12776
19782
9747
15907
20305
19953
19863
9252
17113
19598
9840
14887
19079
9771
15411
20338
9405
14739
19564
20331
11002
15465
20413
19544
10415
14035
19397
10198
15135
19471
33035
11264
20225
10066
14535
19693
22590
20174
9623
15796
20500
19869
10293
15558
21430
21026
18845
9757
13809
20654
10550
14465
19577
20087
7590
19372
19205
9782
14548
12228
19331
19870
11210
14438
19622
20338
10751
15101
20130
9969
13998
19584
9525
16427
19309
9397
15768
19935
19876
10689
14337
19289
10433
15256
19953
9785
14073
20400
9538
15806
19667
19953
21355
20277
8250
18575
19725
9427
15567
20235
20424
8694
16145
20211
20041
10324
14584
19851
9702
15968
19671
19702
7626
17712
20262
20105
10563
14367
18837
10735
14749
19058
7614
17898
19794
20382
10785
14882
7660
16628
20291
19935
20233
9901
16608
20296
18869
7216
21169
18829
20037
19550
11233
16220
19742
19342
10382
14898
20269
20402
10372
14862
20348
19901
10266
15274
19319
9730
16234
20362
20062
9735
15195
19025
10255
16134
19552
20107
19687
10913
15041
19602
9967
15319
19138
10222
16671
19271
20012
10240
14622
20374
19225
10264
7204
9600
19322
10650
14774
19701
20048
10435
15410
20243
19536
7871
19058
20235
19779
114547
11153
21528
18934
20021
11272
15194
19045
9471
15164
20168
9559
15630
19117
26131
24650
16226
20644
18897
10214
15424
18938
10133
14225
18844
10503
15179
19849
10286
7170
135225
15392
21675
19917
19658
11092
15141
19333
20168
10224
16025
20829
20259
9820
14542
20586
20271
9847
14705
18896
10891
14007
9447
13856
19779
20269
10623
15713
18697
9957
15005
19164
10727
15267
19376
9607
14984
19579
10250
14199
18762
20294
9853
15656
19432
9909
15189
20850
19041
10000
15726
21345
20390
19063
10194
15384
27414
15169
19196
9687
16288
20102
19371
8736
16640
19896
9861
15433
19136
9965
14432
19578
20354
11248
16154
20034
19109
7632
17776
20455
19199
10984
14767
21456
18859
10646
15546
7276
215910
20385
19172
10847
15311
19007
10104
16007
20678
19187
9966
14667
20641
19887
10771
14628
20063
19267
8596
18748
20807
19928
9439
14558
19104
9867
16147
21353
20264
20509
20085
10842
15389
18880
9816
16794
20969
19165
9489
15948
20323
8254
14832
20092
19843
7317
19340
19262
20471
9952
15909
20123
20317
20220
10346
15496
18927
9985
15745
19100
10306
14854
19006
9707
15937
19166
19862
8687
8232
10984
20196
19693
7799
18889
20673
19325
10608
14127
19960
10013
15476
21581
19965
19320
9805
15188
19156
10162
16235
20854
19661
9643
15002
20534
11478
11885
18802
10107
16287
21315
19069
9926
15005
19488
9622
20201
16226
19725
20022
7214
18897
19866
19764
11302
15866
20510
20238
9659
20913
14942
19642
9945
15576
20472
8587
14504
20507
20126
10673
14973
19441
20124
10307
16553
20814
20431
19711
10371
14868
20122
19912
10517
15287
19804
20428
7092
18446
20509
20354
20034
10895
27303
8662
19466
7803
18776
19923
19720
9478
15301
20326
19914
10482
14554
9752
13963
20328
19288
11217
104837
11323
19338
7312
18903
19865
19044
10493
15385
20503
20058
10403
16089
20634
20308
19801
9928
16045
20071
9454
14019
19251
10856
14505
20120
20153
10691
14338
19049
8310
127031
12415
19822
20016
10282
15631
19297
20643
20647
11295
13758
19056
10827
16857
19986
18968
9709
15762
19620
9823
15158
19680
9697
15107
19511
19958
8557
17430
19374
19989
8155
17627
19087
10869
14319
19389
10185
15023
20071
10646
14933
20415
15505
19381
10489
15596
21369
26676
15721
19134
20512
10066
15141
24207
20009
19649
19538
11256
14884
20595
20351
19707
7186
19027
19107
31584
14021
19390
20323
9883
16015
20276
30953
12943
19702
19923
10720
16263
21325
20229
19531
10870
15279
19467
19688
10523
14904
19420
9887
16150
19279
19522
8340
17854
20213
19823
7428
18615
19098
13923
11729
19524
19687
7304
18748
19758
20391
9853
15145
19244
7420
17499
19694
20184
10995
15764
19520
16805
20059
20089
10451
14429
9566
12825
20041
10397
15090
19315
20435
7998
18731
19512
19126
10889
16340
19275
23294
19815
10082
15051
20300
20083
9533
14859
20213
20551
9764
15297
19195
9981
15266
19933
19458
7674
19369
21266
19510
19487
7794
18594
20413
19960
9636
16514
20604
20264
19495
11082
14989
19462
20328
10849
15487
19421
20603
9450
15902
19361
10009
15150
19143
9446
14910
19563
10446
15205
19410
10034
14157
19507
10933
14482
19712
9646
14989
19323
20101
10250
16052
20232
9533
14679
19649
19820
10566
15948
19239
10083
14435
10442
12323
20452
9423
14893
20129
9487
15317
19896
19722
32360
13306
20248
19341
7842
18711
19629
9494
14358
20021
9859
14723
19923
19636
10482
15627
19250
9566
16046
20139
19090
11425
14635
20364
19766
7206
18125
22194
19569
9879
14498
19146
20515
7578
19256
19947
19564
11302
115887
19502
19923
20351
10287
16158
19379
19678
19628
20342
9817
16554
21190
21311
20139
20170
20125
22967
9926
15730
20693
19222
10455
14447
19621
19897
7129
19569
19115
8718
121046
16102
19632
7314
18257
19533
19254
7458
19502
19840
9907
14005
19528
9594
15535
19965
19851
10524
16707
20249
19373
20223
11112
15884
19609
19482
7549
18122
18899
10750
15813
20053
19562
9799
16436
20471
19683
20323
11133
15906
19811
19304
8182
16902
18891
10458
17146
19432
19537
10298
14698
19974
20630
9477
15810
19394
10008
15194
19912
9422
15207
19510
19782
7588
18287
20051
9902
14336
20323
8608
16536
20157
19339
9909
15816
19100
20314
10429
15684
20651
20328
10203
15249
20499
19103
7565
18896
20544
19042
9911
15307
20403
9626
14820
19288
19493
11374
16321
20510
19953
9483
15172
19890
20266
10054
15194
20708
20730
9456
14864
19095
9563
16472
20307
20507
19648
11291
9571
15170
19653
9680
14539
18712
20916
8343
17911
19280
13861
10791
18884
10245
15492
21514
31816
12332
19138
19675
10969
15765
19426
19574
10943
15648
21667
19896
18615
11475
14554
19473
20552
10945
15551
19522
9861
14904
20236
9822
14273
19205
10836
15179
19969
19250
10894
14282
18974
10251
15948
20412
19275
10100
15687
18747
10119
16415
20523
19071
9866
14137
20544
19790
8364
17633
19010
10364
15042
20196
19642
8409
9460
9919
20344
20028
7118
19471
19701
19148
7589
18268
20174
19221
10549
15999
19522
19323
11567
16035
19097
19882
10091
18733
18851
19962
20447
9584
14615
19804
9452
15212
18890
7911
18316
19136
20067
11205
15268
20303
19701
10319
15906
20078
20276
9667
15113
19730
9682
14924
19171
10306
14890
19107
10421
15066
20615
19504
9828
16013
20102
19164
7780
18659
19117
9902
16046
19261
20074
10125
112185
11269
15515
18855
10675
15404
20034
20113
19825
10174
14312
20507
18937
11030
15770
19145
9557
14861
19251
11111
14534
19913
9507
15751
7348
15425
19750
20168
10677
7876
130112
19300
19005
7898
17297
20272
20147
7409
19497
20276
20088
19890
11010
14762
20313
20107
9814
15230
20098
9805
15176
19374
10004
14430
22595
21215
19972
19462
10794
13851
25804
18295
20360
19563
10025
15373
19731
9883
14318
19857
9843
14908
19635
20523
10589
15743
19544
20323
10810
15393
19500
20133
9843
15401
19071
10601
14623
18947
7300
18281
19551
10440
13543
19082
10091
15344
19774
7670
18211
20701
20022
20071
10306
15458
19380
9694
15728
20523
19468
9663
16585
19953
20483
20164
9947
15328
31500
11189
20019
10094
15194
19100
10317
13955
19123
11073
14965
19085
10420
15391
19222
20231
7232
18806
19265
20170
7899
18464
20208
20256
9397
15935
19450
10558
13958
19884
19668
306783
18450
20084
9881
16036
20543
18803
10066
15564
19789
19706
9359
16991
19479
9528
14777
20223
10199
13999
20295
9541
15028
20237
21281
18964
7178
19894
20387
19157
11082
15018
19015
9645
14836
20348
9368
15743
19987
20103
20294
7800
17807
20289
15010
9901
19382
9758
14249
19697
9652
15422
19260
9555
15792
19871
20167
10743
16254
19708
18899
8161
17406
18958
10010
15196
19137
7364
18042
18776
7779
18092
19671
19739
8827
18220
19033
20101
11379
15870
20211
19424
9758
15727
21348
20001
20012
20370
19137
11307
15285
19986
20437
10306
14777
19037
9959
15471
19553
9739
15102
18940
9920
14943
20343
19906
7833
22799
16718
20220
9599
14988
19982
19825
7651
18334
20053
19307
10384
15215
19655
9596
15040
20416
9645
15638
19499
20053
9695
14984
19108
10542
15650
19327
9443
15943
20970
18917
20434
10459
16512
126852
14620
19580
10953
14733
19151
9440
15705
19362
10265
15387
20242
19220
10061
16446
19763
19608
9646
15408
20108
19883
8461
18005
19729
9225
14728
20124
9721
14579
7842
121744
15460
20330
18849
10923
15343
19751
20133
9629
17231
21312
19845
20214
20200
10380
16466
21217
20544
19965
9728
14439
19917
10250
13535
19795
10605
15532
19692
20046
10481
15402
20256
19865
9704
15845
19265
20081
8042
18228
20452
20064
9683
13760
19410
10242
15604
19839
20379
10250
14392
20312
9526
14780
20105
19849
11455
14778
19173
10169
14333
19487
10643
14201
20288
19910
10673
15248
19046
10625
14490
12742
10633
19221
9579
16406
20075
19134
10583
15501
19641
9476
14305
19980
7937
16010
20037
9889
15101
19789
10302
14839
19683
19699
26077
19643
20644
19198
8057
18780
19406
9527
15690
21767
20093
19323
9820
15784
20467
19690
10448
14856
20856
19641
9784
16265
20209
20084
310371
13550
18882
10449
16050
18867
10486
13538
19033
10450
15307
20374
10044
14765
19482
9507
15721
20582
19682
10184
14244
20194
19493
7922
18465
19585
10280
14860
19390
9461
17269
18581
18977
8164
18099
19082
10524
13753
20442
20193
11010
15673
21092
19666
20143
7569
17705
19489
9687
15149
20369
10022
15072
20919
19549
10008
15359
20153
9419
14013
20666
20266
10325
15413
19850
19040
10782
15287
19389
9353
14800
18958
10957
15909
19501
19740
8818
18174
20638
19362
19679
9124
17213
19874
9620
15173
19288
20482
10321
15498
19078
9835
16146
19085
9547
14890
18762
9709
15797
19362
10012
15343
20735
19501
10965
14307
19961
19963
7569
18353
20142
9739
14788
9227
13566
20107
19128
10835
15105
19676
19927
11237
15435
20548
19692
10370
14966
20083
19761
10233
15779
19509
10185
15046
19087
9376
15037
20107
19615
8548
139902
19266
19580
9472
15102
18916
9883
16469
19621
20133
10914
15022
20143
19468
10164
15608
19361
9630
14805
19016
7833
17850
19762
20061
10969
16311
20718
20265
32591
7503
119500
10487
17796
19246
10309
14304
19376
11598
14851
21502
19885
18676
10580
15229
20143
20015
7873
20533
19401
18763
10166
16087
20510
20319
19492
10410
16812
21371
21395
21246
20658
19016
10907
14234
19425
9399
16699
20761
19343
9507
15149
19913
20061
10246
17094
19662
18907
10494
15985
21176
19771
19116
8394
32052
8523
20401
19790
19507
7539
20117
19733
19230
10541
14922
18958
7364
17559
18703
8094
18414
20406
18747
10585
15900
19136
20341
10686
16186
19482
20080
11107
14878
19704
9561
15624
20019
19614
20242
10671
14925
9238
15189
20300
19709
10230
15018
20195
19821
9909
16651
20107
20297
19476
10499
16466
19548
9484
14064
19282
28476
17974
20053
19288
10621
15242
20177
19986
10734
14153
18977
7189
18545
20349
9507
14455
19116
9796
15595
19587
10193
14220
19206
7372
18035
18842
10953
15112
19355
9795
14640
19944
20551
19746
20171
10953
15994
20548
20468
20167
10133
15885
19723
18968
8112
18083
20189
19319
22494
10281
15292
19558
19749
10424
20790
15929
20353
19615
10361
15407
19459
7430
18092
20642
20051
9769
15184
20430
19624
7258
17320
19989
10389
14834
19227
9685
16216
21169
19364
20369
20571
11544
14571
19993
9942
14117
19917
9555
14954
19520
10676
14551
19961
9635
14525
20548
20706
20161
7814
19503
20283
20008
19350
8429
17738
20298
20113
11209
14511
20678
18465
7646
19846
18935
10164
14758
20373
19989
15171
11182
20136
19602
19800
10793
16227
19782
19533
10852
14804
20148
8417
17834
20221
18965
20023
7779
18467
19784
19820
10717
15666
18854
9607
16500
21646
19464
20029
7421
101526
17511
19180
10680
15600
21694
21345
21572
20505
20102
9241
14459
19129
9979
14861
20463
20319
7735
18422
20148
19519
7369
18819
20140
20286
20274
10512
16430
20504
8988
112833
19235
7248
19254
20392
19819
10254
15251
18980
10124
14379
20101
9954
14378
19117
10218
15800
22435
20921
19444
20441
10307
14256
22554
19020
10408
13696
20143
9788
15016
19697
9647
15173
18856
10133
14767
20304
9988
14555
19997
9492
14696
19817
20164
11425
14309
19405
9633
16755
20107
19623
10468
14437
19862
9657
15133
20323
19878
9456
16611
19855
20329
20147
7832
19045
19043
9485
15960
21351
19089
9947
15169
19291
13064
11554
19496
9902
15587
20248
20153
20020
10631
16195
21337
20700
18886
10388
15429
19302
20305
11068
15473
20083
18849
7871
18952
19563
19760
7449
18574
23078
20156
19531
9825
15218
20724
24045
18620
18849
7206
18062
20471
9520
15255
19284
20310
7379
15715
19041
20286
10511
15365
18987
10971
15654
20860
19881
23600
20405
20011
9572
16169
20292
25290
16827
20708
18998
7631
19140
20043
9771
14979
21225
20040
20112
7333
18916
20761
19466
9566
15010
19681
7039
18271
19491
19859
10146
16027
20106
20271
20316
8608
16738
9527
14420
18836
10247
15230
19861
20384
9928
16506
21566
19771
19307
7600
18066
20127
9579
7238
8527
19464
10149
15589
19523
20000
10038
15549
18938
21276
10402
15321
20517
20048
9860
15628
19139
20471
10894
15692
20185
20064
10009
15892
20828
19380
20361
11030
15230
20026
24902
18776
20174
9630
14074
19005
7907
18866
20521
20030
19277
7651
19144
19090
19861
7888
18621
20505
19511
10692
16168
20704
19121
9821
15966
20573
20302
19183
10330
16152
19748
19941
7803
17181
19547
9588
15969
20681
20069
9922
14782
19079
9784
15239
20286
9548
21192
96415
20697
19607
9495
14828
19649
20509
10891
18396
18895
20386
19999
20235
10586
17702
19008
19886
19704
7448
19053
20407
19772
19903
7599
18870
19288
10056
16097
20523
8119
103845
11630
18979
10735
15114
19964
19700
10731
15445
19734
9812
15312
20243
18753
8276
17770
19432
7446
17428
20906
19067
11292
15332
20242
18802
8154
18128
20227
19900
10973
14697
19319
10489
14600
18860
9632
16015
20522
19762
10361
14847
19401
10401
14345
20102
19205
8210
18155
19504
8133
18105
20822
19199
19687
10653
15898
20205
20111
10943
15098
19266
9501
15980
20453
20489
19309
7359
18990
20067
19361
10390
16480
21292
19868
9386
14690
25586
16788
19330
20340
19681
10429
15974
19686
19540
11325
13780
19882
9707
15930
20585
20482
19323
10798
15435
19103
10243
14779
19601
20266
8179
17533
20226
20129
7435
19288
20896
20548
20288
9431
15863
20993
19892
9620
15613
10286
11066
9598
19201
10370
15027
19327
11051
14376
19786
10025
14487
20515
19193
7854
17736
20107
15012
9839
22232
20890
18913
9549
15248
19947
25011
19462
19368
9961
15558
20114
19441
10555
14964
19287
9984
14979
19962
20000
10825
16143
19199
19492
10430
15953
19602
20290
10793
15181
19146
10046
15113
20358
19893
9344
15695
18971
10003
16073
20284
20048
10047
14901
18941
10183
15156
20335
9627
14573
19115
7257
17701
19329
9560
14928
20143
9430
16191
19841
19545
7590
19186
20902
19420
9512
15770
19118
19805
11339
15040
19297
9382
14811
19805
10324
15682
23730
18660
18984
20303
10420
15917
20802
19507
9569
16473
20322
18821
11826
12794
19584
7229
18496
19042
10440
15201
19592
20085
7960
18425
27724
14739
19510
20219
10666
16030
20886
7089
15917
19763
19759
7846
18912
19447
9693
14743
19062
13357
11435
19210
9923
14968
99768
20476
11306
15386
21303
20164
20267
9427
15197
19497
10201
15630
20006
19389
10804
13787
20453
19865
7310
19205
19744
7379
17849
19671
9590
14583
19079
10053
16073
7656
130002
8059
19073
19097
11054
13931
19656
9343
15425
19615
20245
7697
18243
20692
18980
10646
15874
20408
19559
10502
16163
19950
19884
20243
7900
18546
19359
19841
10891
15814
19496
20030
7570
18487
19121
10630
13977
23126
20412
18801
9548
16482
20515
20371
19473
10412
16153
19069
20143
8009
18859
20090
19871
10013
14377
19252
7973
18532
19135
9930
15474
19808
19090
8076
18056
18871
10451
14988
20038
19917
10080
16086
20172
19835
10452
15400
20615
18867
10431
15752
20260
19621
10153
8400
9329
21070
19919
20273
10624
15002
19721
20343
10006
18221
18709
19367
19987
10811
15428
18858
10082
16517
20672
19983
9435
14598
20005
9640
15086
21324
19569
10025
13870
20225
9400
15811
19605
19944
7562
17614
18802
7571
17978
19825
9846
14095
18846
7354
18876
19551
10430
15410
19832
19161
7931
17429
20187
19683
10610
16353
20212
19947
10889
14436
21644
20380
19030
7792
17520
20231
20345
11092
14068
20008
9787
16322
20354
19484
19920
8172
17234
20134
19951
7214
19036
20245
13220
18030
19175
10147
15820
20297
20152
10087
15128
20368
19210
9912
15794
20440
20454
9976
14843
19405
10568
15912
20063
20487
19578
10556
14312
19830
10285
15664
21414
20584
19261
20210
11234
14846
13341
9637
19971
9856
15167
19699
9879
14980
21290
19789
19579
7913
18331
19030
20189
7392
19251
20451
19118
7521
18646
19320
26868
18305
18966
10360
13631
20020
9939
15464
18994
9746
16472
20479
19899
9708
15363
20127
19145
20728
10902
15856
20251
19622
7477
18410
18900
9622
16579
21769
19515
19821
10305
14490
20239
19653
7821
194764
11108
15130
20166
10022
13916
20116
20416
7405
19259
21447
21266
20263
19603
9368
16198
20117
19607
9909
15828
20264
19525
10231
15584
19425
20534
10655
15000
19280
7350
197989
19864
10311
14204
19918
9583
14808
20505
19658
10887
14146
19459
10226
15228
19989
20146
10083
13458
19485
20284
10180
15861
20091
9500
13804
20170
10364
15068
20441
19882
9707
15811
20636
19571
9608
15190
19528
9401
15368
20362
19985
10543
15492
18890
9866
15403
19461
9471
15923
21416
21472
20331
19466
9680
7164
9789
19211
20374
7789
18853
19133
19879
8020
18784
20545
20050
10566
14251
19397
10548
13941
19484
10230
15402
18974
9266
16636
21087
19341
10210
14446
7716
15087
20204
19837
10234
14728
19682
9905
16004
19541
23727
20532
20341
19343
9960
16027
19382
10565
15175
19164
20171
7578
18618
19756
19661
8194
18054
19086
10724
14724
20040
19314
7569
18677
19713
9469
15283
15925
20349
20315
19524
10641
14140
9535
14643
19161
19786
10498
15561
19528
20225
7481
19639
19377
19882
10850
7549
9066
19246
10003
15946
19557
19419
10061
16205
20211
19623
10540
15794
21194
19187
9803
14701
20194
19848
7320
18775
19907
22714
19087
10861
13950
18743
33836
12046
19303
9908
15568
20455
20422
9349
15709
19561
21075
9887
14539
19840
9900
15504
19403
19616
11005
15995
21155
20835
19802
9546
15463
19327
20085
10229
14798
19478
23172
7090
17384
20425
18687
10586
16310
19429
20476
9972
15141
19068
7334
19307
20185
20728
7958
14885
19184
7998
18574
19303
9625
13745
9435
13978
9605
14015
19483
9598
15323
19066
20312
10297
16163
20194
19446
10487
15542
19114
20286
8471
18829
20565
19282
9970
15845
24024
18604
21610
19959
20187
9857
21761
14594
19008
10041
14769
20150
20087
10994
16257
19607
19179
90636
15210
20181
19514
7863
17450
20513
19953
11538
14784
19969
19875
7596
19114
21273
21237
20207
19619
10684
15842
20075
19981
19900
7914
18024
20073
20026
10323
15367
7403
117313
20525
21089
19138
10420
13813
20414
9948
15249
21164
20365
19923
10150
15099
20266
19615
7289
39632
20505
19616
20195
9827
15947
21070
19828
9838
14038
19907
10106
15134
19525
10566
15465
19520
20024
9485
16535
20493
20254
9464
14377
19740
10665
15543
20301
19282
9542
15964
19232
20637
10726
16061
19663
20379
20138
10774
14768
20206
19725
9675
16635
19023
10769
13666
20316
20106
10442
16427
20511
7522
14979
19018
10365
15374
19685
9406
15559
19385
19886
25625
20265
19503
10535
14497
20806
9446
14117
20221
19784
10913
15774
21347
20350
19846
9728
15280
18836
10466
16148
20920
20389
20151
20263
8001
18525
20515
19682
9892
15408
19400
19436
7875
18394
19286
20266
7636
18900
7871
17792
20171
20050
10366
15897
20393
18870
9675
16947
20230
19190
10263
15206
19056
10144
7431
9443
18996
9341
15263
19441
10410
15438
19770
19784
28136
17895
20717
20004
9888
14534
19290
10193
15303
20299
19372
10268
15805
19450
20102
7659
18055
19474
10223
15794
19943
19494
10674
14703
19291
9770
15835
19643
19753
10680
14415
19801
9738
17068
20375
20757
19085
10525
15200
18897
20373
10765
16432
21210
19821
19901
7853
16138
9722
15318
20114
19749
10324
15216
19739
15146
9512
19970
9686
14602
19069
11094
14601
19045
9838
15127
20565
18758
10766
16329
20294
18918
10641
16815
20149
19654
19420
10886
16062
20339
19271
10962
14968
23979
18071
19701
9687
15406
18979
10126
15045
19153
10046
16270
21173
21088
20617
20500
19828
20107
10463
14661
19987
20368
10425
15548
20565
19764
9828
15432
19457
20304
10346
15066
102920
20757
20430
19969
10182
14589
20329
18973
7515
19660
19492
19678
10362
15847
19138
20587
10526
15745
19370
20254
10164
15694
20292
19448
26273
19819
20451
20042
9784
7825
105184
8379
18939
21748
20892
20076
19297
10763
15779
20513
18809
10441
16763
20410
19205
9317
16582
19708
20856
19301
8251
17729
18962
7692
18118
19124
10364
15246
19834
19782
11013
15212
19547
9413
14079
18965
7286
18769
20142
19868
7495
18562
18984
9847
15004
19431
9951
15174
19461
9830
15384
20459
19903
9799
16110
20447
19257
9845
16030
20124
20085
9705
15392
19343
9740
15614
20368
19384
10770
14673
19016
7613
18604
20359
20102
20369
8755
17261
19461
9769
15989
20182
19911
19883
10492
16201
23262
19283
19007
9919
15424
20140
19496
10451
15184
20415
19984
10266
15264
19488
10307
14973
19521
19702
7815
18041
18891
10462
16578
21240
20443
19403
10025
17415
20175
20723
19283
20303
10412
14341
19664
10497
15209
18928
9674
15743
20408
19931
10523
14373
18900
10250
16892
20334
24184
18218
19548
10245
14643
18689
25751
20592
20731
19558
20269
8451
18037
19768
19787
10268
16229
19708
18673
8851
17674
19200
7270
18473
19299
10247
15056
19882
19379
10369
15580
20486
20394
9883
15554
20293
19790
9967
15338
19219
9581
15462
19207
9856
16263
20846
19673
19138
7898
18316
19904
9948
7897
9179
19738
19642
9688
16185
19082
10448
14922
19090
28123
17835
19957
19050
10747
15470
20270
19944
20113
7506
19416
20462
19278
10620
14773
20512
20254
20300
7399
19532
20128
20054
9980
15142
18972
10103
15168
20410
9486
14758
19659
19880
10410
14773
20421
9984
15587
20555
19471
10101
14216
12243
10229
20210
10555
15085
20168
19437
10448
14762
20005
10165
14238
19686
20261
11096
14455
19002
7494
18745
19420
93089
11046
20200
20091
10096
16226
20023
20134
10191
15022
12976
9902
19173
9956
15004
19347
20073
8376
18042
18855
20866
7906
18393
19591
20222
10854
14615
18835
7607
7180
124542
10393
19541
20107
19077
9641
15562
20512
18962
10658
24989
11468
19325
11053
15666
19461
19687
10469
14578
19446
9900
15384
20393
20123
9809
14888
19171
10461
16707
19702
19112
59828
8236
18880
19988
20095
7189
8328
11205
19575
8589
16695
19982
19379
7902
18256
19089
10405
15209
19159
9940
16025
20016
19700
9847
15801
20307
19732
10599
15653
20548
20483
19472
7510
17592
19502
7320
17951
19431
10483
14199
18861
11022
15651
19216
19984
10297
15446
20249
9946
13798
19112
10010
8261
8526
18838
10349
15583
18886
10592
15344
20694
19791
31577
12425
20276
9759
15482
19085
19881
10910
15323
19590
9426
16341
21580
20322
20043
9898
15018
19179
8000
16630
19932
19923
7770
17852
311475
12359
20504
23362
20605
19561
9484
13829
19772
9769
15193
19068
10026
15366
18877
10548
15679
19682
19882
10764
14491
19288
14947
11142
19549
19840
10101
14943
19881
20559
10813
16229
20569
19801
20004
10955
15210
19102
10128
14897
19236
19993
7537
19488
19180
19907
10466
16709
19809
7577
15827
20345
9697
14173
20425
19756
7153
18418
19358
9751
15989
19504
20117
20666
9762
13220
19243
8173
18928
20982
22293
19341
9419
13984
20241
9861
19711
16418
19201
10188
14533
19929
10441
15431
20247
20520
20541
10122
14498
20522
20245
9510
16225
19099
9722
16027
20191
21020
20369
9632
15955
19323
19876
10773
14371
20310
19738
11035
14985
20183
20207
7594
19196
20343
18841
9585
15647
18866
7774
17443
19492
10958
14694
19382
10301
14179
19440
10031
16191
20730
19487
19740
8719
17757
19272
9589
16049
20773
19518
9807
108359
9053
21245
21673
19909
18836
10306
15409
20394
9622
15914
20617
19980
11610
11778
19783
20098
8476
17507
19010
11061
14538
22860
19963
18796
7307
18933
19860
20693
7577
116772
20379
20055
10519
14503
19376
10265
19988
16613
20288
19987
10065
15382
19078
10805
15709
21507
19840
19197
10190
15546
20601
19281
10648
15525
18910
10205
14435
19627
10021
15666
21041
19323
10008
14758
18975
11198
13968
19593
9757
15563
19606
9782
14338
19881
9465
14984
19358
9816
15175
18860
7497
18669
18907
10088
15969
20559
19625
20291
10733
15095
19550
9771
7605
9511
19262
20003
10250
16391
21150
18892
9837
15576
18923
10846
14781
19264
9740
15702
19502
19491
7595
18560
18895
9926
16153
20055
20352
20763
10041
7733
9753
19641
19215
11292
15383
19530
20258
9499
15776
7510
15690
19065
10005
15284
19329
20112
10897
14999
19550
20289
11041
15343
19353
10769
13993
19799
9741
15594
19923
20016
21805
10672
14991
20587
19189
9506
16587
19888
19735
19822
10967
15763
19044
10445
15120
20539
19784
15170
9276
19731
10473
15778
20292
19713
20552
10792
15160
19282
10165
14630
19405
9711
15079
18828
7802
18256
19103
9725
15041
19946
9431
15301
19569
9473
15050
19445
9964
16411
19742
18967
10311
14950
12935
10693
19920
19440
11210
14874
19080
10302
14960
19853
10431
13916
19496
20607
11378
14728
20578
18883
7907
18494
19952
20126
7478
18181
18929
9442
16692
20866
19769
9559
15343
19025
20323
7510
18615
19699
19712
26536
20244
21516
19717
19666
10402
15845
21158
19109
9446
15665
19519
9919
15251
20379
19043
7400
17927
20046
10186
15182
19769
18910
7899
19106
19069
20149
10301
16891
20309
18917
20487
8612
17248
19437
9928
16317
20699
20190
19300
7305
19285
19778
19489
11411
15393
8417
14457
86290
15648
20111
10402
15405
20292
19482
20113
7823
18267
19621
20369
8122
18712
19928
9829
14354
7169
15598
20455
20343
9591
14638
19769
9901
14459
20030
10006
15771
8077
109706
7824
19317
19410
9785
15353
20430
7836
8335
9870
20725
18929
20276
11249
17401
19114
19178
9777
16600
20321
19121
10190
15843
20166
20449
9703
14513
20525
19748
10184
15076
18909
10682
16578
18581
20466
10089
15601
20146
19205
10271
15569
19697
9909
14877
19708
9507
16014
20311
20155
20205
7818
18272
18838
20476
7942
19343
21158
20461
20205
19271
11292
14507
19038
10533
15863
19503
9628
13993
19916
10066
15615
19435
19685
10918
15281
20645
18859
8372
17952
19203
9545
16712
20051
19458
20344
7825
18599
19380
10037
14571
19360
10466
15253
19800
19328
10667
16394
21266
20368
19745
20464
11107
14833
19437
20010
33740
12409
20555
9600
14484
19830
19883
7748
18904
20673
19219
12984
21615
20574
20051
19809
10656
15504
19609
9824
14333
19517
10264
15631
20067
18927
10892
16680
20515
21315
20769
19082
10037
16040
20220
18893
10859
16279
20953
20837
19730
19711
8076
19219
20589
20342
9450
15340
19322
9405
14794
19707
9910
15307
19302
19739
7760
18030
19241
10158
15284
19400
10357
15190
30410
12205
19297
19371
11190
16666
20585
19317
9729
15846
20594
19056
9994
15486
19285
9833
14318
18939
9984
7254
10751
20958
20690
9452
13905
19605
9759
15164
19040
9915
16199
19679
19765
7328
18675
19327
9543
16614
20958
20402
21679
20476
20124
10258
15924
19552
22852
19416
20223
9882
16394
19605
9605
13871
20230
20193
7861
18490
19748
19821
10514
15785
19338
9600
14832
19163
20498
10967
15717
20150
19419
10676
15818
20661
20638
19661
10038
16012
20669
20161
19584
7800
18233
19402
10376
14952
19116
92427
12880
18854
20319
11316
15397
19569
10018
14158
20287
10241
13868
19189
10794
13958
20123
9859
14558
19489
10322
15634
20541
19146
10961
15892
19290
19200
10589
15718
8564
135677
19858
19512
26213
19616
21244
19582
19986
10550
15123
20632
19061
7684
18580
19098
9772
14861
19487
20082
10530
15386
20226
9725
15052
20669
20723
19548
10866
16046
20611
19715
20537
10917
13789
19128
10149
14821
19584
7434
18376
20141
19871
10265
15524
20003
20187
10971
14573
20606
7618
15885
19357
10574
14497
19036
10885
14989
19470
19748
8013
18682
19210
20125
10097
15915
19678
10050
13980
19707
9857
15446
19423
9979
14697
19196
9688
18857
18713
20386
19159
10261
16410
21106
20712
19921
20439
9876
16362
20403
19354
10726
15384
21697
20242
19541
20266
11074
15427
19643
9609
15392
21002
19090
20415
10389
16333
20452
19117
9987
15966
19085
9419
15562
19347
9570
16118
20714
9790
19333
20291
10933
15250
19133
10086
14550
19084
10200
16006
19788
19410
10869
14991
20405
20191
12771
12338
20091
14988
10128
19656
31717
12639
19697
19768
11093
14700
19304
9590
15384
20476
19882
7572
16626
9568
14495
20093
19972
10780
15444
20179
11353
12784
19482
19779
11028
15257
19512
10641
14628
19679
19600
10957
16234
19807
19490
9548
16687
19625
19812
10246
15487
19360
10160
15751
21072
21594
19722
20251
20123
7487
18076
9846
14481
19661
19830
9843
20669
16292
19392
10893
14663
19021
9690
15394
19501
9716
15290
20031
19830
10539
16188
20284
19110
10429
15835
19573
18917
8758
18076
20599
20097
9694
14761
19964
10268
15284
19491
9584
13940
18774
10576
14980
19527
11335
13946
20298
19276
10708
15715
20063
19719
10977
15364
19629
19220
10883
16441
21030
19542
20293
9749
16025
20274
19915
19923
8444
18229
97840
11124
14812
19908
10445
14506
19657
9868
15225
19196
10399
13861
20252
20094
7747
18001
19266
10717
14727
19227
20027
7966
18703
20257
18816
7246
19359
20122
20069
7169
116547
20476
10302
13952
19403
7535
17652
19727
7351
18868
19833
9988
14274
19590
20270
11075
13808
9633
14623
20164
9518
16123
20779
20650
20282
19460
10109
15842
20247
20299
10340
21308
15526
20497
19016
10944
14748
7380
15255
19100
10179
15788
20138
18915
7992
18210
19225
10433
14340
20335
19892
7215
17956
19022
20602
20306
7671
18892
19881
20072
9822
15030
20368
20186
10259
15174
19641
19546
11630
15666
20034
20123
9823
13969
19094
9860
17219
20023
18797
7641
18097
19384
10363
15620
20928
19677
9571
15584
20592
20495
19645
10630
14965
7632
14670
20475
9910
14639
19751
19683
10856
15336
20157
9420
14579
19781
9958
15882
20784
20634
18733
7939
17714
20156
9623
15102
20601
19364
11136
15393
7415
14620
19585
10056
15543
20753
19319
20130
10645
15772
20626
19330
10270
14579
19486
7920
17008
20117
10498
14147
18837
10930
15805
20484
20325
19447
10928
15398
20716
18934
7451
19443
20635
20025
19680
10860
15256
19461
19521
7690
18385
19146
10914
15446
21269
20111
20282
19662
7712
18600
19706
20317
7721
19379
21087
19502
7402
16794
19094
10288
15286
19925
20066
10205
16007
19959
20249
10723
14906
19123
10292
14321
20457
19146
11544
13353
19432
7673
19142
21246
18916
9707
14297
31637
12673
19477
19624
8030
18946
20305
19211
10593
15274
20846
19603
9796
15644
19189
19969
7969
18958
20408
19664
9780
15189
19497
20117
10400
15666
19237
9484
15982
19377
19461
8350
18351
20226
19847
9856
16049
19455
9822
15502
18801
9676
16042
20734
20830
19396
10469
14364
20189
9209
16450
20236
19296
11107
204933
12126
19566
19337
10290
16831
19549
19318
10098
15652
20358
19641
9817
14866
20096
10617
14982
20166
19040
11263
14482
19607
9623
14876
19928
10492
14346
18829
10693
14158
162334
19862
20244
10641
14400
19701
9640
14795
9605
14090
19342
9432
15600
19077
20302
7698
17911
19699
10391
14466
19319
10058
15035
19840
9924
16222
20274
19546
20927
10455
15585
21169
21118
20033
20085
10460
15557
20736
19940
10208
14116
19383
9515
14860
19710
8035
16912
19396
9506
16654
19290
20373
10010
16694
21188
20112
19331
9999
16429
20333
20051
9363
15363
20107
19471
9934
22351
15446
18948
20279
10408
16136
19360
9810
15082
19321
10263
14937
19859
18893
11029
16105
19626
9735
14137
19731
9382
15419
19183
10525
14756
19719
9761
14451
19097
10360
16050
20843
20601
19206
11370
13726
20013
9778
14800
20297
19943
11066
15283
20424
13502
10279
18987
10026
15394
19338
19631
10835
19398
18464
20292
9207
15401
20292
19635
10670
16219
20394
19892
9564
14417
19248
10887
15098
19907
19444
7436
18548
19023
9979
15427
19340
9333
15193
18948
10444
15966
19948
19969
10165
15735
21571
20071
19350
10549
16266
20309
19576
9739
15675
20635
19116
9844
14990
7977
14964
19028
10287
15340
20527
20082
10636
15767
19622
19963
20189
11061
14979
19277
9869
14838
19905
10748
14375
19405
9444
15279
19666
20292
11225
14971
18998
10140
15356
19369
19967
10789
14744
19410
7241
17884
21310
19100
7613
17556
20194
10079
15406
19527
19763
10540
15910
19378
9494
14322
20210
10180
14308
19568
20384
7271
18625
20328
9426
14928
20057
9267
14316
20204
20323
7355
19056
19357
9568
15618
19739
19187
7890
19211
20069
19292
10434
14388
19723
9461
16646
21483
20333
7815
15760
19497
9919
15868
19962
19086
7317
18026
8021
131147
8181
18446
19541
9630
15332
19080
9484
16311
20331
19128
10558
15502
19824
20087
9717
14984
20071
20401
10543
15373
20022
20281
19422
9620
16052
20056
19247
7133
12171
145309
10272
14805
16593
7913
19261
20295
10618
15293
20144
20219
9882
16091
20910
19842
20392
9691
14763
19987
9769
15988
21080
19944
20002
9923
15189
19487
9927
16170
20102
19895
20702
11203
14262
18898
9827
14912
19620
10580
15758
19879
19240
10131
15375
19635
19800
8353
17671
20338
20083
10914
16737
19462
20487
22820
19630
20170
10482
15217
19874
20353
9989
15906
19484
19959
11369
15152
20158
19508
7613
18834
21181
19254
9898
14243
19869
9958
15613
19897
20149
9666
15543
20374
9717
14941
20051
19037
10920
15753
20029
18979
10448
16083
20438
19734
20424
7822
19129
19347
19401
7274
18817
20494
9652
14302
19787
8111
17049
20102
30593
13656
20354
19765
10809
15050
19410
23730
19970
9833
14784
19137
9924
14897
19559
10498
14536
19966
9275
15502
20163
19541
10846
15189
19567
19811
10572
14556
19411
11100
14759
18966
9861
16245
7714
14020
20247
20030
10770
15179
19430
9523
15654
20792
18833
7754
18543
19290
20112
10558
16056
19268
10290
13872
20119
9415
16352
20415
19269
9386
15771
8019
14860
19883
9364
15625
19760
19317
10769
15558
18877
24902
20103
19641
10652
15322
21252
20892
20287
19891
10332
14948
19635
10140
15582
20973
21517
19700
19501
7740
18468
19000
9906
14666
19267
10352
15333
19871
20157
7465
18880
20064
9529
14946
21491
19254
20774
9560
16026
19179
9741
15587
21010
20294
19881
9646
15455
10299
13543
20290
19849
9925
14075
19984
10194
15314
18887
10369
15384
19358
19533
11019
15382
19381
9618
16738
20224
19234
23604
19287
10462
14679
20512
19328
27245
17807
18839
7496
105594
15171
19495
9445
13903
22433
20414
20245
9245
16517
20581
20288
20405
9204
16275
21017
20615
18638
7364
19053
18952
9769
15246
19824
10874
14543
20163
20276
10040
8430
117998
11714
19982
9535
14977
20384
19897
20442
10977
16213
20854
19605
19608
11047
14217
19107
10716
15794
20003
19246
7677
17757
18880
7475
18601
19492
10268
15523
20419
20080
8605
15383
20180
9739
15121
20001
19157
8062
17636
19087
10525
16110
19127
20004
10182
16595
18847
9500
15842
19529
9377
15323
21628
21333
20917
20397
20467
9635
15140
18891
9834
15736
20233
19380
9897
15969
20082
9605
14418
20313
19847
11061
14625
18876
10547
15101
20092
19500
11003
14215
19641
10669
15989
21481
20415
18840
9810
16370
19546
19782
7271
18804
19282
9814
14709
19230
7156
18006
19087
10680
15384
19737
19852
7312
18171
19902
10213
13995
19846
20046
8103
19231
20050
7117
16359
20072
19758
302811
20144
10441
14541
19307
7550
18450
19583
9596
14348
20455
9625
14572
20471
20123
9689
16653
19613
19303
7923
17885
19041
7316
18401
7611
14937
19721
10246
14713
19389
9579
15851
19711
8156
16227
20199
19943
10592
14745
19180
10024
14753
18706
10852
16409
21031
21650
21409
20130
19403
9748
14921
20391
9698
18251
17800
20256
19363
11255
15282
21249
20406
19385
10374
15974
20539
20487
20108
7861
17919
19912
9442
15031
18934
20362
10526
15109
20328
20161
7752
18448
19769
20011
7248
19318
19453
20491
9379
15702
18969
10749
14520
19844
20076
11069
15240
19307
10203
14364
24923
8049
20111
20107
8618
18358
20412
7573
15933
19101
9246
16364
18940
10208
14163
19008
11001
24818
11482
19454
10253
9809
20870
19329
20217
11065
15066
19866
20337
10738
15298
20482
20898
19299
10744
15532
20018
19909
20651
7855
18849
98140
7560
18393
19380
20685
7321
18274
20384
9355
15797
20353
20349
21527
20286
8304
16328
19501
10149
15485
19677
20230
10722
14897
19242
13198
19069
9652
16436
20070
7389
130925
8070
20395
18905
20189
8380
17570
19646
9892
15567
8379
14523
20219
9819
14704
20264
19183
10664
15919
20815
19167
9648
15989
21398
19826
20143
9675
15384
20727
20262
10322
17694
18703
19693
9647
14630
18810
23183
18950
10625
14682
20113
10498
15507
20169
19429
7351
19713
19676
19120
10025
14858
20673
19841
7434
18652
19429
19561
10824
15712
20194
19544
8054
17691
19421
9919
14520
20297
9482
14747
20106
19923
11066
15536
19361
20456
10201
15428
19000
10325
15818
21533
20533
7274
15383
19671
9613
16550
20241
19912
9788
14345
20079
32979
11747
19406
10108
14174
20042
10244
14135
19470
10374
14963
19461
9972
14395
18918
7580
19273
19615
19791
10021
17020
21610
20466
19719
14614
20402
20071
20189
8118
17829
18695
8141
18358
19261
9521
14482
18898
7809
17795
20327
20234
10807
15440
19029
20285
10681
15802
19343
19732
8111
17697
19808
9559
16066
24384
17360
19311
9960
16328
19902
19448
7360
17323
19047
8180
18102
18644
10451
16352
20384
20224
19576
7512
19307
20366
20224
20138
10470
15389
19912
9697
14978
19241
19923
10960
15946
21329
19124
9866
15190
19280
9388
15783
19743
19282
10394
15558
18909
7439
18078
8535
14401
18864
9991
16653
19853
18964
7726
18798
20422
22391
19610
9906
14266
20110
20362
10220
15164
19922
20303
10243
16612
20283
19058
9919
15509
19863
19482
7211
19657
20168
20058
10253
15057
20235
20122
9746
15959
19887
19803
10178
15690
19628
9638
14671
19248
9587
16712
20694
19710
20380
9699
16412
21349
21492
20997
20602
19481
9903
15356
20170
9425
15567
19224
92572
12291
20339
19281
7454
19010
21229
19498
20149
9834
15989
20529
19386
10967
14985
19431
9762
14878
19811
10354
15027
20718
23523
20414
20170
19884
19659
8141
19424
8237
119822
22397
13968
19076
10557
15171
19605
24798
19892
19083
9704
15666
18848
10862
14564
19169
20093
8423
17404
19119
10207
16188
20623
20633
18956
10215
17212
20292
18915
10800
15882
20141
18882
10126
15500
19614
19902
7993
18486
19078
9801
14212
20159
20399
7310
18595
19234
10144
16328
19941
19903
20048
10656
7124
9464
20106
9878
15163
19928
9620
14764
20694
19936
20073
10523
15902
20278
20109
9424
15005
19481
10553
14919
19870
19833
10614
16436
21308
19550
19389
8015
17877
19781
19815
7791
17985
19154
11198
14251
19391
9759
15775
20425
19722
7348
18667
20121
19283
10272
15241
19440
10420
14179
20308
20083
10967
15092
20015
19289
8217
18651
19989
19824
10754
14569
19015
10781
12011
14721
20412
18892
7733
19267
19749
19407
10835
16676
20487
19282
10096
14138
19682
9729
16327
20213
18741
11165
14838
19861
9469
14364
19511
9854
16077
19215
9853
14927
20449
19679
10428
15360
19967
19487
7660
16506
20549
19435
10304
15807
20553
20384
19138
11029
15455
20625
19954
9374
15357
20364
19241
10876
14237
19098
34148
11459
20212
20465
10010
16008
18840
9907
15804
19096
9573
15087
20185
19673
11126
15471
22262
21353
19992
20151
19267
8011
18677
20517
18907
8246
17910
20109
20473
10384
13794
19280
11007
15802
19382
9523
15071
19941
19686
7276
20025
20866
20802
19430
10260
14598
8605
15266
20639
20222
19245
10446
16051
19431
20113
11214
13804
19660
9873
16209
20326
20038
9817
14690
19518
10489
14307
22233
20320
18895
7561
18398
19221
23352
19791
9761
15295
19658
9670
14931
19340
9445
15995
19323
98449
7591
20162
19384
9425
15345
19510
10271
17295
18441
19627
9540
16215
20688
20082
20208
7265
19425
20894
19256
20005
11211
15610
20184
19145
7656
18476
20276
19360
8080
111500
8014
19673
19724
11008
14584
20194
9760
15149
19492
9827
14690
20273
20220
10885
15540
19584
19618
10082
14744
19929
20225
7453
19326
20323
19005
10463
16441
21499
20757
19210
20024
7479
7434
13089
19487
19821
10673
16410
20323
20789
19297
10863
14330
19400
10249
15743
19672
20196
10707
14939
20341
19692
7561
22218
18487
19811
19616
10562
15523
22221
20666
21195
19225
19866
10753
15304
18690
7381
18901
20456
19326
31669
13260
19187
10390
15312
19969
9488
14560
19225
10122
15992
19754
19203
11287
15004
19737
10217
14082
20288
19540
10702
14712
19431
10749
15146
19143
9999
15400
20186
19245
10533
15279
20425
9646
15908
20245
19924
19867
7598
17974
21192
20481
20013
10088
14846
15886
19603
19641
10507
16571
19948
19864
9684
14130
19541
7572
18442
19070
9584
16089
20590
20527
20006
9757
15430
19080
10008
15743
19513
10118
14323
7235
16508
21352
19287
19635
10928
14971
18731
7552
19658
20569
20179
19537
10231
16430
19413
19674
7795
18139
19456
9897
13591
20355
10801
14341
20325
9659
8210
7596
20172
9480
15063
19364
20356
7923
18631
19851
25455
18803
20238
20015
10535
14884
19840
9704
14080
18917
11171
14175
19560
10187
15283
19025
10451
15452
19086
20531
7384
19064
20732
20512
19344
9891
15951
19781
9835
15101
20416
19811
20574
10213
16024
19123
10351
15502
20122
19758
9678
16364
20631
20211
18976
11147
15344
19533
9702
15169
19426
20151
9719
16030
19645
10384
13723
19823
10097
15333
18969
20095
8586
18144
20106
19478
8282
17966
18907
9660
15855
19666
20120
34322
11005
19926
9402
106748
10815
19694
20415
9528
7329
9245
19028
10251
14852
19781
19965
11495
14758
19328
27806
18317
20136
20140
20026
8999
16979
18939
9687
15710
19654
9859
15010
20046
7729
131004
7761
8006
14692
20381
19514
9969
15372
19062
20165
7708
19110
20332
19668
10032
14994
19299
10323
15429
20140
20071
9984
15064
20297
19726
7339
18466
19488
10171
14350
19394
10139
16750
19607
19069
10005
15968
20019
20050
9688
15560
19887
20271
7389
18258
19673
9648
14984
19311
10433
15158
19896
9470
15564
20282
19297
9922
16376
20543
20194
20224
9907
16020
19984
19447
10385
14412
7380
17492
20324
30959
11846
18909
10650
14097
18878
10661
15745
20182
8212
15743
19195
9789
16656
21227
20422
18955
10148
16489
20095
19340
9997
13566
21480
20128
19582
9987
16020
19528
19765
10798
14923
20235
9459
15625
20113
19030
10528
15829
20715
20676
19186
10145
15555
19712
9560
15009
309949
13457
20510
20369
19663
7187
19478
20148
19805
10222
15708
20664
18966
10662
15854
21172
20083
19667
10183
14839
19948
10240
13949
10825
13197
20192
23660
20285
20337
19592
11064
15641
21504
23607
18488
20528
19185
10285
15441
20441
9466
15183
20572
20849
19856
10363
14688
20202
19742
10340
15694
20143
19680
10046
15794
19443
9731
15604
20212
20172
7453
18534
19920
18683
10674
15912
19694
19390
8035
17778
20831
20191
9907
15533
19692
10135
14380
19252
10048
8180
8436
20370
19412
9966
16765
20020
19585
10455
15813
20280
20253
9460
15965
20853
20325
19479
20382
7236
19309
19805
19959
10076
16625
21180
19926
20262
11087
13978
19104
9707
16082
19586
9390
15382
20536
20005
19998
7259
19302
20336
19008
10492
16008
19725
9589
15403
19092
9605
15730
20815
18976
10492
14557
20301
20333
10452
14330
19337
9818
15189
90205
13114
19666
9505
14681
19800
10578
14739
19127
9635
14640
19429
26008
19096
20308
19722
7350
18691
19085
9941
15882
19309
9939
14410
19123
9830
15502
19591
9782
7982
130859
20412
21491
19317
20132
10072
15413
21133
19886
9508
7190
9620
18949
10315
15486
20553
20082
9596
14536
19780
9701
16134
20909
19502
20183
10466
15561
20091
19406
11185
14644
22261
21097
20134
20082
10627
15061
23533
18445
19248
10345
15242
19180
20157
7875
19138
19338
19692
10584
14742
18864
7816
8638
10882
19048
10115
16608
20269
19934
9525
14564
20758
19065
10785
16206
20147
18942
7875
17693
19002
10202
15057
19815
19883
8838
17525
19101
10217
15845
20309
19400
10673
15424
19447
9876
14438
18935
10235
16304
20614
20495
19150
10848
8220
8225
18937
7309
18276
20304
9377
13707
20084
10668
14973
19327
20282
7835
18286
20451
20534
19728
8184
18234
19898
19343
8041
18517
318053
10010
16117
19450
9946
14072
20155
10328
13369
9897
14488
19087
9833
14682
22167
19940
20280
9694
14994
19449
10610
14712
19602
10071
13576
19543
9955
15246
19620
20208
8820
17522
19203
9765
15249
19076
10098
16230
20112
19860
23572
20013
19896
10364
15885
19354
9849
15136
19161
10562
14040
20266
19692
10765
14891
18945
10956
14928
18973
10658
15400
21913
20265
18837
10112
16034
21076
18907
10492
14303
19112
10903
14630
20268
9728
14122
19698
10712
15119
19981
20268
19886
11295
14384
19238
7582
17657
18981
10295
16431
19502
20308
20107
7804
18653
20068
19815
7714
18226
19287
9558
16389
19733
19061
8235
18205
19158
10220
14863
20051
20054
9951
15385
10088
30803
9544
14466
19947
9521
16010
19338
9486
15184
31941
11010
19903
9933
15610
20933
20313
20414
9810
15705
20608
20051
19345
10555
16108
20287
20131
104738
19781
19142
10718
14222
19489
10022
15213
19829
10460
14974
19348
9860
14338
19518
10449
14171
19217
10220
16729
19592
19280
9909
15340
20519
19925
10286
15432
20979
7179
136917
19641
19672
10261
15152
19256
9787
15979
19706
9398
15364
19612
19726
10723
15066
19983
9580
14969
19246
20071
11050
16446
19912
19862
9661
14877
18963
10481
16331
20969
18694
20729
19120
7440
18215
19561
9844
14471
22819
19765
19730
20340
10317
15297
16396
8544
19470
19042
10248
16073
20031
14550
8822
18940
11063
15128
19754
20059
7519
18031
19110
10184
16235
20976
20331
20497
19554
7712
18512
20256
9764
14215
19826
19790
7750
18930
20334
19641
10001
15823
19059
20360
8169
18697
19424
19351
8415
17821
19329
20013
8454
18435
19723
9798
14487
18916
10329
14699
19564
20370
32894
14256
20441
20025
19887
7613
18204
19348
19932
8476
18339
19082
20328
7794
18554
18967
20225
10910
8998
20205
19682
10846
15996
19524
19275
10064
14938
19811
10251
14568
19138
10227
14713
19725
9876
15435
20561
18686
8163
18795
20586
19521
10700
15676
19824
20622
19424
11242
15867
21732
19611
19504
9851
16320
19260
9729
15233
20141
20008
19977
11026
16204
20320
20300
20325
7574
17600
19170
10688
15113
19260
9794
15820
8322
13938
18804
10890
14031
19464
10104
14942
19157
7573
18599
19162
9797
15666
21274
19661
19838
7751
19320
20094
18937
10086
15574
18842
20305
10603
16004
7420
14411
19428
7374
18408
20130
19964
9412
15937
20056
10045
15090
21482
20032
20261
20819
10228
16058
20633
18948
9777
15594
21137
19748
10512
14093
19490
9791
15574
19928
19410
10883
15584
19328
10205
13835
19830
10532
14543
19274
9392
16754
20430
19307
9790
16228
20497
19999
9726
14727
19985
9843
15164
20897
19501
19661
7169
130634
9317
9543
14877
19779
9551
14841
20293
19522
9882
15865
20451
19670
10095
14993
19390
10361
14323
18757
7721
18600
19871
19728
10487
15288
19156
9788
15466
18856
7290
151123
8409
19179
7252
18425
20153
9369
15301
19864
11738
12496
20845
20046
19813
32560
14368
20985
19653
20365
10032
15143
19057
10884
14369
18901
10995
14207
9637
14151
20371
9660
14348
19687
10231
14179
19541
9789
15025
19092
10494
14048
20397
10291
14265
19759
9602
15917
18940
19705
11107
15327
20039
9763
14228
19076
20376
7892
18553
18984
10161
14984
19162
7230
17257
9647
15082
21283
18996
9864
15654
21143
20323
20092
20245
9845
15389
20089
9465
16172
19360
9766
14259
19679
9590
15980
19550
19781
10240
16867
20133
10330
12075
19184
7702
19266
20282
19479
7628
18171
20098
18779
10729
16056
19963
19310
21194
10695
18266
19329
20282
19241
9623
15669
19091
9820
15889
19459
20212
10956
15143
21473
20394
19850
9720
15073
18931
11005
15143
20286
19013
10620
15422
19450
9422
16006
20185
20274
9440
14751
18709
11103
15544
20452
20082
10143
14417
19607
10000
15148
20163
19453
10284
15426
19851
10308
15422
20652
19600
20175
10664
15400
19022
10998
13594
20082
19895
8111
17961
19099
8016
17191
19070
10389
15334
19260
10787
14018
19623
26708
17990
8082
14530
19884
9435
16334
19410
20061
10875
21855
15482
19928
20984
20169
9819
14743
20328
10076
14573
19190
9671
14595
18795
10060
16033
19023
10666
14387
19325
10846
14317
19379
10842
14782
18838
9972
14663
19624
24579
19616
20353
9623
15261
19768
19710
7568
18259
19873
9739
14711
18738
10450
15704
20366
20089
9723
16447
20422
18758
11493
13507
19299
7425
18461
19518
19904
10660
16492
19317
20423
20269
7369
20155
20108
20251
9863
12483
19721
206868
17856
19666
9456
14641
19098
10615
14578
19244
20101
7129
19160
20120
9828
14798
20585
18974
7364
18075
20430
19945
7758
18750
20312
8194
15150
19052
10301
15141
20708
150349
14103
21409
23032
19106
19401
10061
14928
19503
9824
15836
19100
19780
11075
15082
19022
10287
14636
20222
19830
7609
18826
20441
19368
10463
15448
20492
19615
9491
15705
19714
10636
14587
19131
10251
14881
19523
19705
10484
16013
20409
19377
10676
14379
19656
10991
14212
20396
19900
8396
17586
20532
19384
9945
15564
19485
10394
14579
20108
19129
10717
16518
21184
20229
19692
10693
15620
20852
19283
9878
15909
21033
19960
19743
10605
14493
19018
11070
13801
18856
7931
18114
19568
9368
16238
20370
21134
19965
10467
13626
20105
9999
14989
18914
11060
15812
20112
19890
19554
7679
19240
19753
19798
7256
18942
18970
9887
14741
18922
10691
15371
19084
10056
14674
18926
10117
15923
19440
19685
20137
9503
15749
20492
20390
19100
7337
19173
18998
10430
16083
20855
20690
19244
9664
15408
18907
10052
14779
20014
10450
15072
10322
11698
19216
9740
15656
20051
20250
7451
17866
18826
32871
12897
19021
7759
17492
18978
9939
15491
19614
10389
14287
19579
10830
15020
20438
20192
9607
14586
20256
20234
10311
18000
18070
20048
19906
7384
19282
21019
19743
9390
14173
19020
10649
15120
20032
10485
13687
9357
14358
19568
19780
10373
15923
19345
9821
15343
20124
19764
9801
15907
18843
10059
15521
19390
20255
8054
17998
19298
10134
14781
19241
10805
14548
19501
10466
15393
21287
19809
9530
13687
20220
19948
10205
15686
20372
19261
7985
18459
20599
19442
10750
15842
19099
10610
13342
19319
10504
15637
19422
19654
10097
15808
20478
9648
14604
19846
19751
10871
14578
19691
10319
14862
20361
19781
7603
18294
19881
118145
8424
18888
19847
20476
10645
17373
18943
19309
9885
15645
19001
25666
19217
19806
19413
11512
15394
19721
20022
10797
14845
18794
10333
14938
19212
10800
15133
19708
8332
129650
8600
20369
19687
19832
10669
15051
19024
10448
15169
20059
10050
15467
20517
18802
10843
14618
19143
10105
16031
20528
19282
20158
7553
19315
20303
19115
10535
15526
20635
19101
28323
17356
19015
10152
16204
21274
25906
15732
19887
9666
14969
18980
10864
14386
19441
9908
16125
20546
19081
10908
13936
19730
9765
16014
20327
19554
8334
18040
19972
19507
9600
16297
20108
20651
20148
11047
15824
20792
21358
19202
19487
8020
19007
18812
9488
15755
20087
9467
15362
20928
19522
20165
8799
17635
18985
10144
14025
20286
9908
14944
19905
19858
8010
17533
19645
10476
14110
19745
9914
15492
19466
19449
10837
15761
19081
27903
20712
18857
19849
20556
9673
15430
20300
20392
9684
15194
12111
20801
19920
9597
14994
20179
9420
15395
19735
19519
10733
16454
21707
19893
19769
9670
15439
19832
19309
8043
18097
19427
20144
10738
48658
9248
20104
20112
10772
14274
20262
19303
7843
17682
20041
20112
7925
17944
19179
10535
14231
19675
9757
15743
19505
9837
15663
20292
19451
9450
15862
20112
20069
9546
16104
19904
19461
8345
17872
19821
20126
10649
15181
19309
9423
15593
18958
9855
16020
19454
20052
10464
15109
20486
20174
21245
32405
9965
20488
18983
10388
15993
18906
10508
13605
19107
7282
19216
19282
20304
10487
15439
19178
10363
15276
19543
19173
11528
14745
19892
19637
7941
18392
19275
10292
15111
19920
9806
13980
19107
10611
15907
20392
19268
10548
14726
19624
19887
10566
15977
20332
18856
11065
15372
19571
19610
11074
14913
19069
10402
15448
19048
8053
16965
19759
10052
15060
20208
20125
10021
109759
7760
20299
19101
9628
16548
19964
19201
10566
15133
18783
7513
18444
19083
10046
16123
19468
18846
7646
18686
20144
20101
9805
15559
19332
9868
16397
20651
7930
7391
124459
8036
19768
20131
19884
9844
15834
7528
15220
19536
18965
7582
18792
19200
10020
14902
20488
23353
19519
10184
14169
18783
7742
18287
18961
9819
16715
20012
19697
20129
7850
17662
19000
10625
15857
19197
9810
15548
20743
19248
10326
14420
19225
9949
18397
18017
18923
9933
15261
19360
9810
15160
19840
9648
16891
19694
19851
20159
11165
16036
20115
20111
19933
10866
15537
20491
19348
9628
16574
19687
19709
7757
18323
19107
10926
14805
19340
20072
11030
15991
20143
21133
19989
9761
13676
19586
7744
18803
19830
19020
9218
17504
19804
19349
11353
15253
20793
19666
9728
15492
20244
19871
10067
15565
19706
19719
10668
14958
20475
20198
7451
18271
18944
10674
14062
19517
10642
10816
18740
20423
18885
9989
16503
21270
19439
9742
14841
22831
19338
18836
7956
18478
19533
20315
9830
15533
18877
10287
15332
19768
19720
10425
16406
20425
9389
13688
19022
9989
15448
18673
9917
16285
19312
10662
21979
14769
21046
19205
20085
9983
15548
20167
19665
10065
16049
19479
10225
15010
19310
10188
14468
19072
10534
14702
19801
20186
10435
15746
19629
9584
14571
18838
10830
14358
19459
7377
18736
21201
19369
9723
14162
19074
10269
16853
19700
20730
20815
9962
14708
18865
8402
17147
18705
7462
18584
20549
19467
9897
16227
21459
22604
20383
20917
19589
19311
7703
19481
18716
10250
14381
19852
10241
13715
20360
9366
15276
20100
9991
15484
20833
20339
19899
10656
14179
19665
19945
7586
19487
19248
9810
13957
15569
8093
19516
9810
15000
20386
19979
10000
15342
19978
9465
15945
21258
20364
19481
9786
123314
13112
19148
10360
16269
21051
19102
10069
14949
19379
19650
11046
15981
19526
9722
13989
18874
10966
14896
19567
19855
8125
18153
19269
20451
10885
16547
21325
20764
7771
125141
12152
20767
20070
9694
15110
20012
19837
22897
19803
9980
14752
18966
7692
25288
14419
19586
9275
14986
19820
9685
14614
19910
9739
15526
19348
9404
16495
20479
19845
19973
7480
18523
19962
20313
7509
18435
21328
19793
9771
14769
19902
20194
10530
15442
19986
19143
8189
18626
19329
20214
7630
18006
19854
18960
11551
15974
20854
20102
9623
15061
19666
19502
7430
19437
20975
21951
20102
19351
10144
15944
19763
19414
10215
15848
19261
9852
15610
20513
19324
7236
18201
19784
10010
14800
20451
19547
9741
15555
19241
10526
15501
20936
19159
10009
14779
20305
19605
8106
18158
19502
9669
14744
19297
10880
15595
20507
19730
9625
14078
20271
20186
9912
16687
20030
19620
10536
15087
30100
11184
20041
19995
7403
19489
19027
19713
11525
14457
19306
10069
13668
20283
19970
20353
11289
14138
18677
11395
14731
19864
9622
15610
20121
19458
10794
14680
20282
19312
7774
18564
19881
20251
10001
15363
19235
10824
13958
20184
10063
15363
20098
20307
9679
15615
19724
10420
14439
20708
20003
19405
34320
11816
20312
19564
7650
18274
19290
10788
14004
18998
7692
16886
19842
10762
14775
19703
19789
11386
15997
20754
19189
10606
13881
9631
15210
20009
19404
20445
7420
18179
19110
10472
15764
19497
19639
8048
18718
20413
19535
10117
15641
19495
9729
15030
19876
19843
7323
18140
19269
10269
14548
20164
19600
7641
19308
19632
9748
13869
20386
20421
10161
16322
20095
19469
10282
15325
19036
10282
14910
20404
19392
7835
18317
20304
19091
10969
15420
22395
21053
19924
19439
10160
15310
19124
20064
11195
14955
102707
19841
19557
7536
18266
31776
10620
20433
20041
10719
15255
20256
19351
10104
15992
19768
9549
14775
19834
10104
13999
18819
10923
15792
18958
20020
9743
16769
19297
7692
118181
20415
20296
20031
9412
15364
20477
9489
14322
20112
20169
10482
15887
19510
9826
14907
19300
19664
7764
19463
20363
19117
10409
15652
19135
9711
15156
20602
19832
10707
14497
19602
19992
7755
18465
20999
19098
10030
15683
18910
23856
20873
20314
10091
14932
19280
20097
7429
17643
20164
10545
15225
19558
9537
13961
20280
20273
10249
15801
19492
20501
10452
16044
20351
20670
20157
9426
17235
20057
20558
19149
8888
16422
20441
9405
14832
20441
9525
15287
20425
20377
9640
14536
19166
10158
16261
20885
19066
9874
16050
19829
20547
20075
10485
15548
20534
19117
10014
16983
19779
20590
19750
10876
15148
20291
20133
10620
20614
15301
19854
20317
10724
15276
18888
10253
14599
19682
10448
20205
9525
15387
19257
20274
10903
14415
20043
9994
14984
19123
9469
15919
22333
20090
19435
19648
10244
15552
20162
20387
19366
7975
18395
20204
19661
11222
15002
19168
9744
15173
20351
9802
14158
20076
9428
14694
19948
19751
11333
15704
20106
19281
10405
15806
20705
19264
10155
16157
21174
20372
19955
9691
17872
19483
20022
20053
9902
14953
25497
17733
19770
19117
11043
14567
20229
10325
14364
19164
7652
18811
19545
11302
12514
19543
20233
10657
14640
19503
10602
14485
18999
10300
14909
19950
10893
14595
19517
20273
9872
16517
20629
20087
20102
9970
15831
20297
14358
9230
19493
20111
11333
15964
20533
21734
7855
15171
19293
9400
16127
21107
21312
20510
20912
19119
11769
15787
19867
19079
10016
15768
19154
10235
14229
19066
10302
16299
20188
19307
10084
15139
19312
10642
14978
19107
20538
11384
13813
18848
94554
11976
21861
19420
20351
11273
19509
19282
8033
19189
19933
20133
10148
15074
33593
12270
18646
19338
19850
10644
15808
19242
9544
15500
12730
20396
20606
10307
15452
7878
108770
8776
20605
19624
20145
10669
14397
19225
10316
16353
7596
13764
19658
20143
7166
19458
19728
19862
9990
15441
19079
10088
14923
19499
10534
14490
19760
10123
15416
21333
20261
19368
10194
16050
20108
19711
10613
7170
9168
21220
18895
10153
15165
20312
19448
7369
18559
19408
9848
15945
19697
18926
10986
15241
19277
7358
17522
19220
10246
16128
20183
19010
8083
18597
19365
9556
14218
18807
21079
9600
14386
20446
20168
10600
15973
20927
19640
19506
7391
18737
19085
9615
15486
19482
9339
15311
19478
20066
11116
193839
19766
7753
29100
11176
21296
19922
19282
10646
15797
19986
20238
10092
16449
20332
20290
19897
10075
14901
19128
9971
16006
19389
10104
14486
19902
19857
7778
11625
15673
20656
20189
9671
15825
20835
19560
19808
8603
18188
20071
19733
10170
18443
19590
21107
19872
19489
10130
15955
19088
20408
10362
21667
14966
19299
10076
14757
18815
10855
15631
20046
19593
11068
14367
19436
10274
15072
19746
12010
12852
20449
19252
10308
15200
19235
20777
10887
15765
20735
20297
19865
10048
16193
20494
18989
10266
14827
19266
10316
16105
21152
20428
19584
9964
14752
9892
13814
20087
18880
8316
18257
19902
9825
14813
19527
9433
16425
19398
19480
7799
18288
19871
20164
9546
7610
9405
20629
19405
7934
18220
7985
14779
18703
10441
14242
19789
10449
15590
19098
19926
7379
18493
19288
9787
16440
19723
19224
10692
15576
19659
19780
7973
18199
19329
9603
15340
20530
18959
7328
18667
18922
25022
20692
19429
19905
10675
14939
20279
20542
10867
14758
18933
7661
17968
20002
20172
7199
18128
99038
10754
15466
20521
19498
10224
15851
21446
19948
20447
10096
14220
19941
19662
10810
14885
19138
10161
15052
9768
12815
19490
7739
19507
20339
20082
20066
9800
16194
8244
139638
16230
20084
9464
15560
20449
20010
9338
14671
19289
9321
15763
19098
20344
10748
15851
20123
7459
16215
19672
19981
8133
18410
19189
9948
15728
19541
20353
10223
15343
20476
19885
10311
14210
19021
8238
17675
20922
22754
19422
19944
7600
18189
18719
33164
11892
20548
19697
10436
15576
18660
9729
14582
9559
15719
20186
20030
9504
15697
19666
20405
10587
14764
19707
20313
11037
14063
20201
19800
10883
16193
21154
19083
9832
15043
20495
19707
10024
14984
19046
9839
16820
21248
21160
20133
19219
10436
15995
19731
9476
8065
7997
20675
18938
11035
15548
19500
20234
10521
15295
19103
10423
14459
19400
9456
16322
19266
9897
15323
20876
20129
19887
10971
14769
19400
20009
10836
298766
17948
19325
9618
14870
19088
10664
15629
19728
20031
8121
17114
20246
19519
7978
18251
19694
9928
14174
19828
10002
15922
20881
21235
19599
9375
15336
20182
9746
14603
20284
23538
19763
19971
9508
15624
20292
24830
19356
20953
18727
7331
17715
19105
10261
14971
18824
7778
18480
19741
19685
10969
15406
19500
9458
14341
19526
7360
19217
19535
19727
9984
16443
19923
19585
10363
14953
18898
10730
15102
18796
15164
9789
19748
10089
14924
18938
9228
17003
20459
20666
18783
8260
18333
19796
9872
13701
20343
9905
15395
19580
20112
10723
10735
8680
19102
21194
19647
19286
10787
16484
20695
19044
9728
15117
19328
10829
13886
19116
9910
16487
20024
9566
14000
22785
20512
19949
19990
10047
14557
19292
10508
15896
18800
20200
7605
19285
19654
19851
10119
16282
20625
18760
10414
15541
19952
19710
8062
18063
19990
116710
8141
19764
9364
14553
19094
9451
15887
19007
10019
15572
19990
19698
7450
18464
19245
20075
8203
17784
19220
10862
14483
19473
20005
8164
18492
19400
20095
33987
6932
119304
8412
19543
10059
15774
19991
19758
20702
19410
10559
16321
21230
20849
19649
32248
12230
19579
9459
15768
19909
20026
10388
15121
19096
20222
11051
14580
19506
9808
15162
19685
10454
14610
19100
10102
14748
19574
20313
7495
18615
18688
7912
18883
20288
19725
9590
16427
20170
19040
10533
14558
23958
18979
19429
10124
16053
20872
19332
10000
15230
20301
19672
7641
17230
20034
20813
9991
15012
19148
10644
17843
17863
19472
10715
15955
19749
19485
9561
16687
19199
19688
7936
17350
18873
8119
18981
21091
19570
20193
9997
15461
20446
9687
13996
19217
10592
15183
26789
16697
20416
19604
20451
10266
15455
19090
9807
15985
20724
20547
19493
11461
14706
19571
19404
8632
18261
20357
10424
17956
18486
20257
19543
10750
15182
20202
19557
7464
17805
19863
9642
15856
20717
20883
19565
10832
14402
18851
7521
18453
19120
9409
15142
19475
9620
16418
19276
19758
10892
15600
19046
10175
15574
19613
19002
11287
16030
19758
19195
10034
16125
19661
20121
10704
15594
19707
20155
11099
13928
18854
10891
15406
19737
19281
7971
18846
20322
18698
7407
18468
19443
10894
14450
19804
20448
10858
15189
20284
18898
7222
20599
19671
13010
11071
20943
19164
9508
15002
20283
20866
20169
7282
20730
19389
19021
10405
14985
20356
12932
11297
20323
18876
10572
15563
18887
11251
14379
19678
9864
15049
18648
9811
16225
19405
20189
7151
18657
19466
9873
15610
21521
21052
19405
20405
10512
15343
19343
19895
10602
15312
19990
9839
15486
19733
19031
7260
19287
18934
9379
16004
19138
20241
10826
14856
18838
11005
15976
19707
113463
11635
20866
21642
20902
8279
14485
19251
19510
8676
18704
19483
19959
10810
15092
20744
19009
10343
15409
19625
19753
11451
15091
20223
19756
7614
18721
19101
9885
7430
114341
16822
21517
19927
19278
9778
16656
21061
20480
18930
10234
15180
19943
9587
15179
20200
20225
9538
15374
18867
10654
18344
17635
20441
19598
8834
18616
21185
20644
20328
12615
15158
18035
18912
10785
14333
18891
10631
15447
20348
8624
15603
19190
9477
16009
20752
19608
19542
11551
14868
20657
19037
7609
18981
20197
19353
9719
14860
20265
10346
16156
23572
18035
19766
20195
20638
11347
21958
14518
18997
9967
15328
20420
20084
10495
15336
19049
9871
15350
19067
20428
7777
18221
20050
20314
9984
16409
19902
19468
10442
16032
21369
19828
19927
20245
7449
18138
20461
20144
8482
16738
19734
10292
14810
19366
10240
14322
20049
10193
14791
19180
10487
14303
9981
15414
19441
18735
19825
19593
7593
19574
19197
9646
14579
18830
9809
15635
19211
20011
11275
15806
19461
19143
11094
15011
20338
9909
14964
20245
20047
20397
10405
16837
18917
19198
10707
16450
19276
19682
10856
8605
7882
18817
7498
18038
20011
9368
15784
20304
19498
10522
15201
19676
19461
7992
17511
19146
11086
14967
20509
9497
14020
20279
10194
14035
19684
9610
14111
18939
7712
19044
19262
10271
14400
19676
9689
14268
7191
16512
20415
20181
7336
18202
20203
19690
10187
15064
19087
10547
16246
20273
19312
20492
7389
18457
19683
10514
13937
23101
20312
19486
20213
10836
15543
20928
19205
10087
13717
19989
7592
18018
19488
10006
15349
20584
20349
9429
15466
19907
19791
10717
13372
20344
19711
9740
15516
19064
10311
15422
20822
19036
20632
10732
14128
20214
20309
7412
18164
20309
9442
15191
19666
20169
9679
15508
20430
19370
110931
16015
19282
20493
10660
15069
20144
20124
10384
14892
19421
10581
14121
20342
19142
7308
18061
19964
10402
14204
19278
9984
16005
20150
19569
10251
16297
20224
20160
8731
122574
25834
11458
20571
19117
10347
15230
19523
20031
9942
16051
19477
9641
15023
19958
19629
10912
15605
20523
19970
20086
7469
19295
21548
19484
19707
9829
15798
19274
10040
15695
19625
19825
10943
15353
19076
9661
14851
19295
9628
14237
19764
10019
16038
20384
19112
7536
18682
19036
9439
16012
19969
20451
9923
14582
18862
8159
17677
19480
9720
15442
19609
20085
7768
18884
19793
19613
11133
13524
19380
11276
15184
19618
20143
9035
16586
19158
9617
16218
20385
19938
19926
7717
18619
24053
19004
20353
19031
10671
15805
20038
20103
10769
14897
20343
18947
7989
18470
20425
20050
10321
15509
20558
19104
10436
14510
20103
10441
14241
20384
19468
10380
14901
19870
9476
15963
20094
310115
12753
19103
7953
18414
19004
10647
14952
19167
20269
7637
18374
20309
20227
9633
14927
19833
9427
15786
19745
9603
17067
18728
20601
19891
9410
15605
19835
19787
10671
16170
21349
20234
19337
10574
14979
18949
9628
15075
19648
10342
15588
20107
19963
20291
10771
16070
20748
19632
20251
10610
14764
19035
10141
16737
20176
20058
19230
11259
15254
19866
9897
14485
19689
9447
15815
20978
22104
20845
19492
9456
16039
19384
19599
10410
16628
21035
19341
9482
14984
20008
20425
9487
15215
20472
9478
15385
20260
19541
10165
15502
20211
9428
14164
20275
20291
10451
15569
19543
20046
10846
14805
19664
9902
14537
19660
19948
7089
20012
19127
19446
10706
16214
7374
16061
20653
20161
20333
9998
15044
19979
9609
14919
23374
18400
19555
10500
15751
20492
19546
9561
14972
19081
10269
15846
20630
19478
8597
17036
18939
112132
13939
20656
19600
9396
15815
20504
20302
19967
7835
18325
19163
10078
15286
20192
19930
10513
14733
18909
9984
16205
19318
9451
15564
20705
19018
9446
16087
20031
7591
133554
6962
18855
19906
9679
15612
20623
19223
10433
14821
19853
20207
9736
15446
20243
19339
7712
7061
12374
11287
12670
20067
19870
10042
16700
19568
19812
10921
14813
19527
9360
16221
20297
19051
10785
15687
20890
19235
20093
10974
14542
19327
10248
15332
7164
15829
19904
9424
14539
19506
10241
14822
20008
19969
11148
14411
20082
20302
9838
15042
19882
10476
14375
19257
9437
15952
19937
20221
7340
18672
19482
9425
16440
20099
19347
20615
10266
16099
19247
10079
13866
25602
18336
19414
19117
10606
16338
20431
19999
9642
15237
20173
20102
7168
17970
19702
10120
15687
21310
20151
19066
11306
14605
20511
19246
10506
15124
20025
19782
11267
15806
19612
9428
13937
19410
9747
15339
315889
8969
19344
18744
7769
17460
19630
10012
15169
19362
9757
15976
19074
10462
13538
19472
7301
19279
21015
19563
9932
15600
21108
21453
20914
18961
19920
10653
15773
19536
9630
14795
19187
9982
16194
19661
19749
33813
12159
19323
19740
8076
18107
20326
10121
14931
19279
10276
14149
19270
20640
10542
12605
19061
10815
15190
19541
19892
7637
17355
20171
9589
15646
19263
19877
11073
15235
20194
19920
10282
15906
19142
10061
13959
18477
8292
18635
19557
19751
10066
16636
19220
10215
14880
20594
19561
9759
15579
19912
20331
10825
14266
20479
8644
14674
19420
9589
15990
19179
9601
16176
19718
19514
11433
14851
19489
9348
15467
19412
10050
15046
18915
19768
7664
18620
19311
10002
14986
20081
9527
17952
18384
20137
19654
7772
18172
20282
20229
10302
14743
23999
19700
20953
20018
9579
15787
19728
19243
10281
15924
104051
18707
20483
19738
10117
15372
19548
19650
8578
17994
19487
20218
7411
19040
20461
20384
19897
10416
15679
19059
19919
11505
15073
20336
20302
9973
14948
19935
20272
7621
125964
13178
19015
10336
16809
20476
21345
20234
9405
14811
19651
9748
15071
19926
8399
15747
19995
19194
10804
16480
19810
18678
8176
17150
22533
18728
10526
15522
19076
10121
14562
21360
18844
7548
18005
18863
7250
18165
21476
19061
10420
15507
19708
20184
10061
16661
20547
20585
19569
10805
15311
21798
20180
19603
19466
8002
17759
9259
14158
18664
10800
16034
20553
19172
10148
15344
19312
10153
14552
19052
9544
15464
19089
10087
15669
19106
20292
10973
15692
20306
20001
10552
15282
20699
19871
19608
7858
18815
19143
20072
10562
14277
9493
14869
19724
20384
10149
17660
18376
19851
32584
12556
20354
12048
12456
18964
10041
18154
18138
20345
20534
9902
14902
18923
7314
17877
20164
13772
23161
19646
20549
20219
9748
14679
7732
16686
19075
9409
15345
20645
20209
20046
9802
16968
20793
20432
19738
10061
14851
20504
9416
15849
19709
19088
10871
15454
19867
19286
9912
15976
18751
10991
15776
21148
20791
19168
10142
15148
20565
19405
7411
18964
21219
19343
9348
15525
19471
9855
14167
18854
7808
17899
19863
9413
15571
19907
20475
9423
15361
20161
7803
15883
20162
20051
7818
18459
19447
10109
13929
19527
7255
18586
20241
9463
15731
19993
19057
9589
15744
18761
10237
14462
9662
13797
19030
10212
15923
8571
13121
19212
10261
16740
21647
21040
19287
20284
9897
18347
19027
19931
9613
14984
21646
20083
19606
10342
14631
21353
20145
9876
14301
19336
10656
14736
20250
19810
7535
18519
19875
20200
10285
15943
20109
19943
9466
15353
20348
19528
10451
16153
21127
19046
9562
15629
19088
9466
15335
125102
18456
20525
19646
20389
7810
18282
20441
19162
11177
16106
19981
20796
19350
10886
17457
18394
19947
10589
13582
9808
14584
21092
19280
19742
7205
19548
20449
9525
7660
126685
20277
10014
15020
19319
10430
14897
18970
10263
14945
19679
20232
10529
15797
20086
20152
9871
15200
20507
20354
9591
7138
9557
20003
19079
11093
15533
20527
19461
7202
18255
20104
20371
10625
16788
20190
19427
9491
14915
19136
10473
15605
19939
19192
8076
18589
19735
20243
10009
15511
19160
10215
14281
20297
19823
10044
15178
20352
21077
9820
14995
19691
19930
8226
17902
20122
19548
8924
17661
19125
9415
16569
20970
20278
19286
11168
15281
20095
20748
20243
9387
15800
20151
10003
15004
19074
20317
10289
15315
19894
20525
10812
14543
19128
10691
14945
19256
19924
7689
18541
19924
9822
15684
19994
19887
9553
14625
17299
19067
10324
15174
20558
20089
19966
7770
18580
18971
11871
19487
19548
8019
17612
20187
10062
13769
19823
20305
7662
18829
19384
9785
16584
19692
18990
10373
15872
20824
20403
20176
19994
8194
18689
19943
19313
7771
18398
19622
10004
14302
19421
10271
15090
19784
19441
11476
14341
18906
7720
17841
19789
10187
14488
19171
9917
15277
20044
19576
8166
18975
19700
9594
14025
19152
10729
14550
19349
7471
17637
19688
9948
15148
19678
20124
10589
14430
19472
9832
7447
9353
18775
7822
18446
18958
20103
8173
18306
19020
10047
15046
19925
20244
10469
16569
20189
20289
9414
15987
20462
19329
19603
7790
18117
19574
10648
10509
8617
18087
19874
20153
7834
18400
20092
19974
10261
16630
20051
19705
20365
7322
19102
20348
20473
19719
8140
18293
19365
20327
7379
17923
20827
19056
7786
18865
20005
19279
10622
15321
19148
9888
15679
19606
20553
20304
10858
14566
19341
10810
115656
20008
20029
10163
14647
20283
19820
10240
16628
20584
19521
10205
14602
19281
10082
15333
19261
10244
15380
21409
20556
19116
27692
18641
19794
19627
9974
15219
20087
8702
117287
21895
19356
19423
9675
15585
19970
19725
10752
16076
20930
19759
19808
10116
15374
20102
9600
14760
19444
9979
15813
20138
19563
9933
15514
19585
19889
10844
15347
19169
9882
16020
21511
20311
19858
9703
15730
21841
20225
19635
10523
14087
20231
20569
9824
15984
21321
30692
12721
7984
14282
19792
20084
9848
15596
19067
7350
18667
19561
20024
10723
14115
19099
10853
14678
19499
10132
15814
20870
20466
20124
10056
14561
19386
10263
15548
20825
18785
7479
18225
20224
9741
14054
20474
20189
10016
15598
19276
19939
7813
18520
19369
9598
15325
19179
9994
15353
20287
19086
10440
17093
20339
20222
19928
9805
16512
19945
19689
10768
14476
19245
10023
15037
20040
9821
13797
19263
8195
19523
19123
10143
14971
19347
20046
7752
18035
19538
20505
7619
19261
20430
20402
19222
10863
14636
20507
9528
15251
19964
19138
7661
18613
18795
10184
15788
19544
19155
9037
16536
19551
10336
15835
19437
19909
7854
18216
20405
31897
12875
20825
20226
19510
7374
18280
18999
10949
24094
12799
20892
20625
19069
10246
16220
19644
19543
7703
18401
19355
9623
15819
20612
20241
10010
15665
22584
19781
19945
19082
10890
15579
19271
9523
15628
20064
19462
7378
17848
19882
13918
10519
19151
9974
16394
20322
20738
20425
9638
15624
19461
19530
10868
15752
20273
20331
9825
14821
19846
9851
14899
19076
10729
14339
19972
19835
22572
20053
9318
16890
20353
19559
24300
20021
9569
14812
19963
20436
20505
8312
18165
18951
10802
15156
19602
19543
7794
18275
19664
20065
9848
15863
19060
7745
17583
19257
10489
14981
19727
80956
10844
14023
19970
9616
14370
19420
10612
14433
18810
7877
17595
18857
10422
14861
19062
10866
14906
19500
10394
13812
18797
7624
19048
19511
19867
11065
14760
20326
7205
124562
12656
19542
10789
15030
19578
20523
10949
15503
19278
9637
15303
18931
20502
20751
8340
19373
20634
20248
18822
10579
15055
20528
9484
15563
19907
19125
10856
15553
20497
20024
9730
15348
20203
20102
11189
14064
20241
19528
7249
18881
19548
19908
11434
7935
7709
20468
18685
20295
10855
16030
18861
9974
14354
20019
10132
14985
19604
9687
14776
19153
9415
15498
20115
9852
14877
19465
10190
15143
19842
20076
9733
15531
20250
18943
10656
16697
21049
19904
19435
10006
21732
15211
20247
9320
14904
20697
19312
7794
18642
20605
19900
19923
7387
19100
19260
9398
14792
18926
11010
15466
20424
19179
9962
15802
20186
19425
11197
15139
20404
19241
10428
16229
20083
18880
7777
18658
304389
17693
19841
9685
15000
19301
10424
15408
19603
19564
11308
14380
18876
9937
16051
19441
9807
14589
21216
19643
10123
14897
19268
10302
15541
20013
11454
12102
19223
10723
15174
19800
19210
7861
18016
19331
9890
15774
19389
9521
14824
19016
10442
16028
20528
20335
20387
32872
12490
19438
9663
15596
21317
19746
20233
9284
16952
19919
19910
19857
8558
17946
19318
10117
15583
19137
9761
15094
20097
19302
10972
15612
18901
20306
11182
14257
18660
8120
17774
19543
9466
16374
19923
19569
10570
14612
19641
10025
15602
20266
20051
20308
10502
17210
19909
19254
10290
14524
19148
9986
15051
19091
20753
11088
16029
19170
19586
7904
18509
19348
10194
16082
19518
20282
22255
20302
10389
14755
20493
19201
27912
17612
19097
9614
17184
19702
19054
7448
17841
19671
10234
14687
18942
9543
16650
19041
19797
11151
15827
20324
96692
8822
19947
19360
19893
10562
15032
18846
7831
18382
19669
9604
14420
19504
10071
15805
19924
18778
10649
15596
19621
10049
14974
19117
10122
15943
21496
20904
20256
6966
129733
8716
19786
9446
15187
22261
19502
20133
10002
15052
20697
20093
20089
10301
15748
20099
20205
9751
15183
19402
10667
15564
21354
20698
24832
17440
19255
10264
14932
18964
10230
14244
20275
11095
14365
19101
10502
14177
19615
13516
11268
19233
10521
14618
18929
10453
15692
20271
18803
11194
15723
25051
16551
19084
10198
15054
18886
10798
16051
20231
20000
10102
14613
19078
10357
14367
19073
20662
11157
15291
19525
20567
10169
15345
20502
9630
13895
19230
7579
19369
20133
19573
9961
15554
19560
20177
10337
14441
19266
10066
16845
19830
19298
10399
14770
19777
20416
8035
7651
13633
18560
20002
20103
7693
18516
19765
20524
7461
18157
19609
19885
8219
18618
19912
9645
14573
18692
10030
15564
19778
9586
15364
20193
19140
9969
16498
20128
7653
16005
18863
20307
11293
15447
19291
32095
13221
19673
19289
7770
18241
19000
10312
16310
20497
19463
10077
13768
19528
10056
16200
20554
20533
19784
11050
14987
20374
19887
10440
14682
18858
9900
15289
20335
19812
10547
15993
19114
20296
7193
18493
20326
10059
13873
18790
10406
15958
21774
21443
20605
19057
8468
17944
19784
19595
9547
15996
20343
19580
10390
14776
20284
19783
10269
15565
19118
10082
16134
19226
19524
10646
15402
19537
10448
15548
21113
20676
20594
20387
19919
7916
19374
20629
20333
19529
10066
15312
18936
10892
15206
19348
20184
7492
18841
19732
9702
14452
19773
9676
14502
19698
10402
15042
20266
19136
10366
14943
20187
9782
14948
19633
10087
15599
20760
20511
20230
9846
15686
19158
10066
14922
20748
19049
10302
15981
20757
19679
19926
201680
10406
15750
19348
19769
8095
19510
20589
21465
20447
19412
10632
15654
19238
21153
20087
19297
23650
18798
10852
14972
20170
9848
14892
20193
19497
7941
16896
19262
7345
177910
19722
10753
15932
19449
18997
7534
18906
20511
20033
10284
13955
7136
16931
20792
19727
9589
15697
20001
20191
9970
14758
18689
10264
14478
19891
10267
15743
19454
19587
11412
14425
20452
19986
7552
18010
20299
10018
14060
19145
10979
15108
20022
20928
19430
7595
18762
19358
9621
19010
17841
21759
19114
20533
9989
15358
19523
10210
15161
19931
19708
24682
19006
20083
7563
18749
18926
9578
16921
20856
19670
19288
7932
17832
20510
20307
10692
15675
21032
19849
19894
10948
15513
21175
20127
19476
10492
14555
19683
11048
13788
20343
9429
14897
19886
25835
19201
20146
19276
10859
15220
19502
19822
7720
18267
19758
20441
9625
17172
20097
19354
9958
15385
19549
20093
10845
14620
19642
20392
10589
14856
19465
10267
16210
20275
19327
10065
14182
20251
10299
14394
19021
9948
16705
23146
17311
19827
10368
15476
20303
19281
28948
17027
19790
9734
15618
19240
10027
14882
19380
19401
7584
19691
19358
9579
14524
20410
20077
9810
16415
19443
20435
9824
14541
19977
12300
13020
19892
20143
10914
14933
20374
18688
8389
18338
19867
9466
15803
20103
19704
9897
14065
19886
9922
15543
18957
10856
14196
19841
20333
10220
15664
19369
20215
10344
16589
20893
19907
14206
10571
21594
19490
19641
10133
15323
20498
20123
10189
15041
19989
20358
11203
14199
19608
10605
14538
19513
9834
32419
10134
15079
20239
9719
15693
25458
16417
19822
14621
9671
20230
20123
9887
15787
20418
20102
10333
14312
20073
9989
14721
19392
9890
16429
19506
19060
7767
18035
20099
19487
8000
18567
19126
9778
15315
19297
20124
11235
15430
81683
20273
19389
10101
15643
18720
10523
14285
19600
9785
16516
21073
19896
20685
9481
14358
19784
20282
10924
13865
20403
10055
15289
19127
10079
13947
19025
11076
14102
7861
121777
14076
20321
16649
8526
19565
19722
10010
16464
18884
8412
17215
21002
21692
21084
20283
19076
11072
14352
19427
10824
15180
19461
19894
10826
15679
19052
9476
15370
19702
19771
7933
18717
19523
9490
14858
19080
10840
14140
18697
10282
15141
19687
10784
13965
19786
9418
19158
17764
19838
9708
15313
20879
19367
10369
14635
20492
19679
10256
14441
19660
11056
14648
19330
10186
15215
19923
9483
15194
21258
20508
20276
19546
11401
15706
20470
19354
10266
14857
20462
19754
9934
16198
20099
19299
7979
17288
19430
7319
18716
19342
19528
7988
18665
19415
9498
14684
20517
19522
8034
17843
19240
7303
18015
20179
19621
10375
16180
20249
19159
10451
15916
19590
19938
9628
16206
20303
13822
20262
19895
7775
18211
20001
20358
10123
14988
18861
20041
11261
14454
19044
7815
17724
19873
10025
15883
20284
19539
9936
15602
8284
13109
9481
14800
19155
9957
15673
21651
20984
18782
19615
11046
16529
21407
19429
9862
13955
19741
10087
14066
19629
10953
14761
19664
20034
10484
15736
19970
19446
10857
14428
19035
7831
18466
19446
9868
14531
19402
10324
14303
18905
10069
16215
19702
8201
16180
19261
9575
16379
19692
20127
9986
14422
19762
23283
19938
20131
10634
16427
20432
19543
9711
14672
19117
7351
18795
19722
20909
19953
19364
11003
15189
20374
19117
8762
18279
21012
20122
18941
10983
15365
19399
20071
10846
15007
19883
10034
14176
18868
8410
17509
19934
9621
13989
20362
10380
15159
19059
9635
15617
20677
19942
20113
11025
14754
20166
19974
10773
15445
19745
19338
10180
16587
20574
19038
10575
13815
103373
21160
21506
19703
20005
10363
14662
19764
9524
15255
18825
7349
18169
20020
19910
10287
15364
18907
10584
7903
8926
19499
9833
14731
19840
19970
10540
15461
20215
8092
148800
8444
20367
19327
7859
19139
21399
18866
10253
15150
19872
19666
9923
16557
19907
19138
11075
16215
19460
19399
9792
15989
20322
18656
10805
15478
20296
9588
14061
19597
10663
14794
20261
20276
9538
16005
19197
19699
7317
18917
19370
10703
13987
20130
10148
14576
20215
9462
15874
20368
20287
19684
7397
19217
8184
14165
20332
19492
10425
16033
20682
19801
9657
15364
20987
19467
9431
16005
20779
19544
19962
10564
16757
20668
9695
16453
17778
18776
11343
14499
20729
20646
9424
14449
19663
9685
15617
20355
20013
19764
11083
16899
20464
19947
20271
9953
15346
20395
9429
14369
20340
10385
14424
21209
19049
10275
14748
19689
9722
15389
19653
9516
15103
20438
20395
9464
15960
311992
11564
19932
19876
20385
10379
14686
19548
9419
16207
19244
9476
14595
19374
9412
15063
19923
20312
10186
16677
21635
21535
20751
20365
19164
9997
16461
19947
20090
10404
15476
19789
19700
7441
19159
20365
18887
9035
16244
19298
10360
15148
19661
9696
14190
18846
7747
24020
16315
19928
9828
14000
19814
19616
8130
17610
9512
15020
20266
20733
19801
7505
18290
20047
9394
15914
19826
19163
20837
11287
15392
20183
20175
10532
21667
14435
19793
18903
11615
14261
13866
9640
20307
9400
15538
20103
19270
13998
12371
19793
19906
9557
15825
19723
9978
14480
19188
10528
14764
19166
20082
11317
16101
20875
20220
17820
20546
20468
19618
7386
17934
20103
10029
8592
8324
20420
19989
20225
10928
16068
8568
12979
19656
9417
15612
19352
20257
10765
15492
19438
9529
14372
19533
20024
10848
16579
20878
20504
18974
10570
115248
19300
10421
14278
19401
10064
15638
20128
20519
9631
16353
20926
18960
10164
14248
19800
10230
16080
19983
19871
20581
10041
15063
19038
9694
15634
20200
9438
14717
7153
119201
18421
19853
9546
14657
23617
18649
20135
19481
7596
19051
19290
20483
11507
15592
21313
20831
20312
19384
10787
15847
20069
18987
7620
7630
12712
21069
20758
19905
10429
15399
20250
19724
10358
14760
20200
19872
7291
18206
20274
19611
10311
15356
19390
10450
14302
19227
10467
16108
21105
19646
27145
17849
20092
18695
11020
15953
19895
19528
9946
16229
20774
19211
19468
8829
18604
19830
19475
9992
15371
19701
10487
14645
18943
10810
13867
18960
10912
15765
19777
19423
10841
15941
19185
9584
14975
19268
9938
15082
20341
20124
9812
15584
19363
20329
11510
14146
19159
9760
16592
19308
19295
8474
18571
20825
20344
9692
14911
19026
9882
14348
20584
9449
15808
19881
19491
7494
15193
19993
20085
10482
16025
20333
20451
9426
14960
20388
11434
13820
20408
18747
10210
14816
18924
10284
15949
19447
9645
15005
19298
10172
14032
20037
9690
16354
17702
19683
9662
15841
20072
20029
10260
15153
19130
20478
10143
15053
19164
10231
15656
19800
9676
15589
19661
19420
10070
15967
19670
9671
14365
19041
10828
15870
19478
19700
10097
16063
20921
20764
19680
10610
15908
20482
20110
20410
20106
7664
18166
20548
19508
11137
14615
20405
19585
10201
14987
9282
14145
19651
9317
15421
19058
7452
18187
19262
20111
7363
19480
19439
9658
13497
9626
14501
20329
19984
9394
16260
19569
19991
10888
14721
20572
19633
7861
18287
20098
9607
14381
19908
20074
10310
15303
19279
10102
15294
19571
10680
13912
22697
21482
21193
20434
19338
9560
18256
18923
19211
9195
15705
20315
19415
7220
19165
18948
10794
14780
18960
120600
9948
15375
19089
10893
14503
19523
20460
10214
16483
20076
19749
9848
15953
19523
20067
9820
15188
19099
7278
18150
18950
10674
15149
19929
9625
13540
19912
10549
7046
117213
14323
21104
20021
9723
13591
19260
7488
18878
19171
9422
14783
20150
9950
14168
18855
10764
15830
23928
17760
19500
10372
14755
19121
7193
18604
20153
19482
11016
14589
19302
7877
16732
19986
20597
7388
17993
20106
20553
7353
19048
19544
9538
13942
18691
7918
18053
20312
19870
7631
17694
19236
9659
15366
19574
10625
15360
21589
7880
14502
19350
19596
7331
19214
19933
9589
13988
19972
8521
16825
19081
20089
8135
17921
19543
10325
14681
20255
10006
13958
19268
7548
17433
19401
7412
17784
20015
19854
12241
19579
16041
19504
9798
14311
18843
27593
18243
20937
19437
10471
15478
19856
19976
20325
7459
19294
19340
19911
11345
14946
19127
20516
11053
15994
21712
20553
19663
19365
11486
15560
21199
20248
19041
10256
15208
19754
10442
15361
20125
19232
9850
15686
20114
9584
15987
26173
15411
19239
9543
15987
20162
24564
18651
18820
7020
18985
20386
19300
11375
15594
20908
19886
20168
10044
16397
20493
19391
20636
10038
16356
8241
13604
20419
20066
11207
13947
18941
10591
15600
20544
19342
10360
14425
20186
19984
8158
18917
19632
20103
10987
14483
19659
9481
15577
20365
20626
20086
28143
16890
19916
9603
15499
18867
10651
15548
20876
19382
19830
11318
14544
20154
10004
14694
19022
20181
8480
19021
20189
19496
9692
15346
20323
9442
14549
20759
9530
14982
20189
19590
9410
15619
19830
20367
10193
15825
20496
19777
10182
15475
19661
9685
13869
19861
9815
15898
19569
9338
14962
18849
10021
16166
20978
19361
7708
17316
19886
20825
19581
8407
18145
19358
19709
7625
19379
20988
20487
19312
199015
8185
19822
18864
33327
12617
19158
20623
10583
15195
20169
19647
8097
17792
20079
19401
10883
15789
20112
19486
7873
19229
20907
20076
9651
14948
20507
20558
20128
7199
174291
7191
20065
20164
19215
10842
14717
19577
20325
10030
16892
20654
19132
10684
14751
20391
19618
10726
14184
20973
20045
10449
18483
17784
19471
10071
14773
19649
9528
16708
20412
18878
10404
14140
20541
19543
7764
18466
20389
19940
9379
15364
19240
8539
16820
20015
19583
10786
15547
19517
9768
15532
19328
19946
10795
15485
19882
20052
10482
15031
19010
9700
15720
19533
20113
8380
17689
19630
10026
14737
19300
10301
14697
20174
9543
7625
8867
19111
10445
15602
20089
20169
19461
19711
7856
18415
20214
19360
9856
14793
19278
11116
14423
18683
11004
24943
25200
7852
19901
9391
15409
19363
27923
17794
20161
19356
10753
15368
20474
19517
9619
15673
19618
9589
14835
20064
19349
10667
15015
19601
9920
15575
20334
19759
10271
14391
19921
9861
16070
21173
20251
18770
11090
13849
19302
10502
15283
18969
7695
18533
19435
20114
10210
15591
19103
10000
15246
19727
20205
10455
16010
19413
19935
10907
14521
20353
19910
7757
9437
10564
19988
19197
10610
15217
19089
9968
15407
18900
10615
15620
20325
20431
9760
14721
19097
20249
10845
16216
21630
23846
19087
19925
20575
9779
14587
23136
19891
19303
9486
15247
20215
9529
13758
19733
10418
17272
19664
19077
19708
7585
19754
20931
20430
19601
7572
18132
20440
20102
10025
14738
19303
10725
15227
19260
20246
10700
15971
20766
19009
10449
13910
19853
9856
16019
20147
18808
10522
16425
20733
19108
9882
7177
9418
20167
9407
14921
19128
20278
7654
18709
19265
10861
14771
21716
19089
19889
10548
16620
20741
19538
20205
10601
15871
19821
19107
10287
17056
20887
88533
13112
19807
9536
16323
20841
20025
20309
10064
15362
19774
19682
7447
21348
18880
19584
19646
10808
15271
18960
9761
16629
19208
19534
7368
18700
20071
19724
10933
7838
122642
7013
19087
9687
16784
20964
19165
20026
10400
15536
19861
9666
15594
20164
19307
7701
18947
19200
20373
10842
15542
19713
20143
9978
16043
20063
19159
9964
17702
19889
19060
9652
15768
20751
19542
10432
13942
19001
7701
18942
20172
19602
9954
14522
8476
15441
19520
9799
15569
20070
19530
9486
16101
20374
30615
13477
20087
19265
7402
19612
20050
18686
10412
15466
20303
9856
14897
19847
9504
14127
20544
9414
15533
19295
19140
10666
16588
20257
20349
20255
7797
18939
20923
20313
18787
10523
15978
19614
19807
7875
18534
20334
20564
19789
10058
16184
19276
10230
14473
19686
8122
16917
19691
20296
9776
15388
20368
19844
10883
14548
19964
9429
15729
20902
18911
10225
15906
19189
19855
20719
19398
11268
13938
19093
10405
15653
19681
20107
10805
15571
20635
20349
19950
7703
17542
20085
10740
14420
20549
19457
7551
17907
19021
9416
16193
19143
10242
14400
19742
9841
14846
19740
10463
15183
9729
12746
21344
19112
20630
10111
16235
19056
9889
15587
30661
11696
19707
19207
7981
18721
18838
9960
15756
18901
20284
11184
14637
19087
11047
14600
19161
9741
16287
19706
18720
7749
19201
19738
20292
10365
14733
23435
19687
19625
9701
15169
19679
19951
7285
18863
19704
20168
10276
14579
19885
9724
15408
19727
19850
8230
18415
19506
20544
9635
15541
19203
9967
14701
19205
10482
14611
19282
10992
15278
20294
20243
10129
14569
19885
10134
15120
19350
19528
7957
17733
19979
20147
8378
17452
18878
7775
17893
20614
19546
10706
15693
21591
21712
20836
18997
9690
15624
19384
9776
14117
20386
9689
113670
19369
11049
14520
19651
9725
15348
20495
20151
10976
14630
20471
20273
9738
16124
21136
20517
19533
20655
9835
16816
20663
19605
9750
14087
19645
7388
17505
20227
7086
144368
14712
18860
9577
15877
18955
10533
15682
19374
19914
10341
16010
20240
19013
7716
18041
19524
9808
16320
20262
19041
19755
9486
16144
31470
11032
20162
20078
10147
15033
19643
19866
7594
18459
20306
19634
10523
14981
18881
10210
14438
10717
13688
19936
20164
20649
11492
14822
20765
20031
10205
22171
14563
20575
19820
19356
8182
19165
19104
20175
9992
15154
19250
10536
16194
20666
19560
19405
11148
14364
8584
15215
19392
9384
15483
19371
9641
15569
19770
20065
10975
14924
19661
20002
10377
15954
19312
19604
8186
19462
20192
19820
9880
14569
19361
10364
14202
8536
15457
19750
9241
15000
19068
10205
14256
20034
9666
17039
19497
18838
10778
16235
21255
20373
19376
10538
15447
10702
14231
19746
10872
15548
20072
19539
20533
8362
17382
19918
9904
15210
19984
19802
10492
15665
7933
14187
19597
10514
15605
20397
19815
20061
7897
19087
21013
19578
20287
10887
14400
19058
10088
14943
19269
9716
16019
22865
20056
18968
10564
15652
19961
20874
9744
14302
19782
20292
10067
16333
20344
20112
9728
14119
19522
9338
16128
19954
9384
14754
19489
9645
16556
19764
19451
20264
10926
15336
20366
9588
15001
20114
19143
7259
19287
21456
19940
10102
13036
19220
10446
16525
20350
19127
10551
14901
19113
20043
7407
18861
20384
19683
10261
14979
20466
19473
10776
15678
19327
32372
13487
21332
20475
19466
9841
16287
20907
20470
20123
9570
14750
19228
10449
14778
18735
10393
15561
19805
20447
8275
18212
19482
19088
10064
15357
18772
10671
15153
19110
9988
15502
19863
10051
14141
20546
9669
13695
19058
7191
124751
16166
19448
20169
9538
17015
20451
20042
19779
8219
18097
19410
9490
15557
19512
8239
16505
19886
19281
10876
14971
19230
7439
18054
18786
10753
14924
18944
9880
7132
111716
19579
20002
9612
15358
19568
19636
10670
14241
20248
9633
15644
20137
19963
9455
15072
19974
10471
15484
21678
21276
7783
13797
20304
9198
15874
19593
20363
9531
15384
19991
27159
18152
20119
19152
10276
15605
19882
9689
15190
19339
9661
15730
21368
20299
19066
7413
17798
18825
8459
18295
21592
20612
20241
19761
10311
16139
20388
20235
9405
15958
20147
19444
10534
13211
9714
14359
20466
19432
10992
14759
19362
10353
14997
19406
10039
15168
19520
19503
9384
17058
20293
20245
10502
14674
19481
9626
16476
21166
21115
19076
19418
7392
18560
19452
10454
14682
19038
7250
18840
19168
20443
10530
15260
8651
14803
19088
9839
15170
20648
19988
13992
10948
19589
20369
10655
16449
21220
9586
16139
20231
20514
19364
10255
15143
22010
19329
10026
15261
20471
20148
26201
18466
18842
10242
14797
19101
9641
16114
19560
10131
33419
20547
10113
15564
20342
20293
20381
7594
18701
19338
19622
10531
16410
20915
19325
10011
13745
19317
10684
14808
19661
10240
15845
20015
19148
9820
15618
19666
9839
14492
18750
9241
16606
19101
7380
17354
10427
12749
20128
9877
14553
19444
9681
16164
19693
19901
7309
18508
19255
20284
10625
15000
19154
9600
15305
18851
10526
15161
19019
9184
16246
20409
9527
14825
20263
18854
7807
18682
19335
10172
14593
19728
20389
33746
11657
20190
9651
15408
19307
19867
10706
14770
19221
8092
16983
19024
7701
18876
20003
19418
11067
14513
18921
10695
14482
19095
10949
13936
20475
19611
7622
20299
20803
20985
19208
19380
20043
10696
15321
20695
19898
9838
14900
18951
7670
18349
97668
10553
15991
18810
7386
18886
19666
19681
10184
15158
20281
10002
14097
19148
10439
14261
20502
9284
15348
19989
20215
10829
14461
20626
19547
10813
15692
19989
20104
7082
129369
9572
19107
10425
15439
19813
19586
11138
14649
18876
11006
15018
20873
18830
10511
15079
19136
9656
16211
20051
20250
20203
7720
18546
20671
18862
7532
18404
31298
11358
18882
10080
15633
21055
19716
9736
15266
20050
10487
13578
19574
9700
16527
19902
20345
19849
11047
14842
19941
9553
14644
20471
19471
10851
15436
20484
9425
15297
20554
20086
9579
14699
20407
19464
10720
15576
19030
10300
14085
19492
10848
14879
20254
19004
7784
18316
20240
19315
8974
17714
20324
20064
19892
10637
10127
8638
20809
20216
19067
9622
16112
19708
19747
11206
15423
19545
19795
10128
15411
19324
10576
15803
20374
19449
10513
18196
18077
20169
19463
10195
16428
21357
20754
19752
9379
15674
19682
14764
19838
20272
11031
14847
19682
9597
14482
19182
10363
14517
19897
9789
13871
9646
20362
14856
18757
10751
15013
18706
17792
8074
19379
10198
15724
20360
20556
20504
10386
14155
9485
14235
21182
20391
19539
10650
15041
19373
9743
15795
19782
19671
10484
15583
20157
20093
10263
14879
20371
19526
10550
15282
19329
10090
14866
20302
9560
15369
20790
20590
18699
11025
15712
19246
20171
10646
15887
20740
20643
18775
11153
15136
18901
10389
16097
20487
31669
11586
19620
19881
10537
15101
20314
9987
15425
19902
19958
10370
15255
19203
20374
9985
15452
19140
10440
15705
20300
19825
9805
15076
19182
20072
7178
22044
18599
20152
19108
7845
17964
19350
10238
16143
19548
19508
10553
20966
14843
19888
7167
18033
19583
10023
14966
18875
10767
14952
20520
19871
20385
7781
19170
20353
19488
10046
15970
20552
19366
19908
7452
107600
14344
20758
20095
19482
10691
14942
18909
10655
14316
19496
10821
15420
19442
9792
14256
19932
9438
15079
7827
15813
20926
19902
19302
10349
15575
19586
9710
15686
8211
126687
8060
19627
11067
14028
19483
10450
15359
18975
20150
7820
18736
18922
10066
14642
19035
8844
18435
20102
20079
19442
11497
14202
20839
20013
9597
15374
19342
20123
11367
15464
20108
19687
7493
17653
21851
20527
20224
10017
15574
20124
19450
10585
14410
20442
20111
7833
18401
19197
19803
11348
15969
19638
19906
7399
17642
19417
10895
14780
19912
9576
14365
19481
10244
15524
20504
19747
10245
13671
9645
13419
18866
11189
14267
18997
7545
19889
20585
20693
19743
9781
15778
20181
19005
10861
14911
20169
20333
10585
15242
20807
20602
18877
10667
15494
20120
19706
7697
18077
20441
20370
9861
15500
19487
20105
7235
19518
20074
19247
11133
14773
18859
10801
15053
19205
9659
15363
314202
14538
15440
19309
20048
7810
18483
19168
7394
18819
19802
20325
10049
13877
18887
8161
17617
19125
10260
14394
19885
20226
8184
18790
19861
9552
14335
20210
19767
10672
15242
19669
9587
15947
21671
20525
20427
19812
10682
15543
20013
18903
7820
19361
20012
20372
19651
8675
16969
20351
19465
7663
18463
20402
20008
9439
17475
20245
19401
19942
7418
18233
20010
9804
15547
20199
13524
20691
19066
7169
18179
19210
7699
18557
23861
18224
22095
19049
20328
9723
16091
19169
9631
14949
19236
10396
14871
19353
10101
17487
19209
19282
10055
16692
20992
21107
20610
19405
10243
14387
19200
9822
15387
19914
19518
7774
17875
19707
10207
15183
20347
9409
14075
19107
10584
14662
19451
10283
14762
19423
7278
19070
21128
19498
9410
14317
19280
9589
16249
19706
20062
10846
15532
21720
21388
19936
18678
7919
18510
20200
99271
8042
17891
20225
19663
9853
15125
19724
7400
18075
19041
10761
14582
20143
9410
14854
18818
10624
15403
20557
19912
10041
14279
18914
11090
15311
27981
14124
19969
7711
126969
11098
18838
10656
14786
19621
20145
8113
18317
20187
19729
7539
17367
19898
10333
15659
21352
18781
19961
11215
15825
19521
9612
15182
21415
19383
10234
14530
19337
20208
10123
15948
19403
10454
13438
19405
10119
15458
18861
10374
15948
20442
19378
10364
14852
18627
10039
15748
19099
9911
16395
20069
19546
10006
15379
21261
19678
20113
10282
16204
20225
19997
10190
14135
19453
10449
15341
19566
19295
11525
15772
19004
9928
15523
21095
19087
19880
7948
18690
19517
19702
10346
16676
20736
18816
10212
15195
19784
26651
18446
21269
20302
19985
10997
13861
19164
7673
17660
19358
10287
14697
18934
10780
15220
19042
19940
8118
18066
19323
10866
15206
20710
20035
19725
10081
16604
21630
19631
19377
20205
10594
15804
20550
18745
10572
14962
20417
26252
18496
20508
19157
9894
15374
20410
26598
17464
21327
19694
20071
10821
15430
19805
20164
10123
15225
21346
19046
10728
14560
20210
19724
10927
15540
20564
21107
19349
7595
19194
20450
20424
20012
7698
17700
18886
10387
14380
18793
11054
15094
19893
9564
14491
19397
9707
15805
20234
20110
10833
15210
19906
7768
15942
20145
19986
10443
16225
19907
20662
20856
9969
14314
19179
10176
15764
20343
19071
10805
15159
18892
10895
13934
24148
20215
19005
20142
7396
18828
18846
9940
14886
18869
10281
17047
20929
20012
19843
9945
16494
19560
19077
11201
14841
19226
19265
11271
14507
9501
14106
18948
10897
15060
19625
20326
20694
10856
16473
19726
19962
10293
15412
19737
19601
10651
15240
19773
20284
9832
15346
20787
19435
10609
15245
20214
7072
17150
18951
10230
92627
10276
16588
19928
20300
19902
10389
15012
19964
20029
10244
16148
19198
19666
10651
16824
19702
20425
9426
16616
21369
20727
19102
20108
10670
15316
20485
19563
10726
7165
115400
15936
19065
10184
14020
19637
9889
15387
19415
10234
14282
19399
10058
15810
19434
9643
14551
19498
10000
14984
19147
22610
18805
7977
18635
19106
10119
15203
19893
9650
14150
23318
20080
19179
7334
17502
19260
10162
14666
19179
10641
14779
19878
9753
14576
19659
9784
15063
19221
11018
15341
20679
18942
10846
14346
19538
19956
8143
21197
18448
20799
19937
9829
15242
19030
9899
14949
18884
10849
15251
19729
12215
12434
19383
19724
7962
18106
31581
12332
20271
20528
19380
10492
15820
20131
19846
10713
15941
20268
19910
20282
11148
14258
19747
9738
15991
21249
19616
20691
9719
15103
18682
7731
18107
23891
19227
18857
9837
15996
21512
19278
19290
7591
19461
21052
19101
9809
12215
21407
19399
20557
21404
19265
20171
7552
20375
19029
20000
19699
11075
15103
24617
17793
19135
10203
15658
19265
20495
11008
15553
19993
19203
7758
17144
14202
10014
20566
19958
20090
10230
17340
21308
20241
20074
9774
14502
20576
19181
7841
18117
20253
19783
10179
15546
19512
9711
14943
19087
10872
15088
19666
19685
10983
14302
19727
20220
11468
14954
19528
20087
7544
18214
19533
10301
14661
19381
20234
12310
14788
21517
21657
20137
19848
19724
8419
18482
19116
10260
15205
20461
19468
10410
14800
19394
20110
10935
15351
19479
10082
14103
20377
9932
15667
21504
22977
19430
20535
20265
9564
14194
20385
19921
10198
15806
19259
9981
13635
20218
10020
15677
19811
19478
10855
15389
20076
20402
9602
16220
21370
20567
19574
9443
15546
19004
9821
14390
19885
10525
14758
19508
19870
7209
18870
20497
36921
8112
21256
98128
10274
15793
18765
20043
11108
18579
18116
20051
19502
10241
15858
26455
16509
19694
19992
11216
15449
18967
10020
15449
19650
19746
10693
14076
19781
10635
14974
19318
7324
93442
8874
19058
20050
19955
9823
15593
21039
19067
20029
7871
19061
19435
9678
14397
20174
20111
10890
14702
11866
11071
19359
10804
14174
19220
9957
16145
19787
19545
10969
16266
20525
20106
18984
11073
15853
20209
19408
20040
7714
17965
20074
9698
14978
19964
20071
10908
8200
9682
20302
19535
9912
14743
20251
19793
8676
17289
19625
19727
7327
19692
18980
10640
15393
20033
19816
20230
7515
17717
20503
9620
15342
19268
19501
34897
12733
20145
19316
22701
9734
15196
19898
19321
9824
16912
20916
19308
9556
14762
19225
10319
14994
19157
7292
18171
20565
19826
10343
14671
20425
19966
9755
17119
19744
19479
9873
15763
19844
19525
7611
17638
19410
10792
14235
19687
9708
15526
11745
15085
19743
9703
15612
21438
19572
20453
10412
15020
20184
20358
9835
15344
20216
9809
13909
19905
19751
11356
14530
22897
19959
19483
9429
16285
19873
9819
14766
19324
19579
7456
19657
20407
20547
19129
10772
15635
19332
9594
16209
21496
21074
20563
19466
9828
15818
18923
10615
14406
20423
19641
10947
15209
19117
10268
14906
19116
9597
15424
20265
20066
10145
15376
19571
20159
7260
20394
19651
20504
19316
7357
18711
19886
20024
9697
15946
23052
20482
19274
9747
14955
19894
19498
11267
13907
19861
10969
13758
19935
9420
15336
19220
7258
18144
20110
19244
8214
18658
19273
19521
11269
14867
20052
10248
14377
19189
10558
15615
20237
19025
10891
15745
20988
20276
19106
10207
15384
18639
10756
15159
19194
10323
15363
20556
19580
10614
14414
19702
9440
15884
21023
20130
20030
10144
15523
19048
9865
15894
20533
97374
7865
18449
20119
20304
10050
17023
20287
18807
10370
15629
20113
19446
7092
19236
20292
19442
10670
15257
8169
14560
19369
9920
15472
19902
19102
7779
19441
20749
7979
121538
13512
20184
20534
7559
17777
20345
19801
33099
13595
19686
20212
10230
15041
20144
20388
7371
19127
20251
19369
9583
15868
18985
10210
15064
19074
9540
15824
19719
20103
10031
16400
20891
20578
9637
16430
19675
20949
19225
9983
13875
19360
10225
16142
20264
19363
10885
13460
20205
10251
14969
19369
10892
15697
8439
13495
20853
18946
10338
13933
21471
21172
20927
19620
19924
10654
14912
20434
19739
7369
18075
19072
11041
14160
18876
22401
10056
15563
19267
9323
15453
26055
16575
18987
23385
19448
10010
14920
18742
10495
15892
20988
19856
19605
10537
15750
19169
10568
14816
20384
19772
10023
15752
19343
9806
14352
19519
9457
16210
19057
9729
15097
19640
9379
15190
18750
10549
17868
10137
13967
19488
19723
7981
18230
19369
9849
15748
19541
19270
11244
14815
20691
19851
7661
17445
19082
7917
17979
20364
19980
10314
15861
19097
19519
10839
15711
19013
9522
14800
18933
10217
15345
20354
20112
10969
14835
19909
19639
11436
15624
20702
20107
19942
7523
17499
19027
9967
15474
20731
19246
7979
18621
19082
9502
15712
20088
9479
14533
18960
9820
15394
18661
11057
15264
21346
20581
19153
20353
7205
19809
20333
10714
12566
20158
9442
15991
19743
20254
10212
14272
20449
20719
10277
14150
19435
10069
15948
19850
19881
10087
14967
19189
10969
14963
20285
19270
10005
15261
19361
10375
15575
20181
9422
15095
21422
20916
20473
19230
7772
18497
19234
9283
15511
19655
9505
15215
20302
19908
10167
15373
18822
10675
15184
19921
19734
8636
16730
19579
9902
16109
21581
21077
20543
20624
20682
20525
10813
121861
14286
20121
19588
10692
14902
19162
10396
16220
20925
19969
19099
10224
15329
19028
10604
15301
18893
9360
17008
22369
19673
20294
9874
14261
19468
25452
19684
19057
7232
126728
12161
20206
19630
8014
20421
18898
19495
9844
15227
19081
10057
15201
19247
10302
14958
18896
10365
16207
19968
19179
20324
10876
15394
7635
15969
19976
19687
9851
15024
18667
11210
15650
20557
19006
7457
17651
20265
9960
14340
19283
10727
15380
20543
19806
10208
15201
19681
9720
21215
14641
7808
15744
20605
20015
20043
11092
15974
20473
20103
20312
14852
9993
20853
20101
10141
14326
20304
19642
11024
15425
19650
20090
10132
16804
20446
20555
18905
10880
15369
19095
10574
15953
20303
18867
9851
16492
20022
19512
10430
14308
19130
11128
14194
20066
20264
10690
16267
20531
20312
20587
10349
13553
19136
10824
16370
20712
8259
13968
20066
9656
15961
21165
21126
20166
20133
9623
11863
19707
19112
10692
15471
19627
9735
15074
19922
19605
10084
16271
18869
9953
15474
7117
15188
18965
7488
18233
20373
19469
8123
18033
19291
19570
7653
18753
18957
10623
14711
19762
9736
14521
21328
19117
7278
18812
18970
9825
14682
19619
9400
16051
20482
19507
10208
14510
19586
9707
15078
19158
10989
14265
7687
15954
20282
9461
14248
20396
19025
11046
16056
20511
20312
19361
8937
17320
20276
9457
15820
20143
20113
9651
14399
19697
20239
7701
19297
18892
20105
33726
12823
21212
19814
9649
14924
19562
19507
10441
16767
20065
19724
20005
10570
16909
20126
20089
19460
7411
19641
19943
19683
7860
17646
19872
9919
15331
20822
20235
9892
13978
18885
7294
17894
19097
11025
14939
19924
19548
8974
16274
19861
9558
16413
19271
19846
7751
17902
19330
9582
16062
20292
19062
10949
14872
20307
24385
20394
19502
102878
20370
20330
10663
13748
18897
24952
19227
19682
7297
19797
21378
19829
9461
14745
20310
19286
10465
16290
20395
19940
9787
15444
20127
19470
10629
15474
19062
19402
7146
125974
12679
19964
9861
14164
19320
9962
15328
19760
10084
14849
19930
20281
10198
15347
19844
19486
7957
18499
20625
18787
8539
18314
21910
19133
19451
10952
14785
19488
9621
15281
31574
12138
20911
19461
9392
15503
20751
20086
9705
15104
19926
19476
10994
15584
19909
19801
7328
18865
20322
19499
9738
17009
21030
21455
20512
12523
10467
20554
19444
10174
13784
20474
10147
14500
20305
19670
11005
14948
18738
10388
14891
19726
9442
15165
18888
9829
16443
19346
19426
10443
15522
18737
9880
16815
19581
19668
10445
15451
20675
19923
9465
14959
19758
9660
17015
20515
18355
16313
19589
19297
10297
14768
19903
26834
18353
19748
18994
10485
16290
19661
9396
14355
19032
10111
16636
20610
10988
15310
20842
19512
19738
11427
14992
20484
19348
10121
16164
20991
20449
18943
8214
17960
20281
19123
10656
14921
18961
7594
19188
21015
22694
19955
19589
9405
15492
19290
19800
10750
15537
19948
10173
14579
19388
20123
10433
15984
19669
20307
10708
14773
19664
20209
10502
15996
21059
19430
9678
15786
20748
20039
19399
10921
14974
19156
7312
19049
19701
20124
10018
15102
19633
9888
15971
21164
20343
19986
7923
16947
21336
20630
20009
20263
7425
18329
19816
9835
15246
19398
19779
7893
18364
18758
7533
18446
19291
19791
10586
19552
16971
18888
10996
16288
20863
24122
18666
19220
19425
8380
19317
20706
20704
19200
9610
16648
20139
18907
7291
18559
20261
9548
14670
18962
10127
15805
20582
19231
10522
14476
19186
10389
15813
18928
20315
11227
15400
20537
19465
9853
15213
20247
20088
9694
10666
8503
19607
19280
88279
16836
18842
10480
14999
19099
9178
14983
19517
10866
13768
19691
10140
16026
19130
19859
10897
16398
20164
20090
20042
10833
15846
19639
19610
7398
18373
20501
19853
7965
116136
10455
13391
19825
20068
10948
14925
19945
20305
7296
18557
19169
10303
14763
19656
19490
7752
18758
18677
7759
18316
19796
22948
18884
9600
15375
20289
9406
16451
19922
19336
9808
16794
19645
19959
9918
14881
20435
20306
9815
15594
20907
20523
19550
7600
16947
19566
7783
17957
19157
10220
15364
19619
19857
7892
18625
19810
19723
10322
15139
20123
19896
7520
18750
19258
9521
15186
18925
10210
16759
19761
19694
20253
7953
17794
20128
10012
13662
19087
10476
15482
19170
9948
15747
20202
19489
11005
14791
20328
20324
10022
15004
20574
9856
14441
19400
19568
8133
17720
19382
10698
14699
19107
10038
25271
33771
18929
19369
20292
8066
18752
20665
19284
10025
13774
20266
10721
17368
20367
18560
7292
19536
20243
19142
11010
14984
19542
9406
15697
20035
20503
20096
10651
15116
19959
19992
11135
15701
24671
17414
19662
19788
8661
17310
19489
9606
16043
20430
20312
10110
14099
19306
10353
16300
20395
20223
19343
10852
15502
20261
20169
20431
7897
18544
19899
20346
7268
18330
19021
9740
15783
20363
19338
10515
14984
19476
10043
14722
18697
11201
15351
19993
9323
15106
9706
12448
20110
20579
25473
20029
19769
19827
10279
16592
19018
19577
7281
20068
20849
19835
19801
7785
17348
19816
9866
15821
19779
9343
14447
20111
9967
14829
19144
9563
16271
21103
19097
10042
15076
20023
19309
10421
14325
20712
19307
9743
15790
20853
19387
20394
10061
16226
19179
19697
10628
15402
18978
10447
16290
21045
21917
20946
21351
19825
19655
7490
18429
19199
9747
15202
19009
10644
15333
20682
19551
19744
10548
93146
9917
16137
19462
19557
10981
14249
20461
9438
15651
19644
20244
9646
15628
19005
10702
15547
19367
19646
8005
18499
20159
18733
7723
19922
20832
18949
9825
15362
7989
111722
7312
18697
20348
19242
7805
17776
18919
10934
14781
20403
20404
10233
14415
19117
7479
18263
19564
20256
10649
15519
19062
9346
15604
19171
9630
16626
19709
19662
10066
16209
20911
19520
9659
15471
21661
20082
18988
7025
18977
18895
10251
14792
19520
20296
10277
16407
19878
20132
9788
15276
20069
19871
10741
10503
7933
20157
21558
19830
19276
10266
15553
20323
9625
14425
19178
10682
15867
20719
18999
20104
10546
16386
19201
19610
10587
15603
20364
19668
7275
19297
7608
15553
20381
19952
9543
15361
20465
19128
10252
15116
26216
16859
19220
10072
15502
20592
19138
10864
14818
19462
10232
14584
20343
9546
14753
19760
19900
10081
16411
20200
19500
7574
18905
20129
20243
19425
9473
22143
18819
20919
20346
19139
7518
18873
21308
19517
10322
14460
19590
10182
14111
19682
7307
17110
19090
10383
15465
18863
11056
14723
18872
10504
14056
20167
10004
14257
19024
10512
15425
20553
19497
10594
14658
19070
10630
15744
19296
9660
14036
20203
9638
15359
20969
18850
10512
14769
19488
10631
13661
20048
10237
14307
19781
10228
14451
19340
10505
14190
19073
10148
16128
21041
19768
9413
13841
20466
10329
15163
20147
18967
10410
16813
20301
19981
19811
10667
15555
20344
19713
10222
7186
8609
18900
11045
14339
20112
10054
15686
20444
19594
9527
15490
19291
9595
15593
19503
19944
7412
18405
19030
10290
13917
19690
10235
15785
18870
10285
16267
20787
20060
18837
7961
17637
20283
10253
15194
19310
22475
19018
9853
15415
19504
20265
11067
15675
19264
9758
15194
18944
7208
18017
19117
10304
15587
21184
19449
124040
19579
19240
7830
17579
20108
9842
13985
19729
10803
15122
20026
19528
10844
14622
20265
7937
17859
20217
20041
19123
11126
16227
21781
19644
19128
10254
15917
19102
7205
137711
19278
10244
15085
19569
7570
17048
20651
18915
11564
14825
19861
19849
7670
17839
32001
11663
20603
18815
11289
15561
20753
20359
18845
7298
18127
20493
9892
15198
20683
20143
9430
16202
19863
19021
10890
15826
21287
19533
19652
11247
13795
21149
9586
15199
20665
19221
9590
15900
19891
19482
7250
19206
19348
19643
7900
19158
19229
9706
14746
20473
8524
15456
20153
19850
10369
15684
19487
19622
10588
16464
19603
20138
9907
15505
19310
19805
11106
15848
20444
19671
9879
17897
19290
19666
9846
14169
20477
24492
19021
20353
9779
14835
19281
10132
14260
20218
10030
14822
19589
19346
7235
19251
19958
19635
10838
15962
19664
20292
10321
15353
19430
9430
15329
19322
19900
8622
19670
10035
16497
20485
19921
9568
14364
20025
10629
14079
19331
9964
15364
19712
20327
7951
18538
21536
19140
20010
10233
16719
19368
20066
10465
14059
19389
7579
18492
20453
19289
10382
14945
18898
10333
15676
20326
20123
10022
14552
19897
9858
15060
18449
19131
10030
16237
19794
20089
10722
15303
19765
9382
15025
19854
9923
15081
20086
19628
9688
15413
20499
18857
8354
18381
20086
19548
11188
14815
19062
10065
14840
20028
9640
14814
23399
19292
19301
10306
15206
20722
22932
19317
20117
10281
14723
19290
10632
14841
20110
19240
10434
15200
19896
9742
14912
19753
19960
10842
16214
20274
19104
7419
18322
20325
19355
11137
15831
20228
20227
9803
14167
18876
10502
15201
19302
9600
15413
20041
20281
9681
15241
19872
9700
15200
20276
19963
9187
17263
19608
9578
13713
19788
10512
14476
19023
10009
10573
7611
21369
124506
17652
19220
9707
14538
20070
8378
16898
19397
9796
14246
20106
20096
10984
14728
19922
20169
10585
15058
19437
9618
15427
19196
10839
14871
18992
10723
13797
19249
7484
150200
10362
21099
18846
20143
11470
14641
19076
9996
15327
19174
9542
16137
20671
19317
9462
16526
21010
19682
19137
11330
14358
18743
11169
14345
19563
10009
15751
20487
20209
9831
16243
20562
20892
19484
10815
15060
21538
19697
19207
10722
16210
19867
20474
9424
15467
20300
19767
10569
15990
20472
19032
13133
13143
20683
19974
20086
7405
18769
18987
19761
8042
18310
19524
20158
10371
15472
18578
10594
15373
20051
19533
10861
14584
19901
9708
15736
19280
20255
7575
18659
20593
18785
7353
18049
19746
10593
14569
19705
20291
7291
18516
18806
10208
15849
19521
9457
15364
20162
19645
10827
14210
19292
10969
14832
19372
20312
10320
16287
21438
20409
19924
10020
14980
7995
14619
20102
12707
19052
20369
10763
15324
19259
8531
16441
19697
20115
11042
16050
21692
19736
20106
10271
15805
19767
20393
10377
14982
19995
19060
10669
33302
19985
10868
14965
19276
7388
17607
19010
7676
18172
19119
10899
14307
20066
19883
10870
14723
19501
10102
15810
19306
27568
17823
19720
19926
10245
15441
19924
18747
12506
13794
19918
19886
7490
18941
19733
9835
14161
19388
9723
15730
19423
10025
15396
20389
19259
10248
15568
19871
20113
20529
10661
17092
19322
20244
9900
16039
20711
19630
9484
14965
19886
19661
11102
15258
19568
19756
7709
19326
20082
20107
9887
15302
33414
9339
19358
9727
14351
20401
9341
15716
19550
9402
17274
19071
19560
19751
10468
15734
19158
9762
16095
19590
19302
7175
18758
19387
9539
16023
19246
10230
14581
18946
11084
14193
19790
9715
15625
18923
20375
8304
18280
20271
19152
10845
15646
119784
19076
10890
17004
19453
19811
19710
11251
14904
20061
9856
14503
19507
9940
14627
19280
10020
16430
20121
20303
19508
7655
8062
12146
20097
9430
15079
20548
20031
7780
116615
19329
10423
14625
19098
7551
18411
19169
9619
14813
19948
20162
7707
17828
19490
20452
10451
16635
21241
19189
19885
10641
13816
20404
10661
15843
21054
19167
8702
16483
20705
19434
10049
14796
19956
19524
8626
17854
23483
19018
19426
10031
14988
18979
11036
13956
19188
11022
14771
19405
20021
8285
17938
19881
9466
15554
19948
19905
9799
16416
21718
21271
20102
18860
10682
16494
21054
21348
20028
19363
10630
15985
20471
20078
7580
16846
19350
9741
15000
19507
9938
14693
19672
9630
15126
19923
20509
10888
13759
9481
13877
12896
11007
19832
19823
10422
16378
19723
20851
19705
20396
20022
10323
16212
19902
19436
10923
14730
20522
19412
10628
20115
16005
20327
19512
7911
19143
7899
19882
19622
20291
10371
14673
19307
10530
14281
20471
9470
16006
19509
19506
10397
14970
19928
10670
13891
19227
10117
15734
19664
19769
6973
18694
19080
10774
15625
19939
19648
10230
15845
20700
19482
10028
15811
21239
20269
19346
9871
15187
18829
10015
15756
19644
19772
10482
15663
18913
10730
14684
19500
9644
14370
9430
14130
19800
27192
18282
20130
19350
10322
16004
21536
19906
19607
9779
15423
19524
10361
15248
20666
20434
9682
15384
20424
20416
19599
10562
15169
20466
20184
9442
15384
20333
20372
9697
15872
19962
9420
13947
19925
10451
15069
19183
10648
14172
20348
19370
7337
19227
19705
9626
8281
9006
20625
20060
20006
10384
16656
19425
19648
9947
19082
17194
18878
10666
14539
18866
7994
18685
19663
20565
20187
10989
14782
19042
10268
15285
20504
20255
10372
14782
19000
9732
16396
20733
20653
19347
117736
8774
21154
19241
20074
10274
15580
19508
9839
14362
20061
20153
11511
13185
10005
14333
19882
9683
14963
19404
19990
7192
18036
19472
11043
15649
20624
19289
10082
7497
131343
18228
20487
10015
16496
20673
19496
18896
8465
17365
20268
20229
10185
15213
20173
19505
10835
14970
18742
11548
15368
18962
19532
10703
16914
20631
19260
20089
10978
22753
13693
20270
10019
14394
20066
23765
20102
19321
10313
16517
19112
19792
10046
14577
20140
9895
14723
18919
10635
15095
19712
19510
8166
18994
19587
9367
14785
19316
9787
15476
20483
19905
9748
15538
20143
20838
10107
14630
18816
9829
15600
19158
10858
14692
19352
9440
15163
21375
19316
9882
14931
19897
9900
14310
19112
9968
15392
18983
7517
17771
19764
9620
16316
20533
19879
9885
14949
19027
20389
7538
18922
19086
9625
15829
19800
19187
7650
18860
20365
20112
9907
15646
22240
20647
20087
20360
10062
17372
31333
11284
7871
19866
19107
9912
14099
19909
20271
8978
17099
20644
9502
14521
18929
10619
15686
19938
19638
10706
14610
18857
10585
15878
20688
19921
19383
8035
19047
19912
18701
10650
15487
19340
10487
14659
18937
10006
15351
19492
10333
14402
20349
19594
10851
14484
20161
9697
15256
19345
20331
10632
15357
19499
9516
16429
21317
21569
21051
20163
19861
19958
11034
15612
20361
19187
10503
19000
17656
19538
20275
10425
16667
21047
19426
19610
7911
18461
20305
9498
14287
19365
10606
14517
19952
9838
14329
20215
20394
10487
15496
20142
20136
10415
14789
20051
9311
15189
19031
9386
15642
18981
10163
15348
20552
19890
20273
7993
18034
20682
20227
19993
11244
14856
20453
20299
10810
14119
9466
13113
19791
10364
14420
20316
19810
10651
15400
19212
10494
7238
9125
19400
9938
15929
21155
20344
20509
19119
8204
106645
12857
20162
20131
10451
16160
21067
21199
20635
19019
10250
15570
19181
9528
16027
19168
19969
10524
16576
20765
23200
19809
19266
10326
14429
18782
26025
19558
19791
7388
128374
9853
20294
9789
14953
20124
19661
12330
13137
19892
10050
14941
19289
20079
10946
14163
19469
10207
16217
20092
19923
20007
11269
16466
20852
19142
9823
14508
20220
19595
10469
15886
19767
20033
7989
17705
19952
21107
20006
19650
7530
18236
19697
19138
11264
18896
18650
19219
19895
7302
19295
20398
18988
11036
14599
20107
10139
14148
19262
10363
15648
22603
19853
19810
20123
9985
15258
19140
9984
15112
20041
19850
7715
18506
19007
9861
16679
20370
9420
14362
20581
20303
9525
13997
20117
9823
15266
19249
20118
7477
17552
18658
11264
15624
20907
20051
9646
15748
19102
20474
9666
15906
19721
9984
14282
19264
9941
7362
9626
19502
19898
7355
19506
19893
20098
20146
11284
9716
19016
10164
15046
20607
20144
19611
10866
15203
18745
10427
16044
20063
19472
10285
14764
20687
9782
13818
20044
10004
14525
18857
7414
18856
20744
19270
9606
16415
19077
19543
7751
18417
20189
19961
10503
15785
21090
19266
9686
15451
19410
9967
15280
19165
9553
15053
19761
10056
14246
20194
10061
14224
20391
19903
9882
14850
19580
7382
19260
20871
19231
20165
7920
18229
19256
20297
8073
17846
19091
20495
11030
15454
19447
9479
15384
19562
20295
10724
14784
19027
33757
13181
19903
18923
9782
16415
19904
20413
10332
14789
19466
10205
13826
18907
10406
16142
19604
19659
10764
15594
19574
20543
10045
15707
21252
19851
19569
10863
15133
19711
20200
10966
16029
20505
19577
9403
14712
20690
19111
10869
14664
20342
10218
14739
19188
9956
15361
20283
20025
9379
16169
19122
9410
15420
18916
7463
8417
10433
20521
123958
20889
19030
20383
7762
18638
31985
11017
19476
9623
14544
20205
19304
10854
16296
19577
20127
10145
15409
18879
9569
16071
20161
19207
10805
15309
19839
9891
15578
7115
117764
17995
20431
9846
15679
19943
20638
20065
9691
16630
20206
19568
21514
20086
10168
15930
19846
20271
10100
15349
20246
19772
7610
17921
19754
19902
8303
19342
20347
19027
9835
16225
20715
19449
20003
8414
18492
21558
21167
20663
19988
20430
7558
18343
20281
20163
9531
15082
20315
9920
13898
19292
20924
11041
15872
20054
19288
7850
20321
19411
18921
9960
15435
20465
19046
11093
16135
21378
20974
21123
19218
9625
15800
20796
19071
9661
15657
19441
9535
15596
18913
9677
15851
20202
20069
20322
7671
18012
19805
9617
15587
19516
19783
11447
15097
19285
9521
16054
19317
9602
14584
19047
7441
18678
8618
15246
19541
20251
19923
7975
18057
19699
19871
7803
21641
18154
20112
19508
10843
14210
19319
9599
18492
18128
19784
9912
15405
19405
19302
10695
15717
20306
19009
11474
13969
9541
14654
20359
18835
7570
19307
19931
19407
10240
14962
20525
19923
10529
15230
19387
10848
14405
20275
19533
7536
17733
19503
10250
14378
19820
10675
14175
19707
10375
15480
21117
20606
18928
8579
17097
19891
19279
8499
18293
18825
9516
15265
18990
7926
17579
18904
10921
15529
18899
9568
15267
19638
10033
15389
21091
19307
20209
7466
18619
20452
20024
9619
15324
20563
19116
10574
16078
20274
11658
11865
24666
18276
20664
19519
10641
15485
20375
20144
19710
8324
17801
20451
18996
8578
19385
20646
20425
20235
9908
7848
8399
19080
10130
15686
19491
19740
8299
17993
19584
19673
10288
15986
19226
9960
15789
21180
19872
19331
11413
14194
19505
20296
8521
18654
21647
21636
13864
8060
20596
9394
14099
20005
104398
19890
19851
7221
15147
20150
19270
7153
18420
19691
9604
16274
19045
24179
20484
18897
9679
16191
20403
19771
10825
14750
18704
10420
15103
20375
19949
20267
7198
7563
126387
9222
20660
20488
19266
10288
16348
20020
19186
11052
15707
19965
19179
9621
15734
19104
9626
16131
19645
20175
7277
17975
19246
10821
14982
20467
20270
10051
15297
20326
20201
8492
19562
19871
10311
16611
20993
20018
23175
20623
20433
20304
10046
15297
20112
20132
20089
10952
15925
19258
19606
11372
14351
19160
10214
15164
19005
7468
18834
19596
9768
14164
18990
10689
14575
19740
20051
11087
14600
20102
10271
15172
20210
19682
10273
14890
19512
20502
7358
19386
21347
21133
19290
9564
15409
19765
19522
7929
19210
20226
20071
19882
10434
16849
20064
19958
20285
11032
15039
19865
19703
10263
15395
19150
10558
16311
20331
19482
19656
8152
17967
20958
18947
10912
14584
20298
20211
15430
19822
10314
14642
19615
12844
12369
19431
19902
10723
15793
19107
10841
14328
20394
19496
10204
14376
19005
7862
18108
20183
9787
14594
19446
13133
11697
19451
9462
15777
19863
7538
17435
20340
20241
19517
10450
16275
21230
21436
19828
9458
14849
20323
19712
10034
15178
19594
9665
16658
21074
21607
20487
19379
9767
14126
20055
9528
17150
20914
21348
19900
20044
10302
15389
20723
19687
9875
15776
20316
19244
9973
15979
20248
20488
19194
7231
19705
20256
20043
9652
15997
20022
19590
10282
16285
20589
20391
9398
14546
19103
9358
15733
20325
20298
9833
15405
19941
9261
16424
20254
20215
19087
9502
20249
18889
20265
19131
10440
15386
19829
20226
9727
15847
19173
20220
8176
17955
18916
10505
14467
19042
10478
16208
20354
19064
10645
13753
19469
7804
17611
19649
10675
14396
19868
20077
10906
15551
19413
9621
119742
15926
19927
9524
16290
21174
19984
19197
7856
18490
19919
20302
10738
14107
20253
9791
15166
19607
20157
7190
19184
19466
19273
10525
15690
18946
10369
15674
21436
8062
113051
19470
8106
18555
19108
19779
10772
16403
10593
12343
20679
20727
19283
9805
15749
20534
19064
7220
19293
20430
19870
7251
17951
20394
19807
10846
14823
19681
9895
32512
9500
14817
19675
7907
17853
19523
10005
15780
19705
20723
9621
14381
19949
20205
10211
16200
20148
18755
7826
19149
20289
19850
19981
11015
15850
21115
19302
9608
14585
19042
7255
18697
18956
10152
15684
20435
21520
19987
20205
10343
16156
21134
19589
19511
8344
17298
19583
10851
14071
19585
9959
8603
8819
19672
20148
20429
7412
18514
19859
19783
7800
24440
15792
20253
19070
7873
18881
19212
20082
8083
18428
19887
19453
7555
18517
19978
19411
10423
15381
18835
11246
15010
19628
19702
8065
17933
19800
8210
8490
13673
20730
19430
20165
7688
18277
19702
10026
14377
19310
10625
15410
20418
18948
10066
16073
20757
20667
9468
15263
19432
19429
8023
17209
19530
10769
7267
8721
19218
10185
15322
20123
9655
14316
19328
10807
16037
19617
13686
9128
19253
10409
14930
20135
19309
7372
18882
19097
21466
9460
16784
20319
19471
9696
16011
20130
20131
10105
13943
19440
11064
14622
20272
25241
18035
19266
7178
18882
19636
9588
15437
19193
19921
10897
15085
19112
10021
15415
19308
9417
12830
20329
10427
13637
21165
19346
10624
14281
18850
10831
14876
19416
10458
14423
18927
10387
14943
18801
10995
14082
19762
10805
14261
18900
10051
16223
19902
20101
20333
11405
14784
20448
19309
8464
17600
19302
9952
15933
19774
8185
16590
19559
9558
14637
20285
20120
9587
15828
19267
9617
15842
20426
20323
19846
10225
15445
18823
10951
136399
20434
20779
19112
20056
7933
18425
19263
10205
16649
20907
20288
20392
19447
10835
15367
19231
10328
14660
20400
9339
15306
21120
19988
14969
9614
20792
20097
19246
8066
121415
18385
20470
19242
10930
15132
20943
19257
10025
15906
19651
19685
7813
17795
18922
33305
13038
19084
20389
9821
15352
19558
9806
15861
20346
9521
15009
20549
20316
20072
9941
15892
19498
19602
10457
15742
19230
10619
14563
20139
19856
10044
19666
18380
20574
20095
19851
10695
14979
20285
9605
14323
20358
20204
10324
16088
20673
20170
19292
7681
19278
8564
13714
19140
10238
14756
19066
10464
15063
20446
20042
10054
14437
18687
11214
15163
19724
9680
14589
20044
19746
10663
15170
20543
19457
7547
18988
20212
7173
16815
19591
19499
8296
18065
19907
9730
14379
18935
25870
20766
19215
9839
14524
20354
19510
10310
16576
20222
19361
9902
14711
18999
11192
14119
19864
9846
15315
303262
18276
19539
10353
16137
19323
20395
9898
17498
19178
18745
10812
15815
21137
20637
20405
9554
15693
20933
21834
20343
20263
20189
7324
18041
19985
10362
13922
19664
20483
7254
19013
19129
20244
11319
15300
18902
10143
14338
19104
10107
16002
20379
19719
10011
16837
20412
19256
9516
14815
20530
19480
8230
18554
7536
14329
19808
19882
7956
18205
19423
20154
7711
18876
19861
20269
10117
14299
20109
20327
8334
17530
19710
20152
7523
22317
18428
20035
19929
9685
15888
20354
19671
7410
16716
20604
10239
14744
19410
9884
15769
23003
18841
18949
10629
14985
20497
19839
10309
15882
19080
10133
15180
19593
20107
7135
18435
19246
20134
11255
14632
20333
19830
10378
16491
20022
20127
10125
14676
20143
19861
7423
17672
19733
9742
15377
19304
7820
17066
19133
7136
18722
20484
18955
10674
15266
18740
32024
13938
19167
93759
11573
20463
20374
20392
9722
32540
10480
15110
19141
7432
18254
20322
20447
20035
10982
14976
20329
9625
14707
19368
10567
14230
19402
10273
15327
19405
20013
9021
7861
129741
18984
10648
16239
20266
19816
20172
11065
14907
21034
20377
10099
15027
20216
20571
19937
10626
15174
19067
10268
15292
20332
9811
13947
19076
10086
15210
20488
19663
9819
17392
20933
20769
19019
10665
17379
18445
20160
20071
9658
15951
19500
9260
15330
19498
9471
16088
21327
19541
9376
15110
18968
9624
15959
19259
20168
10435
15561
9421
12481
18828
7797
18439
18876
10151
15896
20348
19898
22781
20312
9357
16252
20267
19845
19963
8062
18807
20184
19871
10044
14642
19101
10230
16606
20564
20344
20249
10127
14305
9578
13020
19925
9831
16440
20315
20308
9431
14166
19521
10261
15728
19157
20197
10523
16277
20735
18974
7262
18398
20584
19531
10487
15712
19601
19038
10814
16470
15189
19803
19968
7358
17975
20732
19363
11236
14610
19256
10231
16086
20620
20124
9709
8427
8529
20051
19964
9848
11854
19169
10788
15735
19537
19925
7293
17469
18938
11174
14904
20276
19482
7855
17984
18742
10261
15676
18909
10432
16090
20848
20362
19962
10342
13708
19953
19892
7142
19109
19020
10675
14787
20706
19195
7208
19942
19772
19788
20422
10822
22764
14982
20506
32051
12075
20368
19552
19673
10471
16339
19158
20004
10374
16191
20317
19917
9574
15996
20381
19846
9928
15569
20484
20103
10752
14110
20179
20955
10221
14841
19652
20353
9950
14971
20140
19943
7936
17634
20435
9235
15374
19264
9923
14955
18858
10088
7574
8555
19487
10274
15456
18959
9847
16207
20400
20413
19582
10184
16600
20748
19043
9939
15627
19234
10451
14380
19620
19697
10631
15585
19794
9953
14973
7518
14920
19323
10648
14124
20133
108030
16428
19961
8498
17066
20183
19006
10008
15994
20165
20102
10222
15333
9523
13458
18940
19824
8418
17430
19076
7589
19200
19307
20230
9680
15395
20328
19892
7517
7214
147434
9036
18729
20258
20266
10609
14384
19279
7378
18546
19439
19742
8456
18041
19263
10154
14579
19277
10022
16023
20908
20184
9440
15352
20661
20151
9386
14851
19470
20014
7894
17637
20401
20674
9412
15614
19715
19861
7974
18100
20066
20177
11075
15625
20735
19689
19682
7369
18705
19924
19466
7810
18232
19791
9495
15184
19532
20051
7341
19181
20400
9661
13839
20671
9549
8400
7693
19841
9461
14208
19934
10565
13820
20250
9641
22717
14627
20290
19779
20286
10513
14941
19904
10243
14825
19045
10851
14135
20281
20184
9964
16019
20668
19486
10317
14184
19681
9348
16700
21294
19675
9840
18536
17294
20631
19160
10536
15850
19736
20486
20311
10769
15054
20374
9652
16055
20948
314438
8930
20584
19825
19219
11271
15264
19307
19942
10618
16073
19484
20111
10248
16416
20205
18982
10065
15194
19807
9871
14660
19644
20155
10396
16369
20384
19259
10682
15481
19162
7932
16506
19885
20190
11091
14559
19006
10984
13920
19826
20502
11084
15568
21004
19219
20141
10789
15349
12176
11178
18921
9501
16146
19712
9686
14041
20013
7599
17222
19390
9394
15584
20819
18675
7307
18741
19405
10472
15421
20080
18916
10836
15405
18960
10033
14650
17694
11085
16424
20348
19510
9650
15793
20983
19813
20486
10364
15628
21278
19903
19854
9948
16398
20274
20614
9655
15687
19092
9892
14365
19466
9508
15553
19265
9914
14679
19778
10147
15005
20160
20160
10410
15578
19616
9703
15113
20463
19605
20374
7702
18225
20133
9842
14526
19012
20449
10288
16247
19182
20151
7394
19793
20168
20518
9443
15323
20169
19286
10082
137232
19346
18919
10713
18617
18083
20492
19685
10389
15008
24245
19255
20066
19789
9436
15233
20439
20278
9898
15641
19262
20274
7334
19137
19469
10010
14667
19563
9499
7569
111017
19180
20333
9766
14243
19339
7757
17830
18835
20338
8136
19126
21276
20544
20713
20012
10663
14647
20020
19203
7894
18598
19943
19540
8114
18695
20104
20008
10076
14517
18977
10719
14634
19349
10474
18663
18466
20732
20050
20425
10879
14265
19770
20201
7512
21770
18756
19120
19713
8734
18760
21080
20269
19948
10625
14789
21103
19198
9580
15720
19895
9540
15062
20703
19564
9577
15222
19756
9378
15328
19825
19597
7731
19410
20304
18169
20243
10659
15612
20943
20292
20085
9410
15164
20000
10035
14328
20008
20152
10199
16788
26633
15627
20116
19044
8059
18438
19389
20342
7414
19166
20445
20292
19635
10576
15919
20988
20125
19914
10629
15524
19864
19669
10963
14164
19384
9952
18485
8655
12955
9543
13562
20287
9606
15424
20915
20314
20104
10041
15493
19372
20012
11143
15600
19438
19407
8194
18676
20100
19945
7256
18388
20384
20244
20235
33330
12921
18980
9980
14834
20493
19475
7664
18214
19503
9565
15298
19775
19851
8033
17722
20204
9937
15060
19899
19097
9419
17538
19879
9815
13526
20103
19579
8384
18256
20553
20246
9662
16425
20455
20297
19946
10082
15009
19228
10483
15828
21090
18958
20290
10071
15070
19957
9656
14450
9502
14005
19270
7614
18078
20456
7642
15668
19966
20336
7675
18298
19299
9747
15493
18879
9678
14880
19488
9948
16045
19733
20264
10442
14958
19336
9365
15855
19923
19851
9710
16225
19871
32441
11425
20130
9840
15891
21276
20309
19112
9619
16247
20111
20328
9482
14056
9396
15727
20424
19691
20579
10566
14465
20410
10164
14423
19488
9605
14637
20236
19533
112696
13235
20025
9461
15002
18941
7594
18844
20426
19206
34107
11015
19292
10156
15668
19120
19876
8086
18439
18834
9627
16058
19778
19056
7515
18913
7339
15415
19281
7329
141982
17453
20062
9760
14015
7620
15517
19350
19903
7436
19302
19465
20877
10149
15384
21226
20263
10010
13939
19564
20014
11389
15282
19490
9739
14926
20517
18865
10959
15902
20321
19349
10424
15641
18829
20164
7854
18439
20304
19410
10454
16023
18916
9748
17292
19039
20092
19902
11199
15622
20308
20335
9267
14826
18702
10897
14330
20297
10046
15404
20519
19264
10571
14289
19230
11065
13979
18954
10266
15081
20372
19953
10353
15158
19666
9869
16389
21075
19671
20050
9696
16039
19046
10041
15082
19644
9697
15115
8175
13676
19076
7528
18478
20166
19851
10270
14807
19251
33550
11690
20129
10020
14549
19268
19964
8303
19292
19345
20130
9820
16221
20088
20528
10086
14457
19052
9983
10879
19990
19892
10443
15686
19687
19674
10645
18913
17566
20110
9849
15645
20081
8139
15364
19609
9759
15427
21564
21205
19678
20304
11170
14505
19938
9607
14415
19883
20302
7849
17673
20076
9861
15624
21295
19502
20405
9480
16589
20810
20846
20004
20126
10744
15546
19041
9676
15843
20101
19618
9747
16141
21428
8577
14076
19360
10112
15187
20295
20084
9388
16478
19706
19609
9867
16012
19064
10165
13955
18949
10369
15923
19578
20062
10143
15606
19247
19966
7736
18893
7913
15305
19402
9386
15917
20123
19740
9610
16037
19665
19617
10533
15013
20405
19600
10986
15356
19320
20080
7154
19800
19561
19879
7449
18292
19920
9553
15229
20328
18826
8061
19383
20333
19431
10632
15213
20809
20437
19133
19776
10230
15612
20584
20061
11087
14459
19974
19743
7987
17337
18906
11395
15179
19360
20140
10235
15509
19082
20249
102646
9819
15697
19489
20025
7332
19644
21017
19398
20081
20723
10882
16349
19411
19718
10692
15500
24019
18541
19357
10115
14837
19038
20678
7871
18587
19141
20083
10968
7261
118451
11746
20120
20263
10855
15727
19763
19348
10669
15415
19887
9605
16384
18003
19886
9603
14861
19242
19889
10442
15451
20272
19684
10228
15873
19735
20471
10865
14748
19580
19806
7532
18244
19464
10691
14302
19570
10430
14544
19266
13902
12490
20373
19397
10045
16029
21348
21205
19681
20723
9401
14538
19590
10365
14766
19296
9890
14664
7600
16205
20230
20167
10326
14319
19073
7433
18958
20538
20324
19764
11345
15506
19503
20280
9374
15748
19658
20546
9884
15519
19691
9502
14973
19573
10616
15340
20662
19627
19708
7802
18307
18882
10176
15164
19706
23157
20179
9892
13797
19139
10652
14918
20114
9811
15825
20533
19268
9979
15215
19744
20215
10512
16117
21448
21041
19138
9345
20028
10004
15215
19024
20037
27363
19529
19511
19521
7934
18192
18780
10415
15663
20307
18735
7714
17643
19262
7940
19178
20911
19820
19518
8385
17481
19466
20483
10163
16507
21226
18957
19925
8331
19094
19926
19107
10384
14728
19079
7873
19204
20586
19641
9439
17371
18572
20139
20488
10855
15142
30353
13339
20474
19050
20241
8001
19117
21216
19948
20553
9496
14686
19500
10613
15065
19789
19914
10358
15464
20322
20000
9940
14996
19112
11046
13461
20524
9722
15333
20003
9327
15279
20466
19651
9606
15573
20661
19320
10406
16209
20065
19166
10624
14829
19346
10324
14148
20025
10338
14376
19478
10640
14473
19337
9820
15051
8416
14779
19043
9619
16522
19367
19568
10185
16723
19158
9418
16108
20085
20369
20302
10251
14984
19923
19841
7369
18475
22277
20336
19230
10726
14369
20246
10487
13183
19453
10248
16035
20687
90553
12163
19061
7578
19192
19802
19725
20290
11113
15583
19477
19359
10739
18788
18734
19412
20318
7430
18799
20471
19068
10890
15586
20312
19302
20456
11289
15336
20069
8252
114543
20433
9440
15331
19061
10232
15210
20536
19281
10029
16652
19088
9569
15468
20114
20081
10023
16225
21328
20564
19374
9860
14194
19301
10033
15599
19271
10449
15148
19646
9471
13507
20467
9866
14750
20110
19810
7623
19529
19359
19963
10046
15304
19958
9611
15357
20292
20073
10528
15311
19947
19323
10006
16233
20295
19683
11057
15400
19253
23113
18910
10333
15058
19653
9485
25001
11270
20559
19650
31907
13660
19059
10861
15182
21175
18985
9568
14801
19851
9923
15414
20462
19326
10642
15951
20430
19682
20423
10593
14504
20544
19728
10629
15756
19687
19489
10437
15796
19037
9636
15535
19348
20119
8357
18755
19486
20345
20075
8602
18248
19972
32275
12093
19763
19302
11086
15311
13380
20125
20141
8555
18271
21449
20323
19071
10184
17048
19615
20342
9844
14646
19974
19201
10630
15426
19543
9830
16024
20348
19733
10330
14547
20515
11966
11866
19995
20333
10630
7400
9658
19031
19697
7591
18929
19220
10400
14478
19195
10229
15435
20196
18897
7981
18437
18912
9696
16614
20687
19365
9707
15566
21555
20128
19067
11345
9753
27445
20378
18877
10652
15399
20922
19063
10116
14255
19117
7496
18444
19582
20229
10230
15779
19492
10245
14440
18861
9786
16448
21629
21251
20582
19961
19994
7935
18351
20318
19771
7353
17633
19855
9498
15143
19345
20368
10484
15413
20112
9625
15392
19519
10128
14637
20142
20108
10244
14763
19871
10007
14620
19400
9686
7426
10784
20386
19450
19964
7900
18496
19021
19449
10240
15005
19806
19926
10090
15276
19148
10091
15866
19599
19383
7093
18275
19432
10730
14771
19381
109157
16889
20994
19040
9279
15430
20525
19082
10868
15387
33062
9579
19471
9944
16434
19967
19592
9985
14510
20539
19449
7820
17592
19416
7376
18510
19002
9821
15092
8323
128819
8400
20320
19386
9560
15523
18764
10830
14701
19961
10009
14176
20220
10145
15697
20906
20327
19906
20549
10838
15614
20040
19160
10057
15611
19349
9832
14796
19762
19943
7883
18338
19406
9415
15771
20326
19717
10486
14902
19382
10568
15160
21348
19925
19610
32664
13624
21529
20612
20403
19605
10365
15766
19543
19969
8208
18476
19638
9439
14839
19747
9378
14986
20103
20122
9841
15752
19040
10249
15224
20230
9402
18919
16405
12671
10874
19964
20079
11015
14315
20367
9617
14610
20545
33300
11783
20207
20414
9220
14158
18821
7530
18314
19858
10057
14562
18743
11144
14422
19127
10766
14728
19131
9993
15047
19230
10451
14590
18882
10042
16012
19981
19444
10792
15451
19830
20226
9485
19385
20526
7427
18820
19126
10441
14820
19259
10541
15505
20936
18979
10145
14475
19715
10248
14148
19482
10087
15148
18923
10209
16105
21243
19154
20132
10218
15449
19251
10424
14540
20344
20304
10060
14972
18923
10837
7986
8073
19117
10512
14311
20556
20006
7269
18907
20248
18923
10794
15353
19369
14010
11943
20926
19210
9763
14671
19348
9848
16165
21190
19287
19741
8141
9409
10253
18953
10505
14399
20142
20248
9992
15594
19087
25890
18709
19259
7380
18415
19430
9731
14931
20305
13655
11062
19749
20275
10202
15442
21136
19138
10220
15785
20292
20066
9721
15897
20316
18979
10198
15158
20471
9403
14861
19887
20307
10542
14918
19602
10307
14789
20223
9399
14129
19083
10998
13882
20468
20246
7613
18420
19549
19548
7955
18869
19142
19738
8537
18143
20112
19281
10322
15528
19348
9960
14860
19545
9721
16856
148213
13182
19600
20128
10927
15492
20138
19847
7243
18639
19195
19605
11036
15807
20515
19060
11282
18897
18358
23850
17653
20325
9805
13746
9255
15275
20954
19863
19562
7317
127218
14078
19527
19865
7456
18023
19128
9764
14706
19148
10484
14352
9458
14831
19403
19969
10646
15123
19144
10646
15067
20517
19699
7323
17989
19343
20035
11049
15682
20853
18900
9505
16965
19654
18863
7835
17217
19888
7174
18258
20148
9511
7215
8630
20210
9273
16088
19855
20553
20085
10798
15671
9544
13025
20332
19874
9942
14509
9488
13786
20220
10312
14066
19954
10274
14700
19308
20312
11488
15205
19060
20338
8400
19375
18769
19810
10451
15499
21676
27126
15533
20459
20072
9801
15414
20071
19687
20347
7446
18468
19779
9902
16015
20245
19479
9837
15443
19037
9364
15370
19554
9771
15985
21135
21032
20337
20047
10061
15534
19041
10241
15281
19600
19919
10103
16035
19833
19429
11290
13580
19921
20446
10803
15542
19163
8056
17429
18818
10421
15979
20629
20306
20210
9924
15969
21872
19569
19675
10787
13574
19610
9764
15756
19673
20110
7309
19906
21507
19906
19118
10890
14985
20260
20004
9708
17065
19501
19333
9462
15927
18822
10668
16100
19922
27052
13082
19507
10230
16097
19420
9479
15311
19027
9784
14677
19161
20435
19675
8025
18607
21744
29938
12490
19405
19928
7674
18758
20307
19928
10795
14439
19023
9903
15102
18738
10187
16088
20241
19895
9840
16047
19101
21015
20111
7559
19534
20895
20225
20977
9723
14377
19233
9577
16082
19207
9812
15748
20241
19384
20585
10410
15574
19642
9561
15082
19600
9420
16637
20302
20304
19705
10429
15426
20479
20171
9978
15709
20646
19978
20233
7537
19206
20716
20410
19060
10605
16220
19311
21272
20536
10463
15094
19439
10345
20116
15573
20513
186261
17810
19463
20093
11062
15290
19329
10266
19870
19644
9851
15547
19079
10956
15633
19888
19169
10523
14543
19158
10666
14752
19046
10283
14408
21333
19163
7655
19668
7882
175696
19884
19621
10962
13256
20329
19487
8021
19051
19497
19317
10540
16692
26173
15787
19702
19750
11026
14548
19849
10090
14342
20125
9509
15564
19590
19528
7753
17716
19725
7245
19189
20101
19580
20202
8013
18476
18991
10322
15245
20291
19368
10754
13965
19920
10825
13929
19627
7354
18346
19250
10024
14104
20358
20151
7595
18125
19137
10264
15661
20579
19153
9876
15721
19105
10223
15164
18958
9610
15410
18878
9600
15840
20487
19549
10846
15018
19308
9423
15983
19244
20248
10502
16190
21152
20144
19634
7772
16872
19502
7299
18308
19742
20246
7486
18931
20143
19530
10723
15287
20268
19162
10972
14569
19222
10643
15041
19295
20209
7478
18236
19771
20010
11276
15363
19848
20758
20093
11194
14581
20402
9430
14468
25291
17671
21675
19738
19807
10333
16148
19450
15814
9002
18860
9887
14285
20293
9954
15261
19528
20090
10351
16515
19991
18819
10795
14638
19289
10665
14399
19683
9665
14951
19599
10150
15526
18826
10327
15185
18859
7672
18126
19262
9389
15994
19318
9458
14177
19039
10851
14839
20589
18594
8296
18408
20323
19877
10473
14792
7451
16426
19036
19451
10907
16210
18974
10030
15262
19440
20455
7595
17680
19247
20087
8049
18193
18930
8054
17957
19279
22937
19183
10447
16455
21006
21517
19451
19924
9641
14979
9447
15379
21208
20533
18866
10248
15798
20162
19598
10214
15067
19503
20092
10947
15866
19127
20349
10759
15015
20124
19969
7400
18402
20315
9482
14962
19276
19923
10820
16441
20808
21248
20091
9546
14320
19225
9161
15544
19135
10025
14950
18611
7221
9838
10203
20284
19888
7234
118427
19632
9637
15320
19064
10753
14726
19301
9832
15143
19110
10523
14805
8447
14851
20408
18781
10749
15565
19254
19794
10630
16614
20510
18812
10844
15053
19535
20209
7770
135184
11470
14975
20306
20186
10044
15183
20433
19850
19779
8178
18679
19056
20733
10607
16034
21387
20237
19515
10851
14171
19932
19456
7299
20081
20046
19891
10466
14964
19731
19692
10264
16943
20558
20305
19627
10629
13784
20171
20120
10668
16087
19501
20246
7817
18060
19310
10550
13872
19277
7573
17673
19358
10468
15521
20890
19600
19952
10095
48336
14373
20682
20052
9322
15345
19206
20082
8822
17021
20165
9399
15790
19873
19318
7374
26667
12897
22332
20071
20288
9426
16137
19782
18995
8212
17613
19713
20188
7438
18625
20183
9582
14814
19723
9801
14371
20302
20374
10344
15223
18985
9459
15507
20374
20351
12525
12229
19172
9801
16172
19599
32565
13014
17461
19770
10117
14620
8110
19751
19728
19428
20752
11243
15406
20205
9756
14161
20317
20073
7800
18576
19686
19240
10769
14691
20159
19441
11279
15008
12702
10377
19599
20192
10432
16887
19298
19631
10098
16013
20712
19020
10472
15758
21377
18984
10367
14988
19752
19989
10953
15155
19695
19151
10850
15044
19950
10426
14222
31620
29520
10354
14205
18885
10182
16229
24031
18928
21162
20207
20323
9823
15532
20707
19806
10001
14482
19249
9626
15833
19064
9446
15104
19979
19561
7991
18578
20006
10227
14015
18973
10041
15404
20385
19977
9938
15227
20264
19500
11041
16472
20071
20266
9782
15690
20512
18860
11073
14846
21783
19938
20030
9226
15396
20120
19900
10544
15909
19164
9402
15004
19906
9828
15354
19169
9533
14663
22021
19198
20256
7709
18056
19282
10482
14831
19841
20676
10307
14902
19747
9448
15131
19039
10282
14727
19569
10390
15363
107764
15108
19329
9392
21389
16023
19464
19723
11009
15667
20028
19506
9523
15483
19263
10833
14219
18980
7401
18854
21828
20023
19540
9363
15251
20262
9619
14575
18856
7378
126706
12455
19827
10018
15602
20734
19846
20109
8223
18449
20461
19485
10163
14359
12221
11830
20294
20063
20341
10868
16634
20049
19461
9515
14263
19057
7189
19076
20076
10208
15867
19747
19004
9888
16224
20273
19547
9908
14898
19769
10443
13617
19244
10461
16756
31018
11961
19825
19730
20475
7862
18584
19420
9625
15303
19216
9386
15772
19289
20187
10811
14544
20471
20333
9441
15859
26534
16484
19140
10127
16062
20590
19130
10194
15928
20393
19287
9866
15301
20011
20289
9528
16894
20106
19920
9629
15354
20435
19999
9743
14839
8599
14621
19513
9462
15986
19024
19459
7897
18163
19290
7673
18756
19690
19306
10389
15818
19491
20314
7167
19162
19160
9317
15548
20813
19109
7801
16361
19472
20393
7792
19214
20303
20303
19484
11317
14541
9375
14128
19555
9835
15571
19891
19077
8159
17421
19337
7466
18908
19890
19189
10904
15482
19091
10266
15584
20625
19909
9258
15140
19370
19781
10531
14882
18860
23376
19721
11314
15333
20192
20049
10253
14905
18965
10607
13800
20374
20558
10887
15010
19051
10138
14998
20509
19478
9721
16752
20314
20538
19905
10664
14999
19580
10061
14140
19131
10804
14743
19987
20391
10705
15039
19149
10447
13862
20188
10022
15303
20200
19670
9347
16745
20589
20174
19354
8138
18726
8151
183877
12319
24092
18514
19630
19289
8581
18379
19225
20071
11487
15087
18947
10308
15044
20061
19030
10872
14766
18908
7810
18003
19315
10065
15404
19446
9451
16019
20497
19282
10982
15789
19080
20169
10630
13903
18851
8210
17565
19336
9843
14631
20093
9821
15016
19862
9786
14355
208641
15374
20750
19943
10170
13627
19097
7574
18945
19348
9448
15211
19529
9713
15283
18996
9971
15256
20894
19284
10504
14128
19923
9827
14651
20024
20069
11442
15161
8648
204747
11869
20140
20471
19983
10846
14898
19420
19887
7861
18471
20092
19707
9993
15294
19769
10663
14979
19849
19973
10566
15394
19128
9827
16425
19608
19495
19699
11120
15533
19473
10714
15310
20816
18861
10452
13545
9496
15506
20703
19626
20174
10807
32761
10104
14862
19274
9969
14553
19706
9848
16280
18190
20664
19958
20569
10026
14553
19482
10324
14190
19652
10052
14978
19119
20246
8120
18415
18746
7592
20907
18659
19102
10056
14557
19644
9748
16192
21740
19848
19685
9825
15430
19375
9821
15231
20249
19078
8054
18240
20101
20121
10009
15117
20163
19475
11324
16203
20553
19506
9479
15590
19807
19989
11005
15430
20292
13339
9425
20262
7238
18153
20205
19001
7534
19876
20535
20526
19778
19823
7811
17624
20428
19251
10415
15943
20492
20364
9886
13338
20295
9416
15183
19015
26561
19189
22057
20032
19820
20367
11234
15974
20492
20397
9384
14690
19825
19482
11053
16129
21558
20939
20196
20102
9405
15774
19485
19800
7229
19579
19308
19826
10480
16394
21251
20564
19143
10305
14784
20412
19960
10252
15239
19520
20297
8191
18714
19657
20107
9947
19349
17690
19279
9436
15723
19661
20432
9566
17215
19442
20264
9896
14566
20410
19384
10769
16194
21204
20264
7294
16708
20612
20363
20086
10321
16384
20491
20125
20034
10571
15725
20574
19389
10405
14574
18743
9963
16189
20348
20142
20950
10653
15163
20498
19933
9780
20050
17397
19743
18779
11512
15407
21086
20284
9486
14554
19558
20358
10141
16735
19464
20286
10282
15229
21291
20106
9418
13882
19566
10046
15335
19017
10146
14270
19083
10143
15503
138895
10227
15612
19969
20442
10285
15748
20171
20220
20042
10863
14758
20029
9565
15625
19810
18882
7354
19519
20119
20327
10184
14440
19445
35077
10369
19200
9384
15703
7627
124684
11155
20259
10856
14428
19158
19628
11111
15289
20267
20140
8727
16543
19964
9780
14767
19120
9842
14964
19365
9371
17228
20776
20068
19599
9840
16164
19041
19569
7902
18739
19479
10030
14985
19148
9698
15392
20291
19588
9964
27594
9146
23620
7742
14291
20205
19478
10029
15639
20574
20372
19608
6967
20525
20089
19337
10060
14783
20204
26151
18501
19403
10260
14158
20347
10154
14631
19793
20600
10474
15280
19346
20171
10147
14961
19087
9822
15318
20371
13513
11326
19488
19702
10435
16005
20215
10221
14016
19803
19164
10849
15769
20127
19635
10001
15897
19702
20383
19812
9328
18215
19815
19648
10601
14969
20164
19704
7554
19143
19697
9329
15593
19909
18862
7994
18456
19234
9885
14816
20255
19512
7610
19425
19439
9308
14989
18948
10350
14763
19384
9889
14843
9993
13962
19350
19876
7313
17644
19889
10151
15398
19149
8619
16951
20328
19248
10046
15774
20387
19477
10405
15197
19241
10241
15459
20311
19835
9611
15210
20313
19525
7549
18698
23740
18446
19307
9856
16165
19846
23672
20504
19717
19902
7076
20138
19882
19901
19950
7764
19064
19047
9445
15475
18780
10381
14692
19770
10302
15169
20457
19555
8373
16608
19035
9666
15421
20091
9867
13805
19755
7791
18200
20402
19671
10210
15402
18907
9819
14994
19211
10364
15052
19805
9733
15656
20467
19502
9590
15567
18943
10282
15023
20424
19673
9632
7510
9088
19693
10836
14346
19216
10300
15426
19900
19910
9838
15773
19956
19769
7276
18475
20127
19887
10425
15805
19761
22774
19706
20615
7637
18492
19263
27784
17481
20052
18957
11009
15917
102184
20697
21328
23680
17855
7730
15230
19065
10231
15974
20315
19989
9939
15720
20765
19878
20125
10453
16197
18215
19138
9846
16463
20717
20548
19380
9939
14822
20188
36573
80147
9893
19319
10079
14442
19536
9768
15374
19184
10051
15583
21025
19186
9920
14798
20494
19947
10312
14901
19030
9796
16507
19803
19837
10289
15401
18870
10542
14770
20222
19733
10481
15396
20461
20149
10232
15316
20120
20534
9502
15501
20655
19993
19761
8194
18092
18825
7258
19291
20082
19088
10693
15775
21292
19769
20330
10724
14222
18917
9686
15543
19057
10709
15129
19952
9401
14784
18856
9644
16456
21213
19322
20263
10461
14711
18729
10592
15184
20094
9421
14528
18878
10185
15118
20169
20230
7628
18124
19086
10631
14757
20100
19498
10807
14887
19465
9717
15037
19552
10627
13776
20172
11065
13645
20122
9617
14866
19823
19833
10884
15697
20408
11338
12710
20073
20034
10903
15923
19984
19015
7811
18123
19131
10009
15246
19503
19671
10436
15420
25251
17863
19299
9436
16307
20003
19486
10755
14867
20010
20294
7230
18071
19638
9641
15811
19953
19409
7533
18723
20918
19071
10135
16003
20271
20408
9498
15056
19739
9727
15232
19114
9560
16023
20728
19276
9686
15962
19028
19966
10268
16297
19763
20273
9657
15174
8598
15645
21519
19215
19518
11057
16036
20785
20133
19035
7850
19020
19564
19189
10684
14806
9461
13938
19500
10426
15148
19805
20112
9825
16390
19529
20197
9701
16153
21045
19497
9818
15743
19703
19563
10826
16017
22080
19990
19249
20202
10482
16035
19721
19237
8043
18916
7916
14700
19221
9508
14701
19194
9811
15933
19802
20505
9759
16835
20306
18905
10186
15279
20434
20184
9897
16245
21072
20476
18924
10420
14941
19749
20369
7763
19071
20324
22831
19105
19103
8132
18500
95420
7982
21131
19240
23056
20491
9302
14872
19526
9824
33025
19886
11453
14174
19338
10672
15058
20522
20032
19992
11021
16015
19666
20222
10760
15076
19500
9747
14722
7789
118552
17037
20169
10046
14740
19663
9428
14999
9320
14385
19229
14747
9851
20156
20021
7430
18295
20286
12654
11181
20249
9560
14054
19511
10147
15699
20547
19759
10671
14355
19695
19927
7836
17964
18912
7430
18722
19723
9638
14723
18893
20341
7781
19088
19280
10076
14825
20366
20539
20325
10520
14892
18958
10932
14952
20291
19119
7984
19206
7612
15251
19870
18900
8304
17092
20092
9682
15007
19390
19785
11135
16122
8461
14152
19782
19978
7626
17599
19646
10123
14580
19466
27111
18561
20189
19412
10820
14984
20108
9684
15788
20235
19912
9743
15421
21410
19021
20054
10502
16347
19700
18905
10657
16648
19924
19230
10046
17038
20100
20102
19725
9174
16473
19677
10026
15528
20785
10915
20172
19246
10774
15546
19527
19465
7982
18558
20629
18885
11464
14605
20648
19849
9887
15245
20282
9446
15430
20630
20079
19277
10608
16417
19114
19639
10574
16937
21589
19862
19841
9966
15044
18748
9727
16521
21214
31299
10359
20353
19634
8824
16643
20497
9641
14338
20066
9986
15348
20335
19277
10863
14960
20123
9275
15999
21312
21092
20154
19881
9682
14759
19165
10492
15626
19379
10292
14025
19709
20008
10688
15602
20103
9437
14743
19088
9824
15267
19000
10667
14087
20459
9671
15396
20158
9381
14400
19834
20028
7635
18476
20268
9429
14165
19242
9965
14059
19751
9597
14629
20011
19865
7502
18710
19750
19888
9869
16093
19426
9427
16142
19712
19284
7027
18612
19948
9638
15543
20376
19409
8358
17030
19059
9449
15799
19643
9409
15556
19158
10540
14634
20811
19169
10661
14964
20302
9528
14352
18808
124680
19207
10129
15179
20061
20060
10103
14276
19810
10231
15542
23836
18752
18974
9433
15927
19405
9480
14743
19635
10297
16373
20630
21778
21015
21104
20238
20394
9702
8151
113895
16408
20804
19446
10512
14942
19753
19613
7456
18667
19317
9889
15327
19444
20133
8061
18247
21622
21033
20663
19307
10046
15924
19612
19585
7664
18964
20292
18863
8057
18255
19110
10251
16158
20843
20181
22526
19328
20205
7584
17432
20125
21955
20039
10311
14769
19085
7594
18960
19391
19990
7651
19828
19692
19045
10774
14060
19929
9840
16232
20674
18977
20066
7616
18907
20294
19743
10727
14782
19101
10229
14354
19461
10690
14776
19635
9412
15383
19261
9657
15149
19892
9568
15584
19480
19782
11194
14748
20475
20565
9588
15270
19205
9786
15601
19117
10404
14482
20424
20107
9758
16133
19544
19507
7777
18509
18963
8467
16282
20282
9996
14707
19712
19749
7266
19709
18921
20010
9952
15953
21287
21266
20736
19164
10364
8291
8139
20422
9471
13999
19461
9989
16066
19825
19509
20845
11456
15089
20525
18803
7428
18810
20462
9743
15210
20668
19559
19854
7756
19901
19520
20446
32138
12738
20413
20058
9990
14197
19609
10328
14560
19100
9830
16316
18958
10250
14288
19151
20446
7556
19488
19927
19184
7654
18660
20337
19478
7430
19303
20887
20367
19183
10265
15280
19260
20892
10855
15254
18837
9910
15408
19435
9820
14609
19369
10546
15261
19774
19699
7537
18206
18882
7408
18682
20027
20312
9646
15226
20650
19010
8521
18140
19368
20395
10317
16365
20265
19760
9625
15212
19672
9734
13933
19605
9618
15722
20067
19954
10222
18542
18784
19157
9758
14024
18897
28302
18251
20051
19438
7851
17836
20456
9580
15890
20088
19425
10270
14180
19891
10375
15335
20009
20511
9503
15468
19439
20247
109368
16045
20068
19779
8805
18456
20112
20041
9643
16239
20293
20102
19584
10635
16278
19338
19782
10549
16560
20290
19724
9430
15205
19073
9613
15271
20247
22866
18841
7426
123469
16745
19438
20076
9680
15933
20253
19261
7270
18915
19351
20153
23612
20262
10042
13876
9295
16579
19224
18967
11123
15536
19522
19775
7545
18143
19227
9767
15849
20076
19347
8188
18084
19000
9851
15446
20482
20210
13620
11066
20281
19607
11088
14783
19524
20343
7856
17926
19035
7510
18779
19147
9902
15569
21009
21788
21176
21490
7851
14989
19912
19298
10943
15779
20531
20295
19692
7405
19077
19458
20492
10215
15225
19931
20471
10202
14929
20343
18979
7788
18578
20396
9625
13501
19933
9354
15527
18912
7832
17894
19865
10064
15773
20707
19400
21626
20224
10226
15016
19450
9866
15660
19802
19780
7763
19114
21171
19360
19728
7682
17644
20664
19758
11122
15965
20526
19548
15607
19905
19090
10923
15569
9321
13555
19581
19293
7774
18476
20090
20169
10405
14640
31066
12761
19123
10444
13753
19964
19851
8451
17451
14329
10047
20211
20274
9838
15374
19346
19866
7494
19331
20939
18560
20127
20312
10542
15253
19649
19914
11484
15109
20287
19733
9974
15389
18936
20266
11225
15892
20315
20473
19317
7128
18630
18641
11293
15378
20146
7152
17594
20385
19683
9828
15258
21244
19790
20006
7497
17921
19649
20200
7229
19830
19541
20123
7184
17856
19400
10336
21561
15742
20296
19076
9646
15453
23324
20622
19545
9681
14659
20637
19730
20172
10711
15302
19364
10833
13495
20205
10302
14379
18887
9863
15785
20304
9740
14389
20497
20127
10659
14656
19121
10078
15199
19090
9629
16005
19010
10015
15233
20312
20273
10409
15256
19423
19061
7434
18855
19909
19851
10364
14880
20969
18846
7373
18974
20719
108574
14748
19098
10558
14865
19061
9938
14925
19583
10624
15451
20849
19803
8348
15469
20404
19168
7992
18130
19107
10744
15485
20115
19789
10625
15460
18929
20638
10669
8156
127875
19096
10768
14829
19012
10143
13908
9558
14747
19186
10180
14745
19532
22091
20170
9465
15515
19035
10746
10767
7613
20145
19338
20084
9981
16594
19951
20254
9487
15136
19677
9828
15594
21167
18853
9490
15681
19207
20087
7418
18921
19199
9402
15282
19449
10641
13786
20445
20225
10786
16415
20075
19525
9769
15211
19216
20769
10091
16494
20132
20450
9526
14795
18863
10859
14963
20051
19343
7283
19036
19099
9450
14993
20336
19949
8958
17158
19738
19978
7200
19502
20708
19971
9547
16182
19684
19984
20456
7402
18837
19503
19951
9866
15556
20482
19068
13846
12527
19743
9405
14683
20419
18446
9082
18456
19873
9585
15092
19912
20198
7288
17528
20658
19299
8368
18022
19506
9266
18923
18707
10369
14491
18873
12810
14374
21131
20097
20273
9619
25848
10748
20370
19615
7340
18454
19506
20225
9978
16344
21873
19114
19384
10888
15169
20751
9613
14800
19720
20394
10039
15604
19579
19590
10446
15616
18899
7357
19299
20334
19904
19407
10506
15660
19527
20451
8143
17723
19251
9756
14671
19173
10661
16398
21331
19882
7153
17242
20441
19376
9946
14738
20546
9617
14482
19181
28768
16108
19441
20227
10467
15853
20343
9620
14948
18926
20504
11030
15002
19654
9502
14697
19413
9815
15182
19887
9824
15703
21133
19579
19807
10465
14975
19611
10693
14420
19197
9660
15614
19486
10064
15801
20594
18963
10412
14604
19620
20234
11280
14912
19882
19684
7622
18597
20512
18823
10442
15905
20527
19547
10408
15594
20051
20543
19890
8140
17672
20153
9396
16204
20927
20355
18887
10540
15849
20292
19902
9982
105182
11917
19527
9879
14440
19215
10010
16302
20861
19912
7441
16756
18946
10092
16091
21247
20268
20364
19464
7921
18927
20594
18988
10454
15374
20005
19810
11150
14841
8205
124077
11274
19100
7738
18513
20656
20256
9358
15085
18972
10556
15633
21460
21396
20432
20528
9322
15046
19579
19885
7521
18582
19414
9608
14766
20306
10480
13280
18912
8004
18899
21292
20954
19271
19758
7706
18757
19358
10013
14998
19533
20010
11306
15182
19907
8358
16090
19772
19451
11379
15726
21088
19579
19599
8404
18454
20506
19931
20068
10086
16410
19764
20312
10705
14362
19392
19973
8157
18927
19814
9379
14276
26105
17039
19713
19481
7622
19824
20302
19823
9896
14379
19849
9568
14943
19682
10139
14755
19272
10014
12452
20337
20102
10334
15090
18757
10750
14478
20312
9407
15359
18901
10229
14601
19645
10304
14630
18969
10579
15022
18844
7211
18119
19373
10325
15133
20173
20053
19828
9646
14553
20084
10204
15469
20218
19909
10282
16005
19057
19454
10266
17225
19699
18674
10644
15207
20428
20290
10119
14194
18777
8014
17490
9478
13729
19084
9984
15515
18796
10328
16043
19564
19774
11241
15364
19973
20466
19938
7367
19848
20770
19613
19410
7895
18856
19287
10185
14226
19151
10154
14496
20389
9811
14762
20101
19761
6923
19685
19820
19325
10672
16209
7202
14844
19164
9418
15931
19911
19517
8046
17764
20210
19890
7293
19265
19283
19950
11593
14131
19229
10241
15384
19654
20200
10463
15480
19830
19802
10230
15228
19648
10507
14229
20232
9471
14953
19038
10062
14657
23581
19909
20955
19677
20083
8020
18488
19198
10035
15443
18849
20289
10464
16006
18841
9529
15327
18624
10787
15933
20292
20174
9674
14810
19821
20301
10745
15609
20479
19400
10121
16006
20389
20501
19706
10753
14841
18975
120018
11456
15537
18678
10311
16061
19393
19618
10862
15333
19000
10132
15469
19466
19883
7316
19105
7659
15740
19069
19477
10331
16797
20623
19805
10029
14358
23430
19278
8435
130017
7555
20714
20315
19229
9845
15343
19164
9897
16725
19834
19057
10307
15215
18919
7969
17656
18802
9869
16041
19015
9856
15323
20302
19407
10283
15822
19323
10691
13738
19712
9405
15140
19281
9660
15852
19728
20071
7601
17753
19986
9537
15854
21153
19569
19484
7477
18728
20022
9427
24230
12191
19555
14202
10652
19312
10063
15740
21212
19410
20344
10408
15717
19521
19389
7478
18435
19849
10657
14599
20143
19925
9667
15101
19002
10106
15794
20000
20522
34144
11613
20166
19841
10034
16341
20653
18792
24681
21065
19085
19970
8191
17542
20025
10109
15051
19342
20349
11063
14321
19161
10988
14776
19258
10291
14757
19539
19985
8158
17280
19871
20627
10907
14775
20153
20148
10987
11841
18926
10021
15179
19388
20247
7992
18253
19508
19586
10349
16002
19432
20329
10066
16911
21012
19743
9452
14840
19292
19687
8338
18528
19629
9920
14368
20294
9716
13920
19325
10143
16265
20039
19882
7742
17321
20033
19466
10524
16451
19651
20106
20225
11345
21136
15123
19879
19574
8454
18361
19260
10111
15716
19120
19296
7519
18855
18718
10546
14443
20502
19887
11084
15800
20448
20105
9471
15402
20269
19728
9758
15246
18842
7457
18174
18870
10569
15363
19711
19797
7446
18727
19078
19837
11227
13982
9609
14587
19000
9925
16127
20054
19343
9829
15373
19121
7543
18323
19765
9482
15105
20352
20090
10140
15802
20127
19747
10307
16241
18969
20345
9436
15415
18859
9620
16634
18687
7258
18041
19795
9372
14800
19882
20108
10284
15528
20274
31981
12117
18944
10323
16099
20227
19860
10656
14200
18631
10932
14522
126004
17576
19520
19863
7834
18458
19155
19662
10661
15386
19692
10490
15001
19624
19947
10855
14606
18701
10181
16052
19447
19637
8581
18768
19643
9587
16781
18344
20117
8533
116749
20304
20434
9895
13984
20166
19601
8093
18888
20185
9486
14692
19549
19934
10986
14196
19298
11003
14986
20242
19119
11305
15143
19451
20737
10986
14984
20588
21210
19900
19379
10020
15378
19417
9284
13805
19436
7869
18107
20153
9777
15241
19523
22726
20312
20051
9902
15606
19642
20426
10928
14487
18545
10828
16449
21220
19765
18894
11222
15764
21393
30251
11736
19853
20328
10101
14889
20102
9681
15690
19194
9488
14374
19136
7657
17851
19438
9950
15870
20227
18900
7915
18772
19905
18989
11111
19141
18415
19463
19815
9869
15523
19869
20224
10264
7501
9256
18982
7728
18293
19389
19533
10945
16444
19405
31370
13092
20707
18879
10946
15041
20088
20122
10660
15768
20749
19517
20528
9740
15384
19988
20027
7087
18264
20033
9232
15753
20134
19773
10977
14351
19834
31081
14572
19019
20455
10161
14962
19256
9782
15403
19857
9472
15996
21389
19343
9807
14588
19799
20482
10002
16553
20045
19338
7372
17719
20645
19572
10188
22293
15693
20046
18979
10274
15103
20133
9723
13737
20102
9922
15933
19852
9702
14879
22513
19856
19687
19993
7246
18482
19127
10224
15997
21899
19994
20101
19512
8182
17832
19477
9928
14797
20738
20078
7275
17366
9820
13863
20409
22333
18853
10074
14947
9653
14240
7933
14162
19390
10283
14656
19020
10618
15458
19617
20105
11320
15170
20623
20269
9719
14747
20687
20144
20013
7959
18568
20285
19265
10630
14995
19317
9441
16151
20426
19158
10092
16752
19750
19223
11030
15423
20951
19703
19836
10890
14849
19463
9956
14674
20602
19769
10372
16488
20974
19249
19682
10678
118523
18525
20273
20540
9908
15704
19670
19847
9809
15986
20390
20272
9841
7356
8794
20104
9565
14738
19238
10620
14912
19711
10423
14323
20369
19077
11030
14944
20595
8456
128553
8574
19352
9520
14903
19984
9506
15309
20564
19095
7490
18446
18753
9443
15831
19285
9998
15753
19253
7589
17533
19186
9623
16176
20274
19337
10074
14289
18862
10151
16454
19761
20503
9615
15676
19158
9517
15556
19667
9693
15181
20039
9537
13954
19064
10553
15882
20390
20020
9953
18241
18155
19358
9651
14945
20437
15924
7822
19744
7732
18271
20510
20307
9402
15085
21353
20514
19361
7165
18369
19101
9466
16162
20169
19886
10554
14889
20041
20121
9964
14598
19025
10643
15603
20338
19266
11142
16208
21107
20524
19618
20569
10014
16733
20621
19808
19259
10458
17058
20535
19272
19822
35728
11588
20682
18855
20148
7696
18439
19659
10082
15251
19326
9888
25555
10959
18888
14587
19295
10036
15551
20371
19626
12443
11670
19953
10472
14490
20574
29707
13765
20272
19299
8213
17109
9648
14856
19696
19832
10087
15796
20047
19246
7241
19200
19348
9831
15558
20160
19747
10661
14862
20446
18897
7979
18494
19342
10491
15178
20003
19420
9535
15887
20275
9765
13437
20063
9923
14748
19321
9800
15593
18982
10795
14933
19909
20192
10307
14215
20171
9692
15389
20392
9757
14928
21754
20728
20060
20269
20217
7984
18003
19709
10124
15395
20112
18958
11353
14584
19891
20186
10669
14516
19722
10670
13748
22333
18964
10424
14841
20323
19723
24588
20046
19398
9979
16384
20247
19389
10539
15359
20583
19665
10032
14157
19686
9860
15728
19562
20105
10630
17051
20054
19548
10132
15282
20606
18727
10582
15848
20156
20249
9859
14933
19277
9600
15093
20266
19808
8283
17793
24797
17883
19834
21071
19952
19702
92535
13881
19087
10301
15102
19933
20053
10309
15181
19846
7594
28498
10280
19420
9636
15676
20277
19596
9358
15489
19553
9682
16179
20263
19158
9882
16418
21006
20594
7834
124357
13186
21256
20589
19867
9928
14278
18904
7713
19323
20299
20485
20122
10304
14561
20252
20531
9851
15165
19393
9965
15933
21148
19386
9861
15411
19346
19641
10907
15454
20732
18776
7899
19112
19842
20110
10421
14383
19938
9543
15906
20420
18915
10461
15789
8092
15146
21138
20433
20465
19523
11077
15186
20067
9419
14844
19218
10173
14897
19929
19963
10461
15186
19926
9398
15225
23180
19700
19281
10235
15210
19249
20351
7536
18277
19055
10760
14852
20013
9539
15033
18745
20709
10634
15410
21468
20511
19934
9849
14835
19408
10654
15384
20019
20651
20112
8025
18686
20046
18707
10699
15323
19083
9622
16468
20603
19185
10043
15059
19067
20107
8441
17718
20274
9882
15447
20796
10015
19180
19909
11164
14540
19660
9438
15533
19042
10252
15237
20212
20654
20305
10231
15964
19638
9402
14218
23962
19270
19932
9636
16405
19632
19973
9585
15635
19062
20281
10261
15658
20712
19384
10323
16194
21025
18987
7479
17747
19643
20113
7378
18856
19379
9752
14978
20435
19688
10821
14944
19470
9605
15365
19794
19249
10892
14853
9678
13235
19979
20124
10581
15297
20487
7830
15938
19669
7274
18687
21378
20007
19087
7633
18693
27709
14944
20142
19429
10720
14753
20041
9900
14186
9652
14321
19497
9853
14523
19628
10128
15773
21248
20117
19158
10644
16192
20357
20492
19974
9629
16550
20464
20328
9425
14293
19279
10907
14548
19061
10027
14989
19422
10131
14302
20066
10087
14604
20209
19688
11015
16244
19854
19123
9893
16432
21320
19840
19858
9568
16040
18779
10033
14870
18841
10912
14692
20811
20261
7444
121230
17850
19521
9993
14632
20307
19871
7338
19250
19872
19297
7267
18803
18912
7144
18161
19246
8974
17312
20103
19123
10514
15493
20620
19640
9917
15915
20297
20737
7384
119564
18574
19923
20152
11016
14027
19857
9996
15148
19550
20264
10548
15482
20334
20129
10410
15024
19151
9567
15403
19022
9567
15466
19654
10136
15645
20989
21591
21497
21749
20267
20032
19268
7451
19369
18992
10145
15617
20250
20035
9617
14785
19790
9499
15445
19841
9503
14671
19590
9458
15168
19241
7235
18038
19543
9745
16056
21220
19411
9517
14530
20242
19823
11269
15172
19282
20311
10446
15965
21370
19060
9490
16391
23566
18666
20058
20118
10187
14743
23198
19471
20030
19731
10870
15035
19975
10312
14965
20477
19347
9731
14739
20133
9405
15039
19928
10123
16473
20096
19881
9458
14918
20772
19992
19908
10250
16600
18920
9847
16115
20798
19503
9991
14583
20329
19681
10148
21085
18967
19846
7212
19675
19751
20471
10472
15016
19264
9636
15170
19912
9416
14592
19365
7400
18640
19369
19856
10241
15744
19538
9828
14705
20348
19898
10924
13979
19374
7832
17451
18836
10302
15656
20060
20259
9469
14921
19445
7211
18268
20625
9421
15207
19444
20353
7497
18476
20533
19906
10430
14005
19042
11070
14258
19784
20230
9399
17594
20226
19117
10212
14861
19784
10069
17873
18279
19123
10319
15275
20667
24107
19158
20399
21042
20934
20817
19780
9685
14861
19943
9618
15433
19383
9315
16606
19836
18871
7332
18940
19256
10252
14374
19581
10403
14307
20123
9439
15988
19003
9577
14065
19011
11354
15927
20349
19543
19943
7015
18620
18729
7377
19565
21241
19871
20047
10228
17608
18113
19630
9710
16201
19225
9724
15203
19593
19835
7322
18179
20186
20526
10543
15092
18856
10208
14071
20111
10160
14800
109805
14285
20422
19219
7344
18579
20400
19091
10559
15011
19295
10020
14723
19354
9849
16415
20250
19942
20900
10240
15324
19868
19524
10839
21515
15234
19302
9543
15218
8250
128564
9152
21020
23800
18063
20204
19666
10788
15671
19903
9482
13980
18827
7207
18202
19138
7511
17844
19262
10018
15401
19138
20432
7532
18353
19481
9758
16461
20950
20466
20564
10123
13150
19508
10183
16319
20276
19081
9855
15097
20105
9620
14809
18504
10683
14924
20129
10227
14458
9651
13337
19483
10285
14800
20297
20082
9969
16056
20718
31435
13738
19443
20846
18979
9562
15774
18860
10431
15032
18879
9961
15602
19209
10556
14945
20325
20194
10042
14600
19072
11233
13573
19948
9679
15184
20081
25904
19095
20294
19712
20520
8169
18046
20124
9685
15370
19694
19136
7143
20178
21074
19427
9362
15776
20556
19923
9388
14625
19824
20251
8003
17738
19007
11093
13716
19451
10085
300757
16165
18998
10001
16188
22020
20850
21152
18876
21386
9789
15228
19367
10150
14948
7603
15960
20733
19150
9666
15784
19188
10168
13830
9581
14370
18881
20131
11087
15041
19194
10425
14493
19507
9410
17533
19022
20030
20556
8021
17722
19387
7369
18663
19875
19523
10452
14975
19438
20092
11075
15179
26258
16254
19838
10576
14853
20159
9398
15163
21515
19547
9523
14330
20764
19064
10519
15794
18797
9884
15403
19480
10157
15597
20898
20563
20085
9999
15825
20174
19071
32846
12850
19510
9516
14459
19528
7564
18543
21641
19588
19153
10933
15260
19706
20282
10442
16490
20410
20427
19145
7931
18271
19899
19749
10210
15797
20253
9495
15543
21378
19911
19369
9702
15092
18960
7230
18317
20153
19691
7630
18989
19346
10610
14177
19480
20030
11224
14378
19713
10118
16224
19991
19545
7371
18420
20163
19451
10460
16162
126697
14868
19810
9851
15697
20099
19021
7954
18656
20290
19917
19962
10362
16849
20933
20298
19410
8805
16276
20300
9518
15193
20073
19599
11003
15194
19955
19883
8016
7789
114032
19682
21359
20194
20169
20805
7291
17579
19546
10856
15675
19902
19523
22115
9666
13688
20124
9470
16573
30523
11788
18907
10366
14338
19604
10022
14578
18938
11167
15206
20701
19809
9625
15185
19585
20235
7514
18517
20436
20354
20100
7779
18457
20547
19133
10808
16353
19567
20022
10197
15921
20249
19882
10004
14218
19477
11151
15246
23880
17414
19146
10589
14957
20017
9922
14980
19466
10064
13758
19812
10184
15314
19343
19915
11391
7490
9242
19464
10042
15415
20903
20145
19930
9864
15425
18804
10363
16061
20902
19902
19178
7497
19096
20394
19723
10056
39338
17842
20531
20045
19964
8045
20064
19503
20414
9219
14388
20247
19789
10825
15936
19945
19249
10051
15143
9502
14307
8166
19923
19943
7710
17289
18861
7172
19499
20333
20224
19302
8292
7417
10302
20020
19503
10717
14846
20085
9485
14897
19945
31420
13477
19764
9769
14295
19194
7194
18458
20409
19405
7502
18596
19471
9493
15977
21084
19569
19841
8048
18657
21159
21064
20750
20390
20295
10646
15829
20169
19296
10017
15601
20675
18666
8323
18277
19384
20065
7732
18471
19045
20299
7811
19133
20192
19283
9669
7469
10974
20143
19994
20282
10041
16143
19538
20343
10692
14503
19945
20103
7394
17997
20290
9345
15859
18925
20401
7731
20562
18720
19732
10037
15403
19888
22653
19225
20173
10510
15221
20525
20396
10101
15744
19296
19903
10240
15222
20467
20073
7830
17811
20003
20335
7276
17907
19146
7198
18937
19784
19323
10425
15781
20515
19700
9929
18038
18650
18692
8986
18192
20590
19026
10212
14334
20217
10333
15476
20058
19280
91759
15122
19826
19483
19955
7942
18338
19182
10290
15314
20012
19020
8017
17002
20307
20044
7704
19786
20805
19200
10766
13925
19110
11004
13825
20485
9652
14789
20563
8610
145553
11350
20508
20205
10360
14886
19548
20420
9817
15143
20430
20444
9830
15813
20198
20024
9753
15767
19381
9765
14617
20033
19873
10677
16428
20162
19133
9829
15262
19721
20283
11372
15666
20564
20686
20002
19783
8129
17962
18813
10267
15957
20628
19774
10897
8089
8956
20607
19983
19400
11005
15422
19957
19830
10714
15651
21082
19088
19848
10786
16638
20089
19060
7549
17102
19747
11160
14619
33529
9148
19159
10087
16142
19707
19587
10307
15107
19158
9874
15187
19951
20275
10631
14614
19806
19964
7696
19358
19197
9942
14230
18955
10220
14743
19141
7767
18521
19493
9597
15286
20649
19841
11730
12933
19025
10214
15674
20374
19526
10612
15076
18835
10059
14763
20458
9876
14923
20737
20307
20421
10229
15352
21715
21145
21313
20124
19543
7356
18668
19659
20103
9918
16338
20792
20319
20180
10174
15210
19856
19861
9466
15968
20687
20125
19173
8601
17461
20341
19624
7559
18080
20143
9458
15755
19257
31581
13979
20646
19310
9495
15393
19821
9691
15053
20175
19629
7235
19226
20886
20164
19666
10469
15276
19097
19982
10857
16156
21294
20390
20257
20146
10635
17630
19047
18974
10158
15630
20500
18991
10508
15516
18965
9841
14968
20120
9601
14725
18940
10292
15973
19175
7391
17208
19927
20174
10812
14709
19574
10138
14834
20333
19959
10842
15079
19240
19539
10976
16127
20160
20183
20112
7793
19877
21131
20303
19112
9803
15636
26502
16374
19463
10064
15537
20549
19372
19929
8032
19178
20369
18882
10042
15510
18804
7601
17533
20010
9970
15359
19542
10111
13740
19651
10327
14979
19027
9697
16687
107768
14727
21307
20332
20451
19561
8533
18507
19683
9466
14471
20555
9483
14359
19360
10210
15300
19331
20435
10140
15122
19288
9630
16420
19102
19757
7288
19274
19546
7472
108131
10743
19989
19830
10721
15415
19708
19452
10473
15526
19380
9790
14430
9415
14349
20630
20492
19515
11666
14360
19610
9882
14232
19719
10167
16072
19809
20106
10821
14580
20521
18871
10851
16572
19903
20386
9567
14351
20103
19705
7876
18318
8426
13548
9704
13682
19053
7456
17324
19302
7777
18133
10977
12689
19902
19576
7352
18681
19634
20194
7132
18267
20664
20047
20046
7175
20035
18095
19419
20102
8717
18235
19024
10128
14732
20882
19443
10082
16009
22094
20092
20588
19045
11015
14785
19708
10050
16194
20232
19278
20464
7268
19376
20208
18638
10886
15774
19403
20337
10907
15711
19989
19810
9723
16343
20564
20201
9919
14666
20194
20264
9873
15110
19822
9637
14165
19316
13752
19183
20491
10924
15733
20542
20108
20083
10431
15212
19702
20211
9789
15814
19685
9476
16538
20585
20794
20228
19399
7174
18880
19358
10389
15105
19479
10103
13902
19152
7533
18594
19026
20266
11135
15533
19224
9932
13475
9579
14733
19611
20015
8164
18383
19203
20230
11128
15537
21391
20562
19844
9453
15688
19920
19646
10164
15439
20415
9584
15332
21082
19163
20182
10391
15863
33520
9120
19471
9648
14650
20142
20089
10469
15993
19713
19506
8582
17202
19290
10103
15605
19471
19784
7988
18235
20270
19725
10293
16432
20030
20385
19894
10022
16411
19238
19914
10368
15445
18907
11511
14764
20010
18857
10923
16841
19682
19057
11045
15401
21608
20494
23137
19557
20661
20023
10179
15265
20911
19449
9661
15184
19187
10029
16592
19200
20113
7717
19020
20094
18857
10573
15827
20635
20081
13386
10681
19861
10036
15928
118237
10050
14842
19910
20266
9960
17013
19748
19424
20190
10624
15772
19591
20491
10369
15302
19167
9913
15123
20504
9548
14600
20928
20114
9483
15205
20197
19109
8060
8591
114907
17724
19340
9646
15299
21210
18649
11092
14971
20292
9588
13798
19217
10190
15687
20852
20402
19451
7969
18879
19179
19806
26629
19893
20643
19124
10828
14750
20066
20067
9900
16487
20004
20184
9987
14591
19681
10200
15673
19872
9520
14702
20420
19802
19872
7406
19007
20447
19876
7589
18465
19538
19466
8021
18047
19625
10266
15603
21195
20102
19625
10651
14957
20448
19359
7716
18449
20377
7620
16871
21292
19984
19361
9969
15773
19504
19466
8338
18080
20354
19916
10319
15948
19447
19715
11243
15271
19055
19945
8425
17831
20267
19520
7637
18246
20665
19543
7341
18396
19068
9844
16270
20433
19319
9437
15162
19734
9859
16097
21388
20509
19463
10027
14561
19549
9882
16265
10024
15728
20085
20306
10091
13984
20113
20162
7726
19349
19341
20133
10642
15618
20817
21165
19193
10330
15330
19546
9851
15362
19490
9379
14776
19712
20614
10801
14143
19102
10548
15365
18912
11067
14772
19479
19148
11005
16194
20644
20333
19468
35116
10454
19203
7592
17482
19129
10974
15451
19837
19361
8055
18064
19783
20028
9933
15905
19502
10001
14384
20261
9690
14101
19966
10547
14084
19587
9701
15405
19784
19381
7969
18986
20775
19892
20042
7788
18950
20333
19682
10671
13767
20797
10051
15034
20868
19227
20312
7216
19641
19333
19670
10203
15997
19724
20414
9615
19741
18456
19702
20032
19864
10951
15776
19561
19602
8044
19420
20794
20603
20184
19837
10415
16518
21227
19452
20258
10101
14701
19369
7497
18058
19071
10825
14749
19632
20370
9423
15542
19824
9972
14748
18861
7358
17920
19901
9702
14972
19725
96514
9073
19935
19283
7433
19206
19956
20231
9697
15113
19707
20162
10530
15467
20046
19773
9808
16725
19543
20505
9851
14940
19694
10087
15398
19438
9483
15399
19871
7313
130534
8035
19353
20312
10239
13474
19912
19887
9941
15679
19512
20064
8025
17010
19601
10934
14567
19705
9608
15986
21169
19665
19307
11185
15042
19138
10210
16284
20111
27043
15869
19468
10674
14984
19220
19902
10623
15082
19322
10797
13990
19580
20363
10705
16533
21296
19328
9928
15035
19743
19241
10893
14388
19281
10819
15510
19682
20420
7475
16832
18979
7343
19383
19382
19915
10962
14967
20317
9783
14384
20276
9640
14266
19991
19982
11158
14396
19647
19728
7153
19823
19262
20065
11141
14789
18808
10741
14245
19003
10565
15830
20466
19952
10805
15243
21483
19967
19219
10924
15387
20913
19467
35712
9035
20645
19861
9774
15858
19128
20085
7662
18545
18707
9949
15816
19533
20002
17295
19861
20302
7196
18298
20264
9230
15178
19923
19794
7993
18620
10162
12664
19882
19596
10926
14479
20206
9499
16364
20912
19007
9562
14541
20282
20106
7453
18585
20288
18980
10887
16851
19503
20022
10284
13797
20187
9558
15146
19499
19900
10675
16807
20252
19060
11039
14198
19491
25051
19888
19892
9571
14507
19499
10032
14794
19306
7521
19292
20159
20340
19462
10446
16015
18909
9902
15676
19553
9598
15687
21094
20143
18870
11428
15977
20503
20602
19438
10298
16015
20056
19238
10222
15929
21316
19801
19680
10977
17133
18626
19755
10487
14576
19205
27682
17701
19461
9248
15148
19116
10828
15943
20907
20173
18846
10808
14767
20710
19129
7748
18405
20580
9579
14681
20687
19790
10438
14176
20466
19800
10630
15328
19437
9771
14704
19195
10094
15815
19540
20225
10405
14982
19358
10660
13776
19025
10664
15607
19702
97767
9140
19683
20331
19817
10420
13571
19793
10519
14805
18866
10943
15109
20258
19256
7312
17876
19351
10139
16169
19321
9788
14144
19606
9617
15660
20028
19986
9941
7275
128546
20242
9622
16492
21291
20257
20928
19487
10885
14753
20378
9461
15893
19267
19389
7826
18237
19289
20248
7831
21370
19047
19893
19683
9790
15461
24872
18819
21290
19835
20284
9882
15819
19830
20333
20085
11097
15606
19717
20192
10159
15471
19170
9941
15106
19365
20261
11147
14911
18916
7210
18838
20461
19205
10183
15802
19290
9704
16139
20698
20285
20176
9487
15547
19752
10049
14019
19620
9849
15840
21023
19543
8644
16267
20599
19910
9724
15445
19871
19750
8598
17179
22908
20274
19352
20420
10233
16378
19567
20389
9520
16451
21498
19758
9702
13861
19241
10174
14486
20255
10564
13781
20330
19753
10651
15707
19720
9806
14821
21075
19933
9526
14519
19702
9804
14697
19147
8244
19117
20091
7651
18868
18979
10574
13828
20112
20419
11199
15553
18929
34544
11120
19743
18989
10508
15219
22776
20122
20890
9320
14977
19163
9781
15398
19799
19804
9849
15924
19566
20082
7711
18564
20087
19892
10568
15150
20629
20007
10321
15087
19322
9485
14782
19402
20296
10656
16628
20791
19863
19984
10361
14435
18964
10848
14677
19110
6928
19846
20055
19881
10247
15355
7611
15981
19324
18875
10943
14902
19382
10448
15189
20457
15417
9501
20529
21575
20451
20089
9627
16110
20487
20446
19798
10335
14682
18820
10483
15182
19107
10464
16172
20732
19678
19822
11073
14195
20445
20345
10685
16133
20723
20194
19878
20256
11095
15782
19257
19781
8131
18666
18022
18782
10949
15791
20153
19482
10639
14617
7861
15522
18841
9943
19583
8316
10532
20453
19411
10090
14538
20240
9809
15091
18994
7477
18244
19972
20003
110439
15902
20005
20117
9670
15244
19194
9831
15164
19543
9777
14584
20526
19706
7983
18478
20272
7209
16110
19341
10009
15826
20524
18666
10261
15792
19904
24495
20607
8060
124713
10690
19457
10733
14076
18907
10441
16047
20275
19467
10182
15897
20845
20272
9689
15138
20441
18957
10334
14303
19228
7992
18145
20066
19451
10574
27376
10420
20891
20716
20172
9985
14179
19076
10308
16118
20735
19092
10271
14566
19409
7237
17748
20754
9621
14660
20597
20764
18911
7769
18693
19338
8531
17617
20548
20527
19625
10832
15348
21165
20212
19530
10646
15843
19820
19637
10062
15214
19110
19912
7666
19903
19476
19413
10533
15594
19548
9886
15402
20306
19810
10107
14528
19282
10041
15306
19856
19983
7913
19522
19666
19769
20444
7671
19835
19874
18956
9793
15589
21309
19224
10167
16518
20737
20093
20520
19909
11085
14993
20047
9498
14743
19083
20261
8018
18763
20014
19656
19056
11082
15182
19231
9642
14420
19080
7871
17964
19539
9948
14703
19244
10051
14023
20102
9623
14943
19490
9831
15856
19317
9920
15192
20316
25302
18559
19972
20039
7449
17852
18785
11294
14374
20087
20368
9702
15068
19447
10502
15795
19999
19163
10563
16424
21839
19580
18988
10988
15174
19250
9599
16294
19979
19501
9555
17112
19852
19762
20120
10184
15820
19640
9872
15442
19802
20179
10533
13953
19278
10946
8681
8756
20155
19918
9491
15416
19126
20509
10182
16092
24067
18675
20784
20236
9646
14180
19084
10067
16466
20043
19561
11059
15411
19770
20306
19697
8039
17872
19058
10871
14303
20404
9509
15000
19844
19847
11131
17209
18878
20083
9448
15704
21144
19965
19328
11174
14938
18916
10237
14687
20142
10007
15256
20270
19026
21166
10655
15123
19052
10842
15872
19091
20333
20253
11215
15784
21118
19217
117994
9123
19701
19659
19461
10141
16883
21339
19241
20143
10612
15815
20005
19995
20321
11572
14899
19013
20532
7698
18722
19524
19892
7392
18557
20324
14571
8922
19637
7643
113555
11452
16287
24407
17192
19141
7535
19117
20234
19968
9853
14135
20815
18883
11054
14600
19153
8043
17758
20083
9615
15107
20406
16148
8330
21328
19602
9847
14376
18758
10249
16788
19920
22427
19830
19070
10897
15565
19260
20167
8083
18578
20742
19741
20117
7337
18891
20315
20129
26835
18344
19222
10098
15435
20289
19074
7774
17645
18786
10256
14892
19523
20430
8437
18056
19982
20310
7433
18574
20430
20918
19241
11169
15746
20435
19340
9825
15961
18838
10119
14567
19950
9428
15053
19319
20171
7873
17697
19265
9880
15917
19381
10235
14778
20520
13499
9952
19548
10082
15868
19203
19812
10646
15805
20728
8219
15293
21594
19121
9762
14999
20548
19809
10862
14932
19375
9776
15244
19179
9403
14712
19166
7336
19562
19768
19366
9847
15677
19779
19685
7344
19138
18840
20284
10307
16370
21186
19278
19822
7369
19020
20027
19964
10664
15393
20278
19450
10905
14007
20334
9808
14291
19112
10167
14665
20109
10512
14797
19055
7849
17190
19166
9721
16474
21108
19484
9895
14548
18772
30492
12561
19516
20208
11071
14994
20143
9559
14944
19789
19884
21774
9582
14948
19573
10570
15493
20343
19866
20302
10959
16558
19913
19517
19811
9681
17966
19327
19867
7893
18067
19620
19502
10665
14982
20068
9869
15097
18842
10092
15860
20084
9552
13881
19029
10765
14765
19648
9446
14962
19798
9803
14923
19692
20261
7765
18580
19495
9899
14785
20675
20148
20122
7914
19385
21523
20880
24488
17979
20102
19630
10829
14876
22511
19858
20504
19258
7873
19295
19521
9770
13920
18737
7979
18241
19036
10169
15707
107610
15365
21368
20949
19087
20312
10440
16150
20122
19215
10713
15752
18889
9697
14843
19042
10691
14623
19189
9945
15750
20550
19847
10641
13827
19785
9879
15220
19668
8005
121538
16643
19041
10874
16056
20124
19766
9661
14774
19356
20544
11081
16208
19466
19006
7974
18260
19702
9617
14814
19262
9825
13800
9617
14743
19787
20080
10465
15442
7343
16212
20953
19666
19530
7981
18267
20256
20329
10068
14988
19472
20200
10348
15891
19800
20328
7434
18553
19105
20276
10553
16288
20836
19687
20381
9721
21193
15412
20022
10239
15597
20589
19045
20071
11095
16039
20634
19299
9663
16048
18982
10435
15181
19692
19452
7334
19468
21164
21333
19748
9435
14228
20006
9641
15107
20163
19367
10696
15309
20364
20348
10454
15292
18968
9657
15001
19138
10874
14120
20329
9861
15265
20446
23386
19651
19565
9728
15582
20399
19332
11085
15606
22632
19055
18995
10247
15773
8294
19562
19530
9902
14763
24415
18112
19947
10743
14425
20063
20200
7920
18246
20531
15403
19113
10852
14537
20152
19465
11350
24847
11484
20993
19573
10257
14839
19774
9851
15593
21336
20958
19463
19782
10857
16189
21036
19866
19849
10099
16184
19300
20040
10767
15753
20932
20430
19831
9841
16506
20020
19672
20532
10250
15682
19580
20147
7699
18278
20548
20059
10311
14556
19339
10003
15753
19659
9717
14482
19221
10425
14897
19592
19862
8042
18394
10074
19036
20426
11663
14049
19464
20117
8305
18387
18922
7478
18198
20384
18866
10671
15033
19479
20614
25022
19488
19688
7166
19487
20515
19025
10802
15129
19326
9849
15091
19180
10041
15391
20139
19176
9974
15649
19327
10687
15625
20357
21058
20731
20129
20092
10833
20471
16141
19670
9556
17184
19477
19687
20066
7620
19221
19251
10300
17288
18698
20244
20100
10584
87766
9553
20180
19052
10409
15103
19745
9706
16020
20294
7311
16207
21589
20202
20102
9802
15659
20446
19138
20424
11955
15602
20665
20092
19031
10891
15097
20174
9868
8348
112688
17388
20589
19278
10037
15574
19287
9971
14831
19031
10467
14370
19249
9807
15348
20514
19747
7511
18853
20008
9528
14216
19230
20131
10290
15568
22511
20686
20318
20037
9921
14728
18935
9210
17051
20510
19810
20353
8516
18694
19743
20417
20112
10265
15800
20053
20297
10502
14935
19282
10225
15528
19750
19662
10739
14789
19950
20216
10742
15731
20202
19363
10853
14935
19097
20333
11670
15170
19064
9970
15420
20671
26713
15923
19450
9512
16753
21327
21270
20843
19030
19624
11067
15884
18881
10241
15616
19061
10032
14680
19206
10402
14923
19138
11041
14330
20444
19341
10693
15097
20108
11618
11816
19456
9830
15353
19600
19125
9902
15579
20086
20277
10425
16132
19753
18747
10969
20106
19693
19990
7861
17833
18864
10167
15641
19432
9916
15409
19208
20324
7313
19304
20567
19442
9698
15939
10953
12783
20271
20024
20302
9708
15695
18963
10256
15263
19621
20289
10873
15775
20416
20381
20126
20581
8483
18779
20307
20432
19081
7753
19061
18767
10213
14414
19265
11235
14529
20345
20291
20108
11066
15902
21560
19436
19604
7393
18058
19226
10864
14382
20115
20051
8376
17938
19805
19671
10943
14701
20295
19964
10025
16422
30123
12154
20263
9538
15875
20323
19216
10212
14911
19728
19521
11156
15747
19489
19312
7530
18523
20466
19317
7649
19158
19206
9485
14502
19543
10315
15974
20717
19401
9886
13581
9396
16228
20010
19065
10463
15780
19455
9763
13665
20299
19863
10587
15286
19293
10405
15252
19955
19425
7420
19553
19876
20115
19744
11231
15799
20112
19830
9921
15789
20497
19448
10646
14828
20054
99030
8258
18346
19169
10453
16046
20180
19148
7555
17162
19145
7302
19830
20143
19782
9762
14384
20095
9479
15751
19487
19894
9825
15143
19517
9804
15767
18782
9833
7528
122872
8800
19733
20087
10259
15044
20241
19690
10788
15706
20830
20825
20464
19679
7412
19148
20387
19753
20042
8405
17663
19448
9708
15115
20391
19663
7116
20150
19316
9658
13937
19925
9886
21392
16127
20900
20845
19281
20034
8886
17744
19731
19747
10494
16072
19738
9622
14410
19439
9621
15212
19505
9922
14667
19516
10767
15138
19960
9393
13898
19202
10256
15292
20018
9380
14290
19439
9856
16490
20646
20167
20062
10282
15443
19452
20513
9981
16530
20875
9845
12727
19007
9984
15450
19428
9462
14963
19480
10794
14861
20029
19928
10400
15400
19358
19992
7138
19261
19552
20297
10043
15322
19964
9598
14831
19098
9965
16001
19488
20287
13932
11798
18923
9818
15826
19298
34005
12046
20723
19783
10014
14923
19307
20323
11208
15876
19664
19611
10523
15525
20686
18923
10193
15222
19850
9659
14453
20060
9453
16298
19740
19679
10443
22595
15414
21030
19935
19160
10630
14835
19617
9518
16312
20735
20303
19785
10208
16461
20123
20153
20274
7579
17787
20142
9785
15800
21202
20321
19043
10312
15844
20266
19317
10691
15551
21137
19682
9804
15107
19905
19278
11449
15310
23912
18362
19144
20217
7813
17853
23196
20719
20265
19724
10801
14420
20295
20485
10384
15251
19733
19810
7413
19030
20876
20609
19480
9623
16036
8135
14625
20176
20123
10231
14730
19204
7286
18805
19685
19750
10873
14743
19480
10710
13903
19598
20024
11041
16538
20504
18916
10394
15235
18854
9848
16056
8621
14711
20971
19679
9456
14417
19728
20507
7329
18458
20165
19260
10882
15350
20123
19896
9933
15822
20411
19682
10998
14820
95678
8849
19892
19541
20086
8000
18676
20285
19338
10907
14110
19690
10751
15072
20932
19904
20384
10561
16387
19819
20218
9538
14815
19303
10303
14203
19355
10422
14507
7934
119051
18481
21273
23508
18623
20451
19562
7935
18697
19225
20355
9922
15713
19272
20070
8299
18116
19482
20432
10306
16574
19907
7932
15379
19726
20328
10488
15649
21538
19551
19802
10768
15501
19589
19951
10963
15716
21309
20943
19326
9934
14360
19572
21694
20617
20069
19664
7948
18332
22916
20191
20217
19851
10751
14476
19647
9859
15371
19723
20333
7532
7043
12711
19023
15646
10030
19200
9825
15999
20528
19137
13605
12605
20640
19892
9873
15261
20534
20692
19014
10299
14723
20247
10046
15563
19666
19353
11176
15041
19501
10082
14808
19872
9430
15534
19955
19158
7568
17134
9567
14142
19307
10388
14977
19512
7641
16974
20538
20416
19769
8901
18266
19899
19722
10814
15042
19240
8201
18568
19251
9844
14913
19091
11334
14287
20420
19310
7231
18528
19012
9623
15753
20311
19912
10061
15087
19583
10100
14730
20025
10030
15415
20682
19158
9846
16189
20847
20132
19821
10143
16204
20632
20480
19102
8042
18415
20382
19892
9809
14702
19538
10539
14455
19639
10564
15505
20995
19285
19821
34863
11147
19257
9784
16210
19315
9225
15884
19772
19626
10437
14641
20323
9772
14530
20101
9903
14966
19232
20156
7997
19119
20337
20297
19606
10685
16054
19984
19514
10210
15404
20345
19397
7843
17867
19296
9989
15878
19107
10340
14100
19713
10266
14951
20626
21062
20095
9574
15066
20107
19913
10385
15533
18715
9164
17536
20590
19371
10727
14119
20369
19948
10043
15392
19944
20070
11078
14540
19920
10328
14559
19417
20091
7579
18994
20502
18695
10556
15318
19022
10904
14108
19360
24180
19374
10501
14407
20532
100500
9516
15051
20275
20476
10245
15432
20030
20169
23600
19167
20620
8110
18356
19852
20443
10487
14751
20564
19123
10359
14825
20123
9625
15636
19548
20107
10702
15469
8516
130876
10275
16482
19457
20302
8401
17554
21396
20757
19781
9864
15191
20045
19829
10835
14784
19076
10633
14519
19762
19882
8014
16992
20113
9615
15846
20267
9389
14888
8002
15474
19483
20294
20276
10669
16043
19673
13897
10605
20430
18980
10430
15611
19274
10187
15386
18981
20234
11059
15661
22365
20503
19250
10062
15379
19859
22987
20848
19096
9249
15560
18736
10022
15188
19942
9947
14614
19226
10246
15573
19076
9918
14921
20206
19792
10087
15943
20974
19954
9323
15773
19205
9878
15025
19691
19764
8023
18280
19100
9430
16754
19742
19820
9985
15102
19108
10325
15495
18878
9752
14710
19156
10006
15866
20001
19795
7435
18533
19336
20373
10974
15883
8221
13523
18927
10811
14320
305232
17155
18976
23328
19601
11122
14743
19877
9461
14964
19050
9785
14850
20070
20625
7520
17630
19050
7810
18497
19941
9518
16073
20605
20186
31290
12168
19631
10269
14225
20459
19663
10182
15405
18939
11372
14035
19619
9723
15456
19121
20263
11198
13944
9790
15158
19396
9603
15369
8703
13205
19112
9345
16190
20443
19522
9958
15454
19881
22497
20035
9417
15814
20295
19952
10151
15185
20423
9645
13223
19876
7377
18615
19023
19770
10830
15158
19940
9938
14438
19803
10262
14575
20316
19487
7582
19957
19664
20019
19140
7171
20907
20324
19925
19799
7364
19482
21571
20471
20103
9697
14783
19000
10443
14532
20220
9563
14397
20472
19551
7273
18446
18933
10609
14835
21507
18917
7317
17966
19876
9648
15205
20196
9660
14107
19405
9643
15547
20099
19589
10089
15466
8084
16004
20879
19757
9925
14224
20670
9347
130301
8071
20454
20392
19921
19767
10487
14992
18938
10068
15719
27484
12075
19974
20572
10110
15528
19962
9446
15164
19281
19573
11413
14918
19222
9698
16106
19952
19910
8717
133987
9800
15876
19118
9425
15589
19281
10050
15825
20775
18933
9422
15220
19120
10374
14943
20287
20290
10704
14972
19820
9500
14571
19692
9591
15788
19109
19859
8260
17550
19739
10505
14100
19346
10670
15494
19469
19984
7472
18536
19298
10169
14117
19299
9871
16557
20363
19103
20600
10715
16856
20065
19022
9973
16483
20499
18908
10434
14944
19061
9706
14942
19143
9123
16060
19038
10608
15028
18897
9848
15951
19916
19256
7789
19035
18943
9458
16204
20508
19205
9908
16148
19683
9550
13308
9687
14379
20437
18968
11443
15052
19049
10523
14504
22005
20489
20191
19904
10702
15693
32614
10170
18802
10059
15796
20497
19490
9988
16439
21059
21413
20522
19772
19871
7289
19382
19282
311710
12847
20230
19395
7695
18663
20312
20002
10665
15623
20632
19851
9737
13784
19305
10014
16504
19046
10044
14906
19861
20046
7335
19303
20492
19769
9958
15537
20250
10912
13737
19901
19964
9426
15793
20322
19409
20024
8295
19066
20288
20152
9405
15988
19946
19700
9685
15987
19899
19178
8064
18866
20449
18887
10295
15945
23610
19127
20386
18934
10871
16309
19973
20470
9438
15168
20634
9627
13802
20426
19457
10767
15394
19198
9937
14898
20365
19251
10136
15901
19311
9982
14641
19186
10522
14571
18866
7565
19046
20776
19245
9711
14700
19589
10367
14840
19446
9841
15828
20509
19969
10046
14742
20516
20120
23459
20192
9588
14562
19497
10303
14358
24779
18805
20070
9306
14723
20307
9466
15255
20377
19300
7397
18659
20828
19669
10009
15648
20575
19301
10157
13747
18935
7831
18481
20725
19391
10366
15482
20726
103943
19350
19205
10024
16248
20709
20350
19295
10604
15949
19764
19504
10647
14677
20194
9728
14222
19512
10387
15104
20017
19866
10635
15803
19587
19285
10968
16314
19442
7343
122369
15706
18891
10864
14778
19500
7220
17138
19974
19948
8276
17313
19952
9846
14758
20812
18877
8162
19089
21734
19841
20545
19422
7322
19200
20025
19320
21748
10900
14521
20251
19984
10815
22080
14239
20225
19149
11366
14699
19379
10734
15580
19046
19547
10757
14367
20133
10420
15995
19711
9375
15054
20225
19459
10635
14902
19388
9868
14781
20526
19725
10572
14595
19072
7408
18044
19281
9515
16235
19788
20030
10623
14979
19728
19666
11246
14599
19442
10629
15865
20538
20041
9425
14962
19512
9548
15092
20334
19238
7501
19420
21122
19933
19891
10016
14865
19430
10248
15458
19185
10271
14503
19066
9748
15381
19683
9970
14432
19630
20196
7587
18760
18886
10392
15030
19713
33764
19836
10079
15800
20566
19245
10756
13785
19561
10726
15345
19429
20071
10101
15765
20308
19439
7236
19147
19267
9892
20895
15343
20578
20448
20138
11010
15026
19492
9617
14042
20474
9862
15174
19994
9515
16079
19810
20455
19728
10626
15441
19268
10419
14339
19911
20306
10221
15171
19446
9678
15548
20415
9457
15613
21397
21539
20671
19867
19860
9974
16606
20342
19803
20535
10564
14687
19117
7394
18864
20211
19867
10102
7299
9610
20323
19220
10221
16226
19595
19486
10400
15331
23057
21044
20736
18815
9718
16189
19866
19989
20443
19928
10282
14641
20080
20211
11384
15155
20302
18764
10868
15317
20127
20089
7615
18056
19220
10020
14987
19138
9782
15991
19912
19283
7983
18087
19691
20010
10870
15805
20276
19162
20807
7938
17968
18797
7512
18649
7046
15135
19197
10184
15176
19943
20314
10628
15950
20502
19859
9459
112016
7437
19481
20468
18904
10453
15386
19865
19386
7654
18649
20081
9502
14841
20742
19747
20307
7971
20694
18959
18939
10226
15414
20113
25815
18882
21630
20826
19704
7974
118594
18895
20292
20136
7352
19436
19481
19520
11114
14648
20032
9567
15117
20912
19179
7388
18657
21096
19353
20397
10903
14825
7092
16788
20841
19336
19829
10424
15729
19266
9567
15986
20355
19507
9499
15698
20354
20046
10761
15044
18825
10664
14624
19315
20220
8073
17812
19046
11122
8426
7981
19283
10132
14337
18964
10802
14598
19651
9892
19936
16786
19379
9868
14719
19631
9680
14879
20041
19755
10766
15383
20066
19713
9923
15830
19234
10162
14927
19611
9352
18640
18883
19488
20555
10046
15018
19415
9938
14489
21551
19118
10210
16610
20104
19408
9619
17681
19441
20145
9627
14155
20264
9327
14499
19400
10735
14816
19579
9624
16084
19891
19404
9481
15745
19300
9517
15604
13146
20388
19192
7379
18816
21294
20092
19215
7748
18273
19256
10116
15369
20454
18899
11528
14785
19142
10331
14684
18943
10348
15303
19178
20688
10512
16264
20829
20186
19406
10106
15194
20352
19805
11187
14676
19810
10219
13663
18770
8000
18744
19223
20172
10582
14989
19261
10667
14863
20369
20226
9905
16348
19938
19066
10028
17101
21022
19924
19372
7333
18592
19649
20142
11132
14252
19670
9682
15512
19529
9476
15582
19491
19849
10309
16252
20247
20258
9717
14781
19464
10165
13675
20025
9753
16460
19789
18755
10768
15794
19755
19823
7958
18297
20494
9918
13492
19074
10070
14707
20134
20105
7518
19584
19933
20043
10151
15182
19124
9451
15025
19466
9525
15666
20812
19142
7500
17933
8758
13527
19640
10304
16307
21133
20207
19106
11030
14802
19544
20420
10874
15148
20313
19929
9822
16109
19890
19745
10093
15002
121979
19435
9861
14260
14232
9478
19084
9949
15666
21259
20082
19947
10098
15293
20063
20504
9343
16404
20855
19646
19974
7479
19589
19541
19424
8063
18117
19387
20215
8638
141550
16794
20335
19546
10806
15926
19557
19404
7571
18880
19704
19902
19393
7831
19446
19898
18879
10287
15546
20032
9799
14988
20087
20262
10709
13969
19159
7631
18333
8543
14592
19188
19400
10974
15245
19071
7391
17818
18696
10786
14443
20615
19825
7319
19317
19568
19422
11000
15805
20689
19609
20189
10964
16053
21199
20369
26549
17025
19866
18893
11258
15985
19691
9479
13896
19935
9985
15669
18880
10706
14178
19269
10800
14246
19928
20365
7605
18314
19691
19584
10341
15958
20164
9512
15870
20111
20061
19281
10994
15846
19851
20002
10533
16164
20766
19266
9475
15996
18877
10217
14369
18888
10215
14870
19000
7989
17897
20378
20293
10523
14183
20273
32295
13347
20109
19512
20674
11101
19995
19029
22961
19570
10724
14503
19720
9462
15810
19054
10646
14769
18854
20215
7131
19505
20383
19989
10167
16316
20373
20271
9658
14180
20210
19067
10925
13983
20364
19246
10601
14970
19496
20507
10873
14852
19895
19757
10150
16573
19309
19231
7374
18696
15149
8546
18893
10143
15183
19230
12010
13030
19472
20033
10684
15049
20050
10071
14198
19420
9761
16283
19674
19832
10823
15010
20381
19208
10285
15762
19648
9564
15102
20333
19352
7380
19239
20351
18758
11220
15381
19725
19692
8633
17584
20091
11118
13592
19577
19041
10895
15306
18895
10774
15042
19607
20406
10291
14760
20789
20065
10445
15768
19907
19489
9738
15977
19427
9580
14938
19099
10123
15520
19576
9379
14740
20140
20152
10590
15949
19466
20256
7249
17846
20101
10083
14177
19512
20025
11073
15341
7193
16210
19694
19431
11118
15380
19980
20022
127531
7962
11723
20253
19397
7871
17391
20242
19951
10934
16216
7331
14745
20016
19254
7957
18502
20450
9596
14415
20479
19241
9997
15215
19723
9602
15395
19271
10070
8579
131323
18885
19717
9546
14622
19208
10394
15344
20099
20255
19701
10671
15324
20153
20369
7374
18667
19272
19765
7691
18375
20288
20411
9589
16754
21732
19923
20287
19444
7034
19719
19591
9498
15903
20296
20396
7179
16438
19351
10842
13633
19200
10565
16552
19952
19343
10767
14876
19406
19910
7975
18592
19996
19300
7389
18342
24764
24464
15739
18876
10555
13881
20145
22160
9721
14399
19449
9794
14714
19336
7519
17414
19107
11246
14986
20062
18870
7881
18919
20476
18904
11206
15290
19402
9569
14966
20015
9841
14943
18929
19687
7447
18789
20226
19796
7869
17952
19332
19926
11071
17523
20290
20645
22448
20790
19673
19841
10305
15805
10636
12100
18991
19933
10627
16589
20010
19789
19936
19910
10886
15164
19171
9589
15230
19811
19731
11411
17502
18461
18928
7494
17894
20302
20386
9769
15766
9857
12654
20660
19858
20348
8162
18477
19645
9514
15853
8617
14543
20476
19586
9971
15368
19212
19490
7290
19099
20421
19169
10482
17010
19895
20779
19499
8071
17679
18943
10177
18019
18164
18822
10030
16845
20835
24230
17835
20665
12231
11905
19460
9954
15769
19615
19625
10040
15981
19537
19822
7851
17221
19224
7993
19508
19927
19983
20286
11210
13611
20498
19902
10969
16533
20972
19669
9459
15742
19718
19497
20181
8613
18989
21032
19710
9602
17381
19593
20512
20325
19482
9974
21271
15853
19403
9379
15052
19062
10384
16066
20089
19751
7177
17845
18722
10990
14958
19390
9810
15410
19531
20026
10067
17137
20030
19441
9831
15219
168669
14783
30764
11023
19015
11046
14167
19043
9803
16052
19299
199611
10874
16196
18734
10841
13934
20542
9425
15769
7200
15748
21752
20173
19928
9970
14480
19281
10044
16239
19661
20266
10082
14389
19066
10126
15369
18897
10104
15928
8492
204635
11448
21328
19289
20276
10370
14758
18966
10213
15742
19678
10108
13939
19285
10411
15630
19825
19769
10087
16824
21312
20603
18979
10461
17551
18458
20356
18658
8235
18456
20227
19137
8016
18869
23758
18694
20395
20270
10076
14807
19918
10018
15948
19562
19676
10607
15236
20076
19828
20269
7115
19982
19048
10398
14664
20826
19753
20082
7661
18449
19276
10047
16025
20221
19625
9588
15889
19281
20394
10169
16165
19389
20235
9698
16392
19491
9843
15021
19169
9900
15184
19487
20664
9615
13400
19861
20341
10024
15005
19515
20388
11029
15337
19407
20065
11120
14350
18918
11227
14230
18751
11753
15355
20156
18881
10756
15095
29914
13897
20975
20183
19564
9969
15763
20226
19041
11081
16204
20201
20181
19520
11024
14882
19663
9901
15256
19358
9471
14695
19065
7671
17648
19361
9537
16688
19336
9906
14719
18941
9502
15421
19871
9474
15823
20324
19420
9475
15703
19553
10330
14123
18813
9923
16097
19312
10217
13689
19542
10097
15796
19369
9741
14748
19046
10184
15261
20082
19688
10066
16309
20328
20523
19810
11153
15207
19641
9970
15246
19825
9454
14738
18903
9666
16225
19622
19952
10439
15020
19441
10079
14732
20180
10133
14022
18980
10102
15464
20413
19517
10592
25493
13158
20087
20431
19923
9808
15224
20528
20160
10286
15575
19912
21088
19490
7417
18451
19495
20337
10607
15683
19015
20291
8502
17873
19056
19893
11054
16437
20160
19949
9347
15817
19430
20149
11105
14849
20435
19583
10665
13191
19869
11148
15496
19635
9632
14830
7372
16222
20896
18992
9800
15218
18958
10593
13948
19688
10017
15049
102154
19051
20202
11249
14678
20192
20109
7471
17908
19872
9638
15961
20134
20261
19292
7770
18902
20326
19227
10660
15710
20800
20253
9771
7441
9059
19440
9659
14530
8258
136845
20737
20858
31974
10615
19423
9600
14721
19312
10420
14646
20007
20184
8154
17591
18823
11032
14722
19489
20183
7774
18923
19690
20101
9904
16388
21051
20728
20523
19876
9961
15333
20068
19721
8102
18764
20172
20147
10251
14733
18941
9740
15223
19215
10682
14440
19289
9746
16333
19292
20153
10485
14466
20261
20495
10882
14472
18861
7508
8570
11030
19896
20140
10405
15814
18985
9923
15541
18856
9449
15342
19328
10633
14898
19625
9790
14602
18916
10242
15181
18997
10651
14766
19648
9645
15194
10631
12828
21250
18907
20160
11255
15517
20943
19299
9509
16476
21258
19086
9748
15237
19870
19349
7971
17998
19375
9707
14978
19819
19565
11046
15802
20399
19085
10615
15146
20401
11835
16853
19841
19855
10097
14980
24157
17812
20104
9594
15497
18882
10633
15114
20261
19309
10685
14979
19441
9784
16088
20805
18811
10146
15985
20579
19300
10434
15694
19944
19638
20400
7470
20334
19941
19541
9786
15911
20766
19707
19473
7970
17902
19419
9656
14568
19659
9997
16644
19220
20133
20522
32943
13343
21175
20418
9860
14197
19275
10161
15566
19213
9992
15141
19261
20292
10876
14610
20749
20194
10484
13841
19998
9988
15591
21457
20087
9382
14518
24758
18522
20950
19029
9769
16743
20282
19025
20266
10470
16190
19928
19141
7282
19309
19701
9838
13926
19698
7798
17658
19477
20095
10625
15134
9696
12553
20025
7192
17797
19139
10212
16092
20007
18959
7604
18788
19511
9323
15822
19651
20249
9761
15043
20243
20061
8987
17322
21343
19559
19043
10582
15893
19358
20541
7400
18057
19914
19822
7994
17647
98381
7474
19040
18979
26610
19674
20426
20707
19483
10492
15450
20487
18791
7241
18815
19150
10013
14827
19702
20420
11157
15462
19728
19573
7777
18569
19305
20288
7538
8016
103779
9119
20514
19454
11347
15385
19958
19251
10247
15758
23560
18763
19026
9921
16148
19703
19856
11112
14621
19197
9579
11913
19724
20292
11194
15854
20133
19087
10847
14179
19470
10176
15371
19877
19692
10641
15295
19638
9582
15020
19159
9822
15795
19497
9948
15773
19697
19989
10111
15617
20615
20204
19461
10676
16027
21092
7980
14774
19928
9358
15663
19113
20174
10409
15758
20679
24564
19017
18972
10444
14367
18861
10989
14646
20292
19994
10514
15692
20312
20292
9863
16054
19650
19525
7497
18328
19303
10230
15027
20579
19589
9720
14336
20043
20522
7516
18395
19885
9892
14801
19441
9491
15747
19546
9788
13854
19158
10192
15723
19892
20210
9970
15453
19017
10328
15392
18984
18493
21149
20928
19948
19347
7248
18172
20088
10647
14964
20407
20455
20318
9652
15755
20130
9553
14647
19140
9641
15969
20091
9866
13356
20263
9658
15087
19580
9409
15468
19894
9669
14433
19833
20392
11008
18949
10703
14282
19480
10096
14800
20584
18736
9943
16033
19180
19461
10610
8502
9020
19119
9404
16224
21446
20559
21240
19763
10143
25751
11612
20251
20097
9605
14642
19470
9657
16030
19460
9433
14598
20460
20011
9684
15645
19782
12912
12346
20225
19830
9583
15953
19703
19484
10571
15460
20329
19740
7450
18259
19766
20345
8468
16970
19532
20568
7974
18405
7641
20451
10174
14864
20439
19332
10729
15483
19861
20249
10487
15077
20436
19327
8052
18400
19379
20188
9888
16655
20714
20345
19975
10914
13783
9459
14763
20930
21723
20835
20717
19854
7522
17822
21449
19524
20072
7967
19089
19992
19079
11020
103010
24624
10287
19789
19785
7905
17836
19302
10641
15998
19882
20370
9946
14607
19860
8654
16015
20506
19071
7239
19251
21717
19974
19078
11005
15278
21389
20388
19810
7481
127887
10166
19735
20605
10573
15307
19394
20411
8353
18035
20025
19639
7814
19454
20515
19803
19984
7727
17856
19195
9818
15385
20458
20054
10561
15350
9800
12137
19687
19726
11338
15763
18910
10644
14492
19394
22553
19830
7230
17676
20066
9839
14969
19010
9600
16829
20382
19835
19916
10873
15379
19268
10218
14278
19150
10102
14882
19451
9415
16388
19648
19321
8307
19965
19502
19007
9461
16819
19468
9481
14539
19784
9697
15000
19343
9915
15572
20915
20200
20404
20192
7808
18641
19647
9518
15794
21072
19232
9512
14656
20605
9775
14338
19481
9418
15794
20328
19338
10682
15703
19015
9882
15098
19779
9731
14669
20086
19540
7752
19536
21116
20446
19056
10892
15402
21523
21246
11792
19974
19360
11256
15108
20417
19009
10359
14931
19242
10318
14999
19278
10035
15229
20248
20273
9517
15348
20112
19982
7943
7847
11640
19123
10024
16897
19427
19184
10968
14333
19604
10173
14465
19927
9416
15000
19478
9609
15575
20550
20086
10649
14336
19117
9495
15205
20335
20201
10753
14964
20089
9419
15675
19863
19186
8201
18193
20015
19043
7567
19076
20108
19071
10830
16473
23777
19312
20302
19485
9984
15238
20935
20269
20025
7241
17973
19461
10224
15293
20251
20143
20489
10473
16124
19291
9278
16208
20584
20447
20355
20315
7252
19044
19569
19461
7008
19667
20085
19585
7600
17816
19326
10584
15490
18894
20195
7833
18624
19910
19884
7372
7581
12573
20510
18997
7502
18406
19185
9743
14765
20274
19819
7563
18949
20344
19914
10523
14720
18740
19460
20276
10707
21542
15433
20170
10119
14578
21303
19287
122486
9458
15947
20606
20425
19564
9927
15135
20422
20515
20425
7252
18674
19241
20143
10888
16485
21410
21471
20805
19710
19788
7393
18812
20146
20068
10087
8568
8244
8553
119644
15625
23005
19907
20007
9809
15585
20073
20123
19888
11594
13574
20343
10122
15312
20345
19815
10602
14170
19243
10539
15946
20048
19062
10037
15677
20458
23578
20322
18742
20511
10951
14805
24207
19589
19984
19360
7468
18487
19622
10328
14562
18938
9583
15774
19158
10117
14495
13090
11134
21448
20852
19632
9438
14528
19723
9661
16822
19754
19889
9564
15169
19665
9644
14757
20091
10004
15570
20524
20343
20019
10564
14677
18900
10260
15653
19301
9957
14526
19513
14337
10251
20001
9622
15328
20342
18997
7466
19693
8358
14322
20178
18937
11179
15375
19512
9659
15097
20161
19902
10392
14835
19359
9523
15550
20467
19830
10092
15994
20985
23617
18617
20264
9630
15616
20709
26398
19723
9630
15653
19755
20305
11014
13832
20041
10038
14546
19293
10503
15194
19889
19584
8060
18493
19825
19080
7209
18257
19092
10998
15224
20343
20453
8550
16626
19164
9832
14492
19594
10051
14979
19572
9661
26812
10872
21358
20297
20067
20132
9979
15387
19827
10069
16005
20887
19471
19943
10227
16191
19235
20132
11074
14338
18846
10321
15523
19880
9880
14114
19559
20420
7816
18898
19173
10026
14916
18939
10462
13905
19671
10568
14096
18852
7983
18467
20609
19139
11209
15292
19025
9646
14454
19260
7774
18775
19519
19880
7353
18448
19902
9437
14420
19109
10414
15302
19982
9720
16321
19989
20420
19428
10955
16704
19183
19556
9661
14763
19082
11089
14404
20005
20315
10111
16864
19697
19550
10087
14682
20322
9586
14406
20341
9971
15249
19723
20282
9385
15425
19161
10441
14676
19789
20251
11153
15989
21166
19289
118824
8460
17776
20169
9891
14621
20123
10330
14391
19386
10369
14992
18837
9801
16095
23170
19513
19743
19433
10011
15116
20025
10344
14767
19480
10393
14165
18916
7534
8097
132599
20646
19461
19686
7294
19553
20497
19498
9948
16030
20332
20087
20697
7707
17514
20110
9961
14853
18933
9707
15455
19159
10456
15831
21203
20504
19971
20010
10053
15712
20677
18979
7557
18188
19064
9847
15830
19306
10019
14925
8314
15189
19769
19063
10364
15604
18762
11273
15183
20887
20276
9625
14398
19080
10237
14511
20981
19084
10985
16453
20464
20147
19225
7991
18722
19189
20499
9907
15418
20500
20041
10586
15581
20794
19124
19887
8666
18489
21105
19891
19498
10487
15141
19905
9895
15107
19893
19741
10297
15600
20301
19806
10815
15140
19542
19983
8281
17902
19314
9570
16155
19426
9615
15302
21269
19478
20168
10242
14984
18920
10671
14769
20155
19299
9246
17301
19120
307490
17586
20472
19430
10828
15604
7223
15973
20905
19527
9887
14345
19689
10037
14582
20372
19662
10506
14934
19512
10704
13705
9589
14832
19287
9830
15024
19871
20408
19863
7928
18020
20203
34163
11327
19808
19798
10328
16173
20339
18943
10223
15082
20647
20121
9824
15439
20315
9711
14775
19129
20326
7374
18240
19528
9941
15889
21665
20707
19446
9563
15847
20069
19833
10449
14273
20644
20170
20430
19968
9405
14743
19354
10124
15566
19111
19927
7953
18475
8636
14361
19291
9781
14365
18923
7313
18571
18918
9802
8317
9382
20062
20284
9395
16219
21806
20685
19169
10086
15138
19167
20504
10379
15109
20224
20220
9709
16004
20140
20353
11028
14517
19738
9997
14485
19299
25533
19200
20310
9377
15415
20727
19666
20306
10046
16317
19601
20278
9877
15744
19841
19502
7930
18728
20465
19679
10522
14117
19762
10357
116225
19359
20225
19683
7338
19794
19965
20144
20232
10829
15156
19364
9574
15696
19125
9543
16505
20793
19584
20249
10749
15002
19081
10682
15497
22994
19266
20000
9558
7378
128935
19130
9564
15470
23245
19859
19861
20305
10480
15424
20494
19326
10384
13957
19984
10384
14932
19800
9906
15143
19692
9693
14015
19143
10252
15784
20634
19262
10170
15624
19676
19663
10953
15000
19869
20495
9830
15213
19367
10730
15522
20242
18870
7412
18015
19050
8457
17169
19072
9848
14256
20102
9777
15953
19276
9661
15025
20101
20505
10254
16088
21554
21373
19405
19538
7529
7413
12133
19684
20798
10088
15246
19585
9375
15553
18979
10554
14288
19501
9753
15398
19969
19437
11095
15624
19389
19679
7835
19000
20610
19482
9649
16093
10977
11652
20169
19649
10078
16238
19267
19963
10137
15826
21129
19773
9881
15522
19484
19783
7702
18558
19087
10630
15537
19667
19728
10148
305116
10920
19521
7169
17410
20738
19394
10292
16912
19581
19731
9650
15352
24048
18984
19688
10472
13697
18880
7987
18264
20326
9405
15223
19878
20144
10191
14312
19717
10728
15106
19826
19504
10589
15189
19062
9990
15400
20600
19483
11396
14621
20887
19346
10531
14794
19087
10387
14399
19271
9810
15678
18948
10329
14280
20489
19670
8099
18579
19308
19728
7942
18056
19528
9598
14943
19497
10110
16232
20451
20375
20808
10019
14932
20453
19083
11115
15894
19931
20261
9337
15462
19343
20646
19900
7922
7580
13082
21312
19405
10010
15118
19985
20046
10516
15175
20508
20382
9709
14755
19825
9524
15941
21113
20271
19367
11172
13625
19823
9701
15717
19763
20247
10796
15002
20281
19275
10365
16289
19904
20153
10446
15388
18861
9630
15803
19097
9610
15978
20753
20451
19902
10647
15057
21201
19794
9823
13884
19471
10111
126474
10351
19405
9877
14247
19440
10885
14766
19841
20441
9901
15965
19283
20090
7548
18615
20051
19141
11135
15773
20092
19921
10589
14430
19449
10246
14027
19241
7622
8178
129800
20645
10133
15725
19804
20690
9541
16021
19358
18981
11329
13784
19971
7778
18287
19910
19882
35389
10784
19338
9775
15613
21251
19488
19965
10776
16472
20343
20296
19018
11111
14661
19297
9808
15375
19018
10333
15422
20360
19860
9407
15586
20131
19667
7302
20112
20579
19225
20333
10639
16091
21397
21894
20369
19230
10472
14613
18861
9691
15449
19565
20474
7559
7275
13698
19695
19208
10317
14969
19181
7269
18341
19371
32334
12310
20514
20107
10118
15900
20334
19743
9610
16871
20667
19892
19774
10563
15058
19183
10576
14462
18794
10098
16456
21728
20297
20353
19668
10230
15582
19504
20310
10261
15712
19067
10682
13708
18874
7540
18873
19921
19765
10427
17043
19407
19932
10068
20528
20791
20066
19690
12197
12605
21756
19779
19825
10116
14701
20163
19934
9846
16733
21390
19581
20221
10845
13771
19779
9945
14776
19724
10115
14964
19610
19661
11071
7681
8715
20224
10144
15151
21389
19660
19435
10971
16437
20642
20137
19502
9906
15082
19583
10669
14155
11523
11916
20301
22700
19974
20109
10263
15528
20333
25323
18677
19971
19180
11068
14566
19709
9409
16442
20476
19219
10558
14128
19715
10427
14991
19167
20164
7999
18439
19624
9633
16271
19738
20456
20288
10802
15465
18951
19842
10965
15583
19271
20573
7353
18409
19384
20115
10971
15501
19638
19882
10264
15940
19238
9900
7197
8938
19309
10287
16051
20723
19043
7412
17048
20327
31964
12895
19700
20217
10894
14565
20225
9705
13746
14400
9673
19443
9585
15373
20434
18882
10702
15413
20128
19324
11353
15522
21008
20012
19484
10266
16400
25669
106287
11259
19170
20728
10261
15902
19084
11003
21519
14521
19169
9623
15425
19669
19346
11137
16361
20614
20191
9646
13901
18883
10307
15801
19297
20832
9729
15559
19415
8015
116583
20281
20556
10610
14202
20614
19543
8719
17074
20488
9886
14375
19138
20110
11172
15572
19208
20093
11008
15410
19067
9830
15287
21528
19083
10226
15502
20472
19098
11182
14762
19631
19487
34634
12141
20554
19013
9840
15425
18961
10356
15860
20574
18996
10972
13936
20506
9787
15265
19009
7734
18428
20676
19062
10576
14816
19398
9320
16119
21148
19559
9570
15769
20943
19423
9663
14179
20298
10261
14112
20234
9441
15587
19261
9500
14360
19437
10714
14482
19612
10221
15117
20577
20653
19320
10483
16571
19102
9948
14884
19630
20365
9701
16067
19619
19787
7313
19112
19860
9422
14606
19776
20589
10200
15979
19083
19911
10454
16010
19198
9562
16053
21258
19421
20100
10487
32909
13666
19414
20105
7755
18060
19845
9708
14915
19060
10074
15958
20425
18826
10615
15108
20066
20213
10743
15256
18882
9481
16205
20312
19443
9526
15781
9587
13379
19754
9380
15775
20373
20108
9786
14560
19843
7661
17065
20721
19912
20615
10808
16729
19264
20411
19862
10360
14925
20502
9889
14808
19827
10252
14371
19919
9522
14597
22947
21030
20845
20530
26201
16836
21307
20113
19927
8306
17962
19279
9612
15563
20034
19791
10997
15954
20132
19432
10318
13979
19260
7598
18010
7574
15719
20322
19160
7969
18421
19339
19831
10441
16953
20026
19039
10424
14167
20007
7459
17964
19790
9764
14450
18859
10359
15065
20944
19870
10205
14635
8148
15738
20494
19679
9803
15201
20048
19645
10235
15705
24212
19704
19570
20283
10408
14394
19444
10722
14143
19194
10745
15940
20362
20210
9852
13705
20189
9565
16202
20174
19439
119394
8480
18927
20007
18806
10668
15957
20360
19250
10712
15126
19960
9876
14976
20748
19359
9825
15857
18933
20307
7673
19133
19600
9461
15202
19497
9661
21156
16425
7292
135938
20406
20446
7486
16499
20042
18999
7582
18600
20366
20052
10487
15323
18830
10504
14901
19459
10046
14386
19442
10296
14778
20374
19660
10466
16198
20515
19824
19843
7969
18152
19611
9861
15207
19879
20509
10049
14158
20334
9364
26538
10797
21488
19758
19605
7780
17433
19290
10378
14793
18908
10705
14164
20471
10230
14236
19453
9622
15812
19598
20001
19477
10468
15994
21779
20092
19194
10682
14830
20608
19097
10708
15241
20302
19360
7994
17107
19266
7782
17328
19192
10705
16149
21110
20022
19396
8098
18086
20149
19223
10866
15773
19567
9420
14719
19536
10001
14420
19079
7933
18391
19110
9577
16102
20118
20045
19665
11443
14622
19884
9798
16070
21210
21148
19118
20592
9981
11255
16081
20191
20506
19681
7543
19938
20728
20929
19491
20292
9748
15498
18886
9567
16637
19006
12575
12115
19728
20007
10648
15831
19557
9486
15431
19592
10010
15517
20576
19030
9779
16326
21230
21389
20324
19098
9905
16094
20633
19087
7251
18399
20268
19882
9799
15586
19353
10078
15372
19189
19620
8915
17431
20220
10013
13770
20224
20325
10687
16180
19929
19664
9418
15292
18779
11148
15645
20092
20147
9627
15579
20413
19298
10009
16086
20710
19625
10266
15253
19779
19546
9958
15485
19172
10149
15105
18883
7358
23873
15758
18895
10587
16592
20339
20388
20395
19982
7159
18619
20172
10175
14492
19932
19561
10647
15915
20445
19931
10164
15006
19767
19467
8041
18328
18685
8194
18600
20466
18970
10210
14488
19748
9654
15220
18959
11228
14108
20083
19868
11006
15776
21055
19736
19643
8917
16787
20084
19846
8118
124688
15453
20244
19235
33530
12081
19114
20143
10804
15378
19980
10149
15717
20840
20521
19445
9910
15794
19726
19787
10224
16212
19923
9827
14441
19928
19544
11184
15253
7200
114260
19257
8092
17779
19688
19720
8142
18534
20444
19989
10143
14512
20211
9368
16171
19799
19543
10323
14938
19110
11072
14946
19469
19910
10614
15244
20354
9702
13968
20695
19288
10205
15450
20227
10254
13735
18974
9984
16733
20774
20158
9507
14248
19362
9888
15351
19004
10043
16268
20215
18866
10827
14427
20261
9921
15690
21552
19720
19447
7329
18415
20025
19241
10646
15222
20336
23584
21018
19143
9738
15178
19972
9567
13986
20099
20179
7682
19292
20329
20109
9409
15353
19107
10088
14968
19988
19762
7690
18277
20529
20324
9835
15716
19299
19785
8042
16758
19665
10945
15506
19928
19982
10258
14876
20051
9413
14974
18902
10019
15029
12070
11242
20210
19719
10148
15492
19222
19415
19396
19442
25692
20280
19476
19205
7149
20401
20341
19441
20257
10673
24874
12438
19039
7370
18129
20424
20502
19744
10707
17006
19786
19061
7313
18253
20367
20425
10043
15456
19268
9325
16317
20512
19339
20143
7914
17983
19538
20403
10801
16208
23338
19400
20051
20268
9641
14807
20018
20305
10298
14298
20573
20116
10209
16117
18980
20231
10925
15971
19615
19747
10455
16455
20071
19948
9959
14964
19687
9664
14645
20840
20531
9729
14348
20126
10046
14543
19047
9692
15226
20179
19809
10265
15866
19591
19933
10439
15920
19400
9517
14892
19119
10582
14317
20275
20312
10586
14789
18758
10717
15540
20189
20314
10608
14562
19115
9900
15517
20343
19400
7634
17770
19297
7391
17799
20194
19760
10568
15609
20247
9489
15396
20698
20240
20669
19681
7874
19271
19930
19482
25156
20387
19422
9503
16708
20808
21016
20304
78492
28077
19159
19289
19302
11048
14986
19271
10403
15604
19021
9571
16358
19025
9689
14160
20199
10271
13639
19358
8213
17866
19689
9830
14785
19907
19297
10319
14387
7270
122309
13908
18907
7627
17762
18859
10296
14553
20326
19689
8132
18575
19827
19878
10671
15574
19555
10282
13880
21198
19459
19754
9664
15952
19127
8230
17201
19181
10300
14225
19732
10273
14826
20467
19263
7813
8425
11322
19015
10616
14402
19080
10427
15363
19900
9805
14751
19340
19848
10739
14506
19839
9882
16253
19905
19661
10400
14018
20042
10528
14985
19662
9800
14499
20194
19820
10269
16669
20789
19179
9398
15604
19211
32408
12093
18693
11467
13370
19564
8029
18567
21102
18844
9845
14723
19805
9522
15823
19249
9740
15207
19044
10317
15620
22441
20429
21091
19177
20073
7819
17932
18965
10419
14123
20410
9584
16530
20194
20306
19758
7595
18779
19743
9580
14795
19139
9627
12861
19371
9451
16384
22274
19846
19244
10082
15769
19913
9640
13501
18889
10334
15205
18967
10184
15326
20084
20158
10731
15158
19798
20160
9833
15112
20111
9685
15439
19143
19971
11432
15421
21531
20713
20341
18821
10514
16768
20394
19254
9731
16008
20699
19078
9897
16175
19646
20092
10718
13854
19748
9985
15588
19320
9625
18727
18395
19029
10254
14993
19092
10001
15204
19508
20090
25478
19545
19797
10544
15545
21379
21320
20851
18985
10408
16020
20508
19645
9800
14455
19258
10810
14252
19233
10024
16359
20292
20551
20062
9544
15423
20065
10392
13801
19899
10021
15662
20802
19713
9667
14930
19084
10070
14923
20143
10406
14383
19536
19605
7732
18695
7327
15852
20386
19861
10162
14639
20301
19854
10854
15803
20169
19246
10311
15461
20292
20603
20004
7614
18722
20089
9657
17648
18062
19466
10062
16114
21137
23175
113021
8183
28504
13445
20406
20325
10876
14344
24487
18251
20677
19780
9710
16214
19291
9517
15628
21089
20109
19076
8031
18753
19188
7374
18144
20076
19459
7625
18354
7621
123984
13518
21201
18964
20213
10704
16258
20046
20116
9651
15483
19005
19801
10626
16307
19687
19828
9770
16200
19574
20265
10914
15189
20676
20334
19266
11086
18538
18487
19614
19225
10769
15796
20330
19510
7631
17999
19126
9686
16308
19825
19690
10083
15976
19295
9803
15075
19649
20294
10170
15246
18876
10214
15765
20276
19532
10808
15292
20451
19420
10425
15097
20470
19772
10632
14536
19244
10997
14983
20520
19366
9923
15633
19920
20040
10025
16040
19369
19623
7950
17533
19843
10439
15912
21039
19352
20089
10990
16084
24023
17461
20482
19710
11082
15015
19639
20041
11162
15317
19579
19600
10850
15287
19382
9994
15183
19914
19984
10404
14845
19415
9483
15586
19780
20135
10270
15968
19718
9895
14670
19630
9930
14773
20048
19928
9851
16306
21018
20414
18844
10707
16029
21449
19054
10230
14903
19468
19887
10374
15835
19358
9949
15764
21155
20308
19112
9946
16066
19328
10252
14346
20508
20201
9939
14950
19849
9610
14760
19402
10184
16214
20334
20649
19508
10642
15564
19430
9610
15620
20814
20021
20369
10543
15293
21030
20353
20260
19961
7558
19231
21637
20365
20105
9805
15779
21177
19846
18869
10708
15971
20492
19038
10066
15886
19255
20310
10410
16449
19871
7301
17030
19589
19630
10246
16189
19728
19611
10148
17363
20332
19379
20419
10112
16244
19323
20264
9719
16728
19938
19604
9989
14821
19285
20510
20569
9488
19862
17290
19352
19803
10524
17254
20133
19487
10261
14399
19671
20454
10061
16600
20211
20235
19802
10331
15277
19487
10472
14578
19498
9615
15378
19210
20184
8222
19772
20241
19051
100570
10641
15506
19533
20290
10050
15394
19440
7281
18442
19214
9629
14407
19849
20576
7497
18076
19478
9642
15634
20545
19785
9518
15578
18908
7143
19242
20276
19646
8176
121588
17755
21881
7449
14282
19384
10042
15728
20525
19158
9721
16307
20964
24683
18041
20339
20085
9822
14699
19162
10405
15186
19138
10213
14688
20007
9917
14859
19200
9880
15131
19311
20504
7884
18224
19102
20872
10062
14969
20691
10569
14284
20283
19913
9825
15341
19301
9443
16459
20718
19853
20271
10097
14936
19245
10232
15345
19056
9882
16178
19962
19410
20483
10957
14540
19920
9979
15517
20646
18816
8129
17200
20325
9809
15856
21241
20164
19024
10651
15496
19156
10345
15313
21090
19008
19882
33771
12000
19776
10006
15039
19476
9997
14779
19131
10818
16213
20026
20003
20284
10150
15217
19664
19953
10761
15985
18898
10082
15223
20370
20233
9498
15722
19307
9875
14605
19314
16973
20969
20626
19400
10291
15582
7963
14169
19376
9805
15610
20024
19587
10251
15807
19644
19737
10675
15995
20148
18740
8005
18000
19728
9478
16214
20852
24056
19241
20294
19347
10226
16399
21569
20441
18900
9317
15910
19056
20528
10349
16019
19207
10564
14497
19341
10000
14388
19621
10256
15161
19132
20166
10965
15291
18984
9425
16512
20495
19071
10354
15748
20138
19835
10785
14787
19320
19743
7712
18670
20497
9482
13753
19695
10041
15941
20609
18863
10433
15586
20487
20164
9501
15934
18882
20073
10448
15800
20265
30945
14208
20769
19183
20283
10945
14800
19607
20270
10873
14441
19243
11249
14200
19842
9617
15886
20686
19908
9428
14687
19467
20643
10403
16154
19545
19825
10575
15394
20012
19298
11023
14797
20312
9543
15097
19017
9433
15186
19240
10586
14789
20135
9439
14350
19437
8005
17869
20105
19637
10465
113751
19693
10523
16556
20485
19292
10051
15374
19523
19599
7901
18150
19378
10159
14138
20205
20654
10290
15614
19340
9587
15156
18903
9613
16279
18836
9556
15614
20292
8193
137978
20251
20423
20366
9517
15150
18982
10122
15121
20100
8493
14773
19748
10292
14384
18856
7557
18533
19603
20148
24025
20066
9631
15602
19361
19267
8126
18589
20489
19721
9547
16547
20471
19959
9338
14687
18920
7402
18384
19873
10083
14874
19764
20333
10194
15041
20246
19947
10803
14872
19420
10682
13507
9499
13940
18996
10305
15420
19189
8072
16757
20305
20125
10804
14807
20276
19081
10449
17020
20162
19146
9436
17224
19877
19129
7281
18384
19040
20309
10333
16129
19169
9928
14898
19863
20306
10627
13905
20274
9731
15513
20471
20263
7435
18160
19387
9702
14502
19972
20106
9961
16547
20271
25262
18225
19486
19871
7816
18424
19538
10425
14310
18873
10007
14872
20321
20249
8491
19049
19974
7594
17208
19066
9624
15943
20436
20048
9625
15537
20229
20131
10090
14946
20264
20155
10842
10552
19669
9476
15646
20088
19785
10232
15158
19913
10491
13740
19272
7648
17625
20550
19847
7482
18499
20070
20174
20091
8174
18361
19846
19983
20584
9820
14508
20663
20626
19548
11405
14726
18901
10580
15798
21097
19362
19178
8319
12051
20092
9414
13926
19182
10784
14763
20480
19881
10574
15048
19011
20311
11408
15056
19607
20487
10943
15038
19851
19984
12717
13745
20271
19783
9374
15550
30749
12344
20111
19835
9901
15758
20337
20293
20349
8002
17545
20255
9657
14989
19189
10064
15813
20181
20304
20084
10446
15477
19901
19894
10553
16111
20815
19052
10062
15046
20305
20294
9540
15550
18802
9883
15662
19587
20222
10928
14319
19297
10868
15608
21460
19496
7630
16730
20305
19168
10831
15056
18998
9782
111106
8116
19749
19466
10004
14543
19586
10008
14584
20370
20165
32154
13051
20585
20321
7370
18702
20703
19068
9452
16364
19514
19610
7444
17774
19434
10241
15220
20484
7810
110118
8302
21068
20104
20128
9928
14403
20118
10733
13548
19639
21215
7340
17678
20121
19906
11036
18661
18083
19671
19482
10817
16082
19431
19884
11288
15766
19828
19478
9818
15846
20094
20292
9810
15251
19656
10928
13509
19561
20437
10058
16292
20133
20307
10225
14361
19317
10870
14718
19701
20312
10426
15345
20172
9573
15374
20328
19577
10202
14541
18728
10600
16569
8211
14151
20673
19884
20252
10631
15255
19607
20434
7371
22408
18007
19807
19972
20312
10404
16003
19308
20010
7673
19056
19091
9336
15591
19912
19483
10405
15697
19830
9297
16216
20598
19681
10220
13869
19281
7214
19725
19358
19635
10316
16206
20293
20267
9451
14215
19200
7815
17051
18616
10985
15117
20297
20209
20059
19478
7159
18884
20812
19317
10347
16641
20225
19860
20071
10822
16024
20283
19247
10245
14822
20505
9827
13952
19391
9446
14958
19841
10013
16023
20805
20092
19266
8396
17492
19055
10066
15167
18875
10080
15466
20493
9863
15307
20602
20266
19892
7428
18639
20276
19692
10230
15131
19724
10025
14784
19750
19830
7802
18286
10245
13258
19186
9832
14551
19508
9408
15184
19321
10462
14400
19463
10666
15612
19721
11667
11273
19161
10436
15350
20490
19932
20507
7361
19906
19428
19830
10659
15090
19158
7612
16850
19583
10448
15180
20284
19875
31935
14547
20998
20866
19271
9779
15056
19719
9953
15692
20330
20196
7997
15843
19268
11043
14748
20330
19409
7789
18603
20350
19647
9889
14984
18986
10965
15986
21299
20687
19440
19643
10887
15064
19782
9610
14846
19410
9466
16204
19169
9982
15162
19699
19914
11155
14810
122362
21691
20276
19687
19979
10885
15154
19669
32251
12523
20367
19783
9740
14764
19187
7872
17898
19112
11004
13777
19419
9924
15764
19107
20110
10946
16325
19397
9521
7117
126750
10110
16411
20135
19165
20160
11047
16420
21237
21528
21107
19519
9725
13870
19115
10653
15601
19371
19640
8118
17902
19235
7205
17854
19822
9649
14966
19461
10702
14184
20446
20351
20319
8210
18196
21108
19041
10232
15601
20363
19865
11074
13832
27404
16453
19850
19291
11008
14163
19009
7734
18814
19396
9461
14261
20026
9804
15336
20303
20114
9926
16210
20690
19579
20530
7512
18472
20323
19219
11013
16796
20103
7555
13493
9902
14597
19624
9456
15444
19261
9600
14968
19314
10040
14697
19686
20385
10329
16488
20268
20354
19849
10884
15557
21306
19340
19644
10508
15531
19707
19717
19822
10444
16255
19907
20270
9965
14326
19408
10074
14855
19425
7338
18410
19958
19203
8446
13753
19712
20143
7590
18701
20113
19974
7452
18384
18969
9882
15065
20345
9840
15228
19790
19963
23428
19827
10379
13751
19556
10223
14864
19591
10081
15007
20420
19524
7575
19558
19610
18748
10173
15273
19805
8527
17349
19587
19610
10451
15259
20704
19247
10731
16550
19723
19247
10632
14427
20324
19753
7831
18666
19459
19334
7796
24967
16480
19645
19140
9803
16940
24450
17461
19582
9690
15013
20168
9569
14251
19143
10999
15006
20345
18770
8403
18036
20241
18969
10730
15216
19003
10536
15912
20307
19443
9928
15919
19551
19041
7975
19724
20641
19985
19394
10672
14528
19041
10806
15834
20395
19942
10217
14779
20630
19157
10504
16070
7211
14626
20621
9837
13958
19501
9451
16404
19297
20099
27672
18271
20183
19322
11446
14626
19184
9638
15383
20148
20133
11259
13942
20670
20147
10812
14713
19390
10170
14226
20141
130919
15087
19679
19440
9510
16988
21388
20816
20344
20046
19948
11163
15405
20753
19058
7933
18375
19693
19625
8154
17902
19130
20300
11030
7192
9600
19330
9420
15926
8407
121533
14083
20249
20143
20391
10743
15404
20707
20719
20007
11166
14588
20507
19889
10660
15296
19764
19208
11085
15454
19270
10196
15663
20873
19245
20143
10430
14900
20484
19488
7574
19502
19968
19899
9444
15906
19949
9477
15907
19824
20418
19978
10120
15441
20231
20111
10692
15436
19056
20471
10916
14843
19771
20186
10682
15593
20360
13958
9637
7804
16200
20312
19918
19759
8123
18374
20657
20340
10348
14820
19788
20228
10471
15989
19779
19785
10051
14592
18861
11851
22471
12021
19831
9642
15225
19423
33061
11840
19772
9396
16087
18828
10117
14209
20038
9826
18420
18213
20128
9750
14540
19748
9377
16056
21266
20136
19091
10845
14958
20442
19290
10846
15782
21318
18898
20232
11304
10687
14055
20535
19511
10830
15518
18982
9497
16290
21427
20304
19100
10428
15432
20082
10044
15054
19496
20256
20651
10664
15203
20100
19499
7376
19729
20704
23825
19049
19893
19686
10486
15764
22978
19703
19862
19910
10179
16369
19548
20027
10926
15296
20024
19882
9755
16764
21067
20180
19763
9871
14671
19466
10350
15112
20019
9686
15063
19249
9856
13788
19962
9939
15789
20425
19708
9849
15594
20284
20305
9397
15447
19154
9347
17097
20252
19117
9589
15220
11179
12417
19415
9811
14600
18883
7401
19379
21989
20107
30553
12699
21317
19759
19844
10940
15023
18985
9695
16577
19970
19892
9828
15330
20733
19907
9520
16287
20579
19426
20286
10584
15837
20327
19541
9736
15928
20263
20230
19932
7024
19374
19264
9860
14930
18880
10851
14212
19226
10245
15646
20631
19343
10523
15523
20394
7635
16728
20580
19132
9584
105617
11456
20011
19932
8919
16483
19830
20311
10117
15871
18981
10548
15106
18998
9940
14954
19549
10051
15082
20088
20101
7347
19111
20292
19617
9200
15992
19344
9582
7855
120299
11034
20066
19523
10042
15628
20132
19000
7822
18308
7348
15020
20291
9430
14423
19271
20323
8372
19008
19446
30670
14230
19801
19543
10244
15787
19161
9655
15359
18933
10948
13784
19284
10082
15171
19459
10486
11978
19738
19966
8366
20111
19665
19326
9980
14059
19343
26232
19137
19683
12651
12849
21161
20066
19300
10241
15394
19579
9800
14266
19929
11076
15253
20233
19505
10786
15149
20122
19451
10993
15088
19656
9632
14605
20516
9419
14650
19281
20488
10664
15456
20358
20456
9685
15247
20378
20245
9518
15288
20320
19726
7225
18306
7378
16157
20462
18788
10452
14975
20187
10449
15461
19861
27893
16278
20856
19406
19508
11126
15645
19704
19288
7995
17810
20159
9439
16239
19837
19954
19516
7577
17441
9484
13522
19575
10553
16124
20046
20312
20302
25731
20430
19410
20726
9796
15652
19629
20021
10170
16425
20384
19486
20209
7902
17620
18754
7917
18332
19102
20471
10272
16580
18838
9620
15825
20511
19267
20653
10917
14360
19721
19909
10744
14820
20524
20188
10147
14996
19307
9813
14502
19110
8215
18052
20672
19983
7917
16846
20444
19143
11056
15987
19590
19508
11398
14675
20161
20296
20127
10854
15206
19468
10379
14299
19479
10484
14999
23439
19390
18823
10580
16010
21055
20304
19890
10339
13542
20085
9400
16209
20522
19825
9811
15560
19883
9244
15858
21469
20778
19037
10201
15238
20444
20821
19820
10758
16098
20628
20323
19125
10169
16525
20396
19816
20364
10564
16158
21081
20928
19266
10951
14710
18821
12290
11707
19354
7374
18430
19743
33271
12030
20338
19369
10153
14899
19418
7119
94092
8663
19422
20715
19872
20234
9949
16307
19964
18998
10899
18748
18582
20685
19716
20265
9714
16005
19319
19969
8754
17503
19810
20389
7952
18379
19481
9450
14728
7558
109338
9906
18676
19651
10128
15064
20342
19885
10142
15100
20446
20170
9984
15566
19889
19853
7683
19608
20348
20470
18671
11397
15211
7367
16207
21570
20124
8558
14580
18727
7097
18252
20556
19885
9895
15242
7243
16562
20597
19563
10005
16026
21542
19933
20323
9282
15938
19346
19887
11095
14128
19448
10384
16816
20506
20906
18791
13070
12312
19066
20487
10397
16490
30638
12358
19256
9620
14359
18725
10261
16415
21188
19986
20228
10693
14375
19930
9383
15044
18861
10051
16132
19084
9748
15545
20312
19108
10828
14843
18899
10318
14914
19270
20082
10765
15979
20164
19681
10853
14940
19519
20215
10957
14482
19261
11034
14784
19687
9466
15548
19671
20047
7410
18276
19441
9854
14769
13355
19848
20077
9682
18974
17750
19061
9485
15641
19943
24951
19661
18918
10489
14846
19986
19708
11373
15451
21487
21365
19979
19263
7292
17833
19928
20703
11253
14282
19966
10050
14342
20384
19969
7717
17241
19057
7818
19636
20572
19524
9471
14741
20510
20184
9830
15975
19302
10454
14618
20177
19905
10547
15244
19904
9607
17622
17454
19941
10607
14158
19791
10225
13966
19088
9942
17512
19604
19220
20691
7761
18906
20611
19230
10101
15371
19420
20006
11016
15372
20201
19437
10179
16210
19747
20343
9616
16767
20184
19401
19957
7881
19145
30861
11588
19178
19323
11418
14574
19075
7257
19240
20344
20005
9708
15324
18941
10538
14938
19395
20025
10471
7049
10205
19038
10530
14684
19968
20035
7238
18220
20294
20044
10682
15943
19158
19666
10835
15618
18914
10651
14319
19912
9443
14945
19002
9969
14942
20244
7555
117367
19594
19628
11448
16257
18461
19507
19911
34000
11820
20608
19839
10332
15066
20482
19265
10123
15145
18809
10295
15433
18938
10973
15101
19507
19855
10908
16369
21207
8748
123120
11730
19857
19542
10546
15463
20205
19630
11152
16025
19941
20511
19832
7371
17695
19862
9979
15509
20425
20150
10179
14836
19686
20204
8186
18387
21151
19775
20256
10703
15366
19625
20450
8178
16343
21209
19790
18990
11010
14939
19666
20335
10632
21335
15010
19041
10785
14487
20257
20148
20635
11373
16698
20047
20509
20344
19968
10741
15907
19899
20229
7247
18484
19012
10302
14883
20506
9576
14021
19685
10501
14724
19579
19397
8143
18558
20707
19581
9996
14641
20636
9639
14337
20082
10141
14355
18959
10601
14782
8049
14138
19082
10533
14425
19309
11158
14820
20318
19567
7258
19713
20507
19545
20484
7733
18921
20747
19750
9912
14620
19989
19562
10717
15024
19120
9818
7330
9788
15439
20077
19884
10466
15288
19644
20223
10936
15887
30517
12073
19731
9500
14927
20091
19339
10613
15587
20136
9239
14661
19753
20255
7792
18386
19098
10264
14776
19578
9703
14844
19323
9953
15690
19619
19646
11467
14781
20509
20263
10304
14376
18840
10410
15733
20907
20269
19984
10503
14845
19145
10659
15184
19365
20220
7502
17607
18862
8210
17918
19165
10366
8770
7416
18829
7548
18558
19584
19663
10242
15985
20334
30769
12962
19182
10021
14594
19338
10360
15511
19165
9596
15661
20118
20043
20287
7434
19295
19162
9557
15987
21320
19427
19776
10565
15211
19245
10676
14918
21017
18860
10926
14128
20196
20323
8103
17581
19523
10268
15487
21074
20664
19528
9783
15649
19686
20092
7488
18764
19487
19792
10195
14962
20141
19850
7854
19452
19287
9447
14466
19310
9876
15387
19976
9321
14277
9725
13652
19056
122305
13130
11732
20511
20135
10409
14242
20728
9545
14384
19184
9854
15473
19168
10322
14820
20410
19770
10269
15149
19462
10056
14322
19291
9933
20299
16882
19088
20235
7217
144788
16090
20075
19057
11676
14056
19883
9806
14995
19486
9680
16391
20736
19900
20060
10310
15767
21325
19942
19687
10670
14339
11781
12542
21165
20352
20683
20029
7188
17630
19546
10886
15526
21433
22324
20255
20656
18898
10239
15405
9608
13530
18907
9658
15389
18859
7851
17876
19150
9939
8425
8206
20610
19004
10554
15295
19908
9834
15351
19343
20452
10066
15361
19666
19965
7807
19076
19364
19687
8382
18396
21921
20848
19746
20262
9984
16295
25934
16636
20415
19589
9582
15487
20431
19641
10130
15337
18879
10021
15049
19543
9841
15712
20592
19723
10009
14995
19298
20468
7863
18021
19605
10536
14445
20829
19956
9568
15776
19062
10633
13844
19784
9676
15818
18842
13958
11934
303831
17676
20083
20341
10201
15326
20134
20061
10887
14967
20442
19324
10892
15383
20252
19742
9825
15312
20412
20255
10435
14722
19940
10245
14916
19378
19678
7523
18762
19802
9707
15396
19363
19980
8383
17338
19339
10074
15923
20649
20441
19200
9101
17881
21143
21488
19221
20330
9801
16593
19515
20390
9948
15383
20169
20232
20609
10765
15713
19712
9758
15046
20364
23167
20630
19338
20148
7389
19076
20693
19471
20318
10924
14228
19323
10275
16390
21428
21097
9781
12710
19948
9402
11375
18948
7191
18660
19480
20153
9025
16084
18985
10672
15785
21231
19351
9651
14574
19688
10061
15226
20169
19598
10652
15314
19083
10023
15508
18815
9702
14466
19684
11005
14471
19117
10425
7324
9495
19639
18967
7774
19617
19085
19673
7956
18378
19974
19487
10585
15089
19487
10260
14993
20494
18778
7469
20006
21506
20966
20321
106483
17192
19242
20337
11244
15184
20907
20753
19190
7779
18492
19692
10010
15455
20194
18959
10635
14836
19848
20112
7976
18856
19920
19603
7230
17589
19516
10461
15261
8147
134165
19866
9716
14677
19517
20264
8092
18663
20845
19357
9976
14779
20078
9462
15090
19067
10330
15540
19220
20097
7411
18275
20348
9711
15059
20430
19494
10861
15046
20123
19725
10460
15723
21111
20497
18865
11071
15634
19820
19262
7430
22102
17733
19367
9926
16337
20707
24150
18114
21517
19379
9807
14865
20149
20072
10507
14738
20216
10489
14061
20286
20080
7378
18027
19214
10046
15824
19480
9652
14604
19127
10584
15384
19861
20203
10112
15858
20004
19328
7912
17505
18997
10813
15938
19964
20132
20705
10453
15231
20484
20051
20003
8644
8026
11434
20303
19518
10403
15654
19635
19974
11472
13984
30688
13135
20263
19726
20446
7769
19076
21553
20871
20199
9555
14658
21089
19041
8578
19550
19417
10951
15343
19617
9364
16075
20166
20395
19500
10524
15993
30932
11938
19629
10011
14410
20548
20309
10435
14487
19300
10545
15599
18879
19705
10390
16708
19703
20164
9922
15751
20217
27131
17051
21095
19302
10066
14988
19916
19049
7157
18993
19014
9698
15594
19589
9543
14802
18790
10441
15427
19277
20450
10467
16010
19862
9769
15155
19101
9597
14903
19917
19627
11037
15156
20362
19618
10022
16994
20565
19651
19646
10744
16367
20177
20398
19686
10522
14145
9586
14180
9654
14406
20030
8047
15406
19401
10204
16017
19904
20102
10001
15559
20599
32935
10346
19100
10682
13269
19099
11247
15269
20435
19469
8506
16773
19189
10367
14842
20335
19105
11056
15927
19304
10143
14640
20181
20122
10685
14006
19890
32091
13179
20069
19265
10911
15572
19172
13465
10885
19890
9623
15293
18964
10688
14511
20447
9671
128239
7989
20348
18841
8059
18262
18994
20426
10674
16013
20511
20764
9646
14262
19723
20292
7822
17593
19004
7464
18066
19066
9738
15375
19056
10103
15122
20157
19471
7581
131733
9194
20195
19390
10043
14871
20542
9861
15905
20476
19422
23181
19288
9584
16105
20339
19430
20522
10876
16073
19706
19689
11003
15030
19672
19715
7314
20936
19371
19212
20297
10528
16551
19988
19255
10322
16420
20386
19706
9809
15466
19511
20251
9685
15223
18863
9870
16556
19285
19659
11233
14861
19548
9439
16882
20754
19242
19056
7579
20126
20948
20421
19188
7156
19197
20905
19127
10627
15591
19649
20180
20153
7773
21313
18134
19696
20184
7953
19138
20194
19362
9779
16197
19724
9574
14639
19623
19830
11556
14016
19750
10752
14059
19740
19764
8062
18938
20045
18951
8355
19485
20727
19251
9542
16194
20448
19910
19628
7939
18682
20752
19325
10149
14544
18958
11066
14380
19764
9505
16017
20009
18679
10851
16213
20097
19650
10339
8368
8435
18819
9658
15787
20477
20146
10069
15548
19018
20533
19940
20085
10164
15824
19974
19844
10994
14835
18821
10693
15969
19925
20158
20154
10319
15317
19424
7464
18671
20184
19296
10058
15616
19705
19791
10953
15862
20912
19401
9235
16435
21072
21090
19387
9568
15559
19385
9809
14707
20229
19259
10723
15735
19544
9788
14607
19687
19534
7749
18662
19379
10442
14591
19046
7835
18051
20533
20311
19422
8016
18117
19228
11092
15336
19951
19907
12017
13619
19144
20533
7266
18945
31458
11637
19855
19314
10722
13953
20302
9481
15994
20210
19105
11010
14668
18600
7373
18467
19242
10514
14502
12403
11668
21324
19534
20343
20388
7648
19482
19419
20281
10483
14494
19340
20343
7329
19061
20169
19882
10362
14774
19283
10027
15697
19254
9972
14840
20317
19874
105581
19399
19461
10646
14774
18774
10461
15678
19944
9932
14559
18720
20531
10783
14723
20102
19626
10966
8174
9441
19556
9623
14660
19179
9357
15367
19891
9877
14311
8297
149487
8013
20556
19983
19907
10463
16772
20764
20532
20022
9687
14541
19284
9625
16434
19338
19603
11182
37104
19756
19471
9590
15523
19222
20887
19911
8194
18075
18878
11069
14584
19113
7878
17001
20015
19785
7776
18453
20231
19948
11070
15456
19527
20182
10114
14885
19145
9862
16637
21289
19377
19291
10866
15378
20319
19750
7392
17235
19771
10143
16024
19758
9321
14297
18987
10649
15399
20211
20472
9825
8264
9082
21471
20032
19186
10410
15995
21306
19820
20319
22573
9501
13901
20507
19843
10961
14708
19438
9503
15604
19064
10736
13958
19939
10162
15021
20348
9403
14689
18989
10083
16156
20572
19528
10204
15569
19722
20160
9379
15201
19210
9915
15462
19562
20235
7310
17982
16698
19400
19866
20093
7978
18014
18839
7406
19034
19669
9712
15641
19532
19967
20326
10427
15830
18879
10482
15591
19800
19544
20637
7805
18074
20079
19892
8177
18456
19830
19291
8773
17463
20006
20583
9800
15623
20221
20354
9559
15321
19297
20241
7743
18477
19550
10461
14702
19106
10171
14593
19639
10369
15368
21353
20489
19961
23782
20924
20274
20200
20112
11370
16286
19986
20611
9625
15403
20105
18827
11114
15687
20222
19281
10046
14593
20070
10722
14015
19308
14300
11864
19102
9655
15655
20295
20689
20094
9538
16452
20987
19300
19784
11020
15862
20498
19025
11013
14706
19601
20411
7529
17903
18823
10066
16189
19994
9490
14088
9929
14118
20766
20107
19279
7398
19399
19231
9718
14675
31752
11694
19934
19863
10692
14835
20209
9539
15745
21039
19321
19497
11153
15846
20384
19758
19978
7697
18897
19087
10108
117897
18254
20555
19969
7635
17420
19690
20295
8103
18398
20066
19125
10356
16476
19755
9414
15005
19421
19246
8324
18743
19409
19381
10923
16123
19463
19656
7188
19703
8389
102842
12292
19092
9780
16547
21034
19466
20208
10758
14135
19845
20651
10033
16852
19933
20460
19506
8333
18974
21194
21250
19071
20307
7310
18799
19526
19469
7429
18994
19138
10642
15831
19914
19075
10656
15902
19063
20144
10813
14198
19902
19963
10968
15410
19225
10943
15000
21891
20284
20511
19562
10749
13699
9418
15413
21385
19928
19403
10086
15179
19700
10204
15105
19818
19758
11105
16154
21130
20352
19112
20461
7738
18350
20216
19341
10436
14138
19494
20272
10084
15602
20301
19723
9769
15267
19435
33858
12815
19948
19716
10123
14075
19380
10304
15554
19295
20323
10637
14387
18866
8318
17515
19512
9686
15294
19205
10814
14201
20659
19564
11026
16015
20927
20307
19046
10053
16446
9372
19261
20427
20271
20032
7535
18138
19869
19866
7441
19684
20086
19059
10510
16126
20474
19382
20302
7523
18463
20193
20160
10537
14543
19259
7557
23478
15922
18924
10956
14758
20492
20511
7832
17194
20564
19000
10501
14753
19762
10676
13925
18656
23153
10201
13612
19800
9389
15984
20402
19762
10558
14380
18995
10453
16072
21296
19751
19566
7749
18268
20715
20005
19999
10487
15323
18969
7594
18274
19408
20574
10605
14709
19820
9944
15625
19886
20242
10305
14753
19037
10649
14389
19100
10441
15076
19436
9789
16022
21674
20856
19981
19630
10735
15079
20647
20219
10457
14813
19385
19982
10451
16605
19898
20117
19338
10788
16230
20247
19295
12923
13964
20528
19128
20169
8275
28968
11290
21366
20588
20051
19866
11451
15467
19599
19304
10767
15329
19629
20333
10771
15558
21411
19294
19648
8845
18280
20487
19105
10487
108495
8386
20242
19485
10524
14446
12521
11255
20119
19722
7943
18717
19804
20307
20284
10342
16185
20715
20087
20474
10674
15207
20863
19620
20115
10028
16827
20153
20632
7694
98451
20697
20223
8224
14038
20153
9623
15826
21027
19149
8378
16617
19889
19096
11032
15483
20402
19205
7970
18424
24473
19445
20686
20774
19050
11245
13990
19328
10605
14584
20001
20002
10974
14035
19163
10142
15615
20466
19297
10444
16171
19660
9668
14968
20085
19548
9810
16887
21487
20828
19659
20212
10332
15465
18939
19724
7715
19699
20865
18894
9355
16297
19079
20552
20126
8451
29272
11029
20530
20327
20104
11188
14415
20234
9511
15903
19669
20606
19365
10684
15825
19838
19748
7980
18387
19153
10130
15804
20076
18921
11030
15253
20532
24875
17251
18956
9662
16449
21113
20084
20170
19953
8887
18586
19568
20040
10255
14722
20327
20332
10447
15776
20951
19548
9621
14193
19425
18417
19259
10138
16010
20420
18952
9806
16192
19718
19672
7652
19276
20704
8029
13885
18897
10353
15474
19605
10042
15592
19560
20029
7371
19150
20933
19095
10841
14609
21095
19330
9864
14846
19835
9539
15289
19180
10173
15155
20042
8677
15400
19443
10221
14078
20493
9738
14449
20254
19712
26410
19448
20160
20112
11083
15271
21446
20938
20071
19806
11087
14358
19145
10167
15544
20333
20323
20353
11309
13915
19643
10463
15164
19236
20009
10736
16293
19621
20011
24719
16946
18883
10029
16046
21309
20930
7845
14857
19487
20260
7295
18902
19950
19461
10782
15077
22573
21278
19511
9500
14876
19057
13012
11697
19200
11063
14663
19122
19826
7232
19267
19035
10427
14994
19722
9916
14600
19139
7392
18070
20886
19188
9862
19762
17758
20172
19859
20492
7311
18812
19317
10592
13948
20248
9608
14451
19637
7187
17369
19687
101212
10229
15819
19983
12172
11098
20573
20227
7310
18882
19524
20451
19942
8210
18849
20472
20023
9954
14937
20295
9765
13438
20197
9483
15544
8639
15125
21562
20555
7740
134397
19904
9659
15864
19627
20184
9819
16389
19406
19672
10884
14204
18760
10301
13010
19490
10001
18404
17860
19751
9783
15135
19804
20169
10526
14894
19609
10402
15333
20275
20286
19363
10574
16701
21035
20013
10031
14462
19551
9958
13754
19680
10369
14556
19982
10844
13076
19574
20965
11035
15412
19057
10056
15554
25425
16215
20353
9525
14668
19589
19804
8018
17892
18909
7943
18690
19102
19694
7417
18619
20323
19982
7855
18338
19305
19800
7585
18922
20147
19470
11153
15362
19558
9584
14538
19933
20483
10441
14701
19394
9980
16251
20235
20336
19303
11200
15833
19760
19446
10391
8472
9123
21253
18620
9339
17321
20174
19783
9883
15768
25897
15794
19298
9773
16260
20069
20604
11638
19605
19928
10535
15694
19199
9928
16315
21035
20129
7315
16823
19351
19343
11226
15490
19441
20050
11218
14270
32098
11960
20473
19548
9981
14963
19804
9759
15803
18985
20154
9821
16011
20251
19826
10121
15345
19325
10986
14809
30992
10835
20063
20454
10324
15465
19624
9867
14758
19220
10921
14181
20266
19968
10263
16347
20547
19682
9451
14758
20446
9639
15902
20453
19188
9924
15623
21418
21361
20670
18931
10670
14119
19296
7294
19790
20729
19024
10235
14771
20115
19835
9860
16392
19738
20129
9430
22050
15582
21678
20372
19253
7349
22513
16867
20367
19374
8176
18215
19358
9656
15081
19570
10251
15400
19741
7730
19301
18423
19773
14708
10614
19137
20309
10471
15691
20846
20574
19466
7270
18237
20108
19690
10723
15988
19913
19019
7800
18015
19415
10444
14435
18854
10446
14697
18974
10865
14488
19598
7553
99062
19506
19671
9464
16237
21692
21053
19280
7206
17470
19523
9609
14954
20027
9681
14865
20233
20042
7843
17774
19829
9452
14673
18805
10274
14462
19282
7668
18669
7993
138695
17610
20103
19573
7961
18410
20413
19441
9867
15249
19623
14854
20301
20337
9781
14993
19250
20238
7928
19428
21053
20051
20251
20206
8296
17263
19068
7424
18064
20264
19898
10490
15867
20123
20341
9714
14261
19478
11087
14969
20268
20013
20102
33507
13265
20810
20642
19867
10641
15810
20332
19527
9738
15455
19275
10417
14809
18841
9952
15041
19219
10103
15457
19939
9473
15082
19167
9456
15020
19601
26523
19325
22422
18643
9805
14154
19475
9978
16228
21280
20549
19306
9343
15493
20454
19295
11067
15506
19165
10348
14466
19815
20119
9832
15311
19560
10169
15481
18911
20344
10784
15107
19005
10685
14794
19348
10632
14907
19606
19984
7371
19139
21471
21302
20402
20716
31349
20635
19013
7586
17850
19300
9548
15887
20490
19552
11028
14579
20734
19277
10943
14780
18999
10651
20033
17235
20326
20115
20051
7653
18208
19101
9846
16018
20140
19820
10278
14436
19107
10759
15238
19546
10014
14182
20382
20162
10342
14542
19265
7589
17475
20789
9625
14138
19443
10546
16200
19329
20281
9909
14923
19740
20195
10140
14251
9767
14210
20494
20336
10706
15394
20093
19932
10041
15102
19153
9575
14906
18884
10646
7810
8392
19282
9958
15795
19667
20052
10412
15868
19669
9662
15482
20373
19628
20065
8101
18388
19980
9498
14052
19260
10308
16345
20704
19287
19953
10642
7671
9354
20627
19602
10924
14694
18793
10829
14622
19043
32464
13637
20110
20562
19601
10909
14669
19058
11113
14746
19637
10000
11851
19501
10525
14564
20492
9589
14400
19470
10198
15871
20049
20269
9696
14773
19471
10226
14378
19481
137838
9143
18899
20170
20125
7682
19302
21700
20174
19198
9487
15448
20225
19943
10258
16698
19554
19719
10308
15595
20575
19178
9554
16370
20516
30819
12373
20008
10072
7404
117744
12226
19136
7333
17335
19464
9982
16006
19231
20108
7789
18276
20084
19936
9888
15397
20525
19133
11093
16288
20484
19075
10249
14774
19170
20242
8007
17961
19420
10102
14908
23699
20385
19208
19950
10984
15423
19251
9871
15715
20712
19750
9569
13566
20085
10554
14924
19825
10183
14072
19158
10651
14164
19320
10213
16075
19826
9615
14929
20397
20313
20067
11114
15061
19758
20180
20414
8386
19102
20369
20444
9485
14459
19238
10287
15185
19252
8600
15838
19256
10419
15046
19882
19953
7553
19589
20281
32041
11079
19290
9851
14741
20733
20244
19769
7153
19209
19082
20318
11107
15993
20946
19282
19871
11068
16009
21415
19525
20324
10254
14997
20652
19325
10680
16369
20728
19683
17189
21527
20329
19542
9548
14779
20149
9448
15374
18956
10387
14533
20225
9930
15487
19487
20234
7304
18480
20095
19086
10246
15594
19027
7838
19252
19723
19625
10255
15989
20138
19934
9592
14905
19122
9622
14785
19527
7357
18419
19827
9445
14240
19041
10797
15490
19628
19402
11044
14568
20205
20302
7994
17194
19527
10210
15689
19764
20003
10913
14140
19420
10632
14822
19956
19824
11106
14620
18902
9682
7457
15562
15848
18831
10323
15904
20158
19559
10287
14775
31414
11620
19097
9896
15876
20507
19292
10723
15440
19497
9706
14406
19100
10970
14213
19323
10964
14269
20106
20265
9876
16227
19163
19928
11471
15303
21538
20971
20335
19045
7651
18664
19805
19937
10161
15845
19832
9974
14098
19256
20385
8285
19708
19832
19224
10012
15810
21743
19977
19323
9878
14798
19482
10439
14689
19551
10420
15596
21750
20073
125801
17620
19331
10321
15629
20364
18983
9626
16585
20812
19010
10723
14325
20183
9968
14322
24266
19008
19905
19759
10402
15929
24321
17355
21721
19910
9928
15735
21355
7166
117079
20099
19871
20311
19937
10983
14955
19940
19697
8213
18985
20034
20438
19351
11400
15865
21307
20611
19960
20636
25649
19883
18912
10379
15030
19131
10262
14081
19940
10282
14451
20574
18945
7506
19610
19490
9666
14798
20446
9459
14563
20964
20415
19948
9768
16400
19907
19543
10412
16017
18735
20005
8384
18146
20874
18988
10557
15032
20143
19739
7372
18557
20247
9839
14472
20333
20348
9500
16082
21020
19025
20385
11506
14976
20698
19585
10603
14177
20082
10465
14700
21421
19807
19566
8171
18816
20804
24698
17742
20285
19340
8115
19079
23380
19230
19292
19089
7604
18628
20301
9861
15287
20309
19922
10071
14923
19549
20516
7340
17912
18923
10600
15363
19666
20704
10586
15528
9374
20324
19462
10542
15111
20093
9776
14867
19286
9959
15423
20134
20263
10044
15625
19548
9461
15641
20210
19125
10641
15357
19790
19038
7825
19266
19887
9464
14966
21186
19369
10204
13902
20020
9242
16341
20910
20341
19701
10112
16548
19999
19148
10043
16314
20733
20161
19968
10063
14849
23587
19900
19061
10268
15564
19471
19892
7657
19625
19633
20305
20857
19943
20244
9599
15890
19010
9784
15880
20533
20063
9567
14245
19805
10407
14292
19883
9387
16143
20824
19658
9760
14866
20109
19671
10471
15050
20229
9971
14540
19059
10403
14968
19147
9878
16266
20005
19394
7572
18069
19964
19427
7232
18585
19039
9902
15626
19922
9941
15629
20364
20233
20159
7274
19397
20393
18983
12703
12847
19841
9405
15900
20844
32137
9716
20055
20279
10138
16000
20169
20382
10175
15784
20779
19434
9929
15133
19282
19924
10953
123121
13298
19589
10235
14381
20356
19964
9791
16892
21137
20066
19630
10505
14819
19205
10081
16184
19900
20802
19326
8163
18246
19112
9391
15210
19722
20231
10332
16012
7380
112012
10362
16400
20276
19088
11190
14515
20235
19953
7580
17927
19219
9696
16912
19882
19512
10835
14213
19459
9441
15615
19671
20909
9792
16237
20758
19886
19709
10143
16022
20430
19657
9403
16750
20126
18846
10914
15092
19082
9615
16198
20050
19566
7499
17536
19320
9924
15943
20626
19717
10387
14380
18919
10030
19052
17641
20088
19479
10649
16615
19940
19766
10283
14725
19044
11149
13517
9825
14563
19654
9441
15391
19081
10230
14922
19527
19682
10805
16144
19767
19686
7855
18031
19939
19499
11434
14184
20221
20094
10059
15851
20005
9905
14316
18779
10884
15585
20296
20025
19964
7159
18646
20157
9893
15551
19893
19514
10625
15641
20330
20552
20190
10492
14953
19914
19801
7316
20389
10250
14370
18617
7107
18710
19568
7149
18116
19229
10293
15582
20331
19452
10529
14499
19630
20012
7969
17676
7983
15879
19440
20511
10585
14912
19196
20365
7774
18866
20066
19892
7313
18056
20134
19558
10613
14738
19234
10876
14880
23000
20087
19407
10002
15209
19051
22617
9612
14369
19729
20249
9641
16607
19690
9441
14302
20888
19781
10618
15487
20929
20437
20403
10146
15328
20084
20256
9583
14441
20713
20107
10169
15167
19895
9440
15589
19912
19645
10694
15646
21202
20107
19962
26172
19498
18997
9257
16619
20546
20471
19379
10621
18906
17599
19309
10137
15258
19108
10424
15123
20746
20373
20007
10893
14061
20204
20048
10644
15382
19115
9481
15783
19390
20666
10091
15707
19872
19792
10675
16531
20605
19471
10010
15821
20276
20122
19706
10677
16005
19379
19310
8217
17249
19457
10629
15147
20186
20082
7374
121873
18727
19601
19020
10486
15967
20311
20327
7537
17672
20357
19690
9822
16849
20089
19768
10064
14864
20027
19443
7833
19072
20733
20364
19061
11098
14647
19303
7311
7107
133012
21302
19408
19605
7371
19499
19518
9438
15297
19123
10272
14217
20046
20279
10849
15527
20179
20588
9761
14821
19329
9856
14723
20562
20210
10159
14824
18246
19353
10561
16828
20127
18929
10882
15643
20467
19455
10748
14548
20329
20277
9400
15758
19358
9661
15934
19250
9600
15148
19774
20041
7480
19064
20685
19302
10249
15150
18760
9879
15592
19758
9682
14062
20366
9597
15821
20043
19266
10183
14853
19421
10521
14600
19201
9641
15862
20214
9461
13922
20065
9682
15625
19438
19733
7385
18396
19590
10497
15692
20723
19865
19385
7762
18079
20094
9927
14903
19944
20066
10723
14907
19979
9564
15470
20933
20621
19134
11189
15148
19921
19764
11053
15185
20463
19319
19564
19597
16710
19379
9978
14862
19145
9810
15036
20767
19480
10429
15175
19611
9549
14453
9825
14167
19662
8340
15965
19492
9239
16708
20297
19742
19734
7981
18650
19497
10102
15266
20348
19553
10367
14545
19340
10030
15255
19469
19875
10854
15051
20151
9460
15499
19522
20353
10207
16518
21291
19856
19554
7719
17473
19851
22019
9760
14023
19007
10437
15750
19330
20331
7628
18681
19832
20405
7917
16613
19584
20451
11095
14369
20533
10242
14419
19282
10588
14989
20140
18696
10392
15998
19138
10395
15193
20805
18928
14483
10651
18974
10199
15624
20667
20311
19559
8207
17646
19402
9702
15834
7847
15030
19071
19918
7922
19152
19893
20063
10865
15603
8199
14564
20128
19389
10484
14730
19448
10306
14717
20152
19928
10245
16087
20184
18949
7877
18015
19402
9969
15022
19475
20579
10726
14779
18918
10865
16511
24060
17773
19969
124464
19343
19078
10442
15346
19641
10450
14639
20244
19305
8293
17192
19240
9447
15320
20305
9618
14221
19783
20115
11106
14720
20673
19107
11217
15543
19631
20164
10459
7212
144303
7794
20643
19564
9576
14626
19849
9713
14488
19911
9968
15245
20457
19514
7592
7471
13020
19923
19031
10682
15384
20092
9840
15256
20220
19138
10456
14156
19060
10220
15764
20085
19520
10589
15404
20528
18851
11131
14521
19908
9747
7798
10374
20384
19907
19730
8767
17862
20457
18943
10443
15934
20225
20805
19919
9961
14905
18758
10954
15166
19902
10037
15325
19753
20346
20187
10563
15806
23253
20441
20034
19327
10025
15903
20102
20346
10249
14713
19724
20114
7191
18475
20653
19203
7606
18876
19323
31460
14440
20173
19181
20150
7793
18379
18897
10641
15063
19687
19964
7697
18454
20429
20174
9731
14842
18897
9994
16874
21419
21064
20311
19479
10261
15969
19805
19797
10697
9247
19112
19738
9580
15425
20204
9589
13947
20307
9648
15161
19621
19194
11053
14717
15623
7821
19468
20204
19985
10389
14367
20682
20114
11214
14632
19423
19802
7698
18547
20527
20474
9800
15470
19787
19571
7233
18967
20506
19665
9963
15271
19999
20358
10328
15584
19963
20210
10802
14825
20429
20180
10550
14824
19941
19187
10839
15858
21286
20291
20454
9926
14972
18914
9240
15986
19182
20837
10338
14882
8774
14518
19834
10441
13577
19738
11097
14189
19602
10042
17728
19045
20697
19620
9882
15452
19645
19808
10403
16405
20196
19267
10067
14845
18977
11358
15520
20467
19835
19812
7907
17943
20030
9784
15670
21037
21357
20923
19169
9450
13676
19647
20505
7369
18960
19420
10060
14931
20529
19521
7591
18855
20825
19197
20292
10424
7704
8807
20352
9844
15602
20065
19295
10911
14989
19430
10092
13696
19990
19981
124112
19721
9841
15712
20342
19614
11269
14438
19909
19806
7413
18038
19307
7722
18517
19314
12276
11907
19056
9765
15802
19488
7641
17449
19248
19581
7439
19728
18979
7431
123892
19797
16131
18860
7789
18205
20162
9585
15228
19426
19924
10390
15076
18994
10140
15769
19204
9615
16251
21285
19542
19095
10429
16087
20307
20002
10551
15200
20420
19372
10487
14881
20167
20355
10844
14179
19690
19929
11010
15459
18966
10107
14951
19260
10198
15767
21481
21252
20789
19005
9589
16537
21175
19152
21410
21450
21227
22995
18972
19408
9738
14894
18915
10141
15063
19100
8170
18686
20346
19653
20140
11043
14400
19862
10119
15215
20266
19012
11389
14848
19224
9838
14950
19643
20133
11628
16005
19013
19867
10261
16112
20684
20526
19501
10285
16553
19543
20010
10452
15261
20052
20666
9609
16273
20744
19215
9444
15389
19912
20264
9864
15594
20403
19948
10048
15427
20425
19917
19516
9426
15845
21290
19943
19339
10282
15394
20109
19682
8089
17271
19415
7539
18321
19057
9537
16255
19912
18909
10825
15646
19184
10108
15023
19479
20514
7669
18689
19164
9577
16228
21204
19648
19619
10084
15833
20403
19239
7427
18583
19000
9820
16083
20626
18952
10764
14923
19390
28278
17095
20026
19164
11195
14654
19247
20105
9091
17785
20111
19482
10103
16046
20400
19654
9899
15029
19887
9665
15731
19210
19926
10683
14975
18824
10517
15092
19548
9844
15203
19167
10631
14292
19076
9779
15323
19928
19743
8182
19053
19433
19458
10027
16335
19241
10499
14362
20316
19662
10602
16288
20014
20323
9851
14958
19707
9657
14546
20116
9505
14102
19693
9528
16632
21151
19145
9754
15610
19924
18977
7107
19140
8557
15123
20668
20073
20134
9933
16090
19684
10634
14360
23666
19220
19696
19888
10101
15380
19464
118091
8800
23667
17975
20497
20665
20112
10348
15411
20894
20586
21026
9566
14947
21028
20041
20887
20010
10814
16560
21418
22041
20604
20822
19733
20333
10122
15379
20122
7996
124326
13774
20697
19656
10038
16064
20647
19927
7800
16683
20181
21215
20653
21264
10160
15732
19900
24762
19147
20424
20233
9579
16365
20708
19856
9826
14901
20834
19647
9646
15652
20445
20249
9821
15415
22351
31801
9901
20225
20048
10955
14029
20415
19601
10836
17006
19118
20728
30090
14630
32598
9287
20485
9408
15806
20304
21875
32280
10405
19763
20269
10021
15935
18897
20502
10487
15630
19381
10122
16312
19297
20719
8461
16333
19198
19677
8282
17674
20356
19725
9835
15955
17372
11273
15068
20461
20365
9770
16375
20144
20523
10428
13938
20091
19708
10987
15943
20329
20413
19388
8420
18077
19717
9979
14196
20735
12293
11188
20536
24299
19821
19406
10360
15832
20267
20353
20012
14017
26430
15107
20784
19721
10413
15105
20858
20467
9825
14883
19267
20333
10137
17542
19455
20059
20594
10394
15345
25272
17617
30678
12294
21034
19221
10263
15626
20854
20825
19663
10169
15832
20525
20105
9774
14764
20205
19838
9895
14615
19120
9943
16503
20936
19764
9643
15833
20403
19587
9502
15590
20224
20397
10146
15948
20625
20425
20317
9620
25753
11507
20523
20529
20056
10206
11289
8330
19410
21734
20033
19512
9992
15633
19781
20611
10111
16757
20548
20466
20291
10573
14386
21206
21057
19950
20252
9592
15060
19465
9478
15728
18962
7353
19208
20524
20306
19389
7462
19458
21528
20778
20465
20492
19811
7638
19078
20529
19051
10369
14938
19800
33499
11498
20319
19832
9906
15031
19383
10076
16285
19086
19666
10943
15467
19730
24448
20712
19492
20588
8456
17347
21184
20874
7353
15232
20107
9913
17112
221297
8717
13017
20202
21228
7824
16682
20826
19137
20587
11009
14037
20104
20174
7917
18337
32143
9585
7836
18950
19215
20704
20288
8048
20693
14324
20613
8715
15945
8439
116449
19045
19840
11139
11767
20465
8415
16225
19549
10034
15747
19855
8723
14867
19773
9962
8254
8374
20521
31990
11026
20088
19943
11333
15523
19766
20087
19983
7758
18969
19292
20497
10823
15153
19090
9846
14749
19893
20024
10948
15211
20152
19719
11185
14979
20615
19323
9865
16552
20662
20369
19441
7441
23383
17310
20583
20834
19447
9658
14982
19683
9808
7873
9256
19225
10669
15318
10559
11291
18897
10462
16707
20256
19313
19866
11029
14148
20355
10230
14353
20405
9405
14583
20361
9825
15179
19650
19602
11115
15214
20311
19312
10434
14921
19913
9843
15774
20542
19887
9594
14451
19670
10321
15456
21071
19346
19810
11169
15632
20684
20569
19590
10642
15167
20626
20102
20489
11511
11890
15702
20530
19406
9481
16651
21564
20245
9672
7456
7749
19356
10385
13965
19664
20054
10902
24964
13822
8495
7903
8783
19437
19423
19289
8081
18759
8194
15304
22487
20507
19776
20050
10028
14901
20366
20301
10220
15848
21477
20193
19584
10003
14965
19541
7297
17276
18748
11653
14338
20542
19492
10766
15770
8554
13581
19092
9972
15844
20987
19758
19358
7940
19561
12333
9242
19283
10630
7498
7871
7625
7675
7886
7795
7805
7530
7529
7630
7637
7696
7612
7821
7618
7641
7597
6748
7487
7936
7725
7660
8004
7518
7728
7743
7614
7511
7810
7606
7917
8819
8007
7936
7716
6794
6965
7399
7669
7704
8192
8124
7809
7779
8017
6790
7956
8372
6787
8482
7919
8210
8038
6820
6869
7801
8338
6756
7021
8332
8197
8365
8374
8271
7194
8251
7517
7772
7621
7881
7256
7779
7556
112461
7186
7625
7483
7787
7515
7834
7439
7681
7630
7917
7271
7742
7446
7629
7651
7671
7569
7671
7402
8241
10216
8412
7763
7643
8584
7568
7580
7453
7911
7637
7907
7539
7894
7760
7637
8157
7424
8033
7574
8000
7847
7748
7828
7781
7607
7957
7134
7049
7613
7652
7586
7994
7704
7432
7753
7796
8009
7589
7547
7841
7335
7794
7666
7656
7757
7211
7420
7992
7533
7692
7674
7738
7547
7671
7680
7647
7766
7810
7506
7709
7612
7531
7953
8486
7958
7817
7908
7811
7823
7815
7589
7573
7740
7071
6989
8005
7459
7777
7588
7756
7798
7753
7698
7947
7648
7572
7583
7537
7768
7746
6930
32343
7759
7097
7890
7730
7777
7456
7804
7573
7835
7569
7662
7671
7927
7755
8210
7650
7718
7884
7547
7779
7501
7752
7610
7807
7805
7892
7854
7700
7420
8795
7635
7652
7607
7912
8740
7515
7790
7571
7408
7356
7912
7987
7794
7779
7317
7540
6824
7486
7661
7605
7552
7770
7737
7688
7796
7625
6950
6868
8056
7625
7494
7686
7959
7815
7803
7678
7113
7693
7397
7309
7539
7602
7582
7528
17392
7289
8334
7471
7710
6913
7605
7543
7629
7600
7801
7826
7602
7605
7817
7607
7453
7734
7771
7869
7650
7837
7684
8235
7454
7698
7668
7511
7404
8145
7275
7669
7685
7522
7498
18738
6835
7541
7787
8033
7626
7476
7556
7580
7835
17063
7899
7602
7345
7677
7815
7630
6889
7394
7798
7589
16928
7885
7414
7803
7483
7617
7460
7575
7689
7660
7732
7896
7639
7338
7635
7778
7671
7452
7753
8289
7032
7345
8537
6887
7591
7760
7751
7753
7834
7792
8833
7763
7592
8266
8744
7749
7808
7837
7738
7800
7231
7727
7769
7512
7794
7774
7850
7536
7026
8404
106471
8012
7432
7821
7987
7355
7615
7174
7285
7811
7686
7621
7827
7875
6771
7917
7777
7306
7659
7532
7669
7590
7616
7564
7856
7744
6719
8434
8013
7797
7629
7857
7729
7661
7863
7821
8149
7492
7626
7598
7590
7389
7614
8695
7547
7256
8438
7535
7510
7669
7528
7691
7798
7565
7792
7369
7625
7619
7567
7728
7863
7457
7864
7614
7653
7858
7702
8311
7798
7564
21161
7617
7753
6794
8160
8122
7670
7653
7755
7574
7392
8437
7680
7582
7613
7794
7290
7792
7790
7800
7590
7729
7914
7519
7774
7683
7590
7610
7650
7686
7741
18979
7907
7673
7561
7622
8367
7653
7600
7905
7501
7534
7533
7809
7338
7703
-------------------------------------

