EAL: Detected CPU lcores: 20
EAL: Detected NUMA nodes: 1
EAL: Detected shared linkage of DPDK
EAL: Multi-process socket /var/run/dpdk/rte/mp_socket
EAL: Selected IOVA mode 'PA'
EAL: VFIO support initialized
EAL: Probe PCI driver: mlx5_pci (15b3:1015) device: 0000:03:00.1 (socket 0)
TELEMETRY: No legacy callbacks, legacy socket not created
Count core: 1
Number of queues: 1
Connecting to port 0 with 1 queues
ip: 192.168.1.1
server port is 8080
Expect the server to change the location of timestamp by 20 bytes
sending ARP requests
mac address for server 192.168.1.1 received: 9c:dc:71:5b:42:81
ARP requests finished
-------------------------------------
22336
20612
19106
21777
16287
21787
16756
21904
15638
22821
15661
22503
15651
22369
16153
18667
19163
22450
18985
19056
16311
18975
22055
19534
15434
19086
18848
23819
15220
22296
18942
15153
22905
15886
18651
20087
27805
13111
12572
20046
21171
23156
15889
21901
18694
8405
9884
19601
18229
20251
19025
19738
17402
23507
19732
24103
11916
18239
18895
18861
22209
16026
22791
15528
18865
22349
15752
22620
19792
14600
19474
18945
22507
19153
19206
16324
18717
19591
19919
20813
17887
17439
23273
15086
19042
19715
22724
17901
16525
32652
21084
24733
14654
20127
33432
181442
69275
13479
16097
19364
20478
17466
24298
17389
16150
21787
15874
20476
21205
16733
21696
16596
18000
23056
20251
15258
21138
19865
16074
19370
18948
23035
16360
17721
83364
149967
41947
24507
19152
14839
19943
19285
19107
19353
23623
15218
21835
18557
16473
22504
16388
21954
16933
19130
22013
18990
19400
16388
26912
14582
19124
16938
19753
17785
25897
16430
18720
15399
22865
19106
15810
22334
16518
32565
20374
19584
19775
24378
19248
19102
17593
20960
15730
33646
20627
20441
22333
15613
23240
19245
19432
15348
28446
14087
19315
18495
20026
18582
21697
19576
19837
17717
20846
19961
18101
16626
23250
18369
19304
16392
20044
18957
18695
22275
17068
21552
16385
19157
20199
22241
19220
15804
22340
17194
21300
19510
15852
19738
19412
22300
16202
35491
20292
22354
17156
21263
19742
25574
12489
19912
14534
23492
16159
19638
18364
19489
19754
22326
20265
15783
19355
22240
16753
18311
22796
19099
20171
18601
16432
19269
21835
19944
19117
20025
18715
22784
13527
18746
22640
15981
22412
19100
16714
19070
19697
22351
19061
20190
29651
19576
18514
19888
20324
18621
19137
20112
20170
20526
22567
19338
16282
19194
22964
19569
15170
22805
16235
22312
16057
22555
19691
16452
22224
18969
16570
19670
22222
15629
20058
22051
32348
20179
22874
16037
22246
19603
19830
17110
20949
16350
22331
19774
16391
19523
21749
15997
22433
20492
18949
20035
17782
16705
22501
16714
21590
16928
18944
22115
19489
19722
16697
22080
19236
17002
22085
15986
21922
19991
16035
20040
21262
16550
20400
21097
17015
22179
19923
18630
16000
23480
18010
17011
19235
19279
18714
27980
14383
16733
21845
18896
16995
18420
23541
18768
7789
14367
17730
17105
19738
24123
18697
17088
17919
19101
28705
13238
16253
20081
20087
19059
171936
44216
29201
19386
16246
18114
23762
16110
22143
16913
22631
16116
32794
18720
19461
20268
18908
19967
20472
23536
19925
29958
20082
32336
8605
22174
16111
20465
8277
235526
120061
19996
19266
19718
16158
19341
19289
22206
16658
22392
16210
19748
21948
19359
19697
18800
19966
27425
10894
19841
15131
20244
18877
18929
21424
19157
8951
12336
22782
15506
22147
16827
23019
18663
16396
18606
23067
19017
19495
18962
17220
21681
19687
15727
22876
15694
19248
22583
17276
17744
19769
22629
19246
19586
17191
21651
17338
21144
19691
16679
21709
20359
18216
17122
19178
21892
19989
15876
20478
20568
19993
16553
22274
16138
22139
16911
18692
22758
19288
19282
16830
31711
10589
15090
19053
20164
22304
19144
20451
15202
19329
22644
18977
16138
22657
20425
18320
19188
19388
19497
30868
21938
16587
19360
22446
16066
19547
22080
19204
19866
16476
22101
16407
22052
20106
300398
24297
22319
13320
19118
18457
19759
22261
16919
21936
16571
19620
19141
22523
15903
22461
19397
20023
15995
21722
16344
26766
15425
17023
18036
22957
16440
22362
16492
22391
16769
18676
22119
16436
19703
22062
19408
16750
18698
22806
19024
19059
17637
21620
20058
15614
19001
22893
15917
22789
18628
16215
23005
15465
23170
16138
19698
19281
19390
21897
31169
20158
24260
15575
22677
16412
29061
9940
21783
16264
19490
19321
22524
20153
15286
20857
21315
15302
23135
20046
18599
16719
19193
19433
18912
34144
29139
11596
19549
19292
19085
19685
22491
19279
16482
22082
16415
22755
16085
19228
22190
18857
16500
22964
15561
23320
16128
22276
16208
22863
18982
19551
19324
18676
16548
22357
19621
16126
22179
19247
19637
31300
20400
20604
22562
19262
18718
16231
20069
19358
27731
10714
18692
20285
18718
20010
22343
15948
22425
167600
32211
10484
18334
16792
18676
23297
18804
20586
30599
19723
23593
15491
23117
17015
18444
22220
17192
28116
13615
19001
14990
23625
19078
19271
16750
19213
22443
7809
189930
124416
23225
20578
16404
23004
19256
16413
19210
19307
22696
18424
19686
19610
19482
15294
23148
16200
18559
25090
17651
15605
20346
19024
18918
39384
19135
16796
18533
23517
16650
18753
18646
20148
19736
19128
21870
15981
22757
19127
16296
22658
16405
19826
27292
13427
16833
22323
16850
18678
19580
19579
22615
15937
18889
22769
15944
19551
22685
16143
18704
22981
16801
18699
22769
19344
16256
20190
18262
22671
16034
20486
18355
22164
19738
18805
17292
18453
19927
18574
22292
19878
19688
15116
23856
18401
16852
19159
19220
31616
20143
20504
20046
18578
18768
19689
20235
20796
19372
22857
16720
18811
23458
18426
15878
19402
23379
18879
23819
14866
19244
16614
18808
20204
18882
22315
19546
16265
18899
22400
19353
16092
19320
20134
22123
16251
22412
19722
15743
19759
19619
19077
22042
16084
19178
20577
21714
19195
19625
16505
19553
19239
22125
15882
23124
18475
19803
18886
16688
22247
19528
19308
16565
8878
16361
16123
21844
16845
18487
22819
19382
16893
18463
28919
10898
18258
22296
19671
16405
22142
17070
18981
19248
20589
20858
19863
18998
19535
15861
22894
19402
20071
18484
19611
18507
16445
19230
19881
22178
19184
16409
19894
18910
22660
19494
18966
20107
18376
17076
34005
19543
19712
33829
9795
18802
19371
19241
20000
25222
9646
19837
18126
20327
22400
19492
16650
18837
20348
21369
19302
16189
18931
19933
19966
19174
22172
20026
24647
13276
15984
19137
19876
19608
22113
19358
19280
19187
19407
19539
19773
19086
19581
16195
19670
18734
22399
16026
21994
20247
16005
19856
21194
16933
22053
19502
16336
160778
23204
9444
18736
22553
16042
19379
23297
18475
16491
19220
22845
19051
16485
19310
19472
22815
18716
19420
19382
15491
19919
19560
21910
16827
22258
19460
16129
7007
212584
122076
19982
21643
19545
7779
16456
19976
19211
16013
18995
22967
16229
19290
22971
15752
19353
22434
19459
19330
16244
22041
16723
22606
18666
19553
16584
19352
22086
19731
15865
19682
21882
19808
16548
33303
20188
18707
20415
20648
22331
19760
19069
16215
19492
17124
22358
18748
16279
19623
19178
22079
19706
15467
23534
15435
22695
17268
18741
19283
28518
10131
7078
18023
16132
22261
16610
23216
18172
16297
20102
22248
16053
22271
19402
16427
22381
19209
19723
19459
19173
15706
20148
19100
18682
22820
16977
22754
19140
16124
22051
15733
19804
22186
19491
19098
24481
12412
19289
17661
19923
19651
22777
15508
23338
7198
15005
15246
20121
18196
23235
16489
21738
19356
16389
28671
13537
15618
19143
19431
22714
16326
18598
19730
19694
19746
22161
18949
19762
15841
22773
18907
19792
16212
19810
22028
15808
22797
18964
16510
22158
16889
22295
18763
19908
16789
21534
16767
21774
19907
19098
19320
19768
19288
15965
23616
16037
22670
18100
17057
26902
14589
18941
16124
22409
19625
16595
19105
22400
19845
18516
16853
19103
19282
19278
19099
19776
22628
19028
26272
12603
16186
19702
22302
15972
19787
18703
23143
18943
18936
16944
19359
18605
20232
21433
16485
22920
19689
18772
19269
17069
21558
16525
18898
22498
16587
22373
19721
16446
18920
22338
19568
18959
19714
15721
28135
10907
18892
19759
19340
22183
19974
16268
22071
8605
13714
15662
19502
20123
18440
19794
19138
19001
19905
28889
13112
15758
23041
16066
22251
15817
22608
19329
17015
19322
21761
16978
18605
19896
22091
16687
21780
16831
19569
19022
22282
160329
41809
20606
20008
22400
27562
10912
16612
22898
15492
22697
16432
22481
15594
22996
16431
22112
16491
22354
19090
19514
19199
16326
22288
16758
18874
22988
16482
18190
195020
124124
22498
21092
23945
15876
22962
15403
23193
19349
16143
19924
29543
8472
19218
19945
18876
22637
16078
23122
15517
19750
22491
16200
22011
19691
19271
19311
19498
18935
17117
22129
16504
22363
15824
22123
16306
22362
16554
19693
22184
19624
16065
22598
19579
18649
19239
16319
23292
18886
19205
19099
16662
22567
16358
19166
22154
32009
23961
19305
14982
23738
19279
16528
22252
16259
18815
22596
16466
18094
20876
21793
19522
19825
16097
18440
31183
8617
19103
19101
22664
19874
16108
21712
15969
20953
21380
16766
18701
19996
19048
19168
18860
20208
22052
19491
19228
16073
22676
16528
22916
18672
16420
19493
19022
22178
19269
19746
15703
19597
22785
16076
22242
19743
19303
14563
21273
22103
19580
19035
16666
7335
17534
19950
15981
21669
16794
18843
18965
22736
19090
25276
10974
18680
22942
19096
19264
16217
22437
16230
20091
18538
19158
20113
18974
19289
22780
19062
16367
22404
16109
22898
19099
19150
16395
19812
18841
22378
17171
21846
19526
19895
16193
21878
19302
16418
19368
22692
15430
22942
15456
19964
21912
17499
18305
22703
23266
12712
19423
21474
19646
16025
19832
22693
18887
19810
18920
16300
18795
20399
22717
15272
22491
16636
19226
26902
12189
22220
15889
20224
22436
18476
16853
21904
20061
18676
19636
19507
16000
22256
16335
19749
22755
16247
18700
22496
16704
22313
15805
22783
16367
18772
23125
18928
19121
20164
16241
21739
16510
19266
19491
22707
16280
19447
17856
23475
16115
19832
19203
22015
7360
14382
16232
18730
20507
19343
18796
19863
19041
22841
29686
19022
19918
18716
10178
15260
171353
32613
34874
10253
16800
17818
22640
19616
19717
19915
18462
16836
19564
21689
15941
19953
15621
19704
18907
19588
22781
30056
18757
9944
18376
19179
16687
19328
8503
191992
123958
22179
18936
19568
19891
22287
15769
19789
30189
11307
19941
15716
22502
19611
19388
16572
18909
22502
18842
20023
15804
19186
19687
22236
16592
22593
19096
22981
15626
16793
19107
22110
19738
18753
19723
15915
19945
19606
18898
19809
19286
21566
17035
19146
19264
22963
15488
19562
19229
19747
22880
18324
20138
15846
22160
16247
18937
22920
19562
19210
16156
22368
16901
26155
11936
19227
19470
19634
22502
19801
18912
16311
7907
16371
17167
17994
19851
19956
22683
19148
19343
16013
30005
9423
18112
23071
16347
19720
22130
19331
16201
20967
20579
16856
22600
15933
22471
16021
22319
15853
20712
18868
19204
22228
15840
19469
22684
19543
19096
16852
21758
16271
19487
19663
22615
15932
22260
19633
19317
15710
22631
15164
20656
19578
18649
22864
19271
30138
19020
18894
19694
20264
19139
19146
18495
19402
19783
12410
12819
19191
22418
16368
19543
21941
19571
16164
30334
8176
22351
16629
22028
16832
18800
22836
19471
16308
18446
23572
16244
19220
19148
22461
19071
16233
23613
15580
22253
19635
19169
19482
16037
21972
20258
19308
15869
33738
27491
16517
16430
19764
18866
19103
22841
19041
19723
15040
23611
18897
16206
22778
19466
40393
18481
15816
15442
21138
18119
22820
17020
18720
19518
19056
22580
15968
19936
22364
19214
19473
19142
19347
20444
17902
19119
16707
19753
19066
19624
19648
18797
19645
19102
19653
18878
22252
16775
19309
19222
19596
21981
19646
16062
22111
16759
22796
17157
21438
19400
19214
19388
16373
23196
15105
19306
19151
20000
21898
25713
13415
16188
18474
22984
19376
16725
18658
19502
153353
34696
19530
18826
18638
19252
19630
20334
19303
23236
21271
18921
16052
20031
19610
18290
23050
19404
28927
20466
20978
20204
19923
19398
22030
16879
18714
20323
7533
223597
124448
20566
19259
19712
9861
18665
16766
22394
16337
21860
16780
18926
18641
22792
17207
21597
16629
21903
20381
15517
19258
22993
19293
15653
34261
20128
22994
16589
20253
18785
19502
19161
19628
8092
13346
19223
19870
22379
19210
19035
16899
19035
22790
24061
10984
19251
22880
15627
19984
22287
15713
20502
19542
21737
15611
23190
19320
19238
18928
19502
16626
19439
19938
21449
20070
18744
16061
22451
19659
16337
22392
16287
19574
19306
22413
18862
16507
19845
22035
18927
16233
22938
32390
23264
16260
22592
19288
16347
28755
9697
21948
15902
23282
16366
18724
22915
16190
18956
22542
16557
7180
22902
18947
19270
16208
20074
21948
19744
19047
19248
16666
22228
16205
19654
18319
23365
19172
18797
19865
19020
15892
22499
15970
20298
23102
19205
18299
20534
15376
22553
19403
15918
23271
15101
20441
18635
19924
19164
19277
18879
22958
15575
20472
32974
20384
20609
35109
20525
22875
18898
16170
22648
19904
18520
16811
18013
20706
22163
16767
18952
22731
19077
15675
23325
15027
20564
22266
19546
15850
19225
19548
28075
10311
19210
20210
22071
16479
22310
16205
22838
15791
19055
19414
22652
19630
16636
21554
19850
15815
20113
21808
15875
19765
22241
19260
15972
20224
23107
17206
17251
22574
16034
22360
19385
19776
15809
22625
17088
18670
22710
20263
18442
15282
14487
22137
15768
33784
18380
21015
18764
20598
19005
20343
23293
15507
23148
17082
18800
18828
19182
19383
19651
22647
16194
22618
26031
9170
19453
22882
19106
18902
17032
22004
16336
19387
22493
19241
19572
15785
20014
19299
22213
15515
23630
15376
135912
23978
16256
22549
19498
19058
16372
20089
21988
18899
19811
18888
19150
16646
22484
16287
20152
18830
18890
20143
18512
22596
19130
19305
19863
19761
18863
16438
8242
234789
122123
15468
22061
16120
22876
19515
15133
20025
22494
16579
19105
22251
16661
8527
13669
22167
18803
17119
18958
19642
19310
21720
19681
15225
23194
19923
18838
15894
19472
22788
15743
23448
15971
22416
16205
22257
16707
19079
18790
22465
20482
15785
18976
19623
22131
16881
21862
20023
15400
27247
14767
17247
18431
22852
15770
19725
19308
22237
16226
22697
16096
19683
18866
19648
23046
18717
19255
16259
32446
20041
19490
19730
20170
18646
19158
19769
18987
18374
19466
19647
19501
18559
9830
18845
19174
16777
19949
21435
19323
19749
19076
16357
21989
16667
19403
22555
19276
18964
20308
16215
22224
18841
19873
18564
24980
11438
21609
15997
19904
22076
17012
19498
22175
7928
10643
22156
16024
22573
16308
22239
16525
19630
18623
20069
19543
18374
20121
19084
19291
22450
19596
16182
22308
16403
22646
18743
20302
15534
22198
16469
22410
17020
21622
19589
16205
22292
16620
22875
18794
16376
22829
18028
20620
18682
19679
16449
19103
22140
19087
20306
18936
19050
35426
23657
18712
16973
18653
22808
19994
19200
15422
22810
15930
19904
19184
22193
16736
19780
21737
16538
19097
21880
16694
22000
16675
19625
22363
22525
16107
15341
20475
19155
22300
19019
16630
22364
16709
22235
18819
16523
22477
15612
22740
19418
16621
22742
19612
15805
22757
15784
22614
16224
19298
22614
16602
18220
19923
20208
21584
16512
22410
15471
20052
19131
22596
15645
34694
20274
21199
21594
16557
22533
19220
15809
22734
15430
23399
19700
18950
19840
19094
15877
19579
19745
21525
17010
22050
19512
19410
19463
18750
25830
13309
16245
216473
96441
17437
19443
15841
20470
21695
16609
22424
16022
22883
18817
16394
19658
30019
11064
16015
20017
22374
16228
19395
19704
21759
16403
19689
19609
19625
21343
20230
8523
202795
71194
10715
19441
19251
22555
18893
19605
15468
23056
19246
19088
19996
18787
18926
17652
21958
18579
17049
20387
8370
12091
19143
19410
22415
16457
22478
18984
19505
16479
26273
15400
16179
22492
19375
29832
18609
10336
18197
17519
19080
22117
16063
22707
15482
22548
16312
19500
19487
18720
23169
19484
19468
18940
19512
19060
19753
20474
18215
19503
15978
19103
19708
19571
21969
17205
18262
19461
22387
17928
18661
21558
16819
19179
22192
19378
16458
18739
18657
23594
19783
19280
19105
19264
19123
20122
16390
17770
19641
22862
34867
20912
19201
19420
20349
15579
19169
19400
19610
21998
19296
15938
23155
16091
22701
18717
19492
16794
18878
19571
19428
18271
20195
19641
21596
19564
19385
19703
19607
20153
18835
18797
20061
18820
19630
19984
18697
20296
19842
21083
18724
23201
16093
22261
16109
19199
19686
22154
19933
18815
19359
19451
15662
23331
16266
22476
19399
18779
19757
15972
19758
22340
18989
16651
19139
22398
16779
31056
20485
23579
31241
19361
20634
20205
21893
20580
31400
22973
19687
14812
23957
16019
22611
19307
19490
29564
18879
10214
14939
20512
21597
16941
21963
19790
15619
23325
15604
18779
19703
19851
19397
21931
19400
15793
27618
14989
19701
18858
19682
18921
19317
16646
19400
22657
15210
19958
22409
15407
20553
18579
19522
19742
33810
19441
19960
20095
22730
16269
22604
16659
19403
22976
15563
19529
27146
11216
19711
19271
22059
19164
19866
16005
22400
15718
20011
22544
16260
19245
22538
30002
20523
19852
19734
23193
19179
16015
19867
22591
16020
19697
18605
19137
22838
16313
19391
161445
21967
23196
18897
19247
19129
20076
19244
19690
20374
18914
18769
12148
12251
22725
19753
16437
21879
19386
16714
22160
18741
17370
18118
19490
19102
22974
16411
7436
224981
124498
10393
19263
16436
18887
19219
22753
15841
29563
12250
16232
22425
15785
22798
16379
19102
23181
16333
22620
15690
19782
19307
22174
15827
20292
21786
19387
24283
10925
19907
22669
16102
18926
19263
19800
22430
16949
21602
19492
16805
22094
19117
19585
16409
21947
19710
19203
19226
15775
22849
19680
15450
20504
21671
19903
15458
19755
23040
18962
16181
21841
16339
20049
21977
16509
19073
18404
20186
19973
21706
19496
16496
41546
14084
22639
15436
19823
19483
18975
22351
19646
15583
34084
20545
20879
19493
19059
19643
22625
18820
16920
19207
19192
18938
19486
22856
15802
22714
19320
16055
19489
18870
22926
16057
19357
19342
22366
16069
23079
15907
22132
17069
18261
22677
20232
15325
22577
16675
19742
18984
21913
15927
22815
16273
22639
15892
19860
22215
16614
28233
26015
20588
22151
16410
22213
20265
26063
12117
16257
18430
19969
19721
21783
16859
18762
20878
18328
22322
15719
20134
21736
17012
18490
20067
22069
24456
14161
15503
20149
19172
19787
22902
15865
19163
19384
22377
19479
19241
16099
22750
16016
19317
19577
22876
18883
16370
22248
19432
19389
20200
15142
19035
23223
19512
19316
16020
19860
18951
22231
19285
16472
22969
15870
25436
12116
23133
19379
16071
19200
20082
27643
13513
17041
18681
23126
18476
19541
19448
16468
19731
34108
18841
19522
18738
18661
12417
12932
18794
19541
32169
20128
19522
18998
19574
20540
20488
20503
19174
18977
22635
19183
19720
16087
19633
22384
19118
16589
19626
18745
19443
20047
18321
22733
18869
16897
22379
16191
19810
21676
20414
15746
22186
15808
23025
18900
134987
34051
19398
20025
20656
18235
19945
22951
15716
19585
19764
21941
19315
16590
21919
19505
19569
18946
23068
12557
21077
14755
22756
16763
22358
15564
22904
31235
7097
229632
98613
17077
19180
19059
19521
19123
17133
21250
16718
22460
16006
19471
19429
22437
19198
19999
15909
22038
30848
18887
19685
19307
19089
19175
14061
14122
16133
35630
20032
19466
19139
22215
20005
23066
15597
15232
19172
19646
19485
22962
15632
23778
16465
18399
22046
15576
23062
19608
16194
19723
22498
15564
25953
16430
16810
19062
21774
19457
19430
17523
21570
16079
19765
18314
23159
15400
23142
19306
15372
23427
16620
22085
15081
20257
19432
19384
22548
19442
19292
19334
19410
19118
16697
19184
22235
15736
19431
19888
19399
18891
20082
23983
14217
19301
19846
19163
21954
19886
13310
19286
18366
20692
19364
18837
22280
15684
19355
19712
23054
15461
18981
23384
16170
22283
16248
15744
15734
22643
15430
23384
18970
15946
22611
15626
35600
24043
19951
29281
19713
20498
24117
16310
21910
23729
15201
16076
19239
22429
19237
16691
18986
19621
7194
17615
16630
18602
23368
15786
21984
16835
22197
19282
25456
13687
15846
23053
19173
15604
19558
22946
16528
22830
15614
18576
20152
18523
20113
22912
18519
18905
17292
18743
22876
19544
19104
18882
19693
19027
19540
16816
19123
19110
23020
15351
19662
22570
16076
21942
20107
16229
22207
14699
19241
23907
16096
23062
18964
27451
11459
15486
19682
20291
19117
19451
19157
22499
19738
18757
19187
15720
19692
22349
16163
23616
18723
16388
32019
19442
10270
18645
19430
16215
22285
15928
19814
22697
19138
19025
16548
22149
16651
19445
22216
16417
19733
18693
19982
21440
19700
19227
19575
16379
22449
16733
19075
18550
22574
16971
19729
21309
19446
19801
23799
14531
172640
45707
20354
20582
23015
19289
19912
18906
19029
19112
16830
22362
16626
19275
19299
18943
23360
15634
19319
23057
15503
19625
18641
19589
19608
30364
11498
19482
15225
190017
123781
14524
19625
18918
22619
16235
22639
19497
19121
19035
16276
22420
16474
19694
18836
18948
20068
23177
18324
19402
19908
15919
23154
18496
15548
22170
17499
18944
19221
19372
19307
28817
13344
15553
19303
20308
19426
21970
19082
19560
16617
22697
15549
18325
20861
19268
21777
16955
18261
23206
18808
19676
16489
22301
19865
15425
22761
17052
21618
17752
18066
22851
19298
18706
16671
22564
15348
19981
22682
15810
22817
19502
18655
16195
22897
16502
18820
20323
21919
16236
18919
22610
19514
18825
18697
20247
20252
18920
17639
16926
23196
18908
16871
22149
16912
26658
11275
22184
16595
22933
19269
18553
16367
19975
19823
18825
18702
18748
20931
21553
17030
19069
19150
19610
30029
11581
19289
16087
19578
22442
16496
18968
22596
15992
22615
19498
19779
15063
19509
22787
16017
19994
19528
21607
31307
18299
19084
19481
19997
20002
18751
19328
20066
19258
19076
19065
19087
20630
24487
19419
18998
15991
22201
16234
22092
16996
22186
19883
18717
31613
20576
20387
19035
21760
19682
19369
19653
19056
19482
18908
16404
18706
23172
16506
19532
19082
19081
22561
28039
7895
21972
19324
16194
22599
19907
18441
17114
22223
16302
19061
19676
22353
19463
15408
20083
18885
23223
18525
16825
22378
19266
19304
16768
18673
19066
20082
18958
22651
19545
18842
19770
19880
19458
15328
33337
20344
18977
19528
18671
20403
20505
23265
16250
27338
11656
18747
18389
19681
19446
22878
19166
19400
16137
22564
19782
15543
20057
22466
16456
21873
16598
22359
28286
10764
15902
22475
19382
19149
16778
19089
19766
18497
19502
22728
16507
148887
33217
13028
20146
16097
21411
19923
16497
22374
19473
19074
16651
19389
21818
16907
19354
18420
22933
15737
19598
19387
22733
16185
22722
15887
19641
22364
16693
8740
229395
123865
7900
13774
17858
19009
19569
19800
19722
19076
22325
16567
29285
10083
18141
22558
17056
21720
16005
22825
16812
19307
19073
22313
19302
19504
16397
18526
22796
16350
23128
18773
19000
19711
15582
19697
22363
19579
19058
19662
18745
20094
16331
18848
16474
22915
16184
22839
30415
20000
23912
30902
19982
20133
23401
19023
15805
27005
26958
19628
19123
19308
19661
19273
20614
20880
7966
15502
17151
18979
19325
19384
22412
19656
16055
22087
19256
17281
17857
20737
19096
18599
22979
19107
19574
16513
22121
19774
15801
19808
18695
19320
22394
16830
19242
22805
15432
22917
15953
19504
19652
22797
16030
21923
19150
16498
22923
16295
18754
22149
16428
22841
19416
16054
19479
23861
14647
19800
21728
19479
19561
41720
13526
19299
15765
20109
18988
20047
19347
19007
19479
22450
19483
15481
22825
19822
15849
21841
16526
19723
21998
19463
16600
22192
19507
18996
16818
22271
19599
16369
18739
19890
19061
19182
19967
18776
19684
18568
23212
17238
17861
22525
16291
22364
19696
19064
19164
20332
15358
19580
22619
16485
22127
16624
18783
19055
23682
18946
16179
18548
19917
21900
16492
22675
16492
30870
10581
15846
18975
20423
19557
21942
16211
22249
16335
34279
19560
19676
20728
19360
22715
19402
16248
19148
30897
8015
22324
15632
23223
16023
22965
18249
20005
16406
19910
21769
19373
15907
22399
19702
16788
22435
16003
18716
19688
19621
19421
22271
19561
18676
16747
19230
22788
15615
22394
17044
21978
15953
18891
20529
29766
8102
19733
19507
19061
22380
19527
16738
22025
9420
12757
16053
18215
20587
22678
15506
152092
21981
26979
14175
16764
18104
23556
16400
22217
16586
18920
20432
18238
19611
22027
19349
16538
22630
19884
19252
15998
18544
22757
15610
23724
19324
15995
18478
7451
230119
96228
13425
22533
16597
23115
19349
18601
15967
28681
10249
19322
18803
23374
15602
23128
19371
18958
7611
14928
15662
19497
22510
18954
16570
22839
15677
19871
22001
16879
19460
21496
20142
15787
19281
18931
22758
16910
18662
22271
16928
22112
19203
16758
21833
19173
17242
21630
16482
19020
22597
15973
22994
16015
22987
19318
19223
16570
21724
18875
20222
15586
19685
21873
31578
19436
20343
35734
20311
19974
20012
21966
18910
20448
15761
18667
18860
23282
19227
16290
19636
18855
18794
22865
17176
18804
22507
15644
22885
16456
18755
23118
23008
15593
18859
15969
19420
20023
19610
21929
19825
18903
17658
18101
23024
15159
19266
22800
19185
16756
22361
19020
19642
19476
19600
15996
315702
12896
43083
8682
22348
16138
20305
18756
18902
22743
18860
16863
22473
15861
18912
20024
19827
19483
18552
22564
16263
28297
10907
21941
19607
16074
22373
16549
19206
19320
22638
19190
16742
18496
19285
23244
16189
22219
19300
19255
19355
19525
15983
19087
19756
22525
16497
22338
17894
17577
18997
22356
19787
15724
22770
19423
15600
28724
13902
16302
17871
23574
16997
19002
19671
21768
7130
15732
18785
15871
20043
18671
19782
22461
15757
19499
27723
14600
19074
19107
16738
21836
19379
15798
23108
16248
19649
21891
19471
19676
19122
16357
18974
19119
23187
18899
16897
19119
22202
16411
19107
22215
19469
17002
22097
16893
21979
15558
22602
16484
20067
19044
19720
18900
22082
15169
24023
15807
19308
22334
16426
25484
27702
18903
19903
19082
20004
19016
18689
19550
19561
19244
20059
19948
19999
23153
18782
16964
22240
178601
44067
17652
21086
20408
19326
15994
19662
19425
26095
15501
15953
22348
17405
15325
22533
16164
22811
16404
22185
16636
17997
23383
19320
16005
19957
18647
19715
23359
178604
124973
22426
16864
22276
19348
16400
34419
20366
23402
19926
18866
15925
22873
16306
18988
29261
9544
7719
13185
20532
19080
22140
16772
18910
19769
34082
20241
19443
20808
22078
16337
18885
22676
16243
23143
15806
19007
22520
16401
19861
22304
18978
16153
20319
18461
22291
19750
16661
21396
19839
16220
23064
18870
16608
21478
19604
16816
18736
22967
15696
19442
22971
16152
19399
22533
15347
23046
16532
22263
18989
19308
16478
22524
15394
23675
15923
19139
19693
19654
28764
9902
21951
15461
19989
19612
19218
22850
15641
22461
30830
19168
19108
19651
18955
19498
18536
20061
20110
31153
10043
21699
19752
19215
19905
19020
16255
21994
16972
21801
16829
22353
19176
18837
17219
19102
19238
22113
19312
18885
16817
22737
18755
19257
16668
22334
19513
18941
16494
22149
19514
16125
19611
22317
19913
21571
16764
16304
18658
19835
22363
16364
19638
19002
10065
15496
18466
16404
19219
19482
22565
19070
19566
16511
19781
19114
18975
19602
19786
18862
19418
22086
19716
16350
19300
19368
19502
22187
19238
16538
18788
22471
20207
18702
19271
19467
16717
19303
21812
16384
19723
19349
22317
15820
19961
21982
19800
18912
16608
19054
21932
19722
19476
30966
20168
24245
16344
18960
19513
30523
11210
19098
16090
22338
16196
23129
16646
21198
17153
22866
18470
15753
23157
16689
18670
22376
19571
15926
23957
17861
15825
23080
16254
22600
19285
15789
23007
16219
19861
19602
21472
16688
22869
19057
15507
20024
22435
16189
22364
19479
19371
19019
16375
19232
19662
22487
19232
19009
19299
16868
18680
22559
16760
18989
19672
19266
156125
32755
20822
18080
23112
16789
22144
18379
21102
18664
23958
14574
16174
19203
22458
17017
19502
21839
16566
34349
20005
23242
15964
23007
19120
22955
16305
18964
8220
224484
123041
19686
20693
23436
16981
22082
15344
19461
19770
22703
18825
15513
19241
23143
16417
23087
18573
16459
22345
15495
22920
16994
21958
19345
18825
17192
22116
16209
21569
17635
21671
31114
20586
20674
22391
19213
19335
16005
19289
19410
30276
8129
22945
15948
19932
21864
16040
23067
15631
20405
21922
19565
15124
22945
17097
18766
22151
16446
22312
24785
14220
19338
19722
16084
18804
22777
19557
16018
20247
21688
16577
18651
19812
19497
22241
19071
16329
19861
21750
19281
16588
19344
19177
22184
19913
18994
19277
16394
20073
21911
19298
19280
19480
19328
15782
23655
15586
22384
21466
16897
16565
22888
18687
16811
27469
14723
15439
18718
22925
16016
19690
19364
19967
21576
31431
317386
13156
18694
17055
18260
23183
16018
23266
15631
19097
19816
21959
18894
19472
16771
19331
22961
15168
22662
20129
15326
23035
15651
19359
19764
33256
20118
18453
19517
19068
9563
15265
22424
16576
8053
13567
19389
17966
23782
16955
18959
19640
22220
19218
24907
11391
8071
13156
19638
22201
18818
16633
19863
18165
19499
23054
19793
16176
22037
19440
16055
23300
16650
18117
22481
16164
19507
22765
16130
22010
16789
22478
16097
19183
33038
20389
18416
19194
20053
18702
24157
17514
22847
15369
20394
19345
19032
19627
19405
32211
20107
20435
19361
18857
19487
20115
20631
19509
16429
32702
19241
9500
19060
16528
18702
19948
21972
16553
28125
10591
22379
19479
15435
22917
19175
16629
23415
16134
21635
16854
21472
16610
21767
19970
16023
19981
22092
15534
19788
19319
19464
19339
19205
19570
19157
23336
15745
19003
22841
179960
43763
19444
15989
22356
16234
19574
22893
16079
22359
16391
19512
18940
22638
19558
19011
16470
33470
19547
20010
21315
22235
19651
15907
19910
21430
19989
18992
16400
176663
124254
24331
23028
17213
20167
19556
19581
18847
19549
18964
19370
19231
19918
22697
18715
16128
22988
15720
22933
16112
19205
22061
19658
16163
23342
18764
16127
22142
16899
19542
21887
23197
29465
21835
19909
19102
16079
22748
30636
18563
17855
30648
19944
18893
19835
19652
20801
31730
10755
16433
21574
16817
21866
19650
19216
19928
8295
13937
18507
15561
22795
19949
18528
20254
16251
18275
28820
10404
19558
19402
22766
15310
19198
19447
19887
19443
22584
19065
16625
21994
16737
19194
22427
16556
19421
19345
22006
19412
19143
19576
19101
16688
19116
20086
21409
16291
19471
22381
16186
22493
16362
19853
19538
18225
22784
16487
22292
19688
18860
16937
22153
25535
12778
16325
19394
22661
15832
22276
16371
22228
17052
21960
16394
19517
22145
19590
15164
20658
18875
23307
24409
13954
16413
21646
16227
22532
16046
19210
19713
22825
15682
19684
19471
19314
19429
22056
16152
20006
19600
21641
19298
16167
22584
16090
22784
15841
19815
19763
19228
22300
16553
19099
18944
22581
19407
15451
28938
10973
18641
19659
22696
18662
16727
22537
16328
19622
22128
15939
18687
23684
19662
15677
19166
19701
19669
32492
20344
18795
19224
18928
19738
18676
18856
20023
8667
16377
19970
21991
15882
19723
22561
19730
16215
18471
19270
19915
22390
16205
22152
16003
22836
16354
19671
18767
22556
16316
22071
19778
19541
19169
15904
33789
18959
9466
31491
20352
22369
19505
19102
16833
26669
14370
16643
18810
20210
21977
16382
19638
18938
18666
23298
16250
19263
22180
17020
19339
21741
19653
15798
22398
16625
18940
19248
19866
19169
163716
21425
10222
20381
18908
15910
20378
21714
17041
21751
19093
19928
24242
11435
21886
19487
15588
20317
22231
19103
16608
20261
21651
16375
18543
20213
18405
19939
8005
189497
123786
23460
19223
19702
18505
20520
20189
23145
7965
10813
22253
16128
22514
17299
21973
16020
19727
19328
28658
9410
19290
22367
19260
19551
16545
21973
16505
22620
15910
22799
16456
18737
22615
19597
15809
19266
20325
18257
22974
19441
16369
22014
16977
18746
19019
20449
18984
22382
16174
22562
18519
19912
19400
16215
23035
18657
16458
21953
16758
22211
16797
22030
19439
31415
19567
21348
18066
20249
22296
16723
22881
15090
19403
33058
18887
19949
20303
19998
18816
19078
20133
19061
20710
20042
18902
19241
22382
16885
19022
22820
16206
20070
17641
20137
19125
19567
18990
22459
19899
15804
20174
18882
19261
19523
22394
15994
22637
19208
16461
20084
18056
19695
22688
19329
17533
20897
19596
18596
21097
18445
16264
19293
22801
15527
22174
19872
16272
30309
12179
18752
15485
19732
19701
22682
18917
19094
19821
19219
15977
19177
19791
19200
19393
19811
18893
21964
26112
13323
15918
19968
21592
16933
21697
15993
21049
19034
19323
15878
19842
19487
22199
20307
14811
19846
19526
19648
19099
19477
22166
18822
16926
18864
22317
17611
18123
22987
19929
16958
18150
22282
23047
12834
22825
15918
18531
19613
22647
16230
22332
19731
19071
17031
21754
19277
15739
22697
19489
17148
21363
19348
16573
25973
16010
15235
22980
16877
19275
19328
22111
19544
16004
19316
22738
15940
20025
18449
19853
19651
19128
19723
22089
15886
19536
19216
22219
16050
20065
19610
19404
22606
18635
19153
16111
19786
22780
18978
16749
22860
15646
22046
31611
20030
23602
29563
19018
19522
23869
17839
23276
16349
21857
16210
22175
19905
18983
142897
20776
28194
20830
19232
16328
19090
20054
19117
33987
20080
23298
22051
16620
19894
19241
18989
16864
38790
16743
22281
15508
22884
19625
19084
16014
23004
16969
8126
231823
129815
12491
20135
18858
19644
19127
20112
19307
19220
15906
18887
19877
19412
19293
18285
23402
15676
19032
23759
15005
19667
23060
18909
19483
19090
16748
18752
19287
22900
16952
18848
19275
19637
9503
14991
8706
9512
23127
19766
18846
19784
15595
19884
19818
18635
18321
20544
19318
19437
22176
16354
19890
19984
18281
22076
16697
22307
16641
21779
16528
18885
19172
23132
19146
16483
21860
16520
19780
22713
18707
16595
21960
19579
19650
16184
18705
20297
21519
17333
25405
12936
19054
19338
19499
19168
23002
16270
21752
31538
19187
19646
19943
19666
22954
16404
19340
22353
22257
17922
14753
19025
23662
15299
19983
21715
19944
16266
29425
8807
7281
15194
18926
19616
19087
22533
16964
18824
19254
18877
22330
16835
22010
16192
19302
23037
19211
16107
22953
18665
19321
19315
19304
16796
21609
17020
21856
16519
23274
15861
22012
16104
22867
15930
33329
19405
18666
9660
18518
19757
19672
19569
18384
18702
16808
19494
19616
19427
22536
16336
19143
22518
19099
16256
19205
18467
23176
19344
19866
16206
19227
22180
16792
19087
22624
19676
15320
19450
19707
22019
16944
19804
21735
16967
18717
18880
19811
22514
18740
19764
16436
19207
19319
19840
21910
16281
22839
16225
21894
30968
19984
18959
23101
17435
19720
22421
19338
19285
10435
12073
18651
16664
19076
22260
15748
20564
22020
18901
30951
20562
20575
19089
22535
16656
19338
22455
19123
24830
14281
15696
22308
17081
21907
19938
18344
16766
20104
21426
19646
16400
19722
22081
19109
16449
22056
16876
19247
22047
19884
16230
22249
16097
21999
16435
19870
22494
151452
26051
12047
22415
16369
22396
16245
19323
19129
20035
18688
19537
22195
16180
19783
19315
19041
22364
19384
16930
18939
22201
19489
16567
18858
33305
18722
19683
10147
228282
97363
17053
19865
16615
7446
16850
19692
30714
19830
19350
20594
20046
19487
22595
19151
15773
19688
21963
16789
22544
19633
18585
19854
19621
18632
19217
16830
18466
22882
16480
19456
22201
15851
19032
34302
20136
19261
19988
19117
18744
20202
20561
28758
7876
21025
23116
15434
22371
19529
8576
10489
19503
19489
18603
22779
16203
19584
19647
18701
27650
14310
7523
14767
15553
19461
22753
15796
22482
16855
18324
19953
19442
22339
19138
19878
18729
19483
16873
21928
19415
16395
22008
19600
19970
16349
20181
21620
18827
15917
20904
18215
19782
19464
18057
19725
28318
11904
15815
18505
23205
16593
19097
19486
19370
8359
16469
19245
19084
19497
20067
18769
19100
16606
22331
25242
13666
16125
19584
22211
18853
19741
16329
18995
20005
18909
19226
18884
20747
17895
20491
18099
23099
19640
16087
21984
16880
22537
15923
18906
19845
19061
19723
22015
19787
19505
15390
22904
19282
19191
19527
20588
18315
18988
16369
22598
16537
18998
19512
19317
27272
11151
22290
16471
19505
19240
23417
18802
19084
16617
21740
16042
22974
16678
21880
16692
22497
15728
22155
25432
10543
19092
22797
16589
22027
19410
19158
17090
21856
16228
22989
19267
16265
18397
19971
19468
18901
20007
19184
19080
19519
19549
22209
16005
19361
18902
23558
18817
16101
23452
14685
19921
21846
20157
16710
27353
10943
22434
16025
19241
23018
15902
18821
20251
7845
16902
18797
15921
20370
22518
18698
16470
19321
22181
25767
12758
17012
19366
19064
23154
18483
16707
19195
19811
19075
18783
19922
18852
19706
21898
19706
16046
23133
18951
19044
16851
161134
33507
17605
16912
18388
19741
19767
22099
19645
15675
22716
16147
22857
16339
19266
19328
22544
18884
16472
19398
21828
16897
22276
19786
19348
19018
15785
20205
7943
225477
123661
20675
21014
23036
15347
23579
19108
15943
22740
16752
22115
22915
12985
18458
19841
19459
19528
22339
16295
18701
20672
18473
22774
19266
16756
21754
16647
22029
16966
22074
19110
18990
16379
22791
15655
22688
19405
16193
22553
19311
15933
23137
15911
19673
19445
18634
19364
22977
16207
26988
10542
23317
19121
17023
22652
19103
30920
20295
20220
19786
22018
19570
18781
17033
21934
19553
16502
21871
16138
19698
19514
19120
19596
21838
16254
22225
19461
16854
22191
16456
22117
16834
21720
16729
19187
19766
22023
19327
19325
19769
15974
19922
21754
16395
19602
21840
20351
18775
15615
22904
19271
16443
22972
16526
18641
19234
22386
16046
19682
22744
19149
22289
13458
22404
16251
18784
19965
22086
20066
18520
7852
14302
15651
19156
23020
18836
19630
19224
16439
19840
25632
15665
15797
20412
18972
19151
19876
21856
16001
21172
18797
21775
15712
22538
17000
18896
22543
18766
16607
22673
19359
19051
16326
22478
15794
19997
22435
16177
19343
22584
19077
16653
22197
19505
16415
19305
22285
16010
22543
15170
20521
22209
19438
19178
17367
25774
12717
18662
18442
23697
16341
21748
17232
21660
19673
19148
15992
19532
19500
19601
22269
15591
19549
19180
26798
12430
20205
18279
19287
22776
19448
16323
19109
23125
18845
19506
19412
15335
20092
19466
22275
18985
20047
15574
22717
18737
16651
18809
20184
22502
15491
20373
21643
19461
19468
19592
19035
19323
16390
18950
27012
12144
19540
18441
19720
19791
22012
16789
22454
8208
23969
19088
19036
20620
19261
20033
19148
19682
19233
19379
20485
19811
22491
16678
22228
157583
21764
10464
22969
18923
14713
24058
19012
15706
20450
21951
16854
18593
18911
7164
18564
19184
18904
19933
15575
20097
19218
21853
16446
19682
19303
23053
15395
8656
205909
122626
9879
19522
22369
16409
18887
19778
22694
19413
19501
18867
15210
20118
19820
18756
20108
19328
19238
33902
18821
18286
20309
19909
19934
23618
20208
15702
7245
17846
16252
22846
21447
16922
16405
19259
19418
22955
19097
16204
19762
15835
19976
19762
18384
22368
19825
16153
22802
16188
18358
22922
19369
16329
19367
34187
19388
19994
35275
21517
19905
22169
16005
20165
22393
18193
16681
18962
22476
16743
22537
18745
19679
8093
14261
16154
19252
19278
22323
15923
18987
23433
15665
29894
8699
22496
16938
19110
22758
15569
20350
22218
17051
21800
18550
16396
19543
21653
19720
16653
22112
20167
15199
19254
22979
18726
16725
19191
22467
19446
20090
18855
16446
21810
19548
19467
19379
16246
19077
26613
11772
22748
15620
23589
18879
19733
16233
21700
29534
19804
19366
20302
19107
20069
20558
22795
16733
19169
22732
19503
15579
19947
22738
14964
20284
19379
33184
31213
13234
16728
22208
19920
19102
18643
16618
22184
20074
16146
22552
19257
16328
21687
20332
15928
22085
16398
19680
21975
16001
22514
16620
19695
19043
21949
17111
22120
16625
21973
16586
22685
18859
15591
19701
19812
19502
22054
20852
18416
17056
17722
22553
16020
45114
14200
18757
16166
20092
19413
19263
19190
19235
19023
22569
15933
28385
11049
19411
19304
22138
16328
22394
20010
15280
19181
19662
22516
19600
16385
22720
16234
22173
18901
16281
19995
21469
16822
22379
19286
16600
18902
23269
19070
15810
22396
19311
16769
19547
21636
16552
22703
15763
32553
19902
19793
19921
19862
20328
35333
20875
22547
20089
15610
19097
22667
16556
22222
134097
22794
16182
22631
18927
16155
22715
19174
19706
30956
20223
23372
29528
9597
16030
22368
16391
22062
23923
11780
29259
8916
23153
15774
23096
18839
16051
20097
8077
241051
124490
20533
19926
19721
20103
20654
22368
19389
15974
22516
18984
16354
22391
17033
21761
19610
16650
19338
21847
19670
15981
22309
19773
18700
20282
17642
20860
31432
21169
19333
22104
16328
18645
35651
20988
13781
16410
22140
16847
18456
23107
16676
11275
9660
19897
18436
22863
19564
19647
16590
18769
22278
30157
9476
18332
20013
19221
16410
22225
20094
15389
19751
22280
19289
15907
22100
19598
19995
18820
19728
16205
19453
19487
21606
19284
19830
16164
19653
19446
22131
20164
18769
19488
16081
19388
19278
22555
15472
35064
20826
20034
18707
22448
19126
16419
19852
19220
30064
8875
18382
19176
22822
16655
22943
19051
16150
19328
19025
19243
19014
22563
16841
19143
22461
19674
22114
18984
15441
23734
18999
15707
19807
19264
22601
24709
10621
19468
18514
19707
22702
20207
18640
19076
8721
13278
15935
19097
20324
21975
19704
16099
22915
18479
25251
10996
8355
12938
19638
18949
19840
22051
19789
16509
21866
16707
19258
19302
22437
18902
19680
19247
19661
16359
22328
16728
22118
16024
19217
22498
16307
19808
18906
22187
19702
18993
16492
22554
18974
15921
24042
15081
22071
16230
23535
18864
19160
19648
16328
8975
16271
19000
16200
22272
20457
15319
22251
16909
22231
25779
12509
16324
19094
19371
22784
16405
22964
15814
19806
18174
19536
19022
22966
16598
18778
19427
19323
19467
19589
18878
22718
19306
19414
19062
19810
16020
22971
19429
18867
19448
16440
18748
22381
19850
19324
31560
23963
19408
20052
16074
22322
18778
16720
18189
30832
9059
19094
18945
19554
22296
19693
18985
19785
16975
21346
181973
47782
11122
22574
18902
19257
16058
34735
20744
19765
22883
16126
19597
17100
18592
19559
28507
9852
19460
18992
19867
22761
18696
19536
19501
17009
18195
19943
17619
162465
149199
23778
15633
16558
22476
16513
22057
19918
15688
19682
22162
17020
19074
22644
18435
16292
22482
16670
22199
19382
19055
19580
23171
15913
15532
22446
17451
22122
18584
20304
16057
19955
21247
15786
20069
18666
23091
16229
22465
19490
19173
20465
18607
15132
23082
29806
9673
15639
22431
18962
17583
21360
16601
19220
21831
16834
19219
19328
22834
16353
19103
19301
22206
16020
22556
16111
22754
19503
16693
19323
18619
22599
19707
18894
19928
16405
22307
19528
16531
22174
31027
20732
19562
19641
22195
19694
25657
9382
19301
22289
16385
19492
22385
19543
19195
15929
22378
16516
19242
22717
19120
16851
21935
16550
22237
25039
13663
18953
16747
19503
22052
20066
18809
19923
16809
18285
19640
19198
22554
15957
19492
19143
22030
17255
21562
16412
19287
22354
16664
22283
19173
15891
19825
19180
19475
19926
21717
19458
16776
21781
19780
19899
15605
7746
17148
19349
18808
15823
20054
22963
8728
12925
15624
20465
21901
18943
16816
19461
22019
16147
29202
12891
16225
23000
16195
18579
22513
16689
19533
19583
19087
22674
15832
22746
18682
19911
16588
18158
20205
19503
21519
16993
21992
15907
19203
23307
15341
20443
18303
20523
21838
16209
19802
19506
22382
18481
20035
18860
19938
15425
20089
22965
15241
22268
19279
23607
12366
22786
14903
23336
16751
21715
20037
15851
22833
19159
19528
16130
19678
22414
19013
19369
19624
16293
21150
20483
19237
19325
19792
16325
22155
18641
19827
19462
16391
19303
18617
23413
18947
16759
22045
15775
23063
16450
19463
19289
22021
16133
22622
16167
18711
19929
19809
22036
19514
178261
44102
20353
19697
16891
22472
18819
19363
15933
22928
16039
22667
15728
20128
22128
16056
19491
22239
19117
16558
18878
23174
19598
19963
15297
19579
22296
16071
18893
179805
124871
20215
34425
10264
7658
11355
18942
20326
21704
16218
22441
16969
21522
17003
18756
19883
22097
16271
19241
22115
17328
21974
19985
18884
18579
19404
16800
22209
16852
21934
15994
22535
32317
19989
19792
19702
21769
17013
21493
19471
19312
16210
22791
19621
16324
19299
22384
18440
16930
22261
16488
22133
20190
16035
19249
19527
22111
18919
16887
19273
19106
19525
19406
22633
19030
15744
20644
18494
22041
19717
15986
23195
19089
17312
18620
22240
15701
22861
15890
22407
15771
23538
19150
16124
19521
22180
19093
20117
15817
22631
15538
23101
16210
34287
20756
22968
20438
14516
19614
23128
15687
23104
26205
9387
18935
19599
19566
21668
16781
23067
18117
18076
17792
22197
16368
22784
16034
19543
22442
19330
19389
30465
20112
20415
19690
22416
19888
18702
19711
18938
8172
14170
16622
18866
19419
19728
22020
15648
22917
19750
19020
19082
16653
18997
22461
16205
19876
21986
20149
15856
21893
16976
19224
18697
22769
16650
18647
22614
19552
16260
19066
19687
22239
16243
19802
22139
29229
20526
18938
19721
19851
19048
19431
19685
20452
20495
22574
16564
18131
23603
19001
18980
16705
19222
19627
31240
10252
16575
22395
19466
16066
22131
20138
15809
18655
22769
16570
23097
18697
16211
19384
22065
19192
19668
16077
19751
22055
19682
16612
16805
22302
16405
22005
16400
19069
20028
22293
15993
22865
15401
19714
23385
18583
19613
19423
19363
19066
16324
22157
16630
7528
16904
16306
22630
19183
16871
22070
19148
16327
19943
21887
16343
18970
22769
19700
15783
22964
18852
16096
19678
22956
16144
22040
15871
19642
171271
32608
20376
20938
23177
15536
23404
15902
19793
19497
21754
19517
27214
7854
23169
16136
19772
18923
22510
19364
15610
24225
15166
22635
19180
19384
15846
22702
8718
209312
124117
22073
15019
20757
18669
22217
19370
17164
18976
19169
19631
18202
23277
19470
15811
23378
15812
21937
30643
19464
19709
19083
19115
19999
19003
18968
19635
7278
17033
23029
16106
19256
19003
18623
22998
19607
20613
18256
19082
19424
19871
16041
18318
20265
19562
21732
17243
18508
22742
18906
19677
15886
19968
19018
23700
14833
19652
18091
20261
19151
22974
19041
19312
24087
12066
22382
14666
23901
19414
16091
20004
21632
16399
22276
19574
15865
19814
22569
19813
18708
19625
16649
25532
12882
22415
14928
20383
22373
19059
17035
18637
23030
19143
18763
19799
16425
18868
22220
19956
15563
20876
21560
16467
19123
19269
22657
15662
23064
16348
19141
22263
19110
20569
18245
19923
15638
22358
19317
24149
11912
22347
15744
23022
19267
18907
19678
16198
7403
17490
16485
22108
19660
19340
18184
17573
23190
14767
23045
16256
19315
22533
16255
18920
19933
19465
22310
19120
20001
15991
22155
19139
16647
19397
19560
21777
17041
18810
22163
16642
19088
22192
16248
19810
22032
19895
16344
22592
19316
15947
19559
22180
19648
19103
30136
9928
14865
18995
19610
19279
19550
18839
22622
11678
24195
18887
19575
22271
19507
19651
15203
23475
16473
21222
21128
15404
19317
19673
22401
19704
15787
18833
27091
14868
19576
16269
22433
19177
19340
19440
19452
16083
22552
19107
16548
22555
19347
19068
19169
16221
19160
19691
22475
16883
18289
23232
19206
16515
22088
16081
19702
19106
22588
19360
18943
19650
16196
22905
19020
16356
9470
11056
22644
19103
19231
19431
19571
16682
22606
15923
18089
20769
19008
19082
19910
19114
173140
32635
20478
18124
20485
19244
23057
19126
19281
30553
19217
20332
18925
18989
19496
19109
18671
19391
9662
30655
24697
18830
16496
18884
19821
22560
18468
19676
8583
205615
126595
22777
16746
23398
15319
19344
22993
15097
22603
19984
18599
17080
21779
16889
19224
28825
13132
19231
15334
22848
20425
18476
18728
19984
16607
22293
16412
18528
20111
21964
19870
15796
22689
19202
19470
19123
15882
22935
18986
19379
16214
19065
20149
19512
19337
21789
20023
16386
19867
18304
22758
15647
22696
16647
22254
19201
16242
22312
19158
17040
19303
19842
21210
16808
18947
19719
22366
19132
16446
22122
19992
17414
18098
18464
23146
15329
20010
22359
16728
26984
14364
19452
16544
19676
19095
19201
22582
25420
13160
19171
16351
18969
20053
19180
18959
22917
19420
15735
31905
9802
19865
16079
19077
19664
19210
20552
18282
22054
16335
19518
19540
22479
19270
19132
19381
16585
19330
21972
19380
16610
19084
22286
19600
18793
19700
19525
16358
22317
19015
16428
18911
22815
30717
18638
24389
17604
19520
18703
19328
22753
15859
20107
22425
30606
18569
11406
13323
19668
19420
18717
20551
16533
18960
20171
21686
15844
22631
16752
22189
19068
16088
22733
30825
19409
20446
23673
19266
16774
22257
19290
15950
19797
22153
19428
18894
17052
18285
20255
18938
19623
19218
19704
18294
23543
18957
16621
19482
21993
16378
22510
15927
22313
20564
18396
16328
22641
16489
22097
30169
19344
20107
18446
18567
9969
18519
19463
19426
7553
13999
19871
15835
22412
16939
22651
18724
19224
19743
19059
15605
22792
19451
16328
22312
19653
15750
22795
17087
18604
19354
22148
19968
18800
18378
21186
16100
19128
18726
22723
16895
18498
22764
19053
16851
22429
19697
15370
22374
16286
19537
19788
19161
19340
18811
30062
12683
144947
34686
9615
22208
16474
19682
22375
19896
17965
17135
18543
19933
19379
19914
22212
15745
22030
19933
16818
34750
22922
19703
18874
17135
19422
29080
12135
19464
6979
232727
123277
17277
17069
18942
19706
18723
19456
23245
18746
18943
19537
19315
16991
19140
22152
19051
19248
19974
19241
19198
19178
16662
19408
19323
32814
20616
18976
18682
19588
19902
19147
20046
19250
18701
23205
20858
19276
16433
19279
19541
28680
13205
15984
22635
16046
22205
16143
19381
19851
22525
22665
12460
18821
19813
22564
16763
19542
21971
15838
29019
10181
18434
22933
19249
16863
19578
19228
22281
20138
14493
23142
16394
19018
19556
19908
18061
20212
22511
19404
17479
18127
22024
19305
16107
22477
16292
23864
17965
19810
16532
19123
19165
19019
19702
22817
19881
18852
19111
15487
20105
21876
19601
19027
16738
34679
23784
8425
10659
19058
19128
22517
19972
15846
19492
21579
304363
21070
19466
16912
18522
22358
16918
19399
18756
23135
15602
22862
19067
16448
18820
19964
33060
19143
18626
21310
21068
19974
22101
16014
19939
29958
11688
18889
16654
21908
20124
16169
21893
19543
16196
19059
23565
14787
20307
19102
22968
18890
19379
19518
25458
9819
22468
19091
19865
18942
16210
19902
22374
16179
19479
33487
20134
21056
19693
18756
22759
15930
23292
18682
18987
16759
19387
22899
18922
20154
15735
21614
16975
22220
18962
16996
22283
18999
19135
16797
19364
22144
18959
31813
18775
18528
11267
16255
20082
26187
9348
24225
13752
22692
16581
19385
18871
22587
17634
32192
18459
20350
20378
18709
20271
20856
22380
19461
22727
13102
18659
19768
22835
15693
22534
16425
19821
7624
31249
18536
22595
19148
16431
19092
20148
18923
22679
18979
17380
9142
14925
16205
19492
19825
18902
33298
19661
18718
20071
161030
42651
10843
19359
16457
20265
21855
18955
16607
19765
21955
19179
16198
19604
19644
18132
20093
19444
19487
18897
22478
15991
22476
19660
16531
21769
20770
18245
17292
193072
123482
10159
32452
10161
18136
16162
22750
15758
23538
15806
22572
16459
21794
19292
19483
19666
15905
21198
20808
20202
16306
21473
16287
22334
15971
20163
21880
19466
19585
16371
22158
16236
32894
19260
20065
19652
20411
21138
26970
14561
16533
18821
22602
16753
21897
19463
16629
7274
14164
22111
15561
19973
19779
19541
19221
22794
18667
19994
18578
16846
19236
19343
18938
20079
22311
15595
19277
22200
20005
19450
16275
22463
20283
18276
19268
16837
22343
15691
19850
21816
15862
23070
16178
22330
16570
22399
19663
16025
19760
21520
19698
19282
19318
18225
14932
19703
18483
20266
19129
19721
19235
19508
22177
16452
19203
18126
20733
18988
20088
21594
20303
18620
16855
18876
19292
19315
22497
16246
22282
16015
22767
20109
18757
16369
19564
21991
19235
16488
19494
22315
19010
16473
19235
22532
18985
16821
19059
18497
20258
19519
18908
22373
16564
22384
18909
19824
19033
15834
24224
15164
19342
23303
15290
19514
22183
16612
21976
24615
14738
19138
15594
23388
19004
16318
22068
19796
7492
10669
23234
14544
20825
23674
14432
22586
16563
19594
34047
18779
19317
19871
20684
22898
19466
16476
19421
8272
16351
15844
22934
16054
19406
19887
19408
19095
19425
22364
15400
23549
16408
22397
15993
22281
16696
22687
15237
19325
19661
19709
18879
19430
19461
19259
34056
19104
19758
23117
18135
22155
16303
22062
19413
23575
15207
16431
17870
20524
19531
19503
22116
16671
19481
33205
18926
19226
19851
18860
19908
18982
18999
19514
20743
18953
19805
20708
22947
15779
22883
18999
16517
20066
18207
23177
18860
19366
16620
169252
32014
8466
18812
22941
15183
19901
20020
21764
19290
19021
20474
7457
10408
22871
15753
19148
19861
19861
21888
16126
22774
16980
18397
19930
19241
19328
19082
19362
177246
122777
13718
16805
18601
19259
22369
19713
16438
21959
19521
19643
16095
19601
21794
19505
17018
19021
18984
23179
18497
17307
21706
19021
19459
17589
18291
19723
19300
22311
16327
21661
19633
19621
18709
16810
19201
23373
18435
16232
22393
19672
18856
17034
21591
16348
26646
13099
21842
15482
23480
16271
22332
15835
22604
28940
10007
16450
18245
23205
16309
22227
19363
16506
22481
26351
11938
16207
19680
19769
20060
18150
22123
16841
32408
19648
9886
14924
19580
19485
22934
15607
19430
22882
18895
19312
20029
16030
19309
22152
16401
18856
20251
18395
10774
22173
16386
19035
19164
19668
22491
16166
22046
16763
22574
16604
19089
21985
19190
20351
22317
15765
16170
19246
19904
21809
16810
18872
21769
20105
19091
16267
18874
19811
22833
18687
16057
19293
22748
20295
15810
19002
19569
22119
18864
16291
22712
20015
15735
22943
16480
19097
21973
19407
19160
19680
16448
21835
19601
19674
16197
22349
15527
23009
15649
21046
21646
16314
19205
19861
21465
17033
22079
15990
22359
30297
18831
9758
30733
20313
23867
18599
20009
16297
28525
12491
19807
16151
20086
18600
20011
21570
19482
15545
23214
19148
30987
18979
20110
18980
19876
20268
20312
26836
11493
19553
22571
19198
19381
19564
16198
22189
16819
22792
18255
16535
19762
18689
22701
19245
16615
22669
18995
19986
18374
16104
19952
19123
20143
18856
19541
19025
22097
19720
19177
20136
15012
23748
18929
19314
15608
22792
31555
19119
18772
18914
20097
20310
35589
19861
20527
19126
19459
21352
20170
20625
18520
7938
14579
15695
18597
20515
19225
18986
22561
18927
152338
33718
32821
10578
19020
16538
22257
19278
19602
9513
12509
16451
19081
22118
19743
19060
19328
16574
22341
19637
16635
17732
20593
23015
15541
18558
23107
19210
16971
181195
151828
21363
8718
19592
18775
23056
19413
15485
19130
19598
19179
22744
16830
19295
19117
32132
9763
19025
15415
20127
22536
16345
18888
19374
19082
23332
19565
18425
17233
18356
22788
19432
16369
19228
32385
21310
19143
19875
21951
15967
22618
16585
19543
19448
18480
22791
19068
16028
19287
22502
19901
19246
20210
17972
19800
16129
19569
22439
15590
19378
19684
22733
16207
19939
18517
19433
23246
18680
19446
15871
23551
18918
16328
18676
19728
18847
22606
20183
18556
8646
13216
19699
15438
20070
19486
19462
19364
20528
17764
26939
14758
16038
23062
16487
19018
22393
19331
15952
20593
22184
18348
19604
16334
19464
22389
16197
22791
19282
18735
20050
19107
19255
19169
16285
19566
19524
19212
21788
16561
22955
18587
16366
18943
22820
16389
20070
18934
18873
24387
17451
19401
16156
22437
16861
20978
20466
19881
16087
18907
19400
22056
16860
18999
22812
31091
18862
19292
18654
19744
19089
19258
18957
20506
23640
20076
16094
22704
19641
19092
15867
22881
16014
23752
18360
16206
22706
16701
18400
19522
22641
16304
20205
18985
21730
19690
19143
16808
22667
18459
16158
22966
15394
20181
22150
16005
19568
19746
21718
19404
20222
18774
19511
15909
19267
22712
20068
15425
19642
33072
20378
18423
31469
10252
22208
19652
19592
18957
19039
19764
19306
16051
19903
22092
15499
19224
20154
18841
31773
10755
18806
19979
19180
16449
21778
19545
16948
21776
19657
19181
19000
19841
16371
21802
19299
20169
15984
22742
18738
16369
19144
23114
17028
21708
19369
19562
16010
19119
22493
19059
19556
18645
16957
20210
21497
19864
158093
23282
10326
16978
19181
22434
19460
17420
21294
20014
15906
19345
19210
18695
22820
16591
19506
19419
19230
19159
22358
16224
19581
22270
19310
22852
15789
16048
7571
204154
123883
14297
16785
19123
19926
18218
23440
15864
18851
19661
19648
22251
16764
22383
18888
16428
19440
19060
19212
23088
19309
18638
23060
15568
16430
18663
23244
19419
19460
18794
16737
32451
20469
20830
19528
23480
19046
19479
16306
19655
22011
16445
19879
18073
19934
19491
21975
16538
18851
19903
30351
11646
18947
19884
19059
16458
18871
22839
15846
22726
15989
19999
21603
19585
16822
19015
22441
16398
22614
15820
19399
23013
15712
19337
19826
19136
19061
22976
15184
23220
19871
18300
16475
19950
18059
20907
26397
14757
19621
15815
19873
21728
15749
23274
16731
7244
17099
19892
15768
19854
18737
19906
19206
22619
19205
23641
14651
16485
19241
19610
19543
22090
16407
22340
15856
19610
22253
16390
18778
20176
21980
16347
19865
22230
18684
31367
19486
19704
24666
16073
22452
18495
17070
19609
21683
16493
19348
22540
16673
18487
23214
16124
18815
23287
31046
20541
22525
19796
15776
19745
23156
14859
21737
15062
20866
22081
16051
22898
16395
20461
21128
19447
15364
22742
19692
20206
15573
19066
22620
19442
16593
18917
19473
19118
22384
19469
19225
19216
8620
10112
20700
21530
16092
22780
19025
19426
16723
22667
15938
18767
22320
19179
17405
18682
22010
20103
16430
19082
33651
20042
18676
19153
18554
20322
20230
21516
22150
15593
34448
18659
19061
19558
20169
20769
28445
13960
16502
18207
19914
22628
16676
22730
14803
20695
10302
11316
21825
16799
22279
16275
21717
16666
20008
31037
10425
16400
18857
22603
19266
19545
16577
21702
19863
16181
19594
20750
20731
16372
22195
20123
16584
21461
19643
16822
18466
149378
32792
13977
19239
18931
17979
18189
17181
22517
18774
16725
18887
19300
22576
16225
22507
20654
14678
23018
16177
22242
19646
16350
22374
31181
18549
19810
19574
8434
231528
96282
12657
20020
19109
21948
16677
18908
18916
19441
23821
15854
7750
17256
15266
22290
19422
16739
21835
20487
18743
16655
21682
19770
16198
19216
22210
15775
19766
22675
15911
22648
15981
22671
19663
18879
20082
18948
19299
19943
15607
20469
18117
19892
22676
18988
16330
19325
33076
19664
20248
18487
19325
20474
24052
16201
22158
19332
30297
20261
19369
19364
20787
19965
19565
18897
22359
20112
18529
16851
22363
15723
20257
21446
19257
17040
21870
17007
18702
22437
16975
21810
16409
22333
16281
20106
18933
19046
18857
19974
22681
18787
16568
22261
18117
20056
19870
19124
16167
20069
21918
16245
22387
19962
19041
19030
16614
22205
16871
18323
20045
18730
31088
10753
19659
15620
23353
16442
21732
16294
19699
22158
18935
17394
18050
20207
22676
18965
16425
19266
19624
26050
12416
19188
22394
19290
19312
16342
22420
19064
19687
16248
23379
18654
16020
22202
19605
15791
22881
19430
16041
22595
19384
16615
19445
21895
16808
20413
18254
19368
22075
16671
18627
18861
23244
16595
21789
20180
18616
19936
15938
23136
18045
16805
19009
22531
8476
13076
19923
16205
19723
19061
21982
16182
20331
18800
27633
14664
15191
20271
19545
21745
16899
18554
19966
22252
16490
21988
19282
19152
19823
18959
16457
19447
19100
19292
22349
16964
19021
21764
16256
23335
19441
16150
22331
19076
19323
19179
19933
19463
16120
19577
21610
20048
19163
16351
18302
20371
19077
19694
22015
30855
18968
18569
9872
16390
21197
19076
16673
19753
18410
23394
18976
16269
18800
20642
22129
15491
19968
19158
31534
11036
17135
18216
22191
18904
161018
34274
11570
23327
17943
15841
19969
19825
21985
19480
19753
16197
29704
9239
18757
22276
16255
19393
19382
23460
15472
19924
18930
19389
19620
22673
18663
19492
7618
237776
122056
36640
11107
20625
19107
16966
19304
18659
26292
13531
18705
18845
20169
21833
16338
22303
20067
15787
22412
16980
18919
18921
19244
22760
19341
18944
20039
19048
19980
19108
18881
16184
22785
16241
22251
17374
18036
19388
19839
22375
16167
19423
22236
19424
19285
16611
21917
16348
22905
15962
18667
19933
22184
16076
23386
18928
16189
22555
16416
21889
16399
22796
15251
27260
12593
18888
30329
8860
18735
22793
15304
22780
7275
14649
17058
19082
21889
16978
18337
19486
19830
19500
22192
19490
15572
20075
21974
16375
22419
19689
19721
16556
21558
16670
19462
19316
19071
19707
18918
22420
16852
18543
19292
50331
18942
19261
20312
19959
19665
20311
20142
19258
22096
16897
22182
14841
22368
17091
8021
15804
16663
22302
15905
19341
22339
19851
19886
25895
9425
19681
18590
22621
15803
23011
16443
21917
20334
18653
16027
22380
19025
19712
15940
19765
19121
20121
19108
20016
21572
19011
16403
22262
17210
18935
22435
16210
18821
23159
16338
21931
19130
19481
16849
22138
16216
21269
15218
23287
16366
22713
16259
22577
8190
13287
19269
15812
20276
19143
22164
19307
19121
19908
26427
12326
15195
23397
15769
19852
22271
19207
19215
19928
18936
19282
16022
19847
22184
16515
19783
18208
23558
19229
15449
23338
15238
16472
18944
19731
22400
19684
18616
19794
16418
22120
19478
16665
19182
19043
22616
16699
21850
16927
18589
19360
20865
17701
19076
32558
20233
9470
15918
19276
19934
18931
19212
22675
19015
22976
12064
18956
20386
19200
22846
15631
22471
16535
33059
20392
18936
19943
18544
20042
18911
18641
174813
68395
22733
16769
19662
18369
19495
23076
16190
19708
19001
22116
15800
22794
16579
19528
22497
18904
16552
27120
14784
15988
19021
19604
19030
22633
19629
16828
18664
197152
125732
23405
17431
18850
23148
19209
20683
17721
20096
14944
19016
19584
19102
19557
19619
19162
19471
22093
29553
19046
20467
19512
19829
19141
18805
18753
19046
20086
19653
19635
18596
9581
19077
15276
20843
18219
19914
22148
15650
19338
22533
19821
19120
19799
18664
17131
18898
19252
19467
22015
19517
16825
21977
16564
18987
18805
19496
19926
22280
19275
19511
30638
19040
18525
20706
20223
20964
22031
16233
22582
26749
11573
27948
7543
20279
21767
19887
19035
16714
20082
18689
19260
18292
23244
18817
16802
22148
19839
18943
30135
19887
20249
21348
21588
16435
19290
22518
16268
20340
21318
16426
22378
20085
15009
20032
22350
19984
19028
19089
19234
19365
16083
20112
18439
23010
15975
22743
19360
19143
16026
19572
19174
22319
19343
19509
19923
15566
22731
31969
23824
15553
19511
19163
22983
19808
15615
22215
16154
19322
22574
16458
19401
22167
19149
19413
8514
10488
19501
19662
19241
22178
16449
19264
19739
18399
30510
12217
16309
21563
16810
18994
19344
20306
22051
16149
22200
19780
18514
16749
22715
15345
20373
18709
19456
22271
15926
23046
16252
22223
19743
15796
22916
19150
16032
22755
19264
16055
22557
19178
23080
15696
16415
18236
23661
16408
22201
15605
20267
9628
15422
19348
16111
21979
19367
16810
19189
22199
16635
22008
20254
15032
22955
16498
19121
19371
19224
23483
15292
22784
19463
18690
16648
21970
19763
16337
22452
19459
19670
14972
19288
23067
16789
20251
18381
21796
19543
19720
19025
18886
19380
19786
15792
22815
19169
29970
19102
19723
20824
19358
18975
19822
18534
19219
28638
13283
163242
23177
20103
20410
19009
19015
19557
20106
21357
21769
19323
19040
16474
19339
22587
16183
23113
15810
22425
16313
21814
16671
21683
17200
18880
8452
13771
22177
8209
211238
124890
19128
16725
22506
18938
16435
20053
19128
22100
15860
19866
22250
16352
34267
20163
19392
23161
16203
19718
20143
18649
18779
23184
18828
16886
34223
20168
19589
19875
22585
19206
26097
9739
19104
18487
19901
22153
19764
19009
16710
19228
22488
19697
15224
20513
22160
19453
19508
19302
15572
20167
19127
21990
16127
20225
18906
22777
18947
15564
20594
19230
19594
21606
15958
22976
18969
16624
21975
19481
16437
18662
23294
19383
19689
15903
20338
21319
19543
15830
29184
13553
19005
19097
19720
15875
19119
22503
16792
22133
15846
23129
18868
19809
18520
19810
29806
19437
19435
19834
19534
18538
19964
20261
19682
18965
28461
11687
20119
22718
18858
19393
16498
19072
19675
22609
15401
22292
19480
19743
19008
19241
16436
22633
19092
19097
16369
22173
17008
21739
16725
19710
18264
20694
18909
19329
19870
21659
19466
16386
22071
19346
16663
21862
19587
20220
18832
19259
13804
19090
22445
20308
18435
19452
15733
19471
22950
15789
20048
19583
8309
16703
15774
18911
19652
19508
19457
18722
19989
22171
26213
13001
15021
19948
19842
22723
15704
22471
16317
19846
21729
19158
15763
23416
19182
18988
19774
18799
17130
21880
20371
18676
16359
19394
22143
16217
22179
16307
21220
17753
19380
22057
20224
19302
18481
20109
31430
19412
14905
18189
19838
16348
22851
15133
20052
29511
22848
18669
19796
20624
20770
22175
19312
16413
8419
17042
19255
14789
23082
15884
22788
19401
19902
15979
28723
13817
27697
20561
19225
9917
15900
22155
19811
15676
18718
20163
18961
23078
19213
16393
22235
19242
15691
19850
19317
19428
156172
24041
12792
22923
15535
22839
15784
19481
21958
16152
22599
16023
20082
19399
19082
22675
18958
19290
16469
22128
19922
19577
19054
16032
18878
23189
18432
20950
7735
245803
122348
17188
23225
19058
15441
20280
18874
22586
16561
19025
19706
21646
19890
19274
16524
22209
16438
22333
18906
19308
16232
20082
19401
22201
18856
16466
18994
19197
20072
18982
23452
14571
19950
22753
16976
17537
19704
22556
17117
22441
15933
19602
19370
22063
16358
20553
18374
23056
18271
16456
20089
21797
16822
18629
19872
21964
31372
19533
20316
19030
21010
19246
19092
19277
21770
16973
21897
20070
16588
18107
22837
19728
16585
19010
22297
26887
8734
22794
18969
17408
21355
19900
15928
22162
20000
15671
22657
19637
18506
17203
19029
13961
19743
19707
18648
8761
16463
19560
18987
16444
21928
19661
20128
18020
19887
20194
18432
16056
19074
19589
22603
24284
11288
22505
15562
14937
19132
19758
15933
19524
19529
21988
19292
16314
22227
19448
16738
19686
21594
19161
16537
19097
19412
22663
17874
21568
15725
22425
16225
21933
19613
20184
18481
16809
19096
18763
22814
30830
19223
19199
19571
20180
20040
20295
22307
16407
28685
13445
18466
15992
23447
15232
22948
16035
22597
16820
33733
19681
19150
20147
20328
22892
19292
16525
21943
19057
17181
21948
15776
22779
19107
16811
19460
22330
19530
19165
19219
16598
18600
22449
19687
18947
19658
19664
18961
15868
22837
19948
19619
15604
18938
22466
20158
18873
16795
21755
19126
19348
19828
16256
22164
20179
18594
15961
19551
19239
20050
18766
19655
18736
32339
9969
16564
18683
22581
16276
22503
16407
19087
20782
21265
16376
30629
10807
20214
15331
20147
19027
22699
29662
18436
20102
9757
14866
20352
19446
21713
19466
19789
14980
22927
16871
18897
22278
158629
43161
18482
29873
15556
15461
19582
22843
15389
19951
19322
19550
21095
20480
16072
19537
20872
21153
16636
19189
22099
16343
19926
22155
19343
19164
16435
19316
19815
213370
123453
10404
14837
23764
19146
19242
19066
19592
18997
18904
16872
19074
22955
15530
23370
19217
15902
20827
8360
12313
22733
18904
19302
19349
19844
18553
20103
19541
18626
16664
19143
22117
16319
18829
22922
16858
19309
21933
16283
22815
15523
19802
22442
19451
19277
16241
22554
18876
21333
14217
19938
19773
22071
19516
18679
15771
23300
16585
22353
18912
19628
19148
19365
19262
16241
23132
14959
23239
19238
19441
19625
18779
19669
19518
16652
19227
18869
19596
21760
20501
18414
17189
19203
22229
16014
22254
19425
16810
19097
22199
14081
22977
15767
18712
20308
18938
22461
19116
19566
15892
23035
19154
16511
19619
18798
19641
22071
16950
18718
27123
11453
19712
18697
22584
16662
19755
18839
22292
8182
13758
19441
14913
20412
19400
22423
19281
16780
22166
25851
9497
18953
22675
19907
15410
19779
19469
19126
20509
21360
16413
19066
19807
23416
18649
19504
18898
19086
19363
19462
16314
22435
18939
16779
22257
16350
19984
18898
18466
23011
19225
16667
22191
16558
18679
23082
15585
22784
15178
20565
19461
21994
15694
23075
25102
10701
19370
19215
22440
19306
19651
16667
19283
22175
19603
18458
15945
23646
18541
19438
19310
16133
19785
22927
16068
19018
19712
22567
18684
16526
22251
19422
15701
23278
19079
19466
19150
19444
19962
18799
15917
23188
16005
21778
20605
18425
19119
16280
22712
16618
22163
16073
22540
19479
18905
19517
20124
15757
22206
20360
19132
14926
20000
19120
19753
19064
22735
16138
8663
16515
15999
19191
22665
19724
16127
22778
19933
18879
18472
19564
19006
19865
18908
17006
21764
16411
167061
42948
16564
18574
23187
16066
18790
20725
18928
19117
22358
19309
16340
22693
15809
20122
21873
19365
16849
32217
18782
10136
18697
15856
23014
16788
18669
19627
22338
177690
124315
23202
18277
19570
19402
19144
31799
19904
19945
19499
20605
20016
20537
22334
19436
19476
16810
18887
19123
19702
21987
19219
19978
15563
19655
31514
10975
15187
22856
15348
23745
16397
21783
16617
19276
22200
16831
21911
16602
19190
22241
15875
22914
19503
16619
19271
22231
15741
19943
18962
22882
16088
22726
15431
23374
18880
19487
15558
20232
18879
19731
22112
16717
18338
7553
251953
123790
18713
14970
22882
29528
12261
16172
19502
16181
22083
16631
22715
18981
19855
16162
19507
19097
22235
18713
20204
16018
21938
16992
19064
19561
18866
22479
16515
22734
15757
20205
22680
15604
33584
19729
20156
20979
18667
22769
19712
19892
18079
16859
18694
19812
18774
19200
20163
22150
22867
12694
21713
16054
19907
22540
19577
19151
19407
31300
21117
21793
16469
19481
19899
21635
17097
19904
21148
30083
20254
18621
19688
19246
20774
23920
16498
18798
29426
9627
19652
21947
19400
19203
16889
18492
22576
17417
18176
22539
19727
18677
20128
16056
22031
19521
16419
19330
19462
19223
19080
22594
19200
16838
21855
17503
18514
22241
19269
16053
22927
15600
23235
15635
23410
15829
19460
18377
22957
19320
20158
15564
22743
23658
12165
19438
18348
23358
15825
22915
15342
22935
15878
33523
18989
19310
19107
10120
8925
18391
19487
34207
19358
18769
20450
20025
20779
18980
19065
19182
22261
19618
19825
16288
22168
19390
19763
19202
19893
15461
19681
22616
18617
17254
18827
19158
22310
19338
16823
21132
17719
18784
22498
15948
19906
22842
15672
22179
20102
18905
19634
18917
16562
19534
22412
18902
19166
20000
202351
93822
11482
19102
19566
22287
15805
19204
19624
19339
18836
23226
16542
19066
19104
19205
19587
30107
11799
16225
22485
19089
19161
19847
19426
18887
19511
16711
21994
41895
178294
68566
19726
19662
8006
18903
18747
15445
20549
18944
19508
22603
19095
15805
29038
10313
18668
20088
22242
16394
18894
19779
19016
19835
19236
22273
19024
19875
19560
19011
16259
22884
15689
22340
14065
22774
18682
19629
15487
20284
18999
19286
22815
19306
15945
19117
22659
16370
19461
19560
22820
15743
22497
22152
16594
18840
19992
15815
19677
22456
18880
16640
18446
20222
19164
19761
22274
16466
19621
21737
19257
15529
23697
16293
21890
15846
20087
18723
33298
18850
19324
19503
19319
9902
15943
19066
22330
19759
16468
19645
22030
15779
19853
18698
23030
15495
23267
16501
21805
19702
16057
22146
19824
15071
23633
15994
23276
18365
29979
20519
18980
18656
20186
18948
24093
16899
10623
16091
20193
21287
19732
16792
22101
19405
15712
19283
23794
18718
19072
15800
19919
22517
29319
21992
23090
15773
20191
19823
17830
19641
19791
33476
20039
18437
19692
18924
19488
19707
18645
19512
9823
31440
23867
15263
22810
16306
19323
20271
18082
19586
30309
11436
19380
16296
19367
19733
21870
16097
19903
20015
21994
19270
18854
15624
22991
16790
22340
16294
22307
19315
19694
18603
19604
19789
15994
19061
22717
16941
18246
20347
19276
19120
18600
23523
18877
19459
19950
18640
16129
18215
20714
22041
19316
17046
18518
7633
18359
18472
19117
16432
19210
22875
19035
19560
16088
22786
19760
18707
16009
19617
19379
21944
15969
20737
18533
22433
16326
22200
19580
19418
16126
19672
19117
19478
18900
23103
19120
19109
19501
19862
18969
16463
22333
16143
22353
16329
19141
19872
18719
22493
15915
23157
19244
19540
32020
161470
54733
14401
19281
16549
19314
22135
16083
19403
19687
19485
18760
22300
19758
19870
18815
19559
15912
19718
19158
21764
16636
19890
22812
16148
18507
18585
23648
16077
192852
123483
14340
15829
19860
22114
16708
19448
21712
16894
19389
22074
20189
18488
19501
15884
23326
19435
15283
19484
23578
19075
18702
19449
19389
18686
17050
19602
19315
21740
20469
15163
19925
18284
19957
19106
19307
19503
22372
28100
11395
27516
7741
19223
22292
16774
19165
22037
16348
19923
18885
19276
22569
19051
16851
21869
17043
21968
27912
8055
22313
16243
19675
18136
20923
18966
18302
19374
20010
22251
15890
19078
22987
16379
22655
15984
22632
16220
22213
16748
19247
22059
19130
19964
19149
16630
18610
19126
23067
19191
19227
16008
22590
16937
22120
16564
22056
15476
20014
19801
22070
16395
22533
7723
14216
18717
16008
19688
20031
18155
20397
22593
18734
16476
18818
19856
22374
19453
19297
18885
19547
19262
16346
19398
22169
19665
18861
16428
22581
19912
16095
19421
18548
20546
18929
18904
22335
17103
19149
18662
19621
19157
19793
19250
22288
19910
16287
21969
16307
25822
12848
19774
17620
24086
15608
22359
16491
19915
31801
19953
9441
15580
19986
18925
22640
16158
19407
14777
31660
20839
18924
19552
22774
19071
19179
16518
19215
20799
18230
18863
19964
19101
19273
22040
19963
18880
20102
18544
19451
16200
22479
19396
19253
16256
22515
17522
20848
19789
16137
22540
19227
19169
19585
19504
19497
16022
22282
20105
18764
19145
15834
19629
19699
20313
21215
19452
15948
20295
19205
22501
18891
19928
9689
12046
18943
15222
23184
16777
21751
16758
19305
12407
25851
15980
18488
16810
19378
21775
19724
19168
19594
18051
20934
19058
16346
22492
19241
19375
20123
18649
10646
23276
15303
22767
19223
16900
175327
44249
19731
24601
17501
19520
25725
13721
16441
22582
16629
21667
19548
16795
22170
15822
19356
22649
16368
19095
23196
18994
15569
19562
19631
22116
15926
19174
7823
193372
122325
23215
20417
22857
18822
16692
19030
19098
19343
28221
10683
22535
19010
19635
16333
22197
15661
23326
18962
19530
15836
19628
22795
16338
22121
16095
19045
22935
19158
17152
21815
16456
19245
22391
15639
22312
19965
19468
16389
22769
15835
19144
19573
22402
16015
33599
20159
18455
21719
20140
21996
16030
20024
19380
26386
15076
16140
18836
23223
16371
22456
16550
22040
16536
21980
16636
18687
22869
19623
19087
19165
19111
19695
30766
19992
18816
19331
20612
23102
16417
19503
22569
17024
22074
15668
19386
19568
19317
22149
19872
16250
22156
19617
19771
18433
19747
19060
19823
15810
23072
19327
16185
21992
19598
15534
23326
15927
22691
15978
19650
21943
15920
36082
23099
16403
22063
18976
19830
26585
11607
16434
18458
20450
22435
19483
15894
20016
19418
21774
19112
15956
20492
19103
19512
18929
19271
19484
28928
9988
18894
22758
16292
18477
20609
21571
16846
22098
19327
19164
16585
21971
19601
16646
20788
20738
16918
21670
20322
30182
20187
23778
19094
19569
19503
19261
19427
16141
19688
22261
19352
16390
18805
23638
29370
18873
18805
21679
23785
16727
22363
16220
18970
26959
11989
23000
15682
19728
19281
19538
18081
23509
15913
19445
19348
19280
19885
22492
18964
19220
16400
22379
16841
21702
19164
19304
15934
20217
18184
23283
20328
15705
22656
18731
16768
18928
22548
18517
19855
19322
17055
22135
16006
19285
22417
16393
22643
16282
22637
16940
21338
20148
18526
19224
19974
18477
19449
19563
19601
19358
16251
34035
20389
23024
19717
19482
19179
20492
18046
16638
19108
19084
19488
23277
18558
16112
150046
23057
22714
30777
19819
20617
20757
21760
19470
24571
10907
22302
17005
19527
18177
19754
22588
16213
8271
16826
16227
33649
19898
19487
19207
20242
23320
16948
8091
224681
99784
14015
22031
16183
22889
19968
20205
17697
16861
18815
22769
15692
22638
16394
19283
27500
11267
22712
15270
23070
16005
22454
16596
21903
8415
13989
16348
18756
22851
15625
23001
16607
22329
15827
27954
10753
18883
23014
16616
18802
20127
22192
16425
19769
21513
16408
22400
16087
22675
19520
16454
22056
16147
22638
19893
18483
16597
19279
22379
19179
16562
22860
16394
18887
22163
19098
19623
18986
16770
22475
20299
15000
29866
7974
20697
21776
16994
22015
15773
29199
10165
22383
19053
16758
23005
15912
19266
22369
16087
22550
16231
18788
19923
19269
22302
19910
18728
19261
26893
8602
19866
22188
19148
19951
18765
16431
22633
16215
19165
19150
19500
19627
22118
20153
19061
312504
12622
18684
16010
19890
22076
19389
16343
22563
16350
19539
22292
19015
20069
19108
20035
14853
19746
22352
26450
12302
16510
21903
19759
15915
22653
19107
20495
15453
19692
21580
16816
19010
22194
19499
19180
19532
20102
18581
20315
15122
23015
16168
19706
22020
19235
19752
16464
21902
16196
19097
22482
19688
18890
19661
31671
20878
22254
31435
19058
20506
20542
21887
16887
27891
11015
18960
19500
19176
19715
18945
23120
18921
16392
22779
19103
18996
16071
19830
22188
19016
19587
18853
25648
13435
16346
22318
19913
14039
19074
22165
16795
19392
21952
16231
22594
16822
21675
16312
18824
19977
19610
18961
22159
16815
19487
18577
20044
21956
19390
16655
22433
15564
23128
15854
19869
18897
22517
16074
19861
18594
22432
21915
14530
22046
19523
19620
19296
30978
19182
20662
18721
20747
22544
19327
15970
19725
19082
21771
172778
44814
20339
19429
19760
19107
18902
21731
20101
22312
31031
19111
20200
21055
18594
23159
26679
11765
25492
13476
18901
20295
15855
19579
18899
20406
18595
18715
7912
223139
122480
10481
22701
18719
19879
16062
19599
21526
19688
19834
16471
18745
22754
17037
22243
16000
22365
16225
18446
19522
20271
22563
23697
11935
22066
15524
19593
22877
19194
16589
21930
8605
10665
22145
15316
23741
16365
19058
22425
19439
19348
31598
24364
18725
19543
19276
19282
16634
18460
23021
7164
11935
19671
18361
19226
19766
22477
16652
19094
19805
18026
20116
22582
15749
20448
21646
19055
18066
17897
19000
22950
16124
22486
19909
18285
16898
18858
23615
18184
16647
18999
22462
16724
21874
16374
22640
21528
17562
16083
18233
20523
22181
19618
15717
22782
19368
19499
19298
15580
20017
18988
22441
17039
19849
18284
22842
18760
19685
15795
19919
19090
22809
15828
22332
20160
18717
19110
19438
16360
19296
19113
19899
21875
17059
19088
19297
18553
19902
22497
15493
19845
22759
19590
19015
19408
16517
18844
18801
20309
19524
18442
27693
11136
23136
18543
16969
21825
19486
16576
22119
7889
14907
18935
15907
22261
19639
19010
19702
19036
15888
33874
18517
10054
15792
22296
19409
16328
22169
16509
19263
21973
19425
16981
21412
16574
22775
19307
15934
19889
22000
19479
16711
22235
18589
20225
18848
19594
19630
16247
19090
22006
19911
15599
19287
20093
22008
31294
19651
20577
36087
20576
21927
19306
19389
18976
20558
18769
26550
8329
22801
18742
16790
19631
22051
18478
20451
16048
18969
21074
21333
19056
19466
19622
19073
24916
11296
18075
23456
19661
16201
21938
15809
23456
16623
19251
18988
19075
19207
20052
21964
15749
22586
19747
16616
22288
18536
16463
22557
16396
19110
22446
19825
15802
22276
19824
147815
33184
9015
18995
22402
19769
19116
19279
16880
21892
16137
22595
16128
22427
19350
16579
21588
19916
16394
19466
22463
19277
18538
31838
19993
22895
20826
7933
7469
218076
124499
19321
20085
20506
19172
22338
16929
19015
22214
19141
19701
17005
18920
18802
19759
19610
18600
22591
16238
19437
20055
21613
16633
19579
19123
21798
19974
16509
19519
21498
19939
18528
17373
18866
19505
18717
22994
15940
27500
11066
22601
16735
22193
15989
19785
19388
18986
7958
17287
19018
16912
19253
18265
19315
19591
19958
19245
26816
11427
19742
22656
15663
22574
19379
19612
19895
15393
19784
22001
16172
22590
16377
19754
18683
22813
19703
18868
19586
15936
19471
19385
22559
15805
19285
19887
18940
20051
18900
22210
15603
23745
18897
16630
23731
14663
19527
18785
22930
19707
15881
22706
19119
22966
16082
16492
18257
22280
19983
19411
19018
17174
18616
19762
22264
15187
23152
19382
16579
22136
16263
22745
26205
11940
16425
22558
19230
19288
19250
19378
19846
19179
18834
19809
19137
16010
22721
16733
19163
22233
19917
16050
18936
19808
21725
19603
16497
19703
19939
19257
15663
22632
19837
16343
19085
22799
16374
18460
27308
14581
15819
19166
23420
18840
19482
19180
19632
8345
14365
18403
19205
16954
21720
19588
19589
18986
17015
27448
14140
15769
23282
15728
18873
20182
18908
22632
17693
20602
19504
19471
16397
21791
16980
21868
19607
16644
22069
15975
22358
19702
19654
19216
19839
18708
16006
19118
22761
19035
19607
20086
18616
19404
19442
30233
20352
20939
34482
18876
19070
18690
9543
16444
25123
13094
19463
17924
22983
16918
22358
20128
15384
19105
34286
20047
20820
22718
16155
19012
19769
19138
19359
24290
14358
18465
23299
16191
19347
19888
21871
20182
16926
18136
21761
20082
15928
22418
145866
33611
10669
22870
15400
18869
20352
21855
16650
22143
16580
18936
20308
21672
16398
19057
22507
17136
21591
16352
22200
16869
22634
18620
16590
19362
19607
21967
7780
242958
98879
14148
19443
19163
19231
16449
22461
20320
18074
19778
16049
19856
18666
19880
22391
16247
18864
19333
7492
17598
16646
19703
21734
16589
22697
16125
18303
20434
18758
22517
16668
19394
21843
19579
19588
16307
19910
18683
22026
16384
19716
22594
18958
20063
18921
30554
19256
20685
24408
18882
18680
19372
19523
19461
25233
13754
19038
16831
19125
21797
19224
19948
15513
21106
21650
18879
16371
18718
19786
19292
22591
16062
19704
33721
20288
20237
19826
22778
16408
18784
19260
19544
20029
22010
19236
16394
19127
22584
19524
18846
19288
16313
22260
19507
16808
19221
18893
19544
19583
19169
19478
22374
15978
19487
19497
18819
19980
19302
18914
22914
19220
16290
35263
20394
19066
317307
20664
10223
24766
10268
19000
19789
22417
16347
21684
16691
23082
19028
18760
16578
22253
19441
19915
15122
23343
16085
19912
21674
19102
16774
19929
18244
22972
18979
19280
19733
19093
19366
20006
18579
19578
15831
22260
16719
23297
18825
18618
16777
19428
19292
22192
15625
20426
32230
20722
19103
18567
20467
19056
19752
18777
20363
19754
34446
20511
19850
20671
23302
15813
22139
16577
22171
19912
15723
19313
19097
22823
19287
19225
16167
19424
19904
21737
16325
19283
19086
19786
22255
16205
22422
17210
21830
16533
21758
16616
22293
19343
19451
16627
22376
15852
22330
20190
18639
16666
18480
19384
23114
19684
18630
16031
19197
19865
18864
20328
22114
16143
30758
11488
19137
19411
19864
17986
20223
15996
19905
21985
20579
15082
19472
21625
20075
16251
19667
21594
20128
28936
9938
15801
22831
15550
19079
19981
22184
165064
44508
16859
15260
20394
22292
16392
22095
16811
19087
28358
13314
16466
22482
16627
21793
19551
16625
19243
20098
21804
16326
18707
20161
19161
22269
19292
16484
19158
181198
125480
26990
16324
15695
19487
20292
7630
13364
20053
17766
20951
18556
19648
22318
16906
21949
19243
20051
15666
19398
19522
19329
19395
21837
20148
15814
19261
19597
22370
19921
18460
16300
19097
22875
16077
19684
19222
22554
18756
16828
18553
23299
19228
24520
14373
19221
22579
16535
18675
22395
16915
22980
30789
19293
19931
24038
16169
19192
21837
16913
19728
28857
11823
27943
7651
19238
20201
19081
19676
18891
19606
19107
23083
14479
23376
19706
16259
19620
21749
16910
34005
18760
19404
18658
9587
19145
19056
16451
21791
14526
18885
22270
19280
16909
18587
22556
16602
18806
20469
22614
17995
19535
19387
19642
19046
15959
19306
20044
22192
17838
21332
19063
18951
18054
21188
18991
15851
19741
18656
21491
20911
19167
19087
17103
21671
23604
14647
19732
15410
20485
18758
20424
18417
22898
16317
21979
16499
18995
20473
22438
15164
20769
21493
19143
31189
20450
20379
22688
15897
19827
21980
19712
19629
15632
22961
15915
19070
19802
22257
19046
16978
18497
23122
16297
21938
16361
22443
19606
19728
14981
22824
19290
16424
22348
19953
18639
19645
19439
19000
19590
23380
11918
19743
17993
21030
19682
21776
19247
19530
30405
18470
19729
18798
9763
19404
18697
15931
22992
16432
21738
16640
19849
19471
18716
22556
19158
16672
19356
32046
19491
20421
19117
20486
24220
16652
19360
19092
19693
21991
15594
23477
19169
16204
22213
16435
19541
22126
16112
19602
21997
16596
19079
22402
16661
22528
15424
20426
21969
19785
19205
16175
19361
18871
19491
33666
19749
20051
18503
20693
20655
22379
18777
17172
25448
15825
160657
23391
18838
20191
18800
19758
19698
19907
20019
19481
36107
20551
22654
19440
16600
18296
33466
19461
20323
18719
19249
19118
19328
20500
19041
22294
21669
20204
7190
230898
121186
17075
23419
18840
16222
20003
21743
16845
19291
19145
19221
19067
22230
16248
19452
22995
18720
16594
19466
22213
16335
19487
23572
15404
19004
22844
15651
23376
18920
15595
22719
19760
16138
19343
18798
22815
16427
19882
21716
16217
19392
22574
19278
15120
23443
15829
19830
22326
19385
19278
24934
10693
18577
23500
19123
19442
16071
19851
22251
16617
18333
22672
19487
16810
21980
16958
19015
19509
19206
22091
19099
19430
19375
19691
16417
19102
18945
20155
18891
22451
16306
22431
16414
22306
16284
22092
30415
19122
20114
23505
17790
18348
19926
19565
19287
27440
11978
18339
19482
22558
19387
16608
22362
16400
19171
33507
20315
20885
22447
19785
15112
23031
16590
22600
30994
20976
17953
19894
18588
20124
19738
19574
21991
16299
19056
22583
16210
22517
15682
20107
18649
20267
22283
15795
18597
20182
22505
19420
16209
19523
19518
18905
18868
20030
19316
19753
19254
21889
16236
19871
21735
17056
19050
19059
19485
19104
19943
22221
16356
19745
22078
15724
22974
19373
16446
18958
19403
22747
19343
18878
16994
18535
19839
18846
20032
21729
19929
18984
19581
15400
20255
22119
19748
15848
19722
19689
33929
18608
20553
24158
15566
19758
22005
19813
18835
27413
8761
22328
15278
23348
16244
19102
22302
20246
15706
19014
20304
18149
22476
17215
19265
22194
19549
17279
21756
18971
15865
22676
15714
19871
19399
19377
19405
22390
18922
16596
19055
22996
18911
19474
15713
19766
19521
22625
19572
15629
23193
18685
16919
19235
18865
19729
21814
17014
18863
19720
21966
15955
19642
19696
23183
15701
18939
18936
174659
32478
19602
19803
22189
16577
19782
18626
19297
19339
22394
19268
16354
19116
20165
18339
22975
27140
11126
16691
22416
16594
19122
33560
20071
19145
19179
19379
8417
213167
124999
19594
20434
20907
16604
22138
19966
19099
16112
22163
19302
16716
19261
19501
18617
19950
22107
19721
19139
16273
19998
18213
23628
18440
17984
19882
22595
29104
19610
20243
19258
19877
22223
16437
22030
16296
22849
16682
18458
20050
21397
15755
24037
19084
15749
19533
22291
16609
21485
20108
14759
23596
16655
18784
22630
19061
19681
23186
12699
19300
22399
16570
19431
21800
16759
19428
8559
16166
19535
18886
19288
16023
23100
18732
16868
19220
22256
16278
22778
18781
19401
19296
16819
18972
22584
16319
19752
19113
19380
22020
19502
19745
18711
20511
15387
33606
22742
18917
18712
23146
18627
16666
27943
11092
28672
28309
21195
18654
16581
18870
19507
19738
22175
16439
18235
319891
19065
20563
19923
20124
20050
22782
19241
19378
19263
19819
18894
19324
16003
23162
15828
22826
15717
19866
21994
19881
19293
16366
19127
22133
19353
17880
18066
19118
19148
22502
19058
41758
10517
23282
16318
22668
15467
19735
19680
23001
16215
21693
20180
15537
19263
19500
18796
22646
19543
15873
30935
10631
16730
22080
16994
18684
22533
19409
16169
22615
16698
21986
19664
16227
19711
21954
19610
19808
18958
19431
19194
18974
19393
19563
15843
19379
22153
19788
19138
16161
19707
20051
18051
19953
22025
19807
23687
14846
16591
19360
22205
19685
19903
15837
21912
31687
20112
19907
18324
24307
18770
19569
18838
19576
15998
22925
16479
16741
22461
16179
19889
19764
18419
19503
30112
9102
18874
19899
19283
19513
18695
23026
19156
19469
19741
18387
15887
20273
21945
19319
15981
19405
19501
19151
19600
23256
15975
22145
173608
44549
20581
33338
19762
19917
19570
19724
20615
19018
20887
19940
19724
21758
19082
19666
19661
15685
22302
19348
19648
16370
21976
19648
20151
18673
18933
16766
7020
227579
125358
23622
14912
23567
16637
22358
15833
19589
21975
19686
17048
21381
19712
16374
19743
19218
21973
16803
10504
14082
16429
22443
15959
19659
21932
19748
16435
19436
22002
16640
22116
19632
16514
22005
15753
22723
19521
16609
29487
12112
16328
21881
19178
16446
19620
21615
20304
19002
31933
19970
20510
19823
18435
19209
29804
9399
22195
15481
20249
22397
15787
19818
22379
15714
23019
19283
15997
19441
22702
16111
19649
19490
22228
24337
14215
15969
22881
16206
22220
19257
16428
19706
22364
18650
19585
19646
16612
21899
19684
15344
22892
19399
19410
19747
15480
19265
19585
19702
18678
20463
22232
14995
23398
19588
18894
16387
23087
19237
18912
31571
19078
20268
35030
19790
18536
311710
18716
16315
30676
7916
20078
21574
16990
18720
20382
18902
21893
17210
21799
16439
19628
21589
15932
20387
19071
21993
16800
18822
19523
19429
22409
16021
19106
20069
18969
23054
15863
22122
20466
15332
22512
16461
22037
16433
22671
19813
15865
18709
20254
21487
17225
21789
16389
34512
24165
19164
16299
19343
22920
19010
19625
16028
22594
22069
13251
18203
23854
19041
16620
21902
19332
19250
18759
16625
7160
15091
20062
18733
22843
19207
15928
22877
15828
22433
19230
19459
16656
22374
19102
19889
16618
18464
19736
21675
20343
16230
19128
19222
22181
31611
19764
20887
22637
15769
18888
22787
19101
19544
24422
11374
19863
18267
19951
19880
19279
21952
15820
8066
17969
18600
16156
19379
22555
16025
19970
18748
22457
26338
9332
20002
19020
22158
16528
22113
19308
15846
19673
19671
19938
18766
23025
19053
18913
19729
179256
46872
14162
22903
15310
22568
13916
22233
16980
21747
22605
16630
19020
16213
20348
18495
22405
19472
19546
20243
15098
19152
22682
16400
22189
16271
19501
22172
19825
179618
123868
31600
11512
19860
19158
16419
18581
22549
19429
19393
15871
19902
19089
22511
16575
22191
30212
18772
19135
19622
18995
10112
15564
21979
16477
19902
18666
19740
19343
18856
22989
19851
18505
19392
16611
19766
22182
19441
18718
20345
15902
22047
16271
19806
18757
22293
16115
23939
18118
19196
19382
17061
24924
13224
22664
15554
19797
18859
23694
15151
19961
30348
22189
19523
19465
19943
20851
19784
19467
19500
22121
29742
20011
19541
19675
20021
23626
16597
19639
21951
30988
18557
19648
20216
18710
20183
19864
23507
19461
8329
13379
19400
19065
20087
18510
17005
19546
19229
19112
19143
22167
19659
16099
19697
22476
16356
19158
19809
21574
16664
22542
19639
18941
16792
19343
21924
30041
19630
18792
22979
18745
19184
22220
19657
16631
25953
12481
19071
18699
23687
19066
15932
20009
21853
17394
32384
20523
20216
20181
19789
19321
18882
22943
19248
25141
10707
17861
20411
22387
19830
15543
22573
16437
19683
19522
19100
21851
18957
19759
19903
18642
16852
19641
19037
21943
19743
18805
16656
22496
19046
16574
23023
15272
19328
22757
19300
16602
22668
15413
19812
33064
18511
28095
17882
16397
19082
18707
22753
20206
25277
9722
19078
18283
20453
22494
16428
22289
16509
22695
29743
21103
23466
19562
19947
15740
19057
22350
17090
21732
16377
19358
19302
22758
19069
16082
22738
18989
17596
21177
19490
16460
19502
21758
19910
16783
18553
19507
19248
19631
19072
19611
19652
18481
22925
15552
23268
19150
16571
18996
22195
16456
19332
22943
18820
30395
18917
19235
21597
20999
21395
17199
18687
22354
24894
14390
153502
25451
10953
22026
15977
19603
22460
19372
15549
22958
29942
18848
19967
19995
20035
20112
23622
19100
16534
17817
20930
21792
16422
22380
19510
8373
14830
18083
7810
242936
98425
11654
19348
22050
16635
22221
19333
19891
19298
18910
17188
19105
19966
18448
21890
19377
20212
18811
19304
18987
19805
16446
23273
15151
18625
19503
19930
22197
16424
22312
19717
21876
13580
22354
16704
22154
16711
21738
16292
22415
19252
19471
16603
19339
21915
19682
18907
17197
18929
18798
7061
18200
16450
18938
22866
15686
19562
19366
22371
17163
21672
16082
22853
16364
19970
22080
18685
19542
19978
18268
19652
19282
19399
19990
15717
20121
18959
33722
18818
20257
20368
20030
22793
15614
19225
19705
30086
8716
19424
19160
22701
16210
19040
19262
19630
20750
22249
18605
16132
19620
22869
15492
18797
22787
16499
31005
7937
18236
23204
16676
18838
19364
19650
18840
20715
21082
16600
21927
16633
22534
18935
15815
23234
16165
22267
16533
19203
18794
22418
19809
16184
19002
20155
22026
19560
16176
22718
18836
16666
21944
19885
19956
14846
19030
20502
22073
19108
15966
23538
18948
24858
10544
19500
19486
22143
16158
20168
19002
22456
16128
21635
17758
18209
19424
23084
16228
19569
21971
16411
32353
19734
20066
20655
23281
16906
22384
19976
18622
16240
19536
21891
19989
18850
16787
22015
19509
18967
17103
18205
19784
22450
16529
21739
19632
16646
19357
22247
16081
22753
19154
15990
22870
20018
16345
19100
20200
18726
19047
16608
19307
22214
16651
19266
22379
31396
19294
20668
19123
23288
19571
18488
19779
19095
16711
22112
16212
19798
18698
22673
17043
21863
19502
19330
27970
20492
10383
18698
18967
16743
22445
18827
16806
22391
16197
19002
19799
18188
23236
19450
16016
22636
19656
19066
19136
19456
150563
25545
16494
19685
16130
19391
19445
22108
17012
19379
21766
16310
22748
15438
23566
15603
22740
18902
15994
20447
18268
22622
16815
19686
18094
19239
23617
16397
7209
244318
98216
13800
28943
12835
15608
22697
19094
19881
19086
16836
21811
17580
21198
19045
19523
19362
16835
18482
20168
18736
22815
19311
19349
16055
22327
16676
18456
20081
22355
19583
19307
19498
18731
19197
17076
19077
22181
20390
15537
18724
20325
34840
23345
16225
22545
16612
22255
30453
20128
29944
9479
22851
19943
19423
16055
19490
7370
17451
16688
17885
19586
23163
18805
17215
21959
17854
20994
19097
16620
18816
20295
19470
19086
22271
15436
23641
16266
21961
19063
16408
22244
16635
18969
22839
16204
22195
16569
21852
19179
19622
19259
16712
19321
22656
16125
19061
19511
22267
19177
15676
19921
22983
19812
18615
19294
15163
20613
22720
15181
22775
19302
32030
21057
21841
15946
12823
16038
19384
22775
19051
19969
15965
23519
16075
7577
16357
19383
19834
16648
19205
21482
16195
22676
19902
18498
19482
19424
16200
22526
19393
15665
20232
18756
22762
19158
19703
15727
8714
13656
19405
18260
20298
22656
19038
19352
18866
16592
28806
13312
16124
22434
19732
18605
20294
18637
19540
16396
21794
19982
19403
19277
19262
15726
22583
19500
19743
19608
15811
19177
20038
19181
18456
19878
19630
22435
15829
20169
18974
22192
19422
15768
22570
20094
16417
21843
16764
23889
17644
19710
15796
22340
16447
31682
9909
16911
19435
19241
18866
23287
17814
19880
15732
33557
19828
19882
20108
20830
19200
19159
23205
18587
25241
10853
18768
20112
21515
19926
19926
18847
16509
19931
22150
18717
16394
22354
16103
18983
19764
19302
19835
21812
19076
19994
18908
16179
22843
19236
16293
19046
19825
19174
32805
18723
20269
169947
43958
15707
21128
17459
22334
19302
16205
22364
20202
18848
16125
19915
21943
20212
15547
21998
19620
16319
22390
16700
19395
18514
19220
23426
19075
19310
19494
15266
167994
125481
24416
15778
16428
22481
16101
22715
15513
23585
18915
18847
16569
22219
16307
22486
19371
17054
18287
22774
16599
18772
19966
19399
18841
19630
21812
16918
19872
21294
17005
32799
18691
9860
18825
16430
19338
23394
15616
18732
22292
17040
22355
18951
19365
16200
19030
22330
19333
15988
20423
19087
19117
19344
19212
22614
19486
16408
30505
8660
22235
16315
18454
20090
22292
16159
22584
16198
19087
19696
22435
19179
18974
20331
19162
19128
16656
22051
19351
19377
18935
15913
20277
22343
16258
19463
22191
19185
19502
19281
19392
19610
31403
20733
22767
20066
14598
23199
16289
22584
19087
26858
12019
16711
18294
22513
16273
19361
20919
20794
17130
22721
15370
21916
17449
17993
19502
20215
19492
18579
34179
19035
20009
19288
18485
18848
19911
19802
18666
7409
20423
16455
19296
19584
22061
19320
19425
16446
22405
16171
22092
19133
16775
19328
22717
18846
19743
14341
18900
22311
19183
16581
18874
22738
19364
19643
19763
18537
19416
16617
18909
22757
16690
20656
20737
25669
12754
19909
15607
19828
22158
19780
19157
16206
22700
18589
16589
19345
18869
20132
22955
15444
19931
22354
29561
35717
19820
19229
18845
20366
20122
18695
20434
19765
23596
19453
16426
18696
19881
19071
22642
18969
20338
15364
22954
16214
18874
22452
19899
18856
16467
22357
16849
22071
18876
19523
16823
18384
20313
18781
20045
21769
19258
21274
17338
16272
22542
16469
22410
18977
16633
22732
18666
16882
18615
20093
22403
16346
19316
22623
18662
16325
22064
16774
19590
22556
19233
18971
24121
14800
19229
16874
18896
19106
22278
20104
170378
43823
8400
19068
20033
22583
16218
18820
22310
19741
30994
20194
20505
20118
22634
18334
17037
21957
16636
32516
9478
15615
22318
16389
22854
19367
15742
22612
7742
224179
124388
19834
20753
19178
22576
15902
27937
14227
19199
16142
19768
19428
21989
19618
19479
15615
22666
19304
15531
19967
22715
15877
20167
19020
22615
18512
20265
15617
22441
19800
19303
19790
19204
15811
19810
19257
22179
16395
19902
18731
19541
22284
16415
22389
16141
18842
22409
19504
16092
22707
16640
22404
15996
22543
15808
22767
19411
19172
16758
22021
19401
19022
16094
19390
34346
19768
20937
22706
15838
19911
23323
18140
16128
19071
19846
18960
23688
18868
15979
22789
20175
18699
14943
23043
16943
18786
23390
18364
16517
31251
11066
15307
22441
19417
19598
16615
22194
19661
19000
16616
22164
16308
19255
19871
21949
18896
17690
19028
18763
19693
19825
21295
19425
19206
16628
22111
20160
15764
19084
19188
19386
23184
19005
19064
16206
25835
13237
19638
18055
22989
19268
19598
19271
19209
30165
19891
19060
19280
19360
18967
9717
15328
19871
19503
22223
19260
19363
19365
18504
20123
15547
19912
19801
30538
10996
16236
21991
16602
22194
19688
19702
19420
19070
18523
19868
16200
21989
19729
19308
16698
19353
22533
16354
21637
20363
15308
19905
22214
16406
19508
25892
12692
19155
22424
19172
16772
21865
19451
19396
20551
18061
18502
15471
22917
19357
19500
19509
19471
19092
16044
21204
20595
16256
19902
20464
21121
16184
22548
17040
21232
22956
12539
20290
18661
19281
22313
16282
19921
19015
19072
22354
16830
19302
22430
19915
19023
15762
22825
16206
21897
16595
19205
19511
19582
22157
19552
16435
21925
19664
16473
19242
22164
19697
18914
30953
21153
19150
23184
19221
19685
19167
16165
18317
30295
9513
143422
22612
9556
22597
16787
18867
22533
30811
13978
13174
31711
21398
19277
21933
16663
19348
28984
9554
18817
19913
22430
19241
19273
18924
19400
17489
21214
19200
7629
228497
97733
13754
19149
18932
16740
19378
22407
16674
21815
15994
23123
15952
19627
18958
19282
22383
19364
16564
19260
19352
19312
22817
23302
15437
18897
15909
22995
16820
18680
19712
22600
18358
17240
21710
15797
20230
22384
16141
22529
16430
22136
30061
18902
19501
20213
18564
9543
19232
19049
19126
16653
19500
18246
23142
19685
15671
22651
18970
19782
19380
15994
22745
19246
16016
22838
19646
16010
22646
18719
16637
19462
22728
18830
20132
16009
18516
22964
19260
19125
19697
31654
20866
21753
16850
22213
16600
23396
15067
20615
14887
20484
19189
22411
19333
19090
16897
21739
16476
18876
23339
19533
19149
15991
22150
19410
19542
16472
20574
21319
19651
18307
17848
20743
16630
22456
314990
20505
20480
20413
21169
18484
19666
25969
15091
21879
16506
22721
16145
19474
19352
22458
28507
19928
20098
18830
10331
18217
16275
19465
21799
20271
30700
20212
20345
22502
19305
15763
19619
22643
16558
30487
8718
19324
18941
22453
19666
18819
19768
18589
17247
18654
22135
16985
22002
16238
19640
19189
19369
19111
18923
19057
34967
20522
22890
16522
19736
20062
18261
23243
18026
20122
18927
16794
18515
23558
15830
19685
21701
16033
24769
13940
19321
23237
15682
19588
45403
14377
14861
19501
22674
16269
19528
19748
18468
18908
23142
16635
19064
22213
16719
22432
16703
21696
16557
29848
8789
28442
12598
16328
19512
19599
19486
22389
19261
19814
16172
22033
18827
16730
22887
16209
19260
22405
16271
18635
20669
18497
19251
19614
19691
21533
16841
22336
19434
16441
22013
15902
23423
15649
22353
20083
16436
17872
19256
161438
43184
19170
9851
16307
18699
22162
19660
16585
18321
20124
22101
16455
19192
22642
16011
22487
31876
20283
23716
18816
16578
18119
27823
11176
20083
18653
20012
8056
209090
121290
8107
22774
19061
16067
22194
16194
20164
19137
22924
18493
16589
19711
21391
17101
19106
19179
20049
18876
19533
22944
18815
19094
20164
18666
19623
16427
19311
18533
26780
12532
19164
19002
20149
21954
18764
19805
20208
18217
16352
23461
14961
19813
19286
22672
19372
18961
19629
19300
16650
18537
22369
16835
19564
22117
19574
18893
17739
17720
20148
22526
19587
15697
19350
19055
19326
23000
18699
16456
19092
19847
22293
18835
16042
19866
23259
15949
18712
23193
18646
17236
18871
19246
22040
31616
20589
22151
19338
16842
20329
21972
16758
21246
26198
12553
16651
18311
20371
19364
22564
18833
16920
19622
19059
19682
17867
23394
16256
19476
19167
19075
19895
29141
12472
15918
19882
22282
15866
22480
15873
22882
17451
18293
22692
18648
20131
18528
16695
18895
22562
16891
21534
16120
19688
19806
22133
16635
21933
15997
23013
15650
22933
16682
19039
19830
17736
21860
20905
23295
11701
33174
23662
21578
19547
19576
16358
22280
26771
12020
18909
16117
22560
19709
15611
19680
19267
22832
17397
21182
16415
22434
15786
19507
19908
22173
16269
10575
11230
19020
20047
18919
22358
19948
18783
16289
19538
22888
15389
19923
19441
19694
21225
19786
16368
19712
19282
22095
15984
22751
16093
19651
18742
19528
19724
19699
17931
23124
16469
19784
19038
22423
16594
32994
19438
18444
19803
18722
19988
19321
19342
19246
7992
20714
18693
16310
19429
19395
22863
15414
23526
18671
16826
18796
19112
19741
18887
22468
16790
22935
15244
20074
18858
22699
16278
22159
16723
18337
19276
20173
23000
15505
20182
18835
21950
16869
155165
32558
19852
7333
19917
16165
18486
19930
22213
16475
19649
22189
16215
22362
16305
19180
22894
16112
22333
15525
22793
19661
16670
18272
23225
19398
18952
19536
7774
211896
125591
15797
19099
19080
19870
21540
15994
20180
19444
31249
10689
16631
18947
22074
16210
22426
16597
18809
19921
20102
18386
22035
16354
22995
15319
22906
16828
21959
19039
16343
19779
17103
22983
18172
20484
18470
19949
19301
18969
20014
16085
18259
20408
21691
18938
30903
9482
14671
18853
22745
17026
21625
19690
16348
20271
18812
22158
15473
23063
19718
19164
16422
22592
18502
16415
19712
21909
19917
19299
18894
19833
19052
19842
16912
21184
19353
16355
22733
18902
19345
19509
16487
22369
16553
19553
22055
15695
20133
21978
15554
23212
17062
21180
19475
19731
19116
16608
19199
22161
19523
19262
19938
16077
34110
19283
20332
20200
18929
23526
25717
12737
15366
19497
22954
19293
19508
19109
15928
19840
21994
20232
18903
18896
19351
19399
16087
19528
19963
27806
10372
19047
20122
22128
16451
18657
19574
19471
19348
22181
16185
22773
16755
22102
18876
16647
22391
16219
19510
19463
18937
22496
16223
22535
16268
22410
19645
18743
19693
19591
18861
16791
22067
19723
19307
20092
15743
19190
18646
23038
15464
22721
19922
18887
26228
12230
16399
19611
22174
19121
19835
16453
21502
20364
16180
21892
19562
16724
22188
19995
18272
16543
23200
24160
13532
19233
19890
18940
19986
16139
18872
19921
22454
18467
17176
19231
19682
21587
19894
18922
19154
16999
19419
21607
16951
22045
16569
19381
22102
19354
20402
15484
19308
19266
22594
16487
21760
19741
16439
22671
19718
15251
19818
19855
21482
18717
20187
20034
23890
19799
19578
15300
23687
18897
16087
22501
16714
19341
21950
16800
17856
23199
16694
22298
18864
19492
145597
35322
9226
18798
19913
21846
16517
20004
22852
14969
22770
16058
19783
18886
19933
19243
18660
20143
22456
28907
20061
19844
13163
14987
18755
19170
19923
16204
8389
237523
124278
10261
22315
16687
21772
19232
27407
9000
22138
14990
20946
18997
22343
19080
16765
19276
19371
22237
30076
19625
20276
20712
19714
19302
23129
29768
18976
18916
20513
19703
20167
20305
22778
15629
8338
17499
15852
22223
19935
18810
16599
18745
19780
22842
19379
18945
16559
18927
22748
16579
22457
18859
19688
16347
19297
18638
19484
18569
23293
19730
18900
19672
19539
15790
34886
18763
19196
19736
18864
19299
20205
20604
25643
12012
20633
19161
22825
16071
19518
8381
13313
22548
15643
19584
22869
19300
19460
8454
12610
30986
18983
19294
20482
19276
18891
20414
24136
16210
22743
16452
21866
15728
20342
18444
19500
19926
18565
19718
19683
18766
22487
19691
18800
16616
19015
313591
11741
19092
19262
22572
19517
16696
18898
22358
19309
23508
15856
20067
15298
18677
22577
20012
23199
12098
19847
18717
19105
19877
22525
19302
15693
19318
23046
19290
19153
19591
16774
18358
23185
15972
22224
16210
22651
18995
16374
22689
19320
19296
19471
19121
18888
30549
20552
18185
33633
19655
18692
18996
36725
20618
22594
18462
19217
18917
22462
19380
16691
29494
11925
27818
11166
16451
18717
20050
18810
19900
22376
19687
18538
31637
20124
20620
19589
21388
16748
19773
18477
19920
30188
9079
18373
19690
18891
20200
21948
19500
18732
19826
15866
20058
19006
22372
15514
20443
18353
22899
19476
19260
19933
15849
18784
22801
16398
22816
16655
22298
19080
19002
16191
19589
18969
19903
22360
16027
25829
12826
22723
15333
23086
19415
15917
22474
20401
30991
18883
19569
19333
23374
17807
21520
19323
19341
19150
18912
155046
32478
23065
16635
19468
19517
18637
27494
8736
19444
19273
20041
21676
16193
19620
19042
19805
22361
16713
17507
23408
16860
21761
19693
16210
22332
18915
19766
7097
208453
124279
21205
19010
22944
16076
19977
21970
19369
16247
19204
22671
16005
19005
25951
16015
19260
15430
23308
15993
19347
23000
16410
7398
17234
16066
25391
14723
20728
17301
21441
19902
16278
25874
15534
19686
19107
19125
19691
19487
15925
22461
17453
21260
19313
16757
18544
22774
16995
22026
15965
20173
18048
20044
22092
19827
18578
16871
18707
20059
19628
19127
22420
18885
19618
19795
19261
16261
21619
17641
21758
19938
14259
18678
20012
20545
19553
21903
19920
15946
19751
18009
23353
19522
16272
22112
19514
19102
17287
18614
19923
19471
21779
16372
18877
22855
19006
30825
19933
18738
18702
19717
19027
34930
20147
9446
15821
23294
15904
22103
19899
18821
20158
15248
22401
16897
18606
19699
19102
22674
15819
20121
18625
22849
19155
19774
16015
22378
15904
19824
22144
19920
15752
23308
15507
22204
16740
18496
23171
16333
19060
18859
32594
20053
9844
15192
22534
20153
15749
18935
19854
19271
26463
15106
16092
22663
19428
16188
19632
22310
19268
29579
10000
18677
16228
22411
16176
22247
16789
18902
22868
19058
19482
19182
16147
22460
19227
19638
15278
20746
18475
20215
21850
16282
21133
20394
16413
22589
16908
21377
19572
20270
19077
18444
16222
19390
23139
22721
12920
19494
18564
20025
19325
22183
19808
15644
19758
19094
22343
15207
23788
19276
18780
19523
19793
16622
19419
21538
16344
22059
20244
15667
19671
22200
19466
17347
21356
16887
22040
16252
22237
16474
18928
19267
22696
16363
22198
16605
19516
19180
19779
18823
22525
16567
22041
17092
21716
16287
19860
22618
18622
19538
31560
23758
16691
25082
158469
21046
10570
18877
19595
16589
19292
19069
22856
16132
19492
18472
23405
15567
22965
18990
16509
20836
17855
19249
19060
19144
20099
29327
8877
22333
16461
19527
8361
223468
122755
9044
22842
15192
19891
22173
19152
19784
16423
21892
19904
17172
21128
19796
16216
18683
22582
19703
19508
15697
20015
18860
18960
23225
15400
20060
19142
19753
21962
23988
15224
7385
13973
20212
18989
17012
18874
21785
16426
22899
19446
14838
20955
21771
19121
19318
16992
21893
25107
13553
16542
21999
16303
22576
19307
19923
16218
19035
18538
23396
19037
19243
20201
18877
19143
16592
21698
20339
19230
15383
19645
22505
16137
19100
22600
19506
16212
19287
23109
19356
16193
22169
16092
22092
20546
18271
19451
23222
12451
22252
16561
22562
18674
24190
14991
19698
15164
20153
19789
21794
19297
19126
16836
19902
18743
18742
23176
16579
22088
16610
18507
19364
26240
15946
16249
22736
16284
22000
15634
23080
20066
15798
18695
23111
18673
19671
16282
19140
19991
18271
20748
21577
19446
19252
19566
15808
22875
19129
16608
22933
18290
16101
23317
19243
19142
18876
20067
16112
27712
13737
19349
15949
23121
19187
16127
19284
19629
7579
14073
19268
22372
19709
19376
19695
20013
15534
19557
22069
18989
16564
22058
16026
22823
19261
19465
16041
19911
22345
15826
23356
15203
19917
19491
19421
21973
17020
22141
18892
19287
19482
19477
16648
19061
18815
20323
18800
22426
20082
14892
23175
16376
15960
19017
28077
13578
16489
24968
16194
19437
19577
19631
19265
26396
12015
19592
16083
19466
19303
18992
19618
22473
19597
25961
19692
18892
19487
20041
19152
18793
20976
23015
19646
16908
21635
19323
19317
19924
19067
16407
19231
22539
15714
22630
19555
15733
23015
16295
22493
16030
20342
21898
16060
19185
22097
19748
165148
33029
10958
17189
18126
23526
16312
18428
19947
19666
21900
16467
22364
16234
19785
21977
16368
22369
15825
22805
19259
16450
19576
18889
22701
15816
20035
22056
7594
223029
122415
10712
16441
22156
19231
19711
16503
22150
19682
29881
19366
19492
20649
20893
19370
19500
19020
22369
19559
19392
16348
22143
16628
18864
19440
19680
19279
19664
21812
17363
21135
17076
19463
21866
16553
22028
20483
15842
32728
19829
20904
23386
15708
20415
21697
31750
23659
19269
32095
21333
21823
16143
19524
19516
27712
14199
19079
15896
19805
21775
16797
19323
19081
19325
23180
15722
22200
17079
18791
22637
16387
19456
19343
32942
19184
19805
20584
23859
19761
15683
19336
19087
7672
15201
18297
22779
16487
19430
19645
22035
16403
19880
18825
22552
15788
18928
22721
19620
17668
17773
19923
21504
20137
18916
16180
23049
19050
19097
16897
21981
19802
15805
34793
20202
19817
24592
18947
19109
26718
9600
18964
23216
18790
16109
19116
19588
19490
22722
19060
16570
19287
22239
19129
19123
16124
19435
22677
16324
19676
19087
22406
19040
15892
19630
22551
16463
19534
22076
19961
15823
22284
19338
16520
19438
27193
11743
18461
20162
21940
16805
18869
19727
22113
7678
13958
19807
15562
22774
16041
22661
19183
16618
22410
25989
10298
19067
21951
16476
22059
19279
16209
19635
22769
15685
23398
18916
16757
22173
15866
18966
19663
22676
19163
19470
19068
19671
15651
22957
19099
16296
19380
22573
19959
15959
19288
18749
22968
16348
21901
20033
16530
19145
18470
22690
16589
22049
16130
19804
29443
12328
16599
18123
20969
21667
19214
16772
22346
18938
19867
18884
15887
19964
19369
18824
22773
16468
21892
19951
19198
16181
22158
16790
19538
19020
22230
20164
19223
18332
19882
15408
19912
19356
22632
15887
184086
43717
15808
21612
17755
18634
22508
16972
21963
19455
9427
12026
19483
19095
17110
19281
22049
16108
22184
16880
22610
15938
19468
21806
16594
22239
16307
18708
20422
143897
149232
28022
12151
18658
19267
19287
16307
23754
18315
16366
22359
15715
19823
19214
18835
22870
16315
19777
22539
19296
19313
18895
16531
19712
22103
19405
16497
21842
16334
22238
16436
22712
19389
18865
17066
19190
19364
22159
16709
22107
19004
16292
19548
25986
16143
20119
17876
16838
21712
17400
18547
19782
31633
10523
19678
15012
19615
22583
16493
22115
16398
19362
22376
18977
19766
19289
19260
19379
19292
15852
22210
28315
10850
17706
21328
18998
19594
19957
15379
23288
19016
18761
19439
16841
19263
22337
16294
18960
19341
19765
18676
19776
22272
16617
19181
18703
19507
22803
16388
22853
15565
23815
18084
16882
21851
17031
21459
25515
10983
22236
15174
20387
22040
16057
19648
23243
43630
20505
20293
19040
19861
20606
23384
19663
18804
17215
21953
15952
19209
23384
15665
22442
19991
18855
17220
18707
22399
15742
20525
21769
15969
19706
19441
22041
14724
21799
19478
19468
19298
18887
19882
15777
19883
19125
19533
19443
19199
19379
22322
15851
18657
23333
20153
15594
19559
31158
8583
17741
20108
19211
19076
19741
22696
19955
35651
19558
20312
23070
19239
16472
22122
16551
19521
18175
20355
22726
18940
16266
19456
19139
19756
23112
15200
22496
19589
19094
19103
17137
18336
28531
13565
15798
23012
19065
19575
16146
22213
20016
16094
22134
19206
19533
16901
22499
15464
19199
18943
21286
21087
19461
19400
16773
18508
22984
19755
18738
20143
18897
19389
26191
12231
18890
16372
22491
19639
16127
22690
15720
25573
13232
23391
18578
16164
19260
26729
12884
21998
15158
20793
21718
16874
18359
23072
18887
19351
153802
34184
22333
18920
16842
22358
15949
33953
19712
19503
19179
20294
23661
16158
22416
16474
21685
16199
19049
20169
22987
16239
19552
19181
22382
18829
20269
15295
7848
240827
122797
9688
21589
15995
23588
18604
16392
22832
18807
16819
22003
15579
23301
30948
20319
20367
32919
18914
20684
18920
18384
9864
26058
9460
18646
18712
24117
15695
22411
16398
21570
16199
23455
16206
19048
18754
23328
19070
15825
23596
16003
28007
13109
16055
19823
18987
19673
23024
18648
19992
16541
17851
23574
16224
19029
19097
19069
20089
19486
21781
19020
16684
19422
22394
16037
22326
19551
19377
15925
19881
22112
20296
16032
18643
19764
22158
19499
30762
18721
19813
22657
18910
18969
19391
19482
18972
28318
13387
20500
14604
22990
16700
22661
15245
19789
20020
33334
19422
19146
19271
20361
20568
19481
19577
19574
34035
18609
19754
19483
19420
19200
20885
19810
19588
7781
19567
20072
20926
22373
19694
18978
18591
27588
16955
15790
18784
20566
19220
22614
16179
22032
31027
19410
18918
18978
20220
18967
18762
18456
20798
18862
19389
20494
18774
19684
20894
19800
19189
23087
16006
22275
19263
16556
21969
16635
22581
15948
19486
22027
20287
16208
22201
19051
19389
16429
22433
15758
22974
19361
15784
22684
17532
21672
18728
19211
19769
19219
16856
19064
18512
22656
16472
22520
16094
19668
19541
33419
18910
19922
19107
20041
19219
18975
19713
20220
29802
12917
16685
21868
19753
16089
19603
21979
19492
16428
22861
15756
18914
20409
18585
22851
18546
19829
19388
29791
9800
18241
16676
22444
19882
18085
16245
20009
22575
16342
18415
23301
19023
19883
15428
20005
22485
16692
18391
22552
19389
19620
19093
19271
19522
19162
17214
18699
22391
19564
19020
19561
15986
19514
22095
19560
16371
19647
18902
159625
42758
7742
18876
22403
19871
16244
21805
19962
18901
18075
18228
19398
19018
22996
15588
25567
24016
11994
18797
16197
22678
16010
32637
19825
19306
19866
19547
8738
207322
124343
23184
20482
24065
15871
23056
16235
18658
19942
22357
15732
20304
21544
19859
18916
19905
15509
19684
22739
19529
19357
18984
16015
31700
9991
19518
19313
19771
18879
25676
9870
19078
19835
22856
16195
22999
14964
20305
18215
23697
16008
18574
23199
18842
16260
18898
22847
19423
19050
17019
18476
20143
22384
18962
16733
18613
23012
16597
22344
15714
19856
19993
21944
15832
22793
26399
9457
21953
16496
18796
22527
16225
22712
15785
22497
19744
16831
21784
19164
16368
19468
19782
21928
16135
23763
14949
22704
20280
13357
21630
19302
16785
22076
42189
13661
16512
18021
20594
21849
19206
19581
16822
19080
22532
16225
18331
20421
19081
19772
21766
16427
22357
25980
23416
19240
18717
10321
18021
19799
19946
15872
22754
18606
16874
21787
16907
18878
19333
19241
22689
16006
20078
22121
19333
19440
19558
15865
22579
16938
21700
17507
21277
16383
21562
16874
18898
20266
22053
19066
19442
19651
15516
19398
22572
16797
21963
16841
32661
20315
19051
19757
20082
21230
19138
22194
16194
22400
16928
22280
15080
20151
19679
22641
18452
19695
19114
18819
20170
16087
18783
19645
22734
16087
22487
19520
19692
16409
22143
18936
19358
16653
18937
19574
23077
15938
18829
19056
19285
19984
22703
19161
19192
16581
22482
15502
23287
19061
18747
19813
18965
19803
16217
23528
15342
19000
18297
23546
19261
19270
19600
19624
7392
14195
19693
14949
20692
21999
15845
19906
22589
19218
19401
16539
18511
20107
19062
22063
20025
15592
20203
19753
21748
18875
16670
18961
22718
19476
19033
19830
18959
16841
22225
16611
18362
22191
148850
32875
11758
17200
21358
16448
19227
22231
19591
19475
19311
19682
16593
21354
19774
19686
18635
30212
19279
19959
19784
19394
20256
20543
22175
15989
19251
19665
8615
232287
96845
12376
16811
19426
19098
22405
19439
18820
20129
29764
19624
19524
20795
20253
22269
19812
15833
20002
19243
19030
22351
16348
22255
16355
19651
19512
17931
20267
22611
16444
19666
18911
22154
19271
19398
16219
23227
19035
18921
19872
18717
16617
19277
22644
19297
19248
18819
20269
15974
19771
18291
19994
22486
19117
7637
14897
15819
18320
22719
17296
21501
19720
19563
16230
22430
19172
16404
19308
19645
19479
18251
23240
19060
17589
18317
19547
21930
16640
18883
22780
15686
19430
22914
16805
21739
16969
18676
22384
15866
20045
22231
20686
14562
19706
19620
22251
15832
19878
18587
19712
19909
22256
16240
34228
20303
20885
18728
19105
19732
29404
12598
19072
16220
22595
15790
22597
19743
18430
17875
22225
15511
18638
23193
18958
19008
16695
19400
22291
30836
19123
19201
9648
15064
19693
18861
22143
19481
16748
22360
16415
19101
19471
19705
22410
19097
18807
16911
22536
15826
19689
22268
19264
19526
15813
19515
20108
18840
23067
18072
16587
22129
17196
18416
19674
22787
18871
19673
15526
19306
19841
22963
16004
19866
30748
7873
22143
18863
18096
18004
18846
22697
19223
16082
22865
16887
18959
22221
16436
21996
19459
15697
23063
29403
20464
18505
9842
19000
19343
16744
18499
19088
20084
21360
16873
22777
19291
19111
19459
16050
22440
16406
22356
19510
16594
18981
22360
19300
19240
19482
16357
18784
22964
19646
18641
16135
22741
16910
21686
31184
19198
20374
19766
20087
19943
19144
18795
19560
7099
17634
16597
19082
22735
19514
19100
16589
19286
19564
25828
12349
19041
19865
22133
19872
15523
23297
144286
33839
13752
15596
23137
16505
20087
21788
19246
19713
19028
16571
17865
24077
18449
17174
18748
22952
18728
16599
19459
22396
15863
20056
19062
19431
19261
19594
8725
233361
123074
18455
19561
18925
19144
15804
23349
19191
19090
16018
19821
19156
22317
16753
19198
19002
7418
17510
15948
22773
19471
19425
19600
15671
22683
8606
10622
18699
22728
16856
16065
23162
18776
16025
20325
19273
19521
19064
22657
15594
19238
22524
16446
20124
21553
19099
20094
18883
16756
17939
23184
19528
20184
15658
22352
32594
20353
19112
22024
16978
22341
23041
11589
23090
15179
20702
21922
19172
20020
16576
18160
23223
16165
18492
22921
19352
15887
19736
19102
22768
19398
16804
18357
22821
16156
22441
16980
22158
19088
16232
22497
16286
19100
22795
16404
22134
16575
22336
15813
20338
21338
19361
19900
19191
15787
22845
16973
21931
16107
18854
22993
19225
18013
17420
22701
19227
31095
19334
19859
24178
16130
21873
19885
18676
19266
21147
14984
22447
15619
20451
19164
21731
19516
16962
18307
19900
19120
18902
23339
19168
19146
16574
22257
19605
30189
18540
31359
11937
19056
21256
16637
19566
18983
8615
13010
19248
23196
18878
19279
19722
16446
19602
19266
23032
18035
16928
19143
22482
16352
19498
18495
22802
15861
19402
19685
22620
19062
19260
19672
19176
23058
16008
15265
19685
22712
19636
16210
19699
21954
29022
20342
19299
9289
16282
21797
19820
19021
19417
16278
22163
16006
20123
19241
21780
19516
19567
16728
22232
27999
10124
19614
19698
16215
21960
15851
23143
16282
20042
18519
22668
19146
19271
16881
22040
19241
16276
19704
19704
19560
21548
19501
16132
22487
18822
16777
19404
19410
21979
19952
18818
16158
22485
19982
15494
33803
19942
20554
19486
23364
15896
19758
22660
15332
9086
16249
158073
25020
19943
19718
20366
20083
20528
26979
12032
22465
15647
20505
22101
19574
15795
22389
19536
19368
16332
18055
20630
19739
21712
19667
19484
16548
22881
14964
7851
233092
122511
20709
19240
16477
19159
19616
25977
15884
19704
15542
22858
19664
18233
20061
19164
15773
23583
18717
19206
19673
16259
22041
25748
13304
16117
18708
23122
19631
15887
19737
21748
17379
22635
15569
19275
22376
19006
16094
23278
16057
19094
22631
16320
19313
22580
19418
18677
19815
15784
19888
19697
21565
20034
15181
20566
19175
18386
19266
23236
19420
18837
17494
21518
16837
21656
16631
19133
18873
22943
19269
19571
18660
19922
16234
22420
16579
19092
23558
14377
23151
16461
19206
22251
19495
19000
16107
30515
8661
23137
14823
19913
19770
18606
19987
19071
22416
22552
13104
18897
22846
16238
19269
19658
19097
21968
26695
9134
23205
18977
19823
18869
15758
20215
18694
20102
305480
33390
20054
19153
20021
19898
23123
19801
15902
20630
14905
20201
19811
22092
19179
19943
17803
21270
18338
17105
19023
22558
19199
16389
19733
18989
22096
16548
18707
20485
18738
19882
19246
18741
19802
19625
22254
19323
16025
20241
18696
19782
19649
19035
19397
18979
18995
21794
19948
19159
19549
16630
19337
22792
19039
18532
16833
19327
19239
19328
19169
22083
31142
20046
20439
23143
16433
19410
22272
16578
19597
27987
10290
22475
15589
20139
21630
19946
19197
19157
16563
31247
10281
15574
20544
21894
19323
19509
16610
18667
28544
10571
19258
19951
18469
19870
22023
19919
16175
19446
19097
22825
16935
21548
18912
20015
18975
19338
19323
16708
19354
21933
20130
15621
18846
19512
19506
20107
22051
19199
16297
19087
19609
22447
16033
19941
19100
19400
18392
18928
20521
21681
20156
15965
19164
22774
15957
19739
17852
177210
45774
17644
22118
16475
22670
16552
21705
19087
16505
22691
19105
19761
19110
22602
12969
19676
18253
20249
22792
18789
19576
19489
42960
12250
19723
15753
19500
8237
224914
124017
20304
20434
19261
20538
23167
20117
15942
22135
19501
15784
23076
18906
19656
16045
19839
19039
23037
18721
15965
20453
18770
19488
19172
19558
21871
16512
22302
15652
29143
23604
9946
14902
20046
22374
19499
18896
16238
8671
17340
18105
16242
22706
19483
19119
16395
22717
19205
20010
15590
19323
19062
22573
19263
19740
15530
20227
19463
22155
19772
14887
23400
19097
20013
18907
19062
19903
19543
18661
19399
19551
16071
19346
19833
18866
19811
18970
18964
22271
16712
19142
22936
15484
23387
19490
15368
30005
8818
22454
16647
18415
20192
18666
29399
13405
15975
18893
22545
16649
22138
19522
19458
15972
26148
16206
19273
20324
18823
22368
15872
23131
15958
25640
15794
16258
22762
16282
18362
20025
22594
18760
19442
16680
22433
19262
16329
19251
22551
16266
19180
22451
16150
22706
15685
19728
19079
22799
19402
16481
22044
16184
18748
20266
22330
19500
18963
19531
16275
34833
21057
18912
25184
13039
19979
19301
22786
15944
32164
19901
32020
10394
21953
19528
19602
19065
16552
19700
22242
16075
18225
23103
19958
19107
15779
22411
19882
22643
15676
16067
18822
20378
19366
19363
22098
16487
22097
19986
15511
22753
19369
19170
16743
18808
19025
23004
15492
22953
16546
19249
22466
19441
16476
22356
16416
19249
22174
19297
19490
19407
18693
16233
20052
33857
18761
19729
22838
18739
22171
19110
19392
16492
29611
8113
20584
18785
18965
19711
19738
22653
15697
22276
20048
15608
19405
20073
18537
19521
22683
15869
23242
25502
9608
27944
13854
16010
19359
19338
18616
20356
19656
22598
18553
16005
22602
16577
141066
22364
15503
24842
11286
18886
19682
22000
19467
19307
15512
20235
22475
15204
19876
19027
23251
16007
19471
22374
19511
19446
18929
19800
18929
19828
19297
19311
8062
232497
124764
12297
21633
19567
17036
21345
19405
16648
22766
16037
18636
19915
21994
17027
22649
16104
21974
15906
20347
18374
23691
15690
22897
18692
16531
19350
18483
23172
22566
12934
34263
19049
19294
20403
23919
18884
17256
18496
22133
19760
19103
19692
19035
19505
15587
23676
19491
15714
23040
18216
17172
22212
16256
22000
25747
13874
15872
18313
19547
19851
19016
20815
21088
17089
18835
19267
18870
20132
19225
19070
21845
19664
16138
23523
18553
16825
21771
19237
17027
22051
19038
17097
20041
17904
19444
20087
18928
19590
22181
19364
18800
20703
15062
23072
15831
19699
19687
21781
15976
19599
22358
19328
19892
15442
19180
20282
22120
19144
19591
20142
18461
19333
16446
22645
15979
13838
15473
22591
16612
22076
17149
18197
19625
22114
17634
21505
16256
19859
22241
15938
22698
15425
20385
21565
19906
19701
15954
18420
20493
18523
22976
15441
19758
22990
19931
18964
16026
19255
35190
20433
19251
22553
15711
23024
19364
19661
15230
19056
22723
19635
19812
18979
19415
17141
18055
20326
17389
24076
19117
16347
22633
19079
15832
25724
16486
15661
22728
16850
21656
16254
22682
19551
16606
21568
17012
22017
19483
16447
21722
16839
22370
20082
18262
16905
18517
23049
16148
22724
16369
19511
19539
19089
19822
15573
19571
22132
19560
16518
22283
19441
16597
22149
15794
19790
22693
18899
18524
17201
31215
20718
20466
19611
19929
18698
21051
23020
19251
16795
22317
18861
15908
19567
19751
21937
19826
19589
16204
30931
10686
16244
22061
16405
22412
16057
19242
20343
19158
21854
16107
22628
16750
19044
22197
20010
162058
43521
20705
15819
22355
19923
19102
19378
16366
19442
8337
13148
22401
16411
22762
15974
19748
21707
19478
20167
18783
19075
18963
17329
21805
19530
19287
19628
19188
175222
123957
22957
18885
18782
20442
19150
19099
19876
19820
19760
23292
19599
19519
15926
22566
15849
20655
21713
15758
22989
19208
15513
20315
18630
22634
19703
15753
22810
16436
18872
22482
212853
96946
7852
24182
19229
19019
19364
18885
20114
18979
20026
19707
28174
12091
19882
19197
22131
19266
19476
16594
22093
17302
21464
15820
19383
19833
22213
16405
19768
18917
19451
22088
19157
20117
16189
22379
15673
19039
20143
19724
22218
16152
18934
22554
16107
22564
16950
21892
31549
24197
16080
22824
18794
19302
18862
20333
19080
23655
11772
31094
7511
22751
15804
19806
18622
22964
16212
20571
18462
18110
20452
19304
19805
18755
19712
22053
25897
10278
19040
22524
15686
22907
19088
16169
20329
22350
19830
15748
19916
21954
16107
22575
19058
19747
25693
10284
26201
12354
19361
21974
16410
22271
17019
18906
22179
16328
18625
23353
19138
16015
19941
19028
19682
22605
15657
22746
16747
21593
16572
22162
16155
22604
16243
19070
22861
16560
19361
21955
19246
16326
19189
20131
22404
20589
17451
19340
19892
16025
22370
28940
19707
10028
15587
22890
19303
19235
19252
15933
19924
22096
16949
18186
22635
19980
16306
22292
16376
18206
22615
19492
19538
17817
21139
18817
16449
19060
19323
20191
22111
19799
19323
15503
19910
22287
16089
19407
19574
22477
19060
16385
19369
22503
16086
19278
22412
19485
16405
19810
22717
15692
22762
19358
18508
19838
22359
15632
16466
19951
22030
16222
22384
20041
15297
8010
17385
19322
16186
19427
22484
19623
18523
20265
19297
30195
18994
31473
13223
20361
18909
18805
15867
19098
8225
177095
41435
22639
16225
19924
21821
16227
20394
18186
22912
15363
22953
16484
19489
23138
18525
16464
29747
9083
21784
19700
16411
22397
19443
16631
22031
16735
18358
20099
160651
148924
23917
13350
18725
33698
20316
18991
18948
20344
20570
22844
19348
19151
17853
21239
20073
15583
19168
19504
19224
18625
19830
22456
19969
16212
18490
20102
22211
16544
19220
18385
19788
20112
21547
16926
22635
19147
19043
19265
16895
21714
19282
16508
19733
19028
19649
21912
19610
18973
16267
22928
15857
19820
18756
19174
22851
19859
15224
19338
35215
24328
19274
19287
18981
19089
20085
15790
19605
30476
11097
16291
18478
23195
19789
16837
18920
22623
16082
22008
16579
18718
22965
16007
19662
19683
18542
22731
26077
9064
18672
23779
19076
16588
22355
16015
18714
20133
19483
22287
16234
19221
19639
22222
16469
19531
18896
23104
16679
21933
16399
18465
19841
18947
19665
19753
21916
16335
19339
18885
23196
16011
21772
19558
30371
18446
20323
23036
18665
19257
19741
19021
22860
18905
16597
22249
19139
19066
30065
19158
9726
18901
16559
33412
20000
18417
19670
19728
18948
19651
22152
16213
21917
19688
16444
19550
23030
14907
20141
19089
19507
19773
18597
19680
22433
18942
19471
18884
19756
15982
23710
15294
18655
20043
19400
18949
19749
22278
16517
22785
19368
16309
22343
15605
22559
19308
16642
22435
31573
23870
20035
19153
16335
22322
19728
16125
22242
25592
12898
15705
22289
16837
19319
22178
19283
16739
18754
23333
19533
14892
19810
19824
21974
19764
18707
16572
28826
9841
18820
20376
19120
19319
22333
19264
19091
17292
18218
19716
18939
23119
15966
19182
22839
19538
18966
16570
18851
22983
16353
21820
19497
19701
16348
22093
19981
18611
15796
22740
16047
23263
15412
19825
22482
19561
17383
18261
149423
33225
13082
15957
19443
19759
22824
15633
22297
19530
16417
22807
19041
18699
30572
18925
19320
23969
18111
19691
22270
19394
19235
41634
10070
23110
15179
20216
7309
235827
122384
18600
15769
20104
21891
18879
17028
18887
20055
18941
22310
16528
22751
18686
16132
19290
22624
19602
19302
19167
20227
18661
16110
22148
19622
19980
15615
18902
23041
16297
18427
20287
33636
20557
20292
19894
21937
16338
22943
19110
19510
15341
22829
19769
16112
22169
16635
19625
21916
19702
15189
23184
15476
23176
15516
23274
16557
28821
12307
19619
19167
19766
16085
18943
22556
16287
19623
19805
21670
19370
16610
22313
19338
19280
19503
16775
18805
22089
17394
21516
16220
19925
21871
19619
16327
19502
22251
19027
16325
22174
16617
19502
19290
22746
16334
22011
15350
19925
19931
19061
19170
20306
32841
18967
18779
19485
18917
19841
20419
19040
20515
20349
23683
18097
19807
12296
25779
12622
22816
15869
19369
19276
18687
22621
16457
19316
19629
22235
18876
19706
16756
21899
17035
18656
19910
19250
18355
21321
21835
15571
22200
15525
20605
18740
20164
19350
19016
22291
16619
22159
15027
23537
16452
22518
19156
19352
18979
20074
19157
16107
19082
19582
19500
19352
18759
20143
19102
19859
19020
19083
22495
19285
19174
19925
18837
19690
19355
19384
15789
22977
15687
19710
21794
20461
18654
19307
16191
19742
19015
18880
22574
16794
22019
16644
22071
19302
15641
23364
19521
16120
20728
21661
16295
21416
19488
16222
22773
19090
16188
22622
19401
19320
23215
15729
15979
19588
21836
19994
15900
19428
19144
8614
16487
19562
15813
19623
19499
19146
22539
16328
20061
18093
19900
18849
19042
19181
20242
19136
19690
21966
17005
18899
22292
16123
22746
15616
23497
16008
21932
16460
22050
16072
20121
19150
174200
67304
18563
19714
19370
21701
16679
18406
23907
15720
19862
21636
20232
15105
22774
15991
23155
16422
22376
18497
16971
22121
16700
18637
19024
20108
23020
18923
19266
178991
125968
22657
16433
22188
19228
19691
19139
16695
21859
16425
19743
22009
19266
19859
19111
16071
22522
16709
22377
19112
19071
16531
18617
22595
17002
19110
22112
19910
15991
22424
32719
22252
16635
22281
19467
16434
29348
9705
18901
19428
22259
16709
22521
19425
17445
17442
19521
22593
15952
22533
19716
19265
16688
21569
19630
24029
11683
19921
21953
15855
22899
19071
20053
19035
16953
18084
22955
16074
19670
18665
19528
19046
23013
16617
18251
20087
22480
19315
16292
20005
18877
19076
23081
15565
22450
19486
17140
16213
19301
19707
18882
22574
19301
19276
19491
16295
19000
22601
19060
19934
30428
19991
19843
20471
19856
22029
18997
19660
19342
19679
31033
19800
20595
18961
20308
21896
16478
19468
22737
30656
19860
19457
20512
22134
16410
22241
16840
19439
7623
17019
19524
16429
22474
15574
19923
21778
20034
19394
18888
19498
18866
16418
22480
16324
22175
17257
19191
18560
22595
19967
16017
22054
16828
22151
16622
18843
18924
22932
18153
18144
19101
22080
16297
22537
23831
11471
22706
16377
19158
22491
16411
19321
18976
22782
19590
19500
14969
23258
15829
19903
22594
19511
18548
27654
11491
16066
22711
16077
22369
19409
16637
19703
21953
19098
19338
16343
22220
19502
16615
21569
19810
16257
19904
22181
16429
19427
21700
16834
22511
19010
19571
16528
18623
23471
18385
19861
15735
19379
19133
27477
11265
22594
16076
23165
15975
19999
21713
16488
8170
16245
20034
15321
20091
22637
19161
19097
16908
21646
26251
12950
15125
20123
19745
19495
21848
19800
18783
20432
18184
19783
15900
22995
19105
19099
19669
166715
35260
18517
19517
19102
19762
18476
18798
19298
9906
16128
22678
16375
22074
16346
21963
16554
22655
16414
19330
21799
16313
19569
18917
19497
19481
22352
19964
8560
208664
123033
20517
22380
18674
16769
18964
19035
23158
14847
19025
23269
16839
22466
16315
19394
19202
27831
11558
18830
19224
21841
16940
22553
16486
18512
22938
16625
21553
16748
18926
22764
18994
16907
18939
19220
18982
19461
22582
16829
21919
20110
19723
18522
19827
16588
22172
18743
15947
19452
20630
21350
19590
20118
18522
19559
15646
22643
16692
21927
19202
16670
19625
26815
14984
14663
24039
15965
19207
19623
18943
20193
25978
12067
18705
20310
22304
15803
20325
18256
22606
16855
22518
16418
18625
19449
19685
19184
22584
19200
16718
21225
16894
22979
15625
18717
19714
23148
16025
19661
22379
19381
19445
15589
23147
15761
22781
16534
33230
19079
19134
21345
19866
19863
19486
19010
20145
28408
9822
21722
15564
19732
20543
21917
15223
20101
20286
18747
19629
19372
19706
18716
19671
18985
22474
16400
29133
12911
16187
22120
19563
19142
16532
22039
19357
17574
22089
14628
23387
15556
22775
19704
15945
22439
19483
16650
22132
16227
19395
21912
16886
21976
19492
19862
18717
16820
22505
16202
22677
16076
19261
22007
17100
18502
22890
17133
20967
16358
19898
22159
16633
22813
19298
15809
18312
20426
22012
16456
22446
19117
19682
15994
19102
19083
19971
19411
22459
19034
19576
19139
25153
10736
22192
16296
20123
18893
19571
19691
17974
20896
18028
20310
22160
16256
18819
20181
18583
23405
18713
16261
19021
19682
21970
19318
16378
19693
19368
19625
21927
16598
18802
23206
16306
22794
18504
19620
23700
11708
20076
18101
22784
16368
22779
17196
20929
7588
14906
15907
19611
19801
18486
23321
16271
19078
18723
29172
148953
30112
18582
19005
20996
23426
19620
7071
14964
16292
18047
23382
19352
16537
22174
16665
22142
20427
18528
17231
21083
16796
19528
19124
19044
19924
19099
19090
19068
211866
123000
12435
16635
19025
22579
19284
19576
15844
20076
21729
17049
18965
19444
7407
17062
18966
17132
19612
19110
18846
20502
18282
22395
30958
20217
19743
24082
15112
17553
22692
19401
19148
21087
17054
16805
19542
21951
19863
19097
16634
21974
20109
18624
19646
18885
20287
15192
23073
18849
16890
19630
22009
19020
19773
18835
16806
19232
21946
16107
20246
18292
20405
22067
16454
19226
19481
18910
22676
27417
11293
19100
22184
16514
16593
19201
19425
19170
22421
30466
20637
19649
21004
22515
18408
19456
16721
22413
10246
8473
18962
19785
19605
18860
22512
19272
16652
22352
19374
19035
19379
19400
16185
22494
16384
19722
22136
16317
22361
15604
22735
15789
19121
23361
16250
20040
22194
18958
18880
19281
19860
16593
21753
19312
23398
15875
19041
15461
20676
19097
22200
19499
18977
29699
9928
8153
9498
22642
16158
23388
18717
15629
22822
21482
14858
18887
22253
17865
18037
19925
18691
19654
7205
14241
19805
22030
16144
22956
19149
19329
15976
19629
21979
19430
19268
19529
19732
18813
20209
15787
19371
22695
18728
19685
16095
19821
19348
22050
16470
22493
19699
19062
21369
16948
18944
19543
19445
19744
22800
12790
22314
15248
22976
20182
15972
22152
19600
19435
19482
16222
18093
20628
19118
22342
19271
15849
23616
25003
13162
16686
19433
22148
19312
19492
15435
23226
15865
19145
19570
19470
22432
20010
18455
16610
18315
20689
21698
16859
21870
19274
17031
21810
19215
19726
19679
16066
19077
19687
19173
22383
16532
18940
20847
28627
12683
18430
16679
18769
22310
19249
16851
22260
8074
13527
20389
15762
167445
42724
19573
19095
15476
26466
15606
19439
16394
19899
18549
19324
22570
20096
29125
9638
19200
16208
21845
19812
19478
17318
17867
22522
19570
19524
16629
22133
19208
178426
123030
21838
23680
19010
19281
19708
15597
23004
16246
22300
19270
19726
16256
19121
18217
23217
15733
23308
18975
19683
26330
9369
20016
17851
19842
19181
19788
19147
19386
22333
19316
16782
18544
19863
19676
19583
21911
16480
21711
23235
12983
22310
16312
18960
22476
19798
20002
15737
19664
22062
16610
18988
22307
18928
20380
15289
19605
23281
15967
18756
19195
19989
21851
19731
18897
16585
22651
19632
16080
22147
18916
17243
22855
15687
22102
19721
19701
16187
18321
20071
22176
16474
18497
22581
17413
21932
16251
18259
20674
18255
19629
22595
19348
19392
19508
16497
18103
22965
16791
19025
20092
18800
18849
20214
22021
16547
19703
19385
21951
16234
18838
22359
20225
15635
19615
22425
18876
20123
15333
23303
18415
16591
19923
19563
21943
19717
18599
16558
19193
22633
30075
18646
19791
20668
19741
20282
20490
18687
20051
28789
12338
16195
19046
19773
19724
22421
16035
22472
16913
21811
16467
21892
16899
21717
19620
19428
16409
22635
22372
12111
19593
23112
19080
19117
19762
16350
19846
18904
18912
19610
19425
19265
19117
22428
16632
21838
17389
19249
21800
19109
16980
21953
16278
19482
19743
22122
19283
16377
18585
20184
22154
16477
19471
18400
23680
15430
19774
34421
20784
22702
18597
20296
15482
29932
9183
19505
17953
20920
19479
19512
21711
19135
16705
22755
16066
19261
21935
20285
15471
23000
16207
21975
23761
12343
18698
20106
18884
19661
18722
22880
16596
22167
19147
16517
19485
21827
19665
16928
19077
18948
20220
21787
19632
19147
16728
21789
19789
18961
20184
19119
18808
19353
18860
19740
19888
154698
42507
9628
15912
22774
16540
19427
21910
16022
22579
16477
22361
16829
18906
19093
22645
19067
19552
16800
18085
20068
21613
16974
20400
33316
19330
19564
19940
7703
205577
121678
13055
19400
22833
19025
16315
22135
19263
19667
17068
21210
17284
21629
16136
19488
19291
22976
16174
19107
19712
22227
15609
22412
16192
19708
22814
16030
22785
16117
19386
20633
18365
19380
19209
21634
16509
35351
19884
19593
19302
19279
22548
15955
23084
19588
11149
10474
19317
15412
20634
19142
21923
19993
15594
20083
33027
20035
23081
20907
19310
16725
22161
19098
19266
21236
14882
22456
16168
19206
22069
19305
16412
19825
22208
16219
22069
19266
19304
16303
19321
23105
16244
19473
18508
23076
19273
19341
18684
16405
20043
19992
21948
15761
19984
32406
19487
19141
19442
9668
15362
33330
18836
20941
18417
20528
22195
19564
16564
18841
8492
13157
19662
22254
16735
21955
16130
20074
19276
21896
26051
9645
19334
22695
19361
18639
19593
19184
17119
18487
22692
19784
19005
19398
16252
22230
19710
16374
22601
16035
18994
19414
19195
20035
18980
18655
23314
16272
21892
16291
22946
19299
19471
18764
17097
21811
19551
18704
19612
16086
22285
19712
16606
19219
19128
31460
10301
16856
18845
23194
19107
16615
21432
15990
23447
18712
19605
19080
19501
18978
17225
18457
23002
15908
31712
8473
21372
16175
19424
23125
18300
15813
20292
22208
16117
22456
19505
16075
19087
19810
19706
19086
20047
21928
15810
22131
16815
19391
22342
18917
16169
20289
18875
19045
20205
18794
22092
19890
19256
18902
26169
10057
17615
18285
20158
22969
19208
16908
18454
7824
16911
16340
27776
14717
18323
19820
19706
16665
18903
22877
18766
19110
19452
19505
16391
19605
19089
19203
19585
19128
22394
19287
16648
22455
19175
16338
170107
32734
10267
18660
19573
15865
19666
18734
23425
18636
16974
18884
22843
16207
18760
22269
16405
19114
23947
15321
22778
18758
19239
19500
17416
21387
19756
18590
8009
205530
119825
11312
22195
16010
22210
19576
19182
19326
19208
7412
15044
15805
22953
18861
16366
19058
20413
18986
22138
19149
19876
19259
16066
22347
16184
22721
16740
21235
20011
18917
20461
19027
16383
18316
20053
22218
16790
22018
16414
19486
19297
22133
16015
23626
18588
30743
23578
20148
20109
15321
22682
19789
31362
20103
22966
19320
17839
20852
20158
18841
16411
19671
18890
19305
18743
20295
21958
16297
22714
16195
22718
18754
16778
18281
23333
19445
19308
16328
22330
18857
17031
19224
19712
21533
16076
19227
20009
19004
23087
18964
19562
16553
18938
19440
22441
16498
19039
19503
19548
17956
20458
19380
21955
19462
19411
16307
19641
34058
18890
19935
21451
21960
16534
18887
19502
22174
27131
12173
15810
19081
19328
23181
18391
17128
21589
16434
19724
19668
19120
19064
19595
22480
15545
22996
16649
22858
18640
15682
19452
23202
19062
19402
16625
22147
16135
22490
16452
18657
19882
22398
19425
19378
19268
19713
18887
19564
19296
19156
17212
18825
19731
18339
20610
21848
19329
19457
18944
19203
19484
16230
22599
30472
19891
20624
34620
19875
21002
22764
15653
22984
25931
9783
22028
15708
19502
23086
19015
19850
16010
20192
18056
22816
15355
20424
18596
23424
15810
20089
16227
27010
11456
18835
22907
16763
21803
19527
16759
18332
19660
22768
15524
23394
16005
19223
19766
21958
16871
19351
22553
19218
15623
19370
22471
16796
18322
22898
19605
15902
18983
19278
20771
21494
19866
18961
16632
33976
19813
23981
30824
19440
20325
23985
15552
19756
19649
22200
19661
15444
22615
16405
19942
22171
15774
20728
21743
146348
24705
21254
16274
22424
19502
16005
27539
11107
20148
19085
19584
22653
15733
21938
16507
7484
18277
15430
18552
23297
15975
19963
21979
16800
18714
29584
12269
7098
231456
120951
19419
20982
19710
20061
18798
18979
19581
19310
19230
16756
19584
21756
20308
15474
23209
14948
21145
17694
22992
16670
19086
32141
9917
19016
16016
22010
16332
19635
23072
18779
18969
17272
21917
18940
19703
16400
21812
20099
18882
17009
29725
11679
19081
16215
19680
22174
19324
19142
16732
22414
16033
20082
19061
21897
16633
22362
19088
19142
17219
18665
19472
19764
22153
19122
16844
18534
23003
19410
18835
16275
22683
19049
19327
19688
19136
19261
30771
18902
19355
18868
19359
19822
20268
19943
19309
21452
22189
19191
16052
22309
19566
18707
17211
19307
22200
23374
14805
16717
19290
22671
19364
16395
19291
19567
7238
13978
22293
16282
19743
23105
18840
18737
16957
22172
10255
15644
19762
23543
14866
19724
19678
32356
20356
20134
19940
20766
19419
22251
19141
19865
16027
19808
21906
19492
16132
19524
21894
16695
22391
16449
22664
15346
19723
19496
22385
16169
22626
15374
22835
19842
16227
19484
19682
19078
19598
18565
19898
22136
16928
18245
19702
22380
20147
16198
21720
15789
20350
22302
19271
19443
19002
16264
22789
19817
18476
16610
25851
16070
19100
15335
23849
18948
16571
21756
19661
7769
25026
19962
20083
20083
23207
19068
16842
21888
19812
23278
15002
16428
22660
16126
19710
18694
22783
19099
8453
13878
16431
18266
23139
16549
18856
22745
19041
16448
19827
18367
19819
22342
19522
19139
19482
16266
19789
22026
19654
18946
19835
18920
19295
15861
22928
19721
18785
19794
31828
20292
22763
19194
16534
19207
34664
20036
18312
19434
19652
18469
18732
23405
16644
10432
10668
23005
15289
181287
43429
22450
16397
19661
22353
18844
16943
34043
20955
19846
19076
19353
22151
26195
12499
16493
18476
20661
21920
16618
22441
16265
18625
23003
19308
15403
20464
7409
203518
120931
15062
19164
19400
19741
21839
19638
16305
19076
22182
19361
20140
18985
19267
19939
18328
19975
18787
16849
22175
26133
13001
19635
14528
20371
19197
22663
19491
19216
17018
21498
16362
22938
15817
22547
18849
19539
16410
22475
24107
11737
18927
22286
16705
19487
21794
20144
16229
20046
21618
15583
19720
19835
18680
22784
19179
16561
22341
15582
19968
22253
16836
19193
19607
18714
19760
22508
19261
19210
19061
16207
23317
18699
19099
19501
19446
19269
19580
21897
16490
19528
15967
22946
18899
19000
19909
19250
15446
20517
21784
16615
18936
23256
15264
20265
18802
27075
11586
22610
19701
19254
19489
19131
29925
19917
18757
19222
19404
18965
19610
9944
15001
22619
15687
23104
19287
16432
18907
22996
16229
21855
19473
16405
19470
19428
19048
19289
22601
19527
15663
22955
16588
21981
19702
19287
16498
22401
18966
19404
24830
11531
15687
19073
20314
19459
22091
16449
19138
7380
17893
16138
18141
23463
16410
19567
18898
22580
16415
28453
9859
19322
22554
19466
19689
16387
18985
22495
20385
18381
16534
19252
19802
18095
19706
22998
19082
18837
16937
18995
22973
18930
19028
19419
19335
15666
23360
16045
20041
21838
15713
20006
19625
21815
19277
19611
19210
19492
16024
22835
19641
15815
22341
16757
30359
10918
16061
19271
22730
16856
22022
19338
19188
16837
23400
14847
19855
21437
20274
19134
18940
16778
22231
23600
15387
16090
19388
20405
18255
19521
19403
22011
16257
22965
18726
16878
21889
19882
18487
16753
19383
19306
19200
22594
18960
20010
16292
21856
16680
18910
23365
18876
16292
22503
16457
22020
158736
42356
20331
20002
23518
15987
19528
22545
16911
19087
21749
16290
22698
19191
20237
18764
20308
15456
22984
14912
19709
34772
20316
20302
31112
10173
16596
22382
7318
221361
120871
11949
17832
20573
22132
19512
19100
16583
21777
16410
22280
17118
18384
19472
22959
15664
19902
19484
18917
19507
19428
19517
21692
17119
21989
16296
22355
16537
22373
16089
22231
16790
18769
22928
16174
21951
24625
11730
19422
17775
20507
19420
22457
15890
22367
7152
11967
22392
16585
22211
19158
16960
19330
19003
19102
29612
8968
19680
19062
22461
19508
15957
22461
16561
19454
19553
19030
22096
20305
18545
17691
17620
20043
22565
19133
19287
15958
19159
23585
18640
16449
22479
19281
16435
21972
19882
19102
16016
22447
19407
15876
23097
15695
22635
21840
16891
19220
17220
21731
20061
19790
16519
20837
19579
15934
19934
19119
22140
16661
19617
22114
19512
18848
16882
22179
16420
22044
16552
22512
29605
19038
9905
18676
16106
19288
19285
19466
22220
19507
16591
18737
20476
19071
19158
19061
18980
19545
19964
19200
18553
19671
19705
19040
22165
19490
19066
20311
18963
19479
19312
16255
18841
22668
19630
19255
24948
10307
19802
19543
18704
19710
22068
19394
19572
7832
11274
22000
15746
19912
22928
19115
15662
19569
19501
33660
18837
19369
9649
18216
15889
22630
17241
19164
19389
22036
16625
19486
21994
16564
22547
15680
19972
18810
19644
19038
22164
19705
16007
22451
19385
15833
23200
15810
22610
19622
19569
16423
21674
16814
18579
23203
15968
22325
15410
20288
22434
19903
19046
19932
26532
8560
21863
16094
22970
16659
21888
16330
22655
19341
19020
16638
18733
20138
19052
22946
18716
16652
22035
23086
12836
19479
21994
19088
16881
19244
22719
18662
16126
23333
16538
18536
19547
19661
18172
22986
171653
46237
18704
19558
19286
19523
19452
19313
19842
18756
7726
20561
16383
23066
16073
22456
18851
16743
19361
19452
19365
21868
19318
19749
15783
19514
18774
19302
7857
225331
122371
12771
18668
15966
23230
15640
22179
22847
13183
21784
19410
19308
19744
19311
19247
19722
29501
20083
20555
18925
19011
19147
18642
19136
9833
18476
19215
19172
19778
19274
19104
18937
16676
22512
16684
18435
20644
18983
21769
16298
22595
15789
19689
23406
15436
22576
20106
15615
19333
19157
22158
16329
29525
12568
16551
19153
22874
18991
19261
16348
22232
16760
19184
21870
16993
22558
18886
17832
17662
19174
22895
18917
19248
16210
22681
16618
22096
19560
19487
15985
19045
22972
16819
19145
15851
19726
19688
19446
22219
19671
18939
19283
16508
21960
16735
22396
19665
15385
19323
20389
22233
19005
19730
16209
22624
19430
18735
25008
10522
23202
30728
20573
22936
19720
15383
20109
29475
8714
20134
31076
20197
19772
19567
9592
15220
20048
22282
16178
18587
19623
23374
15453
19487
19625
21636
28160
7958
22109
20103
15729
19507
19661
19030
22037
17251
22097
18743
19984
18786
19223
19400
16464
22400
16514
22175
19212
16741
18677
22864
16214
19823
21800
16266
22581
16007
22936
16078
23041
18960
15951
19182
22245
17029
23081
14600
19621
22655
16331
19867
22460
29670
18566
19449
19249
9757
18674
16156
19415
19396
19427
22297
19429
16366
19282
22573
19502
19174
19228
16758
19669
18855
19822
22076
15815
20187
19285
21751
16698
22790
15494
22359
16748
18867
22391
19284
17227
18728
22539
15588
23823
15384
19105
22779
16576
18987
18906
23012
19687
18955
19406
20000
18275
16999
18955
22177
19663
16798
21961
15429
20071
22916
15483
22929
19280
19630
16291
18704
19116
22968
19044
19724
16127
19429
18966
23339
159930
33361
16711
18820
20005
16497
22166
41699
10751
22253
16103
19642
19142
21774
16854
19125
20343
18846
21892
19326
19489
16479
22127
19507
19002
16831
7892
16830
8639
233994
97494
20897
22160
15586
23307
18788
16820
22452
15800
22989
15937
19206
19758
30174
11460
19004
16400
22997
15186
20305
21958
17046
18225
20270
22640
15199
22656
19182
17100
22030
18927
16733
28426
9659
19056
23859
18753
15687
23304
16234
22181
17029
21451
19982
19350
15981
19810
21634
19545
19566
16970
18566
18952
22402
20002
16269
18377
22661
16932
22416
16408
22256
18883
19282
19563
15948
22961
19792
19307
18611
19686
15325
20312
19440
19533
21971
19117
27107
11369
19769
15773
20287
22081
16324
22374
19200
19744
20169
15194
19103
22937
16400
21801
17126
18505
19556
32435
20275
18886
19661
20364
20919
20105
21989
19333
16684
19370
22407
19209
19530
19448
16441
18438
20183
19533
304043
19800
22777
16594
22000
16891
19107
20177
19098
19127
18876
22420
19121
19533
16639
19041
22600
18656
16857
18782
20307
19220
19287
22334
18905
20014
15645
20030
22171
19297
16120
22541
18881
19403
16735
19659
19406
22456
19606
18707
19521
19079
15934
22432
19925
18702
19935
16424
22630
19018
16112
18749
23220
18619
16617
19596
34184
20304
23767
18943
19463
17239
28583
8999
22277
15338
20729
19202
19533
22373
16445
18656
22694
16834
28161
10254
22797
15510
22948
19267
19387
21324
17553
14938
20897
18928
22293
18930
19513
16758
20197
21550
15882
19592
19202
19442
22220
19521
19306
16990
18892
22189
16815
18864
19219
22476
16876
22230
16120
22875
18742
16002
19537
20026
21772
19578
18788
20914
15112
19261
18180
20768
18743
23095
16117
22920
24180
14376
16164
18976
22110
19973
19162
19364
19476
15800
19646
19392
18512
169226
42962
18885
15248
21398
21491
19267
24058
10908
19470
21872
17071
22384
19163
19691
15864
18540
20084
19749
19524
21900
16278
19644
19219
25553
15993
16025
22665
19258
178764
124399
20463
22728
19845
19683
19345
16380
22325
16534
21610
16789
27674
11169
22146
15994
19298
20116
18301
22802
16266
8553
14020
22191
15389
19769
17079
19130
22705
16488
18830
23641
18486
15623
23165
19076
16650
22248
16331
22447
17203
22095
18583
16441
19784
22317
19099
19608
16184
21877
19917
19358
19371
19169
16571
22441
16266
19168
22328
18825
19733
19448
15864
22297
16084
23062
19085
19202
17738
21203
16625
19452
18567
19641
22445
20445
28585
9986
15894
21735
16830
19690
18483
19964
18687
19864
19186
22380
16143
19549
22396
19471
19487
15881
19408
31780
10239
16466
22125
16368
22264
18879
19425
20106
19198
18849
20006
16176
22385
15704
23261
15934
19081
22734
19092
16411
22317
14871
22277
16240
22525
16198
19152
22178
20045
16213
22277
16187
19527
19374
18403
23257
19251
18912
16850
19815
22085
18956
19642
19060
19043
16669
19744
22142
16138
18567
20312
18615
19994
22192
7523
11450
18748
19626
22615
16568
19090
18737
23136
16230
19035
23015
18964
16194
19969
21652
19692
16944
18885
19105
19329
19600
19153
19266
22433
16734
22071
16018
19606
19128
22836
19446
19041
16771
19226
18538
26774
15527
19360
16013
19943
19464
18235
20150
22456
30650
18895
18709
8078
23790
18903
20291
15883
14964
21893
20752
22940
18793
16477
19538
21618
19950
16300
19536
29952
11743
16030
19080
22155
19630
19440
16707
22088
17027
22260
15803
19297
19198
19386
19060
19669
22818
15805
22179
20108
15391
20286
22161
18839
19370
19820
19471
19073
16707
32572
20253
20125
21409
21585
19687
20782
17614
17082
17984
20133
22050
176764
44111
20060
20040
21088
16030
23013
19583
18888
19581
16964
18894
22769
19284
16537
18702
19696
18516
23157
19079
19307
19491
19512
16651
19078
19009
23032
18678
8454
191282
122328
23504
21335
15967
18937
22972
16014
19154
22512
16891
18358
19847
19077
22482
15906
22924
15855
19887
19358
22120
16790
21920
16657
21938
19723
16119
19613
25891
12048
22882
15385
23155
19913
18717
16594
19542
31455
9938
19429
16512
19230
22546
19092
16807
21953
16558
21633
16731
19679
22376
19438
19041
19139
20276
15871
32949
19273
20146
20112
20621
20230
18476
22964
16311
19408
21824
19939
18887
27594
8236
19798
21772
15811
20509
21538
16549
19452
18825
19890
19003
22813
19592
16270
21978
19296
17127
18435
22815
19332
19010
19276
20330
18118
19825
15473
20303
19241
19707
18861
22422
7175
14904
19133
19546
19282
19400
19471
16109
22506
15795
26799
12523
21830
17270
22176
19057
19623
17016
21085
16838
21917
16640
18711
19829
22052
19830
16170
22701
19424
18884
19317
15852
20287
18294
20467
21516
19225
19684
16776
21783
16420
19777
18797
22660
16455
22130
17200
21978
15836
34415
19368
19774
20668
22550
20228
19306
15183
22394
16410
22362
16416
19330
22837
16454
19193
19490
19410
17835
20915
21769
16389
22220
16888
22117
19098
19266
19499
19327
16576
19511
21711
19860
15632
23006
19101
19666
16420
22313
18923
19266
16849
19292
19458
18525
22596
19409
16747
22152
16091
23424
15406
20272
17958
23154
16687
21851
16396
21028
18088
18849
23061
16104
21748
16353
22984
18947
15886
22539
16369
31275
11148
19338
15564
19920
21647
19981
19161
16187
22425
20717
14784
19600
18768
23658
15717
19593
22046
19420
26025
9869
21790
16605
19025
19963
19542
19469
19066
22432
19229
16183
22561
16329
16646
22755
15990
169735
34943
20024
19556
18841
18757
19650
20421
23616
16487
20213
18313
19828
22169
16468
21763
17029
22034
17841
17859
19261
22969
18868
19522
19005
16410
19468
22634
8179
242528
97491
15183
19859
15668
19697
18842
19103
23598
15995
21977
19699
19484
18805
15871
19605
19830
10184
11472
18841
23003
19810
18779
16897
18612
19917
19128
22311
19351
15994
19518
23294
15845
19181
22116
19406
20024
15677
22794
16403
18909
19753
21674
19761
30610
19069
18723
20718
20473
20372
19043
19705
22524
26299
11913
19633
15425
20345
19256
21992
16857
19610
19464
21617
20163
14851
23156
16429
19945
21997
18821
16199
29076
10552
18928
18297
23800
16007
22370
16211
19263
19512
19482
22288
18902
16815
21992
19704
19044
16370
22835
16787
18450
19159
22512
19581
19040
19522
16295
22551
16116
22389
19641
19430
16394
21720
16147
23423
30123
20463
23476
31356
19895
20724
20384
19440
320643
28094
13943
16325
19507
22161
17016
18902
20143
18723
20174
18950
18649
19561
19649
22515
15954
19784
21607
19658
16076
20041
21938
19183
15953
19307
23727
18953
16270
19041
19673
21893
17940
18131
18997
19484
22511
31580
20293
19382
23535
18545
19880
16190
22192
19125
45967
10462
15661
18735
20291
19090
19131
19780
19351
7482
17704
15941
21933
19946
16023
23061
15378
22478
19638
30368
20512
23620
16379
22231
16833
22562
18935
19685
17378
20965
19482
19701
15942
22400
16292
22451
19144
20020
19154
15846
20073
21712
19583
16196
19223
22615
16548
22034
22928
16082
19247
19500
16342
21790
19347
20537
18581
19243
32011
20381
19794
21907
16130
19936
29220
12456
16511
18227
22936
20148
18929
18800
20000
16200
19577
22394
18680
15887
19986
22984
15372
23043
15639
29333
10071
22035
16960
22734
15323
22600
19108
16478
20179
174688
42803
8033
19382
22358
16112
22685
16113
23062
15729
18882
22974
16235
22455
16347
19275
22454
26266
12020
20158
18613
19642
19114
19511
16005
20899
19141
18520
7909
189728
121227
14328
16200
22419
10471
8605
18370
22799
16488
19835
21676
16451
19283
22839
19104
19306
15742
22633
16009
20034
22445
16418
19118
23547
15596
19216
22225
17630
21376
18522
19851
16451
19470
17985
20271
22591
19466
16333
18417
20092
22371
16594
21816
16502
22883
19138
16357
19118
19878
22364
18457
17666
21869
30805
18987
19703
19727
21555
18866
29600
9424
19109
18636
20020
22227
19529
19728
15097
20426
33042
20272
19124
19691
19189
18681
21560
19330
23266
31073
19825
23994
19066
16274
19249
22139
16155
19377
32130
20300
12480
12775
19786
21761
20102
18713
19943
16579
21916
19564
19126
19439
16407
18499
19751
19420
22282
16767
22059
18823
16449
19647
22372
18317
20571
16205
22374
15323
34066
19189
20171
20967
23023
19805
29665
9722
14881
22431
16409
22856
19058
16377
18996
7814
17141
16602
18417
20448
22792
19106
19097
19894
18577
24601
11725
7594
13885
18547
19902
21351
20682
16302
22395
16497
19402
21967
15786
18966
20548
22753
15994
22784
15660
22439
16410
18875
19525
19816
22005
19549
19325
19297
16121
28419
10771
25164
15912
16954
18377
33859
19709
19340
23075
18324
19107
22909
18635
19487
19233
19493
16892
19129
19226
22051
19805
19241
12578
22594
19928
15933
18500
19749
19935
22164
16838
18240
22940
30454
18579
9418
19084
15768
22595
19449
19162
16259
19620
22221
19852
16145
21893
19878
16419
21478
20695
15834
19259
19280
22569
19107
19059
20194
15784
19205
23023
15867
19795
22351
18424
19447
16632
19491
18629
27774
11005
23071
15956
22615
20015
15680
22297
16287
7917
17293
18919
16120
162704
43751
20917
21723
19528
20676
14870
22589
15370
23318
16011
22442
16938
21733
25911
10266
21813
19449
16389
22565
16224
19822
18736
19280
22846
19130
15682
19812
7206
229846
122953
20330
22744
20026
18592
19601
19273
19973
18410
16432
19266
19581
22276
16568
22510
16215
21948
19521
19010
16978
26541
14781
16227
18241
20389
22738
16028
22383
19783
7935
14642
15527
19380
22679
18866
19242
16375
22588
16024
22130
17276
18697
19511
23035
15195
23181
15952
18981
22915
19591
16630
18466
19261
22960
19020
16571
21892
19743
15872
19967
18586
20066
22384
19082
16015
23242
15567
19761
19418
22289
19188
19892
18484
16872
19724
25689
15280
19443
15775
20051
18984
22579
19464
15851
33401
18939
19441
18942
10371
18722
15613
22892
16497
22371
18943
19993
15369
19727
19871
19329
22241
16199
22332
29133
10037
15830
19446
22090
19943
18909
16466
19632
22209
16074
22717
18621
19969
15465
20023
19512
22362
15794
19711
22157
19740
16462
20110
21128
19162
17039
22553
15466
19753
23118
15083
19508
22825
15473
23302
30992
18917
20277
19680
20403
22594
19480
15611
20028
7117
17684
16576
27179
13687
16674
19302
22364
15785
23158
17495
18082
33118
19560
19678
20693
23892
16137
19100
7769
14146
22671
15584
19269
22784
16448
19487
22286
16677
21896
19264
16250
22560
17006
21801
19061
19261
20112
16804
18794
18890
22715
18824
16514
22243
19767
31220
21255
22074
20086
18833
20194
18777
15712
22805
26256
12469
15697
19421
20007
19512
18484
20082
22584
15961
19563
22635
15307
22368
19723
16332
22039
20101
19097
22452
12961
19542
22132
16680
19041
19728
18960
18990
20563
18844
19270
19451
19440
19065
22419
19075
19850
19177
19035
19271
19490
19783
18829
19457
16477
18707
20405
21834
20409
18604
19225
15789
153499
30857
11876
19811
18994
15866
20020
19426
18648
23025
16685
19073
22317
15989
19990
18871
19317
22274
19247
16200
22501
20887
18005
16301
19038
22341
19340
19692
7249
223210
122255
8119
19773
22083
16827
21451
16001
23197
18939
16460
22605
16223
19243
19111
18893
23020
16184
22644
19848
18682
19014
19580
16642
22657
18905
19327
15843
20291
19225
22261
29554
9821
15228
22802
19439
18632
30789
19722
20295
20469
22979
16234
19321
19186
22300
7899
10324
20145
22149
16729
18356
19841
23342
15252
20086
23417
18040
15883
22899
15844
19803
19460
23035
18656
16933
21954
19446
18779
15688
19639
22579
16089
19311
19894
19661
19082
22258
16634
18710
19665
22199
15888
23543
15655
19899
18858
22799
18951
15985
20472
21823
19415
16632
21740
16097
22592
17158
21682
16458
18818
33503
19671
18721
19571
19811
21232
23005
16932
19138
22471
22783
12333
19071
20123
19320
22454
19510
16144
22029
26071
8959
22994
19302
19867
15826
19283
18922
19948
22584
16034
22347
16528
22140
16788
19162
21787
19646
14422
19383
22113
15928
19933
21813
19704
15540
19984
19782
21745
19923
18733
19283
19861
18866
16087
23076
19634
18345
7972
11038
19661
19543
22279
18989
19994
18379
21230
18285
15215
23496
18748
16997
22200
18718
20005
24619
10684
19277
22700
15872
20301
18544
19287
22578
17078
21953
19246
16039
18996
19921
20296
21558
16337
19784
21540
19740
19343
19211
19508
16651
22213
19199
19521
18639
19907
15784
19707
19702
18867
23056
15687
33512
19507
20177
19625
19289
19170
19870
20720
23019
26436
11410
16045
18702
20473
18649
19698
19724
23235
15807
18710
23074
15905
20001
18426
22523
19781
18692
20105
29948
20306
19519
20107
20383
18886
23180
19123
16621
8377
16235
19207
19165
15739
20571
21922
15623
163851
32334
27876
19488
19294
19892
20662
20394
22465
19762
28985
9984
18685
19130
16962
19371
21545
16513
19924
19358
21931
16748
22378
19158
15832
22633
19964
15813
7420
230847
95362
13851
21671
16183
22624
19095
19101
16980
18527
22629
19779
16262
23284
15852
19289
21904
29041
10325
19167
16071
22042
16410
23135
15885
19327
19513
22357
16029
22702
15444
20282
19104
18899
22754
19822
19086
16343
22197
15836
19502
22610
15954
19770
19768
22334
16185
21748
17231
19063
18930
22704
15390
27876
11850
21673
14915
23437
15865
20050
19175
22260
17481
21340
16549
18536
21652
17239
20071
19827
26068
14701
19921
19168
16410
18624
19935
19903
18279
20292
21767
16676
19164
22372
19906
15431
22915
16074
19101
19523
19687
21718
20066
19072
19096
19574
19962
18748
16450
22904
15485
22723
16389
18723
22559
19763
19379
18888
30809
19887
19553
20466
20351
22618
18422
17420
314146
33025
16709
15515
19488
22378
16428
19719
19653
21615
16192
19547
19882
21953
15827
19779
20923
18181
19482
19904
22096
15790
22358
16897
21318
16553
19355
22400
16613
21939
16904
22444
16324
21728
20121
15726
19778
28997
12454
19432
15903
19980
19553
18723
22189
16812
28335
11566
18066
18664
23063
19455
18925
16168
29133
12738
17112
21881
16067
23073
16235
21683
16414
13157
12572
21410
14146
22978
18475
18889
20255
15673
20513
21649
19302
15964
22461
16391
19541
18963
23041
19091
18873
19492
15869
19337
22679
19770
15674
23185
18988
16225
33355
18708
19725
20699
18948
20071
24020
16033
20111
22269
19240
18778
15066
21205
22001
18781
15635
20104
7406
17494
16638
17830
21321
21159
19894
19512
16275
22607
28784
10487
14964
22707
16238
20008
19227
18920
19623
22241
16552
21914
15959
19743
19486
22181
16205
19302
23800
169736
67866
21190
19419
15646
23463
16110
22502
16443
19553
19087
19556
18942
19108
22375
17016
18538
19667
22236
19928
15239
20361
21795
16948
22446
18800
16207
22235
16593
179022
124046
22735
20435
23233
15830
22323
16472
18815
23000
16430
22744
16014
19579
18466
26841
12763
17856
20795
22391
16415
18858
19900
19485
19162
19416
22331
16209
18719
20204
19046
22059
16512
22785
19115
16547
22155
15871
19385
18887
20066
22282
20063
15070
23556
19240
19378
18971
19489
19310
19271
19804
16289
22415
20548
14620
22517
19342
19238
19147
29930
20195
20711
21206
19102
21948
16815
18460
19568
20782
18046
19916
19057
22174
16467
19408
19606
22169
19061
24521
14307
13781
22589
15985
22483
19019
16891
22317
16609
22172
19127
16387
19206
19687
19066
19548
22364
19317
19037
20004
16117
21976
19425
16978
21820
16335
19682
19211
22413
18977
16758
19060
22757
18976
19476
22653
16289
16404
21572
16449
22443
19900
16145
22562
15098
33899
19019
9474
15461
22710
19041
16188
19922
19168
22576
16427
19425
22172
19270
16157
22651
16571
22463
29907
19818
20338
23707
16092
18730
23092
15810
23028
16445
22164
16393
22397
16190
22215
20143
19025
19131
16536
22651
18801
19352
16258
19619
22532
15406
22979
19942
18256
20610
29050
19079
9949
15861
22354
19244
19825
15194
19606
18877
23048
19635
18693
16893
18697
8241
13944
22123
16101
19933
19508
22544
16042
22563
15615
26445
13203
19085
22374
19318
19564
16449
22239
16328
19803
21787
16746
19329
18813
19123
22369
16975
21911
19568
16269
19589
18820
22793
19077
16373
19720
18916
22614
16133
19581
21821
19753
18988
16272
20708
17843
34583
20080
24100
19768
15613
22102
16031
19899
22324
26916
11690
16968
17771
20403
22539
19322
16211
19670
18857
19962
21566
15830
160418
42579
7682
19019
22384
24043
15677
18730
15387
22697
16841
22640
18600
19928
8618
13787
18384
15496
23165
16823
18969
20175
18727
19779
27522
10535
19523
19156
19075
196623
124619
21917
18744
20335
23748
19381
16092
19610
18930
22264
16479
22322
16887
18960
18927
23332
19106
16270
22063
16399
7097
14579
18977
18941
20574
19532
22531
15492
23399
15764
28240
13616
15410
20275
18826
19507
22599
19076
20172
15196
22904
19943
19306
15887
22378
16494
19290
19568
19604
19138
22321
16112
19106
22402
19310
17010
21568
19927
18723
16040
22844
20336
18687
15561
20544
18041
23826
15361
22912
31767
20748
18927
19200
19557
22630
20451
15063
19112
18272
23456
16190
22564
16651
19296
19884
21776
15421
19261
20766
18567
19932
21872
16287
22182
30266
19507
19796
18649
19924
18465
20307
18477
14374
11090
22274
17009
22233
18817
16323
22473
20157
18945
19288
19041
19276
19682
19827
18482
16631
18805
19622
19048
19785
22297
16368
18917
19149
19984
22903
18836
19549
15979
19132
18346
21048
21525
19951
16126
22810
28647
10287
18516
15846
22841
16718
19102
19300
19779
18717
22733
16235
19409
22340
19651
15174
23678
18836
20216
28846
10146
18250
19574
15734
20123
22020
19238
19241
16652
22188
15620
20471
19420
18377
22712
16785
22822
15404
19056
23022
19486
19499
15960
21981
19391
19686
16632
21713
16921
23112
15213
22661
18956
16553
22806
20600
14180
19889
19204
22553
19499
18753
20034
19320
7216
14732
16375
22011
16805
18775
18968
19918
21835
16046
31501
8277
18713
23092
19021
19120
16705
18939
19170
19918
19033
22244
16594
22197
19558
16499
18856
19451
22991
15463
20247
18679
19630
19119
19451
19299
22644
19284
16250
18898
22776
15876
22901
15409
23194
19282
19210
19714
19056
15461
19669
19968
177424
44266
20161
18584
19315
19591
20318
20896
22313
16012
19081
19750
23455
15123
22217
19932
16029
21912
17061
18847
22675
29451
20615
18886
19389
20430
23868
19524
8192
236625
122221
10090
22808
15987
22462
16327
19390
19736
19292
19268
19070
19704
22832
15604
22384
19577
19499
19120
17330
17400
20427
21822
17668
15479
19836
19138
22661
16870
21754
19288
31258
18884
19783
18891
20517
24186
30161
19831
27957
15345
16771
22766
19245
18958
19127
26821
12554
16230
18174
19779
20261
21782
19507
16081
19578
34148
19855
20444
19915
22038
19710
19007
16692
18770
34707
19041
20112
21338
18956
22134
16591
18779
19528
20435
19088
21442
16820
19601
18579
23252
15385
22782
19462
19260
19146
20092
15631
22260
16601
19352
18747
23530
15182
20365
22339
18941
19424
16066
22375
16210
34071
19233
19651
20306
20552
22352
16436
22931
19198
25220
10750
18800
19532
21936
19662
13408
15300
23372
16647
21977
18697
16798
22326
16676
18919
18847
23136
16576
22558
15264
22583
15784
19788
22700
20165
15782
22182
16482
22378
15604
23198
16218
22542
15973
19627
32036
20474
19127
19660
19104
20687
23662
19927
18678
16608
20080
19109
18555
19723
19500
21872
17027
19239
19351
27984
13601
19061
16185
19164
22941
19427
15807
22786
20292
18235
17110
18517
22282
16862
19117
22589
18663
20468
19287
15343
19690
19347
19765
21550
16958
22056
16936
19043
22635
19658
18545
19083
20104
18830
19567
16809
19092
22236
15543
19768
19965
21783
19492
15975
8172
16936
19269
16043
22936
16558
21930
19399
19528
16556
22533
15750
19527
19188
20058
21779
19902
19246
18876
16749
18946
19755
21569
16974
22615
15367
22676
16681
19122
22335
16836
22174
19709
15964
18572
23419
18765
20165
19099
15826
19046
19628
20050
21733
18753
170855
65819
20717
20425
22032
16188
19003
26989
15054
30507
19569
19244
20442
24067
19120
19065
19376
19307
16669
22152
19625
15756
22530
16231
22892
16282
18716
19579
7519
211281
123454
20763
23025
16579
19361
22233
19067
28142
7833
22015
17013
21730
16871
19500
18380
23655
18661
16556
19203
22120
16488
22823
15994
22231
19258
20134
15885
22720
15379
22764
16333
22133
16407
22411
16678
21747
19994
16126
19144
19461
22075
16620
19639
33004
20324
18641
19941
19909
21085
18938
19852
22384
24600
10642
32113
19696
20414
18584
20914
18995
19388
19925
19409
20370
19405
19959
19529
22946
15635
22736
18947
30431
19047
19941
18887
19059
20163
18440
19582
19710
20446
21781
22215
18684
16770
19346
19491
19110
22241
16810
18012
23000
19543
19453
19050
16014
19966
19106
23157
15449
19647
22362
20051
15582
19725
22055
16505
33497
19895
19085
20071
20582
19266
23015
18982
302174
26092
16202
15136
23425
19015
19537
15927
22362
19522
19707
16347
19000
22572
16390
22344
16416
19168
22015
16036
20313
18888
23597
18071
19822
16006
19158
23389
16257
22050
15687
23258
16138
22035
18964
17457
18255
27072
14969
27730
10717
19877
16550
19542
21691
19761
7832
11012
22066
15754
19664
19770
19252
19520
19548
18967
19394
22674
15571
19544
22676
16528
21911
16415
22282
18056
17781
22337
16409
22318
19203
19283
15653
19417
23476
19035
15851
22831
16612
19450
18597
22561
19099
19906
15952
22842
15974
22612
16066
19911
21597
19868
19337
19451
18887
21557
14602
22553
16455
18877
19447
28179
13435
19143
15411
20865
18950
18514
23156
19702
19689
18707
16310
19165
19185
20007
19488
21691
16698
22274
20088
18301
16816
19109
22565
16338
20429
21690
15340
23240
16189
21997
19867
19069
16446
19956
19508
15845
22374
176005
68523
15441
16731
18879
19687
19296
22088
24948
14045
16647
19163
19026
22599
16756
18825
22177
17210
18691
22898
16046
22420
19160
19774
15339
23584
18863
19261
19332
184569
152152
23761
19710
19871
8006
13937
19108
15231
20266
19153
19505
19250
22789
19448
24871
10152
19207
20410
21579
16751
21829
19666
16800
19731
22141
15661
22120
16545
19012
20420
18867
18459
23031
19494
19735
15551
19256
19797
19015
22430
16024
23121
15830
22811
20053
18564
15962
20096
21518
18676
21308
15592
7204
17355
19643
18734
20461
18600
20210
10661
7819
19231
21690
16615
22838
19191
16499
19520
19275
22095
19425
15214
23389
15885
19522
22585
16636
19067
19715
22077
19138
19299
16440
18463
23275
16145
22580
16326
22887
16466
19024
19059
19682
19512
22347
16460
22015
18882
20000
15464
22476
16128
20111
22261
19094
19492
19748
15555
34882
19187
18648
18516
20016
19379
30323
11190
18849
18875
20003
22638
16655
18796
19770
19119
19680
21548
16627
22919
16272
21815
20166
18605
19547
19067
16863
19022
19146
19673
22774
19582
15769
19397
19409
18856
19421
22656
16550
22007
17760
17610
22665
17073
18628
22200
19344
19600
15812
19523
20045
18829
22893
18903
16569
29505
12363
16043
19296
22333
16399
25873
15367
17104
21647
16710
19482
19303
21902
20023
28960
20400
18681
9446
15617
20241
19076
21766
16373
22377
31271
20129
20178
19866
22036
19637
16338
22776
16338
30773
11278
19057
18876
19778
18899
17231
19019
19360
19232
18844
19460
22996
15876
19305
19717
18774
22288
16780
22242
19342
16304
22215
15930
20446
19327
18880
22279
16250
19051
19781
19482
22601
15902
22015
16240
22830
15948
19929
18443
22974
16465
18687
22733
16624
34411
19681
23834
16210
20407
21323
19789
16285
22366
19548
18640
16317
18877
163802
44042
22273
19805
18886
17435
18449
19182
18795
23249
16228
18578
20057
23161
7868
10521
18714
19610
22218
16572
22318
19164
17309
21153
19270
19965
15803
19082
7130
192302
123882
21271
21023
23560
19781
20237
18041
15994
19801
19605
22282
26056
12882
16405
18662
22624
16971
22122
18993
19561
17497
31198
19107
20324
19682
19733
20529
23459
16641
19007
26443
11831
19314
20051
22012
16186
19984
21540
16810
7970
17085
19261
16113
19420
18866
22697
16401
19086
22876
19059
19332
16147
20384
21436
16709
22116
19521
16492
20153
21769
20139
18293
16672
21459
16476
22577
20466
17943
19481
22858
16266
19092
17068
19140
22036
26052
12597
16417
18960
22294
19517
16979
19090
19266
19316
29785
12232
16086
21894
16616
22418
16620
21936
19559
25306
10166
22315
19621
19473
15822
19143
20087
19038
22794
19160
15976
19471
19697
22415
18815
16873
19103
19785
22055
16431
21646
16356
19977
21800
19680
16359
20124
18360
19475
23215
15176
19286
19297
22557
19226
25598
10873
27126
9727
23733
15847
22866
19612
16288
8192
16547
15988
23405
15886
22112
16389
22184
16183
19378
25434
16359
16069
19301
19843
22120
19464
19788
19061
17030
19264
18904
18830
19569
22564
16848
22169
18680
19745
15956
22523
15938
22473
16424
19882
19311
21854
20353
18427
19164
19205
16449
22889
19549
15667
19863
34342
18990
18674
22501
19250
18934
22317
16038
20282
27034
11549
19905
15421
19867
19757
21620
16718
19384
22551
31072
18670
19447
19568
20234
19980
23490
18657
19635
25516
13240
16515
22051
15892
23439
18681
19890
19320
17297
21287
16400
21966
20261
15815
21951
19801
19278
19339
18962
19444
16246
19924
22007
15405
23092
17056
22572
18437
20287
36624
15479
22019
19661
19042
15669
20676
18877
22057
19847
16092
22451
165229
33824
8114
22326
15779
22051
19842
16200
22282
19964
18464
17246
19121
19147
19221
22258
16428
22474
15735
19880
19044
28228
11041
28358
8821
20484
22274
17816
7787
221738
123179
12979
19765
18767
16271
22513
16504
19357
19297
19248
19144
19608
19472
21849
19641
16394
19026
22925
16369
18907
22521
19490
18897
16418
19774
21517
20434
19622
16527
21806
15983
19265
22791
16229
18502
19123
32928
10133
16292
18217
22864
16502
23098
18377
16813
19471
32958
19921
19363
20278
20491
19512
22579
19230
19261
24160
14618
19138
16075
23356
15543
19471
19148
22217
16735
19364
19524
19145
19168
19623
22051
19602
16082
22759
15705
20067
19407
19124
22115
16109
22779
16168
23001
19091
16061
22559
15705
23002
16471
21930
19935
26859
8444
22246
16328
22753
15645
20279
21550
19830
10063
11693
19225
16124
22964
19119
19701
15754
19339
19958
22977
15152
19038
22959
16456
21954
16205
22994
15827
20065
18723
18477
20406
18737
20004
19326
22430
18835
16336
22423
19328
16975
22642
15958
18871
18952
19291
23543
16083
19052
18667
20116
21977
16887
21868
17086
21817
16006
19374
34523
19054
20294
20731
22630
15773
29745
12150
17036
18343
22917
19427
19258
19339
16340
19317
33522
19183
19342
19558
18687
20107
20103
20233
19999
23528
15130
19782
18880
19268
19875
19102
22682
19404
15671
20238
22253
15933
22577
16288
22151
16277
19358
22758
16075
22331
19671
19317
16205
22463
16415
19100
19450
22180
19261
16394
22656
19143
16228
22135
16565
22661
16777
21778
31517
20107
23245
16216
19463
22197
19454
19512
19548
16413
22049
19252
16010
20268
18046
9750
26517
18841
19320
19912
18717
9756
18966
30066
18969
29346
15991
16030
22283
16380
22807
16018
19259
22027
17409
18866
19583
18657
22914
16271
21741
19716
153965
24064
15046
15702
20107
21996
19208
19620
19483
16454
20292
18594
21546
17090
21760
15810
23026
16608
22038
20574
15339
22256
16376
22557
15786
19924
18476
22884
7815
226104
95708
16919
19923
19732
18815
19907
18699
19710
19983
28868
18997
19806
18801
20220
19904
21886
27816
10364
23117
19369
15976
19882
21853
19364
16246
22363
16535
22407
19320
16378
18879
22612
15736
22771
17307
21615
16641
18897
19040
19893
22189
16276
22718
19281
16584
19236
33896
20363
23507
15692
22967
19511
17322
21486
18990
15727
20049
19558
22072
15985
19906
7391
17908
16164
18158
22979
19841
19110
16036
19400
19167
26066
13353
18700
19150
22803
16108
19573
20000
22081
16276
21736
20143
18867
19247
19102
16653
22702
19581
19627
15948
20470
21128
16531
21990
15892
23273
18680
17583
18187
19186
20121
21752
16878
18780
19921
21727
16940
19144
22540
30909
18710
19023
20449
18966
11250
21845
16096
22933
19261
16639
18747
19498
22307
16335
19804
21651
19482
19305
19587
19867
18855
16598
19079
19753
16820
19693
21775
16453
19264
22585
19189
19510
16936
18138
23434
16210
19162
18881
19883
21789
16999
27003
14584
19333
16034
22753
16311
22452
15638
22997
8595
12980
19486
19157
19258
19615
19082
16373
19532
22392
20066
15663
19045
19364
18877
19503
19683
19103
22343
16588
19421
22435
16194
22603
19410
16779
19249
21857
16427
22994
18953
18961
19730
18915
19315
16898
19409
22446
18736
16400
22556
16209
22235
16209
22353
17170
32938
19983
20084
36701
20294
22646
18927
16528
19428
22315
18923
19571
16972
21469
19762
19467
15690
19586
19189
23106
18609
19569
16289
19779
19030
19748
18706
19898
22981
15787
21957
19189
17117
19328
21952
19450
19298
16952
21841
16311
19164
22122
19365
16189
22753
16010
19624
171025
67584
19760
20282
20490
22258
19263
19268
26074
9707
19038
20094
22053
16200
22343
19621
19092
17262
18985
21427
17230
22554
18717
19622
15824
22594
16550
22073
8562
210434
123137
22151
16053
18856
23423
28965
19395
28218
17243
16016
22223
16456
19484
19304
22246
16564
18799
22344
19199
16345
22553
19535
16487
30393
8382
19083
19298
19778
22495
18994
16195
18870
20395
22112
19868
16105
21870
19789
18823
16047
22141
17066
21746
16840
18994
23317
15430
19726
18924
19307
23143
16225
22024
18955
16800
22018
19667
16006
22392
20205
15731
22014
16986
21972
19682
19948
18504
19177
7226
12191
19261
19530
19242
21708
19933
19457
19248
16275
33569
20028
19978
23678
16659
19161
22636
18460
19764
7861
13980
19920
15873
22099
16538
19395
19806
21730
16297
19238
19552
19610
22013
16685
18697
20154
21851
19969
16389
19290
18362
22854
19358
19789
16097
19228
22989
15239
19966
23721
14520
18593
19441
19066
20366
26751
11836
19301
19800
22231
16068
23009
15484
23208
19622
29130
20538
19591
20092
23408
19349
16100
19748
22074
30966
18738
19589
18687
18740
19489
20165
18838
19497
10120
18436
19420
19060
16719
21972
19867
18782
19732
19323
15786
22538
16731
22324
19460
18503
19399
16497
23002
18696
16974
21951
16524
19465
19106
19604
21846
23497
15673
19049
15329
23834
16429
22458
18915
19291
30579
19223
19502
18476
9610
15787
19818
21923
15948
20344
21292
16471
18932
22564
20029
19244
19364
16443
19425
31255
10445
19167
19646
18861
16950
21492
19663
20235
16270
21349
19856
16015
19452
19298
22620
18698
20175
15884
22491
16605
22086
16701
19138
19510
19338
19044
19257
19892
18619
23070
18757
19474
16428
18579
22985
31912
20651
21951
16030
19909
22338
17041
18922
19125
8560
16975
16160
18037
157015
32164
20403
23414
15974
20630
21076
16884
19260
19109
23014
15543
22971
18602
21066
14271
20150
18312
24158
15625
18738
20170
19128
19697
26209
11975
18517
19985
7919
237114
121282
15098
19205
22320
19261
19309
18897
19261
19606
20309
18587
19581
16419
18953
33434
19187
20168
18293
20540
19682
28861
11655
34399
19202
18963
20450
21199
18600
18889
32318
9899
19503
16599
19111
22538
16256
22544
15887
22303
19481
19340
15883
22867
19189
16434
22741
15879
19323
32484
10182
15177
19527
22152
20426
16069
18319
23062
16223
22405
19302
17355
21174
19483
19917
15457
22925
19116
16258
19489
19384
19922
19056
18995
22612
19065
16739
19415
18839
20483
19024
15949
19295
19511
22683
23784
12318
27353
11295
22780
18524
19512
16596
21980
16711
31692
20361
18664
19281
9881
19171
19170
20502
16546
25884
11046
18964
19928
18867
19663
20053
19415
21714
17215
21514
16596
14795
21738
19601
19680
18843
19729
16152
19051
18800
23306
19500
19295
16062
18946
8035
14263
19521
18952
23336
18455
19900
19516
18928
16601
21772
16833
19074
22192
17187
18473
19833
19315
22018
17415
21556
19306
16441
22492
18940
19470
16947
21289
20957
15215
22484
19084
18118
20951
16202
22188
20209
18674
19080
19536
16876
21509
19167
19404
20071
19089
31897
23543
16035
22626
16711
19366
18583
19744
22517
26172
10068
19194
18692
19527
22515
19185
19487
15368
20789
22761
18210
15738
20312
20001
18418
22702
15886
19720
27734
13730
19093
19630
19301
20096
18493
16670
21851
17336
21748
16689
21937
20179
16225
19000
19218
19360
22481
18900
19546
20120
15723
22159
15837
23112
19003
20078
18972
26056
12950
19104
19397
26025
9965
19102
23523
17529
19076
16398
19680
19515
19291
22546
19690
24071
14528
15870
18989
20102
19296
183325
44460
18318
20434
18239
19591
20155
18994
19162
19461
16337
21983
20106
18260
16760
19187
19512
22230
19569
15810
23400
21305
13798
19340
18563
23284
16456
21932
15861
172257
149779
22351
20195
22065
16279
19026
19916
22036
19448
19362
16827
21852
19581
19403
16633
22322
15193
22835
19533
16636
32629
21835
20203
19489
19232
22045
19791
25975
10077
18728
18166
23559
16233
22377
17054
18900
20069
21097
19126
15969
20875
21552
19836
15868
23046
19008
25909
13092
16015
19369
22448
16113
19386
19584
19344
18825
19861
21893
16078
22795
16749
22060
16571
22325
16802
19044
22832
15563
19610
19307
18677
19831
19602
22461
19536
15348
22974
19246
15679
20107
22839
18616
23076
13021
19461
17859
23365
19328
19296
19469
19559
28477
20361
9641
15290
20289
22268
16374
21620
19629
19241
19611
16194
22760
16193
21933
19490
19299
19942
19206
30669
18611
18617
19485
19129
20164
18901
19449
20528
18539
20214
20567
20210
22353
16115
18580
20121
22538
19881
15402
20050
19256
21964
16196
19986
18047
23740
16265
22152
19059
20043
15590
22398
16229
19734
19415
19379
19420
19010
18684
23194
19892
18666
19249
15938
26318
13225
19317
19400
18835
22163
19929
19908
15649
22152
18815
20094
19329
19630
19041
16207
22293
16538
22437
8405
10398
22231
19317
16451
19265
22590
19282
19161
19702
16446
19039
22439
19063
16231
19538
19030
22812
17172
18683
22353
15747
20416
18059
23405
15912
22393
30618
19047
19621
20023
21005
19679
22283
16494
19415
30403
8214
19023
19068
19941
22097
16312
22757
19082
17331
18926
18641
22385
16664
19169
22646
15585
23027
19920
21900
15812
16103
19679
19846
22815
18542
15592
19645
20789
21402
19412
19292
19379
19262
16658
19519
21948
19862
18916
18902
19861
19715
15837
19076
22394
153597
30103
19956
18842
19865
19303
19145
20307
20508
20994
19461
22060
17059
21649
19657
15563
20251
21820
19902
16206
22402
18878
30999
19908
21134
22058
19097
19691
7492
227723
97629
13958
17017
21772
16279
18978
19717
22212
19291
17338
22046
15572
23143
18990
18865
16796
19679
22784
18492
19078
16678
20048
19204
19427
19483
16533
18883
19503
22143
19890
19246
16517
19047
22628
19343
18818
19312
19743
16497
19185
19236
20286
18460
27077
11537
19926
18314
22984
16446
22559
16231
22359
7291
14860
15271
19564
19748
19047
22142
20333
15372
19649
29122
9776
18258
23348
16237
22724
19107
16205
19580
19907
18355
22354
16710
22586
16343
21994
16412
22188
16872
19148
22051
19181
16533
22581
19599
16013
22582
17035
21378
16270
22671
16150
19438
19291
22335
19199
19100
17031
21611
17189
21576
16196
23398
16466
18681
30728
11319
19074
15814
22775
16312
22802
16575
21939
19272
31754
23887
15964
19461
21950
17139
22248
16477
19056
28620
13125
16533
19655
19204
18162
22980
18937
19448
20179
15677
19679
22010
16791
19945
19249
18538
19589
19737
19106
21938
19070
16774
19375
19441
22698
15707
19682
19247
19398
21845
19564
16396
22517
19087
17061
18656
22420
19290
15030
19502
21028
18646
22980
15588
10543
14860
16394
22329
15628
22968
20172
14974
19448
23361
25261
13136
15543
20452
21646
16717
19301
22217
16375
8395
13441
22138
15976
22818
16297
22295
16977
18416
20164
19040
19594
19287
22916
15876
18902
23133
19612
19158
15647
22708
18882
19483
17281
21300
16179
19398
23207
15815
19921
17738
20451
19445
19324
19200
19632
32060
20202
20280
18814
20128
19317
20362
21095
20323
20782
19988
14871
19008
23608
18840
20053
19128
18795
16369
23382
18313
19488
16369
19586
22561
18866
20473
15825
22303
170364
43218
9884
22533
16295
21953
16794
18866
22641
16851
17491
23819
16100
19630
21758
16554
22597
16263
22543
16204
19147
19090
19650
21984
19426
16390
22906
18988
7258
254316
124159
22339
19546
19946
19530
18798
18657
19219
19415
19449
19673
20022
19989
8443
18543
19439
15210
22943
16692
22028
18898
17235
22423
19219
18755
16148
23061
19147
20166
15210
23248
18619
17224
22024
16269
21880
16584
22329
16444
18968
22289
20166
19223
15840
19861
18764
20085
18476
22313
16811
22317
19399
19462
19225
16335
22413
19112
16832
18892
33671
18508
19962
20724
18660
19671
19812
23706
16616
28200
10889
18715
18625
23678
18849
19442
16659
20096
18302
18854
19772
18321
20423
19883
18080
23226
16112
19538
28953
8925
19789
22846
16197
19427
18926
22451
16215
20032
19457
22051
16209
19506
22257
19005
16867
22130
17029
18743
18758
20849
18112
23405
18299
20062
18542
19917
12618
18619
19714
20074
18648
19308
16200
22522
19932
15871
19025
19681
19801
18639
22772
16619
18874
19929
18985
18543
20504
21989
16327
19005
22914
15989
19764
22131
16769
21534
19740
19292
17046
21711
19109
19513
19259
19703
16383
22138
18686
19724
19499
19093
16856
21983
16855
22528
16252
19015
19228
22396
19595
8102
10538
22287
16428
22419
19261
19147
19920
18818
19372
16760
22451
25224
13402
19342
16415
19025
22631
19059
29165
10267
18904
15524
22453
19482
19490
16619
19219
20076
21815
16647
18575
22578
16928
21709
19276
16156
23421
17050
18234
22498
16368
21643
19864
19272
19314
19944
18888
19406
29268
20572
19020
18819
19111
20000
23459
21229
16197
18667
19482
23498
15577
22370
16038
31810
7982
22186
16087
19069
20959
18013
19141
19783
19180
22342
16579
18476
19241
22906
19178
14487
18878
18778
31728
11106
19300
170901
67746
17947
22861
15789
29232
12243
17048
18386
19610
19911
21926
19070
17082
22101
19214
19364
15729
23632
15815
22655
19205
16167
19616
30539
8327
21925
19984
8358
189210
123562
21285
23344
18887
16530
25712
17032
14804
23494
18765
16525
26846
14953
19268
15991
20124
21862
19079
16582
19698
21970
16239
19303
19293
19563
22220
16373
19344
19956
18458
23097
16313
18841
19692
19189
22840
18835
16433
22148
19481
16166
19902
21878
16935
22257
19041
16680
22030
20051
16181
19435
18102
22779
19666
19820
15384
22646
20104
15223
19939
22292
15688
22780
16400
19710
19015
28403
10535
19800
18328
20408
21919
16666
21802
19266
7248
14926
15802
18520
20898
19460
18860
19465
19331
22734
24071
14378
15738
22837
16235
19679
18698
19643
22385
17236
21687
16044
19489
22622
16148
22974
14813
19880
20333
19111
18630
19087
22659
20524
15271
19907
19194
19801
21729
19296
19661
15310
19835
22578
15988
19725
34088
19225
19472
35338
20528
23886
19286
19989
16144
21665
19252
19718
15105
20787
22183
19714
18579
20304
18887
20263
18335
15140
23647
18999
16686
22701
16653
18989
25382
16137
16212
22279
19161
17071
18657
22534
16000
19698
22442
16184
19841
22148
15589
20522
21672
16410
28084
13844
18943
16784
21835
16728
19704
21620
17195
22072
19225
16079
19551
23057
18575
19374
19764
19624
19022
18959
19513
7389
14217
20010
16131
22543
16200
32305
9857
15867
18476
20019
18573
22773
16002
22935
19809
19887
14800
22956
19705
16305
19087
22604
15687
22441
29801
19489
20082
20203
18866
18700
18654
20201
19519
19107
19463
20135
19059
20209
20788
22018
20507
18715
19281
19239
16312
19100
22989
19207
19071
19849
15595
23466
18515
16851
22779
18482
16439
22417
15574
19886
26382
15305
19502
16633
21819
19539
157567
42331
19882
20506
19959
19264
18779
20426
21137
19479
21769
19601
20766
17833
16864
33262
19946
20235
20641
19168
21995
23343
16692
18869
18497
20073
16249
18620
7111
236631
121839
15276
22772
16200
19694
22463
15625
22234
16734
22463
19207
18919
19632
15994
19792
19497
22323
18690
20148
18799
17135
22181
19059
15916
22379
19611
19908
19363
19148
19302
31599
24108
16564
21842
15597
20087
28439
10602
19384
19200
18881
19713
22176
16600
19490
19365
21838
19806
18872
16164
19630
22554
19512
16124
18646
22193
20137
18861
19831
16046
22414
16659
22218
16273
19347
19742
19502
21757
16754
19825
21161
19581
19512
19459
19953
16431
21733
19164
19597
19074
16430
22068
17198
21820
16647
22568
16386
21815
19689
16368
21999
23271
12656
22051
16035
23044
16512
22022
19553
16096
32707
20340
19556
19323
19880
18682
20230
20381
19299
22878
30370
18906
9510
19620
18708
19252
19434
19541
17290
18666
22355
16353
18921
19583
21933
19330
19507
17172
21993
16092
21537
20224
16317
19422
22190
16319
23332
18564
15490
19487
22866
19061
16696
21979
16898
19465
18801
19748
19606
22011
19427
16409
22062
16500
19129
32854
9470
18822
16457
19072
19743
18472
23257
19241
17752
17959
19269
19015
22539
19481
16312
22345
16734
22219
18666
20182
15528
22533
16380
22725
16309
19724
22342
19272
19756
15148
19320
19528
19670
22258
19517
14588
18682
19680
34022
19267
19830
20202
19887
22358
20215
19429
18466
15471
23340
19105
16635
22279
18962
16973
32985
18534
19612
20227
18818
20084
19133
19042
18888
32060
12645
19427
16876
19343
22360
15689
19787
19401
19763
22149
16048
22502
19008
16504
19664
22053
16852
18920
22020
15969
23240
16195
19300
18680
20886
21358
19765
16415
22596
15925
18744
19894
19701
18789
177558
41400
10453
19827
16125
19705
21912
16655
22323
18665
20144
19789
15203
22987
15608
22725
16112
23183
15817
22979
15379
22658
16359
21950
16718
19495
18906
23398
9124
211117
125112
14542
19266
22202
19540
16057
23538
15593
22156
19846
16154
22003
17210
21760
19457
19193
16475
22068
17123
18143
23007
19292
19488
16364
19292
22515
19542
18712
16133
20128
21870
19824
18871
16952
21894
16398
22304
31151
18584
19634
19189
18323
19400
21909
23626
16444
18125
22715
16455
19405
19579
22896
17243
21035
16452
19314
23183
19283
18307
20077
16869
18271
22635
19526
16468
22060
16256
22037
19358
17110
18460
19533
22157
19499
19708
16561
18605
22483
16709
22282
19509
17121
21437
19351
16492
19528
22099
15693
22660
19779
19340
16267
22235
15507
20405
18489
23284
15986
23240
16061
18279
18844
20766
18617
22615
16402
22443
31307
18625
18647
19488
9620
15041
19445
18967
19441
20305
19164
18889
19604
22010
20025
18672
19092
16926
18277
32687
10576
18652
16806
19281
18724
19238
19342
19115
19659
18887
20092
21980
19624
19280
16436
19526
22362
19421
16092
19906
18809
19911
18512
20104
18705
22553
19864
18728
16591
32594
19504
18926
19697
20413
19143
20718
23597
13875
16161
19285
19512
19932
22200
16164
7570
17290
19282
15605
23821
15666
22235
19452
19837
18777
19210
19569
24062
14754
19629
15643
19713
22756
15189
20062
19236
22335
19301
16995
21958
19726
19143
16134
19971
18682
22414
16400
22316
19218
16545
22255
16338
19549
18671
22815
19243
19901
18964
19622
18747
19676
30821
20308
23841
19889
15718
19680
19506
18477
23678
24892
12764
16685
18917
22372
19902
15814
20179
21389
15970
24153
18320
16263
19110
19266
20084
19048
19410
19202
21582
16400
19296
20396
18902
22265
19501
18810
20285
19318
164399
31109
14071
16407
19605
18561
22702
16221
26189
12514
18533
20162
22509
16172
18866
22381
19961
8453
9856
22515
20092
18701
16756
22252
15723
22836
20150
15733
7474
224846
121627
12453
16365
22897
7229
10994
22543
16087
22335
16853
22069
19262
19606
16246
7560
8212
9117
19485
22240
19481
16239
19484
18763
19290
20023
18830
22460
16698
22221
16493
22306
15475
23177
18882
16625
22137
19242
19682
19044
19686
16053
20093
19174
18599
33731
20615
23794
19329
19348
19597
19789
18660
16374
19415
22041
16779
21824
16600
22531
10061
12210
31260
21028
19169
18806
22826
16368
19389
19498
26082
12574
18471
20692
21536
16653
23196
15162
22592
8343
10048
19476
23158
15393
19733
19541
22133
19728
16038
22737
16314
22166
19846
18648
16842
21768
17036
22017
19589
16186
22403
15621
19466
19498
22719
16084
34058
18642
19131
21879
19640
19738
19317
22152
19460
26695
8209
19912
18794
23360
16053
19557
18957
19310
19668
19347
19835
17712
23540
18649
16241
22555
19707
16415
19539
19738
16407
19108
19429
19144
19128
23338
15783
20016
21923
15356
23623
18899
19426
18816
19553
17077
19308
19010
18657
23335
19471
16261
20305
17878
19064
30244
8363
22640
16177
23338
19210
18738
16194
19923
23416
14721
20140
18102
23246
15955
19938
21961
16790
26921
14483
16102
18492
20614
22782
18891
18850
16726
22341
20292
15365
18583
23066
19323
16318
22482
16411
22097
29767
19699
19902
19331
19869
19602
19222
19810
21466
22040
19209
27794
11021
15604
19739
22087
19923
16901
21732
16789
19207
18758
19487
22840
15867
20300
21800
19697
16437
21553
19620
16420
19729
21791
16174
22623
16427
19626
21814
16334
19323
19909
19066
22462
19384
19532
16521
19019
19558
18965
23254
18355
16620
22376
16492
22875
18338
16447
172288
33093
20508
19472
19463
20325
19209
18181
19902
22574
15933
19372
19603
22626
15631
20031
19328
21493
17088
22928
16408
18810
19390
21751
20103
19174
18702
19327
7534
237952
120779
12101
21781
19098
19285
20192
16305
19018
22643
15275
20565
32885
20236
20412
34856
19001
18192
9984
15241
18992
29441
13215
20558
14616
19521
19704
19035
19569
22110
16583
23425
17701
17045
19422
18547
19914
22394
16289
19460
33337
18837
20307
19970
23504
17075
21736
19287
16423
20654
18047
19765
19363
22446
16280
21670
19535
19449
15893
20314
22134
19707
19061
16323
19505
22389
16528
22333
18636
16631
21898
20276
15625
19352
19651
19482
19741
21861
16064
34027
18941
18336
20639
18876
18637
20530
20610
20412
19179
22623
16793
18696
22681
19476
17054
21510
16717
18808
22635
16659
18661
22574
19502
16013
27197
11789
18856
20075
22248
16146
18948
19067
22661
17543
18386
22111
18878
16148
22496
16432
22227
26298
10022
21625
19257
20505
18486
15896
20046
19163
20093
22152
15777
19097
22564
18850
20003
15651
19368
22673
24453
14791
23614
14725
16126
22765
18830
16997
18828
19317
20092
7989
16032
16330
19225
19198
22783
17954
18618
22441
18435
15764
20170
22462
19167
16571
19180
19941
21636
16587
22561
15492
20100
18971
19401
22358
30750
18721
19276
19443
20132
18783
19201
9460
18487
8399
14017
19002
15379
20108
22456
16148
19425
19602
22074
15140
23656
15590
23201
19435
16066
19526
21830
20056
19736
15969
18558
23858
18508
19224
16010
20082
21630
17138
19138
19334
22296
19564
15488
19368
22356
19825
19889
18389
19851
17005
21158
19882
18923
19910
18866
20369
18623
16373
34762
21056
21533
16640
23219
18265
40641
15290
19451
16089
19523
19355
19118
22844
16026
8076
16581
19774
15930
19650
19488
188220
68554
23307
19641
19002
19206
19969
19241
19169
16333
18693
19610
28175
10475
19510
17933
20025
20283
19659
19181
21960
8548
13350
19523
18886
16175
22334
19987
16396
195314
123331
22422
20630
23790
16941
21705
19672
16359
22225
16558
19585
22312
19846
19158
15796
22369
19364
15480
27415
15089
16632
18487
22747
19192
16541
19824
21779
7198
15327
15464
18442
18774
20355
19703
19885
22390
19095
20791
18493
15866
22641
19089
16556
22418
16465
19439
19696
21951
19737
18236
19419
19794
16055
18961
22773
16669
19418
22040
16654
19058
22094
19451
19479
15910
22879
16172
22355
18081
18071
21539
19881
19245
19240
19743
19040
22678
27986
19724
18997
22036
16194
22965
16461
21884
19098
16708
21951
19447
19164
19443
19708
17246
21140
19282
15778
19356
22641
19900
15558
22625
16816
21972
16502
18232
23377
16744
22207
19158
19217
19164
19891
18721
19682
16700
22488
16015
19370
21794
19420
19437
16265
23005
18324
20124
15866
20021
21886
16225
19398
19844
22385
16132
19015
19159
22584
19602
16575
21716
16769
21839
16163
22471
17027
21923
16194
19943
31502
10393
15706
18960
20391
22215
19342
19286
19465
16190
25133
13075
19675
19826
22435
16029
22302
16015
19841
31078
10877
15577
22745
19618
16166
22313
18938
19463
15805
23025
19605
18748
16728
22364
19322
15752
22435
17037
21566
16656
22249
16375
19389
19899
18896
19239
23578
15273
22067
19516
16649
19223
19284
22213
16455
24000
15069
22156
15490
20507
18678
20117
18985
22220
18784
30835
19951
18526
19364
19998
19039
20252
19707
23841
31189
19424
19276
19511
21098
19159
19866
22475
16191
29744
11938
16619
22037
19231
16918
19154
22100
19508
19210
16445
22348
19307
16090
22713
15420
23016
19466
19005
16312
22598
18954
17024
22564
16296
18830
167627
32842
9477
20491
20795
16892
21851
19507
16346
19569
22573
19143
15887
22179
19984
16328
19525
22156
19025
16851
19299
22161
18819
17028
18615
20111
21980
16679
8024
219984
120887
17153
20378
18777
19164
19441
16304
7948
13879
19680
19647
22335
16547
22338
18684
19861
15831
22252
19302
16809
22015
20189
14958
22682
20514
15478
19697
18706
19306
19459
19936
19571
18480
19915
30345
8438
20359
17524
20030
21551
16266
22990
15810
29957
12427
16125
18615
20022
22573
16402
18672
22410
19535
19639
19306
15667
23358
16246
18652
20093
18797
22619
22343
16737
16020
22118
19466
19725
15971
19861
22255
16769
19543
18474
19430
19104
22379
16933
19116
22044
16644
19825
19041
19540
21621
16810
19414
22231
15864
22975
15433
23038
20040
15856
18260
23157
16660
19124
22500
19220
15993
19703
19127
22532
16400
22122
16236
7786
31037
19594
18882
22301
20582
15927
22078
19643
18741
29791
20533
19780
24005
19371
16203
19792
19318
18656
9496
12973
19742
21861
16624
19056
19158
19507
22255
19953
18868
19708
19231
16257
19142
19102
19065
19701
23143
18316
16956
22229
19643
18931
16064
22822
19503
31235
18887
19875
21043
22755
19368
16205
19849
18840
29773
9020
19198
18061
23589
19877
15484
19646
22468
15504
23923
18365
15761
20329
19232
22138
19604
19100
19522
24812
13948
19053
19290
16506
22333
20073
18866
19025
16140
19556
19625
22355
16338
19121
19633
19023
22958
15694
22848
17226
21251
16630
18579
23246
18947
19487
19235
19168
19435
16851
21960
19390
16333
19831
21681
16469
19423
19051
33781
20174
18620
19896
20314
23396
31035
18838
19942
19124
18637
18866
19298
19863
19773
8684
18557
16365
31672
10461
19317
15892
22220
16748
22386
24410
14676
15008
20347
18623
23139
19429
16248
19425
22606
160888
33021
12288
19339
19092
22831
19473
15082
26952
12094
22569
19282
20530
15589
19157
22324
15888
8539
16629
16488
19189
22374
19427
16308
19700
19620
22111
16508
8412
241530
121405
12350
16238
22815
30584
18902
19661
18935
19625
20646
23275
16743
18412
20174
22699
19061
15665
22686
16417
16588
19619
19254
19207
21752
17012
22489
19324
19146
15789
23005
16778
19004
22421
16453
19227
22432
16358
19734
21870
15828
22963
19930
18770
19420
19635
15340
23055
19100
19468
16430
19945
22386
18858
19107
16815
18887
22694
15837
19579
30445
11588
16605
17736
23267
16866
19112
21901
17087
8350
15909
16616
18296
21909
20713
20121
15621
22501
19509
22957
12370
18661
23586
19260
18947
16859
22157
16182
20376
18220
19600
22102
16261
22476
19563
18800
16728
22883
18459
19845
19345
19292
19299
15914
19984
19423
22343
15966
18777
23164
16299
19689
18856
21969
16647
19582
19175
21839
31323
19669
20044
20914
19005
22096
27035
8876
22210
15400
20741
18828
22970
16017
19340
20022
18962
18983
18389
23224
16878
22412
18800
19712
16263
28831
9737
18288
24162
18528
16075
22426
19510
19522
17178
18639
22215
15641
19512
20153
21949
19512
19103
20012
18982
15691
20445
19150
22312
18921
16545
19403
22751
15643
23164
19018
15825
22584
19510
16215
19403
22825
16200
21943
16893
21656
16256
19734
19240
19355
14663
23076
19907
18799
23196
19592
16119
19364
22415
20026
29290
18764
19256
20204
19312
20538
19186
20037
20331
31917
20005
19624
10097
15225
23225
15165
20254
19141
22515
16272
22066
19399
19854
18836
16810
18902
22525
16624
19492
19302
21801
15827
22855
19528
19047
16479
20267
18293
22596
19712
16724
18486
22684
16128
22268
20265
15014
20080
18423
22945
20156
15759
22194
16207
34451
19156
18782
19759
134384
32220
15170
19246
16146
19866
18266
20082
21877
20134
15264
19699
22902
19491
30482
19230
18829
19601
18769
19067
20007
19116
18782
19489
21574
23596
16162
22334
7423
229747
98379
7738
20041
22090
16522
19907
19317
19487
22216
15835
19529
34427
20451
19877
33337
19877
20303
23676
19551
16253
33918
20171
17453
18497
20298
25302
16374
19924
16167
31955
20184
19319
9529
18097
20208
18777
19440
17081
21397
30284
19733
19747
18790
19149
19843
19343
19228
19035
29065
16289
15611
22152
16590
18750
22936
16304
22960
19230
18936
19424
16825
21378
19641
16166
22989
18934
16427
19683
22024
19076
20297
15571
20226
22094
15702
19728
21758
17190
22324
19558
18916
16148
20021
21480
20458
18420
9406
19160
22976
19406
19586
16313
22396
10090
8157
19942
19501
19331
19302
22112
16620
18866
22334
24882
10902
23524
19126
19025
19040
10119
15465
22065
17534
21919
16261
19376
19790
9771
18484
16026
22350
16889
22164
15115
19984
19846
22643
15173
20646
21851
19953
16186
18175
20189
22656
16051
19498
19486
18953
26759
15250
16102
19161
19961
22100
16149
19410
19077
19786
19307
18678
20120
18598
19290
20026
19261
21890
17240
21820
19577
19301
16649
21748
16143
23083
15926
19604
22153
19175
19570
19317
19937
18648
19482
19309
24113
11190
19546
18638
23497
18891
19341
16658
22371
7173
14498
19420
15148
21446
21854
18764
16919
19256
19084
28865
12795
15635
22901
19149
16203
22996
16163
22264
16353
19299
8390
16728
16290
19061
22512
19544
19084
17481
21161
17170
18690
19511
22338
16795
18841
19160
22550
16665
22095
19771
15568
19783
19087
19685
19060
23718
18681
18718
19356
16910
18663
19564
22574
19129
9624
12683
19316
14851
23587
16730
22388
17211
18951
15802
28776
10502
18982
19840
19133
195444
69230
15070
17148
21574
16266
18339
20790
19404
21970
15968
22993
33321
18679
19621
19504
22374
16251
22250
16279
22564
15877
22713
19687
15588
22799
16692
22133
16335
158456
149350
34770
18795
19015
19251
20386
20302
23233
19302
19803
15474
21389
21153
19060
18866
17061
22341
18758
27004
12308
15517
19471
20021
22098
16254
22138
19139
17641
21921
16689
18473
22468
19591
19148
19309
16326
22097
20488
15594
18871
19283
19743
18870
20483
18835
18835
20344
21391
16488
22336
16933
21656
19712
16589
21751
20528
15225
22274
19927
16009
18919
23080
19307
16659
19498
19020
19574
30210
10668
16429
22592
18958
17235
21758
19627
19502
18544
19928
16317
19158
22841
19107
24784
11333
21364
19900
19175
16726
21893
19318
16402
21967
20150
16128
18897
19744
22720
19348
16471
18950
19093
32519
19399
20308
19193
19218
19904
20732
20449
18908
23066
16006
20261
19931
21708
15308
18887
19799
18993
19610
22726
19277
19885
15425
19308
20123
22298
15946
19901
21736
19338
19750
18706
20262
18855
19451
16317
22915
16361
21716
15464
23697
16111
19644
18780
23036
30205
20037
20347
19402
23304
16223
18749
22818
19523
16251
32758
18867
10115
18246
20438
18246
19542
16968
19108
21788
17231
19058
21851
19421
16456
19198
19212
22676
19882
15709
20582
21622
16176
22144
16593
21897
16579
20082
18493
22510
16616
18779
19528
22271
16436
19621
18964
22480
16232
22600
16365
22174
16496
21936
17211
28256
12679
19991
15784
23416
18505
19175
16646
19126
8493
17451
15392
18220
20130
19899
21740
19447
17109
21551
19068
17171
18237
20145
19885
22239
16450
19266
19466
20031
18175
19366
19950
21512
17216
22279
16164
21940
16468
19488
22269
19406
19317
19339
16084
19949
19089
22904
18564
16630
21878
20081
15870
19646
18325
176804
44040
9827
19120
18907
16635
18838
22849
16675
19227
22325
18929
19497
16344
19603
19771
21596
16369
19568
23514
15239
19105
22571
19569
19144
19805
18883
16630
8421
222607
121398
11291
19010
22717
18644
16754
21753
16611
22598
19725
15783
19678
22156
19355
19793
18938
19533
16114
19329
22051
16841
19502
22191
19348
18935
19890
19228
19044
19879
18805
16019
22773
19679
18826
20134
16562
29358
8625
22651
15907
19589
23165
18597
30266
19007
23994
16938
23109
16784
19564
19098
22484
16252
32279
9598
15738
19902
22106
19631
15926
19601
19205
31231
7760
18864
19508
19134
22376
16045
20271
21755
17342
21212
20490
15241
20210
19062
19531
19052
19526
19568
22180
15923
23052
19443
18402
19780
19434
20196
15292
22825
15395
23463
15490
22390
16644
21794
16654
20041
19058
22585
15138
19813
22710
19661
15823
22298
7433
11283
19603
18223
23329
16505
19035
22549
15974
20145
27535
13760
16080
19805
19312
19534
18812
19244
22638
15773
22825
19260
16690
22336
16713
19205
22051
20369
18867
18517
19628
16246
21989
19246
17059
22332
16527
22005
16518
22269
19446
19184
16227
22504
15474
23200
19292
16548
18967
34604
21416
22112
19305
19689
19048
25286
13277
16687
17869
23161
19907
15982
22353
16554
19767
18642
19911
18659
23056
15950
22793
15818
19522
19058
34025
19139
19622
19325
19747
19564
20123
23393
13137
18938
19180
19495
22220
19522
16625
19338
19203
19300
19051
19889
18554
19964
18914
22557
16817
21570
19505
19886
15450
23353
19299
16336
21873
16835
19712
19073
22058
19358
19036
32579
24343
18428
16026
22776
19349
18795
17101
19449
18195
19861
19476
19408
22107
16426
19844
21830
16801
17815
23456
19531
16228
19010
20041
22076
30736
19107
19580
20022
21693
18510
22779
19461
19684
21980
139364
33425
13892
22136
19568
19382
16107
19782
26509
12323
18256
20363
19069
19682
18355
20180
18482
7651
14515
20241
22452
15615
19529
22152
19888
19041
15824
19378
8162
242743
97343
19036
15823
19949
33486
20061
20532
19079
23401
15589
19785
22297
19948
16212
33467
20811
19413
20016
22782
15835
22358
19903
19523
15787
19517
22198
19419
16418
18957
19742
19410
22291
16435
22551
18736
16817
22425
16385
19288
22490
16038
20014
21615
19859
18988
19593
16031
22452
19152
16495
22764
16203
18958
22508
18866
16915
18882
22671
16372
26655
12353
33025
22878
18420
22994
18687
19695
16405
29399
8600
19884
18468
23630
15984
22532
16228
21764
19748
19652
16186
18533
22933
17049
19104
22282
16265
18893
30713
11677
16078
22232
15576
19622
19702
22305
19332
19668
18937
17413
21777
19097
16189
20009
18692
19651
22382
16452
19434
18341
19671
19904
18863
19633
19472
19121
22607
23847
10592
19471
22434
17192
21892
15887
30995
11073
16389
19527
18702
22579
20172
18745
19655
19487
16268
21973
19232
16471
19448
22210
16425
22538
16655
18558
20022
19270
19586
21610
20285
15370
19915
21819
16458
22812
16948
21536
19449
16172
19433
18758
26776
12329
19482
18276
23150
19338
16843
22486
19641
31110
20910
19384
19161
22504
19271
19538
18876
16591
22440
20029
18697
16066
19645
22214
15908
22583
16609
19098
31349
21436
28292
16173
16219
22368
17303
19112
18863
19644
22700
18974
19031
16005
19720
18648
23742
18484
16798
22363
15968
19219
22332
15990
23065
16510
19458
19710
21776
19549
19410
15836
19870
21969
16651
18754
33977
19664
20010
36720
23195
16604
18507
23979
18598
19525
19310
15524
19138
23563
18926
20097
18256
20113
19258
16302
22414
15583
22980
19482
19286
16552
18980
21876
30733
19848
19605
160387
42700
8787
22166
16970
28878
9457
22071
16527
21749
20158
16041
19579
19158
19351
21730
20132
14745
23744
19151
19695
19102
19856
15823
29912
12075
17310
21092
8262
233280
121205
17703
16941
18976
19661
22763
15769
22055
16758
22215
16377
27870
11255
21857
15570
20020
19410
23275
18374
19880
8010
10451
22343
16218
22422
16767
19307
20263
18447
19105
27535
11333
18203
23180
19090
20114
15136
19959
22389
16614
22015
16958
18586
22886
16091
19589
22521
18965
19603
16692
18901
18641
19961
19430
20764
18057
22012
19666
17744
18181
22343
18992
19087
19700
19523
18826
19370
19497
16744
19358
21880
18951
19762
16500
19291
31591
9949
20088
15188
22511
19929
18945
16977
19423
21725
19600
16367
18842
23153
18738
19410
16236
19353
22174
28524
8185
18703
19943
18847
19562
22056
19219
16136
19890
22435
16026
22779
19063
16881
21988
16417
18846
19878
18409
22818
19477
20063
18770
15939
22762
15491
20440
21839
16261
19302
20683
20899
19285
19541
19505
20107
16151
19057
15558
23391
19120
16287
19498
18797
8439
13927
22294
15187
20610
22501
16527
19079
19427
19671
22835
18834
15220
20101
22312
16280
22432
15988
22739
17343
17846
22803
16048
23165
18798
16331
22353
16169
19929
21808
16090
19289
23202
19016
19199
16615
18977
23445
18782
15435
22960
16837
21723
19714
18986
16190
26937
15163
16436
17911
24056
19107
18969
19498
19413
31503
18733
19986
19133
19933
20977
18753
19773
21789
16920
19743
18492
23104
18507
16612
19500
19377
22716
15548
30191
9100
18912
19904
21872
20106
18858
18896
19493
17130
18804
22822
15926
19452
18739
20032
22181
16522
19689
21856
16733
19008
22304
19543
19068
19334
16451
22561
20015
18104
20845
15740
22054
19128
17896
21034
30595
19553
20186
20041
20154
19854
150935
31835
12382
16739
21692
16543
22558
16267
22113
17351
21303
19465
17459
21305
19448
21615
17272
18942
19568
16596
19278
22564
16077
20915
17710
22575
18941
16908
7594
247584
98170
10085
21734
19312
19766
16686
19288
22958
15632
19505
22076
20357
15312
22399
19165
18024
17903
19843
22558
15569
18918
33457
9846
17912
19911
18649
17118
22979
15089
19560
19628
18676
20594
18118
19699
22824
16048
19834
22016
16249
22311
16882
19173
21856
19824
18958
25101
13462
16952
19241
22044
16369
22039
16769
23042
15989
19517
18735
19303
22369
19610
16065
22903
19076
17241
21241
20200
16030
19264
19325
19247
18693
22988
19641
18424
19962
29892
20384
19845
19787
23379
16509
32519
19882
19702
19743
20428
23501
16317
18876
19527
29169
9573
19577
18521
23377
16015
19920
22344
19248
17100
21839
19304
15765
20163
19651
21788
15846
22295
19361
25025
13973
19204
16613
19249
299518
8958
18540
23159
19444
15960
22895
15847
19307
22557
18863
19523
31772
23499
26941
9082
22417
19765
23870
11671
19159
7715
17863
16015
17673
21050
19210
22437
19607
15908
22455
15786
22588
15465
23479
16435
22553
18969
19658
19079
19352
19630
17603
21228
19199
19035
15892
23163
19205
19570
16213
22251
16596
19211
22095
16190
22461
18913
20460
15611
19376
19421
19783
22170
16356
18959
19282
19697
22575
16367
34030
20186
23203
20205
19343
18820
19139
19460
19125
19298
16009
22676
16748
23009
15510
20224
18298
19140
18605
23640
16405
18447
22835
16328
21992
25914
10246
7430
17237
19506
16110
22568
16553
19769
18929
21953
16872
19626
19376
22507
18906
16335
22321
19564
15583
23181
18587
16771
21959
19343
16798
19091
19030
22513
16961
21725
17036
18798
19579
22184
19210
19458
19107
17069
18522
20253
21775
16752
19287
188036
69677
18312
23234
19443
16229
22278
19780
18830
19268
19923
18948
19835
15912
22186
16509
22646
16245
21849
20715
15463
19262
24633
17215
16291
19241
22151
19282
20892
209251
123433
9830
19541
19577
17326
21479
16288
19921
21657
16248
22471
19439
19467
16499
22290
16132
19839
18749
19458
22042
16225
22945
16656
21957
16619
33246
20403
20489
29020
13006
20066
15676
19582
22862
24135
10572
19588
22396
16074
19887
18781
20107
22184
7420
15157
18544
15705
20174
21781
19629
16044
20091
21793
23380
12537
19006
22777
15966
22415
19831
16264
21944
19565
18076
17837
22589
18646
15943
19744
22917
16010
19853
21760
19720
19498
16592
16811
18954
22725
18981
17039
18808
22381
15933
19410
22554
19447
19266
16005
23155
15592
22654
15204
23712
15688
20143
19140
21960
29025
20468
9387
15327
22635
19117
19204
20317
18527
16947
23316
15430
19200
22274
16033
22516
15889
22877
16080
29820
8795
23438
15829
18939
19256
19158
19174
22432
17364
18157
19547
22806
19801
15673
19081
22624
19450
19796
19513
18642
16700
22393
19179
19189
19605
16106
19507
19020
22301
17199
18814
20002
18841
19497
21914
23596
15451
18907
15692
20189
19396
22687
16071
19081
20225
21138
16819
19242
19685
22253
16589
21969
19605
18764
31476
20343
19256
24087
15707
22635
18828
16697
22142
22570
16526
19994
15286
22593
19369
19840
18875
18954
19620
20140
18484
19729
16605
21758
19385
16691
19386
19199
19502
18960
19909
21809
19257
19723
19619
18736
20746
15404
19392
22152
19471
18737
19138
17432
17798
30980
8240
38422
17115
23461
15987
18864
22843
19042
8753
12878
16290
22312
19502
19704
16088
22165
16248
22613
25045
13625
16325
19528
22208
19581
19405
15697
23456
15943
21966
17184
19023
22232
19424
16230
21768
20205
15287
171479
32808
20185
18800
12753
12574
19080
21970
7333
11872
21990
16838
21618
16781
20162
18635
22075
19822
16330
19494
18995
19812
21659
19804
16174
19573
22372
15815
7551
195719
124097
22496
19824
15553
23034
23116
13726
20884
16482
19472
19851
21449
16894
22362
17192
18764
21869
15584
20010
18980
23293
16035
22230
16597
22256
19688
16343
18975
22132
16669
21933
19528
19680
19348
16688
18936
22820
16206
21505
19677
16538
22549
16128
19759
34615
23309
19413
16445
22415
16354
30578
8645
21717
15774
22803
19461
19629
16215
19460
18745
19684
19450
18788
23579
15394
22800
15589
23285
19148
24199
11656
18879
19484
22372
19144
16577
19666
21830
16630
19610
22032
16515
19418
19382
22861
18043
19441
16717
22643
16304
19425
18745
19148
20262
18569
19792
19806
22080
19443
19046
19661
18636
16697
20103
22431
19829
15312
23261
14285
20544
19821
18682
19523
18933
31930
19874
20063
18758
9568
16080
22427
16594
18997
22311
30301
19707
19689
19252
20463
20743
22017
17841
20717
28517
10477
16056
19946
22021
15759
19241
19600
19785
22716
16010
19885
21933
19257
18943
19832
16273
19967
22342
18632
17007
22173
19280
15572
19527
8405
272055
146803
22775
17015
20135
22765
15824
19087
22312
43087
12330
19837
15497
22984
19162
19134
20289
18902
19467
19358
19025
15871
19719
19460
22666
16246
22120
19291
19909
15835
18682
22804
19103
16373
19909
22435
16551
22173
19202
19457
16552
18660
19970
21990
16176
19392
19678
21755
19677
16046
22750
16338
22783
18842
16877
19459
21838
24615
13572
16597
19151
20099
22138
19242
24663
13517
16622
19077
23128
16188
22422
17458
20993
8164
14320
15090
20028
19896
22210
15512
23109
18980
19748
23174
12113
19261
19891
22006
19537
20011
18903
16476
19899
18481
18964
186243
45690
12037
22479
19194
18700
7294
11669
22585
19178
19551
19666
15985
22201
19721
26588
8930
21960
19282
17013
19506
19387
19116
18924
22798
19872
18721
16492
18823
170944
147382
24002
28084
15666
19774
16147
22130
16692
20273
21336
16559
19398
33302
20344
19342
20495
20021
22712
16635
16715
19177
19404
22403
16409
19217
22193
20123
18639
16292
19876
19902
21284
15231
23381
16278
18841
20249
22697
15665
20130
22277
15791
22533
18795
16615
19928
21767
16392
19707
19119
22034
19704
15770
20028
18849
22502
19176
19104
16789
19359
34841
23205
19779
20262
18143
16813
29764
12696
15260
19222
22682
19060
19955
19101
15952
20126
22119
19076
16030
22360
17046
18824
23676
15394
18985
30477
8713
19200
19466
21970
19647
19068
16739
18863
19830
19169
22617
16020
22480
19087
19603
15462
23342
16027
22523
16272
22237
19386
19702
19009
16923
19305
22560
18404
19908
19163
18866
19238
16455
18981
20729
25048
12802
19298
18958
20029
19429
21615
19933
18874
30085
19517
19421
19887
19953
20512
20712
19258
22194
16307
33149
20564
19680
21013
19178
22098
16675
21973
19722
22061
13969
18377
19861
19700
21896
16296
22369
18877
16756
19285
22339
15864
20065
18569
20264
19004
22683
19031
19569
16609
18762
19946
19499
21661
20144
18688
16728
19420
18946
19026
22576
16320
22544
19163
19248
20103
19128
19091
30984
18709
19026
19524
19692
19733
20774
22890
17051
17987
20097
19602
22178
17088
22242
18702
16553
19204
18396
23635
16011
19002
22813
19810
19062
16557
19418
18879
20054
22566
18501
16667
19487
19059
19741
18844
19437
19362
19196
19516
18901
19268
19451
20119
18743
23022
16751
17919
19870
22188
16801
22091
16897
21365
20307
18202
17462
21772
19871
15996
19148
26385
15457
16487
17912
20224
19704
149154
32420
10990
23097
15884
22305
23945
11931
19180
19741
21957
16556
22521
18782
19671
15384
20075
22717
19266
16312
19696
29534
8454
20010
18742
22153
20046
16030
7256
245717
97544
13233
22801
18853
19119
20085
19241
18760
16851
19508
21714
16670
22780
16087
22022
19211
19187
19464
19945
19449
19160
20128
18649
18831
19302
19526
19270
19611
19184
17381
17420
20528
22543
18975
16365
18939
19334
22595
19769
16038
22442
19141
16836
19457
18708
22117
20334
19349
15962
22354
15818
19103
23518
15691
22573
16546
19395
18194
22975
19943
15424
22667
16253
22013
17806
21564
19097
19741
19287
16415
18798
20051
21892
20211
15859
22171
19071
17033
22322
15743
22461
19816
22984
15354
20610
14928
22180
16606
22235
19932
16199
31399
20254
20785
18847
18654
19702
18857
19528
20056
20170
19491
20057
20104
22002
17071
21970
16435
22356
15866
30991
10946
19845
16450
22140
303875
21468
16128
19584
18657
20095
46712
11247
16534
19417
19633
21698
19325
16271
23232
15082
20262
19329
18478
20602
18396
8587
16675
19227
15667
20050
22794
19302
19550
15671
19982
21491
17394
18746
19282
21938
16628
23059
16049
19271
23227
15523
22064
17176
22212
15748
22225
19770
15692
22765
19272
19727
16428
22002
18997
16767
22250
16830
18659
19923
21558
19851
16948
21539
19642
19265
19036
31370
18861
18939
21111
20968
21786
19889
19036
18915
20526
15564
19162
19400
22750
15833
19666
18794
21485
18856
18541
18876
19225
19548
19510
21970
16808
22479
18624
25900
10796
17412
23449
17112
18275
20482
22208
15948
19287
19789
21798
16424
22338
16938
22371
16249
19078
22389
19112
19466
15573
22870
16970
18594
19533
22240
16300
19548
20470
18259
19131
22341
16240
20165
17042
25696
12931
21808
15832
20221
22221
16333
19481
184633
43548
17686
20143
16422
18564
19810
22379
19262
19606
19561
15977
22184
25734
12495
17394
22064
15886
19512
27321
12061
21841
16215
19123
19692
19940
18444
22364
7629
176943
123329
23155
15441
22954
19531
15813
22455
16769
21758
19730
16253
22058
17005
22370
18771
19845
19405
15601
23079
18719
20187
15535
22563
15876
20144
32941
20295
19099
19067
18400
9876
15021
19034
22661
18425
20485
16390
18493
23484
19300
19197
16378
19466
19079
21691
19955
16839
18813
18797
23181
19082
26439
9918
19864
21761
18594
16287
23057
18748
16972
18764
19689
19623
18958
19511
22092
20070
18662
16971
18864
22297
19981
15935
19113
18861
20110
21973
16032
20244
19077
33311
18897
19115
20389
20528
20138
19487
27301
11711
23187
18260
7813
11170
19912
18609
22605
16092
19952
18894
19619
22100
15892
22664
19577
19561
19748
19482
15731
26517
12108
19645
22141
19189
16530
22193
17031
17976
23540
16333
21991
19369
16248
19626
19263
18924
20149
18844
22819
15707
19227
19558
22013
16417
23214
18737
19556
16406
22618
16192
22076
16312
22318
18959
19613
31846
19232
20766
19442
19374
22199
16766
21777
16799
30998
7900
18940
18834
22836
19251
16599
19728
19123
22538
18641
17179
21168
20280
18883
16112
22955
28020
10605
24733
11065
21954
16630
22570
19327
17020
19444
21643
19409
19189
16144
19358
19558
19077
18669
23866
19048
15896
22355
19480
15709
22882
16517
22121
19408
16146
23004
15589
18944
24185
18455
20090
18171
20014
15969
22902
16312
19395
18150
19404
20213
21697
19241
19308
8574
14077
16596
8681
18486
23098
15720
22655
16523
22097
30812
18677
18886
19452
19682
20573
19046
19311
18839
19110
9644
18903
16014
18798
19528
19455
19285
22553
20507
15339
19451
19221
22115
16299
22158
19805
15923
22978
182005
43783
16876
16589
19283
22171
16912
21894
16871
22113
16430
19703
20251
20670
19635
15896
19487
22864
18892
16043
20394
19325
18603
19848
22153
19249
16015
22302
18260
190640
124144
14966
15959
21802
16857
29755
8817
19181
22892
18247
20298
16217
19131
22438
19107
19110
19529
16533
20084
21650
15587
19715
22516
19710
19148
20148
19113
18435
16891
22082
16215
22463
17260
21288
16602
22733
19024
16134
19462
18960
22969
20233
18339
16400
19749
19070
22511
19566
18637
16828
10641
29817
20519
16334
22270
19005
16414
22396
19410
19333
19399
19903
26473
8976
18965
19544
19789
18623
19800
20166
21412
16570
22411
15545
22625
19531
16541
19310
19668
18702
19570
22060
19288
16497
19293
22894
16411
22176
16069
21856
19615
20194
16020
19704
18482
22977
20165
17975
19499
20333
18854
18523
19497
16776
22478
25956
9079
22557
15966
22964
20052
15759
22593
18969
16437
22728
15641
19131
23374
15583
22220
19248
20028
18806
17964
20792
15322
20302
22626
16396
22082
16158
19187
23187
18938
16811
19193
19099
22570
15987
19621
18939
22823
19126
16603
19156
19609
19682
18971
19161
22338
19721
15950
22238
19791
16108
22591
18513
17212
22222
16145
19374
22283
16127
19886
21535
19902
16218
19906
26679
14670
15614
19438
19970
19554
22144
19461
15425
23085
19796
19051
15745
22593
19589
19215
16265
22782
18882
25964
10669
18943
19704
19353
19230
16132
22835
15993
22978
15995
19620
18874
19603
22101
19303
16557
22202
19502
16591
21974
18979
16321
22948
16378
18892
20066
18930
19101
20158
21933
16810
21777
19710
19260
19682
23666
14540
15994
18887
19671
20073
18540
19567
19066
8239
14013
22724
15103
20625
19352
19600
18276
22825
16850
33417
19979
19497
19486
19900
20376
19887
22340
18745
17117
21930
16222
168102
43068
18907
15660
20088
18581
19305
22632
18616
19643
20073
16651
21650
19234
19560
26773
8779
18996
20242
18963
18883
19628
21842
17177
21998
19108
16501
22809
7159
190400
122169
21925
31251
12443
19148
19489
19851
15343
22764
19567
29507
19520
20636
20018
19646
23579
15866
22897
19393
16003
22102
23925
15387
16428
18967
19925
19051
22497
16460
18735
20184
22030
19117
15669
20169
19202
19079
22449
16446
22464
19695
15915
22415
19431
16685
22724
18772
15815
23014
18732
20029
15395
19162
22818
16185
19122
19630
19570
19260
22457
30951
20686
23043
16610
22383
15810
28876
9905
23024
15402
22647
15971
23205
16224
19003
20030
19032
22554
15122
23463
16554
19341
18865
19274
19962
30110
11056
16267
23144
18661
19670
19152
19759
19871
15543
22282
15989
22505
19100
17153
18599
22753
16005
20440
21794
16143
18784
19806
19170
19942
19573
22393
18917
15846
19591
23398
15494
22069
19183
20129
16198
25944
15524
19417
16087
19620
21827
16973
19644
22023
31005
18685
19050
18223
20779
20301
19347
18662
18582
9459
15388
18903
20108
19276
22523
16253
22138
19948
18751
29947
18999
19148
19602
19489
20524
19615
19341
20322
19903
19922
18727
22776
16369
22328
19645
16426
19138
22525
18998
15911
20140
19651
22136
16084
19887
22335
18904
16198
31763
11202
15609
19056
19518
22568
15389
19661
23338
18389
15798
23409
19115
16205
18851
22879
8715
13792
19282
15936
18641
19776
22547
16457
22311
19090
25528
13338
15726
19117
20046
22162
19718
16517
22404
15854
19921
22720
18672
16891
19101
18879
23000
18821
19611
18699
16830
19119
22302
19917
18686
16486
22329
31085
20244
23615
19251
19918
19209
16124
19260
18717
20825
21520
16871
21153
20291
19071
19481
19220
16338
28858
9618
22917
18967
19857
18953
151397
31610
20082
19969
9423
15720
22736
19077
15588
22723
18936
17333
29280
11778
19128
16668
22286
19501
18947
19441
15706
19666
33974
20401
19269
19923
21598
17615
7134
251228
122490
16838
20164
21748
16194
23693
18472
19153
17149
19213
18681
19266
22797
19284
15687
22695
16024
19495
23107
18946
16442
22019
18091
20620
16849
19481
22320
22679
12655
19329
18886
19574
19517
20244
19051
18846
19141
19753
21908
16472
22809
16702
19169
18924
22141
16751
34367
20405
19964
21030
17229
19946
22343
16205
18658
8162
14546
19099
19521
19348
18568
20131
23032
16026
22321
15625
19635
19864
19243
19317
22426
19847
18364
20062
18488
19492
16350
22549
15517
19920
19889
19043
20074
18305
19533
35495
23025
16396
19606
21996
16346
33517
18292
19528
19399
19774
19208
18921
20668
18880
19923
19302
20901
19506
19330
19559
23345
15675
19413
22472
24021
11194
7046
18486
18698
20710
20469
22751
16860
18747
22194
19969
18837
15564
23503
19008
16507
28374
10774
21384
13851
19882
18511
19658
22895
16002
8046
17207
19326
16103
19826
21938
19311
16890
19249
21597
26629
12526
15523
23323
19734
16094
21919
16388
22428
19506
19844
19098
18702
19963
19026
16017
23180
18748
16908
21367
16678
19607
22380
15552
20301
21830
19730
17171
18325
22365
16630
19398
22473
16144
22030
20394
19131
16182
21371
19468
16691
19465
19719
22038
16649
26127
11985
23667
14753
20124
22045
16251
19462
22805
18826
30826
20891
19849
19774
22197
16410
19083
18827
19856
31415
10674
16414
22533
19023
19875
15933
22662
16367
19484
18743
22688
19465
19082
16327
19858
17858
23349
16374
22033
19679
16231
22119
16200
22598
16451
22262
20399
15090
22892
19882
16023
19652
18435
19345
19648
26136
12319
23277
14887
22789
19898
19609
16705
183025
44214
18575
18897
19492
19126
16405
22486
16186
22980
19865
15420
22733
18827
16775
19290
19153
19060
22758
24204
11514
22178
15963
19702
22911
15796
21846
19753
8578
182185
152622
33030
20764
21933
16729
22985
15846
23163
15395
23013
16035
22287
18879
16629
22942
16222
22199
15725
19592
22160
16153
20230
18667
20007
19285
22308
19087
15737
34431
20897
20174
21788
20066
19011
19496
19050
17008
17698
24248
18881
17250
18123
19600
19144
19465
8579
13489
19251
22498
15843
29243
9929
19605
25552
15743
16964
22348
19162
19329
18598
19569
19528
16589
22342
19644
15606
22986
18948
16647
19215
22122
16816
18954
19513
22153
16030
22977
19484
16574
18706
22579
19606
16259
19278
18906
19698
22162
16087
22523
17098
21769
16205
22235
16500
22693
19603
18781
16026
20370
18640
22654
15717
22365
16312
19937
22292
16413
18902
19451
22492
15482
23690
15461
23315
16255
21903
16141
28220
13361
19704
18786
19701
19391
19280
16164
19645
22199
16485
19638
22374
18427
19928
18928
16566
22587
16420
18415
22779
19150
19492
19235
19306
16163
23058
19344
19859
19112
19579
18679
16679
22295
15928
22567
26785
9017
19549
19217
19450
22223
16568
22732
15331
18945
23801
18539
19076
16819
21892
16276
22604
16818
22597
24243
11229
17991
20336
19366
19348
19172
23061
15494
22688
19485
16503
22061
16605
18696
20153
22522
18884
16457
22441
16343
19060
22276
16013
20005
18726
22832
16618
19389
21823
16377
22203
16903
18264
23012
19298
16173
22741
16202
25076
16425
16743
19180
22899
18778
23946
14764
17816
18501
21529
19451
19288
19712
16568
21849
19203
16687
19499
18403
19387
23360
16814
18559
22733
26228
8903
18722
20215
19498
19169
22353
19908
15446
23005
15882
22312
17013
18466
22484
16910
22046
16676
18687
180152
44343
19482
22333
18923
19651
19329
19452
8934
12681
19524
16567
22138
18816
19743
19975
18584
19558
16244
18876
22917
19529
15815
22366
16717
21933
19925
19563
8132
238465
122952
11226
18913
16240
22788
19123
18846
16933
19150
21949
16939
18172
19841
23141
26907
11322
19282
16589
22169
19649
15827
20328
18538
19178
19945
22137
17002
18538
21921
16948
19047
19721
22482
15684
22255
19866
16546
21758
16531
22309
16476
22716
18486
16857
23078
18605
19774
16109
18791
22653
30996
19776
18810
19740
19241
19099
19993
19732
20673
29576
12705
18454
16818
19610
18997
19551
22297
16107
19211
19449
19901
18278
23394
16479
16410
18817
19726
22800
28845
19991
19766
19062
19800
9433
18611
15813
22641
16758
18753
19238
23788
14850
19710
22573
15733
23001
16275
19230
21970
16333
22476
19287
20089
15269
19440
23347
15232
23084
29372
20708
20774
23196
16770
22444
22136
13541
15929
19549
22352
19071
19942
19604
18476
17410
19231
21853
16832
18024
19991
22293
16653
18891
23586
18646
16607
21742
17348
21292
16163
19662
19484
19430
18633
20043
19561
19046
22765
16042
18717
20246
34013
20163
20772
32482
18922
19522
20283
19099
20217
28624
14804
19723
15410
23391
16793
21944
15899
22462
7463
14869
16105
19196
22211
17102
18103
23402
15302
19791
33647
18522
20482
19020
18972
19902
19945
18666
18826
18720
9867
18897
15749
23004
16229
22762
19508
19657
16164
18620
19501
22384
18949
16835
19448
22170
16410
19742
21984
19442
16709
18492
19107
19923
22175
19091
19548
19231
19842
19972
18464
19015
16219
22398
16611
26616
12297
18593
18846
23146
19887
16656
21896
19446
15764
19187
19914
19461
19518
19515
21650
19545
19582
16378
22619
18263
16428
23132
18984
20191
18688
19623
16372
22827
18426
15600
188385
71223
18723
19230
22020
16293
22513
19570
15296
23344
18663
19487
19210
16468
19292
34110
20051
19502
21210
19392
19545
21901
19455
15784
19970
19246
21975
19444
8198
225942
96017
13562
27571
14220
20038
15907
19579
22071
16886
18924
22197
8514
29645
17000
19268
19469
18897
19569
22551
16394
18717
23303
16490
17990
20267
19272
19567
21761
19667
16476
8396
16528
16888
18535
22046
16178
23216
19105
19399
16529
21974
16632
19437
22000
19869
19137
19075
16343
22504
19224
19362
16798
19156
19358
21942
19912
19083
19967
15931
21730
16062
22916
16026
23276
16134
18907
28929
12900
16884
17917
19404
20131
22374
15652
23435
16338
22043
19932
18690
15875
20323
22178
18963
20173
15153
32789
10073
18860
16856
18235
19609
19453
22253
16065
23005
16207
22025
19682
16408
19694
19420
21740
16498
22241
16422
22295
16261
19092
19412
23058
16237
18417
20363
21920
16256
22962
15838
19318
22236
19591
15995
26155
15455
20228
14951
23311
19353
19000
16436
22737
7692
13967
19018
16588
19923
19107
18441
19752
19844
18585
23343
15990
18281
22969
16256
23148
15412
19076
19761
22999
18870
19200
20044
19249
19598
18667
16412
23313
19150
19050
15902
19248
19898
18682
22663
19282
16608
22710
19020
16564
21993
19739
15403
23015
19299
19661
22781
12138
19692
18779
23197
18668
16656
19097
22527
29446
19800
9497
14577
23350
16681
18764
23398
19017
16192
25552
16269
15745
23218
15241
20098
19318
18723
20069
9968
14731
19798
18814
16631
19317
22520
16028
22778
19478
18742
19660
19435
18694
17075
18997
19464
18679
22820
15841
20286
21669
16648
18745
23205
16400
18667
20118
21479
16712
34327
19383
20450
20170
18727
20062
22512
16312
21931
19272
16817
22375
16413
22377
15814
19649
22610
16138
18693
20062
21643
157984
43266
19328
19701
20387
19035
21830
21635
16961
19276
22619
19264
29510
10050
15446
19078
19872
18934
22200
19451
16127
19891
19210
19614
19443
22404
15784
22423
8022
222864
123252
10269
16095
28459
23687
19209
19875
18628
11942
13904
19051
22185
19787
19091
16135
19316
19986
19308
26679
8687
19704
17980
23879
19167
19666
16210
22140
15786
23218
19511
15210
21717
17861
18846
22384
16415
22306
24554
10897
19522
19546
19317
22764
19059
16489
18625
20346
18455
22893
16746
18777
22661
19002
17030
22172
19871
15806
19119
22222
19989
18589
19260
19467
16376
22409
16280
23138
18866
16832
18276
22794
19245
19500
29611
18947
19589
24277
21109
19487
18896
16316
22560
19498
16706
22277
15373
23574
15067
22841
16027
20050
18682
29665
9789
17989
23767
16487
22000
19680
16029
22804
27657
21139
20308
20381
21087
19051
19248
22437
19182
15998
19621
19847
18883
19488
22107
16516
19384
21812
16293
20010
19028
19079
22502
19369
16978
21733
19369
19889
16004
18663
19953
22374
16590
18619
20278
19348
19558
21546
19818
31240
18661
20312
23638
16152
22854
26775
8917
19628
17717
23098
19575
16339
18767
23879
15473
22925
16267
18827
19553
19062
19186
19395
20116
22203
25668
10110
18331
20190
22094
16610
18530
23525
16396
19529
18436
22965
18482
19990
18910
16881
19017
18918
20371
18830
19698
21869
19216
20107
15832
22417
17894
21119
15782
20046
20231
21139
19241
18992
16229
23087
18891
19159
17247
24002
13788
23156
14982
23265
16046
31422
10198
17139
18556
22476
16354
19347
19500
22456
16419
32936
19474
18677
18800
19480
9825
18720
17628
18723
27258
11669
21918
15945
22305
16171
20134
19077
22641
16469
19200
18523
23297
18878
16065
19087
20509
19024
19018
19557
21935
19979
16405
18637
19410
22647
158500
33979
14261
22635
18953
19671
18699
19857
16345
22580
19764
18418
16033
23003
16616
22169
16396
21759
19511
19798
19741
18278
16264
23706
18717
15934
18943
19552
8217
257693
122450
9487
19457
21991
17023
18900
22343
23319
15005
16771
22451
16189
18935
23305
16088
19443
19026
19143
19862
22201
18767
19613
19228
16581
22003
19730
16758
21768
19354
16035
22724
19546
16192
19302
23521
15764
21785
16797
21973
19487
19863
18519
16667
27219
14297
19447
18823
20130
19007
19087
16926
19392
7461
17018
20327
15841
22184
16371
19503
22540
15311
19453
27163
15324
16187
22294
16235
22405
15970
19301
18876
20850
21401
20191
18728
19767
16528
18385
22752
19450
16609
21934
16584
18970
19630
22056
16805
18655
22964
19471
15843
23009
16353
18923
19795
21614
16855
18862
23137
16013
19227
23998
17178
16898
22214
19762
20000
22375
12497
22107
15374
20812
22164
15456
20133
20678
9861
18076
16597
21972
16071
18979
19826
22500
19107
17475
21649
19428
16312
19022
22585
20328
14938
19246
23197
20025
15989
34122
19869
23030
16647
19638
22061
28246
10676
16273
18669
23363
15816
20052
18930
23101
15733
22454
16440
18262
20128
23430
16058
21318
19646
16013
26338
12657
19013
23367
15703
22338
19410
19280
19317
16191
19054
22502
19235
20139
18753
16427
22594
16405
22310
15855
23275
19047
19138
16553
18303
19838
19963
22276
18744
19532
20431
14992
22600
19230
17080
18619
25876
16412
23609
12055
21653
19905
19427
19076
16671
31610
10117
15526
18928
23379
16587
18505
23146
16636
22160
18646
20041
38989
20348
16611
19297
19058
19317
22621
25584
13152
15868
23580
15517
22115
16534
22791
19641
15331
22843
16515
21957
19568
15942
19366
22785
17030
19707
15504
22541
16789
18564
19347
19743
18975
19359
22699
172073
83346
18098
22792
16135
22676
19119
15996
7738
17328
20189
18445
19831
19182
19107
19308
16254
20102
22081
16710
19369
18387
19823
19092
19516
19270
19873
22242
7708
232974
121588
15173
21901
19425
16734
19422
19064
27774
14193
16470
22133
19123
16529
22443
23544
15130
19383
16317
22170
19617
18879
19612
19309
16588
22214
16433
22215
19250
16176
19041
20311
18899
19407
19282
22675
15401
20076
22133
16353
19403
19627
19599
21883
19702
19707
18515
19671
19394
19305
16238
26935
11375
22856
15119
23920
18867
19632
15450
23185
8305
10711
8064
16364
16214
22410
20100
18702
16977
18546
29261
9429
22594
16405
22702
15697
19520
23393
18492
20029
15567
22638
19211
19572
16221
19301
20125
21272
19923
18801
19181
19294
19796
16031
19866
18589
19663
33803
19782
20480
23444
19286
16070
18926
19261
23005
25321
10399
19487
24003
17844
18748
16538
19722
19513
26358
14938
18960
16005
22969
19357
16334
22294
16202
19682
21856
19707
15445
19471
19966
19361
22291
20006
15666
22925
18646
16256
19891
22575
16169
22173
19305
19871
19784
18210
16430
22810
18699
16795
19271
22748
18599
19906
16069
19702
18861
22432
19260
16835
22011
19262
19850
18602
19626
19804
19062
19299
19280
16835
19302
27378
10605
19723
20635
18192
19322
18949
19103
20346
7972
13059
19685
18941
20020
19850
18120
19833
18967
22865
16500
19928
18998
18938
21964
20022
19122
16218
19466
19327
22752
18789
19989
16046
18615
19362
19461
19950
19426
18564
19523
19991
22163
19301
19117
16407
22484
19785
15671
19396
19067
22479
20068
18847
16476
21822
30648
18860
31198
26671
23597
19583
18982
19260
16196
23478
15950
29464
8671
23182
19056
19078
18928
15969
19370
23410
15457
19139
19754
22969
15527
22611
19451
16415
22756
15664
18484
155924
32624
19689
18578
19103
8461
17394
19169
19405
19321
21961
15743
23425
18888
19256
19711
19723
15198
23099
19159
18973
16877
19448
19565
19084
18875
19930
21755
7446
246533
123296
20512
19538
18879
13369
19382
19402
18445
19851
16285
19138
29789
11928
19853
16060
22449
18856
19726
16187
19801
18811
21820
16778
19678
21941
16043
22415
16615
22707
16025
19218
18743
19705
22864
16343
19603
18761
22593
18998
17067
18467
23163
15232
22692
16712
19348
19346
22056
20201
19103
16364
22400
19489
16194
19385
19124
18635
22976
15687
20032
19127
22183
16280
23005
15955
19264
26310
12933
18723
18866
20158
19168
19900
22042
19823
27877
10873
16288
20393
17782
19019
19147
18955
23907
18949
15768
20220
10433
13766
16117
22876
16298
19308
18543
20605
22078
16453
21933
15984
23260
16467
21739
16236
22382
19461
16359
22156
19519
16661
19800
18489
19747
19471
22210
17430
311907
11528
19659
18510
19490
23140
19328
16435
18025
23096
19290
19701
19481
15733
20224
27415
13602
19517
19201
19506
19518
16197
22343
19339
16230
19902
22521
19158
15396
19517
21210
20595
15965
20742
19239
21619
19300
19294
15807
20307
21759
16564
20172
21338
31584
19743
19666
19927
22952
20375
15312
22621
16205
22190
17217
18580
19290
21056
17410
20138
32473
20130
20131
19949
20312
22194
17653
20913
16272
20127
21897
17446
14984
20507
22164
19711
15389
23861
14758
30845
12001
16361
22682
18873
20051
15944
19071
22237
16024
22544
19333
19522
16029
22877
19169
19487
16044
20034
19099
19439
19363
22092
15933
19384
22379
16448
19461
18759
23507
18936
19303
16554
21998
16408
19847
22962
18240
16689
17759
24105
19110
19310
19470
16099
7943
16667
16224
18656
23589
19698
18466
16325
22892
16300
29562
9062
18920
23040
16395
173164
69713
17012
34668
19285
20786
19388
18964
22721
19416
19696
16531
8045
16618
19025
16868
18879
19281
19542
20302
18256
22905
24377
10985
18795
22837
18920
16763
8465
192015
125169
23137
17536
19587
18590
22640
19303
19323
16635
26054
15675
15974
18679
19726
20303
19307
20526
21215
17762
20649
19311
27357
11199
19115
20290
18921
18718
19302
19636
19547
19385
19364
15640
20072
22040
16628
18741
20243
22255
18827
19036
16306
19487
22585
16511
22579
16798
18546
23258
15717
22574
18647
16883
19199
19175
22571
19286
16119
19269
22796
15994
19685
22211
19306
30174
18697
19748
20698
19889
19069
18921
20086
20693
28756
12845
19343
16156
19911
19015
20233
21335
19935
15573
22631
20035
15420
22573
19797
18976
19300
16653
22368
23809
12286
18866
22824
18642
16637
18759
19823
19549
22502
15765
20222
21928
16048
22358
19689
16812
18497
19786
18806
19309
22962
16468
19049
19168
22250
19207
19989
15956
21964
19902
15733
22603
19082
17138
22116
16105
19596
19127
51560
20312
20036
22328
16129
22433
30416
19029
18748
19502
9979
16112
21948
18781
19954
8158
13569
16181
20465
17986
20024
21971
16659
19532
19022
19307
22293
16261
22140
19444
16516
22102
19476
18709
20493
18697
20247
15276
19849
21920
16856
19043
19646
18615
22805
16220
22373
16157
22592
17230
19871
17715
19986
19576
22374
18659
20108
15988
22380
19020
16720
25932
15591
19216
19066
16323
19590
23191
15155
19842
32199
10149
18570
15210
24000
18882
19534
16177
22598
19087
25933
9784
18954
19920
19543
21932
16666
19003
22337
27607
11311
18899
20033
15808
22402
16868
22010
19288
17118
22056
18664
19511
16235
22467
19728
16558
18537
19360
19261
22963
19107
16370
19200
20605
18429
21811
20456
18343
23996
25507
18539
20122
19098
19483
147142
42659
10292
15769
18969
22771
19193
16383
18819
22779
17169
21410
20077
19108
16218
19144
22292
19600
16290
19912
19268
19003
18308
23246
19425
16533
19207
22262
7930
225786
124144
22582
19565
16340
19623
21489
16041
20083
19681
22141
16560
18903
19290
19779
19509
18465
19990
18563
23202
16538
19087
21769
16369
23039
15790
22838
19484
19232
19919
18807
19179
16712
19327
21761
28006
8072
22379
14936
23874
19331
19116
19728
16164
19220
22302
16292
18076
20789
18809
19489
19787
19006
19909
20343
20979
15173
20909
21942
19313
15933
19734
22453
20508
17935
16634
22225
16410
19721
21879
19830
15059
20600
19236
22215
16287
19711
22158
16415
18624
19801
22430
19389
16202
22601
15630
19307
19637
22720
16297
33866
18806
19965
23657
20820
15661
22711
18763
16550
29591
9826
21936
15812
23105
15841
19661
22137
15748
19562
22913
16314
19116
22605
19077
17048
18646
19825
22515
25117
13285
16063
22138
19560
17536
21188
16051
19947
21923
18841
17366
19558
19484
15509
23102
16424
18959
22774
16021
19497
22036
19647
15995
19788
19861
21958
19311
19282
19338
19828
18647
19553
19210
16231
22354
20365
18637
16517
19062
22161
16683
19471
22342
16515
34800
23657
18927
19521
16767
22138
15474
20265
22003
19847
16076
19558
7246
14494
18962
22502
19521
18865
16368
10586
11283
22194
19477
19524
19750
15503
20021
22048
20043
16397
21925
16473
22510
15238
23429
18688
16999
33440
19611
20432
23771
19204
19328
19984
18592
16213
23014
16192
22071
19674
18934
19235
19371
16811
21992
27194
11165
16451
19309
22702
16619
21389
19534
19613
16706
18832
22629
15762
22807
17189
18401
20304
19222
21610
26954
11474
16580
22460
19667
19577
18963
16223
18887
20366
18757
21993
15868
20048
22578
16686
22348
16249
22967
161314
21431
20138
20730
23659
16826
22285
19216
7194
11870
19775
21960
16133
22409
18928
16299
22642
20105
16030
21844
16794
22257
16184
19062
19521
22182
16442
19670
7184
250948
124361
14906
22491
18822
15886
20164
22349
15597
19532
19605
19593
19256
19327
19071
30754
11128
15803
20193
18887
19446
19549
19296
19748
22717
18846
19321
16306
19138
22364
16859
18143
22762
17095
21836
16094
22965
15943
22214
19675
16818
18042
23117
16617
21654
16792
19156
22101
16490
19815
19268
22585
16010
19659
19439
19164
22710
15916
22059
19611
31800
23503
16454
18247
20536
22247
15938
23156
16051
19124
19285
19692
18970
22774
19747
16070
18278
22863
16525
23526
17907
19237
20112
16010
22974
18946
16145
19492
22901
18738
19112
15946
23159
16071
21912
19903
16475
22923
18761
18960
15883
19771
19727
19480
18527
19777
23918
17798
20352
19348
18442
16679
18905
22762
16357
21793
9539
19097
22217
16293
22492
19476
15972
19431
22714
16440
18717
22916
19936
18685
16288
19406
19282
22571
18971
16907
22335
18560
16298
19772
22314
19557
19678
15954
21844
19833
15566
20302
19599
18824
22524
19372
19427
16147
18860
23199
15923
22875
16509
18805
8461
16297
19470
15203
23564
19229
16128
22545
16430
23015
15761
19491
18292
19283
20241
22120
19620
15558
22753
17093
21914
16974
18098
19664
22963
19121
19974
15841
18803
20304
21661
16636
22109
19346
16373
22048
19889
19087
16512
19422
18740
19830
19374
22816
15575
22791
15948
19508
22689
31029
20471
20541
21541
16755
22257
26548
12043
19968
16236
19574
19001
22352
15459
23953
15247
22075
20172
14687
23927
18969
19288
19184
16333
22541
26256
9239
19163
22836
16990
18887
22391
16370
19789
18576
22632
16783
19128
19156
22318
19326
16476
22084
16651
21774
20530
173595
69779
15814
19883
19028
16225
23309
15638
18420
22875
19499
19406
16940
21648
16526
22967
15557
19674
19897
18550
19596
21919
16317
22608
19787
16323
18883
19410
20355
188938
121915
19075
20110
14741
19651
18893
20190
19224
22123
19316
16793
18965
26129
15625
16400
22059
16558
22583
18977
16538
19414
19620
22287
19323
19653
18779
19841
19341
19587
15856
22194
19640
18677
19887
19733
18861
16307
22502
18846
20181
15764
19147
22651
19601
18895
19923
15939
20082
33469
19638
20211
34189
18919
19963
18845
20032
20430
27596
12641
19547
18569
22783
19892
18743
16174
20312
18897
24405
17259
15567
22951
19440
14071
22596
19084
16276
26156
12175
19423
19962
22378
18559
19560
16307
23174
15810
19263
22804
15673
19897
21758
19502
17021
21716
16722
22171
16602
19623
21556
19525
19437
19493
18932
19988
19421
19049
16569
18541
23167
18542
17033
18834
33388
19981
20308
24713
15513
22210
16474
18299
20095
28305
10123
19743
18239
23605
15994
19661
22502
19167
16368
22743
16282
17521
20972
19446
19216
18691
19717
21966
20417
18703
19063
19672
16853
21636
19748
19130
15608
20080
19083
20166
22151
19469
18480
16594
19317
19187
23179
19087
15672
23266
18865
16325
22481
16046
21841
20238
19304
15569
23182
19262
19265
16268
22312
16658
19663
21777
19740
30741
20424
23540
18917
19851
19732
26392
11737
20448
14982
21328
17432
19359
19813
22256
17251
32979
19774
19879
23535
16553
22403
18753
16911
22229
19256
15669
19058
23377
16214
22158
17029
21826
16246
19430
19394
19815
21741
16012
19929
19625
22321
19344
19075
19341
19628
18905
16815
19517
22201
19266
19458
16169
22114
19314
16265
22323
19764
19019
19276
19488
31748
23658
16368
23486
15912
19179
21680
17126
22082
27276
11233
17907
17233
22793
19333
156794
23828
12116
19833
16096
21145
19844
18887
18907
16301
20047
19320
28902
12535
19442
14666
21037
19362
18605
22671
16772
18879
23343
18514
15300
20533
22171
16362
7100
235338
121179
17312
18755
22183
19597
16550
19673
22263
15988
22725
18978
19263
20086
15695
19584
18868
19510
19309
22883
19111
16803
34533
23628
16451
18663
19874
19183
33591
19850
19805
20498
21417
20892
15810
20152
20137
20041
18284
18740
19056
22259
19489
16526
18621
19838
19512
22884
18638
16128
23183
15394
22871
19650
19519
19166
16856
18036
23139
19179
16468
19292
22316
16452
22533
19099
19682
19082
19782
16076
22364
16034
19391
22075
17138
21681
19381
18977
16853
22159
16818
21952
19328
31517
18815
19467
21086
19943
21882
16356
19708
19377
29409
9969
18994
18166
19890
19548
19781
22070
19721
15261
22872
16838
18584
22823
15724
19518
19501
22659
19287
25625
13097
16558
18749
19531
12047
21797
19597
31178
18635
23737
32722
19048
19796
20428
19529
19360
28063
11108
22182
19061
19497
19372
20447
18295
16623
19964
18476
22087
17099
22284
15780
18846
22870
16570
19217
28547
10112
18603
23213
16492
22205
16406
19690
18758
20195
18610
19509
19786
22462
18565
16547
19624
19179
22733
18882
19272
19290
19022
16417
19401
22519
19922
19037
16890
18907
19220
19321
22358
15845
19722
22361
20087
15189
20095
23800
14200
22513
16762
19481
18609
44871
11529
29987
7723
19846
22114
19952
19292
19117
15767
19943
19534
17985
20556
22374
16626
18542
22672
16274
19638
23015
18384
19807
15869
19889
22244
16546
19497
19084
22052
16427
19110
22394
19538
18968
19621
19376
19732
16610
21727
16651
19430
19280
22913
18625
15953
22738
19127
20140
19327
19529
18602
16758
21589
19909
22753
15398
19736
15119
20188
23504
18343
16097
177682
43133
19224
20437
18902
19688
18745
20584
18833
19020
20466
19301
20330
23344
16636
22381
16419
19230
21871
24087
14946
19175
15935
19710
18562
20403
22214
19148
8383
241627
123415
19753
23467
16817
22540
19723
14805
20605
21755
16553
21798
19840
19470
19857
19544
16377
19440
16697
18841
22290
19383
15805
19837
19338
22342
16855
22102
19076
19353
16549
21959
19509
19240
19524
30209
18666
22796
22215
16395
19906
22153
19162
16620
8745
12676
22563
15786
23007
19237
17923
18415
18158
22833
24019
11813
22256
19748
16449
18799
22649
19128
17296
19239
19022
18492
22679
18261
18114
19040
22389
19211
19672
16449
19158
18612
19703
21953
19726
16564
19384
19210
19544
22207
15979
23005
15677
19588
22288
19201
32140
20153
19078
23832
18839
19508
16027
22138
15977
30105
9307
19191
18267
23201
19590
15716
19129
23168
17468
18648
22418
15594
20375
21952
19189
15723
299380
9544
19023
19303
22143
19298
19277
19710
19723
15635
24115
14856
33802
19633
19638
20610
22702
17953
18240
26107
12055
29259
9995
22471
18641
16640
22746
19128
8800
10304
21909
16150
22764
15994
19358
20285
21390
16247
28822
10230
22494
19694
19043
16011
19210
19665
19803
18328
22674
17698
17983
22583
16347
22279
19239
16798
19561
22225
19563
15770
19567
19298
22197
16566
22428
19420
15853
19519
21822
17315
21972
16025
19169
19531
20673
18129
19323
34289
19346
20466
23794
16215
18995
34786
24228
24655
13622
19289
16876
18641
23240
15586
7249
18252
18824
15687
23384
15793
22975
16146
21907
19401
25974
10408
17897
20745
19312
18800
19871
19086
22251
16742
19029
22460
19315
16189
22555
19140
16571
22220
19268
16272
19661
22113
16408
21676
19618
19700
19874
19299
15862
23126
19110
16020
22128
19709
15614
19648
22818
170137
67892
22029
15990
19766
21937
17054
18897
22373
19100
19502
19702
19025
19446
19668
18566
16232
19779
22297
16513
22553
19186
19084
15982
22684
16148
35046
23199
7909
211221
125087
17497
19351
21820
16853
31812
19784
19287
9641
15893
19782
19342
19268
18967
18964
23162
15674
19641
18939
22845
16504
19667
21408
16830
22364
20010
18251
19928
18880
16389
19492
19934
19317
22341
19176
19059
15592
23205
16009
22895
18917
31523
19193
19904
20317
20254
22146
16274
19386
18985
7371
14340
20189
18676
22247
16917
21899
19141
16230
22661
16812
18987
6936
18020
19584
19309
16550
22160
19289
19416
16040
22261
20092
18700
16109
22836
15967
19897
19743
21742
19663
15606
19928
18678
22854
19448
16184
23302
18579
15836
22624
20401
18418
19128
20078
18781
23138
16063
19163
15378
19926
19800
21752
19589
19753
31030
19201
18678
19357
20109
20066
23437
19380
20123
14958
23876
15323
18861
22822
16933
19043
21964
16769
19345
30913
20452
10084
16010
22190
15892
22666
16462
22129
16388
19325
21987
16191
22416
19826
16555
19028
19900
22644
18473
19440
16547
19842
22359
15380
19792
19487
22424
16208
18860
23726
14811
19537
19285
22895
16291
21902
20018
15937
22115
15925
23092
16275
22117
16769
8303
13424
22071
15733
23663
18604
19483
16995
18676
22661
26255
9663
18697
22952
19456
16147
22351
16580
18646
20130
21893
19098
16650
23080
16060
21954
19128
18275
20932
16128
22070
16169
22784
15609
20271
22275
16669
22338
18377
19801
16840
22005
16630
19285
19693
18656
22293
19908
15597
35146
20425
22406
16887
22124
15464
23960
19341
16079
18374
22813
19393
20112
15148
22823
16826
21363
20474
15788
18758
22683
19478
16194
19788
22108
31860
21226
16627
22070
16440
19323
19492
21755
19750
15506
19959
22558
169047
32764
20528
20394
19824
18608
23457
15568
19777
18632
19730
22418
19144
17012
21972
27058
8220
19604
19786
18674
18919
23045
19209
19518
16668
21511
20022
18937
8353
243864
99331
9366
28485
10465
22481
19471
19248
19581
18799
16312
19271
19620
33062
19081
20030
20733
20430
19003
19732
22579
16349
22251
15595
19005
20586
22295
16010
22411
19508
16301
8700
15753
16625
22296
19577
16862
21860
19348
19537
16769
18174
18999
20245
21950
16628
19308
22398
19669
18845
16837
18908
23001
15563
23126
18598
19892
15994
19412
22164
16185
24601
14200
19534
19374
23082
18979
19471
15996
29081
9007
22871
19631
16200
23343
16715
23566
13729
22211
15972
23010
15978
19450
19394
22884
18895
30349
19484
19352
20492
21150
18456
23138
19148
19289
20572
14582
20363
19119
21968
16479
19924
21866
16446
19804
21556
16083
23837
18225
20053
19041
15314
20066
23024
18988
19144
310631
14142
16446
19098
19548
19484
23379
14824
19260
19635
23124
18687
19692
19280
16128
7075
14798
18758
22772
16692
19157
22600
19148
16510
22560
19323
19389
16186
22340
16414
21912
19127
16791
22433
16417
22116
19403
16292
18914
19247
19301
20270
22646
18862
19259
21792
13521
19291
22650
20194
15676
29041
12741
16918
18816
19483
18457
23184
15756
22774
16100
21664
20529
15923
19561
18613
19051
24011
18774
16325
32628
20123
19589
20101
19748
20856
18776
22783
18899
20265
15570
22708
15907
19855
22131
19529
19923
15520
19369
19905
21945
15645
19458
23416
18970
16638
19050
23545
15632
21776
19301
16679
19249
22003
19449
19710
16195
22574
19486
15029
23277
19506
19078
16111
19601
8641
13379
22379
15406
23356
19342
16006
22992
18625
19637
16601
22055
16640
19258
22312
20154
14739
20162
22293
16266
21919
19567
16882
18466
181797
69234
10163
8124
16594
15784
18702
20463
19588
18859
19046
22575
16505
29405
12591
15687
22582
20212
15425
19228
19524
19809
19089
22193
16052
23136
18722
16968
19410
145697
150725
24141
11710
19446
16466
18886
20323
19281
19015
22015
19405
16887
18455
23539
18976
15995
18965
19155
23730
18963
19060
16443
22275
15912
19992
18046
20341
19522
19670
18841
22228
16599
22320
16898
21680
19950
15624
20268
18827
22343
18957
19456
19782
16032
22557
16243
22886
18556
16368
19782
22076
16593
19673
21739
19235
20303
15374
23140
14631
23577
16133
19410
22403
15937
7591
17671
19292
15912
19722
22761
18712
19723
16110
23003
19420
18561
16824
22095
19406
19405
15735
19899
22163
17893
18025
19189
22375
16282
22588
19302
15575
22857
16174
22334
17291
21849
19316
19759
18748
16214
22963
19456
19459
15689
22489
16882
21307
19763
19650
19279
31800
21179
21889
19987
18824
16595
18984
22448
16738
22650
15618
22548
15445
23034
19446
19265
20312
16200
32002
19380
18946
19083
20212
18696
9890
18758
16794
22375
18695
16830
19348
22270
16427
18748
19278
19561
23373
30143
18971
18456
20354
20196
19108
18657
19318
19219
18703
20082
18888
18503
10003
16475
21729
19487
20189
15381
19913
18978
22456
19024
19169
16366
23037
15164
23899
18148
20047
18960
20245
18480
19511
16547
22541
23180
12259
19319
15396
22565
16658
19646
18727
22327
18738
19704
16983
18788
19514
18984
19795
22309
19431
19244
25022
10451
18870
19938
18960
22747
19225
20007
15851
19713
22052
19983
18707
15665
20410
19276
22262
15743
22991
16259
22153
19245
16388
19338
19660
19199
18970
23583
16053
22270
18963
19532
15435
23307
16272
19488
33256
19160
20261
20445
20071
22791
16258
22236
16333
29267
12114
16787
19661
17974
23495
16005
22550
169933
70030
20102
16747
27800
10393
19833
22441
18788
16229
23666
18555
18977
30164
20414
18938
19625
18726
19138
28616
16518
28543
19902
20315
19488
19066
20543
20811
7710
247247
98650
13735
16041
19084
19082
22786
16500
19820
18971
19582
21838
16330
22595
19602
16179
21947
16901
18834
22102
19829
19041
16702
19030
22967
19152
19307
19271
19503
31333
24066
19467
19064
19903
15849
23097
15915
19210
18295
23656
18907
16309
19413
19642
18738
23534
18353
15990
19646
22697
16173
19544
22753
15499
26605
15304
15744
23236
16619
18871
19105
18899
23358
16747
18230
23158
15815
22907
15823
22406
19278
16728
19343
21938
16647
21877
19164
16774
22660
15365
19740
19358
22603
23084
12767
19119
19306
20346
21822
16816
21169
19662
19878
31471
24200
16225
19369
18833
22461
19482
16699
19193
18668
22855
16605
22391
18915
19641
16875
18779
19753
18379
22374
19915
15676
23564
15473
23106
18630
16492
22117
16454
22395
19488
16024
19948
22000
19063
19323
16725
19589
18953
22353
16031
22753
23171
12755
19506
18417
19786
23300
14988
22632
20048
7217
24749
20673
18585
19085
19928
19831
18704
20123
19873
27304
13075
31641
10028
19183
16344
22507
15835
22866
7712
14066
15848
22933
16272
19323
19376
19517
18582
19933
19284
19466
22221
15998
19018
22679
20046
17242
17984
18797
23094
15950
19100
22843
19220
16688
19071
22286
19779
18956
15343
23922
18986
16337
22260
16015
29028
9846
19763
18080
20859
22249
18946
19634
15815
19338
22256
16732
18768
20005
19225
22521
16186
19391
19089
7703
17276
16532
19182
19605
22389
15897
19307
23201
19138
15796
19773
22598
15866
22397
16086
22379
19482
19309
19466
16523
22568
19585
18602
19912
15484
19841
19268
22538
19171
20156
15312
22593
16240
22020
16512
23388
176994
68738
14054
18839
19604
19357
16428
21745
17244
18904
18940
20182
18589
22464
16300
19739
18675
23799
15017
23024
19621
15307
19852
19068
19318
22373
26653
8958
20004
163279
150046
23555
9166
19179
19693
23137
19146
19373
19126
19482
16487
19468
22207
19082
19580
18882
19364
16358
19723
22113
19974
18718
16153
22951
16030
22712
29850
19813
20372
23760
19467
19729
22779
12994
19297
18476
20111
19268
21769
16087
22984
8225
13662
19658
15091
23281
16336
19176
22298
16238
18858
27133
15479
19021
19610
19569
16499
19287
19401
18860
20110
21993
18817
19600
18960
16448
22674
19485
15230
20784
21357
20197
18891
19634
16261
22276
19312
16175
20113
18400
20001
21702
19241
20313
19384
15912
18558
23521
19115
19421
30584
18524
19870
19786
20113
24071
20097
15825
18691
19127
19939
21892
19523
16026
19882
19476
21851
16776
18120
23364
19518
16550
22769
15692
18966
22803
16144
18911
19808
21917
19848
16216
22107
19928
18962
16225
22777
18598
19721
13828
22202
16266
23087
16698
22532
16046
21664
16048
19106
19400
19430
19865
20426
18054
22676
15871
22796
19370
19323
15885
19738
22791
18494
16703
22540
20037
15183
22815
16453
22093
31189
20513
22991
17327
22533
18364
16404
22497
16610
21845
19759
18920
16526
22443
18880
17000
19158
22658
16276
29758
12594
15702
18940
20163
21917
16313
18938
19107
19441
22822
16434
18650
23483
18476
19484
16035
22794
19522
19400
16246
22196
20102
16032
22297
16411
21669
16769
19119
22574
19579
16389
22162
18936
16823
22081
16873
21692
19624
15646
22855
19581
15416
20329
19532
8425
12989
22370
15840
19608
19605
19466
19503
22179
19339
19265
19712
14971
19945
23282
19043
18897
16835
19632
19210
18775
19358
19805
19097
20114
18323
19092
19827
22641
19429
16308
185028
44429
13038
20049
18860
19578
32140
10088
16003
19182
22182
19906
16187
21568
16928
19548
19505
22253
19511
19605
18573
19688
15809
22542
19420
19400
19280
19671
7728
206794
121905
10083
17200
21603
16232
18874
22784
19698
16314
19086
22333
19605
19459
19214
16222
19547
19485
22159
16457
22232
15954
21338
21479
18656
15929
20249
19081
19096
19641
22657
15988
21971
20056
18917
16831
19184
21758
19684
16217
19525
22203
19642
16253
22521
19563
16010
22239
19181
19087
19947
19282
15201
23788
15635
19358
18807
23525
26962
8479
19622
19079
22753
19322
18896
16732
18097
23143
19590
19200
15406
19943
22844
19170
19081
19808
18863
31596
20693
22630
16397
19622
19480
22097
19628
16128
22902
15539
20047
18669
23076
15999
19027
19937
18697
22802
19781
16029
22634
15346
19877
21993
16411
18865
19887
18960
22794
19865
19520
19386
18760
16094
22484
29102
10409
18882
16494
18552
22511
19141
16518
22595
29312
20916
20164
19991
22843
19797
19010
16709
19072
19502
19142
22153
15220
20714
22263
16732
18272
23586
18625
20485
18712
19099
19066
16454
22379
20068
19064
15697
19469
22378
16877
19220
19276
18946
19747
22600
19059
16369
19130
19165
19710
22321
16773
21390
17161
22058
19820
16448
21854
20283
15788
19370
19608
18581
19207
27441
14764
18917
15501
23649
19630
16074
19107
21989
8779
13515
19892
16027
18716
19850
19068
22364
16893
19125
28834
9739
19310
22479
16015
19159
22256
17214
22224
16212
19651
18608
22763
16655
18970
19207
19579
18810
23377
15606
19697
19056
20175
21769
15808
19643
21835
17035
19679
18953
22600
18656
16683
22111
16692
21946
20505
15795
22268
32404
19764
19389
22330
16353
22694
30284
20435
20295
19757
22433
20142
18679
19623
19329
18905
19950
17421
20642
16392
22343
165369
32114
12947
23533
14523
19255
16256
19986
22160
19200
16612
22035
31601
20549
22515
15816
23030
17546
18672
22203
15793
23352
19348
19358
15026
19948
19150
20274
7831
229977
96078
12823
18563
22370
19732
19842
18340
19881
16539
33217
18903
20021
21635
19646
19538
19278
19156
22220
27029
11710
16933
17993
23863
19041
18921
19360
19432
16954
19444
18702
18794
19985
19882
21612
19689
14678
20066
23476
20163
14687
22865
19551
19507
19091
19473
19679
7701
13911
16039
20085
18338
22876
19086
15895
22633
17010
22013
15908
19814
22720
16436
19508
19107
19856
22316
15369
22702
19712
18440
16148
20545
19300
19445
19143
19483
16246
18276
23197
17030
22343
16257
19081
29743
12323
19435
15794
18997
22864
16426
19666
21975
16458
21710
20208
15819
19801
19018
19693
21917
19777
15994
32221
19971
19769
19397
19592
19252
19298
19380
20514
19320
19262
20805
22492
19437
10752
22657
18990
24747
14092
19396
15386
23544
19419
19169
19504
18938
17825
22198
18420
16051
22567
19221
16706
19744
21493
19258
31019
20215
21080
19729
21609
16391
19479
22164
19827
21858
16594
16461
19026
19329
22543
16122
23051
15948
19964
18256
22560
16425
22564
16264
19499
19562
18204
20620
21727
16311
22230
16477
18814
23458
18911
16153
23035
15624
26277
17955
17966
18759
16030
19382
22758
24579
10652
22593
15347
20348
19558
19047
19024
19908
19837
19909
17763
19299
22690
16035
20074
22184
18903
19244
20412
18383
16297
22486
16425
21981
19647
19584
19489
16948
22163
15380
22540
16186
20010
19220
19383
21699
20119
19000
15922
19625
22421
19125
15974
22503
19680
19928
16358
19360
21773
16072
22457
19702
19173
19409
20787
14523
22636
21452
17070
15801
23150
16892
22013
23933
14762
16656
18987
19302
22695
16272
22209
179917
44083
18751
16214
19866
22052
17102
22358
15862
22746
16396
18564
19908
19280
19618
22036
16425
22343
15851
33600
19286
18817
9741
18638
19402
19409
16796
22370
7723
192728
124130
31016
20709
20471
19653
24001
19574
19784
18929
19405
19560
19118
16639
22140
16457
18694
34700
20030
23870
19586
18496
16015
19702
22412
19844
26548
12914
15309
19315
19324
19667
19164
19293
19117
20835
21610
18982
16713
19025
22816
15104
23039
16634
22131
25204
13377
19338
17002
21169
19817
16523
22132
19246
17184
18707
19479
19129
19393
19358
19710
18671
19687
22241
19039
19538
16793
19384
18799
22256
16683
19508
19890
19249
18896
22798
16036
19281
18820
19960
22170
30174
20253
19905
35879
22133
18343
19015
20013
22975
31153
20514
19758
18158
20182
20600
21305
19004
17314
8676
15425
19904
15230
23205
18697
16866
22117
19584
16753
22052
15817
18848
23645
18885
19065
19420
16661
19624
19044
22201
15720
22543
19750
19448
18820
16682
19605
18904
22623
19002
16693
22195
16167
22425
16385
19513
19703
19357
19109
22256
19364
18743
17037
18601
23033
31442
20105
20507
22931
18794
15153
23705
15845
22456
25128
13786
15678
19284
19727
22758
19487
19284
18778
16549
19774
22172
15972
22601
15804
19916
19686
21594
19518
25395
12954
19567
16759
18546
19132
23466
19266
15870
19168
19309
19546
22994
15754
22400
16555
22643
19104
19239
16627
18943
19400
19552
22278
16615
19071
19961
21769
16435
22134
16808
18297
23061
16195
22259
19343
31496
19544
20791
34572
19142
19677
20555
19883
22557
23178
12331
22787
15190
19726
20101
17994
23567
19267
17100
21522
19338
16527
19349
22764
18734
19260
16646
22179
23256
12832
18956
19302
19323
19425
22374
16266
19726
19205
22041
17039
18826
22960
18823
16528
19170
22231
19627
140987
21188
10264
19707
22312
16420
22167
19643
17117
18784
19297
21837
16424
19631
18870
23038
15944
22389
19543
19079
16490
21830
19804
19030
19669
16755
18928
18582
8478
230959
97885
10328
22599
18851
16645
26903
14682
16173
19632
19429
19466
19353
21890
16275
17487
21881
16104
23035
18990
19310
19574
19123
19181
16717
19265
19400
19222
19266
22135
17153
18881
19673
22112
16676
21871
19466
16672
22020
19110
16815
19386
22382
16271
18502
19613
23171
18987
19241
16636
21865
31595
20545
34252
19380
20430
20306
23376
15624
23153
15823
22525
8472
9374
19994
22091
17062
18561
22690
16372
28404
13025
19415
19425
16594
19644
21927
19219
15897
20193
19164
22364
15988
20240
21695
15666
23018
19258
16557
22389
19569
16198
18527
22812
19728
18903
16175
20305
18577
22682
19432
15900
22694
17043
21646
16554
33080
20514
19168
19652
19282
24607
19210
16066
19479
26523
16373
23409
18478
16841
22542
19427
18865
16348
22613
15641
23171
16066
22624
18785
19789
19594
16141
22153
16087
19246
22723
19068
16254
19384
19246
18969
23738
16085
22170
18837
19952
16066
22116
19664
16246
29861
8425
22573
15917
20267
19096
23153
14994
22699
16276
22524
16268
22528
19329
19410
15982
18801
20169
19156
22928
18942
15610
24226
18471
16574
17913
21092
19066
22329
15168
20119
19288
19310
22374
16468
18867
23010
16676
22282
15789
23011
15554
22787
15282
23271
18825
17017
18857
19977
21997
15953
19712
22193
16244
23171
19271
16138
19383
18099
20683
22404
18808
19443
15728
31777
10743
15713
22824
16429
19483
19493
19482
21882
19509
18646
19872
16117
23118
19025
18918
19521
19480
16616
28155
13527
15938
19661
22261
19435
16615
19145
19329
18854
22835
14926
19431
22953
19240
16481
19558
21941
19162
16697
19028
177332
68743
13647
23617
18585
15996
31384
11193
15981
19673
18698
23075
18862
19574
18969
20292
15974
22433
16111
18916
19228
22957
19448
15957
19717
19102
22314
16243
7923
192523
123878
20590
18608
19233
19003
20388
20028
24063
16014
20030
19116
22261
23853
11673
18742
20302
22171
15766
19775
22482
19527
16075
19552
21949
16439
19709
19308
21890
19723
18866
16910
21906
17238
19337
21128
17028
22594
19425
19301
19106
16610
21896
19561
17221
21517
16294
22555
18692
24896
10796
22287
15926
19992
19553
21536
17034
22117
7076
15184
16225
18667
19469
22957
18968
20010
16400
18846
28698
13345
15625
20157
22411
19304
15565
23368
15405
19972
22149
19637
18818
19858
16484
22257
18961
16314
22732
19141
16230
19420
19031
22895
19068
19220
16354
19779
21953
19684
16657
22118
19564
18897
16637
22328
20648
14964
34050
22348
21594
19184
20030
15683
19037
23286
15936
18636
18625
19867
20282
19165
21754
16775
18669
33846
18647
19361
9784
18973
19420
20212
18397
18038
19990
19703
16210
19479
19896
18898
19232
19465
22819
19502
18687
16483
21880
17234
19260
19133
21979
19583
16948
21668
16328
20565
21512
16082
22511
18959
16088
23297
15874
22184
23754
12164
19463
22774
16233
21892
19574
15685
22676
15805
22744
16656
18828
22839
16820
19835
18677
19041
18964
20433
22168
15405
19749
22623
18647
20061
16679
18696
22815
20009
15294
19915
19013
22203
29545
19837
19197
19558
19855
19060
20393
20343
19717
19951
22675
19134
19259
16394
22312
19301
19648
19120
16348
19138
22159
19811
15928
20127
18106
23260
19205
19579
16292
18608
23003
15807
19455
22802
19539
19129
23153
13565
21987
16142
22442
19013
18982
19930
18646
7860
25167
19336
19844
21815
15763
19898
22491
19202
16750
25530
13318
18956
19562
19296
174385
42740
12846
19168
15607
23166
15492
22412
19967
19260
15916
19236
20022
32236
20246
19203
19635
19520
19200
19964
19007
20453
29516
10221
19735
19465
18960
22274
7378
244145
98312
14189
19481
19342
19362
19279
18877
19921
19439
16471
22173
16004
19708
18980
22262
19154
19672
16051
34411
19047
21749
18917
22703
16492
22937
18926
15861
18446
23948
16499
18399
23239
18769
15686
20082
19851
19178
30412
11184
16192
19860
21789
15774
20948
20948
15764
23385
15456
23193
19127
16701
19199
19236
22503
19327
16451
21903
19926
16243
22320
18822
17736
21152
20002
15649
22594
19647
19468
16205
22361
15466
20304
18700
28279
13986
19280
15615
19811
18998
22852
16950
21502
7339
24928
19387
9830
18155
20061
16624
22131
18979
19092
25464
10267
18389
23482
19348
16854
21951
16297
22331
16653
18821
18957
23244
19260
18820
19809
18905
17042
22392
18989
19400
19225
16887
19218
22294
15830
19487
19443
19025
22818
19512
18828
16359
22261
16679
19300
22565
16422
21840
31635
20425
19742
22005
19506
19168
20007
17416
21430
15405
20484
18947
22392
16198
19327
19480
19512
22354
15451
19467
19469
22733
15749
22821
16869
22735
19320
16131
18969
19396
22424
20044
15383
22280
19785
15511
22899
16827
18938
19436
22584
16087
20630
18379
19147
22208
19228
15743
19513
19793
18646
19282
20105
22739
15939
22663
16630
21951
16220
22311
16695
22398
19497
15218
19268
23328
19089
16573
18948
19641
31976
10143
16041
17809
24055
16123
22169
16431
19119
19812
21841
16348
19261
19165
22980
19369
19436
16390
22123
30610
18876
19646
19311
20453
20366
23175
19034
16666
20087
21989
15750
22262
19483
16310
19616
21743
20119
16013
19424
22311
16085
22171
19907
16216
21926
16553
20300
22157
15837
22736
16046
22133
19117
16650
148771
32615
11084
19716
21880
19841
16627
21878
16714
22774
18948
19362
17145
21125
19368
17020
18715
19348
19521
22621
19418
15401
19303
20200
19095
21967
16581
22351
7871
230441
121369
17891
19510
22550
18774
20004
16554
19070
21961
19724
16800
21580
16441
22712
16317
21875
17256
18394
19956
21907
16429
19482
18871
20394
18843
22735
15668
22625
28056
10446
16415
22318
19507
16488
33667
18979
19229
18907
18933
18928
19606
19606
9848
15121
22923
19210
16973
21471
16748
19419
19464
22015
19058
20092
16275
18880
19437
22454
19520
15955
19300
22456
20093
18721
19380
18970
19980
15955
22554
15852
19941
19868
19061
21765
19363
19961
15823
22272
19770
19051
19534
16889
18568
18736
22853
19676
15974
22179
16668
34731
18897
18799
22974
18759
18462
19950
18511
22996
26810
12006
19078
16232
19335
19429
19079
23311
15571
23200
15517
23095
15225
20495
18590
22476
19661
16764
16374
22333
16041
23019
15774
19358
19558
19028
22664
19397
15112
20138
35624
20029
22801
15691
22864
18976
30584
20196
19457
18435
19109
20316
20948
19687
19282
7669
15007
18640
18475
19700
20144
19128
22412
16797
21794
19120
16393
18899
20271
19161
22429
15596
20126
19321
19863
21785
19741
18858
19117
16217
23380
18880
19097
16596
22398
15946
19606
22675
19056
19523
19380
19332
19329
15442
19661
22441
14077
19923
21550
19426
16269
34609
19076
18974
21105
23210
19348
16795
18883
19497
28103
13243
19789
15392
23586
15552
19734
19041
18828
19500
23420
18916
18888
19906
19333
19826
18675
19493
16214
22849
16406
18405
23041
18846
17052
18859
22452
15897
20753
21098
16472
19748
19018
22270
19400
16690
22261
16324
19835
21574
16297
19210
19788
18856
19331
19868
18877
22419
19389
19712
19728
18655
16646
22398
16207
33808
154146
43095
18037
16142
19332
22355
16862
18668
23098
15483
19518
19349
19271
22603
19297
19410
19378
16147
22272
19553
20371
15603
18718
19707
22441
19909
31166
21073
8632
206100
123498
22779
18764
18678
19569
19828
19324
20123
20389
23346
16630
18890
22782
16821
18644
22343
17176
18685
19440
21983
19505
16800
21809
17499
18394
22756
19369
18801
19188
19986
18764
16048
19790
19565
19056
34308
18787
18941
20626
19292
19189
29451
14266
16008
19667
19267
22857
18834
16952
19073
18501
20127
19282
18447
19935
22323
16895
18917
22379
19168
26485
12105
16661
22133
16835
18415
23248
19478
16609
18953
19696
22545
18653
19405
16198
19830
22614
16998
21497
18889
19711
19065
16492
19887
19110
18973
23128
15529
19027
22703
16572
22462
19357
19682
18686
19489
22230
16197
16292
18747
23239
19381
16319
22010
16423
31101
10617
19785
15165
20644
18742
23217
18668
19535
19048
19082
16142
19063
23514
19340
18679
19560
16300
19766
31033
7770
18955
23101
14827
20328
21960
19682
15635
20228
19083
19248
19235
22693
19119
16456
19649
18916
19269
20160
18881
19753
18102
23046
19618
15878
19913
19302
19067
22455
20127
15204
19343
22734
15994
22194
21306
17528
18489
14769
20471
22395
16586
19235
19185
7571
30013
20704
18770
22835
20004
18620
19225
17209
21760
22576
13185
18315
20451
22159
19140
20063
15810
272883
126206
16565
15972
19364
21448
20117
16276
19009
22577
15889
22521
16438
21977
16716
22472
16642
21835
23783
11554
22743
15321
23628
16271
20360
21579
19094
31534
19564
21093
18699
23164
19001
15789
22283
20411
15571
19624
18882
19444
19109
19579
22708
19805
18890
16206
20783
18240
19272
19108
19501
22713
18726
16850
19100
22522
18661
17253
21713
16677
19826
19000
19283
22846
16426
18138
19952
173090
66416
24198
16077
21590
20543
25020
12993
16276
18858
18943
22946
15776
20230
19643
21932
16350
22362
16220
22779
19323
17216
18271
19324
22780
19526
18878
19203
7858
240100
96822
19483
19722
18563
18928
16171
22780
16247
20132
21905
16073
19493
29563
9648
31127
20367
9849
15675
20876
17794
22871
16214
21896
19857
18694
19464
19360
16452
22584
18625
21170
14646
20029
19301
18924
19020
19851
19302
21929
17843
21396
19400
25187
13464
19164
16007
23011
16309
19410
21447
17135
34864
23603
19557
15814
22516
16676
23176
15324
22423
15374
20275
22757
16060
19082
19311
19765
19045
22136
16287
23128
16177
19123
22148
16409
22664
25318
12743
15731
20497
19061
23010
19115
19333
19166
16588
22360
19367
16619
21441
16303
23197
18733
19559
19419
16010
22379
15975
22615
16830
22213
20266
14902
22993
18975
19846
16553
19161
19256
18700
19763
22076
19105
16256
20218
18299
19865
19298
19884
18425
19432
32568
20273
19913
18936
18630
19951
19451
20054
19300
19707
23015
15312
19504
19409
22261
15958
23390
16066
18876
29192
9446
21957
16589
18982
19904
22470
19067
19339
19640
19365
15741
20307
21997
19641
15984
22320
19180
16237
19739
19358
19917
18482
19465
19557
22635
19131
19164
19431
16738
21988
19189
15871
19768
22458
16754
28525
13101
16298
19015
19722
19467
21853
17027
18588
34993
19307
20102
19582
22543
20512
18517
16448
22161
16420
22824
19085
18824
19946
16308
19353
22002
19832
18903
18866
20046
16873
21599
16206
22571
16164
22447
19509
19437
17015
18955
19246
21788
17445
18550
18678
22596
20375
15972
19447
18808
22524
19652
16050
19387
19702
22848
15923
18960
22660
15847
19445
19346
19549
18617
29181
9671
23183
15442
22870
19622
15856
19948
19271
8621
16646
16440
18251
20113
18875
165009
34651
13179
23825
15149
18793
15512
20708
22475
18879
16708
21681
8034
10743
30107
9019
22519
19437
15961
19425
19620
22133
23179
15927
19242
16202
18892
22856
7923
241994
97229
16164
19266
20410
15339
20106
18892
23057
19523
29230
20084
19584
19630
19627
18929
20495
23056
19648
24868
11212
18992
18420
20062
22555
15456
22815
16965
19172
21629
20225
14851
20311
22389
19594
16290
23061
18076
19485
19562
19969
16639
18396
19385
22358
20020
18784
19426
16096
22626
19168
19502
16214
19517
22150
19652
16428
19295
22291
16753
22056
15774
22723
19035
16254
20426
18097
23133
20283
18538
16235
21945
16855
22057
24427
14279
16825
17871
21148
21868
19249
15610
23195
7890
10825
19346
22251
19486
19164
19144
16086
23107
17338
28282
8714
22518
20102
16065
22155
19242
19521
19649
16399
19386
22293
19380
18992
16433
18702
23000
18880
16758
18970
22726
19526
16173
22216
16746
18865
19922
22025
19451
19281
19120
19227
16230
19513
19344
22302
19106
17052
21933
16343
22413
19223
16331
19383
19767
30594
11068
16228
19284
22542
18800
16552
22640
15486
24041
31097
19800
19757
20390
19124
21754
19650
18918
16976
21314
18120
21355
19099
16627
19387
18694
19071
22884
17155
17615
20170
18852
22805
19521
19377
19915
16274
19666
18959
22620
15994
21814
16234
20087
18981
19621
22455
16285
19248
19448
19073
23015
19022
18864
17092
22735
15321
22389
16007
19583
19302
19468
19414
22333
42513
9904
22910
15701
19810
22802
15425
19735
18786
19330
19881
22150
16234
19369
19263
19871
19308
21844
16243
27413
14688
15986
20280
18517
19865
18907
22662
16285
22764
16007
22798
18482
20006
19470
15938
22013
16738
19669
22288
16235
21911
16661
22350
19508
16488
18967
22333
15969
23011
19260
19765
16415
21891
19250
154014
23411
12561
19118
21715
19612
16753
22260
19510
19495
20187
15241
19725
26497
12174
21959
16127
22770
18781
24624
14282
16448
18779
19859
23424
18282
16226
19967
7359
246070
98228
15092
15601
23010
19243
19417
19043
17431
18435
18917
20308
18879
21969
19884
16347
19784
22102
18868
16087
23139
19102
15734
19344
22978
16446
19509
18843
19393
24128
18835
18154
19353
19333
16430
27353
11614
19336
18693
22536
19782
16426
21879
19564
16336
26646
12158
21848
19805
19246
16410
22369
30788
18991
19250
19487
19603
19564
20061
20502
20127
21365
19733
17450
19013
22385
18548
16247
20023
19551
19075
19806
20106
18745
18779
19604
19056
17037
19304
22050
19424
19339
19648
16226
22360
15513
19994
19241
28400
10174
22333
19439
20061
14957
20030
19349
19546
22533
19542
30083
20346
20048
23004
16377
19411
19788
8205
21184
14554
19060
19546
15871
22755
19267
20123
18846
20676
20758
23205
19778
19482
19517
16153
21916
31178
20153
22121
21373
19712
19671
19349
18273
19731
19204
16936
28918
11839
19271
16780
22818
18738
19061
19653
16589
19349
22207
18830
15593
20744
21816
19781
19653
15472
20032
28760
9938
18899
22522
16739
21838
19713
19080
16794
19822
18748
19473
19240
19498
21850
16947
19331
19461
21815
19567
19051
19121
16795
19306
22200
17455
18716
22053
19398
16256
22058
16086
23101
16158
35107
20205
19731
18842
22336
20369
15507
18861
22660
19819
16019
30056
8153
23053
16370
22133
19846
18443
17118
22108
15761
20228
21631
19940
16413
22062
20603
18204
17917
20908
29709
19004
19083
20380
18721
18882
19564
20512
20503
7791
15725
22138
19718
15399
22982
19258
16647
22005
16614
19341
22692
15674
19869
19120
22337
16238
22282
17029
21851
18862
19715
16725
21717
15884
23523
16034
22655
163810
43746
18391
16508
22598
18686
16893
19266
22030
16350
22800
16650
22164
18672
19918
15894
23215
20234
22815
17174
19158
19237
19035
19305
22519
20331
24620
13422
7998
240826
121089
16024
15496
20232
22641
30069
19580
19917
20969
22098
16051
19890
22213
19511
16472
21875
19816
16182
22600
18922
19912
18471
16828
22562
16366
19089
22220
19707
16620
19680
18979
21213
20066
19641
17871
21089
16097
22147
19167
16722
22041
29764
21094
19633
35958
20747
22302
16895
21909
19441
18948
17215
20184
17419
19609
19883
21876
17215
22072
15894
19908
19705
22079
16004
19146
22346
16592
22845
18986
19762
16332
17812
23540
15931
22561
19674
16041
22745
19348
15853
22571
19712
18624
16534
22661
19493
16279
22277
15789
19912
22271
16084
19577
19464
21981
16409
23076
19182
16777
21807
15833
23266
18900
19188
19253
19967
15653
22502
16175
19246
19873
21679
16593
19682
31516
17828
16258
22856
18885
16612
22454
15793
19446
22962
16113
19261
19189
19769
22174
19543
19567
18721
19965
18538
16931
22978
19463
18215
16252
19264
20143
22214
19083
19438
16263
22331
16056
23331
18663
20290
28436
10023
15846
18060
20652
21978
16851
19087
19320
20831
31456
20665
18684
18661
18795
18994
9829
16279
22271
24031
14562
24411
10947
23369
15779
22452
15839
20207
18865
22962
15994
22369
16054
22592
19165
19563
19488
19317
15688
19683
21897
16967
19312
22753
15531
22659
19333
16624
19079
22103
19435
16624
18564
23134
19466
20272
18097
19973
16005
19045
19233
22454
16236
22897
18537
17317
19133
19260
19000
19901
19271
21741
20188
19023
22957
15427
16052
23127
15870
19462
20010
18902
22338
20390
18932
18968
15869
22747
19189
19223
16234
20096
22476
18764
19438
15907
23120
16055
19640
19253
21739
17312
21899
15846
178142
69149
16177
19203
19930
15617
20121
18963
22117
19084
16753
22585
18956
16768
21788
20010
15711
22713
19869
18865
19250
16732
19445
22210
19279
19317
19486
18883
7383
189914
123844
21220
20171
27080
15203
19553
16277
19766
22353
15225
20061
22923
15674
20106
17015
19086
21856
20389
15748
18946
19163
20321
18898
19160
18377
20543
22172
16656
21851
16641
22799
18564
19398
19671
16251
19742
19443
21571
19117
17523
21678
22551
17214
19127
18842
16293
19536
19123
26474
12291
19297
21809
19469
16231
22958
19364
19026
15677
29102
13126
16855
21917
19308
16830
19056
19699
20291
32081
20395
20041
21083
21676
19217
20107
19083
18857
17794
18267
22564
16239
21748
19487
16393
22384
19569
16501
21957
16307
22254
16729
22246
15687
23162
18902
16657
22702
16226
19487
19164
19199
21983
16030
20256
19374
18461
23534
31353
20724
21834
16379
20125
22330
25517
12385
17195
18636
19119
19842
21754
19462
16168
20574
21810
18778
16674
22379
16112
19353
23025
18945
16584
18725
19143
19462
19501
20109
19523
21941
19122
19166
16371
19691
19901
18499
19769
21754
16972
19027
19395
22039
19671
19073
16694
19305
22161
16712
19368
19553
18951
22380
16534
19421
22758
16184
21743
15661
19849
34085
20328
24048
32738
22633
16143
22393
16492
23016
22473
11855
23267
16040
19620
22261
16079
43905
14920
7441
27728
22791
18979
19194
19763
16616
21925
18964
16975
28284
13181
16192
19897
19486
22169
16837
19108
21859
16653
22002
17010
21741
16645
18502
19925
22331
16821
19376
18997
19783
21933
16331
22698
15592
22594
19928
15389
19883
22834
15958
19754
18826
19105
22893
16192
19821
21670
16706
32832
19200
12120
13415
18676
19901
32883
19151
9477
15051
22665
16538
19489
22076
16476
19421
22642
17017
8047
12456
19297
165231
20929
10428
27319
7948
22475
15661
22903
19569
19333
16068
22393
20047
15513
22702
16112
19384
19445
22984
18816
19518
16223
29608
9020
19506
19265
19143
19664
7997
244384
97095
13655
22824
20075
18861
16261
22120
19576
19341
24525
14256
19723
14737
20899
21871
19699
18651
19631
16697
22179
16181
18771
22582
16846
19076
20486
21564
16259
26140
15821
18857
19827
16335
19097
19441
19245
22212
17816
18630
21642
19425
16105
19815
19422
18861
22806
16732
18920
19006
22576
19369
16196
22169
16697
22137
19781
16317
21686
16046
20033
19603
19422
21956
19330
19720
19324
19107
31357
19862
20333
22405
19567
16212
23824
15230
22326
15651
22759
19487
19141
19749
19281
16893
32143
19365
19627
9709
15933
18983
18987
23058
18928
23215
12723
21999
16338
19532
21954
19450
16652
19185
22594
19581
15897
19529
22161
19331
19300
19040
16471
20046
18600
22396
19708
19484
314917
10014
15430
8562
14456
19008
19141
18856
19771
18904
23097
19134
18994
16834
18932
18505
20511
19188
22955
18953
15993
22795
16454
18421
20221
19087
22701
19006
19500
19093
19301
16499
22646
19175
19261
19301
19453
19138
19443
19424
16600
19323
19398
19286
22314
19510
19622
15853
22543
21229
14361
19258
19572
18963
20317
21235
20004
19499
27155
10732
19852
15614
20269
18926
22558
18905
16626
19601
22358
19128
16198
22262
16758
19230
19107
22824
19240
24030
11887
18358
19497
19381
23038
16652
21852
19773
15432
20392
19322
19330
21733
19487
16833
21570
16194
23958
14681
19702
22653
19128
16435
22314
16835
18683
23156
16014
22198
20148
18866
14841
23972
15726
19579
19601
19425
16805
18266
21277
18907
21372
19509
19449
18989
19825
19228
16289
20323
15984
19592
19045
23044
15627
19738
18903
22740
19716
15555
20095
22019
193999
69453
13423
19357
17017
21771
18079
17477
19208
23102
31174
21005
22461
15230
20805
19482
21750
16218
19971
21916
30145
20032
19609
20524
20144
22326
16674
21909
8674
188946
123672
21859
23373
19402
16447
21937
15792
23649
18676
19729
19512
17011
17660
23055
15650
23420
26164
9405
21803
15841
23846
16268
21979
18786
16911
18669
19908
18895
18655
23297
15777
23217
16041
19641
22023
19738
15805
22783
19303
18984
16839
21890
18030
20856
16712
22385
19566
15088
23107
19261
16789
22022
16175
19380
19076
22353
16596
22400
15815
20389
18925
19067
22575
16889
18999
18803
20033
21973
16548
19359
22307
24844
10631
22648
31126
19105
18286
9625
18744
19142
22734
16204
16439
18833
22556
16573
21753
20083
19293
15686
19200
20000
18507
23185
16375
18579
19971
22803
16068
23270
15095
18728
23030
16674
22254
19487
16252
19508
18832
22420
16330
22574
16923
18216
23464
19430
15606
22396
15872
22947
7319
14344
19364
15808
20041
22175
20347
14670
23698
29050
19332
19768
19137
20636
20468
27920
14543
19743
14600
23854
16692
19169
22308
16021
8516
14115
18234
19328
19504
19071
22946
19996
16092
22082
25993
9741
19027
22689
19121
19730
15996
19429
22230
17782
21000
18931
19630
16477
18969
20465
18453
22743
16636
21733
16666
22259
19482
18866
16839
19591
21880
19578
19062
16851
19228
22444
16041
19158
19701
22328
30013
20169
28256
28607
23158
16608
22389
15935
19786
22477
16594
18611
19402
21136
21314
18707
15979
23402
18559
16689
22047
15646
23271
19179
17100
18152
22995
19146
25834
12862
15842
19510
20052
22400
18871
16425
19487
19465
22177
19909
18504
16758
22333
19711
18456
19974
16435
19461
19095
19398
22183
16548
19652
21977
16227
22323
16190
20127
21707
16369
19451
22158
19264
20429
19084
171267
43502
11052
16516
22010
19694
19755
18810
16851
19364
18906
22851
15633
22299
17129
21882
16118
19579
18935
22761
16854
18911
22373
18703
17573
18467
26820
12451
7685
242960
122050
7866
21920
16143
22450
16709
21949
19215
19781
19773
16425
21852
19926
15609
22271
17104
21715
19299
16213
19702
21970
19938
16435
19010
19359
19895
18879
22835
15947
19257
19246
19508
33862
18887
19543
20244
18744
18878
19893
20322
23350
25031
13886
16030
19293
22591
16207
20122
18692
22958
16892
20998
19839
15127
20511
22035
19631
16407
22135
19605
18984
16633
19385
22741
19210
19483
16187
19349
19281
19862
21798
16462
19086
22597
19428
16254
19624
20303
21391
18979
19076
20613
18216
16420
19939
18938
19392
19068
22377
16009
23162
19307
15970
22623
16076
18869
22718
16286
19600
33784
20497
20651
22352
19569
18894
20112
15944
19124
18500
20553
18899
18953
19299
22645
20706
10498
19700
16232
19284
19347
19299
19418
19395
19410
18967
22462
16249
19410
18778
23119
16512
21907
20303
19255
18783
19502
19468
15945
19642
20938
20613
24546
14304
16478
21399
20259
16515
19093
22113
16230
20052
32305
19507
20183
19724
21015
19788
22009
19564
19229
18877
16354
19205
22952
19772
19022
16479
19369
19409
10773
13556
19969
15856
22469
16245
22980
15803
22370
19545
16266
18723
20144
18845
19697
17093
22196
19491
16214
19120
19728
22072
16841
18149
22994
16619
22390
20671
18274
17830
32102
19974
19715
20301
23077
15989
22897
19127
18895
15809
19661
22934
15878
19763
18641
20505
21712
19823
14774
23843
16227
22397
16412
22232
19061
24906
13799
16078
23389
16026
19218
18758
19189
20139
19125
22352
16443
19666
22140
19084
16333
22297
17178
19119
21928
19420
19358
16399
19892
17903
19499
20578
21911
19339
19316
185943
69771
21855
19024
19462
19352
21918
13706
18889
22332
19717
19243
19186
19328
16616
19651
20305
21171
19584
18573
19683
19487
19929
18324
16435
20044
18962
19015
8674
219754
122611
15983
19068
16518
22533
15358
23045
19590
19239
16628
22835
15925
25528
16830
18676
15966
19771
22195
16377
18657
23228
16066
22323
19332
19303
16488
19004
19786
21839
16854
18616
23559
18693
18904
17371
21557
19809
19250
16424
19510
22282
18613
20279
18974
19123
16007
19481
22576
22536
13225
22333
15417
19826
19907
22473
19207
19188
8130
14138
19074
16030
22956
16220
19155
22394
16503
22053
23083
13061
18205
23390
16745
18708
22473
16369
22687
16904
18676
19117
19486
19485
19584
21761
16707
21870
19809
19428
18463
16838
22282
19502
16061
19532
22184
16897
18698
19782
22338
19446
16550
21857
17140
21873
19876
15806
22213
31871
20938
19415
19170
22037
17179
22636
18345
16948
17675
20785
18856
19663
19061
19590
19459
19326
18584
19322
20193
21976
19401
16235
22697
16552
22230
19716
24774
10110
19728
21938
16578
19158
19473
19685
22539
15744
18918
19723
22309
19730
17655
21020
20235
18298
19762
15998
19479
21829
20427
15214
19491
22571
19400
19362
19562
15869
22692
16613
22208
15903
23158
18930
19841
14677
24028
18985
19091
15595
23194
30440
19671
19238
19920
20333
23582
15567
22765
16097
19601
22458
16216
18999
19111
20439
18166
23386
16479
19048
21702
19699
16972
19298
19076
19212
19415
22345
19643
16430
19143
22353
16789
19198
21517
19466
16851
22051
19369
16451
22582
16113
19231
22671
16378
22041
19282
16290
22682
19144
19933
15695
18416
23783
15789
22425
26700
12181
18979
16268
19530
19533
19254
19023
22597
11289
7747
19566
18881
23101
19709
18627
19123
19572
16545
22169
16716
21504
19910
18916
167843
34145
19240
26775
17613
19099
15615
20281
19137
23004
19369
16095
19608
32514
19493
19504
18827
19101
20521
19453
19273
20532
29610
10456
18941
19770
21717
19942
8605
226790
96164
15627
19141
20314
15056
22274
19528
16794
22492
25528
12711
15933
19504
22574
19084
16930
19233
19088
20064
18778
22954
18492
20083
15499
22697
16167
22797
19521
25523
12404
16792
21848
19753
16093
19265
19953
21851
18169
21077
18932
16830
21961
19826
18456
16995
18885
22935
18545
19703
15870
20223
21550
19641
19207
16801
22488
19439
15909
22347
16197
22606
16050
19938
18850
33866
20144
32215
23146
18536
18974
19035
19272
19327
27813
17342
16302
18169
20756
22185
19661
19375
16107
19989
21655
17756
18262
22300
15379
20102
19692
21980
19712
25151
13054
16646
19436
19865
21260
17274
21697
16538
19710
22191
18833
20087
15770
19522
19123
22331
16558
19601
21767
16435
22651
15815
15710
16015
22353
43030
10050
19228
18262
22975
19374
19589
15921
20221
19862
16632
22016
15594
22981
15830
23148
15634
19833
22844
26904
11474
8225
10854
18817
19374
19843
19076
19871
19126
21738
19348
19107
16967
19307
19127
22479
16307
22972
15084
19993
19631
19206
22451
19486
18542
19471
20020
15732
22750
19737
18853
16126
19943
22135
19049
26517
12312
19614
15780
22955
19277
16228
32803
9564
16629
18307
21968
19520
16811
18704
20329
19260
22211
16112
29024
12775
16120
22425
19168
16803
19197
22245
19302
16787
22365
16258
19359
22158
16566
22183
16336
19342
19656
19530
18863
22071
16613
18860
22969
19641
18776
16288
19214
19929
22635
16326
21414
16732
19208
22398
17030
18841
18891
24241
15431
18269
19048
19764
23007
25320
9758
23338
15759
18778
19369
20175
22106
16056
22603
18683
20102
15615
19446
22755
19359
19228
185125
69346
20280
21979
39712
15684
16630
19122
22606
16673
26754
11394
22615
15130
22896
16553
19876
22164
16394
15471
20405
20011
20149
19910
22819
16449
19299
22463
8457
239121
122977
20042
19789
19204
9861
15995
19181
19753
21663
16409
18422
19933
22271
19971
19785
18873
30466
18331
19205
21902
23603
16512
19197
22000
17460
30946
10344
19492
15445
22740
19186
19301
19895
16413
19466
22661
18430
15601
20102
19990
18014
23257
18705
17021
27651
14056
16213
22282
19348
19471
16239
22468
15808
19630
22545
19407
15722
22692
15928
20856
22075
16268
19664
21411
16136
20111
18627
19964
21982
16241
19569
19623
19220
22766
15319
19486
19786
21864
19842
19353
30167
18314
20390
22453
21757
15944
24322
18310
19229
28546
20587
20126
19196
18845
19569
19948
19263
19254
10726
27635
19872
19773
20553
23620
19003
19340
19472
16415
23176
14649
20106
19577
19319
22043
19284
23613
19198
16590
19718
18574
22551
16616
22549
15653
19761
22181
16450
22824
15511
23001
16668
19323
19024
19383
11251
10726
22030
16328
18744
19929
22477
19512
15796
22705
20122
18534
16366
19263
19713
19151
19363
22469
16557
20399
18164
18876
19866
19528
21937
18961
16868
22131
17088
19064
18351
23327
18835
16969
21835
19607
19290
16299
19509
18666
22764
19222
16291
19970
21831
16573
34066
18576
20085
21118
23327
15856
22059
16325
19732
28866
12999
16169
18738
22398
16770
19628
19534
19452
18793
22498
15750
20121
22210
18734
17017
22671
16210
18917
19080
22380
16636
19148
22713
19160
18980
16577
22841
16194
19384
19023
22498
19803
18689
19760
15717
22757
19298
16607
22192
19099
17056
21681
19945
16168
22058
19310
16249
19522
22789
15871
22820
16076
22403
19497
19785
15194
22513
21718
14849
22160
19164
16186
19060
27856
167145
68464
19017
16378
19899
22041
16356
19159
22584
19820
15893
22674
15552
22914
19820
18664
19443
16875
21989
16266
34297
20856
19955
22201
16430
22482
26791
8323
7555
228984
123556
20940
22298
19593
18882
17188
19148
18958
19351
22189
19363
20147
18314
16880
19646
21692
19000
16856
18977
22401
16328
22745
15850
19885
19461
22460
15367
20124
19283
19781
20158
17676
22722
19027
16143
20156
18610
23456
15781
18576
20205
32030
10591
14733
19793
19727
19076
21984
16991
19112
22558
22168
16740
14748
20127
23055
15596
19682
22582
16015
31353
8003
22446
18477
16597
19205
19667
22015
20168
15906
19378
19661
16713
18483
20122
21788
20100
15963
22529
15788
21228
17691
23389
18558
19742
15456
20042
19538
19702
20372
24061
15970
16574
18920
22522
19646
16175
22421
15367
19717
20714
21579
16140
22653
16788
20114
20975
19828
15512
19891
19083
22673
16212
22652
19176
19104
19461
15700
19271
19527
19851
21985
16513
19519
21835
19743
19358
16710
18894
22737
15676
22517
16594
19333
19897
18650
19248
22365
19351
19493
16333
22141
15786
19883
19775
22524
15446
22866
16405
22485
19719
15846
19161
27758
26211
20584
22777
16801
22340
18948
20720
14945
22582
15827
22394
16051
20271
21790
16272
20211
18399
19258
20194
22738
18445
16465
18302
23829
16051
27782
13529
15918
23146
15973
22328
19262
16653
22759
16479
21961
16032
19179
22174
20525
15707
23100
18876
16706
19242
22809
18646
19517
19300
19472
18917
16396
22329
15864
22793
16517
22673
18818
16630
19007
22372
19131
17221
21897
15553
20302
21863
19766
16553
19386
31211
10743
18764
15104
23208
19718
15724
23007
19492
18977
16605
22580
15504
23789
18082
19312
19643
16697
21966
25847
10000
22451
16610
21769
20328
18241
19461
16272
19893
19174
19437
166875
32031
13557
17071
21578
16176
28920
13468
15875
19601
18550
22964
16346
19609
18773
19422
22215
19675
16719
21854
16638
22494
19528
19002
19364
19628
19088
16448
7856
234950
122159
16117
35807
19978
20956
16447
20090
19100
19889
21748
16036
22782
19230
19087
22856
16307
19479
19355
15978
22136
16169
21602
20357
7540
14421
16319
22232
16825
21956
16797
19112
21808
16841
22133
19751
19071
19688
19169
19726
16170
21973
16952
21814
16153
22479
16659
18921
19307
23329
16235
22172
19076
19843
19018
19184
19322
16528
30447
11087
15989
19721
22540
19722
15923
19434
19280
18841
23112
18897
16088
20110
18940
19100
19953
22403
19043
22620
16206
16458
21873
19627
15797
19649
22473
16237
19900
18856
19349
22364
19625
18964
19487
16661
18936
20022
18830
21971
19299
16749
22249
16139
22969
16231
22761
15856
19763
18526
19394
19006
20199
22692
18491
19964
19440
18697
9444
18687
22649
19069
19302
19710
8220
10292
22678
15582
19129
19341
19887
22915
19400
15943
22159
16897
19089
22143
19418
16296
22365
19654
16659
21704
19261
19124
19403
15924
23309
16017
22440
16832
18943
22650
30860
20382
23208
19061
16289
23118
16733
21538
15815
19854
19992
19679
20537
17405
22948
17472
20582
19651
15666
23677
18325
16544
18517
19765
19638
22163
19484
16486
19290
22217
19183
16636
22637
18876
16778
19724
21300
19878
19131
17390
21389
17671
18035
22734
15830
22302
16808
22428
16421
19122
22155
16346
22841
15989
22114
20507
18897
19189
19000
19581
16317
25846
13177
22154
15654
20086
22058
16369
19387
22584
29264
20745
20678
20184
20225
18213
22753
19533
16830
18332
35100
20938
19446
22050
16313
22694
16607
18956
22502
30817
20109
23534
19774
19512
18860
19677
19343
19511
16388
21911
16265
19555
22378
163850
43310
19566
16349
22542
16412
21552
19642
16753
21738
16452
19467
18983
30687
8765
19103
22377
18881
16569
22990
18943
15656
23141
18875
16760
18682
22716
16699
7373
208844
122116
8364
22266
15633
22876
19933
15868
22487
16212
19487
19257
19746
19001
22765
16691
16052
18596
22851
19524
23378
11757
30792
11146
16020
22706
19309
16401
19200
19679
19472
19123
18870
19420
22538
16774
21999
16707
19544
22252
16460
21733
19560
16094
22790
19292
16465
22353
15899
20345
18743
22455
16125
22339
20131
18184
20689
18612
16302
17782
23435
19332
17007
18899
22746
29980
19508
18605
19694
9611
16034
18900
22204
20061
18930
31769
23428
16610
19723
19058
23245
18569
16266
19034
28133
13926
15568
19699
19347
19883
21793
19810
18882
17081
19396
22220
18568
17220
22280
18953
19256
19083
19471
16931
22072
19501
18887
19845
15784
19934
19080
22798
15364
23118
19560
19088
19356
19570
18559
16259
33666
19282
20140
19607
20371
23216
16098
22853
19024
24225
14282
16539
18748
19426
20005
22319
16459
18523
23416
19707
15092
18490
20566
22774
16317
22143
19245
16492
22050
16111
19466
23189
15898
19184
22497
19531
19639
15854
19027
19304
22828
16216
19061
19903
19165
19200
22158
16572
20146
21870
16511
19529
21751
16456
20069
21931
16337
22111
20096
18182
16696
19229
22030
20435
22818
15572
19280
15489
19813
19162
19712
22378
16204
8037
14452
21856
18979
16619
22768
18745
19423
16908
22408
24779
13820
19060
19461
16045
22394
19674
15926
19602
19891
18515
19806
22130
16579
19630
21677
16817
18931
19689
19106
19600
19290
22028
16997
21806
16605
19405
23005
15883
19244
19357
22144
15815
20103
19098
22231
19948
15549
20586
17733
19962
19576
19147
22274
19375
27497
11510
16587
21787
20112
19107
16209
19187
159676
43748
20427
20338
34902
19261
19097
20489
19285
19055
20796
20572
19456
18717
22553
16400
19861
22444
18698
7539
14620
19587
15293
22966
19260
19333
16683
22382
8133
241000
121848
10364
18473
16610
22390
16435
19155
19716
19285
18619
19667
22453
18758
16958
22581
15231
23374
19101
19422
20875
17676
16622
21873
19558
16909
21356
16656
19882
18654
19813
19006
22338
26519
12438
19389
18898
16538
19818
18641
21056
21106
16075
22928
16488
23211
15223
19623
22161
16176
19466
19084
19293
19127
20492
18704
22737
18573
16759
21831
20123
16194
21994
19662
19666
16253
19029
21998
16987
18215
20181
19449
19518
19218
19023
19676
22544
15733
22937
19595
19269
24934
13194
19058
16654
22252
16422
22377
16631
19332
7603
16977
19358
16329
19650
22294
16543
21930
19574
19624
25148
13738
15210
22985
16682
18974
22672
19018
19430
17401
18497
21934
19420
16416
22515
16153
23006
18661
16513
18841
19305
19873
22883
15567
19205
19426
22774
20404
14266
20389
19459
18719
20254
18140
19264
19587
22915
19556
19336
30371
20323
20364
23076
16146
21739
19933
16286
19497
19560
22172
18958
19542
19456
19568
16313
19046
23561
18028
16456
23045
16138
18445
19932
19765
20091
17961
18917
19650
22594
16933
19170
22803
16031
19041
22056
19862
18882
15831
20287
18565
20026
19200
22379
19379
16622
18548
22649
16774
22664
15625
22974
16087
21995
19550
15706
22797
15992
19523
20456
21364
19362
16145
22873
16216
22612
16353
22032
16690
19497
32364
19179
19888
19638
19364
20092
20793
20065
21869
16729
22858
19071
15605
19705
22921
15712
22194
19888
19205
18977
19466
19355
19934
15928
22678
19322
15965
19943
22152
18987
16614
19099
19687
19959
16013
22201
19628
19524
15994
23405
18689
19308
19487
19067
16047
22841
16435
150518
33732
11558
15618
23102
19874
19349
15733
22675
16109
19117
18854
22694
19435
16088
19232
23089
15872
19147
20085
19406
21435
16553
22734
16106
23078
30296
19993
7270
247156
98862
14850
16417
18979
19361
8297
16451
19817
16492
18354
23136
16276
21902
19902
19651
18258
16100
20605
21958
16041
22505
18892
16912
19641
21754
17023
19338
22141
18900
16003
22826
16565
34082
19924
18797
20566
20063
22111
16263
22842
16539
41497
16649
18167
16713
20084
19785
22767
15676
22098
17651
21720
19472
14620
20487
19655
22216
15834
19841
18924
27162
14711
15793
23989
18484
30777
20553
20933
19002
23168
15154
22845
19099
16639
22312
16287
18642
23004
19483
16728
19181
21851
19531
19499
16226
19469
19339
19501
18887
19867
18900
19098
23417
15756
22102
19940
18757
15849
20171
32408
20080
20358
20496
20230
19076
26408
18926
15902
16019
22190
19659
19226
19784
19348
7189
10738
18873
20024
15746
22897
18976
16891
19200
22522
16308
21743
16439
22829
15609
19429
21616
20515
16609
22501
18936
31758
23516
19615
19872
18980
16343
34389
20511
22713
16108
22700
16405
19174
22591
16171
7301
14018
19563
19841
22774
18848
16238
19076
22582
16600
26517
15046
16488
18876
19588
20021
21989
15970
22644
17015
19015
21848
16800
22893
15115
22571
19724
16554
22220
19685
16519
21733
19481
16786
18630
19271
19443
19846
21670
19447
18873
17092
19298
18999
22333
19814
16728
21984
19103
31439
19421
20311
22994
19828
15912
30005
12213
16565
21516
19907
15511
19646
22654
16468
18969
22602
19918
14629
23568
18894
19279
16834
19711
19192
22947
18921
15171
22837
19112
16599
22202
16611
19461
19762
22534
18789
19503
16195
19179
19655
19065
19176
19506
19820
22216
19235
16682
22175
16396
21855
19780
15997
19209
23250
183025
70620
19647
22057
16638
22674
8184
13472
16284
19519
19289
22051
19471
16572
22488
19596
19628
18503
19738
18830
19290
19614
18887
16924
22596
16703
18609
22348
7832
246107
123372
16635
19705
22558
16113
19407
22533
16220
22405
16314
22334
15726
31510
10689
19282
17002
19117
22173
19792
15676
23141
16031
19143
18451
20590
18620
22578
19841
15821
22572
16471
22088
19367
16230
19664
22920
18484
16632
19364
22712
15815
27298
11508
19802
21913
16528
22016
16531
26741
15131
16538
17756
20919
21827
16904
19279
22321
43364
8496
20388
21477
16553
22342
16202
19710
21937
19646
30315
18919
19307
19302
19447
19923
18958
19481
19258
30192
14763
16266
23379
19043
15815
22139
19077
15884
20693
18274
19523
19887
19260
18891
19879
22451
19056
19533
16693
21787
19034
16829
22364
15731
19685
18462
20791
19568
21545
19558
20001
18517
17099
21671
16375
26198
15543
16441
18994
19318
15467
19749
18908
20441
19680
18585
22567
19266
19071
19579
16543
19159
19523
19258
19246
19885
22015
16426
19047
22575
19080
16854
18441
23005
15811
20115
21863
19401
16598
19122
20049
18780
19730
18802
33589
19432
19149
19054
18915
20461
22810
18346
19726
17262
19107
19781
24669
16031
18568
19881
32651
11922
13382
19005
19982
21952
19219
17068
21868
29925
18856
19891
20530
19147
20050
20456
20281
19376
33241
18115
18914
19015
20094
22854
15444
22760
20201
19404
17982
16127
19489
22985
16248
22785
16447
22373
18915
18857
19935
16502
19086
19629
19010
22345
19088
20144
19703
18497
20050
19506
18482
19312
16750
21861
24570
11134
23104
15603
19541
19718
21979
19125
19589
8430
10587
18507
19414
22885
20133
18403
16522
19855
22369
24308
10955
19061
19230
20315
19008
22240
16908
21492
17035
18808
18786
22733
17276
180816
44102
20693
16466
32978
19907
18631
19140
19841
20103
20220
21273
18949
28653
10230
21574
17001
19371
22050
19225
16361
19781
20285
21519
15540
19773
22522
16531
7706
239998
121369
10871
19663
18510
23597
16292
19502
19324
22220
25174
13397
19466
15771
22930
16557
19281
21606
16379
23196
18772
16091
19074
22713
20697
18275
16063
19946
19282
21758
19658
19548
16448
19124
22724
18754
19933
18734
19358
19904
16076
19326
22152
16424
19079
22599
19620
16037
22780
30091
18880
19851
19129
18485
19933
20037
18964
19109
19106
19507
19528
20375
20603
23710
18674
20006
15311
19774
19502
18907
19692
19487
22514
16376
19840
21490
19451
16191
20219
21977
16331
21971
19173
16907
25432
13372
18064
23031
16391
19682
18764
22543
16703
11311
10165
23099
15405
22974
18866
17023
19193
18948
23333
15618
21861
16958
19391
19212
22559
19266
16355
23295
15856
19256
21753
20078
19145
15750
22192
19351
31148
20235
20079
23741
15232
22604
16187
22374
16708
27417
14421
18907
15830
22876
16787
18946
19241
19568
19765
21629
19484
15209
23739
16295
20123
21584
18925
19605
24843
14066
16492
22458
18825
17057
19316
21605
19353
17572
21815
19046
19218
19435
19461
16428
22076
16537
19546
19017
22471
16375
22363
16117
22498
20140
18989
16129
21910
16589
19345
18990
19471
23131
18513
16948
19501
21629
19615
32495
23117
18835
19427
20192
18705
19311
19583
17242
18357
19896
19339
22443
19640
28578
8094
17123
20071
19184
19198
22236
20335
15646
19687
21572
30510
18686
19768
20495
20306
20529
19220
19223
22676
17444
21639
19102
15461
23483
15933
22000
17019
22013
16616
19508
18919
22634
16140
22215
16738
19339
22200
19561
18833
19541
16481
19200
22020
16856
20355
21013
30854
19382
20575
24127
18584
16396
22624
16843
154698
21218
19588
16056
22215
19757
19522
19183
16340
21958
19527
16317
22676
20092
18237
19952
18938
18787
16863
28725
13035
18997
19425
19464
16034
19808
18943
22601
8232
237274
98427
20051
16726
21774
19269
19819
16048
19603
21800
16407
22443
16333
22585
16034
22394
19330
19589
15913
19940
28104
13313
17058
21912
19875
18707
19486
16261
22929
15203
20142
22771
15726
22503
16180
7189
14760
19337
18548
23519
15270
23020
15422
24321
15148
28123
10694
18754
23043
20284
14871
23082
16433
21957
17493
18498
22317
16655
21994
19165
16357
19039
22825
16504
22238
19445
16337
19151
19495
22377
19252
19311
19687
18969
16420
22528
19097
16042
19591
19314
19629
33873
19350
19713
20974
19677
22166
15606
23276
16973
28205
13523
15925
18269
23323
20188
18397
16137
22658
16411
21751
16616
19134
19278
19629
22441
16235
23021
18795
19070
16838
19220
21798
16668
19629
19712
23228
18810
19531
19712
19065
19559
19182
19602
16347
19321
29822
8560
9016
13948
7471
10943
22245
16312
22290
19499
24420
22792
7572
19952
19312
22263
19368
19049
19598
19813
18822
19608
18988
16246
19443
20109
18883
22394
15992
19611
19025
22773
19089
16097
19904
19541
21940
16839
21550
16856
19414
21877
16611
22567
15825
22392
20292
18415
16851
22446
18980
19425
16611
22600
16316
33860
19108
19288
19293
21628
19055
18881
20774
21883
8292
10261
19886
18054
20753
21782
16446
20142
21448
19011
20182
15671
22712
16609
22576
19232
18810
16847
19592
18663
19369
22599
15917
22754
16578
21997
19669
15869
23253
18908
16630
21502
16478
22772
15707
19167
23002
19262
18924
16619
22780
18695
16693
22704
19425
18564
31892
20347
23217
20074
18638
16305
22350
19051
19923
26041
12740
18962
16478
22364
18983
16790
19112
22204
16738
191090
71342
17675
18799
16484
22605
15875
22900
19164
19246
15922
23140
19088
19167
16882
19280
19441
26638
12046
28030
28148
21488
16605
19126
21881
17651
30816
9912
8666
222196
123657
20657
20618
20915
21771
16352
22369
19461
19278
16861
21758
19087
16872
22177
20063
15866
18686
22605
19835
19099
16810
18944
19328
22805
18429
19929
20381
18435
18729
16636
19361
19364
34079
19444
19543
19777
20857
19346
19665
21953
16561
7592
14465
21948
15151
20736
21890
19891
16033
22011
16890
22523
19029
16312
22695
16499
18660
19973
22128
18999
17928
21127
19652
19529
18785
16454
18645
19667
19340
19528
22300
16509
19197
19722
19100
19098
19849
22137
16865
21968
16193
19035
22671
19255
20285
15251
23017
31404
21507
18895
23107
18782
18808
19749
19042
17017
22107
19297
16088
18313
23359
15406
19993
22313
19461
15873
22837
15994
18986
24352
18596
16125
18866
20110
21969
320516
17958
18962
20358
22333
16090
19366
20755
21111
15936
22989
18704
19545
19066
19743
19831
18827
19005
16375
23142
14732
23532
16513
22198
16148
19650
30949
10584
19148
16589
19828
22200
18867
16608
18829
22923
22001
13532
18839
23367
15829
22361
19155
16916
19385
7691
16430
16951
19412
19279
19112
19521
18870
22925
19179
19186
19147
16116
19812
21940
19930
16193
19230
19215
22728
16148
19625
22457
18826
19728
16576
19167
22210
19289
16324
33848
19202
18578
20251
20205
23876
19437
19531
15146
18461
20262
22885
15405
20174
18678
19702
19294
19998
18176
23176
16447
22203
16635
18453
22931
24671
13697
16374
22559
19673
16232
21876
16548
22410
8215
14612
14979
22764
16231
19487
22109
17183
19048
19114
21960
19902
19044
19682
19106
19491
19146
16369
23223
18851
18939
19103
16231
19610
22218
19850
16212
25642
12948
19376
198328
71012
10717
16805
22353
15743
23057
18597
19853
19085
16478
18902
19944
21963
16256
22515
19561
15811
22701
19327
19308
15901
19581
20192
34484
20725
21987
20618
7377
189982
123940
21338
22779
30276
19295
19678
19865
21651
18708
19563
19583
19082
19966
21708
16076
19871
22174
16717
19388
19256
18184
23384
16241
22369
18023
20630
16153
22362
16636
22522
19509
18809
19646
19464
16151
19792
21486
19665
16930
32938
18925
18586
20471
20218
20813
19618
22285
16415
28092
10441
19892
18686
23186
18667
19653
19720
19530
19271
16265
19530
19150
22270
16232
22995
15315
23182
18421
19206
16809
20323
21315
13909
22769
16479
21781
16425
22697
19830
18871
15827
19250
19991
19287
19667
18938
22930
15687
22415
16096
22547
16474
19585
19265
22434
16400
21921
19364
16589
19179
19772
19487
21967
16446
22672
15730
20018
19132
22215
19173
19444
19240
16273
7838
14505
18446
19343
20136
22070
19171
16941
18868
19677
28789
12534
16553
22769
15601
20118
19219
22475
16076
22687
18652
20031
15686
22624
16194
19684
19062
22565
15884
22554
19449
19453
18836
16953
21831
16413
19121
23505
15702
22500
16142
19271
19104
20190
21410
16521
34612
19301
19928
35648
18655
19808
19848
23779
15965
27523
11564
19115
18258
20113
19728
19590
19718
19361
18682
22882
18866
16267
19710
22593
19092
19100
15959
20514
27507
11020
18481
22942
15543
20104
20055
21567
19107
16546
19311
19585
22270
19991
15952
21900
19282
15917
23163
16115
18764
23056
15631
22825
20371
18700
18986
16415
22403
16929
19044
18554
23656
15492
20924
18422
22674
18294
20020
32212
19921
19913
18688
19372
19518
30430
8476
22502
15861
19031
22770
16814
21957
16190
19584
22192
16148
22694
16989
21954
16534
21872
19392
20325
21496
16317
19259
16758
22491
149502
31247
8010
19925
19888
22071
15594
22616
19710
19258
19675
15887
22471
29760
19583
19628
18813
20369
19831
19823
21307
22335
7140
14037
20112
16187
21574
17071
7763
228613
95398
17827
8923
21280
10975
19608
19194
19699
18839
16653
22962
19185
15769
19059
19791
22108
19218
16404
22060
26978
9083
22183
16338
19751
19277
21934
19542
16609
19759
21851
16286
19842
21653
16726
19579
21887
16650
19297
19302
18503
23687
15731
22122
19642
19120
16939
19112
22584
19587
15304
19430
19342
19784
19267
18706
24282
14643
22878
16219
22317
15988
22800
19324
16377
8111
14358
18737
18407
23835
16105
21949
16393
19712
19169
22931
16049
17827
20755
21618
20427
19137
15857
18667
20951
21557
16385
19083
19925
22482
15677
19217
22780
15998
19553
19487
22910
18967
19949
15515
22410
16323
22700
19323
16330
19648
22633
19318
18534
16579
19279
32622
19100
19650
20146
19047
19569
19703
20178
19719
24413
14699
22973
15381
23358
19302
20068
15286
22532
16211
19424
19921
19276
19441
18567
18892
22943
20379
18603
26861
8313
19240
19800
19446
19648
22376
18804
17205
18389
20106
18651
22552
19246
19822
15990
19490
22309
17094
18501
19286
19803
19124
22117
16614
19321
21931
20322
16052
19323
21993
16791
19688
21981
15885
22259
21047
15065
19854
19273
18906
22420
19638
18727
19522
28525
9810
19942
16228
19398
19057
22802
15835
19630
22515
19589
18760
15750
19927
19951
21958
19072
19486
19523
27845
11645
18256
16712
18925
19282
22824
16511
18396
22874
16660
18586
20133
18858
19142
22779
19622
15944
22720
16344
19565
21816
19186
20493
15628
19667
19306
18965
22402
16345
19383
22271
16551
19282
22117
19281
19601
19120
19651
16245
18868
23148
19846
18659
15820
7475
17938
19593
15784
23075
16374
22572
18487
174007
42056
10861
19002
15671
19827
19682
19561
18268
20112
31930
10119
16466
19297
19693
19383
19162
19207
22059
16332
23031
15338
19998
21871
16851
22041
19512
19540
7853
202200
121565
25461
9610
18379
16324
23483
18241
19907
18846
23845
11712
22337
17061
20079
16149
21977
30594
19456
19863
18700
20312
19109
19519
20759
20016
19550
21631
16209
19999
19328
21938
20553
19017
18630
16039
29989
12328
16577
22137
15894
22784
16421
21977
19835
16346
21893
19131
16952
19022
22313
19943
19102
16216
22600
16404
19037
18720
22695
19574
16328
19479
18981
20045
21845
16203
22536
16779
22357
15369
22661
16425
23004
19202
18961
14780
24352
19593
18990
15846
22814
9784
11685
16831
17944
20430
22542
19562
19146
15506
23407
25707
9751
19516
22562
16227
19278
18539
23403
15735
20374
21550
19274
16335
19265
22093
16094
19733
19692
18548
23336
15363
19983
22322
19531
19003
16280
19394
22316
16155
22471
19112
16620
18890
19968
22174
16328
34146
19290
10240
32779
12260
13034
19553
19268
19266
29981
12018
16708
17979
23158
16830
18316
20451
18924
20087
18619
22180
16817
21806
15953
19271
20276
19168
22343
20528
14419
23131
19507
19844
16084
19107
23107
14675
23376
15770
22733
19328
19273
16466
19738
22011
16146
19210
19674
22184
19994
19104
15493
22435
16837
19689
22600
15773
18886
19876
22685
15948
22542
16400
22184
30352
18805
18687
54548
19953
20496
23866
15411
22603
31166
19482
20627
18536
20978
19123
18960
20145
21477
25265
13948
16307
19096
19582
19284
18599
20412
19161
22143
31362
19168
18886
19061
18638
20468
18543
19910
19564
22901
21588
15617
20155
21711
19529
16469
19439
19359
22877
15894
19630
19119
22013
16247
19572
22031
16570
19591
19268
21989
19600
16601
18519
20253
22842
18717
19277
142816
32594
14252
18945
19683
19646
22235
18859
20531
15829
22209
16175
22348
19482
19411
16004
19501
22704
16329
22379
19167
16317
23023
18523
19664
16358
22911
14934
7790
228167
98230
13707
22496
16212
22539
19101
19607
16454
21907
19291
16434
22034
19433
16538
19528
21862
16597
22304
18951
16106
20092
19911
22479
15784
19481
21826
16793
21738
16230
22538
19843
19299
18970
16719
19180
18874
22997
19672
15789
23166
18867
28812
20261
20351
18703
20816
19119
19325
20270
19925
22697
20158
18538
15346
20890
21912
19187
16599
22302
19075
23505
15122
16909
19007
22374
19653
19118
16008
22208
17220
18867
19882
18805
22136
15748
19360
23271
16410
22102
19409
19674
18668
16805
19005
22271
16542
22240
17153
21574
16600
19082
19364
22319
16794
22177
19083
15985
22678
16624
19189
22233
17077
19300
19082
19601
33980
20068
23539
16290
18890
20070
22431
19091
16371
18676
20646
20482
23206
19131
16840
18952
19175
22649
16612
19302
22202
19015
20124
16247
19108
22264
19600
31362
21138
22155
19930
18822
19948
19319
16128
19428
28923
9119
19937
19247
22364
19240
19447
16771
18846
19329
22385
16219
18516
22910
16987
22164
15487
19689
19530
22685
16574
22192
15831
20063
21857
19697
16134
19601
22229
19710
16216
21897
16692
18548
19708
19826
18821
22667
19028
19315
20770
15194
22398
19240
19249
19569
19283
19451
19481
19789
16293
21771
16317
19463
19328
32914
20394
19780
23734
16836
22413
16739
19030
22617
22794
12685
19503
18058
20348
19057
22444
19862
18810
17061
21743
16531
18955
20102
18627
19537
22600
17859
20335
28098
10714
16509
23086
18458
17020
18331
22844
19440
19279
19569
19302
19585
18657
19576
15684
21111
15545
20387
18760
19188
22473
19297
19375
19486
19471
15963
19969
21766
16243
172205
68743
19414
19287
19598
22151
20204
18375
19516
19563
16577
22007
19748
19148
16314
18403
23207
19302
19632
16338
18814
23115
18705
19549
19710
18825
19488
16054
7144
237950
122522
16653
15671
20192
18364
19384
23380
16041
19159
21947
16420
19683
11114
13457
16663
22313
16347
22157
19647
16666
21936
19228
19538
19459
18933
16577
22500
16534
19485
21837
19603
15691
18959
23018
19234
19225
19343
16666
21085
32274
19924
20791
33521
19187
20377
20113
23782
19305
22600
12678
19638
18786
20394
22507
18522
19689
16132
8548
26891
20194
19303
18859
18738
19898
19945
19938
20303
33770
19985
19299
18527
20544
19630
18658
20846
24035
22523
26449
19707
20425
19204
20430
23204
16571
22567
19591
15194
19601
22661
16655
18618
23386
18943
16069
19907
22118
15791
19917
18805
19643
22767
16189
19814
20714
17526
19712
18504
19239
23006
19036
19759
15146
23846
15600
19942
17844
15845
22194
20033
19303
18967
17392
18163
19839
21813
16598
19679
19553
19495
21761
19409
20346
18253
19512
16148
19510
18964
19060
23412
17049
21230
16822
19091
19388
22907
15305
22573
16795
22118
16266
19561
18594
22820
19499
16829
22183
16163
31836
21030
19810
19923
23598
16733
19358
19253
22815
15727
22422
19287
15566
20638
18277
19744
19549
22109
19486
20099
19067
18985
19683
19281
16481
21899
19694
15830
19862
19216
19816
19021
19482
22170
20153
18498
19380
20579
14589
23019
15794
18954
20051
22470
16211
19180
19830
22431
18804
19381
16996
22220
15906
19639
22854
31149
23297
17054
24190
15090
18698
19707
18802
22581
27599
8144
19142
19279
22697
18727
16818
19240
22381
16112
21711
20780
15966
19622
21389
20123
19186
16140
19476
22834
16196
7295
14346
18923
19460
19387
19791
18928
19250
22612
16441
22171
16128
185410
46723
14329
19128
30615
18828
9777
15441
22782
19147
16350
22174
19082
16599
19171
19958
19027
22056
19268
19593
19181
19321
17384
21630
15446
19855
19339
22785
7951
189792
124146
21330
22977
15385
20571
19200
18998
22415
19546
16496
20184
21595
18903
19389
15918
19588
19589
18881
19856
19879
22011
19466
18911
16018
19915
18616
19754
20072
21578
16427
19798
19329
22794
18829
16825
22158
16307
22191
16000
20106
21855
16446
22364
16434
22555
15922
34138
20370
23594
19940
15523
22256
16452
22780
18742
42546
10209
19567
18868
23176
19071
19087
19342
20233
7528
10372
19707
18477
20047
19504
22357
16194
19742
22142
18543
17242
19281
19637
19189
22757
15140
23013
19219
16958
19177
22069
15975
22779
16328
18627
23016
16416
19606
21712
19680
20171
18800
18701
19825
16097
19510
19321
19200
23573
18456
19735
18856
16260
23449
18866
18917
15720
22828
31715
23614
19476
16533
19206
19219
29584
9008
22182
15892
20123
18697
19625
20735
21341
16887
31511
20102
18701
20319
18434
20056
15048
9810
18784
23174
19088
16001
19160
19489
21255
17862
22500
19672
19101
16028
22615
19312
16612
19322
19488
21717
20087
16560
18867
22356
16000
19751
22591
19004
16334
19217
22395
16452
19461
22013
16508
18766
22592
19622
16410
23203
15886
21725
19248
16028
22751
16936
18987
22595
30823
19580
22171
15784
20011
19244
19219
22136
19304
20411
29589
19930
19660
18617
20449
21148
19502
19119
22246
23546
12716
18320
19563
19603
23164
15650
22139
16572
19223
19851
19035
21952
19781
16085
22747
19143
19247
16225
19723
19043
22358
19337
15933
19912
18779
20011
22672
18702
19468
19235
19224
19517
16689
21733
19511
20731
15302
22418
20717
17815
19139
19892
16240
19067
29158
9814
8428
21547
14647
15989
19286
18902
170179
32867
19951
19697
21923
23436
16396
22401
19092
19705
22122
12800
19930
18664
20264
19025
19469
22807
15117
20847
18771
19027
18229
24200
15659
21995
17369
21650
8391
233171
121870
17331
19672
18666
19225
17159
22135
15847
22682
16231
22638
19096
19699
18802
17172
19152
22538
15252
19641
18784
19871
22360
19913
16420
18916
31976
20231
19192
20123
19079
20639
20104
20573
19282
19259
23050
16004
19651
18798
23547
18027
19622
19637
18977
18911
20010
16303
18887
22405
19675
16429
21787
17312
22034
15654
19384
19671
19389
19004
19109
19533
20308
22555
18470
16245
19076
19958
22197
16372
21952
16728
22595
19463
18738
20106
15628
22753
15998
19124
22742
31243
20711
23313
18555
16994
19249
22376
19502
19310
25712
9979
23087
18035
17166
21591
19741
19657
16442
22110
19180
15867
18938
20382
22519
16540
19188
22078
18955
23799
15389
27335
8174
22411
19471
15927
19438
19835
19424
19203
22923
18216
19589
19076
19030
22641
19387
19269
20249
15413
22456
19446
19083
19164
16570
18696
24117
15139
19022
22784
15646
19370
22695
19630
19783
25533
10079
18942
22574
18841
19711
19482
19087
16831
22394
18869
16117
22859
19102
15947
19776
19230
22378
20364
18202
20123
18897
16569
22234
16428
22640
18707
19691
19167
19265
19220
16268
20140
18901
19851
18874
28564
10228
22250
14876
20607
19208
20035
21876
16407
7210
22002
14986
15445
23303
19654
18920
16819
21794
16662
28383
10589
18361
20170
19838
18825
19008
22497
19431
17004
18409
22921
15663
19611
19002
22900
16330
19489
19422
19450
22234
30711
18737
9536
17949
19693
16475
22857
18786
19624
15821
22552
17220
18133
19107
23187
29712
19878
20422
22236
18215
19183
22264
19279
16450
26553
12701
19125
18859
23215
18948
19058
19824
16174
19851
188235
70110
21644
15572
23246
15149
23645
18737
16590
22229
16225
22902
18723
16558
19266
22238
19970
29768
19641
19877
19304
18641
19261
20811
23722
19958
42513
12858
7830
242237
98498
11466
20180
21980
19688
18887
16262
22301
18905
16823
22753
19131
19790
16122
19194
21800
19895
15825
19433
22620
16176
22473
16749
22152
16571
19107
22454
15984
20117
18576
19531
19119
30457
8276
34759
20286
19727
20265
22002
19046
19414
8522
13258
10107
7656
23485
19554
16207
19943
19241
21422
27435
12377
29334
19751
18357
19723
9497
15418
19506
22752
16249
22448
18872
16591
22362
19261
16539
19005
19289
22702
19374
18953
16843
22200
19307
17098
21672
16456
19523
22113
19322
19389
17758
18345
22181
16098
21883
16824
19010
20022
22005
19545
15996
22498
19646
7575
14196
19089
23732
9980
19527
19118
21961
17221
17924
33561
19323
19697
20492
18829
18568
19604
20334
18868
8416
19256
19143
15763
19390
19472
22156
19689
19323
19791
15730
19920
15648
23457
16528
18681
19825
19228
19490
19028
19400
22594
19384
16133
22614
19089
19923
22943
12361
19559
35188
18984
20854
22042
19650
16071
22544
19077
16025
18403
20463
23164
18659
19509
15702
19660
19364
22353
16451
22372
19605
16171
22291
19048
19724
23755
11292
19687
22634
15907
20123
22223
18868
16661
19723
22068
16628
19213
18360
19943
19675
19001
22410
16336
22463
16776
22201
16476
22112
19338
31165
19105
18918
19641
18547
18482
20220
18603
20082
20115
19358
22210
22153
18870
31570
18925
20407
20514
19123
22461
25590
13333
16574
18170
22957
19510
15785
23005
15619
19824
19714
19213
18880
20141
22162
19099
16990
19022
22298
26415
9076
19053
22534
19823
15556
20050
19057
20035
18957
22073
16505
22812
16482
21976
18866
19472
19555
17016
21555
16348
167778
31189
10761
19610
21580
19631
8062
14744
18887
18675
16651
18910
19305
23180
16130
19147
19212
19254
22584
19452
19509
19323
19144
19721
16135
22315
27462
11787
8282
230717
122034
18925
16670
18617
23005
15682
23200
18667
16831
22169
16630
22153
24404
10969
19629
19641
21959
16996
18699
22554
16606
19191
22156
19021
16840
19286
22423
16669
22043
19705
19138
19246
19550
15521
20200
19094
22355
19684
15297
23791
18138
16359
23346
18888
19139
19648
15625
19689
27916
11710
7307
13915
22012
16420
19268
19320
22938
16970
21545
15857
19195
20373
22252
15692
22815
15589
20573
26832
14394
18983
16873
21538
19892
16069
22064
20354
16008
19284
19174
23348
18836
16122
22492
15792
19164
23066
19145
16566
19076
22010
19355
17015
22317
16208
22636
16290
19261
21983
16492
22260
16988
21759
19770
29887
20072
20525
37035
22876
15666
22928
18937
16771
21983
16309
19107
8829
22455
16616
22038
19639
16654
19603
18755
19763
18944
19001
19499
19391
22390
20188
18446
19269
15958
22864
19093
19823
16508
21532
16814
22637
19943
19159
19364
18381
16628
22571
15996
22431
43448
12211
16479
19062
22859
16015
22564
19020
19785
43302
8901
19682
19422
19384
22163
19134
15607
20164
19172
23174
18703
15691
19751
19690
22251
19044
19265
16675
30114
11959
16287
18595
22157
19774
16361
19366
19913
22334
16046
19069
19793
22110
16396
22856
15002
20176
22723
15333
20298
22448
18774
19688
16453
22195
19866
19261
18886
16353
22316
16673
21937
19498
16963
18957
19807
21538
16434
19750
22914
15605
22574
18687
17251
22571
18134
16501
18924
22943
16266
22770
19246
16511
19667
18313
20062
18644
22574
19357
16794
22155
19162
16770
19066
18991
19997
19570
22102
19417
15632
20040
21854
19989
19001
16412
22313
19514
180179
44364
15697
19466
19644
18605
19086
23278
19371
15583
20058
19370
18646
22940
16377
19041
19511
18447
22276
19851
16853
21576
16586
19770
22698
18777
19490
19083
8138
206216
121613
11687
18930
15295
19988
22181
19676
19505
16223
19649
27666
10245
19473
19546
22859
16413
22324
15747
19462
20008
21589
16669
19446
22276
16614
18800
22322
20314
15937
19299
22110
16459
22394
17092
21356
16584
19609
19007
22336
16629
19066
22495
19359
16179
22362
19112
30733
20007
19251
20356
19743
23883
16015
19093
19557
29067
9748
30964
20468
10025
15819
19322
22164
19382
16451
22761
18800
16799
18861
19541
20919
14681
19118
20154
22889
18334
19811
16467
22343
19333
19659
15958
22369
17151
18755
21808
19892
16207
19910
17913
23332
19147
16652
21740
19918
18853
19595
19283
19727
19160
16476
22266
18661
15967
20012
22524
19119
16982
22220
19468
16653
18639
22600
18458
20476
18925
19644
19309
18728
26713
11728
16984
22053
19622
15876
23334
18875
15678
22814
18786
16918
22588
15611
20807
21328
16799
18896
19826
28481
13419
19036
19575
18801
16545
19123
19907
22080
19440
15637
22933
16894
22143
19220
16018
19383
22469
16507
19465
18703
19989
22051
19261
19570
16187
22598
16958
21618
19721
18954
19423
16748
18632
22644
19266
18700
17198
21968
15865
20147
18775
19319
22703
15493
21405
20996
16587
18989
22295
16220
22186
16211
20361
19437
22038
16228
19255
22702
16997
18258
22497
16774
21790
17446
18017
20048
18742
22902
15917
22372
19876
19129
19021
16770
22261
16377
21870
19967
19125
16577
21717
16700
21966
17066
22414
15642
19059
23448
15448
22946
30138
18853
9739
31449
20615
19008
19018
22405
20007
23461
14913
19599
15813
19769
19507
22159
19372
19088
17784
18678
21659
15158
20515
22454
19815
15924
171938
32455
20526
20923
18399
20185
19076
19731
18666
20367
30365
8049
22618
15157
19641
22691
15981
20136
22413
16046
22383
19106
17041
18576
21398
17721
19405
22795
8541
245989
121763
17857
22128
16599
21858
16766
18697
19738
19641
18945
22249
19775
19330
15907
19901
18889
22400
19723
16588
18764
19524
22514
19281
15856
22554
42193
10597
22459
16034
19114
22613
16552
19934
21963
16434
22726
18893
15169
20358
18743
22819
19180
16762
19321
28758
9579
22632
16333
19783
19087
22141
19543
16602
22056
19725
15210
23191
19067
19712
19118
19902
15670
22686
16059
23194
19110
15966
19056
19817
19501
7661
27496
18418
10106
19945
15027
20095
21337
19936
16110
29471
9018
22712
16064
19803
18702
22923
16448
22623
15841
19287
18515
23317
20107
15387
20939
18043
18936
20381
27787
10406
19096
18865
20372
18321
23009
19436
16081
20046
21991
15829
19551
19732
22234
16335
13973
31717
21164
19014
18505
22871
20000
15923
22658
15932
28577
10528
21697
16229
20430
22013
19529
19470
16015
19569
22029
19290
15677
22876
16555
22241
19700
16290
22260
30669
18664
18878
19738
19289
18700
20470
18384
19698
19190
19696
19850
18459
20123
19641
20235
20062
20062
23446
18333
16649
22158
19063
20346
18858
19909
18687
16474
19467
21613
20024
16311
19040
22665
19298
16336
22361
19312
16456
18665
22933
19860
19291
18957
20067
30907
19018
19855
20539
22489
19238
16470
22832
19063
16456
22351
16228
18807
19951
22215
19278
15848
23181
18969
26266
9348
19502
19425
21956
19677
19509
19141
19210
16877
22228
16164
19667
22123
19087
20009
18825
19041
19903
16195
18456
24165
18373
19789
16294
19340
19206
23118
15174
22539
19498
16490
21845
16413
22846
18996
23438
12750
18917
18363
23105
16827
18877
20122
18577
7089
179435
45143
18258
18677
19610
19190
19771
19060
19328
15765
22799
30813
19449
20490
23215
19423
16077
27153
11238
20141
18540
19522
23226
18515
16418
22583
19226
20131
7586
237538
121066
13808
19715
15613
23133
19375
16018
19240
19500
19089
22278
16635
22194
14154
19801
19057
19358
22303
19394
16000
19024
23758
19153
15951
22088
16225
34153
19263
20141
21125
18791
23114
25261
9706
22524
16434
21983
16339
22766
16851
19499
19318
19071
21935
15503
19965
19611
19344
22933
15547
20135
22068
16172
19637
21855
16211
19940
18665
20145
21943
16616
21755
20328
15766
22741
16530
22093
19169
15603
23660
18747
19256
20342
14857
20296
21899
16495
19061
20243
21816
19138
19486
19053
19276
16405
22520
19453
19584
19467
16102
19291
19824
21688
19835
18970
19276
31017
18902
18656
19575
20311
19401
20584
20184
19651
21961
30718
18493
18682
10552
18796
16357
19010
19536
22597
19548
19652
23958
19774
16031
19807
21939
18985
17176
21921
15822
23203
18866
16636
22051
15988
22887
22822
16205
19532
14662
23828
18943
19526
19646
18803
7330
12379
19361
17938
19766
19479
22765
19289
19113
19650
19701
15791
18179
24312
18412
20174
14888
23228
19145
19864
16195
19149
19642
19476
18528
22551
17031
19192
22802
15952
22200
20002
15734
22352
15830
19513
19251
23087
18955
19512
19188
19282
16627
22357
16392
19065
19951
21695
16420
34992
23883
19317
19845
18344
16517
23383
15966
21780
16808
19720
18473
22579
16589
18917
19525
22122
17013
18327
19468
19225
22966
19557
16600
18403
22370
17323
22106
15590
22564
17048
21978
16405
21901
19930
19299
19380
15985
19635
21982
16660
22156
19307
17031
22100
18731
19781
18853
16479
19482
22741
16145
19231
22511
19577
15197
20254
22244
16416
19165
19241
23175
15373
22233
174782
71083
12120
19257
22899
16016
19265
21999
16177
18926
20410
22177
19049
16226
19298
23064
18978
19139
19479
19309
16415
19628
22627
19030
19338
18767
16747
20947
8460
208604
119830
8412
22610
16203
22364
19250
16474
19748
18362
19928
22237
20207
19000
15194
20478
21969
15918
22614
16821
21574
16718
22282
16550
22663
18864
19908
15209
23063
15589
20018
22838
19439
19280
30528
18825
18997
19532
18547
19134
23581
19507
22731
18840
19501
15764
19016
19383
22943
17838
17818
19350
18676
23663
14866
23307
16250
19125
19341
19457
22884
15595
19374
19720
19610
21630
16416
22131
17271
18959
19587
19759
18542
23004
18866
19126
20184
18441
16827
21917
16537
19198
22422
18997
19432
16663
22569
19264
16679
18809
19378
18687
20410
22157
16546
22805
15966
22260
16113
19565
22933
15994
18706
22740
31194
18744
20655
20143
23160
18957
19394
18868
20209
16113
22622
18824
16067
19233
19980
22335
18748
19714
19318
19215
16893
19241
22150
15774
19853
19362
19238
18992
20336
21923
19472
16100
22112
16166
23200
16252
18661
19500
22728
18876
19917
16194
19010
19992
19450
18204
19526
19743
19353
22958
15946
22337
16334
22256
15845
23005
18843
19795
16165
19545
19037
19736
19683
22041
10179
9984
21308
15455
22338
19704
16459
19019
22805
19309
25108
13620
16097
22401
16825
22154
19044
19402
16296
20345
19246
21358
19246
17018
18707
22800
19360
16242
19752
19504
22050
19358
16066
19892
18856
22645
15592
23017
19042
19762
15948
22801
19162
16023
22069
16700
33975
20461
20846
32616
19914
19104
18652
20350
20647
28156
14876
16569
19826
21561
19871
19026
19440
16138
7881
17019
16637
18522
19891
19517
22718
16525
19123
22178
23835
9000
18907
20195
21873
19967
19409
19357
16399
19502
22179
16015
22241
19323
157441
41776
7806
19159
26009
16487
15565
19690
22222
19210
19296
19096
16338
8249
17031
19051
16691
19495
21954
19499
19393
16132
19725
19241
19110
19827
18845
22492
8465
225769
123294
23457
18837
15279
20805
18892
19642
22466
16630
18900
21873
19691
15727
22874
19240
16632
19595
18674
19425
28890
13787
15538
20045
19087
19302
22149
19211
16451
19030
18784
19919
19501
19671
22377
15966
22412
19806
16379
18990
18604
23063
16063
19394
20220
22082
15380
19756
19989
22089
25582
12956
15405
23160
19524
19306
19261
16394
20956
18754
17056
22151
19108
16388
19518
8115
17009
15556
18864
23689
15948
19558
22358
18938
16583
22432
17566
20786
19406
19606
16800
21982
19836
15770
23527
15265
22219
19470
19272
16707
19235
21871
19288
16953
19271
22173
19158
19446
16291
19000
20042
22158
16251
21759
19738
19684
16389
18938
19855
19085
19400
28968
12809
19243
15313
20971
22625
18646
19163
16413
31773
9928
19431
15091
20831
21960
19008
16597
22135
19365
31812
24161
15596
23890
18487
19770
18979
20048
18745
24645
11123
22404
18684
20605
15764
22445
16376
22374
20165
19081
18675
19011
19643
18989
19985
33104
19391
19594
21964
19123
30479
19874
21038
23579
15613
23146
19438
19120
18642
17692
21735
18760
16709
22045
30400
21230
23064
16688
22253
18803
20555
19297
30317
20847
34588
20112
19614
38483
21623
18666
16653
19306
22350
28284
11125
19566
18559
19792
18736
20095
19706
18696
15652
34274
20038
20774
23245
18692
19244
20314
15765
22102
33025
22690
15943
33576
20943
23076
20065
19835
17766
29479
10731
19608
19261
15989
22414
19220
19610
19487
18621
16693
22157
20079
19122
18459
20083
19197
18337
19973
19646
18697
19837
19125
19241
19787
19526
19244
30698
20727
23511
16508
22091
19081
19708
222515
109364
15171
17336
18422
19492
19142
19221
20687
15136
22881
8161
10475
22352
15676
23418
19287
19298
15444
23581
19271
19118
18738
19221
20200
19694
18600
19403
19222
65292
192523
79338
10021
19879
18999
18487
19262
20112
25025
13875
15972
18793
22087
30610
19511
20753
19066
7339
20090
19092
19051
20143
15851
22235
19478
19421
16029
22282
16503
22374
18937
19451
19320
16055
22725
19440
19103
20055
19076
19192
19631
19287
19090
19650
19581
16016
22402
30930
19960
20317
22671
24516
11839
34040
21308
21810
16620
22026
17183
18875
22646
18800
18476
17580
22511
19057
19568
18827
16066
22979
22774
16041
25288
13763
16047
18418
23127
19163
19905
16225
22859
15926
19469
22210
18589
16984
22433
19571
15896
22594
16006
19563
22276
19030
16240
22882
16119
22387
16217
19917
18858
23093
18861
19016
19517
16831
28344
13748
31933
20006
19056
23345
18636
16528
19044
23235
22070
25851
13278
19658
15353
22804
16275
23297
18405
16525
8317
16419
16414
19179
22082
16927
19490
18880
32088
10351
30184
19198
19300
19106
18718
20497
19316
20689
23661
16833
21637
19524
18748
20270
15744
19914
19075
19476
22622
15871
23071
19145
18759
19424
15802
20082
19556
22134
15911
23319
18558
16589
19013
22473
20170
18688
19700
18487
19673
30061
18839
20725
20992
31683
11567
30702
21129
19721
15851
22966
16553
18926
21579
32179
28087
12941
21899
15521
20205
19433
18983
22903
19359
16144
22693
15786
19225
19556
22421
15762
23396
16435
21939
19037
19671
16194
22925
18523
16415
22713
16377
21738
19810
19564
19431
15866
22605
16856
21835
16833
18654
19769
19292
22580
15646
19646
19287
22345
19541
19215
19742
19027
31123
21470
22755
19887
15606
19299
22043
17458
19266
22349
14717
23315
16805
19022
21569
19628
31460
163225
45015
20715
19328
22158
16441
19117
22113
16952
19202
22711
19667
17904
19917
19020
19739
19671
23413
14792
16142
19329
23328
19312
15536
22588
19042
8744
14188
7236
234071
122771
15520
16631
19724
18476
22853
19470
19448
15760
22393
19510
16297
19248
19482
19518
19668
21529
19986
15604
22804
19888
18970
16548
22245
16791
18736
32764
19321
19289
12194
13544
18778
28824
9899
19545
19440
22141
16606
19271
19008
19964
22184
19220
19292
16036
22814
19314
15751
20025
22017
16223
28103
10507
19264
20302
22079
19020
19388
20033
18412
17471
21514
19804
15351
23562
15907
22259
19460
19413
16836
18384
22589
19610
19300
16649
22104
15592
23456
16368
21682
19599
19444
19728
19110
16170
19533
22173
19307
15627
19107
19348
20001
18476
19925
22263
16491
8596
12964
19312
19704
19287
19083
22233
16992
18884
22394
16933
22031
15925
22139
19749
19281
16547
19158
19116
19365
19959
22226
19500
18415
19974
15954
18998
20036
19501
21989
19434
16226
22343
16481
22375
19006
19451
20099
18375
20077
16055
19015
22836
15787
19084
19875
35123
21141
18732
35851
19662
22258
16107
23084
15936
28148
11153
19300
18971
22400
19868
15501
22538
16251
19830
22395
19136
15784
19604
19734
22348
16528
21620
17014
22581
15447
22394
17121
19203
8554
12775
19471
22294
19569
15849
23064
15877
22596
16801
21772
19691
18878
16491
19818
19404
21688
19644
16224
20538
17763
19410
22733
16544
22284
16748
18687
22972
18699
16816
22190
16480
22063
16301
18272
20305
19775
21772
19760
16795
8259
16379
19521
15398
19331
20064
18508
23387
18566
19813
19815
16377
17975
20265
19454
22177
16290
19438
22402
17181
21317
16609
19277
19327
18881
23346
18692
16389
22774
18900
15818
19800
22316
16297
19220
22976
16361
22964
15618
19888
175534
46734
20861
19302
22792
22597
15446
16030
22651
19450
16094
19282
22754
19515
15767
20610
17474
22834
16620
22467
19151
16310
19686
22336
19692
19101
16320
19292
7389
248071
100788
10629
19373
22942
12408
19400
20027
21320
16849
22597
19243
16666
7794
13540
22338
19782
15372
23531
18758
19205
16713
22651
18926
19885
19076
16036
18906
20319
18923
18823
22766
15895
22892
19765
16164
22370
19369
18640
16695
23326
15335
19810
24235
14138
22361
16123
19993
18240
28801
10576
22441
15381
20630
18957
19492
19415
19325
22049
16969
22008
15405
20526
21861
16476
19807
18727
22630
18829
16645
22338
20087
16015
22186
15664
22515
20017
19124
16706
19021
18471
23139
16231
19581
22745
18389
16710
22689
15805
22622
19223
17080
18052
19811
22273
17100
21784
16328
23037
15746
22793
19381
15834
19476
27378
14639
17399
17543
20167
19311
19349
22121
19509
16601
22408
18523
314934
10974
15393
19907
22654
18966
19451
19732
15963
22055
16711
20727
18514
19230
15601
23243
15982
22434
19617
19264
16714
22358
19458
18889
22612
15955
16288
19087
22994
16077
22274
19302
16641
32927
19581
20754
20455
20081
21981
16651
21737
16769
23025
18466
19736
15796
22753
19354
19379
19903
15948
19740
20738
17015
19324
22480
19365
16234
23219
16005
22315
16275
22141
16435
22003
16771
22129
19950
16692
18611
20102
21830
16129
18995
20028
19446
21964
19641
20005
18900
19092
16111
19341
19882
18720
18907
19714
19527
23242
15124
19723
22104
16336
19151
22778
19106
19827
8084
13969
19285
16122
22056
17061
18797
22759
15830
20203
22851
18794
15703
22756
18917
16480
22096
19766
16396
20327
20931
16831
22445
15825
19520
22236
16800
22179
19711
15935
21871
19871
16152
19851
22395
19137
16270
19401
18691
22899
19420
15981
181603
67734
14322
16456
20221
18089
19607
22667
15825
19731
19350
22076
19723
18876
16615
19086
22434
16433
22023
16286
19771
19459
22758
15526
22974
19528
16195
22020
16265
178037
125777
29553
13959
18503
22982
18980
16766
19044
19082
22727
17449
17638
23006
16411
22109
15850
22605
16406
22666
19781
18903
19358
19542
16368
18738
19861
22478
19307
16728
19612
17647
20473
22158
15603
23056
16385
22441
20342
15023
22980
30767
19117
22399
18622
18763
23062
19523
15987
22374
16296
19562
19546
21929
19328
19511
18473
16887
19411
19129
19636
22732
16206
22399
18579
17233
28437
12923
16934
21893
19470
15665
19649
22720
15846
19465
19430
23071
19049
19506
16068
22874
16159
21858
19310
19646
16794
18774
22200
20089
18640
19572
17302
21531
18908
19098
19640
19687
16076
19114
22933
15805
22272
19882
16613
34866
23205
19369
19503
15635
19677
29564
12784
15775
18465
23579
19168
19294
16367
22287
17547
21327
19624
15242
20538
21616
19388
18856
16878
22023
26562
9703
18737
19841
18990
22791
16521
21980
19562
20086
15943
19810
18735
18824
22364
19571
19070
20266
15429
19524
19699
19394
18859
22901
15451
20364
19158
19647
21750
19196
19612
17013
21516
19289
19164
15928
34568
18962
20147
22734
21178
19050
18918
16276
20247
28357
12855
16540
18937
22654
19522
16634
22663
15523
19707
19448
18743
19482
19783
18589
22854
19290
19900
19061
25697
12909
19143
19282
19649
16698
21663
16774
22390
19368
16218
21989
20050
16072
19169
22220
16815
19049
19536
21979
19251
16309
22999
16526
19324
21710
18927
17418
18887
22307
16194
19639
19261
19409
22632
15863
23263
18492
16770
17947
23179
16537
22175
17097
19147
44276
10917
19929
17999
20528
22023
16584
18505
20104
22671
19703
18457
16431
19621
22082
16346
22805
171986
44572
20076
20064
19748
19121
19177
19492
19230
20302
33327
20158
19489
19774
19271
20349
19107
20120
20103
20243
33579
18818
19398
18646
19557
19304
13900
12087
8097
243095
97940
14390
19482
21910
16473
22317
16094
23046
20260
18577
29248
19887
18684
10050
15572
19046
29723
9059
22279
15802
23291
16192
22573
16284
21899
16829
25896
15814
18904
16800
22184
19430
15630
23283
19630
22397
15527
17190
22021
19271
19245
16357
19429
19745
19090
19372
22204
15773
19845
19297
21941
19421
16821
22313
16057
19317
22433
20290
15124
19905
22013
16467
20370
18465
19107
19798
18782
22783
18942
14683
19050
22855
15577
19575
33859
19052
19619
18933
20789
23517
31548
18746
19441
20179
10898
12711
22312
15871
19323
19231
35646
23583
15980
20790
21130
19423
19181
19490
19261
28580
10158
16486
22484
16034
22552
16354
22045
16011
23403
18674
19761
19425
18524
16847
22482
15488
19523
16253
22579
16210
22223
17903
17441
20128
21789
19918
16423
19082
19376
21886
19981
16494
21780
19035
16608
33689
19258
20297
19494
19074
18707
19054
18748
19450
20527
20480
20108
19188
22652
16442
22476
16707
22197
19200
16307
22227
16441
22554
19063
16465
19577
19287
22771
19054
16121
22162
16564
21830
19905
19500
16802
32617
20425
20302
33738
19700
18486
19323
20112
19272
23565
21418
19865
15435
19102
19867
19422
19605
22101
8092
13837
15774
23065
19702
16160
22181
19944
18921
19085
25412
10851
21835
19027
17066
21468
19933
19235
16455
19207
19527
22088
19809
16036
21999
20296
15389
22483
20654
15588
22673
18979
19709
15964
19230
18886
22412
16655
22135
16409
23061
18719
19271
16426
22290
16700
19179
22515
18954
21334
14157
19880
18899
22855
15788
25989
12898
19276
19103
22724
16696
19468
21712
16492
22736
182056
45405
16188
15985
21942
19632
16743
22398
16702
19106
29106
8707
19907
18538
23257
16476
21763
31845
20918
19654
18700
22481
16528
22289
19326
16209
22328
19279
7222
236946
123974
12914
16400
19463
18857
19588
19017
20000
18790
22330
19469
19562
19149
16831
19493
18271
22969
19276
19767
15664
19745
18860
19907
27956
9995
19826
19643
19533
19241
22160
19297
16047
7121
15613
22120
15390
20048
22376
16188
22256
16696
21775
26087
13205
16423
22043
16246
23199
18543
16168
22999
17270
21137
26107
9572
22192
19056
19729
16436
18538
20454
18473
23422
15552
20010
21855
16569
18861
19870
22876
15825
18705
19606
22552
19714
18605
17120
22118
19672
18686
19925
31443
20726
19293
22503
15765
19542
34307
20282
25509
13509
23546
15786
22605
16155
19509
19159
22510
16355
19049
19224
20051
19563
18998
19316
19509
33523
20493
19473
20510
19890
19043
22420
19076
19998
20711
19715
19788
19424
21857
16589
22455
16026
22996
18531
16466
22949
19469
18677
20163
18299
19862
26365
12342
19586
15061
20114
19822
21914
19748
19244
15666
23865
15085
20020
21629
16828
22293
20137
15635
22102
30841
20327
20051
20390
18440
23559
16448
21497
15876
8547
17038
19722
19102
16235
22184
19649
19323
19497
19124
19302
15948
19641
22842
19227
16169
18723
20335
34046
21350
22159
16223
19472
22153
18915
16834
22723
20143
15205
19771
33832
18953
20521
23723
15955
19695
26858
15056
18621
19330
19546
19157
16989
19046
19601
20055
21270
16696
22151
16431
22158
15848
19321
19220
23241
23403
15289
16068
19748
18969
22497
20036
18300
19880
17244
21364
19731
16166
22546
19220
19931
15892
22165
16532
21697
16653
19518
21920
16838
19553
22041
19035
20492
15461
19558
22284
16436
21832
16877
18844
22753
19322
19501
19464
181294
44830
13944
23120
16213
22518
16114
21598
19452
16617
22143
16446
22554
18939
16425
22305
16354
19835
19316
18824
22494
16674
18704
22274
23886
15229
19305
15589
7928
222884
121315
15559
19618
7756
13855
16224
22312
19127
28343
11074
15989
19096
20115
16284
22615
16306
18929
18763
20286
22258
16249
19687
19322
25638
12933
22166
18916
20556
18609
16851
25625
15410
19430
16037
23416
15786
22334
16026
22413
29534
20107
20393
19430
20440
23439
19431
16430
18936
22124
19939
19317
18779
17095
18641
20155
18489
22884
19323
25835
13265
9397
12126
15888
19544
19665
19364
19409
22492
15969
22651
19448
15695
19792
21892
17148
18904
22735
19218
18767
19344
16364
22292
20211
18797
19175
19854
16198
19210
22600
19078
18891
16646
19241
22804
18791
17096
19593
18435
19322
22964
16358
22182
19249
19874
19110
19126
19269
15417
19911
23415
16180
21600
16377
20294
21898
15497
23280
19292
15590
22456
16697
22333
17141
21352
16028
19005
20025
18970
19844
19728
18879
19180
22800
19914
16369
25769
15924
16168
21807
19250
19750
18778
16867
22482
18626
19861
16450
21912
16742
22017
15969
19917
34264
21770
18926
22139
19085
19761
26763
9441
21457
16152
19910
19646
18890
22956
18713
16615
22243
19206
16181
19420
19653
22760
18620
19980
18819
29943
18846
19341
20071
19907
20103
20354
23138
19592
16406
20277
21106
19179
16703
19733
18353
20071
22523
16299
19651
18513
22553
16206
19667
19562
22314
15885
19548
22375
20307
18102
19719
15805
19321
22924
19512
20152
15213
22339
32117
23483
19502
16151
19281
22326
22610
16228
16495
18572
19768
19687
19918
18871
21939
20025
15805
22819
15475
19887
19200
19692
22032
19682
16185
22502
18756
16285
23035
16613
19312
19011
21952
19706
16928
18427
18920
19658
23234
152632
32194
19916
23899
19250
16658
21780
16941
19177
19766
19169
18701
19061
8257
14721
19118
21975
20268
15768
19065
22236
19610
16727
21874
16668
19500
22155
16430
8625
244754
99564
13143
19869
15904
22839
18961
16271
22564
19794
18903
19139
16027
22691
19302
19280
17229
22484
15879
19101
8761
12533
20077
19154
22276
19558
19275
16034
19709
18924
19811
19333
22695
18905
16243
18796
20046
22665
19087
15856
19579
22088
19742
19521
16062
23117
18405
31049
19818
19599
21953
18507
22897
19099
16275
18663
28380
14200
16387
19002
18799
23383
15968
22176
19000
16751
22097
19948
14846
23607
19268
16791
19188
19563
18567
34037
19230
18283
9909
18406
19924
16373
19107
19353
19007
22672
19678
15404
22694
16715
22368
16371
19168
19634
18894
22515
16409
22395
16461
19007
22972
16043
19425
19525
18573
23004
18785
19849
16272
21994
19641
19547
19447
19029
31174
20094
316163
12759
20121
18569
18766
20123
16949
22010
15954
23066
15734
19747
22115
19303
19323
16187
22898
18989
20356
15072
19030
23046
19769
15907
22413
16713
22075
16335
18400
22841
16759
22886
15783
19299
23245
18230
19536
19245
16840
18558
27253
14758
16933
18798
22815
18796
19492
19157
17167
8704
25451
20565
19205
19138
19249
19144
9941
18717
16421
25237
13101
18587
23244
19125
19125
17098
21516
19690
17057
21938
19490
18747
19171
19468
20194
18804
16408
22374
19094
16512
19478
18938
19531
19358
22306
20109
19590
18586
16758
21492
16794
19691
19447
18141
20113
22643
16012
22543
21540
13879
19711
21970
16154
22813
26280
12276
19525
19082
19247
19361
16208
22555
16745
22199
19066
16342
19803
21747
19818
16880
19241
21596
19951
29229
9823
16589
15625
23048
19358
15876
19271
22697
16326
19477
22323
16720
18773
19310
19302
196564
69901
24338
9515
15061
23159
18867
17055
19080
18788
22654
30129
18958
20080
19456
20512
18901
20836
23010
16834
18316
23226
16149
22524
15263
19709
23354
15896
8171
191215
127350
23564
19858
18343
16712
18751
22805
16689
21933
19082
15342
20347
19808
21217
16901
22498
15653
20041
19461
19541
21892
16625
19387
21881
17706
18374
19598
19320
22734
15633
19667
22173
19509
16338
19487
19261
19086
22260
16767
21738
19232
16728
22631
18820
20369
15705
22658
16138
19677
19286
18934
21794
20222
30240
18825
9543
29728
19718
20353
20599
19323
22147
24578
11082
22798
15226
20068
19553
22160
16027
20611
18497
22470
24961
10865
23034
16286
22092
19851
18891
16069
27932
13561
16179
19724
22094
16066
19975
21859
19285
17314
22190
15448
22748
16254
22399
15609
22613
16758
19351
19682
22594
18763
16182
20930
18362
21882
19241
16308
19688
22211
16954
18898
22223
16373
22375
15967
22978
16194
21835
21519
14123
22603
15943
19312
22758
41068
14849
19469
15024
20623
18928
18962
22995
19795
16665
18783
22055
16780
20696
20871
16276
22045
16574
18849
22543
19691
16206
18550
20148
22094
16269
20135
18605
20193
21922
19467
16533
22051
18984
19861
16680
21447
19688
16388
22263
16304
22533
18921
16398
19855
22078
17417
18476
22389
16591
19021
19328
22152
16421
22194
20648
15456
19556
18841
22739
19668
18799
20313
15611
31788
20200
9680
14801
20156
21773
20256
15851
22562
19861
18855
19543
16319
22208
19357
16538
19125
19266
23239
28539
10112
18856
16187
19512
19541
21697
19707
16566
19026
19174
19044
22619
16355
19534
19249
19154
19669
22221
19564
18911
19361
16441
22073
19415
17000
19237
22603
16002
23005
18459
16779
21821
19650
15684
19789
22600
16378
22070
19601
16409
22353
19198
16633
19606
19242
177187
47333
21280
19812
16263
22481
19079
16046
19823
22235
19276
30369
18957
19184
18741
20574
20005
21824
22203
19254
15726
22975
19403
18868
19765
16635
8324
22260
7422
237047
98389
14454
19339
17046
21948
16859
19299
18628
22615
16369
20176
21348
19046
19871
20394
15700
19333
22511
16158
18748
22935
16276
19531
26839
14478
16465
21852
17083
19557
18939
19799
21688
7601
11329
22753
15578
19540
19445
19704
18801
19773
18948
29238
12776
15891
22634
19709
15793
20127
21751
20154
15637
19432
21840
20091
16497
21891
19326
19831
15651
20707
21973
18604
19735
16185
21983
19831
16627
18687
23041
18416
20388
15986
19038
22774
16286
18366
19450
34143
18943
23534
33064
19107
20246
20307
19600
19569
27333
14112
20374
14631
23097
19263
17047
22000
19137
16435
22436
19630
15269
20047
22458
16379
19630
18879
22313
24646
11225
18724
19681
19331
19511
22754
16092
18856
311358
14708
18190
23002
19056
16718
22546
18855
19323
19613
19609
15106
20093
19760
19115
19065
19662
7133
18051
15871
22381
16554
22595
16234
22071
19221
16818
32718
20430
18602
19353
19643
18724
19230
19942
19287
7569
16699
20532
21550
16303
22550
16643
21580
19708
16916
21482
16953
18764
19892
19152
22152
16435
19066
20502
18798
21885
16309
22099
19803
16656
19189
22381
19123
19789
19012
34287
18300
15883
18859
19408
20011
28865
12755
16454
18800
22512
19737
19286
16204
22082
17485
21769
18618
16000
20228
18981
20158
19172
22601
18748
26480
12192
15808
22953
19091
16851
22309
16111
19733
19046
18848
22545
19810
15814
23274
18435
16984
22436
15805
22150
17404
18936
19380
22158
16232
22692
15866
23000
16268
18984
19669
22714
18931
16625
22498
16083
32711
19399
19107
23679
18594
18396
22615
16829
22410
22784
15312
21126
189447
70323
16271
19064
19602
16439
19180
18970
23015
16206
18731
23040
19489
16208
19382
21819
19310
19822
16236
22196
19271
16052
22753
19322
20244
15203
19983
19060
8501
203777
122477
14779
19119
16980
19281
22020
19253
19989
16186
23032
15974
18689
22974
16312
19281
19086
19082
19502
22979
15553
22623
16649
22301
16081
22753
18899
16266
20178
18990
19101
22362
19230
19507
16025
19892
22119
19383
15815
19630
7872
17621
18898
18946
19813
15793
19841
22653
15712
20031
18956
22832
15541
19943
18729
22710
16710
22777
18659
16208
19699
18792
22579
18899
20083
19320
15985
22553
19660
18706
19762
18984
16226
19960
19445
22030
19645
16375
22224
19143
19692
15642
20268
18985
22275
16138
34752
23747
31104
23468
17171
22660
16215
19681
19818
27082
10814
22458
15740
23364
19307
19660
18930
16169
19723
22953
15384
18929
19309
19328
23525
15471
19400
22421
31333
19744
19662
23700
19181
19701
18705
16980
21748
7600
11595
18499
22716
17016
21935
17044
18077
20189
19517
22171
16194
19298
22589
16395
19226
19188
19225
20025
18776
20042
18636
22835
19227
16449
19679
21935
15661
19409
19231
35046
19281
19502
19282
18666
18967
30224
11507
19005
19457
22478
16639
19025
19311
19571
18758
22803
16118
18969
19713
19482
19820
21626
16835
19148
19521
19511
18684
23153
18528
16866
19028
22538
16332
19350
19541
22457
16207
22213
16379
22012
16648
19040
19402
23276
15136
23260
16100
19398
19323
22444
16255
22379
15649
20051
22231
19431
16397
21910
19419
19227
20146
18625
20338
15049
23828
19005
18690
16858
21886
31517
20005
20307
19441
19603
22283
19728
18509
17078
21743
20029
15976
18471
23646
19479
18939
16624
22378
19301
26753
11621
19176
16324
19287
22533
18880
16892
18931
19855
19783
21554
16246
19675
169292
32661
11354
18308
19287
16230
19228
23112
16338
22158
19356
19290
15758
23482
18677
19899
15984
19589
18974
19727
22216
16657
19071
19579
22092
19118
19696
15855
7585
238754
97901
20076
19649
18523
19581
19008
23030
19422
15251
19944
22581
16365
22101
19473
16819
19413
22113
19439
16050
7610
17483
16209
22293
15865
23178
16220
22617
15508
20139
22181
16164
19090
22354
16617
18938
19503
22371
19837
15528
19862
22160
16751
22164
16682
19533
21969
30394
20406
20016
23775
18845
19343
15912
20497
21892
26776
9237
19076
18186
23195
19604
16191
22262
20211
16202
21817
19269
16304
20183
21551
20052
15611
19263
19239
28474
9860
19079
20679
19402
18561
23299
16413
22662
15109
21217
20830
16404
19423
22041
19575
16865
18536
23097
19183
19397
16091
19424
19548
19043
21740
20480
16264
18444
19742
21978
17071
18918
19219
22209
17060
33440
20394
21044
34384
23517
16825
21971
19451
16887
30215
11297
14977
20046
19169
19824
18907
18065
22487
15996
22162
16032
19018
22983
19190
20081
18646
19709
16276
19092
19923
21952
19232
16176
18761
23087
16618
19925
21550
19502
19493
17099
21298
19627
15608
20120
22585
16023
19480
18723
19748
22372
19420
16631
22023
42687
9064
22940
30640
19366
19272
18728
19780
19209
20144
20513
23621
15189
23649
18800
19641
16681
18738
22533
23536
15206
16198
19344
22630
19480
19232
18911
20071
19331
16399
22319
16361
19328
21851
16417
19321
20005
22266
15730
22373
18895
17201
22210
16195
19302
19672
22437
16164
19471
22488
16216
18523
23159
15985
19290
23446
19109
15661
19078
19693
22875
15906
22675
18800
31486
20310
22901
16085
22841
16449
19318
22907
18919
19328
16167
22678
15704
23558
18379
19328
16670
19711
21830
27058
11714
19720
16228
21930
19721
16600
169619
67591
19476
18482
19862
19660
19931
20410
18799
19330
20142
20312
22743
15590
23077
19256
16145
23078
16405
21818
19105
16619
19671
18942
19439
18880
23263
19079
7460
247894
123062
18764
16426
22262
16207
19894
22635
19494
15853
21964
32439
20948
18332
19632
19380
22384
30839
18368
19557
19237
20112
19733
20394
20787
19170
7379
14536
18660
20211
22334
15743
22143
17071
19100
22052
20436
15773
18195
20194
22033
19872
16587
19336
18848
19438
19292
19923
19619
21979
16299
19540
18338
20380
22273
16758
18975
18154
20323
18997
19640
19574
22000
19328
19249
17047
26261
15043
19692
18473
16992
22087
19484
16732
19189
19088
19082
22996
15514
19992
22300
31046
19205
19024
19060
18805
20115
20262
24128
16643
22328
29624
20244
20330
21158
18703
22185
19499
19652
19026
25135
14179
19166
16502
20753
19241
18702
19842
19302
18516
27682
14600
21728
16827
22734
16082
10676
31468
7823
22110
16546
20305
17865
19581
21821
16346
23115
18887
16134
19763
18637
23179
19093
16556
22075
16009
28864
13822
15573
19308
19704
18580
22974
19711
16326
19492
19509
22024
16054
19656
19319
19388
22169
16700
22441
18920
15892
23187
15854
22794
19103
15918
22227
19923
16287
19075
19884
22354
15225
23135
16046
22305
24893
10864
19823
19230
18876
19964
22240
16619
19219
8273
16107
16412
18382
22966
16512
19519
22487
16331
19241
29791
9480
19048
19061
23180
15871
22560
15785
22697
19199
15678
23119
20104
15357
22300
20756
18575
18857
16399
22384
16846
22024
19301
16220
22479
19364
15747
23441
18952
15667
20451
18757
22545
16661
18736
22434
20389
18994
19088
14409
23827
16669
22677
15807
22175
31004
19553
20102
20623
20321
17964
20124
19061
22523
16656
19051
18518
19603
19359
20098
20353
18460
19642
22661
188112
71954
16610
18867
16254
19508
19456
22041
24564
11371
22332
15838
19092
20111
19179
18968
19831
19912
18374
19965
21959
17461
22030
15813
22301
16426
22441
31680
7429
241692
123485
9465
22774
15995
19167
19860
18473
19343
22779
16235
22121
17136
21758
15828
23780
15000
19575
23018
15546
23241
19025
19370
19421
31205
20546
19745
18344
20706
18769
20280
21964
19264
16447
19715
21769
15741
23046
19675
18939
19076
17160
19186
27452
14116
16642
19046
19542
19389
19144
19286
22433
17223
21635
19237
19019
19458
15823
20386
21786
16298
23170
18473
16853
18318
23145
19351
15502
23477
16193
22097
13795
19895
64757
10594
19000
20053
18528
19934
19702
18884
15809
23478
16024
22275
16220
22651
15935
26759
12297
19015
18235
23830
19233
19646
18794
19831
7248
14387
16179
19189
22203
17090
18841
19541
19007
19708
28364
13388
15990
22771
15442
20313
22174
19498
16127
301937
20292
20051
18877
18920
10044
14457
22507
25258
13303
19847
15611
20107
18577
19903
22080
16253
19671
19405
22330
15379
23076
16758
22118
16870
19051
18877
29429
9725
19448
21977
19543
19683
19096
19242
19384
17139
21527
19192
19182
19692
16210
23305
16917
17674
23004
19136
16128
22039
19711
19246
19813
19383
16225
19242
22593
16221
26809
14431
16357
22852
19088
16394
22338
16526
21771
31579
18954
19312
20132
19646
24165
27640
10494
16207
22317
19776
16009
19910
22334
15682
20252
21914
16569
18490
19901
22151
16633
22412
16375
22619
18484
16667
18623
23441
18989
19282
16517
22378
15594
20509
19020
22595
18638
19779
19336
16535
19090
19045
23125
15933
22523
16371
22379
15898
19766
21827
16869
19501
19631
19114
22609
16100
19205
19900
18331
20343
22383
15620
19213
18211
20504
22738
16228
19322
22020
31172
19497
18861
181207
70985
10758
22548
18977
19619
19553
19228
19193
18876
16993
21698
19405
16599
22484
19915
16066
18818
35521
22979
19920
16062
22002
19408
22982
13183
19237
18341
7977
224627
124738
20345
20638
18779
19914
18866
18851
19534
19862
20020
19532
19568
20513
20142
19697
21728
19656
19871
18931
19477
18923
16672
21759
15986
22998
16638
19589
21550
19579
19461
19699
19650
15828
34592
24023
16054
19377
18548
23528
30400
18735
28980
12534
19907
22594
16047
22255
9760
8553
23639
15495
22064
15916
19682
19712
22480
15738
19882
22419
19420
15378
19987
22576
16425
19078
22194
17805
21693
16174
18207
19779
19523
22629
15364
19461
23087
19594
15916
22560
19984
15482
18861
20128
21876
20225
15672
19471
19618
19633
19507
18981
22784
15859
21889
20065
18969
20139
15018
20370
19148
19219
22230
16590
32091
19490
10160
14862
20717
21800
16686
21246
19720
16823
21676
20698
15504
19761
21420
19929
15816
19311
22541
31219
18838
19712
18781
19687
20185
19227
21053
22422
16691
19122
19497
19321
21940
19517
16419
18868
22963
19497
18897
15945
19457
19719
19287
22113
20025
19691
18893
15913
19637
19192
22778
18911
16989
22148
18845
30266
19450
34505
22717
21215
19021
18721
23164
16056
22256
19306
19463
16525
19448
21750
19319
19493
19468
16689
33449
19105
18853
18664
10051
19119
16133
22579
15776
29930
9127
18516
19905
20082
21718
19540
16608
18969
22457
19121
16316
19806
19059
19511
22095
19274
19538
16632
21590
16840
22306
19062
16441
19189
22773
16238
22774
15843
22543
19300
19917
18555
16590
22333
19909
21189
14065
19233
18753
20148
22371
18862
19549
16907
32051
19474
9716
16003
19079
19035
19711
19325
19564
19379
19316
22141
15289
19642
19308
21874
16831
22157
19079
21949
14106
19138
19565
19407
156030
23705
13045
22108
18964
17243
15806
8676
244984
121877
19688
19833
19075
20223
19450
19456
20539
22565
19780
16530
19120
19749
18476
22705
19682
15386
20272
18506
197212
124946
30402
14953
15643
20046
21614
19573
16611
22123
19823
16373
21920
19546
16129
20320
20173
18491
15745
23053
19902
18691
19240
19546
19721
19046
16028
19523
22362
16285
19552
19461
22252
19000
16418
19344
19530
19429
20113
21646
16607
33835
20270
20113
19061
20122
19095
34043
19946
18890
19276
19327
19039
18584
18600
20774
8673
15829
22358
15385
20321
21979
19750
19689
16025
18667
23173
19268
15924
19368
19600
22071
19505
16347
22139
16686
19338
22163
16613
19172
22252
16556
22443
18995
19333
19464
16028
23021
15989
19068
18879
23188
16767
22944
18543
18641
19589
19862
15964
19116
19154
19605
23197
20644
22846
16777
21794
19503
16557
21415
20390
30063
20307
19120
20012
24266
20024
19784
20410
20206
30676
11415
17291
21673
16195
19129
20054
21958
20573
15603
20472
20743
20072
18959
20107
18864
19187
19006
20927
18273
18863
16909
18873
22660
18818
15997
19384
23415
16389
21984
20265
15320
21925
19728
19610
15904
34312
18631
19538
18702
19065
20267
20369
19324
24009
24835
11297
22343
14978
20933
19004
18976
22906
16010
22543
19327
16599
18692
22860
18888
19259
20406
18469
16547
31400
10825
15386
19520
22410
20261
18414
19523
19548
16794
18817
22271
19162
18983
17138
21989
16992
21796
16649
19510
19095
22233
16560
18859
22915
15837
19760
22412
16710
21547
19378
16569
19335
18861
23177
15632
28729
13330
17445
20986
16490
22487
16300
19107
19061
8655
16975
15626
18564
20652
22794
16240
18525
19966
19081
26581
12225
19141
19830
19137
22505
19746
15844
19632
19299
19411
22229
19707
18483
16673
19679
177071
68532
17191
17814
18348
22160
19266
16059
22676
19158
15832
23635
18261
29950
19768
9960
15140
19122
20020
18557
20185
18820
22504
19502
19700
15441
22760
18880
8220
209587
124468
18741
22451
19037
18256
18164
21475
8475
9925
23338
15001
23711
16188
22758
18903
16088
19551
29229
12344
15525
23184
20384
15777
21676
17020
18946
19138
20000
18474
19543
20091
19063
22259
17050
19283
22962
14850
22897
16389
21895
18003
21374
18728
16477
22897
19088
18981
19609
15908
22695
18935
16589
20147
22239
15612
22848
30943
18897
19080
19089
19688
20391
21149
22143
16089
19651
22601
16036
19700
22213
15958
18958
33862
19021
19486
18987
9569
18964
19484
15390
23338
31411
23581
16572
19600
19050
19291
19397
23407
15482
18889
22559
16244
22764
19306
16793
21970
18756
16821
19413
19353
19787
21967
19223
18982
16368
18954
23137
20159
15408
22608
18846
20034
19689
15146
19926
19045
22051
20169
19068
31106
19131
21003
19471
19387
19943
29010
11856
17023
18198
20815
22739
18411
16080
19697
19269
22579
15809
20353
18359
22761
19350
16226
22348
16176
29826
12443
19359
19020
16425
19373
22300
16432
19581
19375
18897
19458
23226
15343
22697
16348
22138
19391
20512
14979
19663
19133
19415
19449
19712
19272
18724
22702
16505
22130
16670
22393
16225
22117
19329
19008
20908
15782
19460
33308
20210
23966
16376
19117
22391
19492
16466
21930
15236
20717
22544
19608
15473
19543
19466
32756
20317
19144
19134
18902
20033
19712
20152
23750
30533
20153
20394
20355
19661
22178
16717
21952
18667
7533
15065
16167
19549
19446
21653
16950
18817
22152
17482
21802
16184
22564
20049
18343
20041
16009
21930
19887
19221
16425
19377
18876
23006
13519
22635
16527
33735
19697
20147
24100
18463
16491
19350
22140
19823
26675
152102
21093
11717
19841
16456
22133
16288
19682
21959
19821
19312
20209
18948
15645
22593
15757
19921
29604
8712
22673
15605
20312
19098
19862
19122
22038
22323
30736
8542
220750
97764
21917
16870
18689
19833
19761
18806
19041
19259
22707
19703
18800
20433
18581
16753
18786
22812
19046
19749
18801
19429
19205
19486
18984
17321
21544
16031
20429
18193
22852
19198
16589
7765
13640
22697
15139
21010
21892
16473
22276
16635
19102
19773
18605
20103
21924
18985
17372
18469
33387
19630
8525
19781
15794
19173
19558
22652
19036
19287
20245
15610
19181
22731
19065
16618
22220
19188
18983
19621
16321
19472
22493
16144
19434
19201
19529
19276
22912
31092
20855
18715
23594
18753
18979
19972
18702
17038
28040
13616
15524
19907
22857
18938
19041
16889
19131
19076
22754
15648
19084
20225
22089
20313
15948
19369
22294
23867
14967
33665
21839
16027
19066
19907
21854
19606
14627
19336
19243
18948
19579
16949
22232
19612
23912
11603
19385
18878
22762
16536
21681
20167
18922
8215
13148
16834
18239
23354
18964
19998
19089
20207
18389
16548
22183
15645
22809
19266
19125
19549
16989
21728
17443
21436
16337
19100
22683
19210
16195
22464
19631
16899
19034
19564
19026
19779
21917
15725
23606
18488
16813
21790
16605
22382
17654
20899
16622
18474
19553
23555
19016
18987
32003
23617
19571
15891
19427
22219
22707
13043
19282
19580
19553
22107
19425
16696
21763
16258
33024
20072
19292
19102
19531
20928
23213
17011
18456
23397
16146
19138
23037
16338
22113
16523
19100
18638
23133
15487
20105
19240
22197
19290
19574
17073
22417
18821
18999
16285
22443
20046
19371
15824
20948
17824
19215
19111
19547
22270
15912
19892
22233
16250
23218
14974
23061
19075
32250
19656
20291
19118
19907
22251
15682
19125
19612
185106
46358
15189
19287
19099
16590
18923
23393
16206
22435
16062
19810
21456
19697
19869
19177
19063
19722
30599
18659
20698
21128
19265
22215
19463
18625
28396
10668
7752
233865
121080
18421
15613
22575
16377
19217
19086
22539
17153
21769
19165
19305
19807
15989
22601
18882
19541
19447
16697
19091
19235
20339
21550
16330
19318
19164
19097
22916
15949
22469
20736
15401
21770
18264
17998
19365
18979
19540
18908
29030
13886
14781
18938
23203
16410
22250
19877
15825
22330
20189
15392
19605
20107
19170
9466
19160
16416
19341
22003
19080
19708
16005
19825
19209
22130
19717
16185
19824
22067
19337
19609
16035
22317
16657
19721
18521
22933
15841
22776
16276
22294
19216
16408
18845
20240
18876
19533
21852
19728
16175
19347
21979
19504
16307
27994
10746
18206
18866
23215
16468
19896
18665
22414
8179
10715
22593
15887
20129
18791
22806
19083
16853
18938
21760
19704
15589
22925
16546
19230
21928
19898
19046
17848
20935
18984
20516
19421
15225
22479
19352
16701
22116
19726
16174
22144
16468
22138
19576
16652
21536
20215
15740
23041
19271
19162
19419
19476
15869
18968
22916
16157
22752
21117
13919
19485
20121
19127
19276
31040
11319
18191
15815
23128
19361
19110
20293
15432
23097
31569
20761
18676
20097
22163
19158
16423
18866
19054
28158
11138
18937
22914
19401
19369
16523
22630
16561
16769
21764
16227
22644
19641
19365
15895
19369
22536
16800
18921
19456
22205
15787
23007
15874
22653
19287
19764
19091
19517
19900
18772
19135
19138
16549
22321
19953
19077
16715
17997
23034
19379
16650
21861
16646
10358
29755
21024
16721
22071
16493
19162
22536
16025
19289
34138
20507
19261
23605
16636
19311
19261
22276
16255
22961
15653
22589
15697
19866
19464
21964
17020
21920
19324
19656
19010
16046
22379
152220
30615
10611
19109
16568
21927
19231
20149
16294
18707
22155
16569
22338
17236
17985
19655
20006
21831
19088
16786
21880
19787
19446
16688
22315
18760
19824
15549
7156
243430
99863
17067
19055
15276
23108
19513
15712
23051
16307
19149
22656
19489
15654
23388
19440
18630
17641
17996
23513
15756
18625
22955
15713
20463
18383
22437
19108
16203
23535
15646
19970
21560
19071
16871
19405
19380
22066
16994
18908
22180
22942
12912
19501
19050
20030
18199
20551
18489
19784
24422
17455
15385
22994
19175
19628
25892
9632
22394
16144
19820
19278
18761
19970
22040
16531
21582
20339
15868
22181
20090
19499
16107
19060
22377
26810
8489
19729
18897
22674
19478
19123
16608
22355
16815
18538
23600
14959
19853
22076
16990
18435
23035
16430
21835
16414
19574
19700
19265
22138
16415
19497
22954
15397
19383
26630
12148
22352
19729
18666
20213
24548
13822
19259
15512
23216
18866
16100
22579
16475
7851
13899
19139
20227
18482
23612
19107
18516
19468
20076
15654
19630
18883
19774
22303
19075
19523
19723
16092
18784
20048
22369
15994
22528
19209
16439
22351
16628
19246
21974
16347
19270
22834
19338
18582
19929
16386
22370
16832
19147
19124
22088
16363
19390
19287
22435
31321
19665
19317
23315
17000
22642
16816
21189
19931
27868
20373
20282
19315
19987
20149
20288
20888
18499
19331
22782
17194
17313
20253
22401
16832
19482
21701
19810
19028
17092
19641
18218
21971
19926
16328
22409
19159
16208
20054
18630
19195
22984
18980
16482
19221
22221
17579
21554
19140
15968
19605
22092
19691
19492
19142
19805
15780
22522
19657
15708
20362
18853
19325
22213
19608
19323
16329
33816
19330
19868
19858
23247
16589
29070
8922
23548
15197
19874
19751
19296
18467
20142
18881
35030
20302
19335
23184
16109
23103
15652
155728
27954
11994
19303
15964
23041
19253
16418
19432
19361
7257
17741
15963
19658
22262
19538
19167
19425
19281
19628
22494
16057
15845
22938
16117
22502
19263
15706
8519
243794
97065
18020
19342
16823
21728
19146
16512
28423
13444
19416
15931
22561
19647
19907
18723
16451
7741
17352
15969
32643
19563
19410
19981
20441
20043
22845
16550
20018
21677
16634
22182
16406
22344
19002
16939
8342
16190
19379
19424
18936
20051
15416
19943
19471
19382
19458
22133
19404
16767
18173
19456
20143
21751
20323
15971
19307
19910
21652
19446
19620
16226
18605
23532
16048
21668
21251
14762
22774
18459
20059
16330
27525
11082
22666
15129
23156
16489
19436
19205
19339
22241
19230
22286
13973
21673
19860
15697
19487
22706
16450
26923
14566
16745
19128
21974
16107
19980
22381
20209
18856
15856
22303
16368
22395
19981
15193
20507
21640
19615
19184
19446
19447
15851
20067
21552
312924
13597
24348
10398
18111
23255
19219
19703
15925
20189
21380
26726
21082
19329
18846
19102
19534
19308
19701
20287
18366
20151
19984
19369
18763
20051
20357
19950
19230
19800
19412
19144
19097
22938
19070
16360
19638
17979
20184
19769
22022
15764
20165
19118
22314
16853
22401
30581
19503
19002
19830
20659
19762
19400
19407
19156
29840
9566
21794
15604
20202
22252
16108
19825
22339
16153
19602
22493
14773
20348
22533
16774
21841
16829
19076
19902
18676
19241
19746
21933
19242
19512
19221
20135
16446
21377
16461
22100
16950
19971
17896
22969
19816
19071
19122
19256
16437
22548
19531
18967
16468
22533
16206
18887
20307
22102
16056
22511
15811
19641
22358
16439
18697
20302
33539
20648
23144
19610
19592
16086
22230
16589
21946
16774
19026
22592
16903
18837
22456
16875
22097
18841
16222
19278
19646
22056
19598
16099
22543
171875
67328
21800
18640
19547
16206
22262
16652
30123
11446
19762
15408
22977
19478
16280
18386
19945
19992
21891
19086
15665
22665
19800
19399
19715
15568
23210
24251
8160
232089
122966
12342
19019
19705
19019
19697
16027
22394
19643
19520
16263
18740
22754
19099
22751
13716
33316
22989
18133
19522
18952
22551
19311
27233
12261
15107
19201
20335
18844
22677
19503
16366
22047
29989
9644
14551
22624
16831
19766
21957
19290
16347
23036
19690
15444
22224
19201
19609
16004
19690
19523
19509
18314
20271
22332
16324
18835
20551
18202
19991
22350
19444
15611
23112
15998
22171
19292
19712
19958
16230
21970
15667
22512
19872
15883
22129
20328
19102
30152
19223
19675
18486
19614
18805
19505
19312
19094
29738
12917
26682
12067
19447
19179
18764
19814
22715
19026
30850
19266
19912
19662
23861
16777
19117
22479
20189
22090
12734
19328
19271
18968
22566
19442
15590
19973
19220
20059
19700
19524
20630
23040
16375
19480
22963
15887
21440
15524
21019
22722
18762
18815
16441
8501
16778
18670
16133
20102
22163
19686
15847
19423
22684
19045
19465
15651
23370
16618
18888
22033
19629
15615
20455
21976
19607
19153
16005
20724
21221
19441
19550
19279
19092
19647
19028
15897
19914
19292
22377
16145
22963
19122
16353
22510
19913
15470
22422
16637
22170
19569
15815
19193
18917
23477
16282
19046
19996
22271
30454
21273
23162
15502
20113
18782
22764
19099
19281
16208
33440
19162
19612
18908
20493
18780
20487
23701
20353
25284
9611
19279
22992
15748
22564
16455
18743
19504
20447
21146
19941
16253
22500
18722
19679
19097
19870
19204
16290
21959
19702
19274
19324
19710
15774
22358
20150
19271
19279
19034
15728
22672
19340
16538
18984
20027
19244
22084
31232
19128
18695
20555
18667
19948
23384
17652
19265
184332
45800
13218
18979
23425
18707
20225
15220
19487
21889
19934
16039
19637
18672
22988
31411
20109
23179
20565
14560
19625
19783
22877
18924
25328
13157
17098
18922
8564
234337
123556
17104
19161
16697
18736
19179
19887
22319
19048
17241
18395
22305
19789
19713
16235
19476
18662
22394
19842
16180
19297
22678
19259
19261
19540
19088
16193
22142
19324
16089
26976
14970
19960
15815
22920
16408
22141
16398
19388
31549
9902
19422
19389
19018
16216
22530
16137
22482
16308
25456
16900
16564
19198
18548
22694
19323
19530
19292
27775
8077
19501
22642
15974
22435
18859
16343
19600
23311
18287
16200
22546
14254
19173
22724
19006
19621
16072
22274
18904
19789
18993
20008
16188
21994
20189
19105
16327
18910
22363
16548
19302
22697
18789
16949
22521
18436
17228
18061
23833
22996
14923
16128
19581
27309
11692
22502
16128
18789
19307
19662
22786
18687
19561
19386
19547
15385
19993
22231
16511
19282
22188
19417
16907
21928
19273
16810
18862
19871
19138
21938
16693
22200
19590
16072
22858
18712
19301
19589
15936
19647
22637
19122
16597
21810
19866
16387
22384
16317
22205
19727
15667
22498
31792
24088
19039
19349
19447
16779
27962
13379
19050
15738
19670
23014
15894
22978
19188
15200
23865
31188
19935
23358
19528
19276
18971
19369
19767
16314
19461
22445
19644
18670
16061
22939
19216
18876
7482
14948
16477
22251
16474
19495
22496
15525
20061
22885
18036
17026
18847
19561
22175
16413
19175
22785
15324
19686
22599
19902
19036
17102
22381
18791
16314
22663
19493
15516
21449
17615
18190
23820
16348
19143
28507
10410
18359
20102
18735
19852
19497
21993
15394
20082
19846
18781
19709
19211
22440
16292
22651
18627
19921
27716
11318
16402
18953
22133
16875
18474
22909
19246
17098
18495
22673
18803
20186
160688
34030
14680
19043
27133
8801
19258
19239
22803
19553
19306
18758
16089
20428
21632
16022
19885
22161
16648
18453
19728
19348
19524
22666
19023
20164
18366
16911
8616
241665
98126
18155
19377
15625
22539
19453
19466
16399
22643
19058
19097
19729
16217
19682
18753
19908
22521
16064
19369
18909
22225
16991
19483
18877
22729
19009
20107
18846
19419
19351
19052
17070
21977
16866
18971
21910
16541
19813
18259
19529
22808
16413
19251
22799
18862
19286
31369
19340
19951
23764
19313
15764
20092
22516
19086
26092
12360
16778
19299
19425
21973
16948
21768
19090
17536
21357
19945
14755
23368
16237
19970
19439
18733
22764
23337
15251
15889
19087
19550
23046
19409
19882
18452
16087
19728
19227
22443
15543
23111
18297
16930
22692
19671
15689
20148
19579
21493
17913
21370
19707
18477
17322
22102
19501
15560
19839
19507
19080
22502
19400
19924
15384
19744
33587
20202
11474
16199
16437
19517
18829
22814
19234
19369
19153
19546
17415
17876
20005
22738
19160
19212
15922
22565
19499
19027
16911
21588
20073
19060
19741
16279
22253
15693
22439
19209
19450
16892
21981
16185
34925
19041
19230
20716
19380
23143
26483
12068
16651
18288
19700
22316
19390
17121
21799
16344
18847
23135
15362
23575
16005
18958
19705
19684
18862
22737
19284
28679
10214
19116
16477
19483
21936
16874
22354
19499
16338
21538
16664
19686
18858
22876
19091
19429
19018
16299
22841
16380
22758
18878
19069
19420
19841
18547
19639
16286
19943
21972
16179
22605
19532
31175
19451
23651
31216
19322
18865
19426
18841
9659
24651
13208
19533
15369
23148
19090
19325
16396
19869
18898
22570
16775
21412
16439
20002
19451
18585
19097
22733
27057
12376
15169
23400
16183
22183
16238
22570
19508
19025
19461
19106
19563
18827
19271
16871
188790
70765
17675
19296
18735
22595
19926
15613
22655
16614
18964
29293
12732
16248
22036
16627
22150
16662
18454
20016
19347
19728
21793
20364
16088
19420
19086
19352
8256
232824
121323
43665
10483
19673
22024
17410
21477
26309
8953
19971
18322
20269
18400
22879
13905
19874
19210
22476
15548
19371
23682
15851
21979
19641
18765
17258
21670
19926
14870
23313
19266
19261
16654
19188
19715
22396
19292
20336
18507
18948
18981
20381
18525
19621
19307
16537
21692
19561
16440
19477
19318
22472
15871
22985
18900
19300
19486
19333
19102
19600
20020
16408
21755
15827
22821
16896
22007
16379
19329
21316
20485
29179
19803
19319
19234
18855
19499
10120
16195
18758
19547
18879
22859
15605
22661
16613
19530
19141
19398
19561
31010
20427
20308
18917
19036
19674
19169
9787
15652
22200
16407
22188
16625
22111
19704
15701
22635
15997
20150
18564
23234
15261
20060
21960
20269
301040
20276
19764
19075
21813
16088
23455
16005
18735
20123
19251
21824
17090
19000
22123
16690
19189
18745
23105
17476
21685
15926
19344
22220
16205
19178
20140
22162
18870
17002
21994
19017
16574
18982
22890
19622
19025
19101
16625
22094
19573
19680
19022
19982
19389
18973
15917
22471
16417
19556
19210
19283
22441
16419
22292
19177
30416
20112
19028
20733
20598
22158
16003
22674
16005
22701
16538
20435
18355
19066
18828
18934
22860
16947
18769
32050
10246
16179
19327
19281
22242
15863
22944
17194
22552
18528
20067
14945
19893
22591
19042
19825
18791
19231
16198
23103
16035
19460
19451
22221
18969
16333
22843
16671
21771
16306
19042
22725
16247
19497
22748
23025
15356
16292
18527
20653
21630
16828
22205
16590
7432
16650
20687
18035
19664
16895
21733
16554
22694
19024
25311
10551
18362
20102
22312
17035
21940
16251
19548
179448
70807
9053
23347
16213
22518
16047
22358
19904
18442
16125
18948
22893
19600
16533
22210
16691
18819
28197
14176
15824
22497
16375
22520
29610
19307
19960
8052
15805
191678
126415
13965
14764
19830
22517
24408
10975
22676
16615
22072
19645
19617
19166
15529
20561
18386
19590
18603
20615
19389
18913
22355
19358
16817
25205
13401
21717
16246
22793
16458
19476
19445
22510
15917
22805
18938
19100
19236
19306
16641
19008
19201
23407
18646
16866
18515
23186
18687
19918
16268
22687
18797
16602
19359
22374
16682
21734
19302
19451
16122
34302
19512
20523
33835
19403
19550
20348
20410
21689
25335
11971
19042
18661
23363
15667
22824
16813
22195
7687
14078
16226
18629
20104
19989
18497
20087
19046
19117
18877
19372
19343
22957
16036
19823
22038
16604
22414
16156
22453
16371
22764
16666
21459
15917
19860
18967
20169
18224
19837
22263
19738
16434
18437
19754
22614
17079
22056
15686
22874
19027
16487
21953
16296
22312
20631
17983
19943
30566
19712
19945
23741
19492
19292
31488
18719
21094
18701
20282
22592
16655
21831
19420
8025
14292
19010
16935
22011
16536
19222
19141
19343
19077
27458
11717
18756
22911
19081
16196
22896
15663
20032
19502
21648
16498
19371
22632
15564
22651
16767
18895
19594
19703
22114
15876
19663
19672
22143
19468
16135
22923
15591
23035
16091
22569
18920
16152
18921
19922
22351
16827
22631
15469
22502
19404
16790
21943
16753
31194
10312
16312
18076
20139
22534
16426
22571
16372
19269
19190
19433
19723
22742
19102
18842
16990
18997
18575
31490
11097
16702
21446
19461
19620
16023
22379
19851
16016
22263
16610
22404
16075
22392
19295
19791
19014
16869
19141
19435
19089
19280
22302
16902
21558
17015
17049
22098
19793
19389
15976
21670
19928
16175
22607
19129
19290
15868
167805
43257
18635
17179
21574
19700
19530
16168
23092
19438
19088
12957
19502
19134
22637
19409
18896
16944
34903
20005
22474
16819
21351
17051
22281
18672
19936
18745
7852
246205
124538
16707
19167
20045
21770
16015
19437
22161
19366
19867
18947
16796
22351
16207
18932
19523
22259
20030
18805
16451
21917
30645
20265
20363
20215
18964
19661
18921
22995
16606
25025
13265
22256
30374
18871
20112
20644
23468
16559
19297
22131
16774
19369
22338
15830
22438
19415
19801
8214
24374
19259
19493
19126
20361
20042
21128
19368
22526
22806
15592
15205
20185
22495
19650
16209
22131
19720
7684
14100
18847
16615
18987
22975
16027
22620
19302
19237
19258
19205
15956
23598
18363
16431
23147
18461
17022
18733
19108
23476
15569
19564
22661
16066
22410
30336
20358
19129
23574
19689
16941
19353
22328
15572
27645
11825
22039
16310
22764
16285
22352
16471
19460
19315
19259
18891
31749
7983
19297
19084
19166
19697
22199
16035
22366
19678
19539
19950
18458
19794
16106
22902
15895
19146
22682
18907
16417
22974
15865
19818
33582
20430
24122
18715
16307
22112
16748
22077
16969
19522
21731
19108
16441
22322
15889
19037
23200
19018
16673
27722
13828
16185
23543
18358
19503
16829
21985
16415
19246
22048
19923
16338
22087
19586
16958
18436
22053
16662
22310
19279
16456
22102
20306
14995
23185
19940
18689
16010
19604
22548
18789
19790
18981
20255
18456
30622
19471
19203
19880
20408
21135
19814
18576
22064
26568
12431
30964
19037
20728
23040
17419
21492
19892
7177
11211
19366
18362
23303
16317
19836
21800
19351
15851
29548
12979
16353
22044
16176
22671
16505
18909
19845
19868
21596
16613
22192
16332
22223
16087
22757
16809
19102
18881
18826
20096
19612
22466
18845
16005
19516
19530
22112
19311
19871
19376
179810
44033
15879
19533
20088
18810
19547
18594
23137
19396
16672
18785
19661
19411
22171
19302
16348
22512
19504
16035
19214
19302
22878
19577
18362
16284
19548
23054
8170
220913
121255
24521
19893
20817
19467
19151
23082
15926
22142
19730
21898
13769
21851
16894
22285
15876
20025
18156
20435
18671
23360
16258
19208
21958
19565
16635
19464
18285
20088
22558
18788
19982
16379
22181
19441
15648
20165
21913
20332
19358
29478
19479
20089
20551
19803
22414
25267
10979
21887
15764
20165
22506
18947
16667
19256
7427
17246
19180
16112
22794
16908
21680
19288
19400
16652
28058
13384
16174
19368
19583
19243
22479
19547
19467
16855
18558
19315
19313
22578
19644
15493
22602
16400
23043
18818
19453
15799
23399
19027
18901
15989
22864
19441
16015
22576
19888
16231
19138
21773
16276
19218
34853
18887
19777
22856
20494
17337
18188
20092
19570
28941
12323
16048
19027
19815
22173
19325
19070
16686
19361
33523
20480
19061
19790
20658
19895
19083
19129
22182
23906
12507
17862
23366
16877
22374
18909
16609
18835
19974
21991
16235
19652
21667
16617
22833
19443
16692
21588
16369
18716
22671
19766
16373
22247
19299
19462
16857
21989
16569
22125
16006
19669
19590
18242
20250
34303
20747
19510
49709
19584
18731
19523
20608
18584
20743
19049
20425
19548
20347
22579
19403
19210
16164
10443
12120
15835
19907
22691
18882
16494
18886
22912
19457
27299
8195
19083
19146
22605
17126
19302
21609
19780
16312
18898
22930
19473
15890
19306
22299
19513
16238
22714
15692
22517
16226
19522
22304
19459
19586
19267
20309
15391
19448
22363
16032
19746
18707
22764
19025
30302
20265
20268
34291
19570
18741
9710
15367
20173
29594
9042
21975
16245
20292
21887
19520
18764
19912
16189
22733
15348
22635
19661
18998
19214
19688
136657
25890
12820
19422
16320
19889
19118
22997
16031
22152
19230
19129
16214
18463
24036
18925
19618
18836
17076
22331
25414
10104
18163
23400
19422
16020
19324
22934
8262
226510
97788
14241
18682
19621
19896
16308
19142
21980
16728
22153
16327
22639
16420
18280
20003
19169
20446
18769
19605
18722
22923
15902
22159
17302
21389
16920
22171
16669
18452
23100
15983
19574
22375
15892
19682
23043
19510
15180
19548
22514
16123
22472
19781
18879
19600
16297
22271
16674
19701
21507
19140
16830
19318
22538
16514
18582
23205
15220
22732
16794
19457
21996
23015
15984
18923
15599
20679
22595
18441
16969
18650
33096
19465
20512
19100
20333
23786
19392
16371
19289
22505
30274
18800
19990
18726
18994
19209
20438
18757
20335
29964
13611
16650
22327
16341
22833
16294
22486
18985
16553
19282
19347
22540
15979
22754
19871
18529
16184
22967
18936
16846
21950
19523
16499
21855
11342
16106
19527
22233
16510
18697
23208
15287
20022
19308
19232
26869
15114
16167
19548
22171
19275
16628
19353
22565
16030
19236
19822
19017
22743
16365
19225
22253
19309
16833
18974
22045
19288
19717
15803
20191
21719
15866
22723
16456
22239
20241
15605
19386
19763
22155
19831
16327
17834
20512
18326
20462
21754
19673
19109
16661
7892
16661
16661
18732
22632
19925
16216
21909
19693
18788
17251
21988
15883
19676
19528
22707
15923
22441
19609
16575
19302
22006
16005
22241
16241
22710
16440
19396
19271
22216
16797
19187
18605
19924
22365
16841
18946
22822
19411
19076
19163
19266
16311
22260
15873
23064
30955
19508
20097
23815
19565
18597
19583
20246
18748
26732
8422
19483
18780
23387
15892
19568
22384
15799
20287
18864
19086
19575
19674
18586
20266
19044
21961
16307
28827
13630
18733
16597
22169
16869
22348
16200
19159
194792
68374
13049
23035
18917
19502
19871
19466
7830
10810
22900
15214
19485
22555
19666
15708
22717
19403
25450
10901
18559
22426
19600
16818
21513
16056
23344
15807
8532
188651
126866
20183
18884
18504
10205
23838
11388
22651
15894
19444
22612
16043
22758
18626
16258
19322
22665
15404
24030
15589
22823
18500
17804
21466
25343
13403
15753
22575
16281
20182
21948
19245
16314
19913
21800
19804
15018
20496
19302
22645
15365
20151
19307
18624
19841
19307
19340
22516
19648
16105
19091
19512
22476
17690
17913
19171
22952
16109
22279
19260
20148
18455
15548
19455
22469
16540
19079
21958
20154
30424
18859
20069
18802
19782
18620
19880
19288
18899
18870
20982
19079
19760
19266
19291
19137
18725
18917
18482
20287
20343
20490
20503
21759
16874
19108
22584
16214
22673
19316
19129
20104
18695
19525
15868
22838
19076
16456
19261
19120
22144
19699
16029
23056
26329
8996
22325
19422
18898
20225
15774
22394
16864
18680
19512
34410
23745
19127
15901
18059
19575
21565
20193
18926
28077
8271
18737
18809
22524
16818
21821
20084
15958
22237
16409
22184
16547
18820
22850
16584
22457
16374
21761
30585
19125
11991
12933
19386
22574
16176
19680
18927
23383
15382
19718
19105
22164
16558
20065
19110
21753
19711
19288
16223
33441
20622
23628
16712
19143
21974
17030
22163
16420
22189
19166
19138
19276
19994
19596
15616
22731
16478
18252
23466
19313
18845
19279
19611
22493
16728
18697
16778
19319
22153
19390
16718
18648
20403
18819
19733
18317
23348
15770
19561
20796
21006
19002
31838
23559
19712
16625
21790
20300
16248
21953
18951
19985
18666
19787
18711
16594
22516
15830
19624
22435
19935
15510
22922
15785
22874
19661
19893
15185
19625
19378
22193
19443
30441
20492
21214
21932
16607
22784
18959
19617
16273
171785
33298
20764
19671
22139
16216
22831
16788
18884
22634
16341
18558
19428
19147
22477
20523
18877
19862
19604
15338
19152
22251
17000
22343
23782
14536
16645
19126
7170
232394
120230
20606
20089
19404
18858
18681
22400
19965
19269
19470
19384
18865
20074
15920
19846
21811
19712
15715
23103
16076
19460
22116
19591
16635
21799
16528
19480
21685
19456
15853
20143
22405
19946
30138
18575
19319
19694
18885
20102
21432
22744
19430
15760
22717
16960
22364
19426
18981
15990
19307
19629
18514
23140
16046
19312
19926
22243
16491
19752
22313
16243
19041
21994
16816
22551
19280
18846
16661
18938
20175
18887
22369
16337
22512
16491
19215
22368
19050
16275
19702
21965
19484
16247
22557
17631
20984
16098
23225
15851
18606
20687
21979
15669
22577
20108
15808
19476
22075
19302
19405
19278
16551
22164
30078
19366
20133
19942
20092
20252
19580
22450
19340
19462
19625
15283
13114
22393
19080
16623
21966
16251
22783
19471
19100
16178
19911
22401
18887
19323
16957
33082
20303
18883
22772
20948
16476
22332
19682
18778
26630
12012
17020
17869
20763
19071
19083
22605
19321
15783
33620
18867
9954
15246
22584
19902
16333
22115
19510
27871
10667
16428
19396
21772
20153
15680
20451
18423
22841
18897
16635
19063
18839
23336
15835
19329
19433
19379
22324
16255
22597
16330
22392
19769
15283
23303
19254
19204
19501
19088
16509
19000
22225
19486
16612
22561
15234
22779
16238
20083
21692
16048
23270
15328
7749
14611
22545
19192
20026
19307
16267
19066
22061
16198
22799
19202
16221
23102
16248
18666
22981
19137
16214
8156
16412
19887
19309
16145
18831
22970
19379
19515
16206
19082
23005
19310
18854
16299
22333
19735
19397
16666
22019
15826
22368
19526
19267
19425
19416
19475
22858
12832
22388
15539
19971
182370
68284
12686
19422
16928
18456
19258
22777
15896
19792
22001
19850
15894
22714
16601
21891
19359
16975
18868
18924
19850
19189
23092
15858
22358
15048
20517
22158
16389
195137
125921
8667
17345
19789
22134
16154
22432
15675
20040
21804
16943
21772
19641
16305
19463
22313
19769
19027
16401
19956
21481
20233
14866
19116
20168
19458
19298
18431
20489
19078
22382
32886
22651
16327
22523
19448
18832
31528
19687
18853
18654
18763
20142
20254
20515
23225
18612
19781
16620
18474
22902
19908
16112
22223
19429
15864
23603
17871
16446
22757
16638
19507
18917
19544
21850
16584
19566
18794
19944
21851
20013
13575
22554
16538
22388
15551
19513
22677
19687
15947
19546
22344
19285
19856
16196
21855
16394
23113
18536
20506
15627
20761
31555
20528
18807
20482
23930
16162
18855
22987
18919
30435
19562
19410
19684
20348
20890
22002
16346
22612
7155
14132
16174
22615
19773
15742
19274
20300
21930
16317
27928
13726
16226
19268
19807
22805
19481
18776
15989
19100
20226
22011
15417
20283
22842
19050
19071
19227
16651
22052
16849
22151
19330
15695
23047
19363
18952
16812
19271
22009
19889
16491
18448
22850
19364
18830
20937
14659
23770
21346
16625
19262
18918
19651
19507
25987
12597
16551
18787
19496
19438
19469
18977
19822
21917
17502
18421
18317
23783
16132
22106
16589
22601
18970
8333
10568
19941
21852
16408
19393
19164
22998
19007
17296
18222
22533
18912
16219
18919
19891
22394
16961
22232
19190
19494
16241
19119
23166
18437
19302
16775
22455
15765
19200
21630
17830
22011
15942
19336
20188
22779
17018
21053
16478
21889
19626
19265
20135
15956
19260
19256
22200
15841
23158
15967
19584
19208
19766
18882
20114
18777
19052
19944
18576
19499
19200
19951
18824
19385
22319
15862
19501
20467
21548
20038
164195
42090
19753
19638
15955
22770
16065
19336
22526
16214
18967
31502
7658
21835
17060
22052
16817
22087
19653
15583
19833
19293
22404
16692
19189
19007
22254
19568
7179
220825
120615
11381
22955
15976
20248
22331
19056
19045
19682
15593
19428
22432
19438
16728
22541
16389
18636
28129
14412
23145
14645
17137
22739
15827
19181
19692
19510
21785
16748
18650
23016
16038
20054
21769
16089
19664
22353
16542
22501
16017
21715
19903
15803
19810
33499
18478
20304
20009
19242
20456
20615
19060
22557
16447
19177
22318
31066
20353
20279
33616
19548
19345
20747
20244
19311
19328
19460
22862
15441
32095
10465
17783
20948
19465
15366
23419
19166
18849
16607
22272
19209
31403
20236
20929
21985
19271
15815
22566
19918
16286
32352
19180
19439
9706
16195
19464
21860
17069
22066
19683
19672
18283
19790
19120
15545
19927
20307
21512
19205
16717
22677
16194
21811
16176
22317
19324
18479
16400
19569
19283
18839
19340
22592
16482
28316
14098
26982
10922
19386
19940
16046
19502
21746
17718
18442
22165
18929
19671
18855
16327
20331
19300
19293
19265
19345
18605
22867
19482
19271
19097
19128
19632
16497
22470
16319
19734
21688
19589
16169
22667
16169
20337
33315
19301
20105
21969
21530
18864
15131
7158
19446
7276
14046
19201
16296
22121
19936
16035
22190
8135
14560
23114
15011
16389
22152
19190
17334
21957
15788
19623
19801
22490
19610
18506
16817
21897
16533
22055
16636
18854
18924
20490
22163
19060
16230
19483
19007
19838
22561
16156
22396
19379
19051
19550
19507
16534
18297
26219
16092
19482
15174
20507
19168
22562
15987
22808
9760
9047
22798
15141
20113
22357
16208
22993
16082
19646
33239
20892
23085
16218
19464
22074
16821
19745
19256
20273
21238
19081
16216
19132
22702
19365
19436
19509
197576
70092
9784
15902
19682
21843
18997
16104
22618
19632
16870
18214
20362
21826
19791
16003
22797
15794
31536
7615
18708
19207
19583
19701
22787
19077
16299
19881
19189
190155
128312
22144
19246
19943
18780
34307
11127
15826
18432
23420
16183
19842
19135
18877
17280
22822
16456
18885
22336
16578
22057
17028
19051
22076
22922
12924
22262
19299
16085
20041
18979
12216
12923
16795
18984
22169
19753
16071
22211
16044
19148
19613
22684
19153
15807
20045
18948
19719
22318
19048
15640
20722
21534
19458
15925
22958
16143
20174
19209
21948
16567
21849
16546
19305
22982
15589
22594
19372
19765
21427
14205
21637
19697
19167
16517
22535
16599
22858
15528
22378
19430
15443
23239
16691
18175
20200
19324
19056
7250
17630
16671
22129
19512
15780
23438
18547
16886
22199
19060
16600
22301
19552
19149
16805
22557
16011
19331
21964
16190
19907
18258
23076
16860
18455
20099
22174
15798
19637
34223
19943
23348
19071
19808
16736
29806
11670
19520
17753
17764
18955
19511
20972
17885
19416
29441
12673
15966
22734
18899
16327
18989
23061
16435
28462
9649
19005
20041
19080
22101
16790
21811
19527
17096
22092
15489
20235
19058
19425
22230
16579
19251
19271
22234
16627
22364
15899
19699
22492
19425
18869
16684
22299
15935
23436
16058
19061
22234
19461
16095
19746
22482
16261
24131
17202
19413
20070
18930
18820
24124
11384
22748
19350
16732
18800
23390
15523
19158
19964
31230
20852
9329
15332
22794
19389
15722
20010
22530
29685
9582
15060
19305
19771
22594
16223
19153
22484
20208
15569
19019
19427
22975
19069
16278
22123
19541
16428
19410
22253
19205
15810
23120
15885
19425
19766
22738
18883
18921
16426
19615
22320
19109
16677
22192
24013
15445
26770
10874
16974
21912
19469
19119
19494
8081
14461
15614
193514
69007
15045
19297
20337
17993
22658
18866
16059
23384
18622
19771
19532
15892
23071
24400
11000
18851
18868
23040
19064
16720
22373
18883
7678
11363
19508
18755
7446
204202
122652
16258
15632
23293
19400
19161
16570
21916
17049
18587
19807
22158
16620
22677
19419
29276
18796
10307
15468
21954
19303
24819
14169
19647
18795
16671
22513
15963
19569
19303
20079
22062
16406
17892
20722
18750
22897
19201
16208
19051
22584
16923
25085
19364
9931
19366
18663
16988
18266
20304
19147
18918
19970
18699
19597
19947
18923
21896
19748
19222
19458
19092
19873
19208
16089
21178
20322
16805
18582
20467
18987
19427
18841
19420
20548
21134
17425
21970
19058
31457
19038
19625
19247
18606
20365
30025
10446
22225
19124
19217
19801
18801
16692
19741
19430
21770
16540
21779
19951
18796
20344
15666
19686
18882
25786
13635
18222
19521
19738
22676
19441
16457
21776
16015
23912
15288
22502
18705
17280
21681
19432
19663
16653
21295
19979
16416
22180
19195
15922
22683
19380
19663
19389
16165
19463
19486
22221
19309
19851
19188
19220
15861
22784
15154
20928
17856
20579
21964
18847
32313
19428
23943
15387
23287
19008
19600
16232
22095
19491
30102
20337
19570
20650
23229
16087
22461
19341
16156
23308
18704
15926
19629
22140
20332
18948
19671
18867
17010
18975
22276
16502
21948
16721
19292
19517
18920
22570
19631
15712
19703
22474
18882
19661
15703
22786
19810
15356
19720
22887
19065
19865
19000
17108
18875
19492
21645
16627
33400
19987
20629
23284
19052
19546
31207
20319
23645
16148
19676
21872
16553
22614
16226
19350
21507
19589
19489
19102
19460
20044
16096
18543
23347
30639
18711
20186
19965
24046
18616
16852
19121
22478
30030
22809
16370
22425
19521
19284
19711
16282
22317
19251
19208
16747
22363
18652
154844
22314
13005
19892
22785
18005
20200
15999
22153
19445
19319
16527
19007
20393
22001
15193
20186
19503
21899
16247
22390
15814
23402
16071
19831
22333
18659
16821
7694
220091
97376
18694
18877
11660
16509
19301
16424
18600
23162
18940
30994
19892
19037
19476
19973
21099
22200
19126
19829
16641
22201
19214
18717
20010
16252
19107
19128
20224
19010
18586
23276
15784
22730
18824
19022
17200
19529
21957
19371
16074
22813
16207
19341
19630
21702
17459
34125
23547
19589
21543
17276
16065
22965
18376
19828
25790
10125
22098
16050
22383
19543
19207
19940
15798
22454
27260
8543
18661
19953
19248
19407
22350
17444
21269
22412
16379
19566
16816
21902
15541
20069
22274
16176
22332
16546
19560
18738
19470
19361
22523
19510
18750
19865
19123
16296
22433
19658
19307
19953
18893
16011
19764
18538
19682
22767
16427
18953
22579
16360
19220
27711
11317
31603
9946
16564
11880
21655
15974
22676
16538
19321
18892
19748
19987
21593
16298
19282
19481
22656
19656
19262
19518
18739
19261
16256
19840
21963
17056
21835
17035
21975
18984
19664
15645
19753
22161
24210
11912
18698
18828
20537
22962
18906
15427
19399
7381
15233
22332
15083
20558
19466
21917
19518
16001
20411
22097
19180
18574
19828
19570
19591
18938
15834
19812
19738
18717
19677
22381
15625
20424
18955
22063
16384
23004
18917
15795
22781
16179
19585
19902
18215
22438
20271
19082
16253
19794
18663
22494
16340
22565
19115
31182
19293
20550
35065
20373
19694
23715
18979
19428
18546
16603
22483
15547
23281
19629
16211
19310
19303
19583
22822
18778
14967
23637
16147
19490
19363
22720
18703
20432
18379
15506
23098
17051
18291
22872
19610
18862
17916
18415
21673
20427
18619
19148
16573
19573
19057
22651
16429
19231
21860
16861
19366
19627
189256
69532
21533
15992
17990
23442
19345
15883
19837
18223
23347
9902
9621
18754
19630
21943
19512
15997
22333
16481
23610
14795
19684
22461
19307
19408
19221
19143
7494
203862
123241
9162
22578
19403
19658
19287
19117
17004
22185
18814
15706
19424
22963
16165
20302
18723
22791
16049
19501
18900
22768
16640
21775
16813
19223
18979
19618
22074
19218
16719
22232
19653
18723
17016
22638
16173
18115
20339
19492
18388
19522
22682
19710
15627
33785
18699
19892
20929
20935
22041
19081
19892
19099
19465
15714
23312
15119
23535
19085
16497
18868
18912
19690
23825
18358
15754
23529
18878
16232
19586
21571
19923
23572
12972
18414
22675
19450
18947
19632
15858
19682
20066
18560
22491
16810
19115
22306
19219
16533
21947
16846
18891
22932
18659
19925
19197
15991
19785
19326
19410
19005
22190
16771
18955
22581
15948
23225
19073
31454
21024
21671
20693
15735
22169
19102
16010
22333
20550
15451
31247
7872
18527
19658
23219
18785
16192
19506
22410
16497
18958
19572
22001
19427
16288
22697
19118
19005
19271
16236
22887
19559
19269
16460
19525
22150
17046
18273
20508
20973
17034
19416
22089
16150
22394
16002
22882
19293
16050
19446
22441
20082
18682
15974
20544
21575
16240
18989
19523
22128
19723
19685
19904
31456
22938
17131
34466
21572
21503
19731
16088
21892
26249
12457
16628
15851
20416
18993
18699
19959
18610
19579
22318
16469
18640
22881
19993
16211
22293
19112
20124
25623
9701
19018
19627
19704
22257
18898
16331
19023
22552
19859
18846
15924
22745
16353
22878
15536
19912
22897
18945
19273
19006
16718
22864
18489
19395
16897
22342
18978
19331
16381
19444
20952
20369
19651
16649
22639
18600
16578
35712
23402
18649
19367
19405
16305
23319
18685
16577
18415
19574
20031
18325
20120
19723
18348
157188
30033
20574
18638
19306
18682
9684
19256
19932
15126
20184
18274
20117
19538
21930
16510
22461
16738
21347
19772
19080
16066
22737
16448
22248
19625
19348
18523
8110
241260
96808
18234
16641
22350
16367
19512
19200
18704
23000
16788
19018
22041
16569
22297
24419
14288
15386
19950
19461
22873
18979
15732
19499
8540
17451
15263
19188
19989
19359
19253
22424
19302
19092
26004
12971
16212
33131
19183
18880
20254
19574
19600
7645
19692
16261
22348
19303
19861
16474
22109
19140
19708
19074
18986
16317
23519
16004
21413
19502
15989
23200
15991
22073
20440
15764
19219
22254
16291
19303
33764
19610
18943
21784
23133
15583
22845
15760
19710
21594
19987
16414
19089
23771
18397
15534
19901
19298
19916
22033
19451
16589
22164
16202
22421
19788
15834
19661
28743
9630
21997
16866
22312
19316
19179
16772
18660
20394
21366
16329
19230
19528
20109
21729
19402
19542
301681
19752
18869
19747
20652
18425
22381
20145
16471
18074
19451
19215
19383
22882
19441
15738
19650
22394
20517
18182
15934
19574
19604
22571
15957
19259
19928
19299
18989
22301
16777
22037
19679
19483
16352
19403
22471
15447
19722
19352
22859
18660
16247
22721
19157
17282
18589
19087
19339
22343
16186
19394
20001
19268
32985
20093
18794
20248
18964
19068
18277
19645
19751
30533
14184
16117
18938
19728
19519
18973
23075
16216
18440
22830
19366
16287
22581
19521
19675
19111
19086
19117
30676
19246
19945
18878
19502
20562
19672
20711
19348
8161
16894
16344
19128
19089
19768
21984
16731
19034
19671
18962
22947
18886
19122
19478
16651
19297
19000
19362
19771
21789
19525
16599
22746
16227
21758
19523
16422
18903
19668
34190
18866
19449
18883
18779
20364
26818
14567
18724
22564
19283
16668
19180
22411
19690
16713
18969
19163
178342
69220
15494
19451
19343
16770
23030
18514
18884
30415
20400
18738
20609
23321
20256
18807
19287
16255
19748
22117
16881
18656
22405
20178
8100
12723
16890
18820
7379
223831
121334
11837
18754
19728
19069
22388
19502
16005
23569
18680
18815
16810
19501
22010
19296
19623
19579
19087
18559
20124
19141
24150
14862
16589
18465
20474
18941
22125
19083
16715
7959
16988
19243
15705
20134
19307
22282
15794
19774
19523
29151
12241
19360
19839
16083
22943
16414
21556
16665
20353
18237
18905
19459
19603
19182
19634
18807
23095
15955
19473
19633
22399
15871
19767
22476
15752
23195
19482
18736
19317
16394
22158
16035
22775
15391
23367
19769
15182
20340
23978
17158
19390
19580
16215
22370
25339
13738
16621
18044
23501
18784
19576
15725
22706
16687
22577
15816
18786
23817
18830
19111
19370
16768
19370
19664
18664
22729
15983
22875
18815
18985
20180
16097
18861
20089
19138
22061
16100
19689
21994
17089
18465
23344
15405
19885
21958
16066
17729
19107
22562
19076
19741
18851
19481
19210
19930
19178
19089
16630
21976
16532
18821
19680
18815
22364
16686
21897
16993
18469
7182
15260
22281
16209
19389
19633
22203
16216
22737
16447
27101
14220
15353
23359
16289
19882
19056
22301
19124
20370
14932
22731
16866
19246
18581
22938
18757
17172
22976
18122
18364
17404
19123
20076
19369
21899
15484
23555
20169
18282
16334
22638
19682
18497
16849
19294
22794
18810
16240
19241
22634
19278
15866
23025
16550
31828
10103
7451
10661
19286
23364
18363
16511
22897
15987
25835
16076
15193
20512
19280
22507
16355
22630
16328
7304
14121
19790
22170
18660
15962
18900
23417
20176
19050
19167
15592
22741
19743
19928
18545
16148
19331
19347
23103
15290
22900
16287
22290
17861
20566
19323
20671
18476
19405
32131
20254
186860
68834
19227
19287
18559
19810
18945
20041
18862
19157
20339
18941
19549
20033
20112
20121
19512
19331
19102
19708
18716
20262
22217
19043
16757
21974
19109
20088
8013
245572
122928
20130
19565
16830
21736
16548
18892
22912
15531
23330
30364
19306
18405
18868
19945
19562
18857
19487
19507
19229
20143
20666
23676
19199
16028
22975
19107
19735
16771
18265
22873
20242
18112
19384
19481
16174
22917
18608
20326
15804
22988
15223
22403
19630
19312
16628
27583
10864
23024
15168
20214
19549
18561
19788
22841
7158
12659
18114
18948
22523
19498
19840
18497
17106
22502
25232
12960
19672
15869
19901
19069
22092
16323
22545
16632
19110
19443
22077
19696
19119
19247
19450
19537
19548
19246
16306
21974
16573
19153
21949
19863
15998
19719
22001
16539
22280
17040
19357
19429
18480
19389
19528
19000
19879
33547
18801
19808
18738
19830
19492
27835
16857
19247
15810
22194
23325
20171
15602
22039
19875
16317
18578
19087
20361
22233
19048
16718
18857
22807
18816
16254
22753
19333
19260
16827
19170
19612
22777
18260
16656
22215
16311
22698
16449
18938
19681
22723
15975
21715
15867
20343
22130
19211
16548
22046
7657
14569
16409
18461
20757
18516
19353
22168
16876
22335
17555
18088
19184
19683
18487
23542
15451
22555
16091
20062
21526
20159
15993
19604
19106
22800
16167
22384
16068
22531
15644
20325
21931
19048
19273
20350
18497
16630
19070
22743
15985
22371
19340
19927
18846
19337
19468
19281
16006
24852
14738
21312
19931
16590
21933
29180
20301
7373
16946
23197
19267
19721
16517
21655
16633
32514
20194
18472
19249
9772
15528
19847
19710
19241
29966
8109
19492
19505
19277
19072
22339
16917
22456
16181
19111
22753
19464
18566
16989
22145
18948
19810
19999
15813
22258
19246
19545
16230
22431
178646
66850
23679
10140
19409
19193
16900
21789
19652
19031
19059
20082
15723
22571
19667
19040
19699
16073
21731
16640
22965
18916
19379
16276
19959
21768
16552
19058
19441
190251
124194
12728
20152
19341
27160
11149
22651
19401
22926
12139
19440
20038
18502
20142
19009
21710
19497
20501
15977
19309
21895
19782
15776
20008
22301
15758
20858
21153
16305
19446
19490
22412
19448
19640
18801
20944
14665
22702
19229
16969
21551
16859
19129
18497
33141
19374
19874
19360
19083
19650
19277
20184
18851
21900
26943
15343
15409
23381
16577
18399
22724
19444
19863
25629
11994
15685
20385
19491
22442
16337
17179
19150
10666
11086
19136
19642
22210
16370
22599
19097
20183
15484
22937
19316
15927
22353
19182
16415
18919
23043
19305
16123
18892
23057
16528
18808
22628
19250
16663
26901
12133
18973
33305
18562
20564
18786
18658
10191
22559
15866
15170
19019
23307
19220
16306
22138
19272
16951
22284
19006
16439
19210
19375
21682
18378
20999
16236
33416
20651
19194
20798
22514
16755
19764
18316
21986
18140
17554
23315
16032
19501
19662
18869
19333
19288
19869
21478
16928
19620
19189
22162
15806
19907
19907
19506
21494
16984
18911
22221
16903
18585
22643
19110
19082
19801
19613
32482
20042
22191
15974
19743
22349
26487
12313
16519
18572
22458
20106
16348
18860
22611
16215
19479
22135
15501
19589
23435
19249
16310
18958
19141
22194
20435
15052
22993
19026
16477
22858
19704
18900
17014
18323
23005
16362
18641
19056
22822
19592
16068
19740
22384
15345
20100
19359
19651
18951
19484
19541
19835
21562
16969
18179
23188
18856
19910
16405
22313
29754
19671
19019
23119
18721
19441
19028
18904
22690
24893
10875
19399
18790
23004
19666
15828
19107
19131
22793
19871
18789
15480
20261
19905
18266
19701
21300
21219
163046
42367
16852
23639
16125
21944
17047
22297
7875
13898
16607
17789
19999
22779
16652
19272
19387
22285
25010
10575
19077
22574
19067
20126
15584
22462
16220
20523
7638
236805
125178
13129
18851
16842
19925
21781
19974
16017
34706
23743
19708
18476
19432
16408
22666
19122
19523
15703
22912
16253
19440
19119
22423
16623
19609
22132
15560
23063
16776
21576
16777
22538
15895
28556
10543
18069
20546
19330
22095
16454
22394
16240
19064
22793
15778
22995
20013
16013
21758
16851
19319
19024
19544
22305
19787
18851
19328
16798
21889
16706
19228
19123
20111
21814
15687
23183
18928
16158
22836
24737
10781
22100
16800
19056
22873
18830
17028
18350
31596
11256
16216
18317
19929
18726
22781
19010
16829
22673
18739
16319
18779
19697
19682
22301
16150
19264
22578
31369
19727
20292
19558
20305
21731
19824
15431
23461
15606
20188
18132
23379
18666
19282
16816
22415
16353
9994
30007
10922
19642
19092
19603
16335
19271
19300
22301
16715
19516
21915
16780
21810
15825
22966
19823
19121
19237
27705
11007
15889
21013
18893
19060
18685
9077
16413
23151
18845
19311
16457
22382
16398
19025
20071
18879
19142
22778
16190
22109
19311
19315
19271
17189
18482
20008
22013
19684
16307
22532
18717
19496
16838
18903
18160
34623
19061
20505
23477
15867
23168
38471
17039
19157
16787
18460
23037
19251
16057
19251
8245
14357
22220
15197
23357
15702
22961
16549
22075
19709
24594
13767
15471
19890
19772
19782
21396
16635
22743
17282
21346
19084
16815
21956
20067
15789
18927
19723
19101
19468
19504
19451
18871
21096
17874
19360
22911
16166
21635
20526
19090
15743
18525
20498
19321
19419
34114
18974
18599
22244
19544
22149
16177
18947
20056
27551
13812
15769
18841
23188
15323
23379
16414
21949
19687
18900
16938
175689
67861
15604
21339
18876
21366
19810
19611
19503
45202
19498
19782
9548
15452
23256
18664
19457
18761
16303
22811
19436
19710
16248
21892
19790
18965
20145
15822
7931
248718
122015
19158
18228
23018
18908
16408
22460
20026
15672
22834
15998
22127
16312
20164
16587
22261
15729
23760
15244
25502
13395
22350
18789
19258
19707
15913
20012
19813
18785
19046
19924
21986
16279
19443
18802
20083
21978
19527
16994
18669
19731
21531
16481
23191
16005
22347
16530
21727
16670
28542
13419
16103
19756
22364
18618
16133
20208
22379
16807
21568
16155
22323
16843
19482
21759
19353
15959
20158
22201
16148
19761
21748
16488
22282
19000
19446
17597
18179
20309
21620
16738
18637
19980
18452
23192
18594
20013
35526
33656
23087
15486
19614
22770
18713
24092
14643
16676
19465
19102
22551
17264
19416
21133
17338
18364
18900
22783
19400
16488
18952
20043
22172
16428
28558
9230
18600
19130
19700
22298
18447
17270
19200
19077
21906
20634
15456
19703
19021
19743
18749
34037
19071
20007
18807
20626
20999
19389
19064
19143
8215
16663
16038
18819
20524
18943
21942
19645
19529
15953
32945
20447
19246
18476
19851
18639
9678
15451
19845
18998
21134
17615
22415
19468
16428
22660
16415
22554
18764
16629
19219
21953
16471
19737
19428
22394
18788
16728
18948
19899
22401
15585
19420
20085
18875
22393
31374
19086
19619
21008
22484
19203
19668
16245
22286
27414
11507
19302
18737
20349
18615
19328
19584
19503
16585
18789
19279
18797
20095
22726
15992
19227
19123
20179
27583
10762
18082
20441
19471
22338
16507
19529
22052
16906
19220
19325
21927
16398
18739
23356
15825
22294
19524
19585
16591
19653
17775
22993
16217
19287
19854
22232
16066
19868
21973
19777
15589
22530
19893
19246
31153
20085
24051
30964
20758
170092
68049
18941
19909
18859
18840
20185
20010
19387
19678
18610
19968
19035
19468
20402
20728
22582
18507
17179
19160
21835
19920
18964
19143
20279
18516
15871
20060
8399
238795
97703
25056
13344
18191
19748
23040
16489
19372
19206
18880
20087
22399
16091
22603
19423
15649
19489
19176
22671
16786
18640
20011
22264
16049
19416
21954
16668
19147
22728
16072
22134
16992
22174
16105
18607
22524
20246
19005
16304
19161
18827
23379
18959
16210
22370
19985
31455
20605
19049
19320
20246
21517
16980
21980
19805
18855
30405
20041
18821
18521
20053
20323
19494
20404
20364
28419
9310
19477
22766
16964
18950
22724
16974
18878
19382
21853
16529
19117
22483
16074
19845
18707
19267
19728
22420
19646
15369
19718
20097
21914
16374
22606
19093
19107
16653
22119
16198
22753
16208
18939
22410
20054
15923
19294
18303
23246
16857
22292
19237
18933
27716
11027
16723
18032
23563
16461
15989
19478
22161
17397
18663
19094
22477
15936
19901
19390
19231
22241
16574
18787
23061
16091
19003
19321
19859
22311
19358
16372
22359
19295
20168
15030
22471
16051
22800
19483
19565
16235
25225
12560
19983
19851
19500
21557
16407
19865
32153
19544
19023
19814
9549
19112
18545
20085
15521
28774
10272
19523
19690
18642
22462
16764
21719
19762
19425
19302
16717
22685
19034
16257
19282
22017
19815
19328
16251
21969
19870
19013
19096
20000
16210
22525
30548
19523
18445
20120
18665
20370
20911
22610
15793
22492
20375
15001
34997
19111
19960
19051
20266
20887
29269
8773
22720
15499
23598
19148
15810
22097
20425
16492
21628
18996
16020
23099
16271
18821
19532
22451
19625
26087
9372
19047
20090
21754
19826
18738
19905
19427
15751
22633
15989
20932
18979
16293
19610
18846
22681
19723
18496
16606
22774
16225
21947
20427
183286
69028
28358
14525
16171
19710
22939
15804
20050
21733
17518
19471
21004
19621
19139
16185
22599
19521
19629
15170
20425
21615
16841
22082
19338
18969
19643
16203
8700
246977
97958
10207
22596
19621
15584
22615
16618
19923
21700
19491
19117
16618
18745
18863
22774
16707
22253
24689
11246
22770
19248
15743
19810
19379
21975
19489
19328
19544
15732
23278
18516
15903
20238
22374
16219
20053
21194
17406
21788
16397
19519
18455
22769
16829
22201
15809
22620
19466
16555
22435
19209
15969
22816
25491
12776
16589
19696
19392
18564
22557
16215
22919
7192
11423
22646
15692
19774
22408
19127
16399
19355
19484
28278
10115
19792
19707
18368
19558
22561
16773
22115
19884
18303
20340
15849
19628
21902
19749
16316
22182
19782
15776
18620
19467
22712
16821
22490
18892
16953
19088
22212
19273
16121
19914
22403
15229
21512
17610
22663
19509
19233
15752
20410
21995
19133
19105
16767
31327
10162
18980
15295
23620
19337
19289
19478
19682
15820
26471
15249
16126
20183
22256
19081
16606
22551
18717
29187
19509
10241
18666
19320
16050
22311
19774
15881
19810
19502
22131
16358
19392
19218
18999
19112
22774
19964
18848
16192
22599
19302
15989
22901
19140
19964
19523
18380
16625
22168
20071
18697
17915
17413
20113
23146
19029
7194
11005
19839
21973
19347
19430
18791
16124
22765
15915
19174
23000
19290
19594
19395
19473
19463
19687
18902
15589
22572
16831
18922
22343
19709
19712
16754
21610
15750
19620
19904
19016
22421
19118
17023
18287
22661
16010
23124
19286
19477
19353
16099
19247
20089
18847
19238
19137
19666
22109
16220
19146
22339
20072
18992
18824
15851
20146
19607
19860
18846
19207
32617
20267
18998
19328
19760
19302
20480
19936
24126
18355
17320
18268
19482
23087
19271
18668
16752
19702
21809
176144
43399
20891
22313
19082
17094
22104
16606
31576
20123
19977
12947
14584
16389
22649
17355
21180
16378
21604
16940
22358
16478
21912
19945
15734
20117
19119
29610
7890
231502
97577
16284
19816
19192
18634
23556
15692
19640
35061
22853
16620
22100
19768
19070
31488
20530
19861
19661
19419
19078
18687
23142
16405
8846
13028
21981
16535
22438
18879
19661
15910
22601
19785
22294
16306
16550
21727
16872
19312
22382
19299
19057
16056
19169
23278
19055
16405
19000
22324
16640
22015
20389
16256
21657
19235
19415
19476
20088
15028
20282
19548
18928
22596
18794
16497
19727
19054
19327
22449
31192
20183
23406
19487
16691
20149
21225
19699
16246
28278
10363
22572
18922
19005
16887
22796
15590
19811
19150
19243
22309
16021
22624
19738
19442
18898
16159
22677
20246
18926
18665
16460
19913
21440
19671
19756
15678
20388
17957
22933
16378
19794
21896
19946
18897
16150
17494
22380
15087
20190
19521
22393
15928
19773
20111
22431
19288
15102
19691
19148
22962
19023
19593
19229
30315
19748
19353
18683
19027
19255
20151
19157
20502
7148
19197
16027
23175
19189
16557
19077
22384
19279
20345
18007
16931
21730
19682
16231
22662
15671
23049
19811
18805
19134
19661
16016
22610
16273
22337
18894
20355
18481
19476
43236
12953
19238
16173
18959
22942
19882
15415
20190
18053
23025
19057
17833
15525
19898
19113
18737
19272
20758
18766
19210
19097
19459
19179
22713
24701
14365
14989
20501
18375
20316
18896
22814
19076
16621
22173
16537
22451
18849
16665
19244
19116
22199
19927
18958
19846
15653
19290
22374
16794
22409
16044
19958
19051
21898
19360
17020
21933
16947
18986
21951
22996
13041
20962
17452
22743
16426
18177
19433
23315
30897
20430
23516
15326
23417
19480
19001
19683
19309
16206
18961
22502
172635
69730
17800
20343
18741
19172
19902
18896
15785
34684
20746
19097
19713
22377
19570
27202
8276
22343
16448
19867
22100
16700
19635
18318
20348
19163
18912
18668
7220
245429
97213
17797
16433
22753
15965
22036
29913
20127
19923
19344
20154
24141
18947
16215
22331
16317
19667
21416
17013
19304
22321
19552
16656
18801
34296
19565
20828
22624
15849
23183
31523
23711
15221
18806
19356
20138
18262
23517
15281
19509
22726
15851
19278
20489
18573
23307
18769
16396
19564
21990
19859
15217
19681
22734
18979
16138
19593
22813
16628
21590
16788
22830
15678
19630
18116
23255
15928
23159
15754
18940
19691
22999
15363
22905
18968
19824
19326
19461
16210
22568
19128
19323
19282
19987
15123
33723
19923
20401
22844
17515
19931
21922
15702
19192
29855
12455
16226
19244
22513
16558
22231
16392
22196
17009
21866
19197
19279
19584
19358
16455
19061
19440
19301
19581
22197
33741
14654
19201
19682
18287
19399
23338
18485
17142
21858
19179
19648
18720
20307
19348
23770
14374
19014
16315
19309
20169
18639
19723
19138
19893
18676
19102
19460
20707
21200
19844
15966
20260
19159
18514
19941
21853
16418
23044
15604
22820
19177
16416
19033
22352
16836
18327
20098
19281
19447
21821
16553
19167
19395
19609
19269
22542
16356
22461
19389
15985
19760
22374
17393
20808
19507
19059
16194
22869
19928
19367
14828
20308
34593
21000
19309
22110
17051
18804
29253
9600
21998
16700
22236
16566
22212
16076
22071
17323
22076
15830
19508
22713
15925
20011
18976
18787
22981
23598
11631
18581
23179
16960
21764
16630
19645
19361
22200
18997
19323
16977
18675
19830
22015
16331
19162
33489
20044
20763
20548
19400
18099
23199
15760
20335
19088
19515
21972
19240
16630
22602
19439
19532
18635
30787
19049
18717
21878
22873
166078
43244
17533
19277
16426
19171
22255
19742
16437
19001
22491
19461
15827
22594
16550
19510
22600
15630
19469
19845
21936
19733
30348
18336
19566
23333
21560
19923
7519
245820
122858
26774
13846
15692
19883
19020
19562
19277
22097
19718
17019
21575
16174
22256
19890
15695
23013
15271
20076
19628
19341
22221
16817
19295
21678
19711
16626
18887
23060
18243
16733
19015
19435
235084
96461
15770
16015
20112
18923
19081
23077
16234
19285
19304
22456
19476
8133
13542
16636
21973
16374
18602
23133
19483
15875
19678
22538
16813
21933
15533
20142
19070
19764
22236
15661
19946
19517
19097
22101
16397
22638
16174
22392
16495
19081
19342
34591
21021
19584
21910
17397
21654
25610
13041
19620
15564
20000
18916
23497
16096
19344
19282
21807
16951
19045
21900
16015
22534
16615
22482
16369
32800
19563
19214
20393
19766
19702
23624
19673
20037
7511
10285
22538
19272
19615
20609
22990
16166
21804
20282
18800
19629
15774
22132
20280
15466
22600
16847
17393
21729
19741
19194
19205
19117
19568
16630
18798
23621
18102
19715
30965
18920
19010
18755
19407
9529
27618
7838
18433
19147
23166
19319
16334
22611
18668
19503
19420
19555
15593
22943
19205
16870
18706
19119
20107
30106
8650
18885
22513
19508
16474
21835
16523
22553
19507
19009
19077
16241
20046
21994
16210
19562
22558
19439
19400
19064
19178
16476
19007
18702
20189
20212
19067
21961
23282
29925
21948
15256
22915
16953
18526
22211
19594
19903
31418
21148
19315
21910
16412
19748
33660
18897
20339
18769
18745
20482
19970
20002
18995
18216
18908
18779
19978
18659
19486
20059
20475
20200
22874
19343
18839
15724
20431
19265
18861
22660
19066
19925
7579
13979
16370
18910
19311
19887
19728
22030
19112
15971
23420
16066
18482
19907
22585
16177
181294
44099
28444
9241
21861
19377
19802
18935
19307
16793
19521
19430
19188
19056
22364
19341
19644
19496
17612
17291
19639
22329
15645
19569
19148
22899
15973
20084
8398
218553
122534
13123
20210
18985
19400
22535
19557
16138
28775
10504
19525
18461
19282
23169
16011
19001
22296
19917
19289
19579
16396
21856
19683
19262
16656
18984
19370
20152
18849
19791
32155
18881
19631
19388
20443
21266
34774
19051
19304
20614
20025
23023
19056
18775
20416
16002
19332
22278
16713
21607
16713
22302
19762
42896
12893
15237
25444
17113
31410
23697
19451
19441
27692
31654
12979
19025
22450
18867
19857
19557
19453
15190
28296
14318
15908
23496
29088
20333
19828
20243
23205
14174
35157
29765
12035
22417
18775
19499
19301
19303
15997
20584
21930
15731
20119
22236
18901
15800
19779
23243
18526
19408
19695
19347
20126
18301
16720
21772
20367
18941
18625
16983
19312
18815
19818
14951
21533
26575
9340
18418
23065
16568
19387
22882
15887
19740
18362
19860
22251
16625
19205
19022
22514
19181
16673
22738
18553
19063
19461
17035
18699
20049
22197
19220
19706
18460
16700
22612
16083
19603
18897
19925
21757
31951
18381
19435
23256
18179
19682
21771
16166
19610
28816
12696
16586
19184
19723
19052
22576
19047
19553
18987
29819
20187
18862
19168
19249
18886
20267
19338
18669
29805
12671
19406
19420
22251
16218
19889
18523
19087
19711
22575
19410
16007
22626
20394
18166
16435
22336
19757
19226
23673
29767
22035
28756
24648
20933
19866
16513
19038
19297
22066
19665
16622
21828
18939
17092
19592
22022
16004
22733
19327
16435
18876
28242
11066
26993
13657
17350
18384
23254
18948
19022
15704
23074
7392
15583
17840
16059
23465
15972
19477
22357
19581
30907
32918
24039
7410
29323
20702
19371
23758
41261
14009
145755
40029
33586
7748
18622
20603
21460
18886
16869
21053
22833
14298
7039
31349
19260
20034
19991
20096
29604
10614
26669
9124
18410
19758
21942
16882
19521
29603
7449
230179
99902
16137
19066
18396
19541
28065
22632
10709
15000
20726
21979
16800
21108
28472
7391
22866
17373
14320
21771
18503
19225
19763
19784
29591
24741
20009
19426
19267
8710
19531
15957
25248
16657
9864
8362
22820
19159
19055
19290
16646
19502
22537
16153
22189
19397
19357
15569
22234
20087
19105
16447
20866
17718
19102
22700
19297
19528
18680
17117
21994
20493
15459
32987
21518
21446
21335
19092
16430
22195
26792
12273
16861
16350
22743
19355
19588
19189
19834
16049
29325
11713
16592
22341
19605
19344
16493
21879
19389
26596
9538
18552
19702
23210
18679
23077
13882
21419
17077
21353
19167
19436
16195
19845
18783
22679
15870
20975
21117
19322
19633
16136
19302
19587
19201
19189
23947
14195
19930
19441
19628
18977
18711
22772
16597
23266
15231
22576
15102
23267
16065
22549
16589
22091
9729
32495
23030
9242
20450
25881
15000
16225
22541
19487
20452
12051
18876
29671
35702
7619
11467
18701
19345
19666
19316
16797
19005
7868
21053
11997
23133
18983
17110
18315
22208
16815
19051
19929
22096
19621
18870
16810
18874
22307
15752
22816
19723
15777
19683
22153
18146
20634
16544
33379
20061
20192
20310
22471
17066
26674
14158
16594
18292
20171
19425
8000
8005
7718
7732
7796
7632
7583
7169
7405
7791
7631
7670
7660
7610
7910
7516
8014
7760
7496
7810
7508
7600
7617
7605
7980
6680
7370
7740
7334
7504
7594
8584
7817
7579
7666
8164
7728
7588
7660
7647
7912
7790
7712
8175
6969
7256
7802
7635
7711
7774
7529
7787
7518
7764
7898
7702
7613
7447
7576
7376
7683
9003
166766
7182
7772
7708
7654
7614
7591
7819
7620
7395
7666
8013
7814
7617
7708
7508
7816
7814
7938
6969
6895
7795
7567
7787
7728
7767
7727
7591
7837
7648
7830
7649
8554
7886
7975
7887
7785
7570
7630
7599
7733
7803
7776
7451
7571
7654
7725
7188
7083
7551
7707
7508
7549
7548
7589
7571
7584
8277
7698
7742
7591
7451
7552
7455
7596
7576
7138
7248
7978
7805
7774
7446
7656
7756
7622
7946
7828
7401
7858
7600
7614
7892
7522
7692
7869
6813
7500
7429
7608
7572
7661
7661
7830
7926
7471
8805
7535
7797
7687
7830
7804
7660
7693
7773
8017
7845
7739
7651
8497
6776
7451
7537
7783
6950
8260
7738
7550
7856
8487
7866
7239
7703
22719
7261
7915
7682
7668
7498
7851
7625
7673
23089
9421
6933
7702
7828
7570
7730
7761
7875
8677
19742
8093
7864
7633
7547
7609
7785
7817
7589
7845
7295
7687
8194
7733
7693
7358
7676
8404
7738
7200
7626
7800
7610
7653
7602
7931
7404
7673
7615
7920
7820
7730
7609
7967
7759
7717
7808
7784
8451
7387
7657
7606
7659
7679
7873
8025
7738
22256
8135
7689
7750
7717
7733
7650
7413
7797
7626
7748
7505
7848
7735
7354
7591
7817
7825
9975
7689
7255
7734
14987
6785
8285
7639
7874
7599
7684
7769
7720
7802
7516
8453
7523
7540
7607
7516
8071
6830
7916
7766
8002
8750
16201
7296
8025
6943
7493
7722
8053
8389
6770
7804
7936
7861
6933
6830
6861
6876
6916
6871
7074
6898
6891
7345
6848
8175
7090
6921
6868
6912
8292
8190
8297
7196
7196
7070
8251
7310
6831
6943
6907
6899
6825
8128
6784
6846
7820
7843
6932
6899
7019
6874
7268
8194
8122
7227
7314
6987
7021
7156
6778
6921
7302
6742
8091
7753
7528
7615
7783
8634
8295
7169
7681
7497
7739
7481
7554
7740
8702
8129
7410
7976
7589
7713
7743
7934
8565
6751
7844
7432
7255
7789
7667
7467
8661
6899
7630
8360
8129
7210
8127
7601
7708
7759
7761
7902
7432
7549
7685
7958
7775
7511
7720
7641
7876
7751
7606
9043
7292
8435
7930
7892
7982
7718
7594
7928
7632
21812
7874
8377
7518
7525
7092
7808
7828
7744
8017
7229
7650
7955
7745
7768
7783
7974
7753
7739
7792
8039
7472
7823
7991
7765
7474
7994
7646
7806
7871
7595
7720
7631
7702
8482
8538
7561
7994
8049
7926
7771
7462
7985
7741
7728
7601
7483
21047
7783
7610
7698
7995
7703
8889
7769
8280
7329
7295
7692
7579
7594
7570
7698
7695
7520
7616
-------------------------------------

