EAL: Detected CPU lcores: 20
EAL: Detected NUMA nodes: 1
EAL: Detected shared linkage of DPDK
EAL: Multi-process socket /var/run/dpdk/rte/mp_socket
EAL: Selected IOVA mode 'PA'
EAL: VFIO support initialized
EAL: Probe PCI driver: mlx5_pci (15b3:1015) device: 0000:03:00.1 (socket 0)
TELEMETRY: No legacy callbacks, legacy socket not created
Count core: 1
Number of queues: 1
Connecting to port 0 with 1 queues
ip: 192.168.1.1
server port is 8080
Expect the server to change the location of timestamp by 20 bytes
sending ARP requests
mac address for server 192.168.1.1 received: 9c:dc:71:5b:42:81
ARP requests finished
-------------------------------------
9161
8920
7986
8502
8435
8522
8512
9074
7946
7939
7692
7886
9171
8699
9278
9221
8970
8264
7765
8040
7835
8003
9154
8609
8495
8204
9764
8448
7541
8164
8488
9379
7879
7846
7929
8341
8632
9717
8833
8689
7668
9328
8110
8113
9194
8348
7645
7658
9164
8689
8147
8328
8043
8271
8592
8036
8569
8840
7551
8060
7896
7675
9512
9576
9097
8371
8518
8076
9362
9134
9061
8030
8522
7866
8150
8471
7902
9211
9007
9014
7879
8254
8076
8458
8046
7825
7846
9328
7682
9231
8873
7702
8575
8264
8140
8210
9174
7728
9144
8050
8565
8982
8969
7579
8337
9772
8176
11181
7798
7769
22700
8249
7712
13473
8595
9133
9165
8944
8475
8555
7897
8954
8236
8475
8164
8126
8713
8166
9321
8020
8156
8156
8701
7441
8457
8108
7666
10144
8146
8566
7555
7976
8029
8686
8094
7646
8872
8460
8507
9052
8897
9412
10133
8573
8567
8174
8832
8418
8915
7868
8773
8306
7712
7870
8318
8760
8697
8336
7822
9777
7422
8717
8210
8487
7832
7492
8728
7328
8184
8729
7578
8353
8689
7988
8848
9007
7645
7558
7658
7859
7676
8923
7481
7998
7399
8202
7486
8358
8063
7948
8619
7223
8525
8595
8217
7522
8859
8025
8825
8615
8233
7791
7758
7761
8983
8250
7620
7841
8047
7601
8115
8185
8211
15810
7518
8702
8907
7260
7276
7466
7538
7805
8566
9209
9315
8260
7390
7687
8300
7448
7984
7351
8794
7171
7725
8015
7697
7191
8605
7572
7944
8885
7676
8077
7764
8702
7560
7735
7609
8840
8082
8122
8363
7850
7541
7818
7817
7343
8234
8191
7147
8476
8361
8272
7799
7861
7308
9778
7942
7086
8516
7779
7743
7520
7301
7299
7719
7580
8394
7230
9166
7253
7492
7732
8628
8531
8141
8163
8558
8522
8107
7417
8720
7864
8034
9501
7480
7774
8973
8519
8227
8316
7990
7543
7558
9307
8071
7924
7429
7782
7512
8636
8053
7599
8143
8375
7677
8719
7609
7672
7405
8835
8437
7769
7960
7750
8558
8819
7555
7948
8194
7939
9123
7461
7050
8176
8268
7640
7767
7900
8010
7834
8643
7113
8271
8298
7390
8644
7493
7498
7560
8668
7321
7702
8237
7861
9040
7107
8854
7312
9541
7315
8312
8780
6980
8841
7450
7328
8651
9048
8035
8141
8614
7626
8759
8317
7107
7732
7994
7577
8205
7841
8014
7940
7794
7134
8281
8315
8164
8440
7197
8395
7821
8038
7796
7368
8692
7170
8636
7851
9107
8554
8619
8456
7566
7626
7254
7999
7215
8351
7233
9409
8134
7362
7959
8600
8603
8096
8660
7757
7487
8472
7972
9718
7480
8593
9271
7234
7805
7778
8502
8379
45098
8610
7448
7255
7933
8439
8479
8035
8298
7773
8477
7932
8431
7117
8636
7790
7059
7975
7491
8121
7441
7635
8112
7071
9701
8572
8680
8678
7067
8366
8110
8320
7686
8045
8000
7419
7416
7368
7807
7876
8055
7856
7211
8030
7874
7318
7427
7279
9697
7439
8394
7000
8620
7307
8788
8003
9193
7494
7461
8113
8517
7651
7737
7394
7795
8728
8213
7166
8450
7843
7150
8595
8671
7490
8221
8048
7568
7498
7634
7805
7958
8696
8084
7689
7634
8104
8824
8071
7482
8795
7350
7323
7817
8626
7957
7843
8230
7928
7072
8169
8272
8909
7207
7327
8150
7415
6931
8723
7266
8333
7870
7184
7370
8230
8679
7695
8639
8057
7149
7307
8642
7996
8029
7224
7890
8339
8299
8312
7418
7997
7755
8207
7992
7068
8151
8445
8310
8433
8112
7871
8279
7189
8257
8074
7833
7188
7929
7312
7717
7941
8598
8364
8266
8082
7794
8837
8662
7493
8435
8569
7149
7412
8698
7920
7805
8334
8681
7954
8215
8470
7639
8150
7331
7639
7673
8258
7930
8459
8482
7982
8190
7271
7492
7588
8276
7997
8000
8674
7689
7732
7178
8442
8050
8666
7256
8660
7958
8115
8094
8435
8254
7093
7937
7965
8191
7914
7768
8342
8293
8056
8180
7660
7140
8341
8106
8013
8357
8142
7764
7782
7332
8087
8589
8277
8168
8511
8191
8035
8129
7852
7982
7713
7879
7585
8085
8413
7593
7213
8297
8220
7850
8234
7149
8409
8424
7671
8096
8455
7662
8410
7364
7779
7821
8413
7033
8420
8274
8168
7568
7287
7617
8430
7489
7089
8587
8422
8128
7392
8006
7589
7814
7127
7824
7918
8326
7470
6967
7193
7969
8094
7404
7991
8061
7185
7733
8364
8276
8066
8001
9068
7876
7931
8899
7635
8368
8071
7217
8431
8006
8159
7844
8637
7134
7722
7419
7600
7876
7935
8305
7817
10974
7980
8798
7058
7423
7412
8860
7792
7435
10425
7637
8360
10292
7538
7094
8426
8027
8550
8239
7842
7860
8499
7691
8666
8671
8217
7924
8685
7713
7713
7850
7488
6891
9258
7758
8026
7731
7223
7814
7537
7554
7396
8308
7969
8088
10138
7995
7566
8251
8382
7887
11246
7625
8521
8346
8210
8343
8579
8149
7874
7759
7362
8536
8585
7951
8365
8716
7893
7936
7606
7523
7649
7574
7374
8590
8533
7151
7702
8345
8724
7599
8148
7515
7456
9123
8159
7553
8663
7231
7522
8077
8455
8149
10107
8400
7922
7819
7743
8492
8698
8398
7643
9265
8323
7756
8567
7211
7289
7692
7954
7259
10532
8097
8049
9047
7435
8624
8370
7694
8150
8120
7938
8603
8736
7517
7803
7622
8143
8528
8271
8205
7789
8541
7727
8014
8616
7120
7716
8676
7420
8667
8502
7511
7921
8090
8634
8692
8183
8641
8274
7907
7564
7493
8643
7510
7464
8211
7348
7914
8152
7892
6970
8233
7775
6947
8481
7431
7333
8605
7187
8111
7578
7634
7366
8619
8129
8521
8122
8183
8376
8292
8772
8056
7583
8694
7738
7875
8461
8302
7578
8009
7128
7308
7326
7625
8463
8030
8162
7993
7600
8462
8719
7143
7772
8095
7792
7750
7930
8220
7794
8034
7702
7394
8246
7859
8410
8290
7132
7750
7673
8625
8039
8438
7190
8134
7689
8444
8441
7692
7241
7022
8374
7857
8367
7874
8705
7479
8337
7975
8200
8297
8490
8035
8082
8497
7594
7941
18459
7673
7876
8477
7916
7994
8326
7715
8613
7569
7382
8111
7646
7548
8239
8175
8512
7944
8226
8425
7833
7587
7217
8536
7488
7589
8482
7434
7958
8004
7849
7540
8674
8264
8163
8012
8297
8105
6989
8741
7807
7908
8312
8046
8351
8645
8502
8083
7662
7733
7226
7202
7248
8235
7400
7950
7487
8099
7192
7454
7540
8347
8092
8719
7523
7607
7696
7220
8743
7055
7758
7815
8567
7671
7958
8929
7235
8398
8381
7582
8258
8656
7933
7891
9209
7406
8432
7458
8534
7838
8466
8072
7675
8469
7773
8444
7226
7446
8204
8333
7039
7793
7389
7809
7234
9855
8324
7789
11102
8597
7751
7779
7293
8046
8514
7656
7289
7753
8543
7448
8626
7270
7610
11189
7897
7025
8436
8343
8046
9055
8210
7333
7792
7903
7149
7856
7102
8307
10113
7527
8102
8160
7203
8336
9181
7727
8578
8268
8061
8379
7808
8512
8600
8709
8338
7860
10677
7919
8215
7917
7730
8507
7174
7089
8293
8651
7943
7851
8097
7536
8037
7752
8404
7912
8395
8429
7752
7697
7495
7917
8374
7784
8464
8978
8257
8471
8225
7556
8574
22886
8276
7538
8231
7855
8394
8335
8390
6954
7544
7931
7131
7751
7870
7551
8664
8432
7019
8851
7869
7666
8651
7805
7840
8675
7584
8415
8353
7993
7476
8626
7191
6965
7795
7402
7531
7087
7557
6992
8470
7766
8370
8251
7225
8394
8285
7700
8116
7666
8131
8033
7907
7207
7695
8065
7385
8451
23012
7923
8066
8059
8748
7451
8220
8628
7749
8873
7203
8321
7969
7676
7530
7279
8673
6871
8474
8584
7123
8405
7485
7480
8676
7813
6824
7905
7468
8053
8075
7255
7731
8686
8077
6953
7835
8695
6976
8438
7690
7508
8330
8506
7017
7128
7856
7403
7143
8600
7800
8478
7246
7592
8634
8216
8432
8264
8164
7813
7180
8476
8564
8673
7405
7500
8063
7811
7540
8444
7615
8196
8444
7451
7871
7328
7790
7539
7277
7214
7009
8804
7468
7806
8541
7750
7273
8414
7413
8301
7912
7835
7065
8770
7450
7008
8749
8527
7358
8238
8213
6988
7510
7712
7653
8704
8692
8225
8376
8390
8345
7983
8837
8210
8235
7719
7219
8347
7349
7986
7590
7755
6989
8014
7876
7605
8654
7948
8230
8453
7886
8429
7432
8605
8141
7820
8066
7357
8665
7948
7979
7466
7368
8036
7696
8177
7369
7762
7179
7110
8329
7194
8207
7690
8041
8143
8626
8477
7215
8678
8499
8280
7822
7358
7699
8178
8592
7230
8381
8695
7825
7616
7716
8443
8234
8084
7716
7571
7112
8468
7952
7241
7401
8399
8194
6974
7593
8256
8200
8758
8545
8211
7943
8676
7729
8533
7150
8479
8452
8574
7529
8153
7415
7363
8050
7922
7100
8148
7217
8072
7752
7778
8104
7933
8250
7610
8839
8495
7979
8038
8571
7668
7956
7491
8556
7133
7276
8350
8272
8733
7939
7387
7388
7332
7415
8502
7409
8512
8123
8491
8364
8575
7433
7661
7825
7209
8014
8194
8527
8395
8578
7055
7810
7533
7249
7828
7850
8734
7718
8682
8486
8061
7516
7371
7288
8458
7208
7997
7964
8452
6852
7882
7797
7579
8460
7118
7051
8287
7918
8191
8443
7309
7622
7979
8768
7778
8183
7325
7505
8082
8251
7371
8191
7147
8113
7740
7677
7129
7800
8588
7009
8251
7883
8174
8675
8203
8358
7926
7690
7743
7185
8148
8452
7188
8207
7065
8818
8171
7387
8112
8191
7491
7457
7813
7085
7118
8607
8400
7676
8231
7612
6968
8230
7736
8099
8612
7245
7620
8421
7903
7699
7802
8557
8200
22395
8006
7211
8078
7579
8140
8642
8259
8081
7781
7667
8297
8546
7662
8317
8637
7839
7813
7939
7338
7933
7858
8498
8414
8225
8026
7913
7809
7475
7835
8731
7397
8012
7944
8196
8165
8149
8235
7597
8778
7870
7938
8099
7933
8414
8139
7995
7954
7010
8266
8233
7205
7342
18337
8344
8015
8153
7312
7894
7709
7172
7412
8476
8431
8098
8712
8399
7865
7735
7763
7688
8140
7217
7605
8634
7714
7636
7507
7202
7971
7508
7779
7614
7856
7605
8166
8374
7682
6926
8692
7271
8211
8323
7901
8164
7677
8087
7507
7406
7749
7407
7973
8677
8253
8616
7820
7966
7695
7818
7489
8591
7331
8194
7418
7398
7142
8353
7696
7115
8323
8760
7812
7933
9226
7473
8274
7706
7771
7116
8953
8201
8365
8483
7335
8093
8414
7634
7218
10186
7194
7702
7943
7236
8050
9794
7572
6984
10125
7246
7932
7687
7537
8647
10897
7301
7810
9266
8107
8601
7800
8237
7387
7955
8231
7908
9214
7427
7782
8200
7852
7338
8750
8381
8323
8456
8073
8019
7948
7612
7107
8180
6970
7298
8364
8214
7389
8696
8442
8269
8208
7734
8134
8517
8615
8246
8240
7811
7416
7573
8497
8206
8564
7590
8259
7825
7410
8037
8655
7801
7804
8428
8155
7510
8382
7099
8333
8415
7971
8170
7922
8159
7435
8609
8493
8399
8617
7518
7405
7886
7650
7520
8602
7252
6995
8405
8620
8106
7127
7221
7853
8248
8002
7910
8416
7528
7614
7526
7395
8438
7968
7827
7814
8508
7169
7148
8073
7826
8302
8697
8558
7940
7310
8154
7772
8590
7622
8024
7817
8157
8020
8090
7855
7894
7314
8695
7027
8420
8645
8251
7952
8060
7460
8363
7210
6952
7426
8057
7202
8689
8057
7958
7825
7138
8418
8039
8392
7701
8134
8625
7607
7797
7340
7312
7271
8528
8396
7976
8654
7831
8133
8746
7609
8395
8316
7829
8357
8578
8016
8120
7461
7712
7982
8454
7832
8574
7672
8200
7248
8601
7381
8279
8815
7744
8427
7993
8108
8189
9040
7878
7487
7292
8292
8249
8092
7917
8009
8257
7815
6988
7638
7974
8015
8058
7967
8312
8887
7924
7812
10290
7876
8206
8399
8559
7156
8323
7597
8340
8263
6949
7452
8192
8210
7811
11125
8005
8517
8294
7699
8644
8698
7906
7392
8482
7719
7239
8594
8871
7574
7506
8572
7513
7692
8502
7758
11721
7926
7047
7831
7211
8030
8851
8368
8073
7460
7923
8123
8587
7126
7442
8569
8284
7532
8298
7338
7089
8097
7595
7492
10833
7774
7188
8861
8115
8497
10651
7029
7861
8102
8216
7454
7809
7018
7962
10964
8428
8593
8412
8102
7494
8075
7281
7509
8058
7834
7517
8714
8219
7835
11266
8000
7133
7287
8228
8145
9104
7533
7248
9826
8574
8024
7757
7822
7716
7961
7539
7306
8542
8428
7801
7435
7753
7676
8258
7671
8140
8595
8288
8167
8277
8112
8324
8002
7456
7460
8457
7343
8286
7629
8594
8158
7980
7755
7635
8050
8717
8097
7801
7183
7809
8411
7879
7717
8524
8254
8379
8305
8423
7700
7902
8330
7254
8412
7430
8213
8398
7620
7977
9801
8136
7816
7933
8640
7800
7992
8345
8152
7190
7361
7631
8214
7153
7052
8411
8370
7921
7756
7463
8202
8172
8008
8123
8194
7348
7879
8374
7328
8316
8135
8221
7776
8010
7321
7916
7349
8297
7654
8177
8406
7735
7713
7810
7805
7164
8264
7153
7087
8310
8036
8116
7172
8066
7737
7640
6825
8420
16617
8035
8182
8600
8105
8174
7830
7796
8102
7189
7856
8265
7717
7661
7600
7728
8051
6960
7679
7807
8512
7583
7702
7241
8606
8220
7920
7875
7941
8071
7188
8302
8483
8635
7682
8035
8524
8276
7851
7615
7410
8157
7483
7148
8311
7974
8386
7254
8754
7598
7771
7336
7774
8135
7928
8153
8392
8686
8364
7606
7240
7669
8617
8640
7970
7132
7356
7248
8124
8523
7560
8543
7922
8029
7652
7358
7771
8174
8725
7394
7444
8237
7733
7369
7272
7407
8541
8143
7943
8242
7884
8531
7461
8461
8104
7181
8215
8444
8101
7935
8128
7289
8421
7035
8383
8780
7992
7692
7652
7514
8443
7637
8080
8335
9078
8215
7535
8906
8317
7723
8077
7764
8617
8263
8138
8093
9044
7780
8034
9176
7372
7260
7136
7719
7872
8269
7624
7916
9622
7340
7634
8280
7733
8073
8071
8538
7057
9156
7730
8690
9979
7517
8132
7897
7918
8047
8555
8178
6922
8404
7765
8281
8189
8233
8519
8612
8103
7881
10731
7794
8115
8343
8395
8232
8981
8387
7689
7741
8082
7849
8997
8371
8108
8245
7552
8480
7670
8353
7363
7573
7499
7000
7737
8182
8476
7432
7625
8314
8071
8532
8237
8383
8343
8424
7291
7815
7589
8287
7172
7887
8182
8471
8379
8129
7230
7553
8133
7953
7932
8389
7290
8307
8302
7368
7371
8626
8416
7386
7161
8464
7882
8456
7152
8131
7830
8577
7603
8523
8654
7979
7887
7741
7589
7609
8635
7659
8741
8291
7838
8173
10149
7996
7007
7779
7290
8535
8641
8046
8286
8518
8277
8143
8629
7761
7790
7450
7812
8294
8628
8247
8243
8594
7629
7926
7227
8044
8318
8416
7078
7635
8363
7754
8308
8056
7779
8314
7120
6947
7998
7801
7805
8513
8390
8311
8376
8620
8059
8212
7704
8397
8610
8091
8009
8471
8400
7993
7861
7415
8190
8067
7203
8421
8476
7351
7621
7810
8552
7071
8575
7218
7770
8245
7288
7551
7663
7970
7821
8434
7125
7907
7909
8041
8077
7633
8150
7331
7387
7290
7747
8584
7182
8172
7579
7258
7571
7762
7489
8216
8611
8541
7543
7724
8013
7687
8354
8635
8015
7893
8436
8098
7741
7729
7589
7956
6830
8412
8899
8041
7625
8213
8570
8032
7933
7933
8358
8007
7349
7456
8475
7268
7243
8254
8212
7617
8292
7523
7759
8452
8295
7944
7707
8576
7144
8278
8192
7591
8053
7090
7375
7635
7775
7499
7271
7936
7187
8430
7386
7013
7402
7036
8626
7175
10213
7090
8216
7979
7532
8435
8932
8385
8035
8942
7572
7045
7411
8459
8482
10964
8004
8278
8928
7935
7271
7221
8124
7286
8676
8113
7313
7584
7307
21449
8011
7199
7422
7830
7348
7107
8802
7594
8116
7691
7148
8415
7594
8147
8538
7579
7612
7518
8122
7132
7583
7093
7148
7128
8138
7574
7805
10469
7592
8451
8591
8158
8572
8770
7771
7358
7296
8474
7736
8187
7750
8649
7471
7008
8202
8318
7725
8343
8396
8822
8039
8241
8424
6807
8236
7162
7940
8512
7873
8038
7595
7831
7032
7918
8162
7579
7043
7710
8002
8462
7266
8341
8671
7312
7041
8741
7571
7992
7760
49790
8441
8198
8147
8292
8330
8645
8268
8000
8407
7544
7369
7410
8469
8715
7153
7552
7630
8282
7990
8598
8207
7431
8471
7637
6961
8759
8422
7574
8426
8276
7635
7964
7808
7669
8160
7208
8376
8661
7661
7795
8121
7495
7384
8727
7442
8020
8343
7335
6859
7753
8051
7541
8635
8269
7873
8187
7467
7111
7121
7887
8189
8585
7207
8379
7035
7434
7233
8215
7442
7675
7090
7791
7398
8253
7350
7059
8131
8052
7871
8100
7890
7924
8777
7179
8352
8462
7912
8492
7595
8650
8250
8414
7190
8306
8559
8110
8089
8038
7200
8014
7148
7146
7145
8655
7331
7998
7738
8684
7037
7130
7302
7956
8098
7790
7531
7582
8673
8206
8628
7249
8154
7674
7814
7341
7240
7276
8423
7247
7374
7073
7754
7842
7866
7721
7092
7045
8376
7432
8224
8230
7210
8424
6958
7587
7189
7739
8030
7885
8033
8597
8065
7269
7931
7912
8634
7664
8315
8377
7253
6908
8225
7860
7385
7392
7230
7141
7430
8904
8457
8033
7855
7741
8563
7116
8021
8050
8810
7799
7539
7724
7739
8076
8757
7582
8716
7568
7377
7476
9065
8174
8043
8351
8275
7818
7592
7551
7797
9149
7722
7861
8261
7298
8588
7295
7790
7160
11179
7018
7160
8157
7373
7682
11174
7900
7611
8505
7014
8078
7487
8016
7401
11317
6978
8160
7804
7631
7568
7779
7417
7255
10851
8216
7348
7503
8533
7399
10005
7950
7174
12290
7953
7009
8892
8287
7789
8003
7302
7990
8144
6927
7357
7717
7615
8015
11417
7740
7049
8150
8556
8560
8050
8230
6930
8117
7480
7921
7874
8204
7651
7625
8464
7819
7849
7118
8203
7205
8367
8431
8510
7193
7554
7259
8569
6901
7651
7651
8165
7830
8165
7688
8643
8583
7590
7820
7735
7562
7391
7956
8123
7261
8255
7967
8350
8311
7893
7419
8233
7354
8578
8659
8100
7414
8124
8374
7706
8233
7639
7615
8174
7317
7468
8271
8542
7641
8242
7394
7797
8348
7613
8118
7943
7151
8672
7056
7319
8063
7964
8053
8598
8231
7311
7768
7596
7223
8148
7691
8095
7866
7626
8637
7132
7709
7569
8787
7098
8158
8307
9725
8111
7492
8015
7897
8561
8672
8313
8277
8415
7425
7669
7682
8287
7380
8787
8056
7476
8795
7456
7787
7096
7235
7258
8475
7921
7779
8235
7359
8247
7842
8110
8015
7414
7532
7430
8051
7970
6928
9059
7715
7290
11200
7979
7523
9281
7028
7753
8332
8290
7005
10189
8129
7816
7601
6949
7757
6912
7050
7638
12785
7836
7020
11697
7167
7479
8094
7638
8426
10569
7369
7143
8417
6969
7879
7893
7897
7718
9141
7410
7688
9457
7108
7275
7783
7134
7570
11367
7663
7555
9455
7692
8287
8634
7569
7258
9714
7473
6960
13446
7810
7251
8441
7543
7480
7708
7363
7439
8011
8143
7050
9753
7133
6997
7495
8072
7769
11166
7497
8534
8215
8105
7677
8106
8102
7471
9778
7926
7838
9117
7917
7542
7657
7831
8531
8242
7077
6971
9425
7651
8176
10959
8534
7859
7721
7438
7608
8312
7066
7293
11871
8374
7446
7495
7524
7196
9702
8563
7411
12302
7897
8205
7389
7657
7804
7831
8517
7430
8354
7213
8562
7930
7628
8274
7930
7871
7133
7629
7655
7828
12699
7940
6948
8967
7360
8456
6931
6979
8515
8986
7876
7230
8155
7991
8574
8871
8645
7294
7225
8608
8466
8022
7435
7242
8614
7514
7271
8424
7441
8317
7725
8023
7374
7333
7526
8425
7570
7212
7549
7556
8032
7165
7318
7517
8097
7831
7596
7477
8332
8432
7923
8199
8030
6979
7660
7583
8054
8492
7237
7064
8538
7394
8197
8154
7155
7513
7172
7268
8537
7853
8155
7557
8557
7198
8195
7239
8330
7429
7369
7830
7287
7290
8647
6789
8683
7550
7294
7193
7803
8384
7679
8165
7400
7551
8574
7268
7469
8738
7355
7675
7661
7580
8235
8856
8280
8054
8636
7290
7112
8322
8159
7413
11871
8502
7553
7790
7471
8536
8562
7334
8081
8628
7430
8015
7716
7630
8550
8454
7835
8335
8858
7629
7826
8938
7582
8541
8278
8400
8223
8649
6989
7708
9063
7471
8379
8647
8253
7779
7658
7535
8195
8578
8099
7943
8087
8086
7172
7815
8101
8323
9485
7935
7231
10167
8537
7287
7312
7625
7676
9389
7738
8482
7984
7374
7097
9256
7536
7148
10222
7066
8194
7714
7548
7769
10897
7517
7307
11534
8114
7625
8499
7143
7851
8035
7623
7538
9662
7010
7834
9041
7423
7013
9826
6969
8063
8445
7085
7607
11179
7501
7285
8514
7800
7282
22615
7661
7071
7151
8243
8254
7659
6981
8054
8158
7965
8230
7510
7080
7215
8622
6823
7022
7700
7351
8794
7753
8434
8050
7651
8515
7341
7748
7200
7932
7810
8036
7926
8712
8225
8555
8778
8147
7501
7848
7739
8553
8122
8054
8130
8613
8164
7921
9394
7635
8679
7208
7982
8451
8846
7089
7659
8318
8378
8601
8529
8060
8405
7852
7915
7878
16523
8082
7152
8524
7799
8629
8786
8078
7738
7667
7594
8557
8494
7752
7910
8838
8324
8216
7937
7159
7557
8625
8274
8517
8447
7674
7768
8421
8258
7151
7737
7528
7682
8575
8115
8407
8148
7017
6950
8678
7973
7721
8031
8188
7866
7929
7151
7872
8839
8412
7832
8489
8449
7548
7605
7369
6910
8352
8460
7110
7163
8163
7895
8111
8543
8457
8467
7636
7963
8599
7384
8364
7928
8667
8440
6987
7461
8297
7585
8484
7183
8475
7133
8272
8023
7229
8061
7854
8516
7764
8015
7225
8000
8396
7669
7968
8435
8195
8503
8255
7433
7994
7610
6969
7585
8781
8492
7735
7636
7541
7365
8214
8346
8227
7952
7689
7574
7232
7277
7130
8097
8415
7496
8533
8564
7911
8074
8200
7531
8467
13404
7397
7050
8362
8322
7974
7387
7519
8015
7745
8264
7774
7431
7752
7827
7414
8024
8314
8363
8227
7027
7348
8219
7857
7695
7743
7902
8461
7900
7809
7169
7947
8293
7516
7428
8357
8122
7770
8716
7682
7079
8006
7390
8385
7107
8435
8099
7922
8437
7948
8097
7074
8092
8314
8455
7658
8435
8798
7589
8048
7274
8385
8505
8532
7830
8185
8893
7173
6996
8774
7877
8482
8543
8383
8233
8636
8283
7138
7966
8198
8191
8110
7572
8017
8771
8502
7653
8497
8356
8588
8421
8589
8341
7292
7459
7343
7496
8355
8071
7654
7525
8256
10882
7547
8701
7632
8225
7291
8220
8037
8739
8649
7417
7301
9229
7998
7186
8517
7328
7592
8876
7899
7379
9405
7749
7574
8523
7749
8234
8403
8271
7922
8726
7300
8138
9004
7784
7894
8505
8242
7841
8442
8320
8478
8777
8271
7820
8856
7594
8478
8048
7536
7981
7953
7572
7986
8774
8363
8056
9150
7247
8111
8050
8076
7305
8095
7709
7091
10569
7735
8172
11260
8182
7235
8538
7230
8420
7907
7916
7133
8985
7923
7892
8486
7503
8051
8041
8084
8179
7785
8265
8204
7872
8697
7557
8048
7820
7858
7715
7783
7965
8266
7586
7415
8434
8220
7676
8231
8151
7147
7685
7309
7753
8108
8341
8316
8413
7420
7712
7751
7594
7456
8169
8492
7823
7478
8321
7103
8392
7278
8061
7698
7456
7818
7631
8386
7657
8600
7213
8495
7789
8532
8059
7451
7874
7095
8065
8078
8469
7988
7389
7936
7843
8800
6994
7697
8427
7800
7749
7253
8097
8443
8289
7828
8800
8625
7430
8032
8554
7702
8262
8783
7038
7902
8339
7107
7938
7055
8412
8254
8212
8123
8143
7194
8386
8455
8656
8332
7603
7777
8318
8095
7273
8051
8118
7214
8447
7871
7695
8013
8416
7000
7225
8452
7331
7910
7188
7577
7642
8582
8509
8384
8288
8521
8112
8444
8612
7620
8354
8607
7512
8799
7376
7820
7721
8302
6918
8529
8578
7774
7400
7576
8284
8020
8566
7853
7167
8464
8455
7770
7830
8061
8635
8686
7635
8020
8519
7739
6937
7881
7582
7409
7177
7639
8254
8423
7738
7954
8233
8124
8143
8744
8200
8215
7728
7620
7255
8358
8611
7741
10264
7910
8351
8405
7673
7889
10266
7621
7943
8205
8262
7559
7848
8182
7022
7978
8002
7117
11869
7138
7989
8625
7581
8502
20362
7984
7370
8660
8243
7571
7810
7778
8443
8547
8076
7528
7758
7687
8220
7605
7915
7912
7194
7087
7599
8548
8382
8210
8535
7811
8169
7192
8478
7793
7715
8041
8106
8220
7732
8353
8094
7830
7852
7912
7752
8115
7065
8319
8527
7151
8241
8282
7574
8151
8571
8594
8355
7743
7148
7507
8386
8476
7467
7356
7257
7081
8276
8661
7655
7841
9193
7548
7311
8194
8131
8416
8605
7331
7856
8639
8013
8436
7440
8111
7989
7090
7546
7748
7917
8428
7378
9026
7918
8334
8446
7490
8147
7864
8652
7212
7735
8345
7601
8329
8939
7393
8608
7216
7145
8442
7244
8582
8021
7071
7684
8099
7687
8123
7717
7427
7668
7944
7789
7434
8276
8514
8474
7889
7302
7591
8195
7970
7865
8369
8684
8411
8236
7216
7360
8169
7494
7337
7174
8122
8057
7700
8323
7723
7209
8409
8307
8158
8604
8359
7446
6946
7616
8365
7199
6992
7987
8635
7948
7811
7369
7690
8554
8353
7707
7983
7016
8234
7800
7256
7071
7275
8521
7983
8716
8598
8502
7592
8567
7851
8081
8343
8410
8535
8638
7541
7420
7551
8419
8237
7826
8252
7737
8043
7300
8385
7432
8175
7544
7411
7887
7623
7314
7615
8507
8400
8495
8033
7257
8076
8015
7272
7406
8033
8326
7761
8543
7130
8434
7753
8577
7852
8311
8197
8396
8069
7619
7129
8353
8643
8314
8375
8437
8098
8030
7603
6946
8507
7113
8292
8041
9013
7534
7860
7592
7130
7299
8922
8310
7988
8444
7411
8362
8518
8002
7435
9008
8083
7555
7572
7995
8589
7802
8094
8122
8895
7344
8248
8633
8324
8361
8633
8089
7160
7913
8095
8153
8934
8145
7356
7979
7507
8185
7803
7640
8379
10282
8019
8214
9247
7000
8319
8071
7671
8340
7677
7835
7129
8466
8172
8482
8123
7476
7329
10164
8475
7237
7635
7641
7158
11788
7913
8258
7869
7089
8218
7556
8558
7637
7389
7888
7480
12147
8063
8179
8637
7249
7291
8505
7190
7447
8155
7164
8118
8790
7981
7569
10000
7769
7333
9030
8659
7390
8378
7348
7397
9733
7101
7615
8522
7721
7962
9804
7660
7127
9789
8384
7915
9405
7620
7255
8157
7035
7579
7557
7902
7606
11248
7597
8557
8848
7180
7933
9239
7334
7087
10467
6957
8250
8095
7819
7326
9929
8540
7456
7868
7565
6951
7977
7617
7538
7663
7853
7636
7241
8713
7729
7152
7020
7388
7975
8528
7550
8497
6832
7523
8083
7330
7854
8512
8524
8326
8046
7591
8292
8131
7290
7817
8715
8684
8220
8687
7562
7849
8345
7641
8162
7239
7702
8097
7933
8162
7191
8566
7462
8177
7874
7200
6948
7616
8184
7368
7616
7928
8482
8287
7508
8478
7955
8288
7627
7410
7664
7007
7794
8493
7955
8814
7191
8466
7333
7450
7736
8315
8395
7565
8456
7769
8223
8281
10963
7000
8133
7240
7730
8645
7310
8320
7594
7453
6966
7518
8000
7406
7485
7938
6987
7226
7688
7311
8312
8532
8613
8262
8576
7871
8219
7158
7181
8700
9058
8350
7874
7805
7622
8536
8566
6953
8077
8520
7449
7789
8852
7406
8212
7335
8317
8190
8970
7712
7061
8693
8340
8478
8488
8343
7593
19181
7820
7016
7574
8118
7991
8246
6985
7825
8402
8071
7525
7825
7654
8528
8676
7194
7489
7321
7273
8512
8433
7137
7551
8541
8384
7956
8190
8423
6979
7705
8472
8220
8104
7433
7301
8444
7255
7553
8117
8086
7962
7909
7400
7499
11091
7807
7496
9044
8633
8626
7963
7750
7606
7960
8051
8063
8354
7219
7069
8101
6986
8257
8680
8360
8073
8877
7666
8435
8513
8262
8595
8739
7450
8390
8174
8223
8669
8307
7809
7776
7624
7414
8233
8646
7826
8370
8695
8161
7876
7104
8052
8134
8064
8297
8376
9055
7755
8492
8240
7951
7153
15994
7548
8552
8576
7481
8794
8586
8251
7469
8035
6918
7752
8489
8415
8754
7432
7419
8446
7050
6992
8635
7161
7915
8124
7181
7800
8310
8233
8135
7636
7365
8041
8143
8230
7630
7881
8401
7832
7600
9241
8578
7482
8514
7318
8732
8659
8245
7709
8031
8429
7964
8064
8800
8002
8053
8538
7479
8553
7254
7639
7684
7676
7148
8442
8400
8077
8559
7326
8397
7352
7641
8477
8251
8531
8058
6970
7403
7587
8656
8825
6983
7874
8725
7244
8814
8630
8097
8307
8696
7032
8374
7199
7643
8386
7792
7472
8105
7634
7773
8661
7381
8286
8635
7672
7870
7811
8148
7512
8310
7509
7855
8005
8357
7994
7636
7409
8389
8548
7230
8262
7679
8844
6818
7374
7516
8148
17665
7834
7970
7605
7297
8213
8194
7213
8615
8316
8010
8016
7674
7774
7841
7909
7251
8737
7594
7469
7468
7580
8181
8397
7010
7200
8154
7897
7171
8462
8503
7892
7710
7877
7306
7468
8235
8775
8034
7681
7695
7377
8412
6974
7356
8686
8447
7851
8196
8792
7225
8384
7383
7553
7856
7635
7527
8476
7133
7213
8321
8724
7733
8317
7971
7800
8153
8615
8175
8230
8637
7285
8760
8381
8073
8366
8660
8000
8043
8757
7755
8063
8720
7757
8252
8718
7733
8033
8174
7402
7871
7851
8112
7334
7679
7618
8322
7276
7876
7607
8699
7687
8547
7761
8574
7974
7651
6968
7939
8662
6946
8319
8683
8500
8133
8757
8122
7881
7183
7358
8808
7180
8169
7676
8215
8299
7610
7610
8561
8263
8573
7933
7196
8174
8535
8496
8164
7179
8451
7502
7256
8615
8492
8353
7700
7671
7086
8428
7650
7424
8015
8389
7581
7819
8533
7194
8538
7133
7583
7594
7939
7287
8741
8547
6992
7201
7376
8497
8781
7572
8163
8526
8115
7517
8726
8393
8390
8876
7925
7922
7680
7989
8471
8778
8188
8315
8400
7331
8676
8205
7200
8563
8627
8052
8497
8132
7775
7667
8451
7794
8676
8661
7072
7730
7571
7392
7059
8374
7333
8347
7299
7219
6886
8179
8898
7222
6897
8686
7992
7438
7676
7151
8308
8353
7558
7073
7320
8265
7521
8547
7557
8342
8014
7624
7949
8173
7924
7779
8746
8074
7778
7953
8182
7805
7610
8128
7289
8103
7551
7286
7407
8207
7298
7355
7712
7634
7671
7175
7893
8673
8630
7752
8296
8778
7000
7914
8110
7796
7415
7982
8003
7156
7984
8654
7915
8034
7753
7854
7660
7573
7692
8450
7021
8362
7772
8664
8590
7640
6998
7799
7528
8410
7666
8092
8297
7073
7577
7374
8144
7778
7272
7887
8099
7555
7375
7830
6996
8558
8370
7637
7151
8330
7138
8533
7054
7611
7640
8501
7638
7010
8813
8610
7855
7396
7717
8072
7733
7617
7528
8326
7112
8153
8413
8018
7655
8164
8008
7923
7620
8575
8430
7271
7375
7503
9227
8393
8475
8969
8452
7784
7810
8088
7542
8125
7359
8273
8237
7779
8137
9637
7596
7758
8673
7619
8612
7637
8440
8369
8527
7189
8013
9117
7745
8576
8295
7607
8067
9059
7408
7159
8159
7246
8072
8798
7928
7243
8295
8113
7994
9630
6831
7133
9582
7060
8026
7793
7940
7997
12407
7882
8390
8650
7229
7749
7900
7400
7240
9037
8620
7046
8355
7974
7876
8017
7882
8446
8726
7112
7198
9376
7434
7367
9702
7954
8482
8611
7415
8192
9298
7889
7285
7136
8033
8502
9063
8313
7661
7041
8459
8381
8584
8369
7201
8098
7129
8092
10123
8062
7317
7635
7189
8565
8482
7895
7252
9226
7067
7168
9870
7938
7687
8582
8108
7161
24066
8137
7651
8616
8425
7209
7357
7927
8241
7406
8172
7800
7994
6999
8135
7717
7907
8097
7795
6924
8230
7659
8181
7647
7722
7625
8343
8406
8239
8196
6999
7777
8741
8719
8015
8512
8080
7782
8526
7287
7193
8365
8562
8800
8217
8272
8205
7676
7438
7139
7123
7682
8226
7761
7184
7137
7403
7330
7713
7012
7035
7779
7822
7164
8219
8590
8616
8482
7300
8578
7471
7410
7571
7961
7331
8638
8470
6986
7638
7550
7186
7524
7128
8584
7862
7876
8211
8415
8111
7741
7910
7658
7125
8335
8340
7573
8367
8517
7546
7662
7282
6917
8454
7664
7777
7755
8271
7339
7812
8040
7779
7841
7088
7052
8443
8138
7437
7725
7384
7569
7048
8240
7168
7510
7745
7717
7117
7213
6870
8405
7953
8014
7189
7371
7134
8184
7912
7481
7511
8620
8464
7400
8595
6888
8344
8028
7609
8401
8013
8454
7812
7731
7979
8106
7835
7020
7088
8132
7477
8319
8774
7887
8402
7995
8467
7333
7791
7358
7309
7763
7117
7529
7532
8251
7930
8235
7271
7530
20746
6902
8289
8068
7951
7728
8359
7837
7633
7517
7612
7694
7156
7334
7940
7840
7201
7025
8143
8242
7076
8132
7472
7931
8486
7451
7128
7810
7020
7772
7814
7753
8672
8538
6989
8156
7338
7276
7730
8548
7842
8629
7649
8160
7666
8230
7135
7460
7256
8107
7071
9725
8517
8368
8156
7254
7755
22615
8306
8439
8030
8072
8843
7300
7994
8364
7585
7232
8056
8010
7776
8313
8425
7480
7783
7774
6759
7818
7451
8538
7471
7798
8327
7187
8758
6897
8974
8192
7483
8336
7468
7512
8448
8292
8296
8019
7733
7815
7999
7251
7607
8585
7410
7528
7639
8027
7232
7917
8622
7421
7619
9198
7574
7511
8556
8160
7774
7169
7518
7530
8431
8083
8108
8771
8398
7513
7954
7586
7400
9225
7584
8684
7790
7391
7862
9302
7143
7253
9409
7197
8134
9492
7415
8538
7972
7905
6975
10467
8432
7940
7574
8242
8403
8430
8502
7684
7112
7045
8201
7422
7569
7942
7849
7548
7653
8738
8203
7697
7740
7960
8065
8676
7345
8082
8128
8870
7551
7639
7956
6687
7997
7589
8096
8181
7622
8051
7112
7639
7386
7810
7739
7451
7144
7070
7579
8367
7854
7252
7712
7353
6972
8127
7380
8040
8506
8266
8395
8166
7479
7366
8111
7858
7882
8464
7550
6996
7378
7804
7605
7653
7759
7466
8369
8439
8338
7908
7373
8224
7878
7708
6907
8273
7669
7244
8800
7209
6896
7819
7182
7551
7863
7441
7139
7420
8294
6796
7307
7800
7839
7512
8277
8061
7311
8205
7299
7484
7948
7349
7631
8005
8010
7769
9368
7557
8316
8877
8476
8014
9218
7505
7202
8824
7369
7205
9107
7169
6949
11271
7566
7631
8269
8575
7962
8907
8634
7434
8981
7157
8161
7353
7289
7975
8702
7287
7548
9290
7579
8280
9174
7351
7052
9033
7127
8765
8633
8124
7995
9367
7896
8315
8620
8592
7689
7778
7333
8131
9138
7621
7001
10888
6889
7919
8992
7180
7733
10871
7662
7719
8004
7427
8180
7851
7538
7020
8779
7195
7741
10068
8423
8470
7865
7709
7883
7951
8277
7420
7700
7430
7582
11337
7227
7312
8350
7569
7931
9230
7589
7355
10708
8199
7211
7691
8526
8553
8620
7334
8631
8816
7903
7933
8841
7786
8359
8707
8603
8014
7791
8399
7327
8241
7514
7447
8844
7059
7120
10695
7923
8436
7026
7798
8462
9053
8210
7697
8421
7224
8000
7973
7808
7772
7811
7246
8164
8937
7650
7418
9881
8179
8574
8027
7251
7733
8075
8292
7030
10503
7082
8056
8748
7704
7492
8658
7208
7516
9030
8320
8144
9497
7659
7456
8519
7440
8216
8494
8007
8071
9136
8548
7924
8154
7391
8685
8538
8505
7790
8860
7268
7903
8633
7931
8112
8135
7473
8046
7915
8074
7609
7009
7751
7980
8272
7314
7590
7359
8700
7084
7917
7733
7783
7202
8413
6825
8381
8426
7572
8092
7262
7623
7779
7152
8041
7138
7979
7893
8193
7767
7692
7157
7389
8097
8268
7917
7812
8069
8261
7089
7627
7615
7589
7199
8543
6923
7989
8546
7984
7430
7582
7168
7674
7113
7895
7482
8492
7776
7609
7097
7477
8441
7907
7515
7587
8090
7202
7333
7374
8479
7128
7799
7474
7329
7757
8524
8129
7631
7712
8658
8138
8258
8551
8431
7272
8374
8155
8092
7728
7698
7676
7308
8604
7148
8377
7807
7984
7354
9095
7350
8351
7050
7917
8465
8445
7410
7004
10654
7801
8194
8005
7759
7814
8894
7409
7127
8377
7738
8433
9138
7369
8202
8567
7953
8179
8023
7688
8621
7755
7839
8335
7955
8022
8051
8889
7136
7358
10181
8222
7127
8705
7244
8007
8605
8299
7836
8474
7028
8325
7180
7287
7933
9508
7925
7342
10496
7493
7390
10251
7123
7594
10212
7470
8603
7364
7049
7731
7791
8179
7341
10104
7061
7786
22471
7601
7147
7920
7171
8235
8659
7933
7993
8076
10253
7651
7334
8487
8296
7347
7500
7240
14805
7739
7050
8456
8082
8315
7498
7871
8374
6960
7478
7987
8486
7922
7369
7438
7114
8635
7190
7208
6976
8533
7053
8212
7822
7966
7656
7490
8515
7942
8765
8522
7293
7071
6943
7475
8594
6917
8274
8020
8435
7911
8469
8224
8001
8632
7931
7232
7492
8254
7530
8628
8653
8410
8112
7182
7950
8009
8539
7073
7837
7589
7832
7695
8517
8400
7489
7232
8516
9092
8500
8030
7801
7529
7630
7172
7155
7427
8750
8064
7186
8554
7269
7235
10244
7142
7641
9259
7942
7558
7959
6996
7989
11386
7818
7148
8709
8372
7866
7717
8040
8081
7536
7722
7175
8251
7625
8155
8076
7931
7979
8112
7744
7812
8074
8070
7655
8183
8610
7732
7497
7368
7153
7617
7146
7591
7264
7763
7046
8238
7430
7523
7298
7594
7127
8707
8010
7417
8723
7158
7937
7156
7194
7210
8056
8056
7583
7217
8550
6969
8058
7143
8279
7740
7298
7465
8739
7190
7629
8438
8205
7432
8376
7657
7933
7783
7030
7542
7928
8421
7486
7810
7158
7240
7991
8483
8482
7633
7653
7608
8230
7714
7991
7826
7303
7514
7276
7129
7794
8052
8909
7545
8620
7279
7410
7961
8393
8633
7013
7858
7649
7852
8149
8247
8363
8200
7958
7071
8810
7686
8183
8482
7412
7310
13309
7653
8364
7583
7834
7864
8785
7623
7806
7430
8118
7109
7543
7976
8477
8587
7621
7866
9045
7578
8092
8000
8494
7744
8254
7598
7143
8630
7198
8327
9410
6873
8439
9111
7467
8043
8610
8056
8163
10039
8011
7384
8918
7205
8619
8896
8000
7138
8380
7687
7373
9303
7480
7094
9032
7067
7863
9704
7711
7171
9466
7555
7863
8275
8131
7774
8414
7377
7875
8743
7559
7206
9846
7640
7107
8621
7761
8643
11337
8415
7728
8579
8021
7415
8259
8558
8253
7272
7259
7784
8925
7071
7577
8655
7029
7107
8798
7588
8095
10461
7093
8395
8220
7164
7791
13136
6968
8388
8221
8313
7626
7400
8370
7850
8244
7787
7678
9076
7211
8574
8187
8447
8587
7825
7439
6805
7907
7839
7404
7559
7550
8456
9234
7612
7119
9797
8110
7349
9665
7265
7931
8774
8417
7117
7595
7053
7238
11410
7574
7379
8914
8184
8497
8507
8435
7544
7672
8169
7197
8001
7943
7435
10412
8247
8455
8330
6979
8032
7733
7179
8103
10791
8794
8076
7206
8542
7435
6948
7669
7176
7128
7317
7546
8564
7403
7748
8523
7508
6992
7851
7538
7966
8093
7290
8115
7126
7533
7273
8559
7821
7575
8018
7150
7006
8653
7258
8322
8606
7092
7487
8179
7373
7070
8281
7092
6980
7148
7417
6755
7164
8355
7962
8661
8564
8323
8537
8423
6970
7215
7384
8579
7892
7807
7087
8494
7933
7799
6947
7710
7518
8600
7848
8146
8615
7637
7210
7654
7155
8180
8299
8110
8422
7306
7206
8517
8405
7300
7175
7261
7369
8353
8286
8656
7931
8421
7106
7492
8134
7800
8082
8378
7552
6851
7284
8882
7429
7391
7872
7231
7856
9076
7225
7280
8071
7123
7982
8826
7758
7467
9179
8405
8381
8417
8067
8546
7998
8374
7572
7508
7595
7936
9379
8051
8125
7483
8322
7835
9524
7645
7818
7337
6969
7230
10041
8218
8546
8113
8224
7056
8947
7125
7992
10105
7956
8480
7699
8480
7163
8035
7120
8083
10046
7834
7970
7568
7191
7511
14968
7204
7738
8472
8369
7672
9005
7538
7010
8082
8333
7874
8959
7568
7090
7594
7085
8528
8028
7516
7834
8020
7048
7430
8089
7698
7549
11189
7565
7251
7564
7495
7667
8515
7999
7117
11490
7760
7265
8541
8468
7896
8823
8216
7076
8007
7421
7302
9435
7422
8263
7256
8476
7496
8779
7061
6907
10884
7892
7172
8676
7227
8498
7730
8472
7420
8253
8079
8522
9497
8596
8233
8948
7633
8657
8520
7238
8058
22269
7715
7330
7912
8456
8220
8249
7923
7284
8721
6750
8211
8381
7909
8383
8433
8527
8239
7635
7957
8696
8602
6965
7005
8419
7979
8141
7141
7143
8907
8561
7987
8535
7758
7019
8450
7017
7528
6982
7035
8362
7999
7617
7941
8697
7526
6933
8636
8616
7974
8452
8473
7743
7201
8314
7597
6998
8360
8550
8158
7786
7368
7783
8660
8574
8231
7385
7836
7943
7148
7533
7230
8676
7594
8042
7142
6996
7949
8338
8077
7151
8194
8489
7799
7815
8616
8358
7158
7221
7397
8153
7650
7563
7420
8232
6953
7328
7268
8154
7664
8714
8257
7994
8010
6991
8019
8396
7815
7984
7802
7110
8207
8646
7451
8272
8280
7194
7690
8593
7625
8338
7171
8030
8458
7305
8374
8092
8255
7856
7200
7994
7638
7554
7044
7461
7370
7517
7028
8207
7348
7338
7477
8216
7549
8539
8560
7130
7855
7896
7944
7745
7338
7353
7634
7395
7730
8089
8078
7653
8675
8621
8196
7974
8129
8172
7326
8462
7485
7559
7477
8041
7728
7689
7779
7345
7795
6945
8432
8243
8106
8562
7971
7427
7190
8835
7337
7712
11049
8082
8224
8444
7853
8415
7714
8037
8511
12735
6820
8448
7756
7587
7125
7589
7261
7936
8096
7741
7836
8553
7572
8306
7389
8029
7492
9466
7191
7880
9377
8152
8177
8530
7960
7111
8427
7982
8343
8971
8589
7534
8177
7835
7211
7971
7480
8354
7824
7087
7914
9417
8377
7871
8610
7570
7943
8348
8356
7496
10636
7559
8275
8926
7097
8619
9016
7758
8157
7369
6989
8569
8928
8205
8123
7568
7220
7162
8636
8397
8554
8697
7474
8644
8628
6884
7477
9173
8344
7983
10339
8379
7154
7620
7405
7748
7643
8480
7380
9392
7569
7271
9352
8237
7575
9037
7256
8543
8135
8539
7156
7702
7649
7979
7705
7553
7005
7360
7467
8353
8337
7728
7178
7475
7390
8597
8227
8437
8000
7424
7909
7430
7498
8713
8466
8718
8224
7402
7230
7426
8263
7114
8030
7810
8677
7183
7933
7939
7138
8371
7194
7792
7551
7538
7753
7199
7446
7248
7933
7957
8516
8137
8735
7391
7041
8241
7694
7230
7539
7882
8449
7978
8800
8012
7322
7198
7019
8690
7374
7349
8471
7470
8618
7338
8978
8462
8548
8519
6765
7225
8503
7930
7154
7674
7191
8025
7297
7967
7628
7389
7572
7198
8678
7995
7873
8082
7019
6964
7457
7179
8317
8419
7083
7320
7421
6916
8130
8543
8088
8000
8457
7248
8433
7307
7455
7529
7704
7067
7931
7170
7887
7933
8548
7297
7410
7398
7688
8299
7811
7219
7809
7153
7169
8039
8150
8451
7307
7150
6986
8099
8219
8170
8276
7217
7793
7160
8061
7494
7272
7767
7241
8410
8497
7830
8213
7149
7406
8374
7267
7453
7292
7461
7090
7216
7461
8174
7260
10828
7152
8212
7783
7739
7934
8460
7225
7135
8415
8361
7821
9097
7698
7754
9145
7698
8501
7931
7998
7646
8943
7270
8009
7579
8123
8235
9326
7175
8569
9097
7455
8097
8759
7820
7770
8712
7993
8117
8495
8619
7713
9115
8315
7106
8948
8299
8211
7711
7823
8523
9241
7383
7805
7891
7952
7221
8663
7922
7646
8100
7417
7689
8671
8375
8388
9139
8312
7098
9242
7185
7633
7652
7444
7803
10501
7384
7975
7393
8313
7497
9017
8552
7328
8056
7794
7129
10143
8128
8435
8452
8225
8274
9049
8320
7952
7641
6994
7369
8814
8191
7857
7960
7739
8531
7830
7435
8400
7570
7425
8241
10220
7948
7314
7557
8648
7204
10956
7439
7249
7579
7317
7266
12519
7103
8010
24878
7290
7849
8656
8153
7651
7980
8517
7393
7792
7039
7536
8489
8053
7854
7065
7099
8746
8783
8496
6988
8574
7556
8187
7663
7120
8819
8112
8076
7714
8171
8531
7193
7280
8427
8615
8634
8605
8533
7891
7223
7194
8109
7849
7207
7979
8363
8625
7861
8326
8935
7736
7842
8108
7591
7604
8230
6967
7453
8299
7399
8512
7930
8222
7211
8410
7777
8550
7896
8406
8495
8246
7547
8322
8126
8142
8769
6943
8295
7277
8113
8747
7061
8044
8724
7585
7020
7700
7840
7813
8284
7528
8236
7759
8366
8043
7283
7236
7565
7850
7468
7753
8738
8620
7380
7528
7242
8132
7774
8071
7839
8656
8335
8194
7790
7276
6956
7476
7681
8336
8456
8613
7754
8470
7194
8076
8169
7781
7420
7871
8125
8413
6956
7236
8117
8056
8092
7493
8222
8071
7517
7326
8405
8077
7732
8225
7918
7144
8575
6946
8074
7963
8423
8728
7242
6994
8092
7312
8220
8558
8461
8353
7393
8428
7004
8431
8554
7731
7491
7455
7192
8152
8194
7698
7694
7228
7394
7893
7155
7561
7556
8680
7376
7825
8604
7559
7770
8150
8070
7338
7577
7707
8206
7400
7907
7712
8546
7774
7478
8097
8015
7254
8410
7545
8194
8151
7811
7782
8918
8644
7933
8468
8028
7288
8436
7241
8343
8243
7543
7600
8876
8076
7948
8256
8026
8159
8216
8147
7454
9314
7487
7988
8189
8116
7853
9137
8373
7817
8541
7743
7243
8881
7179
8015
7894
8149
7513
8383
7449
8359
9045
8152
7453
7805
7837
8080
8367
8304
8167
8318
8435
7692
7431
8240
7769
8900
8457
8100
8416
7601
7865
9207
7600
8041
8107
7623
8025
9097
7630
7845
8220
8565
7846
8638
7620
7789
7912
7209
7173
7820
7562
8093
10612
7775
7799
10098
8595
7994
8312
7641
8071
9178
8309
7517
7738
7247
8780
7938
7833
8596
8717
8316
8454
7882
7716
7444
8269
8377
8021
7923
8018
7869
8153
8658
8274
8008
7622
7293
8278
7198
7862
7646
7638
7977
9755
7568
7028
9589
7302
7495
9441
7656
7043
8028
8525
7549
8526
8233
8225
7821
8096
7865
7465
8051
6899
7908
8206
7473
8070
7502
7473
7425
8252
6954
8313
8459
7518
7439
8815
7051
7510
8299
7514
7943
7677
8029
7252
7492
7407
7501
8275
7148
8410
8417
7384
7487
7486
7814
8630
8627
6996
7503
7793
7851
7313
7225
6904
7870
7813
7190
8091
8348
7579
8469
7410
7559
8026
8553
7837
7567
7750
8142
7502
8268
7779
8046
7702
7724
7100
8526
7801
8174
7764
7738
7728
8377
8275
7557
7852
7689
7635
8102
7441
8041
8062
7331
8516
8514
8232
7606
8451
7227
8125
8683
7052
8080
7851
7677
7690
8253
7498
7563
8777
8268
7858
7688
7496
7754
8244
7511
8036
7216
7686
8113
7503
8443
7969
7139
8503
7740
6997
7424
7210
8146
7096
7964
8206
7203
7758
7584
8482
7907
8161
7169
8056
7931
7315
6968
8194
8717
7767
9158
8400
8473
8614
7396
7713
8508
7954
8035
8419
7504
8028
7812
7562
7271
7970
7325
7998
9688
8221
7695
9881
8411
8001
8225
7358
7447
10194
8117
8398
7841
7417
8405
7531
7831
7384
8723
7820
7692
8525
7198
8492
8743
7210
7653
8061
8189
8089
9343
7595
8920
9631
7921
7119
8545
7931
7541
8038
7947
7921
9081
7975
8558
8364
7994
7943
7671
8184
7128
9213
8115
7957
7772
8574
8513
8531
8103
7604
7625
7814
8523
8251
7975
8639
10225
8338
7365
8589
8276
8577
7599
8250
8586
8298
7970
7370
7711
8367
7454
8694
7578
7623
8446
7693
7996
8113
7852
7076
8437
7952
8053
8393
8348
7529
8422
7252
8290
8161
8144
7149
10231
7276
7756
7551
7717
7943
9658
8264
8156
8596
8384
8193
9521
7273
7123
8674
7087
8012
9994
7253
8393
9523
7769
7164
8030
9047
7858
7373
7629
7291
8655
7251
7170
7517
7533
7665
7393
7794
7391
7208
7429
8184
8010
8223
6926
8082
8133
7902
7730
7732
8476
7383
7871
7230
7748
8181
7456
7496
7143
7239
8759
8179
7242
7159
8562
7179
7846
8415
7545
7071
8596
8193
7899
8148
7558
8917
7519
8158
7792
8429
8197
8204
7763
6966
8977
8663
8644
8128
7901
7869
7333
7852
8437
7951
8000
8456
7936
7858
7576
7404
7754
7439
8594
7794
8379
8050
8020
7310
7728
8466
7618
8222
7615
8129
8241
7769
7350
8332
7364
8205
7681
7461
7557
7839
8177
7122
7472
7348
7371
8421
7649
8377
7851
7533
7184
8494
7370
8436
8803
8217
8010
7950
7844
7191
7314
7330
7843
7320
7908
7589
7594
7360
8253
7776
8200
7847
7553
7830
7629
7941
7968
7355
8813
7801
8055
8592
8215
7210
7777
8347
7309
8682
8900
7104
7924
8927
7594
7272
8489
8512
8184
8255
7430
8592
8446
8538
7222
7466
7876
7273
8846
7107
8068
9555
7451
7295
12915
8477
7749
7035
7501
8389
7512
7814
7168
10251
6944
8276
8123
7691
7794
8130
7941
8283
9461
7747
7455
8176
8131
7101
7991
8388
9052
7286
7497
8724
9316
7796
7587
7598
7227
7169
10807
7614
8010
8619
7336
8550
8097
8469
7348
8958
7291
7328
8003
8576
8057
8576
8384
7282
8856
7290
7046
8759
8082
8277
9492
8488
8380
7736
7000
8203
7426
7609
7471
7805
8536
8333
9911
7736
7550
10940
8605
8188
9101
7933
7186
7789
7402
8270
7973
7427
8056
7260
7041
8384
8835
7688
8299
7628
8805
7955
7933
8591
8071
9056
7802
8543
7422
7150
8543
7467
8316
7949
7742
8034
7400
8935
6998
7494
10245
7197
7373
10174
7019
7535
7880
7824
7541
8449
7776
7796
7513
8163
7977
7444
8142
7510
8213
8651
7246
8609
7355
6838
7777
8617
7688
8591
7349
8417
7507
7734
7465
7859
7927
8601
8022
8472
7027
7923
8299
7658
8460
7292
7343
7720
8451
7129
7594
7263
6890
7994
7884
7476
8634
7193
6989
7455
7917
7265
8177
7596
7435
8671
8286
7748
7776
7696
7082
8231
8562
7489
7703
8184
7470
7446
8353
7270
8351
8615
7731
7230
7777
8014
8460
19220
7150
8640
8585
8250
8016
8714
7861
8548
7484
6933
7877
8572
7722
8334
8045
6926
7292
8217
7405
7098
8319
7215
7892
8017
8401
8398
7480
7344
7703
8317
7342
7987
8696
7532
8296
7050
7876
7885
7219
7169
8005
8235
7647
7579
7675
8093
7741
8176
8284
7768
8357
7290
7391
7153
7912
8088
7772
7736
7395
8354
7319
7780
8329
6748
8565
8353
6956
7509
8309
7861
7095
7528
6876
8056
8471
7238
7841
8021
7164
8582
8080
7700
7651
7607
8056
7548
8594
7355
7815
7820
7639
7318
8594
7478
7682
8082
7438
8392
8230
7374
7674
7694
7574
8454
8222
7569
7945
7471
7774
8555
9487
8328
7633
8625
7248
7498
8632
7135
7555
9466
7190
8673
8959
8476
7146
8064
7018
7278
10476
7143
7787
8108
8358
8409
9270
8457
7929
7993
8042
7133
8699
6961
8003
8696
7424
8300
9512
7690
7318
9140
7964
8434
8576
7974
7576
8917
8630
6929
8231
7940
8400
9141
7141
8207
8581
7820
7202
8064
7076
7968
9691
8154
8482
7969
7213
8533
7706
7519
7435
10394
7087
8370
8689
8181
8595
8413
7311
8481
7590
7107
7882
10812
7438
7829
8376
7138
8156
8389
8479
7774
8894
7103
8495
8815
8012
8174
7239
7067
7270
10541
7138
8158
22302
7264
8780
7889
7375
7479
8076
8833
8308
7326
8057
7514
8469
7887
7738
8020
7483
7529
7628
8648
7523
7236
8301
7423
8662
8518
8036
7194
8235
9635
8030
8204
8160
7082
8771
7517
7794
8348
7620
7132
8518
7911
8571
7628
7216
8283
7723
7789
8575
8109
6907
7707
7020
7835
8580
8426
7594
7103
7051
7762
7354
7601
6925
8022
8148
7723
8276
8419
7528
7029
7318
7632
8143
7675
7740
7464
8203
8194
7896
7340
8389
7752
7792
8346
8117
7121
8090
7366
8214
8000
8420
8415
6957
7847
7105
7024
7914
7842
7019
7800
7035
7671
7173
8297
7704
8514
8413
8241
8089
7817
8033
7212
8358
6968
8437
8414
6938
8405
8253
8162
8423
8227
8401
7887
8242
8164
7320
7107
6938
7134
7355
7492
6976
8805
7134
7914
8610
7799
8193
8637
6918
8313
7441
8229
8223
8466
8420
7977
7370
8012
7178
7284
7652
8435
8084
7903
7835
8641
8061
7357
7671
6970
8069
7933
7734
8152
8452
7203
8197
8353
8800
7180
11486
7270
8256
8659
7515
7563
9091
7851
7418
8497
7789
8331
7673
7887
7310
8184
7801
7740
7821
6978
8117
8265
8663
8254
8235
7010
7774
7195
8537
8378
9012
8354
7513
7816
7675
7083
11075
8472
8213
7732
7764
7307
7374
7359
7969
7933
7352
7533
10676
6979
7831
9774
8281
7140
8207
8009
8053
10553
8112
7370
8703
8287
8552
9247
7552
7476
9073
7091
8164
7878
7948
7574
8719
7318
7888
7504
8325
7934
7755
7171
7119
12176
7082
7995
7428
7324
8636
9189
7203
8251
8112
8174
7309
7975
8680
8117
9316
8219
8014
7106
7584
7221
9875
8117
7752
8763
8491
7626
8606
7991
7059
7665
7263
8538
9526
7154
7812
12272
8306
7590
7329
7743
7191
8528
8115
6965
8185
7191
7681
7594
8078
7412
8475
7398
7111
8547
7159
8094
7758
7256
8002
7400
8111
7207
7947
8738
7493
8311
8095
7271
8178
7599
8405
8005
8395
7440
8598
7878
7292
8128
8199
7643
7686
8078
7774
8285
7226
8378
8234
7514
6985
7065
7686
6972
7928
8073
7231
7584
7254
7501
8260
8615
8002
7790
7872
6743
7960
8456
7931
8621
7630
7395
8252
8365
7758
7390
8457
8170
8307
7205
7762
8289
7550
6908
8015
8514
7476
7148
7719
7769
8688
7250
7151
7230
8197
6975
7956
7755
7240
8305
7947
7547
7730
7214
8295
7336
8295
7707
7613
7702
8338
7733
7254
8435
8559
7865
8172
8574
8692
8015
7799
9416
8038
7156
8646
7088
8296
7197
7470
8330
7845
7448
8456
8599
7861
7712
8011
7366
7235
7594
7787
8041
8034
7941
7533
7754
7327
8431
8119
7583
8230
7404
7613
8274
8488
7002
8251
8361
7272
7314
8899
7413
7289
10711
7400
7824
7933
7671
7111
10430
7190
7220
8334
7256
7647
9632
8364
8165
8466
7936
7263
9854
7121
7599
8779
7815
8492
7092
8221
7677
9526
7292
7350
8645
7086
7638
12689
8504
8366
8624
8011
9066
8452
7277
7717
7815
7620
7395
7593
7486
8378
7558
7566
8356
7315
8565
7802
8738
7173
8068
8216
8479
8771
8544
7013
7430
7665
7537
7099
12826
7544
8457
8017
8343
8143
8887
7625
7370
7820
8352
7846
8033
7576
7189
12624
7884
8261
7011
7733
7907
8473
7529
7628
7770
8298
7940
9077
8467
8001
8336
7948
7798
9041
8535
7968
8358
8236
7147
8852
7208
8387
9230
8558
7541
7529
8361
8019
7086
8233
8323
11174
6875
8358
8615
7161
8143
8595
7950
6995
8339
8095
8678
8385
7997
7521
7208
7398
8922
8041
7011
7154
8653
7970
8244
7837
8531
7678
7728
8399
7810
7868
8583
7549
8117
7356
8353
7912
8572
7729
8183
8563
7130
7843
8085
7783
7758
7661
7147
7905
8032
7717
7749
7525
6933
8435
7184
7595
7092
8657
8458
7392
7519
7146
8133
8455
7330
7755
8634
7355
8781
7450
7407
7517
7205
7534
8497
8169
7994
8085
7286
7423
8502
7923
7579
8241
7051
7009
8253
8239
7584
8251
7778
8138
7643
8476
7934
7841
8164
8055
7890
8620
7258
7803
7341
7381
8246
7197
7229
8192
8120
7993
8294
8613
7899
8240
8066
8211
7791
8748
6774
7825
8479
7220
8384
7090
7175
8160
8667
8124
7767
7369
6869
7440
8214
7249
7083
7336
8248
8232
8697
7832
7267
8342
7769
7419
7252
6908
8025
7650
7178
8361
7215
7468
7697
7388
7399
8192
8454
8429
8504
7494
7100
7149
7936
8276
7451
7849
8418
8572
7769
7364
8491
7615
7560
7543
7754
8425
7259
7745
6969
8061
8629
8152
7860
8412
7540
6989
10224
7902
7500
9666
7619
8426
7800
8121
8556
9194
8672
7149
7328
7982
8504
8101
7467
7892
7215
8235
8342
8279
7082
7947
9145
8015
7132
9639
7656
7719
8212
7969
8179
7509
7632
7571
9698
8359
7317
7865
7818
7816
10696
7292
7790
8704
7620
7682
9201
6984
7692
7917
7802
7895
9119
7683
7711
11675
8044
7892
9042
6944
7754
8211
7112
7682
13164
7686
7977
22069
19392
7161
7476
7763
7233
8312
7245
7941
8095
7409
7136
8428
6914
7729
8402
7589
7758
8285
8066
8019
7391
7992
7842
7988
7549
7056
8612
7507
8015
7991
7309
7367
7928
7204
8177
8066
8044
8559
8194
7520
7143
7868
7035
7012
7798
6968
8366
8214
7439
8563
7629
7259
7712
7312
7919
7391
7127
7174
7142
8094
8451
8132
7707
7221
7679
7078
7198
8348
7878
8393
7218
7373
7866
7923
7817
7536
7830
7431
8568
8227
7712
7292
8417
7540
7652
7133
8691
8120
7249
7502
8207
7697
8315
8300
7767
8021
8328
7049
7776
8141
7752
8325
7603
7559
8638
8295
7494
7656
7503
7441
8225
7915
7121
8021
7766
6928
7286
7118
7589
8223
8487
7115
7251
8302
7646
8723
8109
8394
7609
7391
7152
7425
8590
7102
7721
8635
7355
7130
7772
7492
8584
7756
7440
8057
7775
7606
6969
7379
7061
7498
8337
6876
7453
7150
7530
8584
7388
6933
7225
8606
7186
7845
8094
7586
6954
9390
7571
7012
9441
7596
7296
8426
7161
7848
19666
7400
7671
8347
7130
8107
8112
7499
7087
8213
6947
7594
7039
7448
7950
8194
7215
7635
7688
7610
8198
8271
7748
8593
7844
8488
7708
7630
8555
7604
8070
7441
8440
9350
7309
7179
7774
8084
7719
13384
7893
7369
7749
7541
7547
7769
8536
7266
7563
8151
7066
9489
7584
8688
8220
8123
7402
9378
8486
7915
8241
7539
7023
8558
8621
8015
8189
7073
7783
11466
7171
8215
8239
7370
7793
7820
7736
7357
7848
7977
8355
9713
8454
7907
7231
7037
7557
11498
8012
7207
7637
7085
8057
9748
7937
7784
8488
7068
8401
9208
7965
7275
8977
7180
7228
11231
7569
7076
10837
6997
7731
8977
7515
7117
8441
8547
8220
8879
7730
8303
8915
8310
8183
7556
7425
8592
8994
8304
7700
7502
7722
8032
8598
8521
8162
7157
7734
8549
7107
8212
8344
7770
7661
7331
7394
8375
7596
7871
7536
7477
7167
8179
7951
7978
7873
8276
7280
8162
7449
7742
7368
7528
7365
8600
8176
8984
8161
7608
7170
8133
7738
8266
8176
7407
8613
7843
8175
8046
7893
7550
7820
7807
8553
7393
7179
7394
8712
7510
7081
7669
7625
7956
8611
7381
8105
7867
7906
7364
7871
8093
8071
8392
7395
7646
8289
7166
8231
7573
7788
7580
8509
8733
8207
7573
7704
8577
8537
7037
7021
7717
7411
8156
8121
7491
8229
7820
8199
7926
8842
8550
7321
8307
7449
8044
8192
8174
7015
7794
7191
7998
8412
7353
7990
7753
7230
7814
8384
8782
7895
8150
7487
7673
8596
7275
7744
7333
7931
7114
8000
7742
8128
7923
7772
7396
8874
7188
8023
7627
7574
8014
7940
7746
7919
7087
7396
8078
7594
7151
8400
8077
7300
8166
7871
7492
8119
7999
8534
7083
8514
7361
8108
7957
7639
8166
8010
7663
7684
8130
8827
8130
7743
7186
8258
7236
8721
8486
8492
7712
7477
8313
7190
8477
8281
8635
6958
7912
7735
8294
8379
8548
7210
7930
7295
8181
8613
8461
8138
7741
7817
8208
7579
8071
7783
7576
7320
8426
7988
8117
8499
8754
8580
7633
8322
8714
7992
7740
8608
8011
7111
8048
8142
7486
7611
7394
7969
7792
7934
7318
8335
7010
8214
7778
7548
7404
7517
7610
8062
7431
7318
9543
7872
7164
8179
8424
7071
8236
8712
7872
7735
7985
7037
7570
8047
7487
7616
11328
7997
8066
8411
7294
7391
8317
7528
7916
9261
6976
7057
8323
8746
7717
7850
7483
8497
7577
7984
7340
9120
8565
7933
8050
7733
7923
8989
7528
7084
8480
7629
7781
9186
7290
7328
8299
8071
7111
11809
7639
7537
9115
7687
7865
9286
7873
8457
8986
7646
7696
7477
7251
8408
7789
7757
7565
10512
8138
7858
8421
7768
7230
8217
7000
7924
9188
8105
7097
10371
7155
7628
9901
8271
7264
8391
6948
8613
9019
7432
7777
8096
8517
7151
8222
7982
7230
8644
8112
7160
8066
8384
7467
7503
8194
7588
7272
7190
8420
7953
7661
7082
7189
8566
8222
7579
7830
7434
7409
8476
8255
7631
8131
7658
8411
8380
7537
8724
8569
7977
8605
8007
8038
8185
8008
7112
7196
8694
6906
7714
7948
7490
8779
7376
8398
8169
8518
7590
8114
7789
8181
8236
7409
7475
7481
7862
7051
8120
7825
7533
8560
7315
8374
7512
7273
7982
8187
7798
8477
7974
7758
7934
7880
8775
7994
7984
8312
7361
7205
8027
6931
8742
8487
7651
7333
8210
8000
8753
7898
8380
7201
8590
8271
7814
7915
7984
8410
7230
7512
7287
20505
7292
8354
8504
7938
7575
8502
7333
8673
7988
8154
7974
7959
7569
8630
8489
6929
7432
9690
7481
8219
8673
7523
7538
7864
8433
7292
7205
7413
7333
7667
7292
8531
8299
7489
7545
8334
7810
8281
8161
8425
7455
7890
7456
8558
8194
7312
7931
7989
7641
7201
7811
8055
7546
7800
7020
8924
8831
7350
7786
8234
7028
8600
7433
7300
18907
7468
6863
7712
8290
7511
7952
7980
7778
7553
8706
7348
7758
7856
7392
8335
7394
8428
7431
8209
7326
7196
8540
8306
8653
8677
8014
7829
8514
7770
8334
7192
8056
7549
7513
7777
8564
7254
7689
7549
7343
8093
7333
7803
6989
8531
8315
8324
7905
8583
8422
7764
8147
7919
8875
7336
7168
8828
7430
7348
7773
8093
7763
7383
7376
7438
7784
8625
7040
7133
8384
7005
7886
7898
7789
7419
8275
7575
7831
8015
6977
7391
8416
7612
7394
8477
7234
7877
7340
8332
7936
8205
7384
7320
8546
8133
7404
8071
7579
7404
7387
8326
7968
8333
7183
7495
8768
7015
7840
8370
7769
8325
7721
8190
7810
8179
7702
7282
9372
22035
8440
7817
8582
7422
7379
7789
8533
7360
8526
7510
8060
7963
7017
8340
9092
8054
7718
9270
8643
7258
8663
8771
7035
9496
7103
8095
8099
7145
7460
11071
7268
7749
8979
7656
7691
9977
7329
7620
8388
8635
7390
7938
8599
7973
8396
7349
7330
9567
8675
8362
7679
7713
8475
7616
7573
7624
7520
6905
9062
11109
7026
7777
7544
7812
8308
25191
7378
7800
7763
8416
8169
7197
7509
7297
8400
8398
8865
8619
7348
7834
7845
7266
8621
7371
7103
8093
8418
7224
7112
7426
8606
7842
7388
7110
8319
8177
8234
7572
7742
7875
7802
8451
7534
7158
8364
7514
7958
8412
7772
7437
8279
7076
7846
7441
7653
8646
8093
7933
7808
8032
7682
8137
7580
8739
8218
8434
7176
7677
8419
8334
7585
9292
7753
7811
9060
7080
7859
7825
7502
7474
12739
7287
8810
8303
7548
8556
8621
8512
7558
7128
8076
8210
8543
7337
8233
8307
7280
7806
7574
7369
7551
8988
7640
7853
9006
7159
8245
7870
7627
7246
11215
7623
7953
8343
7817
8594
8984
7117
8072
8004
8164
8026
9234
7801
7382
8758
7872
8027
8113
7449
7315
8676
8441
8338
8277
8186
7987
7650
8149
7265
9606
7798
7176
8891
8360
7046
11154
6971
7080
8637
8301
7419
9219
7195
8290
7813
8074
8505
8056
8592
8443
8930
8549
7801
9044
7210
7210
7610
8520
7049
9469
8193
7110
7214
6948
7834
11587
8060
8031
7748
7355
8313
8578
7641
8189
9220
8246
7626
9018
8338
7654
7755
7850
7565
7828
7697
7228
8594
8164
8154
7756
7176
7283
9074
7386
8223
11455
8356
7697
7786
7527
7771
8951
7084
7507
8406
7506
7910
9695
7448
8518
10648
7998
7415
8228
8368
7446
8504
7420
7280
8512
7452
7544
8109
8635
7557
8405
7388
7078
8033
8384
7327
8448
8392
8306
7892
8327
7424
8388
8435
7476
19865
7184
8169
8634
7831
7671
7904
8409
7752
8714
8333
7184
8120
7855
7456
7163
8443
7069
8087
8443
7150
7916
7390
7047
7601
8341
7322
8295
7235
7093
8297
8400
7312
7069
7620
8184
7489
7447
7674
7309
7794
7220
7933
7837
7622
7142
8719
8103
7845
7714
8522
7494
8140
7603
7661
8011
8063
7688
7992
7392
8052
8063
8362
7636
8058
7533
8667
7485
7008
8053
8004
7496
8580
8603
6971
7775
8051
7160
7236
8210
7224
7587
8397
8383
8925
7427
7326
8443
8808
8225
8220
8671
7534
7667
7380
7313
7950
7961
7111
8277
7313
7636
8098
8090
7719
7400
8585
7733
8310
8395
7548
7549
7991
8613
8789
8240
7413
7793
8595
7496
7574
7551
6964
8762
8031
7435
7923
8323
7278
7287
7315
7035
7811
8497
7066
7559
8035
7581
7371
7865
7102
7236
8306
8259
7744
7226
8077
8235
7699
6779
8262
7305
7611
8511
8509
8232
7887
7606
7580
8157
8466
8439
7919
8263
7563
8399
8558
8026
8007
8624
7581
8382
7983
7159
8097
7447
8474
7928
7154
8110
7179
7717
7723
8476
8008
7172
8194
7799
7855
8384
7156
8548
7739
7981
8252
7280
7671
7320
8596
8062
7941
8530
7193
7548
7791
7537
8338
7713
7392
6953
7806
7678
8474
8543
8252
7145
8658
7369
7056
7541
7630
7714
7311
7780
7876
8329
8702
8204
8325
7292
7481
8909
8334
8145
8988
8412
7179
8702
7300
8247
7774
7910
7261
7684
7458
8091
8227
8535
7644
7587
8032
7067
7863
7814
7706
7257
8783
8473
7525
8112
7133
8605
7550
7866
7814
8612
7979
7412
7394
7682
7483
7805
7135
8799
8348
8125
7483
8394
7189
8138
7825
7435
7524
8718
8712
8184
7830
8005
7290
8784
8380
8668
7759
7793
7523
8059
7744
8473
7344
7625
8415
8613
8355
8235
7769
7912
7257
7829
7987
8378
7195
8001
6989
8273
8082
8513
7728
7822
7625
7753
7654
8251
7989
7936
7109
8379
8605
7116
7748
8200
7212
7584
8011
8281
8149
8343
7537
8460
8265
8241
7588
8234
7131
8284
8355
7986
7632
8215
7569
8760
8837
8635
7430
7990
7496
7928
7716
7315
8336
8122
8524
8504
8595
8458
7816
7338
7815
7031
8251
8329
8050
7617
7435
7638
7610
7983
8217
7972
7708
8593
8466
8215
7723
8073
8421
8386
7985
8366
7880
7712
7289
8379
8410
7615
7256
8428
7593
8495
8505
7690
7810
8002
7127
8085
8717
7239
7896
7654
7608
8387
8135
8254
7471
7172
8371
8196
8029
8184
8115
7691
7386
7074
7417
7719
7646
8213
8117
8316
8072
7181
8398
8733
8393
8094
7533
7625
7125
8001
6882
8061
9349
7626
7328
7886
8095
7491
7920
7043
7359
7516
7648
8180
7079
7604
7450
8256
7289
8533
7152
8115
7974
8269
8297
8010
7607
8435
7834
8055
7582
7779
8590
7114
7898
8033
8225
8600
7351
7554
7449
7774
7400
7549
8454
6904
7622
7605
7641
8776
7385
6986
7558
7895
7621
7723
7433
7189
7425
8251
8009
7200
8025
7028
7986
8858
7220
7331
9143
8338
7531
10205
6989
7851
8093
7572
7093
9558
7904
7658
9922
7835
8387
8405
7076
7931
8039
7654
7092
7830
7741
8042
11557
7270
7286
10579
7470
8439
8546
7585
8641
8586
8498
7738
7651
7539
7788
7467
7610
8173
7859
6928
8256
8415
8214
7600
9148
8333
7457
8654
7712
7461
9113
8302
6964
7595
7637
8398
9112
7585
7638
8535
7682
7171
8664
7558
7477
8671
7672
7553
7724
26033
7066
7215
8021
7395
8213
7794
8294
8457
8536
7049
8621
8533
8443
8422
8677
7903
7181
7774
6873
7763
7805
7555
7386
7234
7098
8097
8257
8198
8368
8454
7495
7881
7341
7338
7415
8164
7446
7768
8240
7427
8762
8405
7425
7724
7952
8319
7651
7296
7512
7855
7217
8246
7591
8574
7511
7661
8020
7836
8284
8665
8486
7773
7576
8410
7695
8172
7630
7508
7774
7435
7844
8220
8337
8373
7792
7700
8616
9331
7442
8013
8220
7691
8071
9000
8418
8374
8869
7998
7201
8527
8593
7835
7882
7679
7110
8917
7297
7958
7876
7198
8051
7641
7122
7579
8440
7205
7909
9467
7428
7526
7500
7430
8165
10642
7236
7135
7536
7834
7618
11236
6995
7720
8053
8026
7171
8230
7337
7408
15269
7576
8396
8755
7805
8000
8948
8536
7838
7370
7409
8130
8026
7329
8098
9241
7490
8476
8574
8518
7892
8314
7204
7672
8035
7355
7394
8823
8012
8409
7594
7425
7402
7511
7700
7331
11450
7483
7603
9328
8114
7138
11507
7661
7496
7741
7192
8571
7631
7211
8222
9371
8091
7338
8050
8988
7526
8968
8182
8071
7191
7306
7379
9066
8194
7651
7521
8477
8515
17071
7611
7148
7380
8433
7229
7194
7926
7739
7989
7441
7728
8353
7587
8582
8405
7447
7748
9196
8045
8261
8333
7981
8104
8527
8101
8346
7364
8091
7934
7256
7900
8435
7921
7259
7936
8138
8097
7922
8633
7477
8176
7118
8409
7636
8539
7490
7463
9446
7883
7302
8606
8259
7871
9077
8451
8036
7589
15050
7108
8100
7241
7866
7971
7543
7661
7555
8238
8332
8333
7965
7375
7594
7359
8013
8572
7773
7338
7583
7035
8333
8676
8563
8148
8364
7399
7462
8075
8531
7812
7297
7460
7330
8054
8715
8446
7072
8300
8058
8056
8119
7639
7375
7948
6990
8291
8194
7794
7323
8276
7575
8387
8462
7813
7332
8584
7360
8309
7708
6895
7638
7784
7974
7635
8599
7516
7154
8274
7734
8363
8459
7456
7342
7196
7813
7783
8480
7228
7932
8615
7883
7280
7856
6969
7779
7544
7627
8150
7174
7089
7138
7430
7491
7951
8542
8192
7121
8468
7518
7342
7194
7109
7531
8464
7789
7500
8699
7183
8117
7093
7687
7488
7794
8200
8373
8005
7433
8533
7875
7428
7953
7974
8171
7167
7651
6945
7449
8601
7222
7606
7513
7056
7508
8275
7733
7068
10853
7353
8172
7146
7729
7308
7622
7622
7861
7057
7743
7482
8276
7093
8301
7280
7619
7148
8331
7888
7593
8504
7989
7323
8360
7339
8174
7814
7933
7682
8066
8092
7738
7573
7608
7533
8009
7551
8114
8635
8574
7499
8255
8007
7935
8265
7349
8153
7553
8080
7947
7651
7369
8335
8087
8760
8187
9937
7227
8306
8553
7943
7651
8073
6967
7932
8155
7872
7798
9361
7408
7852
8372
7835
7035
9917
7938
7579
10259
7236
8180
8311
8471
8921
7564
7640
7780
8090
8473
7408
9177
8379
7142
7590
7421
7353
10492
7985
8594
7837
7123
8430
7438
7383
7210
13338
7129
8243
8397
8266
7724
7812
7097
8251
7584
7442
8441
8405
7892
7304
8966
7003
7048
8865
8235
8415
9158
8135
7311
7943
8684
7795
9071
8598
8014
7920
8441
7886
8316
7219
7343
10571
7511
7342
7786
7676
7330
9676
8284
8354
7580
7649
8697
8617
7732
7492
7984
7708
7928
8236
7618
7921
9844
8215
8328
7833
7688
7385
10142
7396
7787
8680
7723
7672
9002
8524
7527
7532
7593
8284
8112
7447
7775
8575
8670
21056
8528
8236
7538
7815
8820
7162
7825
7044
7171
8153
7772
8044
10132
8649
7654
8025
7942
8507
7109
8318
7415
7687
8513
7172
7500
8053
6839
8094
7808
8320
7586
7988
7721
8722
8026
7639
7132
8623
8177
7541
6866
7964
7111
7901
7353
7800
8194
7132
7687
8379
7655
7968
7410
7788
7358
7986
7647
7652
7871
8251
8145
7880
7536
7037
7539
7211
7669
8495
6837
7827
8287
8092
8184
8171
7386
7257
8582
6951
7477
8212
7687
7058
8515
6850
7948
7830
7271
7953
8614
8390
7615
7969
7626
7209
8417
7898
20373
7516
7038
7213
7102
7783
7890
8383
8215
7449
8344
8115
8565
8241
6886
8088
8174
7758
7359
7852
7609
7335
7910
7130
7230
7395
6908
7762
8287
8372
8674
7880
7203
7887
8105
7002
7325
8622
7610
7751
7403
7393
7434
7162
6911
8214
8445
7979
7713
7969
7196
8266
8587
7941
7073
7310
7364
8088
8743
7098
7467
7684
7476
7970
8209
8401
8143
7221
7768
7997
7947
6996
7634
7758
8015
7494
7222
8476
7692
8445
7379
8437
7261
7070
8081
8026
7137
7186
7648
7555
7209
8469
6908
7853
8522
8069
7353
8158
7852
8369
8051
7248
8282
8081
7538
7884
8061
7469
7381
7440
6893
8077
7964
7641
8153
7179
8163
7911
7663
7066
8210
8358
8096
7917
7051
7415
7574
8365
7107
8153
7189
7426
7516
7379
7176
8125
7910
7153
7174
7946
7630
7330
8620
8019
8213
7275
7947
7802
8061
6903
8045
7782
7909
7076
8355
8103
8097
7916
8002
6958
8237
7435
7914
7763
7389
8512
9579
8427
7541
9880
7781
8562
8252
7123
8172
8074
7579
8476
8093
7893
8480
7847
7412
7530
8227
7572
7995
10530
7076
8025
8976
8733
7503
8979
7419
7588
7039
7559
7829
8263
8498
7509
7638
8505
7337
8680
8723
7102
8097
8236
7104
7173
7894
6993
8330
8395
7318
8049
8522
8459
8101
7933
7572
7505
8030
7871
7937
8814
7091
8046
8177
7574
7898
8617
6852
8035
8497
7410
8112
8402
7050
8119
7862
7110
7214
7428
6948
7866
8154
7777
7543
7194
6866
7203
7498
6971
7776
8588
6875
8449
7337
7097
7972
7605
7762
7676
8558
6888
7969
8739
8014
7421
8762
8365
7794
7654
7992
7178
18313
7055
8037
7809
7732
7638
7338
8177
7396
7266
8398
7621
7165
7946
8651
7713
7230
8425
8466
7810
7851
8125
8497
7862
8367
7921
7315
7532
6995
7465
7974
7280
7681
8125
8406
7549
7452
7190
7771
8217
7543
8019
7886
7564
8418
8376
7733
8249
7764
7216
8572
8215
7099
7076
7404
6920
8085
7316
7562
7129
7015
7423
7976
7952
7284
7145
8618
7115
7608
7905
8283
8728
8330
7615
7610
7401
6887
8082
7705
7917
7451
8399
8257
7752
7857
7446
8515
8269
7269
8876
8056
7500
8683
8513
7308
8226
7989
8400
8076
7937
7292
7267
7360
7049
8056
8462
7584
7961
8567
7496
7693
7424
7848
7350
7542
8210
7698
8981
7335
7543
7577
8287
7522
8842
7040
7119
7784
7135
7372
12950
7242
7153
7712
7176
8203
9748
7349
7593
8367
8909
6974
9120
7220
7615
10876
8714
7841
8112
7273
8194
7981
8131
8055
8846
8034
7572
7751
7595
7594
9154
8495
8124
8119
8195
7619
8174
8615
7794
8353
8312
8368
7600
7836
9825
7384
8000
8259
7149
7552
8364
7417
7004
7531
7637
8204
7136
9000
8084
7970
8869
6995
7329
10552
8292
8331
7613
8508
7800
7644
7906
7338
7815
7255
8610
10144
8984
7726
8531
7892
7031
7761
7513
7564
7678
7491
7597
7420
8776
8555
7750
8553
8274
7392
8338
7134
7271
7829
7456
8143
7621
7892
8504
8644
6989
8203
7574
7634
8313
7539
8333
7775
8601
7117
7369
8214
7199
7866
8338
7153
7924
8152
7921
8476
7112
6846
7247
8035
7713
7166
7986
6907
8052
8211
7234
7605
7375
6958
8657
8191
7510
8605
8312
6907
8003
8462
7492
8412
8389
7147
8052
8131
8430
7500
8099
7021
6984
7295
8035
7480
8223
7150
8222
8006
7132
8438
8189
7931
8784
7890
8528
8681
7664
7544
7411
7248
8153
7832
8225
8442
7389
8471
7463
8094
7665
6861
7750
8357
7722
7512
8542
8491
7768
8160
8368
7354
8149
6969
7529
7923
8194
7728
8158
7864
8001
8597
7217
7207
8265
7821
8597
7269
7169
8531
8328
7708
7150
7439
6979
8221
8156
8530
8742
7590
8382
8195
7376
7886
8400
7452
8152
7511
7772
7489
8805
8492
7013
8223
7986
7546
7656
8728
8364
7226
7851
7615
7987
7509
7230
8059
6989
8174
7549
8056
7142
8001
8207
7756
8725
8827
7394
8055
8463
7451
7479
8595
8564
7704
8282
7256
8391
7743
7147
9356
7494
7953
8200
7817
7375
7438
7750
7655
8731
7502
8188
8390
8160
7390
8117
7668
8458
7548
7627
8131
7692
7548
7155
7148
7548
7842
7313
7322
7415
8045
7650
6988
7193
8128
7970
8435
8112
7896
7273
7751
8422
7845
7251
7538
8020
8310
8330
7693
7978
7138
8515
6974
6876
7368
8485
7999
7392
7307
7460
7466
16413
8546
7561
7807
7095
8189
8083
8534
7246
7854
7722
7953
7748
7474
7420
8959
7585
8631
8020
7231
7110
7291
7634
8613
7633
8430
7370
7857
9176
8459
7656
8063
7805
7087
8013
7551
8357
7691
7178
7366
7933
7856
8733
8022
7743
8312
8169
9462
8394
8015
7219
7122
8048
8147
7217
7593
7461
8117
7949
7012
7933
8015
7257
7090
8249
6891
7681
7933
7353
8648
7415
7597
7165
8653
7596
8198
8523
6978
8062
7399
7420
7114
8511
8255
7892
8460
8299
7970
8038
7854
7115
8348
8671
7574
7859
6911
7106
7713
8070
7913
8034
8538
7679
7764
8356
7417
7451
7075
8164
7943
7718
7270
8343
7818
8514
7870
7448
7464
8512
7574
8502
8140
7750
7211
7794
7394
7112
8214
7209
7759
8164
8464
8371
8724
7215
8334
8221
7750
7629
7876
8135
7533
8255
7163
7150
7593
6931
7691
7763
7215
7288
8013
8035
8163
8095
7358
8874
8504
7002
7448
8638
7561
8381
8164
7711
8382
8138
7782
8333
7714
8224
7733
7777
7271
7348
8297
7579
7883
8576
7077
8197
7528
7747
7309
7640
8436
8017
7774
8231
8000
7783
7700
7357
8650
7703
8630
8461
7087
7102
7651
8517
8555
8067
7520
8634
8639
8414
8594
7841
7607
8578
8635
7126
7675
7691
7013
7364
8579
8352
7286
8898
7256
7261
8641
7794
7619
7974
8498
7783
8055
7884
7189
8163
7623
7164
7165
8414
8192
7240
8266
7706
8516
7733
8358
7374
7915
8589
7716
7694
8563
7131
8305
7956
7560
8158
7649
7227
6984
7369
7854
8279
7272
10953
7059
8381
8196
8498
7567
8779
8627
8172
8035
6966
8431
7973
7166
8109
8817
7243
8121
9076
7971
7580
7242
7959
7276
10612
7372
8483
8164
7805
7662
7481
8166
8114
9297
7845
7532
8612
7788
7737
9616
8520
7980
8819
7459
7746
8810
7134
21707
7720
7204
8736
8410
7507
8116
8770
7681
7530
7372
7309
8516
7328
7789
8053
8692
6875
8227
8042
7715
7023
8693
7942
7396
8287
7308
6984
7307
8092
8562
7212
7832
6976
7609
7162
8109
7474
8012
7550
8169
7153
7482
7298
8820
7575
7729
8628
7287
8424
8435
7738
7756
7151
7933
7970
7591
8203
7361
8662
8238
8192
7778
7983
8189
7196
6964
8341
7579
7212
8697
7415
7651
8474
8010
8302
7628
8707
8148
7209
8702
7597
7652
8161
7204
7589
8535
7841
8617
8162
8261
8023
8400
7949
7566
7921
8310
7774
8251
8053
7539
8168
8027
7594
7630
7551
8851
7245
7259
7668
7248
7063
7083
7897
7451
7598
7309
7131
8052
8813
8024
7051
7512
6914
7880
8410
7213
7206
7753
7947
7649
8233
7126
8433
7352
8428
7389
7387
8337
7934
7709
7563
8602
7251
8410
8630
7736
8446
8174
8203
7265
8732
7731
6949
7654
8000
7076
7691
8663
7688
8112
8801
7358
8403
8201
8306
7911
8034
7127
7086
7133
8156
7969
8057
7894
7302
7593
7620
7910
7076
7187
8232
7690
7358
7673
7629
7835
19266
7468
8173
7757
8145
7172
8516
8132
7309
7412
8523
8265
8250
8195
7158
7249
8364
8232
7708
7781
7893
8502
19820
7890
7929
8108
6958
8261
8291
7080
8143
8295
7702
8338
7369
8298
7984
8035
7854
7374
8646
8036
7436
8184
7635
7184
7738
7630
8093
8213
8504
8672
7873
7911
8210
8658
8215
7952
8517
7983
8236
7422
8299
8324
8016
6988
8292
7936
7297
7891
7229
8275
7835
7465
7795
8710
7509
7037
8049
7917
7897
7176
8451
7588
8146
7452
8738
8304
7823
7258
8300
7449
7462
8378
7398
7205
8201
8428
8468
8201
7591
8477
8072
8579
8255
7816
7230
8652
8253
7894
8050
7253
8692
8477
7237
8130
7538
7552
8233
7059
8220
8159
7904
8476
8833
8694
7212
8263
8214
7361
7978
8189
7502
8414
7837
7034
8423
8189
7453
7358
8815
8261
7417
8349
8122
8574
7269
7188
8028
7312
7927
8276
7650
8310
8313
7933
8015
7394
7233
8098
8313
8477
7287
7673
8458
7526
7174
7825
7171
7031
7440
7587
8022
8160
7291
7092
7400
7136
8229
8175
7908
7592
8487
7833
7712
7405
7532
8515
8574
7238
7210
8600
7208
7118
7924
7680
8214
8772
6918
7691
8370
7512
8523
7350
7645
7777
8112
8414
8214
7408
8022
8346
7180
7492
7980
8123
8439
8618
8350
7493
7210
8434
8187
7941
7165
7442
7130
7431
7169
7731
8050
7100
7833
7832
7390
7466
7937
7217
7143
7798
7767
7871
7755
7547
8470
7799
7389
8364
8456
8425
7969
8375
8370
7883
8523
7985
7387
7833
6926
8072
8661
7517
7511
7648
8077
7947
7988
7582
8851
8401
7982
7423
7644
7693
7192
8745
8415
7720
7884
7246
8273
8712
7635
7721
8600
7189
7887
8573
8111
8401
8160
8162
8130
7700
7584
8545
7856
7333
8366
7577
8266
7846
7812
7680
8034
8020
8395
7716
8199
7072
7139
8583
6964
8675
8351
7399
7081
7351
8383
8065
6989
8137
8972
8195
7735
7445
7835
6953
7772
13537
8576
7736
8757
7572
8137
7491
6959
8029
7739
7413
7714
15943
8095
8015
7995
8381
8750
7853
7328
7753
8350
8522
7713
7239
8102
7317
7158
7022
7567
7973
7164
7214
7068
8290
8497
7818
6923
7302
7712
7593
7756
7202
7268
7231
7806
8338
8287
7427
8076
7579
9874
8434
7693
7620
7415
7140
7777
7901
7547
11410
7800
8426
8071
7462
8029
7666
8602
7821
9753
7372
7211
8166
8665
7600
11016
8392
7859
7651
7321
7971
8919
7970
7770
7575
7381
7200
9199
7615
8199
7846
7589
7531
7994
7876
6851
8207
8048
7141
8643
7650
7158
7886
8220
6928
8445
7390
7069
7708
7943
7764
8687
7758
7996
7573
8768
8389
8112
7837
7374
8629
7309
7650
8207
8559
7682
7644
7220
8257
7692
8695
7837
8680
8461
7016
7575
7988
8391
8548
8312
7589
7350
8393
6918
7692
8361
8111
7158
7804
7650
7114
8638
8517
7061
7174
6974
7928
8089
8426
8241
8512
7275
7528
7633
8513
8215
7441
7360
7963
8198
7476
7674
8295
7693
7249
8430
8271
7688
8054
7144
7396
7215
7101
7918
7856
7087
7920
7430
6994
7993
7809
6905
8112
7813
7670
8062
8274
7910
8092
7543
6897
7835
8174
8051
8424
8613
7581
8886
7548
7138
8416
8251
7604
7085
7205
8081
7004
7991
7333
8085
8584
7458
7984
8059
7682
7128
8476
7429
8192
8034
6888
7367
7996
7820
8372
7808
7192
8294
7981
7652
8575
8555
7426
7621
8222
7716
7892
8551
7223
7748
8415
8333
8042
8399
8005
7169
7075
7066
8527
7610
7171
7709
8387
7693
7274
7841
7660
7386
8184
8176
7740
7762
6876
8430
8116
7411
7185
8800
8520
7672
8217
7498
8076
8624
7029
8018
10421
8193
7744
7598
8436
7570
7934
7887
7189
7358
8360
8230
7652
7956
8586
7738
8166
7333
8016
8061
8285
8221
7310
7872
7671
8333
8182
8654
7533
7841
10187
7640
7321
8722
7371
7572
10967
8605
8279
8214
7702
7496
9129
8238
7213
8256
7133
7902
8441
7867
7832
8435
6966
7323
9101
7743
7794
8584
8245
8339
8633
8010
7991
9092
7200
8464
7146
7792
6990
10477
6994
7555
9010
7602
7468
8606
7897
7727
9241
8248
7337
8779
8014
8394
8064
7317
8270
8019
7322
7194
10648
7397
8419
8007
7480
7906
8903
8640
7779
8318
7772
7311
7718
8387
7417
7676
7405
7456
7571
7478
7428
8015
8641
7596
7090
8108
7110
8184
7788
7810
7441
8336
7292
8702
8048
7951
7175
7662
7198
7386
7752
7226
8564
8539
7432
7169
7769
7035
7902
8186
7286
7382
7353
6944
7875
8594
7300
7097
8051
7462
8251
7505
7719
7658
8510
7780
7323
7612
7534
8624
7130
8444
7740
8635
7406
8612
8444
8212
7317
8239
7576
8615
8300
8325
7454
8497
7249
7216
8446
7601
7946
7435
7226
7215
8293
7564
8555
7992
7598
7888
7187
7775
8222
8074
8296
7569
8069
7262
8238
8564
7962
7972
7798
8280
8270
8036
7952
7475
7301
8200
7851
7900
8183
8274
7339
8020
8178
7377
7307
8339
7983
7517
7425
8193
7998
8459
7601
8669
7319
7871
7543
7921
7451
7314
7553
8398
7846
7153
9091
7133
8153
8102
7488
7178
7246
6913
7261
8396
7270
6898
7782
7280
7890
8528
8199
7571
8436
7035
7820
7128
6932
7367
8643
7753
8570
7928
7513
7547
8427
7712
7127
8146
7738
7858
8363
7564
7625
8205
7632
18261
7287
7435
7163
7875
7949
8364
7277
6877
7428
8418
7239
8708
7193
12089
8123
8282
7366
7227
8580
7176
7506
8172
7283
8349
7452
6730
7176
7474
8436
8477
8622
8553
7437
8226
7666
8462
8925
8146
8656
7747
8362
7462
7736
8545
7271
7964
8274
8416
8153
7997
7914
7690
8440
7933
7251
7702
8580
8809
7029
8715
7130
6929
8013
8374
8039
8725
7880
6994
7173
7972
8087
7232
7089
8457
7957
8022
7138
8839
7887
7167
8091
7371
8354
7228
8056
8287
7473
7394
7781
7645
8235
6906
7972
7805
6979
7099
7682
8176
7033
7958
7381
7942
9714
7933
7374
8880
7025
8546
8199
7641
7951
7789
7699
7005
8205
7832
8502
7138
7635
8703
7112
8451
7237
7129
7592
7839
7384
7605
7497
8173
8542
7880
8697
8373
7030
8493
7893
8269
8717
8198
7630
8533
7171
7263
8493
7854
7980
8790
7522
7348
8688
7211
7003
7930
7729
7062
7266
7133
7752
8629
7450
7823
8553
8675
7901
7651
8163
7842
7964
7490
7672
7224
7855
8423
8602
7059
8205
7615
7266
7726
7255
7270
7614
8187
8211
7891
7556
8604
7949
7559
7092
8117
8653
7364
7815
8415
7384
7642
7120
8496
7100
7992
8175
7172
7333
8525
6996
8178
8446
7753
8715
8251
7966
8882
7608
7071
8614
7938
7111
8621
7174
7005
7070
8246
7686
8150
7310
7533
8020
8524
7831
8177
8625
8448
8273
8615
7682
7943
8215
7614
8059
7311
7128
8309
8000
7948
7088
7169
7111
8260
7571
7169
7493
8645
7319
7930
8413
7040
8328
8178
7003
7457
7680
6950
7247
7732
7864
7334
8439
7229
7855
8495
8013
7630
7802
7974
8374
7988
7354
7447
7369
7832
7629
7861
7207
8065
8696
7467
7911
7844
7990
8263
8606
6906
7901
7471
8008
7659
8513
7350
7391
8021
8176
7596
8427
7394
9171
8417
7046
7530
7590
7884
7902
7579
8312
7739
7529
7808
7644
10208
7027
7781
9066
7880
7791
10476
8358
8553
8361
7049
7522
8174
6978
8272
9474
8092
8037
9027
7752
8415
8033
7505
7338
10372
7037
7420
7891
7698
7197
9287
7409
8092
9361
7882
7337
7534
8401
8606
8016
8558
7613
7530
7432
7699
9887
8297
7881
7470
7276
7010
7876
7680
8013
10029
7555
7608
8271
7225
7315
10102
7051
8121
8143
7248
7011
8575
8264
7784
11200
7503
7302
7960
7613
8338
8397
7835
8610
20281
7461
8270
7389
8409
8688
8018
8687
7156
8476
8604
8112
7822
7351
8206
7751
8230
7271
8533
8594
8334
7738
7327
7853
8199
8270
7826
8232
8500
8026
7630
8133
7601
7341
7941
8014
7653
7213
8385
8273
7307
8342
7444
7595
6926
7978
8602
7383
8621
7145
7872
7821
7379
8008
8224
7231
7128
8030
7340
7758
8676
8538
7933
7875
8769
7230
8344
7238
8447
8440
8659
7995
8592
8695
7666
8582
8548
7673
7049
7410
7300
8719
8487
8239
8092
8282
8390
7898
7412
7215
8461
8920
7358
8204
8416
8032
7688
7969
8069
8141
8284
7933
7846
7675
7620
8431
7579
7943
8088
8596
8331
7645
7826
7391
8471
7189
8462
8007
7856
7268
8753
7374
7672
7911
7770
7558
7923
7561
7279
8258
7871
8335
8683
7781
7571
8338
8608
7819
7589
8610
7952
7484
8584
7417
8592
7193
8000
8161
8755
7235
7260
7415
8093
7365
8056
7740
8661
8398
7927
7639
7450
7502
8282
8516
6998
7564
7279
7066
7174
8194
8256
7608
7598
8329
8050
7977
7390
8062
8307
8473
7581
7150
7189
7191
7999
7956
7666
8586
8469
8125
7220
8567
8070
7430
7927
8327
8676
7420
8636
8432
6854
7145
7869
7318
7469
7228
7502
8380
8010
8035
8961
7594
8082
8578
7373
7892
8385
8282
7651
7330
7641
7532
8457
8638
7785
7900
7260
7850
7351
7311
7284
8124
7813
8383
8164
7853
7455
8523
7266
8230
8097
8582
8203
7884
7359
7740
8330
7920
7403
8149
7876
7403
8335
8671
7418
8709
8441
8346
7840
7251
7607
7570
8530
7879
7922
8441
7777
8359
7271
7370
8373
7323
8132
7909
7492
7937
8155
8184
7913
7354
7494
7208
8353
8033
8013
8196
7397
6989
8022
7984
7795
8466
18548
8501
6899
7668
8597
7157
8042
7509
7649
8449
7188
7725
7185
8610
7653
8117
7346
7386
8307
8536
7309
8856
8615
8225
7956
7216
7477
8201
7798
6994
7496
8143
7262
8415
7101
8170
8051
7618
7497
7597
7810
7974
8094
7150
8183
8633
7515
7412
7974
8092
7728
7790
7139
8010
7617
7591
7539
7871
10261
6933
7938
7557
8534
8444
7515
7442
8436
7717
7683
8014
7117
7112
8282
7373
8405
7938
7271
8725
8671
7410
8053
8166
8674
8292
8016
8515
7244
7528
7773
7171
8565
7312
8116
8000
8566
8153
8237
8254
7611
8826
8416
8222
8235
7589
7831
8400
7685
7669
8180
8712
7800
7891
8118
7708
7061
7051
7113
7687
7507
8389
8535
7911
7835
7936
8238
7015
8172
8601
7210
8327
7328
8102
7911
7539
8251
8501
8704
7904
7361
7451
7779
8134
8642
7752
8257
7425
7291
8101
7305
7800
7953
7741
7374
7250
7255
7177
7820
7196
7993
7917
7571
7430
8635
8887
7538
8307
7092
7963
8147
7798
7408
8121
7832
7879
8416
8003
7511
8666
8360
7874
8022
7468
8027
7533
8679
7345
7827
8635
7916
7835
7376
8003
8606
8367
7818
7698
7661
7779
7878
7733
7473
8413
7342
8166
7691
7287
8027
8580
7517
7774
7205
7249
7817
7943
7202
7780
7622
8196
7511
8334
7373
8354
8405
7415
7748
8515
8038
7157
8486
8010
8174
7769
8435
6951
8353
7474
7569
8971
7474
8139
7892
8518
8432
7542
8058
8215
8818
7728
7210
7787
8092
7060
7535
8145
7408
7792
7174
7040
8016
8304
8114
7251
7557
8330
7604
7543
7810
7917
7089
8291
8433
8663
7851
8364
8708
7099
8253
7745
7558
7912
9641
7556
7139
8278
7307
8018
11666
8656
7600
7956
7430
7133
9636
8758
7631
9086
7415
7593
8350
8805
8266
8015
7873
7371
7835
7381
7893
8328
7979
7549
8620
7651
7273
7985
8000
7817
8316
7400
8063
7376
7557
6959
7153
7193
6974
8031
8335
8497
8319
7792
8044
7405
8156
7442
8169
7266
7041
7762
8211
7119
7697
8774
8163
7769
7643
6964
8492
8270
8101
8720
7133
8002
8181
8520
7389
8601
8517
8077
7683
8061
7707
7692
8499
8206
8418
7723
7676
7904
8123
7115
8534
8652
7970
8155
7489
8015
7963
7441
8394
7391
8318
8115
7537
7571
7866
8035
7762
7994
7299
7076
7994
8410
8599
7764
8461
7219
8271
7451
8635
8221
8227
7406
7988
8687
8056
7641
8600
7774
8203
8267
7533
7832
7799
7169
7437
8175
7121
7862
8061
7589
7855
8176
7174
8415
7897
7526
7407
8534
8655
7811
7559
7989
7328
7313
7348
7754
7675
7616
8541
7638
7461
7407
8251
8000
8305
7772
7653
7406
8412
8417
7992
7608
7118
9198
7507
8611
8107
7506
7189
7735
8082
7032
8154
8410
7610
8074
7610
8676
7262
8073
7377
7281
8287
7428
7509
8405
8326
7781
7924
8234
6818
8158
7200
6913
8377
8657
7546
7761
7230
7831
7782
7920
7661
7365
8627
7882
8817
7775
7956
7210
8801
7769
8676
7430
8241
7859
7240
7692
7397
8401
8113
7585
7180
7502
7165
8303
8179
7889
8309
8117
8239
8769
7423
8646
7100
8098
8279
8211
7087
8034
7392
7533
7228
7148
7249
7995
8757
7491
8487
8635
8347
7912
8479
7998
8496
8974
9297
7242
7206
7721
8016
8780
7714
7947
17586
7165
8522
7216
7208
8338
7402
6935
8352
7665
7317
8164
7887
8532
7676
8011
7901
8709
7672
7240
7070
7969
7933
7364
7935
7551
8535
8694
8224
7741
8450
7534
8515
7451
7554
7465
7189
8158
7500
8153
7768
6982
7732
7833
7672
8687
7420
7878
8640
8384
8349
7850
7251
7265
8558
7835
7987
8130
8676
7616
8194
7535
7711
7741
7851
7801
8405
8602
7486
7369
8394
8188
7991
8234
7502
8495
8110
8347
7753
7716
8048
7953
7451
7591
8281
7257
7155
7455
7154
8249
7933
7589
7826
8023
7959
7200
8394
8238
8241
7647
7250
8173
8082
7964
7313
7462
7553
8201
7816
7693
7471
8373
7128
7872
7614
8722
8277
8208
8412
8110
7390
8610
7982
8313
7482
7703
8538
8329
7958
8209
7116
8174
7852
7649
7300
8293
8630
8135
8215
7961
7972
8217
8427
7430
8675
7935
7972
8184
7592
7353
7110
8271
7448
7713
8692
8422
7865
7040
8491
8358
7149
7794
8268
8394
8525
7920
7188
8099
7990
8244
7129
7280
7507
7777
7825
7392
8209
8516
8297
7751
8580
7282
8312
7873
7919
7329
8481
7609
8209
8632
7826
7490
8614
7754
7789
7865
8582
7892
7649
21648
7762
7602
7501
8043
7810
7168
7780
7552
7994
8485
8353
8160
8276
8593
8687
7712
7695
7959
7830
8097
8538
8102
7918
7855
7935
8346
7831
7600
7738
7384
7027
7823
8739
7984
8143
8002
7169
8882
8470
8334
8065
8492
7651
8080
7415
8454
7512
8466
8076
8193
8580
8132
8448
7432
6832
8567
7469
8299
8556
7178
7622
7948
8425
7672
8507
7724
7809
8552
8551
7387
8292
8656
7902
6993
8071
8389
8734
7253
8126
7909
8435
8364
8314
7811
7532
8312
7726
8436
7410
7180
8237
8528
8593
8105
8377
7192
8290
8549
7246
7724
8578
7669
8384
8092
7892
7518
8680
8637
8050
8473
7801
7382
8681
8644
7758
8585
7178
7004
8185
8603
7391
7979
7649
7328
8615
8211
8083
7593
7762
7845
8473
8106
7846
7388
8594
8636
8326
7822
7676
7389
8620
7132
8416
7684
8653
8285
8160
7306
7750
8624
7152
7985
7179
7802
8312
7278
7622
7532
8423
8617
8204
7871
7429
7485
8135
8644
8242
7865
8704
7445
8600
8369
8174
7649
7278
7446
8442
8660
8174
7564
7795
7631
8451
7157
8156
7836
8094
8080
8001
7696
7329
8513
7220
6993
7614
7982
7410
8202
7358
8292
7830
7960
7603
7293
7782
8225
8717
8659
7608
8190
8614
7914
7878
7773
8061
8138
8413
8386
7603
7355
7805
7999
7392
8420
8574
8493
7901
7834
8515
8208
7917
7187
6922
7678
7590
7740
8390
8194
7973
7765
8306
8109
8315
7199
7935
8047
7237
8435
8084
8320
7633
7353
8227
8084
8110
7725
7631
7449
8330
7551
8382
8679
7435
8170
7431
7512
8482
8176
8053
8254
7976
7636
7669
7262
8332
7820
7784
7681
8856
7723
7392
7315
8550
7551
7707
7241
7671
8203
7718
7404
7191
7364
7992
8128
7223
7218
8190
7324
8076
7270
7813
7956
7931
7850
7609
7932
8333
7432
7720
7635
7389
8373
8605
7450
7723
7468
7912
7354
8473
7831
8605
7371
7491
7680
8378
8089
6973
8364
8380
8122
7580
8374
7519
7989
7220
8417
8143
6912
7359
7375
7669
7270
7721
8250
7868
7279
7985
7276
7327
7750
8714
7605
7571
8575
8216
8290
7525
8022
7547
7051
7930
8377
7958
8093
7348
8352
8292
7559
7606
8562
7702
7552
7634
7210
7585
8220
7482
7608
9037
8566
8176
8170
7672
8111
7709
8758
7661
8627
7620
7730
8238
7553
7746
7579
7819
7794
8263
7389
7503
9000
7054
7691
11188
7695
7569
7272
8413
7946
7990
7825
7666
7322
7506
7882
9200
8699
8579
8962
7501
8632
8012
7276
7958
8976
8691
7492
8595
8375
8456
7974
10081
7865
7677
7420
7929
8681
7430
7931
7044
7174
7167
7384
8692
8241
7431
7707
7006
8253
8239
7807
8702
7475
7161
7933
7230
7152
7886
8159
7537
7253
7088
8200
7789
7743
7850
7187
7799
7107
7753
8624
8392
8490
7712
7467
8600
8539
6941
8177
8711
8436
8517
7212
8214
7734
7600
7433
8637
7608
7370
8473
7947
7333
8642
8528
8445
8825
8733
6933
7935
7873
7803
8506
7400
6908
8281
8263
7731
7293
7499
8425
7143
7974
7649
7557
7953
8484
8340
7601
7477
7282
7610
7155
8256
10019
8354
7189
8294
8377
7994
7389
6982
7912
7889
7801
7536
7616
7928
7878
8533
8379
7187
7207
7180
8161
7287
6908
8732
8463
8091
8131
7606
7382
7317
7674
7419
7215
7360
8175
8561
8774
7294
8373
7953
8244
7989
7968
7487
8354
7390
8110
8502
7088
7691
7558
7774
7586
7933
7878
7548
7892
7740
7646
8644
7252
8390
7689
8176
7729
7276
8147
6925
7630
8041
7393
8450
7096
8200
8017
7169
7307
8531
7277
8446
7753
7584
8125
8550
7357
7148
8269
8017
7313
8653
7691
7490
7192
8142
7599
7693
7129
7620
8595
8437
7512
8506
10630
7887
7814
7655
7125
8436
7723
8235
7640
7250
8343
7563
7853
7461
8216
7194
8196
7876
8062
7630
7758
8104
8241
7662
8215
8207
8035
7158
7907
7500
8594
8251
7711
7193
7889
8170
7185
7742
8375
8584
8314
7777
7641
7905
7260
7873
8034
8559
7056
8237
7292
8451
7660
8223
8543
7915
7512
7230
8671
7648
9102
7764
7260
8921
7170
8677
7497
7059
8104
8276
7952
7107
9057
8082
7569
7545
7752
7880
9105
7669
8424
8776
7794
8380
7333
8641
8610
8865
8004
8682
8554
8211
8799
6867
8407
7778
8538
7189
8179
7724
8324
8250
8117
7449
7221
8238
7529
8427
7777
7220
7773
8100
7261
7755
7819
7493
8030
8040
7287
8424
8616
7398
7412
7376
7607
7882
7752
7702
7895
8435
7369
7933
6933
8202
8288
8300
7586
7087
8174
8393
8046
8614
7791
7701
8401
7404
8586
8054
7133
7071
8273
7312
6993
8844
8667
7454
8117
7664
8437
8355
8605
8363
7808
7191
8188
8333
7200
7112
8801
7269
8471
8777
7185
8235
8025
7835
7416
8589
8564
7161
7419
7323
8093
8189
7410
7921
8447
7148
8232
8543
7466
8333
8015
7231
7971
8717
7580
7437
7189
8632
7915
8102
7712
7566
8450
7497
8053
8076
8225
7918
7986
7210
7785
8284
7692
8051
7917
8230
7497
8119
7826
7767
8391
8470
8421
7702
8000
8082
8354
7975
7315
8053
7617
8386
7389
7599
8632
7272
7289
7606
8815
7276
8087
8328
7560
6817
8049
7981
7692
7647
7370
8417
8170
7791
7857
7853
7437
7959
7919
7314
7791
8031
7777
7987
8037
7241
7324
8705
7131
8570
8051
7748
7691
7092
8114
7668
8548
7175
7600
8024
7212
7984
8252
7899
7651
8494
8753
7966
8093
7915
7671
7894
8015
6937
8420
7294
8064
7178
8039
7495
7783
7854
8229
7664
7846
6947
7789
8490
7094
7502
8354
7789
8687
7394
7971
7352
7307
7006
8315
7301
7066
8153
7553
7977
8056
7578
7519
7233
8876
8123
8117
7660
8176
8424
7567
7503
8134
8463
7822
8149
8268
7564
8214
7343
7445
7594
7800
8282
7486
8439
8107
7719
8595
7594
7753
7542
7910
8384
8953
8106
8008
8287
7257
7345
7368
8042
7857
8210
7065
8595
8724
7587
7091
9173
7994
8394
9081
8576
8296
8625
7735
7708
7734
7558
8437
8259
8016
7938
8577
7262
7110
8355
7244
8544
8079
8536
7879
8653
7647
7727
7285
8579
7975
7486
7839
8044
8478
7372
7813
7902
8317
8460
7960
7553
7126
8211
7940
7712
7918
7071
6957
8513
7228
8032
7146
7272
7921
7735
8108
7838
8306
7533
7908
7964
7756
7533
8421
7214
7183
8071
7607
7165
8220
8805
8300
7938
7517
7708
8411
8603
8380
7069
7970
8246
7969
8641
7404
7309
8535
7640
7857
7947
7006
8556
7805
8158
7387
8459
8630
8202
7374
7907
8677
7287
8144
8247
7304
7639
8389
7959
7328
8017
8391
7370
8256
7403
7788
7336
8700
8005
8255
7345
8517
7406
7774
7692
8592
7200
7608
7356
7611
8277
8286
8364
7656
8003
7687
8257
8833
7966
8080
8064
8065
7973
8459
7207
8082
8553
8083
7697
8318
7454
7389
8391
8616
7575
8072
8619
7962
8194
7219
8174
8192
7943
8117
8120
7656
7287
8059
7564
8073
7743
7572
8220
7975
7112
7624
8109
7259
7815
8008
7205
7655
7974
8130
7261
8222
7465
7826
7911
8296
8001
7448
8346
7685
8411
8596
8471
8089
8017
7772
8272
7225
7912
8213
7156
8050
7814
8201
8002
7173
7501
8207
8356
8677
7061
8101
7832
8538
8620
7763
8152
7231
7774
8318
8389
7408
8022
8010
7149
8130
7794
7297
7938
8728
8534
8138
8043
7923
7051
7617
7456
7756
8712
7835
7871
7176
7343
7363
7837
7234
7661
8066
7089
7590
8429
8690
8281
7701
11409
8033
8472
8524
7731
7918
7881
7861
8014
7528
7236
7913
8256
8217
7811
8536
7602
8073
7393
8219
8151
7594
8312
8603
7299
7498
8516
8516
8457
8333
8056
7333
7854
7762
7427
8008
7807
7927
6950
8581
7528
8396
8553
8192
7862
7732
7470
8766
8143
8292
8142
8217
7942
7451
8425
7320
6894
22707
7287
8192
7648
7446
7530
8246
8399
7973
8133
8613
7271
7162
7937
7492
7946
7582
8136
7479
7197
7589
7163
7981
8537
7415
8205
7430
7331
7969
6928
7834
7934
7316
7746
8278
7494
7748
8964
6944
7990
8427
7714
8355
7529
7112
7881
7830
7896
7388
8702
7507
7194
8649
8154
7836
7615
8195
7935
8200
8032
7995
7762
7664
8366
7200
7157
8215
7385
8212
7934
7797
7298
7199
7620
7833
8623
7189
7856
8153
7235
8242
8124
7400
8346
8170
8191
7233
7387
7610
7180
7327
8527
8254
7087
7553
8587
8364
8284
8067
8025
8765
7352
8406
8682
8302
8248
7513
7628
7376
8779
8302
7695
7056
7539
7831
7943
7790
8408
7451
7408
8366
7133
7312
7892
7859
7628
7917
8553
8594
7989
7211
7933
7447
7620
7789
8423
8422
8527
7433
8322
7083
7932
8860
8045
7823
7882
7948
8053
8200
7800
8128
8667
8325
8350
7673
7543
8482
7347
8144
7871
7897
7569
8660
8757
7425
8433
7528
8000
7743
7475
7703
8211
7359
8193
7931
8031
8260
8312
8261
7814
7208
8344
8629
7994
7623
7982
7871
7188
7669
8872
7776
8246
8178
7838
7134
8078
8126
7787
7210
7800
7792
8167
7384
7457
8759
7322
7360
8641
7229
8335
7830
7410
7932
7475
7484
7617
7866
7678
8113
7835
7881
7234
7832
7414
7762
7783
7679
8493
8041
7304
7702
8343
7206
8223
7665
7918
8497
7215
7384
7196
8743
7259
8413
7830
8193
7080
8277
8714
8184
7841
8435
7732
7636
7569
8077
8575
7762
7399
7675
7926
7894
7852
7974
7851
8156
8716
7381
8169
7394
8104
7712
7938
7943
8456
7436
7561
8404
7391
8276
7523
7630
7841
8596
8207
7229
8935
8138
8548
8374
7908
7545
7108
7344
7531
7795
7785
8845
7354
8363
7343
7933
8757
8405
8260
7900
8572
7984
8175
8189
7550
8516
7406
8566
8189
8502
7984
8531
7451
7163
8384
8355
7919
7578
7342
7915
7880
7735
6987
8840
7819
7276
8015
8165
7723
7379
8645
7914
7111
8835
7438
8562
7569
7386
8317
8601
7932
7148
7288
7497
8171
8465
8462
8131
7981
7622
8562
7458
8185
7323
7246
8437
7774
8375
7682
8175
7815
8369
8344
8615
8230
8049
8375
7652
8602
7389
7349
8723
7463
7632
8716
7180
8010
7420
7395
7435
8321
7998
8302
7774
7115
8184
7881
7884
7191
8236
8735
7582
8000
7270
7612
8358
7420
7694
8369
7301
7965
7505
7340
7374
7677
7255
8200
7964
8377
8435
8012
8815
7641
7192
7374
7977
8133
8591
8298
8373
8804
7613
8380
8239
8385
8463
10646
8369
8271
7217
7590
7316
8826
8033
7497
7849
8134
7888
7929
7548
8511
8458
8133
7835
8823
8579
8764
7251
7356
8215
8768
8372
7500
8165
7109
7429
8837
7425
8613
8667
8097
7328
7694
7700
7810
8837
8160
7795
7635
8468
7317
7239
7558
8894
7307
8266
7312
7993
7671
7250
7635
7584
7669
8582
7509
8294
8123
7731
7491
8633
7778
8262
7333
7615
7902
7739
7382
8670
8192
7973
7247
7622
7137
8232
7707
8016
8244
7999
7566
8425
7592
7481
8271
8213
7010
8186
7713
7287
8118
8097
7928
8314
7677
7585
8837
7840
7933
7200
7412
8040
7856
7575
7726
8454
8743
7855
7598
8555
8189
8148
7140
7916
7776
8535
8061
7490
7714
7982
7133
7861
8496
7914
7946
7490
8000
8736
8048
7703
7764
8286
7653
7338
7753
7820
7339
7630
7941
8199
7082
8500
7125
7511
8463
9038
8357
7857
7603
7717
7936
8543
7494
7600
8558
7371
8015
7791
8472
8295
8331
8803
7506
8622
7329
7800
8146
7191
7640
8538
8615
7625
7983
8064
8110
7835
8539
8349
7986
8463
8173
7766
7506
8134
8362
7984
8464
8749
7397
8156
7634
7773
7701
8427
7372
7717
8256
7730
8467
7972
8779
7495
7269
7652
6892
7403
8235
7536
7231
7662
7707
8575
8196
7810
8415
7538
8282
7905
7647
6917
8304
7307
7954
8804
8072
7038
8623
7882
7092
8128
8700
8063
7488
8153
7601
8651
7733
7647
7978
7198
8295
8657
7589
7044
7166
7514
8104
7800
7500
8241
7635
7244
8269
7979
7146
7898
7810
7837
8525
7579
7743
7735
8256
7591
7576
8560
7675
8510
8216
7589
7248
7180
7533
7851
8431
7201
8010
8076
7607
7215
8050
7408
7962
7738
7168
8551
8284
7952
7392
8000
7856
7477
8276
7635
8072
7887
8834
7508
7733
8358
7718
7776
8360
7988
8287
7607
7292
7028
7523
7982
7942
7438
7473
8811
7947
7471
8368
7185
8063
7772
7549
7848
8128
7231
7161
8512
8000
8121
7935
8610
7751
7440
7828
7389
8422
7307
7731
8633
8397
8351
7875
8637
7874
7347
7712
7965
8558
8538
8374
7892
7761
8324
7717
8112
6995
7861
7611
7505
7242
7231
7027
7916
7748
8041
8845
7624
7774
8568
7543
7914
8201
8307
8052
7333
8024
8071
7664
7056
8020
8228
7342
8412
7189
8012
7533
8095
8469
8225
8463
8566
7856
8333
7041
7060
7915
7338
7149
7994
7813
7974
8331
7435
7644
7712
7364
7557
7502
8338
8421
8252
7965
8620
7743
8511
9449
8552
8407
8151
7879
7806
6789
7798
7646
8327
7622
8029
7243
8502
7325
7673
7903
7230
8452
8009
7468
7057
7355
8791
7457
8297
7743
7167
8051
7652
8171
7565
8400
7189
8704
8337
7707
7954
8753
8426
7337
7356
7633
7981
7215
7746
8210
7886
7481
8312
8217
7364
7810
8937
8273
7736
8296
7288
8560
8116
7907
7410
7834
8047
8020
7743
7749
7166
8693
8652
7482
8019
7651
8112
7512
7113
8406
7584
7928
7352
8473
7876
7713
8153
7456
8473
7969
7191
8135
8071
7581
7379
8162
7395
8136
8166
7671
7158
8380
7393
8476
7895
7274
7973
8569
7479
7515
8243
7285
7192
8307
7798
7789
7754
7302
8336
7991
8709
6950
8352
7856
7348
8705
7823
7810
8398
7292
7848
7938
8454
7265
8421
8340
7895
8092
7446
7320
8173
7418
8175
8501
8036
8076
7174
8711
7997
8440
7799
8004
7938
7491
7913
8158
7741
7482
8574
7678
7909
8290
7109
7985
7609
7503
7493
7389
7130
8012
8368
8021
7234
7305
8082
7713
8300
7253
7897
8400
7158
8441
8591
7543
7252
8620
7343
7390
7945
7815
7980
8233
7209
7898
7989
7132
7884
8080
7668
7753
8526
7179
7492
8337
8612
7697
7671
7587
7653
7175
7490
7944
7700
7769
8376
7257
7740
7762
8011
7210
6947
7765
7319
7794
8890
7118
7817
8301
7569
8013
7995
7460
7150
8020
7784
8274
8778
7109
8184
7870
8220
7543
8397
8757
7066
7384
8396
8521
8429
7646
7759
8889
7108
7450
7846
8153
7862
8344
7933
7444
8061
8509
7445
8231
7265
8049
7563
8609
8022
7956
7498
7565
7492
7512
8076
7912
7893
7551
8618
7267
7564
7810
7635
7805
7908
8973
7995
8087
8565
8001
7863
8020
7878
7114
8901
7639
7878
7846
7878
7750
8670
8532
7174
9897
8193
8235
8570
7006
7631
7456
8486
8553
9020
7456
7217
8950
8042
8117
22631
7605
7926
8388
7906
7038
8723
7171
8465
7270
8193
7402
8015
7384
7986
7800
7394
8071
8080
8393
7703
7776
8658
7561
8388
7184
8052
8166
8028
7969
8523
7386
7462
7789
8630
7837
8313
7184
7836
8644
7528
8425
7733
7688
7892
8260
7600
6829
7779
7198
8128
8220
7514
7885
8636
7278
7205
7651
7154
8438
8552
7364
7392
8804
8678
8377
8388
7634
8220
8057
8749
7310
8107
7711
7692
7610
8400
8212
8797
8616
7480
8652
8241
8202
7920
7502
7215
8641
7430
8057
7772
7596
8154
8013
9223
8225
8773
8797
7708
8003
8464
7889
7783
7190
7730
8640
8282
7854
8274
8451
8394
7620
7655
8105
8212
7406
8098
7441
8263
8172
7617
7641
6899
8072
7329
8205
7825
7318
8053
7651
8533
8086
8235
7389
8058
7528
8692
8346
7969
7487
7699
8036
7769
7441
8392
7550
8377
8252
7588
8235
8071
8276
7642
8203
8433
6914
8035
8266
7375
8481
7644
7686
8159
8392
7361
7938
7082
8410
8309
7928
7113
8564
8224
7998
7749
7063
8331
8094
7169
7693
8061
7178
7517
8712
7827
7855
8218
7809
7873
7866
7911
7577
8475
7342
8234
7252
7748
7549
8275
7490
7605
7896
7414
6927
7707
8521
7670
7644
8561
7794
8496
7861
7276
8645
8101
7621
7311
8556
7116
8302
7632
7217
7355
8558
7882
7693
7876
8410
7472
7233
6933
8316
8104
6916
7883
7407
6801
7841
8478
7415
8583
8328
7194
7791
7098
7047
7499
7833
7904
7652
8193
7270
8680
7755
7872
8654
7730
7892
7527
7133
8070
8415
7323
7692
7092
8574
8065
7780
7994
8008
7456
8543
8203
7405
8000
7572
8610
7749
7984
8092
7564
7830
7791
7612
8010
7980
7599
8351
7979
8138
7700
7512
8378
8522
7951
8446
8786
7751
7833
8472
7128
8578
7574
8064
8667
7335
7394
8168
7407
7861
7331
8017
8411
7992
8117
7614
8548
7623
8215
8575
7647
7604
8199
7473
7754
8618
7180
7976
7047
7385
7862
8438
7454
7541
7979
7383
8309
8055
8592
8157
7999
8051
7714
8490
8335
7650
8712
7816
7531
7594
8504
7912
8117
7310
8400
8069
7290
6828
8615
7295
7215
7772
7159
7271
8317
7487
7625
8318
8609
8141
7850
8400
7746
7283
7349
7511
7566
7396
8060
8166
7348
7658
8326
7211
7835
9184
7635
8189
8229
7824
7472
7368
7186
7288
7308
7798
8697
7717
8032
8202
8441
8384
7708
8176
8399
7898
8379
8540
7989
7792
7093
7717
7850
7409
8377
8209
7196
7985
8604
8497
8007
7724
8001
8553
8185
7256
7311
8304
8409
8362
7882
8560
8317
8616
8649
7868
7539
8574
8030
7675
7387
6756
8346
8362
7220
8892
7310
8358
8443
7872
6902
7623
7220
8015
7904
8675
8126
8073
7182
7384
8306
7807
8280
8414
7303
8275
7953
7364
7234
7738
7847
7610
8113
7975
7627
8225
8141
8128
7617
7509
7351
8028
7930
7308
8600
8707
7572
7831
6970
7334
7791
7353
6866
7696
7264
8218
7379
7081
8527
7326
7951
7975
8307
7316
7832
7891
7218
8192
7452
7995
8248
8095
7630
8253
8219
7346
7312
8631
7394
8193
7632
8502
7457
7195
7993
8143
7955
7186
7476
7292
8047
8117
7648
8530
6887
7113
7226
7738
8620
7218
8176
8406
7530
7817
7042
7750
7042
8075
7665
7697
8591
7196
7312
8384
7031
8085
8702
8446
7524
7089
8639
8078
7884
7835
8214
8576
7488
8014
8396
7587
8237
8032
8986
8056
7490
7215
8350
7912
7820
7456
8004
8544
6927
7953
7230
8230
7935
8785
8305
7397
8400
7428
8333
8194
8547
8158
8131
7433
8412
8815
7128
8275
8213
8555
7247
8033
7910
7628
8795
8977
7462
8639
8149
7839
7531
7880
7881
8652
8766
8363
8419
8713
7818
8360
7686
8131
7520
7732
7338
8152
8041
8034
7342
7209
7753
7980
7641
7707
8011
7666
7389
7394
7485
7251
8317
7440
7970
7025
7962
8399
8001
8682
7957
8649
7477
7703
7610
8438
8563
7246
8679
7562
8429
7581
8208
8021
8049
7577
8194
8209
8393
7849
7651
8216
8220
7884
6789
8571
8612
8178
7989
7075
7703
7348
8514
8173
7948
7611
8162
7566
7246
7917
8116
7933
7512
8476
8684
7556
7201
8327
8238
7856
7242
7050
8932
7293
7569
7357
8263
7972
7774
7035
8429
8774
8061
7513
8689
7162
7916
7999
8625
7987
7606
7816
7325
8123
7116
7810
7692
7582
8092
7763
7336
7939
8234
7448
7197
7471
8185
8335
8332
7651
7230
8056
8618
6945
7898
7358
8343
8103
7440
7389
8095
7231
8031
7415
8707
7856
7957
7265
7876
7123
7551
7435
8531
8465
7777
8194
7947
7013
7547
7852
7369
7185
8764
8000
7856
7432
8342
7409
8001
7569
8414
7352
6863
9354
7895
8398
7564
8058
7507
7388
8172
8181
7856
7929
8094
8017
7635
8031
8171
8003
7090
7708
7993
7268
7612
7722
8231
7898
7653
7347
8694
8435
7330
8153
8061
8394
8613
7485
8326
7744
7390
7091
8737
7834
8480
8516
8140
8232
7777
8133
7415
8512
7133
6935
7429
7221
8475
7660
8453
7486
7689
7770
7156
8768
8014
8251
8666
8730
7627
7253
7889
8345
8271
8035
7389
7556
8007
7379
8579
8285
7151
7327
7165
7698
8473
7276
7933
8034
7815
8508
7507
8389
6907
7632
7697
8337
7607
7692
7630
8477
8513
8351
7659
7409
8388
7689
8513
7356
8139
7451
8015
7086
8161
7815
7913
9000
7518
7800
7993
7390
7073
8681
7761
8318
8122
7843
8625
8628
8603
7690
7173
8530
8471
7978
7594
8410
8533
7571
7153
7689
8516
7865
8410
7533
8574
8004
7836
7092
7320
7584
8333
7610
7380
8174
8336
7900
8406
7128
7200
7888
8191
8590
7592
7189
7410
7712
8059
7939
8236
8346
8433
7707
8714
8138
7081
8800
7800
8448
7872
8707
7169
8636
8093
8133
8922
7551
8516
8172
8161
8194
8698
7345
7624
7497
7158
8458
7932
8403
7816
7475
7743
8415
8343
7446
7207
8340
7508
8216
7225
7651
7703
8656
7533
7025
7995
8031
7085
7329
7256
7446
7203
7740
7754
7962
7605
7023
8259
8620
7605
8738
7410
7753
8276
8030
8427
8613
7391
7877
7374
7938
6935
8321
7482
8606
8552
7620
7684
8738
7166
7746
8235
7353
8173
8600
7876
7399
8671
7897
8594
7177
7947
8275
8595
7147
7543
8241
7805
7123
8138
8343
7171
7288
7404
7615
7193
8382
6909
7823
7833
7880
7507
7579
8082
8367
7681
7422
8263
7187
7571
7650
8574
8358
8334
7790
7007
8343
8212
8186
7332
7338
6960
8385
8023
7881
7836
8577
7656
7794
7580
7887
7673
8209
7936
8333
8341
7337
8381
7852
7715
7055
8319
7592
7078
8177
7376
7820
8620
7487
7816
8405
8087
7751
7935
7257
7347
7894
7632
7035
7739
7995
7661
8186
7178
7190
7130
8179
7198
7719
7408
8517
7804
7255
7712
7988
8369
8556
8039
7431
8520
7690
8215
7867
7599
6968
7781
7608
7173
7870
7835
8345
7574
8573
7897
7923
8474
8420
7991
7383
7790
8467
7311
7830
7844
8164
7933
7548
8616
8639
8092
8717
7605
7809
7537
7105
8497
7856
7244
8112
8756
7902
7010
8509
7671
8543
7743
7251
8039
7286
7605
8111
8428
8720
7915
7570
7684
7982
8356
7352
7732
7252
8799
7979
7304
7209
7972
7692
8497
8618
8547
7748
8059
8067
8646
8014
7994
8264
8112
7246
7548
7206
7800
7136
8139
7929
7836
8049
7680
8339
7912
8465
8583
6950
8249
7194
7973
8490
8808
7948
8805
8437
7795
7754
7111
7973
8216
7118
7943
8009
8255
8037
7771
8596
8404
7925
8578
8423
7327
7247
8331
8113
8611
7317
7926
7623
7896
8203
7250
7753
8403
7631
8519
8374
7152
7368
7958
8646
7830
8352
8651
8020
8122
7323
7675
7561
8409
8294
7732
7650
8042
7917
7854
7639
7328
8592
7518
7769
7823
8295
8417
8133
8021
8594
7430
7812
7702
7200
8314
7993
7769
7452
7297
8000
7581
8062
8439
8036
7911
7398
7610
8035
7440
8294
7183
7836
8038
8129
7758
7553
8074
7498
8594
8571
7087
8291
8533
7340
7962
7292
7366
6969
7418
7504
8058
8142
7861
7748
8756
8723
6920
8362
8858
7893
8015
7920
7642
8427
7252
7129
9780
7845
7325
7129
8622
8185
7872
8600
8415
7374
8153
7195
8559
7708
7092
7575
7256
8391
7964
7811
8181
8391
7454
7992
7313
7886
7919
7171
7319
8332
8189
7952
7721
8620
7560
7856
8380
7054
8432
7499
7250
8128
8672
7549
7208
8424
7482
8678
8244
8174
8562
7923
7510
8175
8444
7181
7096
7630
7550
8292
7891
7275
8430
7755
8636
7965
7569
7471
7189
8403
7389
8176
7935
8428
7673
8123
8146
7714
7087
8793
7786
7608
8283
6983
7598
7973
7496
8485
8205
7711
8726
8282
7389
7271
7670
7608
7092
8605
7123
8293
7797
6930
7588
6975
7967
7859
8300
8998
7857
8616
7693
8311
7511
8314
8378
8163
7527
7570
8666
7292
7814
8336
8205
7007
7812
8799
7717
7300
8217
8566
8347
8719
8348
7675
7302
7046
7360
8002
7323
8684
8021
7498
7437
8477
7456
8394
7655
7571
8445
7476
8728
7295
7635
8533
8015
7286
8485
8314
8000
6938
8049
7751
7679
8499
8451
8161
8046
7719
7769
8484
8006
7870
7910
7204
8116
8579
7691
8338
7789
8525
7507
7190
7591
8276
8093
7267
7335
8058
8291
7475
7475
8085
7656
8759
7516
7923
8350
7189
7530
8001
8073
7933
8346
7223
7024
7824
7673
7517
8116
7533
7682
8416
7528
8302
7281
8497
7859
8107
7177
8178
8152
8052
7984
7192
7528
8109
8036
7147
6974
8656
7668
7865
8761
7465
6771
7976
7217
8559
7112
7645
8118
7854
7250
7114
8627
8238
7419
8376
7303
8193
8313
8416
8282
7858
7939
8111
8383
7318
7004
8380
8746
8067
7226
8013
7787
8432
7250
7293
8733
7066
8612
7802
7859
8645
7916
8000
7667
8323
7222
8291
7733
7035
8112
7841
7568
7400
7206
7431
7909
8400
8470
7296
8227
7409
8404
8630
8215
7670
8145
7289
7691
8803
7978
7645
8979
8546
8471
7850
8705
7833
8361
7215
8229
7876
8046
8328
8492
8512
7510
8053
7446
7238
8477
7232
8358
8189
7712
7473
7133
8282
8456
8301
8367
8262
7764
7952
7623
8777
8788
7312
8435
8666
8328
8415
7918
7535
7912
7579
7203
7391
7139
7940
7768
8006
8241
8264
7512
6999
7589
7294
7751
8555
7190
7692
8584
7509
8374
7729
8312
8541
7330
7215
7689
7401
7295
7717
7275
8781
8092
7936
8233
7701
7979
8406
7455
8379
7975
8262
8188
7592
7046
8415
8078
7698
7652
8118
7757
7338
7359
8057
8490
7703
8666
7834
7288
8450
8079
7346
7606
7889
8362
7959
7107
7842
7864
8192
8487
8579
7745
8274
8790
8004
8338
8111
8366
8015
7592
7590
8491
7389
8300
8409
7363
7777
8461
8765
7339
7325
7330
7755
8255
8568
7302
7813
7422
8208
8189
7177
8245
8020
7456
8088
8434
7370
7302
7210
7991
7922
7909
6997
7085
8292
7344
8250
8497
8353
8474
8321
8723
7898
8407
7158
8293
8249
7775
7558
8609
7430
8068
8069
7540
8261
7896
7236
7962
8496
7348
6909
7799
7934
7999
7671
7631
7184
7974
7736
7635
8523
8684
8179
7629
7546
8655
8367
7357
7170
7172
8235
7775
7348
7986
8115
8133
8371
8565
8616
7992
7744
7979
7204
8536
7687
7715
7401
8438
8635
8486
8015
7692
7245
8117
7385
8288
8399
7545
7922
7633
7057
8181
8153
7682
7759
8201
7307
7381
8005
7230
8035
7902
8851
8062
7723
8183
7451
7350
7992
8218
8618
7153
6970
7612
8064
7441
8560
7716
8124
7379
7675
7028
8114
8441
8184
8169
8243
7835
7215
7263
8397
8353
8200
8583
7682
7344
7437
8475
7374
7913
8215
8321
7077
7935
7372
8112
8043
7406
7482
8621
8425
7132
7978
7030
7950
8137
7469
7191
8203
8410
7938
7723
7841
7129
7254
8559
7356
8393
7312
8567
7495
8302
7659
8615
8351
8008
8619
8415
8093
7523
7567
7050
8754
8291
6972
8266
8014
7651
8278
8264
8202
8561
8410
7869
7215
7361
8099
7839
7160
8372
8097
7697
7840
8772
7963
7668
8583
7373
8161
7601
8295
7655
8539
7344
7955
8548
7598
7270
7800
8396
8234
7507
7681
8219
7574
7561
7089
8291
7369
7336
7613
8861
7755
7349
7179
7557
7257
8455
7295
8205
8412
6984
8044
8622
7546
8721
8259
7218
7042
7712
7816
7231
7851
8543
7550
8625
8120
7494
8034
8628
8311
8174
8052
7876
8712
7473
8210
8725
8049
7670
8526
7774
8217
7974
7746
8794
7795
7797
7558
7156
8242
6956
8067
8056
7317
7846
8382
8221
7302
7933
7741
7710
8200
7201
8225
7730
7096
8703
7635
8519
8298
8120
7669
9039
8207
7743
8890
7979
8491
8282
7693
7019
7435
8707
7091
7695
7921
7899
8410
7842
8010
8356
8064
7702
8615
8001
8327
8384
7338
7600
8453
8802
8236
7398
8440
8025
7985
8101
8677
7600
8196
8119
8610
8594
7656
8467
7911
7592
7192
8312
8767
7526
7354
8312
8269
8200
7092
8624
7612
7152
8071
7288
7013
8404
7975
8245
8751
7246
7504
8515
8347
8137
8466
7532
8271
8456
8338
8212
8257
8050
7535
8720
7243
8350
8097
7801
6917
7831
8466
7212
7758
8286
8046
7283
7682
8564
8200
8944
8206
7439
7780
7810
7923
7560
7263
8131
7367
7847
7618
7707
8025
8477
7289
8422
8304
8617
8520
7654
8375
7378
8328
7248
8483
8112
7535
8371
8394
8274
7850
7378
7794
8379
8225
7812
7015
7634
8500
7880
7442
8719
8243
8087
8517
7148
7996
7471
8025
8244
7596
7703
8639
7230
8267
7954
8685
7856
7288
7640
7850
8352
8180
8426
8233
7993
7792
7411
8114
7436
7329
8348
7702
7282
8694
8351
8003
7412
8231
7761
7202
7593
7651
7673
7428
8455
8112
7218
8660
8189
7560
7880
8115
7415
7969
8387
7031
7789
8045
6928
7939
8205
6851
8411
8412
8420
8041
8511
7698
8549
8019
8164
7726
7748
7922
7692
8267
7488
8113
7350
8632
8230
7228
8476
7574
7169
8284
8373
8625
7633
7333
8740
8492
8625
8358
8397
7961
7958
8279
7851
8492
7502
7451
8353
8717
8126
7964
7761
7897
7614
8174
7275
7636
7795
7391
7717
7764
8439
8863
7527
7087
8185
7752
8438
8625
8045
7553
8204
7425
7111
8316
7551
8517
8313
7258
7487
7552
8156
7713
8600
8020
8179
8466
7903
8485
8278
7187
8008
7396
7219
7715
7487
7806
8289
8197
8066
8148
7758
7957
7749
8336
8425
8256
7737
8560
8143
8129
8662
7997
7226
7666
7815
7199
7671
8015
8125
7989
7007
8561
7736
7102
8136
7260
7303
8319
7972
7331
7197
8010
7150
8475
7708
6989
7962
7858
7773
7112
7611
7712
7349
8163
8400
8325
7666
7151
8132
8030
7211
7651
8096
7616
7797
8012
7588
8633
7971
6882
7805
8010
7180
8611
8092
7129
8096
8558
8012
8263
7374
8226
8467
7200
8446
7155
8302
7498
8476
7878
6991
7899
8298
6890
8002
8132
7711
7155
7691
7825
7789
8015
6989
7889
7982
7854
8331
8641
7596
7278
7472
7569
8618
8279
8184
8154
7358
8448
8071
8270
8002
8066
7651
8519
8058
7574
7153
8339
7692
7739
7982
8596
7000
8363
8239
8456
8205
8232
8109
7230
7749
7611
7598
7522
7667
8534
7579
7186
8472
7389
6917
8857
8621
8314
7703
7546
7594
8055
8061
8484
7253
7185
7753
7933
8190
8457
8203
8221
7861
8557
8199
7902
8699
7311
6822
7682
8328
7599
7350
8392
7474
8574
8370
7586
7841
8295
8134
7902
7661
7741
7135
8263
7789
7826
8610
8323
7852
7830
7078
7850
8264
8489
7103
7690
6915
7953
7410
8186
8257
7544
7579
8463
7830
7034
7722
7600
7210
7895
8047
7367
8784
7202
7639
8255
7195
8422
8487
7391
7815
7922
7030
8213
8331
7451
7561
7798
8535
7999
8288
8585
7312
7488
19643
7731
7131
7656
8364
7788
8012
7512
7680
8708
7792
7563
8273
7048
7511
8200
7589
6976
8615
7668
7338
7209
8156
8182
8029
7753
7444
8073
7450
8113
8652
7581
7449
8392
7148
8284
7849
8485
6835
7955
8009
7603
8386
7515
6870
7807
7216
7791
7613
7763
7407
8542
8621
8221
8138
8486
7777
7988
8461
8123
7811
7774
8021
8451
7687
8245
7229
8297
8500
8170
7108
8415
7611
8689
7729
8706
7854
7692
8753
7356
8411
8093
8431
8434
7759
8028
6897
8296
7303
8041
7789
7599
8196
8160
7714
8079
7141
7209
8221
8683
7697
7168
8235
7660
7658
7089
7391
7575
7975
7089
6973
7832
7185
8405
8034
8139
7570
7068
7572
8303
7986
7092
6948
8799
7184
8297
8735
7438
7492
7250
7425
8334
8016
7337
8431
8374
7694
7590
7174
7695
8113
7739
8512
8295
7955
7690
7086
8607
7669
7524
8675
7854
7138
7812
7809
7385
8547
7159
8236
8599
8058
7710
7986
7730
8477
7230
7594
7547
7233
7233
7871
8006
8471
7695
7087
8187
7948
8598
7584
7047
8118
7302
7316
8560
7566
8336
7360
8543
7336
8881
7652
7894
8491
7442
8326
8098
7472
8435
8000
7230
7410
7325
18123
7893
8061
8025
8111
7236
8385
7846
7681
8498
7135
8173
7640
8417
7189
8403
8198
7471
7948
7748
8610
8617
7815
7975
7579
8020
7733
7805
7588
8507
7147
6946
8236
8080
7447
8718
8682
6977
8096
7887
8183
8016
8662
7194
7994
7942
7532
8482
7395
8184
7670
7513
7228
7498
8040
7524
7644
7455
7669
7184
7236
8263
7569
7454
7492
8602
7996
8457
8601
8579
7855
7065
8233
7799
7993
8148
7169
7887
7412
7676
8586
8508
7174
8230
7266
7665
8114
8071
6939
8641
7064
7702
8251
8778
7976
7135
8494
7620
6996
7404
8216
7725
8660
7795
7030
7989
7080
8208
7208
8850
7103
7978
7974
7768
8697
7941
8124
7825
7353
8333
8010
8164
7374
7290
7685
7300
8632
9990
8035
8076
7729
8022
7761
7772
8292
8354
7596
8193
7233
8682
7179
8206
7733
8137
7365
7669
7550
7964
7690
8372
7735
7615
7601
7581
7230
7570
7588
8212
7148
8130
7226
7863
7268
7613
7856
8513
7863
7989
8382
7343
8219
8153
8261
7247
8121
7779
7076
8376
7779
8399
8541
7048
6994
7548
7452
7816
8616
7698
8031
7345
7174
8385
8079
7187
8265
8321
7731
7709
8564
7435
8015
7821
7904
7222
7967
7440
8252
7263
7445
7697
7292
7657
7476
7981
8323
7150
7651
7433
8372
8164
7216
8022
7179
7855
8110
8413
7668
8357
8661
8443
7917
8014
7369
7651
8517
7462
8045
7718
8645
7794
8781
7324
8257
7688
7902
7973
7201
7556
7853
7349
8681
8558
7593
7469
7072
7931
7853
8030
7160
7720
7851
7137
7565
8468
7964
7190
7030
7176
8832
8456
8682
8114
8251
8154
8158
7819
7165
8182
8357
7287
7360
7748
8671
8267
8294
8390
7892
7396
8192
7754
6976
8642
7326
16246
7455
7758
7548
8643
7807
7609
7497
8297
7405
7267
8420
7292
7630
7869
8153
8207
7585
7814
8486
7463
7178
8416
8549
8416
7892
7329
6917
8104
8479
7808
7980
8702
7826
8517
7226
8048
7139
8517
7733
8485
8367
8364
8151
7456
7856
8791
7513
7656
7774
7980
8188
8659
8702
7630
8079
7788
7951
8615
7800
7943
7792
7661
8151
7856
7991
7579
7191
7107
8015
7134
7211
8184
8116
7512
7044
8590
7578
7321
7902
8578
8176
8421
7386
7963
7657
7506
8479
8308
8163
7535
8175
7386
8097
8133
7475
7828
7148
7344
7904
7491
8355
7917
8322
8190
7384
7702
7291
8403
8073
8192
7685
7390
7785
7500
7004
7432
7551
7753
8442
7651
7294
7652
8615
8441
7523
7664
7876
7193
7654
7436
8736
8034
7633
7371
7328
8015
7864
7579
8451
7661
7655
7334
7899
8481
7815
7393
7747
8451
7964
7609
7617
7623
8192
8113
8784
7312
8306
8112
7790
8000
7278
8215
8399
8513
7704
6946
8256
8303
7490
8222
8383
7394
8019
7338
7302
8104
7625
8072
8460
8307
6851
7210
7465
8172
7523
7358
8451
7958
7413
7771
8252
8210
7515
8457
8014
8249
7937
7867
7012
8265
8541
7574
8536
7461
7851
7317
7149
6947
7038
7670
8134
7661
7573
8321
7425
8373
7778
8334
7450
7534
7906
7539
8265
7799
7312
8517
7685
8076
7127
8224
7342
7942
7182
7614
7892
7653
7429
7126
7434
8004
7748
8667
7158
8433
7975
7628
8117
7192
7846
8553
8482
7649
7478
7221
7654
7092
8118
7079
7721
8670
7936
7004
7917
8941
7816
8401
7972
7309
8243
7412
8133
7784
8634
7815
7869
8092
7639
8472
7639
8166
8153
7839
7190
7546
8423
8110
8602
7674
8071
8719
7673
7595
8333
8581
7251
8216
7533
8484
8360
7297
7537
7112
8120
6973
8210
7134
7314
8090
7435
7613
7526
9011
7589
8073
7733
7207
7687
7676
6992
8228
7749
6815
10263
7174
7873
7919
7251
7995
7928
7804
7912
7369
8373
7819
8610
7413
7573
8373
8793
8044
8238
7488
8270
8366
7122
7491
8495
7128
7439
7551
8192
7111
7841
7407
7029
7930
7307
7053
7953
8225
8100
8304
9231
7501
8119
7369
8455
8164
7952
7624
7820
8661
8298
8561
8794
7930
8211
7561
7461
8051
8334
8047
8603
9045
8199
8465
7888
7532
7695
8213
7508
7241
7148
8677
7392
7349
7424
7548
8438
7213
8377
8097
8743
7725
8657
8627
8246
7801
7892
7973
7651
7852
6987
7978
7994
7154
7204
7288
7482
7173
7473
8147
8538
8776
8169
8459
7054
7498
8282
7342
7814
7525
7671
6766
7923
7389
8014
7190
7163
7148
8288
7758
8405
8256
7805
8069
8772
7773
7980
7646
7548
7995
7712
8058
7871
7900
7437
7637
7351
7709
7612
7448
7794
7096
7688
8631
7928
7952
7403
7678
8546
7193
8380
8225
7579
7946
7331
8084
7653
7499
7382
7377
8415
7498
8174
8104
7448
8287
8539
7542
8077
8516
7425
7654
8102
8608
7031
8133
7287
7487
8557
8364
7372
8638
8717
8110
8399
7693
7030
7604
7981
8435
8359
8365
7692
8704
7323
8358
8960
8917
8152
7835
8456
8317
8713
7798
7538
7785
7392
8368
8377
8289
8024
8369
7565
7530
8692
8365
8077
8697
8458
8434
7743
7241
8233
8654
7880
7537
8273
7362
8327
7949
7523
8102
8137
8020
8201
7263
8482
8328
7803
8283
8051
7653
7668
7435
7210
7510
7647
8091
7290
7031
7953
7627
6770
7817
7332
8188
7875
7448
7020
8379
8596
7866
7330
14963
7857
8394
7344
7813
7241
8615
7333
7704
7630
7470
7997
8717
6906
8294
8271
7307
7889
7591
8261
7928
7750
7434
7224
7229
7912
7938
7896
7301
7762
7596
7381
8034
7969
7570
8123
7779
7812
7588
7987
7408
8765
8574
7888
7887
7879
7471
8238
7257
8082
7376
7554
7746
8303
7872
7897
7165
8467
8418
8133
7834
8446
8123
8657
7317
8575
7630
8140
8453
7251
7408
8681
7232
7876
8734
7753
7979
8618
7528
7671
7228
8480
7104
7760
7584
7164
7246
7336
7531
8627
8425
8472
7359
8183
8438
8003
9095
7531
7957
8326
7468
7930
8184
7578
8363
8388
7296
7505
8639
7578
8174
8817
8077
8406
8443
7738
7913
7225
7389
8174
7294
8185
7492
7148
7673
7263
8697
7448
7890
8220
8489
7699
8133
7379
7161
8455
7237
7671
8525
7186
7486
8543
7847
8310
8256
7935
8437
8389
7410
8107
8641
8273
8512
7888
8608
7679
8713
7513
8000
8575
7660
7012
8223
7928
8215
7536
7451
7343
8533
7555
8023
8692
7516
7534
8380
7812
7834
8928
7471
7524
8471
7784
8225
8268
8579
8555
8675
8584
7763
7943
7422
8038
8134
7885
8333
7471
8421
8064
8213
7455
7232
8410
8118
7862
8797
7573
7797
8008
8631
8095
8130
7321
8043
7879
7804
7610
8299
7219
8147
7969
7819
7528
7859
7184
8434
8282
7860
7953
7734
7406
8640
8194
7685
7750
7246
7306
7858
7951
7431
7334
8031
8141
7799
7568
7617
7594
8505
7186
7838
8355
7651
7948
8707
8415
7538
8679
7553
7753
8756
8364
8082
8926
7709
8235
8139
7578
7044
8026
7389
8379
8045
8745
7548
8670
7701
7863
8510
7343
7153
8133
7876
7671
8244
7200
7560
8010
8505
8345
8030
7028
7594
7945
7497
8095
8520
7565
8093
7911
7340
8098
7646
7312
7514
8215
7188
7653
8483
7943
8170
7190
7959
8272
8823
8194
7682
7379
7740
7241
8841
7992
8074
7990
7798
8296
8362
8326
7277
7582
7592
8348
7764
7593
8596
8114
7677
8071
8261
7231
7720
8541
7848
7130
7156
8378
8379
8101
7214
7428
8502
8631
8594
8036
8555
7826
8558
7808
8023
8470
7810
8472
8511
7777
7270
8561
8096
8460
8619
7793
8060
7890
7456
8597
8276
7450
7695
8609
7400
7776
8725
7599
7890
7958
8115
8153
7328
8298
7938
8337
7377
7951
7799
8617
7672
7419
7751
8323
8191
8257
8176
7651
7375
7984
8168
8717
7757
8547
8605
7423
8435
8097
8135
7717
8798
7440
7569
8045
7374
7813
8560
7987
6846
8462
8395
6978
7666
7461
8020
8143
7169
7011
7405
7769
7975
8524
7389
7079
8014
7363
8381
7666
8035
8182
8362
7348
7441
7773
8439
7702
7453
7699
7645
7557
7940
8132
8138
7533
8302
7900
7257
7464
7500
8218
7727
8481
7242
7031
7234
7092
8435
8245
7973
7989
7940
7602
8097
7710
7605
8421
8210
8096
7474
8733
8333
7313
8616
7410
8431
8117
7257
8342
7461
7760
7777
8260
8817
7935
8338
7666
7620
8433
7954
7231
8596
7113
8478
8005
7811
7476
8483
7666
7937
7309
7251
8214
9824
7499
8441
7249
7389
6923
8512
7532
7616
8241
7857
8134
8277
7166
7191
8244
7369
7953
8623
8014
7764
8734
8394
8704
7738
7584
8153
7750
7829
7741
8259
8334
7795
7231
7768
7050
8074
8535
7518
7739
7256
7787
7812
7258
7451
8195
7346
7896
7418
8776
7528
8658
7203
8261
7601
7890
7700
8389
8333
7760
8600
7238
7634
8556
7746
8438
8078
8600
7046
8112
7687
7051
8474
8489
7021
7778
7584
7148
8716
7341
7945
8585
8003
7189
7917
8307
8405
7881
7960
7611
8556
7479
8103
7624
8161
7615
8630
7789
7092
8042
8066
7408
8605
8343
7132
8820
7229
6978
7985
7667
8400
7672
8062
8374
8564
7425
7812
7332
7635
8294
7781
7595
7543
7863
7985
7580
8808
7364
7563
8165
7374
7199
8877
7977
7830
8481
7689
7476
8668
7528
8463
8862
7753
8644
8164
7476
7726
7315
7195
8179
7528
7512
8375
7903
8313
7990
8460
7809
7994
7915
7855
7448
8517
7647
8322
7837
7109
8099
8313
7384
8203
8138
7945
7210
7020
8119
8112
6925
8965
7273
8103
8606
7217
7294
8102
7235
8177
7790
8015
7378
8074
7212
8092
7988
8128
7803
8476
8161
7778
8438
7569
8046
8254
8639
8374
8409
8293
6890
7715
7963
7561
8282
8582
8182
7876
7366
7818
8091
7857
8237
8720
8017
7967
7389
8794
8210
7912
7687
8593
8529
7599
7122
7800
7576
7182
8220
7727
8360
7819
7893
7897
7292
7369
7957
8614
7731
8400
7959
8072
8466
8705
7795
7631
8041
7347
8156
8135
7315
8545
8123
8702
7676
7728
7872
7991
8258
7650
8454
8200
8334
7569
8237
8166
8245
8596
8645
7895
8255
8112
7014
8173
7578
7914
8318
7509
8247
8189
8242
7711
8193
8926
7538
7410
7266
7938
8139
7428
8461
7766
7351
7412
8200
7549
7301
7279
7346
8436
7819
7700
6846
8183
7971
8259
7941
8460
7304
8853
8004
7956
7629
7685
7103
8143
8387
7651
7979
7851
8539
7005
8173
7117
8690
7684
8307
8153
8143
8169
8132
7948
8491
8170
7369
7548
8700
8762
7390
8634
9645
7404
7981
8077
7891
7240
7256
7752
8596
8164
7410
7800
7205
8317
8297
7920
7858
8314
8087
7281
8592
7290
7512
8246
7871
7934
8444
7392
7361
8307
8408
8208
7182
8600
7952
7496
8124
6875
8240
8583
7666
8492
7995
8123
8082
8138
7012
8582
7593
8450
8142
8017
8317
7712
8283
8184
8000
8437
7867
8374
7613
7533
8269
7803
7890
8159
8788
7912
8081
8651
8135
8731
7492
8234
8712
8096
7728
8723
7474
8073
7343
7329
7092
8200
8720
8317
7898
8194
8123
8548
8592
7581
8213
7531
8102
15793
8370
8290
8373
7403
7450
8678
8138
7185
8619
7483
7353
8542
7415
8026
7717
8695
8144
8063
8994
7311
7293
8490
7205
8140
8193
8605
8134
8213
8090
7740
7378
8018
7579
8870
7856
8041
8415
8114
8554
8473
7379
7936
7741
7846
7320
7685
7707
8576
8251
8260
8125
8386
7954
7722
7492
7717
8359
7972
8391
8340
8414
7423
8184
7578
8343
7829
7182
7333
8285
7930
7389
7020
8436
8116
7083
8473
7497
8004
7230
7361
8085
8228
7742
6902
8371
7537
8593
8329
7912
7795
8700
7005
8582
7564
8511
8438
8047
7331
7279
8102
7760
7433
7728
7237
6954
8177
7467
8520
8029
7610
7497
8227
7754
7446
8292
7166
8061
7866
7419
6989
7979
7882
7637
7224
7561
8077
8315
7098
8192
9146
7865
8497
8527
7422
7015
8743
8452
7904
7085
8194
7484
7198
7368
8347
7937
8116
8403
8494
7566
7674
7135
7794
7134
8639
7158
7169
7836
8096
8472
8357
8415
7252
7318
7571
8272
8623
7128
7496
8300
8020
7356
7287
7400
7647
8770
7553
7232
7822
7369
8424
7832
8452
7745
7261
7231
7694
8515
7984
6954
7219
7386
7529
8456
7640
7361
8259
7607
7912
8574
7256
7976
7985
8173
6948
8207
7492
7676
8657
7230
7220
7159
7485
8212
7683
8644
22531
8292
7632
8448
8002
7784
7892
7254
7813
7958
8581
8057
8416
7971
7759
7628
7574
8154
7955
8520
7584
7599
8440
7134
8354
8061
8215
7115
7729
7819
7702
8466
8246
7416
8654
7572
7078
7230
7478
7157
8304
7430
7428
7261
7117
7720
8279
8293
7435
8518
7246
8204
8404
8496
6974
7920
8177
7595
8572
7707
7844
7987
8019
8379
7315
8009
8306
8179
8108
7271
8712
7295
7537
7317
7273
6972
8098
7616
8307
8286
7398
7657
8364
8053
8536
8476
8779
7570
8383
7969
7093
8523
7320
8141
8372
7618
8077
7646
7154
8243
7823
7395
8565
7029
8333
7163
8292
8128
8369
7338
7302
7777
7549
7451
8602
8524
8003
7214
7853
7356
10975
8102
7168
7325
8010
7903
7787
6951
8180
8216
8415
7504
7461
6979
7958
7344
7040
8228
7549
7415
8762
7251
7512
8369
8326
7718
8003
7752
7659
8173
8358
7779
8362
7278
7743
8504
7369
8314
8314
7574
7951
8361
7067
8401
7965
8071
7772
7358
7353
7815
8864
8192
7436
7148
7198
8345
7330
7953
7987
8661
7984
7781
7289
7321
7612
7598
8421
7872
7725
7728
8435
8130
8435
8592
7774
7625
7375
8235
7824
7122
8643
8686
8661
7594
7589
8017
8592
7795
7658
7353
7530
8061
7773
8012
7607
8255
8605
7776
7148
8711
7933
8080
8346
6928
9016
7655
7972
8399
7660
7343
7212
7218
7923
7389
7833
7592
8100
8539
7337
8742
8838
7111
8152
8691
7659
8441
7371
7794
7953
7801
8413
7902
8343
7816
7538
7740
7455
7352
8420
7756
7150
7297
8548
8183
8357
7893
7902
7270
7748
8724
7501
8139
7789
7438
8158
8553
7907
7974
8243
8089
7644
8005
8612
7034
7550
7754
8054
7196
8437
7723
7811
7419
8417
9500
7287
8182
7413
7846
7651
7390
7757
7789
7612
7998
7933
7112
7459
8044
8284
7102
7310
7779
8147
8446
8231
8099
7683
7975
8430
7878
7192
8302
7391
8456
7160
7156
7774
7699
8076
7974
8427
8011
7833
7230
7169
8360
7471
8041
7169
7571
7211
7175
8345
7890
8419
7980
7965
8422
7866
7068
7830
7456
7449
8561
7195
7866
7338
7429
7490
8606
8004
7842
7943
7614
7111
7820
7530
7468
7892
7907
7748
7585
8000
8352
7911
7623
7897
8280
8154
7833
7282
8293
8016
7172
8601
8302
8256
7142
7048
8653
8030
7208
7357
8397
7271
7107
8009
8608
8082
8512
7625
7676
8594
7412
7816
8723
7371
7981
8487
7376
8517
8024
7151
6974
8461
8410
8254
8018
7915
7664
7801
8599
7574
8325
7987
7688
8157
7139
8459
6965
7094
7900
8023
7798
8288
8262
8045
7333
8441
8364
8306
8415
7111
8241
8354
7258
8343
8446
7189
8544
8690
7813
7931
7588
7191
8567
7862
7671
7982
7686
8028
7791
8420
7530
7822
7434
8700
7649
9119
8292
7092
8091
7375
6972
8405
7684
7790
7596
8242
8179
7452
7109
7128
8030
8517
8502
7793
7405
7658
7282
7372
7348
7066
8378
8466
7964
7907
8005
8220
7242
7993
7208
7914
7548
8276
8773
7678
8578
7204
8527
7972
7441
8025
7871
7097
7403
8582
7878
7751
8625
8723
7487
8755
7431
7354
8116
8036
7233
8020
7709
7651
8421
7967
8430
7167
7625
7936
8500
7555
8456
8193
8619
7333
7175
8181
7455
7731
7320
7688
7825
7276
8088
8445
7760
8188
8217
7385
8014
8276
8471
7598
7610
8495
7532
8181
7627
8391
8417
7916
8172
7294
8753
8102
8210
7352
8376
8120
7610
8324
8350
8364
6989
8684
7909
7410
8475
7215
7612
8391
7110
7678
7775
7984
7639
7137
7927
7474
7665
7924
7075
8059
8512
7072
8615
8371
7401
7757
7149
9052
8112
7154
7596
8612
8203
7741
7276
7197
6948
7471
7226
7050
8484
7200
7491
7189
7134
7750
8097
8158
7066
8406
7976
6794
7682
7153
8439
7960
7248
7855
8516
8681
8317
7646
8231
8383
7462
7341
7728
8493
7276
7915
8725
7617
8414
8256
10392
7441
7724
8015
8448
8473
7287
7909
8195
6897
8222
7994
8352
8009
8000
7282
7261
8425
7349
7678
7264
7632
7312
8106
7655
7528
8197
25576
7509
7129
10079
7984
7894
8903
7349
8193
7578
8296
8326
8779
7405
8527
9189
7734
8310
9000
7370
8464
8173
7313
8351
9050
7506
7327
10618
6957
8024
7422
8255
7894
7698
8270
8259
8575
8180
7395
9045
7801
7369
9201
7675
8400
7420
8103
6796
8632
8412
7809
9157
8204
8210
9222
7467
8076
9127
8226
7732
7266
8358
8038
7615
7940
8140
8208
8648
8374
8141
8116
8595
7616
8078
7015
8679
7165
7616
8415
8336
8256
9795
7591
8072
11256
8709
7021
9104
7738
8069
7177
8364
8105
12590
7374
7414
7352
7880
8506
7261
7991
8381
7379
6946
8416
7743
7556
8348
8600
7552
7360
8743
7578
8000
8292
7491
8123
8049
8521
7673
7251
7091
7880
8927
8455
6998
9313
7812
8128
7579
8546
7573
8090
8329
8241
7535
7820
7785
7434
7352
7143
9795
8605
8513
7655
7014
8466
8011
8471
8069
8025
7329
8275
8466
8382
8099
8739
7314
8611
10688
7099
8260
7653
8178
7198
9154
7313
7032
12864
7665
8108
7638
8071
7415
9347
7471
7238
7071
6891
8083
8690
7893
8013
7451
8180
7914
7621
7440
7333
13509
8071
7347
7758
7676
8182
8421
7067
7468
8726
7923
7029
10532
7713
7917
7152
7769
7286
7274
7477
7396
12102
7275
7892
8322
7621
7778
9582
8065
8582
9438
8451
7358
8641
7468
8671
7487
7689
8271
9800
7457
7957
8358
7203
7308
8319
7735
7279
8918
7410
7802
9476
7792
7087
8396
7989
7853
7733
8619
8664
8355
7464
7348
8256
7919
8077
8351
8222
8225
8780
8170
7041
11369
7862
8000
8529
7337
8242
7638
8159
7191
7543
8506
8171
8719
8074
7582
8223
8357
8053
9600
7056
7810
7549
8405
8045
8383
7764
8233
10906
7588
7256
9292
7248
7948
8316
22504
7658
8077
11407
7880
8313
11621
7675
7154
9509
7700
7973
7727
8533
8174
7778
7132
8182
9145
8550
8507
9114
7217
8604
7953
8789
8009
7473
8200
7831
9092
7747
7257
22044
7152
7733
7075
8221
7702
7996
8230
7955
7198
7794
8376
7276
7910
8497
7686
7884
7281
7493
7013
7685
8624
7397
8137
7615
7897
7734
7099
7743
8605
8061
7873
7953
7402
7894
7966
7178
8438
7360
8944
8548
7878
9170
7684
7141
8997
7837
7742
7847
8025
7538
7148
7282
7791
8932
8264
8724
7916
7709
8446
8656
7527
8553
7010
8142
7821
6887
8174
7890
11306
7956
7239
9229
8020
8605
8861
8325
8026
7489
7101
7879
7441
8064
8362
8476
8022
8523
9250
7517
8609
8423
7210
7372
8814
8212
7405
9038
7323
8179
9302
6966
8534
8579
7532
6973
7472
8677
8479
7567
7189
7099
11124
8558
7491
7609
7174
8400
6939
8600
8410
7592
8030
7899
9682
7465
7120
8332
8015
7074
7994
8241
8085
9362
7076
7813
8737
8179
8173
8846
7640
8345
9108
8031
7342
9026
7938
8435
8576
8073
8445
8921
8027
7846
7384
7058
8087
10935
8129
8302
7752
7587
7205
7617
7951
8314
7634
8307
7901
8599
7989
7608
7868
8082
8465
9035
8210
7554
8021
7069
7701
10569
8360
8533
8876
8782
8060
8348
7676
8606
7395
7266
8051
6945
7051
6985
8409
8201
7528
9815
7714
7083
11539
8333
7088
7148
8483
7642
7312
6967
8721
9093
7726
7212
10517
8513
7638
18687
8540
8132
7166
7391
7385
7408
7235
7403
7271
7157
7491
8681
8551
8421
7252
7907
8283
7820
7512
8509
7667
8059
7289
8537
7528
7076
8346
7210
7344
7820
8112
8097
7537
7131
8535
8767
7415
7583
10462
7358
7484
7626
7630
7787
7474
8572
8252
7912
8190
7158
7239
8256
8633
8319
7716
8118
7390
8197
7761
7458
7269
7971
7693
8475
8326
7701
8153
7375
6979
7974
7691
7516
7979
7829
7592
7811
7835
8379
7587
7769
8273
8282
7608
8105
8253
7933
7897
8645
7353
7599
8772
7452
7936
7028
8810
8391
8148
7577
7640
8047
7290
7674
8661
7989
7732
7205
7078
7043
7872
7331
6950
8619
8145
8252
7793
8234
7413
7367
8174
8179
8343
8162
7092
8739
8138
8334
8147
7308
7150
7795
8425
8005
7158
7988
7938
8671
7630
7140
7854
7476
7907
8115
7321
7529
8476
7723
7507
8216
7237
8308
7566
7990
7476
8754
7733
7360
7540
7367
8279
7522
7383
7822
7415
7635
7406
8732
7257
8138
7049
7852
7036
8242
7548
8365
7876
7606
6942
8032
7698
7431
7589
7995
7425
8584
7225
6934
8354
7173
8128
8344
7299
8516
7779
7525
8123
8437
7210
7650
7513
8497
6950
8165
8606
7441
7942
7450
6865
7500
7825
7922
7206
7507
7653
8656
8398
7178
7602
7502
8251
7958
8676
6924
8438
8874
7113
7832
7836
8176
7601
8074
8076
8270
7679
8246
7394
7171
7512
8004
26955
8102
7064
7392
7790
8553
7944
7974
8391
7473
8374
7828
8832
7912
8039
7882
8133
7291
8199
8197
7890
7584
8353
7742
7761
7220
8381
7174
7984
7314
7717
7173
7920
7245
7964
7805
7656
8403
8448
7871
7804
7388
7441
7270
7677
7794
8333
7708
8093
8287
8498
8641
7256
8656
8189
8041
7922
7184
7691
8276
8430
8115
8903
7975
7488
7293
8585
7246
7321
7603
8096
6964
7272
7024
8216
7492
6991
7517
7164
8388
8159
7389
7784
8569
7286
7707
8500
7143
7542
7508
8032
7236
7152
7148
8023
7948
7766
7312
7873
8096
7589
8090
8283
8405
6970
8483
8077
7439
7781
8400
8033
7534
7351
8495
8200
7330
8451
8112
7249
7917
8595
8107
7386
8515
8657
8252
7959
7793
8133
8296
7535
8426
8392
7231
8220
8116
8314
8142
8603
7522
8389
7221
7719
8074
8178
7433
7898
8173
7271
7259
7811
7370
8387
8170
7672
6767
7258
8660
7601
8656
7507
7620
8441
8527
6964
8826
7766
7964
7223
7627
7464
7733
7196
7723
6851
8168
7493
8303
7230
8123
7784
8391
8585
7584
8498
7086
8091
7539
8335
8152
7312
7835
8403
7399
7949
7745
7097
8553
8021
8333
7815
7620
7990
7392
8622
7630
7796
7248
7260
8204
7694
7616
8356
8284
8535
7272
8424
8647
7679
7313
7139
7552
8617
7805
8316
8219
8624
7012
8217
8013
7386
7718
7766
7652
8390
7361
8353
7731
7473
7034
8384
7874
8355
8192
7569
8291
7166
7173
7112
7469
7184
8539
8381
7953
7874
8741
7205
8108
8505
7397
7961
8102
8471
8096
8195
7419
8571
7754
7052
7152
8224
7677
7474
7415
8564
7610
8578
7015
7931
7999
8045
8173
7622
7614
7294
7167
7201
8628
8784
7473
8098
8105
8378
18477
8404
7945
7446
7928
7617
7843
8578
7441
7371
8553
8650
7497
8215
8259
8476
7692
7682
8149
8617
7937
7903
10591
8204
7049
7748
8188
7477
7558
8232
7501
7734
7535
7360
8189
7570
7010
7947
8056
8315
8307
8389
6977
8217
8294
7678
7128
8299
8296
7244
8153
7755
7224
7507
6929
7488
8378
6928
7715
7420
7198
8360
8336
7209
8290
8638
7497
7717
7441
7548
7723
7909
7447
8743
7989
8552
8258
8032
7212
7938
8656
7193
8291
8354
8482
8434
8274
7399
8738
8230
7317
8636
8035
7170
7720
7133
8632
8334
24799
8093
7126
9760
7810
7526
10686
7167
7574
11441
8765
7714
8471
6964
8319
7924
7548
7368
7603
8280
7436
8664
7147
7840
9857
8162
8037
11072
7768
7973
8396
8378
7835
8657
7374
7397
7455
7810
8662
8364
8456
8205
8678
7156
7742
6954
7420
8172
8664
8402
7512
8558
7678
7218
7716
7384
8644
9345
7886
8596
9254
7402
8221
9166
7339
7228
7612
8174
7008
9181
7527
7104
8080
7154
8710
10909
7046
8020
9301
7728
7179
8237
7126
7005
12519
7766
7895
8514
7472
7313
7954
7635
7418
8362
7779
7450
9707
8617
7685
8180
7385
8348
10038
7483
7950
8040
8661
7656
8191
7496
7216
8476
8454
7108
8000
7433
6996
8755
7320
7520
11280
7485
8659
7873
7851
7272
10406
7678
7682
9361
8548
8198
7640
7717
7638
7810
7994
6982
14100
7009
7774
8711
7287
7868
7758
7359
7600
8210
8015
7723
8316
7471
6960
8046
7964
7840
11878
8235
8071
9227
7746
7148
7640
7714
7632
8594
8703
7719
7482
7087
7997
7721
7170
7755
9436
8625
7582
9697
8383
8062
7194
6950
8073
9556
7825
8602
8331
8374
8075
9098
7713
8574
7587
8081
8568
8856
8576
7951
8651
7621
7214
8885
7925
8504
7606
7871
8190
8128
7242
7106
7989
7409
8640
9004
7608
7307
11744
7206
8233
8384
6997
7882
7855
8294
7873
8610
7210
8674
7576
8399
8464
8410
7528
7473
10364
7870
7075
9280
7517
7953
7543
7154
7450
8338
7979
7101
7946
7964
7056
9455
7734
7790
11015
6996
8406
11525
7035
8011
9299
7754
8536
7585
8079
7502
7048
7897
7849
8412
8042
7790
8422
7956
7158
9114
7010
8552
9271
8630
8158
7751
7361
8450
7677
7328
7083
10426
7139
7979
10191
7979
7532
7582
21845
7598
7140
11902
7880
6959
14361
7852
8409
8521
8399
8031
8305
8485
7924
8636
8561
7372
7513
6992
7607
8226
7138
7917
8620
7462
8316
9249
8056
7841
7494
8460
7921
7614
8281
7682
7492
7907
8261
8730
7910
8113
9072
7544
7805
9089
7749
7228
8981
8317
7587
9158
7394
8556
8474
7056
7863
8179
7813
7859
7916
7180
7810
8100
7717
7353
8523
8553
7326
7925
8172
7113
9128
8744
7550
12107
7589
7380
9127
8419
7954
21035
7432
7247
7130
6999
7726
7391
8061
7752
7197
6684
8830
8842
7092
8394
8692
6972
8767
7720
7070
8294
7871
8197
7827
7451
8335
8223
7625
7626
8197
7866
7709
7119
7933
7561
7372
8996
8394
7164
7833
7477
7905
7816
7854
8584
8948
7138
8520
8131
7995
8170
8775
7590
8640
7194
8371
7818
7774
7868
8041
8587
7311
8302
10964
7266
8232
7832
7437
8183
7958
7734
7930
8966
8377
7228
9549
7584
8590
8441
7696
7298
8985
8201
7701
7609
7231
8193
8540
8354
7877
8917
7796
7159
9041
7402
8695
8902
7492
7077
8872
7786
7656
8366
7699
9979
7995
8118
7819
7751
7328
8328
7817
7227
6919
8585
8458
8360
8634
7323
7877
7694
8621
8600
8285
7962
7951
48436
7877
7570
7404
7660
8714
7168
7926
7710
7748
8574
7991
8374
7651
8557
7575
7682
8601
7728
7493
8384
8535
8376
7552
7928
7591
8261
7357
7594
7948
7934
8071
7185
7428
7476
8092
7439
8092
8244
8555
8277
8078
7639
8082
7649
7810
7812
8684
7957
7543
8658
7668
8275
7774
7210
7817
8673
7603
7044
7071
7381
8510
8293
7123
8435
7917
8210
7338
8283
7687
7810
7578
7318
7522
7846
7574
8182
8081
7444
8096
8454
7630
7079
7237
7409
25087
7956
7281
12430
7073
8000
8187
7532
7172
8381
7569
8387
8914
8159
7064
8574
8175
8343
8061
8297
8149
9658
7655
7895
10270
8005
8556
8612
7628
8394
8652
6974
8132
7887
8563
7603
7064
8247
8134
7687
8497
7709
8613
8690
8574
7949
7876
8527
8082
7765
8487
8292
6939
7909
8155
8316
7983
7575
8325
7768
8806
7527
8252
8381
7642
7734
7837
8363
8220
8646
7713
7788
8894
7674
8355
8358
7873
7971
7472
7112
6947
8992
8215
7433
9074
7979
8097
8317
8148
8565
8035
7853
8393
9146
8035
8456
8776
7962
7871
7348
7756
7814
7475
8380
7709
8226
7236
7803
9825
8166
8660
8335
7340
8491
7400
7144
7866
7869
8669
8433
8392
8040
8336
8301
7525
8525
8152
6919
7720
8497
7713
7547
8271
8242
7541
8595
7066
7258
10758
8030
7772
8293
8231
8522
9194
7569
8005
8639
8047
8523
8396
8485
7927
7194
8403
7701
9952
7876
8102
7795
7392
7205
9009
7776
7774
8811
7929
7340
7600
8451
8099
8137
7855
7640
8248
8087
7687
10841
7672
8047
8830
7492
6971
19994
8364
7859
8213
7797
8031
8325
7279
7172
7556
7571
7363
7555
6955
8452
7835
8125
7993
8055
7485
7614
7357
7464
7630
7266
8186
7790
8864
7778
7910
8946
7774
7271
10560
7220
7564
8220
7478
7974
8751
8283
7846
8023
8646
7861
7358
8389
7766
7128
7066
8597
9351
7496
7815
8238
7930
7783
7818
7855
8085
10330
7732
8354
9120
7699
8289
16953
7433
6969
8721
8370
8107
7978
7932
7461
7409
8000
6986
7256
7824
8672
7494
7703
7192
8739
7028
8584
7517
7871
8051
8123
8255
8255
7795
8627
8919
8056
8057
7945
7452
8354
7251
7981
7933
7860
7809
8375
7354
7682
8210
8004
8396
24157
7779
7854
7748
8242
7487
11184
8513
7469
8061
7460
7584
8880
7708
7335
9282
7867
8174
7938
7057
7166
9423
7296
7081
11840
7728
8780
9407
7331
7352
8196
7653
8174
7592
7201
7755
9025
7916
7656
9594
7240
7311
8425
8082
8093
8860
7877
8213
8974
8194
7797
8082
8355
7396
9020
8599
8369
7168
7497
7457
8292
8323
8225
7900
7482
8636
9821
7958
7209
8076
7585
7420
9110
7673
7360
8608
7352
7985
9482
7697
8333
10833
7094
7437
21569
7779
8389
8044
7793
8100
7601
8037
8027
7602
8402
7826
7359
7533
8304
7984
7388
7976
8421
7277
7193
7861
7772
8477
7615
8102
8735
8402
7388
8793
8261
7512
8647
7411
8343
8623
7184
8133
7954
7940
8468
8683
7876
7394
7493
7482
7993
8033
7934
7747
7783
7682
6996
7533
7600
6946
7892
8253
7277
8780
7262
7382
7737
7916
8154
7297
8798
7170
8443
8467
7846
8312
8165
8353
8126
7692
7830
8837
8355
7317
8092
10681
7774
7178
7147
7906
7506
7441
8231
8079
8536
8350
8213
8401
7768
7799
9660
8243
7418
7928
7980
8256
7610
8206
7972
7937
7638
7350
10277
8019
8205
8840
7732
7600
7188
7833
8512
8516
8375
7288
11112
8136
7057
7589
8257
8454
7582
7507
7200
7615
8266
8396
8015
7928
7178
9682
8421
7899
8321
8456
8308
9433
7313
8489
7849
8062
7651
7942
7645
7234
9727
7226
7959
8784
7163
7010
10256
7277
7762
9217
7356
7610
11296
7112
7919
7951
8183
8169
7933
7272
6988
7639
8439
8522
9003
7400
7861
9592
7511
7563
9487
7617
6972
8194
7433
7126
9523
8472
8517
8437
7220
8335
7552
7205
7917
9046
7733
8052
8800
8071
7726
12158
7317
8440
8631
7551
8439
8717
22261
7066
7918
8907
7989
7918
7786
8112
7520
11963
8194
7309
8909
8205
8316
7842
8197
7558
6815
8487
8310
9019
7338
8831
7576
7620
8241
7764
7328
8111
7964
8440
8071
9887
7369
8639
11028
7241
8363
7372
8396
7856
8010
7980
7380
7837
8369
8654
8549
8232
8377
9024
6966
7174
8540
7471
8064
7733
8014
8241
8820
7775
8513
8380
7888
6919
9099
8111
8094
7295
8143
7749
7566
7145
8612
10343
7753
7152
7804
7375
8470
8784
7580
7282
10057
7175
7168
8835
8239
7717
7505
7568
8339
7377
8092
8358
8813
8558
8398
8504
7686
8282
11023
8194
8597
8623
8465
8193
7371
7302
7415
8036
7800
7639
7938
7775
7648
8712
8020
8819
8455
8258
8164
7820
7282
8002
7462
8617
7732
9032
7799
7246
9361
7538
8053
9263
7524
7183
8876
7474
7160
7857
8780
8278
8793
8684
7831
8344
7393
8199
8793
7693
8603
8174
8484
7641
7512
8192
8134
8211
7852
7543
10571
7682
8225
8813
7512
7342
8900
7444
8565
7644
8010
7062
11198
8003
8615
8964
8104
8479
8635
7784
8233
7265
7834
7918
10802
7481
8372
7531
7980
8225
7660
7935
7766
8415
7788
7849
7153
7041
8051
8118
8614
8236
8327
7682
7792
7851
20228
8233
8029
8516
7937
7808
6953
8457
7205
7312
7811
7649
8073
8356
7706
7947
8339
8305
8250
7362
8320
7603
8497
7749
7180
7182
7170
7538
7576
8879
7333
7951
7404
8204
7630
7632
7049
8130
8532
7354
7277
7980
7244
8276
8784
8046
8202
9133
7835
8304
7788
8306
7287
8617
8174
8010
7569
7368
8035
7928
7872
8134
7559
7055
8418
10854
8336
7967
7908
8571
8178
8958
7684
6997
7686
8527
7699
8637
7829
7774
8412
8482
7537
9060
22944
8122
7853
8902
7683
7228
8584
8594
23063
8358
7683
7573
8378
7912
7631
8191
6905
7494
7584
7990
8590
7405
7632
7345
7400
7117
7467
7748
7147
7992
8369
7509
7892
8458
7386
7105
8053
8029
8539
7220
8395
8287
8373
8128
8015
7994
7454
7830
8336
8133
7574
7820
7559
7292
8595
7496
8452
8256
6925
8464
7275
7450
8053
7137
7941
7632
7213
8061
8003
8154
6954
7476
8156
7599
8097
10036
7070
8297
9040
7167
8076
9164
7387
8169
8337
7272
7259
8011
7898
7704
11056
6964
7979
9851
8420
8416
9015
7516
7097
8299
7774
8459
7593
8557
8526
7974
7086
8531
10328
7664
7521
7750
7604
7271
8585
7513
8136
8751
7409
8311
7758
7064
7808
8723
7974
7267
9184
8040
8406
23673
7037
8583
8417
7692
7471
8704
7514
7840
8785
6958
8384
7036
7743
8250
7145
7779
8653
8562
7270
7872
8441
6992
7711
7609
7215
8441
8497
8450
8476
7409
7779
7810
8625
7589
7543
7804
7999
7360
7974
7191
8078
8625
8088
8106
7474
7694
7276
7909
7600
8495
7489
7577
8545
9067
7506
7199
7816
7651
7158
7271
7641
7849
10410
7207
8542
9861
7407
7213
11612
7073
8487
8030
8565
7711
8568
8022
7167
7471
7512
8494
8365
8701
7272
8133
7010
7693
8797
7892
7173
11124
7800
7138
9082
8005
8358
9237
7643
8525
7633
7637
7128
9085
7688
10643
7959
8388
8096
7713
8224
7973
7779
8512
8073
8844
8341
8455
8574
7856
7778
7312
7686
8178
7712
8230
7830
8333
7502
8112
8291
8333
7052
8303
8799
7944
8398
7541
7635
7128
8440
7707
7763
7392
7626
10249
7012
8580
8260
7847
7696
8062
7477
7002
10077
7555
8190
9026
7241
7954
9436
7599
7803
8602
7093
8107
7852
20316
8395
7022
8502
7772
7648
9661
7575
7999
10430
7348
8058
8430
8378
8111
8344
8179
8297
8845
7972
7348
9066
7423
7024
10688
8253
7454
8000
8433
8235
26190
7836
7922
7254
7737
7794
8667
6971
7102
7836
7546
8399
7795
6856
8801
8222
7145
8339
7066
8429
6975
8592
7705
7676
7379
6908
7852
8322
6877
8530
7375
7011
7117
8595
8526
7532
7540
7984
7208
7957
7018
7871
7246
7483
7071
6979
7486
6974
11693
8425
7582
8701
7067
8271
8630
7150
7135
8974
7259
7821
8907
7148
7508
7787
7756
6990
10287
7272
8662
9354
7117
8538
9693
7838
7350
8544
7024
7932
11987
7218
7430
8275
7184
7837
9199
6977
7774
10717
7151
7927
7989
8561
8318
8057
7348
7782
8844
8211
7797
9028
7693
7587
7991
7661
7800
8999
7216
7765
9860
7770
8071
8018
7302
7074
10261
8269
8131
8879
8492
8137
8502
7574
7773
8381
8184
7046
8332
8200
8358
8345
6935
8292
9351
7592
7584
9805
7231
8205
8610
7678
8184
8747
8086
8246
7251
7325
8530
8415
8355
7172
8406
7651
8352
7429
7313
8422
9066
8446
8089
8542
7162
7881
9018
8559
8297
8451
7210
7694
7214
7012
7801
8337
8583
7594
10616
7656
7518
8284
8039
7235
8597
7528
6931
9297
7210
8152
11067
8506
7523
7449
7671
7217
9960
8243
7937
7636
8430
7408
13187
7650
8512
7113
7637
7318
7962
7276
7414
8222
6973
8567
8088
7295
7676
8748
8399
8220
7136
7372
8479
8738
8446
7743
8406
8097
7767
8856
8155
7447
7641
6974
7935
7492
8457
7712
9002
8229
7659
7898
8194
8323
8433
8626
7974
7024
7735
7863
10303
8455
7552
7784
8475
7213
7773
7622
7357
8144
7996
7628
8442
7138
8281
8220
21174
8041
8665
7627
8475
8598
7822
7497
7773
8775
7308
7941
8595
7868
8419
8214
6997
8034
8352
7108
8222
9301
7438
8558
11025
8005
8430
7348
7436
7723
7592
8324
7800
8865
8536
7879
8232
8401
7825
8034
7437
7104
7620
8131
7146
8388
7911
8141
11649
7252
7699
8280
8055
8144
8433
7884
8582
8251
7547
7267
7496
7333
7546
7848
8498
7268
10888
7416
8798
10704
8372
8318
8220
7708
8636
8531
7610
7835
7408
7573
7452
8804
7697
7167
9015
7378
7087
9106
6992
8020
9718
8702
7627
8523
7873
7471
8599
8247
7033
8842
7987
7773
7745
7271
7896
9359
8354
8255
8299
7611
7409
8192
8046
7137
7764
8161
8599
7897
7544
7047
9328
8181
6992
9056
7655
8326
10554
7409
7711
9017
8589
8297
24526
7370
8617
8596
7439
8184
8642
7593
7149
7230
6896
7975
8457
7492
8256
8578
7031
7637
7093
8447
7538
8264
7030
7631
8423
7827
8590
8210
7200
8555
8644
8297
7302
8355
6872
8132
8041
7191
7997
8521
7840
8572
8450
8052
7309
7394
8448
7862
7482
7600
7584
8187
7230
7989
7971
7406
7231
7549
7533
7651
8333
7214
8433
7988
8292
7997
9318
7159
7982
8394
7366
7235
10141
8565
8355
7210
8205
8815
8898
8219
7652
7752
8584
8231
9028
7555
8434
8456
7176
8224
8122
7284
7146
7787
7837
7574
8095
7867
7984
9682
8721
8082
8403
7768
7190
9106
7695
7170
9509
8256
7610
7472
8119
7280
8615
8236
8568
8277
7076
8288
10657
8412
7710
8579
8054
7139
8169
7317
8512
8317
7616
7451
8163
7594
7449
9333
8192
8123
7784
7815
7059
10897
6815
7111
10943
8514
8201
8108
8377
7512
7986
8055
7714
8309
8179
8335
8334
7076
7203
8438
19802
7029
7913
9607
7864
7975
10862
7028
7316
10608
7553
7769
8954
7418
8053
8779
8162
8420
8094
7558
7291
7596
7842
7083
12775
7725
7196
7613
8482
7938
7667
6906
8446
7409
8581
7903
9386
8341
6960
7654
7062
8442
10087
7721
7680
7965
7944
8058
9429
7144
8472
8169
8064
8652
8877
7709
7530
8723
8061
7832
8493
7110
7610
9004
7522
7628
7974
7380
7971
8017
7829
8373
7849
7296
7620
22492
7176
7172
7171
7055
8014
8113
8195
8114
7271
7389
7177
7154
8102
7240
7790
8494
8245
8297
7459
8684
8716
7855
7892
8512
7751
7592
7170
7973
7647
8246
7102
8615
8815
7251
7148
8821
7727
7260
9662
7084
7630
9448
7558
7509
7864
7656
7236
9049
8091
7769
11441
7807
8030
8270
7609
8263
8102
8514
8198
8044
8083
7189
8676
7483
7370
7773
8548
7225
8130
7685
7514
9015
7243
7913
8131
7377
8496
7949
7582
7224
7788
7860
7916
9077
8135
7119
8006
7294
8887
8056
6922
7874
8169
7770
7307
8342
7558
7511
8095
8302
7864
7922
7830
7843
9789
7283
8497
9071
8578
8312
8597
6931
7451
9933
8235
7090
7314
7768
7104
8416
7433
7749
8109
7561
7011
12441
7848
7752
7792
7041
8339
8640
8163
7615
7720
7035
7787
9179
7016
7955
9122
7760
7592
9176
8362
7592
8981
8472
8379
10965
7558
8553
8879
7596
6999
8760
7825
7651
11405
6992
7524
8280
7555
7121
8815
7892
7332
7764
8384
7849
7819
8112
7149
9252
8015
8505
8332
8487
7292
8041
7142
8090
8092
7771
7430
10926
7908
7710
9880
8471
7553
7898
8435
7588
8314
8095
8000
8957
7241
8589
7819
7480
7462
7136
8194
8225
7921
7634
7354
11019
7691
7500
9042
7288
8486
9103
7748
8320
7207
17814
8302
7497
8825
8527
8401
9384
7073
8216
8666
7661
8538
8420
7343
8307
8051
8341
8428
10148
7220
7808
8311
7892
7736
7671
8701
7517
11269
7682
8367
7348
7478
7841
7152
8012
7776
7200
8145
8451
8774
8496
8230
8406
7050
7862
9966
8134
7555
7790
8186
7697
7808
7586
7379
8398
7175
7025
8371
7007
8235
12597
7246
7989
9046
7492
7958
8774
7673
7543
9438
7348
8096
7780
7720
8558
8698
8400
8148
7609
7517
7663
10331
7542
7116
8461
7109
7373
7425
7940
7271
9319
8334
7841
8714
7629
7307
8660
8668
7144
19289
8067
8692
7177
7738
7465
8634
7976
7803
7735
8433
7606
8183
8340
7333
8425
8352
7636
7302
7705
8462
8400
7877
8320
8102
6949
8281
7275
7695
7247
7235
7699
7862
7695
7652
7600
8601
8006
7770
9620
7078
8332
9196
7435
6984
10472
7159
7087
10374
8384
8243
8559
6924
7260
7189
8282
7282
8573
8487
8171
7994
7359
7972
9947
7491
8178
12527
7476
7469
8040
7956
7426
7179
7876
7149
18763
8651
8492
8609
7579
7744
7639
6997
7898
7320
7357
8588
7528
7953
7205
7803
8371
7556
7232
7208
7192
8294
7266
8155
8172
6929
7452
7975
7617
8636
7535
7213
8355
7523
8565
6960
8405
7798
7388
9582
7998
7219
9661
7150
7933
9102
7782
8650
9764
7678
7359
9038
8194
8640
8327
7951
7239
6989
7057
8261
7641
7738
8276
8860
7430
7168
9134
7131
7086
12946
7473
8251
8529
7369
6977
10072
7514
7143
8556
7804
6928
9235
8055
7487
10871
7456
7574
8288
7634
8217
8523
7753
7078
9098
7630
8597
8597
7709
8214
9272
7989
7260
7578
7312
6984
8554
8032
7528
8572
8335
7944
8752
7040
7567
8957
7607
7697
8256
15962
7541
7755
9842
7487
6973
9959
7593
7148
10483
8225
8422
7863
7037
7362
9645
8119
7316
8665
7341
8047
7876
8042
6960
9670
7430
7367
10641
7111
7166
10500
7942
7989
7487
7917
6989
8693
7535
8567
11072
8178
8660
7643
7215
8430
7616
7297
8020
7856
8152
7476
7526
7268
7188
12480
7616
7695
7701
7896
7533
8639
8102
7298
9518
8492
7923
7809
8557
7656
10242
7118
9101
8015
7349
8160
8896
7165
7555
23690
7674
7072
7137
7578
7164
7359
7434
7733
7036
7533
7570
8022
7952
8481
7782
7384
7292
7617
7755
7994
7571
7989
7890
7584
8377
8233
8018
7575
7597
7461
7905
8759
7152
7444
7789
7846
7690
7072
7787
7310
7536
7973
7826
8620
8594
8312
8461
8595
7421
7130
8811
7351
7883
9198
7166
8218
10185
8798
7210
8062
8363
8192
8603
8252
7206
8107
7194
8233
9065
8158
7131
8574
8040
7291
7885
7607
7252
10196
7324
7636
9338
7236
8219
8940
6979
8770
8136
8051
7470
8415
7907
7258
11128
7082
7498
9475
7693
6974
8376
7466
7487
8412
7689
7721
8203
8005
7410
9265
7635
8394
7619
8523
7652
8500
7072
8314
11520
7851
8467
8960
7632
8550
9217
8430
7399
8406
7954
8455
7814
7945
8563
8205
7892
7950
7426
8584
7394
7625
7987
7005
8220
8181
8497
7992
7215
8211
9498
7348
8419
8034
6973
8585
9614
7718
7612
8279
7352
8567
8481
7736
7441
7944
7419
6977
10559
7847
7882
9649
7724
8034
8773
7390
8212
8540
7917
7210
7795
7559
7148
8030
8536
7143
8659
8140
8154
8310
8398
7656
8232
8545
7615
8345
8249
8724
8398
6973
7799
9670
7202
8172
8034
7975
8761
7873
7558
7573
8602
7914
8096
8832
7730
8475
8441
15987
7292
8232
8082
8089
7948
8326
8487
8307
8039
7702
8138
7834
6987
7694
8576
7642
7043
9800
7276
7646
11051
8261
8415
8713
7996
7326
7403
8052
7181
7778
8023
7781
8371
7589
7529
8496
8517
8479
8615
8005
8843
7212
7656
7430
9676
8125
8174
8064
8364
7772
8734
7105
8748
7631
7164
8310
8332
6989
7791
10872
7801
7434
9021
7770
7121
8063
7620
8532
10822
7657
8183
8219
7788
7030
7979
7691
7307
8758
8392
7373
10189
7073
7925
10764
8154
8214
7953
7207
7757
10323
7235
7709
8000
7723
7589
8295
7328
7594
8653
8574
7206
7447
7367
8350
11901
7191
7908
9123
6980
8328
8825
7232
7800
8578
7431
7563
8583
7671
7397
8597
7305
7984
9715
6941
7627
11388
7866
8361
8236
7086
7310
8137
7599
7017
8586
7310
8712
8377
8112
7761
8659
7654
8005
7937
7994
7204
9457
7562
8875
7468
7892
8517
6860
8138
7949
7098
6957
7934
24287
7822
8263
7668
7194
8577
8200
7985
8537
7795
8170
8713
8113
7852
7252
8605
7599
8630
8044
7776
7427
7923
8346
7490
8714
6983
8164
8618
8444
8199
7782
7671
8528
7891
8158
8619
7191
6953
7247
7652
7836
7834
7435
8346
8208
8133
6984
7920
7138
8014
8498
8665
7466
7569
7785
8380
7819
7500
7461
7912
8230
7195
7849
8033
8189
8124
7670
8154
8181
7400
7607
7980
9545
8429
7410
7667
8420
7169
8171
8523
8035
7558
7637
7388
7543
7684
7561
9147
7212
7254
11495
8136
6979
10686
7049
7421
8581
7443
8266
9004
8119
7315
8854
8235
8615
9026
7041
7517
7757
7647
8247
8028
7811
7340
8370
7053
7758
7538
7993
7095
11857
8142
8251
8652
7046
6956
9766
7559
8376
8198
7247
7430
10362
8422
8988
8166
11985
7213
7972
9402
8216
7604
8582
7969
6817
9448
7776
7812
10077
8060
7855
8801
7147
7669
7573
8035
7691
8373
8076
7543
7476
8350
7531
8852
7549
7868
8997
7162
8266
10207
8758
8627
7858
7696
7156
8163
7800
8594
8634
7953
8644
7452
8717
7822
9048
7784
8560
8613
7610
8738
7058
7533
7255
8584
7760
7066
8639
8557
8015
9137
7868
7210
7765
7681
8645
8367
7087
7874
8496
8343
8523
8646
7269
8295
8647
7010
8193
10045
7892
7730
7751
7590
8435
8214
7135
8606
8511
7743
7618
8143
7215
8374
9035
8358
7191
8405
7379
8453
10337
8374
7360
7194
7956
7902
8715
8082
7743
7994
7602
7210
8911
8215
8027
11832
7649
8056
8828
6948
8401
7728
7287
7945
8156
7848
7747
9223
7616
8071
8394
8035
7507
8751
7616
7536
8734
7986
8598
8962
7774
7671
8001
7812
7561
7811
7934
8158
8682
7858
7266
8622
7351
8209
7330
7412
7551
7237
7737
7609
7805
7798
7256
7664
8039
7175
7525
8048
7991
7604
8325
7071
7358
8327
8332
6868
7257
7159
8132
7380
8272
8328
7541
8323
7978
8271
8317
8421
7402
7442
8412
8375
8692
9865
8674
7792
9056
8233
7107
9041
8297
8603
7358
7220
7587
7164
7727
7194
8530
8325
7107
8068
7982
8548
8809
7432
7554
9282
7807
8635
7654
7587
7698
9337
8115
8212
7779
6985
7916
7534
7151
7712
10894
7699
7333
9358
8565
7671
7831
7056
7668
8531
7272
7356
7374
8047
7394
8399
8234
7171
8050
8197
7204
7131
7069
8461
7287
7028
8553
7255
7826
7177
8510
7940
7756
8543
7388
7310
7272
8010
7481
7570
7572
7995
7692
8555
7911
8565
7866
7857
7463
7887
7680
8520
7632
7428
7207
7994
8553
7476
7117
8064
8026
7994
7810
8126
7383
7783
7286
7389
8683
8468
7566
7573
8357
7910
7151
6946
8151
7852
7151
8312
8566
7512
8396
8061
8242
8723
8632
7950
7858
8583
7994
7112
7494
9508
8397
7187
7177
8241
8613
7767
7459
7375
7191
7117
8282
7550
7783
7748
7963
7578
8050
7578
8491
7953
8364
7396
8575
7748
7271
7182
8176
7808
8122
8289
7672
8534
7555
7487
7132
7723
7302
8819
7251
8181
8432
7697
7904
7341
8055
7941
8204
8200
7914
7389
7207
8035
8249
7185
8156
7800
7111
7700
8386
7408
7664
7795
7666
8698
8716
8025
7220
8042
7538
8514
7401
7758
7900
8302
7217
7773
8692
7909
7286
7747
7287
8126
8462
7014
7774
7397
7522
8648
8502
7156
8258
7397
7066
7956
18745
7712
7532
8487
7997
7841
7327
7460
7676
7470
7594
8376
8589
7214
8093
7230
7571
7584
8523
8426
7311
7568
8536
7898
7598
7514
7943
7611
7383
8633
8755
7924
7963
7758
7440
8143
7116
7262
8201
8701
7725
8098
8497
7786
7972
8172
8764
7454
8020
8062
8589
8357
7408
8833
7305
7794
8451
8624
8092
7329
7658
7267
7895
7385
7322
7732
47162
7910
8612
7971
7597
8484
8265
7929
9743
8599
7630
8689
7353
7984
7231
7297
7693
7294
8247
8425
7623
7439
8422
8000
7443
8129
8060
7784
8229
7656
8342
7892
8496
7717
8158
8354
7446
7741
8940
7504
7568
7262
7888
8204
7153
7169
8673
8354
8276
7188
7709
7973
6979
7899
7775
8716
8674
7832
7050
8214
8622
7353
7716
7820
6717
7750
7738
7451
7341
8170
7620
8723
7350
7354
8456
7407
7288
8374
7710
7394
7958
8748
8127
7671
8093
8139
7230
7753
7923
7433
8293
8234
8092
7579
7278
8023
16766
7340
8431
7770
7432
7839
9613
7551
7977
9928
8533
7168
8958
8203
7562
8442
7217
7198
11027
7929
7571
10143
7775
7692
7005
8498
8222
8479
8613
8248
7982
7022
8393
8564
7219
8504
7693
6948
8464
8911
8092
7462
8819
8580
7276
7993
7083
8535
8213
7315
8657
7099
8016
7471
8417
8512
8448
7562
8500
8506
7805
7672
8220
8758
8160
8127
7563
6935
7286
7896
7737
7787
7169
8633
7184
8630
7845
8399
8055
8250
7757
8151
8380
7227
9129
8755
8392
7799
8441
8209
8529
8035
8261
8324
6980
8674
7913
7180
7227
8036
7035
7694
10619
7719
7194
9115
7636
8558
7598
7533
8248
7571
7773
7908
9317
7778
7615
7751
7742
7035
11256
8286
7149
8782
8015
8305
24107
8120
7005
7995
7521
8458
7310
7076
8382
7644
6978
7608
7179
7626
7911
8820
7354
8444
8753
8055
8153
7750
7714
7854
7045
8026
7271
7867
7659
7586
7292
8082
7887
7207
7015
8373
8456
7692
7871
9027
8474
7337
7592
7804
8752
7288
7801
8128
7376
8180
8468
7981
7413
7793
8854
7558
8168
9902
7491
8531
8514
7604
7482
8611
7993
7774
8399
7314
8461
7587
7952
7635
9444
7902
7059
9056
7944
8539
8009
7805
8276
7785
7502
8082
7976
7935
7515
7921
7909
7476
8748
7944
8365
9189
7609
8033
8258
8175
8197
8070
7314
8575
8475
7388
8514
8840
8163
7701
8179
8033
7181
8800
8171
7687
8577
7548
8089
9195
8511
7552
8231
7014
7890
10574
7677
7174
9317
7660
7547
8620
8556
8080
9357
8607
7697
7700
7372
8255
8448
7188
7956
7739
7973
7277
8191
7811
7755
8194
8068
7865
8089
8517
8014
9886
8422
8241
8845
7064
7200
8594
7012
7344
8144
7832
7799
8409
8461
9182
8571
10846
8355
7451
10429
7177
8629
8830
8560
8089
8259
7717
7650
7492
7433
7777
8124
8477
7288
8283
8170
8225
8876
8299
7453
8047
7808
7713
12794
7548
7898
9056
8016
8271
7128
7513
7162
8615
8282
7459
8475
8279
7296
8833
8260
7338
8646
8123
7569
8725
8176
7616
8747
7427
8223
8435
7180
8094
8041
8186
8316
8800
7691
8254
8720
8476
7417
8436
7538
7351
7414
8232
7093
8733
8192
7740
7902
7613
7799
8887
7958
8327
10314
8499
8286
8486
7522
8275
8549
8492
8593
8404
7251
8060
8574
7483
8465
7902
8092
7800
7124
7861
7390
8560
7543
7500
8722
7870
6993
8872
7897
7533
7674
7657
7669
10134
7809
7656
8482
8124
7061
8455
7492
7148
12622
7948
7825
8436
7916
8184
8348
7600
7902
8169
8455
7553
10086
8563
7372
7178
7832
7578
7919
8482
7883
9101
8032
8425
8125
7050
8356
9672
7538
8073
8276
8523
8369
8828
7908
8672
7435
7378
8815
7110
7969
7258
8424
7697
8186
7090
8395
7301
7377
8050
8313
8134
8492
8079
8943
7430
7460
7954
7188
8390
7379
8439
7251
8239
7856
8587
8958
8618
8827
8400
8047
7776
9107
7248
7506
7804
7517
7984
9697
8366
7254
9170
8205
7730
8051
7076
7810
9517
7458
7442
10733
7160
7081
7910
10121
7081
8871
7888
7197
8301
8361
7435
19430
6929
8214
8710
8526
8384
8208
8041
8144
7580
7145
7468
7832
7158
8394
8654
7768
8717
7026
8425
7292
8268
7445
7262
8659
7956
7702
7751
7071
8411
8392
7685
7672
7410
7310
8436
8338
8304
7556
7608
7013
7915
8713
7888
7337
8595
8097
8084
7531
7375
8357
8078
7286
7887
8533
7089
7771
12420
8409
8015
8558
8071
7346
8200
8484
7563
8569
12838
8164
7601
8515
7644
7612
11874
8502
8386
7459
7308
8513
8307
7333
8373
8244
6931
7058
9579
7451
7153
11261
8021
7032
7631
8014
7180
8614
7249
7398
8784
8444
7512
8252
7631
7316
12904
7942
7588
8941
7349
8005
8852
8396
8124
7609
7117
8305
8562
7145
8753
8313
7583
8463
7911
8483
8348
9212
8123
7519
8010
8615
7193
10958
8505
7002
9238
7141
8219
8352
7004
8259
7702
7359
8024
8267
7452
7388
7684
7843
7600
9103
8310
8247
7532
7165
8430
10273
7555
8343
9035
7814
7844
9025
7406
7488
8583
7644
7652
8520
8246
7935
8635
8732
8023
7108
8015
7358
8015
8013
7453
8099
7730
8014
10182
8138
7931
10364
7778
8402
8584
7822
8350
8477
8322
8214
8267
7091
7856
8003
8143
7158
7632
7928
8008
7412
7981
8375
10492
8596
8438
8823
7185
8205
8481
8529
8516
7251
7209
8324
7177
7905
7338
7091
8405
7873
10856
7589
7918
8217
7232
7794
8494
7890
7999
6967
7981
7647
23250
7456
8449
8743
7371
8182
8658
8242
7769
7365
6843
8194
8194
6984
8207
8662
7146
8136
7554
7626
7576
7289
7092
7871
7741
7992
8372
7637
8254
7441
8094
8016
8483
7740
7571
8181
7779
7118
8054
7181
7127
8117
8214
7097
7835
8217
8376
8079
7092
8506
7699
8629
7317
7188
9495
8189
7388
7431
7337
7808
8779
8160
8655
8645
7747
7218
7651
7879
8298
9057
8232
7619
7337
7149
8401
7949
8477
7811
9617
7797
7519
10082
7632
7410
9213
6936
8174
8141
7917
7350
7856
7931
8573
7668
7592
8845
7256
7818
8221
7992
8461
7964
7747
8371
8970
8162
7732
7462
8323
7228
7745
8476
8520
7289
8002
7174
7590
8415
6905
8302
7969
6954
8066
8712
8535
7080
8332
8072
8263
8221
7852
7596
8104
7772
8576
7413
7991
8564
8003
8813
8499
7532
9044
7996
8543
7637
7380
7477
9012
7032
8333
7594
8220
8307
9174
7129
7947
8714
8505
7064
11882
7347
7268
8706
8174
7583
7619
7879
7690
8970
7392
7251
8138
7253
7940
9946
7088
8041
16914
7293
7274
8163
8730
7595
8207
8184
7723
7489
7588
7570
7969
7079
8348
8326
7150
8220
8110
7709
8077
7725
8089
7692
7996
7793
8194
8088
8473
7961
9094
8256
8126
8364
7342
7551
7291
8460
6928
8364
8143
7198
11112
8148
8800
7258
8026
7473
8035
8286
8293
7467
7290
8259
7814
7192
7931
8040
8351
7693
7569
8005
8523
7570
8301
8600
8578
7942
7194
7450
8606
8070
7690
8553
7016
8229
7734
7466
8496
7205
7563
10546
8403
6999
7717
7764
8360
11226
7886
7757
9278
7813
7132
7603
7885
7364
10397
7954
7335
8577
7212
7718
7734
7233
7102
8316
7605
7292
13946
8244
8387
9241
8075
6837
9312
7543
7556
8123
7805
7250
8405
7629
7067
9159
7052
7068
11112
7723
7334
9148
8138
7091
7893
7217
8544
7789
7293
6914
8587
7256
7963
10727
7593
8498
7449
8256
8488
9709
7920
7923
7958
7887
8532
7599
7339
8409
8779
7576
7109
8584
7074
8711
8732
8076
7119
8077
8165
7975
8516
8518
7115
10712
8052
7082
8634
7971
7194
9049
6994
6966
11819
7497
8241
11111
8408
7456
8639
7964
8668
7811
7070
8580
8482
7766
7557
8501
7050
7704
8377
8309
7167
8943
7387
7929
8517
7948
7297
8292
8472
8584
8312
7495
8121
8425
7443
7700
25516
7126
7999
7148
7373
8194
7568
7220
8123
8641
7757
7869
7614
7817
7574
8497
7933
7174
8287
7999
7611
7160
8280
7712
7005
15052
7638
8088
8626
7784
8474
7943
7164
8212
8268
8579
8395
10476
8422
7782
7539
7396
7955
8246
7588
8004
7256
7891
7258
8895
7641
7536
8302
8181
7290
8492
8123
8307
8441
7882
8289
8841
8575
7374
11400
7863
8174
7789
7430
8155
8815
7152
8635
8537
7470
7238
7839
8094
7216
8515
7532
7581
9025
7870
7766
8236
7515
7085
8808
8186
7473
11066
7335
7875
8707
7638
7983
8355
7257
7054
11571
7308
8258
8254
7279
8114
8816
7739
7846
12552
7293
7330
7630
8419
8037
7409
8406
7616
8748
7110
8158
8682
7869
7090
8881
7599
8392
7126
6949
7593
8905
8404
7993
8902
7282
7343
9099
7290
8498
7954
7326
7413
9280
7737
7383
7748
7453
8476
8000
6912
7335
8045
7183
8298
8750
7321
8063
11630
8400
7293
7876
8333
7076
8618
7968
8446
7357
7730
8086
8575
7856
8520
7810
8580
7379
7593
7153
8044
8518
7070
7988
11589
7828
7894
7679
8515
7730
8455
6887
8497
11269
8302
7910
8442
8066
7894
20963
7348
8307
8035
7142
8672
7171
7027
8169
8416
7005
7920
7184
8498
7244
7502
7544
8518
7174
6877
7073
7660
7117
7819
7487
7207
7997
7996
6979
8414
7348
6953
8110
7728
7182
7551
8036
8576
7887
7728
7169
7738
7967
8286
7605
7860
8391
7174
6958
8288
7731
8476
8075
8137
7817
7754
7534
7751
7649
7897
7651
7712
7046
11126
7548
7655
8645
6777
8319
7722
8182
6924
8600
8647
8540
8064
8421
7105
8357
7174
7020
8456
7558
7579
12713
7893
7377
8774
7760
7155
7811
7066
8136
7577
7097
7233
10871
7972
8059
9660
8415
7749
7600
8527
8158
7663
7206
8123
9448
8275
7751
7771
8084
7773
8619
8583
8656
8082
7068
8013
7570
15182
8157
8098
7933
7517
7251
11403
7921
7290
8465
7379
8182
8868
8185
7179
8818
8435
8169
7544
7680
7091
7254
7171
8241
7984
8366
7647
8196
7384
8485
7409
7836
8030
7712
7149
7474
10084
7271
7110
10414
7167
8213
9203
7930
7210
7913
7301
8387
9599
8701
7754
7394
7317
8512
7369
8620
7413
9017
7172
8353
7646
8461
7030
10105
7481
7505
8398
7562
7519
11897
8095
7397
9467
7906
7093
9688
7622
7338
8030
8334
8078
9018
7811
7658
9310
8178
8572
7975
7917
8509
9083
7373
7222
8518
7885
7733
8239
7461
7790
9146
7647
7091
9170
7232
7679
7779
8223
6934
9448
7233
7943
8240
7531
8647
12630
7291
8215
7509
7953
8281
9210
7974
7032
7610
7128
7812
7955
7810
7533
8872
7540
7889
7487
7671
8557
9633
8419
7812
7540
7453
7630
11876
8511
7471
8011
8365
7752
9923
8282
7259
8053
7714
8070
7538
7379
8066
8772
7184
8257
7707
7266
8176
8637
7351
7108
11682
7163
7312
9389
7929
7749
9553
8424
7516
8214
7009
7288
10136
8231
7393
7952
7983
7253
8744
7128
7692
9996
7317
8466
10146
8371
8378
8276
7540
7221
8564
7619
8000
8338
7793
7869
7574
7969
8515
9297
7460
8482
7724
8543
8384
8215
7116
8130
7972
7272
7062
8233
8221
7263
10748
8215
8358
7944
8594
8050
8214
7139
7084
9441
7296
7558
9266
8432
8056
8109
7540
7640
7810
7772
7551
7892
7842
8148
9853
22645
7417
7326
7019
8400
7741
7492
8117
7199
8149
7814
8843
7680
7486
8524
7618
8044
7169
7307
8072
7584
8221
7796
8405
7100
8051
7302
6918
7790
7704
7667
7744
7270
7860
7286
8556
7954
8571
7487
7727
8882
7348
7581
7155
8315
7529
7329
8558
22964
8435
7614
8146
7435
7164
7654
8097
8884
8210
7351
7005
8420
8346
7164
8507
7695
8407
8233
7247
8117
7285
7609
7569
8075
7762
7450
7251
7694
7613
8448
7530
7703
8022
6928
7889
10707
7297
7573
9256
7591
7907
8802
7014
8100
7773
7587
7204
7573
8391
7771
8847
7844
7547
8000
6994
8616
8228
10041
7974
7916
7683
7139
7931
7293
7369
10412
7841
7545
8715
7034
7734
10323
7988
7097
9145
7348
7198
10603
7572
8470
9009
7841
7311
8361
7895
7912
7578
7659
7306
7407
7656
8376
9136
7372
7856
10028
8537
7921
8655
6918
7190
8498
8493
9402
7183
7750
7979
8659
6856
7256
8152
8136
8133
7757
7252
8548
8087
7005
8359
8458
8483
8429
8740
8432
7361
8189
7432
7209
8620
8063
7306
7313
7961
8313
8331
8133
7164
7622
7979
8129
7333
7816
8120
7754
8574
8013
8024
7030
8600
7876
8615
7083
8027
7194
7168
7929
6996
7984
8602
6969
7210
9692
7555
7724
8165
7258
8748
9225
7188
8011
7569
7400
7990
9136
7078
8225
7835
7097
6907
12251
8093
7308
7631
8335
7881
9261
8339
7637
8162
7832
8561
7934
8012
7657
7605
7255
7471
16974
16607
8693
8579
7800
7958
8421
6974
8324
7471
7400
8148
7767
7589
7696
7230
7457
7969
12771
7456
7128
7232
8637
8203
8437
7856
8128
7972
7087
7731
8088
7717
8440
7349
8671
8751
7702
7333
7847
8179
7717
8384
7205
8335
7997
8517
8151
8100
7773
7951
7985
7108
8446
8482
7134
8232
7518
7869
7405
8379
7354
8397
7856
8623
7512
8738
8261
8218
7810
7294
8256
7357
7394
7453
8123
7866
7461
8704
8738
7052
8353
7489
7469
7629
7657
7278
7594
7513
7471
8169
7194
7892
8293
8480
8493
8474
8290
9065
7467
8519
20589
7740
7987
8430
7156
7278
8773
7166
8315
7533
8210
8423
8051
7150
8679
7475
8141
8387
7500
8307
8226
7113
7204
7891
7069
7851
7990
7146
7680
7307
7392
8600
8655
7813
8478
8091
7928
7622
7352
7196
6784
7828
7276
6905
7769
7787
7839
7290
8797
8116
7758
7846
8297
7623
7619
6978
7898
7618
7655
7707
7792
7187
8529
7410
7058
8557
7191
7898
7286
8292
8094
7278
7352
7854
7589
8811
8242
7876
8672
8186
8328
7234
7955
8346
7174
8133
7634
7899
7723
8564
7976
7598
8531
7631
7561
8456
8965
8000
8225
8777
7450
8419
8590
8187
7812
7389
7921
8339
8707
7387
7289
6977
8442
8062
8504
7482
7763
9278
8461
8013
8269
7723
7055
9037
7169
8642
9092
7625
8399
8909
7210
8438
7966
7596
7260
9120
8551
8309
7744
7566
7811
7179
8307
7712
7721
8435
7960
8537
8340
7744
7624
7897
7988
9536
7513
7861
7602
8324
7827
7573
8298
7969
8161
8017
8427
7313
7209
7178
7184
7738
8394
7631
8427
7154
7724
7625
7164
8897
8358
8398
7446
7276
7729
7628
8172
7973
7251
8183
7975
7291
7380
8748
7966
7421
8312
8226
7717
7709
7273
7851
7493
7948
7769
8034
7149
8065
7114
8133
7675
7953
9111
7577
7192
9219
8307
8314
8474
8184
7782
7594
7708
7839
7613
8477
7771
8021
7248
7430
7855
7565
8784
7653
7932
8403
8431
7031
7136
10466
7733
7897
7348
8344
7287
8932
7718
7815
11811
7558
7767
9174
7476
8390
8672
7505
9115
9038
7414
7522
8851
7964
8475
7928
8209
7777
7595
8295
7786
7453
7099
7888
7552
7735
8288
9205
8051
7687
9077
8430
7617
7810
8594
7113
9256
8094
7157
8966
7729
8512
8361
9015
7956
8577
14266
7779
7833
7639
6952
8427
7574
8404
7680
7772
8290
7369
7788
8642
8282
7336
8092
8805
7518
7241
7094
8043
7567
8515
7623
8192
7200
9392
8091
7291
8453
8538
8198
7690
7182
8121
7964
8178
8106
9177
7388
7861
7533
7123
8325
9139
8089
7659
8815
8285
7319
7663
8092
8603
8927
8564
7111
9233
7987
7276
8059
8107
7153
9218
7915
8375
8102
7507
7728
9602
7979
7008
8887
7087
8276
7526
8476
7237
9101
7417
7655
9030
8439
7553
9018
7599
7299
24133
7091
7589
8867
8181
8646
8727
8183
7831
7800
7312
8251
8032
6929
7900
7173
8340
8372
8244
8479
8532
8221
8542
7877
7304
7290
7409
6988
8421
8276
7775
8258
7356
7745
7520
8317
7151
7249
7365
8156
7221
8611
7177
8026
8493
7767
7249
8595
8052
7753
8214
7462
8354
7477
7352
7367
7803
8081
8261
8403
7764
8383
8113
7500
7119
8574
8990
8130
8016
7281
8422
7882
7390
8232
8195
7159
8302
7443
8677
8490
8555
7625
8157
8046
8815
8159
7086
8517
7807
7184
9230
7899
7247
8123
8206
8217
7584
7181
7790
9358
8099
8127
7876
7363
7979
10002
8511
7270
9248
8486
8344
9113
8143
8215
7722
8194
7132
7873
7652
8415
9161
7434
8558
7655
8189
8169
7735
8526
8041
20416
7126
8656
7292
8194
8351
7698
7538
8646
8495
7500
7819
7948
7260
7214
8630
7470
7308
7076
7938
7484
8360
7569
7828
8736
8049
8061
7825
7136
8035
7400
8202
7874
8616
8700
8042
7574
8384
7762
8634
7030
8555
7201
7573
7948
7590
7957
8579
7574
7622
7438
7367
8200
8208
8301
7132
7639
8607
7502
8691
7618
7299
8501
9129
8317
8358
8989
7274
8560
8979
8063
8308
8320
8618
8557
8295
7898
8338
7076
9274
8003
8438
8015
7289
7931
10706
8505
7172
7708
8139
7972
8808
8494
7722
9235
7190
7346
7769
8603
7683
7487
8285
7477
8872
8270
7552
7626
8367
7953
9194
7928
7489
8907
7117
8584
9859
7903
8010
7913
7595
7792
7928
7857
7943
8836
8558
8044
7816
8315
8601
8726
7907
7646
8418
8642
7458
7792
8312
7737
7581
7815
7511
7611
7086
7950
11257
7748
7087
9717
7818
8613
8655
7613
7751
9194
7421
8621
7308
8021
8800
8944
7525
8611
7360
7203
7905
10523
8235
8357
7605
7341
7715
7554
7807
8329
7881
8117
8540
8281
7882
7216
9085
8181
7452
8658
8386
8683
8789
7261
8336
7838
7635
7083
8998
7317
8233
9417
7722
7187
8437
8071
7564
9059
8084
7984
7917
7276
7276
8394
8617
7957
7545
8150
7441
9295
7151
7610
7979
7190
7769
12821
7903
8237
9108
7772
7842
7763
7861
8426
8761
8261
8147
7301
7806
7824
8160
8717
7361
8329
8262
7112
8985
7599
8150
9429
7966
7649
7737
7750
7738
8399
7659
8125
8636
8223
8277
7811
7938
8616
8167
8439
7128
8262
7890
7653
7769
8261
8670
10597
8245
8454
8118
7640
7053
7661
8094
7238
7634
7270
7174
8666
7744
7331
10513
7617
7294
8256
7736
7046
12549
8805
7943
8214
7095
7892
8129
7063
8050
9321
8357
8222
8012
8488
8209
8314
7692
7267
7261
7164
7909
8746
8574
7042
8712
8179
8736
8515
8102
8222
8592
7166
7140
9184
8277
8220
9074
8483
8502
7123
8328
7295
8584
8003
7610
8166
7902
7885
7892
7926
6901
9559
7135
7850
8548
8655
7655
9139
7911
7020
7589
8389
7143
9177
7897
7682
9117
7149
8319
7623
8426
7563
7600
8128
8097
7648
8057
7856
7433
8514
7442
7870
7748
7547
8307
8107
7743
7308
7317
8758
8454
8173
143217
22194
8498
8314
12675
7835
7944
9056
8200
7951
8036
7845
8424
8583
8113
7298
7651
7286
7123
10884
7069
7574
11175
7471
8798
7608
8092
7271
9028
8128
7189
24398
8274
8492
7832
7856
8756
7431
8412
7548
7357
8233
8197
8328
8117
8323
7769
8312
7912
7281
7991
7097
8621
7051
8413
7683
8390
7874
8278
7692
7850
8595
8594
8334
8005
8014
8237
8428
7416
8909
7330
7568
7429
7983
8164
8840
7351
7641
8693
7654
8082
8502
7173
8379
8079
7733
7064
8324
8495
7998
7732
8451
8162
7828
8242
8374
7910
8233
7148
8688
8584
7730
7126
8516
7947
8251
8215
7360
7430
8153
7289
7556
7736
8569
8516
7251
7996
8546
8227
8175
8215
7781
8247
7280
7364
8274
7815
8641
7797
8431
7470
7533
8468
8428
8446
7953
8122
8523
8190
8374
8299
8041
8654
8332
8030
7315
7071
8300
7111
7140
7774
8582
8632
7342
8060
7946
8476
7507
6994
7873
7172
8029
8366
7810
8097
8069
7430
8342
7468
7676
7061
8147
8878
7968
8418
8452
8137
7599
7698
8203
8173
7533
7808
8121
8233
7019
7729
8634
8610
8417
7568
8454
8092
7417
7258
7978
7091
8495
7478
7661
7093
7743
8602
8334
7153
9039
7905
8326
9336
7440
7049
9806
7797
8543
8797
7859
7959
9102
7766
7133
8581
7574
8686
7688
8034
7157
8888
8251
7840
11202
8033
7423
8545
7837
8015
7490
8303
8410
8899
7468
8333
7621
8200
8426
7527
7372
8454
7621
8124
7887
8095
7874
7395
8807
8617
8117
7629
7288
8333
7527
7334
7956
9174
8731
8475
8958
8012
7756
9066
7435
8420
8996
7726
7161
8897
7650
8504
8208
7978
7529
8341
8281
8524
7304
7879
8407
8077
8346
7134
8154
7955
7637
7680
8452
7375
7123
7995
8089
7547
7521
9181
8533
7189
7710
7452
8860
8989
7989
7211
7841
7287
7323
9482
7951
8676
9031
7256
7085
7671
8102
7063
8646
8745
7647
9750
8437
8238
8128
8439
8052
8356
8035
8509
7599
8537
8338
8428
8038
8172
7905
8451
8068
7230
8106
8149
8074
7325
7921
8092
8034
7510
9246
7175
8745
8681
7764
7707
9476
7866
8517
8070
7163
8595
7669
7720
7748
8606
6970
7587
7615
8008
7605
9372
7685
7981
8176
7825
7754
8639
7706
8150
8859
7662
7022
9261
7697
8298
11131
8078
7471
8050
7989
8571
9047
8229
7028
7150
7868
7591
8415
7754
7697
8359
7413
7433
9061
8011
7995
11245
8108
7677
8333
8462
8391
7673
7346
7367
7813
7551
7344
8905
7693
7082
11269
8574
8277
11012
8660
7774
7169
7634
7076
8014
7051
7763
7893
7933
7055
7464
7954
7514
7920
8188
7352
11810
7466
7144
8823
7758
7571
8622
8249
6992
8015
8701
8572
9120
8035
7760
8692
7992
8162
8828
8114
8073
8172
7710
8114
7611
8265
8198
8075
7462
7120
7791
7043
7800
9093
8027
7353
8461
7710
7287
12148
7163
8736
8007
7030
7048
8351
7378
7263
7065
8178
7820
8919
6984
8162
7819
8420
7965
7561
8000
7666
8993
7961
7315
8828
7577
7627
10124
7292
7810
8043
8367
8430
7810
8331
8379
11136
8022
7570
8010
8190
8193
8805
7522
7142
9121
7548
8456
9168
8241
8054
7483
7850
8433
7557
7757
7210
9777
8117
6970
8051
7186
8450
9598
8259
7190
9820
8309
7212
8651
7705
7579
8625
8094
8584
7800
8250
8473
8213
7497
7029
9038
7518
8404
8925
7118
7319
8486
7698
7005
8274
9067
7678
7025
8854
7096
7057
10727
8442
7179
9189
8139
7266
8492
7246
8424
7531
8473
8579
7186
8518
7531
7530
7897
8586
8977
8456
7918
9273
7456
7289
7741
7220
8538
8600
8030
8213
8040
7292
7514
8485
9814
8336
7830
6967
7756
7922
8405
7995
14142
6864
8176
8214
8232
8552
7235
8079
8605
7407
17292
7653
7847
8452
8176
7415
8079
8105
7428
7173
7007
7309
7968
7922
7554
7049
8039
7469
8190
8522
7369
7159
7866
7995
8410
8612
8356
7814
8661
7520
7698
8503
8435
7429
8103
8248
7538
8084
7326
7670
8609
8591
7519
8514
7287
8645
8542
7860
8156
7050
7692
7584
8627
7403
8357
7841
7789
7410
7588
7158
7996
8126
8479
8359
7762
7612
7998
7381
7831
8101
7896
8779
7312
7676
8979
7020
8511
8796
7565
8097
7440
8395
8174
8847
8375
7650
9480
7162
8516
11402
7906
7117
7410
8012
7986
7815
8728
8251
8953
8656
6976
7300
8435
8037
8366
7294
8268
7603
7073
8141
8138
8564
7871
9253
7010
7102
12161
8272
8428
8865
7745
8342
8672
7153
7109
8534
8451
7994
8231
7707
8299
9219
7912
7482
8251
7361
8682
8197
7429
7899
8233
7190
7514
8529
7692
7394
7767
7738
7770
7241
7356
7486
8594
7737
7186
9285
7987
7041
8214
7902
8173
7900
8511
7130
8030
7900
8635
7094
8015
7818
7574
7374
7112
8102
8512
7441
9126
8203
7575
10882
8112
7169
9625
7753
8415
8640
7170
8507
9035
7048
7676
9522
7728
7823
8412
7001
8256
8533
6988
8015
9558
7719
7120
9364
8149
8687
24260
8076
8098
7697
8274
7694
8512
7233
7998
7269
7010
8348
7762
8482
8354
8190
7610
7581
8433
7079
7430
8323
6949
7974
8101
8239
8820
7429
8397
7933
7798
8406
7024
7009
10612
7979
7109
9323
8511
7918
8170
7810
7528
8204
7398
7574
9061
8035
7753
10565
7697
8624
8205
7620
8575
8139
8184
7037
8405
8391
7110
8841
8482
8262
7726
6988
8310
8482
7895
8450
7614
8130
8115
8254
7394
7951
8331
7128
8640
8801
6996
7287
9260
8504
7359
9266
7548
8625
8824
8491
8249
7853
6883
7994
9028
7669
8076
7671
7528
8312
8561
8324
7646
7654
7472
8282
8186
7608
7546
7435
7307
7977
10876
7153
8751
9791
7943
8107
8109
8443
8187
7565
8519
7380
9030
8563
8543
8600
8035
8390
9015
7579
7380
8404
7271
7145
7613
7064
7127
9364
7533
7011
10927
7873
8361
7759
8414
8648
7722
8110
7911
7687
7377
7309
9000
7843
8528
9843
8270
8571
7544
8254
8047
7554
7767
7939
7752
7293
7907
7750
8219
8361
9001
8200
8007
7587
7352
6992
9626
8135
7652
8311
7942
8459
7447
8616
8530
8461
7101
8539
8053
8364
8063
9329
8440
8569
8304
7320
7704
7552
7530
7045
10924
8032
7125
8753
7047
8130
7895
8230
8193
8733
7567
7266
9447
8133
8620
7657
7144
8585
7517
7269
7933
11364
7447
7815
7699
7484
7997
11158
8120
7337
7963
8405
8249
7589
7378
7891
8694
7785
8112
8844
7638
8336
11447
7487
7110
8203
7123
8161
8125
7615
7138
7720
7058
7913
8492
8442
7112
7643
8015
8418
8213
7536
8265
8646
7234
7069
8493
7597
7901
8000
7628
7912
8524
7414
7492
8359
8568
8057
9851
7068
8405
8435
7598
8010
8385
7351
7840
9693
7712
8010
8230
8311
7247
10237
8586
8015
8182
7016
8617
7922
7491
8319
8592
8160
8136
7351
8574
7338
8997
8215
7030
7866
7235
7230
10098
7957
7759
8546
7489
7383
8495
8474
7620
7159
7123
8388
8707
8574
8210
7055
9137
7751
8072
8241
7525
7104
8962
8353
8420
7933
8316
7229
8279
7078
7830
7651
7407
8285
8392
8482
8494
7226
7389
8539
8105
7201
8033
9219
8103
7348
12495
8297
8379
7533
7456
8287
8569
7454
7539
7594
8051
7442
8071
7492
6926
9054
8513
7094
9324
7152
7972
9112
6954
8425
9386
7671
7082
9419
7667
7358
9253
8127
8190
8856
16269
8533
7128
7415
7572
7620
7443
8723
7229
8131
7414
7951
7857
8497
7873
8230
8497
7609
7857
7821
7637
7056
7760
7460
6938
7954
7761
7490
7723
7514
8211
8575
7798
7270
8215
7389
7952
7072
7493
8290
8214
7737
8658
8103
8353
7337
8384
7987
7887
8308
7240
8375
7909
8502
7048
7517
8060
8220
8261
7504
7148
8214
7278
8346
8069
8019
8083
7105
7793
8371
7011
9007
7348
7104
9184
8029
8433
10710
7856
7217
7774
8512
8498
8142
7907
7299
7817
7728
8115
8712
7612
7745
11502
8327
7338
7158
7589
8315
7836
7893
8343
9246
8000
7591
8163
8010
7287
9239
7641
8553
7575
7914
8720
8179
7506
7262
8864
8196
8027
7566
8005
8411
7343
7589
7554
8180
7671
7489
8731
8225
7851
9007
8296
8016
8647
7980
7097
9425
8102
7085
13307
8014
7439
8594
7725
7391
7671
8356
8051
8260
7496
7427
7653
8071
7174
8846
7909
7194
7422
7673
7755
9203
8743
7876
8392
7956
8533
8037
8412
8220
7852
8517
7220
8033
7555
7487
11195
7929
8086
8949
7626
7102
8866
7876
7292
8248
7098
8210
8235
7538
7845
8117
7226
7886
8502
8144
7070
9462
8683
8076
7650
7728
8004
7794
8225
7456
9559
8284
7753
7708
8430
8391
8371
8374
7610
7457
7818
7371
8008
7441
6915
8395
8339
7025
8633
8023
7906
7977
7352
7258
8335
7358
8354
7270
7090
8509
7824
8188
7502
8018
7789
7291
7223
9061
7661
8130
8904
8356
7956
7450
8256
8016
18133
7246
7135
7843
7329
7618
8512
7810
7209
7567
7499
7580
8384
7908
7271
7402
8379
8540
8408
7276
7528
7953
8097
7682
7190
8082
7390
8617
7679
7665
8971
8004
7595
8795
7539
6979
9502
8179
7986
7612
7999
7423
8516
8408
7397
10867
6950
8760
8097
7795
7606
8999
7558
8060
7939
7409
7672
10237
7733
7499
8398
7232
8323
10092
7839
7812
8312
8057
7830
10062
7567
8520
8475
7776
7290
7437
7727
7952
7233
6952
8301
8882
8323
8104
10066
7989
6985
9437
7543
8554
9168
8153
7067
7574
8723
7151
7227
19730
8720
7631
7645
7094
7710
7449
7487
7487
8499
7725
7241
17307
7705
7356
6941
8333
7948
7806
8436
7304
6975
7927
8119
7861
7582
8108
7692
8585
7746
7963
7353
8381
8372
7943
7791
8560
8272
9138
6961
7267
7400
8222
8429
8600
7439
7612
7332
7961
8616
7389
6916
7889
7245
8625
8554
8312
7036
8000
7782
7107
7913
7531
7134
8661
8194
8347
8574
8090
7166
8296
8346
6814
8980
7387
8270
7991
7500
7353
7915
11016
7267
8215
7390
6881
7911
8803
8536
7432
8444
7410
7445
8514
8626
7461
7847
7061
8133
7844
7131
7535
10226
7657
7667
8650
7672
8135
7330
7399
8404
7564
8451
7589
7728
7573
8124
8276
7489
8096
8479
7442
7629
7578
8416
8600
7588
7953
8537
7852
6925
8496
8070
6986
8551
8619
8157
7376
7780
8179
7915
7743
7428
8497
7952
7984
7723
7412
6764
8668
7834
8666
8423
8488
7310
7921
8264
7261
7431
8779
7073
7917
7043
7876
7755
7628
7384
7856
8117
8781
7652
8390
7292
8451
7941
7662
7389
6928
8432
8338
7271
8452
8162
8804
8117
8082
7225
8294
8284
7509
7547
7785
8010
8336
7977
7221
7490
7548
7474
8478
8049
7150
8113
7851
7317
8478
7561
7753
8596
7974
7753
8485
7738
8254
7937
7994
7945
7207
8000
7696
7230
8024
7479
7362
8489
7894
7297
7501
7979
7272
8126
7701
7371
7377
7864
7250
7646
7849
7702
7445
8330
7237
7183
7037
8574
7128
6993
8232
8195
7810
7310
7052
7317
7218
8164
8314
7694
8190
8456
7809
8578
6967
7704
7647
7825
8388
8771
7460
7751
7645
7116
7193
7974
8272
8654
7888
7936
7888
7738
7789
8299
7979
7047
8347
7469
6981
7779
7810
7368
8698
7315
7065
8142
8048
7115
8505
7717
7131
7297
8360
7686
7943
7666
7051
8363
8735
6917
7745
7695
7694
8576
8429
7097
8471
7912
8061
7204
8303
8271
7768
7990
7802
7657
7409
8142
8046
8333
8420
7471
8621
6939
7822
7408
7499
8595
8353
7609
8024
8014
7853
7404
7739
7735
7430
9002
7798
8163
8593
7681
7626
8078
8272
7184
8156
7952
8303
7406
7889
69402
7414
7686
8778
8215
7917
7683
8235
7816
7360
7969
7926
8666
7877
7700
7963
7389
8461
8227
7716
7796
7395
7962
8133
7897
7215
8425
7129
7784
8175
7672
7892
7610
7761
10480
7655
8172
7402
7972
8049
7635
7328
7823
7527
7978
8269
7672
7589
8458
8835
7688
8466
8610
8702
7267
7507
7588
8500
7791
7750
7461
7481
6758
8515
8107
8516
8236
8186
7351
8339
7297
8344
7980
7978
7896
7810
7569
8471
8340
8597
8242
7771
8355
8288
7511
7449
7553
8251
7872
7261
7123
7646
7000
7353
7998
8257
9075
7979
8471
8018
8354
7486
7251
8256
7693
8510
8012
7723
7017
8540
7635
7548
8152
7837
8381
7424
7353
7213
7764
8334
7910
7235
7213
8610
7570
7254
7935
7676
7828
7690
7474
7546
7568
8034
7512
7468
8213
8718
6933
7887
7983
6963
7413
8458
8441
8297
7262
7497
8153
7260
8421
7688
7058
7952
7705
8622
7282
8003
7553
7272
8516
7751
7130
7846
7836
7783
7410
7788
8333
8666
7604
7058
7917
7535
7593
8474
7851
8502
7634
7895
7041
7956
7832
6989
8479
7854
7239
7169
8402
7338
8260
7496
7647
7193
8230
7557
7297
7389
8309
8261
8506
7709
7615
8414
8408
8029
7666
7151
8201
8904
8022
8282
8035
7502
7707
7190
7210
7354
7686
8425
8057
7173
8244
8212
7246
8169
8718
8074
8256
8241
7703
8380
8328
7352
8297
8062
7593
8184
7748
7174
8028
7573
7952
7679
7682
7835
8567
7472
7974
7100
8374
7897
8482
8130
7866
8283
7923
7169
7205
7451
8435
8423
7981
8133
7302
7517
7770
8011
6883
10182
7917
7169
10799
7701
7066
7660
8213
7130
8779
7692
8049
8463
7134
8477
8856
7627
8538
7985
8405
8708
7675
7066
8010
94094
8410
10867
7992
8382
22081
7654
7940
11266
8715
7260
12334
8540
8393
8405
7629
7370
7769
7651
8597
7783
7865
7771
8778
7825
8538
8247
7725
7127
7574
7850
8410
8354
7565
7145
11442
7825
8602
7796
8053
8569
7995
7978
7989
9441
8041
8219
8383
7651
7615
7723
8577
7170
8556
8137
7443
7175
7311
8119
8796
7383
7010
10097
7194
8006
8287
8132
7386
8352
7072
8558
7665
8213
7945
7753
8393
7954
9116
8374
7240
7339
8483
8333
7746
8434
8069
8943
7817
8372
8569
8097
8596
7186
8123
8173
7391
8342
7291
8178
7632
7246
7496
8439
8499
7814
8613
7467
8174
9184
8507
7875
8022
8442
8619
7699
7459
7701
7451
8134
7233
8174
8507
7536
7679
7073
8286
7899
8107
7460
8776
7000
7860
10026
7027
6996
8194
8230
8441
8536
7364
8530
8412
7661
8004
9161
7925
7035
8712
7692
8109
9765
7664
7410
8136
7571
8538
9685
8074
7456
9116
7974
8370
7646
7166
8068
7511
8613
7973
9039
8433
8354
7388
8400
7241
9236
7116
8112
7728
8005
8444
8719
8098
7344
9582
7530
8314
8297
8333
8131
8637
8519
8422
7706
7030
7792
7824
8615
8056
7579
7169
7289
11119
7449
7364
7815
7733
7317
7925
8717
7152
12133
8503
7891
7795
7268
7097
10897
7839
7344
9024
8261
8005
7662
7505
8609
9034
7951
8033
7942
8133
8738
8582
8435
7794
8008
7648
8732
8831
7774
7796
7391
8404
8095
7632
7830
8174
8025
8292
8112
7717
6968
7523
8212
7153
7358
7796
7057
7266
9096
8367
8006
7650
8416
7737
9011
8631
8697
9212
7326
7794
8914
7917
7981
8374
7246
7202
10225
8281
8501
9393
7995
8492
7412
7646
7353
7830
8133
7070
8858
7625
7099
9650
8707
8020
8185
8307
7833
8904
7071
7959
8441
7594
8696
8481
7449
7716
7600
8410
7015
11050
7974
8518
7800
8649
8710
8681
7548
7477
7355
8116
7835
7798
8107
8424
8197
8420
7815
7702
7958
8611
8969
7781
8189
7014
7049
8007
7821
8286
7950
9195
8426
7732
8104
8419
8177
7743
7194
8005
8041
8189
7176
12340
8307
7486
8665
8111
8436
7671
7692
8606
7152
8434
8201
7548
7211
7729
7822
8758
7493
8044
7651
7881
7698
7391
7129
9198
8319
8138
8074
8684
8044
9189
8266
8342
8304
8204
7913
7894
8218
7741
7926
7713
8471
7764
8718
7609
8370
7887
7889
7379
7524
7873
8707
7160
7375
8674
7724
8422
8717
7938
7417
7351
7773
7938
8218
8016
7082
7257
7413
7989
8387
7433
7411
8772
8227
9171
8052
8680
7919
7928
8527
8153
7654
12917
7076
8397
8202
8451
7605
7184
7427
8131
7807
8157
8495
7645
7914
7792
8070
7861
8274
8006
7835
8123
7979
7327
8732
7448
7431
7529
8898
7320
8650
8615
7349
8277
7405
7451
7513
7569
7064
7818
8489
7213
7756
7586
8003
8266
8093
7861
7420
7676
7388
8050
7738
7535
7151
8956
8200
7186
8639
8179
8671
7738
8169
7773
10262
7783
7015
9179
7615
7911
7691
7509
7380
9068
8252
7114
11047
8085
8170
7578
7512
8631
9223
8422
8574
7442
6988
8897
8033
7872
7374
7934
7900
8339
8873
7297
8234
7702
7894
8536
8131
7734
8472
8134
7802
7184
8541
8187
7186
8679
7576
8475
9235
7876
7866
7629
7312
7586
9077
8423
7464
9093
8620
7556
9231
8012
8584
8674
6979
7273
7082
7997
7913
8784
7430
7825
7794
8559
8275
9034
8147
8683
9280
7067
7808
7644
7898
8791
7838
7827
7123
9227
8041
7119
9499
7670
8086
7743
7170
7295
8536
7317
6947
9842
8150
8251
7461
8192
7979
9187
7119
8512
9379
7193
7205
8716
8497
8512
7953
7968
7221
9259
8392
7173
10582
7280
7405
7571
8209
7005
7898
8462
7989
8086
7583
8498
8575
7282
7144
8977
8079
8394
7861
7407
8261
7742
8069
7374
9002
7393
8534
12774
7733
7412
8053
7716
7148
22210
8128
7802
7570
8466
7187
7753
7189
8753
7856
7123
7858
8215
7488
7255
7268
7693
8624
8025
7436
7061
7513
7776
8657
7770
7645
7198
7957
7897
8488
8132
8334
8174
8492
7606
8419
7652
8235
7523
8053
8297
7961
7526
7574
7943
8603
7225
7995
7523
8135
7918
8079
7565
7953
7193
7525
8000
8189
8314
8255
8358
9137
7548
7520
7981
7851
8356
8656
7615
8121
8856
6930
8400
7804
8455
8387
7249
7475
7708
8780
8310
7989
8759
8227
7817
7668
8255
8625
9246
8212
7095
7732
7813
7398
9408
8313
7124
8013
7654
8409
8133
7168
8656
9235
8160
7127
9626
7728
7283
9235
7733
8559
8154
7348
8066
7537
7374
8615
9380
7570
8478
7558
8072
7558
9261
8179
8182
7589
8003
7512
8057
8194
6906
9342
7198
8645
8738
7700
8466
8262
8638
8148
8037
7350
7748
10282
7973
7071
8984
8141
8574
7928
7088
8154
9041
7212
8584
9075
7754
7383
9046
8000
8307
9221
8051
8549
7168
7318
7243
9023
8764
8415
7528
7733
7195
7639
7777
8564
14571
8010
7407
7238
7854
8553
8780
8225
7309
7851
7109
8241
8712
7294
7087
8700
7446
7332
8955
8074
7790
8437
7539
8391
7649
7313
8302
7885
7625
8454
8386
7793
8282
7603
7263
7183
10058
8119
7205
10504
6972
7076
8775
8022
7261
8732
7289
8193
8637
7448
7330
9046
8072
7856
9302
8287
8221
9047
8078
7381
9009
8207
7724
8221
7954
8620
8497
7348
7172
8422
7091
8435
7739
7010
8138
10211
8394
7531
8388
8215
7764
7888
8543
7530
8576
7309
7468
7600
7730
7410
9457
7205
7957
7805
8215
7793
9374
7125
7909
9448
8370
8284
8160
7118
7964
9943
7960
7108
8252
8215
7376
12276
7459
7612
7721
7169
7384
7891
7476
7871
24663
7097
8084
7594
8333
7695
7820
7870
7790
7107
8324
8586
8612
8555
7121
8199
7690
7388
7920
7752
8001
8469
6886
8011
7432
8515
8189
8035
8108
8236
7919
7270
7923
7825
8171
8379
8200
8511
10525
7781
8477
8121
7965
8448
7187
7766
7941
8362
7071
8561
8805
8701
7933
8187
8234
7177
8394
7734
8620
7993
8017
7463
7102
8061
7804
7928
7769
7358
8450
8700
7890
7502
8039
8289
7020
7772
7886
6876
8013
7615
8236
7843
7492
8374
8656
8615
7811
8133
8092
8742
7492
7805
7877
8166
7825
7469
8202
8332
7284
7875
7341
7955
7773
7643
6979
7952
7471
7593
7550
7788
8091
8093
7725
8215
8237
8189
7873
7496
7613
8426
7763
8079
8107
7051
7572
7812
7618
7649
8400
8463
7770
7448
8191
7667
7697
8691
8708
8342
7567
7186
7639
8614
8094
7420
9029
8221
7146
7630
7129
7102
7702
7594
7461
7671
7654
8169
8071
7381
8314
7692
8273
7354
7466
8394
7451
7355
7926
7553
8328
7554
7349
8410
7809
7614
8207
8276
7890
7171
8337
7040
8202
8229
8538
7783
8667
7323
8434
7935
7845
8456
9730
7577
7026
7225
7186
8011
9242
8108
7679
10891
8103
8258
21178
7916
8456
7410
7619
8164
7810
7131
7393
7461
7020
7713
7916
8157
8387
8942
8395
7309
7861
7439
8167
7127
6955
8602
7230
7784
7516
7499
7146
7875
8084
8225
8717
7138
7048
8364
7427
7955
7818
8197
6902
7612
7411
7210
8609
7473
7065
7379
7172
8220
7297
7446
8361
7232
7165
7814
7553
7969
7529
8444
7309
8051
8607
9040
8353
8283
7811
7369
7185
7971
7574
8165
8610
7851
8564
8946
7643
8555
7574
7856
6993
9657
7697
8452
7692
8004
8003
7786
8652
8041
7909
8165
6969
8119
7994
7694
8320
7977
8408
7614
7451
8186
8694
7385
7841
7894
7809
8130
7948
8304
7998
9427
8460
7121
7845
8087
7936
7302
7011
8351
7297
7207
7241
8502
7835
7331
8235
8188
7470
8153
8059
7528
8333
8569
7508
7347
7820
6962
7565
7807
8349
8064
8184
8405
7569
8675
8328
8373
10466
7105
8004
8148
7046
7893
8655
7933
7843
7449
8405
8533
8196
7211
7998
8205
7399
8379
8410
7676
8496
8783
7974
8313
7820
7488
7098
10433
6972
8613
9651
8056
7269
8620
8671
8275
8406
8436
8747
7259
7682
7671
8173
8338
7970
7888
8190
8318
8492
7811
8144
7982
7445
7150
7682
7494
8079
8443
7620
8292
7604
7165
7117
10706
8416
7184
9106
7432
7308
8664
7977
8631
7836
7569
8405
7435
7193
7594
11633
8241
7348
7911
7476
7194
8978
7171
7050
11017
8193
8554
7602
7677
7469
8723
8135
7005
9307
7257
8128
8914
7338
21892
8449
7166
7943
7409
7963
8680
7814
7761
8446
8035
8185
8220
8442
7533
7390
8010
7384
8813
7514
7779
7635
8864
7277
7466
7479
8036
7887
7889
8220
6979
8155
7223
7483
7625
8533
8098
7367
8461
8338
7243
8174
8054
8405
8328
7655
8036
6927
7761
7531
8085
16848
8553
7225
7694
7017
8102
7872
8004
7964
7929
7690
8133
7687
7714
8474
8123
7682
8524
17370
8111
6898
8068
7467
8333
7906
8193
7630
7854
8368
7471
7174
8244
7989
7459
8792
7323
7814
7353
7425
8406
8160
7210
8647
8550
8372
8022
8430
7827
7046
8262
7536
8657
7071
8100
7471
7075
7964
8551
7949
7713
8533
7087
7687
7241
8594
7174
7746
7950
7032
8209
8420
8266
7967
8012
6943
7807
8548
8386
7846
7369
8400
8355
7168
7644
8368
8435
7430
8678
7321
8655
8071
7938
7033
8301
17012
8025
8454
8233
7553
8338
7252
7589
8190
7995
7600
7940
7843
8155
7749
7668
7592
7952
7344
8668
8310
7774
7759
7851
8335
7261
22177
7358
8210
7133
7746
8441
8467
7820
7370
7113
7153
8462
7752
7389
7884
8306
7680
7514
7169
8338
7709
8468
7913
7337
8364
7874
8082
8290
7675
20032
6974
7357
8163
8232
8633
8587
6969
7129
7220
7818
8394
7382
8474
7595
7558
7923
8407
7136
7491
8482
7815
7225
7925
8040
7027
7798
7792
8230
8754
8191
7030
8052
8324
7540
8336
8234
8358
8733
7864
7971
7991
7813
8246
7936
7442
8322
8057
7882
8451
7070
7961
7420
7111
8554
7871
7016
7573
8308
7626
8619
8220
8027
8246
7256
7422
7837
7313
8306
8102
7641
8686
8402
6970
7894
7968
7046
8336
7907
8297
7513
8021
7674
8765
7570
8095
7109
7638
7464
7461
7184
6935
7744
7856
7449
8034
7737
7772
8516
8113
7232
7903
7983
7000
8154
7651
8128
7905
8019
7323
8257
8476
8520
8384
8795
7415
7372
7167
8290
8478
7861
6716
8081
8381
7594
7294
7646
7402
8422
7718
7815
8743
8354
8375
8731
8494
7694
7459
8565
8095
8940
7970
7676
8748
8254
8455
7705
8221
7633
8214
8287
7714
8558
7538
7487
7167
7288
7551
7469
7169
7365
7061
9048
8290
8532
7454
8255
7226
7210
8134
7177
8359
7697
7353
7741
8412
8272
7782
7557
7572
8194
7825
8437
7611
8563
7671
10419
7730
8405
7790
7629
7304
8859
8575
6996
7542
7277
8512
7490
7975
8115
8599
7989
7779
8890
8261
7731
8864
7726
8292
7652
8251
8166
9000
8310
6876
12049
8192
7851
8815
7495
7758
9006
7289
8239
7644
7507
7313
9072
7879
7922
8897
7853
8636
8157
8295
8036
7293
7566
8453
7735
8400
8509
8011
8452
8674
7855
8071
7097
7598
7511
7895
8264
7974
7851
7733
8480
8061
7620
7994
8428
8071
8392
7088
7979
7816
7954
7777
8544
7826
8645
8430
7411
8810
7184
7446
8713
7207
7442
8035
7358
7102
8758
7934
7465
7711
7357
7571
7578
8153
8238
8273
8912
7687
7067
9056
8317
7968
7828
7697
8329
7912
8116
7805
7613
7144
7211
7628
7125
8601
8435
8487
7632
7688
8374
8656
9242
8161
7369
12128
7841
7140
7788
7662
8562
9048
7089
7253
7905
8324
7437
7840
7174
7413
8620
7053
7567
10266
8261
8337
7851
7515
7192
8348
7476
8497
8052
8253
7745
7594
8054
8112
7683
7082
8074
8820
7599
8334
7740
7259
7851
10812
7629
7534
9238
8805
7860
7797
7610
7923
7670
8274
7430
9244
7738
7808
8881
8008
7890
9086
8651
7104
8216
7370
7995
9314
7891
8597
7765
8113
7150
10121
7971
7311
8721
7955
8612
9241
7707
8595
7600
7210
7417
11493
7113
7416
7671
7591
8441
9026
7368
7451
9258
7242
7307
9699
8109
7261
11376
7667
7126
7368
7455
7732
8389
8589
8487
8815
7792
7110
8072
7939
7057
9041
7725
6976
11296
8056
7912
7779
7863
7008
8825
7901
7409
8201
7725
7969
15966
7882
7772
7595
7613
8402
7607
7823
7390
8500
7439
8660
7254
7806
8781
8017
8061
7536
9273
7626
7361
8380
7361
7029
8817
8112
7568
9276
7774
7075
8852
7853
7153
9025
7819
7531
9270
7642
7969
8243
8149
7137
7900
7795
7623
8994
7937
8477
7558
8232
7388
9146
8436
7127
8479
7334
8189
7996
8432
7939
8251
7147
8330
8213
8337
8374
8446
7794
7046
8072
8314
7085
11266
6949
8363
7766
7872
7199
8785
8499
7292
8779
7976
6970
8649
7639
7768
7778
7366
7459
8852
8487
7833
11619
7011
7975
8861
8238
7569
9396
7984
7646
8593
7759
7912
7573
7921
8272
7968
7425
7548
7952
7824
7797
8868
7238
7680
7708
7748
7667
8203
8354
7403
8654
8594
7891
7760
7767
8077
8413
7779
7883
7910
7741
8255
7720
8635
7230
8003
7334
8214
7719
7671
7343
8079
8082
8007
7168
8541
7271
7307
7715
8240
7252
7117
7407
7772
7850
7052
7386
8118
7989
8036
8074
8475
8656
8165
8200
8140
7357
8309
8177
7110
6975
7800
7535
7217
7184
8394
7307
7056
8066
8435
7614
8179
7977
7343
8410
7092
8518
8342
7760
7452
7722
8066
7772
7774
7034
7567
8578
7772
7012
12971
7945
8517
8309
7779
7518
8463
8383
7378
8560
8111
7484
8414
7351
8117
9610
7592
7174
9271
8334
8233
7309
8494
8574
6974
7142
8477
7901
8237
8294
7320
8624
7463
16382
7735
7415
8180
8405
8123
7808
8071
8113
7609
7930
7661
7697
8410
8168
7343
7186
7440
7847
7246
7448
7675
7206
7551
7626
7839
7553
10215
8216
8437
8610
7820
7282
14512
7726
7357
7945
7897
7928
8474
6982
8585
7454
8015
7248
7551
7873
7156
8350
7871
7875
7800
7898
7343
9393
8019
7221
8938
8248
7328
8433
6948
8641
10913
8370
8213
7803
8163
8446
8436
6892
7362
7651
7948
7353
8874
7456
8512
8834
8655
7818
7550
8337
7127
8176
7364
7658
8496
7317
7568
8657
7381
7590
8395
7546
8358
8184
8050
8503
8424
7671
6988
11162
8174
7530
11601
7185
8459
8313
7928
7012
7635
7214
7984
11250
6959
8172
7925
8294
7873
9233
8073
8598
7204
6939
7656
7969
7589
7019
8280
8036
7249
8744
8406
8358
7781
8088
7538
8899
7921
7470
8328
7540
7751
8707
8565
8048
12411
7375
7873
8261
8789
7622
9010
7191
7668
7631
7046
7864
8059
8055
7667
7635
8326
7208
7493
7269
7657
8367
7112
7687
8358
7955
7179
8494
7468
7679
8158
13492
8051
7957
8184
7051
8111
7635
8358
7831
8703
11787
7594
8478
8352
8231
7616
7117
8246
12720
7397
7129
7472
7834
8656
7937
7061
8024
7176
7507
7374
7230
6826
8540
7974
7936
8109
7358
7430
7947
8721
8138
8640
8565
7403
7820
7586
8225
8523
8297
8480
7339
8070
8103
7914
7575
6926
7626
7671
6909
8171
8197
7385
8762
8185
7670
8221
8056
7677
7262
7503
7149
7371
8412
7229
7112
9034
7470
8646
7179
7567
7126
8541
7450
8649
8805
7943
7787
8135
8056
8604
7558
7802
8418
8170
8308
8015
8634
7209
7854
8136
8032
7431
9244
8014
8471
7904
8123
8422
8025
7556
8461
7956
7360
7974
9417
8129
7486
8836
7859
7286
8837
7586
7155
10307
8394
8072
7808
7726
8282
7386
8669
7615
7417
7875
8119
8585
7650
7891
8679
8177
7987
9061
8599
8040
7558
8758
8200
8742
8149
8020
8764
8569
8123
8176
6989
8553
7594
8258
7961
7789
7110
8514
7706
8595
7827
7223
7290
7816
7758
7707
8448
8951
8401
7934
9218
7376
8262
9175
7902
7509
8637
8041
7864
8892
8515
8526
8597
7114
7159
9316
8195
7373
8063
7893
8194
8011
7735
7046
9256
8201
7380
7456
7936
7316
9282
7851
7298
8535
7935
7540
8414
7935
7465
8687
8258
7016
12020
8010
7610
7980
7566
8438
7576
8189
7829
9024
7168
7424
8713
7194
6987
10013
7670
7091
9834
7509
7715
8857
7619
7554
8953
7908
7086
8879
7982
8774
8719
7808
7288
9112
8084
7218
8988
8026
7052
9131
17233
7023
8072
7632
7965
7794
7995
7691
8374
8241
7309
8394
7040
8750
7689
7626
7651
8196
7474
8189
8189
7500
8118
8439
7784
8454
7788
8772
6989
8338
7933
7209
8290
8083
7169
7564
7437
7557
8699
7619
6959
7812
7976
8462
7834
8148
8472
8358
7951
8612
7866
7578
7363
8010
7277
7438
7695
7664
7287
7412
7241
7348
7189
8128
8040
8693
8071
8443
8163
8660
7094
8648
8855
7969
8224
8197
6986
8260
7675
8298
8294
8798
7654
7564
8210
7994
7408
7800
8162
7872
7562
7320
8343
8133
7328
7168
7541
7767
8287
8445
7688
8244
7612
6978
8041
7394
7101
8041
7489
7605
7917
8094
7184
7826
7136
6925
8114
7296
7812
8473
8974
8597
8039
8333
7380
7595
9035
8698
8176
8098
6965
7857
7517
8589
7907
7940
8285
8017
8461
7035
7984
10567
7965
8487
7959
7712
7050
7597
7215
7859
8683
8215
7494
8721
8501
8217
21761
8133
7839
7534
7297
7933
8056
8548
8338
7860
7494
7451
7171
7787
8715
8544
8193
8182
7792
7196
7912
8801
7072
8439
8288
7649
8612
7343
8042
8390
7193
6856
7769
7492
7153
8499
7548
8359
8214
7573
7369
8060
7512
7585
8090
7763
8225
8178
7717
8318
7740
7754
7565
7634
8742
7861
8777
8912
8451
9140
8133
8043
7337
7571
7579
7048
9033
7310
7611
9042
7588
8002
8918
8205
7215
7882
7569
7388
9750
7277
7107
10092
7241
8601
9348
8504
8171
7599
7636
8535
7648
6888
7252
8175
7969
7664
9230
7656
7085
9188
8336
8042
8594
8041
7508
7989
7583
7194
7808
7749
7253
8794
7895
8445
9102
7101
8837
8384
8189
8248
8223
7756
8439
7416
8344
7970
7840
7427
8308
8338
7245
8536
10953
8007
7745
8339
7079
8237
8805
7646
7090
7575
7925
7632
7740
7822
7251
11177
7775
7841
8567
8587
8599
8736
7514
7459
8106
7397
8151
8259
8234
7872
8433
7207
6914
8690
7636
7275
7046
8738
7165
8037
7315
7937
7929
7067
7349
8245
8318
6968
8082
9005
6943
7222
8479
8118
8232
8010
7579
8848
8470
8128
7519
7897
7495
8028
7856
8420
7759
7835
7605
8775
8089
8478
7569
7030
8347
8075
7947
8032
7572
8938
8093
8025
8793
8140
8021
8886
8411
7942
7389
8207
7974
8208
8564
8009
7441
8208
7783
8640
8538
7834
8032
7776
8128
7417
7853
7956
7914
7300
7553
7762
7359
8286
10906
7351
8665
8382
7550
8369
8574
7260
8395
9128
7875
8176
9276
7701
8072
8205
8153
7440
8497
7815
8631
8486
7061
8487
8953
7271
7594
8037
7503
7471
8069
8256
8223
8538
7486
7294
9106
8482
8203
7692
7573
8092
10143
7815
7160
10972
7475
8181
8333
8022
8461
9072
7239
7794
8590
7235
8517
7825
8078
7317
9253
7289
7264
8616
8215
7744
7709
8404
8538
7976
7933
7813
7663
8010
8543
8365
7793
7708
9121
7866
7876
8499
8238
8071
8121
7060
8636
7302
8135
8461
8054
8499
8113
7609
7047
7155
7734
8796
7994
8876
8075
7100
8805
7990
6961
11389
8023
7148
12827
8036
7114
7841
7188
8730
8467
8297
7251
7989
8304
7148
9602
8393
7376
7939
7686
7528
7930
8143
7630
9259
7850
7938
7815
7610
7573
10543
7651
8502
7591
7731
8179
9049
8636
7350
7776
7578
8503
8618
8369
8178
10947
7691
8274
7978
7893
8421
7660
7951
7798
7662
7065
8064
7585
8014
7703
7592
8657
8136
7657
7810
7133
8232
8354
7851
8632
8099
7699
7710
7991
7436
8533
8561
8008
8149
8705
8023
8056
7088
7873
8428
7187
7571
8036
7802
7734
8656
8317
7611
10927
7249
7813
9197
7474
8214
8505
7466
7402
8087
7792
7782
8335
8554
8479
7562
7435
7184
7994
7969
8343
7889
7986
8329
7799
7461
7531
8776
8714
7651
8394
7578
7221
8733
7418
6944
7964
7005
8244
7712
8482
7020
8283
7471
7052
7689
7288
8726
8191
7770
8370
7676
8373
8132
7186
7398
7247
7584
7697
7905
7839
7958
8297
8062
8507
7514
8043
9244
7529
7798
9526
8191
7646
7747
7821
7462
9531
7163
8269
8938
7964
8532
8977
7999
6906
7682
8015
8102
8652
7028
7918
9041
8401
8218
8871
8275
7720
7338
8590
7943
8641
8143
7959
7958
8339
7448
8829
8555
8012
7431
7089
8744
8324
7836
7164
9135
7689
7307
8787
7883
7087
8419
8797
7693
8147
8011
8484
8133
8554
7888
9888
7820
7671
8018
7150
8068
9562
8666
7675
7933
7896
8530
9069
7841
8478
7804
7969
8700
7852
7723
6932
9713
7151
8461
9077
7594
7271
7354
8540
8003
7138
8047
8573
8138
7928
7716
7595
7114
7070
10005
7815
7382
8472
8173
8077
8374
7336
6975
9264
7087
7693
9092
7431
6949
9569
8174
7258
19548
7071
8398
7331
7978
7182
8136
7872
8648
8097
6874
8664
8448
8041
7953
8594
8123
7140
7832
7050
8057
7391
7542
8858
7792
8437
7821
9150
8174
7459
7517
7998
7353
8222
8054
7922
8397
8561
7413
7492
7375
8559
8173
7006
7830
7903
7248
8431
10544
7355
7789
10320
7041
8615
7757
7506
7246
7496
8062
7630
8751
7261
8121
10514
8651
7794
7511
7958
8681
8794
7301
8348
7657
8517
8296
7900
8224
7291
7770
8272
6990
8439
7991
8183
7583
8145
8287
7278
7887
7186
9234
8692
7911
9578
7959
8686
9385
7856
7717
8225
8291
8039
7413
7365
9924
8569
8530
7886
7680
7586
8417
7777
8587
8430
8180
7282
8373
8427
8197
8139
8354
8413
7230
7745
8133
8241
7874
7811
8568
7254
7564
7958
7437
7712
7596
7210
7479
7207
7973
7486
7764
7994
7212
7454
8274
7862
7656
8447
7702
7343
7456
8653
7345
7827
7190
7652
8131
7427
7104
7597
8049
8224
7940
7555
8525
8184
7476
7280
7150
12077
7148
8698
9155
7201
7665
9177
7517
7202
9051
7372
7123
9107
7248
8122
7123
7412
8123
9325
7938
7225
8956
7793
7356
7205
8181
8158
21288
7674
7421
7593
7805
7589
7645
7312
7855
7110
7435
8794
7282
8352
7692
7353
7953
7641
7140
8401
7692
8406
7976
7351
8482
8173
7707
7535
7516
7905
7208
8353
7773
8974
8553
7783
7400
7992
8240
9175
8428
7952
9015
7904
7070
8830
7781
7295
7814
8586
7317
7395
7929
7554
7287
8148
7553
9167
8146
7587
8577
7993
7279
9891
7732
8153
8886
7083
7111
9102
7374
7573
8639
8294
8056
7852
8562
7271
7523
8150
8010
11157
7779
8619
9200
7370
8443
8875
8032
7227
9297
7523
7215
8878
7629
7750
8628
8378
8612
7642
7116
8373
9068
7513
8440
9497
7341
8044
8637
8525
7110
9123
7224
8920
8076
7529
8222
8578
7752
8246
8080
8524
8541
8105
8718
7431
8504
8145
8041
7723
8425
7921
7211
8025
8256
8711
7610
8589
7908
7155
8200
7582
7272
7407
9056
7133
7569
7393
7578
7435
9516
7198
7494
8277
7900
7411
10236
7112
7172
9517
7319
7188
9812
8214
8053
7751
8267
8197
9995
7779
7737
9122
8516
8720
9104
7747
7861
9261
7590
7196
8169
8398
8497
7387
7456
8495
9278
7983
8797
8528
8236
7747
8194
7256
7943
7379
7981
8659
7380
8138
7552
7835
7798
8313
8626
8239
7554
7812
7875
8598
8087
7854
6919
8295
8374
8187
8397
7209
7200
7889
7874
6979
7748
8024
8441
7085
7430
7651
7872
7854
7178
8084
7668
8244
8133
7616
7199
8663
7788
7593
7167
7708
7429
8626
7214
7940
7131
7630
8023
8566
7645
6984
8386
7631
7873
8387
7995
7564
8210
7430
7802
7333
7620
8191
7993
7544
8276
7610
7919
7129
7901
8985
7244
7113
9338
7478
7941
7466
7076
7853
9112
7238
7815
10078
8512
7030
8482
7640
7080
8044
7434
7647
8174
8170
7205
12810
7516
8282
8651
7138
7769
8919
8380
8240
7785
7187
7272
7407
8218
7513
10131
7731
8246
8687
7370
7186
8824
7515
8660
10067
6988
7663
8713
8472
7219
7858
7651
8532
7812
7757
8193
8339
7606
7110
7808
8090
7732
8205
8239
8085
8061
7356
7671
13472
8415
7029
7756
7507
7051
8101
8467
7230
8335
7912
8211
8305
8164
8178
9274
7040
7171
11356
8350
7527
7545
7656
7311
9584
7731
7135
9170
7972
7053
9251
7537
7374
12302
7936
7892
8265
8333
7329
7535
8554
7338
8144
9607
8064
7246
8070
7429
9127
7728
8287
20830
7835
7712
8072
7377
8171
8010
7948
8455
7654
8313
8278
8441
7327
8588
8097
7721
7851
8159
6988
7321
7960
8256
7953
7777
7430
7882
7449
8479
7312
7020
8329
8087
8540
7860
8816
7834
7884
7794
7719
7156
8075
7395
7085
8417
7124
7965
7153
8035
7447
8148
8636
7638
7539
7677
8076
7610
9319
8141
7353
9102
7774
8111
8918
7815
7992
9238
7418
8016
8411
7410
7086
8843
7856
8669
8947
8167
7804
7250
8001
8410
8329
7990
8476
8397
8514
7816
7219
7867
8022
8747
8295
7488
8560
8477
7466
7795
7792
7735
10811
8232
8343
7660
7254
7134
8103
8030
8352
8182
8156
7610
8549
7848
7261
8306
7812
7864
8652
7789
7615
7919
7810
7530
7953
7169
6967
7691
7348
8374
7770
7429
6941
7794
8617
6891
8239
8817
7834
8356
8213
7970
8050
8034
8279
8013
8697
8623
8102
7249
6999
8317
7173
8508
8513
8634
7228
8324
7614
7418
7825
7813
7742
8323
7615
7446
7250
7895
8029
8153
7784
8693
7143
8413
7763
8005
7179
7832
7993
9154
7183
8102
7592
8232
7394
8709
7687
7666
8817
7631
8695
7818
7543
8122
8417
8235
8087
8704
7059
7959
8847
7952
8285
7548
7133
8051
9361
8138
8174
7918
7641
7261
9061
8228
7101
11143
7553
8361
7656
7818
7610
7488
7174
7765
8622
8485
8112
7888
7764
7592
11339
8395
7293
8060
7772
7844
10742
7230
8493
7556
7767
8225
7805
8002
8428
8800
7765
8369
7926
7931
8579
8333
7691
8157
9161
7211
7483
7774
7594
8420
10271
8295
7237
8550
7624
8369
8085
7392
8414
8998
7558
8479
9179
7472
7215
8942
7527
7778
7661
8566
7167
8674
7712
7309
8487
7570
7198
8859
7891
7516
9355
8146
7033
8010
7413
7374
11038
7660
7110
8561
7270
7957
9101
8333
7047
8391
8979
8748
8160
8220
7834
7808
7430
8252
8873
8374
7758
7225
6909
8183
7663
8023
7039
9328
7337
7935
9441
7543
7646
9466
7299
8652
7775
7035
8378
9418
7292
7108
9622
7995
7291
8642
7646
7751
9678
7789
7509
10041
8203
7216
11574
7659
7009
8026
8001
7495
8835
7812
8542
9759
7013
7958
7915
8253
8015
8464
8137
8139
7841
7335
7646
9893
7594
8264
8817
7208
8271
8384
7116
8422
8435
7517
7201
10052
7191
7668
8845
8782
7838
7663
8255
8343
7764
8212
8169
8870
7378
7655
7893
8713
7953
7569
8830
7540
7271
6849
7023
8054
7715
8244
7684
7802
7030
7890
8032
7454
7768
7161
8070
8110
7347
7188
8076
7610
7958
8056
8364
7171
7992
8334
7687
7348
7588
7932
8053
8294
7643
8179
7911
8371
8320
8439
8268
8534
8016
7589
8297
8566
7817
7528
8505
7710
8000
8264
8301
7489
7671
7144
8223
8423
7346
8672
8413
8369
8414
7218
7674
8317
8652
7710
8391
10021
8338
7352
7109
7328
8164
8318
7924
8318
7001
7147
8357
8035
8249
7954
7394
8307
8335
7289
7800
8348
8309
7463
7379
7043
7917
7037
7882
7801
8568
18142
7715
7978
8227
7523
7254
7818
7503
8792
7797
8099
7176
7177
7583
8197
7594
7919
7632
7251
8387
7876
8702
8394
8435
7546
7193
8117
8919
8211
7990
7306
7175
7604
7898
8466
8616
8852
8197
7609
8118
8290
8641
7357
7934
8373
7189
7869
7967
8805
8253
7627
7581
8774
7158
8029
8348
7831
8783
8648
7315
9494
7156
8517
8239
7716
7789
8123
7811
7666
9656
7460
8041
10178
7191
7161
8587
7290
8299
9645
7018
8059
8093
8396
7815
8140
8762
7718
7847
8150
7476
8288
7976
7192
10608
7652
8364
9229
7369
8866
7154
8132
8502
7798
7418
7936
7876
8512
7912
7661
8753
7608
7866
8191
7090
8651
8611
7763
8418
8282
8175
7714
7237
7790
8376
7912
7916
8501
8100
7041
20475
8362
7144
7561
7650
8664
8545
7928
7668
7430
7672
8209
7712
7875
7830
7292
8276
7622
8165
7233
8413
7947
8419
7740
7400
7868
8758
7612
7131
7892
7586
7065
7138
8451
7625
7215
9123
8179
8212
8707
8098
7669
9138
8168
8355
7893
8014
7251
8091
8075
7259
8455
7982
8263
9159
7273
8574
8635
8409
7932
7542
7656
8191
9002
8033
7833
7846
7744
7696
8241
8521
7769
7866
7659
8389
7492
8428
8428
8566
7410
7738
8484
7338
7443
7808
7280
7399
7200
7207
7807
7455
7500
7404
8676
7656
7639
7374
7499
7827
8707
7331
8202
7721
7344
7714
8222
7972
7684
8193
8453
7632
7795
8610
7971
7947
7625
8596
8305
7612
8238
8337
8231
7132
7381
8621
7772
8236
8435
7522
8394
8625
7181
7425
8116
7437
8124
7450
8010
7711
8021
8254
7770
9235
7703
7651
8608
7733
7746
7087
8577
7370
8806
8033
7900
8466
8194
7931
9101
7476
8357
8193
7570
8675
7802
7113
8231
10144
7451
8434
7394
8199
8569
8330
7837
7676
8970
7392
8577
8582
7893
7293
8552
7965
8474
9482
7897
7753
9000
7152
8764
8434
8364
8136
8492
8435
8361
22805
7067
7038
7126
8235
7965
7626
8533
8099
7270
8243
7743
7511
8516
7813
8692
8208
7911
7179
7453
7370
7175
8337
7819
8617
8587
7509
7276
7969
7604
7089
6994
7982
7428
8216
7405
8584
8143
7564
7704
7553
8058
7495
7889
7604
7271
6983
8092
6750
7696
7492
7610
8218
7762
9064
7869
7635
8812
8638
7952
7705
7314
7191
10993
7482
7180
11259
7700
8256
8173
6994
7836
8282
8234
7371
8751
8195
8716
7629
8007
8057
7949
8672
7571
7696
7629
8711
7736
7314
7743
8825
7796
8148
8873
8165
7346
8121
8303
7252
9081
8476
7805
7555
7557
7251
8174
8379
7492
8996
7241
7337
8778
7976
8564
8920
8318
8640
8816
7812
8572
7553
7642
7738
8038
6962
7410
9153
8548
8114
8280
8333
7665
8908
8493
8455
8769
7476
7569
9073
7936
7956
7254
7630
7382
7376
8433
8216
7517
7634
7984
8255
8502
8721
7553
7692
8538
7173
7916
8030
7601
7553
7798
8335
7410
8289
7826
7940
7611
7758
8679
8554
8498
8136
7721
8495
7903
7879
8532
7322
7517
8501
8020
7327
7443
7296
7393
8233
7758
7064
8185
7833
6942
7811
8698
8229
8501
8353
7178
7478
7508
8151
8452
7246
7890
8248
8553
7630
8587
8158
7846
8739
8805
7686
8800
7640
7508
7141
7428
7702
7188
8560
7118
8576
8338
7234
7715
7384
8290
8178
7286
7794
8164
7594
7045
7992
7310
7647
8312
7233
7009
7497
7470
7076
7630
7618
7745
7052
7672
8213
7558
7189
7037
7652
7473
7374
7387
8880
8433
7957
7568
8131
7892
7974
7403
8379
10666
7676
8092
7533
7356
8246
10937
8304
8060
8157
7132
8628
9061
7774
7079
7638
7758
7027
8435
7553
7991
8974
7008
7854
8081
8641
7711
8584
7589
7052
8807
7085
7150
11891
7580
7000
12061
7208
7360
9327
7657
6984
8707
7232
7056
8495
7782
8238
8597
8413
7795
7589
7637
7405
10140
7421
7389
10270
6988
8287
10543
7591
7722
9118
7362
7752
7877
7649
7227
10823
8095
8351
7622
7202
7912
8635
8678
7929
8828
8046
7988
8210
8326
6812
8000
7319
7230
11647
8051
8534
9098
7146
7187
7576
8614
8097
9306
7935
7184
8013
7667
7306
8419
7760
7165
9200
7977
7845
7715
8368
7892
7380
7241
8035
10850
7095
7701
8913
7456
7158
8772
7818
7778
9678
7353
8444
7857
7087
8123
21769
7846
7993
8573
8434
7952
8115
7170
8169
8188
8241
8455
8430
7724
7290
8730
6891
8223
7349
7678
7469
7801
8533
8179
7956
7984
7292
7667
7579
7230
8657
7748
7139
7810
7372
7497
7053
8051
7410
8313
6942
8638
8728
7297
8651
23159
8317
7566
7215
8056
8502
8092
7975
7117
7861
8395
7671
7249
7339
8334
7653
7940
8207
7877
8015
7471
7900
8164
7038
7984
7507
6966
8072
7495
6979
8402
10269
7681
8208
7754
7050
7918
7810
7681
8106
7228
7901
7692
7958
7442
8698
7359
7893
7311
7503
8681
7641
7527
7835
8699
8073
7602
7143
7827
7450
7418
7459
7620
7279
7802
8336
8612
7283
7830
8103
8521
7892
8260
7912
8241
7862
8146
6957
7453
7553
7418
8015
9430
7389
8228
9163
7891
7108
8625
8461
7333
9008
7667
7920
9017
7982
7059
8841
7570
7814
8944
7030
8336
7410
8012
7953
7381
8636
8387
7442
8366
8435
9066
8082
7155
9441
8051
8557
8833
7952
7239
8000
7932
8655
9043
8507
7461
9109
7574
8037
8083
8037
7758
7407
7856
8158
8449
8501
7882
7790
7997
7726
7964
7036
7905
7618
8036
7080
11741
8026
7138
7594
7556
7853
9881
8681
8057
8034
8117
8087
9297
7738
8239
7739
7640
7027
8417
8497
7797
7944
8348
7925
7572
8523
8529
7675
8064
8349
8034
7930
8073
7535
7048
7769
7689
7297
8194
10826
7818
7176
25656
7146
7063
7878
8388
7312
7383
8395
8079
7164
7762
7141
8320
7127
8195
7579
6992
7909
7359
7374
8632
7552
7796
8223
7895
7291
8294
7971
7343
8350
7856
8214
7195
8193
8093
8641
8527
7209
7879
7641
7292
8539
8094
8415
7919
8825
7053
8309
7209
6993
8350
9066
8641
8382
8380
6910
8112
7512
7746
8552
8263
7302
7740
8963
7364
7800
7842
7369
8232
10961
7480
7946
8381
7218
8274
9039
7697
7244
7969
7234
7603
7729
8387
7856
8800
7522
7096
7682
7260
8225
10605
8185
7135
10382
7866
8524
8822
7782
7074
7459
7946
7018
9822
8335
7871
7517
7882
7730
8203
7764
7001
7469
8319
6933
11624
8154
7937
7822
8145
8672
8171
7896
7630
7993
8621
7369
7166
7553
7617
7803
7754
8022
8466
8182
8503
7376
7630
7413
8092
7497
8301
7588
7266
7136
8216
8705
7410
8000
8036
7850
7743
8136
7599
8408
7499
7987
8139
7642
7355
8738
7241
7964
7652
7587
8717
8087
7660
8456
8274
7564
8494
7914
7668
7230
8276
7161
7813
7379
7471
7578
7406
7975
7870
7297
7906
8586
7325
7389
7310
7627
9109
7479
7248
9138
7454
8397
8607
8095
7810
7299
7286
7931
7773
8540
7973
8276
8033
7711
8822
8665
7894
8034
8269
7590
8619
7511
7473
7389
7890
8027
9046
7379
7912
9032
7859
7106
7958
8314
7910
9380
7976
7162
8287
7812
7512
7956
7591
8390
11309
6926
8245
7943
7214
7661
10184
6990
8460
8894
7281
7827
9199
7186
8555
8444
8204
7717
9061
8194
7996
8035
8589
7712
7947
7346
8221
7891
8304
8272
9016
8339
8482
7841
7579
8217
8375
7954
7055
8093
7870
7179
7958
8287
7579
9542
7982
8294
9402
7580
8259
9070
8558
7529
8900
8234
7812
7839
8292
8175
8552
8056
8140
8251
6913
7391
8584
7458
7111
7596
7131
8073
7451
7766
7961
10649
8185
8201
10052
7656
7560
8187
8543
7911
7486
7544
8343
11243
7953
8120
7793
8535
7810
8814
8324
7653
7193
7304
7930
8087
7235
7535
9010
7996
7353
8262
7614
7109
7870
8468
8327
9157
8254
8032
7552
7245
7783
7723
8868
7158
8615
8455
8052
8874
8609
7951
7946
8710
8252
9466
8591
7255
7809
7870
7190
9560
8104
7506
7591
8338
8279
8369
8322
8152
7553
7860
8229
7613
8303
7494
8754
7731
8432
8066
7776
7638
8892
8040
7870
8852
7090
8193
9159
7844
8312
11092
8011
8400
7398
7161
8470
7743
7979
8507
7817
8547
8002
7614
7249
7894
8760
8076
7733
8457
8173
6987
8260
8352
8393
7718
7192
8489
7835
8497
7673
8176
7171
8348
8066
7928
7050
8638
7889
7057
7252
7861
8457
8109
8165
7789
7712
8374
8101
8258
7404
8341
8190
8051
7989
8414
7692
7515
8171
8593
7639
7172
8062
7904
8722
8289
7620
7675
7362
7771
8780
7962
7885
7481
7450
7593
8574
7856
7589
7178
7962
7977
8502
7403
7720
8613
7128
7957
7159
8208
7753
7912
7370
8451
8068
7658
8220
7941
7355
8269
8294
7199
8210
7977
7940
7965
8215
7598
8129
7809
7211
8355
8015
8763
7602
7585
7205
7735
8639
7210
7810
8563
7277
7477
8548
7571
8041
7935
7309
8015
8281
7674
8504
7080
8438
7433
7890
7533
7596
7873
12055
7370
7234
10224
8474
8448
7849
7688
8462
7629
8150
7033
8235
7755
8470
9423
7929
7117
8873
7435
7569
7686
8532
7993
8381
7299
8648
8463
8386
8012
7774
8017
7669
8944
8494
7870
7902
8420
8053
7642
7943
8458
7816
8074
8596
7801
7876
7812
26118
7235
7635
7909
7896
8211
7835
7429
8516
7240
7487
8120
8236
8112
8321
7799
7658
8474
7461
8256
7973
8575
7420
7377
8410
7328
8277
8554
7333
7790
8156
7433
8000
7533
7158
7492
8153
7577
7051
10611
8192
7069
7398
8376
7812
8375
7955
7134
9858
7496
7128
7936
7966
7374
12195
7008
7879
9855
8635
7594
8211
7543
7819
7784
8229
7818
8104
7442
8174
9334
8210
7300
8940
7851
7533
8336
8355
7489
8958
7880
8435
9302
8151
8245
8407
6931
7837
7871
8200
7530
7765
8317
7808
8455
8449
6896
8238
8484
7625
9036
7854
7142
8314
7329
8187
12487
8301
8378
7345
8516
8196
7483
8402
7876
8568
8018
7836
7457
7591
8191
8569
7512
7889
22753
7791
8210
7512
7714
7508
8109
7179
7966
7674
7211
8071
8528
7765
7684
7261
7721
7761
7528
8217
7832
7183
7166
8132
7272
8359
7488
8506
7758
7231
7523
8230
8552
7822
8625
7220
8526
7974
8097
7929
8370
6946
7855
8130
8315
7781
7178
8152
7967
7697
8194
8379
7439
7969
7789
7717
7378
7642
7411
8715
8238
8667
7345
7276
7384
7480
8107
8107
7452
7483
8355
7637
7389
7352
8558
7610
7332
7017
8404
8333
8071
7469
8071
8279
8271
8630
7187
7659
7912
7174
8256
7954
7374
8043
7994
7041
8754
7290
8336
8319
8058
8133
7617
7686
7741
7656
8110
7990
7578
7158
8455
8397
17868
8384
7196
7785
7191
8000
7342
7373
8616
7048
7128
7310
8016
8391
8061
7990
7831
7871
8395
6979
8068
7862
8784
7881
7234
7323
7638
9056
7564
7994
7808
7866
8556
8132
7020
7835
8968
8028
8129
8333
7820
7334
7794
8020
8532
7596
6924
8485
9835
8130
7579
7710
7832
8525
8174
8080
8676
8197
7682
8761
8017
7594
8336
7081
8456
8073
7055
7928
7836
7801
7953
8035
8929
8049
7276
10556
8037
9477
7671
7859
7235
7698
7972
8096
7792
6917
8276
7514
8195
8562
7591
7046
8372
9699
7851
7512
9230
7613
8393
9179
7686
7266
10764
8543
7397
8472
7692
8910
7309
7610
8114
7126
7272
7243
7510
7253
8343
9046
8618
7929
9045
7672
7290
11969
8349
8096
7740
8181
7226
8502
7019
7797
7371
7282
8172
9153
7391
7858
7717
7645
8338
8651
7991
8143
7567
8449
8071
7701
7896
7048
11562
7473
8019
9154
8242
8133
7462
8472
8106
11618
7048
7870
7634
7288
8297
8217
8361
8521
7964
7363
8342
7909
7591
7590
6938
7767
7455
8109
8420
8190
7824
7409
6949
8229
7215
7323
8218
7812
7912
8656
7913
8230
8256
8640
6988
8011
7750
6878
8498
7395
6900
8638
7700
7850
7348
7477
7562
7957
8600
8272
8394
7363
7398
8162
7943
7667
7673
7080
8361
7769
8013
8615
7548
7269
7803
7794
6996
8125
7079
9143
7732
8492
8058
7814
8386
9025
8518
7428
8592
8026
7287
10698
7866
7570
8424
7943
7730
7885
8392
8090
7182
8234
7994
7641
8155
8024
8001
7966
8457
7691
8257
7466
9160
8054
7347
8550
7882
7953
8374
8247
7974
7660
8324
7581
7898
8279
7889
9098
8101
8615
8164
8676
8674
8307
7533
7598
8270
8184
7897
7926
8344
7834
8084
8205
7983
9059
7146
8296
9573
7476
8592
8033
7986
7032
8041
8271
7358
9128
8194
7934
8231
7861
7891
9215
8555
8215
8772
7525
7860
9241
8280
8420
7702
7670
8333
9242
7550
7793
7616
8610
8052
7764
8400
8009
8620
7041
7663
8882
8174
8415
9161
7941
7473
9079
7290
8641
9216
7331
8485
7781
7385
7189
9075
7864
7628
7981
8331
7994
9152
7227
8176
7783
8737
7451
8292
8231
7456
7732
7225
7950
8246
7920
7675
7932
7336
7891
9025
7609
7803
8774
8387
7684
7712
8055
7312
10419
8158
7710
7814
7335
7260
8615
7947
6997
20705
7548
7112
8620
7494
8517
7630
7365
7145
8435
7314
8015
8049
8154
8505
8645
8224
8288
8715
7811
8380
7779
8404
7677
8442
7726
7384
7808
7292
7702
7389
7502
8277
7467
8522
7834
7451
7712
7558
8936
7817
8238
7522
7644
8579
8151
7225
7593
8205
8401
7832
7728
7363
8480
8428
8342
8105
8494
8502
8507
10164
8233
7142
7742
7659
8294
8463
7729
7047
8817
7713
8003
7640
7731
8174
7938
8318
7312
7736
8016
8759
8240
6989
8456
8103
8241
7012
8354
7528
7307
8316
8579
7726
8578
7488
8402
8064
7943
7597
7351
8661
8007
8553
7249
7380
8778
7515
7637
8635
8205
7814
7241
7753
7261
8716
8589
8136
7900
7974
7506
8276
7681
7172
8663
8035
7904
7181
7246
7745
8686
7582
7899
9020
7911
7755
8338
8020
7020
8121
7861
8558
7589
8671
7932
7634
7583
8178
7111
8191
8663
7310
8887
7849
8687
9314
8063
8517
7677
7793
8433
7871
7864
8353
7411
7865
8514
7853
7921
7079
8370
8398
7187
9206
7877
7297
7381
7134
8717
8209
7374
7873
7915
7172
8051
8181
8220
7002
9661
7075
7723
8902
8127
8112
8659
8230
7619
23112
7841
7912
7640
8135
8667
7768
8133
7555
7229
7562
8110
7771
7406
8556
7230
8046
8160
8645
8498
7601
8046
7179
8297
7696
7567
8417
7944
6913
8492
7732
7776
8471
7756
8227
8418
7656
7933
7647
7643
7452
8639
8640
8169
8223
15970
7665
7341
7328
8191
8675
7517
8170
7306
7739
7767
8637
7708
7479
8590
7320
8196
7883
7205
8691
7922
7965
7571
8418
8183
8215
7968
7393
7267
8071
7500
8538
8587
8058
7834
7386
7393
8131
8763
7749
8044
8112
8207
6987
8644
8558
7860
8256
8715
8420
7102
8503
7357
8114
7970
8211
7817
7640
8342
8415
7493
8364
8254
7448
7201
7899
7624
7281
8141
8054
7385
8207
8194
8410
7104
8329
7639
8659
8313
8392
8808
7539
7778
7296
8876
8501
8066
7653
7214
8430
7810
8439
7933
7235
8364
8314
7666
7634
7838
7683
8022
7163
8989
7714
7197
9324
7915
7494
7825
8403
7523
10784
7503
8462
8953
7767
7986
8428
8390
7466
9237
7579
7175
8697
8509
7771
8151
7515
8536
8165
8051
8305
7901
7937
7558
8475
7174
7976
7794
7410
8195
7907
7870
8229
7956
7737
8468
7989
7716
7305
7697
7799
8553
8134
7650
6927
7541
7083
7005
8425
8323
8497
7178
7186
7417
8476
8712
7135
8458
7892
7857
8753
7269
8221
7110
7420
7073
8235
8433
8348
7223
8096
8451
7258
8959
8226
7306
9099
7994
7040
8447
7888
8451
8152
8256
8201
8020
8300
8496
8206
7909
8560
7832
8020
7733
7635
7676
7743
8092
7911
8611
8805
8316
8668
7708
7908
7589
9215
7051
7442
7664
7412
7954
7746
8609
8516
8343
8381
8090
7701
7226
8466
9196
7319
6984
9478
7711
7356
10671
7798
8475
9560
7961
7076
9241
7760
8420
8605
8221
7630
7586
8101
7625
7958
8176
7409
7994
8217
7393
9297
8549
7576
7858
8616
8454
8036
7212
7968
8059
7267
8496
8979
8200
8528
8031
7051
7676
9732
8013
7305
8980
7857
7389
7815
8547
8008
9435
7955
7564
9276
7847
7270
8654
8357
7635
9622
8210
7018
8396
7912
7597
8639
7794
7930
8582
7727
7369
7727
7410
7534
7815
7253
8082
10304
8005
8434
7632
7123
8014
8109
8348
8955
7610
8446
7986
7698
7150
8258
9317
7233
8162
9347
7718
8295
8636
7756
8188
7954
6967
8478
11733
9086
7492
8393
7732
7375
9032
8518
8221
7750
7079
7532
8050
8465
8577
8665
8554
7987
7928
7233
7343
7612
7835
7303
9983
7912
7392
8602
7985
7798
8448
7636
7271
9056
8156
7110
9528
7593
8348
10044
8080
7329
8738
8239
8482
7107
7189
8263
10866
7389
8200
7348
6972
8578
8342
7933
8282
7627
7586
8421
7574
8186
7788
8816
7815
7189
27845
8437
7519
7224
7331
8424
8419
8073
7732
7355
6972
7408
7919
7891
8479
7537
7668
7911
8736
8842
7261
7122
7194
8388
8210
8087
8372
7597
6887
8253
8276
7741
7273
7860
7715
7045
8131
8189
7991
8651
7835
7727
8237
7662
7552
8574
7413
7815
7699
7874
8082
8114
7935
7194
8234
7567
7989
7363
7998
8257
8113
7838
8280
8058
8064
8375
8270
7833
8217
7948
7312
7780
7237
7395
8380
7209
8599
7184
8374
7712
7693
8591
7400
7720
8326
8521
7227
8158
7864
7951
8806
7374
8215
8556
8232
7400
7105
7989
8385
8442
7813
8174
8472
7088
7887
8338
7512
8015
8188
8841
8010
7112
8533
7699
7943
8897
7210
7215
9255
7748
7073
8479
7050
7125
11751
8081
7843
7301
8339
8203
7488
6984
8488
8838
8134
8459
9194
7596
8186
8757
7883
7492
8258
7128
8160
8269
8052
8176
7312
7637
7784
7592
7622
7056
7956
7128
7774
10432
7567
7972
8419
8340
7923
9048
7850
8303
7673
8440
8000
8780
7512
7296
8662
7854
7064
9240
7568
8470
12269
8275
8282
7771
6960
8043
8204
8474
7889
9065
6905
7507
7427
7993
7743
8834
8095
7449
8925
7872
8356
7556
7846
8263
8934
8287
8353
7531
6935
8466
8051
8237
7192
8902
7148
8016
9057
8540
6864
9165
7763
8056
9337
8121
7311
8062
7958
8169
8556
8083
7138
9456
8094
8249
7651
7336
8255
10025
7185
7590
8133
7078
8269
8841
7753
7018
8394
7976
7659
8057
7087
6981
9428
7316
8382
10628
8089
8263
7733
7272
8114
7966
8579
7528
11364
7627
8475
7679
7861
7040
8084
7810
7128
8658
7106
7175
8053
8374
8138
9609
8053
8199
8400
8442
7714
7957
8235
8156
8779
8361
8035
7591
7212
7943
8514
8362
7978
8616
8441
7724
7577
7831
7202
10634
7579
7267
8989
7057
8487
8009
7379
7176
8466
7537
7049
7125
8175
7792
8235
7571
7996
7816
7310
8284
8291
8673
6979
8100
7833
7352
7069
7810
8153
8466
8315
7403
7720
7963
7848
8497
7394
7750
7973
7228
7770
7166
7755
7756
8080
7560
8001
8122
8692
7543
8389
7281
7181
8201
8073
8497
8398
7827
8123
8497
8102
8195
7868
7090
6871
8617
7777
8338
7984
7590
6896
7230
8665
7299
7821
9222
7493
7442
9883
7984
7360
7553
8072
8572
8452
8133
8261
9009
7668
8466
9036
7587
7285
7501
8412
8445
9299
7682
8639
7498
7538
8383
8514
7964
8538
7215
7882
7342
8872
7918
8494
8299
7630
7828
8641
8482
7753
7374
8452
7927
8302
8134
8317
7894
8389
7808
7601
8459
8312
9009
7450
7389
7589
8049
7707
9645
8520
7237
10517
7076
8180
7558
8256
7071
9173
8338
8606
7602
7097
7917
8358
7106
8436
7778
8492
8484
7501
8090
8320
7802
7579
8164
9041
8313
7972
9578
7665
7941
8535
8160
7873
8170
8701
8052
7457
8649
8001
8638
7069
7834
7508
7806
7753
8066
8036
8049
7843
7618
7625
9415
7493
7098
12697
7980
8674
7394
7394
7336
9252
7429
7416
8269
7860
7153
8307
7893
8284
7746
8373
8486
7529
8597
7038
9343
7225
7267
14066
7585
6968
8538
7061
7792
8964
7984
8074
9284
7686
7050
7187
8044
8584
8823
7771
7827
8787
8051
7238
7569
8215
7049
8836
8255
8307
8250
8524
8100
7757
8272
8240
8006
7097
7830
8997
7686
7609
9117
7771
7191
9279
7802
7773
7796
8211
7784
8244
8087
7851
7918
8278
8348
21434
7887
7634
7975
7952
8898
7941
7573
7251
8145
6747
8404
7653
8158
7170
7874
7394
7373
7458
7631
7846
7195
7412
8359
7118
8802
7697
8574
7514
6944
7508
7952
7551
7820
7707
7548
8442
7655
7701
8019
8251
7524
7907
7765
7071
7972
7397
7086
7118
8158
8088
8135
7982
7574
7454
7425
7859
8294
8218
6989
8352
7324
7073
7096
7956
7061
7911
7929
7169
8162
8433
7491
7836
8549
7024
7768
10143
7148
7872
7950
7266
7456
8622
7048
8055
10188
8041
8281
7768
7922
7120
8753
7960
7826
7148
7653
7361
7695
8497
7770
8647
8100
7234
7558
7793
8343
9230
7102
8491
8395
8150
7288
9200
7739
8128
8432
8095
8167
7495
7277
7734
10512
7270
7309
7876
8605
8573
9028
7810
7297
8891
7742
7476
9559
8352
7233
8885
6970
8566
7708
7032
6889
8060
8581
8278
8651
7902
8487
7879
8177
6928
11069
7861
7058
9879
8194
7035
10030
8177
7401
9082
8209
7640
7500
8318
8625
7717
8295
7776
6784
7933
8277
8178
7119
7866
10203
6979
8119
7156
7021
7211
12790
7233
8030
8351
8309
8055
8148
7478
10133
8428
8514
8042
8584
7528
7066
20665
7601
7407
8035
7713
7552
8148
8143
8415
7121
7387
8276
7831
7052
7224
7644
7743
7768
7559
6986
8277
7851
7943
7075
7276
8263
9149
7050
8008
8010
7236
8513
8596
7547
8099
8513
7883
7795
7019
8635
7769
7071
7458
7788
7492
7713
7678
7191
8660
7282
8061
7701
8333
8238
7519
7872
8205
9678
8596
8014
7779
8223
8400
8211
7892
7972
9917
7833
8676
7912
8505
8521
7489
7579
7506
8594
8198
7293
9194
7410
7718
7601
8403
8225
7611
7140
7747
9189
7131
7534
12298
8109
8112
7954
7541
6954
8901
7474
8082
9060
8733
7728
7234
8238
7776
8219
8675
7937
7810
7289
8064
8703
8493
7666
9061
7762
7679
8993
7943
8370
8953
8020
8318
7748
8672
8148
8334
7446
8527
8117
7589
8199
7121
8635
8300
8186
7767
8613
7989
8417
8194
7957
8691
7133
8731
7627
7432
7740
7599
7919
8447
8005
6973
7897
7595
8002
7456
7927
8035
8614
8618
7615
8402
7484
7733
7948
7537
8306
7159
7587
7129
8365
7703
6953
7224
7290
8124
7690
7211
6874
8537
7389
8216
8174
7569
8144
8369
7803
7665
8126
8444
7707
8252
7356
8035
8823
7453
7113
7547
7594
8293
7413
7666
7467
8112
7591
8297
8198
8973
7676
8447
8266
8617
8022
7362
8226
8624
8332
7933
8296
8175
7924
8497
7685
8358
8589
7648
7917
7370
8310
8417
7448
7579
7673
7183
10564
8002
7323
7876
7775
8070
7746
7015
7945
8711
7192
7379
8894
8441
6995
9344
8432
8283
9038
7490
7619
9104
8543
7729
8696
7694
7552
8992
8564
8232
7793
8329
8399
8483
7735
8244
7953
7069
7471
8432
7615
7734
8876
8461
7529
7523
7213
7871
11713
8357
8489
8777
7558
8630
8823
7598
7862
7707
7347
8173
7745
7247
7806
8844
7517
8348
8005
7438
8441
8974
7156
7693
7793
8607
8526
9020
8816
7029
9159
7315
7036
8039
8592
8138
9815
7593
8159
7806
7506
7884
7780
8082
7579
8416
7294
7248
8962
7597
7502
12420
7127
8040
8132
8093
7492
9692
7089
7143
9120
7762
7283
8502
7674
7830
7919
7843
7260
11967
7168
8207
8816
7535
7604
8514
8554
8198
8698
7758
8605
8095
8461
8075
8493
8511
8523
8264
6908
7868
9017
7669
7421
7589
8482
7714
6978
8477
7730
8466
7509
8461
8394
12062
8189
7908
8206
7271
7969
7528
7554
12973
6932
7760
7374
7395
7328
8646
7200
7964
8358
7613
8687
7756
7626
7559
7511
7164
8089
7492
7100
7699
8858
7160
8014
7951
7987
7960
7164
8559
7248
7877
7519
7922
7280
7576
7692
8692
7584
7926
7479
7692
8478
8225
8358
7042
7735
8375
7723
8030
7712
8553
7830
7631
8148
8015
8571
7068
7861
8317
7333
8797
7369
7738
8669
7735
7707
7329
7096
7758
8748
7769
7632
8755
8358
8298
8244
8723
7089
8164
8804
7486
8102
7437
8287
7948
8191
7124
8459
7266
7990
8527
7290
7810
8415
7933
8605
7548
8313
7512
8497
7749
7816
8199
8706
7109
7348
7249
7173
8020
8405
7257
8067
7656
7692
7569
7693
7272
7592
8431
7736
7212
8676
7315
7852
8323
7968
7095
9133
7535
7201
9135
7396
7961
8591
8356
7677
7592
7830
8015
7543
8237
8370
7237
8708
7697
8996
8162
7727
8420
7448
7749
7531
7996
7072
9548
8503
8100
7695
7112
8015
8734
7068
8538
10646
7871
8340
8827
7616
7107
8093
8741
7269
8053
8464
7461
9037
8382
7751
7757
8067
7195
10610
7689
7302
9538
7433
7629
8856
7899
8818
7893
7115
7952
7552
8276
8046
8927
7370
7692
8845
7525
8276
9752
7673
8618
8483
8379
8312
7331
7095
7765
9004
8497
7519
7450
8334
8043
9133
7843
7958
8918
7611
7303
9451
7922
8682
7786
7774
7832
7418
8720
8183
7792
7852
7311
8292
7609
8725
8480
7896
8070
8536
8229
8394
9471
8116
8406
7778
8033
8195
9117
8132
8553
7646
7438
7788
8143
8555
8073
8566
8463
8389
8235
8571
9117
7923
8491
8162
7371
8656
7800
7991
8574
7655
8356
7737
8605
8287
7211
7158
8318
7097
8499
8466
7094
8487
9209
7547
8482
7386
7866
8511
7536
7011
8437
7673
7887
8542
8615
7340
7879
7590
7490
8176
7758
8196
8106
9297
7553
7328
10328
7569
7006
9284
9026
7503
7940
7590
8630
8203
7137
8443
7939
7624
8230
8542
7334
7292
8587
7358
8379
8516
8164
7926
8071
7948
8355
7898
7282
7053
7793
7532
8327
8442
7389
7137
8088
8840
8367
8569
7285
8096
8377
7815
8290
8084
7676
6973
8119
8856
8535
8268
7487
7576
7870
8618
6975
7452
8738
8050
8107
7651
7260
8578
7972
8112
8113
7580
7104
8217
7810
7999
7963
7957
7049
7890
7938
8548
7969
7145
7373
8805
8391
7789
7303
7473
7919
8118
7261
7524
7640
7390
7051
7937
8079
7629
8680
7538
8194
8532
7882
7390
8579
10388
7487
8389
7689
7807
7648
7791
8201
7632
7956
7233
10548
8302
7170
7813
7743
8218
7689
8764
7333
7582
7211
8504
8092
8384
8222
8587
8952
7451
8443
7684
8400
8635
49466
6966
7451
8906
7745
7418
7410
7048
8102
7678
8344
7540
8674
8117
8282
8440
7473
8695
7844
7867
8502
7383
8393
7598
7941
7646
8394
7565
7382
8646
7780
7451
7934
7053
8111
8034
7690
8583
8366
7695
7071
8322
7631
7198
8358
8419
8625
8036
7301
7810
8423
7315
7647
7552
7589
7610
7846
7830
7453
8251
8516
8180
7605
7377
7677
9184
8255
8189
8200
7683
7287
7457
8309
7028
7764
7639
8146
7407
7437
8517
8037
7224
7286
7715
7622
7846
8517
7992
7991
8796
8293
7901
8524
8055
7491
7918
8397
6899
8345
7552
7827
8479
8518
7236
7935
8015
6948
8424
8445
8374
7420
7512
8392
8325
7748
7733
7387
8231
8764
7344
8675
7548
7261
8635
7103
7060
8579
7162
7532
7409
7217
8076
7429
7179
7680
7526
7158
8125
8738
7171
7759
8687
7069
8400
7336
7829
7815
8016
7668
7191
8497
6948
8116
8448
6925
7857
7710
7628
7225
7648
7656
8249
7564
8391
6884
8676
7649
7852
8607
8111
8135
7389
8186
7533
8621
8456
7092
7144
7973
7140
8413
8639
7092
7678
8702
7119
7950
8732
8078
8705
8060
7493
8678
8044
8600
8242
7996
8426
8213
8082
8536
8422
8376
8366
8132
8665
7634
7153
8335
7759
8219
8149
7005
8739
7933
7611
8314
8604
7973
7222
7594
8366
8082
8190
8194
7171
7941
7883
7454
8442
7773
7629
8195
8323
8064
7830
7832
7194
7572
8413
7767
7912
7644
8617
7977
8241
8380
7941
7871
8166
8282
6987
8638
7712
8167
7795
7254
7760
7801
7443
8583
8293
8490
7707
7381
8198
8042
7247
7670
7453
8430
7568
7764
7715
8698
8020
7241
7671
7756
8821
8400
8356
7789
7679
7107
8230
7418
7802
7346
8379
7237
8116
7369
8073
8376
7913
8717
7229
9268
8442
8017
7828
8433
7682
8506
7712
8571
7991
7946
8253
8238
7036
8095
8483
8721
7875
8335
7868
7173
8743
8270
8082
7477
8444
7737
7779
7406
8401
9425
7322
8133
7266
8415
7511
9851
8131
8685
7533
7495
7508
7999
7912
8580
23632
8292
8347
8519
7787
8751
7287
7169
8130
8215
8553
8546
7923
7967
7845
7814
7937
8404
7834
7175
7953
8535
7851
8371
7882
7717
7760
7854
8340
7295
7827
7547
8676
8715
8194
7600
9188
7649
8610
7792
7093
8447
8682
7610
8768
7852
7953
7733
8472
7841
8702
8003
7690
8698
8108
7203
7730
7717
8519
7975
7461
7292
7148
7208
8336
7927
8441
7615
7738
8286
8541
7692
7796
7546
8119
7637
7867
8223
7512
8273
8515
8052
7644
7327
7368
6990
7234
7994
7873
7687
7694
8570
8106
7950
8691
8187
9005
8226
7997
7738
8008
7200
8365
6997
7680
7778
7917
7337
9220
7928
7467
7728
9953
7582
8381
8658
8188
8664
8561
7661
8157
7452
7367
8167
8406
7002
8140
8123
7256
8451
7643
7329
8048
8540
7757
8600
7929
7927
7676
8490
7394
7911
8030
7593
7482
8600
7728
7919
8042
8214
8281
8113
8371
8079
8367
7354
8622
8486
8525
8282
7995
7398
7942
8051
7501
7629
7755
7555
7533
7287
8019
7191
8553
7932
7268
7442
7392
7997
8095
7915
8755
7989
8069
8793
8409
7940
8202
8071
7944
8172
8396
6994
8641
8256
7733
7704
7738
8117
8432
8013
7991
7596
8283
7999
7361
8127
8658
8075
7115
7766
8307
7200
7923
7319
7816
7934
8226
7656
7309
8492
8789
7758
7868
7671
7109
7482
8271
7514
8738
7209
6951
8511
7559
7099
7660
7689
8220
7912
7364
6955
8743
7202
8451
8176
8215
7812
7189
7994
7694
7284
7994
7353
7822
8494
7893
8797
7936
7910
8580
7963
7707
8493
7318
8213
8669
7845
7716
7948
7098
6988
7876
7828
8451
7950
8209
7973
7242
8374
7005
8394
7641
7128
8340
8886
7614
7553
7895
8122
7935
7725
8336
8222
8156
8520
8394
7446
8367
7385
8389
8036
8633
7784
7502
7349
8213
7916
8852
7428
7801
8111
7265
8416
8703
8220
7230
8192
7725
8073
8153
8448
8107
8297
7831
7686
8686
7322
7252
7714
8095
7522
8339
8606
8333
8235
7660
8601
7871
7602
8148
7650
8470
7907
7311
8013
7245
8563
7937
8233
8324
8094
8419
8013
8041
8546
8529
8041
6999
8516
9115
7608
8616
8474
8296
8701
8947
7995
8407
7635
7566
8594
7625
8442
8463
7818
7201
7161
7138
7488
7477
8899
8104
7466
7933
7999
7950
8950
8361
7117
8235
7495
7992
7594
8160
7835
8841
8218
7710
7648
8154
8514
8202
8365
7323
8717
8933
7292
7217
8275
7316
8699
7635
7974
7752
7828
8434
8325
7960
8277
7894
7774
8039
7203
7331
8007
7518
7610
7434
7903
8102
6928
8020
8287
7169
7564
8416
7000
8443
8401
8368
7387
6998
7131
8491
8706
7246
7313
8034
7784
8811
7733
8215
7299
7998
7732
7979
7893
7662
8667
8524
7236
7740
7800
7852
8737
7558
7728
8133
7441
7428
8338
7402
7435
8835
8498
7393
8523
7390
7316
8704
8187
7001
7569
8605
8066
8757
8475
7551
7005
8254
8572
7611
8535
8232
8533
9008
7391
7892
8033
8517
8454
7930
6946
7631
8153
6956
7191
8361
8407
7287
8356
7768
7286
7172
8367
8134
7102
7989
8789
7572
7281
7405
8053
7912
7369
8223
7998
8433
8256
8490
7913
7558
7333
8417
7880
7548
7543
7933
7010
7919
7230
7034
8142
8488
8170
8571
8449
7697
7785
9020
7246
7101
8028
8052
7179
8748
7329
7107
7841
7774
8102
7491
7147
8041
7781
7594
7946
9278
8494
7867
12078
8160
8460
8235
6969
7892
7427
8256
7092
9275
7403
7071
8666
8573
8316
7489
8171
8185
8377
8277
8515
9148
7997
8641
7353
7434
7277
9026
7794
7067
10982
7964
9415
7793
7945
8291
8072
7460
8038
8676
7874
8013
7723
7455
7206
8487
7850
7338
9011
7472
7435
9035
7346
7247
8165
7736
7702
7923
7856
8036
9522
7738
7517
8284
7589
7168
12374
6987
7669
8827
8577
7575
8632
7038
8097
9785
8523
7913
7774
7317
7071
9119
7656
8524
7357
7738
7274
8595
8293
8220
8756
8543
8478
9071
8544
8280
21449
7842
8923
7371
7867
7512
7747
8174
8585
8696
7192
7476
7754
8514
8069
7919
7071
8370
8215
7803
8314
7672
7168
8028
7967
8374
8041
7933
8245
8759
8449
7651
7722
8359
8026
7902
8587
7092
8351
7915
8316
7482
8596
7291
7725
7121
7511
7225
7472
8562
7470
7175
8358
8548
8303
7907
6867
8721
8312
7563
7276
8251
8194
8398
8224
8449
8046
8352
7427
7757
7782
7712
8584
7697
7596
7833
8594
7736
7794
7380
7656
8365
7859
8497
8538
8578
7179
8356
7630
7302
8312
8533
7110
8518
7752
7534
7864
7442
7695
7420
8620
7954
7404
7534
7801
8750
7287
8515
8216
7374
7893
7693
8097
8537
8466
8445
7284
8056
8473
6961
7735
8524
7593
7034
7196
7806
7593
8601
6907
7924
8504
7109
8164
8671
7996
8173
8584
7184
7777
7450
7380
7979
8396
8579
7058
7933
6953
7476
8312
7293
7177
8284
7563
7259
12487
8452
7945
7190
7760
8133
7806
7259
8587
7387
7672
7906
7850
7572
7096
10703
7922
8476
8521
7798
7707
8524
8131
7277
8192
7162
7191
8976
7743
7887
8078
8435
8139
9010
6965
7881
10532
7433
7554
7733
8336
8608
25163
7618
7538
7359
7408
8513
7140
7162
7902
7850
7808
8528
8313
7850
8060
8496
7906
7077
8215
7725
7600
8537
8314
8406
7808
8181
8275
7448
7033
7745
8300
7936
7633
7791
8175
7230
7551
8148
8416
8948
7068
7004
8538
7691
8163
8622
6906
7731
7951
7964
8673
8041
7663
7420
8184
7632
7372
8797
7672
8113
7296
8280
7518
8623
8236
7468
9061
7632
8010
7557
7535
7132
7640
8053
7533
9393
7596
7490
9769
7802
8396
8759
7922
7963
8192
7650
7289
8014
8162
7456
8198
8171
7641
7549
8806
8033
7974
8385
7634
7570
7755
8559
21329
8067
8177
7616
8016
8432
7682
7962
8706
8083
7988
7797
7656
7430
8080
8317
7810
8553
7103
8410
7641
7195
8107
8736
7871
7046
7262
8290
7968
7193
7276
7471
7050
7891
7676
8527
8297
8616
7851
8180
7812
8364
8378
8436
6846
7152
8012
7346
8455
6997
6909
7380
7877
7529
7599
7873
7894
7971
7169
7050
7487
7598
7944
8293
8620
7976
7388
8225
7770
7569
7239
7800
8116
7441
7366
8417
8958
7893
7534
8072
8274
8304
8577
8192
8052
7389
7400
7991
7671
7107
8265
7831
7875
7971
7603
8317
7220
7292
7029
7751
7985
7774
7717
9121
8368
7456
8939
8227
7255
9261
8512
8474
7405
7810
8280
7844
7928
8119
7213
8635
8412
7953
8379
7594
7060
7090
7346
9107
7815
7056
9065
8215
8395
8866
7880
7687
7991
7524
7347
7488
8215
7895
9098
8021
7076
9930
7107
8074
8113
7937
7902
10477
7993
7268
8894
7105
7996
7589
7254
8570
8786
8495
7352
8577
8418
7997
8911
7482
7183
11506
7810
6932
8376
7091
7931
10063
7953
7977
7833
7594
8397
8630
7409
8240
7761
8687
7955
7354
8456
7482
8558
7574
7650
8854
7718
7085
10911
8086
7073
9670
8070
8374
7599
7691
7105
9017
7715
8658
8598
8278
7182
8866
8011
7112
8880
7866
8635
8486
8181
6928
7557
8456
8324
7671
20588
7704
6989
6957
7314
8133
6904
8167
7554
6868
8076
7430
7137
8076
7536
7052
7336
8996
7589
8444
8123
7440
7137
7892
8622
8267
8055
6970
8149
7458
7969
7456
10573
8233
7082
7714
7677
7302
7483
7132
7996
9727
7744
15279
7892
7230
8177
7587
7138
8414
7562
7389
8658
6933
8027
8683
7814
7278
8176
9133
7379
8077
8588
8354
7894
8941
8058
7553
24441
6951
8217
8615
8345
8493
7179
8437
8472
8284
7825
8419
7215
8146
7423
7664
8380
7812
8230
7558
7522
8308
8394
8271
8591
7184
7687
7892
8229
7489
7228
8352
7613
8626
8205
7936
7227
7466
7696
7550
8076
7750
8128
7208
7540
7414
7325
8227
8519
8031
8246
8117
7430
7709
8661
8216
8302
7615
7772
8101
8342
8166
8098
7352
7785
7400
7781
7208
7731
7500
7876
7557
8546
8045
8295
7554
6935
7160
8241
7116
8450
8357
8146
8678
8210
7934
8103
7946
7334
7811
8686
7956
8210
8461
8148
7912
8355
8061
8465
8461
7625
8319
7936
7618
6738
7814
7756
8475
7813
8196
8319
8255
8041
8495
7281
8092
8511
8293
7673
7589
7408
7277
7737
9820
8212
7097
7098
7892
8388
7429
8251
7734
6912
8370
7179
8635
7431
7311
7025
8233
8617
8385
7075
7086
8452
8468
7511
7388
11229
8246
7194
8078
7091
7347
8766
7782
8270
10389
7748
8296
8211
7533
7907
7615
7603
8283
7542
8564
7641
10520
7723
7545
10804
8221
7066
8818
8115
8490
8589
6972
8494
7941
8382
8293
9235
8205
7572
7917
8425
8719
7391
7509
7557
8403
7679
7640
8436
8464
7789
7604
7917
7249
8676
7554
8134
8112
7090
7704
9061
8456
8071
8051
7233
7725
9250
7973
7290
10141
8490
7115
8692
7553
7940
8000
7369
8861
8168
8338
8314
7466
7376
8487
9308
7102
7771
9094
7876
8667
7569
7964
7228
9100
8532
7556
10357
6853
7158
8210
7878
7748
8615
7387
7969
9041
8174
7677
8853
7298
7440
8945
7110
7523
9113
8839
7842
7571
7055
8137
7818
7005
8135
8384
7080
6936
14517
7994
7994
9047
7733
7721
7315
7379
8471
7800
8516
7968
7385
7735
8454
9544
8111
8625
7457
7876
7446
8432
7841
7420
8861
8425
7006
8222
7864
8270
8269
7474
8437
8905
7454
7425
8462
8747
7221
10820
8020
7110
9645
7516
7046
8555
7470
8290
7897
7753
8390
8194
7764
7892
8364
7598
8482
7262
8451
8471
8316
7319
7066
7999
6989
7314
8823
7446
7687
8723
7762
7471
7165
8435
8500
8211
7183
8611
8008
7565
8590
8600
7972
7420
7966
8035
6987
7625
7821
8158
7909
7476
7746
8196
7825
8222
8349
7799
8349
8473
7356
7958
8079
8801
7543
8482
7632
7536
8305
7558
8082
7635
7552
7137
7824
7962
8108
8113
7328
7434
8332
8410
8312
8342
8231
8199
7727
7624
7680
7128
8244
7047
7235
7904
7036
7870
8810
8493
8087
8523
7697
7764
8435
7794
7681
8057
7723
8672
8181
8071
8128
7811
8467
7813
8045
8522
8135
7641
7389
7800
7952
7876
7925
7198
8215
8596
7958
7158
8176
8528
8113
7353
7799
7530
7465
8360
7517
8117
7127
8217
7180
7746
8029
7297
7570
7964
7682
8401
7852
7162
7948
7999
8010
7723
8635
7230
8114
7111
7774
7731
8414
8469
7354
7345
7238
7678
8640
8379
9526
7977
8334
7071
6969
8335
10221
8630
7456
9020
7765
7139
7517
7748
7374
8774
7648
8086
8492
8385
8204
8675
7916
8367
7662
7084
8284
8900
7822
7191
7576
7420
8550
8694
8338
8426
11128
7947
7833
7152
7115
8033
8175
8237
7046
7508
8391
8000
7599
8035
7927
7912
7819
8071
7130
7523
7691
8128
7094
7832
7710
7711
8579
6984
8102
6955
8592
7587
7770
8223
7544
7767
7294
8349
8610
8353
7487
7925
8415
7186
8177
10354
7561
7943
8309
7272
7965
8912
8210
8651
8255
7044
8330
9099
7988
8099
7846
7625
7804
7935
8136
8380
8456
8059
7504
8030
7203
8341
9281
7313
7897
9569
8441
7800
8916
7485
8259
8164
7015
8260
7794
7452
8392
8344
8497
7394
8650
8502
7730
8317
7010
8094
8712
7366
8425
7405
7748
8000
7813
8262
7783
7708
8217
6926
7922
7766
8664
7768
7829
7879
8558
7678
7740
8571
7576
8007
7412
8391
7543
8753
7435
7733
7490
7474
7861
7166
7578
7251
8335
8000
8362
7235
7339
8161
8461
7159
7390
7194
7546
7673
8645
7251
7596
7241
8030
7274
7319
7278
8011
7029
8394
8523
8184
7594
7616
7118
7834
7300
8015
7183
7594
8689
7237
7712
8166
8478
8413
7984
7662
7523
8738
9123
7067
7810
7532
7285
8447
8804
8007
7185
7594
8136
7676
8000
7602
7679
7446
8557
7016
7729
7897
8074
12163
8553
8458
7546
7368
8420
7757
7849
8198
7395
7426
7390
9784
7682
7696
11450
8123
7394
7894
8355
8666
7164
7584
7332
8569
8008
7779
8928
8343
8169
7973
7237
8482
7491
7456
8023
8940
7189
8466
10369
8195
7724
9189
6918
7487
9064
7026
8153
7850
7967
8018
9026
8268
7418
8741
7202
7592
9435
7935
8450
9199
8608
7339
9021
7507
8114
8450
7815
7527
8610
7716
8370
7312
8017
8235
7673
7764
7856
8020
8020
7857
8755
7342
8035
8435
7617
7826
11142
8138
8097
7712
8110
7789
7271
8672
8190
7551
20661
7822
7363
6981
8012
7415
7912
8454
8313
7922
8809
7912
8036
8651
13736
7752
7537
7985
8263
8537
7153
7926
8627
8261
8493
7510
7734
6853
8514
8238
6954
7581
8232
8213
7350
7417
7277
7618
7913
8052
7330
8382
7041
8177
8469
6873
8013
8191
8487
8330
7127
8080
7521
8286
7806
8479
7591
8008
8532
7191
7353
8661
8164
8487
7449
8256
7933
7605
7165
7446
7732
8381
7700
8034
8407
7191
8007
7954
8520
7112
8970
7110
7830
7572
7748
7533
9102
7083
7682
9092
8613
7774
9044
7039
8293
9052
8875
6864
7789
8016
7532
7451
7525
7187
8010
8295
8093
8203
7430
7815
8079
8269
8098
7618
7345
7350
7155
8634
7744
7873
8635
7312
7658
8476
7378
7819
7530
7231
8452
8657
8392
8826
7503
8432
7433
7171
7802
9013
8677
7517
7282
7463
7661
7251
8822
8307
8351
8074
8081
8079
8161
8133
8445
7130
7638
8646
8342
7050
8015
7683
7491
8564
8410
7731
8508
7396
6976
8023
7693
7822
8178
7682
8147
7935
8135
8256
7407
8159
7930
7452
7198
8084
8325
7646
7492
8353
7477
6986
7703
7803
7211
7630
8564
7250
7310
7616
8341
7895
8691
7442
7220
8400
7180
8555
8097
7641
7822
8508
8213
7125
9010
8169
8094
8419
7130
8005
8158
8192
7377
9441
7800
7145
9072
7346
8018
7854
7092
8192
7538
8557
7324
13748
7222
8917
7642
8458
7271
8420
8203
7128
7030
8174
7764
7956
8674
8392
7844
7700
7803
7910
7287
7058
9194
8251
8214
8634
8147
8238
7512
7716
8081
7601
7691
7170
8618
7862
7374
9581
7572
7577
8718
7635
8115
7790
8407
8523
8712
8423
8037
8287
7390
7156
9256
7655
7692
9317
7261
7058
11153
8080
7950
7380
7287
9416
7066
8236
7354
7685
7473
7835
10330
7096
7535
8210
7668
8133
7732
7691
7712
9089
7487
8112
11726
7169
7935
7722
7574
7284
9195
8344
7369
7793
7782
7405
11934
8251
7624
7984
8376
7367
9019
7338
8234
7787
7450
7231
10412
7511
7613
8977
8464
7579
8792
7297
8174
7846
7975
7292
9034
7394
8229
9616
8552
7220
7842
7589
8627
7307
7915
7108
8989
8395
6927
8313
7984
7232
10340
7416
8542
8614
7559
8092
8524
7378
7348
8002
7764
8456
8526
7671
7028
7700
7129
7442
8235
7535
7658
7597
8284
7808
7763
7880
7404
7241
8026
7189
7428
8849
8117
8387
7698
7497
8336
8240
8458
7159
7285
7481
7531
7351
21331
7393
7661
7133
8587
8503
7926
7612
7871
8057
7289
7374
8650
8431
7424
8451
7590
7526
7655
8098
7799
7637
8402
8157
7721
7064
8205
8074
7170
8364
8248
8504
7435
7348
7784
7458
8144
7979
8573
8176
6974
7174
8270
7405
8534
7642
8604
8855
7372
7909
8636
7579
7950
8392
8356
7112
8362
8468
7374
8015
8310
7672
8350
7493
7748
8511
8603
7417
7982
7360
7618
8415
8053
7129
7584
7871
8275
8072
7996
8533
7196
7527
7665
8765
8231
8549
7398
7668
8184
7962
7384
6916
8288
7707
7188
8716
7773
8150
7669
7205
7725
7335
7600
7222
7198
7233
6959
7522
7749
8175
7333
8461
7908
8634
8282
7164
8497
8054
8362
7688
7357
7344
7555
8314
7267
7548
7663
6948
8353
7427
8215
8077
8460
8288
8146
7281
7572
7774
8586
8239
8560
8270
8343
7875
7389
6984
6938
7271
7013
7456
7781
8235
8540
8646
8534
7873
7779
7005
7995
7373
7498
8177
7752
7703
7519
7255
7479
8720
7399
8171
8133
8494
8336
7655
8086
7290
94512
7594
7817
8610
8200
8395
7729
7784
8495
7700
7589
7929
7332
7548
8567
7769
8517
7562
7967
8389
8242
7692
8440
7631
7835
7993
8348
8794
7430
8574
7942
8353
7331
7743
7751
7453
8235
8487
8020
7910
8369
7738
7987
8124
7299
8178
7549
8487
7025
7597
7712
8217
7950
8384
7851
7741
7406
17415
7749
8618
8374
8096
7381
8811
7497
8507
7534
7430
8354
8517
8820
7929
7912
8459
8115
7248
6868
7898
7310
7399
8243
8057
8502
8073
7465
7614
8178
8813
7328
7744
8198
7143
8002
7407
8140
7474
8761
7369
8593
8133
7492
7996
7272
7809
7533
7691
7488
8231
8302
7783
8623
7871
7661
7150
7437
7830
7511
8795
8748
7690
8764
7258
7416
8900
7689
8153
7210
8307
7491
8646
7620
7895
7382
7603
7909
7676
7932
7854
7532
7937
7610
7959
7871
7597
7209
7312
7847
7148
8215
8439
7764
8218
7856
7448
7521
8058
8536
8097
7779
8094
8072
7083
7820
7210
7655
7776
7815
7274
8732
7323
8752
8717
7810
7877
7696
7616
7813
8358
7565
7266
7918
7671
8084
8143
8625
6988
8021
8446
7215
7818
8465
7199
8295
7711
7312
7406
8517
7756
7654
7362
7688
8690
8029
7714
7297
7996
7743
8574
7819
8099
8615
9682
8369
8476
7972
8220
7743
7510
7743
8540
7488
7594
7810
8948
7651
8276
7951
8604
8707
8277
8489
8224
8010
7364
7615
8162
7240
8302
7537
7825
7615
8034
7981
7938
8594
7267
8244
8362
7791
8207
7323
8414
7816
7761
7147
8394
8762
8051
8200
8174
8430
7876
7888
8028
8135
8354
7753
7321
9304
7613
7162
7774
7702
7071
8728
8656
7794
8375
7501
7812
7555
8375
7774
8112
7448
8713
7652
8074
8086
8281
8080
8244
6926
24036
7994
7767
7427
7292
8523
7110
7862
7662
7648
8039
7569
7766
7502
7335
8249
8682
7610
7833
7200
7955
7005
7590
8003
7070
8687
8124
7493
8719
8117
6870
7611
8425
7113
7241
7647
7699
7384
7678
8084
8039
8199
8400
7177
7651
8359
8560
8516
7395
7467
8251
7550
7903
8756
7153
7688
8474
7903
8766
7311
7717
8509
8904
7577
7116
9215
7484
7555
9284
8471
7605
8217
7041
7493
7815
7151
8611
8814
7709
7104
10083
7649
7220
8527
7181
8674
12353
8204
8164
7841
8234
8191
9047
7969
7471
7572
7946
7535
7397
8570
7545
7312
7252
8117
7871
8453
7066
7176
8537
7890
8423
7466
7560
8430
8410
8145
8141
7630
8027
8699
8093
8027
7432
8538
8315
7162
8539
8512
7204
8218
8157
7292
7792
7742
7188
7556
7476
8303
7833
7109
7310
8470
8439
7963
8677
6959
8134
7468
8063
8703
8651
6913
7453
7743
8745
7453
8144
7274
7803
7129
7815
8030
7468
7494
7271
7653
6948
8024
7972
7727
7153
7289
7531
7671
7963
7953
8189
8256
6952
7270
8361
7738
8519
7211
7723
7391
7800
8154
8781
7812
7512
7852
7683
7778
7673
7819
8273
7564
8842
8445
7312
9030
7974
7751
8290
6853
8564
8477
7433
8527
8349
8179
8576
8812
8215
8227
8092
7169
7895
7679
7266
7679
8253
7429
8538
8712
7065
8143
7825
7209
7815
8462
7600
7912
8299
7330
7551
8852
8332
7506
9610
7273
8486
8629
7266
8465
7984
6993
7743
8291
8372
8364
8051
8235
8176
8774
8287
7507
7651
7660
8295
10559
8091
7335
8987
7728
8500
7730
8657
7679
7981
8410
8029
7829
7658
8035
9324
8168
8380
8577
7851
7512
10040
7938
8498
7967
8494
8077
7627
8204
7328
8514
8397
9622
8111
8512
8476
7190
8503
6974
8377
8414
7941
7575
8251
7379
7569
8374
8174
8222
7016
7943
7635
7108
8505
9194
7333
8410
9117
8593
7674
7789
7649
7138
9124
7749
8446
10173
7967
7065
9363
8137
8133
7946
7835
7884
8512
8392
8092
8117
7479
8076
7205
8592
8129
7450
7748
8239
8943
7759
8130
9307
8338
7512
23672
7046
8459
8394
7530
7615
7851
7712
7233
8137
7800
8819
8714
8043
8343
7348
7106
7738
8950
8643
7092
7513
8322
7913
7428
7097
8506
8323
7464
7552
7550
8189
7201
7804
8046
8938
7858
8113
7163
7655
8395
8410
8144
8051
7199
7740
8210
6953
7486
8476
8507
8413
7748
8061
8206
7511
7130
8082
7241
7779
8577
8738
7152
7196
7064
8269
8218
8434
8688
8218
7482
8268
8455
7314
8372
8039
7040
8341
8691
8776
7725
7329
7857
7414
8176
7271
7810
8071
8630
8255
7189
7538
7537
7508
7548
8064
8485
7579
7825
7181
7333
7023
7387
8035
7832
7376
7891
8130
7168
7368
7030
7920
7495
8220
7865
8410
7567
8796
7794
8145
8380
7579
8625
7773
7589
8387
7056
7052
7089
8244
7208
6898
6954
8592
8339
7244
8356
7210
7336
7707
7851
7451
8151
7620
7692
8302
8194
7706
7241
8596
8392
7459
7076
8910
7277
7850
7419
8526
7579
8324
7532
7374
7200
7484
8230
7470
7130
8444
8395
7968
8529
7879
8229
8138
7382
7187
7408
8210
7556
7234
7390
7994
7565
8046
7947
8358
7935
7615
7030
8118
7076
7543
7709
8272
7527
7389
8919
7805
7492
8852
8129
8008
10214
8196
7938
7639
8515
8324
8451
8457
7928
7423
7597
8405
8705
8190
8558
8155
7530
8242
7610
8405
8194
9261
7493
8500
6991
8405
8804
8070
7260
8424
22501
7996
7969
7490
8654
8347
8623
6959
8375
7800
7508
7723
7317
7143
7656
7718
7876
8092
8354
7352
7803
7738
8575
8049
7812
7610
7501
7991
7990
7734
7786
8234
8229
8305
7514
7527
8356
7267
7170
7958
8206
7907
8373
15672
8243
7400
7427
7593
7925
8373
7874
8174
8300
7827
7491
8169
8669
7364
7755
7433
7941
7987
8352
7876
6956
8142
8682
6932
7982
7541
7908
8717
7998
7819
8326
8031
7662
7952
8560
8062
8490
8501
8383
8210
8273
8343
8236
7570
7384
7311
8292
8256
7700
7361
7853
8412
8068
8101
7738
7292
8254
7279
8075
8051
8061
7260
7646
7610
7794
7172
8353
7206
7857
8474
7911
8752
7996
8319
8505
7598
8610
7954
8099
7527
8424
7579
7184
7386
7355
7845
8146
7497
8404
8079
7892
8823
8725
8283
7172
8353
7977
7389
8275
7253
7546
7611
8126
8050
7247
7441
7532
7974
7774
7252
8482
8111
8626
7850
8414
8208
7140
7292
8358
7294
7152
8512
8383
7948
7158
8328
8232
7623
7392
7128
7960
8396
8056
8374
7922
8603
7892
7959
7542
7660
8217
7948
7246
8476
8476
8133
7195
6795
7115
7921
7026
8092
8010
8213
8615
7764
7648
7653
8539
8153
7507
8528
7048
7813
7276
8413
7301
8594
7015
7974
7846
7371
8246
8689
8265
7999
8553
7738
7594
7751
7892
7717
8835
8495
7611
7564
7771
7295
7850
8348
8152
8706
7856
8517
7473
8429
8786
8119
7963
7516
8576
7891
7307
7911
7669
7600
8935
8175
7305
7550
8702
7656
8244
7316
8070
8600
7974
7290
9341
8194
8400
8171
7137
7815
7829
7107
7045
10077
8314
7146
7870
7741
7447
12896
8185
7977
7029
7194
8134
8797
8513
10738
8110
7294
8676
7829
8142
8462
8050
26471
8041
8429
8397
8392
7867
8330
8537
7185
7662
7214
8135
8481
7548
7397
8420
7949
7446
7579
8179
7791
7458
8172
8436
8389
8015
7162
7912
7688
7676
7199
7678
8105
8051
7335
7546
8171
7620
7187
7269
7605
7948
7094
8311
7738
8046
7939
8261
7866
7317
8216
8530
8067
8312
7695
8766
8197
7925
8220
8259
6830
8519
7040
8538
8046
7971
7135
7682
7336
8136
7193
7438
7950
7269
7416
8507
7755
7615
8613
8018
7910
7542
8655
7632
7895
8686
7307
8130
8502
7229
8507
8566
8398
7756
8142
7811
7565
7018
8030
7890
7511
7857
8035
8496
8082
8240
8252
8295
7417
7549
7451
8011
7346
7615
7551
7981
8102
7589
8112
8033
7235
7952
8176
8460
8047
8586
8627
6989
7984
8009
7497
7228
8154
6847
7441
8073
7815
7320
8624
7373
7994
8307
7336
8410
7887
7817
7555
7317
7537
8788
7490
7071
8169
7566
7628
7511
7241
6924
8018
8310
8138
8201
7924
7554
7382
7545
7571
8393
8314
7495
7574
8145
7042
8054
7942
8133
8294
7358
8465
7646
8525
8171
8619
8014
8181
8095
7328
7283
7920
8740
7655
8395
7112
8432
7220
8493
7789
8420
7350
7615
8633
8225
7995
8715
7168
7649
8145
8041
7979
7590
8409
8263
8316
7960
7400
8671
7282
8012
7497
7895
7885
8398
7410
7727
8579
7816
7557
8106
8196
8129
7871
8566
7574
7416
8676
7430
8615
7273
7149
8167
8358
8602
7866
8592
7720
7728
7381
7738
7380
8461
8122
7742
9046
8069
7238
7479
7432
7752
8189
7524
7595
7048
8467
7281
9149
7886
8214
9266
7713
8586
9054
8353
8659
7856
8502
8643
8420
7743
7011
9209
7717
7139
18025
7276
7115
8419
8165
7499
8434
7879
8279
8010
7740
8419
7329
7878
7694
7795
7971
8389
8324
7910
7791
7912
7845
7210
7445
7542
8785
8017
7141
8906
8343
8463
8723
7090
7594
8399
8358
8443
7348
7216
8302
7571
7389
7682
8733
7209
8034
8776
7820
7806
7089
7794
8260
8591
8123
8046
7517
7709
7786
7566
9210
8191
7365
9256
8022
7657
8402
7888
7776
9141
7733
7520
7729
7466
8584
9836
8541
8389
7331
7269
7707
10630
8220
7350
7617
8029
7934
10249
8176
7579
7992
8063
8141
7620
7971
8228
7410
8133
8027
7468
7891
8382
8146
7654
8128
7891
8631
8018
8077
7588
8489
8348
7456
8713
7166
7384
7861
7284
7548
7542
8380
8359
8025
7531
8490
7982
8436
8163
7852
8307
7274
8057
7598
8033
8432
8770
7780
7958
8720
7323
8139
7697
8032
7933
7651
7906
8015
8410
7657
7071
7678
7137
8687
8071
7892
7475
7480
7592
7545
7291
8394
7676
8035
7108
7131
8260
8709
8260
7343
7619
8473
7701
7610
7897
8800
7394
8041
7600
7993
7416
8599
8033
7630
7948
8317
8331
8179
8625
8394
8489
7488
8461
7781
7713
7697
7915
8298
6996
7164
8563
7887
8629
7420
7876
7998
7642
7332
8934
8094
7153
8385
7456
7717
8431
8615
7331
7517
8350
8299
8066
7581
7612
7287
7956
7614
8112
8606
8310
8054
7599
8518
8432
7653
7796
7928
8677
7915
8129
7314
7953
8629
8414
7784
7860
6909
8574
7653
8062
8102
7931
8040
7496
7221
8053
7182
7797
7990
7184
8412
7072
7053
8238
7585
7375
8117
7247
7549
8777
8462
8349
8019
7621
8645
8156
8694
7299
7217
8416
7169
8466
7839
8281
8586
7385
7883
7286
7549
8173
8319
8077
7078
7050
7604
7553
7171
11975
8558
8497
8753
8102
7983
8435
8459
7903
27172
8520
8308
7149
7107
7790
7108
8067
7345
8623
8345
7226
7768
7415
7789
7335
7271
8115
7607
8292
7847
8425
8347
7697
7621
8356
8062
8154
7554
7286
8306
7878
7646
7484
6881
7989
8537
7629
8562
7674
7272
7458
7786
7334
8034
7838
7324
8266
7560
7435
7380
8140
7454
7665
8010
8100
8498
8152
7754
7579
7526
8486
8054
8446
7691
7329
8058
7288
8226
9061
8076
7750
8456
7529
7555
7370
7418
8228
7546
7771
8494
10001
8376
8498
8783
8000
7784
8261
8150
8046
8917
6917
7494
8263
7448
7867
8452
7908
7889
7112
7506
7923
7330
7685
7523
8733
7114
7310
7738
7210
7249
7535
8396
8199
7205
7712
7589
8251
7935
8259
8441
8373
7371
7931
7400
8282
8144
7181
7497
8594
8574
8104
8158
7251
7550
8695
8071
7471
8375
7521
7775
7648
7164
8165
7694
7302
7754
7353
7685
8213
7487
8311
7583
7302
7857
7971
8256
7195
8143
8146
7932
8392
7231
8252
8038
7251
7658
8397
8218
7994
7148
8150
7553
7454
7549
8515
7361
8533
7123
7100
8282
8068
8548
7734
8018
7076
8087
7510
7387
7878
7736
7712
7990
8312
7800
7815
7695
8367
7672
7973
8051
8375
7739
7886
7189
7970
8215
7420
7686
8478
8179
8388
7928
7223
8673
7475
7509
8109
7191
8138
7832
7872
8624
10196
7755
7267
9178
7614
7086
8949
8500
6848
8156
8747
8263
7943
8475
8323
7974
7328
7731
8622
7223
7892
10523
7833
7554
8014
8364
8553
8764
8132
8099
8254
8454
7791
7977
8475
7717
7605
8189
7196
8379
7830
8434
8044
7271
7811
8672
7931
7314
8854
7528
7071
12634
8382
7629
8416
8124
7014
8615
7470
7911
7447
8653
7761
9207
7550
7849
8009
8092
7486
8886
27825
8095
7402
7471
8612
7665
8112
8194
8415
8413
7841
8347
7065
7080
7694
7052
8314
7683
8410
8280
8351
7824
7702
8045
7777
7876
8734
7158
8201
8604
7572
8418
8532
8005
8654
7723
7564
7641
8106
8401
7679
7348
7248
7734
8634
6939
8385
7583
7423
7615
7979
7747
7674
8232
8280
7285
7468
7594
8642
7434
7572
7883
7206
7180
7612
7995
7768
7364
8596
7157
8437
7832
7760
7090
9317
7631
8479
8458
7031
7411
8342
7769
7810
7848
7569
7262
9134
8011
7036
10446
7311
8281
7510
8037
7333
8801
9133
7305
8735
8494
7089
7630
7830
8136
7232
8662
7491
7380
8646
8052
7450
8200
8308
8080
7850
7753
8151
7309
8005
8614
7946
7912
7186
7897
7536
7369
7830
7099
7272
7123
8579
7769
8096
8389
8371
8054
7331
8811
7135
7266
8429
7742
7414
7189
7592
7921
7549
7981
6989
7870
8011
6979
7978
8104
7703
7332
7413
7549
7500
8013
8349
7233
8552
8696
8375
8249
8039
7271
7273
7847
7521
7235
7407
8517
8043
7748
8454
8030
6953
7976
7762
8476
8333
8191
6966
8201
7842
7338
9001
7319
7898
7366
7800
7512
7951
7488
8002
7866
8031
8024
7576
8174
7474
8771
8186
7742
7999
7809
8490
7623
8061
7490
7915
8014
7684
8416
8176
7915
7935
7432
7825
7364
8341
7338
7453
7671
7618
8380
19187
7859
7782
8620
8266
7969
8678
7211
8298
7463
7290
7348
7931
7664
8535
7635
7268
8728
8403
7078
8225
7505
8307
8638
7994
7909
8195
7934
7722
8486
7400
7299
7718
7149
7835
8212
7747
8399
7418
8292
7887
7492
7826
7989
7548
7277
8083
7381
7413
8519
7909
7830
8169
7884
7610
7621
8817
8191
7200
7790
7546
8256
7195
8233
8372
11709
7350
8435
8454
7876
7369
8191
8464
7258
7956
8720
8231
8138
8218
8056
7872
7265
7165
7825
7814
7861
7188
9121
8450
7953
9423
7635
7189
8404
7748
7930
9897
7958
7127
8538
8395
8138
8386
8479
10174
8254
7676
8723
7816
7056
8538
7976
7395
6922
7066
8252
8730
9099
7609
8422
7694
8317
8658
9035
7546
8563
7169
7611
8362
8454
7235
7605
8115
8661
7953
8464
8581
8332
8069
7916
7400
8633
8075
8002
8154
7153
8553
7617
7923
8098
9027
8671
8223
8812
7570
8497
8808
7769
8527
8809
7674
8752
7643
8215
8214
8010
8035
6958
8112
7511
7349
7451
8361
8207
7857
7993
7073
8357
7061
8337
7773
7403
8528
8109
7670
7857
8389
7855
8210
8520
7641
8180
8158
7753
8398
7872
7774
7353
7218
7895
7441
7425
7113
8236
7986
7155
7581
8777
8379
7529
7466
7853
7746
7855
7478
8035
7920
8687
8252
8141
7434
7405
8558
7764
7930
8661
7273
7698
8115
8395
7650
8334
7317
7717
7755
7255
8287
7428
7917
8472
8117
7533
8379
7634
7421
7642
7828
8003
8110
8735
7348
7792
7922
8512
8282
8700
7958
7891
8575
7476
7704
7569
8113
6767
7353
7582
8436
7589
7953
8522
7994
7291
7724
8567
8230
7994
7296
7331
8060
7441
8276
8015
8012
7586
7965
7723
7630
8599
7883
7502
7948
7626
8199
7663
7264
8677
8455
8514
8177
8202
8492
8838
7769
8152
8013
7659
7613
7923
7533
7982
7272
7918
7413
8413
7674
7200
8359
7516
7714
7786
8352
7196
7841
7707
7124
9212
7816
8696
8249
8262
8155
8194
8420
8039
7839
6938
7577
9259
7070
7106
9978
7251
7670
8331
7297
7208
9042
7948
7602
7983
8174
8591
7852
8482
8494
9335
7580
7969
33820
8142
7794
8022
8295
7659
7329
8333
7709
7658
8559
7218
7972
8539
7974
7728
7057
8446
8644
7484
7969
7876
7895
7253
7851
7583
7187
8184
7506
7245
7473
7994
7185
7208
7897
7373
7413
6849
8419
7891
7768
7685
7174
8304
8529
7727
8015
7960
7879
7541
8363
7994
7428
7518
7591
7169
8237
8042
7542
7205
8501
7194
7966
7626
7247
8595
7819
7014
7694
8037
7717
7613
8678
8067
7619
8728
7530
8432
8818
6951
8590
9042
8322
7550
7572
7460
7696
7051
8293
7569
7200
8029
7350
8020
7354
8630
8442
8010
7856
8594
7199
7897
8130
7832
7694
8555
8763
7364
8597
7352
7194
8143
8377
8533
7551
8369
8260
7902
7791
7434
7553
7964
7818
8595
7942
7865
7813
8396
7343
8133
7939
6982
7993
7314
7732
7174
7981
7624
7271
6984
7129
8458
8635
7272
8117
7956
7917
8288
7974
8016
8574
7851
7314
7945
8210
7566
8844
7392
7787
7403
7679
7423
8232
8679
7140
7635
8433
8353
8168
8261
8296
8084
7128
8295
8412
8020
7503
9379
7912
8144
8676
8074
8363
8220
7938
8491
7134
8333
7073
7745
8404
7987
8859
7734
7548
7871
7394
7577
8398
7933
7182
8456
7815
7051
8296
7070
7671
7452
7636
8215
8345
8369
7594
7381
7897
7833
8659
7387
7505
7458
8551
7565
7559
8467
7513
8330
7702
7008
8325
8252
7872
7940
7278
7871
7657
8621
7767
8389
7435
7370
7312
8599
8240
8426
8277
7806
7341
7994
7302
7088
8386
7736
7609
7829
7492
8576
7239
7476
8113
8237
6980
7594
8142
7157
7379
8405
8354
8229
8209
7447
7278
7230
7744
8530
7989
8405
7594
7250
7576
7758
8097
7010
7353
7591
7610
7794
8068
7558
7306
7643
8423
7748
8480
32258
8315
7191
7464
8734
8483
6865
8129
7844
7228
7247
7321
7249
7466
7830
8513
7263
8130
8053
8149
7388
7600
7578
7625
6989
7378
7814
8030
7308
7650
8430
8073
8583
8342
7225
8427
7603
7200
8132
8437
7435
7792
8534
7878
7536
7231
8103
8622
8374
8167
7661
8287
8757
7353
8020
8353
8678
7082
7974
8430
7118
7230
7184
7311
7861
8595
8035
8271
8458
7118
8293
8692
8294
8246
7995
7237
8751
7739
7814
7196
8098
6887
7277
7398
7122
8186
7923
7789
7489
7214
7569
7220
9948
8476
7834
9363
8282
7762
7897
7776
7152
8237
7071
7476
7906
8190
7524
8172
8607
8620
7641
8239
7317
7183
8850
7451
8371
7537
6908
7294
7698
7226
7647
7707
7584
7688
7446
7875
8620
8010
8266
7851
7846
8333
7859
7747
7615
7765
8353
7930
8044
8093
8133
8507
8718
8244
7343
8039
7763
7540
8308
8142
7631
8164
7887
8699
7951
7751
7778
7551
6984
7658
7634
8007
7815
7605
6933
7837
8539
7394
7724
8056
7108
7874
7486
8046
8882
7352
7713
7220
8293
7753
8520
8220
6941
7247
8353
7555
8316
7955
7834
7345
7434
7551
7830
8179
8512
8043
8409
7036
8299
8073
8520
8688
8326
7406
8482
7935
7799
7751
7784
7649
7529
7492
8063
8576
8411
7430
8229
7955
7486
8620
8436
6876
8559
7750
7084
8801
7843
8469
8641
6966
8596
7959
8525
7584
8035
8076
7952
7652
7111
7098
8323
8271
7049
8353
7538
8529
8153
8432
7579
7369
9136
8251
7106
9130
8316
8068
8393
7425
8367
8751
7574
8019
7612
8297
7281
8345
8093
8643
8498
8307
8146
8017
6985
8343
7595
7331
7175
9035
7530
7892
8244
8405
7283
7815
7743
7512
8537
8622
7857
8173
8365
15078
8343
8000
7629
8365
7511
8060
7690
8610
8702
8208
8071
7511
8179
8250
7152
7701
7256
8215
8222
8610
7314
7404
7853
8636
8298
7464
7481
7830
7938
7539
8120
7943
7726
7153
7174
7849
8727
7991
7259
7947
7713
7502
7805
8061
8294
8275
8598
7736
9390
7815
8423
7373
7045
8298
7448
7708
8066
7763
7671
7108
12534
8319
8393
9240
7415
8068
7933
8463
7713
8778
7870
8630
8779
8254
8608
8291
7610
8273
7779
7834
7730
7360
6869
7984
7796
7330
8456
8068
8408
7651
9231
8020
8298
7892
8066
8024
6867
8194
7750
7557
8473
7927
8810
8978
8273
8374
8280
8398
8411
8417
7989
8327
8408
7751
7704
7805
8232
7356
7189
7042
8002
8087
7962
8243
8002
6974
7521
7379
7931
7633
7433
8362
8196
7615
8394
8702
7110
8432
7663
7682
7986
8553
7394
7311
8219
7471
8133
7372
7600
7509
8715
8134
8015
8391
7896
7590
8635
7649
7976
7592
8446
8321
7691
8376
7510
7194
7196
8619
7984
7897
7339
7003
7781
8336
8237
7230
7507
8440
7374
6937
7163
7376
8117
7781
8121
7171
7808
7630
6938
8000
7520
7413
8047
7735
7359
8034
7310
7032
8131
7602
8671
7971
8571
7190
8061
8350
7241
7650
8027
7677
7412
8676
8169
7902
7179
6993
7805
8043
7324
7631
8446
8150
7405
7318
7025
7364
9181
7694
8434
7932
7216
8503
7793
7057
8801
8989
7596
7094
7523
8534
7232
8674
8292
7775
8421
7375
7203
10872
8158
7780
9131
8321
7707
8290
8593
8276
8107
7086
7734
8383
7628
7179
8570
7474
6964
7554
7792
8350
8824
8409
8054
7748
8158
7449
17548
7609
7694
7972
7205
7712
7984
8427
7841
8128
7261
8334
7776
7652
7371
7694
8138
8739
30629
7939
7721
8601
7465
7852
7679
7925
7308
8577
8038
7928
7434
7055
8129
8252
8336
7862
8246
7537
7506
8443
7999
8651
7815
8515
7656
8628
7071
7851
8599
7993
7511
8110
7951
7635
8540
7064
8016
7910
7984
7184
7841
7750
8732
7291
7823
8150
6955
7882
8318
8483
7033
7151
7606
8051
7394
7198
7164
7302
8008
8539
7754
7998
8324
7348
10350
7627
8248
8147
7005
8233
8257
8450
8298
9316
7024
8236
8886
7514
7930
8256
7523
7755
7306
7712
8539
8197
7724
8396
8186
8363
8117
7731
7159
7978
7336
7474
6969
8941
7789
7540
8232
8232
6927
8659
8643
7037
7170
7458
8192
7663
7612
7500
8745
8434
6919
7510
8882
7831
8015
7893
7451
8162
7565
8169
7936
8672
8242
7742
8566
8257
7040
8158
7375
8584
8595
6929
8411
7977
7838
7157
8425
7079
7954
7370
7012
7968
7720
8430
8332
8012
7615
7271
7682
7628
7398
7145
7613
7958
8038
8516
7905
7756
8171
8021
7350
7979
7785
7793
7219
8054
7548
8254
7164
7186
6943
7856
14871
7441
8438
7158
8141
7855
8543
8221
7921
7169
7281
8533
7246
7424
8122
8438
7904
8114
7276
7892
7112
7570
7835
8712
8182
7637
7537
8095
7612
7493
8415
7815
7620
8167
8461
7899
8190
7907
7851
7075
8052
8244
7289
7391
7471
8725
7974
7071
7902
7861
7682
7327
7690
7270
9753
7672
7190
7774
7297
7087
8136
7177
8370
7709
7528
7646
12437
7046
7334
7816
7750
7220
11861
8110
8114
7625
8358
7507
8094
8092
7522
9199
7800
7079
9018
7979
8251
8401
8575
7872
7895
7027
8048
8009
7984
7763
7758
8367
7795
7818
7861
7744
8815
7147
8189
7612
8561
8066
9332
8000
7379
9022
7625
8623
7390
27228
8675
7614
7474
7213
8027
7569
8619
7810
7572
7288
7231
7030
8081
8757
6924
8373
8211
7152
8737
7441
7530
7604
8415
7220
7853
8320
7855
7891
7439
7190
8334
8246
7945
7311
7377
7507
7569
8011
7845
8289
8561
8316
7153
7800
8064
7053
8309
7149
7358
7183
7469
8282
7374
8292
7271
9408
7862
7804
7591
7643
7084
9322
8451
7913
10660
8042
8385
7392
7200
8558
9020
8071
7538
7405
8227
7097
8248
7413
8192
8132
8394
8206
9441
8116
7892
8866
7732
7165
8625
8119
7855
9625
7402
8439
7589
8061
7387
8315
8236
8011
7934
8441
7183
7629
7184
8156
7640
8497
8000
7274
7141
8010
7352
7182
7016
8278
8307
8215
7989
7153
7879
8800
8192
7887
7196
7549
7994
8459
8321
7006
8635
7931
7851
8372
7774
8415
8144
7822
7160
8757
7266
8003
7421
7603
7574
8054
8604
7110
8746
8071
7127
8264
8239
7330
7138
7570
7644
8162
7434
8148
7653
8589
8170
7869
8038
7028
8269
7239
7776
7319
7828
7750
8750
7271
7722
7241
7549
8481
7774
7347
7215
8175
7964
8030
7493
7275
7367
8671
7578
8707
8640
7351
8354
8306
7748
8611
8107
7515
8123
7170
7698
7471
8263
7578
7098
7823
8683
7536
7244
13815
7856
7106
8919
7933
8153
7189
7450
8164
8231
7310
7845
8831
7833
7994
7819
8442
8271
7559
7387
8610
9189
7590
7581
9563
8401
7190
7787
8044
7041
9758
8156
8033
8587
7914
8131
7458
7397
7560
7743
7652
7648
8517
8384
8459
7534
8001
8565
9065
7993
7107
12990
7702
7195
8673
7352
8489
8000
8325
8176
8496
7814
7103
9743
7986
7562
8543
7840
7176
9491
7779
7815
7754
8565
8510
7609
8595
8351
7947
7041
8794
8005
7027
9753
7588
7535
8528
7513
7441
7226
8719
7160
7944
7101
7858
7517
12065
7235
7949
8026
7799
8521
8928
7565
7797
8692
7692
8387
8579
7712
7667
9040
7826
7514
9025
7908
8597
6953
8256
7329
8914
7421
8097
8111
7225
7851
8354
7521
8439
7629
8412
7984
7682
7817
8623
11168
7950
7170
7446
8676
7429
7943
7822
8297
8435
7289
7697
10532
7993
8441
8636
7517
8384
7630
8251
7675
7129
7771
7537
9879
7220
6969
7938
8417
7905
8615
7941
7472
9822
7149
8014
8938
7938
8175
8273
7716
7841
7776
7123
9241
7774
8558
7693
8254
8235
7447
7738
7230
8117
7659
7308
7109
7578
8470
7847
7392
8147
8452
7149
8587
7863
7433
7507
7786
8407
7803
8591
8738
8373
7548
7327
7245
8416
8536
7532
8386
8663
7365
8300
8011
7092
8249
8012
7733
7208
8757
7776
8348
8544
8567
8604
8225
8261
7614
7248
7713
7118
7740
7730
7976
8677
8057
8429
7397
8005
8035
7135
8001
7210
8547
8416
8352
8189
8273
7190
8216
8335
8123
7815
8614
8319
8401
8173
6908
8269
8441
7848
7662
7352
8051
7784
8117
7292
8550
8340
7681
7412
8148
7754
8541
8517
6958
8550
7276
7184
7898
8678
8042
8181
8425
7912
7608
7460
7533
7232
7676
7891
7275
7473
7788
7954
7791
6938
7427
8583
8394
8620
8100
7901
7208
7785
8186
8420
8647
7174
8113
7956
7465
7576
8576
7728
7475
7944
7936
7746
7514
8019
8242
8486
6891
8726
8580
8588
8112
7449
7748
7394
7387
6882
8450
8594
8183
6991
7385
7435
8684
7624
8471
7170
7611
8143
7093
8185
7301
6988
8753
8315
7096
10082
8519
7872
7828
7370
7176
8616
8542
7252
10137
8486
8230
7981
8578
7872
8293
7636
7975
31132
8461
7569
7147
8697
7174
8481
8281
8590
7982
7015
7964
7691
7389
8705
7838
8031
7307
7631
7754
7683
7774
7266
7522
8203
8143
7489
8671
8010
7600
7404
8396
7842
7415
8353
8056
7487
8242
7344
8046
7456
7124
8197
7114
8447
8252
7909
7643
7449
8232
7734
8287
8692
7626
8000
6911
7606
7153
7614
7590
7133
8181
7875
7323
7270
7552
8406
8353
8438
7969
7009
8522
8595
8155
7642
8914
8040
7007
7000
7303
8472
7333
7935
8671
7965
8170
7358
7610
8072
8335
8243
7352
7992
8884
8633
7768
7985
7568
7417
7445
7970
7938
7171
8392
6835
7915
7592
7125
8732
7587
7631
8608
7921
7916
8546
8397
7911
8227
8611
7120
7643
7449
8429
8564
7576
7087
7414
7758
7020
7907
7481
7724
8414
7831
8433
8535
7712
7706
7241
8008
8005
7464
7336
8328
6983
8733
8412
7594
7833
7511
7487
7493
8020
7496
8512
7788
7567
7704
7336
8087
8670
8256
7510
16056
8414
7590
7134
7359
8104
7769
8136
8059
7296
8066
7707
8575
7631
7851
7736
8512
8328
8205
8186
7841
7769
8416
8221
8328
7039
8224
8542
7915
8325
7169
7789
7267
7933
7737
7225
7198
7813
8430
7469
7592
7497
8405
8505
7920
8228
7241
8554
8127
8068
7167
7306
7973
8377
7975
8476
7348
8451
6989
7902
7646
7780
7830
8015
7756
8294
7893
7206
7572
7613
7796
7661
7839
8164
7219
8389
7749
7396
8497
7271
8202
7892
8543
7890
7935
7319
7170
9045
7625
8591
7832
7940
7874
8071
7770
8292
7735
8428
7390
8928
7109
8396
7984
8175
7677
7557
8156
7832
8786
7052
8276
10694
8113
8515
7252
6994
8291
8559
7877
8289
9381
7815
7598
10241
7718
7797
7873
8332
8151
8038
29323
8153
7816
7733
7692
8011
8363
7672
8212
7369
8655
7641
7886
8137
7480
7370
8132
7961
7368
7890
6993
6906
8658
7130
7196
8184
7142
7422
8502
8205
7940
7948
7884
6974
7889
7794
7761
8037
8194
7558
7632
7264
8478
8585
7425
7128
7770
8596
7407
7492
7879
8053
7233
7348
8317
8399
7230
7636
8302
8497
7425
8524
8202
7472
7598
7864
8187
7608
7983
7409
7881
7830
8097
7419
8957
8285
7546
8180
7733
7748
7535
7031
7590
9351
8515
7461
7411
7906
8089
8723
8239
8066
7818
7734
7530
9536
7689
7889
8211
8512
8369
8180
7421
8319
7584
7242
7820
8758
8201
7938
7757
8715
8426
8193
7248
7662
8410
7900
8143
7714
7167
6921
8439
10340
8483
7453
8183
7952
8102
7238
6975
7770
7956
7306
8251
8252
7103
7894
8135
7611
7428
7895
8472
7530
8624
7651
7359
7924
7380
8255
7649
7292
8635
8444
7513
8551
7298
7477
7807
7623
8074
8097
7560
7667
7135
7361
7207
8064
7863
7882
9401
7906
8158
8291
8451
7852
7715
7415
8494
7156
7181
7343
8033
8175
6923
8289
8170
7544
8477
7787
7208
7625
7619
8258
7774
8306
6942
7438
7468
7641
8658
7629
8614
7349
8197
7446
8728
7327
7198
8194
7651
8515
7908
8092
7241
7316
7736
7904
7800
7191
7656
8610
7448
7420
7405
7808
7710
8333
8764
8447
8076
8412
8398
7998
7523
8120
8496
8610
7190
7425
8545
8426
8203
8041
7140
7628
7899
6995
8031
8357
7589
8692
7667
8051
7318
7659
7250
8215
7446
7821
8736
8241
8156
7328
8675
8475
8255
8206
7188
8164
7769
7758
7343
8138
7714
7271
8589
6972
8070
7614
8116
8316
7169
7509
8010
7761
7606
8097
7785
7615
7456
8151
7395
7993
7163
7263
8089
8394
7450
7712
7815
8239
7743
8402
7414
8556
8266
8095
8663
8003
7555
8682
7171
8490
7392
8442
8313
8160
8632
7718
8158
8219
7683
8490
7157
7198
7115
8016
7957
7676
8237
8363
7721
9030
8023
8456
7934
8491
7897
7146
7013
7757
7796
7633
7788
8737
7895
7358
8145
7466
8213
8956
8010
7983
8814
7454
7114
9256
7827
7630
7613
7992
7817
7550
7292
8551
10641
7000
8638
8388
7177
8373
7892
7904
6997
7507
8484
7314
10953
7933
7109
9177
8302
7200
8392
8636
6921
8456
7723
8558
8332
7663
7469
7157
7276
8259
7884
8676
8222
8691
8031
8416
7818
7890
7835
8426
7275
7700
7439
8022
7774
8289
7630
7248
8765
7455
7978
8728
7585
7418
8522
7587
8473
7313
8322
8078
7755
8514
7488
7107
8415
8070
7664
7995
7651
8002
7506
8267
8238
7154
7653
7325
8714
7235
8445
7719
8215
8454
8358
7000
7607
7580
7786
7652
7933
7930
8428
7188
8039
7805
7593
8000
8531
7413
8554
7985
7629
7549
7287
7487
7363
8071
7953
7188
8379
7436
7930
7975
7951
6822
7931
8143
8314
7204
7550
8083
8525
7785
7908
8741
8249
7650
8128
8152
8497
7815
7514
8101
7289
8248
8006
8697
7209
7933
8548
7310
7772
8395
7030
8564
8075
7287
8452
7816
8168
7677
8293
8257
8916
8325
7451
7308
8172
7794
7794
7581
8071
7755
7311
7183
7655
8539
8717
7784
8379
7882
8456
7835
7799
8253
7750
7694
6965
8114
8918
8118
7890
7795
7774
8441
9074
7876
8196
7981
8292
8260
8380
7297
7873
8735
7569
8241
8526
8493
7241
8410
8758
7230
7748
7006
8587
9143
8033
7900
9832
8319
8415
7874
8352
8302
8276
7579
8674
8284
7776
8641
27519
8615
8268
7340
8533
7401
8097
7939
7804
8472
7619
7586
8435
7403
7774
8596
8313
8210
8718
7197
7174
7361
7117
8426
8702
7534
7233
7373
7193
7830
8120
8420
7543
8217
6755
8386
8590
7395
7869
7149
7790
7972
7933
8285
8756
8055
7573
8567
8014
8366
7669
7589
7447
7076
7788
7592
7406
8588
8444
8553
8478
6948
7700
7855
7194
8610
7391
7388
7428
7239
7436
8187
7544
7010
8161
8163
7469
7543
8158
8551
7277
7538
7565
7610
7986
7647
8576
8275
7115
7869
7471
8296
8555
8377
8471
7788
8506
7441
8180
8730
7261
7951
7250
7520
7794
7799
8361
6947
7875
7989
8213
7678
8105
8078
7559
7922
7832
7753
6963
7013
7783
8353
6960
8133
8005
7899
7411
7650
7894
7203
7396
7831
8054
7878
6923
7631
8679
7682
8227
7271
7123
7410
7592
7088
8068
8574
7194
8641
8598
7533
8244
8471
7394
8191
7733
6984
8646
7214
8399
8513
8156
7101
7999
7235
7200
8254
8600
7376
8474
7735
6950
8321
7387
7856
7641
7994
7367
8169
7372
7495
7517
7790
7848
7152
7998
7907
7681
8723
8040
7133
7615
7429
8099
7620
7550
8456
8491
8718
7740
7682
8513
7937
7585
7516
8536
7661
8338
8070
8467
7820
8358
7616
7581
8407
9347
7430
7170
8531
8440
7976
8815
8433
7856
8402
7676
8193
7510
8009
8357
8083
8041
7246
10192
7744
8661
8109
7238
7517
7973
7129
7732
9401
8011
8174
7994
7754
7199
9678
7733
7053
7502
8501
8013
8174
8317
8324
10252
7754
7417
8358
7775
7914
9219
7243
8336
9077
7841
8685
18693
8239
8194
7415
7848
8793
8206
7358
7362
7708
7600
7782
7972
8531
7276
7662
8198
7771
7817
7471
8276
8778
8261
8399
7832
24944
8181
7169
7558
8321
7813
6940
8542
8661
7762
7672
7355
7333
7063
8251
8461
8572
7243
8212
8600
7398
8334
8126
8223
7502
8224
7628
7989
8307
7992
8258
8551
8317
7635
8592
8184
7764
7211
7468
7887
7705
8101
8544
8701
8328
7540
7231
7749
8148
7266
7406
8435
7969
7568
7183
8674
7859
7672
7515
8241
7650
8635
7506
7628
8143
8031
7071
8253
8276
7915
8282
8208
8082
8000
8505
7259
7821
8260
8420
8420
8431
7533
7910
8310
7971
8682
7175
8114
7664
7522
8519
8475
7567
7462
7213
7590
9293
7303
7816
7670
8464
8452
8720
7841
8246
7451
7030
8023
7616
8064
8137
7485
7197
8744
7473
7377
7736
7825
8198
7956
8199
6997
8174
8138
7068
7825
7230
7466
8703
8296
7606
8141
7226
8373
7390
8569
7453
7159
7712
7693
8583
7600
8113
7758
7033
8254
7302
8202
8254
7773
8433
7984
8540
8074
8403
8003
7766
7684
8064
7820
8015
8132
7553
8371
8346
7761
7098
8273
7501
7676
7204
7191
7717
8010
7519
8482
8536
7923
8192
8764
8615
8261
7333
7801
8410
7989
7508
8435
7192
8051
7964
8241
7947
7871
7839
7834
8184
8041
8454
7197
8428
7221
7054
8252
7701
6852
7748
7527
7273
7697
8344
8356
7969
7974
7430
7393
8065
7553
8145
7275
7148
7810
8205
8597
8717
7617
7815
8230
8172
7333
7299
7131
8367
7650
7794
7364
8177
7185
7792
7933
8096
7373
8763
8712
7470
8482
8611
7960
8756
8101
7330
7301
8441
7630
7741
8809
8417
7494
8147
8356
7720
7245
8496
8351
8010
8381
7166
7655
7702
8220
7494
7547
7661
8564
8523
7913
7082
8488
7900
7621
7443
7310
9481
8467
8614
8550
7119
8454
9005
8537
8354
7753
7808
13626
7638
7792
7569
8593
8261
8570
8476
7420
8187
7756
7994
8161
7247
7749
8472
7328
7570
8203
22561
6982
8123
8558
7974
7649
7533
8215
8533
7324
7347
7409
7734
8405
7172
7356
8083
7130
7639
7950
7426
8078
7222
8451
7717
8092
7492
8378
7121
7538
8192
8043
8718
7607
6971
8820
7131
6994
7366
7194
8287
7342
8410
7590
7190
8551
8310
8590
8028
7678
8256
7822
8124
8079
8102
7734
7984
7457
8398
8087
7610
8046
8600
7866
7517
7604
7360
7311
8201
8143
7461
8371
8212
8576
7579
9657
7225
8165
8033
7513
7507
8476
7215
8388
7862
7029
7353
8428
7430
7607
7733
8531
8093
8448
8241
8384
7955
8061
7707
7139
8784
7558
8252
7394
7531
7701
8632
8422
8481
7652
7334
8074
8134
7495
8817
7456
8004
7576
8252
7884
7969
7574
7005
7461
8143
8536
8150
8025
8056
7231
8541
7738
7264
7358
7543
8703
8140
7954
8787
7357
8081
7639
7249
7107
7664
7605
7756
8298
7792
8241
7507
7271
7648
7957
7635
8500
7329
7712
7692
7826
7195
7623
8428
7813
7922
7712
7564
7188
8431
7841
7323
8183
8680
8415
8140
8248
8000
7925
7851
7761
8695
7474
7073
7937
7635
7801
8113
7829
7597
8609
7535
8281
7960
8341
7141
8297
7841
8149
7112
8593
7805
8487
8253
7528
7925
7871
8343
8102
8595
7290
7172
8107
7964
8401
7179
8652
7949
7389
8061
7581
7569
7749
8207
7213
8435
8104
7076
7404
8054
8516
7348
7430
7402
7550
8606
8553
7356
8476
8021
8513
8345
7948
7943
7177
7766
7896
7899
8819
7420
8646
7646
7738
7012
14213
8264
8107
8210
7859
8524
7557
7958
8478
7392
8411
8768
8406
8311
8057
7442
7613
7468
7679
7782
7776
31139
8356
7795
8635
8010
7368
7600
8011
8417
7968
7871
7953
8510
7660
8231
8432
7391
7947
7813
8337
8436
7379
7620
8632
7194
7915
8369
7257
7538
8149
7219
7626
8783
7590
7753
7997
8195
7471
7985
7989
8393
7805
8261
7692
8807
8302
7465
8636
8586
8110
7988
7934
8183
8295
8043
7916
7652
8043
7714
7273
7549
7874
7292
7843
7015
8202
8417
8340
7790
7265
8154
8675
7943
7748
7491
7682
8646
7912
7320
6930
8603
7773
7982
7464
8143
7791
8332
7651
8165
7877
7548
7553
7189
7978
8470
7307
7579
7222
7779
8532
7359
8283
8278
8604
7383
8613
8302
7167
7907
8379
8131
8136
8175
8150
7469
7148
8169
8008
7735
7840
7351
7923
7772
7878
7958
7620
8015
7390
8075
7768
7130
7271
7683
7303
8548
7733
8148
7513
8724
7833
7671
8081
8175
7162
8122
7216
7512
7602
8742
8531
7944
7954
7241
7969
7250
7182
8162
7155
7239
8540
8250
7066
8327
7860
6958
7800
8034
8064
7551
8404
7099
7168
7447
8226
7440
8058
7502
7705
7915
7132
7907
8254
8355
8187
8814
7789
8714
8234
7949
7282
8597
7235
8128
7634
8180
7394
8666
7025
7994
8010
7686
7492
8435
7089
8675
8000
8123
8210
7879
7731
7590
8422
8314
8263
9263
7010
8126
7413
8398
8414
7675
7740
7097
8226
7378
8319
7423
8064
7771
7547
7740
8497
8197
7300
8487
7959
8215
7913
7692
7128
7969
8163
7310
8773
7832
7880
8030
8246
7131
8081
7771
7379
8123
7978
7791
8525
7574
7613
7983
7580
8175
7778
8374
8180
7065
9569
7953
7240
8031
8111
8016
7607
7452
7538
9087
7851
8256
8581
8839
7896
8315
8664
8641
9299
7598
7180
9678
7617
7813
8345
8826
7972
7555
38381
7583
8170
7659
7609
8561
7442
7923
7389
7732
7143
7586
7732
7441
7158
7098
8701
8897
7136
7513
8724
7212
8019
7465
6872
7395
8671
7946
7376
7593
7385
7492
7314
7738
7597
8613
6946
7830
7288
6938
8317
7650
7748
7129
8579
8075
7130
7076
7526
8403
7429
6805
8301
7254
7121
7676
7047
7605
7589
8491
7961
7333
7382
7338
8483
7576
6934
7793
8252
7723
7076
8575
7379
8558
7620
7193
8178
7545
7554
8133
9600
8415
6999
7826
7739
7233
11451
8362
8600
7948
8108
8662
8163
8241
8133
8369
8126
7295
8161
7846
7937
8061
7891
7217
8435
7948
8511
8720
7880
7114
7901
7974
8000
7596
8478
8479
7207
8645
7482
7779
7687
7780
7705
8574
8291
7538
7221
7302
7913
7959
7301
7969
7833
7995
7979
7692
7559
7097
7977
7371
7273
7305
8560
7230
8068
7865
7379
8135
7338
8335
7750
8076
7374
7410
7601
7940
8671
7990
8492
8138
7915
8364
7727
8453
7972
7833
8371
8723
7353
7607
8234
7840
7409
8063
8083
7808
8540
7806
7447
8837
7489
7975
8596
7436
6934
7729
8518
7080
8293
7886
8077
7219
7774
8199
8676
8712
8469
8248
7907
7732
7404
8100
7946
7591
7656
7361
8362
8598
8253
8184
8398
8211
8114
7471
7418
8540
8006
7753
8075
8548
8635
8064
7894
7126
8079
8425
8005
8013
8199
7733
8675
8176
7974
7538
7066
7584
8111
7272
7177
8358
7779
8415
8302
7972
7948
7780
7438
8092
8056
8475
8162
8256
8579
8136
7823
7235
7055
7194
8295
6885
8276
7976
7351
7538
8174
8168
7334
7399
7138
7430
8666
8711
8015
7733
7369
7054
10739
8333
7041
9020
7835
7878
7705
8052
7376
9410
7775
7593
11960
8227
7102
7597
7313
18584
8084
7612
8209
7779
7831
8800
8161
6942
7822
7396
8492
7386
7933
7798
7225
7569
7097
8450
7301
7982
8051
9463
8566
7821
7837
8343
8272
7548
8560
7785
7912
7937
8463
8321
8449
7750
7866
7588
8795
7654
7475
8020
7773
8214
7942
8223
8042
8259
7158
7186
8333
8484
8080
7090
7714
8235
8466
7656
8497
7400
8967
8614
7145
7983
8270
8169
7182
7018
8198
7569
7958
7321
9668
8102
7893
8838
8030
8239
8102
7162
8150
7862
7453
8646
8199
7953
8015
7471
8493
8295
8424
8281
8116
8008
7717
8413
7247
8516
7287
8634
7210
8327
8102
8318
7631
7574
8025
8271
7971
8518
8175
8032
7616
8344
7697
8286
7248
7820
8726
7463
8589
8562
8114
7365
7759
7029
8854
8568
7049
7949
8276
7047
8353
8692
8580
7472
8571
7512
8409
7804
7219
8364
7719
6948
7322
8090
7989
7871
8339
8082
8567
8557
7872
8393
8456
7003
7729
7192
8258
7311
8459
7680
8899
8305
8311
8393
8076
7000
8139
7987
7935
7307
7589
8142
8174
8367
7216
7741
8467
7169
7609
7308
8117
7534
7502
8132
7574
7526
7736
8193
7374
8243
7471
7317
7087
8215
8676
7453
8576
7790
7173
7193
8598
8549
8157
8534
6955
8323
7208
8133
8083
8634
7784
7371
7487
7957
7163
9083
6858
8678
7694
7476
8624
7164
7509
7399
7794
7641
8643
8136
8463
7963
8009
8416
8626
8389
7781
7535
7193
8539
7235
7234
8337
8021
8603
6902
8536
7934
8055
8618
7153
6984
7912
8756
7130
8003
8470
7523
8441
8522
7468
8589
7578
7339
7471
6974
8185
9035
8789
7134
8557
7297
7063
7916
8135
7606
7652
10127
8194
7115
7679
7795
7776
7699
6880
8371
9064
8775
8226
7863
7073
7890
43796
7372
8278
7647
7280
7824
8428
8397
8370
7649
8326
8958
7518
8024
7409
8291
7462
7331
8792
7282
7104
8231
7871
8139
7127
7490
8715
8498
7911
8394
8061
7783
7536
7746
7676
7391
8601
8240
7972
7629
6887
7974
7915
7351
8309
7892
7104
7789
6958
7870
7548
8172
7969
8482
7954
8570
7249
7186
7240
8401
8398
7944
7563
8127
8346
7694
8619
6850
7775
7563
7825
8976
8640
7470
8303
7600
7604
8338
8675
8276
8695
7158
7669
8123
7596
8157
8151
8628
8025
7861
8123
8065
7747
7198
8444
7768
8013
8517
7117
8672
7168
8230
8635
7973
6791
7936
8289
7758
8368
7690
8219
7835
8154
6995
8634
8015
7824
8142
7471
8557
8174
8338
7017
6983
8202
8538
7859
8153
7276
8221
7952
7079
8097
7278
7890
8922
7235
7347
7614
7997
7127
7833
7570
7805
7450
8013
7894
8294
7120
7202
8182
7183
8377
8043
7879
7827
7695
7906
6858
7919
7267
7537
8438
8634
7469
7610
7979
7633
7146
8068
7313
8804
7990
7168
7888
7296
7670
7246
8562
7350
7952
8720
7912
8596
7958
7992
7673
8014
8021
19620
7800
7968
7436
8544
7166
8472
8333
7833
8251
8562
7928
7317
8299
8210
7163
8437
7454
7777
8540
8166
8733
8252
7645
7140
7765
6993
7862
7554
7389
8014
8261
7976
7665
7620
8138
8509
7596
7343
8656
8407
8371
8088
7558
7964
7460
7733
7005
8107
8479
6996
8151
8476
7361
8385
7153
6833
8010
7747
7548
7120
7729
7302
7774
8053
7397
8575
8569
7954
7633
8301
6914
8772
8224
8732
6994
7330
7841
7721
8661
7731
7357
7581
7655
7333
7133
6979
7068
7184
8304
7356
8273
8014
7318
7630
7803
7937
8372
7815
7181
8061
7927
7533
7968
39759
7770
8584
8374
7982
8139
8570
8038
7641
8449
7550
7352
8491
8348
8476
7163
8086
7093
7538
8068
8307
7852
7184
8241
7971
8767
8102
7092
7791
7449
7717
8461
8400
7943
8815
8235
8250
8143
8209
6878
7507
7993
7897
8333
7914
7821
7312
7897
7949
7699
7454
7587
7736
7293
8405
8497
7896
8353
7396
8216
8498
7782
8118
8128
8215
7337
7616
7936
7450
7831
7556
7794
8336
8239
7169
6956
7634
7184
7794
7269
8617
7735
7883
8088
8213
8142
8379
7544
8543
8557
7144
7589
8563
7846
7472
7530
8939
7848
8556
8094
7403
7992
7835
7955
7617
7802
8317
7571
8194
7093
8097
7009
7979
7906
8076
7993
7815
7287
7679
7446
7281
8461
8235
8123
8027
7752
7996
8210
7395
8638
7842
8714
7082
7312
8438
8116
8045
7317
7923
7837
8014
7667
7389
8619
7176
8065
7718
8132
7669
7813
8060
7090
8340
7780
8469
7606
7596
7210
7952
7597
8492
7987
7686
7480
7086
7100
8183
7189
7792
7674
7637
7141
8473
7956
7857
8328
7833
7874
7851
8621
7789
8091
7185
8005
8338
8428
8444
7795
8302
7386
8253
8568
7591
7771
8471
8092
7851
7392
8180
8262
7800
7673
7903
8148
7837
7474
7192
8221
6982
7967
8502
7973
8581
7740
7845
7342
8216
7357
7736
7309
7343
8441
8173
8024
7232
8698
7811
7150
8034
7584
8633
7169
6946
7426
7218
8492
7566
7605
7508
8500
8236
7194
8279
7160
8097
7789
8103
8000
8573
7450
7940
7189
8138
7897
8679
7775
7312
8670
8638
7593
8123
19667
8423
7531
8373
7372
7440
7363
7616
8738
7269
6877
8243
7720
7164
8290
7991
7402
8377
7855
7958
8374
8159
7394
7572
8173
7779
8461
7227
7576
7591
8271
8593
17435
7856
7876
7589
7194
7771
7100
7228
7435
7719
8245
7463
8097
7049
7093
8245
8188
8453
7693
7680
7774
7936
8565
8231
8235
8230
8269
7593
7571
7827
7598
8077
8309
7717
7361
8416
8556
7635
7234
7389
8373
8473
7597
9570
8425
7579
7871
7307
7868
7566
8369
8418
7809
8029
8016
8964
7717
7287
9025
7958
7591
8319
7824
8201
8204
8030
7866
7890
8119
7249
9082
8260
6932
8741
8479
7291
8425
8067
8633
8749
7854
7854
10492
8312
7375
7407
6936
8247
7416
7102
6936
11661
7723
8167
9161
7323
8401
7915
8025
8217
8533
8462
7455
8217
8220
8296
8502
8081
7570
8711
7639
7784
7440
8170
7789
7687
7571
7140
8195
7680
7952
7461
7690
8338
8201
7946
7260
8395
8382
7606
7529
8062
7961
8200
7811
7637
7483
7591
8297
8461
8379
8129
7786
7638
8130
7512
8121
8137
8459
7117
7284
8378
7764
7873
7681
7821
8267
7618
7986
7177
7348
8471
7477
8472
7620
6928
8366
7880
8293
7630
7245
7351
8525
7897
8593
8080
8240
8328
8251
7405
7247
7135
8585
6870
7511
7709
7551
7569
7520
8003
8469
7661
7090
8156
8689
6955
8496
8635
8486
8615
7052
7564
7228
8436
6898
8312
7317
7253
8230
7841
7177
8496
7866
6959
7757
7769
7908
8380
7947
7570
7181
8220
7153
8236
8107
8278
8333
7998
7658
7339
8625
6887
7488
7998
7389
8414
7789
8086
8370
7761
7343
7505
7472
7380
8358
7650
7484
7816
7682
6964
7520
7574
7756
7912
9244
7743
8552
8339
7045
7040
8353
8200
7398
11346
7379
8191
8422
8137
8123
8106
7327
7312
9068
7843
7160
9160
7712
7132
7342
6971
7820
8539
7817
8502
12491
8338
8584
7241
8301
8281
7211
8177
8405
39222
8303
8055
8133
7391
7819
7405
8466
7753
7164
8333
7491
7316
6955
8415
8114
7147
8549
7161
7051
7487
8436
6835
7461
8232
7449
7333
7995
7794
8469
7690
7992
7810
7501
8140
8420
7998
8336
8242
7169
7070
7250
7271
7141
8030
8204
8314
7071
8697
7439
8008
7309
8502
8211
7494
7707
7912
7786
7595
8506
7317
7387
7853
7933
7010
8324
7246
8242
7952
7697
7855
7781
7379
7413
7221
8202
7920
8174
7786
7198
7170
8035
8334
7902
8656
8298
8296
7513
7656
8029
8610
7480
7390
7859
8429
8301
8678
7188
7218
8537
8220
7254
7725
7820
7803
8337
8456
8082
8402
7828
8490
7568
7306
7549
7701
8741
7137
7903
7610
8075
8699
8721
7144
7620
7213
7662
8939
8008
7941
8309
7108
7610
7874
8276
8251
7607
8700
7507
7632
7482
8070
8052
7871
8200
7598
7849
8595
7776
8269
6906
7246
8549
8179
8570
7815
8120
7897
7586
7621
7997
8411
8128
7451
7627
7974
8007
8332
8470
8175
8275
7095
8448
8115
6969
7880
8451
8515
8357
7477
7413
8203
8325
8474
8184
8591
8256
8706
7907
7201
8097
7092
7176
8436
7332
7888
7413
8547
8402
7811
7394
7755
8828
7795
7292
8599
8232
8134
7631
7749
6939
7638
7328
7156
8025
7641
7769
8684
8171
8247
7368
7194
8327
8424
7214
7366
7169
8548
7957
8109
7174
6912
8630
7835
8137
8646
8512
8197
8394
7239
7612
7682
7095
8066
8398
8405
8378
8183
7427
7740
7892
7978
6928
8213
7611
7178
8268
7810
9629
7450
8407
6952
8420
8606
7508
8057
16144
7443
7406
7615
7031
8778
7956
7275
8345
8619
8213
8135
7872
8046
8091
7606
8584
8303
7923
7859
8325
7660
7772
7518
7186
8237
8553
7240
32973
7692
7999
6909
7310
7244
8344
7394
7875
7103
7178
8164
7974
7858
7282
7024
8547
7179
7564
7813
7303
7222
8182
7194
7406
7260
8499
8588
7934
8294
7878
8543
7978
6942
7716
7184
7495
7654
7210
7276
8059
8285
8324
8216
7685
7521
8441
7256
7003
8717
7882
8061
7733
7615
7793
8379
8215
7857
8394
7992
7136
7599
7380
7543
8282
7611
7536
7369
8388
8482
8131
7670
8193
8758
7671
8405
8443
8317
7031
7707
7644
7791
8011
8394
7789
8082
7271
7060
7906
7944
7866
7349
8158
7395
8367
8261
7982
8540
7620
8625
8312
8236
8605
7000
7857
8994
7761
7312
7322
8131
7788
8240
8372
7935
7496
7672
8341
8172
7099
8071
8030
7984
7988
7610
7504
7405
7331
7023
8195
7803
7948
8293
8619
8216
8471
7786
7661
7635
7394
8347
7520
7028
7250
7606
7292
7880
8829
8103
7069
7935
7396
6967
8013
7896
7217
8471
7676
7470
7369
7579
7630
7579
8590
6928
8077
7443
8322
7940
7790
7248
7060
8702
7996
7338
8042
7531
7854
7456
7161
8124
7994
7771
7403
8769
7992
8801
7547
7549
8271
7462
7115
8179
8068
7659
8754
7399
8167
7413
8025
8214
8235
7881
6969
8189
7770
7897
8568
7506
7788
7379
8659
8377
7953
7444
7414
7717
7877
7194
7594
7849
8133
7776
7764
7242
8215
8412
7300
8478
7764
7562
8748
7807
8012
7189
7922
8398
7507
8578
7124
8571
7514
8366
7937
8062
7586
7294
7889
17962
8671
7627
7236
8257
7935
8253
8561
7729
7560
7423
7427
7227
7408
7349
7253
7562
7960
8183
8035
7553
7757
7149
8653
7250
7715
7135
8021
8465
7676
7313
8170
7138
8375
8282
7711
7357
8353
8016
7048
7995
7336
7767
8691
7938
7993
10476
7406
7695
8323
7792
7564
7297
7281
7976
7823
8436
7935
7979
7729
7980
7210
7739
7878
7238
7589
7533
8151
7673
8229
7964
7415
7710
7845
8636
7755
7805
8397
7138
8060
7683
7849
8381
7985
7692
7933
8028
8348
8614
7622
8387
8097
7813
8389
7697
7152
7896
7629
7942
8605
8348
7791
7117
8524
7550
7344
8631
9118
7517
7951
7657
7972
7148
8743
7559
7931
7656
7756
7764
14923
7250
7818
8167
7972
8057
7859
8011
7389
7187
7622
8742
7815
8266
7994
8164
7328
7603
8512
7551
7244
7155
8207
8593
8534
7972
7641
8756
7251
7275
8121
8723
6974
7657
8077
7691
8775
8880
6810
8025
7733
8264
7962
7738
7558
8034
7934
7791
7620
8661
7293
7748
7389
8566
8486
8148
7176
7063
7175
7731
8059
7143
8393
8515
7507
7348
7456
7308
7615
7361
8257
8092
8251
7619
6990
7919
8293
7957
7340
8022
7851
7230
7354
6969
8204
7752
6871
7502
7605
7428
7138
7810
7907
8073
8100
7419
8215
7335
7328
7651
7380
7349
7820
7379
7588
7248
7752
7895
8732
7989
7712
8384
8517
6948
8672
7743
7391
8165
7860
7581
8779
8087
7857
8595
7476
8362
7595
7949
7155
8476
7317
7508
7931
7720
7991
8679
7597
8460
7928
8169
7871
7731
7411
7854
8916
7852
7051
8117
7150
8179
7689
7143
7176
7834
7650
7800
8086
8137
8393
8053
7831
7557
8625
7769
7108
8082
8635
7189
8059
8112
8507
7677
7676
8335
7204
7149
8236
8624
14095
7454
7639
7501
7901
8800
8298
7467
8675
7375
7774
8575
8282
7047
8054
8109
8111
8938
7726
7726
7943
8212
7777
7753
7676
7972
7932
7810
7189
8423
7805
7196
7890
8261
7548
7794
7803
6994
7349
7751
7471
124920
8344
7816
7805
8074
8085
7795
7573
7694
8393
8502
7652
7791
7376
7406
8195
7309
8080
8338
7561
7870
7389
6939
8666
8337
6907
7693
7651
8216
8191
8612
7554
7533
7299
6835
7681
8742
6864
8203
8455
6914
8170
8598
7423
8978
8600
8042
7037
7189
7943
7415
8420
7076
7879
7843
8378
8557
8775
7754
7418
7167
7218
8384
8235
7184
8101
7920
7972
7200
8420
7851
7683
8223
7006
8260
8589
7168
8652
8259
7053
7870
7598
7989
7426
8494
7661
7310
7770
7191
7809
8179
8074
8441
8291
7709
7263
8573
8069
8133
7480
8727
7053
8583
8015
7000
8083
7888
7938
8651
8200
7774
7591
7976
7967
8092
8236
7716
7834
8164
7369
8200
7686
7701
7365
7809
8405
8319
7153
7446
8705
7294
7592
8741
7943
7784
8051
8010
7871
8881
8448
8548
8314
7593
7884
7157
7707
8491
8410
8559
8041
8742
8721
8092
8442
8168
6995
7836
7932
7875
7277
7782
8173
8641
7203
7611
8071
8676
7253
7215
8704
8259
7974
8154
8324
8719
8605
7934
7553
7980
7583
8248
7461
7505
7309
8183
8220
7635
7429
7105
7998
8010
7707
7492
7999
7270
7858
8774
8174
8346
7141
8153
7450
7746
11726
7747
7851
7417
8258
7907
7168
7532
7427
6927
8014
7420
6946
7763
8605
7307
7912
7788
8415
8816
7916
7707
7638
7610
8420
8221
7263
6974
7687
8477
7744
8717
8436
8431
7152
7587
7097
7461
7625
8103
8741
7110
7609
8728
7788
6966
8083
7870
8071
8352
8565
8131
8750
8328
7329
7919
7823
8374
7283
8653
7189
7817
7420
7785
8552
7990
7711
7530
7998
7148
7790
8373
7154
7197
7809
6950
8423
7841
8491
7810
8484
7260
8689
7250
7463
8635
8193
8163
7423
7616
47011
7534
7610
7163
7523
7941
7069
8704
7688
7296
7136
7591
7830
8084
7753
7490
8099
7676
7105
8093
7571
7152
8417
8125
7235
7512
7387
7158
7831
7883
8581
7779
7441
7261
7848
7628
8148
7715
7639
7004
7154
7271
7962
7534
7540
8300
8396
7630
8074
7851
7769
8802
7697
7496
7203
7961
7352
7475
8158
7198
7793
7353
7414
7661
8107
7090
7848
8663
7914
7619
8103
7865
7409
8110
8030
7876
7404
8153
7465
7076
7791
7429
7220
8229
7261
7979
8015
7221
7692
8049
8190
7794
7256
6909
8194
7619
8061
8055
8684
8487
7010
8948
8432
8382
7241
7749
7449
7659
7851
7614
8750
8099
7813
8139
8140
8497
8112
8431
7570
8276
8554
7532
8694
7322
7207
7321
8122
7558
7522
8655
7970
8794
8060
8215
8592
7998
7892
8477
7992
7477
8648
8010
6928
7760
7985
6929
8615
7591
7990
8274
7845
8308
7187
7733
8737
7387
7977
7767
8179
7785
8481
7583
7735
7052
7956
8790
8569
8364
7469
7215
7913
7697
7569
8450
7677
8134
8319
8031
7712
8831
7924
7671
8692
8113
6993
8361
7755
7524
7509
7437
8210
8133
7879
7717
8568
8743
8148
7594
7194
7789
8150
8241
7206
8712
7986
7686
8359
7685
7912
8195
7296
8323
8146
7690
7577
8751
8600
7868
7358
8339
7484
8099
8080
7082
7301
7739
7810
7295
7912
8253
8604
7211
7100
7147
7945
8341
8368
7594
7777
8107
7400
7617
7332
8016
7616
7751
8487
8415
7959
7430
7667
7213
7915
8165
7953
7373
7534
7941
7382
6986
7312
8392
7248
8336
8772
7917
7804
8379
8455
7956
8366
7350
7880
7410
7400
8720
8220
7529
7898
8393
6970
8181
7981
8394
8244
7409
8340
7336
8471
8662
8142
7410
8405
21507
8008
6976
8798
7777
7569
7829
8000
7092
7676
8454
7320
8010
8181
7581
7389
7608
7336
7251
8887
7053
8435
8130
8379
8035
7757
7979
7372
8364
8479
7831
7311
7834
7192
7203
6956
7899
7467
8097
8233
8151
8134
8097
7115
7020
7990
7591
7616
8595
7568
8184
7694
7285
7378
8436
7704
7482
8473
7834
7068
7811
7218
7548
8768
7755
8015
7910
7366
7491
8650
8046
7561
7777
9578
7364
8058
8227
8117
7989
8904
7084
8106
9133
8020
7211
9451
7806
8737
7888
8615
7566
8212
8312
7719
8487
7651
8224
7084
8255
7922
7722
8411
7621
8553
8025
8237
7226
8583
7587
8094
7698
6984
8413
8301
8657
7234
7333
7600
8235
8595
7025
8164
8384
7796
8478
7947
7896
7257
7814
8535
8174
8333
8562
7507
8027
7971
7672
8138
7917
8494
8661
7501
7530
8181
7794
7538
7583
8134
7650
8213
7555
8051
8220
7119
8620
8077
8349
7513
8185
8115
7550
8003
8138
7847
7851
7388
7949
8135
8256
7496
8017
7447
7849
7293
7251
7342
7904
8134
7338
7734
6891
8153
8152
7189
8168
7691
7379
7527
7429
7383
7113
8489
8418
8415
8425
8132
7676
7293
7589
7346
8218
7022
8051
7661
8437
8538
8556
8161
7862
8170
7158
8235
8067
6908
8461
8592
8209
7687
7916
7439
8671
7627
8228
7993
8031
228010
7869
6784
7971
7021
8610
8415
8335
8666
7642
6869
8446
7238
7911
7650
8014
8168
7215
7745
7615
8339
8461
8256
7736
7995
7343
8109
7859
7742
7972
8142
7755
7558
8237
7864
7153
7260
7930
7352
7775
8220
7819
7764
8448
8022
7758
8563
8500
7899
8346
8493
8076
8112
8630
8200
7489
8386
7859
8557
7780
7154
7557
8451
8364
7250
7720
7209
7435
8215
7516
7671
7732
7826
7435
8198
8720
7370
7370
8220
8153
7731
7109
7343
8395
7558
7560
8034
8629
7620
8667
7963
7762
7293
7664
6964
8029
7548
7222
7715
7467
7187
8529
8555
8620
8008
8283
8560
8394
7785
8085
8435
7943
7235
8110
8213
7219
7917
7642
8211
7085
8291
7580
8184
7997
7549
8243
7997
7804
8392
9288
8102
8532
8461
7825
7912
7461
7643
8608
9146
7703
8168
7833
7936
8302
8039
8090
8493
8045
7907
7456
9094
7312
8069
8241
8484
8354
7915
7316
7492
9259
8573
7364
8121
7461
8831
7814
7974
7629
8094
7678
8092
7081
7433
8379
7996
7704
7700
7184
8133
7217
8613
8181
7190
7887
6931
7907
8571
8516
7779
7459
7049
8256
8778
7989
8617
8535
8379
8139
7217
7080
7170
8033
6974
8053
8339
7628
7211
8357
8558
8455
8244
8181
7815
7451
8182
8037
8705
7379
8456
8553
8136
7871
7635
7753
8331
7823
7256
8200
7126
6973
8396
8236
7443
7478
8242
8141
7984
7862
7468
8053
8394
7502
8697
7215
8230
7489
7912
8332
7793
7398
7356
8058
7692
7938
7748
8123
7835
7748
7912
8190
7276
8060
8180
8253
8284
7708
7400
7594
7008
8010
7979
7020
8263
8061
7317
7810
8670
7633
7972
7491
8203
7972
8115
7151
7748
7543
7440
8147
8035
7038
7947
8178
7348
7214
7865
8292
7990
8117
7330
8364
7917
7717
8461
8538
8128
8530
7042
8343
7979
8005
8135
8717
7234
7317
8253
7682
8113
7141
8456
7792
7557
8747
7907
7687
8389
7640
7693
7751
8386
7174
7300
7170
8615
7344
6984
8213
8220
7604
7661
7260
8291
8338
8062
7109
8657
7328
7638
8769
7252
7761
8171
8401
7350
7426
7355
7837
8556
7436
7934
8469
8263
46921
8383
8388
7364
8011
7251
7132
8106
7306
7491
7150
8244
7800
7364
7393
7894
8733
8183
7471
7929
7351
8304
7450
7591
7075
7306
7481
8001
7564
8623
7471
8476
8557
6917
7335
7127
8416
8515
7489
8426
7289
7415
7458
7940
7636
8242
8071
7441
7920
7372
7459
7151
8150
7793
7649
8574
7972
6988
8241
7712
8018
7410
8193
8194
8070
8725
7630
7299
7794
7464
8137
8238
6988
7769
7192
8324
7155
7328
8198
7716
8294
7339
7097
8349
8155
7662
7597
7923
7312
8021
8015
8506
8403
8360
8184
8836
8747
7932
8630
7473
7692
8280
8320
8222
7731
8243
8178
7029
7193
7767
7618
8411
7538
7751
8682
7769
8103
8405
7733
7911
8260
6962
8546
8275
7435
8508
7575
7444
7337
8392
7009
8311
7248
7695
8104
8407
7769
7205
7834
7539
8258
8090
7910
8005
8316
8504
7379
8329
8392
7748
8630
8180
8445
8281
7872
7187
7527
7443
8250
8298
7064
8156
7816
7716
8078
6969
8133
7271
7125
7533
8179
7490
7227
7989
8771
8112
8506
8220
7829
8344
7398
7746
8272
7964
6906
7855
7728
7405
7443
7310
7656
8745
8476
8588
8414
7174
7574
7393
8230
8394
7128
8092
7089
7895
8563
7750
7241
7728
7185
7209
8477
6942
7368
7632
7914
7271
8578
6809
7188
8379
6934
8156
7140
7568
7915
7732
8252
7617
8061
8046
7538
7851
7512
7913
7454
7648
7271
7309
7568
8059
7953
7082
8530
7391
7929
8358
7853
7558
7765
7932
6794
8229
7658
7697
7533
7381
7851
7239
20856
7214
7043
7510
7476
7974
7573
7179
7138
8013
8243
7901
8348
7651
7473
8380
8233
7810
8530
8295
7586
8194
7876
7292
8349
8033
7376
7789
7523
7161
7739
7589
7219
8015
6968
30106
7407
7076
7783
7337
8013
8253
7194
6931
8241
8287
7898
7486
7403
7812
8584
7548
8549
7739
7378
6879
8700
8382
7613
8709
7244
6990
7461
7476
8129
8357
7318
7662
8569
8153
6948
8254
7850
8098
7494
8404
8183
8411
7736
6976
8165
7745
7918
7707
7241
7943
8355
7742
7244
8383
7476
8588
7090
7621
8081
7051
7379
7728
7982
8651
7569
7088
8543
8133
7091
7592
8321
7581
7726
7464
6936
8230
7426
8092
7011
7651
8360
9630
7704
7294
8308
7097
7041
13426
7293
7586
9200
7711
8137
8182
8005
9119
7997
7829
7424
7984
8771
7372
8029
8131
7251
8417
7357
7974
7218
7968
8123
8033
8182
7082
8160
7063
7497
7844
8090
7454
8615
7977
7092
8508
7836
7261
7310
7454
7041
7804
8101
7836
7650
8146
8132
8149
7434
7024
8474
8467
7734
7257
7899
6847
7956
8092
7538
7210
7685
7722
7458
7575
7109
7548
7887
7395
8005
8446
8012
7412
7207
7714
7939
7543
8152
8342
7540
7959
7753
7692
7721
7645
8032
7760
8088
8765
7124
7923
8396
7919
8343
8591
7603
7506
8461
7271
7603
8518
7847
7414
7088
8059
7622
8212
7753
7604
7978
8066
7389
7189
7287
8576
8128
7755
7782
7518
7483
8197
7758
7357
8237
8218
7617
7695
7348
8223
7227
8548
7475
7270
8153
8304
7927
8234
7449
7133
8210
7054
8571
8010
7811
8733
7175
7493
8359
7994
7094
7897
7966
7360
8486
8203
7270
7169
8723
8149
7544
7490
7345
8346
8209
7584
7030
7558
7449
7369
12088
8178
8269
8482
7272
8133
8716
7305
8225
7737
7766
7215
9435
7587
7204
8664
7278
8415
8095
7921
8331
9311
8293
7733
10481
7590
8343
7644
6958
7059
9764
8150
7986
8074
7925
8030
52466
7855
7153
8193
8002
8152
7239
7349
8011
8037
7789
7602
7554
7179
7550
7301
7506
8415
8130
7759
7015
7243
7409
8243
8651
8578
7994
8256
8138
7743
8656
7910
7688
8021
8138
7429
7871
7010
8184
7384
8087
7156
7861
8393
7998
7827
7552
8639
7910
8461
8337
7983
7064
8014
7921
7225
7974
7630
8121
7329
7232
7576
7911
8169
7558
8690
8394
7443
7361
8020
8364
7513
8654
7660
7594
7656
7599
8492
8067
7647
8653
7711
8338
8588
7154
8431
8073
8540
7611
7558
8436
8225
7963
7760
8374
7879
7508
8211
8332
8200
8507
8353
8055
7730
7218
8212
7926
7634
8009
7550
7138
8480
7906
8216
7706
8728
6925
7696
8384
8347
8218
8430
6933
7692
8247
7704
8174
8266
8390
8033
7541
7813
7335
8068
8156
7777
7829
7914
8492
7592
7802
8276
7398
7684
8076
8057
7460
8198
7608
7780
8643
8162
7179
7456
7100
7118
7605
7866
7905
7394
7628
8241
8315
7971
8196
8095
7717
7592
8605
8535
7659
8519
8447
7328
7749
7649
7515
8025
8420
7786
8119
8301
8299
8215
8535
7660
7169
8302
6990
8543
8397
7897
7567
8192
8128
7919
8087
7973
7270
7930
7907
8587
8182
7539
7779
7598
7015
8386
8620
7688
8383
7104
7213
7829
7893
8501
7451
7386
7382
8488
7810
7841
7528
8580
7777
8518
7130
8051
8438
7328
8354
8031
8411
7918
7223
7199
8064
8134
7877
7203
7812
8498
7694
7330
8069
7834
7333
7380
8010
7944
7353
7533
8794
7361
8388
7617
7813
7035
7802
8630
7910
8371
7901
7381
7749
7374
8625
7996
8113
8423
8029
7588
7012
8574
7189
8396
7316
8033
8049
7331
7145
8317
8497
8022
7095
8161
7973
7350
8656
8022
7754
7413
6980
45932
8133
7394
7589
8586
8260
7531
7480
7795
8112
7857
8346
7993
7609
8679
7002
8518
8015
7529
7219
8269
7025
7596
8633
6970
8080
8499
6793
8172
7753
8021
8073
7929
8320
8673
7656
7180
8358
8183
8035
7239
8548
7920
7036
7360
6917
6966
8607
7045
7856
7477
7744
7675
7446
8279
8056
7460
7827
8386
7559
7694
7994
8173
7141
7609
9890
6964
7475
7394
7916
7788
8559
8482
8025
7255
7894
8795
8138
7436
7611
8303
7220
8601
7529
7774
7857
8267
7133
8269
7979
7571
7256
7872
7391
8441
8405
8777
7056
8648
7864
7491
7582
8154
7467
7971
7525
7104
7956
7726
8286
7361
7392
7688
7892
7587
7569
7878
7451
8235
7179
8693
7557
8354
7019
7594
7224
7793
7874
7189
7245
7915
8056
7271
7861
8593
8010
7671
7358
8423
8435
7774
7205
7666
7158
7329
7549
7855
8512
8394
7763
7666
7892
7740
7852
7281
8475
8426
8262
7580
8354
7331
7318
7284
8011
8115
7979
7157
8027
7029
8276
8740
7572
8049
8558
8177
7837
8225
6976
6959
8490
7649
7805
7188
7386
8094
7661
7877
7682
7592
8620
8267
8005
7656
8193
8875
8554
7783
7774
8540
8153
7820
8158
7278
8727
7474
6661
7950
7222
8194
7768
8627
8350
8440
8502
7112
8076
7685
7149
7136
8075
6968
8179
8043
7167
8029
8160
18347
8198
8170
7410
7525
7918
7288
8250
8277
8274
8021
7747
7603
7953
7548
8173
8459
8256
7557
7814
7097
7190
8507
7890
7874
7418
7119
6918
8165
7481
8047
8569
7810
8243
8502
7162
8242
8233
7555
7202
7989
8241
6970
7189
7833
7491
7895
8006
8501
7872
8112
7041
8053
7984
7584
8155
8614
8419
8523
8495
7929
7236
7651
6905
7914
8567
8000
30999
8415
7129
7538
8448
8420
7054
7490
8142
8495
7262
8218
8095
7851
7550
7148
8310
8473
8572
7471
7914
8186
7210
8395
7266
7907
7209
8333
7296
7405
8359
8211
7652
7336
7581
8065
7167
8139
7997
8476
7276
6989
8075
7754
7774
8384
7983
7085
7690
8217
7550
8532
7348
7502
7733
7915
7573
7330
7492
7992
8547
8562
6943
8435
8091
6955
7615
7722
7456
7315
7684
8320
7133
7637
8143
7983
7902
7319
7733
7407
7973
7461
7570
7134
7548
7687
8329
7870
7912
8634
8592
9046
7915
8744
7619
8338
7590
8174
7923
7687
8431
7162
7074
8177
7281
7764
7757
7733
8331
7164
8150
7456
7136
8619
7088
7841
7178
7330
8400
7589
7917
7304
7568
8459
8233
7451
7547
7973
7446
7751
8625
8010
7328
8267
7799
6956
8429
8056
7815
8729
7661
7669
7849
8335
8405
8417
8607
8011
7530
7698
7733
7500
7210
7888
8388
7144
7935
7196
8296
8540
8354
8091
8018
7271
7938
7629
8711
8173
7413
8210
7830
7498
8616
8563
7749
8028
8233
7070
7368
7212
7691
8260
7987
7085
8143
8179
8367
8037
8129
7842
7210
8194
7516
7895
7287
7205
7992
8545
8523
7971
7372
7654
8367
6949
8415
8009
8165
7697
8656
8694
7045
7991
7749
7466
8038
8192
7986
7269
8373
7949
8192
7555
8315
8046
7721
8520
7471
7198
7077
8434
8300
6912
8049
7476
7463
8335
7820
7000
8021
7332
8274
7306
8051
7260
7705
8395
8365
8030
7923
7497
7794
7390
7949
8562
7829
8173
7820
7976
8215
7443
7574
8303
8403
8478
8035
7373
7998
7558
8671
8061
7126
8577
7969
7246
7742
8009
8311
8636
8118
7488
8070
7466
8054
7723
9123
7613
8442
7622
8050
8302
8733
8556
7866
53099
8419
7604
8503
7842
8236
8161
7549
7109
7130
7130
7656
8320
7224
7255
7635
7815
7206
7885
8189
7891
7458
8134
8051
7795
7613
7158
8333
8203
8122
7483
8417
8001
7410
8567
8000
7851
6978
7554
7851
8121
7674
8093
8032
7810
7670
7534
7553
8427
8076
7710
7998
7008
8205
7349
7759
7235
7467
7045
8151
7185
7933
8282
7610
7707
8718
8349
8001
7656
7953
7388
8478
7964
8345
7995
7430
6980
8088
7250
7178
7984
8128
8090
7610
8352
7735
7983
8150
7371
8384
8415
8465
8093
8384
7669
8420
8774
8091
7574
8455
7271
7851
7801
7669
7956
8789
8654
7315
7758
8463
7460
7382
8401
7733
7652
7991
7334
7393
7852
8060
7462
7217
7310
8198
7823
7885
8693
7871
7321
7506
7885
7769
8222
7167
7148
8189
7285
6921
8334
8755
7356
8591
7490
8031
8130
7470
8497
8097
7889
8186
7830
7671
7296
7384
7550
6983
8414
7638
7512
7458
7776
7966
7339
7584
6991
8600
8600
8480
7143
7253
8285
8467
8683
7035
8291
8018
7726
8506
8143
8263
8035
8013
8227
8045
7434
8602
8390
7256
8135
7233
7382
7107
7148
7595
7266
7727
8374
8474
7233
8702
8400
8640
8027
8337
7444
8302
8324
8415
8394
7201
8158
8556
7647
8736
7868
8087
7671
8805
7764
7740
7391
8712
7793
7369
7579
7197
8758
6938
7277
8602
8389
8077
8137
8202
8010
8369
8082
8615
7565
8279
8654
7677
8539
7880
7180
7652
7721
8372
7852
7422
7415
8297
7750
7591
7066
7960
8205
6916
8459
8374
7943
7305
7340
8422
8297
7695
8209
7833
7932
7549
7546
8414
7851
7471
7661
7795
8438
8676
8355
8024
7350
8052
8328
7178
7343
8230
8257
7562
8606
7432
7720
8712
7367
55366
8237
8615
7558
8256
8721
8440
8509
7733
7998
7207
7435
7712
7820
7901
7624
7155
7695
7892
8196
7237
7145
8221
7915
8468
7994
7247
7873
7466
7311
7378
7750
8292
8354
8177
7937
8107
8486
8524
7026
7530
8074
8020
8577
7410
8533
8186
7577
7895
7651
8781
7781
7189
7596
7963
7471
8444
7107
8548
8261
7451
7796
8168
7883
8751
8344
8505
7174
7266
8453
8624
8461
7926
8881
7692
7613
8015
7155
7244
8717
7833
8034
8814
7638
7471
7661
8154
6986
8292
8074
7659
8567
7834
7192
7789
7800
7946
8012
8866
8325
8360
7962
8246
6994
7932
7787
8266
8446
7312
7861
7886
7627
7841
7651
8758
7754
8462
7245
7046
7446
7334
8165
7946
7569
7907
7696
8373
8213
8539
7755
7844
7735
8684
8594
7815
7986
7052
7885
8004
7861
7404
8162
7108
7456
8065
7050
8301
7454
7990
7872
8112
7589
8736
8196
8481
7898
7196
7589
7360
7853
7932
7842
8188
8241
8771
8630
7179
8005
7789
8453
7347
7210
7118
8437
8384
7957
7451
8194
7215
7926
7470
7310
7782
7586
7832
8778
7774
8236
8081
8638
7254
7976
7878
8003
8492
7419
8106
7768
8098
7938
7326
8422
6979
7821
7452
7407
7239
7907
8469
7608
7447
6976
7969
8120
7225
8069
8902
6908
7238
8424
7356
8092
8477
7842
8681
7431
7488
7518
7823
7513
8636
7531
7123
8217
7917
8291
7422
8081
7964
7612
7875
7492
7960
8186
7037
8158
7172
7571
20364
7969
8056
7892
7520
7051
8422
7793
7566
7494
7659
8205
7822
7271
7034
8223
7661
7489
7143
7370
7431
7588
8016
7087
8338
7991
7923
7242
8567
7989
8098
7646
8272
8492
7426
8038
8176
7426
7792
8172
7361
6971
8236
8005
7341
23659
7331
7574
8546
8111
8394
7984
7270
7821
7989
8231
7857
7133
7412
8564
7611
7596
8477
7011
7830
7823
7292
7227
7225
7791
7189
7733
8257
7132
8427
7376
7911
7241
8895
7970
7740
7361
7933
8245
8033
8737
7231
8484
7332
7789
8356
7348
7499
8170
7692
7557
8738
7953
8138
8437
7831
7014
8541
8295
7908
8455
7535
8158
7430
7742
6824
18184
8328
7708
7547
7580
8087
8612
8104
7515
8597
7645
7669
7522
7232
7608
8315
7485
7420
8414
8456
7794
8535
7545
8174
7994
8423
7189
7431
7595
7594
8229
7989
7859
7831
7911
8287
6951
7201
7690
8285
8794
8106
7208
8203
7789
7251
8958
7833
8029
9046
7454
8003
7892
7489
8291
7379
8379
7644
8117
8369
7709
7413
8564
7705
7460
7615
8052
8337
7890
7261
8080
7438
7026
7134
8788
7878
8154
8261
7087
8116
7895
7856
8533
7177
8288
7741
8223
8184
7741
7851
8232
7948
7772
7410
8200
7429
8171
8230
7285
7854
8736
7900
7626
8399
8189
8466
8058
7492
7280
8514
8380
7189
7570
8351
7738
7460
8205
7541
7871
8229
6931
7575
7836
7158
7630
8634
7792
7251
8220
7030
8241
7389
7174
8769
7600
7710
7358
7755
7770
7522
8074
8430
7714
7974
7969
8460
7408
7728
7611
8297
8093
7667
7415
7728
7232
8555
8483
7752
7976
7612
7997
8162
8265
8353
7654
8086
8505
7760
7562
7799
7909
7953
8167
8098
7231
8672
7353
7753
8714
7211
8534
8282
7661
7935
8312
8330
7098
7136
7242
7792
8569
7789
8501
8149
7342
8219
8030
7643
8197
7821
8073
7331
7330
8174
7820
8035
7396
8184
8178
8769
7991
7810
7437
7472
7520
7776
7565
8438
7712
7121
8423
8111
7325
7253
8437
7659
8194
51400
7743
8044
8395
7309
7806
8020
7600
8719
7811
7982
7861
7333
7281
7613
8476
7994
8220
7652
7717
7204
7172
7772
7534
7275
6792
7980
7297
7375
7247
7130
8172
8435
8141
6991
8761
7710
7136
7189
8148
8284
8413
8436
7303
7622
8578
8225
8598
7813
7407
8555
8440
7617
7689
8030
8214
8686
7714
7816
7759
7163
8402
8102
8134
8103
7487
7772
7692
7114
7428
6969
7466
7502
7271
8016
7610
8618
7419
7638
6894
8789
8195
8266
7769
7970
8041
7177
7779
7348
8106
7282
7940
7686
8193
7600
7292
8571
7926
8374
8295
8510
7994
7236
7753
8142
7984
8169
7530
8202
7831
8168
7395
8111
8007
7454
8180
8465
7706
8620
7750
8231
8427
6969
7318
7676
7301
8456
7721
8307
7745
7653
7100
8174
8090
8174
8214
7572
7456
7328
7825
8431
8540
8546
7737
7641
7241
7537
8060
8497
6991
8554
8005
7582
7220
8215
8034
7410
7301
7378
8454
7952
7563
7254
7425
7912
7518
8066
8497
8069
7864
7000
8184
7744
8200
8635
8420
8453
8286
7917
7124
8254
8537
8043
7155
7390
7470
8308
8164
8143
7259
7260
7875
8727
7617
8341
7595
7483
8376
8143
7916
7830
7166
7531
7216
8207
7882
8466
8068
8399
7809
7298
8100
7119
7587
7957
8412
8001
8753
8098
8546
7828
7353
7782
8054
7096
7597
7485
7707
7720
8475
7027
7570
8579
7207
8430
7441
7581
7788
8665
8666
7993
8491
7609
8176
7683
7065
8257
7623
8463
8173
8188
8173
7420
7774
6938
8157
8162
8324
8196
7791
7877
8717
8553
7637
7307
7621
7400
7982
7227
7533
7861
8676
8138
7347
7385
8210
7493
8671
7510
7912
7702
7402
8437
7680
7392
7610
7441
8195
7931
7627
7709
7236
7148
53433
7310
7835
6937
7732
8457
8574
8394
8080
7862
7279
7463
6986
8216
7974
8135
8652
7507
8099
7376
7952
8026
7357
7333
8298
7325
8429
7775
7796
7177
7348
7974
7776
7504
8143
7965
7847
7536
8572
7533
8089
8182
8389
7912
7079
8199
8542
8728
7093
8701
7398
7369
7097
8421
7541
7473
7430
7455
7200
8097
6712
7855
7364
8302
7055
8831
7147
7929
8247
8014
8222
7572
8333
8450
8623
8171
8596
8607
8020
7348
7434
7230
8098
7417
7099
7471
8441
7055
8616
7414
8058
8118
7384
7589
7812
7765
7956
7806
8687
7169
8401
8464
7494
8543
8109
8522
7871
8626
8041
7047
7271
7939
7571
7159
8020
7010
8102
7236
7825
8255
7283
7312
8476
8456
7950
7452
7258
7887
8353
8794
8487
8399
7741
7205
8216
8600
7630
7813
7789
7772
8299
7887
7133
8073
7360
7841
8128
7432
7526
7826
8624
7139
8588
8364
8610
7452
8732
8196
7476
7911
7361
8447
7809
7784
7934
7311
7143
7279
8494
7191
8576
8271
7808
8795
8733
7766
7180
7692
7023
8414
7809
8052
8355
8031
8110
7319
7126
7179
8640
8293
8472
7651
7044
7875
8234
7112
7880
7376
7528
6933
8584
8534
8361
7759
7971
7712
7213
7071
7502
8468
7419
6928
8812
7984
8073
8338
8133
7293
7952
7421
7779
7225
8010
7692
7813
7183
7190
7794
8066
8508
8031
8153
7758
8732
7971
8301
7848
8048
7960
7829
8410
6951
8281
7428
8439
8434
7811
7798
7706
8115
7682
7512
8072
8451
8721
8056
7051
7706
8316
7849
7576
7085
7103
8453
8225
8295
7593
8478
7938
7543
8002
7005
8379
8297
7467
8440
7405
6870
7902
8412
7571
7687
7466
7797
7205
8002
8149
8548
8651
7689
7305
7832
7408
36964
7178
7117
7886
7455
8303
8011
8192
7146
7851
7297
7128
7207
7450
7671
7627
8456
7163
8036
7456
7464
7953
8755
7789
8507
7951
8139
7810
7806
7887
8143
7690
7942
7667
7228
7235
7966
7718
7870
7958
8042
8321
8002
7882
7090
7847
7354
8138
7312
7651
8471
7128
8246
7171
8197
8560
8083
7705
8020
9578
7133
8129
7555
7353
7875
7920
8465
7801
8126
7454
8187
6946
8425
7574
7508
8717
7975
8385
8207
8175
7047
8144
7765
7365
8017
7148
7283
7131
15313
7374
8293
7774
7752
7642
7667
8487
8697
8138
7703
7906
8132
7598
8580
8074
8263
8382
7746
7491
8076
8189
8759
7928
8317
7675
7472
7441
7792
7787
7172
7460
8455
7897
7552
7208
7335
7489
7761
8672
8024
8217
8228
8414
7776
8394
8356
7636
8023
8022
8364
7958
8162
8192
9024
7203
7410
8106
7492
7978
7270
7601
7357
7205
8698
8416
8238
7853
7254
7653
8356
8200
7048
8172
8173
7317
7878
7199
7143
7473
7769
7383
7485
7605
7213
8401
7298
7167
7976
7678
8366
7669
8372
8448
8405
7565
8242
8658
7189
8503
8174
8559
8092
8821
7730
8465
7865
7867
7449
8125
7098
8377
7555
7716
7572
7618
7882
8697
8025
7456
7456
8344
7953
7408
7808
8084
7110
8677
7446
8074
7348
8523
7687
8341
7635
7671
8235
7687
7401
7928
8073
7537
8399
8456
7792
7914
7833
7158
7673
7680
7671
8251
8486
8504
7680
7224
7475
8289
7871
7709
8714
8235
7907
7991
8367
8154
7189
7998
8492
8096
8356
8056
8794
7208
8423
8651
7554
7596
8200
7567
7618
8436
6986
8077
7433
8451
7323
7929
8096
8594
8199
8137
7717
7769
7536
8114
8536
8225
8131
8392
7030
7497
8136
7992
7795
45492
7722
8150
8405
7664
7299
7113
7246
8014
7831
7564
7550
8021
6816
7277
7831
7512
7451
7946
8404
7455
8192
7571
8322
8207
8472
7095
7008
7430
7772
7531
8005
7943
8354
7839
7390
7712
7302
17364
8266
7938
7331
8092
8214
7689
8272
7638
8157
8112
7077
7897
8326
7555
7490
8097
7850
8020
7088
6952
7261
8360
8151
7628
8437
7154
7112
7228
8214
8377
8364
8306
7149
7734
8198
7010
7076
8271
7936
7343
7035
8176
7991
7651
8621
7338
7271
8400
8332
8201
8439
7062
7979
8565
7514
7843
8358
8157
8257
8017
8697
7930
6941
8010
8832
8250
7672
7165
8482
7101
7711
7369
7217
8723
7916
8399
7085
7027
7076
7814
8099
7323
8596
7538
7930
8116
7375
8503
8594
8107
7977
8017
8014
7791
7730
7515
7291
8364
8147
7502
8601
7989
7607
7730
7168
7373
8165
8297
7971
8338
7442
7618
7463
8283
7942
8364
8043
8596
8215
7531
8843
8251
7881
7227
8018
7796
8505
8665
7466
7903
7974
7491
7372
8213
8180
7198
7590
7005
7019
8456
8469
8553
8423
7435
8741
8692
7192
8297
8620
8430
8039
7179
7981
8635
7665
8194
8300
7013
7318
8012
8143
7883
8336
8423
7229
7426
7307
6912
8270
7619
7117
8461
7191
8353
8314
8295
8220
8205
8576
7871
7379
7331
7441
7310
8629
7209
7860
7785
8471
8752
7211
7200
7917
8105
7389
8415
7982
8116
7658
8080
7179
7190
7682
7962
7878
8054
8006
7795
8090
8232
8357
7987
7772
7620
8197
7370
8237
7574
7775
7776
8276
7185
7699
7656
6899
8217
8203
7481
7788
7947
8138
7888
7208
7530
8538
8182
7952
7831
8505
8216
8352
7794
8497
8153
7985
7790
7285
7114
7630
7388
8057
7835
8176
8639
50802
8060
7413
7071
7817
7351
7356
8326
7983
7497
8364
7502
7711
7800
8177
8148
7656
7169
7035
8179
8168
8343
7645
8234
8421
7079
8623
7647
8493
7993
7757
8414
7189
8009
7750
7420
7850
7156
8504
7512
7091
7778
8113
7500
7323
7260
7990
8513
7608
8112
7676
6902
8624
8081
8077
8323
8158
8611
8595
8107
8360
7429
7838
7360
8406
8004
8535
8420
7523
7632
7945
7852
7209
7772
8056
7675
7440
7261
7791
8357
7136
7860
8764
7884
8153
7315
8449
7417
7564
8393
7435
7775
7921
7846
7409
7175
7463
7572
8084
8383
8097
8020
8405
8120
7215
7882
7128
7851
8555
6994
8517
7993
8294
8161
7257
7391
7085
7816
7287
7282
7778
7149
8364
8128
8090
7482
8623
7571
8825
7254
7153
8479
8616
7590
7800
8220
8128
6994
7937
7680
7671
7405
8164
8615
7234
8486
8175
7373
7322
8483
7160
8106
8606
8414
8215
8032
7671
7931
7651
7335
7410
8350
8217
7133
7420
7590
8415
7558
8338
8251
7992
7166
7267
8558
8197
8070
8565
8023
7728
8527
8312
8483
7033
7780
7918
7849
7327
7000
7972
8134
8028
7435
7558
7770
7317
8364
7488
8256
8562
7824
7120
8415
8598
8035
8695
7042
8652
7774
8161
7552
7958
8347
8285
7641
8639
7590
7597
7592
8585
7025
7374
7588
8620
8164
7452
8092
7515
8123
8165
8523
8148
8157
6989
7600
7360
7589
8502
7925
8217
8789
7896
8004
7143
7315
8059
8240
8075
7902
8012
8343
6966
7861
7199
8458
7290
7358
7776
8229
8635
7338
7841
8525
7528
8599
7318
7287
8240
8526
8458
8297
8236
7866
7639
7770
7235
8532
7874
7907
7498
8035
7138
8351
7829
7859
7299
7791
8211
7953
8154
7657
7303
7750
8405
37801
8190
7105
8460
7409
7670
8513
7317
7988
8751
7514
7530
8346
7933
7297
8731
7414
7856
7569
8568
7791
7627
7179
7494
8235
8507
7019
7793
8574
7357
8277
8594
7507
7900
7809
7520
7220
7614
7897
7602
8414
7262
8954
8398
7286
8101
8623
8358
8675
8005
7315
8753
8117
8595
8539
7401
8164
8443
7660
6919
7810
7170
7866
7384
7705
8462
7827
7266
7846
8466
7560
8351
7428
7385
7145
7795
7590
7855
7722
7524
7994
8074
8134
8492
7713
7587
8182
7682
7143
7211
8399
7596
8333
7411
8517
7143
7836
7453
7530
7421
7994
8092
7738
8619
7838
8446
8176
8317
7005
7655
8641
8435
8046
8054
7819
8737
7379
7763
7855
8564
8028
7917
7712
7754
8013
8153
8473
8599
7887
8379
7728
8808
7716
7213
7279
8433
7964
8564
7753
7221
7607
7158
8484
8030
7438
8569
7635
7696
8834
7819
8379
8035
7214
7785
8098
8139
7556
8476
7597
8133
8285
7412
7549
8102
7803
7973
8358
7713
7714
8031
8810
8327
7692
7897
7127
7779
7215
8010
8697
8630
8129
8618
8838
7854
7349
7143
7024
7838
7857
7582
7471
7389
7220
7785
8516
7756
8512
7994
7802
7815
8678
7256
7994
7285
8413
7297
8355
8111
8682
8516
7452
8702
8492
7415
7206
7625
7435
7623
8171
7223
7553
7764
7318
7628
7048
7543
7800
7933
7608
7641
7842
7444
8256
7427
7214
8138
7914
7914
7025
8342
7802
7708
8296
7549
8178
7597
7189
7586
8149
6956
7661
7663
7928
7904
7947
8179
7223
7526
6971
7419
8138
8048
7373
8040
7651
8465
8668
7295
8246
8086
7269
8668
8060
8103
8200
7905
8842
8458
7505
7401
7409
8272
8435
8358
7655
7872
7882
20059
7697
8668
7784
7311
8312
38384
8579
7661
8122
7383
8175
8563
7054
8652
8517
7487
7407
19435
7425
7496
7872
8372
7789
7680
7880
8093
7832
7669
7528
8317
8007
7610
7459
7422
8782
8633
7518
7318
8572
8253
7689
8515
7695
8129
7340
7309
7630
7733
7282
8317
7651
7213
7693
8289
7911
8176
7854
7723
8601
8188
6870
7296
8773
7196
8022
7471
6921
8591
7251
6899
7381
7306
7081
7510
8708
7097
7806
7765
7268
8142
8631
8338
8654
8302
7268
8755
7321
7548
8350
7235
7111
7812
8056
7991
8047
8366
7551
8690
8133
8183
8156
8845
7210
7861
7739
7515
6895
8441
7520
6948
8898
8572
6912
8353
7976
7091
7774
7683
7385
8364
8009
8036
8578
7139
7471
8008
8144
8149
8299
7278
8656
7713
7844
7376
7207
7487
7518
8594
7305
7390
7227
7794
7758
7117
7913
7989
7981
7388
6971
8608
10067
8616
8095
7153
7197
8245
7897
7107
8032
7820
7916
7397
7421
6971
8226
7635
7455
7887
8780
7109
8214
7252
7200
7292
8659
7853
7912
7794
7638
7556
8328
8621
8290
7382
6978
8643
8565
6984
7558
7625
8285
7973
7193
8482
7173
8885
8299
7770
8109
7519
7442
7179
7227
8184
8593
8389
8492
7367
7509
8131
7410
7097
7372
7917
6945
8158
8613
8282
8545
7628
8301
8750
7317
8072
7168
7379
8103
7096
8721
7041
8051
8246
6994
8436
7851
7698
8646
7364
7439
7949
7215
7516
8061
7638
6916
7376
8095
8672
8312
7772
7471
8324
7680
7133
8174
8205
7594
8083
7692
6974
8672
7108
7688
7782
8348
7032
8159
7624
7268
7336
7146
8133
7233
7425
8210
8268
7879
8115
8535
8112
7261
7927
6975
8035
7492
11064
8443
7449
8118
7655
8064
7295
8630
7838
7568
7858
7311
7006
70948
7682
7692
7448
7591
8661
7136
7533
8431
7899
8548
7851
7001
7359
7753
7594
7909
7577
6876
8054
8344
7818
8197
7654
6926
8020
7574
7715
8497
8309
7719
8110
8594
7733
8630
8681
7469
7491
8462
7553
7655
7824
7031
8314
7861
7715
7395
8553
6917
8217
8782
8330
8481
8335
8334
8086
8101
8233
8293
7359
7693
8251
7261
7174
8099
7943
7737
7184
8550
8466
7902
7915
7210
8031
7532
8358
8607
8243
7123
7621
8232
7576
7200
8210
8379
6981
7310
8064
7381
7760
7616
8634
7139
7252
7148
7155
7564
8248
7748
8430
8635
8398
7208
7161
8397
7435
7529
7493
7358
6918
7974
7428
7130
7642
7290
7251
8373
7930
6984
7620
8185
8381
7302
8256
7090
7856
7779
8215
7650
7733
7107
8597
7234
7531
8606
7525
7081
8336
8408
7746
8437
8307
7571
7574
8626
8055
7928
7851
7517
7502
7171
8152
8379
7735
7639
7713
7796
7905
7687
7801
7350
8015
7846
6907
8661
7553
6989
7861
7797
7950
8369
7387
8238
7770
7464
7660
8604
7282
8016
7718
7611
8537
7646
8441
8476
8092
7492
8714
7274
7624
8070
7715
7758
7169
7682
8234
7073
7540
7210
7668
8312
7995
7406
7550
8645
8332
7895
8230
7091
7800
7567
8424
7748
8197
8112
8021
8215
7564
8723
7707
6859
8000
7892
7481
7705
8617
7479
7288
7954
7718
8682
8196
8333
7785
7554
7411
7186
7637
7570
7401
8221
7301
8030
7461
7892
8371
7656
8134
8150
7858
7310
7273
7986
7888
7711
7688
7540
8147
8013
7928
7341
7189
7395
8099
8358
8302
7654
7974
8202
7190
8607
7423
8580
7223
7557
8364
8476
7170
8339
7359
8490
8622
8404
7801
7949
8054
8552
7229
7977
7538
7723
7370
8520
44214
7357
8274
8031
8594
7105
8063
8405
8512
7475
8133
7202
8609
8363
8087
8723
7209
7248
7928
7382
7172
8695
8798
7050
7600
7215
8359
7112
7362
7535
8329
8468
7875
7561
8577
7794
7245
8546
8625
8186
8354
7892
7595
8258
8131
8405
7294
7154
8295
7591
7016
7689
8172
7202
7965
7813
8462
7888
7414
7158
7482
8386
8453
7509
7236
7406
7580
7800
7730
7191
8022
7082
7876
7096
8353
7997
8034
7049
8200
8815
8203
7690
7883
7702
7996
8653
7608
8683
8004
7676
8274
8958
8314
8240
7615
7923
8659
7241
7613
7586
9010
8473
7630
8359
7563
6946
8615
7962
7235
7015
7865
8592
7438
8434
7408
8548
7398
7832
8617
8382
6948
7149
7555
8174
7266
8685
8354
7568
7801
7540
8329
8099
8080
7796
8474
8155
8256
8049
6933
7562
8078
8243
7994
7358
7481
8363
8639
7355
8080
8625
8418
7509
7761
7384
7982
7568
7223
7335
8129
8417
8334
7815
7651
7271
7572
7303
7487
8555
7545
8082
7569
8006
8158
7146
7186
7459
7358
7866
7733
7841
8046
7477
7433
7031
6925
8625
7223
8048
7980
7231
7543
8476
7198
7992
7880
7876
8077
7297
7187
8552
8682
7946
8112
7231
8420
8431
7991
8163
8085
7952
7249
7779
8398
6923
8169
7856
7930
8639
7753
7226
7395
7756
8410
7128
8538
6988
8266
8517
7515
7911
8735
7332
8492
7562
7458
8753
7743
7671
7189
7560
8425
8795
7564
7531
7206
7725
7449
8764
7179
7247
7090
7631
7126
7655
7542
7458
7707
7829
7816
7512
8075
8138
7707
7879
8328
8093
7609
7933
7428
8698
7385
7600
7866
8041
8526
7610
8291
7459
7301
6949
7968
8342
8059
8129
8235
7971
8446
8114
8667
7652
7553
8352
7389
59783
7723
8183
7570
8998
7193
8452
8018
7357
8011
7842
7581
7792
7751
7311
8682
7911
7441
8012
8241
8187
7918
7134
8652
8338
7074
8066
7292
8475
8564
8739
7319
7702
8611
7148
7067
7512
7563
8303
8562
7174
8351
7818
7233
7207
8312
6938
7641
7837
7323
8090
25375
7212
8600
8420
6936
7367
8497
7253
7285
7983
7963
7831
8444
7326
7951
8112
8295
7938
7119
8708
7871
7271
7294
7169
7669
7673
8538
8088
7961
8374
8493
6889
7614
8843
7897
7372
7611
8059
7772
8103
8238
7751
8473
7528
7050
8610
7635
7406
8002
7227
7137
8384
7350
8256
7435
8017
8487
8312
7782
7514
8498
7397
6871
7241
8145
6810
8403
8664
7898
7758
8662
7557
8269
8384
7116
8653
8835
8298
8338
7795
7209
8482
7229
7657
6910
8069
7511
8553
7928
7924
7890
7731
7896
8059
7183
7666
7963
7626
6917
7250
7540
6958
8087
8406
8199
8459
7939
8148
7034
8189
8429
7147
7927
7252
7924
8626
7011
7887
8094
7294
7974
7106
7251
8143
8675
7071
8153
7913
7613
8712
7148
7529
8511
7769
7355
8311
8384
8162
8674
8452
7692
7432
7903
7678
8381
8586
7593
7415
8332
6993
8379
8148
7367
7602
7306
7892
7652
7630
8477
7699
8025
8425
8686
7776
7985
7667
7618
7077
8150
8033
8240
7692
8273
7917
8624
8039
6987
8148
8883
7969
7717
8224
7656
8225
8396
8264
8655
7996
7873
7525
7461
7065
8291
7497
8030
7753
8094
7979
8553
8273
7819
7551
7369
7251
7101
8205
7390
7512
8336
7311
8741
8405
8292
8623
7871
7800
7454
7938
8173
8331
8513
7887
7291
8270
7545
8764
7573
7159
8265
7956
8316
7511
7153
7849
7627
8635
8173
8537
8447
8220
7953
8584
53656
8101
7172
7477
7496
8397
7856
7936
8270
8015
7353
7253
10082
7411
7963
7180
7772
7455
8243
8458
7763
7279
8533
8204
7148
7887
7749
7478
7912
7974
8634
8133
8365
7507
8292
8036
7897
7460
7210
6835
8365
7864
7771
7979
7979
7743
8517
7335
7500
7883
7269
7516
7940
7154
8084
7694
7904
8123
8092
7495
8655
7595
7132
8256
7032
7323
7379
7590
7726
7833
7743
8234
8292
8615
7610
8116
7966
7465
7674
7934
8237
8140
7166
8016
7767
7813
7407
8317
8430
7534
8115
7491
8459
8266
7233
7534
7660
8441
8010
7311
7149
7918
7560
7743
7646
8560
7643
8206
8343
7571
7579
8130
7590
7709
8019
8102
7147
7430
7442
8147
7964
7963
8222
7179
8272
7675
7760
7835
7159
7251
6986
7256
7105
8539
8196
8453
7980
7175
8011
7458
7071
8712
7907
8326
8417
7632
7495
7307
7492
8013
7797
8458
7499
7589
8010
8675
8737
8206
7573
8184
8350
8483
7443
7383
7949
8185
8193
8232
7633
7792
7780
8241
7902
8601
8482
8227
8183
7556
8103
7545
7154
7112
7661
7358
8574
8095
7220
7811
7530
7420
8395
7874
8372
7775
7129
7390
8119
7841
7323
8475
8082
8474
8081
8646
8293
7993
8174
8038
8625
8313
7897
8032
8569
8241
7343
7553
8128
6711
8759
8306
7141
7743
7760
6952
7595
7225
8525
8100
7153
7900
8610
7185
7058
8125
7779
6973
7638
8593
7421
8114
7585
6971
8304
7927
7385
7637
7317
7149
8281
8784
7726
8292
8472
7248
8252
7295
7643
7769
8430
7124
7652
8539
7815
7756
7588
8029
8336
8279
6984
7744
8054
7729
7217
8624
7601
8073
7449
7476
7585
7885
7095
7892
8215
7368
8389
7203
7821
7141
7715
8275
7871
7850
6846
43181
7794
7729
7427
7214
8391
8225
7753
7991
8246
8221
8571
8034
8187
7593
7434
7709
7927
8074
7974
8194
8076
8539
7772
8257
8718
6873
7308
8447
8196
7786
7769
7471
8346
8385
7714
8340
7996
7403
7673
7574
8205
8246
8645
8392
7156
7184
7045
7360
8423
7094
8512
7955
8016
7936
7564
7497
7446
7190
7548
7245
8169
8351
7391
7656
7656
7127
8452
7288
8272
8396
7914
8097
7975
8001
8704
7599
7246
8563
8006
8377
7394
7145
7165
8225
7114
7989
7533
8015
7955
8537
7860
8266
7499
7769
7386
8214
6974
8039
7577
8317
7334
8066
7191
8588
8053
7452
7077
7398
7283
8057
8364
8712
7861
8637
8447
7334
8192
7410
7912
7600
7395
8117
8051
8093
7722
6966
8115
8076
8033
7720
7262
7492
7809
7987
7294
7701
7733
7372
7620
7149
7656
7794
8548
7917
7725
7876
8564
7784
7613
7738
8241
7330
6998
8438
7772
7634
7401
7907
8312
8154
8373
7176
8405
7335
8028
7174
7793
8097
8217
8175
8190
7750
7889
7702
8045
7804
7042
7286
7851
7842
8321
7474
7155
8374
7960
7800
8871
8317
7928
7361
7779
7573
7842
8415
7517
7715
7340
7939
7128
8079
7339
7148
8396
7018
7362
7210
6989
8320
8225
8495
8374
8078
7675
7658
8609
7362
8198
8184
7006
8613
7303
7456
7869
6892
7707
8042
8199
8237
7915
7897
7659
8205
8500
8591
8378
8597
8225
7792
7793
7636
8533
8451
7151
8519
8432
8109
8292
7859
6999
7147
7155
8251
7963
7753
8275
7745
8138
8174
7780
7647
7953
7997
7633
7147
8434
8141
8213
8249
7996
6918
7030
7358
7774
7330
8294
7574
7985
8241
8764
8261
7324
7855
7969
8751
8061
7383
8385
8202
8038
7167
7574
8209
66066
8347
7943
7507
7402
8665
8106
7140
7549
7227
8180
7976
7748
7474
8274
7748
7321
7219
8777
6936
7210
7976
7508
8792
7174
6717
7501
8339
7860
7678
8330
8230
8558
8599
7207
7601
7044
8277
8720
7750
7535
7958
8232
7068
8086
8496
8161
8374
7601
8348
7944
7400
8355
7862
8492
7479
7373
8589
8538
8613
8097
7551
8533
7874
7929
8635
8022
7524
7776
7689
7091
7416
7752
8266
8153
8204
8264
8316
7292
7866
7652
8215
8544
7362
8601
7027
7048
7364
8007
7876
8461
8460
8307
7623
7152
8238
8310
7245
7550
7313
8003
8044
8271
7676
8323
8636
7704
7641
7513
7374
7161
7653
8434
7872
8876
7585
7947
8399
7619
6988
8551
8212
7417
8638
8425
7169
7933
8261
8573
7564
8419
7051
7548
8196
8020
7975
8371
6850
7576
7411
8055
8020
8473
7713
7941
7410
7819
7446
8691
7396
8213
7830
7060
7961
8185
7138
7320
8527
7558
8659
7553
7125
8758
7854
7189
7942
8267
7761
7427
7379
8159
8476
7727
8175
7814
7864
8345
8243
7974
7133
8196
7189
8191
7673
7189
8447
7738
8558
7586
8466
7998
8084
7390
7780
7210
8371
8571
7348
23665
7695
8520
7330
7989
6880
8313
8378
8010
7270
8215
7751
7569
8082
8268
8173
8500
7431
7375
7954
7809
8121
8174
6972
7829
8652
7415
7777
7137
8529
8545
7799
7943
8154
7111
20851
8733
8387
8528
8501
8222
8053
7458
7629
7833
8049
8380
8380
7569
8209
8298
8556
8158
8087
7368
8612
7200
7571
7521
8441
7646
8160
7364
8008
8251
8123
8543
7728
7512
8348
7350
8194
8367
8513
7600
8191
8523
7313
8540
7573
6805
7657
8332
7457
8272
8108
7848
7289
7975
8312
7907
8283
8396
8430
7325
14394
8033
7703
8282
7322
20454
8435
7266
8424
7030
7550
8202
8178
7623
8688
8348
8049
8410
7300
8260
7884
8041
7981
7545
8563
7267
8271
7492
8030
7564
7377
8046
7467
7094
7249
7788
7072
7706
8499
7071
7810
7522
7541
7816
7307
7619
7291
7737
7649
7815
7935
8070
7862
8069
7907
7527
7584
7155
7507
7298
7976
8117
8807
7943
7674
8447
7169
7317
7212
7422
7543
7172
7953
7382
8575
7728
7576
8328
7091
7677
7062
8558
7135
8255
8408
8134
7958
7081
8121
8052
7748
7748
7461
7338
7615
7601
8544
7815
8990
8610
8435
7113
7948
8227
7245
7389
8399
8642
7172
8630
8531
7661
8319
7620
7393
7579
8007
8010
8327
7635
7877
8014
8126
7248
7395
7610
7380
8211
8067
8149
8380
7549
7585
6847
8375
6970
8558
7683
8644
6890
7814
8867
7105
7091
7452
8312
7165
8533
7219
7361
8692
7227
7844
8004
7153
7887
7179
7712
7130
7179
8641
7632
7769
7641
7352
7391
8210
7790
8125
7822
8231
7220
7297
9067
8033
8153
8331
7516
7481
8366
8632
7075
7464
7889
7328
7602
7391
8274
8496
7754
7349
7474
8477
7210
7974
7729
7730
8515
7951
8163
7699
7583
7399
8191
8141
8185
7337
7773
7010
8641
7642
7835
7328
8632
7896
7878
8466
7729
8113
8433
7392
8235
8645
7359
7338
8304
7165
7796
8302
7246
6976
7351
7593
7162
7831
8197
7297
8203
6884
8343
7211
7328
8174
8479
7571
7177
8015
7901
8728
7914
7046
8129
8097
8122
7996
7738
7398
7176
8066
7335
8203
7487
7451
8682
8155
7027
7973
7570
8225
7897
8034
8261
7548
8000
7179
8400
7869
7925
7978
8192
7769
7293
8779
8096
8635
6950
8148
7466
7675
7467
8255
8112
7356
27117
8416
8131
8228
8554
8025
7158
8384
7761
7178
7470
7153
7783
8035
8113
8599
8623
8248
8138
8317
7562
8098
7793
7641
8611
7817
7527
7951
7254
8275
8361
8663
8501
8000
7975
7019
8192
7776
8059
7962
8783
16892
7917
7583
7026
7861
7703
8108
8500
7657
7684
7690
7997
8259
8607
8600
7337
7969
6930
8089
7892
7841
7125
7876
7594
8235
8056
8347
7950
7423
7764
8131
8007
8091
6929
8544
8242
8005
7448
8215
7529
8264
8407
8428
8594
7792
7116
7351
8023
7164
8057
7489
8416
7627
7321
8297
8844
7533
7522
7866
8785
7299
8287
7472
8517
8169
7756
7625
6960
8534
7819
7622
7209
7779
7510
7820
7303
7030
8031
8432
8104
7643
8398
7167
8373
8460
7979
7692
7404
7538
8346
7717
8155
8767
8595
7943
7851
7691
7156
8107
8162
7952
7038
8000
7515
8013
7591
7951
8104
8119
7148
8394
7121
7759
7238
8073
7766
7800
8090
8302
8174
7928
6944
7977
8106
8351
7500
8598
8093
7572
7147
7564
7666
8254
7892
8007
8596
7421
7272
8636
8324
8374
7709
7575
7190
7351
8358
8312
7975
7696
7384
8614
8076
8379
7777
8085
8716
7996
7092
8298
8286
8392
8234
7926
7410
8784
8629
7389
7610
8111
7161
7820
7856
7323
7090
8552
7641
6987
7992
7259
7217
8667
7540
8174
8420
7565
8041
7865
7974
7116
7603
7145
7310
7653
7799
7595
7540
7319
8310
8409
8348
7575
8306
7201
7656
8489
6924
8133
8134
7723
7384
8149
8398
7911
8563
7287
7191
8011
6892
7949
7662
8369
8595
8686
7197
8452
8404
6903
7146
8426
7635
7512
7834
7611
8801
8323
7142
8659
7728
7629
8512
8174
8410
7394
8266
7747
7317
7489
7456
8008
7551
8352
6960
61870
8364
8314
8097
8186
7632
7471
8334
7653
8484
8136
7272
8323
6907
8249
8223
7197
8515
7697
6965
7131
7521
6895
7112
7131
7231
7752
7457
6811
8550
7107
8353
8213
7774
6810
8441
7577
8738
7893
7174
8349
7677
8579
7928
7784
7331
7514
7397
8439
7708
7510
7466
8014
8396
7235
8354
8434
7979
7947
7640
7465
7918
7787
7374
7608
7896
7676
8507
7863
7969
7856
8687
8543
7754
8312
8389
7245
8655
8179
8030
7282
8582
8110
7289
7804
6973
8067
7991
7712
7354
7868
7897
7708
7819
8305
8656
8692
8263
7861
8198
8189
8193
6967
7741
7835
7200
8092
7929
8111
8424
7232
8338
8466
8130
8661
7345
6973
7341
8118
7833
8705
8377
7476
8219
8700
7715
8790
8273
8296
7264
7538
7111
8490
8187
7994
7148
8374
8439
8217
8200
7631
7172
7225
8210
8378
8194
7290
8012
8594
7846
7829
7680
7302
7958
8005
7501
7607
8512
7716
8269
7773
7856
8405
8172
7719
7746
8435
7720
8087
8435
7939
7555
8642
7822
7597
8389
7134
7659
8526
8339
8015
7716
6972
8203
7272
8039
8656
8064
7494
8472
7956
8161
7655
7288
7636
7574
7346
6859
7338
8362
7432
7812
7702
7609
7810
7894
8302
8139
8697
7110
7193
7156
7865
7393
7536
8498
7818
7370
8282
7311
8223
7642
7932
7122
7416
7804
7979
7154
8354
8349
7733
8201
8012
7033
7232
8458
7470
7642
8561
7960
8323
7933
8361
7643
7579
7929
7854
8416
6959
7596
8775
7881
7399
7550
8135
7449
7482
7190
7999
7770
6953
7110
7981
7735
7823
8141
7958
8558
7605
7936
8144
7432
8246
8743
8045
8333
7815
7984
6994
8066
8050
8039
7368
8412
8027
8151
8000
6885
7582
7974
7351
8073
8336
59024
7279
8494
8312
8712
7574
7479
8174
7934
7051
8181
7601
7557
7584
8180
7955
8024
7389
6972
8265
8482
7672
7212
7249
8405
7017
7605
6943
8494
7630
7063
8139
8134
8240
8053
7147
7488
8290
7843
7835
7770
7589
7480
8335
8169
7165
8577
8247
7823
7783
8401
7805
7174
7398
7624
7340
8044
7150
7425
7897
7630
7485
8353
7307
8080
7556
7580
7835
8578
7210
7165
7184
6787
7933
7460
7931
7156
7651
8215
7606
7977
7517
8272
8154
8412
8041
7610
7080
8461
7526
7587
8084
7529
7818
7961
7053
7855
8535
8538
8020
7193
8044
7519
8399
7901
8329
6979
8738
8432
7451
8076
8059
8439
7313
7443
7426
7942
8478
7452
7524
7645
8439
7600
7492
7352
8637
8605
7161
8125
8114
7800
7396
8193
8395
8135
7589
7692
7158
7104
6987
8432
7951
7399
8250
8588
7312
7493
7642
8337
8414
7209
8302
8074
7693
8059
8609
7313
8467
8263
7148
6890
8093
8720
8425
7216
7737
7610
8333
8056
7969
7980
7606
8035
7940
8419
8258
7081
8215
7868
7518
7745
7014
7123
7579
8005
8592
8132
7057
8519
7554
7929
7651
7288
8636
8521
8338
7429
7728
7391
7840
7286
8219
7598
7465
8405
8185
7247
7778
7662
8448
8340
7193
8326
7729
7258
7835
7725
7675
8457
7210
7229
7058
8906
6882
8737
7065
6984
7625
8475
8037
8700
7325
7209
7825
8123
7793
7187
8434
7820
7683
8487
8346
7994
8046
7976
8618
8645
8295
7046
7228
7777
7084
7401
8438
8495
7916
8158
8053
8724
7067
7755
8190
7754
8345
8333
8164
7297
8235
8066
8741
7786
7722
8699
7200
8417
8070
7554
7714
7027
7556
8369
7810
7692
7733
7164
8157
7896
7711
7155
7393
7660
8631
8184
41535
7441
7750
7969
7981
7070
7360
8525
7794
7598
7624
7543
8697
8211
7607
7993
8512
8496
8522
7146
7549
7897
7517
8697
7953
7640
7725
7449
8041
7132
7277
7741
6847
7568
8260
7386
7733
7644
6948
7781
7558
6949
7603
7686
7251
7406
8047
8001
7895
7506
6816
8013
8194
6912
7442
8620
7181
8281
7583
8099
7580
8421
7088
8480
8210
7454
7516
8025
7454
7705
7350
8225
7923
8518
7029
8574
7573
7112
8598
7945
7661
8551
8302
7767
7486
7411
6876
7823
7430
7764
8360
7733
6892
7814
7920
7380
8828
8333
7863
7912
8235
7641
7853
8465
8421
7069
8169
7979
8149
8533
7338
6948
8092
8381
7861
7766
7866
8112
8526
7692
7902
8631
7198
8472
8113
7403
7964
8454
7229
7904
8107
7667
8458
8594
7351
7056
7846
7723
8214
7769
7101
7198
7798
7459
7201
7353
8478
7307
7881
8112
7501
7764
7398
7166
7449
7784
7029
8656
8745
7959
8072
7792
7280
7390
7153
8461
7861
7676
8443
8590
7343
7226
8620
7247
7555
8170
8158
7571
7143
8276
8019
7934
8076
7586
7706
8585
7241
8568
8251
8161
7994
7169
8297
8271
8589
8016
7853
7516
7265
7771
7008
8623
8420
7736
7899
7107
7771
8389
8734
8423
7910
7666
8279
7194
7878
7876
6936
8658
8714
8216
7496
7991
7452
8202
7616
7799
7825
8141
7369
7865
7836
7106
8330
8766
7389
7401
8130
7833
7997
8353
8116
8507
8703
7367
8017
8874
8074
7387
7815
8269
8088
7481
8525
7894
8164
8293
8250
7431
7447
8015
8338
8115
7123
8620
7943
7832
7170
7311
7557
8584
8062
7540
8446
8162
8422
7809
7831
7323
7843
7433
8291
8858
7663
7051
7746
6809
7719
8723
7907
7479
8447
7045
8395
56233
7900
8044
8615
7020
8475
7273
7022
8526
7769
8287
8170
7948
8223
8439
7826
7935
7238
7512
7296
7265
8431
7119
8445
7955
6935
7702
7107
8261
7801
8993
6792
8095
7560
8312
7242
7713
7009
8727
7179
8452
7185
7209
6911
7415
7841
6933
7854
7898
8249
8460
7717
7574
8540
8049
7809
8591
8095
7188
7133
8032
6953
8572
8472
7087
7651
7267
7789
7633
7196
7470
8457
8218
8138
7834
8251
7741
8389
7901
6985
8399
7943
8564
8461
8596
7152
7861
8641
7296
8466
8198
7930
8487
7258
7307
7442
8575
7201
7975
7420
8446
8141
7849
7276
8446
23075
8353
7310
8428
7774
7763
7801
8097
7989
8595
7812
7834
8338
8271
7758
7935
8402
8348
7255
7674
7500
7717
7877
7254
8061
7948
7441
7656
7381
7572
8512
7788
8116
8297
7631
8300
8113
7161
7958
8243
8017
8328
8635
7745
8276
8343
7986
8144
7240
7974
7906
7592
8112
6974
8476
7730
9054
8148
7682
7533
8175
8499
8400
7907
8198
6769
7536
8221
8430
8278
7856
8158
7328
7171
6948
7456
7910
7736
7227
8779
7366
7882
7352
7664
7536
7735
7795
7630
8730
7654
8533
8226
7354
8277
8366
7806
7337
7251
7189
8235
7699
7917
7495
8656
7543
7155
8697
7112
7775
8585
7743
7912
7176
7089
7850
8235
7957
8667
8011
7553
7607
8323
8143
7851
7944
8228
7369
8203
7327
8659
7659
7362
7207
7674
7046
8319
8094
7174
7692
8459
7528
8590
7959
7092
8604
8082
7975
7789
7701
7512
8775
8071
7502
7469
8207
7974
7998
7790
7368
7711
7161
7146
7430
8349
7941
7836
7232
8101
7800
8615
7091
7457
8242
7579
7358
8594
6938
7713
8000
7641
7257
7367
8400
7127
7973
8032
8297
7089
49151
8225
7728
8438
7273
7772
8358
7639
7811
8241
7811
7211
8061
7574
7758
7507
8056
7551
7661
8004
7382
7979
8392
7960
7950
7624
7400
7028
8800
8002
7695
7975
8314
8158
8260
8533
7576
8364
8648
7409
8339
7275
8297
8250
7612
7341
7902
8551
7908
7107
7814
7153
7768
7158
6939
7287
7630
7430
8374
7791
7918
7222
7438
7137
7692
8215
6984
8315
7440
8457
7944
7095
7723
7393
8242
7051
7576
7410
7000
8446
7956
7816
7227
7351
7314
7499
7806
7669
7835
7876
7303
8002
8839
6929
8379
8351
9165
7609
7809
7194
8361
7277
8132
8293
8620
8151
6947
8373
7785
8211
7097
8461
8399
7417
8492
7330
8058
7671
7972
7630
7702
7759
8281
7709
6927
7412
7235
7432
7892
7882
7389
7872
7325
8227
7248
7933
7245
7333
8618
7465
8606
8633
7791
8155
8201
7974
7068
8217
7148
7915
8341
8533
7709
8413
7900
8091
8420
8072
7333
8584
8193
8633
8214
8009
7428
7315
8561
8428
8394
7232
7192
7337
8475
8525
8479
8550
7827
7870
7821
8317
8815
7572
7937
7407
8502
8425
8688
7319
7635
7861
8263
7615
7029
7891
7490
7641
6775
7532
8004
7529
8371
7987
7370
7931
8598
8545
7295
7553
8348
7189
7209
7590
8397
8348
8297
8671
8487
7793
8022
7985
7383
8298
7158
8126
6976
7600
7673
8381
7738
8441
7304
8513
7297
8274
8635
7899
7241
7333
8533
8630
7645
8272
8322
7608
6996
8442
7370
7199
7486
7390
7756
8055
8225
7797
8224
8434
7475
7598
8727
8419
8307
8041
8687
8492
7216
6894
7069
7331
8458
8505
8672
7343
7972
7963
8421
8599
7785
8037
7454
7529
8433
7775
7630
7464
8312
8682
7434
8718
7665
7969
7206
8443
7613
31747
7576
7810
8132
8386
8062
7575
7428
7958
8353
7953
7450
8397
7814
8353
8443
8464
7565
7509
7958
8029
8356
7310
6992
7894
7881
7009
7508
8577
7936
7610
7803
7301
7613
7491
7723
7394
7492
7692
7428
8150
6973
8639
7538
6816
8185
7852
8495
8276
8227
7290
8076
8361
6971
8897
7453
7379
8658
7208
8302
8440
7271
8004
8687
7651
8159
8586
8431
6996
7598
8777
8292
7161
7774
7882
7926
8528
7711
8735
7271
6983
8610
8016
7419
7087
8582
7282
7761
7193
7174
7405
8171
8105
7932
8553
8051
7742
7975
7642
6958
7832
8431
7260
8111
7650
7347
8081
8354
8204
7846
8134
6989
8089
8450
8140
7301
8396
7488
8540
7519
7977
7667
8386
7901
7519
7264
8274
7753
7843
8407
8435
7752
7489
8281
8176
7549
7912
7610
8373
8131
7215
6925
8584
8702
7752
7988
8256
7317
7815
7236
6892
7939
7494
6974
7364
8594
8011
8150
8815
8503
8012
8135
7365
7186
8381
8035
8745
7858
8113
8423
8920
7553
8305
8415
7034
7138
7400
7422
7655
7670
8573
8305
7960
8317
7369
7213
7432
8157
8320
8020
7841
8111
7626
8331
7882
7433
8374
8497
8215
7251
8253
7940
8682
8200
8165
7416
7829
8541
8475
8553
7825
7685
8123
8397
8495
8123
8057
8581
7669
8195
8070
7635
9572
8041
8609
7625
7835
8512
6977
7902
8415
7913
8764
8174
8471
7194
8400
8126
8635
8025
7515
7547
8063
8153
7733
7322
7404
8189
8385
7761
7009
8757
8124
7526
7858
7483
7146
8183
8187
8441
7381
7610
8031
7494
6969
7206
7380
8061
8471
8676
16770
8589
7278
8075
7225
7469
7651
8383
7400
8199
7679
7468
7512
8622
8256
7686
7737
7753
7794
8795
7897
7716
7930
41724
8523
7482
8584
7534
7566
7545
7487
8574
8416
7720
8421
7619
7470
8525
7424
8172
8147
8303
7829
7257
7319
7650
7574
8389
7146
8645
7808
7603
8477
8390
8512
7285
8523
8323
8502
8100
7158
7337
7790
7810
8266
8773
7523
8922
8580
8191
7645
8128
7901
8165
7112
21071
26433
8274
8570
7869
7815
7569
7779
7352
7640
19984
8163
8288
8573
7491
7980
7740
7844
8713
7861
7933
8501
7772
7109
7573
8203
8041
7435
7412
7572
8133
8192
8305
8464
8515
7497
8064
7551
8379
7528
7651
7132
7798
7451
8025
8718
8180
8502
7934
8088
7538
8035
7882
7649
8692
8725
7377
8255
7118
7387
7697
8344
8184
7930
7985
7079
8697
7640
7447
7628
7253
8034
8059
7845
7897
7483
7969
7958
8164
7273
7932
8025
8214
7046
8240
7231
8056
8716
7193
8054
8734
7369
7415
8666
7156
7794
7402
8087
7713
8223
7331
8523
7500
7369
7763
8044
8597
7348
7979
7235
7749
7875
8014
8550
8623
7298
8178
8034
7797
7895
7938
8214
7727
8790
7058
8194
8354
7013
7181
8712
7605
8189
8271
7579
8154
7970
7053
7809
7352
7087
7671
7818
7266
8526
8835
8216
7159
7935
7751
8220
8313
7210
8369
8374
6965
8252
7394
7893
7154
7729
8184
7400
7867
7480
7132
8389
8042
8198
8787
8220
8423
8170
7201
8692
7863
7672
8020
7381
7062
8273
8540
7671
8371
8668
8374
8474
7157
7344
8328
7923
7697
7189
8630
8134
8707
8247
8295
8594
8661
7994
8350
7624
7047
7260
7412
7228
8415
8639
7953
7612
8075
7115
8444
8799
8534
7668
8280
7030
8425
8123
8317
7478
8652
7382
7820
7356
7674
8123
7793
8218
7621
8620
7757
7522
8459
8009
8651
7308
7655
7946
8559
52123
8519
8752
8214
8073
8581
8386
7712
7193
7404
8202
7593
7417
8580
8033
7610
7784
7192
7895
7416
7863
7160
8179
8897
7928
7678
8621
7857
7511
7088
8712
8509
8381
8420
8035
7890
8435
7677
7859
7096
7492
7372
8534
8466
8506
7912
7702
7169
8138
8567
7505
7485
8620
7871
7348
8490
8553
7796
7384
8010
8137
8450
8186
8552
8849
8742
7481
8276
7250
7745
7233
8685
7509
8424
8224
7858
7723
8774
7046
8576
7213
7895
8097
7963
7339
8271
7888
7500
7841
8189
7827
7235
8814
7288
8463
8622
8976
8031
8181
8224
7885
8081
8765
7851
8571
7211
8436
7827
7526
7471
8094
7900
7852
7813
8366
7148
7317
8158
8170
8851
8695
7995
8351
7027
8528
7899
8774
8178
8784
8621
7324
8422
7683
7671
8102
7647
7061
8375
7851
7632
8266
7279
7086
8861
8585
7144
7142
7779
7969
7164
7410
8178
8809
8580
6994
8526
7835
7025
8366
8439
7426
7734
8428
6993
8063
8733
8404
8273
7161
7513
7577
8655
8255
8363
8448
8422
8372
7430
8234
7615
7801
8147
8198
7899
7215
7992
7776
7022
7210
8174
7125
7412
7778
7753
8251
8276
7142
7951
7256
8199
7111
7594
8199
7932
8453
7883
8604
8216
7739
7969
7671
6962
8460
8628
8374
7483
7634
7646
8473
7235
7021
7928
7892
8010
7936
8482
6946
7291
8526
8338
7152
8613
8364
7812
8615
7621
7768
7174
8480
7725
8466
7748
8042
7892
8259
8403
8522
7405
7791
8022
8249
7986
7832
7988
7192
8055
8246
8615
8718
8188
8393
8376
8089
7648
7758
6975
8352
7844
7917
7671
8575
7369
8660
8416
8579
8112
8211
7240
7582
7116
7369
8019
7070
7637
7210
7871
7397
8000
8114
7795
7184
8634
7653
34346
7247
7752
7604
7205
7051
8183
8451
7331
8184
7164
7856
7721
8076
7048
7687
7996
7685
7337
8414
7933
7322
7495
8053
8266
8323
7584
7440
8405
7212
8618
8200
8405
7183
8242
7138
7431
8020
7714
8010
7850
7850
7594
8007
8376
7248
7174
8513
7236
8237
7956
8657
8152
7687
8610
7154
7837
7882
8720
8191
7476
8410
7328
7733
8753
6866
8136
8715
7379
7502
7055
7426
7896
7985
6835
7574
7370
7478
7480
7639
6910
7193
7312
7609
7351
7194
8574
7658
7975
7580
7193
7894
7292
7635
7105
8001
8855
7544
7219
8375
7541
7608
7753
7219
8363
7896
7548
7810
8150
8109
8441
7471
8095
8451
8336
7154
8422
8413
8007
8711
7712
7823
7929
8348
7434
8493
8013
8029
7941
6989
7060
7529
7205
7755
7385
7302
7558
7763
6965
8462
7967
8182
7050
7381
8394
7201
8057
7671
7758
7818
7845
7179
7338
7694
7994
7494
7989
7255
8148
7461
7387
8164
7807
7425
7196
8172
8093
8136
7525
8112
7942
6820
7179
8023
7347
8011
8185
7471
7319
7497
7950
8163
8214
7831
8078
8318
7201
8413
7159
7253
7769
7384
7101
7859
7783
8218
7991
8120
7678
8385
8765
7230
8146
8422
8295
7885
7557
7102
7944
7581
7189
8356
7206
7764
7578
7109
7075
7220
7854
8354
7515
7166
6989
7603
8039
8292
7091
7194
7241
8422
8252
7736
8358
7196
7972
7673
7315
7769
7831
7463
8418
7670
8590
7217
8596
8380
7871
8652
8177
7145
7954
7874
7087
8864
8159
8392
8139
8738
7880
7178
8422
8306
7113
8389
7477
7504
8117
7985
7358
7604
8122
8061
8258
7716
8025
7499
8447
7215
8553
6876
8300
8112
7127
7329
8011
8216
8225
7705
7662
8223
7456
8260
8345
79323
8056
7911
8528
7410
8441
7281
8297
7328
8621
7492
7953
7130
7157
7351
7359
7802
7755
8562
7119
8269
8059
7869
7532
8640
7021
8623
8046
7318
8545
8061
8291
8246
8003
7556
7632
8428
8194
8514
7532
6938
8264
8290
7845
7057
8444
8122
7923
8552
8249
8069
8483
7679
7424
8813
8368
7310
8625
6935
7434
7976
7230
8135
8654
7144
8364
8052
7951
8565
8490
6950
8447
7719
7910
7135
7980
8234
7728
8411
6969
7316
8313
7834
8533
8323
7009
8325
8626
8422
7169
8128
10331
7097
7979
7364
8451
7884
7493
8013
7723
8006
8009
8672
7995
7947
8219
8220
7412
8314
7213
8066
7888
7871
8285
7241
7709
7089
7880
7886
7314
7169
7106
7499
8702
8120
6902
7994
7039
7773
7598
7804
8090
8814
7169
7005
8061
8615
8139
8794
7841
7933
8001
7601
7839
8187
7553
7572
8062
8005
7636
7540
7585
8152
8282
8139
7416
7688
8777
6958
7594
7888
7179
8482
7770
7327
7158
7321
7981
7050
8307
7516
7631
7748
7860
7874
7896
7624
8354
8395
7893
7605
7242
8542
8135
8215
7274
7689
7641
7981
7493
7245
8066
7153
8010
7972
7372
8290
7933
7751
7179
8273
7411
8517
7783
8644
7380
7968
8446
7841
6975
8593
7795
7915
7560
7932
7935
7304
7400
7262
8530
7474
8520
7085
7955
8049
8397
7876
8125
7188
7254
8436
7513
8067
7892
8263
8614
8080
7608
8185
7103
7032
8425
7421
7813
7805
7377
8622
8196
8279
8661
7771
7604
7883
8733
8383
8312
7989
7147
7829
8542
7573
7633
8404
8411
8029
7920
8403
8702
8206
7758
7602
7851
8519
7886
7851
7121
7323
8398
7976
8144
8274
7698
8635
7810
8394
7788
7897
7466
8670
8632
8237
8392
7935
53198
8538
7330
8394
7435
7250
8333
7418
7579
7176
8593
8508
8256
7112
8137
7362
7899
8709
8109
8051
7022
8158
8805
7331
7730
8734
7419
7445
8621
7728
8416
8353
6979
6994
7954
8323
8108
8092
8602
7113
8354
7379
7837
8054
8528
7239
8132
7466
8284
7868
8641
7001
7652
7771
8179
8484
8039
7896
7194
8638
8379
8666
8077
7928
8256
8605
8063
7719
7485
7975
8805
7776
8175
8133
8230
7754
7194
7610
8174
7479
7902
8022
7205
7870
7891
8137
7230
7923
7187
7646
6892
8516
7056
7065
8225
7250
7565
7369
8972
7592
7338
7805
7610
7534
8020
8186
8255
7558
7300
7428
7895
7315
6987
8162
7952
8138
7192
8329
8550
8262
7827
7338
7202
8363
7749
7785
7087
8390
7996
8564
7459
8697
8052
6999
8577
7996
7669
8613
7091
7354
7651
7533
7800
8587
8420
7971
8292
7285
6907
7235
7649
7396
8418
8391
8805
8497
7993
7376
8632
7874
7310
8492
8457
7833
7308
7054
7097
8625
8765
7954
7798
8285
7636
7540
8204
7832
8237
8377
8512
7899
7811
7738
7241
8356
8399
8328
7782
8312
8497
8457
7839
8415
7738
8556
7597
8297
7497
8251
8018
7124
8539
8888
7959
7815
7893
7407
7224
8215
6984
7255
7509
6900
7772
7914
8553
8095
8160
7422
7519
7555
8051
7964
7390
7697
8493
8663
8366
8032
8378
7589
8438
7282
8040
8359
7594
6924
8284
7750
7153
7660
8819
7913
7738
8012
8414
8411
7826
7577
7711
8117
8413
7952
8271
8406
7807
8205
8285
7401
7118
7375
8482
8396
7700
7776
8395
7221
7210
7632
7937
8684
7092
8602
7741
8087
8358
7169
7796
7271
7953
8533
6959
8666
6998
8358
8499
7772
8381
8256
8753
8345
8465
8432
7198
35629
7358
7772
8546
7692
7241
7706
8702
7514
7969
8420
7592
7277
8322
8456
8094
8067
7812
7497
8315
8400
8733
7435
8279
8284
8341
8094
8220
8329
7976
7545
8538
6935
7179
7061
8321
8053
7411
6874
7558
8616
8294
7553
7789
7692
7169
7974
8132
7918
7038
7704
7851
7840
6874
7255
8868
8180
8329
7753
8446
8001
7174
7943
8245
8635
8341
8102
8331
6912
8435
7653
7728
7208
8753
7268
8332
8646
8552
7732
7188
7192
8189
7158
7875
7422
7349
6869
8824
8698
8294
8373
8170
7518
7471
7132
8223
8243
8276
8740
7234
8085
7709
7335
8076
8238
8239
7142
7772
7470
7328
7596
8109
7902
8147
7707
7382
8241
8390
7892
7758
6930
7030
7168
7630
8012
7991
7857
7092
8123
6846
7800
7930
7441
7753
7625
7892
7728
7948
7245
7938
8859
8118
8082
7381
7982
7719
8384
7606
8598
8482
7244
7129
7974
7585
8049
7133
8220
7753
8636
8604
7072
14080
8390
8753
7960
7605
7543
7898
8486
8041
8011
7609
8756
7984
7212
8315
7779
8326
7579
7512
7368
7847
8637
7303
8553
7694
8071
7189
7700
7050
7470
7050
7619
8078
7508
7296
7630
8046
7883
7275
8230
8485
8508
7183
7757
7317
8606
7257
8131
8654
6984
8126
8666
8424
7830
8271
8344
6958
8466
8008
7186
7974
8532
7172
7177
8067
8282
7935
6861
7431
7134
8334
8594
8238
7023
8637
7748
7828
7712
7160
7078
8743
8198
8384
7637
7171
7379
8143
8604
7225
7189
7209
7056
7615
7668
7110
7307
7169
7885
7405
7158
7256
8196
8474
6719
8625
7194
7928
8660
8414
8512
8501
7408
7249
7964
7303
8535
8516
7344
7590
8622
7604
6907
7999
7710
8465
8705
7874
7389
7696
7943
7939
7405
65274
8533
8056
7633
8133
7207
8314
8439
7646
8656
7562
8637
7500
8227
7618
7102
7256
7933
7184
7972
8569
8517
8153
7747
8637
7299
7321
8619
7607
7371
7748
7102
8696
8479
8075
7287
7293
9707
8083
7677
7789
7492
8188
7911
7851
7396
7559
7356
7614
7887
8682
8084
8336
7849
7740
7553
7560
7407
8236
7600
8021
7509
7382
7256
7011
7974
8776
7186
7695
7401
7478
8153
7943
7256
7930
7255
7979
8102
7065
7222
8161
7886
7441
7259
9589
8050
7073
8438
8441
7356
7793
8302
7292
7250
7251
7588
8161
7256
8387
7312
8516
7758
8179
7446
8257
8276
7149
8151
8098
8556
7729
8338
7582
7571
7280
7328
7887
7598
7779
8048
7555
7348
7131
7272
7087
7634
8039
8266
8264
7702
7678
7253
7095
8602
7969
8676
7960
8103
7914
8479
8167
8071
8439
7224
8476
8491
6969
8434
8569
7194
7648
7159
7559
7398
7369
8162
7475
8439
8343
7632
8492
7087
7702
7548
7457
7572
7613
7381
7780
8568
7994
7558
7771
7838
8538
7635
8418
7378
7046
7676
8073
7988
7549
8616
7652
7749
7214
7309
7005
8005
8225
7567
8103
7571
7169
8695
7370
7005
8353
8207
7960
8222
7554
8483
8333
7176
7808
8152
8358
6901
8082
7836
8012
8179
8895
9345
8536
8246
8452
8455
8756
7630
7755
7842
7512
8862
7628
7087
8482
7965
6962
8489
7542
7978
8571
7953
8258
7542
7593
7831
7738
7789
8210
7000
7652
7647
7373
8238
7983
8490
7769
8473
7436
8694
7314
7430
8031
8179
7702
8519
8511
7994
7654
7902
7233
8450
7456
7525
8351
8454
8197
7877
7385
8200
8180
7293
8066
8147
7621
8062
7164
8162
7347
8400
8015
7620
8154
7989
7207
7754
7415
7749
7657
45453
7574
8520
7351
8720
7811
7775
7307
7981
7021
8103
7272
8013
8549
7235
7272
8080
8710
8382
7611
8364
7850
7398
8003
7494
8241
7612
7978
8599
7523
8076
7167
8694
8369
8033
8089
7939
8585
7081
8273
8084
7958
7989
8650
7415
8224
8103
7901
8503
8567
8282
7679
7343
7759
7045
7720
8553
7696
7625
8074
7087
8150
8691
7714
8356
7510
7738
7839
7994
8359
8425
7224
7112
7153
7610
8258
7380
7349
7134
7573
8481
7049
8560
8741
7782
7660
8126
7030
7928
7991
8555
7456
7151
7176
8691
7723
8003
6979
8475
7500
7260
7289
8601
7728
7496
7972
7111
7934
7396
7455
7268
8397
7154
8033
8825
7093
8493
7451
7521
8695
8270
6989
8444
7131
8133
7843
8467
7926
7632
7913
7776
7325
8302
7381
8076
8638
6970
8394
8651
7569
7656
7441
8055
8569
8023
8024
7649
7720
7867
7895
7593
7170
7375
8451
7281
7697
7624
8000
8526
8173
7032
8270
8066
6899
7374
7703
7256
8519
7347
7594
8284
7989
8158
7715
8026
7810
7879
7471
7377
8207
7186
7269
7935
8317
7007
8142
8153
8096
8277
7258
7884
8244
8096
7529
8281
7268
8441
8362
8613
7571
8229
7615
8579
7841
8210
7205
8571
8091
7921
8271
7701
7872
7680
7402
7147
8574
7717
7239
7342
8012
7193
8466
7891
7775
7852
7200
7476
8522
7259
8235
7479
7603
7590
8780
8110
7446
7385
7315
7089
8346
7165
8486
7205
8483
6987
7991
8551
7553
8153
8748
7599
7458
7969
8177
7735
8212
8054
7762
7740
7415
7984
7256
7696
7680
7107
7220
8521
8499
7753
7215
7982
7398
7377
8732
8236
8345
7356
7435
7569
7201
7820
8326
8197
8081
8161
7868
7697
8171
7417
7475
8647
7774
6915
50025
7651
7403
8416
7918
7766
8348
8136
7372
8071
7702
7543
8301
8087
7060
7948
7775
7471
7488
8076
7520
8287
8015
7143
7628
7420
7752
8556
8625
8485
7426
7910
6807
8093
7594
7030
8391
7353
8099
7456
7309
8488
8953
7187
7225
8242
7716
7420
7630
7289
7027
7970
7195
7559
8644
8078
7601
7693
7774
7773
7901
8431
7661
8353
8348
7850
7441
8194
7474
8594
7841
6993
7465
7315
7392
8141
8431
7832
8022
7975
7941
7322
7716
7697
8586
7217
7359
7164
8632
8743
8077
7977
8499
8491
8302
7966
8392
7112
8550
8164
8494
7540
7666
7380
7504
8285
8399
8841
8359
8043
7836
7728
8638
8452
7801
7996
7198
7586
8317
8572
8443
7646
8039
7961
8537
8677
7274
8576
7779
8274
7752
8472
8482
7511
7556
7589
7594
7806
7628
7748
7752
8453
8549
8688
7813
8997
8667
7093
8384
8103
7461
7978
7612
7651
7762
8539
8111
7814
7272
7712
8516
7973
8056
7124
7603
6947
7600
7333
7410
8630
7648
7928
7978
8695
7023
7866
8415
7742
7764
7692
7866
8414
7517
7740
7885
7345
7332
8365
7267
8631
7739
8754
7901
8446
7693
7072
8133
8456
8499
7389
8307
7481
7483
8096
7458
7728
7600
7701
8341
8154
8006
7235
7990
8157
7982
8466
8169
7523
7595
8010
7533
8361
8196
8073
7617
7867
7297
7243
7092
8294
8031
7836
8300
7266
7866
8174
8185
7692
7341
7723
7850
8258
8594
7075
8686
8183
7794
8794
8159
6884
8390
8462
8007
8383
8420
7543
8572
7849
8155
7815
8414
7491
7798
8227
7497
7489
8295
7620
7141
7330
8014
7915
8316
8444
8153
7389
7276
8475
7339
7753
7269
8205
7617
7421
7488
8779
7574
7386
7691
7388
7274
7198
8110
58484
7066
9648
7949
8543
25721
7166
7839
8350
7949
7046
11853
7071
8564
8605
7787
8145
11283
8436
7826
7914
7759
8307
7366
7940
7523
8721
7656
8476
8031
7899
8429
8202
7656
7712
7842
7232
8142
8188
7532
7654
7786
7189
8037
9757
8260
8679
8948
7249
8384
7537
7229
8006
10635
8219
7390
7755
8492
6947
7069
8158
7192
9392
7465
8578
9665
7821
7091
9047
7156
7820
9198
7342
7710
20580
7246
7384
8435
8187
8554
8285
7973
8033
7569
7924
7779
7989
7723
7856
7634
8422
8558
8415
7924
8627
8272
8276
7966
8149
7446
8005
8554
7614
7247
7973
8584
7537
7220
7944
7630
8360
7437
7928
7961
8075
7407
7265
8380
8686
7770
7864
8614
7507
7508
8176
8464
8391
7720
7530
7978
7708
8210
8166
8576
7004
7773
8810
7776
7876
7847
7492
8504
7123
7893
8356
7341
7366
7417
8041
7564
7498
7395
8419
8641
8211
7267
8600
8752
8313
7999
7276
9764
7287
8577
7892
7726
7528
7889
8538
7539
7608
7614
8574
6993
7727
7157
8282
8536
7235
8771
7676
8030
7367
8378
7594
8041
8622
7237
7011
7961
8314
7207
8349
7724
7284
7897
8538
7259
8635
7796
8423
7640
7602
7732
8478
8333
7202
7137
7589
8082
7752
7253
8403
8183
7201
8328
7815
7038
7297
7655
8422
7764
7577
8574
8342
7402
7133
7389
8684
7947
8323
7637
7364
7994
7133
8432
7109
8315
7801
8564
7842
8433
6968
7140
7624
8555
7439
8385
7106
8365
7620
7566
7271
8401
8362
8659
7950
7602
8673
7565
7415
7784
8265
8103
8164
7996
8230
7533
7576
8497
8589
7193
7970
8492
8521
8562
8096
8632
6911
7434
8758
7394
8456
7275
7189
8438
7555
7832
7176
7145
7510
8435
8204
48249
7323
8122
7040
7714
7621
8072
7717
8292
8038
8353
7389
8197
8151
8185
7117
7985
8410
7159
8179
7316
7432
8005
7991
8307
8092
7815
8019
7373
7592
7478
7675
8702
8308
8407
8264
7884
7151
8236
8332
7465
7371
7089
8293
7868
7784
7392
8449
8251
8461
8246
7234
7575
8615
7748
8053
7860
7650
7874
7389
7993
7274
7392
8430
7427
7140
7974
7614
7410
7490
8252
8671
8227
7979
7471
7869
8517
7207
7435
8786
7374
7192
8651
8605
6727
9512
8375
7171
7876
7295
7740
7787
7348
7353
8911
7715
9040
7687
8075
8095
7893
8603
7845
8357
7763
7761
6938
8102
8316
8410
7507
7175
8687
8310
8563
7703
7984
8634
8424
8575
7907
7614
8197
7842
7806
8472
8082
8086
8138
8260
7767
8411
7941
7036
8129
8133
7835
8866
8183
8575
8671
8504
7987
7554
7181
8430
7191
8202
7752
7835
8184
7168
7932
8055
8168
8323
7270
7158
8212
7411
7358
7693
7505
7959
8079
8672
8376
7850
7564
8016
7852
8534
8276
8521
8051
7774
8263
7499
7671
8217
7861
8175
8008
7877
8403
7630
8768
8414
7941
7415
7830
7578
7569
8194
8394
7391
6733
7830
8010
8194
8450
8578
8540
8616
7659
7929
8307
8159
7566
8065
8138
8403
7813
7833
7906
7297
7940
7748
8620
8482
7031
8148
7156
8066
7156
8746
7880
7195
8690
7492
7284
8478
7214
7862
7910
7622
7643
8005
7079
8727
8040
8118
7827
8056
8409
8179
7693
7226
7352
7752
8430
7173
8420
8234
8651
8410
7663
7260
7751
8205
8486
8205
8765
7975
7627
6978
8665
7986
8237
7975
7743
7901
8306
7703
8555
7451
8058
7946
8256
8200
7973
8010
8394
8276
8695
8238
7955
8478
8168
6956
7336
7899
7591
21088
8264
7553
7294
8030
7777
7854
7191
8241
7839
8081
7940
7745
7310
7695
7133
8856
7071
7917
7933
7930
7869
7408
8520
7932
7734
7453
8638
8158
7913
8692
7091
8041
7345
7232
7735
7450
7794
8251
8331
7240
7598
8813
8627
7699
8558
7891
7954
7594
8533
7518
8124
8383
8001
7586
7448
7593
8588
7912
7849
7417
7260
7713
7578
8611
7579
8615
8418
7995
7431
8774
7032
7728
8373
7020
8575
7663
7158
8330
8594
8403
7200
7633
7123
7851
7836
7722
7861
8404
7928
8131
6916
6989
7973
7321
8352
8971
7971
8538
7913
8769
7290
7112
7055
8106
7249
7353
7156
8579
7062
7569
8238
8558
7148
7610
8606
8259
8169
7530
8072
7294
7169
7486
7682
7629
7375
7840
7148
7839
7497
7736
7800
8011
7788
8612
7397
8122
8080
8522
7605
8239
7579
8184
7791
7034
8154
8434
7189
8161
7575
7002
8136
8584
7805
8263
7970
7589
8676
8138
6950
8556
7656
7210
7216
7691
8008
7557
7792
7908
7912
8418
7938
8666
7578
7347
7268
7682
8205
7774
7851
6967
8063
8425
8082
8172
8180
8159
7336
7316
6927
8760
7248
7536
7973
8723
8215
7943
7754
7523
8273
7282
7404
7308
7833
7067
8100
7486
8203
7946
8144
7789
8715
8265
7215
7950
7813
6983
7186
8164
7409
7798
8079
7618
7933
7413
7539
8466
7233
7015
8551
7466
7846
8619
7956
7097
8184
8557
7173
8276
8124
7239
8773
8243
7914
8706
8707
7033
8579
8537
7630
7791
7449
7498
7396
7954
7994
8641
7334
8300
7109
7268
8093
8242
8215
7940
8775
7398
8071
7752
7241
8178
7730
8623
6996
8779
8056
8126
7712
8671
8456
7589
8280
7246
8317
7615
8695
7374
7313
7706
7120
8621
8291
7977
73735
8061
23725
7035
7713
7993
7293
7676
11077
8057
7416
8409
7258
7805
8874
8545
7856
7569
7220
7046
7674
7908
7841
8354
8332
7369
10704
7449
8430
9061
8453
7488
7820
8294
7599
8275
8610
7630
9069
7942
8287
11055
8105
7030
7141
7786
7448
9095
7718
7946
8721
7191
8194
8917
7072
7313
9161
8239
7411
8996
7353
8591
8353
7801
7316
8685
8662
7091
8676
7348
8040
10504
7251
8712
8318
8490
8335
8654
7733
6986
7984
8631
7120
7871
7959
8208
8476
8499
7882
9400
8083
7827
7553
6917
8538
8560
7940
7324
7120
7216
7400
6871
7229
8416
7974
7630
7480
8260
8235
8035
8136
7125
7870
7516
8514
8005
7097
7851
8447
7762
8353
7856
8119
7856
8564
8462
7345
8451
7727
8195
7061
7553
7879
7343
7876
7182
7394
7633
8164
8357
7258
7951
7361
8512
8141
7645
8097
7790
7666
7590
7491
8004
7554
8666
8594
6892
8343
8094
7048
7697
8166
7932
7269
7715
6870
8094
8000
7939
7995
8964
7045
7187
8235
7938
8067
7210
6914
7099
8358
7252
8658
8411
7567
8549
8316
7682
8072
7538
7567
8115
8610
7509
7550
7702
6851
8481
8336
8502
7731
8454
8357
8875
7058
8351
8538
8151
7335
8027
7251
8141
7962
8152
7252
7521
8776
7951
7848
8458
7112
7353
7800
8411
8260
8298
7877
7598
8018
7446
8493
7175
7143
8435
7957
7220
7448
7148
8174
7638
8401
7561
7758
7696
8485
7861
8101
7756
7124
7288
7330
8284
7688
8358
7747
8574
7784
7172
8000
7001
7533
8056
8394
8544
7465
6868
8133
8562
7144
7427
7575
7984
8009
8551
7189
8185
8020
7990
7079
7397
7233
7669
8425
8019
7248
8124
7356
7741
8431
7000
7327
7369
6956
8265
8702
58343
7912
8117
7551
8791
7314
7290
7770
7945
7235
8336
7137
7656
8453
7199
7151
7201
7456
7651
7634
8215
7550
8376
7332
7330
8382
8464
6975
7866
8272
8019
7890
7594
7398
7590
7272
8215
7578
7841
6876
7354
7487
7030
8292
7791
8076
8129
7473
8169
7682
7233
8103
7175
7191
7456
7132
7126
8622
7710
8015
7815
7057
8153
8538
8335
7466
8232
7411
7820
6933
8102
7404
7476
8371
8195
7348
7414
7536
7554
8497
8156
7974
8458
7398
8371
7127
7441
7071
7602
7065
6938
8835
8138
8000
7773
7180
7541
8155
7205
7668
8625
8575
7915
7349
7839
7356
8415
8572
7917
8272
7203
7444
7015
7814
7060
7043
8778
7699
8361
8528
8364
7398
8314
7732
7982
8097
7974
7394
8245
7835
8232
8338
7853
7107
7543
7465
7636
7911
7971
7429
7938
7435
6931
8030
7400
8435
7225
8321
7905
7590
7473
8122
8863
8580
7463
8115
8246
7828
7379
7780
8374
8123
7564
7797
7912
8732
8280
8336
7587
7944
7299
7184
8312
7461
8387
7771
8425
7605
8117
7584
7231
7412
8153
8049
7515
8056
8155
8073
7967
7299
8235
7404
8577
7752
7983
8254
8441
8380
8592
7343
7051
8625
7577
8536
8625
7062
7151
7272
7647
7071
8334
7015
8778
7430
8430
7747
7053
6833
8877
7823
7068
8595
8076
7897
7410
8165
7461
8800
7569
7454
8203
8395
8165
7437
8215
8151
7272
7097
8410
7509
8276
8026
8097
8354
8558
8215
8703
7799
7855
7926
8199
8635
7129
7882
7697
9578
7190
7308
8189
8262
8217
7814
7027
7110
8200
7722
7533
8573
7508
7290
8316
7960
8776
7666
7693
7399
7265
7040
8507
7198
7750
8315
7497
7394
7327
8146
7702
8692
7426
7369
7882
8598
7151
49495
7643
7821
8200
8674
8012
8171
7780
7664
7912
8235
7800
8210
7592
7487
7139
8452
7211
7962
8102
7309
7947
8453
7401
7703
7050
8133
8249
8774
7938
7968
8345
8232
7692
8711
7214
7627
7169
7289
8169
7281
7820
8735
8025
7283
7388
7897
8121
8103
8076
6941
7351
7249
7439
7688
7373
7957
8285
8516
8423
8210
8485
7141
7300
8255
6757
8654
7484
8159
8472
8591
8123
7423
8670
6924
7355
8666
7562
7551
7562
7025
7701
7198
8099
6940
8653
7985
7141
8649
8323
8275
7972
8372
7220
7730
7247
7387
7895
7534
7531
7519
7816
7497
7503
19168
7344
10763
7430
8131
23053
7650
7283
12995
7669
7466
8976
8190
8456
8807
8017
7520
8225
8318
7521
8502
7643
8515
8337
7006
8272
7396
7550
8563
8695
8088
8262
8517
7591
8234
8618
8255
7723
8382
7029
8087
8326
7760
7904
9101
7387
7039
10419
8181
7918
8135
8523
8206
7600
7855
7856
8967
7694
7165
9919
8411
7957
7534
7410
8801
8834
8062
6948
8441
8138
8497
8394
8415
7030
9125
7996
8358
8130
8070
7471
8690
8169
7803
7803
7189
7070
7390
7425
8217
9043
8031
7248
9348
8061
8326
8220
7783
7408
8792
7984
8043
7890
7700
7913
23326
7210
8418
8282
7315
7753
7148
8454
8543
7691
6934
7702
7749
8000
8594
8681
6746
7225
7917
7179
8165
8263
8020
7354
7775
7538
7786
7350
7043
8578
8219
8434
7346
9048
7261
7553
8385
7593
8403
7338
7015
8512
7943
7071
8427
9205
8032
8397
8334
8099
7341
8412
8228
6927
7595
7919
8294
7803
7803
7102
9376
7373
8317
8476
8163
7943
9358
8441
8435
7246
7906
7870
7169
8117
7678
10815
8048
8424
8304
7861
7087
9037
7874
7330
7644
7147
8334
7889
8528
7370
8594
7834
8405
11655
7855
8145
7051
7862
7676
7548
8289
8334
8230
8153
8600
7693
7004
7493
7482
7538
7943
9107
8635
8195
10056
7667
8596
7707
7250
8114
9125
8650
7968
7958
7447
7629
9222
7370
8178
7602
7557
8546
8733
7477
7364
8154
7490
7406
9609
7794
8454
8641
7751
7620
9179
7307
8265
10428
8794
7380
7448
7951
8046
9106
7690
8150
7984
7210
8460
7730
7446
7723
8017
7427
7389
9565
8072
8871
8367
7030
7034
8494
7246
7972
9354
7733
7638
8622
8211
7410
11844
8116
7343
7379
7402
7855
8392
8642
7598
7993
7189
7771
7165
7249
7983
7360
7222
7821
7512
8274
8297
7150
8628
7171
7956
7380
8082
7930
8101
8538
8010
8605
7745
8058
8596
7645
8300
7420
8610
8436
7272
7285
7287
7274
7481
7054
7688
8128
8399
7887
8072
7368
7675
7352
8161
8454
7809
7581
7330
8497
7913
7572
7803
7025
8317
8140
6928
7317
8474
7913
7711
8561
8436
8179
8394
7647
7897
8754
7771
8360
7315
7719
7749
7781
8058
8234
8107
8043
8753
7914
7607
8878
8659
8195
7432
7152
8169
7613
7337
7206
7156
8654
7891
8315
7251
7948
8155
8438
7980
7575
7683
8051
8415
7859
7570
7851
8198
7794
8612
7550
8425
7999
8753
8121
8300
7852
7954
8228
8640
8144
7327
7397
8340
8035
8619
8196
8497
8735
7179
7180
8201
7563
7338
8102
7313
8074
7900
6917
8561
8353
7675
7558
7168
7424
8561
7889
6994
7877
7554
8217
8345
7129
8459
7984
7803
7883
8026
7749
7445
8410
8376
8522
7466
8652
7310
8476
7692
8020
7157
8645
8202
7591
7790
7933
8625
7191
8138
7866
7335
7885
8451
7767
7738
8719
8082
8087
7553
8426
43041
8005
7772
7586
7184
8535
7090
7474
8211
8373
7365
8237
8196
8036
8004
7332
8177
7468
7307
8597
7610
8700
8605
7938
7195
7834
7603
7791
7987
8423
8322
7246
7348
7375
7595
7685
7642
8144
7917
8128
7973
7841
7933
8330
7735
8164
8409
7160
7771
7691
8004
7734
8348
8719
8341
7790
7849
7802
8594
7821
7182
8191
7602
7990
7491
8686
7527
8431
6881
7197
7376
7087
7098
6927
8434
6812
6937
7010
6954
7225
7738
7221
7028
8055
8553
8106
8093
7015
7419
18539
7747
7964
7256
7038
7139
6793
7702
8001
8887
7330
7030
7163
6782
7063
7851
8174
8235
6923
18510
7343
8224
8143
7031
7214
7933
6978
6928
8405
8128
6896
17706
7776
8088
7976
8349
8355
8027
7299
7009
6840
8343
8232
7261
7261
7316
7463
7374
8413
8335
8262
8193
7153
8324
6764
6789
8089
8195
8081
8230
8152
8077
8024
8312
8313
7729
8121
8193
6929
8124
8294
8218
7551
6824
6734
7948
17058
7552
8203
8210
8298
8198
8074
7271
8688
6999
7130
7214
6814
7146
6993
7167
7334
6607
7984
7030
7111
6787
6786
7073
7001
7375
7167
7980
8223
7984
7227
6968
7019
7302
7237
7069
8023
8106
8035
6834
8050
8169
8295
8388
7359
7636
7139
6880
8265
8131
7261
7014
8115
6846
8338
7850
8206
8334
7192
9317
6763
7669
6826
6769
6748
7170
8365
7976
8215
7076
6953
7644
6936
6784
7408
8055
8277
7194
7047
7358
7223
7251
7154
7925
7811
8329
22283
7102
7036
8169
8060
6962
7115
7389
8261
6798
7534
7188
8100
8092
8335
8096
7430
8273
7125
7010
8106
8243
8411
8046
8239
7551
7988
8246
8353
6983
8312
7160
7074
6843
8395
7225
8189
7108
8077
8089
7274
8074
20927
7302
7307
7089
6827
6821
7130
7047
7013
6991
7092
6746
7109
7555
6989
6831
8436
7008
7934
7882
8032
7040
6976
7958
6939
6886
7299
6977
6956
7585
7182
8068
6844
6874
6773
7141
7004
6723
8230
7063
8338
6937
6876
8462
7016
8470
7082
6874
8627
8312
6881
6953
6969
7194
6917
7041
7024
7909
7410
7107
7791
6745
7156
7348
6793
6961
6956
8389
8160
7010
7546
8282
6823
7196
6951
7233
6913
7070
6932
6934
18702
6891
6970
22570
7733
7660
6687
7394
7073
7110
7243
21412
6828
7029
6804
7011
8191
6936
7533
6922
6887
7143
6983
7026
6936
7530
7655
7355
7097
6886
8620
6994
8848
7279
6629
7692
7110
6873
6928
6794
9558
7210
7349
7340
8281
7173
8316
7156
7117
6825
6968
7076
7189
6586
7650
8374
7122
6989
6883
6849
6940
6984
6839
7720
8421
6885
7039
6883
6992
7000
7020
7086
7769
7040
7041
7071
7120
7035
7676
7851
8501
6686
7032
7029
7051
6970
7790
6887
6952
7166
6789
6891
7631
6845
7008
7082
8344
6927
7271
6792
7231
8005
6933
7929
8273
7203
6889
7016
6980
6835
8030
7341
6908
6832
7287
7578
7049
7670
7217
8005
6974
7034
6951
7030
6970
6851
6766
6974
7953
7560
7065
7107
7064
6761
7292
6846
6791
6961
7984
6794
7710
6874
7092
7099
7026
6933
6901
7507
8035
6884
7020
6862
7269
6810
7164
8373
7008
7871
7148
7310
8685
6858
7056
7733
6728
7046
8942
7781
7348
6968
6943
6922
6948
6748
7304
6683
7712
6966
-------------------------------------

