EAL: Detected CPU lcores: 20
EAL: Detected NUMA nodes: 1
EAL: Detected shared linkage of DPDK
EAL: Multi-process socket /var/run/dpdk/rte/mp_socket
EAL: Selected IOVA mode 'VA'
EAL: Probe PCI driver: mlx5_pci (15b3:1015) device: 0000:03:00.1 (socket 0)
TELEMETRY: No legacy callbacks, legacy socket not created
Count core: 1
Number of queues: 1
Connecting to port 0 with 1 queues
ip: 192.168.1.1
server port is 8080
Expect the server to change the location of timestamp by 20 bytes
sending ARP requests
mac address for server 192.168.1.1 received: 9c:dc:71:5e:f:41
ARP requests finished
-------------------------------------
10476
9258
8769
10299
9847
8786
13369
8779
9389
8615
9312
9081
8267
8622
8850
9071
9024
8200
9171
10503
8642
8890
9974
8354
10102
9817
9235
9760
9807
10065
9007
10801
9656
8836
9121
9211
9616
9660
9225
8763
11005
8642
9064
12401
8348
8505
9442
8632
9024
9261
8753
8455
7986
9549
8354
8699
10145
8190
9757
10326
9620
9161
10406
10229
8405
8786
8984
8846
9981
9017
10256
8224
10135
8890
11397
8850
9372
10667
8297
9198
11029
8743
9476
9968
8974
10001
10061
8682
10095
8796
8518
9770
8458
9432
9861
9144
10222
8180
9425
10205
9399
8622
8609
9968
8982
9064
7981
10942
9648
8509
8656
8234
8452
9205
10548
9640
8354
9328
8299
9625
7767
8761
9680
10172
9401
9235
8703
9308
8769
8078
9155
8909
8866
9135
9464
9631
8308
8168
8678
8661
9748
8120
8965
8335
8128
8370
8607
9233
9459
9753
7906
8069
9309
9507
8756
8752
9344
9291
8724
9138
9752
9379
8167
8470
8908
8488
8400
8212
10371
8376
8540
7921
8267
8649
8552
8878
10125
9430
8396
13057
9390
8726
9318
10071
8274
8543
8440
8148
9102
8863
7461
9841
7543
8304
8818
8843
8587
8605
8900
7807
10464
8590
9316
9333
8319
9271
8199
8474
10230
8904
7978
8989
8175
7822
10363
9182
9161
8379
9090
10223
9075
8802
7879
8471
8810
7818
7983
10071
8284
7842
8786
8353
8820
8902
10212
9202
7843
9546
9728
7661
9136
8004
10004
9219
9298
8609
10532
9527
9218
9497
7739
8830
8017
7506
8230
9010
9229
8269
8102
8890
7609
7658
7857
7776
8315
8027
8258
8669
8195
9405
8886
9318
8315
8875
8424
8843
8669
9656
8923
9158
9562
8751
9323
9271
9165
8325
8205
9291
8811
9151
9964
9420
7777
9550
9953
8038
8821
9081
8579
8938
8598
9169
8907
9202
8350
9077
7594
9583
9219
8348
8777
8997
9467
8837
8597
9117
17630
8035
7948
12432
7954
8161
7840
9005
9203
7647
8738
9521
8349
8414
8235
9258
7920
9085
9240
8063
9513
7907
10241
7775
9974
9174
7507
7652
8764
8286
9073
8566
7901
8205
8616
8466
8740
8168
9212
9061
7781
8635
8211
8461
9389
8398
9036
8750
8525
7828
7846
8056
8173
10165
8673
9077
8693
8305
8673
8758
8443
7775
8931
9427
9178
8555
8653
8615
9077
8573
8008
8691
7928
7904
9969
9180
9518
8906
10044
8684
8811
7929
7972
9141
8819
8210
8253
8042
7632
9012
7742
8942
8391
8674
8553
9338
9887
8649
9162
8011
8248
8179
8808
8861
7847
9015
7791
8430
8839
8564
8565
8603
8153
7689
8723
9275
8710
9356
9412
8853
8456
9389
8470
8895
9039
8292
8376
8218
8114
7714
9231
8202
9374
8395
10137
9240
8899
8696
8417
9548
7687
7624
7972
9451
9054
8516
9819
8827
8215
11100
8373
9198
19085
9025
7606
8326
9059
7607
9227
8476
9480
7764
8902
9380
8956
8282
10227
8299
8411
8902
8288
8464
7728
9458
8235
7605
7417
8543
7821
9277
8946
8381
9536
8013
8686
9213
8565
9226
7861
8261
8415
9083
9489
8805
8541
9400
7791
8176
17326
9302
8172
8124
8137
8887
9034
8114
8205
8876
8160
7595
7984
8396
8485
9184
9220
9449
7374
8399
7521
7871
7987
9110
7833
7647
9030
8135
8126
7741
10327
8907
8392
9721
8486
8052
8991
8728
9045
8254
9291
7859
8931
8651
7743
8933
8186
9017
7895
7666
8456
8163
7629
8707
8798
8303
8587
8475
8376
8778
8131
8111
8625
7887
9618
7702
8177
8827
7572
9658
8335
8515
8323
7813
8989
7923
8519
7917
8865
7683
8666
8443
7779
8876
8972
8210
8157
7805
8280
9145
8675
9831
8620
8809
7990
9001
8175
8984
7983
8150
7302
8595
8619
8969
8661
8839
7629
8200
7719
8403
8830
8515
7651
8182
8013
8578
9206
9056
7708
7917
7943
8485
8444
8565
9204
9700
7560
8850
8441
8615
8179
8930
8692
8540
8394
7997
7670
8210
8970
8596
7810
7884
8001
8809
8153
8096
8230
7461
9287
8869
8510
7986
10857
9190
7913
9074
9340
8447
8077
7936
8661
8455
8532
8888
9208
8821
7389
7876
7800
8723
8206
8938
9368
7809
8292
9753
8841
8268
12914
7969
7682
12251
7891
7669
8333
8590
9868
9049
8425
11724
8805
9179
9067
8761
8652
8596
7674
9461
53507
9215
7472
7462
7766
8696
8229
9533
7815
8643
7190
8213
7517
9129
7831
7695
7816
8039
7825
8902
9225
8707
9507
7974
7528
7612
8657
8784
7928
7886
8117
7364
7642
8255
9236
8574
9082
8957
7858
7926
9380
8673
7782
10421
8465
8210
7665
7606
9198
7855
8786
7846
8683
8902
8479
9057
8991
7139
8321
8558
7873
8218
9190
8441
8483
8444
8456
8216
8816
9497
8150
8253
8296
7727
8193
8655
7545
9085
7297
10017
7644
8428
8451
8918
8292
8376
7755
8641
9720
7992
8416
8282
8021
8032
8682
8654
10857
7781
8010
8536
8890
9157
15030
8840
9475
8933
7814
8763
9625
7899
8201
8290
8938
8439
7671
8202
8192
8067
7609
10485
8619
8876
7772
8710
9123
7642
7645
7981
8110
7809
7971
7999
8264
8013
7930
10302
8307
8471
8475
8210
9035
9058
7625
8817
7549
7587
7540
9129
8736
8253
9000
9366
7630
8193
8533
8695
8451
7790
8040
7594
8418
8114
8740
8764
8240
9148
7649
7897
8106
7790
7753
9271
8497
8030
8412
9224
8178
8042
8213
8211
8025
8221
8366
10763
9112
7653
7308
7892
7491
8212
8785
9461
7938
8862
7594
7986
7877
7557
9201
8834
8046
7830
8876
8866
8271
8933
7589
7762
8006
8440
7605
8056
8115
7989
7899
9540
7509
8373
8775
8682
8198
8402
8726
7639
9056
8500
8532
7652
8490
7934
9075
7615
8538
7472
7572
7837
9428
7714
8005
8033
8334
8304
7881
9061
8804
8086
7520
9450
9019
8633
8978
7775
8476
8363
7246
7610
8367
9056
8173
8932
8102
7287
8530
7891
9220
9340
8786
7934
8003
7507
8593
8142
7671
9215
8548
8977
8076
9046
8107
8690
8210
9138
7895
9248
9132
7553
8851
8797
7849
7957
8482
7987
9005
135747
9034
8855
7865
8088
7579
8184
8895
9201
8444
8420
7987
9237
9143
7888
8331
8096
9209
8297
8175
8302
7763
7988
8628
8032
7889
9099
7671
7901
8678
8098
7458
9232
7648
7659
7518
9168
8640
7685
7978
8629
8405
8321
7805
7796
7994
8197
7815
8771
8234
8803
7935
7758
8113
8001
8737
9134
7497
7527
8303
7742
8251
9049
8669
8348
8846
8625
8430
9018
8664
7728
7632
7869
7995
9100
8478
8347
7879
8028
7569
8143
8184
9861
7845
8358
8480
8987
9268
9256
8495
8248
7884
7900
8077
7695
9234
8441
8481
8633
8615
8798
8323
8884
8415
8565
8665
8204
8611
8659
9260
8129
7687
8986
8846
8868
8409
8256
8859
7756
9820
8458
8323
10099
7853
9040
13724
8989
8456
7773
8084
8650
8574
7860
8782
9699
8242
7890
9070
8551
8353
8823
8968
8699
8403
8382
7999
9153
8957
9129
7996
9467
8474
9221
9055
8976
8962
8514
7533
8471
9244
7333
8656
8692
8538
8293
10256
7486
8515
9185
9039
8806
8071
7751
8643
7676
8934
8792
8252
9057
7431
9194
7471
7554
8585
7581
7656
7661
8236
8873
9189
8879
8569
8221
8165
7769
8261
7748
8289
8628
8303
8290
9138
8940
8177
8524
7855
8713
8261
8178
8056
11343
9719
9335
9498
8603
8917
7852
8216
9018
9256
8594
7420
8907
8092
8389
8990
8622
8092
7838
8418
9281
8825
8133
7493
8106
8474
7635
8098
8835
9190
7604
8056
7493
8674
8764
8780
7812
8321
8723
8325
8771
7413
8630
8189
7697
8157
8204
8897
9111
9544
8430
7150
8842
7655
8748
8478
8568
8076
7405
7838
8338
8015
8761
8135
9323
8082
7793
8692
7621
8074
9152
9195
8174
8326
7512
8977
8897
10648
8207
8154
7683
7970
7797
120113
8400
8114
7258
8225
8702
7915
8892
8014
8131
8425
9303
8551
10117
8393
8041
8233
7542
8121
7635
9116
7738
7980
8923
8044
8601
9205
8697
9019
8576
8153
8030
8746
8940
8851
8068
7661
7521
8707
8102
8652
8082
8938
7569
8225
9653
8507
8913
7876
8760
8022
8435
7372
8388
8378
8429
7905
8262
8502
7754
7575
9259
8019
7902
7989
8010
8815
7786
8009
9231
8112
8297
7556
7541
9227
8592
9441
9471
7430
8376
8876
9256
7566
8999
8491
7741
8497
8551
9318
9157
8579
8979
8599
9291
8759
8499
7903
8955
8696
8387
7769
8275
7936
8013
8717
9313
8234
8954
9112
9669
8499
8162
8964
7393
7814
9025
9127
9056
14032
8693
7391
11545
7584
8845
8499
8917
8897
8374
7730
8866
8851
7954
7242
8936
8491
8782
7717
8673
7620
8592
8331
9393
8440
8798
8574
8907
8041
9069
8494
9208
7635
8947
8814
8775
9148
8816
8839
7517
8818
8174
8257
7840
9291
9369
8945
9079
9017
7725
8353
8279
9487
7702
7839
11260
7620
9056
7733
7765
8796
8057
7831
7803
8404
8194
8513
8505
7552
8330
8425
7585
7755
8963
9162
7777
8609
7798
8917
9297
9235
8055
8723
8287
8712
7932
7589
9453
9223
8540
8355
8335
7562
8545
9033
8899
8607
8866
9114
8923
8817
7969
7571
7713
7692
8398
8795
7770
10450
9157
8468
8446
7589
8945
7794
8076
8996
8015
9273
9569
8795
7578
8651
8414
8415
7654
9087
9328
7600
8209
8594
7811
7630
7524
8053
7773
8002
8858
7788
9035
9309
8592
8835
8140
8923
9096
8238
9542
9026
9044
7960
8697
7976
19883
7692
8199
7610
8573
8415
9046
9466
7732
8991
8877
7447
9117
8356
8777
9338
9053
10195
7833
8206
9235
8092
72465
7624
8120
8858
7892
8727
9336
8618
8317
7827
7266
8620
7790
8902
7463
9135
8617
7899
8639
7508
8164
8066
7552
8725
8170
9174
8437
9216
8857
7668
7544
8215
8791
7758
8129
7668
7967
8291
7580
9315
9579
7964
8543
8386
8619
8267
7953
7816
8466
8683
7538
9011
7614
7745
7609
8914
8718
8936
9480
8215
8372
8955
8666
8025
7530
8152
8613
7697
8980
8956
9063
7854
9645
8629
8894
8013
9731
7761
7348
8800
8971
9076
8723
8869
8796
19831
8121
18235
19494
9043
8578
9130
7905
7996
7828
9124
8338
9021
8612
8046
8427
8149
8829
8412
9431
8150
7966
8548
9315
9009
9067
7870
7703
7366
8842
7748
9272
9410
7872
8199
7936
7634
7596
8577
9081
7472
9097
7924
9124
7792
16994
8509
8550
8313
8271
8315
9789
9215
8528
8642
7871
8004
8132
7825
8753
8199
7428
7856
8490
8186
9195
7789
8607
7371
7857
7762
8050
9197
8213
8659
8036
7992
7882
9172
9025
7863
7856
7803
9485
8723
8659
8315
7687
8964
7988
9242
8265
7964
9036
8617
7892
7255
8292
8414
8794
7564
8444
8156
7863
8745
8646
8635
8037
8225
8575
7654
9020
9236
7862
9297
10710
7598
8772
8495
8284
7689
8743
7360
8938
8595
9025
8533
9112
8512
8130
8827
8451
7543
9311
8438
8117
8109
7517
8067
9914
8803
7801
8135
9058
8641
7627
8394
8075
8388
7962
7713
8431
8387
9082
8771
8897
7846
7997
8733
8800
8241
9218
7408
8925
8368
9075
8549
7564
7605
8431
9069
8194
9214
7730
9169
8436
7990
8176
8071
10023
8615
8707
8326
8408
9241
7758
9186
7682
7797
8312
8251
8456
8692
7969
8135
10476
7759
8051
8885
7565
8229
9041
8145
9242
7903
7472
9198
9438
89237
9122
7615
8025
7567
8416
8688
8393
8212
9000
7820
8067
8740
7958
8266
8204
8092
8003
7872
7816
8440
8677
9313
9191
7353
7501
8969
8432
9208
9564
8876
8026
9171
9483
7686
8553
9194
8535
7584
8517
8256
8436
8187
9578
8897
8691
9012
9027
7794
8595
8449
8402
8521
8314
8646
8114
8564
7647
8416
7881
8455
7461
8333
7592
7418
8664
9095
7928
8667
8154
9193
8379
9066
7598
7792
7603
8247
8497
8254
8005
7464
7732
9033
9180
8338
7323
9336
8483
8779
8043
9015
8672
7789
8907
8841
9413
7639
7974
7823
9964
7650
8409
8616
9241
8036
8544
8112
8394
8714
7975
7658
7782
7905
8161
8195
8674
8208
9022
7769
8106
8298
9492
9039
8442
7618
8004
9054
7889
7993
8399
8148
8430
8357
9036
8222
8433
8658
9359
7490
7380
8835
7802
8993
9927
8925
8290
13677
8340
8406
10611
8035
8984
8190
7793
7672
8361
8215
8454
11026
8183
8706
7522
9232
8184
8800
8044
9200
7454
7582
8038
8174
8087
7964
8558
8497
7813
8461
9137
8574
7467
9139
8576
7634
9085
8666
9287
7754
7912
7948
8798
8854
8415
8060
8310
8591
8520
7901
7471
8674
9004
7278
9097
7740
7791
7558
7866
7991
7947
7565
8662
8184
8376
8181
9053
8019
9041
9107
9302
8780
11635
8276
7358
8533
8663
8797
8437
8779
9026
7428
9082
8391
8584
8042
8706
9453
7797
9523
7999
7549
7557
8015
8804
8023
9200
8809
8893
7662
7728
8515
8251
9106
8544
8251
8574
7842
7827
9021
7495
9197
8073
8176
8005
8913
8958
7607
8994
9115
9228
7894
7608
8937
7967
8517
7821
8120
7910
8005
8775
7795
8018
7819
8685
7377
9189
9058
9031
8412
8219
9217
7971
8563
9871
9181
124315
9217
8856
8000
7430
8130
8423
8975
8154
9041
7624
8979
8842
8807
9190
7876
8059
8548
7610
7902
7644
7705
7812
8241
7389
8856
9018
7600
8476
9473
8579
8601
7853
8841
9007
7950
8383
8240
8154
7665
8743
8478
8133
8493
8430
8710
8100
8191
8591
8757
8318
8989
8220
8558
8466
8396
7931
8436
8204
8005
8396
8333
11267
8937
8197
9022
8622
8169
8986
7974
8002
8455
8148
8609
8259
7576
8643
7538
8028
9106
7941
9015
8848
7769
8826
8081
9080
7914
8170
8314
8215
8377
8653
9279
9139
9296
8837
7833
7572
8776
8231
9020
9126
9100
8109
7964
7469
7912
8932
8000
8839
8215
9178
8910
8938
8436
8974
8702
8268
8996
8485
9571
8282
8404
15253
7498
9950
9146
8437
9150
8892
9055
8589
8820
8350
7839
9204
8021
7819
8501
9222
8046
11323
9014
8225
8905
8091
8271
8994
8237
8843
9136
7969
8459
9195
8456
8934
7893
8487
8724
8120
8491
8534
7883
7800
7920
7541
7322
7894
9239
8160
8887
7753
7723
8292
8029
8377
8886
8578
8374
7846
8559
9027
9026
8845
9282
8593
8541
7733
8879
10069
8405
9235
8269
7646
7589
9058
7733
8487
7487
7485
8994
7629
8286
8682
8134
8841
8538
8656
9218
8217
7738
8020
8198
8628
8112
8620
8835
8152
8170
7859
7432
9198
7511
8702
8196
10430
8574
8599
7996
8638
7944
9201
8298
8495
8335
8707
8131
9156
8056
7408
8791
7959
19517
8883
8988
7790
8614
7708
8719
8222
8174
8217
8740
9528
8682
8692
7837
9016
8949
8132
8705
8861
8570
9451
8782
8585
8981
7612
7839
9004
9337
7896
7936
8831
7551
8184
8661
8624
8103
9446
8435
20176
9564
8846
7620
9333
7956
7910
8550
8333
7558
8994
72743
8972
8404
8193
8858
8193
8093
8506
9204
7584
7794
9014
7793
9035
8842
8911
8825
8707
8786
8783
8149
7568
8754
7882
7632
9732
8158
8439
8563
8819
9179
7416
8571
9182
9243
8606
7881
8052
8091
8195
7789
7811
8118
8024
8216
8304
8164
7733
8956
9097
8155
8929
8444
9194
8178
7784
8979
9007
8709
8582
7794
7589
8798
8440
7637
7556
7782
8873
8139
8028
9493
7268
7887
9135
8053
9021
9312
8482
7666
7859
8723
8450
8756
8397
7500
8520
9212
7984
8521
9177
7584
8773
8348
8851
8172
9295
7758
8609
8871
7980
9259
7647
8313
8859
8015
9087
8158
8496
8523
8942
7697
7344
7692
8267
8962
8684
8526
8235
8435
8853
7840
9200
9012
9492
9193
7668
7758
8614
8666
9414
8152
9012
9518
8140
9114
12167
7570
7974
13197
7675
8936
9078
7660
8654
7821
9126
7573
9135
8835
9655
7558
8189
9324
9923
9323
9096
9209
9143
7855
8220
7930
9353
9076
7916
7821
7930
8957
8240
8953
9086
8029
8120
7858
7620
8365
7969
8340
8993
9215
8374
8060
8810
9300
7741
9887
9358
8451
9279
9166
8904
9005
8147
8605
8032
9174
8336
9074
9025
8025
8882
7743
9410
9184
8283
8825
8214
9166
8413
8101
9158
9097
9114
8056
9016
7444
9041
8620
11040
7815
8404
8543
7589
9239
9026
8166
8600
10484
8921
8625
9440
8460
8870
9150
7656
8562
7390
8776
8705
8968
9172
8411
7664
8388
8238
8209
8195
8880
7953
7793
7933
9098
7569
7558
9342
8260
8128
8818
8931
8699
8219
8728
7414
7784
8843
7977
7650
9170
7690
8341
8390
8435
8923
8825
9220
8677
8007
7905
7898
7874
8091
8147
11394
8302
8587
7609
8180
8248
11897
8695
7693
9210
8682
8592
100146
9371
8656
7630
7746
7494
8477
7710
8165
9107
8558
9322
8553
9029
8651
8220
9461
8426
8378
8824
10278
8395
8864
7940
8045
8144
8729
7861
8084
7625
9236
7789
7806
8526
9239
9024
10876
8210
7852
7908
8846
7646
8547
7685
8359
7374
9414
8813
9244
8792
7334
9042
9512
9159
9032
8789
7538
7281
8212
8442
9179
8795
8456
8294
8005
9165
8015
7661
8220
9414
8844
8486
8241
8151
8154
8055
9308
8740
8616
8826
8418
7974
7709
8534
8296
7724
8916
8724
8725
8016
8024
9271
7421
8290
8814
8424
9029
10816
7723
8719
8486
8702
8800
8071
9645
8583
8589
14800
8397
8517
9411
7957
8092
7615
8401
7654
10674
8375
8645
8169
8136
7871
8291
8981
8473
8286
8099
8410
8194
7812
7644
13882
9610
8087
7899
7905
8008
7959
8195
8251
7630
8025
8123
8559
9031
8546
8085
8059
8794
9184
8643
8205
8599
7804
9114
8933
8314
8616
8197
8482
7817
8238
9120
7992
7620
8652
8828
7562
8211
9058
8933
8287
7421
7866
7883
8302
8408
8882
9139
7916
10348
8772
7572
8461
8274
8158
7690
8919
8584
7892
7954
8357
7846
8028
8749
7821
9382
7641
8805
8206
8573
8478
9608
8474
8553
9031
8857
8841
8317
8435
8779
7992
7966
8924
8084
8281
8575
7926
8834
9430
8420
8271
8859
8379
8213
8777
7827
9200
7600
8353
7728
8916
7993
8396
8845
7995
7993
8089
8692
9157
8010
8076
8533
8185
9912
9159
8375
8369
8264
8680
8291
8723
8024
8367
7889
8195
9172
9000
8770
8293
7941
7570
8106
7634
21269
8323
7726
7878
8367
9036
8791
7819
8376
8598
8673
7623
8594
7834
8978
8682
8663
8190
7502
9401
8125
9416
9050
7888
9133
8202
7776
9197
8840
98348
7651
9080
8632
8820
9379
9401
8682
7934
8456
8580
8355
7570
8910
9135
9646
9216
8264
7794
8045
9145
8031
8467
7921
7661
8179
8572
8452
9417
9048
7720
8463
8506
8612
9681
7595
9953
8311
7890
8890
8149
8658
9197
7852
7589
8315
8457
9342
9116
8571
8138
8943
8321
7791
9185
8012
8812
7800
8871
8237
8776
8183
8649
9108
7387
8110
8523
8497
8937
9440
9798
7739
7935
11701
7642
9015
13169
7895
8071
9107
8992
8619
8583
9308
9282
7374
9004
7596
8014
9102
8730
7979
8601
9005
8659
8751
9297
8374
8915
8351
7712
8302
7902
8594
9236
8596
8558
9381
7561
8772
9457
9559
7646
7736
9071
9456
8414
9313
8313
8572
8033
7752
8582
8823
8536
7300
8158
7343
8507
8157
7804
8810
8607
8307
7707
7982
8978
8642
8510
8371
8958
8171
8204
11307
9428
9000
7835
9006
8806
8823
9280
7610
8934
8194
8758
9519
19250
8434
8743
9405
7482
8769
8704
9293
7999
8051
8760
8065
9112
8236
8993
7534
9013
8183
8215
8943
9138
8945
8673
7934
7953
8641
8813
8397
8430
7840
7749
9072
8200
7625
8189
8964
8714
8599
7872
7633
9161
8456
9373
8287
7935
8413
8291
9395
8863
7779
8610
10328
9153
8532
8836
8962
9143
8099
8420
7917
9300
8454
8702
8916
8324
8279
8035
8641
8543
9222
7996
8411
16705
8587
8283
12821
8071
7828
7951
7883
8355
8503
7795
8909
7598
8272
7733
7787
9830
8751
8682
8106
8515
8278
7625
8384
8215
7514
8504
8675
8271
8414
9525
8462
9035
8354
8095
8634
8168
7999
8407
7894
8229
9085
8492
9654
8234
8993
8051
7768
9205
7507
8789
7853
8690
9039
7318
7898
7786
8330
7553
8058
8979
8105
8005
9117
8166
25428
8575
8682
7964
8687
8954
9241
9071
9308
9104
7694
8563
7962
9109
8721
8169
7821
7652
7984
8482
8632
9004
9003
8790
7401
8636
8917
8071
9000
9198
8538
8622
8022
7732
8676
8376
8193
7597
8231
8395
8147
8422
9347
8063
9066
8157
7793
8557
8964
8999
8723
9210
7776
8674
8818
8384
8577
7681
8429
8965
7748
8441
9389
9184
8543
7784
8761
9331
8107
7964
8220
8456
7536
8926
8071
9157
8121
8615
7986
8648
9233
8605
9377
7991
8476
7673
8516
9045
9191
9056
8614
8846
8535
8303
7977
8931
8975
8341
8341
7512
8513
7726
7666
7671
7320
8933
9651
7830
8211
8622
8820
8233
8139
7468
9154
9207
9009
7638
8030
8716
7574
8113
8377
8743
8710
7439
8740
8435
7795
8376
8407
8953
7876
7711
8084
7806
7774
9014
9297
7316
8435
10504
7927
8053
9602
8557
8523
15222
7983
9176
9610
8800
8835
8722
9218
8160
9058
8379
8683
8979
7231
8153
8722
7902
8764
7407
8928
8564
7792
8209
10520
8548
8665
9402
7476
9221
8887
8194
7910
8338
8375
7982
8426
7574
8762
7820
8200
8518
9086
8517
8276
7676
9235
7526
8187
7650
7933
8262
9287
7675
7800
9279
9293
7763
7978
8094
8477
9327
8625
7566
8001
8580
8444
9116
8063
7964
9354
8312
9187
8124
8926
7741
7608
7938
9238
8175
7769
7505
7752
8539
8656
8520
7984
7280
8817
8623
8844
8579
9373
9030
8454
8036
7569
7951
8239
8727
8434
8639
8932
7769
8979
8887
7888
7752
7313
8831
7581
9048
7749
8417
8762
8028
7568
7889
7593
8270
9054
8685
7300
7728
8007
8627
8998
10872
8031
8375
9269
8235
8405
8970
7835
8621
7926
9086
9101
7680
8374
7665
8012
7446
8025
7969
9051
126190
9030
9382
8841
8548
9096
7828
8353
9195
8684
8466
8873
8025
8427
9353
9031
8201
8638
8052
8159
8230
9241
8574
8210
8755
7644
8059
7951
8591
8569
8809
7994
7853
8143
8401
9621
10844
10523
8497
7648
9004
9161
8113
8037
8249
8218
7989
8215
7684
7707
7842
9410
7395
8755
7664
9419
8184
8497
7554
8559
8507
9055
8437
8050
7503
8025
7942
9100
9035
9416
9141
8463
9229
8517
8129
8656
8207
9228
8089
7589
9335
9064
8165
14962
7847
8234
9730
8355
8901
8603
7808
9156
8820
8255
8635
9016
8412
8276
7443
7768
9480
7946
8773
8415
7369
8037
7548
7764
8569
9295
8205
7385
7774
7374
8929
7702
7844
9241
7848
9179
7302
9086
8058
9389
8823
7601
7630
7856
7764
8600
8641
8492
8503
10302
9652
8768
7735
8589
9137
8842
8840
7887
8854
7555
8621
8717
7764
9340
8153
8151
8998
8624
8486
29826
8263
7762
8924
8768
8843
8671
22796
8809
8659
16484
8872
9194
9153
16628
8392
8493
8150
8279
8307
8292
8696
8615
7733
8382
8153
7586
9034
7744
8428
9035
8807
7683
8221
7894
7975
8512
9116
8392
8582
7792
7554
8263
8348
10510
8323
9027
7639
8323
7986
8071
8200
8164
8410
8304
7591
7977
8794
8578
9268
8761
7663
8614
8190
9265
9226
9196
8839
8894
8386
7557
8147
8841
9892
7880
7687
12240
8232
8682
16017
8587
8240
7759
8904
8726
9538
9078
8502
8824
9245
8155
17358
8585
8720
8086
9287
8233
8353
8581
8708
7809
11129
8117
7784
9290
8978
8426
8591
9834
8298
7471
7973
9180
9076
7984
8417
9119
8130
7933
7837
8002
7629
7369
8498
8691
9056
8009
7935
8292
8266
8095
8984
8693
8014
8775
8982
7271
7772
8210
9056
25433
9432
9348
7863
7593
8441
7928
7747
8312
9126
8591
9071
9375
8891
8018
8605
8759
7992
8594
9210
7712
7446
8261
8904
8400
8538
7649
9338
7815
11639
8674
7815
10041
8764
7831
9195
8240
8382
8576
7835
9336
7684
7504
8616
9051
8261
8169
9096
8636
8844
8302
7769
8210
8378
7657
8564
9099
7575
8700
7493
8245
8146
7594
8317
7871
9099
8665
9327
8183
9358
8393
8457
9040
9071
9373
8687
9168
8355
8499
8838
9025
9316
8548
8451
7507
9048
9192
8736
8436
8611
8741
8940
7871
8868
7513
8613
10767
9830
8456
7789
15001
9336
8966
8363
7389
8128
8719
8170
9165
7820
7576
7407
8894
8582
9033
8794
9238
9144
8578
7811
8656
7592
8199
8825
8835
8230
7734
8676
8977
8331
8918
7921
7299
7590
8110
8386
7823
8497
8541
8037
9257
7629
9369
8348
7669
9028
8538
7951
8615
8432
8647
8550
8946
7411
8572
8193
7947
7733
8970
7895
8725
8196
9227
7687
9108
7812
8405
8460
8984
9189
9174
8808
8433
9259
7538
7702
8333
7821
9016
8237
8250
8325
9052
9021
8420
8790
8397
8856
8723
8210
8666
8229
9461
8087
8232
7989
9035
8781
7811
9240
7816
9116
7760
8849
8958
8191
8031
8230
8435
8140
9238
8730
8305
9160
7359
8256
8591
8669
8981
9259
9286
8710
8071
8317
9720
9281
7701
8081
8051
8289
8592
8704
8813
8510
7718
7796
8466
8083
8107
8508
8545
8159
8122
8557
7961
9545
8574
7474
8747
8013
9074
8453
9609
8211
7943
9338
8815
8263
8616
8616
7484
7867
8392
8945
8958
8609
8738
8236
8723
7819
8184
8150
8884
8994
8358
8236
7631
9164
7780
8543
7738
7875
8295
9312
7843
7869
8953
8173
10581
8302
8796
9259
8645
92646
7569
7626
7512
8102
8936
9438
8775
9196
7991
7340
8866
9420
8832
9140
7675
8324
9198
9404
8748
7943
7692
8214
9312
7312
8630
8779
9164
8263
7936
8056
8662
7679
8210
9478
8375
7399
8092
7508
8271
8715
8265
9005
8095
8447
8353
7727
7507
8438
8210
8330
8984
8182
8974
8595
8233
9215
7776
9317
9855
7811
7534
7885
8692
8738
9037
8818
9485
9224
8333
8441
7989
8024
9041
9097
8671
8717
9203
8415
8119
8998
7834
9228
9121
8816
8451
8882
7998
8393
10261
8896
8140
7454
8256
8472
7938
8315
7315
8925
8400
8523
9156
8538
8329
8779
7547
8482
7635
8360
9020
9314
7471
8368
8733
9205
8409
8337
8523
7764
8127
8804
8395
9456
9782
8255
8615
8084
7681
8878
7871
8599
7745
8161
8538
8724
7964
8324
8372
9203
8055
8634
8013
7994
7998
8005
7549
8738
9092
8216
7702
8516
8125
9215
8682
8719
9250
9268
8051
7615
15307
7646
8189
10460
7813
7589
7830
8428
7790
11112
8431
8035
8456
7935
7899
9744
9594
8683
8148
8173
8306
7827
8975
8740
9336
8569
8116
8437
11672
8768
8517
8517
8330
7611
8202
8402
8844
8191
7710
7794
9548
8538
9028
7825
9194
8724
8599
9047
8133
7953
7850
8480
8402
10798
7832
8150
7871
7753
9227
7830
8185
8256
8254
7911
8600
8497
8817
7600
8702
7960
9010
8936
8483
9223
7991
8443
8473
7854
7929
8161
8938
7733
7492
7764
7702
7742
7713
7902
8016
8769
8151
8498
10847
7724
7879
8194
8672
8076
7694
8472
9577
8272
8208
7933
8926
8195
8776
9278
8954
7842
9430
8020
8021
8832
8548
8005
8414
7873
8466
8022
8661
7333
8787
7410
8224
9172
7841
8415
8409
8066
8381
7979
8637
9056
126551
9006
8876
8030
7532
8317
7993
9135
7874
8231
7981
9196
7559
8749
8395
8782
8782
7391
8209
8069
7898
7669
10092
9175
7954
8465
7691
8589
8006
7788
8659
8422
7579
7702
8735
8516
8147
8225
8120
8579
9272
7461
9279
8040
7519
7949
8983
8277
8161
7785
8776
8318
9153
8215
8219
9227
8123
8429
7652
8552
7627
8206
7650
8128
8819
8781
9100
8962
9043
7779
8627
7797
8697
8374
9347
9082
8408
7612
7496
7574
8815
9417
8816
11282
8207
7400
8253
7767
7666
8260
7411
8614
7979
8297
8204
9158
8917
8517
8194
8214
8741
8898
7710
8051
7608
7991
7411
8028
8058
7921
7553
8215
7731
7512
7683
8353
8219
8175
7899
8338
8840
8753
8051
8433
9179
8476
8627
9123
8092
8821
7719
9313
7481
8064
9000
8849
7846
9353
8415
9768
9888
8403
8830
9835
8897
8374
13735
8153
9017
8356
9307
10245
9341
7907
7916
9861
8609
9027
7507
9043
7431
9682
8805
8353
7999
8177
8712
8562
8659
9015
8410
7527
8287
8816
7702
8256
8181
8788
8400
8261
8514
8916
10502
8775
8241
9204
8104
9248
7861
8751
8412
8763
8018
7817
8688
7790
8508
7845
9384
8011
7879
8249
9159
8538
7831
8613
7678
8446
8426
8683
8251
8500
9597
9256
9463
7728
8904
8781
9037
8006
8789
8113
9378
7739
8093
8112
7953
8675
7926
8631
9229
8629
8325
8714
8186
8394
8678
8965
8435
9525
8368
9077
8329
7544
8351
8497
9270
8691
9041
7738
8039
7943
8103
7738
8144
9014
7883
8737
7792
7869
8921
8707
8178
7810
9154
7976
9197
7611
8495
9201
9021
7871
9148
8825
8232
8082
8689
9124
10558
9030
8362
7860
7697
8251
7798
8121
8818
8319
9130
7752
7494
8994
8816
110179
7864
8543
7287
7589
7630
8069
9148
9021
8160
7846
8845
9458
8055
8911
9071
8635
7711
8528
8289
7922
8081
7867
8030
8595
7616
9244
7999
8786
7679
8841
8544
9186
8791
9154
9203
8153
8056
8393
9153
8381
7627
7975
7928
8283
8659
8237
9164
8808
9421
8496
9192
8657
8231
8275
9203
9037
8137
8933
8807
9237
7630
8092
7857
7414
8574
9275
8216
8425
8585
7824
8016
8591
9919
9346
8928
9012
8476
8430
8203
8999
7992
7899
8759
8948
7622
7662
8392
8046
7698
8452
7557
7901
8748
8491
8998
8189
7340
7544
7530
8707
8977
8331
8435
7379
8093
7402
7791
8541
8435
7916
8329
8226
9328
8685
8239
8408
7919
8035
9074
9031
8309
8620
8210
7758
8254
7566
8174
8830
9581
9364
8481
7878
7816
8014
7609
8132
8769
7880
7515
9090
9229
8589
8134
11323
7698
8309
8194
8738
7687
8093
7359
7613
7371
8269
8835
8001
8989
8644
7778
7735
9117
7528
8376
8962
7611
8437
7495
8212
8946
8128
8040
8092
7907
8224
9399
7849
10460
8074
8065
8711
8805
8555
8528
10922
9477
7718
14239
8194
9193
9620
8959
8680
7619
8860
8340
8635
9455
8797
9304
8748
8693
9015
9069
8874
7691
8312
8702
9035
8285
9094
8596
7288
8843
7512
8794
8773
7845
8833
7641
8299
8189
8532
8913
7877
7542
8164
8902
8576
8238
8425
8590
8608
8436
7623
8617
7646
8843
8487
7909
8315
10632
8612
9599
8425
9596
7791
7883
9210
9000
8617
8118
7671
8388
7639
7786
8350
9338
8693
9215
9046
8697
7672
9043
8253
8133
8497
8924
8640
8438
8210
8153
7994
7595
7574
8533
8622
8471
8155
8362
7453
7775
7323
8653
8643
8795
8017
7931
9141
7918
8267
8322
9068
117753
8107
7712
8518
8779
7820
7919
8694
9086
9208
8407
8078
8393
8114
8684
8841
8705
7805
8256
8953
7883
9230
9793
8603
8761
8504
8480
9058
9230
8356
9242
8074
7636
8620
9108
9220
8363
8602
8817
9156
8194
8568
8363
7988
8299
8403
8081
8958
7991
8936
7503
9211
9235
7676
7472
8577
8173
8420
8969
8109
9307
8358
8523
8271
7823
7612
8149
9231
8892
8968
8974
7362
8841
7743
7991
8476
8578
8111
7850
9033
8755
7913
9109
8230
8752
8252
8600
7929
7713
9298
8258
8094
7630
8669
8431
9234
8040
7469
8891
8625
8299
8249
9095
8092
7743
7875
7933
7846
8921
9218
7651
7758
8121
7578
8147
8586
8975
8641
7397
9302
8588
8631
8211
8284
9215
7328
8790
9178
9037
8254
9101
8990
8358
8841
9188
8770
8115
8923
9109
7534
11566
10200
8396
8809
17291
9251
8329
10161
9294
8333
8020
10049
7977
8576
8287
9196
8011
7568
8043
8225
7960
8314
9087
8815
8839
7996
7924
8853
8829
7569
8258
8384
8422
9256
7315
9211
7868
7948
8229
7693
9143
8535
9017
9260
9451
9551
7356
9117
9220
9309
9041
8603
7819
8410
8012
8847
9185
8512
7664
8630
8681
7771
8935
8406
10041
9171
8901
7971
8209
8473
8160
7804
8988
7961
7271
9199
8787
9147
8493
8251
8664
7489
7511
7596
8386
7915
7482
8410
8815
8826
9049
7747
7935
7871
7912
7932
8813
7651
8921
8494
7938
7580
7891
7609
7622
9420
8662
7325
7923
8533
7832
9013
7871
7999
7608
7838
7832
9235
7938
8596
9246
7972
8633
7573
9697
9200
8391
9430
9038
8046
8938
8835
8420
8178
9111
7378
8998
8895
8398
8430
7229
9157
7897
8130
8737
7853
7952
7754
7726
8076
8702
8152
9673
113333
8977
8680
7342
8750
8383
8859
7968
8501
8046
8463
8404
7735
8269
8316
8067
8153
8516
8697
9000
8470
8108
7581
8900
8191
8136
8408
8245
8533
7609
8449
8180
7913
7782
8448
9046
7945
8723
8331
9441
7958
8021
8991
8678
8392
9005
8636
8841
8751
7935
8035
7970
8050
7987
8902
9502
9104
8180
8656
9057
8765
8334
8615
7490
8378
7560
9019
8133
8648
8344
8358
8253
8215
8508
8116
8235
8445
7491
8076
9249
8034
8903
8794
8113
8040
7538
8133
9180
9171
9035
7218
7590
7731
9476
8779
7994
7810
7523
9116
7749
7774
8233
8483
8621
8141
7618
8015
8714
9158
8179
9033
8728
8318
8618
8343
8343
9210
8206
8148
8892
8653
7964
9256
8864
8969
7955
7810
8373
7725
8841
9418
8882
7441
9614
7589
8050
8577
8930
7902
7835
8457
7492
8442
7951
7589
8543
8745
8925
9502
8531
7994
8256
9025
7259
7527
7541
9038
8019
7711
7691
8084
7525
8612
8893
7523
7531
9025
10179
7849
7803
8608
7753
8225
8613
7841
8975
8261
9013
8497
8092
7840
8316
8668
8035
8343
8350
7694
8020
8097
9112
7692
8060
8065
7688
9055
9229
8802
7760
7723
8616
7744
7699
8154
7813
8364
7456
8070
8719
9040
8363
7755
7890
8126
7848
7796
9240
8700
8757
9005
7832
8912
8729
7711
9391
9841
8426
8391
14891
8606
7610
11979
8443
8500
7669
9234
8857
8368
9305
9158
8914
8346
8629
8057
8393
7758
7997
7980
8405
8601
9036
7644
8882
7959
8392
8420
7621
8145
8487
8463
7790
8594
8065
7688
9086
9265
7601
8570
8866
8418
8136
9194
8651
9117
8235
9155
8340
8002
8459
7940
9359
8035
7615
7476
8214
7754
9498
8483
7451
8123
8313
7487
9395
8597
136466
8662
10416
9041
8173
7511
9380
9164
9020
7815
8353
9584
8983
8028
8513
8906
8384
8094
7923
8360
8945
8812
9458
8846
8585
9210
8639
9128
8672
7457
8025
8656
7553
9338
8457
7528
7661
8577
8665
7690
8856
7824
8616
7391
8215
8451
7782
7912
8033
7588
8611
7681
9242
8199
9352
8996
9103
8587
8516
8844
8313
7911
7876
8379
8441
8468
10279
8353
8713
8747
7906
7984
7733
8904
8171
8795
8671
8600
8781
9019
7838
9511
8043
12544
9160
7761
9342
9242
7846
9174
8515
8076
8030
9214
9179
8580
8650
7835
9510
8039
8074
8053
8572
7544
8636
7752
8365
9194
8912
8070
9070
7627
7773
8555
9495
8754
7674
9102
7645
7994
8159
8357
9064
8729
8070
7416
7635
8830
7685
9020
10778
7655
8776
10800
8389
9217
16607
8299
7864
9030
9029
9101
9261
8990
8318
8622
7778
8867
8639
9025
7509
8438
9102
7709
8155
9059
8981
8214
7533
8035
7613
7949
8642
8465
7623
8406
8075
8618
8979
9006
9430
7641
7293
9279
8480
8546
7882
9042
8183
7308
9236
8344
7561
9169
8400
9242
8261
8614
9226
8981
8199
8251
9224
7799
10292
8302
9019
7902
8503
7875
8405
8086
9147
7626
7876
8446
7850
7366
8879
9149
9201
7832
10240
7806
7755
9161
8977
8625
9768
7679
8868
8953
8758
9091
7987
8620
7800
8866
8602
8741
8082
8107
9278
8032
8556
7540
9035
8500
8716
8363
7611
8217
8456
9420
8833
8371
8599
7369
8317
7602
9181
8922
8113
8149
8297
8251
9623
9529
8609
7945
9200
8057
8574
8621
21778
8538
9385
8020
8954
8266
8029
22046
8953
9597
9071
7535
7807
9376
20541
8648
7911
8779
7860
8265
8003
22317
8613
7860
8600
7964
7884
8559
19431
8255
7980
7774
8373
8076
8378
8658
8955
8869
7863
7855
9353
8595
9141
7612
9301
8578
7710
8643
8859
8075
9200
8537
7976
7930
9314
9221
8130
7508
10212
8353
7411
8779
8975
8200
8259
7401
9940
7352
7846
7334
7796
8897
8009
8832
8000
7794
8554
7702
8576
8400
8103
8012
8197
7589
7816
8743
7722
8986
7800
9219
8394
9204
8805
7632
9183
8063
7589
8621
7671
7450
7270
7680
7728
8834
8514
8653
7487
7678
7813
8561
8825
8648
8386
9215
8145
8174
7832
9002
8803
8687
9364
7274
9959
8301
7983
7775
7446
9014
7994
8274
8290
9153
8961
7254
9209
7820
8913
8973
8064
8357
8626
9239
8614
10400
9276
8205
13934
7997
8592
9018
9390
9114
8403
8058
8735
8981
8785
9076
7663
7822
8667
8436
8517
7860
11965
8698
9082
9292
7680
8579
8158
7579
7715
9473
8029
7851
8758
7809
9090
7951
8587
7598
7805
8172
7769
7632
9416
7835
8840
7687
9317
9017
8052
7833
7387
8610
8510
7628
8788
8764
8563
8590
7874
7695
8726
9020
7779
8318
8506
8117
8640
22741
8229
8362
8883
8066
7746
8605
8709
7553
8172
8117
7463
8321
8057
8161
9661
8757
8826
8092
8330
7522
16625
8914
9056
7966
8393
8213
8564
21404
8258
9281
8662
8131
8812
7594
7872
8142
8673
8270
9881
8058
8033
8935
9014
7541
9064
7508
8916
7887
9074
8907
9470
9373
8581
9443
8841
8796
12534
10095
8940
8779
8597
12754
8723
9136
8615
8277
8212
8114
7767
8468
8748
7616
8177
7666
7761
8340
7632
8220
8434
8384
7179
8441
9235
7751
8723
8102
7756
7554
8645
8073
9006
7668
8471
9430
8466
8689
7525
8592
8450
8516
8655
7562
10117
8559
7504
8492
7371
7536
8497
7994
33667
8593
8545
8284
8287
9183
9124
8077
8225
9213
8210
8389
8333
8738
8374
9175
8563
8697
8553
8384
7950
8664
8582
8060
8564
8141
9137
9070
7932
8314
8280
8424
8208
8149
8863
8505
8520
8738
8594
9035
9041
8439
8362
8666
8839
8830
8995
8861
7882
9287
7709
9135
8138
8084
9078
8887
11363
8676
8752
8189
9247
7776
8153
8790
8012
9292
7543
8042
8295
9312
7661
8490
9241
8584
9019
8455
8453
9040
8156
8246
7532
9019
7777
10728
8789
7687
7720
7977
8871
8820
7241
8002
7407
8375
7775
8410
9440
8200
9110
8374
8217
8613
8672
8723
8523
9206
7851
9016
8956
8030
7943
8235
8024
8012
8235
8615
9177
8220
7592
8536
9997
8245
8100
7794
8401
7737
7628
7964
7760
8445
7994
8574
8417
8253
8958
8558
7985
8181
7590
8823
8009
9127
7682
8513
8921
8106
8374
8648
8205
8572
8672
7235
8412
8620
8841
7525
8533
8802
9503
8605
8273
12090
7925
9080
15104
8524
8858
8332
8356
8114
8615
8246
8055
8585
8785
8745
8090
7594
7493
8049
8946
8235
8530
7977
9584
7569
8255
8276
8346
8528
8330
7635
7698
7225
7683
9082
8774
8567
8492
9022
9497
8877
7585
7634
9248
11051
7707
8022
7799
8882
8984
8907
8957
8941
7774
9430
9043
8641
7523
8480
7975
7406
8206
9026
9640
8973
8182
8830
8083
8512
7822
8586
8493
7771
7866
8967
8399
7541
7780
9064
7812
8179
7454
8378
7856
9279
8121
8330
10776
8851
9130
9618
7892
8735
7717
7651
9738
8564
7605
8175
9046
8334
8250
8466
7600
9088
11016
8472
7817
8389
7772
9561
7838
8620
9216
8293
9436
8569
7599
8292
7951
7651
7681
9280
7873
7843
7717
8899
8234
8669
7891
9364
8633
114692
9050
8798
7517
7527
8953
8005
8251
8298
7733
8378
9128
8801
8611
8400
8516
7735
8441
7804
9411
8186
9065
7404
8681
7897
7706
8459
9392
8996
7401
7818
8100
7467
8374
8231
8178
7818
8425
8018
9251
8157
8696
8513
8174
9174
8959
8251
8309
8577
9215
8143
9523
8198
7808
8615
7969
7756
8493
7589
7710
9142
8882
9299
8969
7966
9201
9116
7870
7811
9076
9064
10164
7657
9226
8900
9034
9189
7969
7544
8052
8958
8879
9176
8548
7741
8316
8117
9500
8555
8753
7413
8458
9673
8396
7777
8171
7591
7803
9280
7541
7839
7620
8962
8123
7200
8033
8416
8076
8851
9277
7810
8685
8885
8658
7745
7796
9092
7743
7333
9137
8444
7868
8156
8723
8997
7790
7650
9102
9315
8394
8276
8440
8055
9061
7569
7999
8378
8492
8158
8025
9130
8958
8427
9685
8248
7953
7475
10175
8784
8561
7779
8424
8856
8215
7626
9179
9312
8054
7872
7827
8353
8168
8757
9025
7630
7326
8907
8903
8641
9981
7938
8046
8697
8135
8049
10316
8620
8815
7979
7539
7864
13502
8796
7659
9878
7767
7803
8453
8971
8134
7892
8600
8610
8412
9161
8276
9104
8776
7661
7760
8427
9424
7781
7600
9041
7557
8525
7651
8858
9567
8941
9904
8379
9220
7630
8880
7912
7543
7774
7537
8160
8435
7969
8653
9038
8350
7630
8026
8182
8497
9105
8353
8602
7317
8364
8804
8300
8457
7842
9020
7983
8912
9301
9586
8476
8188
8502
8323
7830
8104
9096
9208
8279
8607
8932
8882
8414
8489
8492
9105
7866
8184
8083
8698
7925
9225
7541
8300
8384
8134
8943
7714
8187
8039
8242
9635
8371
7828
7792
8316
7909
8339
7357
8215
8810
8198
8081
7869
9044
9194
8172
8595
8088
120040
7533
8030
8073
8441
8425
8946
8475
9010
9105
8512
7674
7575
9541
10805
8605
7925
7810
7645
8794
8653
9407
7676
8516
8382
8207
8941
8748
9153
8350
7638
8593
8166
8938
7853
8169
8092
8635
8256
8126
7642
9192
9589
7562
7564
8475
10604
7641
8575
7569
8351
7701
8062
8379
8435
7924
7792
7590
7636
7855
9196
8590
9212
8863
8384
8150
7607
7634
7690
7475
8736
8203
7850
7964
9265
8586
8222
8452
7631
8099
7675
7784
8671
7413
8331
7429
8876
9011
8953
8579
7805
8217
8217
9591
8261
8866
7972
8223
8012
8274
7794
8840
8005
8492
7774
7692
9125
9256
7619
8154
10197
8695
8198
8409
7992
9327
9220
7698
7745
7692
8342
8227
8189
8577
8528
8113
10261
9028
9015
9024
8620
7995
8353
7835
8151
8130
8231
8015
8414
7768
9040
7982
8989
8276
7758
7845
7994
9080
7776
8196
8479
8579
7851
8134
7997
8875
8492
9136
7430
7653
9178
8451
9018
8381
8577
8486
9455
9056
8928
8948
7529
8342
8548
8064
9961
8918
9168
7987
8436
7822
7664
7937
9762
9102
16681
8432
8884
8940
8924
9850
7844
8656
16361
9921
9180
8531
9070
8159
9653
8046
8784
8056
8430
8125
9102
8229
8337
8113
7913
9147
7803
8439
7408
7970
7919
9061
8789
8725
7912
8464
8034
8591
8015
8371
9052
7798
8022
7675
8223
8333
7702
8979
8375
8606
8666
8595
8871
9223
10495
7994
8251
7549
8198
7789
8681
8361
9218
7561
8378
7544
7605
8254
8316
9036
8442
8570
8256
8722
8198
8238
8464
8636
9232
8977
9163
7770
8244
9204
8534
8887
8415
9391
8816
7702
8277
7702
8164
8150
8854
8063
7699
8244
8253
7578
9080
7574
7803
7992
8887
8800
8682
8374
7963
122922
7994
9385
8842
8878
9264
9435
8558
8300
9377
8742
8787
9004
8878
9297
8084
8388
7825
7605
7760
8365
7887
8605
7992
8745
8897
8210
8374
8393
7775
7738
8056
9217
8376
8161
9101
7933
9036
7593
7643
7864
8412
8329
7672
8751
8774
8050
8483
8620
8038
8248
8203
8634
9261
8533
7748
8239
8383
8152
7556
8876
7650
9678
8800
7692
8184
8337
9375
8433
8526
8394
8632
7850
10798
8835
8641
9246
8521
8506
9157
8326
8298
7814
7966
8370
8297
8133
9195
8218
8675
8173
8059
8385
8095
8138
8872
8552
7679
8143
7676
9230
7815
7661
7569
8462
9353
7933
7659
8373
8373
8695
8659
8171
9238
8130
9403
9450
8316
8221
7769
8944
8313
8317
9241
8617
8403
7879
8605
9399
9144
9108
8995
8214
8684
8628
9210
8293
10292
8113
8381
7997
9189
8216
9164
7861
8712
7906
8879
8722
10465
8331
7310
14421
8048
7753
11412
7821
8793
9158
8827
7384
9794
8861
8193
9221
8322
9021
7554
7943
9583
8116
8915
8751
8171
8575
7731
8660
9369
7798
8676
8512
8876
8726
7730
8261
8941
8249
7866
9394
8835
8755
8568
8222
8684
7924
9016
7794
8864
8220
8105
7821
10501
8957
8047
7685
11794
8292
8068
7807
9230
8517
7759
7442
7993
7736
8896
7824
8785
9232
8210
8190
8041
8430
9243
8143
8598
8255
9103
7693
9170
9218
9051
8423
8553
9428
8285
8397
8656
7907
8169
8202
7897
7584
8676
8202
8634
8735
8406
8385
8361
8457
8522
8570
9194
8374
8207
7615
8312
8133
8898
7877
7525
8052
8599
8191
9476
11471
8458
7369
8244
7414
7794
8987
7979
8470
8187
9052
7775
8250
8505
8587
9208
8032
8814
8374
7856
7721
7302
8795
8691
9062
7610
8147
104921
8574
7935
8051
9578
7905
9386
8998
8358
8312
8638
8411
8380
8425
8215
8663
7564
8434
7695
8252
7831
7546
8334
7768
7789
9319
8743
7780
9041
7479
7948
8010
8652
7569
9157
9052
8920
7728
9177
8600
8182
7779
7482
7408
8212
8976
9492
8270
8302
8615
8522
7534
9734
8092
8374
8036
8191
8636
9007
8411
8117
8113
7834
8365
8517
8533
7532
8524
9216
9398
8155
7765
9212
7864
8380
7700
8131
7554
8424
8977
8455
9358
8209
7355
7797
7876
8114
8253
8785
9006
8266
8046
8407
7733
9098
7637
8804
8154
8138
7976
11195
7553
7920
9013
7871
7599
7814
9159
9887
7934
8618
7429
8427
8731
9124
8939
8267
8733
7790
7882
8035
7712
9248
9220
7774
8504
9397
7975
8723
9121
11485
8786
8389
8828
7869
9271
8837
8437
8221
8467
8057
8466
7592
7574
7242
7535
7786
8896
8577
8574
8935
8671
9136
7641
8754
9137
8082
7680
8476
7969
9069
9056
8375
7768
10302
7893
8914
7996
9194
8744
8389
8452
7912
7681
8215
9203
8102
8168
7945
7678
9253
8426
9225
8338
8140
8445
8132
9281
7669
9116
7789
10565
7879
7871
7969
8774
8653
8943
8476
10677
8650
7611
10042
8349
8724
15527
8731
8230
10758
7779
8899
8836
7230
8798
8903
7958
7560
9629
8644
7948
8874
8398
8389
8521
7834
8033
8615
8330
8674
8707
7560
8472
8668
8301
8348
7674
8309
9266
9168
8491
8229
8767
8434
8297
8252
7880
8876
7773
8437
8444
9038
9131
9288
8211
8657
7974
8569
8315
8684
10277
9012
8601
8871
7767
9164
8969
8289
8440
8184
7897
8485
7596
7736
8131
7506
7400
9037
7753
9413
9158
8542
8869
8432
7814
9056
9357
8473
7979
7787
7622
8210
8851
10824
71473
7666
8966
8715
8397
8114
8829
7692
9507
8171
7569
8184
8763
7490
8806
8643
7999
8621
7795
8302
8616
7574
7271
7552
8134
7928
7888
8743
7815
8008
9432
9289
7751
7989
9248
8256
7754
8703
8587
8548
9066
8709
7441
7984
8805
8803
8049
8184
9037
8554
8456
7971
7580
8415
7972
8085
7790
7662
8159
7849
8196
8458
8684
9799
8728
8332
9118
9101
8378
7744
8930
7561
7742
7835
8538
7820
7358
8069
7743
8638
8444
8564
9020
8379
7787
8300
9558
8472
8741
8237
8425
8467
8617
8909
8615
10318
8353
7918
8795
8237
8324
8424
8173
8557
8137
8460
7907
9104
8540
8613
7892
8241
8214
8302
8379
7877
7635
8031
8299
9199
8834
17152
8579
8872
7934
8633
8933
9752
9303
9104
10057
9158
8323
8897
8258
7693
7907
8538
7971
8607
8489
9015
9041
8341
8244
8805
7405
8066
7757
8084
8215
7408
8507
8536
9553
8916
8008
7812
7553
9445
7593
8712
8364
7989
8080
8335
7645
8776
8740
8634
9205
8817
8451
7635
7805
8507
7795
8874
8298
7567
7891
8689
9082
8432
7887
8737
8106
8204
8408
8753
8960
12441
9758
9014
8888
14165
9184
8597
9082
7733
8003
9435
8496
8220
9457
8491
7471
7882
8129
8794
8418
7553
8416
8056
8794
9565
9114
8387
8435
8636
8642
8148
8372
7943
7953
8517
7769
7507
7751
8380
9184
8598
8471
7355
9218
9059
9292
7568
8463
7723
7908
8753
8535
9146
8442
8434
8190
8183
8066
8453
8219
8150
7629
8356
8216
9093
8503
9062
8315
7830
9082
8036
8607
9066
8652
9079
8553
8272
8138
8472
9056
9270
7872
8616
8487
8492
8652
8033
8704
7570
7365
8296
7581
8837
8378
9150
9077
8301
8972
7967
8034
8247
8449
123461
8452
8322
9218
8103
9174
8748
8173
8772
8615
7961
8815
8022
7631
8966
7779
7835
8584
7673
9340
8199
9280
7367
7807
7847
7918
9483
8345
9177
7737
7743
9013
9464
9175
9107
7708
7379
8072
8592
9191
9003
8247
7969
7410
9002
8898
8279
7736
8574
8349
7451
9227
7618
7685
9123
7695
9152
8001
8405
8967
9096
9057
8333
8012
8866
8424
8477
8559
7763
7895
7888
8335
9053
9061
8133
8683
7516
7610
8229
8596
8111
8569
8861
7393
7670
7756
8618
8524
9131
8170
9264
9006
7597
8135
8379
8697
8333
8519
8549
8353
8391
8474
8395
7933
7410
8528
8639
8086
9265
7769
9053
7803
9197
8581
9014
8973
8588
7851
7454
7871
7531
9223
9634
8861
9547
8509
7739
8988
9086
7554
10281
9221
9061
7661
7999
8839
8041
7777
8947
8041
8271
9164
7775
8620
8348
9140
7499
7610
8506
8425
8355
7885
7629
7938
8336
9044
8971
9194
8114
8989
9158
8452
9303
8876
7782
7480
8788
8884
7847
7610
9405
8600
8051
9094
8832
8579
8646
9218
8602
8473
7749
7555
7957
8988
8692
7844
7686
8231
8984
8505
7960
14686
9163
7685
14758
7731
8267
9035
7421
8533
8897
8062
7397
11153
8230
7314
9189
7651
8344
9064
8630
7816
8211
9051
7954
7754
7431
8957
10366
8591
8222
8210
8176
9056
8081
8762
8895
9477
8373
9006
8697
8165
8645
7599
7637
7756
11818
7374
9112
9020
7779
8192
8586
9219
8550
8838
9194
7690
7976
9430
8858
8646
8501
8497
7871
7551
8851
8848
8375
10304
9466
7528
8015
8197
7723
7450
8334
8303
7928
8664
8229
8102
7625
8541
8851
8158
9129
8075
7805
7894
7621
9318
10080
8249
8735
8713
7749
8075
8395
8976
8245
7985
8428
115680
7908
8979
9367
7552
7834
8512
8040
8179
9046
7811
8143
9056
8519
9508
7623
8933
7813
9038
8882
9037
9443
7931
8106
8614
9700
9148
9270
8758
8489
8396
8473
7923
7788
7602
7699
7692
8596
7632
9359
8948
8894
8957
8261
7989
8435
7614
7610
8153
8660
8174
9100
9142
10799
9338
9166
8699
8628
7607
8963
8170
8819
8179
8620
7420
7862
8599
8794
8791
8399
8452
8425
8451
8517
8507
8638
7288
8736
7803
9047
8618
8021
7555
7531
8047
8894
8811
9081
8312
8886
8615
9020
8181
8520
8997
7466
8620
7567
8152
8464
8772
7862
7650
8765
8113
8082
7776
7803
7828
8527
7752
7519
8573
9128
9282
8793
7981
9699
8837
7812
7787
8991
7624
8014
8053
7288
9097
8531
8824
7989
10801
8974
7754
8466
7956
8872
7712
7736
7995
8533
8008
10155
9115
8076
8374
8461
8584
8832
8075
7683
7870
8443
8066
8641
8800
7717
9270
9394
7235
8998
9215
7610
8538
7841
8122
8033
7925
7906
7805
7800
9358
9367
8096
9130
8835
8368
9028
9184
9063
7688
8840
9995
8595
8600
14143
8944
7950
10945
8362
8456
9381
9019
8619
8679
7955
7851
7820
8373
8574
8623
8677
7969
7595
9136
9112
8388
9388
7841
9015
8851
7968
9169
7931
8986
7820
8014
8401
7757
7592
7584
8948
9149
9165
7799
9130
8292
7934
8064
8200
7589
8440
8540
9122
8195
7784
8115
8961
7923
7704
8785
8543
8772
8252
8967
7562
11137
8800
8247
8774
8056
8094
8195
8269
9301
8093
7906
9195
8343
8092
8292
8897
7589
7526
8712
9278
9235
8575
7602
7755
8094
9157
8601
8408
7313
7488
7386
8077
9017
8123
8195
8112
8526
9176
9062
9357
8261
8361
7785
8234
8414
8717
8076
7610
111757
8964
8194
7853
8153
8397
9018
9242
7312
8345
7551
9020
7942
8994
8133
7569
10383
7712
8029
8312
9018
7863
8596
9286
7779
8464
8012
8368
7659
7344
8615
8656
8749
8732
8592
8984
8488
8510
7496
7893
8994
7599
8836
8257
8775
7797
8412
8639
8344
7810
7426
8723
9051
8594
8978
8295
9180
8754
8970
8902
8573
9257
9470
8229
7374
7824
7574
7992
8374
7651
9261
7370
9192
8523
8524
7760
7972
8135
8113
8069
7805
8949
8029
7464
9046
7590
8789
7784
7678
9159
7921
8242
8283
7892
8504
8230
8979
7712
8664
8962
8221
8174
8608
8181
8442
8072
9114
8945
7773
7892
8703
8435
8235
8020
8697
7473
9205
7671
8221
8735
8689
9174
7809
10320
7695
7749
7924
7530
7853
7545
7387
8830
8715
8838
7543
8731
7962
8489
7612
8167
9046
8441
7756
7731
10512
9160
7611
8518
8537
8066
8858
7903
8217
8328
7611
8184
7671
8338
7425
8066
9128
9281
7911
8463
9118
7670
7697
8133
8714
8295
8615
8779
8410
7907
8614
8000
8558
7791
8527
8102
9010
8955
8748
8812
7965
8682
7908
8825
8379
8429
8451
8186
7792
8374
8243
8643
7952
8237
7514
7866
8117
8494
9134
8600
7781
8550
9060
8950
11275
8010
7919
7676
7902
9094
8257
8277
8291
8623
7853
8480
8435
8561
8225
8190
8801
9089
8378
8226
7857
8972
8841
8601
8148
9016
8753
8650
8822
8451
9200
9274
7992
7973
7626
8822
9194
7648
8837
8357
9594
8137
7663
9344
8353
8376
7783
8189
8881
9124
9388
7343
8624
9308
8169
9181
17089
9363
8163
7584
8075
8244
7744
9047
10656
7557
7865
8077
8597
7562
8543
15731
7653
8564
8845
8546
8193
8906
9277
8323
7959
9016
9099
7792
7706
129459
9250
7953
7951
8876
8415
8892
8819
11049
9173
8188
9476
8738
9057
7596
7271
8151
8815
9138
7889
8148
8216
7610
8288
8118
7611
7586
9191
7826
7643
7704
7681
9241
7774
7769
9025
7307
8235
8928
8510
9243
9040
7953
10534
7584
9056
7925
8075
7786
8387
8203
9153
7741
7763
9079
8746
8096
8203
7807
7637
8588
7861
7882
9097
7821
8543
9069
9601
8168
7428
8893
8218
9109
9354
9004
7757
8462
7959
8292
9158
8835
8266
8035
7754
8132
8476
7910
9151
7804
8996
7543
8317
7461
9424
7979
8807
9054
7379
9000
8379
9234
8300
9090
7840
8025
9299
8945
10636
8611
8286
8035
7507
8413
7528
7605
9197
7986
8513
7533
9074
9061
7948
8181
10032
9369
7891
7855
7931
8721
9199
8730
8937
8018
8339
7824
8592
7590
7446
7938
8020
8874
9282
8823
7791
8310
8355
7390
7656
8505
9258
8514
7354
8764
7589
9089
7712
8839
8076
8174
8789
8704
8066
7600
9389
8522
8168
9265
8757
8875
8536
8908
9428
8416
8177
8652
9240
9231
9394
7830
8697
8615
9461
8462
9159
9215
7824
7571
9082
9338
9206
9164
12447
8216
7960
13131
8785
8827
9184
8276
8512
8793
7795
8410
8703
9136
8287
7953
7456
7728
8573
8929
9328
7682
8431
7758
8210
8569
8495
8860
8736
8085
8843
8252
8361
9071
7563
8427
8315
8284
9255
8574
7982
8538
7909
7708
10165
8477
8359
8350
9342
7366
8073
8642
9216
8340
8274
8174
8092
9133
8996
8033
8962
8958
8193
8413
9273
7950
9302
7516
8571
8235
7951
8457
8630
9333
8041
8460
8577
7843
7747
8854
7729
9061
8439
7905
7394
8210
7846
9606
9040
7775
8072
8205
8995
8118
8266
8513
8131
9087
8490
8990
8249
9421
113956
8117
9488
7355
8229
8534
8708
8992
8394
8040
8178
8731
8702
9328
7528
8401
9220
7729
9315
7994
8106
9245
7600
9288
8204
8775
7775
9081
7653
7512
8639
7866
8742
7953
8938
8738
8681
8548
8521
7967
8915
7889
8882
7760
8104
9217
8200
8079
8430
8477
8563
8247
7534
9326
8826
8282
9066
7984
8596
8829
8464
8991
9062
9200
7815
9150
8991
8288
8813
10767
10294
7418
8716
8392
8213
7976
8689
7924
7854
8353
8393
7679
8956
7800
8426
8804
7618
9019
8548
8565
7754
8294
7866
7533
8846
8282
7776
7944
9569
9078
8605
9061
8844
9151
7977
7960
7456
8852
8944
9219
8813
8375
9327
8643
7941
8033
7915
9452
7800
9256
8269
7592
8102
8578
7700
8203
7574
8630
9348
7981
8009
8213
7796
9055
10104
7712
8153
7714
8920
7532
9092
7961
8615
8658
8630
7574
8432
8162
7512
8482
7936
7660
7540
8057
9049
8974
9338
8517
8406
8656
9040
8696
8495
8759
8162
8709
9197
7745
8482
7569
8382
7808
7330
8667
8966
8051
8133
8384
7491
8527
8408
8233
9105
7936
9009
9001
8416
7758
8384
8993
8935
8902
8968
8556
8847
8625
10461
8199
9870
15486
8082
8188
9715
8642
7862
8583
8755
7588
9300
8966
8683
8395
7691
8923
8193
8655
8779
8348
9297
7741
8999
8439
9216
8121
9438
8179
7712
8828
9075
9361
9138
8877
8301
8345
8817
8928
8830
8777
9235
7802
8035
8035
7744
9193
7871
7857
7769
8138
7784
8743
8700
9252
8656
7687
8593
8466
7854
8420
9141
8675
7834
8092
9805
7576
8367
8856
8368
8658
8503
7567
8619
7794
7459
8010
8516
8697
8315
8775
7822
8356
7435
8102
8726
8618
8866
8347
9425
7587
8461
8979
8637
8591
8480
101128
11121
7870
7981
9289
7998
8074
8087
7669
7618
8731
9012
9015
8484
7936
7415
9056
7960
9235
7963
7989
9191
8071
8612
7348
8405
8389
7771
8220
8291
8781
9020
9461
9783
7684
8071
7553
9395
9107
7953
8297
8397
8758
8266
9041
9257
8355
7579
9216
8772
7781
7723
8898
9351
8126
8025
8112
7396
7785
9400
8865
8916
10764
7981
8379
8471
9001
9197
8418
7532
8276
7410
7898
8783
9001
7837
8574
8475
7858
8151
9223
8210
7755
7601
9017
8476
8644
7588
8186
8498
7731
7848
7994
8691
8076
7644
8826
9007
9623
9300
7569
7999
8482
8780
7913
10323
8759
9121
8029
8196
9406
8456
8605
7599
8813
8675
8125
8245
7751
8188
9224
8851
7650
10113
8023
7876
7856
8835
8730
9265
8108
7596
8333
7847
8071
8482
9022
7280
9220
8161
8632
7625
7659
8153
7497
8283
9067
8981
8035
7722
9010
7673
9061
8512
7725
8560
8208
7870
8413
9024
7937
10410
7729
7608
8407
7320
8240
7876
7711
7757
8066
8979
8861
8246
7648
9190
7955
8394
7589
8435
9430
8469
9155
7635
7815
9038
8595
9112
7818
8263
9728
7770
8258
8232
8488
7564
8954
7855
7351
8569
7480
8582
8002
9338
7546
7378
8023
8034
8533
8253
8204
8343
7724
7733
8738
8615
7431
7656
8922
7565
8964
8640
8890
9208
9020
8385
8242
7792
7882
7616
8506
8258
7610
7888
9076
9095
9037
8774
9005
8258
8151
9107
9562
7817
7841
8394
9535
7932
8873
10756
9610
9052
12036
9022
7393
10232
7696
8860
8033
8642
8383
8075
9201
8399
8822
8384
8210
7794
8405
8088
7638
8178
8938
7959
8074
8192
7735
9167
8602
9251
7415
7943
7552
7628
8816
7955
7791
8007
7939
9902
9031
8407
7654
122370
8163
8398
8536
8447
8824
7882
9230
7600
9394
7391
8938
8608
9212
8823
7604
7784
7389
8574
7590
7990
8552
8050
8087
7789
7724
9063
9040
9407
7601
7479
8410
8307
7874
7652
7538
8358
9341
8372
8825
8062
9204
8995
7394
8333
9138
7669
8592
8250
8559
8222
8543
8301
7683
9188
8171
9056
8334
9336
9458
10006
8812
8241
8210
7791
9621
8821
9054
8586
8300
8823
8002
7663
9158
7996
8654
8030
8749
7374
8087
8904
8702
8461
7560
9305
8296
8791
9041
9115
8767
8268
8478
7953
7887
8614
8977
9255
8577
7639
8275
9141
8077
9297
8108
7856
7972
9004
7851
7592
8804
7782
8670
8000
8227
7736
8733
8683
8662
8612
9000
7788
8891
7805
10056
10289
7662
7994
8712
8366
8653
8225
8831
8003
7826
9219
8409
9334
8429
9315
8627
8517
9282
8314
7777
8318
7663
8033
8797
8898
9103
9285
8091
7828
8161
9009
9197
8166
8138
8196
8994
8776
8308
8402
9223
8264
7348
8654
9020
7987
8659
7783
7938
7680
8543
7800
8607
9226
8491
8787
8471
8700
9345
9292
7705
8254
9071
8569
8571
10341
7499
7471
9291
7958
8459
10735
8091
8045
17379
8313
9014
8344
8217
8127
8677
8133
8492
9272
7522
8979
8066
8244
9207
9029
8434
8574
8154
7801
8094
8001
7745
8057
7748
9051
7615
8657
8400
7352
8944
7869
7717
8101
9068
8120
7317
8940
9117
9051
7647
9230
9119
21838
8347
8698
8418
7733
9031
9339
8209
8231
8516
9116
8806
9246
8624
7774
8671
7590
7691
8655
7543
8179
8375
8045
8256
8149
7800
7513
8397
9339
7674
8816
9097
8962
8253
7733
7855
8654
7974
7743
7568
8193
8723
7747
9105
8061
8914
7735
7315
7787
7917
8279
7569
8898
110576
9205
8249
9004
8014
9355
9072
8473
7483
8963
8262
8129
7569
9166
8374
8524
7741
8625
8635
7995
8392
7762
7468
8957
9280
7748
8839
8435
8936
7932
8947
9148
8809
8420
7764
8271
7361
8641
7921
8777
8633
7856
9235
7410
9108
7912
8548
7635
8828
8635
7307
8021
8990
9071
7641
9329
8891
7972
7830
8780
9428
8000
9351
9159
8573
9350
8937
8776
8349
8194
8651
8788
8615
8536
8196
9064
8118
8739
8387
7601
8835
9109
8607
8872
8393
7689
8367
9636
8430
7711
7853
7973
8255
9051
8952
8887
8133
8114
8517
8673
8777
7903
8204
7898
7728
9466
8482
8116
9222
8192
7831
7607
8871
9230
8593
8610
7553
7915
7364
8188
9037
8868
9311
7863
9004
7447
8613
8805
7797
7615
7302
9082
8418
8194
8343
9317
7841
7837
8510
7402
7564
8920
8289
8735
7589
8040
8378
9501
8915
8046
8018
7698
7627
7456
8700
8318
8998
9094
8370
7517
7917
8997
9360
9516
8353
8068
7577
9141
8087
7783
8476
8029
7589
8510
9217
8753
7487
9013
8265
7742
7979
7752
9106
8759
7873
8772
7818
8774
8338
9307
7774
8745
8697
7634
9028
7728
7926
8635
7441
8156
7855
7834
8108
9101
7953
8032
8249
7969
8215
8096
8076
8348
7369
8266
7788
10066
7410
7786
7709
7876
8456
8561
8641
8596
9459
8359
7244
8832
9223
8710
8112
7614
8799
8315
8354
9728
7644
7856
8701
8759
8488
10622
8653
9030
8497
7874
8832
12904
9030
9096
9220
7611
7555
8062
8138
8051
8181
7591
8374
7707
8574
7876
8889
8615
9209
7857
7377
8025
9122
8588
7496
8895
9284
8622
8121
8861
9086
8361
8653
10936
7547
8587
8079
8920
8661
8241
8691
7733
8994
8151
8784
7699
7878
120879
7351
8896
7401
8334
8620
9259
7565
8238
7841
8800
7876
8302
9343
8603
8354
8015
8882
8519
8898
8021
8990
7389
9128
8405
9075
8892
9155
7441
7536
7550
9002
9341
8342
8880
9386
8496
8826
8492
8950
7871
9474
8057
8473
8085
8274
9041
8323
8689
7687
11184
8591
8533
8856
8776
8789
9083
8386
7750
8306
8376
8661
8925
8618
7541
8455
8535
9235
9194
7474
7968
8234
9028
8659
7817
9522
8147
7764
8241
7553
7773
8738
9229
8759
8764
8326
8156
8666
8061
7605
8290
9200
9197
8266
7736
8246
9189
8475
8382
7809
7583
9247
7641
8696
7422
8589
9221
8588
8393
8462
8200
7793
8807
9165
9594
8955
7941
8278
7400
8006
9028
8572
7856
7764
8148
8229
9215
8954
8423
8194
8261
7866
7605
8590
7804
7943
8529
8525
8995
8045
8257
8123
8570
8965
8228
7829
9267
9081
7570
8845
8981
8414
8594
9150
8126
8073
8646
8069
7300
7874
9405
9135
7518
8025
9317
7430
9066
9228
7792
8082
8989
7558
7841
8175
7987
9149
8083
9941
10234
8365
8495
9018
8618
9158
8054
8559
7612
8251
9170
8994
8377
8527
8851
7873
10615
7545
8761
8517
7651
9046
7957
9421
9081
8666
8291
8035
8235
7572
7826
8374
9364
7667
7951
7893
8937
8553
9025
8292
7804
7555
8058
8733
9319
8802
7650
9502
7747
8112
9649
7593
9059
10085
8098
7731
17246
8163
7769
9679
8209
9221
8153
7796
10684
7728
8531
12030
9190
8605
8171
9212
9831
9237
8353
7600
8688
9158
7453
8015
8456
7561
8270
8820
7678
8832
8183
7928
8496
8355
8179
8190
8613
8997
9010
8845
8084
8596
9059
7532
8928
8523
8317
9306
8080
7745
9070
9604
7892
8497
9216
8925
8867
7620
8591
110379
7973
8814
7878
8547
9041
7694
8967
7992
9600
7635
7518
9286
11241
8519
8477
8966
8355
8080
9200
8456
8154
8531
8076
9012
8586
7969
8894
8841
7380
9332
7982
8835
8411
9110
8541
7639
9074
8765
8482
8148
9560
8826
7762
7750
8392
8705
8674
8924
8422
7529
8646
8966
8635
8600
8523
8728
7400
7446
7761
8989
8453
8096
8046
7356
8402
8973
9255
8398
7533
8128
7512
7993
8892
8373
9082
8374
8778
7514
9461
8974
8492
8319
7701
8695
8040
8579
7589
9251
8658
8120
8865
8892
8794
8218
8401
8723
8394
7860
9499
8104
7484
8897
8461
7373
7820
8435
7931
9203
8096
9192
7709
8150
8712
7647
8328
8087
9018
7724
8874
7820
8751
8787
8835
8753
7689
8353
8036
8384
9606
8625
8061
8652
8131
8913
9161
9039
7936
8049
8318
7743
10352
9182
8999
8579
7687
8169
7836
8361
7912
7900
8236
8938
8788
7789
8511
7946
7853
7390
8109
8225
9272
8194
7757
9194
8296
8210
8035
7620
8528
7533
8651
9173
9107
8735
7621
8343
7457
8390
7964
9251
8596
9016
8374
7693
9049
8400
8034
8630
8925
8016
7962
8388
8639
7653
7733
9191
9098
8604
7771
8700
8333
8434
8928
9056
9954
7822
7901
8349
9200
9035
8562
8072
8817
8640
7815
7918
8622
8857
7390
8617
9395
7563
8236
10943
7579
7287
13556
8300
8690
10551
7931
8581
8376
7533
8079
9265
8537
8034
7958
7656
8712
7970
8508
8170
7558
9030
8477
8497
9076
9372
8858
8394
8407
8393
8832
7441
8620
8405
8795
8011
8704
8653
8265
8092
8108
7494
8006
8473
10700
7707
7762
8440
7482
8832
7584
8995
8512
7998
9041
7756
8456
8642
7574
8922
8470
8622
8217
8949
7977
9188
8257
8834
121348
7654
7934
7805
9194
8048
8787
8482
9929
9792
8877
9287
8902
8619
8624
7962
8796
7878
8478
9396
7709
8558
8369
9076
8013
7729
8700
9056
7754
7358
8682
9259
9071
8947
8179
8635
9430
9178
8738
7657
9108
9097
8583
8210
8044
8538
7953
8431
8133
7569
7850
8651
8358
7786
8476
8549
8402
7451
9134
8075
8209
8760
8234
8656
9327
8960
7584
8163
8621
7994
8737
7416
7746
8753
8125
9117
7876
7939
7732
7851
8710
8322
7717
8451
7696
8456
9202
9106
8253
8600
7950
8865
7597
7573
7914
9242
8878
8538
8246
8661
8575
8123
8541
7568
10051
7601
9000
8112
8550
8878
8582
9050
8353
8409
8823
8012
7525
8386
7782
8518
9669
8171
8712
8338
7601
7430
8046
8676
16584
8674
8354
8151
8279
9172
8940
9046
7942
7645
7644
7308
9235
8641
9058
8011
7415
8580
7776
8691
8783
9502
7475
8300
8675
9161
7995
9041
8158
8625
7810
7996
8311
8810
8555
9197
8861
7628
8531
8323
10392
8139
9301
8777
8841
7922
8863
7935
9995
9299
8442
7595
9571
9011
8895
8583
12119
8593
7653
16384
9119
9288
7996
8471
9203
7907
7516
9522
9654
9274
7678
8687
8974
7497
8200
8052
9047
8711
8626
7696
7905
8779
8206
9168
7930
8605
7415
8311
8073
8506
8969
7623
9305
8104
9276
7503
8954
9140
7589
8887
8878
9200
9237
9388
9461
8579
8949
7568
9179
8187
8507
8996
8389
8102
8475
7805
7618
8055
8680
7241
7925
9278
8482
8236
8174
7789
8433
7994
7769
8559
9041
8635
8608
8199
7993
8575
8853
7770
8591
9093
8563
8824
9163
7655
7604
8598
8220
7574
8890
8717
8614
8774
8139
9436
8362
8452
8376
9478
8322
8870
8165
8925
9074
8529
8714
72586
8136
8220
9258
7707
8415
8082
8636
7786
8590
7391
8184
8668
9156
7904
8738
9061
7593
8266
9569
9407
8653
8345
7772
8128
8494
8933
8340
7922
7467
9028
7835
8195
8816
9256
7987
17358
8312
9085
8364
8758
8606
8950
7897
8386
9184
8461
9013
9201
8551
7622
7846
7601
8427
8826
8744
7642
7835
8088
9152
8086
7641
8871
9187
8555
8212
9219
9686
7511
7800
8388
7647
8176
9000
7583
8840
7192
8373
7511
8537
8559
7976
7598
7323
8640
8251
8537
8704
9019
8515
7255
7751
8897
7632
7988
10370
7894
8640
8652
8258
7706
8056
9269
8304
8534
8648
8841
7721
8635
8415
7964
8655
9174
9247
8356
8533
10564
8286
8081
7811
8221
7866
8351
7656
7990
8030
7849
8697
7757
8646
8225
11084
7957
8738
8558
8062
7633
8369
8715
7974
8146
9059
8407
8594
7591
9076
9094
8738
8378
9138
7576
8009
8629
8019
7992
8930
7924
7959
7632
8895
9149
8681
7872
8434
8474
7220
8883
7578
9107
8473
8784
8418
8227
7998
9406
9275
9010
11337
8029
8009
9009
8618
8408
7775
8162
8052
8435
7721
9223
8969
7836
8346
8733
7856
8265
10076
8196
8119
8694
9278
7538
8919
8732
7579
8514
7245
8618
9438
8195
8973
8192
8810
8034
7606
8059
8620
8869
9176
9226
8050
8773
7533
8129
8923
8989
8283
8519
8045
9867
9241
9225
13456
8790
8280
10266
8365
9428
8235
8323
8137
7964
7672
7914
8405
8876
8372
8885
8067
8155
8235
8226
7752
8284
8169
8620
8255
7723
7956
8726
9816
7817
7655
8753
8681
8802
8052
8072
8145
8075
8496
8128
8903
8156
8116
8138
7597
9051
8133
7740
8172
7433
9212
8916
8863
8520
8394
9267
8408
7441
9203
9189
8456
7823
120912
8697
9016
7569
7937
7503
8674
8076
8150
8366
8264
9199
7979
8874
9034
7516
8630
7986
8819
8041
9410
7795
8112
8781
9121
9072
9373
8756
9302
7490
10854
7723
8170
7807
9071
7993
8453
8938
7948
7587
9203
8396
8322
8126
9481
9192
9774
7902
8153
7832
8214
8190
9252
8382
8035
9130
7369
8122
8945
9194
7580
7984
9066
7982
8777
9664
9045
8165
8819
7298
8781
7994
8630
9368
8856
8906
7707
8074
7429
8346
8660
8434
7580
7806
8246
7750
8386
9066
7753
8593
7872
7973
8818
8727
10491
9222
8487
7421
9187
8261
9106
7990
9271
8147
8428
8488
7942
8495
7841
8394
8299
8516
8298
7950
8865
9223
8797
7660
8473
7784
8234
8808
8343
8015
8055
8605
7763
7574
8837
9183
7327
7610
8396
8615
9025
9005
8818
7403
8828
7389
8477
8363
7613
8846
8400
8798
8819
8952
8919
8706
8108
7285
9279
9043
7797
7530
8656
8230
10031
9214
7935
8371
9189
7618
8941
8474
8656
8072
8015
8698
9146
8434
8597
8346
9303
7744
8537
10402
8813
7348
8431
8132
8374
9263
8717
9014
7890
8434
8804
8709
8791
7443
7576
8031
9135
8881
7801
7574
7339
9113
7371
7993
9394
7855
8821
7680
7898
7978
8124
8054
9248
7784
7822
8643
8911
7674
8348
8028
8223
7800
8953
7792
8029
9284
7943
8475
7819
7865
8646
8174
8475
9094
9004
8001
8307
9331
10683
8181
8313
16910
7775
8866
11369
9225
7827
8807
8415
8586
8670
9008
7728
8876
7844
9754
8455
8449
8111
8454
8090
7499
8357
7598
8117
7993
8592
8640
8712
9297
8219
8803
7854
8420
8866
8046
8926
7827
8579
7820
7849
8922
7749
8173
8451
8817
8080
8030
8956
7400
8391
9187
8318
8382
7965
121384
8584
8702
7492
9093
8021
9389
8377
8249
8074
8560
7646
7743
9263
8979
8375
8689
7418
8353
8796
8842
8262
8447
8739
8499
8208
8432
8446
7905
8128
9224
9220
8961
8236
9000
8920
8041
9173
8927
8118
8881
8676
7862
7403
7669
8759
7902
7579
7694
7500
7758
8213
8451
8294
8371
11752
8891
10201
7890
9194
9233
8927
8552
8574
7600
8497
7952
9360
7995
7902
8162
8452
8785
8242
8677
8156
8292
9323
8388
8228
8938
8601
8176
7871
7690
8875
8794
8046
7806
7752
7558
7558
9032
8928
8716
7609
8562
8207
9079
8247
8536
9074
9237
9246
8140
8237
8263
7594
8800
7710
8005
7677
8638
9357
8368
8570
10701
8575
7751
9469
8003
11586
9047
8422
7723
7556
8156
8784
8804
8243
8768
8917
7870
7684
7588
7995
8933
7974
7688
8758
9274
8214
9233
7607
7476
7702
8375
8646
7660
8872
7643
8320
8279
7666
8540
7586
8851
9206
8574
9139
8555
7572
8397
8733
7707
8651
7917
8840
8078
7728
7690
8292
8768
7997
8656
8033
7608
8146
8035
7611
8656
7550
9195
8483
7282
10042
8740
9271
9095
8146
8733
8235
9236
8478
8006
8400
9184
8156
8314
8707
8092
9007
8998
8953
8411
8203
8145
9123
9333
10009
8868
11026
7918
8996
13620
8163
7520
11101
8318
7526
8856
8538
7901
9441
8415
8722
8213
9278
8619
8262
7947
8030
7853
8533
8010
8215
9005
8788
8749
9308
8185
8466
9200
9253
7959
8481
9372
7964
8441
10672
8359
9282
8051
8133
8482
7470
7784
8018
8782
7413
9338
8095
7561
7972
9689
8875
7973
8687
8280
9292
7958
7825
8356
8663
8355
8533
9195
9135
7989
7793
8445
9076
8100
7577
8122
7769
8216
8155
9210
8280
8839
8491
8021
102529
7993
8567
7899
8140
7727
9163
8726
8646
7547
7823
9091
9209
8616
8273
7948
7589
9005
9316
7569
11358
9134
8463
9040
8375
7649
7536
8268
9940
7287
8379
8085
9078
8256
7989
8438
8154
8302
8830
9200
9036
8483
7577
10119
7907
9282
8491
8552
7820
9204
7830
8628
7768
8798
7948
8072
8994
8670
8491
7752
8092
7883
7676
7963
8323
9116
7874
7974
9039
7564
9294
8697
8086
7690
9020
7456
7631
7592
8923
8860
8182
7876
7549
7369
8492
7562
8025
8944
8419
8738
7298
8115
8517
9193
8602
8017
9474
7317
8667
9229
8031
7574
7607
7830
8031
7717
8379
7762
7758
7861
8302
8584
8751
7767
8594
9241
8332
8428
7534
8588
7784
9259
8174
8640
8844
8400
7712
7634
8841
9158
7593
8226
8617
8569
8059
8414
9015
7369
9599
8117
8211
8523
8051
8370
8627
7741
7653
7609
9893
8499
8471
7868
7979
8202
9261
7853
8216
8784
8418
8859
8958
8200
7572
8939
7949
8279
7749
8095
8882
9260
8216
8189
7969
8849
8582
8497
8414
7689
8409
8737
8741
8112
9042
8978
8032
7840
8387
7605
8562
8074
8488
7292
7786
7837
8403
8834
8437
8429
8292
9328
9228
8505
9300
8590
8215
7337
8168
9036
8501
7870
8058
7758
10966
8937
9311
9222
8958
7719
8946
8596
8090
8641
7862
8448
9087
9027
8001
8674
9271
8794
7819
8557
9240
7795
8538
8212
9292
8821
7510
8465
8271
9293
8635
9500
7950
8065
8413
8174
7608
8773
8638
8410
8275
9150
8336
9131
8713
8258
7908
7756
8796
7991
9576
8779
8023
9259
7620
7895
8076
8872
8417
8709
8917
8680
8321
8431
9981
9275
7945
9446
8124
7612
10924
7981
8776
15257
8345
8271
9755
8836
8165
8171
8417
129059
8868
8603
7573
8169
8462
8228
8170
8334
8933
8057
8972
8565
8910
7969
7856
8535
8361
8569
8563
8603
8992
8395
9258
8162
7569
8205
8992
9059
7341
8443
8200
8434
9017
9053
8756
7250
7957
9256
8543
8234
8915
9312
8375
8694
8373
8450
11549
8679
8646
7829
8184
8194
9135
9093
7317
8102
7456
8032
8279
8969
9187
7820
8775
8516
8729
9057
9338
9397
8658
7531
7860
8720
7759
8306
9268
7952
8488
8804
9384
8897
8174
9015
8044
8656
7943
8268
7548
7867
8664
8123
8494
8315
7817
8196
7641
8835
8021
9401
8452
7610
9041
7870
8634
8515
9256
8768
7892
8574
8434
8571
8964
8790
8638
8410
7955
7418
8156
7950
9021
9049
8706
7777
8054
7489
8680
9308
7603
8440
7954
7800
7966
7416
8229
8764
9989
9046
7651
8409
8285
8256
7505
8210
8894
7712
8271
9125
8515
9136
7788
8136
8008
9310
7883
7789
9241
7896
9196
8441
9532
9100
7670
8315
9128
8043
8953
8131
7995
8616
8032
8333
8077
7802
9017
7548
11651
8828
8402
8615
7395
8794
7785
9025
8499
8143
9092
8059
8610
7602
7767
8148
8738
7510
7416
8173
8933
9287
7692
7734
9128
8512
8111
9635
8191
7950
7417
8097
8971
8438
8159
8282
8014
7538
7799
8456
7703
7631
8585
9010
8176
8405
7687
8882
7575
9137
8791
8400
8239
8229
9100
9115
10702
7761
8520
8866
9301
9116
7671
7946
9062
7737
9285
8131
9230
9195
9249
8010
9343
14059
9192
8604
10182
8305
8743
8293
7932
9238
9407
7574
7324
8927
7671
9279
9136
8738
8265
8225
9123
7679
7854
7727
8300
9229
8141
9037
7735
8185
9039
7667
7769
8588
7989
7840
9035
7681
8758
9375
7448
8117
9347
9210
7491
8728
118449
8322
8641
8027
7534
8995
8918
7523
8631
8070
8756
8016
9223
7656
9102
8742
8653
8093
7825
7656
8619
7798
7589
8846
8463
8959
8053
9357
7826
7514
9143
8988
9128
9041
7827
8979
8753
8767
9479
8428
8540
7851
8036
8521
7466
8877
7609
8763
8324
8103
7676
9161
7594
8127
9500
7434
7720
8048
9030
8514
8423
7988
8291
8483
8934
8882
7729
9155
8620
8005
9237
8972
8342
7649
8222
9244
7339
8667
8275
8139
7817
7829
9207
7747
8647
7612
8902
7517
7634
7610
8223
7892
9046
7733
8950
8235
9258
8245
8543
8960
8838
8778
7866
7553
8815
9294
8634
7603
8845
10152
8156
7631
9377
9248
8519
9064
8234
8113
8692
8133
9077
9064
7769
8044
9197
8002
8635
7717
7609
8109
7863
8490
8145
8225
7589
8535
9241
7798
11728
9033
8042
8934
7988
7645
8730
9076
8392
8675
8937
7603
9217
8008
9241
8613
7885
8383
7907
9041
7861
7955
9487
8374
8048
8476
8800
8317
9087
8523
7710
8783
9117
8349
7830
8567
8663
9234
8999
7992
8600
7456
8978
8495
8047
7408
7569
9778
8194
8266
8995
8763
7741
7502
8152
8642
9232
8624
7767
9148
7575
7609
9259
9086
11305
8882
9162
8635
8631
9061
8489
9046
8776
8797
8625
8204
8756
8816
7612
8179
7570
7516
9116
8254
9274
8538
7891
7801
8461
8587
9431
8937
9117
7748
10265
8515
8893
15966
7917
7782
11560
7733
7817
9455
8437
8389
8697
7889
7868
8356
7829
8785
8376
9197
7549
7610
8481
8163
8688
8701
8423
7368
9086
7589
8796
7600
9036
7597
10755
7835
8377
8373
8656
8605
8559
7650
9026
9047
8832
7994
9266
9593
7717
7697
9364
8851
9054
8631
7777
7696
7714
8859
8575
9549
9010
101861
8630
8669
8331
8595
8330
9210
7846
7673
7631
8996
9237
8272
8184
8415
7793
9274
9241
8635
8397
7901
8607
8752
7855
8420
15617
8135
7943
8574
7670
8482
7659
9224
8230
8800
8076
16925
10750
8156
8397
8828
8738
8067
22906
8900
8173
8391
8552
8408
8144
7770
7681
7676
9641
8338
8101
8945
8438
7713
9245
8800
9730
8742
7622
8011
8635
7963
8369
8410
8200
8072
7720
8200
7754
7934
8498
8169
8902
7991
7557
8560
8661
8833
8616
8715
8635
9150
8236
8620
8236
8231
8160
8106
8111
8456
8193
7770
8615
9403
7513
8165
10240
7794
8613
7553
8820
8794
8676
8738
8022
8595
9080
7994
8412
7714
8772
8928
8682
7310
8605
8879
9619
8014
7426
8205
8676
8974
7494
9566
9160
7207
8402
8655
8774
8954
7671
7775
7582
8728
7996
8223
7491
9075
8037
8257
9092
7695
7994
9177
8664
7713
8067
8757
7954
9549
8656
8333
8779
8456
8584
8241
9469
7921
7687
8097
9482
9060
8233
8405
9206
8186
8079
8198
8586
7889
8314
8148
8502
7571
7880
8628
9215
9233
8765
7367
8336
8587
8015
8400
8779
8219
7985
10737
8533
8211
13557
9160
9066
8923
7813
7632
8807
9174
7821
8066
8400
7753
8989
8442
8402
9124
8543
8687
8112
8704
8719
8477
8246
8475
8337
8902
8977
11219
8493
7688
8633
7717
8947
7647
9878
8895
7651
7772
8578
8972
9257
7990
8103
9172
8660
8709
8373
8658
7748
9051
8387
8554
8686
8838
7838
9501
8256
7367
9015
8184
8999
8821
8062
7915
8276
8794
8646
8766
8269
7926
8400
8258
8543
7826
7735
9399
8698
8997
8529
7838
9076
9015
8417
8630
9041
8010
8441
8164
8956
8086
8940
9439
7354
7645
7866
8593
8286
9302
89430
8614
9198
7810
8911
9274
8595
8761
8027
9566
7553
9351
8379
8930
8200
8514
8632
7781
9323
8214
8385
8651
7450
7707
8067
8201
8341
8442
8517
8411
8967
9174
8397
7933
9064
7997
7851
8332
8834
8214
9261
8191
7825
8591
9181
8400
9276
7734
10597
8396
8215
8025
8794
8425
8526
8203
7456
8225
8979
8367
7608
7380
8182
8867
10746
8091
8968
8815
8916
7853
9002
8154
8471
7954
8467
8743
8678
7813
8840
8006
7942
8328
7492
7691
9066
7811
8065
7496
7895
9302
7809
7507
7912
9036
7782
7789
9200
7531
8720
7591
7774
8876
8220
7451
8328
7883
7776
8123
8021
8039
8451
7531
8090
8576
8490
7754
7451
8969
7496
8337
8072
8416
9026
7569
8542
8271
7806
8846
10220
7950
8064
8635
7999
9220
8835
8258
8953
8373
7772
7511
8733
8083
8635
9016
7634
8976
7880
7784
8978
8911
8355
8439
9226
7640
8817
7715
8357
8448
9274
8206
8916
8615
8957
9356
8553
8202
7794
8403
8634
7745
8574
9179
7315
8778
7756
9019
7809
7846
8077
7656
7779
9200
8978
7892
8314
9163
8003
7815
9281
7571
8610
7864
11470
8994
8229
7733
7760
7958
7897
8574
8173
7792
8347
7652
7511
7893
7788
8460
7743
8406
8044
8585
8217
9010
7579
8920
7834
7666
7523
7974
9089
8143
8469
8619
7579
9038
8160
7810
7483
9559
8167
7507
7814
7466
8210
8302
8810
7957
7293
9228
8625
7805
8997
9394
8837
7379
8723
7677
7978
7850
7913
7475
7924
8856
8623
8012
10787
7984
9081
7943
7844
8179
8064
8758
8576
8558
7975
7732
8982
7929
7820
8018
8233
8553
8411
8666
8374
9265
10487
8583
9880
9049
7783
9341
8794
7841
7574
7574
9241
8294
8174
8056
7230
155705
7930
8410
7636
9222
7793
7905
7887
8420
9038
8697
9001
7579
8190
8402
8113
8615
8834
8410
7989
8094
8723
8017
7942
8693
9326
8191
9838
9061
7902
7611
9232
8889
7831
8379
7934
7344
7937
8523
8374
8471
8595
8423
9315
7494
9000
8201
7794
8585
7554
8322
7672
7851
9494
7815
9064
7528
8179
8658
8611
8836
8171
7617
8793
8735
8005
7474
9128
7791
8841
8058
7914
9083
8818
8734
9266
8662
8025
7998
8615
8830
7985
9278
8209
9157
8826
8071
7681
8956
8236
7759
9336
7557
8016
7729
7879
9502
7930
8737
9827
8428
7721
8100
8975
8613
8432
9220
8184
8051
7803
7784
7769
8813
8707
8599
9128
8331
7541
8794
7646
7576
8391
8743
7675
7926
7386
8630
8471
8326
8198
7423
8377
8432
7999
8797
8551
7860
8368
7849
8731
8200
8815
8880
8982
7629
8433
8394
7590
7815
8969
8210
7681
8994
9153
8165
10751
8176
8489
7365
8307
7585
8212
9054
9179
9240
8603
8854
8619
8583
8005
8688
7773
7610
8795
8345
9107
9298
8362
8584
8273
8615
7775
9259
8863
7930
8818
8256
8165
7875
7872
7824
7292
7698
9117
9331
8098
9047
9117
8208
7888
9207
8615
8135
7824
8615
8605
7540
8281
7599
7928
8621
9379
8661
9395
8445
8876
9191
8560
8226
10864
8265
8538
9428
8283
9402
7574
7771
8534
9004
8107
7995
8086
8336
7447
8635
8800
7628
8488
7431
8457
7376
9098
9141
8610
8441
8581
8830
7704
8897
8341
9502
8284
8034
7608
9205
8634
9056
8800
7640
8080
8735
8384
9109
8076
9251
9666
7389
8107
14344
9057
7974
9418
7633
7824
10292
9162
8666
8793
8288
8313
7569
7560
8666
9415
9285
7612
7614
8153
8537
8905
7626
8557
7660
116007
8015
8473
7971
9148
8357
7973
8763
7594
7927
8814
8933
8598
9071
7565
7780
8071
7958
9644
8212
7780
8493
8772
8676
8358
9171
8688
8530
8606
8041
8000
8420
8449
8949
9287
8232
8435
9333
8294
7717
7967
9120
9231
7513
8230
8331
8199
7554
8176
8278
7874
8314
7608
8225
10564
7671
8082
7520
8075
8740
9225
8697
8557
8915
7682
7707
8914
8943
8212
7593
9075
7882
7835
8594
7646
7716
8455
8202
7851
8082
8752
8876
8109
7373
7745
9281
10213
8014
7699
8858
7410
8391
8692
9261
7969
8675
8409
7729
8150
8317
9052
7636
7712
8461
7523
8656
8339
7989
7613
7523
7611
7834
8592
8805
7872
9040
7983
9395
9066
8137
8967
7768
8712
7926
8410
7554
8675
8426
8530
7878
7783
8189
8624
8364
8977
8843
8289
7332
8846
8076
7701
8473
7728
7975
7824
8882
9336
8307
8426
8140
8606
8261
9153
8346
7662
7692
8880
8268
8810
8792
8512
9064
8615
7851
8816
7923
8875
8824
8607
7799
7328
8504
8131
8502
8393
8512
7651
7943
8144
7361
9420
7602
10822
8679
8205
7969
8083
8406
9280
8819
8605
8534
7528
7595
9456
8408
8394
7931
8070
8655
7629
8625
9179
8882
7984
7394
8844
8194
7751
7890
7899
8619
8744
9241
8785
9425
9241
9405
8188
8179
8033
8028
8215
7574
8262
8079
7593
8611
8383
8781
8133
8053
7820
8574
7805
9179
8015
8252
7406
8717
7491
8809
8245
7583
8609
7836
10800
8120
9067
7892
7705
7651
7761
8397
8878
9613
8975
8439
8982
8274
7643
9117
9443
9003
7579
8864
8272
7902
7984
7917
9267
7772
8638
7586
9367
8205
8506
8311
7470
7567
8081
7894
8120
8639
9153
8446
8630
8337
8689
7923
8264
8317
8343
151380
7598
8577
8638
9122
8677
8097
9263
7313
7675
8656
8802
9005
8988
9060
7953
9444
10108
8864
8257
7663
8656
8126
7607
8914
9082
8757
8294
7778
8044
7825
8008
8245
9024
8573
9174
8435
9476
8610
8594
9045
8405
8612
8538
7985
8332
8442
8954
7711
7691
7322
7923
7427
8194
8863
7933
9349
8682
8207
8605
9014
7763
7724
7755
7979
9126
8646
9027
8354
8058
8037
8438
8575
7835
8188
8938
7410
8507
8153
9225
7607
10369
8242
7926
7845
7835
8795
9160
8897
7533
7894
9195
8082
7923
8098
8920
8610
7893
8830
7485
8343
8774
10248
7815
8444
7777
8552
7893
9158
7718
8507
7793
9256
8205
7879
8899
8046
8413
8697
8935
8885
9436
9026
8005
8774
7784
7806
8095
9183
8423
7229
9056
7991
8637
8848
8948
7517
7738
8427
8841
8136
8460
8226
7811
8191
9507
8091
7981
8251
7768
8235
7364
8978
8295
8287
8804
9094
8787
7608
8000
7978
8146
9200
10335
8341
8436
8593
8916
8526
9051
7632
9102
7897
8245
8061
8396
8923
8167
8738
7711
8483
9242
8635
8174
8090
8900
8280
8868
7606
7806
7749
8162
8888
8018
8067
8317
9338
7656
8120
9122
8420
7686
8164
8728
7979
8625
8350
7897
8453
11186
9344
7976
8062
9051
8050
7683
8636
8051
8377
8039
8416
7903
8462
7547
7943
8078
8764
8799
8573
8356
7472
8024
8769
8672
8749
8603
9242
8164
7719
7875
8317
9212
8197
8181
8506
8635
7992
9018
8382
7703
8174
7702
8903
8594
8112
8634
9067
8431
8013
7599
9075
8493
7524
8464
9227
7835
8585
7548
7874
8458
7549
7869
8317
10369
8209
8751
8174
8395
7951
8389
8585
8170
8991
7651
7779
7830
8737
7309
7641
8532
9179
9265
8290
137235
8223
9027
7791
9220
8913
9066
7632
8607
8671
8975
8672
8179
8225
7986
8354
9153
7911
8886
7903
8509
8179
7455
8494
8708
8719
8374
8179
9241
8661
9000
8677
9061
9167
9246
8921
8794
8100
9057
9115
9293
7829
7533
7725
10184
7890
8834
8251
8197
8784
8644
8338
9046
9238
8319
7890
8251
7336
7605
8013
9006
9098
7344
9224
8012
7861
7811
8707
8133
8257
8045
7957
8874
8115
7649
9039
8254
8552
9261
9113
9536
8945
8274
7519
8979
9520
7583
9239
9365
8175
8058
8635
8019
9196
7777
8564
9084
8824
9025
8784
9224
8961
8192
8211
7722
9310
8272
8512
9466
8471
8143
8205
8871
7743
7907
9102
7922
7707
7319
8856
9523
8482
9176
7412
8587
7574
8651
9154
8312
7594
7417
8800
9015
7838
7829
8681
9415
7252
8133
8066
8757
8400
9094
8733
7813
7827
8226
9193
9178
8514
8733
7903
8312
8455
8889
8328
7611
8615
7606
9422
8008
8808
8524
9096
8997
8498
8169
8102
8131
9055
8892
9443
9120
8881
8052
8040
8953
7780
8530
8293
8629
9221
8865
8914
7614
8075
7968
8457
9251
9199
8862
7858
8286
8572
9200
9005
7602
9051
8233
9116
9230
8807
8745
8210
9050
8556
7892
8830
7892
7884
8333
9190
8623
9325
8383
8659
8762
7792
7912
8019
7827
8376
7811
9251
8143
9041
7461
9344
8784
8837
8195
7536
10968
8170
8410
16830
10043
8523
7986
8005
8807
8538
8276
9311
8722
8098
8802
7611
8419
8192
9160
9190
8487
7610
8476
8333
8691
8538
9635
8577
7871
8738
8008
7594
8622
8982
7369
7732
7749
8416
9220
8764
8855
7672
8587
8892
8134
8678
8213
9117
7896
9068
8980
8101
8395
8434
8330
8020
8134
8295
7949
8261
9174
97265
8136
8389
9124
8117
8274
8865
9429
8112
7634
8880
8800
8160
9461
7912
7468
9267
7610
9392
9305
8956
8474
7420
8552
9105
8260
7822
8097
8067
8177
8076
8358
8887
8112
8461
7757
8466
7985
7577
7872
9304
8466
8082
8015
8652
9201
8619
7911
8095
8355
7838
8570
8886
8954
7670
7792
9394
7442
8376
8082
8276
8333
8297
8054
8263
8387
8795
8714
8052
8493
7879
9778
8574
8797
8821
8117
8558
7921
9116
7989
8369
8728
8659
8437
8799
8817
7842
7598
7558
8716
8374
8006
8214
9337
7729
7657
7760
8494
8473
9255
7804
8332
8676
8677
8134
8625
7566
8636
9000
7882
7620
7841
8312
8553
8973
7597
8612
7687
7721
8213
8340
7982
9123
8775
8275
8412
9345
8453
8914
8956
7791
9042
8015
8939
8895
11179
8037
8193
8252
8608
7748
8578
8517
7608
8584
7614
8103
8076
7588
7682
7898
8137
9439
8379
9066
8583
11146
8130
8161
8231
8021
9158
8943
7671
7906
8201
8487
8276
7724
8812
8241
9010
8594
8326
8728
8954
7819
7876
8645
7775
8952
8013
9451
9128
7981
8518
9292
8276
8011
8185
7794
7288
9134
7615
9523
8086
8830
8836
8562
10695
8381
8747
7603
8623
8284
7400
9203
9020
8015
8790
9169
8212
7767
9318
7866
8923
9025
7563
9158
8758
8293
8362
7843
8506
7685
8759
7635
8036
8897
9038
8400
8582
8035
8102
7787
8522
7787
7932
7694
8882
8375
8819
9215
8709
8111
7845
7942
9243
7952
8871
9215
9192
8870
8722
8523
8869
8811
8618
8356
8129
7572
7606
8627
10728
7613
8690
7912
9184
8107
9170
8836
8356
8206
7591
8717
8140
8589
8993
8754
7610
8540
9097
9112
7701
8014
8041
9005
8717
8080
8196
8765
8837
7871
135508
7951
8263
8671
9079
8935
9209
8172
7397
8818
9181
9110
9641
8789
7580
7587
7613
7590
8630
8377
8123
8914
7490
8825
7483
9347
8521
7685
8000
10196
8888
9041
7856
7559
9809
7577
8622
7677
7905
8228
7958
7490
8823
7891
8132
8280
8758
8715
7730
7779
8591
9270
9302
7704
7989
8218
7523
7679
8388
8720
9093
7580
7446
8283
7830
9428
10495
7531
7595
7451
9231
8381
8840
8960
8249
9116
7598
8839
8459
8812
9285
9300
9000
7875
8189
8890
9897
8702
9261
7580
7651
8298
8144
8109
8780
8661
8600
8460
10975
9780
9475
10018
11285
8259
7614
8830
9143
8350
7640
8729
7691
7451
8531
8587
9302
8093
8213
8477
8500
7685
7579
8118
7841
7387
8421
8271
8233
8355
7651
8261
8777
8920
7648
8033
8273
8273
8910
7851
8845
7657
8315
8941
8079
8841
7548
8284
8533
7865
8432
8410
8625
8463
9180
9017
8075
8468
8251
8723
7851
9075
7703
7651
9291
8548
7590
7775
8805
8560
8681
7670
9889
7994
8415
7682
8196
8414
7860
8414
8776
7454
9192
8188
7736
8161
7758
7706
8416
9395
9297
9428
8174
8429
8491
7577
9205
8986
8370
7560
7509
9199
9143
9093
7585
8838
8498
7424
8883
9242
9192
8143
8246
7984
8272
9061
7998
8231
7909
8251
8595
8778
7572
9086
9080
8331
7964
7877
8981
8716
8676
9599
9288
7537
7828
8679
9234
7713
8662
8778
8062
8794
7581
8213
8562
7904
8234
7379
8094
9284
9040
9255
8438
8970
7357
9082
8576
8815
7927
7812
9476
8167
7938
8052
8674
8767
8183
9307
8334
8466
8660
8550
9117
7982
9236
7588
8326
10789
7613
8574
17874
8656
7786
8535
8392
8645
8838
9195
9471
7697
9104
8682
9848
9034
7985
113331
7703
7903
7600
8671
8184
8115
7660
7671
8613
7941
8914
8444
8169
8121
7889
8542
7656
8302
7851
8916
7513
7887
8877
7810
8757
9225
8370
8854
7820
7632
7989
8005
8329
9205
8857
7958
7926
8090
7825
7833
7918
7892
8424
8312
8840
8371
9162
7312
8947
7623
7564
8118
8564
8390
7297
8098
8109
9571
8953
9532
10748
9025
7600
9182
7604
8815
8838
8574
7976
7893
8377
8237
9071
8315
8295
7619
8867
7729
8844
7956
7653
7531
7667
8030
7979
9033
9192
8484
7924
7769
9097
9036
8546
9113
12104
8659
7831
7638
8291
8815
9183
8692
9379
7848
9296
8520
8882
7537
8338
8743
7773
8808
8711
8244
8006
7210
8369
7975
8474
8402
9351
8292
7615
9009
10585
9080
8936
8661
8489
8208
8125
8800
9217
7678
7914
8174
8619
8434
7594
8508
7961
7958
8424
8637
9465
8236
7847
8904
8204
8533
8160
8278
7808
8325
8103
10799
9133
8679
8160
8659
9234
8935
8066
9558
7815
7950
7822
7783
7456
8020
8116
7588
9029
8415
8142
8786
8526
9096
8763
8077
9117
9074
7990
7691
7648
8475
8725
8907
10363
9600
8101
7830
8204
7575
8815
9268
8015
8493
9120
8276
9236
9030
8700
8616
7923
8251
8237
8345
8994
8924
8199
9264
8015
8332
8249
7695
8763
7929
7781
8338
9265
8143
8188
8330
7724
8014
7984
8574
8459
7653
7963
8553
8658
8830
7550
9061
8760
7301
9081
7856
8946
9420
8882
8336
8439
7786
7846
9248
8563
8389
7423
7231
10782
7656
8064
7563
7590
9106
7730
7589
8133
8194
8193
8857
8189
8697
8467
8755
8050
8474
8151
9158
8538
8026
9025
8532
9218
10875
8543
8199
8472
8157
10460
9275
8098
13824
7745
9584
10485
8748
9282
7933
113634
7952
9301
8788
7602
8552
8167
9543
7185
8260
8175
8366
7713
8312
7580
7897
8001
7514
9021
8620
8369
8743
7250
7825
10279
8761
8067
9214
8849
7851
7857
8818
8976
7664
11297
8692
8015
7872
7512
8612
8633
7958
8235
8292
9117
8647
8815
8592
7259
8852
7769
7993
7956
8846
8134
8103
8666
8088
8595
7791
8189
8210
8464
9168
7661
7972
8979
8186
9200
7918
9006
7755
9436
8973
8892
7594
7954
7581
8607
7888
7921
8979
7826
8442
8083
8965
7876
8840
9179
7664
7730
8156
9240
7608
7560
7503
10142
7942
9232
7529
8386
9125
8135
7636
8267
8356
8986
8350
7659
8435
8146
8492
7892
8263
7931
9207
7912
8697
8211
8678
7774
8621
8112
8487
8910
7814
8394
9309
8958
8483
7501
7899
8757
7839
8556
9401
8081
8351
9063
8193
9261
8801
8846
8294
8082
8066
7533
8092
8679
9215
9184
7469
10483
8888
8472
8692
7509
8863
8097
8506
7564
8249
9527
7824
9583
8288
8792
8445
7971
7726
8011
8186
7625
8351
8082
8924
8825
7482
9192
8022
9126
8764
8449
7819
8767
8733
7992
8583
8628
8809
9071
8413
9190
8513
7988
9195
8416
9112
7738
7780
7619
8296
8844
8029
9261
8512
8899
8433
9220
7950
8493
8577
7471
8996
7533
9293
9453
8257
7680
7767
8125
7624
8866
8900
8337
9082
8548
9232
8063
8856
8587
8438
7964
8438
8419
9189
8502
8274
7282
8787
7974
7632
8313
7771
7553
8672
8584
7772
8820
8323
9269
9076
7487
8943
8475
9120
8077
7654
7728
7493
8952
7853
9195
8021
9377
7843
7333
8028
8861
8513
8291
8801
8372
7392
8575
8224
9390
8606
8056
9097
10483
9051
8920
8396
8018
8215
7600
8200
8256
8983
7933
7769
8518
143056
8415
9169
8614
8094
7917
8870
8954
8579
8654
8571
7884
7931
9077
8120
8194
8010
8316
9708
9154
8738
7526
8433
9115
8862
8756
8087
7692
9297
7588
8983
8471
8233
7529
8503
8519
8074
7602
9135
8424
9144
8433
9073
7953
9193
8884
9128
7587
7631
9049
7397
11494
8716
8770
8515
7870
8487
8492
8087
7910
7934
7713
7467
8209
9016
8806
9054
7869
8100
7324
8824
8104
7809
8733
8112
7702
7567
8823
8223
7374
9157
7912
8197
7991
7800
7743
8475
8614
8121
7613
8155
7951
8804
8860
9228
9790
7832
8574
9618
8607
7628
8586
8645
7807
7589
8196
8806
9218
8833
7518
9443
8994
7765
8279
8618
10874
7962
7584
7466
9397
7587
8606
8685
8171
7674
8276
8847
8153
7732
7805
7656
8609
9182
8416
8029
8223
7766
7600
7828
8699
8035
8611
7689
9067
8673
8514
8779
9180
9012
7334
8083
7519
8374
7656
8351
9304
7842
8996
7966
8738
8830
8471
9132
7534
7857
8622
9432
8655
8330
8885
8451
7944
8646
7979
8694
9240
7897
7669
7556
10958
8857
8808
9164
9092
7713
8157
7608
9584
7757
7631
8799
8226
7461
8842
8956
8938
8733
9359
8176
8246
8820
7756
8830
9005
8224
7417
7984
9121
9378
8410
8933
9128
8728
8283
8660
8688
8105
10849
8602
8384
9136
8010
8220
8320
7463
8945
7552
8882
7834
9035
8129
7712
7688
8158
8595
7588
8684
7615
8382
7550
8006
8151
8863
9815
8417
8190
7848
8220
7981
8820
9053
7982
8635
7609
7739
7639
8941
7693
7673
8570
8091
8660
8815
8462
7957
8361
8052
8276
8923
9005
8000
9226
8523
7359
9040
7984
8655
8591
7589
7789
7802
7997
8764
8088
7715
7275
8634
8731
7575
9057
7946
8955
8571
136545
8079
7915
8820
8228
8194
8858
8843
8200
7652
8144
8771
9084
7672
10274
8312
9358
8582
7620
8803
8839
7574
9184
7839
7630
7967
9133
7987
9427
8568
7831
9235
8592
8090
9318
7806
7973
8276
9199
8703
7767
8280
9058
8740
8646
7919
8834
8878
8541
7517
7592
9130
7669
7891
7701
8076
7873
7984
7622
7558
8684
8778
7815
9269
9256
9489
7527
8347
8121
7938
8024
8492
8534
8819
8697
7802
8486
8153
9309
8184
9190
8213
7796
7453
8101
8120
8957
8504
7910
7789
8461
7840
9063
8271
8811
7725
8506
8355
8534
8453
8607
7810
7703
7656
7390
9057
9111
7670
8394
7548
8861
8599
7681
7648
8869
8775
8281
7605
7738
9231
8620
9001
7555
8114
7785
7649
8383
8073
7772
8559
8204
8879
9061
8240
7769
9039
8969
7377
8253
8357
8789
7850
8938
8186
7830
9174
9106
7914
8029
9436
7555
7434
7810
8793
8630
8184
7599
8825
7342
9364
8522
8358
8917
7680
8668
7896
8115
8665
9330
8337
8874
8224
7594
8442
8330
9338
7734
8604
7851
7936
8948
7913
8049
9240
8276
9135
8925
7771
7610
8099
7576
8266
7809
9058
8850
9180
8255
8205
8640
7918
9144
9256
8179
8971
8711
8400
11089
8112
7620
9244
9239
8766
7391
9234
7753
7902
8680
7430
8220
8706
8934
8895
8826
8797
8635
7829
8273
9256
8784
8934
9283
8323
7914
8573
7712
9138
8247
8962
7594
7646
8656
7645
8934
8252
9088
8432
9204
8600
9276
8858
8482
8152
7593
7625
8678
8222
8742
9238
8388
7401
8844
8717
8292
7777
8306
8918
8038
8128
8885
9035
10073
8185
8994
7317
9395
9074
8278
7481
8259
8323
7973
8471
8516
8881
9177
7485
8857
8720
8535
8701
9091
9353
8163
126708
9477
8876
8517
9642
7507
8855
9967
8729
9369
7563
7929
7473
9210
7876
8157
8736
8843
7611
8713
8272
8228
7548
8438
8197
8612
7519
9153
7627
8008
8345
8405
8265
9431
7463
8342
8357
9117
7783
8588
8383
11093
7804
8547
8118
7933
8973
8056
7467
8844
7872
8839
7871
8433
7980
7441
9035
7984
9310
8448
8747
7604
8346
8994
7624
8217
8578
9016
8433
8565
8689
9096
9048
9720
8873
7845
7794
8074
7718
8184
8016
8011
8175
8574
9040
9157
8385
7866
8456
8861
10579
8876
8232
7938
8170
8062
8846
8655
8600
9041
8394
9374
7762
9188
7595
10174
8036
9013
7860
8630
9020
8435
8195
7771
8087
8276
8757
7929
8148
8232
8090
9137
8636
8505
8832
8217
9176
8257
9056
8958
7440
8126
8825
9020
8408
8948
8134
8802
7838
8296
8518
9745
7938
7833
8010
8430
7618
7764
7805
9194
8621
8757
8510
8371
8415
7635
7772
8999
7569
7834
8576
8740
9105
7866
8210
8261
9369
8617
9038
10546
8674
7603
7418
9068
8109
7920
8398
7700
8939
8324
8538
8461
8066
9221
7674
9681
9210
8450
7778
9411
7597
8357
9020
9258
9401
8847
8563
8021
7256
8930
8799
8996
8606
9000
8243
7926
8778
8321
9039
9531
8964
7558
7928
9501
8066
8787
8389
8764
8877
8128
7844
8401
8389
9143
7498
8798
7959
9231
9240
7933
8369
7509
7609
9461
9892
8272
9162
13923
8293
8383
10164
9394
7890
9892
8120
8070
9606
8888
8669
9107
9256
8514
7414
9237
8375
9393
8857
8456
7542
7429
8539
9012
9281
8695
7541
8280
7356
8213
9094
8649
7904
8440
8853
8089
8695
8173
8629
7790
7734
8029
7960
9297
7774
8938
7758
9538
8821
7859
8329
8814
8160
8981
8464
99296
8364
8536
9245
9482
8379
7697
8530
8429
7959
7842
7964
8297
8220
8153
7241
9307
8753
7805
9000
7988
8210
7806
9340
8881
7892
8090
8319
8808
8025
7794
7769
8337
8188
8356
8964
8591
8651
8727
7919
8757
8401
7775
8743
7774
9065
8410
8000
8242
9006
7710
7617
8633
9312
9021
8266
9061
9195
7745
8018
8787
9250
8071
7805
9081
8527
9174
8606
9444
8215
7545
8197
7932
8551
8215
7769
7419
8111
9017
8860
8526
8420
7678
7754
7872
8697
9258
7958
9236
9140
7409
7810
7724
8704
8772
7783
7974
8373
9220
8760
9290
7635
7482
8697
7692
7595
9112
9132
8002
7559
8051
8579
8630
8863
8660
7723
7402
9099
8354
8155
8287
8743
8302
7907
7651
8010
8753
8030
8648
8374
7380
9020
9979
7794
7883
8613
8784
8015
8415
9190
8101
8396
7741
8864
8546
8598
9241
8395
8376
8696
9587
7811
9212
9101
7902
7533
8076
8809
7591
9165
8381
8594
9279
7789
8420
8373
8011
8966
9067
9312
8101
8831
8635
9431
9037
8515
9154
7271
8033
9122
8890
9105
9179
8330
7724
9021
8634
8400
8169
8013
8992
7881
9038
9095
9299
8120
10708
7758
8606
8312
9159
7584
8365
8452
8437
8624
8174
9037
8395
8610
8856
8256
8083
8713
8774
8764
8539
8392
8623
8388
8031
8936
8849
9010
7257
9158
8234
9293
7933
9006
8612
8456
8608
8600
7916
8069
8416
8234
7646
8257
8255
9039
7640
7548
8908
7394
8883
8734
8711
8769
8465
9066
8069
7879
8704
8848
8640
9281
8534
8077
11438
7693
8654
7548
9037
8763
9854
8774
7519
16770
8378
8039
10968
8499
8532
8434
7805
7607
9402
8638
8386
9236
7800
7621
9118
8225
9219
7651
8429
8964
8178
9446
8169
110230
7945
9157
9016
9418
7574
9547
7668
7416
9136
7827
8938
7638
8610
8606
8204
8370
8020
8866
8820
8541
8600
7549
8850
9000
9005
8123
9561
8244
7897
8677
9520
7555
9624
10329
8723
7927
7553
8152
8456
9162
8792
9114
8314
8651
8522
8001
8722
7793
7816
7593
8418
8933
9027
8370
8518
8779
8432
9121
7931
9142
9154
7333
9002
7713
8205
8539
7702
8476
7545
8158
8031
7990
9436
9052
8596
7647
8058
8761
8149
7571
8810
8824
7974
7466
7794
9300
7945
7988
8623
8020
8619
8003
7964
8673
9269
7723
7558
7798
8067
9262
7800
7929
8642
7810
7494
9302
8126
9008
7871
8960
8595
8172
8774
8030
9208
8492
8216
7892
8169
7817
8295
8907
8063
9088
7825
8547
9243
8861
8552
7964
8112
8512
8367
8418
8194
8021
7598
8253
8224
9410
8853
9195
8664
8561
9478
9213
8297
9343
8628
8548
8535
7605
8195
8544
8772
8963
8607
7912
9743
9286
7951
8815
7986
9043
8487
9131
9090
8221
8746
8023
8312
7358
8472
7757
8466
8985
7777
9031
8062
7747
8836
8979
8370
8717
8174
8456
8031
8371
8414
9386
8041
8328
8074
7560
8496
8184
8411
7698
9373
8424
9196
8428
9017
7655
7400
7788
7590
9418
8931
8137
8896
7596
8173
8013
8434
7901
8235
9256
8049
9196
8394
8732
10011
8574
8861
8403
8228
7858
8217
8575
7998
8239
7706
8124
7569
9022
8769
7482
7574
8974
8618
8602
8187
8667
7991
7786
7729
8327
9097
8208
9148
7766
8586
8697
8738
8562
8392
9395
7253
9197
8387
8495
9223
7786
8915
8888
8339
9219
8437
9015
7641
9010
8403
9656
9400
8410
10506
8435
8145
13312
9230
9057
10164
7600
8580
9225
8174
7951
7939
8542
8942
7833
100535
12193
8445
9285
10113
7679
8387
7929
8048
8789
7996
9308
8074
8864
7938
8300
8312
7521
8812
8138
8086
7800
7874
7498
8378
8964
7740
11205
7605
8594
7946
7534
9071
7953
8514
8352
7384
7628
7778
7851
8730
8075
8026
7441
9104
8532
8245
9183
7376
8784
8928
9601
7640
9217
8843
8021
8971
9208
9961
8153
8911
8984
7956
8563
7501
8171
8721
7777
7552
7971
9056
7594
7784
8725
8389
8764
9430
8657
7993
8092
8490
8431
8102
8588
9256
8993
8817
9076
11028
9162
8114
8175
7541
8847
7707
8158
8138
7991
8212
8923
8828
9002
8276
7774
8066
9213
8802
9179
8572
8680
7550
8618
8370
7653
9227
8218
8303
7840
8250
8835
8948
8673
11082
8484
9059
8862
8656
8558
8978
8015
8034
8196
7997
9248
7966
8276
8791
8190
8417
8779
8075
8630
8082
8040
7928
8486
8796
9199
9378
8945
8976
8496
8011
8905
8100
8913
7814
7751
8357
8988
8870
7758
8245
7755
8466
7371
9074
9176
8968
9121
8397
8671
7692
8363
8875
8875
8691
8796
8175
8296
8164
8597
9153
8912
7593
8283
10344
8554
8979
8447
8092
8407
7688
7990
9179
9177
8003
8488
8184
8209
7797
8867
7671
8896
8868
9667
7833
9142
9214
8708
8455
8391
8799
8148
8338
9187
8605
8015
9421
8215
8189
8978
7772
8882
8651
8861
7871
8558
9023
7762
8672
8210
7964
8493
8941
8702
8785
7874
7872
7480
8144
8658
8619
8594
7943
7425
7991
7627
9012
7933
10249
8102
7320
8841
7609
8958
9077
8453
9006
8554
8317
8604
8120
7969
7724
8054
8344
7664
8727
8973
8881
8512
8314
7975
10456
9500
10010
9362
7841
17895
8427
8917
9791
8748
7617
7690
7543
8334
7953
9187
8906
7712
8307
104395
8425
7646
12954
9097
7699
9546
8843
8216
8947
8674
8251
8919
8835
8476
7350
8452
7886
9200
8433
8324
9596
8077
8525
7991
9055
8975
9309
8768
7959
7571
9087
7780
7796
7378
7841
7749
8153
8468
8266
8719
8636
8107
8646
8111
8050
8752
7794
7623
7818
8424
9025
8414
8133
7575
7650
8894
9022
8574
9038
8010
8387
7612
8009
8975
9176
7742
9101
8746
8643
8836
7834
7556
7821
8879
8555
9182
8630
8879
9044
7919
7852
7740
7441
8846
10164
8953
7725
7512
9090
7412
7937
8451
9459
7648
8233
8586
7547
8610
7851
7882
7906
7276
7570
7736
9025
8563
8668
9639
7427
8416
7923
8519
9099
8548
8839
7454
8261
8800
8410
9010
8180
7580
7812
8798
7699
8232
8955
9213
9169
7424
8356
7551
7589
9038
9194
8180
9829
8278
9208
9172
7998
9484
8235
8486
9338
8901
9046
8003
9338
7768
7962
7869
9271
9112
7581
7502
8615
7791
8782
8602
8506
7682
8089
8179
8611
9212
8092
9468
7865
7994
8471
8717
8498
7774
7969
8924
7652
7837
8106
8430
9363
8132
9038
7658
7758
8144
9051
7576
8179
8866
7671
8173
8974
8112
7873
7605
8292
7929
8782
8386
8775
9192
8697
8617
8594
8992
8935
7794
8860
7546
9216
8625
8996
8733
7795
8829
8431
7815
7733
8645
7782
9078
7853
8404
8946
8183
9000
7966
9082
7687
8272
8430
9102
8532
8159
7734
7615
7441
8731
9318
7986
8304
8947
8859
8236
9122
9159
9107
8862
8491
7998
7383
8266
8856
8844
7560
8261
8920
7312
9131
8912
7836
8107
8764
7549
7860
9148
7652
8741
9059
7968
8995
7621
8157
8192
8958
10567
8131
8839
8020
9328
9236
7834
7864
7348
8211
7503
7824
7768
8678
7939
8313
139752
8406
8876
9239
8035
9177
7910
9345
8240
8032
8015
14600
7991
8961
9304
7563
8010
8597
9030
8312
7924
8758
8478
8074
8566
7860
7569
9206
7641
8153
7634
8237
8153
9251
7382
9389
8052
8853
9175
8626
8712
8236
8194
8697
8357
7567
7779
8276
10341
9141
8432
8543
9109
8307
8454
8850
7989
7813
8638
9162
8772
9225
7705
8795
7912
7635
8976
8189
9128
8357
7836
8424
8329
8800
9244
8854
7379
8118
8425
8958
10648
7688
8046
8367
8789
7850
8126
8263
8407
7950
8196
9095
8282
8666
9074
8405
9015
8426
9460
7529
8912
7535
7919
8208
7989
9073
7693
8615
7594
7637
8846
8057
9596
7871
8256
9020
7837
8340
9000
8672
7528
7744
8649
7882
8570
8245
8424
9178
9459
9076
8654
8072
8594
8497
8706
8484
7678
7731
8107
7821
9231
8200
7620
8737
7720
8100
8236
8000
8967
10450
8155
8539
8852
8774
8106
8923
7912
8123
8173
7600
8692
8158
7578
7775
8717
7858
8422
7851
8158
7871
8564
8514
7691
8536
9223
8970
10346
7530
7681
8555
8089
7567
8839
7795
8141
8155
9262
7597
8641
8550
7851
7500
8790
8924
9159
7833
7678
7915
7971
8452
9704
9021
8836
8734
7619
8092
8308
7635
8092
7923
8663
9146
8056
7531
8462
7610
7993
8018
7729
8092
8129
8733
8412
9407
8353
7713
8021
8152
7916
8923
9199
7774
8693
8266
9138
7647
9228
7457
7757
9417
9885
9251
8869
7608
9205
7533
9033
9097
8041
8589
7580
8332
7517
9186
7822
8160
8532
8186
7478
8031
7753
9200
8466
8822
7690
9064
8006
7892
9155
8132
8664
8373
8932
8702
8428
8427
8394
8893
8133
9327
8028
8531
8964
8511
8996
7974
9762
7784
7471
9003
9398
7803
8124
124002
9446
7367
8686
14273
7675
8780
9680
8622
7807
8897
10661
7810
8188
8417
7996
7610
8594
7939
10372
7651
8512
7801
8746
8992
7599
7898
7787
8795
8636
9077
8316
8246
9451
7956
9111
8360
8136
8717
7989
7851
8435
8946
8191
8668
7930
7859
8641
8480
9169
7935
9313
8640
8191
8180
7661
9309
8191
7804
7689
7806
8769
8566
8107
8539
7779
7931
8898
9233
7227
7703
8543
7742
8574
7674
10726
8162
9138
8541
8032
8787
8094
8139
7772
9036
9438
8172
9405
7846
7610
8196
8917
7731
7948
8535
8117
8279
8039
9040
8201
9256
8476
8775
9206
8132
9224
7937
9496
7984
8305
8728
7823
8731
8223
7723
8031
7905
8806
7882
8911
8994
8194
8665
7954
8004
7801
8830
9201
8737
9364
8448
8310
8358
9029
7998
9701
8957
8389
8199
9579
8845
8929
8492
9004
8385
7427
7624
7744
8835
8863
7882
8400
8657
8268
7923
8487
7871
9137
7399
8896
8700
8992
9082
7940
7675
7716
9070
8618
9126
7753
7951
9346
8087
8349
8569
9257
8514
8101
8176
7794
7979
8011
9017
7680
8463
8186
8512
7892
7787
7811
8363
8053
7848
7812
7794
7928
8876
9015
9044
8261
7771
7936
7810
9811
8103
7697
7575
7548
8857
8176
8130
7600
8360
9357
7668
9030
9025
7824
7798
8534
8892
8292
8997
9122
8542
8792
7979
9068
8179
8425
7830
8034
8521
8297
8668
7908
8211
8615
7370
8166
7986
8333
8277
8224
8818
7348
8259
8627
8774
8454
7777
8876
7731
7762
9386
7812
8406
8800
8947
7913
8503
8723
7908
8638
7972
7620
8068
10801
8958
8825
7809
7797
8418
7414
9213
8082
7915
7853
8005
8329
7497
8510
8537
8651
9253
8507
9140
9140
8476
9039
8362
7552
8285
131261
8228
8122
9562
9108
8475
13717
7590
8189
8573
7712
8432
10605
8945
8497
8811
7958
7794
9301
8770
8266
8341
8413
8364
8376
8537
7692
8030
8737
8797
8815
8825
7795
8343
8312
7791
7773
9269
11295
8779
9111
7425
7898
8395
9174
8993
8543
8835
8082
8370
8078
8200
8491
7661
8010
7608
9144
9134
8328
9082
8706
8071
15749
8542
8861
8594
9281
8989
9051
7982
8205
8895
8618
8778
8078
7892
8582
7790
7468
8145
7764
8579
8220
8557
8452
9056
7780
8016
9287
8946
8682
8898
9283
8819
9222
7276
8096
8331
9460
9036
8574
7769
9794
8095
8380
9147
8959
9197
9055
8004
8579
7574
7911
7781
8190
8000
8250
8671
8830
9291
8979
8993
9034
7211
8222
7822
9287
8516
7686
8937
8143
8603
9255
8283
8342
8389
8242
8025
8170
8028
8163
8649
9109
8574
9303
8125
9104
8430
7712
9538
8869
7745
8548
7960
8692
9215
7924
8303
8075
9379
8853
7814
8594
7894
8690
7510
10276
9374
8915
9046
8973
7651
7779
8407
7990
8142
8418
8020
8582
8555
8759
9001
8745
8097
7815
8965
8199
8323
7869
9039
8090
7978
9180
8235
7936
8313
8955
7770
7835
8648
8009
7626
7714
8778
8763
7316
8565
7956
8635
8584
9073
8538
8037
8413
9225
8249
9225
8661
8846
8841
8031
7967
8517
7863
8534
8119
8183
7625
8596
9256
9984
8015
8323
7572
8507
8592
8615
9062
9143
8943
8402
8123
8507
8095
8611
7991
9110
8342
8981
7514
7994
7782
8225
7657
8027
8715
8697
7878
7809
7910
8069
7800
8831
7713
8295
8147
8615
7667
8374
9141
8643
10302
9798
8460
9050
17225
9015
9169
7873
7656
7533
8202
9121
8533
7931
8200
8775
8558
7564
7594
8764
8921
8738
106512
9604
8579
9216
7684
9241
8368
8931
8230
7847
8681
8133
7821
9464
7897
7989
8071
9155
9312
7892
8051
7558
7697
7707
7863
8142
9141
7681
8214
8376
8228
9042
8324
9567
8096
8935
8849
9039
8122
8215
8209
7255
8388
7534
8212
7689
7913
8092
8584
8076
8788
7774
8393
8417
8689
8415
7956
8133
9270
8137
7866
8733
7975
8076
7639
7942
8402
9138
8357
7974
8826
8163
8042
8998
8030
8215
8122
7802
8215
8588
8799
8637
9338
19131
9370
7900
8952
8717
8523
9420
22849
8903
8712
8574
7915
7673
8845
23764
8423
8131
9116
8993
8276
13352
16299
8080
7994
8349
9605
8299
7774
7384
7644
8955
8812
9021
8983
9044
8131
9179
7863
7590
9299
8662
9243
8200
8316
8132
9603
10092
8392
9168
8563
7552
9101
8230
8415
7723
9490
8437
9186
7583
8175
9223
7743
9596
8470
7791
7628
8992
8691
7284
8139
8190
8606
8737
8277
8396
7433
9238
7798
9266
8910
7833
9202
8158
9212
8420
8945
8961
7590
9232
8448
8447
7512
8260
8324
8522
7573
7811
7545
8544
7891
8187
8106
8079
8702
8838
9220
8618
7774
8004
9463
10505
9348
8278
9051
8738
7418
8611
8439
9340
8893
8589
7795
8265
8245
7852
8792
9231
8369
9008
7894
7687
8513
8937
8423
7862
8959
8410
7915
9361
8712
8112
8577
8028
8343
9098
9003
9271
9186
8008
8275
8019
9019
7475
7890
9635
8133
8597
7794
9212
8633
8302
10117
8717
9178
8056
8682
8344
8197
8156
8687
8559
8494
8962
8272
11008
9243
8471
9081
8164
8014
8174
8393
7617
8037
8533
8102
9138
7672
8402
8924
7860
7588
7502
9397
8066
7549
8403
7388
8151
9045
7761
8666
9088
8537
8274
8410
9201
8822
7565
9080
24200
13317
7853
8232
13256
8462
8044
8676
7688
9204
7571
7892
7516
7838
7775
9556
7860
7789
7613
8476
9365
7839
8456
9025
8056
8976
9123
7882
10249
8422
8189
9050
9189
8831
7974
8203
7876
8991
7961
8378
7795
8010
8746
7794
7665
9267
9225
9163
8126
8786
8598
8608
8450
9676
8995
8261
8017
8041
8134
8767
7830
8942
7484
7944
9274
8008
9021
9059
9233
8443
7667
8958
8170
9319
8324
8221
7870
8873
7752
9479
8985
9034
9257
8314
8504
8179
8533
7761
8810
9225
7697
7570
9435
9143
7512
7328
8712
8292
8122
8836
7734
9142
8572
8861
8321
9151
8157
9117
9060
7660
8471
7492
8357
8128
7641
9017
7788
8064
7937
7468
7638
8186
9245
8386
8897
9202
8835
8803
9217
7723
8005
8063
8403
7746
9285
8535
8744
8355
7915
8702
8290
7928
8464
8573
7410
8310
8692
8321
9004
8679
8294
7459
7386
8183
8083
8596
10035
8187
8311
8479
7848
8872
8538
7651
10117
7998
7794
8981
7851
8757
7616
8443
8770
8030
8898
8140
9164
8044
7783
8976
8272
8185
9644
8538
7591
8423
8733
9338
8433
8594
8660
8143
7689
8390
8517
9261
8626
8639
7615
8169
8738
8390
8525
8587
8945
7369
8804
8667
9191
8157
8087
7594
7937
8069
8522
7892
8163
7648
8204
7389
9393
9155
7518
8608
7852
8610
7380
9399
7759
7651
7724
8225
8357
8206
7649
8728
9334
8927
7643
8808
8979
8114
7615
7831
7675
7414
8386
9250
9298
8129
8044
7737
8023
9035
8317
9218
8712
8889
9221
7406
8244
8155
8635
8964
8646
9381
8057
7846
9172
8873
7762
8306
7679
7965
9181
9116
8809
8347
8215
8292
8413
7958
8179
8798
9738
8717
7587
8206
8337
8718
7720
7770
7440
123013
7785
7691
9332
8397
8902
11175
8836
7268
13241
8728
9243
7750
7833
9124
8821
8467
7512
9280
7711
9539
9020
8877
8674
8064
8605
8300
8636
8500
8245
8179
8289
9298
8459
8641
7987
8415
7701
9108
7574
8862
7642
7616
8205
8222
9220
8976
7832
8234
8382
8934
9050
8287
8505
9585
10357
7852
8491
8093
8966
8225
9152
7423
8460
8436
8989
7671
8145
7673
7995
9267
7571
8093
8943
9137
9681
8058
7805
8631
8143
8620
8441
8963
8015
9059
8596
8537
9123
7733
9320
8266
8808
7837
8541
9297
7723
8251
7828
9142
7932
7723
7913
8054
9016
7371
8311
7730
8277
8486
7509
7525
7718
7467
7490
8163
8569
7319
9321
8451
11487
8605
8633
8392
8616
8533
8635
7564
8716
8491
7884
7711
8468
8249
8021
8387
8134
8595
8820
7935
8682
7825
7689
7483
9222
8892
8972
9396
8345
8548
7859
8437
8186
9030
8773
9037
8692
7527
8067
7554
8256
8276
7784
7655
8182
8411
7568
9052
8804
8230
8538
7391
9105
8222
7979
8781
8777
8297
7625
7512
8174
7810
8800
9100
10712
7519
8663
8699
9109
8115
8547
7824
7906
7909
7775
8328
8483
8933
7521
7374
9331
8097
9046
9263
7543
7783
8635
9420
8624
9203
8183
8302
9210
8652
8557
8795
9276
9045
8572
8860
7994
7902
8249
8579
9040
7741
8638
7991
8191
9104
7781
8833
7392
9020
8092
9051
8398
9000
9227
7342
9158
7775
8256
9432
9253
9254
8165
8399
9657
8684
9075
8986
8515
7945
7678
7581
8018
9642
8555
8590
8571
8778
7411
9034
8871
7521
8046
7995
8706
8099
8887
8276
8441
7659
7425
7614
8007
8248
9022
7983
7912
8702
9235
8743
8801
8370
8562
9153
9024
8876
9390
9516
9275
8327
125277
8168
12851
8815
7710
8052
7867
7864
8841
9112
7906
9086
7874
7727
8900
7292
8190
7956
9793
9224
9820
8828
7410
7571
7953
7789
8399
7945
8856
8661
9230
7526
8603
7955
8850
7826
7788
9100
7882
8932
8516
8553
8431
7430
8616
9210
8439
9261
7490
7611
7733
7668
7905
7545
7716
7774
8710
9112
8353
8576
8276
8682
7944
7993
9114
9156
8297
7938
7661
7989
7767
8097
7574
8092
8142
7589
7943
8618
8012
7741
8347
7751
9818
8039
8375
8089
8540
8514
7671
8688
9791
9161
7796
8631
8347
8031
8131
8058
8758
9272
7838
7785
8042
9380
9031
8384
8933
8024
9422
8205
8434
8835
9157
7455
9371
7650
7734
8528
7809
8172
8951
7948
7653
8041
8851
7880
7624
8981
8933
9138
8635
8232
8969
8167
8204
7834
8336
7482
8740
8865
8213
9082
8941
8277
8392
8712
9958
8271
7891
8779
7933
8765
7970
7671
8215
9176
7439
7912
8798
7687
9304
8656
7616
8190
9027
8936
8792
9246
8117
8377
8251
9268
8559
8533
9014
8707
8861
8174
8885
8220
8565
8237
8061
8825
7232
7810
8033
8625
8985
8533
9344
7697
8870
8835
8452
9419
9044
8120
8589
7812
8281
7810
7794
8666
8133
7826
9004
7974
9230
8028
8057
7947
7623
9049
8301
9081
8822
8352
8660
8478
8373
7928
9807
8686
8426
8717
8978
9190
8736
7839
8276
8084
9248
8224
9338
8574
7723
8488
8173
8597
8172
8111
8369
8795
9142
7461
7671
8743
9219
8596
8210
8203
8457
8943
7807
8288
9210
8110
8383
7846
7910
8232
7621
8195
7305
7851
7802
9172
7470
8392
9320
8107
7528
7827
9987
9194
9238
8001
7838
8647
8243
9552
8104
9015
8365
7363
8198
9001
9302
8725
9678
9266
7840
123032
8012
9083
8770
8475
8858
8261
10584
8338
8098
13226
8394
8615
10590
8568
8232
8205
8070
8093
9397
9834
9501
8583
8848
8537
9306
7675
8058
8131
8523
8271
8317
8967
8480
7986
7595
7997
7837
7933
8748
8928
8150
8655
8451
9211
10505
8961
7641
7321
7934
7946
9330
9344
8021
7836
7288
9016
8055
15854
7579
8545
8994
7661
7789
8816
7910
8066
8937
8464
8105
8633
8517
8315
7476
8946
8805
19032
8874
8276
7586
7583
7979
9255
8538
8513
8730
8849
9140
7733
8133
7915
9328
7793
9289
7564
8084
8808
7461
8167
9163
8394
8032
7973
9000
7728
8722
8740
7929
8334
9061
7838
8572
7752
7849
8019
8227
8432
8555
9212
8128
7646
8588
8194
8181
8856
8157
7760
9106
8972
8025
7565
8196
8434
8596
9277
8214
8370
8478
7668
8535
9207
8213
8395
7867
10316
8309
9223
7989
9149
7984
9229
8603
9020
8204
9257
9019
8685
8387
7460
8230
9272
8652
8813
7916
7943
7595
7803
9006
8639
9267
7589
9326
8707
10078
7794
7584
9658
7978
8439
7850
8893
8955
9487
7830
8014
8467
8758
7762
9112
7410
8371
7802
9136
9158
9158
8613
7601
9847
8092
8060
8248
7990
9148
8625
10908
8104
9048
14564
9027
8692
8794
8168
8724
7740
8887
9266
8147
7732
8795
7756
8912
8476
8224
9021
7924
7841
8556
8455
7758
8723
7784
8715
8918
7484
8154
8856
9218
8989
8390
8224
8406
8001
9051
8810
8410
8442
8975
8989
8919
9039
9399
8335
8626
10079
9345
7570
8438
8181
8382
8478
7588
8823
7635
8203
9027
7600
8348
9407
7912
8894
7490
7984
7728
8641
8650
9147
9200
7608
8430
8639
8728
8759
7968
8597
8774
8086
8078
7437
8249
8919
8620
8935
8474
68735
8797
8381
8486
8769
8365
8287
8133
9117
9566
7492
8387
9304
8977
8818
13211
9319
8804
9235
8865
7801
7746
8220
7808
9002
8855
9359
7597
8210
8184
9363
7395
7810
9346
7865
9321
7653
8039
9205
8589
8840
8076
7941
8584
8133
7617
8186
8555
7353
7551
9347
8369
9703
7815
7811
8421
8628
9045
9212
7819
8615
7999
8661
8495
7932
9049
8459
8576
8547
7451
9241
7898
10116
8022
7595
8241
8656
8169
7726
8672
8735
8230
8656
8759
7622
8315
8158
8949
7928
8808
8176
8687
8879
7844
8230
8358
7958
8634
7793
7764
9463
8184
7661
8780
8203
9037
8063
8360
8060
8179
7887
8435
9190
8376
8512
8990
7598
8074
8482
8928
7869
8197
7773
8409
7897
7950
8817
9035
8656
21448
7279
8967
9107
8674
8714
7601
8472
7765
8050
8017
8619
8706
11475
8083
8191
8071
9301
7837
8673
7745
20454
8602
8253
7569
8556
8764
8389
9037
8518
8534
8217
8355
8851
7440
8005
8526
8706
8666
8264
8600
8657
8676
7755
8918
8836
9036
7615
8015
8054
8315
8717
8588
7721
8848
8364
9111
9007
8987
7700
8997
8056
8134
7993
7773
9302
7537
7761
8339
8071
8251
10716
8753
7846
8307
7665
8548
9212
8223
8416
7865
9983
8761
8597
8563
7892
8871
8259
7996
9177
7546
8336
9724
8566
7757
8480
9274
7412
10189
8616
8482
17080
8556
8905
9024
9156
7824
7602
8938
7593
7849
8743
7930
8417
7910
7471
8565
9460
7527
8737
8885
8289
16436
7405
8330
8336
8618
7851
7810
9221
7913
8354
8412
8312
8370
10976
9303
8579
8938
8611
8071
8738
7637
9185
10445
8841
7775
8871
8917
8894
8794
7987
8938
7682
7712
9296
7407
8911
8224
8141
8153
8143
8772
8588
78622
8602
13329
9058
8602
8958
9072
9241
8306
8305
8144
7806
8818
7867
8962
7943
8620
8595
8599
9022
10828
8652
8171
9433
8276
8872
8745
8281
8389
7882
7990
9051
7892
7990
7484
10416
8595
8068
7335
9372
8264
8389
9244
7837
7540
8196
9023
8963
8013
7578
8346
8115
8199
7696
8422
7316
9587
8889
8897
8082
8173
8009
8020
8674
7670
7525
9348
8338
9005
7504
8157
8600
8432
9046
8558
9241
7429
9236
8564
9010
9025
9578
7943
7684
7717
8370
7862
8290
7656
8307
8201
8020
8543
7885
7717
7666
8009
8404
7989
9614
9226
8217
8695
8516
7570
8399
8014
7751
7797
7828
7442
8329
8224
8883
8127
7609
7334
8840
8253
9179
8030
7727
8072
9318
7905
8666
8756
9034
9131
7699
8582
9228
8076
9189
9201
9138
9021
8458
7938
7851
9077
7894
7801
9261
8548
9112
8619
9399
7558
8610
8435
7800
8306
7576
8805
8456
8200
8858
8047
8188
7552
8147
8025
9641
7985
7897
8181
8323
8246
7938
7689
9415
9158
8922
8411
7671
8093
8219
8755
8901
7798
7666
7645
8633
8436
9266
8209
8113
8438
8475
8918
7495
9296
8732
8405
7775
8142
7614
8492
7701
7800
8215
8257
7732
8827
8414
9232
9055
9113
9175
8384
8215
8583
8761
9096
8123
8645
8911
8758
8200
8774
9015
8994
7893
8046
8203
8372
10688
9213
8739
9011
8346
7725
7561
8549
9092
8329
8463
8270
9035
8181
7981
8844
8324
9097
8265
8753
9216
8001
8516
9231
8276
8035
9017
9199
8503
8944
8275
8179
8633
8198
8458
8107
8273
8477
7556
8263
9246
8133
7702
9196
7781
8743
8515
7882
8274
7622
8333
8024
8544
8555
8791
7868
7692
8310
8425
8128
8077
8183
8616
8384
9718
8198
115902
7852
8979
8800
7973
7910
8978
7847
8092
7660
8056
8579
9205
8093
8398
8505
9184
8974
9276
11046
8201
8425
13418
7610
8918
9754
8555
7770
9107
7991
9216
8002
7802
9064
8410
8776
7470
9405
8799
8632
7936
7813
8594
8899
8147
9005
8169
8888
7965
7767
8089
9312
8873
9246
8643
8755
8501
9005
11341
8990
9074
9223
8532
7632
8382
8216
8922
8028
7692
8623
7673
7608
8194
8620
8025
7912
7413
8851
9235
7671
8952
7792
8232
7490
8954
8688
8383
9016
8035
8608
8415
8348
7916
8532
8104
8201
9200
7943
7682
8882
8077
8183
7752
8989
8009
8480
8323
8194
8272
7708
7777
7914
8656
9241
8564
7907
7764
7997
8998
8310
8917
9306
7817
7522
8101
9008
11690
9458
7789
7692
9235
9128
8362
7991
8979
9420
8317
7463
8112
8286
8274
8822
7543
8208
7793
8828
8976
7440
8564
8005
8042
8164
7846
8590
7896
8986
7330
8550
8584
8532
8046
8035
8164
8289
7577
8135
8126
8982
8253
9141
7448
8147
8261
7713
8275
7979
8300
7992
8545
8340
7644
8180
8128
7649
7668
8933
8191
9220
9055
7782
11276
8041
9400
8533
9241
7753
7488
8576
8051
8805
7574
8938
8262
7764
7631
7635
8024
8619
8307
9188
8032
7929
8344
8616
7651
8958
8220
8216
9386
8574
8232
8428
8487
7817
8042
9268
8111
8692
8100
8152
8681
7543
7631
7820
9353
9239
8029
7796
8451
8081
8145
8347
9082
8934
8703
8301
8684
7830
8571
8354
8765
8821
8342
8696
10374
8292
8816
8387
8174
8277
8997
8396
8987
7584
7441
9095
8617
8117
9338
8898
9080
7976
8847
8575
8086
9162
8831
7556
7708
9137
7998
8433
9259
8492
8890
8766
8466
8733
8440
8965
9077
8856
8545
120758
7612
7876
7613
7800
8732
8369
8953
8245
7736
7579
9081
9000
7468
8313
8220
7934
9335
8849
9235
8330
8473
8596
8032
10786
10068
8521
13362
8941
7471
9694
8571
8579
9153
8297
8814
7994
9261
8451
8797
9404
7601
7596
8123
7603
9238
9064
9478
7933
9078
7754
9142
8469
7943
8455
8771
9187
9155
8411
8130
9029
9569
7876
8775
8856
8812
9041
9215
7905
8457
7989
8191
8311
7522
9205
9198
8724
7671
9132
7763
9439
7845
7755
7583
8648
8162
7892
8092
8087
10391
8471
8892
9003
7543
7803
8534
8534
8717
8292
9116
9357
7846
8707
7939
9206
9682
8995
7749
8073
7600
9249
9018
8712
9186
8871
8461
8131
7946
9419
9157
8471
8621
8525
7540
7853
8815
8634
8671
8603
9192
7764
8456
8122
9120
8400
8192
9103
8907
8913
7494
8491
9282
7371
8801
7979
8789
7982
8107
8600
7761
7784
8057
9187
10667
8117
7579
7309
9395
8665
8771
8499
9438
8715
8518
9133
9469
9015
7676
7601
8283
8594
7943
7494
8835
7928
8666
9077
7417
8944
8927
9089
7798
7785
8441
8030
8170
8461
8608
8621
8691
7589
7310
8051
8246
8817
8829
8566
8639
7728
7669
8395
8779
9021
7420
9015
8654
7946
8534
8710
8069
8262
7952
7430
7947
8784
8507
7716
8722
7733
8436
8928
9034
8474
8660
8416
7552
7933
8992
8852
8174
7439
7221
7993
9049
8585
7923
8095
8159
7861
8636
9157
7793
9164
9037
8987
8954
9133
7740
9008
9323
9029
8694
8534
8858
7550
7645
8149
9853
7780
7763
8754
8979
7572
7904
7252
8982
7981
8540
7676
8011
9349
8384
7664
8215
9192
8223
8568
8097
8108
7953
8141
9738
8692
8708
8235
7852
9032
9246
8788
9054
8642
7670
7607
116189
7990
8086
8969
8123
9224
9459
9164
9722
7955
8343
14548
7902
8284
11243
7736
7784
8453
9008
9097
7533
7960
7728
9934
9059
8060
8615
8346
7753
8385
8797
8136
9252
8604
7293
7994
8836
9020
8377
7984
8633
7357
8630
7666
7782
8857
8707
9577
8401
9047
7761
8821
11297
7573
8457
7491
8538
9032
8490
8011
8425
9175
8548
7624
9323
7861
8553
7834
7975
7496
9072
7610
8173
7635
9970
7388
7329
8386
9008
9471
8791
7403
7767
7682
8958
8557
7789
9270
8082
8788
7388
7588
8625
8894
7992
8640
8780
7857
9112
8404
8675
8945
7431
8978
8840
8996
8158
8193
8602
7504
7820
8113
8301
7659
9000
7830
10396
8733
8359
7720
8220
7826
8565
23206
8143
8479
9243
7789
7945
8840
7881
7496
9051
7984
9022
9041
8281
8732
8237
8332
7974
8217
7384
8601
7592
8954
8240
8088
8217
7729
7748
8495
8943
7553
9104
8188
7735
8837
8542
8838
8596
7826
8026
7533
8570
8382
9175
7890
8957
8622
7681
8455
8027
7590
8233
9009
7994
8011
7853
8481
10811
8764
8588
9184
7733
8508
7892
8356
8430
7844
8495
7573
9461
8718
7646
8410
7505
8128
7451
8210
8455
8308
8222
8690
8118
8746
8353
8914
8929
8428
7374
7630
8941
8075
8104
8856
9084
7594
8210
8289
7892
9420
7717
8703
8435
8241
8742
8143
8938
8690
7822
8699
7719
9132
7783
7908
9438
9324
8695
9039
9902
9292
7779
8502
10342
7511
9399
7573
8774
8803
8269
7989
7791
9317
9123
9504
7778
8376
8414
8594
9057
8266
8139
8813
8193
7789
8345
9248
9069
9348
8346
8312
8536
8276
9611
8177
8629
10770
8581
8926
16413
7672
7991
11505
8887
8016
8255
8422
8800
8217
9027
8081
7345
88627
8181
7635
9042
8202
9001
9689
8300
7339
8136
8830
8356
8207
7881
8987
9185
8052
9813
7915
9308
8656
8849
8668
7806
8624
10015
9521
7510
14848
8308
8376
8748
8747
9362
8525
9239
8005
7684
8593
8805
8806
8434
8651
9082
8749
7568
7997
8216
8103
8954
7482
8837
8321
8644
7516
7523
7892
8419
9057
8887
8356
9244
8123
7685
7600
8227
8660
7589
8343
7813
8028
8383
9092
8187
7809
7632
8582
8190
8504
9885
8160
8647
8837
8164
8264
9400
8789
8729
7378
9017
8558
8194
8538
7810
8966
8333
8068
8691
9103
7608
8100
8446
7800
7850
8200
8121
9084
7991
8964
8254
8377
8630
8514
8599
8400
9260
7374
7621
8874
7623
7762
9287
8319
8388
8497
8330
8389
7522
7653
7531
7645
8656
7713
9138
8952
7687
8760
7777
8348
9060
9002
9067
7251
10314
7528
8545
8876
7604
7418
8296
8908
8255
8334
8540
8366
8413
7997
7748
9057
9010
9163
8057
8757
7438
9016
8874
7942
8452
9012
8617
7927
8826
7540
7853
8103
8739
7939
7230
8798
7780
8452
9042
8863
8346
7496
7835
8800
9102
8347
10276
8949
7502
8573
8732
8472
8007
8469
8739
8176
8472
8413
9379
8517
9082
8500
8598
7826
8897
8797
8507
8629
7598
7784
7653
8232
9355
8879
8032
9192
8279
8353
8917
8931
8715
8187
7977
9096
7964
8361
9236
8001
7634
7790
8109
8719
9045
8354
7937
8311
9174
8435
8190
7691
8812
7894
8247
9230
8138
8467
7820
8732
8053
8178
8005
7553
8450
7580
7887
8575
8044
8251
9025
7584
8471
8515
9113
8162
7635
8307
9441
8399
9738
9192
8368
7761
7880
8151
8682
8186
8789
9379
9269
8258
9574
7750
8338
7739
8427
8231
7833
8139
8236
8588
122033
7879
8825
8036
8891
8902
11445
8692
7932
7931
8874
9224
9047
7339
8654
7461
7694
7591
8624
9271
7573
8296
8774
7696
8734
8485
9197
7535
8634
8235
8876
8707
8949
8939
8721
8681
21309
23438
8837
9119
8162
8083
9779
8696
8791
8166
9027
8186
7787
7852
7851
8564
7577
9202
7991
8221
7749
8887
7647
9146
8785
7575
8387
7798
7576
23538
8877
8618
8002
8733
9493
7948
15911
7744
10163
8005
7917
10265
7990
23511
8899
8589
8326
7727
8669
7590
9060
7751
8106
8610
8270
8921
9023
15008
8644
7852
9131
8594
8948
8101
8535
8223
9199
8771
8105
7589
10792
8381
8880
8224
8830
8415
7703
8383
8989
7694
8087
8584
8828
8407
8216
8456
9276
9235
7733
8005
8928
8581
7858
9261
8144
9413
7702
7721
8404
8970
8243
7593
8410
7830
8582
8804
9276
8733
8375
9133
8393
8190
8535
8572
8218
7784
7594
8194
8433
7956
9266
8096
8567
9069
7804
7892
8520
8478
8462
8449
8080
8264
9313
7915
10882
8169
7721
7667
9084
8641
8192
8347
8459
8990
7581
8824
8858
8716
8500
8157
8434
8980
7751
9149
8351
8046
8794
8136
9123
8356
8169
8615
8820
8482
8389
7565
8623
8717
8367
8558
8210
7627
8627
8056
8999
9143
8761
7995
9256
8810
8457
8367
8872
8317
9262
8111
8096
8549
7948
8492
7425
7545
8742
8242
9235
8428
8014
7794
9064
8116
8478
7562
8337
8184
7364
8030
7581
8889
7537
10693
8154
8174
8178
8072
9066
8066
8677
7569
8391
8587
8926
7783
8517
8145
7648
7441
8326
8133
8143
9097
8758
7899
8004
8525
8685
7804
8481
7838
8416
7690
8916
8695
9140
8407
13410
7686
8975
10382
9353
8076
8883
7699
8311
8803
7794
8389
9236
9061
7369
8778
8486
9087
10727
8141
8841
7739
8466
9226
7865
8001
9046
9389
8553
8969
8841
8201
7679
8215
7969
8575
7846
7702
9271
8304
8656
7991
7956
9100
8755
8412
8558
7715
7852
7876
8910
7851
8439
8603
8487
7754
8212
8962
8436
7621
7797
8256
8380
8497
8148
8384
8836
7775
8255
7838
8291
8774
8000
7635
8315
7743
7711
8075
9432
8936
8820
8045
10121
9156
7584
7987
8195
8710
7700
8092
8277
8943
8784
8164
8609
7615
7831
8758
8805
8842
8441
8105
8199
8318
9201
9175
8668
9401
7308
8072
8778
8836
9264
7712
8330
7476
7599
9187
9077
7779
7630
7754
8266
7817
7816
7982
8796
9330
8441
8393
8740
8294
8483
9003
9185
8876
7620
7581
9281
9026
8152
8925
8604
8072
8220
8135
9707
7529
9776
8200
7871
7750
7536
7600
7658
8615
8209
7860
7712
8093
8994
7955
7455
8090
8685
9049
8390
8457
8735
7690
8178
8173
7874
7732
8055
7761
7480
9289
9126
8615
7783
7652
8402
7243
7851
7537
8052
7774
7773
8017
8675
9189
7789
7607
7822
7934
8433
8451
9123
8113
8897
7865
8583
8194
7977
9007
8882
8961
8147
7773
9651
8660
9096
8279
9352
7683
8274
7646
7952
9180
8434
8618
9132
8452
8646
7832
8533
8183
8875
7642
8618
8082
8283
9280
9169
8929
8784
7808
8596
8509
8439
8492
8703
7634
7617
9076
7555
7617
8696
9225
7752
7737
8528
8929
8007
8846
8318
8174
8462
8435
12653
17957
8470
7974
7976
7864
7966
7841
8425
8211
9169
8820
8039
7739
10448
8466
8575
8588
8482
8534
8873
8958
9128
7489
9210
9065
7910
8210
9004
8928
8785
7593
8947
7413
8246
7892
8879
9029
7548
7479
8395
8712
8969
8967
8433
8857
64410
7752
8831
8717
8431
8040
7929
7564
8243
8786
8115
8700
8410
7602
7957
8662
7739
7907
8097
8816
7850
8102
7756
8327
7729
8802
7720
7501
8431
8144
8625
8764
9808
9026
8692
7776
7789
9364
9039
7728
7963
7295
7599
7935
8917
8735
8189
7871
8379
9071
7818
8718
7658
9032
8310
7778
8415
8089
7909
9041
11131
9077
7933
8367
10227
8028
8758
14230
7717
8069
10682
7912
9163
9114
8312
9153
7534
7846
7538
8184
8553
7441
8557
7519
7690
9276
8936
8603
8413
8335
8877
9223
9804
7604
8616
7645
10081
7789
8630
8327
8624
8174
7385
8815
8065
16917
8594
9396
9215
8553
9315
9063
7775
7997
8394
8851
8040
8358
8823
8438
10292
8313
8820
7891
8426
9038
8464
7613
8533
9222
7792
9271
8225
9233
8734
8238
7648
8744
9078
9197
7925
8697
8334
8073
7795
7553
9194
8107
7921
8475
8513
7677
8104
8599
8207
8481
8747
9148
8061
8491
10258
8403
8211
8071
9448
8673
8472
8319
7801
9017
7748
9079
8934
7936
8323
7667
9748
8681
8052
9077
9179
7995
8611
7935
7508
8108
8215
7770
9200
8177
7768
8200
8407
7646
8521
8037
8631
7769
7554
8388
8784
7681
7706
8183
9314
7584
8272
8094
9290
8912
7681
7612
8782
8138
7564
9128
7962
8495
8120
8830
9317
9038
9270
8513
11011
8343
8248
8435
8193
8218
8497
7691
9936
7671
7630
8579
9214
8014
8011
7880
8888
8758
7910
8317
9046
7604
7549
8827
8054
7972
7409
8192
8425
7641
8356
8348
9054
7468
7717
7583
8369
8041
8630
9394
8043
9246
8169
8613
7591
7635
8176
7287
7717
9132
8379
8756
8472
8758
8707
8137
8889
8569
7616
9212
8238
7733
9104
7570
9915
8537
8115
9483
8303
120707
7989
8769
8663
8214
8516
7993
8393
7568
7582
8256
9129
8444
7904
7651
8536
8696
8297
7792
8118
8011
7889
8235
8900
9044
8311
8848
7882
8332
8021
8511
8035
8202
7860
7348
8934
9235
8820
8882
8199
9020
8640
8687
9044
7753
8215
7814
7661
7784
8659
8594
8243
8584
8230
8808
7752
7592
7832
8675
8400
11005
7688
8577
15228
7582
7830
10655
8102
8930
10928
7788
8764
8437
8006
7970
8174
8355
7895
7975
9387
9579
7417
8686
8574
8832
7573
8613
7913
8821
8630
7641
8440
8114
7817
7912
8242
8049
8027
8548
7781
8415
8596
7689
9229
9841
10595
8304
8176
8067
8662
8481
8883
8331
7591
7820
7930
8594
8918
8738
8888
7774
8830
8683
10633
8857
7545
8434
8705
8372
9203
8195
7829
8105
9423
9244
8498
7704
8298
9246
8361
8679
8481
8654
8233
8220
9302
7590
8854
9186
8046
7573
8642
8430
7832
9050
8026
8500
8327
8138
7780
8332
8897
8602
7824
8653
8097
7612
9134
7848
8657
8012
7953
8389
9055
9138
8339
9200
7833
8501
8881
8523
8917
8873
9175
8526
7584
8916
10548
8435
8445
7594
8035
7981
8657
8941
9208
8287
8340
8958
9233
9086
7753
8055
7871
8233
8832
8402
8733
9529
7882
7883
8912
8099
9197
8043
9601
8584
7776
9241
10227
8753
9028
8679
9386
7661
7752
8596
8022
9184
8424
9058
7315
8906
8256
8822
8178
9062
8364
7488
7607
7507
9366
8601
8972
7484
7752
9381
8291
8953
8385
10282
9922
7656
8312
8796
8920
7960
7417
7790
7758
7672
9097
8092
7554
7796
8793
8240
8596
7596
7702
7711
8000
7874
9140
8771
8710
9148
8352
7619
8072
7922
8856
8721
8244
9200
7380
7543
8642
9164
8401
7732
8578
8639
123143
8024
9704
8016
8353
8189
8024
8822
8117
8170
8804
9041
8896
7887
9358
8365
8941
7934
7609
8952
7594
8875
9276
10044
9212
8342
14958
8565
9075
8124
9135
8321
9631
9222
7441
7631
8523
8512
9358
7910
7999
7451
8882
8815
8054
8653
9231
7932
8354
9187
8943
7627
8685
8133
9438
7682
8699
7696
9015
7760
7936
8483
8615
8333
7609
7866
8760
9517
7558
7551
7784
7676
8215
8823
8588
9241
7408
8168
8485
8174
8982
7794
8683
7403
8971
8904
10242
8251
8237
8910
8135
8474
9100
7815
8012
8222
8840
7784
8998
8643
9028
8160
8957
8251
8479
8408
8986
7661
8446
8386
8856
9189
7978
9174
8466
8815
7859
8138
8944
7924
9025
8230
9236
8512
8296
8204
9125
9005
9874
8963
7844
8166
9063
9106
8987
7369
8008
7397
9190
9210
9227
8114
8117
8133
8685
8922
8824
7661
8101
8403
9659
7589
8669
8378
8884
8194
7823
8688
10229
7661
8963
8796
8589
7694
7610
8368
7815
8813
8610
7621
8376
7714
8511
7825
8713
9265
8441
8215
8213
9307
7841
9215
7780
9184
7413
7809
8662
8772
8370
13441
8997
7995
8992
9214
8056
8787
8497
8420
8593
8366
8460
7815
7848
7933
8559
7392
9275
8182
9176
7613
8262
8344
7913
9158
9640
8272
8512
8760
7810
7610
8189
7865
7643
7810
8046
9307
9205
9539
7610
8502
7947
7312
8757
8220
8756
9020
9441
8917
7854
9221
9102
7913
9246
8275
7938
7835
9382
8463
8171
8441
8641
7862
8371
8030
8005
9298
9256
7584
9099
8799
7903
7961
8818
8238
8517
8427
7880
8471
8576
9097
8174
8457
9148
8343
8373
9378
8353
8013
8694
8395
8103
7758
7716
8087
9000
7892
8958
8512
8876
9197
8104
9130
8485
99620
7692
8497
8496
8179
7887
8105
8412
8782
8003
8678
9196
8673
7814
8597
8093
9453
7752
8034
8859
8316
7811
7622
8416
9033
9625
8059
7801
9141
9026
8125
8256
9245
7939
7595
8137
7763
8495
7887
9067
9175
7389
8704
9064
8998
7932
7989
9393
7974
11543
9610
8633
14490
8010
9244
9334
8641
8845
8581
8589
9052
8253
8153
8784
7548
8326
8104
8443
8176
7921
7608
8195
8628
8987
7585
7692
8506
9289
8442
8715
9236
8492
7891
8504
9019
7690
7994
8153
8436
7630
9174
7620
9523
8502
8732
7998
8266
8638
14476
8533
8511
7553
8288
7676
8293
19926
8787
9586
8898
8722
7748
9179
17217
11580
8546
9128
22114
8949
7953
15020
7650
7949
9040
7640
8856
9118
19798
8533
7737
8497
8357
9389
7529
21400
8951
14113
8200
8137
8755
8698
21312
8962
8977
8770
7739
9343
7795
8996
7589
8617
8515
7487
8430
8790
8792
7569
7929
8596
8187
9216
8738
8628
8251
8179
8407
8254
9215
9043
8409
7789
8283
8757
7629
7892
7497
9213
9224
9829
8323
8521
8726
9082
9046
9119
8024
9361
7599
8293
7934
8810
7690
7512
7783
7522
9932
8017
9065
7566
7318
8490
8289
7631
9034
8728
7656
7397
8880
8175
7904
7784
7795
9025
7417
8301
7630
8451
9236
8637
8127
7790
8479
7933
8786
7676
7970
7955
8242
8400
8389
8318
8070
8362
8812
7733
8816
8230
8133
9606
8095
8925
8136
9275
9017
8446
8336
8417
8938
9021
8995
8685
7802
7660
8222
7771
8537
8819
8438
8382
8810
7690
8378
9479
9027
8010
9211
9781
8354
7800
9024
7862
8543
8418
8821
8916
7595
8958
8894
7974
7798
9056
8243
8117
8122
8214
8492
7506
8520
7602
9239
7575
8481
8594
8187
25208
8389
8606
8287
8195
9142
7530
9560
7991
9235
9305
9325
10350
8206
9132
8536
7759
7850
9225
8033
7983
9174
8430
7998
8396
7846
8535
7273
9057
8158
8486
7589
8472
9277
7993
9195
7817
8588
9000
8440
8163
7378
7825
8984
8930
8353
8477
7800
8790
9054
8216
8637
7668
9173
9882
7549
7609
12912
8116
7600
13801
9154
7413
8998
9453
7758
8940
8213
7793
7389
9037
9561
7586
8631
8062
9051
10241
7610
7933
9036
7630
8201
8866
7784
8933
8099
8082
8479
7606
8553
8171
8064
8020
8592
8324
8299
8594
9223
7828
8516
9298
7967
7328
8983
8728
8165
9355
8055
9320
7989
8183
7738
8718
8115
8085
9441
9782
8503
8584
8606
9061
8533
8614
8053
8857
8907
7980
9087
7949
9333
8540
7831
9184
7984
7837
8364
9249
7702
8476
7954
9338
8915
7646
9126
8314
8794
7741
7753
8415
8228
7517
8994
8215
8525
8009
8839
8618
8992
8072
8141
8758
9278
9138
7280
7589
8794
9150
8452
9478
9052
8451
8592
8933
8923
8082
7916
8764
8157
8577
7713
9008
7538
8146
7664
8614
9243
9220
8154
8220
7656
9201
7721
7629
7811
9282
8444
8317
7771
8106
8760
9536
9153
9005
7999
9439
8420
9235
8571
8753
8252
7600
8330
7574
8841
7673
8485
9015
7751
7568
7547
8695
8122
7781
9134
7721
7819
8651
9272
7651
7886
7858
8313
8297
8877
8030
8748
9114
7934
9955
8988
9241
8129
7815
8615
9030
8241
8114
9528
8814
8435
7884
9200
8053
8838
7561
9385
9256
8189
8895
8415
9239
8569
9405
7851
7552
9051
8139
8615
10367
9389
8800
8051
8302
8599
8670
8614
9030
9296
8394
8768
8078
7564
7774
8826
7593
7540
8723
8164
9077
7615
7986
7975
7671
118170
8782
8272
7912
9079
7752
7717
9260
8003
8293
7588
8713
8675
8404
7581
7974
8247
8560
9522
7759
8406
8073
8364
9375
8874
8933
9277
7271
8079
9941
8188
8237
10593
8112
8615
14613
8448
8627
10203
10535
8156
7442
8587
8355
8333
7771
8686
7651
7779
8535
9477
8876
8581
8613
8182
8696
7507
8589
9009
8893
7929
9473
8106
7894
7666
8694
8638
10010
9190
8302
7878
8435
8804
8797
7261
8169
8058
7956
8294
7717
8774
7969
8876
8190
7796
8576
8779
8972
8077
8767
7589
8007
8843
7953
8743
7711
7738
8003
7980
8314
7948
8728
8055
10045
7833
7788
8056
9279
9015
7481
8184
8595
9135
8092
8432
8710
8702
8082
7517
8637
8881
8569
8626
8617
8584
8638
8347
9056
7370
7827
8599
8086
9213
7777
8143
8265
8625
9115
8610
8056
8217
8139
7980
7615
7393
9193
8658
8171
7961
7902
7572
8028
9202
8077
8573
9076
7500
8695
9113
8694
9061
8230
8459
8003
9042
8342
8235
9737
8161
8702
7765
8729
7823
8375
8956
9071
8232
9087
9015
7799
9131
8438
7794
8432
7731
8410
8567
7931
9281
8278
7874
9620
9397
8534
8344
8256
7813
7813
7648
8709
8089
8076
7534
7317
8509
7674
8735
9006
8693
7570
7794
8317
8122
7869
8907
8227
8675
7879
7586
8446
8608
7784
8655
7739
7629
9279
9040
9445
8723
7817
7699
9981
7932
8612
8393
9236
7963
8594
8207
7610
8993
8452
8398
10071
8733
7992
8123
8848
8226
8399
8249
8726
7775
7661
8881
9253
9010
7233
7748
8410
9047
7962
8786
9292
7953
7651
8316
7644
7953
8415
8564
7642
8009
8589
8432
9074
7779
7552
7236
7799
7491
8478
7969
7619
8174
7715
9174
9159
8184
7788
8061
8415
8718
127153
8101
10256
9067
9179
7401
7906
8623
7866
7592
9625
8370
9100
8733
9137
8853
8869
9193
8841
8158
7409
8133
8159
7907
7594
8446
8318
8999
8244
8403
9104
7860
7931
8938
8148
9167
9240
8583
8123
8650
7600
7431
8775
9961
7605
7891
9924
8845
7528
14662
8743
8444
10009
8296
8175
9806
7773
8914
8806
8822
8637
8630
7392
8571
9123
8017
9322
8335
8338
8612
8101
7888
7583
8855
8055
7793
8282
8897
9259
9017
7677
7633
8690
7495
8517
8389
8012
8745
7627
9010
7745
9037
8905
9295
8096
8801
8333
8858
8049
7553
9130
8352
8483
7575
9117
9051
8060
8808
7475
7453
7745
7744
9254
8017
7799
8610
7699
8807
8998
9107
8364
8882
8385
7386
9702
9095
8014
8294
8324
8088
8456
9353
8186
8751
9169
7351
8206
8542
8071
7697
7731
8688
8369
8959
8604
7691
9228
8854
8569
7354
8309
8117
8128
8686
8701
8112
8286
8228
8903
8253
8188
9036
8097
8345
8796
9262
9043
9210
8873
8702
8455
7908
7783
9251
7820
8798
7723
7610
9219
8677
7811
8391
8179
7574
7941
8031
7996
9317
7294
7512
8694
7374
8516
8040
10548
8656
7384
8400
7528
8027
8338
7819
8275
7361
8440
8412
7996
7884
8446
8236
8654
8862
8153
7709
7749
8269
7759
7245
8310
8952
8467
8844
8212
8333
7938
9004
7819
8927
8705
7948
9410
8610
7611
8993
8566
8845
9405
8461
8675
9028
8519
7997
9360
8507
8051
7912
9235
8489
8828
7497
8600
8293
8401
8216
8594
7682
8194
8374
9943
7800
8105
9179
8020
7538
8190
9489
8210
8266
9303
9076
7917
7875
8818
8673
8128
9263
8279
8877
8293
8361
9221
7593
8153
8049
8902
8620
8254
9092
7596
9111
7793
9264
7577
119827
8866
8344
7548
8256
9507
8814
8283
8016
8676
7651
9261
8917
7481
8213
7795
8876
7871
7682
9036
7811
7809
7677
9099
9487
8684
9249
8200
8858
9719
8968
8477
7743
7771
7312
9184
8149
8793
7570
8651
7780
7619
7584
8311
7904
8092
8413
8191
7983
7671
9203
8223
9059
11061
7928
8652
7851
7758
9187
8597
7822
9222
7427
8091
7676
7984
9192
7939
8054
7972
8806
9095
10367
9157
7733
14772
8591
7984
10896
9125
8422
8234
8349
7737
8732
7933
8574
8073
8791
8932
7893
9290
9162
10308
9205
8102
9158
8495
7712
8156
8366
7690
7418
7797
8037
8871
8112
8013
8255
8596
8455
8355
8999
8964
8074
7908
8194
10001
9161
8272
8129
8829
7876
8697
8972
7798
9215
8259
8000
8382
8760
8050
7841
9096
8150
8465
7834
8421
8902
8866
8849
7967
7999
7550
8686
8397
8962
9194
8320
7545
8165
8899
9378
8189
8715
7467
7592
9505
9162
8622
7754
9257
9013
8846
8441
9032
8646
8293
8066
8442
7779
9076
8466
9751
9020
8235
8497
8056
8397
8866
8123
7805
8830
8784
8345
9324
8497
8584
8636
7494
7839
8558
9261
8994
8533
9158
8454
8771
7616
7676
7655
7925
7561
7751
8515
7529
8916
9017
8767
8316
8553
9087
9008
9030
7998
9249
8999
8216
8481
7962
7775
9682
8331
8074
8025
9323
8400
7793
9012
9220
8898
8071
8380
8428
8214
7958
9192
8646
8386
9013
8768
8851
8477
9998
9219
8584
8113
8235
8076
8777
8121
7866
8418
10267
8430
8115
9160
9468
8251
8769
8033
8808
7767
8200
7301
7862
7499
8496
8051
9370
7815
7931
8585
7989
8800
9264
7850
7866
8322
9319
8517
7823
8094
9401
8423
9578
8035
9165
7997
8256
8247
7909
8337
115256
8249
8835
8065
8734
8775
7833
9221
7491
9338
8830
8452
7951
8275
7711
8015
8492
8600
8134
9333
7543
8053
8925
8992
8581
8429
8977
7770
7657
7558
8810
7674
8231
8424
8198
8975
8703
8209
7493
8856
8013
7321
8488
8522
8796
7473
8696
7490
8578
9197
8805
8405
9094
9620
7948
8394
13898
9097
7580
11357
10854
8411
7584
7725
8820
8055
8533
8147
9080
8249
8953
8892
7573
7548
8339
8946
7594
8892
7791
8904
7951
7991
7509
8854
8871
9183
7487
9158
7848
9054
9154
8522
8778
7902
9158
8351
8149
9107
8162
8810
8807
8238
7394
7792
9047
8362
8639
7974
9287
7720
8553
8049
8112
9112
8405
8188
8439
8307
8901
8995
11470
9066
9210
8594
8707
7948
7820
8847
7825
8053
7655
8471
7763
8992
8844
7522
8331
7711
7784
8370
7628
7512
7691
8604
8457
8769
9194
8015
9056
7801
8876
9346
8208
8569
8991
8435
7842
7426
9234
9327
8615
7650
8187
8486
9035
8368
9290
9428
8060
8026
7741
8127
8384
8136
8205
9282
7733
8605
9236
9363
8928
9144
11063
8858
10703
9312
8051
7740
7557
7791
8070
7794
8388
8142
7507
7976
8617
8169
7250
8933
8897
8558
7602
8209
8623
8505
7933
8706
7684
8633
7905
7996
9516
9009
8191
8663
8354
7419
9087
8315
9275
8397
7836
7746
7763
8975
7689
7734
8600
8734
8054
8141
8748
8117
8415
9123
8740
7862
8484
9378
9077
8249
8600
8606
7865
8061
8261
7564
10352
8065
7810
8451
8027
8184
7876
7780
7873
7279
9017
8355
7670
7554
7683
7970
8680
8910
9540
8644
9074
8146
7714
7233
9092
9063
8940
8616
9387
7742
7741
8835
8753
8797
8054
8630
9016
8466
8451
8292
8500
9082
9237
9040
8582
113133
8358
8837
7846
7789
8112
8688
8507
7573
8030
8787
7616
7800
8584
8492
7601
8372
8801
8025
10441
8629
8528
9143
7917
7902
8153
8256
8634
8468
8478
9397
7948
7757
7867
7827
8897
8844
9110
9437
7810
8936
8227
9268
9460
9777
8297
8040
8179
8436
9041
8030
8976
9205
9076
7816
9569
8845
8401
10433
8863
7903
14142
8574
8898
9379
8774
8144
7667
8283
8761
7671
8295
9432
7566
7687
7988
8712
8972
7754
8491
8633
8012
7607
10666
9456
9256
9341
7604
8266
8010
8314
8328
8532
7613
8111
8099
8147
8300
8512
9197
8035
8425
8240
7870
8564
10405
7852
8302
7685
8157
7616
8446
9055
8283
7872
7948
7455
9194
7938
7825
8836
8318
8912
7558
7905
7701
7883
9093
7835
8979
7461
7892
8935
7751
8738
7923
8462
7495
9322
8924
8713
7728
7441
8035
7619
7715
8671
11135
9262
8921
8130
8648
7584
9065
8944
9586
7918
8965
8462
7640
9179
8790
7790
7410
7723
8335
7711
8435
7920
7868
8723
8150
8746
8523
7892
10073
8903
7955
7595
9088
7976
8032
7723
8651
8486
7813
8059
8358
8554
7780
9082
7713
7876
8825
8101
7986
8382
9137
8190
7844
9187
8209
9147
7677
8411
8102
8811
7788
8184
8224
8648
9525
8300
7872
8796
8616
8116
8555
9225
7822
8545
8013
7856
7918
7673
8915
9174
8023
8035
8800
8014
8415
7687
8677
8153
7851
8150
8660
7413
8110
7842
8224
8381
7700
8098
8085
9133
8335
9043
8129
8073
9246
7446
9168
9053
8182
8113
7400
9285
8343
8651
8462
9261
9089
8092
9194
8972
7928
8836
8546
8217
7851
8165
8715
9250
8518
8023
7607
7811
8996
9025
9078
8112
8641
7620
8161
8597
8242
8158
9199
9108
8407
7650
126460
8112
8024
8084
7539
7608
7729
8298
8151
9001
9126
9205
8839
7573
8051
8425
7972
8102
8591
8883
7823
9174
7717
9329
9156
8272
8248
7960
9458
8805
8876
7774
8746
8679
7409
9119
9058
8093
7634
7642
9193
8292
9261
7480
7595
7916
11492
8369
7969
9073
8317
7649
7600
7846
8126
7594
8535
7615
8766
8831
7568
9078
7374
7984
8863
8957
8638
8202
7882
7707
9189
9261
8554
7834
8603
8803
8112
8072
7848
8564
9253
8053
9158
7932
7745
8507
7653
8004
8179
8471
8297
8915
7665
7892
8531
7610
8994
9047
8879
10415
8346
8418
14466
7769
9318
9057
8633
9295
8121
7806
11043
8079
9065
8029
7980
9626
7478
7710
8764
8467
8392
8201
8160
7432
8719
9461
9220
8943
7689
7603
8200
7907
8477
9164
8776
8466
8974
8245
7599
8782
9100
7915
7548
8777
7982
8311
8961
8866
7550
8290
8199
9312
8734
7794
8812
7799
7789
7625
8892
8410
7794
7786
9224
7764
8145
9400
9133
9239
7854
8323
7861
8636
8635
8677
9964
8374
8104
8410
8974
7820
9235
7549
8336
8316
8482
9138
8554
8861
8512
7880
8794
8583
8859
8778
8417
8373
7643
9000
7997
7852
7984
8694
9426
7830
9054
8270
8327
7807
9213
8209
8664
8385
7657
8815
8581
7769
9256
7615
8233
9333
7985
9468
9605
8079
8310
7809
8746
8218
8818
7635
8410
7394
9257
7796
10042
8187
7839
8857
9141
8128
8241
8409
8554
7963
7789
7310
8151
8410
7892
8046
8052
9052
8297
8213
7828
8349
8610
7691
8015
8800
8108
8954
9928
8390
8076
9235
8797
8463
7553
8235
9182
7861
7964
8916
9327
7941
8769
7555
7769
8576
8530
8511
9358
9007
7981
9302
7646
8034
7744
8195
7816
9029
7687
138256
8159
7624
8815
7809
8165
8108
8868
7866
10706
8007
7764
9184
7417
9133
8281
7599
9267
8656
8408
8232
9399
8842
7994
7715
9695
9404
7830
8174
8510
8784
8204
8969
8651
7574
8887
8231
9205
9280
8364
7798
9717
9120
8633
7690
8215
8254
14013
8538
8213
9650
8612
8338
8739
8779
8322
8009
8656
9164
8899
8144
8816
8400
8601
8451
9138
8687
8478
7961
8036
8953
8795
9407
9963
8321
8245
8156
9251
8561
8830
8196
8613
8666
7738
8843
8644
7976
7959
7709
8873
9384
7757
8365
8425
8225
8140
7668
8334
8030
9215
7603
8129
7661
8938
7684
8991
9037
7915
8892
7537
7647
8360
9356
9121
9289
8177
8112
8066
8827
8390
9044
8615
8312
7661
7871
7818
8667
8343
7836
8323
7794
8295
8144
8226
8789
8591
8261
9685
9174
7839
8176
7577
8485
8431
7998
8466
7698
8814
8810
7439
8955
8576
8855
8696
7835
9456
8108
9149
8141
8347
9079
8394
8540
8385
8965
9365
8249
8334
8374
9019
8295
8466
8330
7758
7976
7548
8614
7923
8207
7974
8043
8154
7423
8476
7692
8215
8332
8405
8541
7850
9126
9151
7912
8712
8324
8522
8717
9117
8213
8336
8780
8372
7521
8377
9282
9094
8410
8286
8374
9042
7780
9004
9054
8035
7998
8345
8129
8568
9175
7531
8753
8762
8497
8723
7343
8890
8583
7953
8772
8914
8774
8621
9118
8390
7966
8407
9334
8379
7768
8955
8506
8187
7540
7991
8437
8794
8029
8816
8446
9144
8436
8907
7731
9406
8662
8586
8217
7996
8559
7611
9112
8249
8678
8216
8496
9356
8376
9241
8883
8033
7692
7682
8975
7799
9321
8589
7841
9274
8174
8236
7605
7742
8249
9367
8891
7210
7576
8978
7834
8208
8271
8307
7600
114197
8038
8425
9528
10290
8973
7543
8993
8253
7959
7789
7796
7533
8144
7526
7645
8558
8178
8991
9166
7674
7736
8775
8415
7979
9373
9070
8112
9040
8534
8278
8427
8133
7995
7796
9074
9735
8078
8341
7621
9012
8590
8997
8670
9280
7753
8353
9299
7748
9249
8384
8804
9219
8769
8982
10551
7868
7917
12856
8411
7979
11289
8121
8286
8425
9535
8685
8860
7993
8078
8396
7596
8534
7830
7478
8230
7794
9285
8318
7904
8841
8714
8165
8693
9169
8474
9194
8169
7669
9158
7580
8449
8042
8511
7643
8897
8504
7629
9416
8004
11695
9005
8473
9066
9102
8606
8256
7699
7797
8093
7805
8943
8397
7776
9046
7507
8076
8012
8610
7759
8799
7796
8841
8697
9038
9039
7744
9297
8125
7835
8333
8666
8661
7552
8657
7813
8179
7977
8212
8995
8246
7603
7921
7695
9047
7551
7469
8892
8259
7591
8585
9325
9101
8609
9181
8645
8244
7662
7551
8632
7989
7967
8606
7412
9969
8820
8354
8090
8750
7849
8653
7811
7902
9058
7961
7850
9225
8766
9150
7768
8743
7910
8083
9252
8129
8415
8071
8692
10359
7743
7608
8515
8806
8759
8906
8780
8254
8672
7692
8095
8086
8405
9102
8164
8967
8483
8518
7877
7966
8769
7648
9211
8892
7814
7536
9015
7544
7495
7720
7491
8394
8524
8052
8018
8832
8401
8567
8663
9885
8580
8015
8015
8788
8030
7984
8919
8308
8364
8365
8298
7815
7906
7787
7953
8826
8988
23354
8756
8453
8366
8217
8334
8018
9285
8694
7645
8812
8312
8419
8807
8117
8981
9326
8974
8780
9042
8882
8793
8292
7720
8923
8061
8798
8475
8174
8143
8876
9178
8035
8236
8018
8766
7573
8191
8042
7649
8625
8173
8464
9374
8698
7723
8941
99693
8635
8933
7997
7973
8904
8477
10243
8360
9218
7975
8004
7593
7746
8566
8532
8729
8785
7688
8353
8229
8166
8456
7704
8076
8619
7603
7669
8979
7585
8755
9089
8511
8076
8374
8162
7550
8934
7548
9056
7957
7666
8746
9089
9238
8353
10836
7652
7777
8147
8459
8536
8392
7380
7671
8787
8256
8133
7974
8654
8615
7916
8485
10101
7755
7661
8879
7883
9228
7792
8387
8290
9165
7873
8252
9135
8908
7798
9176
9019
9056
7538
8565
7796
8985
9176
7830
8090
7423
8388
9037
9374
8234
8933
7802
8173
9862
8054
9318
13610
8873
8999
12622
8638
7712
8610
7570
9241
7889
7676
7995
8504
7643
9471
8124
9215
7585
8797
8872
7974
7981
8649
8114
7822
8853
8252
8083
8901
7482
9297
7315
8505
8036
8348
8251
8059
8793
8435
8708
8114
9107
9104
7953
7880
7611
9574
8536
8753
7872
7812
7618
9032
8703
9224
8790
9269
8197
8425
7692
9312
7578
8627
8172
7775
8188
9219
8998
8137
8530
7926
8428
8600
8422
8008
9088
7793
9039
8200
8829
8646
7836
8107
8528
7626
7357
7569
7852
8155
9108
8353
9242
9084
8151
7630
9215
7829
8566
8431
9334
8753
8754
8733
8650
7791
8071
7946
7784
7624
9211
7992
8241
8465
8678
8697
8986
7887
8157
8245
9411
8961
8605
9227
8397
8041
7791
7613
8764
9061
7915
9374
8514
8323
7973
8290
8533
8778
7507
8369
7983
9053
7788
7828
9025
7223
8556
8443
8772
8478
8409
8888
9080
9210
8102
7861
9056
10930
9229
7363
8738
7896
9208
8592
7833
8725
8225
9246
8666
8393
7748
8205
7728
7823
8212
8021
9231
8596
9471
8312
8289
7846
8192
8694
8716
8676
7958
7369
8467
9296
8758
8995
8123
8954
8264
125979
7825
7763
7615
8164
7792
8895
8544
8456
7955
8221
8399
9123
8339
8353
9158
7854
8411
9440
8994
8274
8780
9087
7984
7714
8062
9847
7984
8112
9159
8951
8893
8207
9120
7298
8984
8459
8297
8652
8425
9041
8821
8139
9076
8605
7555
7702
7666
8148
7959
8133
8235
8907
8535
9671
8879
8445
8780
8885
9417
7456
8028
8188
8216
8259
9158
8230
8180
10251
8688
7604
13946
8767
9222
7279
8171
7566
12506
7579
8200
12898
8578
9138
9033
7727
8574
10117
7705
7538
8183
9336
8648
9200
9054
7761
8310
8397
8982
7989
9279
8364
8759
7851
8425
8112
8579
8958
9112
8820
7405
8507
9102
8806
7833
9483
8774
7815
8974
8896
7853
8382
8034
8250
8737
8170
9038
8262
8646
8019
9377
7392
7488
9219
8374
9365
8495
8408
8557
8676
8998
9191
7639
8052
7677
8408
9275
9182
8493
8912
7659
8633
8039
8722
7876
9635
8550
7557
9106
8624
8601
8145
8675
7743
8225
8227
8171
8654
8322
8215
8363
10800
7974
8796
7600
8441
8353
7774
7772
8244
8558
8779
8559
8578
7502
7360
8143
7769
8250
8457
7869
7902
7610
8005
8163
8386
9285
8175
8202
7627
8556
7758
7981
9056
8439
7727
7814
7640
9164
7902
9316
8271
9219
8764
7684
8123
8266
9293
7693
10310
8599
8223
8521
8515
8355
8351
8400
8962
8933
8629
8905
8786
8642
8839
8104
9213
8820
9374
9178
8022
8435
8404
8231
9241
8133
8000
7793
9292
8818
8998
7584
7469
7929
7397
7990
8803
7690
7600
8170
7816
8605
8215
8867
8771
8674
8238
9451
9359
8354
9222
8385
9245
8510
8589
8152
7647
8817
8015
8303
7470
8443
9192
8848
9882
9342
8642
8661
8890
7930
9153
7571
8877
7761
8699
108435
8824
8466
8392
8395
8214
7639
8191
7856
8235
7870
7767
8755
8456
9500
8911
8667
9020
8934
7776
8453
9238
7652
7775
8791
9471
8047
7881
7492
9234
9139
9138
7708
9235
7712
9180
8836
7769
8328
7479
7610
8659
7926
9287
7609
8743
9969
7673
8328
8919
8306
8994
7479
7964
9200
7375
8228
8784
7814
8846
8364
8108
7892
9049
7569
8500
7574
7311
7863
8326
8794
9216
9176
10702
7603
7715
15050
7754
8594
12298
8656
8638
8999
8071
8558
9156
9148
8212
8636
8055
9280
8209
8902
9644
7622
8271
7451
7519
8447
7750
8423
7733
7701
9259
8338
8371
8969
8579
7580
8465
7890
8191
8811
9037
7543
8852
7543
10345
8927
8981
8763
8681
7868
7445
7954
7753
7714
8087
8457
8774
8330
9229
9166
7634
9027
8569
9188
7898
16411
7537
8190
8487
7493
7545
8874
18006
8394
8131
8034
8982
8199
8255
9262
8961
7601
7851
8145
7666
7999
20206
9205
9008
8070
7984
7536
7497
19647
8771
7831
8443
8112
9109
8753
8387
8635
8393
9071
16689
9222
8192
7846
10441
8610
7961
7353
9229
8810
7789
8505
8775
7802
8384
9328
8236
9007
8550
10205
8882
13803
8786
9148
9758
8121
7306
9718
7273
7868
10177
7926
7571
7583
7909
7594
9437
7787
8994
8829
7751
8900
7723
7965
8411
9272
8220
8443
8143
9117
8133
8913
8856
8211
8108
8584
8394
8151
8222
9379
8467
8031
7733
8445
8919
9793
8581
8338
10117
8129
8817
9513
8974
8391
9056
7771
8676
8089
8369
7997
8143
8696
8484
9350
9143
8188
8894
8495
8820
7376
7874
9173
8213
8487
7565
9139
8034
7582
7564
8510
9183
8205
8196
7868
7695
8631
8351
8657
8339
8436
8847
9025
7568
8970
7533
8372
47121
7774
8660
9080
8687
8632
8113
8225
9077
8302
7840
8657
9236
8570
9091
8697
9427
7645
9146
7666
8166
7707
8372
9189
8816
8434
7938
7689
8487
7736
8530
8135
8818
9444
8424
8123
8729
8955
9113
9364
10273
8883
8254
8446
8152
8977
10479
8260
8635
9261
8509
8833
7937
7277
8220
8661
8092
9045
8186
7446
8871
9185
7743
8466
7897
8804
7528
7441
8240
7331
9089
8377
8343
9259
8635
9230
8853
8416
15192
8830
9841
9737
9138
7818
8789
9236
8010
12899
7917
7430
8157
8885
9237
8156
8324
8129
9860
8391
8209
8274
7717
8261
9374
8799
7976
7969
7776
9371
9285
7363
7990
8399
9473
8951
11687
8061
7794
9077
9096
8634
8767
7392
8474
8236
8571
9130
9009
7794
7666
7805
8148
8444
9083
8183
9002
7517
8113
7389
7994
8086
8221
9098
8392
8625
10086
7946
8631
7808
9175
7858
8866
8061
9168
8998
8542
8943
7702
8973
9144
9211
9333
8567
8612
8559
7808
9151
8649
8122
8677
7581
8467
7641
8982
9157
7810
10495
7786
8719
8778
8814
9260
8799
8413
8937
7941
8748
8224
9092
7743
8037
7972
8076
8959
7798
8187
8898
7690
7567
7536
8251
9220
8418
8346
8291
7630
8780
7974
7452
10232
7794
8377
9258
8970
8194
8029
8030
8933
7882
7892
7615
8811
8458
8429
8195
8492
7790
8846
8163
7671
7872
9011
7371
8243
7957
8160
8359
8734
8692
9129
8615
8893
7893
8469
8063
9207
8288
7598
8912
7803
8000
8092
7515
7497
8358
8242
8594
9245
8480
7721
8035
8168
9063
8978
8946
8564
7985
8410
8715
7836
9092
7975
8198
9368
8294
8358
8743
8964
9229
8174
8042
7566
9253
8109
8068
7755
7802
9319
7570
8104
8340
8477
8838
8045
113057
8691
8078
7983
8295
7975
8216
8776
8615
7874
7822
8377
8015
8332
8487
8431
8195
8136
8668
8189
8487
8793
7577
8515
8784
8964
7938
8576
8186
8642
9053
7887
9186
8154
8199
7614
8442
8215
9338
7936
8348
7519
7800
10529
8570
7983
10719
9073
7765
8129
8861
8637
9013
7404
9226
7458
8149
7848
8789
7534
8636
8116
8523
8957
8147
8843
8416
8857
8371
7385
7775
7820
7648
7560
8655
8473
7733
7809
8792
8468
10025
8548
8522
14147
7800
7822
12132
8714
8092
9281
8891
8777
9022
8821
9278
7608
8283
7938
8079
8463
8133
7990
8846
8506
8342
8307
9247
9354
8937
8405
7609
8151
8394
7850
7798
7625
8141
9461
8777
8462
9508
8415
7506
8139
8558
8444
8278
7784
8367
8650
8050
8860
9353
7789
9104
7616
7545
9282
9473
9246
9238
8209
7729
7528
7692
7979
8519
8546
8004
7859
9240
7836
7654
8479
8320
9104
8053
7536
7538
8053
8381
8836
9142
7876
8625
8559
8207
8983
10447
8268
7790
8951
7613
8934
9117
8312
8548
8962
8861
9093
7996
7784
8366
8529
7960
8676
8011
8020
9040
8655
8798
8053
8589
8046
9379
8930
8475
7676
9197
9471
8353
8313
8143
7576
8013
7631
9208
9017
8517
8805
8061
8087
9040
8712
8813
9246
8571
7640
8259
7520
8438
8224
8884
7567
7333
8564
8174
8728
8782
10241
9184
9440
9151
7803
8419
9787
8013
9025
8276
8732
8894
8547
9495
8238
9220
8415
8292
8040
9274
7588
8481
8887
8394
8497
8327
8895
7892
8056
8699
9246
8435
8541
7750
8863
7558
8895
9507
8730
7901
8158
8492
8605
9287
9218
9161
8443
8189
7972
8555
9547
9044
8056
7861
8249
9200
8001
9143
8383
9497
9064
9359
8015
8611
106777
7538
8825
8692
9290
8526
9406
8176
8152
9347
8748
8871
9015
8250
8604
8401
8893
9377
7930
8698
7768
7636
9882
8928
9234
8635
7856
7634
7854
8835
7835
8420
9294
8065
8149
8248
8915
7801
9379
8034
7547
7413
8830
8799
8108
8707
7772
7529
8212
8033
7933
8346
8494
7210
9049
7789
7790
7546
9047
8656
7517
7833
8195
7646
7716
8303
8100
8967
7937
8490
10883
9225
7735
8221
8714
8401
9396
9022
8674
9141
8056
8757
8558
8836
7616
9213
9289
7917
13374
8055
9036
9772
8390
8605
8902
8221
7575
9418
8038
9758
9314
8966
8967
8557
7892
7993
7993
11216
8055
7709
8953
8065
8673
7782
8632
7783
8096
7794
8395
8897
9000
8455
8448
8502
9450
7832
8712
7646
8360
8668
7497
8950
7877
8810
9323
8358
8644
7578
8194
8609
8597
8533
8523
7974
9366
7660
8607
9428
8445
8256
8147
7863
8909
7542
8428
8454
8487
8955
8224
7647
9152
8466
9507
8101
7957
7650
8346
8834
11880
9389
7321
7808
8376
8378
7698
7726
9524
7442
8093
7747
9179
7617
7813
8071
8741
7942
8101
8698
7916
7482
8521
7943
8809
9610
8148
8262
7774
8117
8468
9277
9174
8438
7614
8403
7748
8073
8335
8567
8806
8087
7488
8283
8416
8593
8618
8190
8112
7744
9049
9064
8825
8971
7628
8102
8343
9181
8480
8126
8600
10646
7925
8482
8366
7716
8220
7595
8219
7955
8675
8832
8724
8752
9288
8590
8245
8131
9072
8407
9145
8617
8040
8059
8605
8988
8943
9158
7925
7763
8913
9137
8702
8054
10692
8476
8140
8451
8276
8553
9199
9183
8809
7401
8293
9226
7989
8769
9015
9018
7923
7590
9102
7859
8625
8040
7535
8560
7867
7691
7788
8685
9517
8055
8478
107682
9174
7605
8882
9213
8014
8309
9400
7564
8435
8654
8553
9021
7853
7840
8835
9191
8985
9276
7593
7954
7682
8261
8331
8596
9493
8528
7793
8073
9117
8102
8938
9493
9779
8579
9056
8069
8125
8403
7764
7856
7900
8105
8171
8813
8416
8315
7625
8530
8058
9140
8056
9252
7377
8422
8559
7594
9058
8345
8917
8554
8956
8198
8226
8241
7816
9120
7847
7793
9042
8857
8741
8074
9019
8116
9135
9225
8996
8698
8599
7559
7499
9155
9065
9976
8405
8477
9617
7512
9115
14168
9238
8167
10538
9015
8669
9021
11123
9718
9005
8441
8784
8425
8189
7595
7739
9023
7679
8868
8301
8082
8068
8688
9028
8654
8085
7609
9397
8015
8767
8728
8327
7879
7963
9035
9395
9046
7594
7957
9119
7651
9039
9088
8241
7548
7352
9068
9176
7810
8910
9179
8825
8359
7983
8341
8130
8978
7873
8558
7593
8866
9246
8531
8092
7892
9454
7559
7947
8916
8587
7495
9763
9307
8543
7671
7702
8041
7671
10843
8897
8352
9035
8158
8405
8804
8095
8541
7850
8193
8769
8003
8938
7897
9118
7399
9259
7674
8641
7649
7531
7852
8700
8873
9133
9266
9039
8566
9112
8363
7890
7750
8733
9011
8103
7917
9130
8895
7499
9454
8486
7856
7804
8973
8689
7562
9333
7840
8235
8656
7807
9215
7916
8851
8982
8767
9574
8780
8499
8517
7574
8972
7803
8482
8153
8608
8823
7765
8237
8261
8966
9144
9821
8480
8610
8931
8584
8738
8404
8154
9087
8384
8864
7770
9556
7452
8207
9018
7969
8793
8313
7739
9269
9391
9102
7896
7795
9097
8365
9099
7689
9179
7811
8267
8603
7804
8032
8355
7631
8847
7709
8723
8533
8532
8855
7858
8355
9096
8109
8809
10767
7696
8461
8061
105556
7417
8784
8638
9593
7727
8008
7776
9457
8899
8753
8914
8602
8736
8076
7615
7588
8924
9520
8323
8015
8285
8400
8858
8675
9075
8414
8381
8835
7802
9152
9024
8527
9537
7849
8296
7520
7721
8558
9414
9303
8425
7812
8342
8771
8215
8358
8073
7825
8941
8298
8985
7738
8137
9082
8261
9420
9093
8728
9263
9857
8275
7794
9329
7875
8009
8410
7728
7844
8716
7969
10045
9435
8053
9649
8202
8380
13712
8581
7583
13034
8163
7758
8299
7815
7760
9413
8043
8148
9373
8533
8657
7794
8594
9013
8480
8532
9051
9200
7599
9259
9210
8195
7932
8219
8015
8465
9447
7502
7596
8413
7612
8026
7553
7224
7479
7412
8164
7651
8207
7594
7392
9241
8744
9677
9521
8161
9124
8491
8154
7396
9039
8419
8944
7702
7334
7656
7830
8282
8779
7528
8254
7845
8208
9516
7612
8704
7788
8805
7391
8451
9338
7842
8623
7774
9389
8199
9224
8463
8861
9337
7644
7841
7792
7734
7728
8285
9053
8415
8746
8133
9029
7862
7966
9028
8030
8463
8708
8290
8773
7704
7608
8344
8200
7891
8731
9189
9039
10488
7743
7904
9258
7928
8121
9129
7715
7875
8247
8643
7816
8953
9289
7990
7364
8472
7619
8154
7731
7879
8245
8576
8862
7697
9241
7810
8607
7706
8010
8663
8825
10072
9118
9290
7773
8542
8402
9245
8669
9140
7778
7637
7427
8214
7485
8266
9287
7910
8782
7354
9076
7569
8302
7858
8468
7592
8497
9271
9548
7498
8917
8020
8774
9115
9244
8630
8325
9119
7313
8553
7546
8655
8988
8908
9244
8646
7863
7794
9192
8985
7999
8692
8138
7881
9069
7767
7547
8238
7850
8204
8388
9017
8334
8821
10102
9974
7401
7956
8205
7851
7579
7266
7697
8183
128402
8476
9018
8306
8450
7954
8279
8287
8047
8199
8880
9398
7728
8315
7910
9514
8750
7589
7900
8507
7360
9197
7871
9251
7797
7980
8589
8082
9179
8683
8938
9188
8311
9393
8901
8927
8819
9485
8588
8293
8256
8170
9033
8702
8328
8956
8420
7741
8088
7784
7591
8877
9161
7829
9228
8436
8612
8293
8565
7531
8456
7697
8286
8454
8368
8840
7801
8601
8884
8164
9319
8350
7809
7810
8298
8033
9214
8193
7505
7986
8540
7420
7553
10412
9370
8551
8185
10269
13917
8213
7789
9279
8397
8710
10862
8512
8517
9230
9264
8454
8352
8839
8328
8887
9150
8621
7657
7929
8141
8100
9158
9422
8944
8698
7887
8971
8062
8802
9017
8798
8341
8282
9241
7378
7948
8904
9373
9317
8456
8732
8492
9365
7579
9190
8666
8112
8623
9195
7817
8162
8613
8653
7781
8677
8155
8611
7781
8158
7558
8748
7930
9249
9612
9053
8420
9253
8364
7668
9161
7866
8921
7990
8317
8138
9248
9760
8734
9180
9200
8612
7410
8196
8799
9170
7810
7492
8591
7831
7747
9006
8027
8801
8678
9390
7834
7909
8069
8328
7605
8025
8011
8579
8611
8882
9158
7707
7996
8820
9265
8970
8839
8919
8441
8275
9095
8753
8795
8435
7902
8637
8663
8574
8446
8382
9025
9475
9156
8307
9207
7781
8037
8002
8983
8768
7748
7784
8168
9435
7854
9384
9579
7680
7935
7710
8180
7761
7923
8832
8060
8343
7972
8760
8381
8882
9025
7425
8110
8680
7991
9205
8450
8600
8584
8709
8758
8805
9166
7233
8814
8520
7761
7846
9258
7548
8182
8476
8412
7950
7809
8620
7645
7955
7451
8393
8231
9238
9069
8282
8036
10739
7831
9187
8897
9343
8736
8097
9172
8576
8412
9292
8503
8838
8737
94925
8478
8535
7738
8859
8967
9149
7525
8110
8701
7931
7866
7572
8391
7507
7722
7613
7723
9364
8119
8230
9077
7765
8487
8117
8931
8398
8259
8174
7794
9687
9189
8027
8574
7595
8463
8800
8807
8513
8266
8215
8285
7593
8581
7881
9205
8517
8564
8870
9149
8964
8032
8415
8248
8718
8199
8794
8416
8391
8056
7414
7988
9420
8892
7552
7945
8864
8611
8282
8739
7670
7954
7786
8287
8454
7806
7919
8330
8656
9030
8926
7718
8906
9165
8294
7554
8437
7668
7956
9131
9118
8691
7487
10600
8818
7841
8215
8143
9435
8415
8368
8431
7774
9296
7636
8973
8159
7649
9190
7588
8429
9217
8066
7933
10123
9253
8201
8114
8295
8673
8012
7598
8518
9253
8112
8369
9975
8301
8737
14367
7527
8700
9319
8411
7854
8804
8185
8219
9056
8298
8007
8036
8489
8124
9071
9090
9343
8092
8089
8318
7603
7797
7742
7646
7841
9154
8624
7684
7806
7733
8870
7602
9141
7322
8107
8358
8468
8076
7864
8404
7961
8636
8940
8608
9107
8123
8116
8365
10439
8252
8415
9192
8603
8586
7671
8192
8824
8208
7882
8175
9072
7800
9241
7579
9190
7631
8472
8764
7721
7586
9220
8314
7761
7930
7699
7507
8738
7770
8134
8656
8280
8864
7996
8987
7689
9917
8626
8261
8600
8950
7912
8313
7312
9220
8541
7782
8837
8817
8277
7537
8092
7588
8128
8010
9142
8123
8378
7717
8100
8131
8702
7896
11177
8334
8787
8490
8206
9197
7618
8939
7493
8203
8369
8816
7603
8162
8255
8206
7903
8059
7845
7789
8368
9220
7774
7789
7688
7939
7590
9213
8030
8806
8630
8846
8271
9059
7513
8494
8151
7611
7912
8820
8998
7822
8051
9118
9334
7874
7953
9098
7812
8201
7417
151268
8205
8934
8220
9038
8490
8132
8397
8809
8641
8700
8451
7801
9622
8982
8088
7651
9134
7928
8230
7833
8950
8516
8955
8382
8244
9002
7244
7950
7583
9253
8094
7753
7738
7590
8717
8784
8969
8876
7455
7717
8333
8630
7562
7962
8987
7273
7950
8302
8009
8430
8294
9215
7298
9128
8282
8552
8396
9075
8948
8145
8276
8836
8615
7528
8691
7947
8617
8179
8165
8687
8394
7849
8533
8604
8607
7621
10465
8396
8147
8901
7757
7876
8132
8668
7530
9266
8253
8156
8054
9014
8178
8368
9199
9336
8071
9060
7588
9638
8655
8384
9982
8445
9293
12292
7620
8496
9572
7928
7489
9527
7708
7784
9174
8461
8761
8594
8758
9187
8521
9170
8323
8490
8339
7625
7674
8641
7866
7956
8927
8367
7735
8583
8271
12713
8391
8577
7721
9061
7930
7808
8981
7635
7922
8930
9353
7728
9080
8387
8331
8456
9264
8988
7511
7769
8401
7805
8194
7949
8607
8396
10864
9212
8276
8396
8417
8537
8975
7341
7921
8592
8521
9198
8051
8266
7835
8297
7413
8866
7989
8975
7972
8610
7730
7693
7868
8889
9207
8309
8455
8153
8375
9241
9042
8345
8170
8062
7868
8393
7569
8500
9132
7763
7920
7913
10671
8560
7511
8198
8294
10061
8010
8562
8156
7871
8595
9070
8191
9307
8403
8512
9235
11384
7821
8456
7790
8565
8644
8282
8339
8154
8232
8938
8516
8963
8119
8667
9019
7589
9095
8852
7700
7834
7960
7852
8507
7695
7935
8585
8466
7512
9017
8606
7671
8955
7744
7707
7633
8733
8585
8745
7540
8149
7941
7729
8858
9046
8377
8640
8478
8703
8613
8598
9139
9092
7802
7928
9270
7693
8288
7713
8432
9374
7479
8197
7518
8531
9453
8034
9247
8347
7901
8406
112964
9156
8089
8775
7586
8606
7882
9596
8962
8160
7720
8904
7907
8191
8364
7928
7672
8039
8214
9055
8079
7728
7938
7574
7389
7917
8845
9855
8067
8999
7606
7574
7914
7792
7829
8376
8646
8353
8503
8799
10323
8303
7811
9117
8378
7953
7843
8772
7441
7708
9405
8172
8822
8195
9093
8559
8633
8820
8169
8608
8072
8182
7754
8968
8102
7682
8950
7483
9184
9020
8515
8015
8342
9441
7925
8838
8858
8391
9049
8143
7624
7564
8465
9200
8303
8508
8194
8202
7346
7972
9502
9047
9371
8062
8069
8280
8936
8841
8435
7912
7739
9364
8041
8523
11235
8307
12274
8405
8666
11925
8250
8061
9148
7552
7999
9298
8055
7735
8232
8599
9136
7565
8736
8373
7606
9031
8164
8495
7740
7673
8169
9222
7657
9467
8051
8282
9041
9197
8251
7530
8426
7969
7873
9220
8632
7677
7479
8495
21101
8205
8602
9452
8038
7554
7779
7536
8521
7511
8457
9593
8118
9137
7917
7462
8107
7916
7900
7862
9051
8528
8033
8333
9124
8739
8060
8336
9086
7976
8610
9012
8039
8061
7673
9072
7972
8216
8942
7561
8907
7258
7722
7560
8251
8325
8197
8092
8251
8824
8295
9006
7834
9207
7578
8112
7769
8037
8114
7435
9222
7795
7591
9231
8041
8528
8841
8700
8270
7908
8189
7641
8133
8631
8306
7641
8212
9160
8194
8282
9906
8716
9475
7891
10825
9210
8343
9178
8594
9054
7781
8680
7688
8741
7673
8605
8057
8012
9071
7513
8412
8096
8631
7803
7829
8999
7758
7606
8392
8431
7789
8946
8589
7735
7720
9082
10098
7849
7518
8653
7579
8780
7576
7818
8553
7809
8132
8887
9732
8879
8661
8928
7973
7829
8794
8379
10210
8106
7585
8477
8204
8506
8210
7603
8004
118283
8342
8225
10707
8277
7502
7803
8606
8010
8694
8288
8461
7927
7821
8106
8896
9232
7810
8527
9297
7658
7964
7917
8876
8445
8503
9247
7887
8254
8882
8472
9182
7297
8835
7758
8087
8962
8836
8364
7813
8399
8415
8835
8673
8353
9165
7984
7734
7574
7678
9170
7805
8073
8568
8738
8335
8994
8248
8185
8164
7830
8158
7856
8815
8969
7621
8605
9880
9833
9550
8903
9107
8707
8619
8492
9940
9419
9211
8347
9250
8225
7931
7682
8596
7910
7865
9065
9243
7738
8821
8127
9233
8174
11203
8843
8511
8374
8758
8640
9442
7448
8982
9649
8994
8636
14454
8168
8587
10093
9987
7871
7940
8454
7994
7657
8759
8527
7875
8900
8933
8029
7958
7965
7600
8449
8802
8748
9204
8328
8791
8282
8503
7898
9346
8234
8567
8411
8787
7544
8595
8150
8198
7396
8734
7710
7791
7617
8686
7934
8521
9026
8108
8377
9177
8570
9276
7930
8193
8420
8702
8251
7666
9082
8123
9270
8998
8331
8570
8420
8074
7569
8251
8784
9233
7528
8501
8173
8593
8940
8879
8635
9099
8219
8743
8721
7775
8665
9409
7594
7871
9232
8047
8572
8910
7522
9054
7717
8997
8315
9014
8613
8358
8479
7800
8597
9464
8624
9277
9005
8943
8504
7505
8194
8327
7871
9160
7664
7818
9256
8534
8635
8712
10429
8792
8352
9251
8687
8782
8290
7729
8728
8328
8367
7684
9020
7990
8646
8292
8556
8880
8108
9207
8623
8450
9466
7399
9210
7571
8817
8525
7857
7936
8882
8838
9100
9437
9038
7794
8353
11687
7935
7790
8220
7912
8267
7628
8871
9012
9035
8352
7972
8048
8539
7876
9572
9245
7933
8583
7676
7753
9013
8205
7825
9394
9184
8686
8267
7902
7589
9512
8230
8793
8048
105575
7648
8629
9382
8995
8050
8111
9333
8689
8575
8646
9317
9266
7530
9153
8791
9256
8072
8897
8620
7543
8235
8863
8822
9020
7836
9164
8702
9218
7775
9988
7940
9041
8184
8582
7991
8225
8986
8264
7408
7769
7371
8074
8394
8365
7667
8574
8343
8321
8460
9297
8122
8953
8235
7957
8623
9099
7954
7635
8166
7748
8350
9108
7877
7515
8552
8918
7801
8227
9105
7894
9315
8032
8700
7728
8998
9266
9251
7770
8049
7574
8317
8389
8994
7551
8178
8881
7927
7889
9418
7850
8634
8286
9974
10523
7497
7889
7917
8599
8190
7251
8030
7946
7692
8683
8794
9155
8133
8708
7793
7746
8925
9140
10553
7954
8915
13334
9314
8184
9251
8108
8348
9226
8538
8172
8223
9035
8341
7411
8928
9171
7779
8579
9329
7758
7365
8875
7643
8420
9232
8747
8039
7307
8270
8767
8362
8004
8435
9374
7482
9180
8972
7654
8224
9429
8148
8430
8953
11507
9208
8495
7811
7825
8718
8965
7687
8211
8726
7502
8069
8051
8161
8742
8261
8615
7744
8153
7731
9158
8211
7852
9222
9707
9060
9001
8292
7999
7953
8985
7859
8672
9210
7797
9629
8873
9303
7697
7536
8013
8805
9290
8532
9177
8662
8912
9423
8400
8979
8874
8097
8275
7617
9250
9189
8153
9055
7630
7648
8518
8857
7957
9548
9144
8797
7580
9212
8287
8830
9277
8644
8881
8211
9131
9152
7964
8128
8410
7979
9563
7733
7592
8388
7946
8113
7998
8538
7929
8719
7717
8642
8675
7692
9271
8774
9651
8213
8958
8319
8005
7779
8769
7621
9061
7923
8643
8541
8451
8241
8116
8767
7588
8095
9163
8805
8145
8104
8433
7869
7523
8254
7969
8434
8811
8497
7709
7796
10597
7839
8329
7590
9008
8499
8153
117148
10241
8807
9231
7796
9449
8718
9115
8789
8784
8392
7965
8375
7394
8033
8213
8435
8143
9342
8959
7938
7950
7692
7924
8747
9018
9205
7162
7834
7782
8912
9104
9761
7560
7868
7645
8805
8037
8169
8302
8011
8389
9020
8760
7699
8094
7935
8702
7972
9440
8119
8638
8503
8468
7605
7934
8143
10437
8336
8524
8166
7846
8253
9254
9058
8922
8959
7554
9042
8132
9097
8937
8192
8005
8169
9082
8372
8093
9418
8578
7548
8498
7912
9247
8625
8384
8440
7541
7471
8035
7539
9409
9304
10401
8779
8801
8207
9318
8384
8707
13587
8178
8597
11745
7667
7868
8054
8106
8738
8724
8770
8655
8089
7738
8237
8533
7367
7866
9443
9169
7707
7758
8146
8371
9378
7973
8731
7524
7630
8194
7793
8025
8216
7760
8134
7444
9041
8941
7702
8020
7905
8238
7344
9322
8215
8615
8191
9008
21745
7310
8008
9055
8934
9340
7870
8702
17003
8338
7806
9564
8897
9455
8537
8949
9215
7624
8223
8584
8053
8345
8755
8121
9226
7714
7711
7920
8389
7768
8567
8293
9225
8027
7803
8353
8492
9425
9619
8228
8357
8829
8090
8265
8031
7523
8733
8098
8117
7476
8073
9328
7969
8726
7810
8640
7958
8605
9276
8892
7652
9039
8271
8184
7598
8152
9182
8055
8318
8838
7812
9061
9322
8107
8415
8111
8283
9412
7580
8072
7852
9137
8684
8394
7707
8884
8210
7693
7526
7530
7401
8425
8984
7996
7973
8500
7813
8574
7913
8102
8414
10184
7585
9016
7616
8158
9061
8614
8104
8693
8051
7813
7662
8974
8974
8643
8309
8737
8866
8063
8179
8049
8584
8251
8007
7815
9228
8536
8467
9005
8089
8709
9144
10077
9056
7637
8928
8635
7871
8909
8402
8242
8910
8869
7780
76561
8788
17620
8424
8300
8845
8746
8054
7990
7609
8316
9288
9225
8265
7591
7477
7643
8196
8772
8658
14984
8016
8749
8633
8696
9343
8169
7915
8192
8918
9539
8196
7625
9558
8223
7831
8139
8631
8847
7764
8500
8558
7819
9128
8251
7791
8367
8030
8112
8676
7714
8374
7749
8574
7871
8320
7646
8041
8912
7610
7401
9250
7594
8206
9373
8373
8096
8152
7591
7677
8256
8605
8275
8576
7379
9059
7661
8374
7786
9081
10065
8110
9466
8738
9616
8616
7822
8276
8222
9301
9063
7579
9134
8205
7610
7810
7796
7555
7575
8555
8117
8633
7678
8199
8036
9073
8943
7806
10138
8757
8841
10855
8615
7573
14200
7974
8899
10348
7822
9201
7914
7348
8133
9185
9194
8608
8246
9350
7415
8493
8585
8354
9034
8492
8415
8162
8071
8620
14759
8270
8858
8837
7333
8987
7719
8625
7971
9068
9221
8133
7871
7721
9292
9160
8852
8600
7606
7851
9235
8155
8483
8777
8822
7593
9973
8337
7771
8356
8458
8979
7400
8415
7694
8943
8770
7970
8987
7569
8274
7896
8455
8177
8276
8842
9076
8330
8540
8689
8995
7437
7590
8741
9231
8885
8651
7542
7752
8536
7871
8170
7974
9285
7988
7936
8830
8333
8403
9093
8938
7646
9747
8090
9663
7568
8230
8131
8030
8120
8237
8192
9808
7572
8657
8203
8208
8673
7524
7682
9005
8376
9333
8565
8228
9044
7971
8230
8697
7948
7801
8979
8437
7981
8534
7466
9496
7589
15584
8096
9093
8420
7783
9112
8776
8404
9260
8975
8026
7562
8730
8661
8999
8403
8532
8256
8934
9020
8926
7711
7558
8927
8553
8615
8248
9457
8596
7702
10739
7611
8618
8412
8648
9210
9295
9831
8693
8011
8933
8575
7712
8908
7392
9460
8716
103331
8353
9020
9381
7767
8642
8568
8652
7794
9168
7787
7620
8992
8545
8804
8648
9396
8018
8841
8553
7709
9158
7778
8767
9063
8132
7807
8541
9051
8767
9024
7778
11379
9076
8530
8228
8771
8319
8032
8068
9114
8405
9143
9442
8757
8415
7530
8167
8436
7969
8565
7967
8460
7793
7644
7353
9439
8244
8547
9256
8825
8897
8889
7712
8241
8529
9153
8393
7552
9150
7705
9718
8557
8296
9446
7923
7794
9756
9176
9222
14833
8139
7869
8079
8391
8546
8210
8572
8049
9020
8415
7817
8343
8028
7932
8066
8290
7657
8936
8760
8010
9207
7774
8979
9231
7884
8758
8989
8351
7590
7764
11298
8235
7610
7530
8354
8442
8798
7569
8304
9016
8354
7643
9368
8165
8630
8094
8933
8307
8993
7619
8019
8928
8284
7556
7969
7743
8117
7832
8941
8271
8596
8824
9243
8342
8627
8575
8694
8152
7824
8386
8660
8017
8384
9211
9138
7815
7803
8574
7985
8579
7811
8893
8022
8956
8796
7685
8755
8447
9064
8709
8800
9038
8426
8561
10278
8415
8721
7588
9242
8972
7806
7410
7964
9219
9272
8188
7612
8122
8589
8719
7944
8853
8721
9379
8958
7354
8996
8718
8535
7804
8035
7972
8507
9319
8996
7810
9404
8791
7714
8431
8571
9130
9498
8479
9282
7818
7996
9024
8460
7912
9093
8887
9219
7717
8078
9096
8471
8999
8514
8846
8512
8902
8400
9466
9345
8424
8301
7632
11442
8506
8874
9066
8140
9184
8194
9033
8184
7573
8970
8102
9234
7892
7849
8505
8180
7552
7291
9010
7641
8527
8348
9216
9235
7369
8292
8451
8144
7760
8805
8656
8173
9251
8584
9155
8128
8897
7706
7392
8489
7608
8422
7754
9075
7578
8126
7653
8196
7967
9266
7697
9296
7549
91413
7727
7994
8744
8657
7800
8056
9502
8875
7796
10205
8938
8060
7761
8241
8430
8474
9180
8789
8815
7377
8061
9396
8123
7571
9227
9305
8706
7605
7512
8205
8518
7791
8774
8924
9353
8646
8425
8144
8647
9185
8708
8947
7695
7638
8876
8083
7682
7714
9232
8434
8589
7594
8669
8974
8213
7843
8508
8500
8801
8215
7719
7732
8188
8151
8555
7595
8633
9152
8887
8082
8206
7748
8749
9958
7820
8224
7844
7858
8022
9158
7652
9240
8197
9318
9014
8700
9374
8048
9052
7861
13767
9041
7567
12266
7436
9386
9004
7906
9025
7803
8092
8195
7964
7981
9632
8558
8698
8799
7787
8017
8821
8215
8080
8553
9135
8400
8159
7560
7908
7789
8917
8572
7528
9010
8297
8334
10453
7452
7775
7788
8446
9065
8676
7625
8015
8847
8481
10809
8443
8256
8994
8788
9225
8436
8702
9554
9514
9203
7876
8333
8943
8637
7615
8507
8687
7908
7872
8268
7632
8758
7967
7485
8385
8662
8072
8489
8730
8574
8099
12353
9105
8271
14118
9017
10250
9570
7624
8706
8164
7743
7632
7748
8333
8116
9045
8685
7692
8446
9056
9241
8140
8574
8077
9097
8737
9226
9115
7390
7829
7756
8471
10641
9025
7577
8094
8597
8514
7565
8616
9097
7631
7857
9241
7683
8136
8626
9034
8979
7404
7484
8692
8121
7546
8388
8564
8669
8774
8758
7719
7715
7942
9077
7787
9626
8900
9145
7940
8644
7423
8275
7825
8878
9285
9216
7939
8625
8291
9554
8514
8668
7871
8620
8624
7974
7564
8820
8175
8158
8334
7663
8941
8334
9329
8425
9047
8883
8964
7910
7796
8829
8852
8707
7278
7651
9158
9133
7810
8696
8603
8557
8945
8299
7846
8369
9427
8202
7357
8070
7709
9316
9274
8959
8618
8993
7614
8588
7805
9264
8833
9195
8743
9020
8464
8951
8275
9154
9014
8058
9039
7773
7689
7718
7730
8822
8907
8271
8250
7611
8697
8992
8933
9289
8197
7473
7591
9226
8589
8535
8836
10808
8418
9410
7800
8115
7887
9185
9025
8674
8543
7548
8871
8641
8834
9148
7712
8108
8670
7810
8944
8215
8381
10492
8915
8265
9256
8532
8557
7815
8032
7887
8833
8792
7851
11112
7772
7651
8878
8320
8941
8042
8344
7988
7716
8088
9226
7809
7795
8574
8831
8609
9076
8607
8836
9216
7931
7847
7985
8867
8230
8853
8807
8427
8835
10299
8125
7794
9090
8998
8463
8392
9218
9028
8140
8424
8278
8885
8843
9016
7987
9030
8289
9108
7514
8217
9117
9532
9043
8809
9135
9438
8912
8801
9330
8815
9081
9431
7906
7828
8640
8969
8078
8358
8260
8691
7917
9197
8030
9004
9692
9348
8183
8507
9235
8929
7651
7313
9469
8246
8274
8256
8497
8574
7770
9057
8611
8467
9200
10278
7517
7594
8076
7574
8113
8415
7753
8793
8651
8685
8770
9294
7566
9400
9347
8545
11118
9000
8169
14837
8487
8971
7897
8903
8381
7543
9025
8863
8352
8938
8111
7833
7570
7832
9624
8891
7770
9205
8696
8821
8458
7500
8030
7400
7637
8087
7853
8395
8645
8559
8620
8789
7666
8964
8848
7480
7646
7872
8172
8964
8563
8133
7734
9921
9234
8017
7805
9274
8442
8027
7705
9448
7634
7562
8810
8030
8119
8582
8756
9180
8758
8244
8617
8353
8252
8258
8153
9193
9112
8624
8203
7884
8866
8461
8505
10041
8275
8570
9199
9222
8846
8992
7540
9056
8912
7551
9046
9035
7953
8446
9293
7728
7677
7592
7799
7693
7321
9215
8164
9076
8957
9228
9297
7391
7964
8617
138356
10200
8390
8623
7989
8979
7797
8428
8305
8579
9018
8153
7855
8478
9276
8753
9215
8819
8446
7772
7941
8533
8212
8200
8880
8813
7819
7524
8171
8369
7601
8877
8589
7830
7497
9063
8030
7641
8178
8563
8711
7415
7804
8609
8572
8936
8100
7968
7835
8593
7960
7805
8968
7585
7892
8573
9271
8532
8725
8738
7853
9239
8825
9180
8639
10076
8598
7941
8054
8642
8174
8635
8590
10538
7801
9023
8798
7775
7892
9491
7751
7359
8013
7988
7830
9241
8069
8696
8639
9128
8987
8524
8053
8339
9010
8312
8492
8732
7646
8276
7743
8646
8439
9083
8897
8669
8813
8168
7512
8359
8456
8579
9307
8010
8696
9082
9117
7828
9194
11123
7580
7800
14728
7642
8081
10404
8202
8594
8171
10412
7703
9164
7780
9296
8740
8480
8038
8512
8011
7917
7631
8197
8515
7728
8410
9054
8435
8880
8549
8317
8653
9078
8743
9294
7403
8292
7554
8066
7548
8249
8861
8450
7636
8073
12966
8779
8261
9082
7435
8082
8006
9113
8288
8102
9000
7851
8482
7605
9071
9177
9447
7774
7538
8338
7528
8543
8455
9187
9168
8252
7913
7918
8942
9312
8111
8763
7773
8694
7820
7982
7833
9066
7982
7541
8222
8051
7748
9119
8652
7710
8450
9186
7551
8692
8191
7814
8135
8559
9297
7861
8188
9089
7650
7540
7889
8690
7650
8183
8550
9070
9058
7838
8133
8261
8033
9100
7424
8753
8493
9134
8080
8016
8240
7972
9260
8642
8255
7660
8811
7675
7389
7480
9359
7994
8181
9259
8076
9703
8923
9133
9239
8372
7783
8518
7979
7560
8109
8883
7951
10959
9244
7712
9074
9009
9116
7668
8113
8254
8149
7800
8830
7574
9075
7345
8596
8633
8978
7628
7854
8113
8232
7692
8152
123370
9198
8420
7475
8205
8292
8600
9480
9432
8433
7910
7711
8593
7958
8816
8686
8833
7775
8555
7719
8385
8955
7573
7953
8962
7631
7935
8387
11130
10007
9297
8515
8877
8488
8354
9019
9294
8244
8812
8112
9014
7508
9135
7630
8665
8839
7836
8195
8599
9255
8060
8337
9004
7674
9200
9012
8846
9082
7714
9457
8677
9265
7785
9073
7915
9229
8061
7532
9025
7775
8671
7921
8154
8897
7723
8329
8741
8632
7988
8896
8520
8621
9239
9558
8235
8771
7981
8670
7731
8671
7538
9077
10991
8100
9594
8593
8777
14844
9321
8231
7250
8593
8015
8356
9445
8260
8336
7810
9024
7584
7949
7630
8240
8949
8245
7774
7743
8535
8816
8396
8234
8630
8054
8070
9128
8811
8241
14378
7822
9235
9326
9254
7731
7835
9378
8396
8920
7699
8477
7745
7627
8863
7709
8315
7658
9138
8155
7628
7630
7716
8757
8395
8587
8617
7815
8307
9261
8873
9400
8410
8668
7497
8227
8061
9441
9375
9167
7912
7296
9238
8297
9256
7901
8013
8947
8073
8694
7652
8287
8800
9891
8514
7754
7632
7614
7699
7809
8997
10221
8447
7696
9132
8105
8336
8168
7765
7696
9051
7449
7641
7849
7779
8909
7574
7945
7959
8389
8293
8654
8374
8112
8702
9179
9398
8063
8610
8220
7350
9047
7569
19158
9603
8749
7572
7478
8625
8232
8579
8823
8032
7828
7405
8330
7635
8081
7481
9298
9081
8581
9253
8845
8311
9045
8292
8472
8406
8915
8439
7997
8757
8232
8313
9110
8310
8801
8918
8825
7766
8517
8102
9325
7768
8319
8805
8474
7725
8837
9275
8021
9088
9161
7777
7623
7919
7748
7861
10202
7483
8480
8779
8061
8954
8872
8075
8401
8007
9008
9261
7928
9225
7809
7693
8692
92882
8876
7893
9218
7692
8814
7623
8024
7835
7749
9488
8011
8806
7791
8765
8659
8426
9016
8718
8026
8021
8532
9259
8681
8700
8476
7812
7536
9015
8229
8395
8003
8485
7653
7887
8738
8093
7830
8534
7417
8354
7751
9327
8340
8499
7721
8134
7745
8496
7580
7610
9436
9155
7415
8369
10117
8115
9518
9176
8297
7599
8640
8357
8631
7917
8656
8415
8761
8569
8017
7821
9366
8467
7647
8101
9357
7535
9275
9073
9999
7923
8057
8143
9336
7989
9118
8338
9305
7680
8823
9252
8237
7684
7923
9327
7477
8065
9357
9282
7813
8323
7605
8726
8502
9101
7914
8874
7758
8270
8882
9436
8316
7867
9409
7270
9102
8567
7952
8277
8201
8834
8251
8250
9364
8587
8041
7979
8282
8451
8235
8139
8897
8902
8332
8186
8605
9266
7611
8746
8803
7997
10107
7413
8199
10574
8455
8893
13495
7527
8616
10076
8897
7631
8055
8519
7850
8428
7747
9166
8291
9416
8312
9133
7829
8914
7913
8235
8981
7709
8451
8961
8889
8264
7866
7902
7481
8633
8698
8402
8405
8174
8442
7453
11358
7551
9128
8384
9124
7966
7238
8656
8117
8195
9121
7905
8196
8452
9454
9002
9482
7713
7787
8002
7606
7937
7876
8882
7574
7344
8852
7763
8379
9696
7784
8703
9769
8148
8601
8798
7629
8416
8376
8397
8215
7385
7608
7569
8148
8389
7860
7866
8503
9296
9037
7514
8638
7772
8353
8051
8064
9133
8576
7771
7864
7600
8433
8394
9769
8558
8256
8429
8667
8591
8509
8097
7632
8044
8485
9368
8079
8323
7871
10632
7527
7742
8685
9161
8657
9174
7410
7740
7671
8839
8953
9224
7815
8494
7676
8334
8534
9098
8324
8676
8599
8274
8011
8353
8017
8998
7688
8346
8189
7619
134680
7902
8251
8475
9200
7830
7828
8212
8750
8445
8031
9390
7892
8192
8631
8174
7600
8282
9833
7611
8093
7728
8961
7631
7979
8148
8844
8221
9077
8756
9053
8795
8307
9223
7714
9039
7946
8916
8163
7912
8380
7751
8661
8498
9317
8237
8858
8737
7669
7555
9150
7971
8595
7941
9400
9074
8475
8194
7706
9498
8022
8083
8845
7364
8604
8438
8898
8045
8066
9158
8629
7853
9228
8999
8453
8597
9154
8647
10290
7696
8005
8503
9368
8336
8082
9235
8593
9478
7707
8214
8814
9126
7610
8242
7641
8154
7742
8011
8425
8164
7712
8105
8015
9056
9274
7550
10084
8720
8544
8273
8101
7684
7666
9329
7832
9161
9037
8327
7922
7971
8594
7349
8104
9557
8273
9163
9575
8237
10214
8818
7778
7831
9096
8425
13867
7779
7633
10021
7652
7739
8029
8775
7405
10696
8184
9132
11532
10439
7793
7949
7624
7531
8835
8815
8284
9165
8087
8456
9320
7641
7592
7370
8723
7923
7967
8837
8343
8805
8294
8348
8577
8789
8053
8763
8651
7630
7992
8384
7911
7800
8253
7543
7771
8149
7475
9358
8741
8357
7820
8353
9323
9607
8370
7646
8789
7712
7512
8558
8270
8609
8092
8092
8783
8732
7615
8152
8616
7941
8034
8667
10892
8278
9307
8816
8565
8413
8587
8198
9316
8884
8855
7861
7362
8413
8073
8420
7838
7586
8198
7615
7785
8257
7978
8115
9354
7610
7882
7629
8947
19385
9263
8626
8056
7409
7733
7767
8915
7532
7819
9538
7270
7814
8610
7816
7912
9112
8457
15340
7831
7845
8386
8789
8620
8069
8620
8404
7614
8153
8074
10310
9303
7690
9345
8804
9600
8373
7369
9187
8499
8752
8060
8938
8915
7811
7589
8389
8409
8377
8867
7892
8227
8108
8008
109971
8610
9205
8279
8385
8576
8517
8852
7692
7648
7959
8636
9378
9256
7610
9225
9504
7558
9177
8995
7735
7872
8300
9077
8835
7801
7641
8639
8178
8664
8537
8875
7905
8616
8637
8794
9033
9140
8005
8035
8173
8688
8574
7633
8615
9178
8992
8287
8298
7589
9122
9317
7517
7481
9230
8686
8774
8224
9064
8674
8224
9082
8592
8457
7948
8205
8050
7823
8929
7625
8152
8343
8538
8928
7911
9120
8397
9007
9035
7869
8394
7835
9304
9077
7589
9185
8652
8921
7476
8011
7878
8098
9202
8639
7995
8384
8415
7570
8579
7802
7795
7674
8100
8599
8667
8313
7797
7482
8726
10671
8295
7734
9222
9042
8208
7796
8614
8307
9338
7785
7447
8489
9173
9280
10262
8275
8523
14225
8646
7924
11101
8882
8632
8977
9819
8664
9101
7732
8193
7733
8070
9059
8482
8725
8061
8053
8145
10101
7996
7534
7642
9038
9572
9057
7651
8969
8331
8812
8511
8529
8899
7321
8482
7529
8584
7647
8001
8199
7923
7597
8015
8476
8753
11389
9005
7743
8667
8256
8792
9185
7884
7995
8102
8174
7570
8387
9047
8183
8035
7553
9495
7552
8271
8180
9353
8860
7716
8852
8073
7692
8742
7761
8093
7788
9872
9221
7899
8434
10717
8408
7513
8072
9138
7988
7817
8621
7831
8168
9249
8866
7796
8478
8803
8851
8362
7654
8379
8856
7696
8234
8605
9109
8990
8914
8414
9239
7394
10202
9451
8323
9014
7953
9115
8316
8581
8215
7637
9241
8194
7563
7850
7987
8178
9006
7601
8828
8266
7793
9306
8257
8913
8417
7710
8814
8099
9235
8206
8130
9760
10726
8326
7314
8500
7820
7827
9361
7350
9219
7692
8594
8335
8429
7571
8435
8713
7729
8175
7990
9476
8496
8075
9302
8698
103122
8517
8596
8988
7810
8399
8761
7544
10142
7753
9293
8639
9143
7917
8688
8943
7632
7817
7825
8984
7791
9204
9030
8191
8816
8084
7691
8012
8169
9382
8412
8697
9540
7594
8254
7649
8704
7792
7970
8034
8818
7670
8968
7834
7830
7790
8406
9058
8375
9337
7696
7970
8185
7400
8037
7733
8048
8768
8992
7928
7526
9087
8723
8169
7590
8271
8960
7333
9072
7816
8301
7895
9876
9125
7451
7953
8578
8490
9265
10195
8981
8194
8269
7580
8774
8939
8103
8877
9743
8816
8621
8527
7839
7733
8800
7705
7722
8408
7989
8257
8457
8953
8477
8717
9418
8348
8885
7331
8657
8230
8426
8058
9327
7800
8586
9066
8374
9294
7821
9223
7866
8534
9084
8081
8881
7632
8610
8050
8707
10649
7827
7733
10586
7908
7594
14411
9683
8122
9905
8481
9050
8991
8297
8472
8699
8579
7872
8190
8112
8374
7734
8794
8434
8397
8645
9220
7925
9071
8236
8978
9133
8557
8055
8716
8865
8073
8020
9158
8843
8753
7350
9099
8768
7820
8936
8086
9435
8515
7773
8495
8317
9080
8317
8646
7569
8227
8758
9082
9184
7230
8266
8599
8593
7714
8292
8457
7382
7810
7864
7823
9892
7709
8989
7591
8574
8259
8610
8798
7785
8935
8198
8837
9222
9332
8730
8302
7828
8118
8534
9045
8865
8902
7978
7716
8503
8917
8635
8203
9403
8204
7652
7952
8700
9280
8266
8841
8092
7629
9420
7994
8016
7928
8092
8615
9277
7553
8397
8819
9002
8292
7748
8185
9215
9272
9310
8864
7624
8573
8806
7819
9020
8312
8297
8801
10016
8661
7594
8350
8450
8693
7796
8211
8675
8620
8922
9235
7388
7989
7527
8456
8215
9056
7688
8418
7872
7389
8838
8605
7692
8379
8761
7790
8812
102305
8156
8552
7883
7626
9169
11613
8860
8337
8365
8161
7739
9304
7552
8974
9018
8954
7575
11963
9007
8561
7983
8211
8626
8685
8655
7968
8806
7956
8835
9303
8514
8001
8401
7921
10300
9161
8442
8156
8216
7897
8817
8408
7550
9467
7882
7305
9379
8460
8616
7993
8556
9261
8145
7886
9227
7938
8051
8093
8810
7427
8132
8716
8430
8968
9316
9104
8579
7823
7630
7653
8284
8268
9036
8543
9137
7794
7712
8276
8871
9864
8620
9419
13677
8464
8903
10366
8627
7979
7891
9318
8309
8114
8266
9142
8449
7747
8979
9300
11709
8233
8475
7682
9035
7871
9097
9544
7463
8537
7497
8098
9425
7961
9079
8075
8002
7923
9302
8568
8590
7596
8404
8676
9194
8113
8429
9092
8978
7990
8582
9164
8959
9230
7985
7697
8314
8164
9128
7889
8942
7742
8897
19808
8927
9412
7820
9196
8517
9276
22798
9317
8702
7773
9259
9291
7858
7776
8778
9312
8317
8837
8429
7605
10017
9212
7621
9432
7802
11219
9343
7619
7872
8805
8620
7658
7342
8932
7433
9035
8368
8564
9284
8577
9135
7902
7728
8438
9020
8297
7542
8179
8836
7994
9322
7781
9311
7660
7701
9297
8148
9030
8413
7974
8028
8449
7911
7863
8841
9324
8806
7390
9229
9342
8496
9444
8583
7669
18430
8931
8565
8565
8172
8927
9646
7441
9084
9621
9984
7492
17572
8287
8140
9417
8399
7854
8093
9250
9361
8241
9129
7595
8849
9224
7371
8780
7483
7914
8241
8570
8933
8062
10450
8549
8094
9158
8132
8263
7807
8347
8646
8507
8934
8936
7788
7749
9295
8351
9198
8097
7661
8327
8015
8772
8146
8830
8697
9096
8207
7879
8774
8815
9423
9426
8661
7588
7770
8058
8822
9197
8360
9162
9936
7548
18610
7449
8408
7781
8543
8152
8201
8717
8543
8934
8764
8204
8555
7561
9943
8749
9411
8759
8307
8374
8604
9013
8422
8807
9097
7750
8025
7556
8164
8531
8789
8385
8527
8794
8035
8707
8805
7992
7805
7822
8893
8564
9016
7925
8603
8503
7825
8798
7707
9104
8799
8680
8314
8377
9181
8882
8263
8740
8096
8578
7910
7715
10182
9096
8772
8324
8730
7409
7995
7716
9742
8128
7738
8277
8168
8823
7577
8005
9260
7512
7952
8051
8530
8580
8073
8987
7711
8233
8253
8796
9208
7550
8876
8033
9025
7497
9148
7942
8417
9188
8435
9353
8060
8278
7794
9535
8495
7764
8996
8626
7591
9078
8799
8435
7602
8887
7711
8816
7670
9085
9441
8034
8592
9028
9035
8272
10827
8143
8616
7800
9276
8588
9200
9876
8922
8691
9149
9281
7691
7577
8717
8260
7476
7557
9225
7546
7549
8415
8243
7420
8188
8218
9137
8636
9387
9214
8355
8351
9388
9312
8939
8378
8325
8201
9169
9103
7943
7698
7688
7809
8900
8818
8855
7718
8824
8474
9379
7858
19075
8683
7823
7932
7404
7406
8963
8988
8616
8347
7930
8461
10324
8614
9374
9139
8514
8878
8002
8470
7869
8494
7820
8204
7802
7707
9033
7590
23617
7808
7641
8003
7700
7782
7558
9140
9217
7751
8605
17478
8610
12024
7661
8251
13233
8817
17479
8127
8729
8005
8122
9087
8130
8288
8333
7711
8926
9221
8360
7730
8082
7574
7734
8988
8302
7972
8837
7280
7877
8600
8206
8835
8550
8176
8206
9078
8179
8155
8620
7272
9021
7389
8781
8239
9196
8543
7747
8802
7897
8635
7904
9056
8543
7313
9309
8077
8206
8153
8824
8235
8415
7769
7776
8214
9346
8108
8505
8025
9140
8082
8122
7494
8137
8897
8552
23466
7541
7957
8962
8076
7798
7533
8064
7852
8451
9601
10642
7953
7832
9046
7912
8423
8799
8594
8085
7801
7733
9039
9253
8451
9687
7751
8475
8297
7810
8111
8083
7825
8807
7461
7471
7591
8135
7780
8324
8135
9243
7972
7580
9279
8798
8131
8196
8500
7540
7994
9267
8323
7996
8202
8085
9396
9443
7573
7692
7707
7773
8646
8273
8117
7781
8534
8688
8788
9276
8676
7641
7441
8162
8010
8813
8148
8052
8389
7733
7853
7628
7791
7479
7676
8321
15770
8032
7609
10901
9051
9362
9059
7836
7658
8774
9342
9484
8506
8056
7641
8270
9550
7712
7523
9085
8553
8562
7552
9516
8127
8045
8797
7856
7923
8848
8847
8968
7533
7573
8880
8094
7516
7961
8693
8093
8827
8333
7401
7646
7764
9210
9261
8239
8625
8356
9378
7856
8217
9122
7490
7517
8696
8971
8364
9213
8678
8230
8004
8460
8148
8958
8598
10990
7731
7789
8393
9394
8553
7942
9354
8576
9402
9235
8865
7632
8958
8974
8532
9438
7994
8611
7781
8328
8746
8296
8045
9223
8364
8979
8674
9225
7963
11348
9240
9766
12328
8178
7784
8649
8144
7850
9535
8018
9043
8444
8928
8950
8934
8718
9275
7700
9176
8255
8206
9013
8353
8725
7410
8620
7400
8168
8783
8978
8945
8641
8211
10088
8735
8158
8834
8214
7239
8441
9502
9291
7616
8797
8153
7835
7776
8271
7570
7789
8179
8343
8426
9421
7863
9434
8190
9010
7620
7312
7482
7748
8611
9148
9014
8866
7290
8779
8817
7598
8806
9218
7420
7753
8487
8474
7643
8039
8224
7745
7932
8571
7595
9092
8794
8209
8104
8504
8794
8456
8202
8841
8030
9073
7756
7752
7984
11933
8356
7315
7728
8147
9531
7599
8251
7753
8245
8629
7971
121356
7974
8394
9244
9347
8824
8635
9029
8846
8365
9328
8980
7907
8502
7647
8343
9087
9225
7933
9002
8391
9042
7610
9155
8172
8284
7616
8473
7574
8317
8697
8635
8256
8212
7930
8203
7793
9355
9093
8154
9117
7558
9235
8151
7841
7853
8648
8092
7753
8273
8913
8250
10748
7789
8768
8188
7725
8174
8726
8856
8075
8630
9123
7574
7471
9353
8842
8125
8669
7887
8701
8029
8985
8815
7907
8369
7792
8164
8477
8731
7994
8530
9041
8699
10321
9132
8129
9332
7355
9169
8463
8589
8359
7415
8220
8671
7887
8304
8279
8220
7687
8536
8117
8126
8023
7908
9075
7838
8482
8302
8086
8755
9416
8436
8657
9706
8285
9126
7870
9254
7533
7608
8128
8385
7975
7794
9006
9231
8581
8297
8557
10692
9391
8054
13892
8288
8532
10084
8651
8569
8738
7934
7616
8212
9265
8298
7439
8324
9501
8482
9047
8659
8609
8270
8200
8116
7831
8827
8733
9451
8053
7844
9043
8028
9371
9233
8485
8897
8038
8580
9022
9210
7929
8491
7674
7519
9277
8271
7706
7609
10566
9343
8443
8073
8953
8400
9406
7629
7960
8373
9141
8812
7825
7682
8787
8033
7824
9253
8425
7843
8753
7823
9115
7856
8172
7562
8815
8624
8646
8707
7712
8103
8387
8581
8070
7892
7844
8029
8876
8933
7645
7735
8176
9153
8454
9038
8601
9128
8902
7307
8956
8451
9388
8776
8246
8214
8059
9230
8220
23535
9338
8907
8259
8494
9819
8793
7805
8883
7989
8257
8257
8755
8820
9222
8773
8148
8691
7917
8498
7965
8615
8699
8453
9427
8200
8732
8664
9004
9133
8744
8423
8762
8468
8733
7774
9450
9292
7734
7983
8139
7676
9385
8258
7362
8549
7997
8279
9539
8605
7554
8304
8790
8169
90493
8207
9229
9180
8080
7852
7816
7496
9079
8959
9008
8542
7630
8439
8515
9777
8907
8091
7569
7624
7377
7673
8783
7845
7653
8728
7805
8010
7684
8676
8819
8392
8068
9131
8143
7605
7573
8328
8698
8276
7815
7748
8410
8216
8229
9323
8850
8228
8897
8755
9019
8826
8455
7730
8215
7590
9249
8032
8425
8767
7335
8111
8118
8402
8442
8030
9005
8851
8940
8524
8769
7718
10570
8783
7406
9310
7948
8226
7558
11262
7779
8145
7582
8612
7702
8781
8772
7987
8519
8436
7885
7872
9005
7289
9541
8650
7641
9043
8888
9320
7484
7689
8767
7910
8158
7782
8453
7361
9225
8092
9153
8786
9224
8818
7474
7992
7799
9348
8055
8908
9141
8030
7799
8391
8204
9015
8387
7588
8604
8858
8923
7892
9210
10963
8237
8779
8630
9020
8576
9001
8625
9069
9423
10874
7810
14330
8169
7553
10901
8085
8759
8271
7909
8405
8837
8356
8444
9377
9380
7788
8651
7620
8816
8381
7966
8822
9252
9124
8547
9182
7813
8185
7661
8348
9153
7848
8510
9144
8819
9075
8596
7573
8511
8556
7523
9140
7949
7835
8693
8311
7777
8922
8579
7800
8035
8886
7755
9402
8418
8825
7947
10248
7794
7795
7930
8678
8054
11255
8013
8916
7539
9123
8210
7834
8444
7635
9015
8714
8851
8751
7924
8148
7275
8098
7691
8417
8056
7707
8974
7751
8441
8423
9441
7958
7962
9364
8411
9227
9049
8741
9287
8074
7633
7484
8905
9159
8010
7533
8482
8924
8429
8543
8387
8215
9293
8974
7583
7856
7530
8025
8581
8640
8920
9317
7892
8433
7991
9036
8994
8000
8441
10583
8896
7776
8646
8989
8090
9021
8331
7758
9301
7782
8881
8376
7780
7712
8250
8375
8374
7865
7998
8371
8484
98156
9066
7979
7676
8372
8473
8276
8896
8257
7958
8721
8479
8776
7995
8138
7541
8353
9259
7430
8237
7507
9212
8730
7822
8822
7502
8346
8395
8481
9085
8010
8994
7622
9844
8292
7744
7733
7430
8802
7712
8509
7653
10754
9341
7729
8572
8054
9364
7849
7644
8092
9459
7944
7703
8262
8999
7520
9074
8415
7861
8517
7697
7641
7746
7795
9197
7897
8046
8125
7980
8147
9019
8825
8969
8118
8777
9255
7673
9053
7464
8534
8099
8877
8679
7934
7855
8406
8876
8163
9193
7784
9291
7754
8020
8053
8380
8310
7820
9019
8662
7547
9085
8574
9040
7751
8762
11226
8619
8144
9011
7582
9060
7790
8150
7589
8154
8682
9183
8635
9092
8210
8436
8911
9349
8543
7892
9082
9249
7738
8448
7584
9318
9301
7749
7995
7692
8933
8054
9796
8337
8086
8647
8174
8602
8389
8397
9198
8502
9041
8298
9529
8783
7826
8096
7996
8940
9200
8116
9234
8132
8076
7643
7812
8783
9050
15107
8364
8536
8861
8193
10219
8638
9697
8511
14430
7969
8782
7666
9001
7758
8672
8684
18992
7807
9251
8830
8082
8574
7594
8315
8231
8950
8910
8239
9310
9259
8742
8502
8756
8886
9143
9276
9756
9212
8469
8102
8148
7851
8046
7592
7771
7939
8423
9189
8884
8219
9194
8136
8513
8943
7850
8051
7836
7835
7903
8255
7856
9276
7920
8287
8073
8148
9056
7951
10299
8764
8436
9271
8970
8327
7976
8230
8596
7950
8051
7630
7784
8804
8474
8634
8112
8359
8395
7938
9051
8820
8155
7697
7680
9126
8524
8291
9055
9239
8276
9307
8784
8404
8699
7430
8141
8584
8271
8112
7847
8791
8221
8959
8897
9031
8056
8897
8343
8435
9047
7559
8553
8947
7682
9227
8530
8774
9048
92664
7870
7553
7852
8057
11124
8033
8556
7712
8867
7976
8295
8190
7335
8671
8337
8409
9207
8089
8533
8541
8235
7742
7905
8305
8292
7841
8352
7572
8377
9379
9153
8184
7569
8786
8559
9705
8159
8435
8825
7592
8717
7807
8967
8279
7667
8037
8533
8818
7718
8644
8435
8700
7529
8155
9092
7665
7687
8896
7592
7355
8496
8630
7729
7753
10924
7902
7844
8003
10264
8159
8261
8412
7676
7678
7686
8322
8376
7789
7631
8345
8258
8274
9048
7750
7670
8358
7829
8421
8228
8430
9000
9185
8245
7635
7569
8802
7536
8850
8430
8171
9642
8812
9037
8533
7645
7851
8092
7788
8513
9002
9213
8323
9105
7490
7650
8102
8941
8733
8357
7852
7919
8415
8825
9423
8171
8079
8030
7747
7735
9302
7802
8548
10606
8063
7732
9108
8799
8241
7735
8196
8223
7630
8129
8486
7670
8323
7378
7610
7615
8889
9225
7948
7798
8182
9378
9003
8166
8825
7941
7594
8294
8508
8312
8195
9006
7891
7820
7283
7835
7553
8566
8278
9333
8162
8582
8380
8207
8071
7973
9379
7877
8381
8232
9330
9014
7885
7755
9189
8400
7586
8222
8284
7843
8287
8707
7523
10805
7717
7608
8448
7430
8290
8195
8129
8067
8239
8193
8600
8333
8974
9204
8010
8011
7963
7848
8431
8758
9068
9305
9635
8435
8658
8000
8415
8038
7533
7671
9364
9455
7817
8698
8512
8608
8430
8682
7859
9116
8936
10983
7915
9405
13699
7984
8010
9035
8334
9062
8916
7550
7380
9620
8184
9210
8802
7890
8739
8344
8009
8299
9215
10307
8435
8999
7433
7548
7553
8971
9090
8295
8590
8967
9073
7830
7928
7597
8496
8925
8947
8334
8753
8253
8831
7516
8299
7791
9066
8198
8838
7588
7330
7997
9050
141569
7959
8757
8687
10558
8800
7533
8261
7980
8387
7580
7933
8281
8687
8883
7977
9517
8122
8640
8274
8455
8296
8805
7733
8593
8344
8113
7367
8378
8413
8883
8263
10643
8495
9022
8328
8862
9198
101918
7728
8622
7695
8121
9143
8972
9050
8257
8749
7830
8174
8943
8090
8796
8030
9158
8015
8141
8700
8809
8081
9317
8333
8220
9237
9031
7741
8799
7652
8614
7338
8474
8528
8707
7651
7510
8494
7617
8415
8558
7682
9587
8224
8633
8779
7770
8625
8960
8194
8479
8400
7795
8586
8121
8096
7582
7752
10375
8889
8673
8564
8220
8176
8174
7609
8471
8342
8843
8414
8177
7457
8974
9021
8428
7592
7693
8948
8488
9371
8859
8864
7719
8563
8693
8651
8033
8783
9032
8353
8373
8089
7612
8210
7784
8034
7866
8456
7736
8817
8250
8140
9552
9153
8049
8381
8604
7811
8796
8189
7867
7960
7853
9454
8498
8421
8639
8128
7963
8396
7566
8046
10912
8234
9071
7756
7847
8954
8139
7964
8794
9200
7818
8167
8489
8375
8561
7831
8770
7398
9073
8958
8633
9053
7415
8898
8724
8304
10224
8636
9429
10276
9051
8615
12468
8215
9175
8476
8170
8446
8728
7575
9080
7846
7671
7892
8421
7736
9087
9364
8134
7615
8511
8339
8903
8832
9343
9261
7587
7390
8342
8893
7881
8343
9114
9054
10000
7953
8280
8095
7789
7752
8216
8303
7487
8877
8627
8235
11001
8577
7384
7564
7912
8826
8904
7334
9353
7502
8883
9259
8695
8298
7694
8218
7659
8885
8825
8653
7996
8010
9245
8812
8393
9245
9297
9249
7833
8216
8216
8856
7635
8333
8178
8540
8471
8120
9141
8275
9265
8673
8137
7749
8272
7974
8358
8090
9415
8148
9262
8695
11685
9302
8458
8261
8454
9400
7611
8475
8358
8502
8563
8433
7837
8579
8618
8385
8071
8140
8244
9582
7813
8687
7671
7559
7760
7396
9054
9128
8523
7556
7832
8743
8497
7589
8363
8451
7961
7699
8021
7570
8482
8216
8820
8420
8405
7916
8105
8698
8210
9207
8876
7316
8769
8296
8421
7471
7958
9164
7450
8903
8126
9123
8584
9063
10306
7415
8707
9238
8161
7856
8009
8612
7575
8396
8861
7654
8475
8847
8989
8413
9239
7876
9133
8312
8645
9007
8409
8793
9053
8056
9092
7478
8056
8935
8196
8436
9358
8231
8857
7758
8774
8568
8338
7945
8499
8613
9117
8343
8419
7900
8642
7883
8182
7748
7637
9295
8032
8732
8698
7597
7610
8911
8897
8086
7945
9278
8604
7934
11396
9105
9081
11137
8284
9097
9293
7998
8348
8596
7405
9453
9020
8933
8491
8932
7916
8142
9097
7764
8573
8415
8893
9241
7948
8934
7372
7589
7881
7887
8150
8295
8334
8630
9294
7940
7776
8557
8107
8702
9126
8205
8878
9270
8176
7618
9019
8331
7860
9026
8174
8025
8085
8573
7578
8432
8251
9984
8853
8797
11210
8101
7621
12789
10270
8128
8872
8407
8471
8164
9057
7743
7815
7589
8449
7589
8495
7560
8310
7669
8258
8286
8095
7878
8404
8668
8636
8132
7895
7548
9027
9449
8107
8089
8131
8973
8459
8861
8105
8350
7608
8784
7983
7533
8955
9115
7978
8788
9104
7773
8209
8611
8277
7804
8758
9420
8928
9099
8948
8006
8183
8506
8278
8756
8191
9320
8876
7942
10564
7664
9020
8128
7962
7549
8318
7887
9003
8223
8743
7604
7953
7679
7580
8057
8293
7844
8396
8647
8060
9400
7794
8330
8267
8133
8741
8521
9839
8940
8029
9128
8876
8066
9077
8189
9356
7977
8205
8501
8765
8143
125941
7684
8227
8097
8154
9421
8563
8651
8420
9279
8174
8081
8485
8233
8435
9012
8505
9282
7753
8896
8121
8176
10684
8200
8183
7774
8255
8665
8344
8379
8022
8169
7780
9358
8233
7790
8958
8596
8051
8304
7833
8142
8623
8225
8989
8860
8584
7656
7736
7805
8718
9067
7678
7670
8389
7589
7794
8615
8569
7723
8594
9279
9067
8493
7800
9306
8210
8994
9394
8448
9457
9297
7363
7605
7691
7786
8102
7779
8501
7326
8778
8033
8830
9003
9041
8215
10364
8041
8328
8630
8513
9098
9019
8525
8478
8375
9094
7459
9346
7775
8059
9220
7902
8169
7514
7994
7931
7932
7748
8984
8394
7891
8356
8860
8138
9095
7590
8345
9235
7748
8457
8010
8264
8617
9011
8217
9769
8512
7271
8296
8507
9409
7552
7698
7914
7775
9110
8945
7571
8058
8589
7456
7901
8088
8058
8941
7594
7953
8358
8041
11260
8574
7962
8818
7880
9207
8167
8405
8359
8954
8995
8127
8764
7771
8231
8682
7610
8759
7770
8240
8209
8860
8151
8866
7609
7570
8373
7864
8574
9246
8690
9054
8685
8402
7927
7765
9219
7813
8846
7509
7624
8587
7792
8818
7752
7756
8458
8515
7528
8792
8077
7427
7879
8335
7759
8441
8175
8426
8413
8589
7774
8206
8215
8758
11366
15066
9815
8348
10146
8482
8208
14841
8727
9011
8979
8010
7973
8215
9042
7241
9186
7634
7784
8706
8738
7692
8000
7627
8457
8085
8634
8872
8307
8597
8678
8041
8740
9246
8264
7859
8297
8107
7893
8103
8210
7513
9115
8094
7928
8824
8371
8542
8099
7559
8197
9214
8698
9082
9346
7533
9248
7470
7704
8317
8291
9128
7722
8148
11339
9454
9121
8978
8841
8076
8353
7873
8025
9298
8002
7453
7363
8404
8777
121364
7530
7923
8727
10068
9191
8897
7914
8653
7667
7699
7832
9437
7791
7988
8137
8103
9264
8840
7641
8553
7898
7753
7892
9040
8457
8393
8497
9021
7919
8248
8015
7749
7818
8344
8379
7948
8649
7487
7882
7887
9230
8312
8408
8285
9343
8436
8260
8251
11282
8215
9043
9368
8138
7616
9188
8923
9340
8205
7984
7994
9282
7911
9229
9187
9893
8195
8298
8597
9233
8372
7605
7718
8528
7633
8448
8349
8795
8338
8115
8151
7774
7630
8492
8258
8053
21425
8753
8343
7975
7630
8737
8835
8675
8784
8348
8871
9066
9403
9213
8247
8433
8757
8830
8558
8273
8112
8880
7666
8377
9211
7562
8966
9436
7780
7640
8232
9388
8654
8618
7738
8110
8593
8174
9017
9461
8810
9695
7856
8213
13692
8714
9202
13751
7672
8748
8815
8977
8438
7530
8351
8867
8313
8808
9288
9261
8455
7386
8239
7971
8051
7738
8008
8195
8438
8555
7672
9177
7814
8425
8612
7282
7758
8336
7910
9093
9133
8039
7732
9070
9180
7734
9164
7823
8972
8039
8997
9943
8444
7876
8317
7669
8334
8922
8758
7928
8041
7781
7841
8625
7606
8791
8389
8164
8199
9198
8246
9369
7555
8071
8570
8050
7899
7492
7653
8077
8385
8421
8838
7999
7667
9066
7572
8441
7971
7333
8400
7702
9202
9122
7698
8533
8201
9035
8860
8887
8928
8368
9184
8087
8350
9222
8188
7738
7676
7572
7775
9446
9200
8595
7838
10902
7532
8000
9225
9332
8794
8389
8337
8013
8438
8164
8814
8736
7802
10239
8184
7412
8416
9214
8264
7804
7314
8241
8101
7704
9185
8192
8104
8687
7973
7671
8527
9335
9091
7640
8454
8379
8262
8203
7561
7792
8030
8364
8212
8820
8029
8806
9282
8467
8605
8027
8916
100176
8684
8194
7721
9001
8392
8368
8128
9243
9192
9030
8625
11011
7734
7911
9205
8151
8975
8383
7714
8374
9250
7774
9340
8318
7793
8411
8835
8592
8697
8731
8390
7389
9184
9205
8692
8960
9366
7549
8283
8091
7533
8353
9252
8196
7873
8158
8594
9120
7984
9064
8795
8897
7312
9230
8762
8417
8379
8370
9042
8661
8201
9184
9628
7725
10818
9076
8010
8725
8765
8191
9135
8205
8337
8633
9200
10714
9162
9066
7553
8788
8464
8598
7979
7979
7739
8010
8997
7674
7476
9084
7629
9137
8383
8543
8751
7835
8172
8541
7680
8702
8920
9039
9250
9692
8772
8911
7691
9457
9158
7527
8063
9034
8981
7258
8953
9266
8987
8615
8553
8651
9138
7535
8115
8212
7962
9260
8059
7614
7910
8556
7875
7532
8143
8102
7984
9018
8035
8476
8282
10825
9292
8686
9010
7786
8027
7848
8576
7691
8061
8801
8060
7972
8825
7805
9575
9931
8427
9181
12834
8768
7510
11010
8586
8704
8932
8361
8235
8476
8029
7979
9940
10404
8311
7623
8540
7580
9098
7789
7582
7641
8653
8454
8794
8413
8636
7592
8041
9043
7586
8737
7789
7974
9082
8384
8064
8213
7994
7707
8970
9282
7841
7765
9029
10520
8935
7778
8462
8051
8148
7391
8128
8654
8687
7717
7577
8032
8213
8113
8841
9399
7653
8358
8560
8756
7706
8400
9080
7928
7314
7758
8461
7917
7972
8958
9061
8112
8210
7438
8973
9045
7975
9035
8114
8656
7754
9030
9220
8284
8153
8587
8895
8703
9018
8562
8272
8231
7791
7569
7813
8388
8136
7647
7977
8374
8794
7830
7570
10219
8683
7719
8415
9026
7663
8539
7634
8183
7824
8969
8034
8401
8962
8466
8105
7738
8155
8134
9108
8709
8733
7362
7590
9039
120622
8127
8029
8285
7853
7593
8574
7837
8863
8811
9154
7408
8676
7878
9069
8352
8944
9212
8585
8836
8584
8231
7538
8225
7595
8614
8624
8008
8830
8280
7476
7694
8735
7900
8661
9340
8018
8904
8626
9082
8213
8490
8781
9143
8497
9153
8312
7635
8844
8829
8981
8103
8131
8158
7643
8845
9028
8135
7848
8235
8111
7542
8954
7933
8000
7988
9094
7910
8607
7652
8379
8838
8915
8853
7420
7593
7741
7994
8620
7806
8942
7948
9491
9439
7597
8354
8463
7899
9256
7707
7654
8649
8714
7611
9222
7601
7779
7794
8996
7716
8142
8517
7718
10459
9313
8807
8546
7470
8604
7594
7914
8869
9117
8575
7847
7615
8283
8235
9101
10693
9299
8400
7681
9220
7889
8184
7912
8147
7771
9219
8774
7808
8076
8613
8220
9027
8474
8810
8825
7629
7875
9054
7895
8491
9171
9285
7913
8242
9604
9062
8958
7490
8543
9020
8459
8813
8164
8031
8373
7746
9274
7396
7729
8055
9040
8279
8483
11077
8357
7620
8208
8076
8256
9529
9197
7456
8912
8489
8377
8758
8885
7674
8461
7774
7610
9253
7987
8194
8353
7677
8875
8836
8405
8788
8866
9176
8534
9950
9082
10427
12774
8608
8179
8464
8981
7778
9585
7610
8158
9634
8958
8594
9250
7953
9227
8488
8802
8861
7840
9225
8326
8794
7502
7569
9366
9287
8532
8389
9081
8437
8311
9843
7897
9096
9282
9168
8647
9040
8151
8452
7621
8000
8216
8110
8669
8896
8175
7793
9749
7945
7651
7768
8723
9030
8802
7469
8532
7842
9454
8700
8173
7554
8824
9441
8683
8213
8730
9749
8274
8076
8917
8174
9258
8082
8653
9098
8030
9219
7829
8393
8817
8516
9056
7485
8251
9241
7610
7785
8817
7780
8917
7975
8169
114317
7957
10264
8020
8752
9325
8047
7547
9574
8839
7955
7723
8480
7909
8469
9484
7938
8543
8215
8890
8980
7948
8111
7769
9003
8450
8815
8534
9343
8420
9537
8273
8271
9670
8219
9029
8160
8850
8228
8925
7915
8179
8988
9458
7834
7968
7762
7666
7769
8219
8098
8826
8873
7712
7934
8461
8442
7583
8567
7793
8354
8471
9238
7570
7577
7364
11529
8959
9207
9071
8841
9117
7988
8046
8619
9351
8841
7620
8998
8666
9159
8246
8300
9210
8887
9243
8974
7840
8135
7953
8661
8374
8849
7562
8641
8817
8789
9164
8749
8679
8085
7937
7983
9227
7616
9076
8697
8436
7594
7923
9164
8781
8422
9200
8262
8302
9121
9179
9032
8444
7656
7993
7691
8527
8746
7990
11317
8774
8037
7997
10876
9245
9373
8802
8887
8220
10564
8978
8320
14535
8345
9200
8096
9460
7798
8695
8441
7791
8765
8257
8797
8010
9297
7739
7605
7768
7651
8900
8051
9243
8514
8158
9095
7615
8933
7810
9050
8861
7621
8465
8224
8240
9262
9275
8279
8641
9141
7865
7862
8214
8113
8013
8015
8717
7753
8436
8023
9239
8419
7348
9195
8371
7722
7671
9923
8829
7902
8714
7682
7769
8528
7808
7952
8379
7820
9237
8216
8073
8427
9071
8189
7678
8993
8235
8797
8335
8583
9134
8515
8442
9000
8355
8438
7934
9000
8389
9321
8314
8688
7906
8277
8107
20136
8239
8320
8333
8490
8437
7758
19677
8555
7874
8331
8834
9056
8815
8718
9100
9409
9311
7595
8571
8179
9380
7918
8726
8397
17394
10468
7610
8189
8186
8176
8304
7753
8697
9015
8247
8761
9201
10181
7775
8940
9661
7610
9606
14642
8065
7688
9198
8519
9505
8528
8640
8770
7301
9099
7775
9039
8297
8902
8185
7762
30853
8468
8174
8331
7650
8797
8294
8853
8938
8211
8359
8548
7688
8745
9310
9178
7746
7884
8048
8370
8657
9400
8415
9399
8015
8384
8558
7764
9853
11404
8241
8461
8642
8379
8131
7640
8945
8699
7770
7497
8143
7651
9311
8281
8217
8723
8314
8936
8209
8348
8846
8461
8776
8225
7815
9058
8101
8456
11930
7567
9077
9820
9103
7776
8898
7807
8908
7389
7571
9027
8027
8220
7792
8579
7623
9411
8575
8988
9302
7993
8184
8446
8368
7933
8208
7725
8100
7616
8109
8952
7959
9223
9389
9714
7614
8090
8051
9277
8118
7951
7287
8261
8472
8654
8697
9260
7887
7451
8563
9498
9194
7573
7855
7558
8631
8425
7957
9622
8953
11753
9142
8811
8714
8177
7785
8389
7834
8937
7271
9414
7795
7943
8875
8487
9143
7859
7791
8292
9271
8123
7651
7596
7707
9039
8027
8185
9135
8456
8058
8415
9004
9258
9378
8774
7795
8250
8281
10926
7582
8092
8187
8246
7961
8266
8387
8068
8686
8459
7456
8583
8431
8432
7594
9059
8215
7703
8153
8338
9631
9218
12527
8157
7863
11169
8196
8936
14418
7476
8920
8526
8275
7954
8651
8394
7830
8197
7449
9218
8536
9307
8927
8529
8123
7883
8418
9120
8150
8258
8556
8099
7982
9177
8205
9213
8374
7438
8236
8841
8316
9097
9230
10205
8098
8641
8102
7865
8551
8728
8962
8484
8560
7752
7973
8997
9236
8300
9897
8218
7602
8876
8753
8622
7671
8336
7702
9198
8270
8766
7782
7962
7581
8252
7907
8284
7711
8536
7805
8370
8290
7366
7508
8411
7388
9079
8524
8564
7928
8933
8984
7489
9234
8958
8094
9375
8897
7914
8482
8152
7436
7803
7976
9411
8521
7690
7609
11260
9364
9141
9150
7929
8477
9200
8286
118513
7846
7793
7988
7705
8957
8024
8137
9781
9066
7692
7849
9196
7827
7726
7866
8814
8174
7835
9000
8889
7931
9285
9224
9010
7583
8630
9131
9112
8328
9397
9092
8608
8158
7589
9758
8117
8989
8025
7924
8491
8353
8548
9019
8834
8491
8118
8017
8412
9241
7779
9245
8394
8176
8652
7589
9707
7690
8507
9061
7514
8996
7727
8824
9213
8467
9141
8638
8621
8825
8791
9181
8520
8598
7543
8829
7850
8076
7987
8535
9323
8953
8809
9134
9261
7889
7974
8253
7742
9256
7939
9439
8263
8592
7828
7927
7964
7840
7843
7951
7318
7960
7651
8973
8654
7707
7650
8492
9045
8734
8030
9379
8846
8917
8128
7790
9214
9240
8904
8797
8925
7923
7753
9061
9179
8104
8901
9257
7613
8389
7627
8616
8323
8313
9164
7755
9012
7792
8270
8893
8487
8998
8260
8331
8880
8977
8073
7818
9286
9164
8370
9039
9917
9179
7297
13647
7737
8599
9697
9438
8856
8434
8533
8522
19317
8112
8248
7635
7512
9131
8907
8811
8416
9236
8370
7610
8104
7517
8960
7812
9138
7907
7908
8556
9976
9302
8313
8215
7794
7343
7732
9389
8393
8733
10671
8888
7302
8533
8194
7964
8441
8136
8286
8343
9031
8853
8792
7793
7396
9308
8720
8839
8697
8712
7851
8035
9319
8213
8402
9007
8992
8992
7548
8890
7942
9213
9297
7964
8894
7553
8184
8353
8092
8752
9010
9061
8546
7928
9014
9193
8242
8102
7666
7779
8271
9128
8610
7994
11138
8149
9697
9155
7990
8229
8343
8216
8895
7775
8205
8973
8992
8428
8335
7728
7390
8720
8072
8667
8448
7805
8821
7329
8169
7784
8588
9046
8147
8280
8122
9256
8010
9035
9081
7808
9378
9400
8621
8389
9095
8747
7591
8242
8203
85614
7544
8858
8440
8112
9135
8403
9254
7776
8390
8819
8251
9039
7400
8190
8302
8269
9246
7824
10944
8784
9239
9032
7628
7560
7422
8099
7607
8268
7590
7629
7522
7614
8059
9388
20697
8415
9026
8874
8523
9330
8866
8589
9221
8815
8102
8037
8137
7645
7852
8822
8112
8605
8666
8656
8558
8440
7917
9119
8557
8718
7655
8793
8769
8409
7718
7781
8618
8167
8858
9286
8398
8007
8284
8205
8970
8853
8714
9156
8023
8236
8199
9107
10761
8979
8420
7420
8793
8456
8951
8705
8411
8088
7866
8410
8762
9333
7943
9364
8108
7449
9247
8630
8804
8234
8772
9208
8004
9092
8629
8456
9253
7692
7648
8868
8534
9512
9517
7925
8575
8194
8634
7628
8567
8061
8998
10620
8597
7429
8775
10266
9255
8571
13800
7611
8280
9658
9185
8710
9381
7377
8541
8697
9015
9440
9215
9080
9578
8028
8703
7979
8877
7712
7656
8023
7948
8802
8076
9166
9063
8508
7403
8766
8517
8647
8461
7573
7583
7893
9092
7932
9480
8567
9360
9153
7953
9619
8523
8067
8051
7921
7689
8554
8851
7746
9061
7597
7721
7687
7841
8149
8415
7790
8194
8138
8236
8394
7810
7538
8830
9476
8245
8963
7783
7541
7690
9117
9637
7476
8559
7375
10030
9062
8745
8043
8443
8462
8333
9026
8072
8994
8449
8812
7755
7889
8203
8352
9189
9466
7420
8312
7852
8168
8020
8408
8980
8281
7799
8388
9456
7731
9367
7872
9498
9262
8178
7687
8593
7673
7621
8625
8194
8571
8041
8182
7379
7997
8259
7748
7908
9347
8718
8046
7854
8540
9492
9437
9136
8731
8465
7871
8363
8251
8285
8132
10347
8344
7574
9411
8789
8406
8851
8433
8838
8926
8316
8846
9459
8255
8666
7447
7833
8150
90024
8094
8495
8072
8035
8142
7537
8276
9235
8069
9227
7814
8988
7888
8672
7530
8772
8272
7502
7849
7873
9005
7751
8600
8341
7624
8822
8117
8607
9066
8327
8846
7862
9020
7972
7602
7637
8147
8404
8236
7772
7871
9150
8600
9006
8288
9006
8908
9039
8053
9000
10666
9402
7836
8900
8112
8941
8907
8068
9179
7835
8297
8034
8750
8856
7825
8032
7492
8470
9383
7811
8044
7415
9237
8594
9457
8615
8728
8043
7963
8495
8383
7933
9024
9219
9027
8367
9348
8189
9173
8852
8145
8199
7273
8846
8180
8031
7994
8266
8019
7500
8932
7577
8469
7933
8441
8266
7722
9231
9008
8941
8409
9190
8553
7613
8932
8058
9507
8374
8241
8554
7400
8053
8379
8648
7987
7263
8947
7833
9266
9138
8499
8852
8424
9189
7781
9286
8620
8317
9035
7840
8508
8757
9255
7537
9212
8502
8559
8962
8071
9266
9158
9189
8676
7741
8910
7718
7988
7750
8677
8769
8416
8294
8358
8959
8071
7471
8684
7789
8303
7715
8398
8430
9465
9856
8375
8353
8076
7783
7709
7296
8993
7723
9317
8870
8832
8115
8601
8331
7826
9120
7758
8893
7847
8405
8421
8399
7774
8800
8238
7752
7665
8633
9138
9339
9100
9233
7757
8116
8876
9123
7964
8944
11164
8450
7550
9755
8974
8276
14330
8580
8779
7530
7630
7503
9134
7556
9458
9558
8292
8028
8371
8675
7897
8105
9339
8015
7851
10225
7871
7708
8455
7867
8543
7530
8170
7468
9082
7542
8031
7267
7728
8364
8274
8190
8239
7750
7835
8815
9010
7919
8254
7423
8326
8585
8183
9422
8381
9056
8000
8389
8203
8795
9159
7908
8052
8259
7485
8210
13687
9185
9112
8900
7337
8129
8140
7899
9350
8487
7974
9620
8474
9218
123892
9299
8552
9359
8465
8337
8681
8776
8753
11338
8315
8735
8212
8599
9207
7821
8394
8241
7922
8456
9009
9137
8676
9377
8094
8153
8336
9092
9081
8115
7794
8382
8030
7589
7568
9056
7566
9376
8037
8369
8437
7675
7910
8180
8600
9246
7933
7858
8467
9638
8447
7717
9017
8098
8642
7801
9151
8641
7273
8483
8240
8574
7532
7877
9106
8497
8592
8021
8958
8062
9000
8389
8400
9676
8030
8507
8852
8184
8587
7997
9220
8842
8758
7822
7754
9237
8446
8938
7613
7858
8825
8167
8413
8553
8520
8917
8398
8989
8503
8141
8463
7811
7915
9536
9388
9556
8659
7342
7656
7757
8884
8673
9213
8128
7457
8435
7636
9479
8698
8070
8956
8475
9226
8772
8148
7472
8207
7941
7409
7794
8838
8598
8274
8540
8141
8016
8357
9454
7607
7753
7227
8622
7696
7607
7431
9400
8784
7627
8197
8579
8259
7790
9081
9408
8194
9248
7618
8467
9184
8147
8682
8357
7496
9164
8865
8062
8507
8394
7526
8521
9468
8892
8932
13678
9211
7417
10082
7748
7591
9394
8347
7953
8271
7904
9053
8073
8702
8324
8502
7419
8313
7728
8189
7615
8226
8701
8188
8881
7921
9007
8654
9558
8758
8589
8858
8378
8854
8886
8648
9207
8133
7830
8707
8288
9252
8441
8792
9241
17270
8357
8774
7748
7842
7935
8279
8733
9018
8410
7714
7491
8235
8432
7708
9235
8953
8099
7767
8025
8302
8267
9297
8576
9119
7802
8559
9083
7634
9158
10492
8934
7781
9256
9212
7832
8399
8352
8369
7296
8819
7637
8635
9209
7715
9133
8201
8843
8490
8652
8270
7816
8134
7861
8957
8735
9479
8220
7486
9042
7425
8468
9146
9106
7715
7367
8924
7846
8507
7839
8937
8642
7227
8639
7791
99830
8669
8376
7491
8012
7934
7818
8419
7864
9008
7837
7235
7689
8244
9034
8623
9596
8897
8186
8618
8518
8072
7623
8415
7923
7260
7919
8476
8815
7761
8962
8673
7623
8177
9015
8456
9542
8833
8625
7272
7620
7800
9201
8095
7694
8071
7746
8634
9200
8676
8975
9401
8850
8112
9225
8798
9232
9261
8656
7543
8133
8492
7713
8338
9339
7930
8155
8030
9112
7713
8670
8809
8019
8579
7747
8467
9145
7692
7651
8617
8321
8179
8438
8342
9085
7895
8666
7498
8774
8938
9121
9032
9000
7902
7917
8312
9031
9059
8747
9199
10022
7692
8646
7568
7466
8945
8737
8128
9199
9219
7594
9007
9373
9279
8225
8523
8117
8810
8029
9909
7947
7427
8228
8187
8166
8215
7740
9220
7483
7970
7892
8711
8222
7833
8881
7790
8718
9117
8129
8890
8835
8584
8574
7671
8515
8085
9164
7850
8752
8378
8927
7701
8794
8463
8205
8574
9014
9262
8843
8498
8534
7975
9282
8328
9878
9050
8732
9259
8512
8091
7898
9551
9058
8588
9417
7792
9642
7462
8882
7552
7880
8882
7611
8111
8159
8295
8810
7886
7579
8353
8802
9042
8571
9984
8138
9088
14284
9805
7850
8878
7900
8501
9654
8580
7795
9060
9192
7731
8313
7932
7816
7553
8874
9037
11254
8231
7770
8886
9233
8738
8665
8149
8495
7915
8825
8348
7713
8771
9007
7338
7661
9034
8213
8536
9336
8511
8098
7611
8117
8625
8538
11005
8445
7574
8357
9087
7786
9181
8635
9244
8615
8669
7781
8573
9025
8127
8438
7960
7800
8034
8769
7538
7732
9103
8012
8207
7446
8654
8297
8045
8263
8617
9000
7565
8556
8051
7913
8690
8498
9262
8030
8687
8103
8327
8972
9275
7628
8813
8242
9374
7712
8405
10364
101629
8768
7610
7758
7871
8349
7651
8903
7891
8994
7788
7876
8733
7519
8751
8401
8859
7716
7598
7653
8742
8890
8761
8738
7667
7813
9259
7573
7807
8957
9071
9420
7357
7857
8578
8676
9395
8531
8017
9849
7921
7733
9155
7577
7697
7807
8476
8816
7562
8801
7615
7452
7511
8114
7748
8081
8169
8471
7564
9127
8073
9472
8891
9950
9267
7301
8431
7762
7498
8652
8086
8877
7830
8911
8764
9492
8073
9293
8394
9487
8691
8690
8358
8031
8643
7572
7375
7788
8221
9235
7942
9277
9043
7934
9143
8676
7789
8682
9549
8810
7774
9298
8384
8269
7649
9320
7751
8600
7608
8827
9057
9036
8126
8354
7876
7717
7835
8361
8010
8623
7686
8445
8256
9163
8497
9315
8352
10650
8409
8337
9029
9041
8712
8161
8551
9717
8130
8202
7764
9211
7803
7910
9223
8730
8438
9126
8223
8553
8981
8861
8505
8441
9251
7789
8230
7916
8800
7708
9318
9370
8483
7534
8651
9223
9399
8969
7921
9564
8831
8622
8482
8467
8674
8040
7895
7835
8835
8316
9162
7867
7850
8142
7743
9030
8375
18694
13055
8672
8048
8191
8015
8839
7888
8045
8268
8328
8158
8933
8506
8523
7551
7964
7779
7789
8669
8497
8007
8656
7371
8175
7822
9025
7751
8624
8154
8141
7633
7843
8293
9341
9210
9043
7425
8446
8753
8061
8103
8848
7981
8677
8720
8405
8846
9456
8985
7711
8394
7780
7979
9580
8276
7743
8176
8220
7752
7779
8092
8942
8258
8198
8272
9359
9256
8183
8533
7631
9148
7769
8937
8644
7684
7629
7874
8808
7794
7729
7605
8657
7597
8044
8805
8353
9350
8830
7869
8118
7729
9324
7808
8410
8195
8331
8522
8011
7966
9221
8555
8082
8646
8081
7876
9055
7858
123722
8588
8382
9296
7393
8753
8978
8797
8819
7536
7553
8296
7756
8601
8208
8419
8717
9239
8430
7779
8595
9265
8122
8674
7743
8363
11477
8782
9084
8551
8637
9230
7597
9261
9197
8610
9502
8374
9426
7324
7639
8777
7652
7974
9208
9284
8640
7575
9363
7681
8680
9005
9260
7853
8191
9225
7952
9316
7963
8421
8526
9009
9080
9000
9033
8416
7958
8463
7926
8397
8456
8371
7732
8224
7352
9212
7854
9005
7745
8417
8871
7793
8687
7956
8006
9427
8385
9170
9131
8960
10835
9383
8842
7918
9271
9066
8695
7540
7887
9287
8482
8174
7568
9114
8946
8938
7619
8390
8954
8922
8640
8647
7761
7902
8428
8712
8695
7599
8048
7713
9477
8653
8862
7816
9309
8204
8429
8567
9251
9117
8857
9284
8734
7860
14994
8290
9485
9241
7628
8989
7835
8571
8395
9348
8697
8039
9172
7608
9376
7969
8332
7489
8628
8374
10594
7568
9383
7912
8100
8422
8725
7872
9046
8379
7708
7818
7867
8728
8651
8184
8371
8874
9240
9558
8522
7528
8441
7969
9450
7838
9309
9534
7723
9201
7610
7991
8382
10103
7849
8512
8640
9041
9254
7553
8233
8568
8054
9051
8861
8799
8136
8316
7574
8673
9254
8043
8712
8735
7622
8636
7488
8198
8512
8820
7652
7355
7500
7497
9054
8345
7798
8379
8642
8286
8714
8794
8151
8660
8212
7332
7716
8509
8945
9096
7985
9176
7921
8652
8530
7625
8825
7755
9084
8129
7728
9316
9051
8206
7659
8064
8220
8584
9142
8679
8624
8003
7994
7964
9347
8071
9172
8669
8212
8794
7574
8789
8174
7954
8776
8235
7573
9259
7742
8096
8539
8889
8629
7579
8685
9396
8748
7671
9369
8885
7831
8882
8035
7539
7950
7889
8116
8629
8315
86453
8928
8327
7799
7830
9254
8337
8479
8172
8232
8584
8456
7937
7638
8711
9119
9010
7936
8390
9061
8421
8110
8323
8558
8222
8364
7839
8796
7790
7637
7616
8558
7510
9158
9117
8098
7731
7723
7889
7950
7615
7913
9053
8598
7596
7876
7937
8535
9076
9047
9019
7760
8129
10193
8545
7953
8191
7924
8673
8268
7467
8684
9588
8051
8735
8317
9050
8244
7825
7875
9302
9121
7602
8507
7893
9133
8850
9160
8610
8523
8020
7973
8550
8297
7923
8861
8323
7579
8835
8984
8864
7640
8656
8696
9056
8702
9148
8432
8048
8806
8406
7758
8138
7974
7490
8708
8910
8922
8835
8624
8195
9225
8004
8476
7754
9080
8375
8837
8579
8040
8121
8134
8698
7806
8701
8597
7565
7681
7875
8180
8780
7608
7911
7455
8166
8110
8724
8603
8672
7568
7821
8399
8860
9087
7896
8966
7901
7685
8851
9411
9009
7588
8795
7868
7652
8007
7570
9430
8262
8358
8034
7469
7994
8503
9038
8513
7369
8185
8108
7880
7870
8292
9054
8315
8611
8595
8847
8928
8687
7773
7897
9729
8716
7877
8594
7667
7543
8979
8516
7802
8113
7574
8962
8717
7381
8858
9235
8697
7779
8615
9082
7853
9312
7576
8083
7816
9359
7631
7838
7649
9000
9194
8778
8629
8913
10149
8079
7931
7669
8613
8718
7674
8342
9235
8620
8395
8938
7596
9105
8589
9199
8030
9096
8598
8611
8845
7876
9152
7554
9115
7890
8337
8108
8374
9262
10359
8087
11312
8133
7725
12912
8707
8211
11169
9038
7423
8395
9288
8800
8215
8333
9273
8554
8072
8402
7774
7614
7728
9397
7822
8109
7491
8693
7936
8974
8055
8514
8832
9099
8480
7995
8955
7699
14298
8856
9025
8148
8602
8620
7753
8679
9210
9345
114030
8651
8718
8927
8422
8165
7911
7815
8637
8598
8982
8909
8538
8812
9062
8094
10910
8638
7818
9237
7558
8397
8155
8755
8923
7444
8126
9059
8136
8251
8847
9105
8145
8004
8179
8325
7968
7679
8467
9104
8507
7729
8871
7752
9275
8604
8158
9451
9042
9071
7520
7373
8915
8579
7908
9197
7958
8407
7630
9458
7594
7586
9138
8278
9254
7457
7910
8743
8530
8283
7584
8967
8504
8357
8764
8164
9136
9082
7942
8384
9879
7850
9553
7616
7750
7783
7974
8533
8607
9121
7616
8274
8116
8355
9494
9122
9356
8071
8564
8989
12658
8735
8235
8959
7596
8821
8679
8517
7966
9597
9415
9595
12732
9267
9168
8033
8448
8737
8374
8090
8779
7992
8847
8866
9487
8193
8238
7766
8600
8402
8754
8479
7575
7693
7661
8460
8379
9319
8358
8251
9220
9215
8919
8164
9556
7594
7752
8646
8516
7742
8185
8194
8553
7676
8815
8243
9024
9214
7551
7816
8696
7638
8525
8863
7854
8561
8025
7668
9078
8728
7818
8752
9283
10836
8358
7589
9073
8559
9248
8776
8431
7948
8656
9934
7708
9239
14379
8125
8205
8430
7834
9338
7900
9000
7612
8113
7712
9129
9315
7860
9052
7589
8884
9258
8433
8742
7826
9156
8978
8179
9161
8543
8292
9118
8499
8504
7917
8752
9117
9219
7674
9300
8325
7639
10338
8297
8246
8466
9382
8175
9041
8915
8908
7876
8465
8494
8169
8468
8716
8993
7984
11152
9149
8243
8215
7832
7950
8573
7945
7620
7714
8702
9321
8505
9182
8839
8482
7689
8031
8405
9235
9236
7360
9293
7389
8939
8676
8509
8772
7702
7860
8398
10545
8665
7956
7758
8491
7988
8480
8551
10174
8529
7907
8884
7818
9245
8273
8353
8994
8919
8051
8825
9008
92793
8503
9158
9339
8504
7532
7915
9266
7798
8242
7871
8110
8405
8328
8103
7681
8437
9229
7997
7841
8213
8507
8657
8575
7631
8364
7901
9236
9313
8763
8946
9100
8121
8794
7762
8192
7996
8163
9066
8441
7551
9359
7994
9671
8179
7861
8232
9102
8967
9148
8564
8191
8764
8471
7609
8116
8826
9113
7527
8849
8805
8190
8701
8610
7764
8401
8302
7543
9086
9251
7687
9081
8043
7835
8160
9078
9205
8421
7666
7498
9123
8965
9227
7579
7748
8941
8197
8850
9080
9214
8651
9276
8270
7416
8670
9117
8189
8953
8079
9032
8876
8437
9017
8587
8743
8023
8353
7527
7990
7582
8850
8179
8168
9035
8575
8398
8912
7631
8958
8213
9416
8512
9356
8175
8990
8739
7651
9220
7933
9056
9080
7995
8393
7603
9154
9037
8861
8661
9056
9200
7386
8599
8643
8597
8158
7830
7834
7410
8600
8832
9438
7610
8330
7453
7390
8149
9515
8937
8286
8597
8002
8630
8073
8966
8491
8990
8523
9174
8515
9187
8558
9287
9420
8709
7590
7691
9149
9332
9370
8702
7607
8852
8539
9642
9505
9239
8605
7814
10680
7714
8134
13074
8451
7553
9519
8744
8457
8882
8003
8525
9226
7748
9269
9505
7788
8552
8646
8013
8436
8050
8280
8620
8996
9220
9497
7994
8641
8876
9170
9044
8213
8356
8584
8341
8782
8678
8144
7712
8440
7396
7939
8672
8339
7837
9130
10971
7795
8515
8800
8274
9011
8252
8105
8717
7787
7523
9157
7853
8035
7528
8476
9060
8701
8641
7764
8426
8191
7885
9230
9005
8573
8584
7481
9342
8655
8871
8779
8953
7856
7305
7850
8643
9071
8120
8776
7556
7820
8111
8667
7752
8964
8459
8540
7258
8553
8748
7743
8336
8605
9034
7671
8148
8171
109356
9207
8166
7570
7257
9017
10743
7530
7714
8152
7590
7476
8125
8974
8508
7717
8211
8134
8123
8560
8058
8172
7809
8374
8071
7332
7656
7476
8088
8113
9065
8575
8494
7751
7962
8425
8775
8994
9328
7390
7774
8557
9077
7892
7869
8492
7974
8961
8915
7748
9355
7519
8137
8653
7823
9014
8564
8133
8557
9242
7586
8091
7554
9059
8276
8598
8075
8536
7654
7659
9861
8273
7994
8373
8475
8958
8410
8362
8604
7478
8852
8397
7776
8324
8830
8979
7225
8718
7512
9391
8189
9261
8539
7287
9735
8896
9054
7801
9328
7561
8217
8196
9019
8501
8972
7601
7809
8791
7963
9082
7627
7949
7401
8956
7466
8835
7786
8795
8955
8426
8532
7999
9250
9213
7907
8000
7996
8584
7819
9196
8506
9157
7984
7237
9873
8540
9012
7656
9076
7893
7805
8738
8079
7754
7792
8591
9020
8586
8446
8024
8656
9384
7805
7929
14348
8158
7643
9085
8164
8284
9138
7951
8538
8029
8675
8994
7605
9233
8313
9290
9456
8455
8757
7650
8736
7524
8629
8375
8214
7819
8646
8816
8168
8772
9073
7573
7873
8405
8093
7835
8824
8948
8328
7825
7943
8388
8138
7856
10277
8230
8313
8015
8426
7472
8183
9399
9267
8129
8420
7761
9344
8712
9108
8933
7971
7970
7617
9087
9125
8222
8639
9224
7876
8517
9022
9259
7790
7784
7948
8708
7835
7857
8057
7876
8051
8389
8436
9399
8842
8164
8661
7389
9300
8553
9488
8880
8509
9795
8609
8998
13312
8407
8918
8937
7980
8535
9475
7989
8498
8117
9242
8111
9237
7651
7528
7993
8581
8282
9009
7730
9036
7871
20168
9055
9053
8989
7775
8498
8384
9389
8456
10356
7641
8112
8974
7492
7914
8511
8168
8850
8843
8641
7545
95558
8449
8949
8276
7333
7697
9289
8044
8291
9057
8909
7808
7726
7895
7703
8980
8680
8765
7571
7705
8796
7605
9215
8188
8121
7318
9090
8113
8502
8822
8996
7980
7892
8905
8038
8229
7939
8065
9560
7599
7856
8905
9096
8721
7887
8834
8448
8076
8598
8841
9091
8080
8673
8617
8671
9164
8365
8854
7637
7822
7339
8744
7435
8904
8859
7782
9029
9125
8275
8574
8593
9143
7979
7603
9402
8077
8412
7919
8461
7845
9158
8998
8670
9216
8203
8559
8275
8592
8134
9006
8092
8594
8534
8403
9035
8636
8615
8900
8771
9138
7315
7649
8035
7907
8933
8422
8781
8154
8190
8659
8674
8367
8648
7533
8448
8990
8633
8405
7535
7550
7841
8046
8030
8698
8837
9003
7688
8456
9116
9030
8873
8812
8162
7844
9019
8534
8855
9076
8007
9024
7307
7859
7666
7668
8780
8398
7672
7935
9121
9204
9253
9199
8456
8384
7634
9189
8374
8600
8958
8506
8938
10042
8220
7600
8835
8958
8378
9095
8013
9005
7815
7783
7898
8114
9202
7778
7692
8237
9179
8241
7451
8410
8166
9211
7611
8216
8811
8414
8157
7592
8291
7605
9164
8852
7241
7472
8483
8278
8561
8244
8741
8103
8635
9016
7989
8237
8353
8738
8385
8836
9020
8530
8942
9713
9323
8662
7936
7630
8451
8984
8841
9558
7794
9503
8806
11840
8035
8738
9122
8649
9277
10230
9397
8571
12800
7676
7882
10858
9020
9043
9205
8048
8779
7837
8705
8777
9210
7609
8011
8523
7477
8823
9184
9673
8193
8125
8561
9013
7592
9197
8819
9914
8601
8612
9299
9237
7594
8762
8210
7871
7609
7551
8376
8866
8693
8939
7776
8360
9128
9009
7633
8760
7629
8204
7630
9734
8200
8379
9174
10672
8502
9193
8031
110980
8110
8106
9108
7463
9247
7521
8656
8020
8112
8956
8072
9104
8152
8389
7974
7861
9188
7843
8596
9104
8305
7580
9063
8010
8318
8553
7947
8121
9164
8692
7751
7792
9249
8799
7627
9100
9145
9096
7592
8820
7675
8717
7882
8730
8076
8312
7755
8861
8667
7814
7448
8794
8456
8976
8456
9322
9141
8074
7917
9820
8493
8271
8024
8197
7928
8248
9178
8634
8158
8856
7588
8607
8174
8722
9074
8515
8277
9339
7633
9550
9194
9287
7595
9057
8425
7527
7952
7914
8123
8028
8184
8876
8774
9014
7860
8568
8019
8392
7698
8616
8815
8039
7917
7872
8185
9000
8300
9022
8589
7746
9210
7697
8748
8261
9011
8209
8610
8075
7885
10232
8200
7553
9035
9690
7931
8466
8871
9023
7710
8386
8430
8881
7644
8316
8560
8310
7603
9047
7999
8222
8272
7775
8447
9432
8391
7590
7256
8694
8260
8876
8195
8920
9305
8034
7990
7871
8389
7835
7794
7820
7379
7997
8412
9158
8120
8610
7910
8219
9096
8630
8177
7913
7970
8640
7752
8343
8651
8971
7645
8274
9151
8497
7329
8480
8436
8937
8203
9232
9113
8692
8335
8384
8149
7666
8502
7984
7593
8165
9071
9182
8477
8207
8138
8754
8312
9096
8161
7882
7867
8253
8201
7929
8251
8882
8682
8897
8932
8406
9100
9400
8063
7777
7879
8902
8326
7485
7788
8104
8335
9236
7562
8517
7594
8587
8919
7750
7605
8606
8574
8306
7254
8161
8762
8955
8371
8041
7446
8948
7791
8340
7670
9441
8823
8411
8492
8077
8428
7947
9159
7550
8481
8396
9312
9044
8593
8151
8189
7758
8244
8994
7676
10191
9155
8494
14348
7711
8682
9779
7895
8334
11186
9002
7885
8314
8810
7761
9026
8446
8000
8156
7661
7902
132003
9004
8761
8364
8051
7936
8467
7593
8832
9107
8344
7802
8599
7897
7739
7897
8535
9358
7615
8567
7680
7827
8357
11257
8573
8059
7667
9366
7979
8317
9214
8410
8280
8795
7871
8973
8832
8165
8436
8215
8300
7933
9198
9001
9012
8910
7374
9309
8765
7600
7781
8671
8823
7745
9492
8338
9137
9256
8748
8696
7805
8915
7509
8781
8639
7370
8041
9205
9052
8953
7649
7628
7731
8888
7790
8428
8358
7825
8900
7692
7778
8597
7973
7681
7716
8649
8312
9884
8310
7588
7509
9418
7828
8648
8645
8871
7790
8296
8128
8476
8637
7678
7591
7664
7654
7272
8053
7875
8010
8916
8165
8127
7351
8261
8296
7615
8643
7770
9361
9969
7610
7525
8433
9341
9279
8414
8078
9215
9045
7987
8872
8076
8074
7431
8410
8442
7956
8937
8648
8410
7826
9011
9219
9188
8035
8215
9287
8797
9106
8984
9604
9730
8985
8233
7532
7825
9160
9129
8312
9102
8210
8217
8888
8767
7589
8421
8648
8393
8136
8482
7931
7748
8736
7986
8718
7933
8937
7937
7612
8179
7773
8437
8425
8076
8766
7990
8193
8057
8360
8566
8302
9079
8335
8876
8088
7820
8307
9293
7605
7701
7930
7611
7953
8898
7989
7610
8696
8352
7358
8325
8987
8895
8069
8816
8938
9860
8164
9065
7989
7767
7931
8017
8556
8197
9328
9791
9279
7330
7753
7833
7615
8102
8723
8841
8153
9665
7861
8790
8806
9540
9260
7471
8430
8917
8911
8953
9640
11051
8644
7523
10001
8924
8661
15631
8574
7380
8911
9182
8014
8743
7580
9280
8254
9048
9043
19229
8923
8839
8833
8626
8950
7892
9261
9035
8587
9055
7606
8143
8185
10162
8686
7702
8130
7374
7949
7670
9405
8335
7912
8533
8668
8215
7689
103048
8335
9538
8415
8092
9106
9262
9358
8124
7593
7948
7668
9004
8817
8092
8811
9639
7823
7974
7856
7551
8032
8175
7678
7811
8141
7371
8611
8299
9008
8456
9253
8558
8620
8363
8817
8880
11051
8907
7590
8323
8064
9359
8919
8203
8892
8157
7606
8191
7917
10693
8703
8325
7794
8236
9196
8316
8505
9129
7743
8082
9020
8094
9221
7552
8402
9353
8661
7965
7650
9213
8361
8091
9233
7734
8769
7646
7794
8990
7992
8252
9307
7862
8575
8010
8866
7760
8220
9173
8839
8717
8564
8000
8020
8000
9046
7830
8456
9476
8615
8377
7610
7632
8733
8013
7414
8025
8422
9139
8430
7669
7574
7745
8511
10052
8775
7912
9241
8556
8582
8152
8415
8247
9047
7948
8394
8866
8691
8015
9400
8756
8823
9261
8838
8725
8727
8734
8564
7645
9143
8490
8734
7594
8953
8836
8163
7594
8193
9194
9066
8195
7793
8154
8691
7405
9397
9539
8466
8032
9158
8943
8124
8740
8958
8596
9241
7317
8659
8630
7812
8418
8785
8112
8343
9009
8360
8711
7721
9369
7581
7997
9019
7785
7991
8736
9131
8282
7841
8057
8625
9380
8458
9010
7656
7526
7784
8663
9127
9197
7833
8921
8140
8882
8659
7772
8193
8727
8880
8375
7446
9471
8538
9127
8370
8694
9326
8417
9036
9320
8895
9035
7687
7805
9130
7610
7774
7846
7375
8585
7708
7678
8071
7949
8536
8044
7892
8157
8366
9090
8553
9953
7671
9979
11310
8630
7584
12224
8288
8268
9445
7627
8173
10404
8045
7794
8968
8950
8825
7947
8762
7966
13356
7812
8450
8083
9112
7923
8747
8389
8211
8516
8199
8784
8300
9608
7572
8375
8734
7794
8728
8766
7773
7660
7638
8113
9053
8376
8574
8393
8107
8135
8828
8163
116901
8766
8390
7871
8445
8572
9148
7887
9033
8398
9149
7497
8015
10516
8974
7994
9369
8450
7851
8517
7597
8914
7857
9249
9231
8438
7863
8533
7622
9425
7956
8048
8771
9050
9231
8213
7909
7604
8106
8512
9502
8742
8235
8081
7870
9059
7492
8916
7796
9399
8544
8287
7619
8429
8543
8174
8107
7831
8533
8084
8615
8073
9183
9434
8013
8076
8507
8695
8925
8487
8821
7635
7361
8174
8102
9213
9319
11317
8582
7739
9061
9307
8671
8033
9328
7666
8496
8189
7830
7737
7981
8307
9066
7709
7738
9356
8829
9143
9027
8941
8138
8934
9580
9179
8316
7337
8016
8217
8233
9486
8977
8123
8220
9088
7741
7916
8347
8717
7643
8271
9165
8043
8671
9218
8818
8009
8008
8634
8620
8160
8338
7978
7945
8565
9022
8812
9218
9112
8277
8975
7839
9474
8769
7772
8696
7764
8977
7721
7852
8202
8615
7986
8489
8996
7764
9184
8364
8664
8169
9092
7787
7537
9035
8800
9430
9157
7656
9081
8467
7613
8586
8699
9761
8015
7804
7356
7630
9007
8994
8260
7605
8914
8252
9050
8650
8552
9331
7319
9118
8858
8561
7652
7772
9382
8126
8150
8835
8446
7722
9052
8566
8257
9040
8422
7972
9861
9014
8936
8420
9355
8321
8623
15017
9187
8415
9685
9427
7778
8214
8261
7937
9503
10166
8969
7866
7941
7845
7726
8935
7683
8213
8374
7766
8189
7630
8143
8684
8656
8082
8722
9316
8457
8610
7880
8614
11892
7672
8719
7772
8681
7793
8538
7490
8925
8666
8446
7786
8414
8166
8563
8851
8919
7414
8446
8280
7761
9188
7582
8230
10107
7668
8842
8267
8363
9075
8558
8033
9634
8644
8772
8645
9153
8825
8982
9023
8904
8805
7529
9256
7791
8703
7951
9205
101399
8361
7712
7913
8220
8254
7705
8101
8172
8766
9092
8633
7702
7929
8812
9530
8897
7796
8415
7667
9600
7647
7613
8407
8627
8928
7636
8246
8765
8932
7813
9044
8021
8242
8159
8092
7814
7773
8846
7823
9843
9328
8471
7589
7822
9259
7910
7670
7981
8961
9276
7613
9125
8476
8429
9133
9412
7932
7354
7726
8878
8753
7928
8056
7751
8258
8265
8234
8170
9018
7994
9368
7492
8603
8425
9031
8805
8107
8375
8476
7753
7800
8814
8617
7876
9162
7979
8513
8155
9210
9052
8613
8195
7697
8835
8002
8993
8373
8126
8119
7690
8769
7584
7703
8752
8128
7831
8677
9261
8148
9317
9128
7772
9382
7922
9377
9194
9161
8862
8373
8418
7830
9235
9186
8850
8063
8633
9300
8575
8266
8826
8471
9153
7738
9082
8836
9195
8903
9341
9129
8758
8469
8756
8711
7770
9296
8648
8601
8498
9380
8574
9465
8769
8603
8276
8388
8712
8550
9273
8865
7696
8409
8205
8273
7749
8112
7723
8092
10487
9133
8697
8322
9096
8184
8383
8235
8670
9187
8203
7914
8288
8153
7420
9020
8292
9638
7892
7728
8825
7810
8930
9084
8958
9307
7451
7789
8814
9241
8497
8116
8965
8619
7567
9012
8056
7893
8737
7711
8227
7776
7954
8896
9040
8562
8506
8930
9469
10424
7618
7923
12806
8058
8595
12113
7611
8815
7983
9814
7851
8157
7675
7491
10358
8842
8492
9251
7377
9033
8462
9231
9022
7405
7773
7820
8338
8497
8241
8414
8424
8760
7269
8317
7856
8046
7922
7373
8553
9676
7610
7578
7878
8622
8655
8632
9219
7810
8674
8780
7791
7732
7659
9030
8450
8076
8277
9152
8477
7631
7534
8225
7746
8767
8431
7873
8428
7754
9060
7690
8637
8358
8383
9069
7904
108667
8872
7998
10159
8303
8135
9504
7655
8015
8343
9260
8438
8430
8171
8246
8364
7933
8916
8748
8664
7553
7691
8801
9392
8202
8334
8211
8672
9364
7878
8153
9303
8296
9178
9364
8250
8851
7829
7631
7793
9155
8979
9034
7627
8158
7866
8410
8413
9002
8409
9008
7394
9128
7430
8407
9002
7766
9232
8326
8319
8078
7915
8584
8501
7876
7271
7574
9958
8928
8194
9252
9183
7304
9294
7711
9663
8547
8302
8355
8105
7989
9047
8199
7453
9438
8383
8099
8117
8538
7811
7838
10302
8226
8130
8136
8461
8856
9178
7723
8414
7396
7646
7933
8266
8412
7401
9107
7699
9285
8233
8884
8855
8073
7915
8487
8870
8216
8939
8626
7719
8375
7911
8460
8297
9071
7526
8745
8863
7852
8096
7687
9652
8662
7328
8431
8205
9056
8603
9229
8518
7468
7765
8472
8936
8614
7946
8368
8939
8775
9039
7839
8805
9920
9222
8201
7958
8309
8562
7953
8289
8800
8604
7997
8322
7751
7572
7502
8275
7510
8484
9098
8364
9014
8480
9127
7569
8779
7741
7728
8887
8411
8165
8261
8403
8036
8149
7791
8030
7610
8656
7877
9056
8676
7932
7896
9422
8220
8000
7679
7674
7881
8731
9327
10411
9175
8900
7708
8283
8492
9143
9574
7912
8624
9921
9211
8299
8810
8522
8577
8944
8370
8116
7733
9193
7793
8631
7943
7997
7572
7753
8728
8671
8364
7478
8133
8574
7836
8975
7689
7671
9296
7337
9358
8230
7750
7856
7803
7613
7859
8797
8999
7983
7775
8592
7593
8092
8972
8926
8828
9971
8735
9418
8491
8950
7812
8814
8834
9199
8455
8018
8991
9596
8375
8471
8242
7510
7541
7882
9015
7643
8358
7630
8828
8630
8952
8461
7871
9121
7388
7806
8593
8163
8463
146091
8294
7633
8803
8407
7580
8201
8446
8254
9167
8219
8225
8025
8464
8547
8426
9640
9322
7440
8013
7675
8467
7861
8150
9214
8702
8638
8365
8538
8329
10235
8599
7621
8157
9261
8293
8210
10509
8989
8215
7545
9067
8840
9464
8187
8661
8712
8895
8135
9194
8620
7272
7561
8316
8007
7566
8227
8477
7887
8250
7653
8477
8878
9408
9082
7610
8813
7531
7896
9214
9209
9015
8266
7743
9205
8633
8804
8743
7822
8004
8659
8835
8454
8941
8713
8974
7622
9269
8974
7810
9363
8167
8679
8054
11574
8619
9654
8558
8710
9328
8491
8782
8999
9632
8680
7375
9316
8435
9225
9099
8476
9146
7648
8407
8818
8654
8174
8079
8927
7428
8646
8165
8203
7991
8036
8822
8045
9004
9136
7608
8418
8280
8010
7871
7859
8417
7608
7900
8122
8337
8138
8724
9110
8065
8098
8382
8517
7714
9034
9136
7542
8535
7782
8979
7737
9186
8210
8785
10548
8521
9067
7886
8888
7512
8578
8597
7400
8454
8204
8951
8311
9255
8461
7312
8199
7953
8876
9065
8770
8881
7861
8840
7560
7671
9239
9122
8456
7632
7569
8643
9472
8331
8135
9259
7753
8455
7589
8320
8857
9090
8242
8119
8848
8959
9057
7866
10400
8672
8636
11641
9282
8186
12280
8934
8415
7564
8570
9380
8411
8887
8675
8092
10107
8635
7485
9004
7837
10561
8286
7792
8160
7538
9092
8388
8449
7584
7614
8453
8969
7964
8338
7417
8586
7433
8600
8358
8086
8934
8296
7789
9236
8950
8588
9112
8814
7841
8955
8214
8795
7728
8296
8637
8600
9263
8453
8453
9097
8868
8501
8026
8196
8589
7605
9179
8368
8825
7910
9004
7515
8719
8565
9014
8697
8876
9533
7827
10916
8419
9153
8451
8593
8282
9160
96675
8028
9379
7691
7969
9282
9102
8891
8822
8435
7695
8262
9009
8472
7604
7981
8608
8738
8641
9070
8581
8826
8364
8074
8582
8247
8810
9238
8078
8649
8092
7755
7585
8035
8139
9093
8294
7635
8974
8253
9478
9159
9186
8461
7433
9021
8056
7712
8292
9097
8414
8148
9219
8624
9011
8945
8175
9566
8816
8235
9000
8636
8179
8185
8012
8003
9129
8518
9072
8774
9019
8129
8004
8800
9019
8718
9203
8207
7997
8639
8736
7688
8425
8202
8111
9089
7597
8471
7671
8716
9520
8969
7505
7653
8395
8837
8864
7545
8300
7943
7534
7604
8063
8815
9048
7702
7795
7989
8396
7958
8232
7708
7305
7763
8302
8594
8377
8596
8251
8633
8402
9943
8151
8261
9435
8492
8313
8103
8801
9665
8997
9363
8380
8713
9211
8035
9067
7477
8897
7774
7400
8975
7849
9213
9153
9102
8307
8601
7853
8171
8159
8432
9521
8307
8076
8661
7511
7891
8682
8211
9140
8709
7815
8943
8150
8448
8596
8892
7371
9216
8616
8441
8161
7407
7869
8474
9006
8719
8825
8581
7522
7671
8030
7952
9036
9804
8231
8438
8005
8949
8658
8849
8981
8782
7480
9249
8584
8558
8383
8272
9162
7919
8938
8504
8561
7771
8318
7775
8353
7591
8212
9097
7661
8456
8558
8113
8410
8512
7970
8694
8353
8496
7400
8541
7471
7569
9000
7589
8812
7717
7518
8328
9179
8613
8635
9134
7690
7629
7451
7843
8837
7682
7649
8937
9056
8879
7945
8784
7827
8857
8321
9201
8103
8730
8094
7208
8781
8755
8840
7953
7645
8216
8164
9189
8359
8553
7629
8772
8802
8075
8782
14940
8167
7429
12211
8421
7964
9240
8755
8536
8820
7550
8976
7449
8613
7946
7606
7494
8319
9205
7733
9304
7958
116487
8739
7867
7574
7537
9107
9372
8292
8816
9015
8800
7420
9271
7892
7807
8699
7728
9377
8071
9312
11671
8635
9156
8408
8015
8312
8920
7892
9026
9251
8148
8264
7593
8194
9219
9219
7483
7590
8600
8436
9496
9196
7772
8656
7812
8822
7519
8051
7869
8092
8183
8657
9278
8517
8413
8676
7651
8824
7447
7980
7645
9053
8802
8426
9036
7942
8052
7796
9355
9175
9230
8082
8565
7858
8003
7822
8948
8430
7610
7791
8287
7538
8676
7875
9696
8748
8112
8579
7816
8075
8751
10127
8447
7391
8734
8513
9359
8178
7431
8264
7392
9390
9056
8817
7853
8042
8914
7980
8347
7936
8677
8532
8357
8730
8374
7826
7641
9005
7549
8442
8554
7488
9646
7634
8666
8285
7489
9185
7574
7683
8374
8818
8027
7437
8557
8188
7503
8305
8976
9050
7547
9158
9036
8180
8804
8964
8616
8146
10998
7696
8010
7790
7620
9215
8579
7688
8941
8337
9100
8507
8584
8378
7887
7815
8189
8599
8013
8452
8620
8584
8666
8215
9225
7532
7638
9182
8964
8682
8525
8018
8820
9634
7655
7927
7758
7854
7735
7896
7776
7800
9156
8071
8700
7891
8784
8983
7980
9231
7605
8289
9177
9616
8415
8048
9059
8748
8625
7830
8394
8379
9457
7579
10307
7712
8302
8585
9315
7815
8523
7539
7471
8164
8417
8187
8681
8956
7571
7409
9088
8552
8246
8216
8220
7670
8634
7802
10181
9000
7907
8017
9148
7659
9059
8217
8827
8702
7630
7576
8004
8690
7911
8212
8038
7802
8717
7510
7499
9235
9085
9200
7833
8370
8355
8770
9364
8973
8721
9393
8716
8389
8692
9029
9170
8753
8712
9141
9206
8335
9020
8568
8339
7892
9199
7306
8348
7698
9080
9355
8465
9538
7573
9476
9687
132104
7928
8586
9302
7543
7872
7936
7690
9193
7671
7749
7425
7855
8876
8407
8198
7651
7511
8039
9231
9240
8897
7643
8658
7979
7843
9233
7875
7902
7768
7745
7887
8338
7807
8733
8817
8120
8315
8194
7941
7830
8542
8038
8405
8386
7877
8352
9838
7593
7771
8716
8031
8030
8605
8974
9131
8292
8211
7825
7844
8439
8391
8764
8482
7708
8213
8450
8673
8594
9138
8094
8379
7535
7876
8520
8216
9113
8619
7652
8300
7993
8400
8179
8320
11564
7673
7557
7900
7514
7753
8637
8676
9154
8002
8020
8110
8926
9142
7270
8153
8877
8737
7553
8194
8898
7627
8021
8779
8573
7497
8008
9733
7592
8865
8594
8540
8441
9233
9170
8308
8637
9170
9091
8010
9487
9128
7728
8696
8503
8777
8877
8868
8624
8573
7466
7777
8635
8616
9422
7594
7751
7647
8453
8049
7780
9831
8759
7555
7709
7972
8418
8758
8116
7678
7328
7728
8695
7640
8343
8716
9200
7504
8131
8794
9313
9226
7292
8968
8033
9347
8923
8310
9143
8107
8653
8563
8023
9241
8543
9184
7637
9075
8219
8214
7759
17572
8496
7373
8270
8977
7566
8897
9169
9124
7548
7783
7789
8131
8538
7739
9227
7645
8892
9058
9033
9216
7701
8945
7596
8797
9056
9312
8678
8369
9456
7791
8869
9338
9072
9366
7651
8678
7508
8565
8273
8170
7806
7479
7907
8801
9179
7651
7899
8923
8196
8435
7936
7607
8640
10797
7648
8634
7802
9048
7795
8592
9203
8481
7817
8511
8977
9439
8414
8658
8353
7843
8969
8040
7929
8232
8712
8771
7275
8728
7528
8010
8665
8589
8822
8088
9276
9335
10969
8575
8548
13859
8837
9221
9433
8799
9005
8075
8608
7409
7635
8020
7589
9224
8183
8360
8004
9110
9436
122851
9251
7594
7928
8487
9164
8338
9343
9333
9374
9384
7471
7487
8843
9007
8994
8766
8498
8010
7864
8828
7600
9123
8369
7498
10501
8574
8912
9455
8875
9165
8241
8287
8917
8837
8822
9037
7591
8733
7413
8366
8646
7861
8940
8426
8752
8557
7835
7573
8851
9116
8247
8125
8174
7634
8963
8389
7981
7654
8553
7647
8409
7709
8473
8976
7796
9095
7728
8007
9001
9397
8616
7843
8810
11425
8342
7793
8433
8192
8579
8389
8500
9133
9097
9043
7672
8113
8438
8312
8617
8805
9297
8538
8241
9400
8364
8656
7574
7610
9425
8155
9058
9046
8860
8201
8275
8890
8364
8112
8838
9104
8048
8772
8938
7591
9082
8966
8353
7666
7502
9200
8532
7919
9142
7810
8394
7318
8066
8796
7561
7964
8821
8626
8361
9319
7759
9197
7826
11467
8024
8444
9354
7630
8992
9283
7576
8559
8713
9068
8175
8398
7572
9123
8201
7379
7893
7579
8209
8299
8467
8353
8558
8908
8739
8171
9461
7680
8926
8073
8215
7713
8558
9082
7856
9276
8662
9198
9084
9181
7776
8474
9060
9343
9123
7756
8717
9324
8609
9078
9136
7908
9088
7590
8900
7322
8144
9100
9055
7751
8430
8235
8541
10816
8587
8554
11164
9001
7552
13644
9473
8094
8938
8210
8425
7833
8279
7684
9403
9389
8328
9261
8972
8030
9311
8699
7751
8843
8008
7914
8000
8704
8706
7478
8350
8813
8174
8015
7571
7980
8563
7831
7885
9181
8654
8176
9561
7756
8652
7644
8075
7491
7573
8130
8411
9194
7497
8008
8674
7953
9274
8200
7968
8240
8458
8492
22030
9658
9218
8855
8592
8808
8211
20018
8294
10331
8921
7940
8567
8333
7892
8892
8531
8096
7814
9103
8138
9343
8900
9157
8363
23275
8927
8840
35507
8569
9296
8562
18043
7830
8607
7937
8615
8252
8175
7455
7867
8659
8818
9345
9019
8762
7852
8837
9263
8157
8220
7630
8190
8638
8493
8375
9107
9241
11095
8605
8198
9150
8380
7748
7875
8692
7617
7574
8411
9137
8747
9016
8425
7914
7734
8561
8012
9352
8676
8353
8651
7895
9030
8730
8977
8599
7813
8429
8356
8687
8901
8608
8291
7723
7478
8174
8115
8613
9012
8241
8414
8042
8550
9283
7814
8527
8036
8605
8853
8682
8881
9007
7762
8979
7712
7933
8415
7860
7884
11298
8901
7338
8676
8101
8799
7677
8085
7996
8507
9072
9140
8307
8241
7512
8655
7758
8091
9062
9180
8396
8125
7933
8441
9014
7999
7794
8557
8067
7886
9278
8109
7594
7804
9042
7990
8508
7579
7587
9200
8215
8339
8785
8762
9254
8893
8798
8918
8524
7965
7692
8543
8868
7940
9293
8661
8441
8135
7771
8437
8613
10469
8836
7543
8138
7706
8679
9065
7866
9143
8703
8820
8533
8338
9147
7613
9419
8240
8617
7718
7985
8116
8310
8173
8525
9104
8281
8507
9023
8235
7613
7773
8552
7492
8281
8133
8189
9226
7559
9642
8682
8938
8712
8212
8072
7908
9402
8000
8014
8569
8487
8176
8872
9103
8933
7994
8818
8517
8722
8247
7629
7975
10764
7830
8875
8223
7620
7551
8329
7930
8321
8299
7835
9344
8871
7902
7812
8739
9584
8063
7479
7912
9313
9105
8222
8758
8694
8552
7864
8978
8164
8237
9062
8598
8394
9517
8901
8036
13463
8473
8434
8697
9435
8770
7471
7563
7916
11833
8151
8506
8417
8374
9233
8941
8010
8768
8049
8461
7570
9221
8020
7786
8137
8460
7969
7438
7907
8610
8692
9101
7670
8666
7872
8009
8310
8906
7810
8392
8228
7254
8532
8307
117384
8317
8166
12322
8049
8314
8977
7812
9236
9194
9244
7333
8494
7830
9179
9102
7800
9033
7826
8995
9430
8404
9195
9237
7941
8284
9336
8812
9026
8374
8848
8879
9044
8476
7903
9142
8516
7533
7970
7557
8512
7774
8875
8521
8461
8115
8121
8259
9225
9079
7693
8591
8750
8579
9238
8953
8816
8492
7743
8844
8080
8811
8212
7848
9045
8408
8138
7883
7828
9214
7740
8764
8338
8624
8831
9015
8942
8708
8563
7774
7896
9006
7814
8377
9331
8459
7753
8617
8641
9222
7753
9036
7938
8466
7529
9364
7896
9210
10143
8374
7832
8922
8584
9134
7986
8797
9102
7729
8853
7911
8209
8635
8069
8734
7649
8997
7998
8978
7702
7716
9170
8693
8149
8819
7943
8256
7822
9226
10855
8656
9167
8374
8235
8469
7797
8014
8697
8625
7644
8725
7887
8364
8681
8607
9014
8574
7461
8334
8369
8937
8316
7690
8310
7894
7996
8618
8312
9015
8984
11588
9071
8769
7612
8620
8747
8840
7852
9294
8761
8071
7477
8241
7760
7608
9142
8598
9019
9125
8536
7703
7517
8748
7491
7701
7609
8057
8600
8612
8123
9226
7569
9002
8766
8099
8485
7875
7755
9971
8034
9361
14673
8303
8494
8599
8378
8870
8068
8800
7616
7745
8525
7876
7876
8581
8608
10040
7864
8062
8983
9194
8272
9024
8508
7862
8092
8435
7569
8630
8094
7771
8168
8673
9166
8765
8634
8669
8615
8219
9158
8635
8815
8264
8674
7800
8075
9028
7811
9000
8218
8973
8162
8234
8430
9015
7955
7758
10044
7733
8175
7927
9273
8986
7733
8599
8417
8757
8172
9116
9273
8235
8615
7818
7519
8907
9017
8456
8415
7624
8164
8108
8523
8404
9150
7420
9225
7995
8575
7832
8440
8615
7543
8607
7759
87571
8056
8743
8734
7954
7849
7670
9081
8270
8488
9198
8162
9077
8441
7895
9486
7664
7876
8638
9388
9287
7791
7902
9317
8817
7697
7848
9998
7750
9238
8210
8371
8472
9038
8331
7621
9062
8395
8805
8135
7793
7887
8407
8322
7256
8908
7476
9523
8963
7892
9035
8452
8405
8199
7988
8415
8556
8377
8818
9248
9327
8251
7558
8025
8590
8516
8584
8376
9377
7575
9320
9351
8394
7964
8996
8211
7901
8709
8936
7940
7875
7715
8724
9559
8070
9051
7399
8285
8558
8189
7976
10806
9559
8732
8109
8150
8940
8566
7333
8947
7794
8865
8825
8781
8699
7633
7892
7375
9757
8665
9039
9035
8644
8066
8015
8455
8583
8687
8893
8656
9114
8934
7850
8429
9217
9324
7484
8675
8420
7610
8887
8928
8920
8151
8446
9156
7969
7994
8302
8220
7871
7568
8257
9452
8636
7795
8662
7619
8073
8941
8841
8772
8123
8017
7712
10120
7889
8769
9237
7471
8547
7811
8840
8901
7558
8534
8507
8737
7346
7981
8053
7821
8974
7395
7713
8704
8747
8000
9423
7575
8066
7555
7801
8475
9403
8471
8905
7824
9660
9080
8041
9154
7953
9220
8566
8082
7943
8856
9153
8706
7738
8136
9153
8093
8148
9020
7805
7595
8077
7861
9399
8921
8153
8382
7758
7605
8205
8666
7780
11075
8604
8275
7546
9359
7907
8524
7856
8222
8866
8102
8108
8978
9622
9120
7988
7835
7901
8643
8070
9424
7615
7637
8124
8425
8790
8832
7698
7696
8333
9005
8009
7772
7615
8973
7649
8474
8093
8209
8476
8635
8902
9052
7884
9107
9067
9563
8179
9190
13755
7545
8435
7857
8498
8368
8598
7620
8234
8124
8087
8541
8954
8174
7972
9260
8575
8415
8477
9188
8246
9222
8462
8307
7630
111205
8961
8355
8174
8404
7734
8009
10225
7990
8528
9239
8447
8136
7705
10103
8246
8486
8153
8635
7832
8622
7641
8775
10130
8676
7770
8917
8255
9394
8179
8046
8244
8176
8177
7658
8959
9151
7861
8572
7407
8829
7872
9186
9467
7718
8821
8107
9097
8579
8820
8438
7387
9117
9230
10105
7861
8296
8978
8564
7523
9152
8815
8575
8255
8001
8430
9264
8872
8701
8037
8953
7511
8353
8038
8848
8814
7687
8113
9211
7982
7952
8628
8169
7730
8285
8414
8193
8408
8586
8378
9055
7425
9197
8300
8015
8802
9231
8554
8205
9373
8370
7573
9202
8179
8410
8282
8007
8454
8195
8354
7600
8837
8598
9253
8360
8129
7492
8297
10109
7251
8757
8623
9271
9140
8425
7795
8952
9221
7729
8052
9338
8819
8953
7429
8064
9015
7950
9035
8686
7730
8557
8081
9380
9113
8205
8515
8091
8404
9160
9035
9217
8533
8002
8627
8666
8251
9123
7766
8239
7355
8646
8403
8617
8582
8461
9353
7348
8872
7971
9018
8394
8711
7892
8210
9177
8536
8553
7800
9036
7752
7863
8265
9639
8045
8917
7965
9039
7873
9241
9012
8911
8465
9061
8256
7511
8604
8676
8547
7820
9128
7717
8088
8285
9048
7707
7834
7629
7608
7628
8469
8929
8094
8266
7646
8497
8818
7793
8942
8336
7494
8383
8209
8584
8240
8800
7891
9080
7579
8405
7860
8563
9172
8911
8626
7989
8030
8229
9625
8351
9171
7622
7340
9129
8759
8376
8143
9199
9060
7835
7527
8884
9007
7554
9029
8027
7604
8077
8919
8394
8820
7991
10404
10043
8053
13547
9431
8792
8977
8486
7451
9292
7802
8219
8382
8080
7556
8915
8890
9094
8778
8851
8444
7771
7740
8619
8466
8587
8646
8133
8693
8658
8389
9006
111400
9181
8291
7797
7654
8254
8694
7716
9288
7583
8047
7632
7958
7770
9524
8496
9174
10677
8660
8835
8599
7651
8462
10421
8138
7910
8570
8526
7701
7876
8045
9220
8103
7757
9091
8626
8477
7830
8658
8841
8858
7914
8621
8891
8622
8255
7749
8205
8307
8396
7914
7210
8079
8796
8785
9138
8709
7476
8651
8738
8856
8112
7536
8959
9073
7424
8381
8745
7819
8219
9603
9152
18433
8493
9420
9119
9277
8953
7946
7989
8513
11490
8512
7887
8646
7776
8814
8854
8940
9073
8258
7263
8362
8956
8600
7961
7894
8922
8851
8909
7773
8667
8355
8273
8536
7882
8629
8080
9148
9212
7760
7674
8075
9401
9049
8025
8384
8831
9143
8487
9251
7607
9006
7585
7698
9451
8769
7702
7776
8545
7580
9525
8550
7305
8358
7802
9159
7579
7912
8487
8615
8255
9012
8625
9043
10733
9454
8437
8162
8622
7907
7710
8487
7910
7759
8230
8446
9232
7785
7430
8777
7651
8194
9202
8743
8838
7634
9149
7898
8625
7707
7979
8042
7845
9157
7888
7812
7960
7795
8375
7592
8230
7660
7958
8001
9135
9189
7879
8352
8114
9114
9238
8767
7970
7652
8641
8375
8672
9041
9275
7556
9566
8600
9359
9488
9484
7991
8657
7510
10003
8060
8385
8613
7605
8928
8224
8871
8722
8923
8834
7347
9502
7696
8692
8815
7800
7787
8735
8874
7709
8999
7803
7760
9684
7820
7739
8612
8466
7747
8228
8271
7880
7664
8803
8516
8773
7606
8441
8432
8614
8163
9473
8857
8784
9626
8565
8876
13523
8613
7533
8825
9047
8682
7935
8698
9097
9317
8393
7953
7709
8809
8748
8397
11414
8588
8386
8376
8896
8115
7700
7595
7892
8590
8217
8215
9226
8810
8671
8371
8911
8179
9191
8767
103827
7742
8498
7462
7725
9278
7684
8639
7475
8503
7913
8298
9044
8658
8075
8321
8086
7886
7659
8702
8251
8070
8101
8050
8519
7453
8463
7753
8636
7541
7778
8510
8339
8136
8736
7852
8102
8368
8357
7402
9076
8360
8359
7526
9964
8089
8540
8473
9287
9179
9833
8069
8996
8174
7991
9441
8367
9236
7382
7641
9192
8387
7938
7647
7494
7848
8266
7617
8371
7738
8199
9321
7534
9066
8567
9412
7896
8646
8242
7954
7955
8780
8035
9604
8015
7621
8603
8396
7980
8792
9143
8220
8504
7402
8549
7898
8356
8878
8251
7509
8356
7988
7758
7663
8128
7625
8844
8866
10437
8466
9187
7606
8134
8558
8658
8938
8141
7835
7510
8517
8824
9067
8383
8381
10061
7743
7911
9233
9245
8308
9248
7704
9435
7442
9178
8777
7927
8535
10826
9054
8237
9019
7574
8513
8084
8130
7587
7258
9301
9255
9034
9041
8796
7578
7395
8877
7942
8996
9079
8146
8692
8595
9050
7788
9253
7894
8162
8694
7496
8920
8454
8132
9739
7877
7390
7740
8441
7974
9259
8538
8480
7929
9245
9022
9197
8865
7611
8201
8656
9338
8430
7760
9082
9091
9200
7945
9225
8845
9268
9295
8295
8153
8253
8131
8849
8459
7533
8173
8193
8165
8861
9008
7950
7470
9154
8239
9053
9000
7948
9630
8315
8829
7681
7931
8983
8446
7806
8574
7729
8624
7584
9005
7829
7841
8042
8595
11469
8425
8699
8214
7757
8143
8343
8013
8986
7647
8195
7888
8672
8016
9138
8293
8864
8870
8416
9117
9097
8929
8617
9008
8833
8750
7431
9295
8814
8808
8815
8441
7709
8012
8137
8801
7695
9032
7911
7977
8037
7677
7771
7920
8856
8470
7890
7446
9010
7912
8733
9246
8557
8800
8035
8905
7614
125753
9309
8676
9075
7814
7621
8054
12208
8054
8136
7949
8474
8735
8475
7678
8153
8929
7644
8430
7815
8901
8828
8140
7861
7851
8419
8158
8237
9236
8982
8548
8117
8097
8448
7742
7710
8461
7664
7950
7970
9179
9182
8270
8378
7982
8638
8290
8851
8763
7800
8350
8056
9077
8117
8945
9187
9166
8390
7637
7985
8440
9382
7902
7978
9051
8432
7482
7992
8594
9179
7853
10019
7482
8861
8077
8311
8655
7747
8909
8001
7905
9078
7724
9237
7891
8380
8375
8153
8216
8013
8447
7872
8339
7769
8443
7489
8941
7560
8452
8795
8408
8339
8276
8698
9028
8317
8148
8874
9137
7648
8615
8940
7892
8535
8641
7792
8971
8467
7949
8123
8266
7420
8897
8825
8837
7695
8216
8373
7543
7657
9158
8846
9036
7679
9226
10001
8394
8045
9655
8333
7977
8343
8677
9220
7496
7995
7497
7876
9183
7517
8638
8671
8268
8891
8757
8507
7877
7634
9181
8282
8486
7389
9302
8184
8948
8917
8550
8096
9204
8481
9227
8730
9197
7605
9041
7580
8231
7972
8877
7525
8535
8452
9186
9071
9084
8415
7495
8657
8276
8343
8497
9205
8326
8682
8152
8473
8341
8036
7545
11003
9223
8014
7764
7771
9079
7959
8630
8606
8561
7474
8524
9024
8661
8957
7611
8707
9082
8723
9015
8997
7338
7871
7489
9307
7664
8040
8398
8492
8724
8189
9071
8189
7846
8739
8253
8657
8974
8186
7566
8315
8317
7724
8589
8453
8637
9196
7665
7717
8649
8633
7472
8344
7728
8897
7629
8285
7782
7713
9536
9023
9051
8210
7955
10751
8522
9241
7814
8087
9251
8398
8116
9215
7903
8456
7943
8756
7771
9298
8758
9067
7663
8568
7673
7825
7610
8102
7673
8579
7547
8156
9526
9155
8103
132802
9254
9062
8547
7922
9327
7712
7992
8412
8913
7749
7533
8680
8843
8897
8601
8912
9119
7860
8856
9005
8357
8425
10839
8315
9030
8414
7876
8608
9216
7772
7967
8443
8093
9588
8631
8825
7242
9228
7251
8523
8778
8188
8226
8229
9076
7609
8594
9078
9015
8520
8455
8437
7579
9059
8685
8790
7996
7476
8225
9082
8948
8852
9359
7474
7546
8681
9020
8579
8634
8149
9214
8383
7917
8557
8007
7835
8913
7856
7785
8210
9076
7747
8946
10692
9073
7364
9079
9035
8933
8793
8643
8437
8309
8430
9589
8015
9343
7949
8768
7682
8971
9256
9163
7841
7569
8980
8272
7716
9093
9004
8312
8058
7918
8817
8025
8106
9191
7611
7635
8336
7830
8435
8938
8441
9014
7427
8533
8759
9377
7874
8266
7540
7870
8445
7764
8449
8336
9086
7975
8200
9125
7734
8953
7832
10298
8113
7857
9157
8109
8137
9056
7613
8215
7791
8846
8150
8411
7653
7992
7964
8387
10430
8231
8443
9001
8996
8374
7914
9206
9087
8682
9023
7953
8922
8435
9288
8097
8459
8815
7531
8104
8501
9192
9001
8173
8279
7791
9023
8657
8939
8913
9130
8774
7898
7610
9317
8018
8097
9220
8992
7461
7626
7763
7981
8615
10200
8846
7869
9200
7982
8310
9509
8205
8661
7794
8234
8950
8218
8127
7598
8142
8495
8535
8402
8725
11226
7797
8414
8234
7625
9228
8410
8574
7937
8135
8275
9276
9175
10061
8758
8082
14179
9247
9112
8594
9097
8343
7888
8553
8874
9333
8097
8502
8020
8278
7572
7948
8773
8212
9048
8102
7751
8198
8854
8451
9206
9256
8189
7415
9393
9111
8039
8973
7449
8691
8717
7653
7842
9355
8055
8435
8500
7897
9209
8642
9127
7828
8225
9217
10943
7923
8906
99787
8836
8666
7794
8837
8305
8106
8661
8343
7912
7567
8033
9295
8194
9449
8206
9311
8203
8306
7597
7775
8559
8614
7419
7824
8126
8329
7923
8819
8023
8435
8334
7619
9053
7936
7794
8123
8235
8878
8702
8277
8128
7776
8264
7205
8805
8123
9619
8040
7810
8429
8123
8470
8097
9007
8013
7590
8097
8196
8725
8796
10435
9505
8932
9194
7460
8215
8653
8023
8657
7993
7861
8347
8070
7774
7958
8804
10897
8756
7654
8610
7550
8425
8899
8546
10419
8743
8415
8776
9294
8191
8444
7662
8351
8352
8876
8834
8102
8645
7851
8005
9402
7974
8536
8709
7429
7732
7759
8071
7536
8864
7526
7911
8552
7928
7882
8427
8502
8441
7805
8310
7969
7949
8416
8004
10710
7993
8834
7704
9186
9082
7876
8083
8358
7613
9264
8978
8382
10601
8074
8759
10201
9021
9096
8594
8546
8828
8454
9314
8239
9208
9129
8503
8061
8510
9165
8661
9210
7813
8673
8333
8275
8426
9164
8195
9285
7926
9087
8877
8529
8437
8847
8793
8584
8985
8852
7964
9243
8073
9323
7717
8200
8451
8832
7899
7765
7751
8246
8271
9678
9198
9361
8607
8384
8184
8512
8936
8813
8409
8405
9082
8192
7947
8172
8909
8332
8470
8179
7794
8371
8965
8374
8283
8315
8446
8471
8830
7651
8866
9300
7573
8118
8398
8430
9008
8104
8195
8214
7924
7499
8194
7758
7974
8417
7951
8035
9217
9227
8214
8588
8784
7846
9056
7612
7775
9196
8076
8336
7256
9366
8496
8649
9169
9784
8174
8539
8549
8202
9375
8251
8635
7782
8390
8021
8679
9038
8551
7921
10461
8656
9318
14729
7887
7550
12969
8008
7852
8112
7550
8816
9455
8110
7502
7393
8046
8591
9238
7640
7422
8189
8398
8874
7230
107776
13676
8373
8394
8711
8752
7891
12014
8523
8107
8480
8743
8136
8025
7745
9092
8626
7852
7451
8671
7860
8386
8424
8669
10414
8430
8995
8532
8835
9083
7721
8254
7709
8912
7874
8309
7702
8426
8807
7620
8979
7613
7973
8996
7467
7663
8807
8818
8573
8646
8260
8338
8553
8676
9261
9424
8396
8875
7917
7846
8687
8845
7355
8835
9127
8024
7895
8978
8687
9241
8651
9256
8433
8841
7571
8583
9112
7972
8780
7821
9214
8393
8392
8597
7791
8999
8692
8615
11350
8534
8436
8517
8620
8074
9324
9168
8276
8145
7404
8451
7939
8391
7609
8636
9108
8656
9077
7752
8668
8698
8094
9299
8295
7736
9251
9061
9441
8117
8834
7921
8270
9222
7711
7570
9163
7768
7450
8020
8940
9085
7757
7808
9420
8635
8398
8656
8297
8716
8194
8919
8399
8423
9138
7707
7867
8067
7597
8106
8075
8998
8440
9052
9543
9158
8221
8969
8676
8546
8062
8028
8364
8502
8058
8422
8800
8292
8020
8823
7997
9473
7736
7637
7922
7432
7834
8672
9097
8722
9350
9318
8116
8154
8158
8260
8783
7851
7705
8225
7874
8960
8811
8111
8509
9520
7608
8831
9218
9258
9140
7691
7962
8584
8235
8793
8046
8008
7594
9269
8137
8449
8226
8128
9315
8702
9192
8412
11117
9229
9330
8138
8962
8315
8038
7630
8736
8415
7774
7900
8416
9198
7533
8394
8678
7853
7871
7607
9253
8143
8273
8228
7780
7632
7978
7902
9530
8374
7788
8644
8140
8441
9227
8184
8066
8665
7786
8757
9169
9149
10165
7564
8579
11270
8029
8972
12861
8969
8756
10453
9072
8262
9002
8791
8667
8506
7886
7712
8791
8532
7435
8941
10129
8143
8020
8831
9424
8989
8050
8594
7719
7926
7567
9149
8217
97351
9205
8275
12913
8225
7825
9253
8442
9101
8245
8659
8729
8955
8396
7874
8813
9666
8677
7671
8477
9141
7693
8231
8171
8296
7423
8170
8994
7849
8615
7691
8859
7932
7603
7930
8674
8369
7370
8668
8612
7608
8962
8416
9129
7316
8867
8414
9239
9061
8584
7663
8835
8969
9189
8433
9335
8873
8572
7528
9119
8074
8374
8416
9333
7948
8266
8430
9710
9538
8195
7862
8179
7788
8364
8703
8698
7679
11066
8155
8456
7574
8540
7920
8532
8199
8569
7442
7677
7655
8000
7520
8227
8747
8400
7976
8963
8144
8804
8225
9253
9435
8568
7612
7606
9245
8317
8319
7694
7623
8272
9129
9181
7803
8687
8674
10581
8015
9025
9021
7701
9014
9006
8286
9734
9132
8802
7837
7720
8079
7809
9005
7719
8482
8435
7914
7692
7910
7823
7577
8239
7649
8513
7573
7922
8454
8143
8638
8846
8518
8007
7825
8678
7994
8123
7732
8417
9129
8028
8679
8061
7753
9129
9144
9018
8678
8175
8436
8403
9207
9076
8519
8131
7529
7388
7527
7769
8434
8330
7846
9645
7971
9264
9189
8614
7572
8491
7570
7568
8385
8830
7964
8500
9314
7874
7533
7671
8246
7660
8180
7410
8372
8601
8435
8782
8029
8107
8118
8040
8133
8989
7524
8711
8072
7943
7822
8089
7671
9241
8774
8723
7446
8102
8583
7990
8724
7612
8628
7592
8751
9062
9036
8143
8160
9120
8537
8043
9216
8954
9242
8555
9394
7274
8635
8053
7969
8474
8578
9318
7890
8713
9470
9316
8133
8894
8984
8831
8150
8159
9466
7435
8831
8841
7812
7712
8519
8620
8399
8141
8292
7286
9155
7604
9555
8979
7430
9049
7637
9259
9240
7791
8794
8426
8865
9180
7792
8504
9114
8424
7643
9126
7595
9029
7631
134990
8343
12533
9238
7974
8727
8633
8641
9186
9174
8850
8271
8093
8220
10405
8895
8718
8702
7858
9621
8806
9186
8658
7560
8753
8499
8119
7955
7789
8113
7958
7936
7610
8996
8528
8700
8205
8465
8107
7405
8902
8209
8820
8572
8243
9430
10301
8824
8190
8429
7549
7315
8561
9046
9359
7487
9125
9196
8413
8950
8189
8292
7779
9156
9186
8232
9061
7752
7591
8948
7994
8795
8738
8517
9208
8417
8204
9270
10062
8031
8599
8476
8706
8739
8437
8774
7847
8276
7912
9251
8182
7326
9458
7358
8462
7430
9143
8256
7400
9207
8199
8834
7756
8732
9198
8271
8847
7867
8382
8552
9060
7717
7811
7581
8435
7789
8874
9496
8011
8658
7758
8296
8482
7717
7688
7753
7894
7584
9201
7609
7741
8430
9021
7560
7645
8437
7585
8379
11486
7930
8159
8633
10371
8038
9082
7390
8039
8539
8635
9294
8837
8074
8137
7746
8513
9251
8158
8502
9338
7939
7502
7460
8535
7707
7482
7600
7551
8256
8747
9799
9243
8669
7830
7493
8397
8128
7646
7496
7811
8172
8223
8361
7829
9165
8714
8967
8581
8457
9267
9076
8503
8538
8066
9168
7364
9335
8605
8416
8517
7410
9041
8210
7928
8781
8233
8184
9077
8943
7323
8166
8379
9167
8262
7337
8334
8437
8730
8707
8573
8268
8038
7960
7560
8192
8697
8752
9248
7533
8759
9165
9256
9126
8009
9020
8220
9055
8369
8867
9435
9045
8839
7216
7614
7572
8276
8528
8966
9059
8742
7805
8174
8900
8392
9587
8244
7828
8963
7969
8727
8107
7615
8225
8136
8507
9105
8908
9077
8074
7625
7868
9312
9216
9704
7764
8843
8999
7328
9249
8243
9372
7605
8836
7928
7645
17230
8636
10882
8682
7788
9445
7950
9210
9286
88031
14200
8647
8959
7929
9460
8949
7953
8906
8209
8997
8384
7941
9182
8354
7927
8322
8349
9010
7851
8704
8061
8370
8510
8543
8507
8707
7550
8814
8197
8582
8388
8194
8094
7876
8065
8133
7319
8600
8133
8910
11669
9190
8398
7820
8456
8396
7989
8092
8818
7833
8427
8160
8020
7627
8824
8466
7685
8421
8173
7507
9032
8107
7828
8530
8700
7830
9571
7610
8882
8584
8374
8680
8426
7568
7841
8005
7589
9189
7379
8647
9182
9157
7574
8410
8297
7331
9171
8043
8956
9200
7697
7978
8616
8584
8894
9133
9267
8230
8851
7837
8037
8936
7646
8618
8883
8125
8813
9030
8059
7605
8755
8274
9238
9225
8980
7999
7760
7622
8224
8332
7712
8457
7738
8869
9055
7604
7593
8862
7574
7591
8807
7783
8131
8112
8608
8189
7810
8716
8612
8157
8281
8959
8487
9184
7708
8471
7673
7769
9194
9154
8236
8583
7487
8197
8523
7971
9102
8713
8148
8333
7837
8391
9226
7876
8488
7997
7970
8017
10769
7874
8928
9630
7854
8110
8390
7569
8266
7958
8396
7584
8904
8639
9158
8149
9055
9056
7777
7556
7703
8791
8205
7860
9256
9700
7753
8985
8042
8353
8640
8487
7707
9124
8115
7611
8382
8350
8638
7748
8758
8825
8236
8042
7726
9226
7738
8382
8856
8384
7437
7263
7732
7235
7990
8984
7779
8011
7614
9400
8353
8689
9267
9097
11548
8097
8219
7469
7605
8998
8195
7822
7282
8503
7862
8595
8062
8410
8979
7685
7797
7554
8450
8751
8053
7546
8583
8233
7635
8635
7579
7528
8476
8344
7831
9450
9312
8073
7595
8958
8577
9269
8518
8877
9038
8622
8430
7431
8422
9127
8546
8060
8226
9202
8558
7487
9320
8419
7977
9618
8101
7990
15072
8137
108799
8143
8171
16990
10378
9107
8214
8971
7475
9851
8496
7775
7564
8374
7973
8785
7774
9427
8059
8650
8362
9022
8077
7715
9199
8717
7633
7856
9160
7764
8553
8529
8596
8032
8397
9187
8471
7604
8584
8639
8040
7569
8588
8907
8627
8638
8277
7721
8574
9306
8181
8205
8848
7953
19340
8975
8844
8979
7791
8273
8062
7984
7813
9036
9095
7291
8420
8294
10234
8814
9171
7993
9164
8522
7564
8137
7826
8051
7871
7660
8091
8059
7724
8794
7832
8702
8122
8135
7539
8256
7671
7471
9037
8374
8926
7938
9247
8467
7802
8839
8163
8633
7942
8046
8769
8068
8519
7789
7657
7396
9200
7710
7466
8217
9236
8494
9123
8164
7800
8079
8367
8148
7935
8692
9415
8235
7743
8912
7778
8966
7753
9053
9631
8438
8984
9439
9141
7574
7590
7883
7630
8273
7606
8595
7813
8557
8415
8210
8153
8673
8576
7496
7954
9181
8346
9081
9596
9237
7507
7451
8772
7810
8771
7861
8544
9457
8037
8478
7576
9315
8722
8503
8492
8104
8271
8798
8953
7657
7888
8297
7615
7691
9225
9148
8446
7784
7611
9738
9059
8692
8496
8117
9282
8763
8152
8394
10628
9018
7633
8632
8972
8598
8077
9388
8329
7717
8506
8248
7921
8382
8979
8536
8538
7269
9284
8498
8139
7820
7604
9041
7598
8175
8256
8600
7666
9010
8599
8229
9187
7592
9008
8476
9316
7794
7801
7813
8719
8107
7976
9077
9415
7989
7697
8129
8283
9041
8876
7613
9523
8873
7516
8912
8234
7907
9297
8430
8569
7773
8443
7516
9005
7672
8081
8179
8070
8674
7923
8499
9183
8297
8641
7632
9148
8456
7440
7707
7876
8365
8626
7870
7880
7358
9483
7857
14468
8344
8234
8969
8426
7650
10445
9323
9075
109271
8509
10464
7590
7800
8691
9522
8059
9287
8820
7594
7374
8375
7866
8431
7717
8475
8825
7926
8955
9153
8793
8565
8255
8536
8053
7482
9174
9558
8389
7430
10176
7772
9084
7514
8419
7634
8248
7926
7834
9441
7462
7984
8265
7575
8576
8331
7706
7816
8607
8637
7991
8427
7465
9138
8238
9420
9205
8434
8871
8636
7848
9123
8121
7630
8177
7857
9153
8358
8770
7630
8859
7793
7723
9502
9002
8663
7340
8765
8844
7896
8062
8799
9082
7994
9162
8423
9156
8152
7979
9166
8236
8655
8195
8183
8959
7870
7728
8456
8614
8074
9417
7706
8759
8133
8297
7831
8960
8158
8485
7751
8072
8372
8083
9091
9115
9226
8432
8982
8651
8318
8041
8148
8075
8475
7493
8587
9293
8461
7991
9293
8314
9189
7745
8267
9043
7668
8892
7906
7796
8848
9071
8353
9222
9003
7264
8639
8004
8375
8706
8016
8241
7846
8869
7879
8845
8448
9291
8258
9960
8748
8713
9209
8202
9154
8828
8227
9448
8276
7689
8028
8143
9106
8240
7648
7640
8570
9044
9148
7607
8016
8575
8153
7853
8313
18140
8994
7616
8591
8817
7793
9429
8771
8835
7877
8099
7473
9336
9474
11487
7869
7937
8213
7528
8105
7861
8347
9031
7374
7864
8381
9011
8873
8580
8025
8043
9135
8807
9308
8193
8571
8093
8338
10836
8046
9236
7557
8117
7548
9036
7522
7754
8826
8088
8573
7764
8164
9078
8830
8205
9222
7937
9006
8610
8130
8661
9049
9220
8303
8976
7654
8173
9257
8814
8050
8557
9169
7649
8482
10253
8504
8556
13514
7763
7507
10636
7716
7817
8632
8598
8230
9839
7759
8820
7998
8538
7910
7508
7774
9288
8886
8562
8855
8001
8777
7899
7626
10846
7969
8626
9220
8856
9069
96247
17222
8991
7822
9107
7528
8751
8656
8095
8783
8994
8116
7865
9051
8394
8984
8482
7806
7507
8633
8318
8569
8060
8372
8286
7594
8393
7649
8350
8185
8061
8464
8763
8568
8065
9394
8628
8723
8584
8164
9215
8221
9174
8536
7844
8144
8101
8577
7584
9063
7638
7750
8806
8662
8350
8817
8468
8277
9455
8652
8086
8608
7493
9421
8916
8278
9219
7971
7802
9155
8835
8626
8433
9112
8503
8974
7614
8153
7879
7728
9216
9249
9477
8358
7458
8914
8025
9511
8641
7720
8031
7999
8808
7738
8889
8536
8998
9129
8143
9349
7718
8988
7649
8176
7915
8284
8016
9076
8215
7904
8429
8758
8371
7981
8636
9436
8336
9093
7527
8357
7733
9251
9314
8456
8535
8664
8610
7633
8367
7817
8987
7846
9188
7430
8311
7575
9032
8364
9390
8126
8273
8393
8013
8579
7551
8584
8474
8202
8432
9106
9089
8307
7712
8374
8552
8429
8351
9145
7511
8021
8000
8425
9450
8499
7886
8011
8002
8998
7743
8189
9106
9204
9051
7943
9406
8566
9046
8661
8377
8613
8620
8604
9145
8173
8762
8218
9870
8693
8657
7891
8240
8140
8927
8615
9470
7521
9007
8454
8873
8582
9032
7394
9233
8016
8653
8628
7339
9117
7811
8697
7491
8783
9090
7621
8111
8300
9460
8682
8128
8877
7564
7864
7741
9194
8064
9179
7942
7447
9118
9174
7651
8134
8052
8737
7885
9007
9507
7694
8222
7617
8573
7305
8285
7994
8379
8819
9307
8320
8404
8427
9705
8985
9276
8711
7592
8355
7995
9037
7794
7774
7876
7958
7931
9070
8842
8475
8464
7429
8000
7562
8371
8304
7712
7556
8502
7515
7928
8839
8198
7838
7907
8278
8816
8078
7570
7880
8409
8841
8928
8389
9036
8799
8004
123229
7708
8574
11896
7666
7950
13538
8672
7870
9648
8402
7669
9211
8194
9225
8656
8229
9554
8714
8509
8215
9740
8760
8645
8144
8069
7549
8007
8835
8749
7875
8191
8451
8608
7997
8799
8030
7738
7923
8808
7891
9026
8705
8100
8574
8194
7852
9017
8725
8526
7510
8020
8367
9220
7665
7944
9213
7764
7434
8700
9143
8844
8794
7848
7571
8569
8589
8177
8268
7807
9374
7619
7414
7600
8337
7908
7860
8052
8708
8642
7620
8211
7979
8333
7615
10786
8338
7984
8273
9194
8620
7800
8016
7952
8251
8704
7593
7753
8441
8687
8143
8497
8979
9039
9449
8576
8145
7883
8996
7472
9036
8258
8274
9188
7560
9042
8774
9004
7774
10206
8514
8030
9188
9041
9371
7812
8227
7699
8178
7520
7565
7552
8918
7492
9116
7725
7881
7796
7902
8675
8764
8453
8843
9225
8040
8173
8646
7856
7580
10483
8677
8476
7333
7728
9415
9015
7746
9102
9366
7224
7569
9248
8432
8613
7809
9256
7751
8412
9269
8329
7594
8542
8394
8754
8211
8774
8789
8232
7617
8231
8736
8555
9188
8994
7611
8210
7880
8421
9445
7594
7702
8041
8540
7663
8561
8097
7987
9137
7644
7851
8828
7666
8425
8384
9384
9158
8132
7625
8454
9136
8153
8602
8460
10594
7641
7841
7838
8161
8551
7796
7958
7607
8028
7653
9306
8025
8837
7815
9276
8750
8986
7832
9423
9266
7236
9067
7595
8571
8155
7813
8320
7430
9497
7593
8346
8594
8755
8036
7985
9242
8396
8227
7998
8251
8114
8101
8591
8403
9117
9151
7287
7573
7579
8715
9348
7934
8811
8359
8766
8614
7933
9248
7815
9150
7687
8143
8336
9420
7888
8964
9055
7852
7911
8658
8364
8165
8218
8625
8463
7592
7961
8369
9216
137072
8986
16102
8394
8497
9315
8691
9414
8829
9389
8348
8144
7934
8953
9164
9210
9558
8114
7574
7794
8539
7676
8830
7990
7841
8189
7995
8333
8695
7730
8655
7916
8707
8610
8401
7593
9190
7774
8393
8717
8950
7777
8895
8025
7897
8461
9400
9240
9092
7705
8431
7851
8421
7794
7943
7579
7788
9030
7706
8575
8102
8495
7877
7639
10121
8920
7675
7578
8215
8728
11034
9183
8438
8506
9146
7826
8239
7406
8327
7582
7804
9005
8849
9205
7995
7559
7587
8228
9198
8992
9002
8172
9154
7977
7671
8577
8218
7755
7813
8379
7528
7780
8634
8577
7658
7522
8093
7571
8307
7873
8974
7808
10694
8316
8743
8066
9446
9047
8682
7859
9085
8169
9288
9440
9205
8116
8337
8380
8291
7814
8778
10252
9160
7907
9061
9144
8410
8039
7961
8282
8243
7671
8706
9214
9405
8390
8366
8020
8009
9184
8235
8903
7703
7523
7611
8282
7899
9272
7575
7419
8856
8654
9126
7777
8957
7940
8314
8664
9517
7713
8161
8238
7921
8421
8105
8833
9461
8476
8425
8317
7760
7811
8554
8776
8795
8492
8415
8700
9238
8425
7724
8056
7564
9084
8894
8300
8566
8492
8148
8057
8236
8479
8662
8674
8834
8645
8270
8787
8400
7665
9182
8625
7817
8660
8427
8779
7788
9030
8362
8964
7305
8225
8562
7753
7988
7564
8279
7772
9238
7779
8433
9169
9258
7671
7558
8610
8401
8579
9266
8296
8396
7441
7833
7981
8125
7512
7580
7788
9039
8136
8849
8779
7834
7685
9241
7705
7681
9435
8112
8437
8690
8991
8426
7789
8620
8555
8832
7869
7751
8015
7795
9413
7913
8396
8293
8595
7682
8476
9061
7989
9244
8607
9205
8266
8069
9344
7832
9224
8060
7932
8241
8415
8355
119971
7794
8352
8705
8839
8046
7970
10734
8191
8261
13716
10445
7601
9438
9016
8961
7842
8732
8251
9215
8804
8574
8213
8420
8123
8293
8945
8101
8602
7812
8585
7515
8060
7712
7586
8887
9015
7475
8317
8276
9139
7879
9026
10387
7821
8532
7883
8997
9400
9155
9115
8851
7747
8714
7896
9131
8738
8930
8685
8998
8585
8734
7972
8972
8922
8549
9235
8587
8742
8215
10463
8482
8872
9118
9413
10678
9168
8926
8130
8274
7923
8276
7574
7792
8187
8553
8022
8631
8497
7807
8663
8292
8956
8340
8231
8847
9084
9271
8328
8197
8084
7514
8787
9272
7753
8492
7966
9336
9435
8361
8730
9196
7984
8342
8467
8251
7635
8210
9157
7877
8027
8156
8462
9526
8028
7728
9444
9061
8225
9603
8724
7682
8092
8385
8809
8203
9253
8385
7563
10989
8020
7860
7513
9511
8544
8650
8302
8859
8535
9033
8945
9500
7681
9040
8469
8769
7850
9221
7565
7470
9219
8776
8430
8384
7588
9147
7571
8179
8923
7593
8862
9303
8232
8215
7576
8323
8068
8851
7847
9030
8181
8763
7894
8621
7552
7723
9312
8717
8303
8753
8764
8658
7823
7590
8698
8415
8973
9159
7820
7493
7611
7395
8011
9143
8676
7572
7399
8755
7369
8612
8522
7855
7790
8410
8400
8413
9035
8810
7714
8695
8236
9191
8281
8756
9123
8437
8236
9286
9016
8649
7781
9178
8819
8351
7670
8377
7581
9176
8213
9336
8476
8465
7830
13956
21662
7663
7614
9115
8610
9323
8425
9079
8079
9131
8569
8013
8517
7691
8811
7736
9610
7994
7376
8859
8202
8473
8369
10512
9111
7660
8495
7958
8251
8682
8777
8720
7999
8598
8560
8761
8316
8661
7587
9723
9379
9225
9774
9015
8405
8032
8554
8215
7488
51076
8819
10686
8194
8179
9882
11437
8654
7807
16575
8863
8435
8162
7984
9236
8184
8676
8446
8914
9051
8760
8670
9118
7579
9437
7655
9021
7604
7783
9230
8235
9217
8515
7904
9415
8948
7666
7933
9933
9313
8072
8762
7587
7912
8442
9092
10270
8574
9220
8128
9054
7297
9025
8929
9225
8625
7808
9299
7774
8190
8970
8426
7840
9377
9241
8015
8667
7779
9242
8049
8323
8620
7851
8208
8846
9301
7712
7620
8328
8478
8637
8380
7686
8062
8032
8342
7460
8694
7574
8285
8156
8220
7805
8030
8894
8046
8430
8470
8172
9056
7757
8404
10143
8694
7871
7743
8736
8736
9156
7588
9354
9517
7410
8695
9059
8364
8154
8415
7620
7252
9474
9359
7800
8981
7560
8903
7997
8731
8076
8162
9660
10634
7718
8398
8010
7617
8412
8819
8645
8547
7939
9143
8051
9153
8384
7491
8494
7958
9035
7603
8196
8994
7643
8391
8059
8550
7569
9247
8754
7275
8962
7475
8830
8056
7825
9565
8877
9123
8674
9319
8699
8419
8038
7236
8666
7917
8127
9302
9242
8984
8512
9153
9015
9292
8616
9344
8903
8355
9049
7911
9018
8633
9012
8600
8887
7825
7498
8758
8282
7844
9041
8281
9289
8991
7805
7600
8558
7630
8294
8317
8721
7671
8051
7355
8888
7353
7553
8758
8022
8251
8580
8689
8074
7864
8394
8551
8081
8583
7444
9007
11569
8964
9358
9091
8449
8309
7488
8370
7826
8134
8624
8166
8069
9237
8425
8364
7779
7810
8399
8660
9025
9080
7676
10432
8051
8620
8614
8624
7970
8982
8297
9359
8538
8668
9433
8271
10367
8305
8134
10391
7978
9119
12969
9199
7745
9414
8325
7730
8597
8857
7871
7964
9209
9013
7405
8958
7599
7976
7714
8664
9169
8709
8784
101517
11574
13703
7569
8620
8758
9051
8824
9262
11508
7477
8483
8675
8926
7826
8728
7384
8395
8311
8008
7519
9615
9094
7210
8597
8615
7630
8765
8234
9009
8456
9113
7710
9150
8157
8184
9222
8779
8107
8041
8559
8497
8569
8957
8293
7789
7856
8158
8318
8625
8261
7341
8716
9186
8131
8528
8291
8575
7611
8764
8082
9391
8645
8545
7859
10839
7985
8382
8420
8835
10621
8430
7189
8969
9094
7486
8202
8209
8251
8076
9130
8671
7811
7775
7597
7584
7497
8088
8364
8043
8758
8581
9366
8561
9312
9315
9125
9133
8533
8671
8630
8378
8158
8938
8661
8037
8375
8503
8570
9360
7979
7920
8022
8656
8576
7757
8038
9220
8843
8453
8416
8301
8920
8985
9366
8841
7454
7971
8117
9861
8619
9453
7906
8442
8203
7810
8443
7561
8259
8363
7466
8488
8882
7872
8894
7709
9078
8553
9489
9103
8915
8037
8374
8556
7953
8173
8831
7551
8330
8435
7625
9145
7794
7915
7960
7910
8481
9043
8626
8846
8234
9026
9071
7974
8411
8700
9257
8114
7671
9246
7619
8433
9128
8272
7580
8788
7649
7991
8573
9066
8432
9182
10143
9968
7769
8727
8930
9023
8616
8647
8681
7428
9017
7792
8475
7738
7210
8704
8275
9053
8533
8668
8169
8171
8475
8544
8108
7769
8215
8092
8067
7573
8592
8848
9036
8746
9282
8199
7471
9000
8475
7569
8553
7553
8338
8145
7912
8841
8241
9167
9133
8364
8495
8794
7950
8857
7810
8826
7810
8485
7790
9232
7651
8282
7825
7412
8676
9868
8853
8817
7660
9218
8890
8936
8433
10214
9886
8696
8743
7676
8888
9697
8520
8082
14604
8495
8230
8461
7774
8795
8418
7374
8661
8565
7984
7574
9509
7709
8392
8307
8754
7847
9409
95338
9339
8140
7708
8079
8914
8968
7952
8675
7286
7897
7471
8289
9076
8109
9143
7812
8645
7780
10784
8539
8555
12311
8612
8502
13450
7843
7803
9970
7638
7856
9941
9237
8419
8961
8856
7601
7372
9089
8594
8795
8839
8818
9078
7420
8941
8902
8034
7753
9078
7734
7476
8514
9180
8994
7554
9322
7535
8398
9271
7835
8389
8594
7953
8649
7575
7514
8615
7759
8225
7252
9185
7288
7671
9186
8114
8137
8000
7624
8007
7533
9047
8571
8049
8018
8995
8569
8843
7990
8261
7871
8133
8139
8851
7620
8165
8191
8469
8010
7651
8067
8587
8881
8179
7549
8732
8976
8298
9537
8640
9020
8113
8486
8639
7812
8794
9227
9038
8996
8382
9238
8404
8368
7924
11811
8681
7442
9333
8856
8062
8312
8410
8641
7492
8914
8022
9399
9282
7467
7736
8316
8074
8286
9035
9306
7843
7671
7202
9174
9286
7826
7895
8135
8628
8398
7752
10531
8464
8377
8263
9251
9095
8757
7572
8540
9079
7572
8105
8725
7883
8456
7769
8473
7717
9256
8384
9528
9095
9035
7761
8536
9283
9236
8851
7632
9564
8204
8857
8671
8361
8032
8210
7401
8213
8490
7790
8817
8107
7692
8041
8493
7505
7587
8822
8587
8433
7629
8796
7358
8255
8880
7892
7787
7718
7618
8657
7748
8234
9207
9012
9942
7535
8090
7953
7645
8969
8619
7364
8146
8054
8046
8534
8787
8507
8312
8434
9202
8455
8034
8648
8414
8576
9037
9010
7738
9068
8530
8948
8030
8476
8288
8777
7750
8451
8794
7813
7603
7973
8561
9220
7669
9035
7379
8975
8048
9317
8101
7564
9481
8871
9180
8959
7665
8193
8367
9209
8574
9447
8429
8626
9395
7890
7990
9003
11161
7939
9202
8211
8534
9030
8400
9114
7756
116280
8646
7749
7665
8415
9185
8245
9441
8561
7594
7589
7971
8941
7511
9220
9167
7258
8432
8751
7608
7982
8196
9042
8552
9026
8056
7673
8414
8673
8253
7697
9254
8196
7699
8633
9338
8124
7641
7713
8551
9200
7665
10405
8424
15720
9921
8870
9041
9018
9176
8937
7723
8788
8381
8401
9850
7815
8570
7900
8152
8184
9070
9003
10865
9036
7908
8777
8297
8334
7922
8699
8628
7577
7625
7569
8213
8985
8604
7828
8892
9401
8135
8832
7773
7659
7774
8010
9155
9373
7693
7719
8420
8085
8315
7705
8539
8851
9143
7911
7646
7875
9259
8636
7781
8261
8015
8844
8091
8497
8431
8736
7729
7669
8133
8113
8687
8475
9062
9266
8933
8769
8626
8784
9113
8061
9010
7507
8616
9384
8615
8841
8799
9003
7370
7852
9908
8530
7691
7484
7560
8683
7579
8096
8228
7809
7379
7614
7566
9246
8042
8807
9046
8485
7902
7497
7792
8691
8336
8602
7724
7758
8801
9218
9079
9523
8846
7856
9258
8628
7712
8096
8104
7819
9138
8353
9322
9014
8513
7713
8389
8425
8235
8410
10304
8377
7641
8908
8092
9375
9027
9052
9201
7679
8219
7820
9028
8541
8308
8393
7897
9248
7981
8177
8252
9096
7564
7800
8394
8837
9070
9028
7720
8745
8110
8743
8606
8477
8420
7852
9693
7835
7707
8876
7798
8225
7774
9569
8992
9198
8252
8835
8518
7843
7499
7703
8117
8687
8010
7636
8016
7820
7805
8571
7830
9333
7898
8540
9090
7641
8025
7820
7601
7828
7960
8228
8605
8558
8497
8137
7434
7441
7785
8564
8215
8581
8538
8174
8143
8091
8019
7789
7553
7603
8091
7685
9239
7846
8403
8199
9639
8372
8574
7851
7671
8558
8661
8528
8856
8647
7820
7969
8487
8641
141994
8235
7936
7615
7723
8636
9175
9320
10129
8988
7850
17512
8723
8764
9087
9316
7809
8494
9210
8467
8803
9285
8584
8152
7675
8960
9161
9030
8498
8389
7208
8072
8938
7573
8793
9203
8591
8155
8143
8911
8293
7728
9070
8860
8350
8572
8380
8454
7784
8632
8758
7488
8355
7828
7794
8807
8912
9381
8415
8615
9435
7979
9512
8254
7438
8539
8032
7870
8422
8521
7871
9143
8059
7573
8400
8359
8594
7565
8455
7953
8271
7827
11230
8730
8073
9224
8017
8147
8810
8817
8431
8125
7824
7871
8448
7760
8904
8278
7680
7564
8096
8374
7825
8683
9285
7404
7902
9442
9037
8978
8641
8674
7523
8121
9035
8696
8014
7643
7622
8051
8405
7619
8987
9123
7555
8758
7676
9074
7788
7897
8598
7351
8109
7877
8203
7856
8586
7892
8376
8000
7929
8981
9482
8041
9282
7791
10341
7753
9062
8572
8247
8519
8202
8425
8962
7887
8426
9398
8238
8356
8818
8778
9284
9179
8013
8015
8574
9000
8943
8066
7865
9406
7620
8029
9465
9417
8132
7995
8411
8656
8299
8251
9103
9133
9277
8055
8187
7772
7862
7654
9169
8426
10752
7801
8526
7974
8807
9298
8433
7444
8206
7841
9650
9183
8033
8617
7778
8056
8625
8825
10977
7903
7899
7835
8946
8189
8398
9205
7728
8287
8251
8752
7697
8133
7630
8576
8556
8277
8932
8938
7865
7886
9391
8179
8580
8717
8798
7816
8390
8552
8641
7899
9794
8865
9213
8575
8466
9495
8095
7613
10122
8846
8240
14760
8944
7870
8352
9243
8955
9243
8538
9215
8374
8034
8679
8662
8473
8507
8089
8078
8035
8582
9267
9025
9633
8438
8253
8586
7641
9582
7953
8415
9456
8133
7607
7951
8066
9296
8080
8732
9168
9264
8336
76117
8403
8039
7973
8305
9139
8642
7687
9306
8430
8892
7570
7707
9038
8397
8243
7744
8620
8402
9332
7611
8579
8204
7860
7789
8243
9318
9356
9235
8136
8482
8892
7994
8404
8439
8983
7757
7798
8264
8992
15300
9561
8683
8707
8480
9302
7649
9051
7630
7990
8219
16553
8457
7671
8716
9248
7969
7819
7591
7585
8127
9846
8427
9121
8574
8423
8569
7579
9252
8134
8478
8215
8579
7808
8979
8654
9194
8016
7547
8161
8876
8881
9311
7573
7310
7989
8218
8964
9349
8840
8657
7384
8673
8963
8463
8404
7876
8484
8252
8224
8996
7786
8871
7630
9200
8031
9038
7794
7953
10273
7855
9413
7379
7644
9280
7704
8978
10115
8631
8227
8717
7913
8204
8796
9286
8547
7791
7649
7735
7776
8003
8232
9128
7948
8675
9435
7823
8057
7323
8993
7789
8734
8523
7723
8736
8381
8092
8274
8153
7485
7901
8805
7490
8796
9137
9015
8564
9654
7815
8841
8416
7837
8116
9038
8492
8596
8418
7811
9123
7890
8122
9413
8111
9246
8366
8461
8148
9000
8820
9258
8558
8427
8048
8245
8916
7502
8575
8226
8812
9220
7688
8723
7811
9055
8516
9002
9443
8187
9082
7931
8288
8027
7887
9042
8091
8540
7866
7876
8255
8868
8805
8935
7729
7987
8708
7400
8720
7907
8314
7834
7999
7615
7637
7811
8126
8471
7553
7498
7631
8063
8531
9117
9204
7933
8656
8989
8700
9498
9046
9400
9503
8604
9153
15007
7668
7904
9595
8676
8157
8235
8799
8495
8672
7612
8117
8899
8215
7568
8354
8212
8758
8887
8312
9016
9408
8357
8227
7610
8200
8028
7731
7996
8412
9078
7781
9303
8096
9057
7895
7800
8254
8220
7583
7576
7855
8662
8295
8871
8041
7549
7791
8664
8937
86061
8189
7764
8810
7491
7584
8571
8703
10492
8226
8535
8574
8150
8374
8040
7709
7715
9244
7487
8548
8424
7856
8064
7825
8584
9071
9128
7880
8187
8718
7716
8123
9249
7796
9307
7651
9504
8364
8468
11107
9630
7635
16005
7993
8224
9502
8020
8840
7854
8023
9204
8837
9102
9210
8571
9182
8517
9046
8784
9299
7704
9226
9065
8672
8480
8527
8811
8943
8776
9338
7995
8629
9502
8753
9193
9529
8617
7228
8942
7777
7828
7700
9677
7933
8061
8145
8725
8128
9029
8047
8358
7244
9419
8297
9153
9076
7681
9256
8348
9040
7857
9233
8337
8976
7756
8702
8984
8680
7578
8036
7841
9358
8040
8788
8760
9318
7576
7993
8600
7725
7634
9515
8178
8001
7615
7966
8003
9178
8728
8548
7823
8293
8795
8159
7610
8368
8860
8679
7860
7825
7620
7885
8027
9431
7605
8415
8225
9000
8534
8481
7856
8002
8698
8774
7600
7948
8779
9278
8332
7741
9174
9223
9541
7881
8581
7614
8223
9691
9102
8391
8603
8087
7494
8273
8837
8171
9097
8538
8040
8170
7819
8050
7569
8630
8035
8523
8164
8541
8107
7771
8635
7570
7247
7977
7821
8315
8663
8722
8057
7972
10384
8172
8207
7784
8369
7597
7501
7507
7742
8753
7556
9230
8598
7548
8362
8967
7564
7972
7659
8976
7844
7830
8974
7849
8936
8628
8712
10554
7586
8298
7716
7836
9240
8768
7595
9081
8319
7854
8361
8205
8327
7656
9320
7928
8507
7991
7651
8091
7396
9236
7664
8911
9113
7256
9246
7428
8174
7910
8668
8911
8233
8205
8528
8407
10442
9284
7818
8632
8397
8684
8552
8761
9115
8846
8546
8955
8391
9190
8364
8473
9544
8275
9138
8068
9147
8675
9046
8584
8998
7835
7630
8401
8381
127037
8539
8447
7678
8233
8397
7757
8825
8261
8537
8035
7788
8029
7987
9254
9022
8138
8013
7411
7638
8343
8671
8379
8338
8940
7760
10251
8254
9093
14427
8527
9024
9648
8473
9179
10299
7843
8502
7643
8621
8066
7779
8845
8708
8015
8306
9042
7969
8052
8055
7960
9271
8018
8601
7989
9240
7632
8897
7997
9249
9009
8135
7520
8170
7857
7320
7548
9367
8841
7873
8659
8980
8612
8591
8969
9403
9373
8297
7488
7738
8189
7732
9117
7638
7820
9201
9025
8455
8325
7900
7732
7638
8178
9192
9073
8276
8157
7744
7764
8825
9128
9148
8012
7853
8018
7878
8876
8569
8071
8010
7945
8325
7980
8221
7492
9636
8701
9275
7905
8448
8829
8014
8752
8681
8001
9177
7628
8248
8195
7723
7699
8897
7974
8879
9381
9086
8393
7901
8200
8514
8365
8801
8030
7908
8988
7943
7594
7523
8988
8839
8214
8423
7715
8571
9237
8912
7557
9073
7517
7804
8168
8223
8559
8482
7704
8688
8374
8861
8401
8014
8917
7852
7548
7374
7583
9261
8004
9096
7940
8544
8697
7647
8844
8538
9432
7471
8080
8187
8772
8906
9189
8230
7854
8872
8633
7728
7705
9005
8060
7860
8807
8378
8316
8117
8528
8912
8725
8710
7588
8416
9200
8417
7743
8624
8577
8511
7874
8400
8273
7928
8329
7746
8379
9648
7986
8474
8750
10589
8507
9028
8188
8528
8692
7589
8410
8834
7904
8451
7497
9372
8733
8676
9312
9121
9400
8278
7508
7648
7702
7575
7410
7589
8746
7917
7548
8797
9182
7867
8145
8841
7700
8253
8266
8404
8539
8416
8920
8236
9154
8170
7528
8897
8112
7794
8085
9008
8061
9152
7535
8987
8914
8141
9241
8577
8068
7632
8512
9422
8135
7769
8997
10996
8779
116646
8615
8246
8738
8248
8271
8015
9001
9206
8560
9118
7600
8299
8677
8032
9017
7953
7654
8117
9145
8564
8429
8382
7342
8129
8902
8635
8825
8349
9122
7941
10087
8842
9050
17628
8131
8842
7810
9246
8589
12094
9139
8288
8548
8515
7980
8439
8898
9227
8108
8705
7662
7835
8470
9228
9201
8818
9004
7905
7926
8605
8280
10820
8075
9099
7875
7754
8618
8599
9171
7834
9021
8504
7763
9005
7732
9224
8826
7713
7674
8006
9041
7588
7550
8010
7476
8795
9438
8195
7589
9114
8302
9362
7875
8069
8207
8625
8784
8319
7711
8037
8434
7943
8640
8010
7410
9420
8863
7952
8497
8909
8933
7584
8166
9208
8098
7973
7618
8871
8369
9261
8399
8599
8545
7497
9225
8825
7985
8234
8179
8087
8622
8931
7779
8333
8686
7752
8607
8805
9111
7862
8214
8435
8345
7571
8653
7810
8414
8195
9256
8621
8174
8143
7602
8573
8005
9018
9303
9613
7923
9033
9062
7661
8515
9119
9270
7873
7976
9242
8564
8873
9209
9153
7876
7871
8018
8197
8836
7842
8765
8707
9136
9247
8352
7431
7559
7591
8131
7670
9224
10739
8769
7330
8581
8005
7829
8200
8122
7668
8251
7520
7604
9052
9232
8991
8622
8996
7754
7876
8308
7868
7780
8993
8030
8490
9354
7862
8121
9337
9100
7666
8237
9273
9067
7546
8704
8902
8837
8281
9178
8418
9248
9390
8896
8800
9087
9204
9187
9056
8672
7660
8048
8487
8269
8497
8382
7876
8846
7438
7630
9058
7964
9076
7341
9884
7352
8764
8651
8249
8476
7947
9347
8428
8756
9339
7495
9184
7513
8751
7620
8938
9101
8389
8152
7665
8761
8676
7511
8164
8399
7797
8081
9060
7872
8401
9450
8215
8852
8042
7532
7551
8418
8179
111594
8675
7340
8317
8287
9307
7674
7541
8508
8558
9186
7251
7989
8778
8587
8884
7623
8800
8210
8654
9181
9133
8987
8424
7542
8858
9251
9077
8415
8782
7983
8051
7477
8353
7594
9624
8643
7509
8688
7517
8815
9266
10335
8572
7748
14348
8019
8326
11338
8988
7576
8251
9278
9205
8071
8682
10294
7930
8678
8430
7646
7438
8964
7475
8583
8090
9152
8434
8148
8657
7230
8536
7658
9026
8071
8623
7593
7282
8544
7956
8107
12000
8835
8600
7617
9434
9162
8636
8051
8026
8832
7861
7560
8311
7569
8720
8294
8297
8443
8852
9288
7975
8394
9601
8444
8400
8258
8818
7343
7832
7707
8344
7950
7900
8450
7884
8338
7974
7956
8337
9337
9306
9528
7776
8405
8466
8594
7984
8497
8697
7769
8347
8490
7762
8899
7537
8758
8421
8256
7764
8277
8770
7637
7849
8846
7913
8974
7820
8010
7770
8595
8960
8743
11649
8797
8794
7561
8430
8461
8874
7681
7488
9369
9186
9402
7758
7462
7921
7822
8280
9191
7503
7584
7426
8435
8040
8787
8923
7515
8009
8807
9293
9328
8852
8599
8045
9357
8182
7788
8754
7892
9197
7234
8101
8123
9005
8641
8750
8997
8041
7838
8815
8715
7831
8926
8602
7256
7483
7903
7771
8125
8397
7592
8484
8769
9297
9327
10729
8417
7553
7792
8766
7897
8305
7456
7750
7754
7774
7665
8758
8398
9411
7660
7720
7728
8348
8322
8752
8394
8029
8815
8437
8255
8736
8072
8359
7643
7758
7585
8323
9238
8864
9172
8312
8602
7728
8330
7725
9508
8933
7947
8887
8877
7810
7648
8577
7561
8704
7973
8233
7984
7837
9123
9084
7506
8975
8496
7876
8676
8729
8739
11086
8326
9246
9271
7587
8806
9593
8072
8715
8871
8645
8979
125744
9025
8702
9441
7312
8539
8548
9010
8846
8473
7550
8378
8677
8782
8005
8111
8723
9152
8097
8420
8092
8849
8825
7613
8063
7712
7527
8687
9389
9475
7962
8511
10676
8304
7594
12223
7468
8750
14718
8734
8011
9440
9375
9027
8087
9146
8697
8555
7876
7568
8577
8660
10304
8090
9246
9010
8570
8246
7613
9169
7974
7690
8917
8228
7779
7989
8671
7886
8496
9011
7408
9307
7750
8015
8328
7709
10304
7848
8425
8299
8838
8755
8676
8360
7816
8737
8773
8955
9055
8398
8420
7915
7545
7959
8415
9175
8815
7565
7663
8671
7927
7829
7808
7937
8996
8645
7601
8234
8226
9277
8743
8095
8005
8347
8869
8895
11026
8614
8574
7992
8377
8369
7830
9064
8593
8477
8677
8810
7751
8587
9255
7811
10184
8209
8476
7716
7827
8841
7255
8515
8866
7805
8695
9035
8494
8502
7855
9239
9225
9102
8999
7833
7542
7921
8566
8658
8124
8932
8343
7793
8719
7475
9069
9261
8179
9237
8116
8111
8153
8056
7658
8284
8360
7765
7505
9181
8733
8039
11274
8477
9176
8427
8752
7854
9147
8112
7771
7451
8712
8644
8459
8256
7471
8508
8435
9307
8599
8774
8796
7654
8974
8124
7790
8306
7941
8800
8584
8409
9057
9185
7756
9046
7881
8396
7744
7620
8107
9000
9034
8887
8246
8020
9266
7534
9498
8011
8439
8396
8855
9197
8801
8446
8697
7520
7628
8766
7896
9059
8831
9723
8124
7324
7893
9189
9235
9144
7430
8231
7615
9197
8002
8543
8655
8377
8792
8026
8556
7841
8926
9035
7843
8093
7712
9160
7635
7649
8779
8488
7788
8362
8127
8210
9641
7681
7201
8904
9138
9365
8197
9428
8913
8373
8497
8285
8418
7807
8682
8116
8948
8194
8742
8403
7918
109123
8350
7791
8434
8390
8034
8377
9249
8215
7614
7682
7918
8494
7771
8673
10289
7300
7870
7754
7548
8778
8567
7517
8494
8084
8056
9385
8835
8456
7706
7394
9164
8218
9030
8890
9206
8967
8635
8466
8769
7704
9162
8043
8794
7337
9061
10461
8559
8656
15393
9495
8220
9126
7567
9298
8548
8548
7472
8703
8229
8219
8996
7791
8259
8353
7218
9273
7505
8323
9097
8410
8715
8275
8449
7592
8795
7488
7837
7579
9774
7880
8229
8047
8767
8246
8668
8353
9237
8108
8585
8713
8235
8555
8232
8192
8010
8313
8251
8389
8456
7847
8313
8270
8981
7801
8194
8592
8282
7976
7578
11604
10551
7909
8292
8949
9191
7657
7928
8671
8141
8197
9086
9007
7959
8594
9259
8306
7853
7709
7979
7523
7324
8835
7944
8243
9100
7838
8702
8397
9020
8431
8423
8781
9721
8701
7960
8780
9295
9035
8650
9385
9262
8597
8392
8692
8635
9126
8637
7674
8557
8615
9226
8333
8357
9346
8769
7859
8206
7721
8794
9236
9054
7949
7856
8803
10205
9419
8377
7207
7585
8634
8779
7506
9216
8801
8707
8371
8618
9127
8913
8013
9188
7358
7862
7745
9227
8142
8056
8625
7553
8814
7758
8584
8514
9156
8183
8494
10052
7863
8570
8463
8491
7668
8654
8574
9054
8570
8400
8584
8874
7992
7897
8491
9449
8392
8285
8150
8341
8186
8056
8436
8117
9035
9019
8256
8928
8042
7690
8041
8887
8330
8472
8357
9015
8379
9201
7993
9041
8420
9068
8398
8058
8935
8628
9146
7350
8634
8092
9046
8522
7267
8305
7614
9234
9178
7824
8795
8085
7579
7688
8588
9648
9323
8212
7623
8235
8949
8794
8572
9668
7789
7252
8100
7915
8304
9462
8602
8123
7421
8632
8044
8676
8083
113712
9297
9390
8482
7449
8184
7955
7619
7655
8412
8676
8132
7943
7824
7935
7482
7610
8815
7682
7810
8887
8564
8619
7375
7579
8633
8095
7958
8795
7646
7594
8112
8540
7623
8042
9279
7592
7750
9107
8116
9078
8736
10567
7917
8798
8617
8856
8893
8224
8665
8687
7810
9039
9539
9230
8170
8216
9051
9887
9000
9965
8702
8131
17322
8756
8257
9016
7774
9288
8512
8179
8555
9019
9117
8537
8812
8124
7305
7610
9092
8066
9066
7948
8292
8317
8495
7638
8625
8489
9076
8630
7922
8340
8181
8859
9194
7734
7974
7438
7463
8631
9159
8877
8347
7820
8075
10083
7629
9282
8287
8313
8495
7566
8602
9291
9332
8183
8237
8259
8430
7799
8435
7683
8395
8060
7969
7744
8476
8148
7931
8937
7600
8779
8634
7686
7593
8415
8281
8229
8784
7820
7548
9009
8456
8569
7360
8661
8734
8728
9236
9507
7568
8616
8706
9077
8184
8212
8581
8432
7641
8433
8293
9279
7973
8572
7628
8303
8048
9409
9333
9367
9933
9405
7403
7825
8310
9003
8288
8398
7861
8143
8123
9520
9076
7866
8549
7789
8303
8201
8134
9073
8108
8538
8961
8068
8953
7737
9189
9156
8125
8801
8652
9077
8686
9099
9005
7613
7859
8176
7573
8416
8418
7897
7989
8567
9101
9328
8222
9397
8397
8035
8712
8632
7972
7837
8630
7963
8620
8652
7715
7912
8514
10795
8291
7966
7774
8611
7977
7834
8384
8571
8630
9229
7636
9018
7906
7542
9137
7610
8409
7509
7998
8807
8232
8197
7972
9270
8262
7908
7739
7406
8892
9024
8216
8597
8112
8288
7653
8409
7993
7987
8615
7780
8691
8253
8723
8312
7784
7817
8767
7998
7634
7668
9103
8926
9004
7728
7554
8614
9253
8358
8929
8216
131479
8851
7702
8076
7751
9955
8766
8774
8796
8090
8092
7476
8092
8673
8621
8621
8680
8348
8039
9038
7631
8266
7968
8210
8276
9419
9413
8964
8617
8123
7599
9271
11103
7612
8341
13469
9241
8112
9371
9098
8031
9406
8607
8044
8151
8693
8358
8094
8187
8919
8967
7365
9287
7787
7890
7558
7634
7702
7784
8808
8662
8669
8587
7926
8005
8630
8997
7761
9165
11169
8405
8667
7762
8193
9208
8156
7817
7859
7902
8095
8584
8823
8779
9260
8066
9134
7594
9035
8682
9241
8599
7709
8170
9176
8617
8169
8452
9194
7907
9018
8602
9124
8806
8757
9095
7311
8331
7549
7898
8574
9089
9234
8282
8806
7987
9218
9049
7246
8747
8693
8979
8594
7613
8886
8676
9148
8403
8409
8659
8352
8584
8651
8700
10864
7590
8807
7663
8133
8543
9217
8150
8053
8127
8817
8622
7823
9170
8623
9251
7796
9053
8979
8053
8215
8634
7803
7519
8010
7912
7341
8392
8483
8131
7617
9367
7743
7615
9199
9052
8828
9479
7573
9081
7463
8255
8943
7804
8035
7953
8805
7926
7872
7886
7461
7731
7437
8953
8239
8254
9446
8959
8154
7497
9647
7728
8904
7793
10404
9153
7958
7631
8211
8858
7728
8869
9343
8164
7572
8442
8719
7592
9128
9211
7653
8379
7592
8556
8250
7390
8416
8610
9071
8235
8594
8400
8568
8604
8002
8271
8824
8071
7912
9438
8622
7767
9349
7744
9229
8655
8241
9224
8196
8958
9169
8669
8492
7628
8783
8613
8253
7501
9035
7814
8006
9300
8059
8842
8416
9256
7530
7396
9195
8684
8358
7584
8656
8779
8273
8908
8398
9048
9076
7794
7609
7538
8276
7568
9234
8102
9039
8395
7912
7778
8376
8154
8912
7745
8424
7379
8334
8593
7657
8966
116115
8623
8225
8014
7395
8676
7651
8287
7560
8446
8434
8477
7805
8082
7741
7764
7655
8990
7616
9010
7814
7586
7751
8639
9256
7591
8139
7764
9342
9087
8302
7627
10386
9621
8255
8656
7938
8389
8631
7898
9348
8987
9153
7681
7530
8880
7686
8594
7939
8707
8790
8383
7974
7934
7958
8260
8058
9246
7397
8172
8023
8773
7753
8549
9179
7349
7592
7746
8509
8265
8635
8361
8538
9148
8455
8584
8994
8512
8841
10502
8995
8556
16886
8747
7810
9722
8994
8520
8785
8857
7584
8213
7641
8407
7995
7990
10396
8817
8753
8106
9271
9179
7689
7598
8873
7860
9252
7449
8148
8376
7631
7602
7446
9032
8126
8223
8861
7580
7764
7574
9338
7730
7822
8419
8203
8573
8212
7648
9296
8323
8682
8022
9445
8640
7869
9136
9002
7576
8255
8662
8002
8958
9246
9163
9083
8965
8219
8836
8569
8152
9331
7761
7666
8030
8974
7999
9247
7670
8460
9092
9999
8958
9030
7964
8943
8043
7594
8545
8702
8467
8169
8390
7984
8375
7827
9073
8363
8441
7916
8681
7657
8828
8074
8577
9305
8733
7678
7500
9037
7456
8594
8310
7670
7717
7586
9308
8839
7780
8207
8527
8876
8374
9007
8428
8856
8779
7418
8671
8126
8847
7815
8194
9567
8500
9205
9249
7756
8984
8811
9230
8217
8983
8400
9275
9969
7969
8067
8355
7701
8036
8323
9002
8545
7902
8281
7691
8312
8671
9261
7404
9078
8812
8343
8618
9103
8401
8632
8091
7468
7899
8098
8319
8228
7901
8595
8071
8001
8538
8328
7753
8377
7666
7597
8215
9317
7961
8558
8499
8901
8958
9051
7552
9040
7600
8558
8634
9304
7945
9207
8287
8964
9828
7812
7735
9268
7738
8991
9304
9785
9358
9274
8978
7628
118445
8302
8296
8855
7573
8347
8246
9302
8548
8603
8609
8940
8015
7533
8515
9217
7793
9268
8723
9088
7543
9205
8113
7933
7715
7485
8847
9000
8292
8312
7827
7673
8662
8825
7756
9061
7649
8533
7634
8325
9029
9006
9927
9264
7886
8348
8290
8133
8844
8217
8427
8322
8307
8600
8986
8405
8595
9872
7428
10143
13395
8151
9200
10798
7631
7356
9169
8927
8051
8747
7915
7587
8940
7817
8746
9046
8389
8243
8773
8721
8330
9200
9000
7771
7491
8358
9502
8998
7856
9320
8823
8170
7864
7823
9239
8798
7584
8131
8674
8298
7524
7941
8126
7945
9184
7698
9256
9215
8184
9463
7946
7850
8405
8211
8033
8485
7902
7400
8398
7614
8145
8014
9210
10026
8264
8937
8666
7963
8733
7468
7928
8234
9025
8036
7892
8333
8275
7657
7296
7549
7752
8329
9220
8976
8506
8142
7605
8703
8406
8363
9035
8593
8001
7681
7634
8338
7780
9273
7630
7866
7761
8395
9049
8408
11209
7628
7795
8556
8430
9230
8914
8592
7541
8671
8758
8634
9348
7851
8376
7758
7916
8094
8855
8184
8956
8331
8353
9261
7988
9056
8388
7989
7713
7993
7471
8107
8792
9016
8121
8137
9237
8710
8506
8833
8405
7701
8225
9103
8816
8594
8184
8939
8617
8525
7943
8410
9274
8618
7935
8194
7692
7809
7686
8615
7630
11307
7681
7690
8510
8104
8761
8455
8466
7677
8135
7862
8610
8203
8827
7787
7589
7348
8269
7571
8018
7966
8128
9297
8982
7787
8098
11546
8351
8573
8574
8675
7665
8111
7588
9462
7974
8164
8603
9259
7828
8192
9205
8223
7806
8093
8133
8674
8267
8733
8274
8537
8130
7971
8392
8199
7601
7436
8205
7692
8283
9235
8607
8861
8733
8548
7973
8256
8041
139891
9316
8026
8808
8370
9262
9102
8300
8534
7871
9197
8257
8408
8926
8489
8557
7732
8212
8139
8510
9200
9719
9650
8243
7688
8088
8376
8373
8205
8519
8044
9006
10712
7604
7942
10520
7948
8259
18131
8605
9331
9432
8506
8599
8424
8252
8898
8939
7828
8939
8017
8115
8030
7598
8158
7784
8261
8538
8514
7985
8317
8009
8994
8042
7683
8269
8349
8539
8614
8774
7585
8479
7458
7995
8724
7553
7764
8026
9422
8662
9092
7659
8406
8114
8349
8810
8227
8165
7922
8106
8190
7573
8866
8218
7573
8154
7844
7531
8208
8093
9127
8937
7810
7905
8595
7873
8175
7675
8292
8438
8062
8258
8211
7662
8579
9255
8594
8069
8635
7529
8691
9147
8205
9074
8275
9187
7360
9041
7565
8647
7850
8030
7852
8067
7729
8940
8602
8931
7229
8017
7649
8570
9137
7468
7906
7657
9302
7600
7753
8220
10806
8383
8736
8327
9142
9235
7856
7853
8108
8435
8613
9123
8712
7937
7461
9012
8177
8327
8203
8932
8700
8040
7901
7560
8117
7902
8846
8715
8040
8117
8062
8994
8367
8876
9098
7399
9267
8354
8580
8775
8654
8417
8345
9103
8382
7890
8220
7977
8194
7680
8799
7851
8112
7815
8238
7708
8301
7871
9034
9441
7457
8345
8978
8012
11008
7928
7634
9189
9068
7493
8051
9018
8799
8615
8394
9450
7945
8539
8004
9015
8962
7979
8064
9485
9313
9530
8651
7762
8811
7616
9119
7611
8808
8639
8802
8933
9218
7999
9299
8189
7975
9312
8083
8507
7943
8768
7681
7400
8095
9402
8738
8981
8407
9158
7674
7549
9298
9071
8508
10519
8833
8731
9282
9041
8336
13603
7712
8979
10842
8915
8559
9106
7891
7216
8922
8295
8354
9280
7949
8041
8390
8395
7681
7817
9248
7713
7590
7636
9069
8695
8712
8160
7651
9120
7807
9424
11350
8966
7632
7796
8910
8275
8589
7784
8892
8510
7877
7796
8064
9205
8272
8589
8299
7848
9009
8416
9021
8594
9235
7979
8808
8762
8583
7969
8664
7988
8007
9302
7856
8435
8875
7272
9941
8236
15005
9133
7904
9208
8235
9270
8779
8355
8374
8017
7889
7589
8928
8682
8101
9229
8337
9197
7634
7569
9115
7676
9358
8505
8750
11506
8294
8618
7525
7547
8668
8399
7496
8218
7556
8425
7820
8305
8470
7592
9030
7589
8287
8056
8199
7744
7734
9282
7874
9143
7800
7938
7649
8261
8533
8002
9016
8054
8341
8301
8207
9222
9297
8128
8562
8026
8216
8738
8203
8410
8681
9059
7675
7610
7610
9013
7787
8973
9966
8143
9109
9201
8285
8687
9242
7774
18940
14516
7688
8554
9637
8005
7716
8328
8859
8117
8977
7621
8938
8695
7369
7831
8594
7807
9043
7553
8237
7360
8826
7975
8978
9045
8425
9159
8116
8500
8935
7649
7985
8158
8084
8093
8589
9020
8688
9110
9458
8228
8658
8564
7803
8554
8845
8563
9545
9178
8403
7537
8347
8313
8210
8773
7452
8410
7871
9040
8408
7772
9104
9026
8194
8957
7794
8582
8178
7442
8917
7756
8913
8869
7890
7265
8934
8030
8372
8455
7164
8123
7641
8441
9061
7829
8669
8087
7615
7760
8995
7487
8374
8152
8252
7794
8319
9074
7543
9097
8200
8001
7786
9074
10345
8654
9157
8316
7612
8948
7406
7789
9039
8506
8755
7476
8269
9047
8372
7798
8044
8363
8446
9375
8480
8744
9096
9212
8303
7546
8218
8129
9351
7599
8025
8242
7709
9028
9056
8904
8973
8621
8430
7756
7502
9120
7856
7806
8298
8704
7786
7611
8701
9012
8867
145220
7798
8435
8259
8766
8191
8313
8284
7876
8319
7565
8279
8940
9602
8446
7756
7731
9020
8508
8841
7955
8969
8203
8125
8800
8725
8696
7588
8321
7520
8005
9088
9180
7638
8461
8330
8090
7715
8645
8270
7779
7671
7526
7563
8472
8072
7511
8369
7553
8266
8232
8633
8435
9024
7947
7449
8397
8169
7974
7723
7514
8395
9182
7965
8949
8361
8750
7467
9368
8612
8029
9198
7752
8705
7876
9199
8932
10110
8584
8036
7787
9047
8435
8033
7608
9223
7620
8748
9116
7714
8981
7730
7908
8653
9148
8415
9883
7608
7758
16492
8570
8801
9260
7773
9073
7916
8205
8713
8815
7697
8122
8984
7994
9235
9138
7533
8112
7393
9170
7851
8426
8292
8851
7923
8317
9000
8758
8856
7801
7442
8783
9058
7786
8310
7830
9177
8013
9176
7638
8815
9034
11528
9626
8092
9261
7401
8060
8007
8613
8381
7942
8605
8053
7533
7501
8231
7650
9214
8661
8733
9078
7874
8258
8868
7548
9057
7421
9448
7698
9223
8427
8098
7815
8357
8181
7428
8816
8175
7193
8815
7687
8550
7793
9056
8814
7807
9117
8351
8265
8504
9050
9024
7734
8539
7514
7505
8245
9252
7717
8242
8482
9420
8049
8493
8245
10535
8628
9282
7933
9395
7770
9261
7741
8595
7856
7940
9153
8181
9428
8476
8538
8675
9436
8728
8483
8553
8386
8128
7779
8179
9315
7979
7337
7574
8434
8574
8068
9167
8579
8489
8399
8389
9181
7919
7578
8827
8244
8009
8741
9224
8706
8005
7907
8711
8805
7549
8076
8741
7708
8479
7829
7753
7841
7697
8169
8418
9071
7517
9138
9465
8717
8476
8610
7974
8399
8355
8658
7657
9004
9526
8194
8754
7791
7551
8444
8623
7770
8856
8318
8324
7536
8612
8311
137535
7953
7974
9118
8133
7846
8722
9596
9428
8638
7528
8066
8217
8018
9018
8958
7649
8384
8661
8133
9103
8466
8148
8838
8297
8824
8583
7818
9482
9487
8067
9126
8800
7933
8885
9063
7843
7681
7819
7948
9488
8387
11411
8958
9497
8170
8818
12728
9701
8213
7933
7580
8443
9360
8546
7975
8893
9142
8419
9158
8994
7938
9163
8209
8072
7540
7712
7913
8729
7737
7445
8838
9400
8515
8257
8471
8673
8231
7621
9006
8356
8354
8310
8286
7576
7713
8518
7830
8133
8213
8432
7627
8217
8841
8993
8325
8286
7839
8034
7953
8746
8189
8851
8522
9069
8065
9167
7917
7416
9200
11035
8647
8533
8590
7990
8813
8661
8188
7698
8755
8589
7557
8056
8764
8889
8164
8617
8046
8329
8636
8717
7741
9389
7656
8972
7884
7873
8429
7581
7769
7812
8430
8669
8304
9115
8115
8251
8155
8507
7890
7641
8892
7353
8760
8295
7930
7831
7993
8825
7863
9066
7783
8558
9235
8249
8127
7729
8441
9278
9200
8431
9664
9113
8254
8050
8112
9087
8358
8643
7999
8446
7783
8497
9523
9236
8348
8080
8463
9071
7848
8876
9039
8000
7872
7353
8249
8543
7594
8242
8536
9072
8383
8200
9201
9216
8432
7954
8628
8723
7509
8822
7864
8143
7370
8424
8032
8394
9223
9081
7997
8296
9157
8050
9291
8809
8282
7610
8441
8053
8282
8368
7783
10939
8265
8425
8588
8821
8255
7497
8053
7611
8601
9127
8034
7590
8606
7692
8490
7409
8677
7985
7551
8679
7933
8953
8544
9230
8333
8338
8786
8359
7901
8794
8365
9142
8035
7884
7980
7671
7953
7707
8112
9046
8194
7610
8422
8635
8368
8026
9100
8308
8223
8523
8564
7835
8831
8798
7850
8023
9003
8406
7987
8176
111185
8816
7569
10574
8040
9218
8702
7981
8317
7506
17431
7773
8595
10901
9011
8048
8686
8674
9099
9186
8430
8784
10486
8581
8127
9058
7863
9127
7822
9130
8884
9481
8173
9082
7738
8463
8368
8380
7669
8551
9479
7748
9095
9084
7986
8956
9157
9076
7702
8702
7944
8297
8626
8132
9211
8243
7599
9214
7353
8028
9133
8371
8377
7677
8599
8445
8840
11089
9443
7952
7628
9035
7942
7720
7628
9081
9077
7592
7745
8723
7610
8471
9092
7801
8042
9265
8833
8824
8179
8687
9062
8442
8579
7982
9113
8132
8406
7752
8841
10385
8338
8730
7770
8752
9177
7532
7905
8356
8029
9158
9420
7490
8218
9318
8362
8837
8651
10847
7763
8229
9620
7855
8373
8636
8383
9259
8043
8337
8461
8295
9328
10041
8126
8782
8934
8805
9091
7774
8318
8203
7912
9078
8436
9198
8619
8597
7631
8100
7494
8076
8430
8016
8242
7949
8804
9020
9082
8137
7676
7853
8177
7823
8871
9223
8142
8682
7769
8190
9020
8815
9174
8957
8596
7411
9191
9621
9211
7652
9225
7561
7646
8606
7888
8002
9005
7953
7902
8426
9220
9200
9532
8984
8369
9215
8394
9146
8781
9012
7512
7709
8615
7810
9377
9218
9311
7817
7701
7933
8502
8410
9341
9211
8659
7444
9006
7602
8787
7591
7571
9905
8539
9394
9502
7772
8083
7591
8954
8799
8785
8844
9162
9836
7853
7723
9054
8070
8168
10100
7873
8774
14058
8323
7736
11830
9108
7666
10992
7601
7561
9075
7736
8449
8541
7408
8056
8700
8922
8759
9164
10132
8316
7687
8725
7815
8301
8087
7541
8194
8864
8641
9008
8977
8100
8610
8185
10420
9056
9033
9309
9041
8794
7760
9054
7601
8899
7684
8304
9141
7850
8401
8183
8610
9221
55052
8234
8003
8525
8117
8215
9315
7854
8837
8905
8264
9193
8775
8638
9600
7734
7904
8778
8286
8170
7574
8572
8293
8502
9320
8466
8239
7628
8766
9037
9025
7951
8910
7972
9214
8589
8345
8644
8704
8544
8705
8433
8467
8824
7859
9103
8184
8709
8358
7755
7682
7549
8394
9476
7711
8503
8765
9235
7763
9439
9048
7709
9201
8430
7856
9040
8000
8359
8622
7734
8605
7878
8055
8134
9247
9598
8431
8878
13754
7764
8292
12992
9456
8252
8354
7597
8358
8697
9170
7890
8943
8653
8374
8079
9043
9321
8988
8977
8713
8831
8859
8918
9580
8450
9015
8633
8616
8580
8479
8592
8207
9532
8541
9292
9076
8985
8997
8605
9025
8702
8604
8379
9041
8988
7421
7426
8757
7893
8444
8989
8532
8537
8594
8853
7708
8768
8965
9102
7777
8970
9034
8753
7476
8413
9136
8238
7902
7533
9153
8470
8099
8032
8519
9123
8837
7998
9619
8256
9023
7691
9068
8575
8864
9280
9239
8502
7748
8974
8775
8632
8425
9827
8032
8605
8613
8612
8157
8673
8123
8666
7749
7635
8543
7738
7981
8774
7929
8721
9321
8299
9452
7577
7417
8024
7661
8589
8421
8579
9106
7531
7586
9179
8189
8519
8862
8756
8327
9073
8661
8187
8552
8856
8262
8612
8142
8517
8251
9338
8256
8304
8187
8977
10288
8542
7627
8926
7866
7528
8157
8635
8031
8972
7422
8584
7799
9196
8595
8867
7542
7565
8615
8343
8924
9196
9107
8832
7641
8763
7365
8702
8839
9186
7989
8254
8190
8977
8451
8523
9282
9136
8037
8640
8656
9176
7758
8076
8434
7517
8452
7754
7919
8478
8434
9381
8363
8454
7894
8273
8749
8220
7635
8807
7851
7712
7769
8733
11620
9015
8150
8634
8578
7811
8904
97753
8142
7773
7751
8416
8478
7802
9385
7906
7729
8589
7420
8635
8342
9019
7762
7317
8661
9156
8352
7650
9164
7856
19771
9066
9155
9216
8575
7721
8079
8252
8142
7531
7599
8154
9174
8651
7488
8730
8174
8346
7992
7561
8594
8607
7733
8553
8007
7917
8039
8215
8593
8285
8478
9328
8536
8003
9851
7509
8507
9111
9415
16840
7964
8657
9574
9301
7992
9231
9017
8522
7892
8762
8051
7910
8043
9082
7476
7554
9230
7873
7988
8846
7563
8215
8866
7558
8232
8785
10846
8803
7647
8000
9348
8012
8548
8929
8995
7733
8194
7667
8182
9056
11047
9249
7605
7871
9114
8492
7585
8102
8549
8510
8348
7552
7972
9218
8758
8100
8410
8714
10357
8137
7773
8389
9077
7769
7656
9063
8147
8931
7334
8938
7821
8496
7769
8897
7947
7271
8419
7990
7812
9346
9101
8872
8508
7727
7900
8974
9180
8451
8676
8266
8305
7604
8799
8156
9022
9266
8055
8953
9140
8002
9064
11005
9299
8002
8508
7958
8604
7605
8445
7728
8598
9292
7532
8743
8153
8456
8071
7897
9153
8924
8309
7788
10795
8518
8651
8331
7826
8595
8034
7806
9035
9357
7645
8817
8644
9279
8112
8450
8810
8949
8041
9398
7687
8142
9037
7979
8490
8322
8425
8824
8684
8008
7783
9322
7740
8868
9215
7798
8015
9173
7723
8607
7769
7914
7435
8578
8011
8062
8115
8641
8162
7909
8897
9173
8159
7704
7312
8781
8062
8012
8309
8414
8056
8235
7791
7866
10012
8592
9164
7714
7469
8431
8919
8819
9099
8293
8338
8153
7752
8178
8358
7798
8224
8362
8597
8307
7734
8837
8061
8499
8977
8328
8733
9201
7926
8297
9046
8595
8823
9220
7985
8196
8453
8985
9754
8451
8466
8329
9046
8605
114389
9218
8443
9022
9419
7653
9066
8855
7650
7571
8632
9216
7589
8979
9307
8158
8233
7523
8374
8512
9239
9215
8944
8449
9412
8112
7532
7811
8205
7962
9076
8130
8439
9221
9321
9430
8076
8097
7830
8538
7825
8831
8113
7813
7379
8045
8832
7938
8061
8511
8441
7712
8445
9046
8930
10210
7626
9456
13556
9026
8255
10107
9161
8139
9041
8042
7627
8198
8357
7694
8297
8830
9062
8902
9441
7964
10887
8603
7835
8656
9016
9250
8825
8415
7651
8466
7642
8757
8923
8026
8444
8801
8431
8391
8820
8820
9025
8156
8149
7856
7840
7765
9059
9899
8800
8707
8398
8176
8005
8886
7536
7675
8030
7720
8055
7743
8503
8556
8234
8208
8598
8843
8688
8256
8073
8851
8177
8476
8421
9065
7586
7335
7625
7620
8659
7811
7897
9047
7259
8412
8133
9297
8389
8180
8083
7407
9225
8448
10716
9124
8466
7952
9442
9010
8429
7841
8798
8838
8277
7751
8675
8099
9430
9025
10828
7558
7414
9011
8382
8033
9184
7651
8810
7391
8251
8940
9274
8535
7470
8826
7588
8288
9034
9391
9200
8035
7871
7750
7988
7627
9388
8397
8302
7590
7953
8415
8780
8300
9037
8153
8288
8317
8100
8384
7813
9020
8627
7774
8297
7581
9036
9441
10769
8600
8325
8998
7743
8121
7629
7950
7828
7645
7926
9198
9016
7768
9180
8466
7977
8405
8347
9300
8311
8986
7569
8547
7976
8195
8475
8154
9270
7739
8374
8034
8194
9257
8641
8110
9088
7964
7681
8970
9239
7892
7892
8012
8390
8571
9039
8502
7303
8558
7589
7647
7820
8836
7962
8439
9117
9016
8687
7629
8265
8653
7817
7986
10522
9400
7753
8302
7680
8490
8811
7779
8286
9310
8210
8803
8148
9066
8153
8920
7853
107639
8328
8099
8769
7791
17230
9424
8930
9232
8200
9359
8804
8611
7660
8679
9347
8549
9186
8483
7942
8823
8557
9258
8620
8607
8435
9181
8236
8555
8641
8294
8324
8005
9104
8578
8017
8031
7774
9217
8657
7957
8418
8224
8655
8509
11472
7630
9858
17763
8584
7706
7901
9250
8198
8712
9174
7843
9246
7668
9333
8215
8026
7728
8625
7768
7677
8789
7847
9143
8179
7844
8844
8595
8483
9260
8272
8488
7717
9405
8667
9384
8655
8396
8345
7883
7984
9127
8535
8602
9371
9017
7700
7809
8196
9054
8518
9370
7471
7576
7628
9155
8435
8519
9150
8077
8182
8262
8272
8575
8712
8253
10200
8481
8364
8658
9414
8936
8040
8676
7615
7667
8739
8395
8377
7533
8851
9174
9309
7855
8314
8764
7702
8435
8270
8533
8594
9219
8574
8216
8460
8544
7885
8965
8108
7785
7894
8083
7944
8326
7972
7589
8815
7968
7521
7756
9400
7777
8662
7970
7800
8641
7922
8860
9003
7343
8099
7367
8729
8358
8466
8610
8906
8907
8271
9269
10682
8340
8635
8512
8897
7920
9235
8462
8706
9033
8089
8361
7521
8010
8588
8887
8980
7358
7749
8538
8615
9199
8319
8389
7651
9210
9261
8917
9038
8241
8600
7338
8497
7974
9090
8552
9110
7671
7682
8523
7889
9135
9287
8988
9217
8367
8260
8395
8375
8691
8583
8290
8298
9240
9183
8010
7922
7659
7921
7897
8223
7552
8958
7809
9619
9011
8256
8775
8191
9033
8634
8559
7606
8092
9380
7859
9091
8461
7933
8448
8350
7812
8775
8258
7761
7861
8825
7748
8816
8993
8008
8437
8461
8211
8925
9279
7902
8118
7537
8712
8499
7572
8615
8460
8303
8298
7748
9275
9172
8292
7979
8938
9283
8200
7892
8666
7373
7794
101172
9200
7387
7631
8420
8353
9638
8528
9262
7315
9640
8435
8334
8445
7894
8317
8716
8785
9012
8994
8015
8241
8814
7882
7630
8788
8169
9058
9160
9453
7981
8547
9028
9251
7991
10851
9184
8520
8393
8666
8514
9135
7855
9226
9268
9147
9137
13374
8046
8261
12158
8078
7807
8138
8175
8599
8660
7505
8058
9061
7600
8111
8716
7605
8006
7882
7712
8938
9707
7910
8192
7613
8179
8963
9802
8497
7928
7736
8337
9247
8182
8072
8839
8735
7841
7718
8652
7956
8192
8215
7518
8413
8632
9082
7610
7758
8473
9384
7609
8528
8822
8954
8985
8736
8656
8838
9369
8702
8534
7728
8616
7599
7456
8363
8565
8251
8170
8436
9076
8732
8202
8704
8704
8613
8002
8850
9266
9101
8156
7668
7761
8338
8202
8455
7584
7763
7583
7778
10216
8919
8970
8141
8874
7595
8905
8379
8815
8603
9143
9271
7930
21405
7735
8724
8333
8806
8863
8528
7637
8307
9270
9080
8330
8995
8336
7816
8538
9176
9216
9400
8075
7407
8900
7890
7807
9147
8000
9259
7510
8119
8288
9241
8996
9209
8257
8261
7591
7518
9269
8843
7786
8100
7606
7817
8668
7767
9029
8417
8719
7715
7601
8894
10728
7899
8179
7979
8066
8512
7932
8933
8758
9198
8814
7377
9337
8081
7869
8912
8892
8169
7508
7595
8181
7606
7747
10338
9138
8080
7564
8775
9059
8371
8157
9476
8872
8702
8512
7784
8806
7494
9232
8044
8158
7951
9491
8000
7849
8996
8138
8817
8340
9006
7993
7627
8418
9200
7837
7622
7920
8685
8608
7572
9158
8285
9042
8338
10343
7272
9131
8953
9261
7601
8764
7478
8400
8169
8849
9550
9458
7614
8204
8349
8684
8821
9336
8222
7659
7939
8461
8373
8619
9283
7574
96328
8681
7661
8235
9353
8634
8654
8319
8796
8722
8654
9299
8131
8179
7847
7497
8136
7721
9002
8558
8434
8542
7451
8935
8992
8697
9263
7923
7784
8220
7574
8314
7841
9382
7841
7731
8611
9435
9312
9140
8400
8999
8368
8596
8152
7946
9093
8355
8614
8265
9000
7394
7509
8378
8702
8759
8138
9259
8884
7738
7826
8394
9210
7916
8597
9056
8982
7600
8652
7789
8098
8974
8948
8690
8717
7795
8506
8172
8451
10261
9334
7732
12511
7967
7790
16410
9225
9167
9272
9531
8501
9235
8035
8077
9341
8883
8729
9202
8005
8256
8777
10196
8027
7835
7837
7513
7891
9035
8579
9928
8573
8813
8195
8812
8605
8179
8609
8553
8774
7735
9835
8435
8487
8878
7593
9018
8957
8212
7978
9286
8250
8226
9025
9146
7812
8684
8922
9302
7661
7595
8598
17350
7920
8917
8112
7548
9025
9238
8506
8420
8275
7521
7655
8269
8767
9239
7590
8779
8115
8658
8869
8320
8837
9016
9160
9074
7993
8615
7570
8848
8598
8599
8786
7717
9114
9038
8791
8882
7673
8488
7856
8469
8579
7800
8221
8182
9042
8447
8410
7556
9027
8380
7840
9394
7717
9205
8738
8239
8554
8153
8731
8456
8015
8241
9188
9248
8184
8905
9216
8641
7531
7899
8969
8457
7538
8092
9641
7832
9088
8884
8425
8269
7751
8351
9430
7661
8616
8156
8337
9480
7795
8025
7788
8942
8264
8333
8002
7695
7488
7815
7902
8012
9219
9246
8641
8805
8181
8529
8538
8631
7748
8358
8394
8070
8114
8095
7901
7797
7988
7795
8429
9204
7591
7978
8800
9641
8587
8621
8582
9014
7673
8656
8696
9323
7553
8661
8205
7869
7978
7815
9159
8269
8711
8055
9165
8676
10543
8691
7375
8984
8318
9307
9608
85860
8765
8227
8850
8782
8663
9288
8440
8400
7729
7577
7927
7905
8676
8607
8859
8200
8861
8030
8927
9080
7992
7950
8079
8217
7521
8446
8795
11501
9149
8389
7928
8453
8831
8015
7810
7592
7352
8091
7902
8781
8862
8410
7654
8300
8756
7615
7668
8826
7492
8103
7930
8176
8058
9005
8042
7958
7892
9117
9094
9401
9088
8394
8219
10843
8210
8418
8068
9446
9017
8402
7706
7540
8131
8004
8036
9165
8377
8426
8036
9432
7531
8105
9126
7579
8009
8393
9300
9454
10524
10171
8618
8065
9571
8712
8953
12909
8185
8025
10023
9060
9100
7704
7737
8839
8614
8203
8283
8228
7757
7636
7576
8113
8112
8438
8364
7721
7682
7632
8303
9161
7886
9300
7397
7611
9071
7531
8940
10735
7829
7810
8688
8407
8835
8764
7693
9338
8128
7707
8108
8036
8073
7918
8882
7336
7348
7580
8896
8956
8032
10884
9056
7897
8234
9238
9435
8568
7751
7779
8315
7868
7963
9222
9532
8020
8911
8507
8859
8952
8204
8782
8718
8184
7769
9108
8919
8287
8048
7610
8789
8651
8979
8456
7743
8887
8004
8271
7995
9824
8561
8235
8406
10044
7532
8695
9070
9104
8874
8977
7743
8287
7610
7716
9054
8015
8851
8353
8166
8871
7504
7606
9211
8420
7954
8068
8384
8897
8497
7578
8608
7826
8022
8587
8215
8776
8369
7995
8139
8116
7548
8624
8160
7988
7625
7512
8177
8677
7564
8682
8350
8046
7976
8150
9294
8215
8654
8572
8815
9078
8855
8934
8614
8125
8615
9015
8717
9846
8125
8216
9230
8312
8968
9033
7910
9034
8676
8315
9149
9317
8224
8784
7553
10969
8332
8687
9179
9482
8967
7974
8267
8764
7949
8869
8872
7804
8934
7821
8214
7681
8089
8995
8469
8980
121964
7554
8064
9004
8806
8907
9717
9037
9159
8450
9041
8884
7504
8418
8319
9030
7376
8898
7993
8017
8616
7578
9251
9851
7897
8616
8426
10459
8700
7777
7417
9255
8965
8955
9147
8497
7800
8395
8170
8145
8924
8330
7409
7887
8594
8165
8635
8021
8466
7715
7564
7379
8862
9788
8073
7714
8218
8096
9225
8828
8006
8688
7896
7948
8980
9148
8929
8034
14330
8994
7877
8978
8252
21037
8390
9190
9028
8410
9010
8630
9254
8191
9429
8736
7376
8133
8317
8724
9076
9475
8015
8762
8070
9193
8840
8613
8800
7816
7873
8507
9252
8592
7492
9689
7990
8260
8789
7798
9384
9242
7828
7893
7861
9360
8882
9000
8056
8090
8600
8661
8512
8418
8658
9328
8418
7651
8321
9287
8597
8630
7876
8566
8356
8476
9589
8939
7676
9044
8410
8610
9042
8851
7801
8810
8837
8384
8415
7697
9574
8441
8646
8582
7879
8227
7570
9334
7580
9085
7710
8435
8290
8378
8743
8480
8234
8158
8543
8105
9314
8283
8788
7690
8074
8035
8974
7790
9363
8811
7552
8795
8015
8664
8353
9019
8400
7643
8599
8094
9061
7715
8272
8416
8434
9147
8805
7673
8917
8002
9110
7676
8140
8593
8629
8249
8225
7540
7612
7687
9207
8281
9237
8265
8724
8842
8533
9119
9007
7856
9215
10302
8115
8820
9237
8466
8569
8998
7517
8082
9372
9133
9153
7648
8320
8830
7598
8035
8159
8832
8765
7818
9231
8020
7795
7939
8461
8885
8253
9525
8867
7719
7912
8492
8533
7598
8631
8996
8194
9107
9131
7612
7415
8171
8051
8747
8666
7891
7812
7420
8784
8470
7779
7817
8941
8842
7521
7631
9284
8424
8948
8274
9190
7995
8924
11666
8507
9169
14692
8856
7507
9669
7860
8546
9035
79769
9608
8933
8637
8713
8838
8500
8379
8856
8557
8368
9224
7897
7846
8099
9127
8191
9399
8851
8064
7773
8297
8859
8634
9225
8469
8525
7784
9100
8110
7812
9389
7826
9174
9030
7473
8116
7808
9054
8418
8773
8729
7322
7778
8396
9235
7727
8052
8861
8358
8755
7564
8795
8611
10625
9131
7833
8815
10564
8896
7728
13240
8512
7378
11027
8157
20694
8849
8812
7916
8446
7666
8957
8182
8436
8038
9263
7281
8864
8729
23551
9111
8189
8309
8300
8097
8062
18226
7739
8210
8364
7990
9270
8174
22476
7917
8959
8960
8637
7733
8728
9060
9066
8008
7770
17662
9156
7851
8128
7615
8644
8049
24494
8546
7812
8908
8695
7547
9763
7889
7574
9167
7975
10470
8594
7827
9436
8748
8682
13482
9068
10393
8062
8605
7987
8695
9098
9287
8250
8453
7619
8941
8859
7972
9344
7641
8667
8819
7786
8802
8569
8769
7693
8215
8724
8742
9011
8264
9270
8420
8363
7620
9250
8597
8025
8192
8434
7841
8717
7553
9328
9428
9224
7760
9287
8612
8569
8833
9420
7800
7815
8351
10543
8793
9247
9197
7953
8246
9116
8414
9038
9071
8442
9102
8640
7887
8770
8558
9430
8358
9115
7825
7965
8229
8724
8435
8637
9060
8174
8705
9365
9143
9373
7869
9600
8291
8728
8196
8016
8994
8528
8265
8540
8285
8113
8586
8001
7354
8178
8974
8574
7632
8887
8013
7990
7641
8938
7789
9235
9298
7544
8463
9024
9356
9397
8531
10331
8732
8236
8576
8392
7931
8300
8820
9935
8437
8262
7726
9236
8451
9640
8292
8398
8408
8662
8306
7624
8634
8495
8276
8225
8481
9343
8841
8434
8799
8289
7591
8543
8450
8793
7836
7922
7764
8511
9136
9594
7738
7371
8846
7892
7795
8593
9877
7748
8021
8035
8215
9429
8368
8577
8938
7707
8823
7793
8079
8898
9303
8816
17372
8810
8800
7758
8819
7805
8318
8400
8150
8246
8663
8742
8395
9284
7717
8634
8729
7691
8307
7826
8384
7630
7893
9270
8555
8415
8051
9316
8555
7908
8262
9010
9518
8500
8170
8643
7912
8153
8913
9246
8497
16423
7846
8435
10544
9501
8543
7909
8879
8692
8364
9129
9118
8608
7890
8613
8475
7911
8989
8660
9217
7846
8227
8737
8613
9535
8075
8331
8227
8282
9025
8550
8751
9036
7680
8594
9211
8915
9338
8222
8940
7861
7628
9418
8551
8384
8715
8034
7538
8184
8651
7592
8994
8825
7783
9042
8648
8320
9148
8810
7671
7953
8668
7329
9380
8031
7963
8752
8359
9261
7659
7934
7742
8925
8396
7345
7974
8160
7804
8531
9287
8836
8520
9325
7846
8999
8624
9179
8774
9585
8800
8410
7569
7693
8328
7908
8334
7928
8998
8408
7988
9483
8464
7541
8260
9366
8582
8902
8644
7825
8057
8387
9486
8435
8110
8271
8820
7631
8975
8885
9649
9164
7923
7856
7727
8066
8451
8266
8867
8579
8618
9140
7866
9193
8419
9224
7675
8276
8362
7611
9371
8871
8595
8425
8032
8464
9319
7810
9037
8498
7832
7897
7899
10616
7871
9174
8426
8179
8683
9194
8808
8459
8402
8972
8717
9462
8102
9226
7579
8245
7958
7793
7640
8579
9835
8137
8153
8870
7937
7869
8373
9420
8351
8339
7900
8029
8839
8917
8897
7639
8620
8754
8718
8447
7570
8654
7749
7711
9045
8194
9185
9001
7697
8335
8304
8235
7600
9409
8546
8885
8197
7811
9200
7858
8622
8138
8869
10732
7714
8259
8705
8674
8605
8759
9380
7932
9179
9229
8725
8628
8092
7826
7993
7935
9222
9299
9021
86767
8336
8273
8334
7851
7809
9087
8823
8020
8232
8795
9468
8970
8794
8512
8617
7622
7931
9061
8811
7898
9296
8324
7645
8010
7597
8278
8242
8653
8608
8414
8735
8674
8559
9312
7522
9309
7754
8995
8594
8292
8671
8328
9389
9869
9295
9155
7840
9523
8019
9194
7609
8132
8626
8047
7667
8230
7797
7912
8288
8765
7845
8210
8572
8077
9169
8435
8415
8913
7638
8335
8118
9204
7868
8385
9035
8210
7783
8215
7900
8855
8034
8177
9047
8431
8638
8778
8774
8518
9919
8440
8624
14384
8395
8051
10435
8660
8744
8261
8157
8736
8310
8654
7584
8144
7444
7815
8512
10897
8702
8222
7912
8761
8917
7738
7948
7558
7845
8456
7730
7844
7969
7743
7631
9182
9717
8318
7743
9048
9146
8052
243795
8287
8785
8013
8729
9107
8950
8194
9191
8478
7967
7833
8852
9052
8953
7913
7697
7741
7632
8735
8170
9263
8414
7572
9107
7748
8213
8849
8008
7832
7989
8029
9186
16941
8030
7694
7750
7762
9362
8039
8550
11748
8833
9215
7832
9192
9088
8798
8215
9149
8634
7862
8601
9235
8492
8003
8846
8394
8100
7632
8838
9166
9087
11167
9112
7861
8520
9492
9466
9228
8022
8646
7942
8677
9041
9437
7613
8210
7820
8744
8742
8319
7994
7934
7737
8032
7711
8955
7614
8919
8531
8566
8888
8097
9037
8804
8783
7989
8289
8625
8750
9137
9213
8151
7965
8635
7835
7751
8041
8468
9553
8390
7390
7630
8296
8312
9099
9085
7584
7759
8344
8712
8244
7451
10462
8762
8185
8128
7875
8594
8938
7510
8194
8639
8758
8536
7606
7770
7610
7493
8777
7856
9380
9302
7685
7679
8310
8001
9317
8027
8711
8728
8605
7798
8677
8153
9294
7925
8186
7709
9095
7889
10232
9501
8634
7631
8137
8432
7719
15002
8608
9217
9472
8645
8135
8058
8199
8200
7834
7831
9128
8577
7394
7988
7530
8518
8805
8765
8063
7953
8697
7774
8371
8288
9360
7758
8631
8718
8582
9620
8851
8897
8105
8699
8386
9130
8861
7689
7610
7529
7712
8393
7956
8639
8635
9075
7930
7721
8412
8673
9180
8626
7441
8337
7570
7992
8149
7806
9103
7358
7851
8358
9410
11415
7673
7979
8137
7770
8317
8925
7574
8702
8500
8665
8965
9016
8810
8317
8994
8322
7427
9102
7779
8328
7769
8086
7765
8625
9664
8337
7900
9255
7547
8862
8714
9425
8189
8969
8230
8374
7615
8229
8215
7973
8476
8844
7774
8220
8215
9169
8861
8205
9360
8200
8619
8257
7910
8130
7975
7568
7822
8588
8082
8878
8638
9355
8862
9851
9038
7530
7656
7593
8326
8615
7410
7623
8020
8455
8332
9389
9394
8058
9217
8717
9148
7976
8356
8032
7978
9054
7779
8833
8031
8847
7932
7590
7885
9137
7800
9049
8814
8594
7584
8609
8697
9453
7621
11116
8713
7591
8819
9103
8685
7997
8248
8671
8172
8318
9000
7638
9163
8020
9474
8215
9001
8041
8531
8056
7809
8649
7558
11525
9214
8037
7901
8071
8584
8424
9298
8003
9046
7630
7225
8964
8240
7620
8118
8633
9214
7711
7791
8288
7889
7803
9112
9278
7383
8012
8497
8129
8649
8716
9128
9164
9426
7770
9097
9167
7891
7715
8302
8996
7661
7924
9184
8437
7596
8364
8008
9436
8359
8458
8590
7559
7974
8775
7842
8476
8148
8466
9099
7410
7593
8153
8158
9747
8121
8851
9260
9000
7861
7950
8015
8584
8436
7700
8030
8451
7786
8338
8239
7610
7548
9069
9235
7811
8974
7555
8054
9762
7695
8380
8639
8097
193464
9308
7404
9176
7609
8377
8866
7955
8839
7931
8836
8189
7765
7558
7856
8461
8245
9294
8042
7604
8840
7601
7467
8321
8838
7517
8588
9288
7786
8461
8719
9041
8656
8365
9246
8836
8251
7350
9255
8518
8604
8046
7319
7800
8215
8396
9043
9615
8244
8030
9208
9441
8598
9198
8232
7814
7564
8648
8683
8410
8804
7804
9244
8833
7769
7661
8635
8994
8605
8071
8095
7938
7879
9143
8615
8655
8839
8853
8861
8712
8561
8655
7932
7874
8557
9335
8728
9293
8390
8143
9151
7912
9299
8989
8124
8513
7388
7989
8405
9753
8328
8887
8764
7814
8880
7982
9292
10046
11269
7764
8097
14557
8091
7663
9829
8247
8129
8856
9235
8758
7889
7834
7593
11171
7880
9092
9297
7909
8584
8411
8367
8978
8168
7933
7728
7579
7802
8765
7646
8773
8035
7595
7589
8102
9577
8304
8514
9210
8427
7679
8452
8529
7705
8338
9116
9012
8312
8653
8803
7301
7738
8319
9243
10353
8194
9041
8114
8348
8042
9134
8894
7700
7615
7773
7823
8285
8925
8654
8227
8819
9170
9293
7651
9221
9000
8351
8371
9066
8528
8996
7984
8384
7889
8435
8581
8005
8364
9207
8806
7974
8956
8491
8020
8175
8450
9020
8555
8828
8492
7999
7852
8510
9218
7346
9000
7617
8059
7940
8016
7764
7575
9129
9123
8235
8471
8689
9441
9016
8207
9134
8651
8179
8851
8655
7991
8006
7877
9078
9237
7851
8304
7633
9246
7612
8320
8977
8060
7676
8194
8185
9025
8374
9279
7430
7776
8827
9339
8015
8145
9212
8084
9213
8200
9199
8539
9302
8175
8661
7769
8779
7842
8637
7823
8922
8441
7709
7841
7830
8150
8207
7471
8123
9241
7921
8448
8602
7451
8831
7347
8773
8229
11519
8577
118361
8149
7584
7709
8995
8953
8264
9352
7816
8636
8616
9476
8809
8794
8597
8045
7649
7615
7817
7876
8093
11257
8020
8277
8966
7709
8052
7576
8820
8681
9032
7787
8138
8455
8437
8230
8892
8520
7650
15598
7744
9321
8431
8233
8235
8385
8553
9069
8670
8151
8659
8399
7786
8394
8689
8957
8525
9123
8445
8943
8588
9164
11157
8195
8083
9577
7851
8170
7892
8732
7710
8159
8142
9473
10974
8420
8737
16562
7707
8681
8804
8635
8053
9046
7940
9208
7871
8113
9219
9646
9571
8493
7997
9092
8039
8193
7861
7946
7888
9326
8032
8867
8956
8682
8216
8297
7762
7854
7734
9019
8315
8124
8441
8249
9213
8493
7829
8588
9275
7669
7946
8149
8961
7767
7823
9160
11412
8028
9420
7703
8596
7762
8535
8318
9647
7632
8765
8051
7393
8498
9143
9020
7635
7815
8553
7808
8876
7615
8437
7660
8284
8034
7810
8947
9182
7534
8540
8245
8034
7501
7573
8234
8954
9046
8111
8253
8242
9217
9184
9210
8381
8104
8710
8139
7464
7809
9223
9601
8336
8964
8402
8872
8713
8815
8652
8108
9164
7498
7937
8448
10090
8720
7419
7835
7753
9309
7677
8197
8853
8344
8317
9022
9730
9107
8892
8256
8422
7556
7756
8805
8717
8405
7720
7820
9657
7782
8610
8482
8132
8508
7357
9138
9113
9056
8796
7377
8891
8210
7792
8363
7966
8260
8205
8070
7345
8584
8283
8453
7939
7876
8857
9092
7957
8532
7369
7783
7652
8850
7834
7931
9275
7980
7986
8297
10743
8805
9251
8296
7830
9025
8294
9261
8961
8940
8456
8067
7480
8680
8151
7807
8993
8595
10738
8748
7733
7994
9396
9008
7853
7388
7991
7602
7977
8407
9446
8059
7736
9615
8392
7682
8079
8636
8794
110153
9316
8060
7830
8753
8114
8701
8087
8835
7590
8375
8888
7582
9014
9278
7694
7719
8096
8363
8332
7576
11683
7400
7775
8650
10814
8171
8992
8435
7871
8400
8787
8835
10212
7771
7451
9217
7933
8164
8174
8530
8774
8367
9028
8022
7724
8523
8548
9055
8178
9138
9054
8084
8220
8181
9118
8166
8498
8051
7735
7834
8836
8439
7282
7821
7553
8928
8595
9242
8333
7541
7484
9370
9097
9103
8079
7569
8417
7861
9183
8998
7983
9671
8434
7753
8372
8454
8272
9158
9677
8360
8746
8273
7656
10685
8922
7756
14754
7984
8174
11073
7991
7556
7477
8962
7430
9612
8625
8992
7715
7605
8428
8578
8434
8755
9293
9204
8150
8660
9076
8760
8461
8355
8231
7973
8859
8141
8873
8558
7962
8538
7810
7749
7797
8180
8077
8375
8784
8448
7610
7697
8750
8869
8463
7541
8695
8056
9242
9143
8455
8603
8863
8098
9235
9013
8279
7733
8252
8635
7978
8271
7933
8304
8202
7937
7885
7371
8518
7512
8333
9114
8401
8007
7492
7854
8491
8126
8005
8042
9075
7777
7779
9225
7869
7583
7988
9533
8323
7834
8600
9671
7810
7776
9539
7672
8025
7671
9087
8323
8402
8595
8506
8331
7588
11220
7613
7680
7980
7694
8630
8995
7716
9002
7979
8838
7954
7964
11189
8437
9088
7978
8013
8806
7652
7699
7843
8935
7670
7571
8017
8165
9162
8131
8559
7698
8085
7784
8974
8263
8461
8923
9030
8849
7504
8632
8998
7266
8158
7704
7975
8533
7501
8278
7715
8030
8014
8902
7547
9051
8302
8293
8056
7733
8425
8530
7481
7923
7990
8808
8877
7800
7647
8343
8420
8476
7553
7923
8547
8521
7844
8192
10507
8175
7538
9056
7466
8504
7528
7802
9560
7674
8889
9195
124163
8517
8497
8758
7656
7749
8300
7570
9015
7420
8102
8656
8955
8035
8834
8400
8844
7865
7588
8072
7895
7637
8799
8558
7533
9125
8262
8312
8097
7775
7683
9112
8552
7668
7498
8410
8957
9005
8335
7612
7964
7958
7490
7935
7878
9020
9085
8600
9174
8380
8992
8757
11987
8184
8072
8626
8220
9159
7572
7800
8020
7703
8416
7453
9125
7538
9230
8759
8496
9114
7764
8512
9092
8942
8384
9972
8491
7637
7910
7646
7980
7608
7357
8102
8216
9220
8271
7601
7764
7819
7773
8088
7646
8533
7837
8623
7751
9453
7900
8911
9061
9182
7838
8338
7577
8685
8570
8157
7647
8877
8317
7815
9246
7771
8353
9110
10788
8076
8043
7800
7849
8884
8661
8473
8378
8460
9117
8297
7794
8449
9270
8537
8645
8985
8631
8051
8041
8318
7986
8096
8537
8885
8398
7820
8098
7790
8598
7954
8996
8844
8129
8090
7655
8901
8010
9485
10271
7722
8782
16930
7616
8179
10748
8806
8588
8229
9192
8503
8405
8746
8259
7390
8690
9358
7982
8568
7682
17257
7531
8133
9988
8675
8575
8179
8682
8234
9222
8778
8465
7925
8271
7622
8555
8586
8756
7486
9847
7876
7709
7487
7896
9125
9156
8501
8377
9469
9004
8434
7722
7660
8174
7230
8277
8229
7684
8974
7915
9042
8192
8528
7932
9772
8594
7833
7988
8074
9207
7978
8251
9553
8045
7708
8143
8529
8071
7622
8783
7969
7633
8184
8287
8743
9181
7589
10091
7589
7694
8673
8347
8054
9044
7646
9601
8472
7919
8884
8172
7719
8615
8635
8742
9306
8558
7662
9312
8072
8459
8394
8629
8982
8757
9008
7660
7758
7554
9234
7954
9037
9235
8174
7595
7807
9057
8777
8415
8765
8271
8606
7917
8699
8738
8866
9125
122323
7569
7376
8246
7572
9029
8598
8854
8438
10278
9467
8960
8451
8956
7690
9950
8897
8925
8557
7807
7629
7551
8395
7913
7463
7791
8517
8413
8674
8445
8562
8325
8119
8284
9009
7872
8656
7521
8802
8040
9156
9014
7762
8585
8195
8861
7830
8984
9118
7979
9367
8163
8186
9007
20434
8708
8141
8445
9001
9213
8817
7800
7553
8285
8249
7793
7949
7821
9220
8206
7796
8564
7594
8636
7992
9352
8701
8144
8418
8739
11117
8518
7882
13654
7751
7661
12328
9296
8084
7565
7711
8656
8029
9143
8571
9036
8195
8832
8899
8351
9265
8130
8753
7577
8594
7449
8487
8179
8487
8302
7817
8643
9182
8259
7774
9138
8521
7620
8230
8974
8852
8996
8688
8431
7758
7872
8322
7892
8671
8305
8296
7963
8672
8597
9099
7976
9203
8863
8569
8272
8203
8902
8528
11614
7982
7591
8646
7689
8717
9370
8321
7864
7946
9289
8567
8635
9237
8003
7537
7431
7813
8988
8165
8857
7882
8182
8418
8190
8446
7813
7831
8597
7586
8636
8695
9086
8715
8890
8473
7930
8269
7928
8584
9292
8791
8261
7728
8122
8300
9099
7984
8569
7447
7637
8611
8756
7943
8483
8119
7384
8043
8580
8474
9152
8987
9046
8112
8271
8746
9435
8132
7987
8656
8598
9148
7611
8440
8393
8079
7995
8829
7608
9147
9123
7743
8238
9274
7838
8517
8157
8005
7514
7618
8531
8094
9492
7765
8288
8939
8174
8330
9119
7573
9117
7712
7654
7425
8600
9115
8836
9309
8407
9285
8482
9230
9055
7979
9047
9392
8623
9319
8512
9267
8633
8003
8186
8154
7646
8075
8821
8752
11205
8154
8692
7943
9598
7815
8182
7560
8455
8158
7653
8977
8599
9014
8815
8002
7825
8117
8372
9057
8591
8010
104433
8353
8633
8697
8798
8586
8387
8707
8794
9437
8425
8215
9098
8369
7967
8920
8340
9041
7780
7960
8100
7849
8594
7413
8443
7749
8611
9095
7419
8905
7412
8211
9084
8011
8289
7743
9365
8048
9044
8430
8016
9001
9459
8175
8453
7535
7793
8999
8194
7610
9331
8135
8773
8329
9808
8655
8137
8738
8498
8657
8271
15582
9056
8540
8554
8102
9089
8032
9397
7520
8676
7892
8039
8514
9424
8071
8081
7473
9235
7738
9096
9169
7901
8719
8338
7990
8263
8815
9235
7655
8475
7402
8391
8199
8487
7564
8004
8859
8549
8644
10109
8661
8815
16311
9164
8422
9523
8312
8501
9235
8428
8234
7736
8409
7614
8366
8674
8043
8791
8795
8223
8905
10344
9000
7477
9447
8962
12633
8028
7610
8582
7441
9249
7789
8184
9383
7507
7731
8312
7596
8184
9037
7580
8432
8413
8247
8252
8499
8312
7974
8420
7999
7430
7569
9225
8414
7652
7530
8844
7672
7884
8453
9102
8764
7651
8570
8798
9089
8834
7711
9851
8451
7470
8578
7887
8080
9037
8760
9064
9611
9044
8292
9468
9020
7571
8453
7601
8258
9037
8194
8812
9242
7796
8877
7721
8019
8400
7850
8746
7928
8192
8050
9399
7879
10702
7757
8317
9328
8829
8436
7594
8711
7925
8187
8314
8993
8390
9117
8139
8821
7569
9493
9223
8215
9177
7464
8160
7382
9550
9011
8039
8152
7656
9192
10224
8080
7948
7974
7498
7996
7981
9061
9019
8890
9076
7855
8254
7772
8704
7815
7674
8341
8502
8409
7953
7631
8799
7692
7871
9163
7651
8834
7630
9091
7720
11443
9521
7651
7605
7691
7783
8648
7996
8181
8354
8026
7839
7692
7831
8128
7531
8444
8169
8600
9211
9212
7828
9001
7760
9200
9061
8825
9185
104779
9660
10661
7626
8865
10700
8519
9342
7969
7510
7844
8625
8904
7629
8455
8093
7927
8648
8900
9020
9032
8190
8212
8377
8314
8222
7885
7989
7734
8625
7745
9035
8854
9033
8392
8374
7813
8015
7748
7616
8645
8303
7496
7794
8412
8555
8707
8287
7571
8467
8251
8153
9143
8725
8967
8403
8497
9379
7799
7890
8340
7591
7828
8028
8336
7984
8854
9156
8988
10523
7971
8375
9266
8617
8911
11388
8158
8015
8193
7742
8851
8747
8439
8812
8844
7900
7874
9401
8177
7685
8600
7574
8108
8680
9421
9184
8266
9077
8622
9117
8190
8716
8202
8379
8795
7878
8036
8637
9193
8514
7911
8686
9297
7992
10420
8583
7592
9454
8979
7537
13865
8302
7792
11851
7277
7987
9177
7793
9408
8675
8214
8183
8647
10125
8687
8448
8087
9143
8558
7895
8817
8083
7594
7334
8600
7780
7810
8533
8263
8591
8133
8822
7596
8728
8846
8076
8945
8022
8315
8405
8430
8135
7487
8426
7821
9282
9071
7585
9007
7602
8724
8051
7779
9085
7613
7814
7921
8273
8016
7926
8343
8132
7628
8226
9246
7648
7753
7851
9125
7633
9062
8664
7530
9099
8005
7884
7858
13596
9630
8369
8472
8502
8902
7771
8175
8235
7796
7611
8263
9557
8395
8276
8536
7347
9340
9039
8482
7853
8696
8796
7964
8405
8749
7661
8846
7660
9076
8001
9514
10869
9269
8129
7330
8686
9230
8332
8008
8171
7471
7398
8807
7549
8617
8101
7736
8061
8187
7841
7870
8378
7821
7608
7917
7363
8046
7543
9176
8519
8346
8631
7307
10368
8851
9200
7593
8070
8476
8635
8278
7900
8753
8599
8866
7991
7633
8568
8537
8066
8350
7957
7570
7936
9017
8601
8091
8738
7360
8185
8362
8143
7641
8171
8657
131051
7636
8439
7739
9381
8507
9136
9170
8354
7821
8457
7665
9178
7883
10764
9166
8536
8772
8004
8595
9500
7577
7620
8371
8400
8254
7756
7676
8335
9189
8134
8281
10016
7723
8197
8405
7580
8115
8519
8037
8210
9312
7819
9216
8093
9177
8871
9362
9487
8556
7956
7708
8579
7998
8191
8957
8645
8930
8297
8423
8284
8123
7698
8328
7838
7740
8851
8033
8338
8384
7719
9126
8169
9198
8210
11657
8259
8151
8731
8811
9119
8095
8379
8012
7456
8148
8745
9139
9074
7495
8340
8418
9675
7533
7941
8697
9137
8916
7931
7888
8556
7612
8400
8718
9825
9134
8314
10471
8893
8733
17320
8781
7566
9880
8871
9389
14927
8419
7533
7876
8910
8692
9366
7758
8245
8432
8977
8716
9414
8185
9200
7633
9028
9424
7818
8948
8859
7748
7997
7693
9326
9120
8755
8775
9174
7478
9333
9138
9360
8577
7434
8035
7605
8603
8502
8431
8017
8512
8697
7489
8755
9431
8436
8887
8267
7423
7421
8415
8093
8276
9103
7610
8482
8787
8038
8476
8029
8031
8002
8636
9015
7728
9235
8248
8171
8021
8861
7796
9482
8316
8356
7881
8816
8715
8979
7968
9122
8507
8051
7422
9010
8331
9306
8195
8078
8915
7877
7674
8299
8333
8141
8046
8218
8517
9211
7693
9052
8783
8071
9326
8540
8781
8164
7783
7885
7543
8450
7403
7923
7569
8290
8781
7822
9283
7882
8912
9299
9196
7671
8834
7571
8384
8038
8594
9237
8735
8095
8765
9019
8105
8023
9110
7880
8116
8441
8326
8288
8582
8868
8237
7390
8676
9256
9092
8179
8662
8810
8335
8627
7993
8185
7800
7343
8204
8271
7979
9077
8402
7901
7618
7613
8276
7542
9115
8534
7678
7607
7759
10351
9013
8613
8412
8140
109674
8877
7859
8071
8600
8230
8354
9650
8824
7621
9260
7617
8584
9229
8610
9221
8555
8989
7607
7810
8394
7624
7781
8379
8836
7574
8146
7830
8238
8779
8541
8620
9052
9183
8574
7459
8146
7835
7826
9221
8250
8142
8243
8179
7512
8194
8468
7954
8377
7675
8420
8384
7607
7928
8859
9441
8174
9133
9011
9892
8712
8548
7857
7329
8380
9094
8538
8771
9146
8126
8493
8457
8403
8123
9244
8482
7613
8624
8276
8070
8418
8519
8186
9238
8934
8826
9356
8932
13601
8043
8337
10815
9192
9056
8555
8877
7535
9345
7769
7995
8322
8691
8605
8357
7701
7943
15284
9297
8928
8680
8531
9011
7793
19489
7953
8524
7710
7782
8709
9425
8068
7843
8605
11511
7741
9402
9266
8470
7554
8721
9025
8466
9392
7723
8314
8092
8505
9200
8073
9138
8015
8425
8112
8194
7774
8405
7492
8380
20528
8641
8081
8920
7397
8518
8293
9173
7512
7882
8135
8262
7977
9058
9234
8662
7611
8902
8143
8268
7868
9234
8030
11062
8948
8170
10226
7733
8976
13857
7810
8038
9215
7986
9252
8175
8038
7406
8151
9439
8487
8715
8815
8952
8330
7574
7446
9230
8861
8789
8623
8281
8147
7437
8976
9066
8156
7987
7889
9334
9118
8588
8019
9594
9251
8326
8272
9181
8832
7555
9471
8420
7554
8421
8499
7871
8073
8256
8476
7783
8040
9107
7694
8152
9303
8505
7569
8093
8147
8405
7592
7639
7574
7559
8447
9081
7815
8277
8311
8923
7528
8354
8709
9399
7933
8494
7948
7371
8224
8245
9102
7671
7911
9441
8139
7977
8925
8583
7790
8931
9133
7620
8012
8986
7963
8810
8483
7575
7574
7886
9158
8776
9186
8364
7454
8773
8285
7758
8745
8302
8318
8892
8592
8010
8933
27944
8434
8133
8958
8680
9025
8275
9144
8374
8715
8290
8800
8667
8381
8405
7769
8584
7623
9064
8952
7881
7794
10140
8414
9251
8551
8974
8097
8574
8443
9041
9010
7856
8003
8082
7841
8159
8805
8833
7620
8873
8457
7641
9108
7940
8238
7764
9103
7816
8000
8287
7822
8711
8048
8076
8734
8370
8998
9120
8159
8107
8515
9312
8461
7564
7565
8242
7763
11762
9318
8686
7951
7577
9005
8473
8390
8942
8135
8902
8062
9118
7928
8516
8964
8473
8188
9855
7626
8162
8051
9248
8380
8168
7963
9274
8554
7309
8128
7830
8523
7610
7900
9120
8312
8011
8410
8048
8457
8981
8739
7418
8257
8277
9446
9105
8078
7694
7717
8594
8835
7603
8211
7733
8457
7976
7992
8736
9033
8297
10885
7930
8094
9030
8933
9159
9207
9455
8625
9246
8805
7602
10861
9231
7625
15966
7703
9011
8701
8210
8114
9173
7777
8089
9578
9177
8221
7567
7318
8096
7615
7628
8117
9102
8305
7641
7816
7754
8521
7646
8905
7755
8592
7831
8215
12095
7779
7984
8377
8055
9048
8623
8741
8917
8587
8644
7573
7820
8074
8715
8903
8311
7800
8677
8651
7682
9070
9100
10578
7589
8097
9160
9543
9153
7963
8435
9278
7575
8111
8431
8753
8803
7762
8154
7940
10779
8366
8100
8822
7278
8370
7400
8850
7779
8544
7959
7955
8213
7807
8842
9133
8861
7865
7796
7984
9092
7891
7571
8856
7748
8002
9823
7543
9009
9056
9041
9204
8268
8704
9066
9062
8115
8996
7843
9111
8538
7660
7580
9214
9237
8540
8426
7586
8958
9167
8329
7439
8859
8035
7735
9199
7879
8912
7425
8487
7744
9266
9176
8046
10790
7993
8912
8112
8371
8809
8448
8348
8708
8362
8630
9036
9082
8352
9255
107015
9497
8428
7796
8303
8704
8221
8128
8763
7494
9133
7765
7884
8633
7780
8320
7713
8183
8111
8416
7608
7941
9277
8584
8270
8761
8732
8161
7874
8394
8027
9382
7741
8066
8963
8041
9101
8410
8756
8227
9053
8263
8014
7817
9504
8974
7829
8174
8374
10521
8402
8161
8015
8874
7872
9036
7841
7717
7897
8916
7488
8125
7839
8653
8958
7529
9106
9020
8769
8718
8594
8396
8002
7708
7832
7281
7828
8004
8082
8896
8605
8693
8580
8397
8015
7779
7917
8399
8834
8401
8036
7729
8324
8423
7634
8853
7855
7729
8250
8813
7977
8797
8770
7676
8882
9174
7822
8537
8654
8827
8333
7728
8543
10692
8554
7746
9242
7949
7763
8235
8709
9124
8938
9107
8917
9133
7770
9356
8913
11042
7672
7784
9066
9129
9083
9361
7307
11167
7447
9574
13848
8435
8746
8535
7754
8957
8392
8200
8407
7679
7775
7829
8647
8257
8565
8808
8602
8677
7845
8819
7680
8322
7573
8483
7651
8651
8129
7571
7752
8303
8133
8556
8158
7983
8844
9185
8456
10162
8235
9024
8497
8603
7920
8457
8492
8614
8117
9247
9132
8420
8261
9164
7961
9474
8917
8689
8738
7482
9198
7652
7553
9006
8208
8066
7678
8321
8044
8889
8980
8494
8562
7719
8445
8007
7605
9111
7911
8292
8374
8722
8204
8158
7834
8204
7864
7500
9207
8103
9250
8274
8231
8592
8471
8176
8902
8919
8199
9211
9692
7382
8255
9056
9145
9265
8672
7627
8494
8931
8476
10106
8923
9035
7928
8822
8824
7634
7599
7697
7401
7574
7490
7830
8482
8046
9107
7693
9337
8432
8230
9469
9018
8400
7437
9033
8312
8788
8838
8284
8417
7914
9369
8502
8998
9113
8661
7594
8544
7742
8982
16631
8690
8292
8444
113718
9543
9347
9465
8116
8496
8713
9343
7971
7876
8143
8756
10286
8414
8399
8881
8015
8352
9239
9195
7698
7395
9339
7782
8529
8036
9316
9048
8013
8384
8214
8606
8584
8467
8602
8021
9395
7794
7688
8717
8616
7548
8406
9038
8515
9057
8593
8597
9278
8241
9055
8415
7922
9243
9439
8414
7449
9021
8681
7491
8800
8346
9010
7813
7568
9084
9223
9848
9087
7793
10148
9102
8913
17550
8675
8645
9364
8410
7713
7701
8845
7984
9163
8261
8172
8082
8913
9078
8762
8054
9076
8120
8229
8398
9181
8917
7854
7988
7800
7517
7798
8476
8613
8206
7861
8435
7872
8189
9087
8311
7902
7539
8013
9117
8975
8546
8273
7541
9070
7704
7644
7565
8845
8391
7430
8801
8854
7645
7800
8330
8293
8616
8246
9051
9400
9343
9110
8030
8442
7948
10730
8514
8835
9285
7777
7404
8098
7545
8896
8456
7457
8654
8605
7928
7594
8138
9132
7856
8951
7333
7528
7751
8868
7681
7953
7872
7788
8916
7793
8435
8279
8544
8449
8235
8328
8402
9056
8261
7510
8902
8807
9027
9038
9197
9400
8119
7616
9141
9031
8312
8873
8936
7430
8166
8079
9558
7611
8434
9273
8489
7949
7732
8825
8416
13005
8835
8216
8106
7974
8686
8640
7251
9194
7731
9077
8170
9883
8191
8233
9262
7961
9219
8968
8667
8164
7772
9249
7702
7646
8217
8208
7833
8667
8706
9222
8092
7764
8654
8725
7994
8489
8769
8210
8005
8614
8535
7540
8109
8322
8641
9261
9278
8860
8323
7749
7776
8355
7789
7986
9051
7973
8635
7863
8142
8373
7759
8386
7938
11087
8462
8310
7762
8146
8799
8358
7871
9162
9405
8581
8674
8463
7533
8638
9220
8974
8564
8296
8374
8297
7693
8136
8916
7552
85856
7824
7488
9041
7893
8061
9687
7894
8358
8470
8200
8737
9220
7935
8455
7714
8595
8407
8413
7771
8507
8652
9035
7541
7988
8435
9641
8781
7384
8856
8008
9278
9180
8540
8674
8599
7737
8275
8737
9922
8768
7849
8022
8251
8277
8811
7768
9308
8151
8094
8166
8809
8431
8103
9237
8886
7446
8802
9168
7670
8093
9007
7625
8686
7652
8046
7806
8830
7357
8280
7989
8887
8073
9241
8065
7310
7694
7898
8768
7809
8390
7575
8598
9506
8016
7966
8607
8011
8626
7351
9034
8596
8271
9400
9015
8753
7690
8744
9265
7985
8620
7805
8826
9108
8741
7574
8852
7569
8423
8859
17225
7564
8594
8276
7958
8935
8099
7905
8742
9806
7767
7828
8799
7601
7971
8216
9007
9325
8789
7531
8298
8724
8008
7855
9087
9188
8032
7832
7521
8296
8579
7784
8422
7979
8149
7707
9389
8755
8268
7600
8545
8923
8943
8633
8396
8598
8759
7683
8153
9496
7948
7581
10083
8424
8700
12008
8182
10621
11079
7931
8582
8199
7779
9139
14237
8919
8741
8017
7374
7635
8797
8854
8713
9342
7698
8329
7696
9064
7726
8806
9042
7969
8376
7893
8516
8489
7940
8444
7859
8174
8768
9061
8895
7753
7449
8656
8779
9257
9359
9031
7782
7603
9319
7958
9102
8314
9244
8794
8170
8912
7626
7973
8311
8097
8607
8525
8139
8518
9256
8367
9239
9244
8234
9339
8097
8087
7638
8833
8902
7348
7615
7716
9220
7794
9319
8475
8620
8214
7918
9451
7461
10907
8113
7779
8415
9251
9150
7758
8354
8963
8379
9228
7771
9610
7822
8247
7760
8600
7797
8000
8594
7946
7543
8106
8205
8401
9131
8712
8185
7764
8595
8441
7595
9158
9621
8384
7430
8302
9203
8212
8776
8794
7515
120834
8630
9497
9405
9020
8643
8510
8056
8116
8674
7604
7835
8776
7786
7989
8736
8656
8087
8804
7696
7872
8128
7814
8638
9358
8200
8698
7914
7656
7969
7876
7763
7989
8994
8818
8572
8797
7994
9060
8580
9246
7682
8300
8155
7680
23094
8413
8366
9143
7411
7820
7753
8789
7781
8743
8294
7384
7760
8399
8748
7799
8666
9823
7639
7829
7965
10128
7555
7681
7570
7770
7975
8809
7882
8716
7385
8648
8190
8182
8047
8548
7569
8898
8633
7345
8235
7988
7933
8685
8441
8480
8528
8933
7999
8049
8335
8486
8143
9027
8635
7962
10258
8041
8179
17306
7596
7605
10861
8338
7820
8009
8097
8353
8689
8837
8975
17974
8256
7605
8435
8353
8461
8738
8211
7611
8034
7789
8358
9433
7861
10424
8251
8232
8713
9238
7556
8858
7513
7936
8317
7570
8767
8943
8260
7856
7416
7690
7691
8606
8805
7574
9014
7879
8533
8202
8812
8565
7379
8888
7811
8693
9336
8066
8216
7548
7753
7770
9146
7753
8818
8030
7438
8747
8861
7938
9028
7748
8496
8222
8574
7843
9399
8738
8618
7634
7829
7946
8574
7984
7744
8133
7871
7431
9076
8583
9385
8307
10389
8338
8194
7675
7931
9230
8823
7501
7855
7390
9027
8518
7758
8739
8345
8783
7628
8030
8738
7862
8484
7949
8931
8202
8422
9674
7902
8895
8285
8707
8280
8528
8877
8023
8313
8608
7705
7577
8492
9241
9297
9176
8423
8412
7613
8740
9079
8156
9297
8044
8814
8392
9266
9219
8815
8918
8577
8365
8957
7743
8450
10168
8232
7933
7969
7557
8293
7682
8796
9513
8575
9102
7712
8842
8223
8589
7650
7559
8933
9023
8637
7987
7443
8641
8184
9075
8806
8298
8001
8286
9054
8969
9454
9667
8385
8091
102313
8620
7883
7828
8816
8384
9081
8107
8359
8293
9153
7530
8138
7711
7890
7550
7346
9513
8113
7989
8769
8101
9003
8117
7777
9036
8442
7610
9296
10543
8315
8553
7523
8019
8635
7871
8525
7949
8558
8860
8822
8323
8297
9026
8182
9871
8564
8033
8197
7569
8468
8030
8132
8336
8663
8235
7412
7546
8098
9167
7707
8227
8748
8103
8943
9017
7990
8651
7853
8785
8543
7779
9565
7747
7845
8575
8812
7308
8873
8174
9156
9357
8532
7823
8261
9424
9036
8774
8907
8302
9198
8584
9428
9907
9100
8187
8082
8224
8449
8426
9117
8714
8306
7866
8893
8893
8470
8276
8671
8178
7691
8979
8851
8793
8153
12657
8871
7539
13035
9133
9020
8777
9246
7584
8376
9288
8880
8400
8411
9080
7543
8542
9434
9143
7957
8164
7871
8538
8143
8717
8279
9097
8487
7901
8235
8469
7582
8925
8214
7779
8041
8434
8596
8411
8812
7930
8085
9172
7611
9341
8526
8077
8719
7971
8044
8277
9258
8928
7695
8437
7789
8597
8489
7800
8185
8319
7681
8584
7353
8651
7561
7920
9265
9029
8380
7416
8463
9018
8989
8826
8297
7743
7892
8840
8692
8313
8271
8706
9019
7598
8500
9204
8122
9379
8274
8531
7589
7400
8189
8339
8394
8018
8382
8713
9070
8019
9076
8555
7702
9148
7962
9030
8815
7820
7789
7622
9319
9133
8166
8034
8930
7604
8427
8215
9629
7984
7738
8379
9008
8056
9056
9044
7662
8261
8752
9247
7835
9461
8132
9081
8756
8671
8229
9463
8350
7489
9331
9153
8607
7443
8405
8737
7629
8413
9178
7650
9224
8476
8252
9320
9008
8112
7840
8597
7959
7582
8557
8186
8939
8105
7892
8839
7955
8376
7917
8695
8233
8375
7816
8448
7797
8082
7780
91194
8183
8114
9068
8408
7647
8756
7869
9307
7548
7630
8131
9159
9274
8474
8931
7872
7667
7673
8553
8152
8339
8798
7976
8880
7584
8738
7756
7779
9205
8266
8871
8263
9189
7871
7570
9085
8174
8812
9241
8368
8621
8259
8421
8872
8818
8991
9073
8760
7913
7931
8311
8205
8204
7846
7976
10588
8471
7773
7852
8523
10989
7671
8212
8374
7854
9383
8460
7720
8157
7913
7793
7670
8181
7671
7317
8287
8144
8411
8797
8474
8776
7638
8230
8434
7641
8979
8010
9388
8370
8515
8310
7577
8979
8210
8867
8670
9023
9203
8780
7578
8358
8878
7879
8017
7664
9237
8637
8365
7754
7925
7834
8707
8155
9103
7772
8230
7369
9134
8484
9894
8966
8661
7809
8600
8811
8098
8552
7551
8443
7760
7762
8676
7912
8715
7723
8103
7603
7754
8774
8044
8343
8189
7435
8743
8115
8214
7554
8357
8697
7248
8827
9101
9055
7711
8413
9015
8353
8568
7566
8609
8418
8089
7815
8211
9025
9072
7758
7712
8729
8005
7435
7851
7490
9028
7816
7979
8998
7592
8015
8715
7779
8843
7984
9816
8544
8007
8678
9239
8600
7289
8507
7471
8475
8275
8676
8378
8025
8323
7670
7812
8214
8323
7561
8523
9005
8985
8968
8641
9241
7772
8415
8893
8078
7892
9485
9256
8214
7611
8805
7673
8162
7753
8817
7533
7652
7622
8602
9053
8574
9184
9203
8683
8066
8437
7575
8813
9160
8238
8840
18037
8580
8371
8902
7584
8611
8167
8377
10551
9198
8990
8138
9225
8399
8704
9335
8567
8098
7370
8594
7594
8656
8810
8370
10325
7347
9061
8015
8832
7549
7702
7767
7980
8569
7948
8186
8798
7788
8093
7609
7728
8641
12136
9061
7951
8104
15867
8974
7822
8956
9154
8410
9195
131207
8762
7456
8494
8296
8552
8341
8722
9571
7830
7584
7989
8918
7827
8182
7693
7497
9310
8020
10112
7778
7632
8611
7807
9376
7815
9318
8777
7663
8997
8229
8505
8003
7794
8528
7804
8764
8615
8468
9553
8887
7737
8056
8860
8987
7623
7858
9066
7520
7903
8980
8487
7948
8790
8095
7517
7312
8021
9197
9907
8297
11514
8073
7765
8856
8777
7803
9141
8522
9006
7690
7726
7451
7840
7706
8225
7530
8074
8253
8374
7976
7832
7817
10524
8706
8873
8532
8400
7728
8162
8944
8424
7662
8973
8713
9233
7737
8556
9402
8811
8983
8134
7986
8433
8901
8094
8317
9324
7787
8717
7620
7995
8820
8617
8084
8969
8836
7367
8808
9162
7639
8513
10769
8469
8328
8103
7897
9295
9138
7974
8075
7572
7994
7585
8452
9001
8615
8434
8507
8621
8271
8920
8809
7668
7635
8769
7598
9117
8857
7763
7897
9228
7595
9206
9195
10466
8394
7843
10248
8753
8911
12246
9172
7452
7861
8338
8332
9942
9180
7931
9118
8374
7707
9246
8349
9170
8607
7761
7734
9400
7646
8585
8075
8026
9100
7774
8055
7415
7748
7936
7374
9318
8256
7969
8153
8745
9015
8331
8600
7413
8317
7780
8994
7793
7415
8608
7604
8790
8862
8153
8085
10482
9137
8959
8904
9401
8188
7863
7635
9107
8697
7853
7615
8747
7841
8592
8564
9060
7630
7843
7951
9149
7296
7502
8862
7746
8640
7663
7730
8733
9230
7451
9349
9036
10418
7435
8092
7634
8333
9535
7488
7644
7956
8408
8247
8411
8972
8543
7822
8377
7613
9035
7617
8357
7616
7235
8127
8072
8550
8312
7755
9172
7248
7669
8350
11600
8133
9237
8148
8440
8513
9213
8025
8600
8355
8110
7280
9482
8825
8289
8378
8457
8674
125688
8804
8590
8441
9235
8827
8923
8033
8251
7779
8399
8569
9269
8102
8380
8869
7902
7635
8262
7805
8458
8012
8731
7493
8070
8202
9275
9388
7961
8117
8177
8111
7477
8921
8579
7941
8110
8792
9730
9234
7862
7463
7970
8415
8082
8614
10586
9076
7702
8012
8520
8132
8594
8403
9184
9077
8531
7483
9206
8940
8011
7235
7923
7477
7892
8277
9332
8691
7332
9127
7590
7928
7851
8890
8449
8092
7512
7854
9549
8476
7715
8861
8217
8338
7587
9046
7758
7789
8621
7310
8677
8499
8271
8838
8753
7613
7254
8557
8714
8597
7789
9287
8088
7319
8970
8318
8153
8455
8426
7725
9520
8176
7516
8088
9176
8919
8541
8071
8128
8037
8735
7660
7236
7912
8189
8153
7651
7663
8874
8120
9254
7535
9039
8416
8671
7745
7894
8265
9114
10000
8526
8393
7942
8686
8922
7563
9194
9184
8569
8867
8257
7739
8242
9429
7594
7582
7870
8063
8574
8112
9432
8395
7492
7553
7479
8598
9015
7971
8404
8343
8075
7328
9198
7620
9638
7651
8584
9209
7946
8471
9117
8915
9238
8686
9041
7580
9605
8594
9119
8553
8426
8355
7530
7774
8862
8414
7601
8523
8214
8720
9310
8856
7771
7810
8419
8675
8939
9274
7972
9218
8435
8916
9261
8227
7766
8405
9234
8382
7700
8142
12387
8956
8351
9374
8619
8656
8903
8975
8238
8173
8865
8272
8402
8341
8092
8630
8897
8617
9379
7601
8795
7759
8476
8995
8039
8197
8176
7771
8242
7814
9292
7226
8147
8657
8655
8322
7820
8623
8064
8991
8218
9378
8270
8602
8359
8251
9539
8364
8430
8393
9379
8240
8030
8999
8337
8764
8358
8992
8251
7649
7760
8226
9468
8179
8702
8982
8431
7564
8071
8600
7901
7711
8174
123253
8515
7757
7848
7969
8014
9001
7350
9151
9923
7624
7770
7906
8066
7228
8604
7799
8583
8120
8066
9036
8446
9038
8879
8522
9022
9214
7461
8340
7962
8476
7507
7796
8367
8441
8810
8280
7536
9268
8794
9207
7810
7580
7692
8343
8713
9095
8909
7902
8107
8515
8141
7848
8972
7651
8193
8292
8369
8356
8894
9015
7738
8211
7292
9032
7809
8719
8967
8345
7626
7565
7748
9277
7868
8835
7882
8975
8006
7664
7738
8423
7569
8158
8477
9128
8240
9016
9347
8437
7578
7658
8791
7631
9022
8152
8935
7711
7714
8679
8846
7538
8169
7578
9121
9291
7923
8418
7711
7561
7614
8570
7885
8539
7822
8833
8426
8112
7369
8905
7476
8036
9352
7856
7572
7373
8374
7896
9131
8159
8682
8825
7849
8978
8674
9398
7543
8403
10093
7812
8415
8138
8155
8456
7885
8728
8380
7804
8453
8722
9075
7792
7656
8326
7865
8515
8213
8937
7873
8594
8733
8232
8534
8957
8241
8143
8112
7727
9265
7717
7622
8075
8550
7530
7984
8830
8958
8309
7882
7875
8147
7512
7841
8098
7762
8818
8164
7802
7567
8135
8404
7624
7990
7835
8958
8033
8911
7834
7989
9005
8035
7965
10521
9071
9064
7810
9134
8770
8397
8370
9320
9196
7687
8116
9015
8151
9198
7862
8133
8084
9357
8900
8699
8928
8856
8570
7575
8834
9020
8047
7591
7773
8985
9066
8231
9211
8307
8828
7860
8705
8277
8200
9205
7627
7892
7874
8839
7662
9199
7651
9397
7528
7285
7737
7800
8266
8424
9055
7951
8415
9116
9056
9148
7610
7653
7715
10092
8055
8497
9012
7624
8895
8506
7289
8758
7800
8235
9882
8604
7487
8644
8655
8353
9235
8143
7981
13971
7668
8728
11509
8851
7910
7651
7743
153661
8857
8813
8388
8867
7594
9065
7530
7737
7931
7825
9061
9547
9364
8096
8741
8097
9167
8959
7799
8780
7928
9000
9251
8976
7774
8560
8920
7756
7565
9018
7811
9106
9641
9182
7891
9907
9213
8176
7837
8970
8015
8251
7548
8634
8389
7769
7942
7707
7970
8561
7518
8138
7928
8247
8376
7590
9035
7600
7960
8856
7389
8283
7497
9213
7624
8665
7799
8215
8435
7482
8126
8093
7813
8899
8598
8391
7592
8446
7765
9070
8784
8484
9252
7952
9355
8494
8153
7907
7990
7889
7590
8700
9155
8415
8211
7597
8620
8160
9032
9841
7632
7649
8527
8391
9164
8841
8624
9092
7584
7834
8671
8183
8534
8361
10771
8871
8280
8306
7806
8123
8981
7369
8462
7464
9068
7978
9120
8369
7553
8704
8203
9010
8616
9008
7551
7822
9233
8312
8696
8076
9046
7769
8561
7692
8821
8240
8622
7818
8755
7719
9126
7831
7925
8979
7848
8820
7708
8764
8526
8828
7733
9029
8830
10223
7976
7831
7768
8175
8328
7558
8282
10130
8317
8434
9235
10781
8676
7343
9656
7517
8207
10230
8217
8613
17302
8520
8100
10645
8333
8235
8085
8827
8230
9344
8542
8307
8244
7528
8276
9610
9080
8403
8283
7991
8323
9192
8399
8128
8086
7654
8714
8608
8845
7782
8979
9252
8355
8098
8255
8803
7956
8205
9415
9265
7368
9034
7750
10214
8738
8295
7702
8512
8517
9139
7718
8082
8703
8804
7402
7635
8302
8295
7814
8558
8005
7739
7553
8088
9171
7820
7974
7575
7372
8210
8641
7952
9475
7802
9469
9095
8248
8716
8978
7630
8438
8188
9217
8205
8133
7668
7630
9067
7725
8817
8475
8650
8594
7749
7263
7496
8830
8831
9145
8144
7851
8550
8131
8655
8615
8949
7880
10579
121618
7597
8748
9251
7848
8980
8674
8072
7668
8574
7730
8231
8270
8702
8088
8362
8596
8435
8637
9356
7601
7861
9092
9243
8698
8402
7572
8124
8442
8506
8522
9046
8124
8215
7486
7831
8209
9248
8599
8738
9275
8342
7336
7712
8421
8910
7716
9086
9245
9958
7612
7548
7815
8409
8443
8472
8437
8589
8234
9087
9364
8071
9429
10127
8248
8143
7752
7817
7626
8333
7665
9015
8635
7792
7729
7489
7714
7790
8840
8320
7892
9097
7240
7987
8434
7589
7670
8729
8833
7408
8025
7979
7584
9260
8837
7738
7820
7763
8301
7830
7559
8057
8774
8470
8793
7692
7950
8158
7827
9183
7609
8972
8911
8992
9012
7688
8282
7446
9248
8290
8293
8487
8993
7994
8320
8234
8625
10415
8834
7783
9292
7492
18802
7871
8279
9142
7354
8920
7361
8359
7623
8470
7548
7407
7824
7797
9020
8598
9878
9031
7348
12302
8620
16821
8668
8507
8573
7690
8064
9376
7606
8393
9010
12594
8235
9194
8666
7786
9094
8186
7577
8216
7807
8260
20282
9184
9151
7923
7402
8443
9210
9008
9009
9089
7824
7962
9143
8114
7583
8963
8732
10830
8576
9448
8404
7646
9154
8003
8792
7451
8408
8405
8358
8793
8679
8192
8133
8215
8443
8430
8897
8353
7585
7508
8184
8856
8345
8788
8528
7776
8194
8632
8823
8626
7887
7963
8926
9251
8718
8035
7835
8810
8575
8830
9189
8637
7579
8193
8167
8312
8164
8615
7936
8877
8492
7717
8394
8179
9027
8390
9220
9082
8201
10661
8229
9664
7686
8558
9139
7532
7517
9159
9409
8810
7859
8353
8405
7651
8894
7896
8876
7996
7657
8791
7574
8289
9325
7905
8938
8895
7882
8404
8174
7712
8925
9489
7865
9207
7814
8213
8833
9240
8760
63788
8015
7822
7724
8334
9037
8579
8026
8872
7789
8732
9043
8967
8456
7838
7569
7604
8926
9256
9267
7555
7430
8546
7980
9318
8082
9434
8195
7326
8641
8677
7894
8738
9378
7486
8225
8377
8195
8589
8071
8234
7581
9738
8432
8818
8804
9157
8461
9138
7978
7797
7920
7794
8167
7914
8796
7421
8738
9239
9425
7386
7623
9115
8016
7806
7723
8520
7887
7630
9432
8036
9096
7933
8378
9035
7642
8172
7608
8281
8409
7668
8545
8660
8368
9028
8297
8121
8815
8666
8175
9035
7833
7730
8058
8457
9071
8421
8739
8710
8563
8226
8510
7745
7749
9057
8725
9237
7871
8596
7611
7748
9369
8720
7950
9287
7579
8282
8435
9615
8433
8816
8394
7833
8958
7897
8328
9213
9031
8684
7681
9337
8705
8741
7575
8003
8165
8117
7851
7611
8643
8498
8234
8201
7983
7910
9189
8850
8271
7632
8146
9041
8979
9307
7513
9560
9253
8616
8137
8899
8574
8127
7490
9135
9005
7829
9338
8716
9059
8740
8659
7705
7691
8939
8167
8086
9069
8471
9283
7923
8296
9121
7995
8211
7753
9130
7729
9437
9061
8354
7817
7447
8235
8623
7728
7602
9026
8023
7845
8357
8278
7714
8482
8979
9158
8026
9514
7964
8668
8201
7755
8588
9015
9276
8385
7796
7596
8189
8231
8496
10969
7506
7792
17436
8502
8141
9856
8268
9405
8205
8849
8041
8923
8475
8955
8521
9016
7736
7553
8737
8815
8613
7711
9144
7353
7512
7791
7539
8545
7676
8092
7722
8458
7615
7522
8460
7549
8315
8289
7699
8806
7532
7892
8295
9138
8982
7846
8433
7743
8375
8275
8222
7956
8323
8352
9605
9282
8159
8436
9222
7444
8800
8343
11251
7971
8767
9097
9015
8076
7986
8682
7657
8482
8901
135669
9492
8168
7788
8312
8476
9021
8740
9068
7874
7911
7898
8682
9237
7371
8375
7841
8944
9517
8900
8112
7632
8330
9219
8361
8621
7691
9148
8868
8625
9070
8554
7442
8121
7552
7502
8033
9205
7815
8876
8702
8123
7735
7741
7938
7775
8577
7819
8230
8230
8615
7610
9145
9944
9136
8084
8255
8817
8946
9194
7995
8414
9403
7776
7827
9226
9298
7778
8479
8523
7784
8457
9034
8431
9177
7851
8799
7572
8820
7883
9378
7696
7534
8433
7766
8891
8760
9406
9319
8168
8439
9209
9362
8062
8406
8326
7909
8728
9174
7808
9492
9339
8917
8456
7798
8188
8675
9041
7952
8441
8535
7979
8535
8709
7953
9319
9131
9797
9092
8996
8215
8119
8642
7668
7686
8919
8475
8128
7933
7883
9164
7740
9293
7851
7597
9277
7453
8155
7809
8413
8394
8394
8624
7374
8836
8838
9194
8787
7630
10123
7927
7934
13146
8344
7599
12270
9138
8360
8994
9128
7586
7953
8046
8948
7328
8259
8717
13849
8352
8313
7902
7487
7535
8430
7961
8840
7860
10648
7772
9055
8102
10184
8815
7735
8882
8688
8706
8722
8467
7779
8556
8100
8845
8795
7819
7943
8815
7292
8554
7454
7982
7789
8876
8473
7876
8898
8600
7715
8912
7607
8792
8659
8535
7943
8554
7773
7733
8544
8491
7598
8401
8632
8518
8832
8282
7963
8435
8655
9313
8443
8271
8109
7557
8870
9217
9093
7522
8353
7591
8421
8615
8621
8826
8753
11323
10465
7398
8266
8269
9051
8364
8045
7573
8369
8616
9320
9108
9029
7379
8632
7640
9958
8635
7882
8843
8287
9136
9000
8047
9002
7807
7962
8523
7818
8101
9256
8319
9061
8750
7356
7630
9158
8152
8384
7784
8176
7805
8379
8202
7673
8348
8194
8277
105644
8548
7990
7847
7557
8992
7793
7775
8223
7986
8494
8021
8538
7798
8011
8012
9946
8979
7801
8715
8169
7674
8707
8413
9065
7730
8666
8918
8679
7832
8209
7725
8673
8879
8686
8064
7589
9002
8754
8919
8475
8203
8321
9184
8351
8666
8771
8691
7871
8134
8999
8221
9368
9462
8000
7774
8292
8356
7559
8994
8936
7323
8134
8206
7592
8233
8774
7551
8420
7663
7558
9076
7732
8377
7551
8132
8388
7758
8313
9079
10677
8831
7295
8499
7961
9467
8364
7563
7781
7350
9126
8897
8144
8430
8748
8244
7276
8514
8210
7698
9359
8608
8076
7318
8261
8786
7962
8644
11743
7521
7802
8360
8297
8816
8368
8541
7604
7733
9458
8918
8829
8221
7483
7875
8256
9035
8237
9154
8018
7241
7551
8461
7676
9027
8550
9216
7439
8867
8566
7815
7596
8256
8667
7517
10557
8015
8325
9143
8244
7768
8635
7569
9178
8507
9176
9046
8477
8338
8314
7917
8900
9153
9074
7738
8016
8815
9235
8612
7755
8725
9219
7606
8863
8138
7630
8157
8885
8572
7922
8731
9256
9349
9278
7351
8299
8661
7839
7582
7620
8989
8558
8439
7953
9451
9170
8664
9228
7995
8351
7574
8282
7615
8312
8988
8013
9004
8562
9062
12180
8925
8653
8545
9258
7822
8471
7569
8397
9410
8410
8421
8702
8840
7605
8144
9122
7996
7914
8317
9071
8379
8245
7809
7294
9234
8625
7927
8318
7782
7417
8638
7717
8107
7687
7678
7738
8549
7533
7783
9067
8810
9146
8276
7639
8630
8355
7839
9266
8493
8179
9301
8816
9148
8616
9075
8133
8432
8371
9244
8476
9081
8320
8066
9615
8564
7666
7528
8074
8182
8738
8540
8171
8256
8692
8801
7870
7976
7569
9071
7556
8197
7830
7941
8644
121860
8917
8634
8862
8850
9108
9402
7458
8577
8000
8208
8810
8337
9276
7456
7580
8553
8754
7631
8280
8734
7513
8483
9242
8407
8540
9606
8815
7589
8040
7394
8886
8304
8440
8007
7585
9060
8651
8075
8028
9084
8621
7302
9982
9327
8568
8610
7684
8502
8656
8456
9235
7552
8583
8476
7568
7400
7999
8031
7591
7841
8220
8475
8314
8850
8801
8584
9059
7418
8727
8334
8841
8974
7997
9159
7549
7779
8527
8549
8981
8841
8798
7609
9005
7633
8584
7791
9227
9234
7751
7994
7853
7886
9297
7803
7482
8215
8368
7720
7573
8997
8610
8613
8632
8148
9231
8611
10095
10661
7710
8298
8513
7902
9356
7961
7654
8747
7649
8143
8655
7678
9291
8638
8420
7903
8090
7797
7980
8498
8358
7886
8808
8372
8256
8592
8412
8293
8686
9013
8999
8394
7610
8316
7435
8150
7780
8521
8075
8294
7643
7819
9005
8795
9138
8565
9186
8024
8294
7675
9037
7625
8997
8598
8595
8739
9242
9037
9124
7488
8388
8920
8841
7725
8169
8841
8377
7748
9241
8596
7569
8241
8372
7858
7564
9305
8597
7686
9870
8479
10282
8672
7958
13588
9323
8062
9584
7780
8381
8433
8599
8255
7933
9329
8337
7698
9137
8570
8010
7646
8311
11574
7838
9221
7523
9097
9259
7512
8080
7322
7476
7701
9577
8446
8347
9052
8400
9052
8258
9097
7834
8565
8158
7252
7550
7615
10402
8918
10970
8368
8358
9006
7927
8640
10161
8127
8351
7378
8277
8143
9298
7674
8476
8314
7699
9101
9199
7625
8600
7836
8914
8266
8006
8715
9202
9132
8444
8349
8136
8467
8937
17832
7787
8900
8036
8064
7821
8362
8031
8459
7252
7597
8469
9114
9134
8716
8513
8536
8788
8838
7800
9209
7501
8222
106110
8947
8230
7692
7913
7793
10764
8029
8482
8445
8200
8402
8186
7536
7419
8630
7916
8923
8515
8463
8317
8106
7632
8277
9193
8278
9056
7755
7986
7874
7978
7915
9101
9187
8581
7731
8319
7533
8176
7769
7552
9032
8518
7523
8218
8748
8760
10212
8327
8474
8449
9232
7895
9024
8344
7839
8432
8653
7978
8572
9215
7793
8928
8139
8582
9246
8091
7495
8054
9048
9307
7784
8452
8148
7920
7313
9248
8917
8836
9014
9209
8238
8146
8656
8532
8976
7573
8180
8134
7645
7455
8276
8549
8781
7787
7688
7822
7422
7963
8391
9000
8325
9400
8423
7577
7916
9037
7616
7814
8616
8371
8882
7670
8758
7605
8649
7623
7380
8374
8876
8788
8438
7841
9297
7967
7969
7697
7899
8224
7410
8497
8270
7594
8998
10079
8355
8290
8866
8820
8376
8620
9590
8512
8035
9041
8940
9014
9210
8746
7567
7870
8450
8738
8241
7823
9312
7861
7797
8478
9237
8971
8056
8676
8504
7460
8910
9149
8209
8554
8076
8475
7958
9246
8776
7529
8877
8043
9012
7593
8476
8058
8553
8714
8333
7916
7654
8823
7867
8362
7935
8625
9076
9205
9011
9304
8386
7760
7792
8007
8346
9020
9004
8288
8078
7910
9164
8550
23750
8266
10618
7629
8132
9495
8240
7983
9820
8022
7482
8741
8354
7609
11335
8621
7797
8528
7369
8835
8356
8056
8997
8030
8006
8074
8126
9024
8202
8732
8418
8432
8314
8330
7789
8108
8504
7826
15121
8768
9087
7750
7819
9016
8376
7624
7856
8123
8106
8937
7885
8053
7867
7912
8425
10326
7723
7753
7404
8309
8306
7614
8511
7872
9122
8338
8579
9464
7582
8014
8081
8412
7955
8198
9508
8497
8756
8905
8801
15158
9102
8889
8182
8643
8865
8579
103696
9425
8441
8948
9098
8769
8544
8337
8995
7375
8591
8578
9118
8172
8240
8935
8198
7471
8322
9267
8230
7321
7891
8153
8047
9229
8383
7953
8456
9143
8491
8327
7794
9529
8510
8335
8635
9141
8169
9064
7985
7558
8059
8106
8819
8233
8885
7947
8302
8307
8395
8798
8786
8385
8275
8577
8454
9656
8130
7910
8241
8243
9081
7382
8142
8580
7866
7513
7961
8277
8017
8617
7969
7992
7690
8367
8855
8635
8204
8625
8979
8893
8018
8585
7779
8276
9387
8063
9187
7822
8625
9224
7613
8242
9602
8560
7863
11136
8791
9049
8296
8493
7976
8513
8676
8633
8715
8117
7979
8743
8100
8098
8221
8882
8756
8164
8394
7492
7809
8372
7718
7807
7853
7771
8204
9134
8400
8812
9121
8492
8224
8452
8958
7652
9059
8147
8222
9043
8166
8459
8269
8093
8740
8487
7689
9034
9030
8082
7681
8600
8414
8455
8225
8170
9161
8304
9391
7685
8049
8380
8410
10686
9414
8092
7871
8886
7859
8200
8615
9519
9097
7830
8843
7969
9177
8436
7817
8962
8017
8346
7690
10016
8164
8678
14484
8223
9386
11097
7763
9037
8252
8256
8410
9303
7466
8476
7997
8414
8912
7527
9215
8421
8368
7490
8358
7646
8011
8336
7870
7994
8305
7697
8020
8205
8973
7962
7867
7820
8254
8575
9254
9095
9179
7521
7657
10018
8271
8187
8639
8951
8254
7760
8621
7537
8538
7880
7660
8455
8224
7558
8251
9087
8974
8402
8294
8918
8274
8748
7948
8348
9046
7457
9676
8182
8255
8148
8987
7679
7738
7648
7904
8700
8352
7656
8213
8030
9130
8906
8114
7874
8928
8705
8043
8812
9248
9110
7883
8013
7952
8237
7834
7949
7647
8581
8819
7778
8353
9272
8716
9680
8197
7982
7943
116573
7811
7343
9066
7985
9338
8721
7608
8940
8210
8614
7996
8212
9063
7503
8168
8396
7785
9087
7779
8615
7811
7982
8892
7569
8359
9434
7618
8066
7814
8823
7569
8400
7577
9297
8664
8415
7795
9407
8010
8892
7830
8721
8634
7565
8051
8193
8689
8143
8605
8989
8165
8347
8040
8169
8065
8017
9130
8033
9333
10360
8334
7475
7764
8190
8381
8215
9059
7580
8256
8411
9125
8752
7944
8282
8192
7594
9143
8876
8582
8561
7641
8205
7881
9158
8455
8779
8600
9353
7981
8890
8011
9137
7819
8363
8699
8235
8003
7916
7859
8371
8224
8822
8062
7870
9253
9290
9154
7728
7811
7464
8570
8184
8408
8706
8489
8364
8339
8828
8743
8831
7589
8212
8191
8272
7776
8023
8147
8096
7609
8336
18399
7873
7943
8348
8606
7469
7790
7812
7589
7734
7656
8297
8366
8676
8149
8941
11181
9476
7799
11490
8022
7600
11386
8655
9234
17696
7369
9238
8797
9269
8020
8804
8041
7312
7940
7542
18367
8597
8315
9181
8200
7650
9148
7811
8779
7850
8154
8343
8418
9077
7945
9272
8112
9166
8492
9384
8912
10485
8280
9041
7796
8816
8356
7971
8104
9098
7753
7460
9456
8235
8392
7946
7977
9312
9161
8420
7833
7575
8860
9318
9379
8132
8156
9261
8338
7876
8976
7292
7964
8395
8372
9064
9389
8855
7992
8067
8113
8133
8110
8323
9172
8177
7556
8089
9072
7574
7966
9223
8380
8858
7945
8482
8755
8143
8677
8411
8132
10906
9305
8455
12834
11030
8495
8615
8251
7862
7820
7948
8228
8198
8624
7430
9147
8636
9261
8378
8004
8206
8838
9168
8779
7692
8276
8569
8620
9266
9155
9051
8374
8294
7917
9215
9045
9410
8921
7862
8083
7376
8554
9240
8502
7659
24431
9041
7564
7931
7812
7741
9202
7666
9301
7742
8849
7702
7948
7582
8332
8757
7992
7674
8215
8264
9004
8024
7674
9180
9129
8375
8200
7572
8226
8110
7517
8991
8825
9219
8592
7628
9629
8135
9188
9314
8756
9218
7832
8543
9085
7834
7838
7309
7698
7987
8877
8113
9320
7489
7313
9139
7567
8245
8814
7760
8818
8017
8904
7753
8996
8183
8242
9014
8226
8794
7690
9029
7635
8781
7670
8142
8854
8319
7847
8433
8556
9056
8534
8523
8180
9226
8515
11692
9441
8415
8712
9163
9244
8209
8579
9482
8584
8780
9210
9322
8174
7790
8172
8528
7707
8378
8634
8929
8206
8172
7712
7709
8199
9416
8641
7986
8358
7447
8209
8816
8948
7836
8635
8855
7633
8327
9018
8338
7787
7831
9036
8377
7813
7805
8847
7628
7758
8851
7606
9375
7689
9032
9196
7515
8838
8530
8838
8423
8003
8592
8278
10085
8794
8550
8458
8232
8951
8446
9137
8986
8918
8010
8907
8452
8214
7990
9234
7656
7858
8100
7989
8639
8450
8089
8091
7960
8328
7549
7717
9071
8542
8087
7956
8033
7671
8173
8134
8278
7616
7507
7492
8150
8553
8304
9261
9010
9227
8029
8701
9220
8696
8492
9117
8777
8421
7677
7529
8677
8154
9220
8971
8657
8825
8035
9123
15483
9357
8813
9249
9151
9502
8563
8211
8623
8839
8267
8962
9389
9109
8548
8452
9190
7551
9343
8680
8846
7774
7491
9348
8515
9154
9194
7635
7574
8430
8767
7943
8008
8073
9641
8844
7878
7702
7635
8811
9048
8998
7942
7517
8992
8369
8313
8895
8661
9223
8738
8558
8425
7829
8164
9087
8395
8021
8143
8500
8184
8441
8794
9662
10760
8331
8251
7913
9033
7730
8680
10015
8731
9062
9469
8559
8412
9266
109796
9125
7817
8190
9584
8029
7866
8101
8789
7595
9138
8514
8273
8270
8035
8511
7469
8564
9286
9371
8015
8576
8632
8713
9210
8169
9056
9209
8034
8145
8594
7838
7562
8733
8616
8356
9227
8269
8965
8781
8828
8855
7818
8370
7577
8553
7837
11351
7606
7970
9543
9017
7700
9061
8312
8969
8353
8369
9325
9221
7972
8750
7994
7507
8169
8025
9166
8919
7347
9088
8001
8252
9379
8423
8177
8238
8634
8095
8973
8108
8853
8184
8436
8932
8733
23388
8697
9169
8901
7688
8448
7951
9021
9636
8213
9059
8213
8507
7762
8184
8838
9337
8738
8155
8312
8500
8727
9257
9133
7665
7416
8549
8803
8835
9682
9247
7607
8133
11258
8181
8838
15884
10016
7625
8805
8427
9016
8580
8514
8295
8836
7415
8131
8672
8492
7723
8385
8140
8693
7567
9204
8949
8459
8234
8776
8456
8548
8233
8032
7594
8054
9384
9282
8551
9241
8463
9095
8856
8538
8484
8866
9079
7871
7789
7316
8586
7588
8827
7754
8491
9206
7841
8614
8089
8875
9138
9076
9276
9375
9069
8755
8016
9023
8938
9046
8616
9071
8820
9000
9024
8032
7947
8441
8944
9190
7910
8874
8369
8173
7744
7810
9179
9216
9291
8577
9134
8953
8384
7796
9456
10694
8470
9464
7949
9136
9125
8295
9579
8656
9181
8468
8018
7691
8815
8028
8138
8782
8715
8034
9345
8538
7961
8338
7964
7989
8044
9230
7808
8599
7379
7872
8569
10523
7979
9098
9277
8394
8072
9201
9158
8005
9274
7504
7904
9353
8745
9116
8755
8554
8472
7385
9090
9225
8144
8722
7966
8932
8569
8247
9016
8658
8134
7818
8717
8729
7825
7991
8010
8632
7835
8270
8474
7606
8025
9513
9398
8600
8294
8976
8829
7659
8022
8022
56164
7835
7781
9158
9020
8202
9292
7973
8557
7557
9319
8464
9096
9369
8342
8532
8601
7918
7859
7687
7856
8800
8301
8615
8548
8605
7690
9097
7769
8035
7776
8855
8145
8228
7679
7780
8188
8600
9253
9364
10584
8584
7992
9107
8118
9097
7626
8750
8675
7833
8847
8076
8801
8950
8181
8955
8746
8473
8359
8243
8169
8568
8005
7974
7846
9103
7851
8948
7965
8051
8279
8296
8382
8639
9003
7943
7713
9292
8762
8898
7685
8576
7697
7935
8976
7851
8501
9100
8553
8806
8411
8896
8831
8159
9288
7794
8400
8367
8394
7687
8495
10891
7652
8440
8297
8148
7663
8133
8126
7802
7368
7927
8554
8534
7748
7410
9216
7532
7786
8295
9235
7913
8405
8993
8856
8484
8674
9030
8595
8461
8278
7572
8759
8078
8451
9083
8472
9096
7675
7582
7832
10173
9205
8653
7804
8912
8202
8618
9445
7729
8280
9259
9292
8980
9029
8099
9198
7687
8349
7797
8991
8592
11295
7629
7369
9049
8586
8364
7788
7980
7900
8356
9284
9365
8736
8822
8313
7889
8053
8809
9218
8184
8433
8784
8436
8232
8789
7814
8214
7545
8738
9048
9039
9000
8833
8276
8800
8033
7562
7969
8212
9052
8200
8204
16866
10843
8648
9938
8982
8434
9428
7832
8426
9226
8394
8685
7646
8150
8464
8052
7951
9317
8599
7875
9126
8234
8394
9167
8345
8333
11055
8292
7413
8433
8569
9268
9177
9062
8794
8225
7586
7512
7818
8613
7548
8457
8545
9156
9273
8413
7786
8186
8338
7969
8830
7558
8231
7562
7973
7851
8686
8188
9180
7676
8538
8005
8326
7655
8794
10374
8422
7810
7632
8232
8997
8027
9021
7789
7796
23285
8952
7911
8636
9076
9124
8424
8329
8887
8317
8635
7711
7824
7805
87987
9216
8190
9440
8410
7983
8447
8071
8958
7903
7590
9136
7781
7652
8261
8881
8403
8771
8362
9058
8455
8229
8747
9105
8759
9205
8164
8177
7335
7643
8566
9446
8081
8031
8919
8007
8676
7819
8920
7852
11682
9630
8912
7770
8618
8293
9317
7307
9308
7576
7938
9319
9604
8200
8370
8956
8836
8315
8457
9066
8205
7944
8642
8494
8143
7558
9219
7692
8660
7833
8017
9258
9321
8256
9267
8216
8768
8289
9431
7892
7570
8274
7678
8062
9076
9018
8229
9146
9181
7847
8033
8018
8327
9113
8342
7784
8624
8800
9214
8233
9282
14489
8164
8307
10869
7448
9273
7595
10179
9162
7426
8651
9039
9323
7462
8647
8986
8053
8659
8075
8363
7875
8274
8410
8837
9050
7992
9217
10124
7810
7943
8372
9287
9105
7579
8374
8369
8614
7809
8114
8413
8805
7817
8210
7785
8917
8517
8194
9270
8977
7547
9492
8542
8805
8079
9220
8606
7751
11133
8743
7835
17639
9082
7418
7648
8389
8824
8654
9327
21919
8111
7538
8428
8135
8491
7914
8876
8982
8247
8516
9077
8392
8236
8279
8841
7448
8810
7587
8366
7537
8524
8548
7356
8856
9133
8674
8835
7824
7605
7722
8230
7797
8913
8038
8400
8175
8764
9219
9042
8253
8420
7587
9292
7697
8847
7725
9148
8102
7512
8779
8903
8728
8282
7625
7531
7721
9172
8372
7828
8048
8666
7394
12033
9112
7779
7584
7839
7697
7475
7924
8717
9117
7870
8369
7352
9109
8964
8131
8495
7911
7599
7914
7859
8039
8771
9159
8718
8312
8100
7957
7942
7772
8702
8138
7746
8114
9135
8878
8676
7900
8393
8351
7856
8801
8856
8151
8683
7865
8313
7774
9101
8897
7991
9133
8900
8422
7573
8746
8952
8149
8687
8225
8812
97276
7874
7630
11891
9671
8168
8294
8265
8443
8004
9041
8919
8150
8898
8198
9004
7597
8658
8417
9381
7865
7958
7624
9379
8719
8905
8815
7804
8389
8750
8620
9707
7594
8832
7589
8201
9208
8702
9294
8400
7700
8778
7394
7749
9308
8980
7989
10425
9352
7421
7751
8066
8176
9214
7410
8423
7755
7707
9003
8636
8504
7883
7668
7704
8139
9038
8421
8374
7913
7605
7871
9020
8216
7856
7646
8498
8021
7811
9310
8589
9298
8641
8015
8661
8732
8457
8962
9385
8403
7447
7613
9034
7549
8079
9508
8358
8532
7861
7909
8436
9189
7925
9036
7798
8089
8742
7656
8921
10619
7519
8579
9603
7770
7783
8612
7600
7712
8502
8474
8082
7795
8938
8402
7673
8138
7829
8631
9276
8941
7265
9296
8236
8527
8917
8500
8056
7665
8507
7458
8686
8677
9207
8394
7453
8112
8065
15205
8585
7968
7774
7611
8872
8733
7650
9010
9060
8251
17735
8509
8339
10424
7784
9365
9395
7410
8181
8592
8587
8624
7670
8700
7761
8644
9215
8900
8692
11185
8674
7448
8390
8141
9263
8547
8225
8807
8085
8332
8735
8070
8790
8144
9405
8656
8626
7517
9512
8719
7910
7933
7605
8389
7988
8042
9278
8820
8205
9321
7602
8909
8089
8206
8525
7838
8102
8169
7892
8385
9218
8013
9077
8998
8561
8140
8497
9238
8895
7962
8200
8385
8700
8112
7959
7573
7582
7712
8136
9185
10854
8028
7941
8311
7890
9053
8439
8276
8314
8587
7727
7669
9315
8210
8604
8098
8537
9069
8776
9213
7549
7509
10358
8536
8340
7946
7803
8271
7777
8905
8907
9280
9000
7723
7678
7778
8456
8838
8821
9017
8816
8353
8479
7571
7938
8897
9317
7646
8982
8012
8414
8087
8596
7594
9451
9394
81344
8087
7575
9098
8973
7832
7871
7512
8954
8620
8732
8510
8595
9041
8636
7531
8697
8374
8964
9426
8979
8199
9170
8806
8413
8470
9985
8057
8028
7630
9412
7811
7774
8919
8999
7318
8215
8140
8460
7843
7666
8369
7740
8841
8574
8938
9010
7872
8035
8663
7569
8130
8875
8225
8629
7974
8095
8251
7752
8772
7601
8737
8151
8473
8688
8410
7659
8526
7812
8329
8585
7543
7643
9100
8319
8181
7549
7650
7840
8182
8162
8519
8256
9294
9066
8471
8939
7851
8107
7496
8791
7752
8891
8646
14262
8582
7379
8750
9026
7902
9186
7533
7990
8641
9241
7779
7564
8969
8303
8379
8902
8213
8626
8713
9298
8199
8451
7475
9181
8893
9119
7697
7849
9073
7572
9034
8410
9046
9169
7418
9178
9095
7749
8543
9465
8382
8129
8289
7553
7534
8403
8384
8814
8384
8564
8932
7823
8000
8678
7501
7570
8717
8234
8817
8701
9215
8317
7984
10825
8722
8620
7887
7937
7794
7774
7905
9260
9117
9225
7906
9380
8083
8696
8978
8866
8338
8324
8133
7790
8716
9478
8334
7795
8057
8664
7859
8657
9190
8379
8823
7509
7723
7707
8720
7713
8931
9199
7961
8297
7659
9128
7442
7578
7797
8352
8022
7466
8444
8517
7681
8651
8425
9014
8544
7764
8015
10065
8155
8073
7986
8000
8271
10422
8219
9038
8018
8220
7641
8269
8450
7535
7993
8244
8180
8640
7990
7630
7825
9207
8818
9335
8415
8871
8148
7453
7577
7577
9451
8825
8415
9456
7776
9123
7917
8636
8197
8409
7574
15479
8759
9128
10252
7781
8569
7956
7502
7777
9548
9317
8841
8761
8543
7399
7805
9079
9168
8105
8846
9239
7391
8131
9119
9052
7714
7833
8334
9657
9273
8161
9271
8443
7592
8924
122533
7676
8472
8857
8697
8943
7851
8615
9041
8533
9298
7459
8218
8019
7731
8919
7815
9010
8596
8067
7575
7830
8438
7718
8654
8252
7614
9037
8461
8379
7586
7772
9235
9457
7607
8620
8984
8364
7739
7866
8082
7488
8058
7579
7667
7815
9254
8774
7977
7670
7785
8973
9131
9149
8425
9445
8045
9949
8580
8990
8735
7884
7452
8131
7812
8374
7501
8481
7883
8779
8865
9218
7749
9153
7478
7425
9196
9185
7527
8667
8319
9086
8029
9120
8298
8130
7467
8569
8697
10400
8590
8003
8910
9220
8811
8702
7395
8693
8716
7601
8512
23032
8642
8095
8787
7777
7623
7855
7735
8353
8353
8368
8491
8950
9423
7491
8281
7832
9411
8894
8358
10040
7651
8404
8411
8335
9074
7997
9179
8287
8263
9018
7805
8251
7823
9013
8116
9459
9040
7718
7811
7805
8438
8065
7945
8214
8394
7831
8153
9044
7307
8567
8686
9219
8435
8605
8698
8364
7631
9005
8384
8817
9458
7528
7451
8471
8614
9199
8676
7806
8558
8241
7547
8875
8879
7579
8653
7984
7712
9000
9002
8566
8648
8419
8635
9805
7661
8494
8182
9123
7733
7961
8600
8476
10692
7951
8474
14302
8614
8137
9747
8393
7866
14525
7731
8024
8603
7556
7549
7608
8042
8153
8165
8497
9187
7610
9598
10663
8399
9039
8765
7670
8554
8870
9137
8550
9133
7993
8143
9220
11376
7543
8733
7883
7460
9101
7974
8779
9074
7794
8023
7910
9327
9400
8212
10265
8020
8369
7542
9201
8007
8092
9194
7610
8081
9113
7991
8511
7432
7489
8947
9128
8527
7651
8075
8043
8460
8194
7974
9285
8967
9133
8779
9291
8273
7800
9138
8327
9205
7350
8227
9321
8575
7795
9328
9060
8349
8640
8859
8835
8575
10738
8174
96738
8474
9119
9315
9169
8590
8324
8390
8182
7520
8031
8969
9617
9085
7437
8390
9316
7619
8896
9051
9523
8525
8258
8775
8615
8833
8943
7994
7700
7800
8387
9202
8056
7972
9215
7912
8751
8637
8666
9019
9871
9085
8487
8815
8336
7670
8834
8332
8861
8810
9200
9049
8594
7517
7682
7520
8237
9315
9163
8596
8594
7933
8030
8128
9038
8415
7970
8398
7878
8442
7671
9120
8297
7688
8635
8133
8704
8503
7496
7673
7813
9022
8782
8523
9955
8674
9105
7952
7958
7893
9103
7795
8231
9194
8354
7897
8728
9156
8598
7627
7534
7664
8514
8464
7757
9014
8458
9054
8603
7666
7699
8906
8889
7908
7871
8828
9352
7388
8287
9143
9125
7937
7419
7545
8678
7950
9078
8978
7758
7889
8324
8104
9002
7695
8634
8475
7775
9259
8522
8487
7578
7607
8740
7834
8074
8132
8164
8220
9947
8967
7706
8035
7814
9005
8753
8423
8779
7258
9225
9055
8825
7958
7456
9256
8317
9085
8594
8104
9014
7695
8849
8532
8551
7554
8671
8764
7628
8432
8202
8154
9051
9055
7790
7694
8551
8271
9256
9317
8186
8459
7410
7668
8843
7689
7654
8844
8937
7486
7751
8060
8093
7633
9020
7733
8219
8436
8589
8456
8086
9315
7575
7641
8394
8570
7474
9118
9938
7782
7766
8497
7867
7533
8892
8527
7973
7972
7726
7494
8561
8862
7837
7630
7769
8886
7631
7901
7792
7449
7714
9218
9075
14641
8461
9333
7949
8596
8312
8704
9312
8319
9021
8647
8571
8132
8526
9059
9279
8243
7591
8836
9015
8357
8681
8182
8652
7897
8278
8757
8251
9232
7963
8011
7786
8151
8637
22295
11871
9588
7641
8374
8162
7949
19841
9136
7946
8876
7985
7945
9520
9088
7898
7753
7907
50060
8088
8338
7607
8452
8407
8786
8305
9327
8409
8850
8128
8075
8943
8871
9718
8359
7892
8313
9281
7808
7725
7964
8596
8620
9205
7994
9219
7999
7742
7974
8022
8281
11378
8580
8298
8630
8997
7708
8441
7869
9237
8635
8953
7779
8644
8783
8040
7938
7431
9214
8636
9366
9438
7297
8332
8282
8766
8740
8504
9280
7828
8984
9051
9055
9180
7676
7787
7625
8611
9178
8186
7842
9126
8835
8686
9153
8736
8912
7634
8328
9014
8023
7722
7971
9030
8180
8087
7497
7794
7566
9196
8659
8277
9946
9073
7968
9172
7830
8749
8881
7581
9134
7288
7929
8394
8191
8257
7420
8138
7507
8856
9338
8871
7769
8485
8412
7799
9174
8847
9594
7982
7832
8641
9076
8203
9138
7944
8615
8673
8665
8148
9108
8596
8697
8871
7985
8591
7497
7761
9256
8590
8094
7728
8420
7966
9154
8890
8946
7883
7698
8567
7466
8978
9197
10129
9272
8742
9281
7450
7930
7883
7694
8681
7483
7861
7935
8725
8002
7468
7655
9788
8094
8815
8373
9037
8155
8514
7405
7573
7738
8212
8624
7994
8022
8764
8851
9194
8877
8056
8097
9197
9321
9383
7648
9210
7561
7425
8980
9086
9407
8143
8777
7933
19595
9186
8999
8549
7953
8435
13937
8266
8760
8232
8435
8425
10194
7774
8610
8803
8333
8451
8513
9838
8243
8625
8809
8619
8797
9068
7604
9060
7735
8836
8376
9230
9210
8455
7539
9664
8406
9128
7820
8079
8564
7907
7692
8972
8369
8836
8678
8620
8232
8597
7972
8835
9124
9082
8155
7994
8881
7846
7674
8504
7742
7998
8037
8258
8535
8657
8781
8661
8222
8059
7594
8498
8412
7585
8800
7734
8568
8798
8455
8298
11753
8175
8539
9314
8087
8329
7878
8276
8998
106206
8003
8436
9443
8817
7519
8271
8541
8669
7753
9842
7556
9397
8245
8474
8340
8998
8112
9287
8010
8625
7206
9547
9347
7945
8635
7584
7582
8090
9025
8958
8449
8794
8436
7572
8616
8076
9135
8207
8479
8251
9382
8460
8148
8910
8610
7692
8456
9046
8521
8933
8003
9081
7595
7831
8073
8330
9031
9186
7954
8413
7680
9427
7502
7471
8194
9007
9255
8437
9199
9076
8327
7511
7979
10329
7954
8558
8736
9398
7558
8988
8039
7777
7616
7792
8622
7451
8405
8813
7723
8224
8241
8903
8637
11584
9215
7914
7805
9246
7811
8143
8592
9419
8037
8205
9180
8430
8720
8712
8598
8206
7808
8717
7684
8856
8084
7746
7472
8174
7621
7772
7889
8834
9022
9013
23241
7656
8615
8028
8750
7821
9129
19938
8620
11249
7592
8179
17758
9157
7989
7661
8305
9055
8176
8273
9277
9251
8715
7990
8210
8197
8627
7570
16068
8109
7789
7893
8692
8231
9028
7940
7774
9050
8990
7467
8367
7974
8963
7507
8814
9494
8297
8830
9158
7993
9039
7669
9056
7387
8174
7753
7756
8051
8801
8614
7796
8956
9181
8210
8061
7364
7669
7801
9343
7631
9164
9244
8338
7589
8210
9108
8781
10069
8299
7268
8713
8624
9168
7686
8594
7594
8599
8742
9045
9246
7854
9015
7831
8609
8914
8157
7601
8992
8769
8965
7359
9318
7643
9194
9248
7805
8641
8358
9535
10043
8728
8591
7455
7605
7912
8407
9230
8366
7470
8331
8583
8686
8808
8165
7764
8825
7709
8730
8051
7854
7577
9307
8943
8053
9164
7372
8539
9103
7986
8973
8286
9865
8216
8153
7794
7636
8558
7815
8133
9087
7949
9323
8327
7999
8024
8338
8038
8069
8559
8446
7821
7736
8271
8644
8673
8564
9276
8779
56234
8010
8261
8509
8042
8172
8659
7959
7610
9287
8979
8676
7938
8393
7280
8004
8796
8727
7534
7925
8676
8407
8360
8092
7623
8538
7808
8845
8602
7790
9046
8210
8753
10733
7573
7871
7641
10229
7773
8658
8012
9193
7393
8234
9215
8751
7707
7761
8439
7398
8163
8771
9041
7992
7326
9498
8964
9255
8711
8004
8287
7839
8229
8738
7648
8214
8345
8656
8662
10393
8307
8796
8517
9360
7572
8584
9275
8039
8134
8079
7704
8495
8394
8880
8873
8375
7928
8174
7754
8393
9111
8783
8838
8294
10626
7612
7841
9039
8476
9051
8865
10029
8437
8445
9034
9337
8611
7945
8194
8717
7795
8509
8015
8795
7683
7351
7757
8472
9360
8078
7974
7876
8358
7974
8958
9207
8409
8971
8637
8687
8147
9262
8554
9276
8771
8853
7259
8136
8636
7949
8128
9271
7778
7305
9339
8317
7585
8889
9069
7620
7733
7764
8058
8848
8313
10341
8502
8489
8654
9322
8025
8317
7583
8915
8035
10196
8965
9288
9100
7479
7600
7689
8688
8928
8734
8574
7328
7704
7375
8106
8820
9788
9013
7422
8383
8273
8327
9107
8534
9076
8907
8284
8076
9457
8918
9070
8513
8310
7650
7671
8671
8355
8588
8020
8209
9075
9029
8223
7671
7687
8364
7472
8344
9035
8657
9169
11005
10059
8150
8955
12090
8878
8863
9695
9425
8234
7630
7917
8767
9654
7379
8175
8118
9066
8345
8840
8075
9879
8507
7790
8553
8059
7995
8650
7758
8886
8817
8793
8564
8902
7497
7571
9157
7384
8823
8907
8471
7958
8004
8062
7780
8958
9018
8489
8152
7826
8184
9210
8540
8569
8087
8043
8323
8516
7574
9110
8876
7858
7642
7885
9076
9401
8364
7555
7985
7856
7748
8808
8322
7902
8792
8431
8283
108782
8546
8194
8258
7853
8076
9611
7852
9317
7661
7943
9435
8225
7686
8025
7917
8609
9556
8461
8337
8632
9888
8295
7637
7656
9194
7950
8217
8716
8115
7592
7802
7932
8297
7872
7696
9095
9011
9029
8625
8273
9409
7377
8574
7689
8375
8423
8646
8949
7338
9071
8095
7822
8464
7991
8263
8442
8517
7791
9234
9070
7225
8972
8384
8358
8162
9250
8082
8210
8066
9093
9131
8974
7665
8806
7739
8730
7545
8967
8633
8701
8408
7327
9446
9205
8235
7764
9719
8743
7465
8087
8533
8497
8889
8473
8338
8292
8802
7589
8805
8056
7622
8860
8748
8112
8369
8942
7935
7454
8733
8431
8814
7893
9077
9270
7637
7548
7886
7710
7657
7521
7919
7605
7844
8339
7996
7463
9232
10282
8505
7845
7552
8453
7735
8384
8144
8149
8979
9405
7738
8943
7553
7590
8220
8718
9160
9035
7673
7531
8793
8095
7571
9041
8550
8353
7885
7803
7610
8593
8921
9164
9139
7917
8456
7554
8678
9157
8607
8696
7974
8609
9000
8680
7737
8849
7625
7994
8804
9077
7969
9537
7805
8110
7306
8488
8726
8453
8979
8263
7696
7865
8451
7631
7533
7594
7894
7978
8437
8293
9156
7970
7632
11388
8818
7446
8011
8017
8102
7526
7522
8238
7466
8249
9220
7556
8789
7625
8733
7540
8348
7856
9352
7776
7482
8957
7607
8034
8564
9309
8615
8789
7842
8438
9072
8271
7619
9028
7754
8662
9153
8392
8234
9285
7805
8393
9067
7870
8438
8122
7605
8451
7801
7914
8334
8097
8273
8856
8964
8483
8250
9009
8569
7405
7775
9246
7737
7648
7989
8584
9116
8663
7858
7935
8750
8733
8599
9165
8004
9220
8232
9100
7946
7753
9160
7971
7647
8902
8521
9361
8580
9113
8221
8298
156696
7935
7420
7941
9228
8661
9384
8346
9153
8566
8813
9405
8691
9130
8914
7956
8519
8103
7573
8318
9083
8415
8055
9128
9200
8756
8584
9671
8853
8408
9106
8548
7876
9711
8194
7856
9282
8449
8220
8083
7793
8847
8054
8630
7799
8952
8858
7908
8073
7547
8729
9020
7787
8497
8312
8512
8029
8196
8179
9384
8594
8666
8650
7610
7877
7493
8336
7750
7319
8428
8117
8731
8152
7953
9352
7652
8635
9003
8619
8805
8257
7774
7418
8635
7910
9442
8222
7830
8676
7283
8698
10090
8845
8793
8450
7553
7531
8198
8748
8949
8739
8465
8769
7745
7876
7694
8498
9700
7430
8854
8405
7742
8476
8835
8566
7886
8264
8115
8009
8021
8709
8802
7862
9246
8419
8574
8799
8466
7736
7260
9201
7943
8892
8866
7887
8856
8479
7594
8370
8253
8561
8431
8620
8432
8120
8839
8531
8424
8271
7964
7610
8540
7854
8969
8774
9477
8018
8604
9826
7861
8593
7907
8463
8855
8211
9046
8266
9267
8786
8419
8398
7769
7969
8276
8502
7711
8444
7980
8414
8348
8471
8312
7608
8032
8212
9067
8820
9156
9047
8071
8074
8184
8055
8274
7644
8207
8043
7429
7719
8781
9361
9203
8486
8196
8160
8371
8857
8587
7809
9406
8109
7930
7921
7651
8140
8296
7721
8396
7622
9822
8184
8839
8742
7831
7599
8460
7995
8360
7691
9489
8473
8997
7829
8709
8230
8794
8019
7970
8707
9153
8419
7491
8791
9358
8298
8645
8614
8718
7487
8871
8193
7979
8914
9062
8915
8762
8390
10232
7613
8446
14000
8871
9070
8630
9242
7475
8657
9019
8698
7984
8564
8822
7427
7861
7878
9278
7886
7784
8597
8915
7811
8340
7970
8710
8773
8193
8144
9109
7492
7805
8171
8465
9198
123712
8609
8097
7692
9259
8661
8332
7656
9497
9251
9341
8963
8515
8974
7570
8086
8918
8220
8820
7789
8016
7702
8276
7611
8430
9063
8516
7666
7750
8356
7547
9132
9501
7433
8878
8610
8767
9000
9052
8501
8114
8338
8018
8641
7590
9030
8392
8697
7513
8805
8331
9266
9139
8179
9677
8230
7847
8136
9055
7625
7527
8267
8548
8150
8169
8225
8306
8683
7661
8571
7614
8847
7659
8541
8440
8154
8299
8323
9083
8136
8426
8331
7805
8392
8839
9153
7754
8516
8456
8213
8334
8086
8821
9120
8121
9237
8138
7587
8215
8807
9359
8092
7913
7962
8579
9246
8410
8420
8661
8293
7917
8753
7894
7885
8723
8373
8647
8117
9538
8623
8544
9095
8015
8287
9060
8307
7531
8497
7994
8056
9061
8278
8003
8371
8432
8413
7971
7564
9019
8806
8505
8828
9168
9207
8291
8930
8604
7824
8676
7940
8192
7890
9198
7982
7600
8603
8345
8517
9215
8594
7842
7657
8302
9505
8215
7581
9098
8517
9053
8112
7651
8697
8446
9106
8588
7491
7974
8210
9574
8753
7846
9298
10205
7419
8617
8841
7791
8126
8246
8131
8079
8659
7875
7874
8745
7880
7475
7831
7803
8793
8270
8995
8162
7452
7400
8194
8413
8611
8604
10263
8803
7749
7589
8115
8277
7669
7828
8244
7563
8171
8215
8258
8174
8238
8152
8646
7973
8657
8455
7776
7738
7900
9219
9561
8543
8747
8433
7254
7819
8784
8814
7947
7891
7718
8241
9128
10308
8394
7839
8855
8349
8565
8420
8809
7630
7998
9343
8853
7628
8618
8154
8457
11348
8132
7955
15512
7892
8811
10118
8774
10102
8924
7271
9023
7587
9017
8870
7761
7674
9017
8056
8677
7997
8533
8152
7594
7652
8527
7610
8234
8476
8661
7621
120210
7787
7579
7758
9164
9117
9232
7495
8331
9002
7539
7755
8728
8170
7552
8881
8605
10617
7548
9088
9402
7380
7786
8746
7680
8557
9699
7646
8499
9164
9071
8933
8667
8348
7622
7557
8618
8382
8685
9182
8610
7986
7327
9036
7569
9661
8407
7433
9196
8731
8120
9202
8200
8796
7875
7974
7840
8196
7915
8716
8862
7623
7497
7625
8924
8623
9274
7676
8087
7992
9246
8811
8580
9172
8034
7589
8053
9127
8066
8033
7856
9661
7360
9048
8092
8841
9144
7381
7586
9702
8131
8517
8489
8652
8153
8430
7973
8423
8252
9010
9261
8513
9218
7473
9119
8047
8528
7779
7890
8412
9256
7728
9004
9282
8379
7669
9137
8071
9151
7650
8052
7623
7865
7591
8220
8230
8980
8619
8787
7886
9194
8193
7964
9145
8364
7556
7409
8945
7489
7847
7977
8132
8641
8158
8716
10557
8915
8609
8111
7785
7816
8580
8539
7724
8688
8250
7949
7648
8889
7713
8336
9010
8107
8681
7377
8826
8414
8374
7633
7264
7499
8794
9385
9676
9195
8761
8455
7785
8257
9226
8060
8477
7793
8431
8651
8659
19887
9435
7892
7823
8657
9015
7905
8754
7818
9046
8201
7947
7553
8845
8632
7796
7832
8626
7373
9609
9237
9224
7704
9659
8020
7850
9153
7824
7861
9353
7287
7602
8179
9682
7585
8515
8262
7258
8233
8000
9073
8637
8474
7740
8510
8669
7461
8324
7586
9018
7619
8833
8156
8925
9268
7887
9300
7540
8038
9235
8737
7646
8954
8556
7810
7858
8884
8184
9239
8590
8411
8631
9846
8448
8895
9729
8182
9333
13010
8389
8487
9214
8420
9414
9078
7493
8572
9965
8328
8630
8123
8532
9186
7441
8651
8820
7793
7674
7237
8258
8419
7842
8125
8909
9193
8275
8967
120107
9109
8922
7585
8564
8220
8579
8529
7665
8129
9093
8178
8667
7752
8622
8658
7537
9190
8436
8859
7789
8272
7555
7349
9258
8061
11876
7933
7503
7672
8311
8242
8543
7267
9198
8578
9159
7865
9409
7810
7425
7506
8616
8051
8036
9138
8623
8449
9656
7535
8874
8822
9458
9240
8371
9287
8210
7612
9297
9251
8237
7813
7487
8031
9073
8197
8475
7717
7635
9206
8021
9042
8144
7994
8461
7569
8553
8966
7774
8677
8671
9278
7526
8692
7873
8804
9251
11150
8545
8112
8790
8806
9071
9341
7839
8623
8477
8633
8094
7810
8809
7588
8748
7531
9250
8441
8564
8475
9913
8669
8100
8234
9051
8342
7752
8328
8180
7712
9128
8185
9071
8351
8474
9256
8738
8358
8942
7932
8273
8616
7662
9476
9124
9209
7697
8660
9012
7739
8106
7758
8316
7668
9238
7651
8635
7893
9067
9241
9046
8342
8458
8835
7563
9118
9403
8544
9235
7719
8432
7876
9250
8680
8600
8373
8435
9282
8189
8194
9224
7573
8718
8206
10075
9035
8671
8730
8842
7610
9483
9209
7982
7780
7911
8276
8875
8368
9038
7581
8604
7817
7535
7599
9076
8392
9148
9048
8434
8196
7673
8069
9221
7532
7583
7780
8678
8672
7480
8136
8798
8390
8988
7990
8135
8808
7709
7758
7798
8795
7690
7714
8420
9250
7622
8164
8879
7550
8337
7914
8713
8811
8496
7885
8502
9312
8596
8524
11664
8214
8013
16418
8447
7708
12136
7876
7817
9015
7854
9400
7917
7641
7973
8753
9822
8846
7912
9103
9200
8257
8255
7984
8760
9033
8102
8271
8153
8974
7671
7981
7921
8645
8511
7914
8618
8074
7748
7764
8070
7531
8329
7536
9302
8198
8292
7891
8517
9392
7512
7646
9179
7969
7892
7390
8874
122410
9045
7935
7882
8748
7984
9234
9276
9344
9082
9136
9285
8632
8418
7789
9316
8969
7712
7610
7861
8357
9045
8618
8413
8774
8548
8605
9233
8311
8295
8538
7651
8959
8425
8200
8465
8836
8472
9192
10001
7830
8435
8108
9271
8134
8312
8038
8395
8353
7953
8186
8753
9119
7538
8234
7620
9286
8832
8275
9097
7892
7550
8212
7933
8618
9169
7951
8980
7795
7668
8111
10942
8108
7943
8296
7542
7653
8974
7597
9342
8502
9217
9009
9801
8289
7950
9313
9052
8883
8804
7968
9328
8548
7628
7738
8712
7596
8456
8463
9262
7995
7395
8054
8960
7862
7942
7940
7619
7361
8200
8417
7858
7819
7893
8534
8466
9283
8560
8818
7578
8431
7787
8200
7891
9210
8734
8827
8257
9207
7397
8230
8618
8416
8576
8748
8856
8455
9096
8487
8529
8612
9248
9275
8665
8404
8746
9277
8362
8597
9229
8190
8616
9066
8968
7726
7796
9203
8076
8905
8499
9120
8476
7548
9273
7590
9082
8929
7845
7884
8315
8733
8368
9056
8806
8387
8375
7571
7682
8764
8985
8934
9535
9235
8467
8639
8771
8877
9212
8804
7833
7408
8066
8374
16222
8657
8143
7655
8158
8739
12074
19046
8981
9086
8959
7748
8159
7568
8934
8256
8658
8249
17950
7605
7793
7842
9142
8756
8270
8617
8569
7816
8374
7876
9164
7907
8861
9343
9307
8992
7710
8300
8280
7811
7800
7949
8190
8028
8058
7743
8654
8158
8664
9166
8820
7225
8495
7993
7597
8924
8375
7853
8287
9260
8142
7593
8382
7635
9000
7830
7984
9066
9215
9363
9301
8712
7702
7671
8564
9362
8838
8390
7736
8304
8195
7753
7732
8805
8770
8747
8015
7575
8796
8485
8596
8456
8020
8753
8291
8349
9063
8800
7450
8991
75187
9257
8108
8656
9218
9246
7945
8631
8657
8844
7592
7769
9066
8760
8719
7774
7582
7538
7773
9466
7585
8556
8210
9082
8191
8789
8388
8631
8000
8556
8169
9251
9264
7782
11025
8455
7583
7558
8697
8867
7689
9167
8087
8816
8666
7840
7803
7417
7790
7981
8677
7943
8645
9361
8890
7975
8923
9222
7808
8548
9035
7825
7631
8660
9190
8846
8143
9235
8231
9600
8643
9136
8913
9113
9343
8473
8820
8826
8374
9175
9310
8349
7800
7876
8695
8128
8873
8474
8582
7965
8706
8553
9220
7652
8711
8676
8386
8415
9063
7984
8919
8676
8334
8621
7883
8221
8895
7831
7672
8423
8789
8184
9239
9456
8210
7913
7645
8998
8397
9005
9138
8409
8166
18726
8172
8192
7938
8180
7789
7384
8382
8203
9151
9133
9162
9246
8046
8136
8838
9200
8441
9059
9417
7725
7611
7875
7649
8679
7653
7541
8189
9446
7919
8707
8659
7993
8764
8651
8153
8823
8431
7581
9319
7791
8272
8180
8916
7812
8786
7741
8112
8061
7988
7572
8487
8758
7276
8436
9659
7895
8451
8543
9095
8607
8854
8812
9179
7579
8909
8503
7846
8216
8472
7656
8751
8394
7464
7826
8610
8657
9006
7912
8711
8356
8715
8714
8578
10486
8572
8888
16507
7427
9357
9728
9548
9038
9218
8244
8779
9311
8720
7810
9017
7580
9169
8621
10455
7959
8712
7723
8174
7997
7575
8682
9884
7662
8751
8165
8820
8200
8444
7923
9345
8061
7847
7847
8688
9020
8326
8633
7657
8172
8608
7789
8516
7774
8141
8599
8876
8209
7682
7999
8555
8473
8402
7877
8292
8769
7899
7946
9070
8210
8523
7601
8415
8356
8861
10265
8892
8463
7991
7651
9332
7630
8600
7933
7650
9165
8692
8737
9276
7993
8088
98402
8133
8702
8733
9225
8491
8855
8081
8455
8203
7785
8197
8593
8030
8461
8807
8820
7644
8108
9033
8797
8643
8792
9114
7800
9002
7850
7584
7962
8064
7970
7859
8058
7877
8503
8374
8877
8080
9331
8592
7419
7441
8061
9210
8988
8538
8581
8646
7812
7816
8320
8922
9246
8011
7411
7934
9027
8695
8261
8230
7745
9436
7944
8338
9217
8892
7733
9284
7417
8812
8183
7769
7983
8771
8658
8752
8947
8230
7707
8784
8815
8672
8568
8226
8149
9219
9281
8562
8035
7813
7601
8618
9333
8848
8489
8180
8218
9025
7708
8454
8631
8184
8401
8015
7805
9179
9296
9231
7405
8753
7629
8373
8574
8414
8507
7760
9110
7945
8692
9187
9326
8622
8574
8210
8621
11602
8115
8194
8962
7870
9260
8923
7952
8712
7933
7842
8707
7613
7674
8321
8716
9197
8215
7750
8271
8960
8555
9092
7877
7747
7470
8533
9276
7870
8814
7363
8312
8351
8974
8001
7824
8830
8409
7610
8044
8784
8933
8282
7890
7748
8715
7581
8789
7612
7975
8441
8030
8987
8517
9341
9261
8795
9061
7840
9160
7645
7566
9044
8666
8312
8051
8961
8612
9203
7789
9073
8169
7790
8389
8276
8384
9440
8767
8815
7803
9333
8417
7619
8194
7971
8458
8369
7995
7795
7714
8219
7855
9233
7845
8956
8749
8401
9348
7737
8916
8422
8422
8413
8102
8841
7861
7623
9001
9062
8396
8974
8965
8698
8856
7616
8993
8414
7581
7575
8425
9035
7754
8748
7471
8774
8013
8162
9112
9715
8357
8019
7873
8802
7376
8942
8739
9294
8640
11379
8132
8439
13120
8083
9121
9016
7329
8338
7634
9194
8252
7950
8991
7393
8333
7958
7619
9020
7967
8424
8365
8724
8138
9476
9028
7841
7934
7868
8558
122327
9156
8448
8699
7892
9415
9120
7694
8963
8210
9219
9249
7576
7955
8369
7731
8621
8714
7623
8928
9297
7637
8623
9145
10659
7984
8055
9005
7738
8639
9277
8700
7871
7357
8027
7886
9402
8955
8575
7735
7694
7881
8392
8689
7596
8583
7824
7580
9471
9036
7749
7799
7855
9001
7348
8638
7939
8841
7892
8692
9467
8313
9060
8054
8918
7925
8853
7715
8266
7596
7582
8606
7686
7759
8564
8354
8416
7737
8301
8510
9740
7583
9077
7666
9621
8809
8763
7828
9352
7476
7541
7782
9269
8455
7430
8610
7573
8999
8328
8783
8657
7671
8830
7380
8652
9403
8756
9052
7742
7600
8156
8638
9235
8572
7580
8664
8369
8100
9174
8278
7886
8290
7913
8836
8921
9218
8953
8625
8199
7948
8917
8795
8997
7605
7924
8702
7675
8053
8598
9091
8635
10993
8882
8097
7716
7731
7924
7772
8496
8374
8107
9027
10297
8402
8353
7910
7938
8261
8052
8702
10251
7796
7858
8184
8299
7609
7979
7567
9047
7772
7885
7691
8646
8663
8614
7546
7587
9057
7820
8815
7613
8264
7653
8148
8837
7692
8788
7717
9184
8667
7861
8740
8879
7835
8342
8210
8658
8300
8055
8738
7799
8219
7654
8193
8557
9092
8284
8096
8492
7416
8212
7424
9210
8981
8444
8587
9698
9156
8452
8910
7712
8311
7738
8138
8768
7533
8198
8070
8914
8493
7438
8793
9000
8476
8199
7478
8876
8226
8651
8479
8194
8651
7851
8370
8457
8981
8424
8805
8602
9257
8595
8880
8848
9165
7543
8796
7654
8622
8680
9214
8679
7789
9222
8074
7968
8418
8414
9171
8264
8724
7307
7910
8479
9552
8150
7985
8839
8001
9307
7348
10492
7456
8206
7770
8580
8850
8058
7804
8562
8251
7552
8475
8113
133878
8927
8152
8488
7610
7638
7970
8128
7799
8758
8165
7705
9158
9297
8170
8325
9215
8312
9414
7605
9003
8558
7257
8215
8648
8815
7861
7464
8354
8107
8931
7772
8802
8270
7972
7365
8939
7655
8836
9065
8130
7647
8798
8573
8171
8491
7552
7800
8712
8157
8731
11044
8415
8108
8045
8309
8211
9000
8011
8613
8284
7848
9550
8641
7692
7846
9075
8600
8196
7878
9072
7933
8625
8707
7637
8079
9280
8257
8088
9516
7920
7638
7750
8892
8958
9041
7868
8414
8550
7960
8677
8910
7795
8458
7579
8755
8099
9189
8230
8356
7592
8020
8523
8428
8375
9196
8133
7566
7413
8123
9175
9342
7650
9225
8582
8575
8264
8823
9070
9235
8874
7919
8217
8446
8383
8398
8684
9299
8277
8981
9034
7616
7732
7850
9146
9179
8052
8130
8662
7836
8764
8215
9017
8331
7881
8521
8810
8082
8919
9040
8091
8736
9319
8564
8731
7502
9020
8103
9249
8014
8897
9663
7515
9163
8775
8431
8461
8836
8849
7320
8550
9278
9095
8657
9143
7841
7974
8697
9197
10568
8661
8599
8320
7810
8962
8887
9250
9184
8670
7584
7955
7795
8413
9071
8930
9291
7955
7606
8170
8434
8497
9084
12192
8222
7813
8973
7394
8489
8476
8253
7864
8535
7993
8025
7655
7766
7905
8271
7533
8161
7763
9068
8593
7693
8834
8961
7532
8646
8001
9173
8835
8537
8333
8281
8625
8172
7557
7712
8755
8048
8169
8184
8752
9442
8413
9292
7823
7587
7783
7750
8458
8238
8292
8072
7610
8075
7677
7864
7392
8456
9232
7580
7630
8425
7872
8655
7792
9067
8814
8485
7942
9559
8394
7793
7885
8829
8751
8289
7532
8555
8395
8061
8004
8797
7390
9240
8633
9429
8333
7906
9274
8493
7614
136899
7729
8430
13688
9123
8304
7865
8666
7830
7622
7815
7820
8138
9061
9776
7569
7794
8414
8876
9597
9162
8187
8090
9301
8605
8827
7429
8697
8143
8109
9485
7966
8677
8255
8709
7420
8370
8785
8878
7594
8159
7971
8055
8930
7639
7810
8133
7481
9158
8207
8871
8232
8224
9220
7578
7939
8645
8632
7774
8597
8056
7332
8271
8388
7595
8005
9251
7752
8613
8666
8621
8979
7783
9118
8457
7997
8456
9102
9299
9000
8169
8053
7789
8389
7822
8164
9238
7334
7555
8241
7954
7871
8416
7593
7414
8213
7924
7622
8199
8205
9086
7584
8562
8378
8440
7920
8602
8123
7430
9154
9035
7722
9076
7812
8920
8071
8020
9029
8434
9119
8840
8280
7728
8321
7782
8871
7492
9200
7630
8574
9216
9383
8936
8849
7786
8835
8565
8476
8779
8176
7637
8590
9233
7974
8221
8604
8349
7561
8280
8374
8625
8142
9265
7607
7928
8238
8610
8479
7608
9017
9089
8491
7789
7834
8703
8695
8627
9245
8374
7922
8770
7980
7529
8025
7920
8061
7625
7695
9357
7865
9147
8480
8900
7528
8877
8090
8813
8615
8207
8133
8298
8618
8597
8646
8398
11702
9177
8511
8135
8984
7569
7578
8158
8613
8543
8072
9991
8440
8474
8337
7648
8133
8189
7656
8594
8846
7688
8643
8164
7687
8856
8124
8372
7405
8171
7489
7711
9220
8708
8985
8243
8258
8937
7713
7828
8016
9143
7893
9411
8866
8562
7820
8395
7536
8097
9061
8349
8074
7993
7548
8211
8457
8258
7878
8768
8169
7515
9007
8164
7748
8192
7611
9018
7850
8015
7371
8158
9241
9107
7655
10771
8545
7922
7690
8487
7934
8564
8097
8839
8610
8276
8543
8764
7870
7772
8068
7610
9154
8855
8479
8353
7349
7948
146574
8517
8575
8613
8482
8806
8698
7646
8485
10082
8098
8881
8590
8347
7732
7733
8897
8832
8598
11287
8815
8374
9491
7975
7820
9179
8476
9205
7941
8235
7989
9185
8848
7933
9023
8560
8624
9002
8072
8166
8825
9443
8583
8011
7581
8042
9239
7700
8267
8033
8397
8939
8227
7852
8759
7712
7501
8881
7736
8254
8333
7598
8318
8719
8416
8441
9298
7651
7956
8156
7754
8932
8281
8484
9083
8620
7684
7912
8730
9018
10323
8866
7417
8076
8850
8523
8890
7872
8384
7321
8998
8015
8810
8369
8414
8921
8547
9215
7860
8329
7789
7940
7840
8420
8195
10297
7953
9183
7671
9276
9043
8841
8600
8076
8178
8085
8797
8107
8173
7743
7875
8684
7820
7902
9579
8218
8066
8128
9033
7767
7630
8899
8571
8278
7910
8643
7966
9316
8602
9141
8343
11427
8009
7953
8569
9078
8116
8758
8322
8178
8253
8753
8280
8345
7447
7364
8676
8661
9293
9015
8812
8775
7460
8296
9297
9261
8399
8306
8583
8914
8830
8866
8811
8579
8159
9153
7446
8897
7698
8394
8077
7828
9082
8226
7653
9033
9154
8674
9194
8876
7381
8394
8437
10180
8702
7806
9307
8303
7935
8292
8895
8631
8384
8719
7748
8184
7584
8767
8678
7960
7787
8282
7928
7908
8254
7956
7843
8457
8535
7974
8512
8992
8346
7680
8289
8006
8224
8614
9289
9362
8225
8987
7697
10654
7994
9256
8476
8474
8056
7479
8391
8189
9249
8602
8107
8970
8176
10460
8090
9278
13841
8117
8512
8518
9815
8428
9606
8564
8755
8773
9240
7733
7872
8321
8421
7591
8556
7884
9057
9136
8071
8323
7788
9395
8793
7671
8100
7457
9441
7430
9030
7528
8446
8235
7952
8005
8484
9133
8114
9220
9397
7928
8466
101526
8261
8165
7791
10865
8845
9301
7877
8215
7830
8210
9143
8497
8875
8430
8921
8306
8452
9148
7860
9024
8676
8026
8715
9013
8755
7646
8154
7607
8942
7778
7979
8865
7687
8835
7642
8686
8634
9237
7546
7303
8815
7792
8774
8681
8420
8148
8233
8218
7787
9343
7764
7652
9288
7395
8744
7633
8367
7752
8692
8384
7647
7443
9172
8210
8110
8489
7517
10189
8385
7748
7935
7828
7563
7720
8333
8155
7567
9172
8651
8866
8131
7378
9054
8112
9110
7769
14800
8079
7394
8596
7594
9037
9426
7633
8958
7676
8166
7511
7634
9209
7975
8146
8428
8929
8657
8705
8908
7287
8515
7989
8201
7956
8776
9016
7486
8124
7872
9030
8333
9102
9083
7711
9213
7548
7946
8749
7853
9221
8636
8856
8801
9276
8271
7759
8645
7978
8789
8418
8432
8364
7543
7633
7577
8194
9405
9359
8565
8315
7630
8409
7765
8583
8004
8392
7912
7960
9094
8950
9242
8062
8992
7622
7835
8599
9054
9358
7698
9260
8558
8034
8816
8186
8231
7810
9007
7893
8435
8341
8717
8843
8204
8402
7346
9191
8814
8040
8530
8135
8359
8412
8435
7734
7838
7543
7996
11402
8656
7923
7855
7820
8430
8574
8089
8616
8052
9164
8377
8644
7466
8352
8328
8707
8955
8320
9097
7960
9191
7628
8391
8427
8170
8778
7293
8815
7940
7827
9181
9277
7986
8282
8197
9446
8096
8634
8196
7598
7358
8872
7830
7969
9194
8710
9150
9605
8288
9160
7968
8760
8587
7835
8302
8335
9086
7597
8413
7625
7634
8150
8701
9010
8353
8423
7385
8272
8257
8925
8237
9177
9301
8057
7810
8000
7603
8669
9096
9021
8680
9111
8051
9118
9269
9005
9182
8698
9405
8475
8984
8576
8385
8374
7800
8569
136907
7552
7425
8153
8723
9071
9247
7582
8233
9021
8194
9041
9368
9121
8028
8978
8122
8632
7979
8035
8758
7408
8771
8517
9046
8786
8356
9431
8475
9197
9104
10540
7696
8092
7883
8787
9066
7971
8725
9134
7495
8641
7534
8389
8882
8620
7577
7776
7789
8788
8266
8718
9058
9189
8247
7611
9137
9119
8408
9636
8501
7457
8053
9185
8446
9221
8955
8517
8651
9224
7596
7688
7904
9010
8981
7660
9398
8966
8669
9138
7847
8296
8074
9158
8587
8804
8798
7852
8555
8301
8167
8758
8823
8876
8763
10530
8612
8447
7879
8534
8578
7571
9258
8339
7871
8869
7902
9107
7718
7994
7990
7589
8584
8294
8999
8506
7974
8541
8153
9207
8669
9029
7564
7681
7925
9208
8985
8675
8315
7853
7753
7706
7902
8867
8436
9241
8671
8537
8901
8337
9359
7863
8203
8069
9240
8508
8684
9156
7777
8401
8507
8071
8944
8482
8421
8713
7759
8619
8514
10767
8850
8817
7969
9039
7974
8715
8773
8462
8535
8289
8192
8792
8652
9024
8600
9686
8584
9169
8164
8609
9038
8765
7799
7713
7551
7810
8434
8187
7832
9198
7650
9052
8398
8184
9179
9231
8315
7403
7997
8569
8980
8163
11678
8234
8049
8439
8400
7965
8755
7610
8938
7683
7845
8713
8056
7598
8118
8371
7808
8676
8123
7824
8260
9647
8404
8237
7803
8051
9296
7942
8109
9217
8865
10721
8194
9260
12907
7847
8828
9579
7634
9226
8957
7671
8401
8424
7814
8052
8317
8012
8679
8081
7870
8420
14542
9984
7705
9120
7957
9517
8861
8784
9420
8002
8750
7831
9271
9225
8601
8181
7711
9097
8539
8526
8295
8768
7825
8007
8540
7813
8963
7933
8108
8555
8689
9020
8540
10458
9088
7885
9125
7586
9339
86651
8524
9043
9054
8244
7944
8148
7435
7924
8157
9079
8810
9123
8821
8538
8610
8938
8070
8938
7811
7580
8457
8694
8097
8845
9327
8702
9302
7795
8964
9001
7915
9017
7410
8726
7805
8213
8799
8055
9282
7543
9204
8822
9035
9147
9046
9195
7429
9107
8966
8282
8657
8235
8979
8316
7940
8852
8466
9994
9276
7577
7739
8508
8657
9171
8394
8324
9224
8205
8127
8381
9153
8019
8560
8256
7825
7946
8738
8056
8191
7680
8668
7559
8173
8241
8737
9171
7461
7774
7572
8322
8233
7818
8031
8368
8658
7725
9287
8676
8295
8403
7545
8353
8109
9277
9082
9056
7997
7623
7779
8085
9271
7956
7543
8162
7648
9233
8780
9030
8523
8512
8150
9833
9019
9048
9360
7920
8902
7757
7803
9071
7608
8977
8815
8866
7713
8208
8553
9269
8234
7954
8017
8118
8196
9005
9135
8303
9061
7410
8440
8251
8589
8668
9282
9345
7968
7579
7592
8488
8398
8398
9087
7639
8543
9241
8550
8416
9293
7741
8701
9225
8763
9461
7806
9194
8489
8374
8193
8103
7627
9404
9128
8486
7572
7694
8770
9215
7841
9166
7528
9909
9283
9158
8327
9026
7649
8716
8233
8624
7578
7620
9335
8466
7621
8560
8805
8554
8951
8797
7619
8848
8241
8614
7907
9533
7564
8702
8435
8371
8041
9023
8120
8523
7808
8353
9096
8187
8439
8581
8101
7791
7640
7488
8958
7958
8413
8505
7489
9029
9284
8630
9347
9278
9244
7562
8267
8976
8142
7771
8256
8609
7659
9502
7309
9320
9232
9167
7829
8496
9323
7859
8723
10061
7564
9035
16217
8594
7854
9161
9205
8222
9380
8481
7585
9041
8180
9126
8671
8080
8593
8420
7565
8794
8031
7746
9517
7715
9030
8379
8159
7818
7464
8723
102383
11743
7583
8408
9440
8243
8196
7664
8153
7907
8296
8101
8557
9516
7635
9501
9052
9655
7570
7309
8151
10174
8723
7835
9297
8931
8011
7911
7960
7807
8158
8037
9432
7418
8594
7594
9080
8998
8787
8797
7816
8922
8649
9046
8528
9919
7656
8590
9107
8778
8510
8070
8630
8729
8546
8999
9056
8958
9097
8633
9178
8841
8122
7613
8394
8276
8857
9128
8636
7846
7892
8765
8146
11448
8386
7796
8554
8200
8615
8194
7323
8615
7400
8564
7579
11509
9014
7977
7871
8173
9235
8384
9303
9353
8659
9075
7934
7906
8757
8150
7559
8427
7601
8548
7789
9028
8966
9292
8605
8174
8631
9190
8656
9119
7579
7750
9158
9339
8995
8104
7784
8158
8530
9210
7599
9075
7702
8079
8900
8740
8517
7765
8668
8080
9186
9228
7994
8948
8664
8212
9294
8636
8819
8645
8815
9165
9214
8839
8381
9948
7760
7594
8400
7733
8177
8384
8594
8899
8025
7858
9203
7849
8241
8786
9121
8394
9415
8013
8100
8359
9500
8717
8655
8853
8921
8109
7804
8345
8912
8768
9097
9251
8134
7520
7646
8881
8478
8892
9256
8220
8314
8860
8550
8053
7759
9416
9102
8533
7990
8505
9359
8611
7333
8559
7562
7661
8092
9006
8808
7842
9113
7844
8790
9079
8835
8150
8497
7733
7386
7746
9082
8592
9451
7410
8189
7579
8396
8907
9169
7769
8010
9105
9022
7656
8370
7624
8468
8320
9123
8615
9220
7773
9007
8102
7724
8041
7663
8203
9103
8151
8877
9287
8739
8041
8352
11917
8375
8798
11929
9233
8579
9965
8934
11775
8974
8535
7909
9405
9215
8252
7781
8853
8037
9097
8646
8672
8986
8233
8692
7670
7914
8842
7878
7577
8104
8652
8855
8162
9068
7977
8193
8064
8950
97943
7629
8715
7551
8615
8505
8941
8430
7631
8004
8289
9128
8746
8282
8521
7978
9036
8226
8343
8471
8454
8150
9415
8717
8176
9133
8033
9530
8227
7760
9294
8563
7979
8068
8969
7819
8902
7732
9023
7772
8528
8321
8564
8252
9440
9019
9067
8453
10151
7942
8349
8516
7945
8964
8306
9054
9012
8469
7635
7893
8085
8114
9153
7697
8968
7624
8580
7726
7993
8172
9096
7543
8240
7451
9029
8043
7871
8327
8068
8980
8515
7608
8320
9028
8601
8972
8847
7253
9194
8624
8799
7998
8861
8626
7462
9107
9223
8944
8259
7792
9445
8154
8168
8276
9072
9012
7685
8368
8428
8215
8010
9066
9606
8428
9102
8000
8778
7502
8606
9158
9307
7661
8364
8593
8907
8033
8887
7589
8590
7387
8155
9279
8055
8694
10174
9112
8835
8956
8484
8138
7830
8394
7594
8049
8423
8567
7810
8171
7411
8031
8023
7770
9025
8656
7496
8512
8750
9137
8587
9074
9254
8611
7533
7859
8836
9010
8892
8343
8098
7449
8705
8760
7555
9230
8068
8948
9745
8212
8492
8206
9119
9238
7724
7641
8932
7758
8357
8880
7487
8325
7784
8682
8904
7948
8595
7837
8196
7399
8392
7843
8824
7591
7748
8276
8031
8118
7583
8128
8250
8645
7512
8176
8222
7493
7843
7658
7482
7731
8616
7796
8776
9309
7979
7618
9148
8369
8587
9163
8932
8656
7511
9257
9435
7981
8386
8440
9743
8756
8418
8673
11078
8522
8733
9261
7784
7631
7698
7646
8256
8715
9117
8238
8173
9225
7548
8517
8003
8991
8037
7953
7939
7505
8090
8013
8866
8343
8411
8461
8329
8561
7372
9218
8280
8835
8399
9037
8353
7314
8590
7646
8308
8339
8430
7943
7830
8737
7894
7939
8656
8023
7738
8108
7830
140553
7788
8712
8083
9251
8094
9241
8163
8019
8451
8066
9767
11304
7830
8464
7888
8155
8850
9224
8232
9146
7594
8124
7781
7973
7590
8458
8769
7695
8273
7858
8630
8537
7699
8590
8194
8460
8922
8050
8855
7969
8548
9283
8800
8865
8352
7723
7722
8552
7994
8194
8753
7813
9000
8334
8309
7892
8213
8839
8833
8143
8015
9098
8684
8669
7993
8854
8566
7839
8133
8880
7825
8014
10243
8367
10532
8470
8495
8487
8938
8112
7748
8777
9390
9093
7774
8503
7542
7657
8542
7594
8668
8358
9640
7393
8639
8098
9035
9009
9417
9187
8076
8399
9600
7975
7475
8225
9317
7872
7979
7435
7752
7818
8153
8693
8403
9144
9075
9231
7596
8197
8697
8110
8756
8194
8090
8137
8353
7876
8180
8846
8572
8511
8208
8472
9266
7349
8418
8953
10102
8805
11082
9386
7830
8406
8451
7646
7579
8318
8743
8166
7929
7626
7926
8008
8203
7585
8464
7911
9096
8629
7537
8396
8134
8095
8138
7734
9287
8070
7233
7938
8403
9250
8610
7767
7839
8011
9249
8564
7673
9236
8536
8882
8627
8271
8777
7705
8902
9239
9181
8409
7948
7564
9256
9106
8505
9315
8266
7755
8292
9086
7751
8278
9275
7671
8774
8220
9058
7950
7820
8064
7989
9198
8738
7890
7697
7999
9097
8199
8092
8560
8474
9035
9025
7530
9035
10159
8103
7754
13646
7511
7589
10845
8897
8553
9232
9629
8790
7655
8546
18979
9343
8143
7671
7965
8034
7937
8933
8977
7644
8392
7264
8398
8637
8046
8676
8003
8665
7389
8447
7678
8502
9045
8436
8162
8241
9027
10911
8571
7648
9160
7548
8604
9682
8764
9148
9046
8471
8455
7995
9215
7732
7985
8399
8226
7400
8634
8361
8815
8823
7750
7680
8603
41253
12487
8376
7830
10743
7789
8354
8875
8948
7822
8810
7579
7780
8357
8013
9072
8442
9017
8274
8285
8289
7954
8729
8974
8097
9192
8596
8026
7933
7757
8014
8646
9217
7848
8207
8783
7815
8526
9396
7812
7512
7692
9037
8773
8726
8923
7435
7786
8421
9008
8920
7471
8184
7884
7558
7784
7537
8199
7616
8317
8861
7953
9093
8360
8697
8952
9487
7890
8275
8326
9036
7790
8825
7604
8433
7696
8716
8807
7755
7975
7848
9216
7712
7846
9049
8157
8180
7817
8261
8205
8816
9023
7943
8341
7907
8652
9137
7553
8222
8910
9083
8362
9481
8556
7751
7875
7894
9076
7239
8940
9023
8815
8845
8190
7489
8438
9258
8545
8133
8172
9224
8974
7476
7533
8820
7547
7528
7977
9181
8117
9135
9097
7874
8173
8457
8597
8153
7570
8215
9028
8989
7656
8576
7919
9354
9186
9276
8717
8695
7738
9276
7983
8350
9278
9121
7252
8969
9080
8418
8136
8010
7851
9548
7489
9260
9179
9082
7923
7677
22770
7651
9266
8775
9123
9095
9062
8257
8035
8860
8876
7473
8363
8792
8296
8017
8471
8190
8742
8907
8089
9221
8989
9068
7899
7758
7629
8659
7958
8045
9204
8602
7568
7876
7672
7981
8189
7534
8247
9435
7405
8618
8471
8512
7741
7638
7891
8245
8615
8779
9130
7502
8949
8763
7325
8292
9338
8413
8484
9088
8099
10009
8594
9228
7743
7634
8804
8574
8352
9118
8651
8930
8449
9402
8937
7843
8856
10037
7552
8143
9089
8416
7775
8835
7970
9592
7856
7989
8639
8220
8193
8672
8518
7993
7364
8974
8168
8636
7603
8647
7440
8409
7605
8240
9374
8932
7851
7536
8293
7980
8938
8251
7614
8596
7562
7361
7780
8300
9006
9294
9330
7630
7353
8495
130683
10707
9605
8355
8951
7874
8500
8354
8718
9671
8544
7999
7721
9271
7619
8773
9052
9258
7989
7675
9128
8197
8494
8222
8384
8139
8453
7992
8443
8819
9041
7692
8346
8416
9371
7699
8360
9138
8892
7589
8696
9045
8452
8609
8616
8877
8988
7371
8022
8260
9307
7663
8690
7671
7858
7619
8693
8837
8169
8637
9073
8614
8225
8332
8408
9648
7577
8007
8086
8271
8796
9369
9065
8419
8158
8425
9558
7607
7580
7533
8262
8635
8237
9383
8659
9459
7803
7269
7687
7620
8390
9054
8999
8153
8460
8480
8400
7989
7541
7764
8915
7287
8276
8359
7983
7821
8765
8455
7761
8414
8887
8498
8290
8423
8530
8443
8810
8595
8689
9220
9204
9045
9010
8228
8641
7773
8633
8412
8014
8604
8332
7849
8315
8856
8551
7457
7369
8974
7776
7654
7544
8446
8783
7788
8351
8912
8222
9163
8290
9024
8477
8369
7857
7691
8707
7792
8964
8715
9025
8191
8618
8049
8374
8517
8475
8234
8082
7722
8923
7698
9374
9056
8748
8659
8527
8051
8820
8716
8406
9156
9136
8330
7622
10308
7493
7812
7754
8413
8246
8973
8923
9080
9338
10538
9380
8492
7647
8560
8729
9303
8030
8774
8382
8914
7251
8635
9319
8656
8876
7636
7965
8133
8131
8658
8758
7638
7951
8243
8958
8772
7933
8971
8939
7889
8474
8935
8794
7755
8160
8832
8036
8246
8055
8155
9071
9118
8604
7629
8435
8400
8008
8488
7878
9001
8263
9421
7833
9341
9244
7948
8650
7759
8153
7461
7965
8995
8507
10263
8084
7994
7841
7713
8256
7569
8016
8192
7825
8285
9057
8440
8620
8188
8099
8062
8928
9256
9389
7516
8123
7974
7971
9685
9272
9227
14331
7733
8274
11903
8953
8197
11315
8205
7896
108874
7953
8855
8723
7677
10461
8750
7468
9037
9353
9313
8354
8772
8355
7888
9370
9277
8015
8495
7784
8659
7426
8695
8101
8162
7812
8156
8076
10179
8471
9261
8238
9640
7610
7594
7955
8729
8018
7495
8556
7448
8848
8555
8042
8822
7884
8440
8451
7632
9007
9074
8997
7995
8814
8536
8572
8200
9221
9010
9357
7720
8040
7706
8838
8633
7675
9281
8256
7574
9046
8220
9311
7672
7476
8303
8335
8356
8871
8999
9156
7451
8900
8811
8827
9076
9321
8795
7397
9087
7775
9278
8220
10665
8602
7955
7569
7534
9220
9225
9211
9205
7773
8947
9024
9193
8216
9284
8135
8523
8474
7415
9127
8580
7569
7535
7694
9702
7513
8233
8341
9031
8865
8487
9190
8907
8254
8420
7987
8333
8182
7863
9204
8354
7999
7862
8300
7874
8385
7953
8873
7796
8285
8333
8609
8947
8803
7953
7674
8430
8068
8071
8565
7574
8851
8402
7990
9636
7654
8444
7621
9144
8701
8324
8253
9320
8915
8110
7687
8183
7759
8609
8382
8021
7971
8467
7692
8378
9159
8268
8334
7534
7642
7787
8386
8918
8036
9047
8559
10480
8840
7399
8789
8158
8273
8560
8089
8412
8553
8327
8055
9209
8461
8703
9070
7376
7664
8974
9158
8091
8432
8810
8745
9051
8211
7748
8213
8795
7904
8109
9036
9850
8164
8939
7619
8758
7692
8385
9099
8760
8256
7858
7602
8471
8166
8218
8112
8370
8250
8625
8204
9566
9148
9222
8306
8258
8033
7571
9014
7872
10452
8789
7816
8234
7674
9221
8074
7369
7661
8694
8538
9205
8557
8758
8601
9236
8035
8617
7531
8155
8655
7311
9008
7994
9217
7577
7914
8794
8056
7669
8463
8230
7546
7837
7551
9491
7620
7954
9139
8217
9129
8076
8266
16243
105246
11516
8887
7642
11611
10671
8328
7274
8934
8521
9368
7500
7949
8410
8001
9370
9178
9218
8353
8068
7908
8233
8454
8344
8558
9446
8079
9468
8144
7858
9242
8807
7671
7212
8285
9145
8846
8992
8643
8256
7697
8525
9097
7854
9155
9497
8495
8350
7635
9448
8348
9235
7961
8807
7372
8299
8704
8719
8483
8160
9358
7342
8873
8404
8814
8461
8536
8839
7948
9067
9040
7782
7909
7528
8365
8089
9133
8505
8821
9071
8805
7796
7783
8409
8840
9182
7719
8109
8002
7590
8216
8200
8529
7584
8445
8869
8968
8126
8671
8644
9114
7306
8072
7630
8696
8335
7863
9201
8317
8158
9142
9090
8921
7812
7953
8609
8908
7596
7769
10428
8397
9007
8189
8295
7471
8052
8333
11690
8938
8520
8759
7789
8174
8198
8263
8630
7899
9102
7894
8120
9054
7900
8887
7732
8825
8098
9129
7780
8214
8738
8833
8368
8856
8555
8402
7635
8329
8581
9038
8964
9245
9360
7596
9326
7870
8406
8411
8857
8448
7932
8264
7912
7830
8034
7970
7791
7789
8810
8236
8394
9354
7707
9286
8465
8274
8394
8520
8679
9158
7894
7734
8638
9199
9241
8758
7571
7647
8694
9116
9256
8178
8994
8031
8712
7589
8391
8464
9067
7712
8127
8375
7794
8917
7887
8823
8294
8251
8314
8724
8546
7647
9549
7655
7676
8335
8029
9055
7949
8222
8640
8329
8330
7563
8993
7622
8173
8326
9050
9635
8020
8456
8387
8932
8123
7759
8421
8030
9432
7594
7662
8856
8438
8312
8329
9296
9899
7697
8651
8793
8693
8437
14239
8152
7441
12525
7682
7570
9646
8189
8753
8071
8193
8296
8012
7764
7994
8697
7490
8697
8974
8862
8423
8185
8188
8750
7699
9024
9242
7917
8567
8994
8442
8901
95794
9205
8272
9901
7816
8296
14269
8352
9353
9205
8255
8031
8600
8405
9350
8515
9309
9246
10912
7248
9216
8629
9547
8805
7830
8615
7779
9265
7827
9174
8940
9202
9123
8123
8808
8292
9226
9156
8543
7661
8389
8287
9066
7588
8389
8220
9302
7189
7699
8921
8533
8793
8931
7897
7994
8778
8415
9277
8301
8013
8880
7481
8882
8357
7593
9230
7611
7805
8561
9289
9023
8755
9179
8233
7722
8262
9166
9169
8414
8387
7376
8342
9296
7785
9153
8703
8149
8605
7854
8738
8707
7928
7655
9401
7742
8276
8138
7710
9425
8334
9223
7641
8896
9197
8457
8287
7586
7702
8426
8956
8110
7649
8956
7609
8415
7358
7670
9056
8605
9148
7482
7938
7390
9354
7902
9098
7635
10604
8233
7830
8177
8430
8133
9038
8072
8035
8800
9006
8219
8178
8958
8155
9217
7995
9266
8663
9626
8903
7868
8716
7457
8242
7770
8608
9203
7953
8240
8076
7971
8540
8507
9237
8244
8268
9103
9027
8574
8267
8344
8068
8871
7601
8993
8394
8548
8253
8261
9059
8780
9177
8789
8769
8539
7940
8603
8960
7597
7832
11569
8497
8183
9107
9239
9402
8318
7856
8110
7809
7576
9299
8215
9440
8031
9302
8451
9175
9277
8022
8993
7760
10328
7889
8856
9225
8205
8938
7782
9143
8696
8490
8504
9312
7889
7521
8231
8218
8933
7795
8909
9159
8259
7810
7536
21531
8232
8870
8829
8112
7825
14410
8291
7743
9831
9138
7532
7907
7471
8374
8538
7712
9539
8121
8097
7610
7882
7964
8411
9458
8235
9656
8758
7615
9017
7539
8359
8610
9318
9155
8951
8041
8111
7538
7981
7916
9251
8933
7637
7498
7774
7867
7916
8021
8992
8822
8133
7803
7799
9290
9225
8331
9117
7309
8222
96043
8197
11735
7651
8216
8406
8544
8769
7907
9478
7848
8879
8410
9562
8366
7965
8825
9041
8571
8307
8847
7585
8193
7608
8482
8158
7833
8203
9024
8149
7939
8319
7817
8072
8738
8134
9246
9179
7882
9023
7487
7771
8835
9014
8192
10369
8554
7581
8784
8896
8495
9168
8274
8341
7343
7475
8118
7829
7561
8887
8669
7825
7994
8374
7841
9217
8230
7636
8746
9133
9199
8585
9561
8242
7655
8035
8485
8016
9610
8109
7837
8295
7989
8016
8110
8038
7872
8517
8387
8237
7671
7878
9088
8807
7815
8030
8107
9230
8797
7998
8199
7270
8261
7817
8554
8312
8900
8981
7548
9356
9138
7864
9240
9287
8541
7866
8774
8860
8230
8164
7810
9234
7317
9065
8411
9255
9182
7372
8154
8200
9135
8399
9430
7597
8225
8503
8192
8892
8763
7690
8918
7639
8128
8553
9123
8502
8608
8215
8130
8202
8646
8615
7554
8856
8111
8106
7702
9364
8397
7745
8425
7609
8396
8104
7984
8134
8923
9158
8882
7410
8219
8743
8264
11099
9338
8711
8786
7711
9161
8553
8925
9028
8014
8692
8931
8194
8675
8564
7460
8150
8446
8420
8895
8275
8203
7338
7550
8235
9046
8281
8917
7994
8064
9161
7647
8369
9116
8969
8222
7771
8209
8846
8593
8844
7903
7649
8608
7756
8655
8369
8111
9378
8521
7343
8896
8025
8041
7737
7441
9025
7678
8544
7794
7887
8256
8219
8492
8928
8175
8738
8626
7973
11336
7733
8630
7984
8602
7884
8917
7421
8779
7809
8933
8875
8794
7786
8398
8640
7400
7950
8169
9918
7847
8767
8791
8034
7794
7860
7920
9501
8313
8264
8693
7794
9026
8770
8068
8216
7667
8757
8585
7688
8268
9285
7928
7694
9116
8505
8128
8606
8805
7874
9250
123383
8354
7928
9356
11206
8676
8377
12649
10758
9261
8102
7656
8487
8682
8441
8926
8010
8468
7765
8633
9205
7613
8562
7933
8950
7758
8404
8581
8758
8694
9015
8297
9108
8050
8098
7522
9253
8363
9024
7697
8513
7507
7733
8235
9233
9359
8961
7663
7563
7495
9343
8138
8721
7916
7399
7771
8794
7795
9204
7970
8092
8533
7853
7923
8656
8276
7449
8770
7369
7541
8114
9229
9582
8141
9272
7390
8193
8976
8702
7711
9341
7936
8143
8558
7584
8174
8109
7579
7740
7800
8389
9026
9456
9561
8703
7758
8598
9282
9357
9494
7991
8041
8765
8851
7923
7671
7960
7935
7422
7805
7676
8073
8692
7769
8646
7542
8819
7419
8366
7801
8238
8246
8421
8353
7567
8266
8193
7712
7896
8659
8396
7763
9201
7451
8187
7754
8900
8451
8756
8790
8944
8105
7717
8073
9230
7649
8068
7490
8002
7552
8295
8638
9039
7771
8739
7648
8601
8579
8703
8086
9419
9145
7582
9112
9003
7669
7856
8000
8456
8353
8374
9020
8643
9179
8779
8434
7935
8429
7965
8349
8982
8881
8620
8620
9360
9097
8247
7862
7930
8623
8943
8395
8062
8516
7635
7469
7796
7435
7732
7914
9524
8374
8584
7520
9002
9218
8220
8355
8361
7675
9025
8488
8856
7577
8817
7856
8355
8862
8168
8973
8009
8837
8839
7672
8215
8640
8745
7564
7789
7646
8201
8323
7634
9164
7806
9928
8067
8129
9008
8173
8717
8518
8040
8815
7997
9003
8775
9235
9158
7749
9119
8330
7641
8225
9075
7928
8312
7793
7621
9230
7860
8333
8635
7415
11161
9235
7547
7966
7803
8176
8446
9167
8152
8683
8772
8645
8333
7886
8620
8079
7755
8312
9280
9148
7354
8550
9037
8094
8214
8844
8575
8606
7977
133822
7758
7940
9635
8394
7860
9955
7756
8498
9864
7853
9035
13444
8032
7455
11426
8230
9249
8418
8622
8230
8217
8835
7604
9029
8959
8360
9280
8399
8758
9223
8928
8300
7753
7489
8475
7971
8399
7933
7630
8025
7781
8640
7733
8021
8813
8292
7794
9397
7958
7611
8594
9128
8594
8195
9004
8515
7972
7970
11035
7503
7772
8553
9297
8365
9394
8569
8374
8446
8217
8596
9011
7779
7870
9391
7646
8196
8987
8918
8897
9056
7608
8598
8211
7738
8562
7793
8207
8251
7771
9354
9306
8389
7551
7273
8794
8696
8145
8602
9451
9224
7203
8502
9266
19807
8317
8471
7677
8105
8815
8211
8290
8749
7813
8194
8105
8065
8768
8335
8938
8401
8081
8197
8133
9246
8242
8133
10302
8774
7737
8049
8837
7976
8945
8466
8025
7792
8576
8137
8784
8923
7746
7872
8317
7791
8120
9040
7658
8565
9018
8473
8378
7413
7801
8775
7853
8241
8819
9046
10354
8467
9140
7394
9397
8713
8987
7981
8422
7551
7515
7888
7603
9218
8571
9489
7545
7911
8859
8521
7685
8779
8448
9241
8797
8969
9446
7614
8911
9170
8574
8431
8107
7878
9111
7478
7656
8737
8837
8691
8238
8641
9024
8215
8358
7837
8613
8149
8245
8298
8474
9207
8654
7802
7700
8154
8064
8373
8384
7871
7903
8082
8010
7929
7353
9193
7727
9049
10309
8035
8170
7731
7952
8061
8817
7923
8828
8841
7931
8707
7721
8628
8627
8290
8871
8633
8912
9058
9261
9261
7481
7573
8131
8074
9085
7684
8502
8438
8369
8482
8225
9207
8908
9096
7954
8415
7984
8307
8317
7653
7875
8040
8928
8380
8158
9212
11338
9166
7362
14109
9123
8754
8447
8357
8729
7646
8452
8354
7990
8574
7660
8856
10241
9330
101769
7608
14554
8029
7698
10190
9480
7813
9659
8907
8204
8356
8032
9045
8832
8136
8241
9177
8879
7394
8863
7994
9171
9136
8285
7508
7633
8294
8305
8910
8994
8125
8453
7297
8212
7503
8626
7942
8895
8920
8673
8252
9077
8384
8854
8632
7660
7292
7967
9103
8306
8514
8911
8487
7839
8469
7517
7695
8786
7993
9242
7691
9899
8118
7943
9161
8738
7790
7358
7477
7571
7945
8871
8466
7700
7876
8267
7769
8568
8261
8823
8525
7271
8151
8473
8106
9002
8213
9115
7384
8506
7512
8247
7591
8153
7815
8606
8173
9046
9258
8820
8137
8589
8141
8913
8884
9482
9167
8456
7739
7640
8516
8197
9052
7906
8051
7743
7574
8347
8698
7982
9238
8456
8333
8374
8124
8638
7919
8099
8329
8132
8595
7739
8733
7522
8022
8561
8298
9170
8795
7535
9026
7616
7531
7590
9220
8113
9486
8412
7770
7835
8942
8645
9544
8117
8271
9174
8553
8733
8640
8888
8684
8261
7801
7970
8833
7632
8616
7539
8555
8270
8336
8508
7770
8351
8196
7394
8285
7952
7892
9095
7812
9198
7953
8491
7388
9233
8333
9222
8876
10261
8958
8041
7784
9269
9158
7691
7994
8916
8493
9137
8459
8589
7573
7907
8052
8896
9771
7448
8461
8623
8637
8023
8389
7997
9181
7768
7625
8850
9028
7741
7871
9556
8487
8701
7329
7522
9194
7784
8497
8145
8272
7446
8953
8119
8273
7598
8522
7945
7633
8326
8671
8454
9103
7659
8317
8537
8616
8078
8964
9250
8041
8072
9364
10299
9019
9206
8407
8417
7989
8901
7929
8569
8258
8663
8496
8712
8299
8235
9076
8197
8707
8009
7451
8456
8347
8160
8677
7538
7508
7873
9150
7835
8697
11156
8666
8296
8937
8413
8061
7814
7774
8494
14569
8785
7961
9011
7765
8693
8333
7492
9130
9229
9226
8999
8379
10136
7455
8595
15103
8961
8800
7829
8219
7764
7683
8711
7982
11394
7409
7544
8399
7913
9035
8954
9138
7579
7553
8064
7751
8647
7967
8606
8229
8328
8999
10676
7878
7835
7657
8222
8302
8656
8015
9000
8394
7573
8608
7869
7853
8351
7514
10934
9330
8123
7686
8825
9142
8600
8024
7490
8113
8616
7788
8846
8906
7661
8397
7673
9188
8837
8676
9108
8336
7918
7988
8729
9128
8572
8750
8252
7912
10169
8390
8821
8010
8530
7892
7560
7713
9343
7889
9553
8478
8636
7918
9192
8715
8940
9318
8897
8656
9217
8023
8625
8389
8687
8292
7777
9246
9014
9216
8936
8504
7889
8535
8514
8471
8569
7734
7311
9229
8374
7893
8255
8650
8718
7707
8412
7639
8997
8518
8363
8636
8254
8586
7327
7838
8117
8282
7516
8502
8485
9165
8546
7492
11458
8462
7735
7593
8926
8984
8093
7939
8358
8426
9235
8234
8056
8320
7687
9165
8551
9038
8323
8778
8970
8999
7605
8626
7933
8252
7839
8999
10021
8431
7848
7748
8555
9254
7815
8128
8897
7456
8487
9235
8062
8170
8066
9320
8230
8103
9178
9244
7929
7902
7984
7487
8091
8227
8482
8967
8516
8211
7600
9174
7815
8517
8617
7465
9519
8573
8831
8898
7950
9096
7305
8729
9538
7608
7758
8546
9251
8554
9102
8731
9372
8500
7612
9098
8129
8605
9131
9259
7861
9220
8117
7830
7952
7492
8512
8625
8574
9035
7377
8819
7741
8255
7781
8401
9233
7805
7974
8005
9420
8424
7960
9009
7695
8635
8178
8800
8537
7422
8626
8765
8242
8665
7785
8595
7774
8484
8761
7529
9256
9070
7673
8062
9138
7531
8174
9158
7909
9138
7832
7774
114373
8717
8930
9081
9042
8235
7891
8748
9117
7530
7825
8859
7528
9322
8133
7867
9034
7961
10670
8101
9306
14845
7570
9310
11260
9434
7692
8892
8774
8793
9320
8980
8841
7471
7987
8232
8408
8420
8427
8580
7584
8066
8159
7665
9048
8534
8871
20437
8518
9148
8011
8780
8236
9092
8035
7970
8503
9270
9020
9083
7834
8604
8562
8939
9069
7754
10748
8718
7615
9234
7569
9120
8290
7842
7433
7355
8105
9292
8636
8756
7533
8112
8656
9323
8818
8235
8838
8037
8128
8413
7494
8492
8217
8940
7682
8343
8717
8809
8192
8764
8792
8224
7906
7531
8974
7551
8875
7810
8446
8416
8423
9433
9059
8413
7749
8578
11531
8014
9212
7651
8887
9013
7852
7612
7548
9576
8051
9882
7847
7764
8867
9021
9068
9076
7758
7535
8456
8335
9199
8353
8033
8198
8630
8614
8635
9457
8735
8667
8538
8266
7826
7670
7713
7892
7902
7514
7800
8590
7787
9179
7912
8968
7592
8436
7614
8155
8823
8176
8153
7616
8379
7553
7917
8958
7723
7755
7979
9234
8289
8769
8251
7936
8994
7871
9068
8747
8878
8676
8495
7509
7802
8830
8568
8988
8616
7389
8659
7580
9093
7949
8472
8110
7889
8397
7369
8404
8936
8919
7859
7832
8270
7944
9246
7450
7970
7953
8429
7672
7559
9205
7828
8741
7831
8839
8713
8728
8027
7912
8224
7774
7389
7674
9217
7553
7732
7625
8641
8526
9092
7569
7558
8342
7491
8420
8878
7655
9077
8500
7928
7483
7627
8395
8992
8035
8840
8620
8062
7535
8214
9172
9244
9624
8123
8321
8729
8573
8733
9147
9070
7550
8436
8050
9118
8529
8347
8230
8390
7664
8995
7900
7641
8942
8879
7910
7390
8074
8393
8202
8760
8073
7548
8440
7565
125205
7911
10520
8989
7866
13589
8066
8722
10109
8933
8041
9866
8389
7923
7667
10897
8082
7625
7828
8458
7948
7775
9030
8723
8538
7851
7901
7978
8798
8151
8917
8306
8996
7487
7823
9208
8806
7954
8758
8777
7734
8634
9024
8615
8208
9619
7502
7958
8127
7492
8212
8302
7990
8818
8581
9083
8296
8728
7803
11143
8918
7812
8693
9017
9382
7594
8544
9459
7593
7974
7630
8162
7712
8334
8435
8253
8540
8736
7989
10880
8159
9218
7758
7991
8465
8745
8266
7854
8398
7749
9014
9427
8392
8851
7882
9564
8992
8176
8617
8825
8076
7750
8033
8958
8050
8355
9261
7813
7974
8820
8772
9482
9256
8116
8634
7826
8317
8402
8266
8747
10890
8286
8579
9020
9221
9274
8185
7943
9229
8001
9261
9071
9046
8701
7703
8484
8343
7997
8050
7764
8080
7883
9061
9216
8755
9076
8311
8960
7793
7779
8898
9958
7733
9592
9045
8143
7897
7622
7928
9077
9405
7814
8589
7851
8602
7875
9082
9220
8305
7428
8441
8244
9246
7549
7775
7817
8037
9533
8874
7722
8400
9278
8744
7607
9266
7891
9497
9015
8220
8076
7435
7591
8052
8579
7947
7568
8065
8417
8555
8257
9248
8673
8422
9193
8112
8859
7878
9825
8170
8461
8287
7913
9015
8745
7926
8159
8938
8892
8850
9292
9155
8663
8640
8063
8397
8852
15136
8931
8307
13270
8437
8405
7584
7928
8955
8314
8894
7717
9261
9161
18900
8117
9514
8959
8233
7935
8224
23215
8733
9483
9348
8078
7621
8141
18820
8637
8632
9377
8624
8153
8779
22097
9145
9154
8676
8263
9307
14737
8513
8021
8491
8210
7724
9073
7590
20438
8885
7663
7991
8325
8317
7823
9437
9345
9055
9052
8195
8910
8551
9093
8334
8003
7961
8495
8518
7686
8615
8717
9602
8774
8722
7552
8416
8662
8002
9220
8993
8015
8174
7644
8072
8184
9403
9199
8726
9105
7997
8133
8598
9309
8768
8603
8863
8565
8599
7783
7606
9010
8725
8308
8061
9042
8723
7776
9349
11569
9218
7430
8028
8122
7660
8622
8510
8181
8292
8353
8714
9046
9146
8792
8540
8138
8833
8094
8726
9200
8302
8500
8410
9415
9145
8533
8333
8584
8718
8941
9544
8436
8058
7674
8026
7567
7820
9019
9441
9212
8137
7893
8341
8028
9268
8836
8812
9282
8438
9024
7379
9328
7690
7758
8381
8251
7557
9043
7822
8387
9415
9058
7838
9329
7889
9050
8107
7954
9333
7494
7891
8362
8493
8298
8553
9058
8014
9414
8692
9065
8901
8463
9481
8151
8630
9192
8594
8095
8784
8678
8052
8353
8295
8209
8984
11062
9092
8169
8467
7797
8775
8071
8573
9005
8251
9170
8591
8717
9261
7650
8971
8476
8309
7837
9197
8990
8004
7669
8724
9016
7711
8885
9097
7838
7577
8338
8835
11092
8374
9384
8078
8202
7577
7590
9017
8335
8461
7775
9050
7848
8549
9135
7884
8416
7916
9269
8271
8962
8858
8989
8192
9889
8111
7596
8533
9436
8917
7600
7576
8914
9127
9394
9143
8222
8413
7881
9200
8908
8687
8842
8350
8069
7795
7965
8820
8251
9229
8565
7702
8414
7993
8645
8445
8558
8295
7769
8171
7957
9030
9421
9251
10528
9420
9428
13552
9014
8230
7545
7491
8874
9064
8464
9338
8600
8680
8539
8328
8984
7630
9168
8225
7647
8475
8564
7732
9729
8495
8761
8620
7986
8205
7784
9172
8716
9720
9431
8281
8637
8355
7745
8654
8697
8101
7635
9220
8171
7922
8817
7526
9065
7815
7612
8608
8636
7940
7820
9055
7566
8878
183871
9286
7892
8839
8559
7489
10615
7651
8723
7969
9072
8516
7343
9403
8493
7984
9162
8892
9418
7904
8427
15137
9842
8095
11541
8575
8453
8636
7995
7947
8246
7810
8591
8020
9256
9066
8272
8071
8389
7955
8052
8437
8139
8594
9246
8730
8316
8899
8056
9375
8384
8550
8567
8158
7743
7877
8956
9078
8121
7975
8412
7783
8619
8177
9129
8199
8218
9236
8777
9028
11014
8293
8758
7723
7902
7983
8752
8996
9346
9038
7594
8262
7832
8380
9236
8830
8750
7773
8772
8200
7846
8647
8112
8423
8602
7625
8174
8135
9195
9261
7954
8645
8667
8122
8905
8935
9089
8005
7613
8332
8617
7872
8576
7573
9056
7393
8393
8960
7691
8457
7660
7969
8478
9378
8661
9138
8525
7990
7643
8214
9541
7654
8848
8769
10424
8372
8270
8711
7613
8751
8051
8433
8179
8352
8686
9751
8704
7999
7508
8855
8878
8194
8394
8751
8395
7835
8412
7982
8603
8875
8136
8697
7758
8971
8820
8653
9208
8742
9279
8352
7928
8867
8813
8700
8328
8919
8875
8027
8109
8975
8701
8248
7569
7877
7770
7643
8386
8251
7969
8920
8603
8369
7784
8632
7651
7891
7605
7358
9732
8803
9600
9016
7511
9271
8733
8748
9041
9436
8419
8421
7830
7841
8389
8140
8856
8047
8301
7933
9045
7883
8784
8302
9128
8107
8254
8379
9033
8836
8143
8405
7616
8134
8425
7950
9301
8948
9100
7475
7584
9246
7600
8263
9157
8314
8617
9199
7622
9157
8717
7712
8294
7351
7572
9193
8729
8557
8316
9080
8570
9574
10677
9405
10543
10891
7719
7755
10359
7969
7712
10253
7410
8902
8323
8335
8342
8315
8304
8123
8265
8625
7709
9265
9030
7991
8403
8437
8189
8237
8614
9169
9074
7829
7574
94381
10630
10793
9179
9261
13462
8541
8740
9543
7548
8498
9367
8518
9389
8513
7852
7575
7823
9328
8517
8209
9362
7769
9043
9239
8360
8465
9206
9103
8186
7529
8835
10370
8903
8198
7581
7808
8722
8887
8928
8179
9256
9179
7656
8158
8168
8841
8456
8784
8815
7887
7933
8012
8294
8116
7861
8416
9042
8498
8032
9299
8103
8266
7891
8210
8785
7268
7717
8054
7549
7503
8106
8369
8263
8956
7637
8756
7968
8290
8318
7632
8638
8818
8776
8928
7560
7976
7579
8954
9040
8083
7539
7907
8420
8100
7974
7567
9479
8534
8036
9175
7823
8528
8930
7574
7613
7870
7763
8211
8117
8759
8214
9428
10399
9117
8555
7689
9189
7608
8125
8541
9096
8638
9564
9135
8204
8282
7625
8803
8117
8606
9155
8373
8232
8203
9076
8417
9147
8842
8567
9218
8470
8394
9047
7634
8480
7891
8938
7595
8698
7679
9000
7449
9261
7374
8414
8846
9697
7507
7593
9012
9655
8446
7730
7657
9312
8390
7825
8561
10441
8677
7856
8184
8111
8238
8434
7939
8021
8800
7871
8189
8919
9415
8714
8249
9923
8277
8874
8092
7802
8183
8737
7460
9371
8071
8360
7572
7656
9143
7855
9120
8169
8291
9004
9089
8087
8681
9017
8772
8275
8429
8786
9111
9124
9017
9323
8354
8238
9176
8635
8334
8795
8651
8195
9075
10678
8015
8635
7643
7610
8214
8417
8935
8375
9214
8651
8296
7798
9348
8840
8712
9739
7368
7991
8492
7972
8868
8136
7818
7987
9093
7157
8932
9498
9107
9240
7732
8261
7394
7823
7689
8133
9229
8644
8643
7506
7839
8191
7967
7616
8345
8703
8656
8932
7551
8287
8533
7825
9263
9430
8846
7773
9362
8655
7749
8941
8189
7581
7610
9535
8478
8163
8761
104774
8326
8543
8400
9926
8566
8275
7468
7928
9074
9278
8357
8484
7700
8418
8071
7992
8729
9082
9057
8381
8288
7711
7628
9195
9444
7984
8400
8794
8424
7796
9057
8512
7477
9271
8056
7959
15058
7646
8082
10076
9055
7594
8600
8466
8358
8134
8651
9047
7964
8328
8180
8314
8243
8298
9315
7737
8656
7753
7574
10265
7958
8952
8056
7989
8414
7487
8098
8580
9168
8684
9050
9208
8297
8845
7579
9214
9238
8878
7967
8402
8475
7548
7609
8479
8142
8854
7793
8641
7764
8835
7549
7752
8466
8138
9583
8859
9036
8634
9246
8652
8422
8574
7609
8740
8997
8197
8716
7777
7900
8035
8974
9046
8675
7691
7714
8135
8343
8364
8413
8082
9006
8257
8370
8761
9208
9409
7777
9174
7420
9000
8194
7820
8558
8285
7605
7810
8051
8075
8442
8104
8683
7554
8342
8194
8876
8230
8405
8428
8625
7812
8182
8051
8855
8844
8134
9201
8678
7838
7510
8487
7994
10087
8076
9174
7802
8759
9085
7906
7573
8786
7833
8835
7570
7755
7594
7413
8516
7912
8162
9246
8042
9097
8295
8763
9159
8241
8712
9784
8771
8256
8750
8214
9251
8304
7255
7730
8580
8335
8781
8774
7939
7621
8263
8404
8820
7587
8572
9061
8225
9262
8810
9056
7848
9273
8660
8448
8098
8703
8791
7902
8400
8169
8454
8757
7849
9159
8395
7620
9225
8216
7805
7907
9076
9194
8405
9041
8772
7743
9266
8025
8627
7981
7808
7533
7739
8512
9344
8042
7261
7687
8548
8939
7774
8603
7579
7992
8547
9215
8707
9138
8276
8140
7440
9008
7675
7842
8722
8396
8774
7268
9202
7651
7755
8575
7747
8591
10463
7562
9434
8451
9425
8555
7442
7800
7551
9193
7466
7572
7792
8108
7297
8089
130631
7710
8056
8593
7688
7611
8259
8254
8795
9246
9150
8512
8094
7929
8945
7977
8200
7735
8119
7346
8172
8200
8046
10021
8344
8267
7815
8170
7601
7618
8983
8809
8173
7710
9371
7998
9220
8940
9037
8741
8014
9302
8839
8224
8966
10288
7953
8016
9654
9197
8144
14912
8384
9161
8077
9392
8666
7810
8364
8625
8442
7611
9189
8666
8769
8623
7377
8111
7809
9296
8532
8509
8720
7609
7709
9195
8394
7921
8856
9015
7543
7859
8813
8393
8273
7872
8951
9361
7560
7814
9521
8092
9205
8155
8226
9134
9565
7793
8896
7571
8977
9003
8461
8332
8880
7889
7698
7685
8745
8389
8371
8767
9139
8015
7736
7625
8587
8894
9231
9208
8794
8637
7902
7661
8892
8205
8101
7329
8831
8009
8390
9371
8728
9219
7519
7670
8548
9051
8606
8624
9196
8525
7503
7667
8728
7516
8575
8015
8040
8953
7443
9139
8615
7992
9111
8648
8619
7758
8201
8798
8364
8488
7789
8907
8523
8608
8599
9153
9205
7742
8904
7572
9420
8005
8357
8850
8683
8076
7718
8661
8998
7930
8660
8171
8489
8564
8326
8794
8666
9200
7774
7635
7715
9009
8158
7904
8325
8187
8184
7596
7921
7876
8392
8636
7468
7788
7527
9035
7628
8422
8456
7594
8333
9007
7751
10231
8294
7472
7811
8527
7759
9071
7575
8834
8811
8762
7789
9439
7287
8096
7349
8309
9174
8600
9148
8273
8866
8630
9127
9057
7720
7608
7975
9329
7401
8374
8420
8774
8882
8563
7667
8333
8650
8610
8112
8945
7834
8845
8617
8209
7549
8887
8090
8301
8839
9059
7605
8825
8737
7995
7317
7533
8187
9176
7761
9214
8598
8479
9010
9266
8711
7687
9149
7661
8184
9000
9218
9198
9116
8158
9316
7940
8876
132814
8175
8460
8053
7627
8623
9106
7514
8970
7531
7665
8198
8913
8781
9384
8294
8694
8898
8456
8658
10813
7966
8639
14440
8312
7576
8223
8219
8922
9602
8510
8101
7906
7663
7725
8756
8789
9114
8064
9230
7978
8002
9056
9030
7576
9271
8794
7897
9443
8144
9587
7687
10929
8971
7326
7671
7779
9473
8989
7703
7813
8244
8238
7879
9493
8594
8883
8864
8702
8407
8136
9020
8784
7987
7913
8191
8889
7497
8639
8312
8221
8014
9531
9112
9320
8410
8598
8513
9149
7707
8264
7507
8212
8755
8481
8771
8661
8167
7462
7933
9094
7923
8703
9258
9034
7475
8303
8889
7794
8952
8768
9179
8213
9696
10401
7497
8037
8597
8754
8402
8130
8678
7987
8230
7856
8851
7871
7735
7611
7381
7988
8551
9232
7415
7651
7998
7732
8402
9224
8199
9184
7791
7815
8597
8023
9419
10528
8672
7885
8580
8164
7861
8340
8807
7861
7921
8331
8738
9123
8173
8928
8655
8631
7758
9166
9163
8600
8333
8902
7705
8282
8595
8361
8208
11667
9505
8304
7996
9598
8453
8344
7851
7951
7538
8281
8813
16970
7730
7663
8894
7595
8372
8573
7942
8389
8632
8108
7440
8466
8265
7708
9015
8302
7701
8410
8629
7605
8341
8535
8608
8861
8033
8908
8525
7753
8091
8594
9161
8485
7851
7943
9213
7772
8587
7618
8082
8575
8761
9033
8143
7827
8772
8353
8361
7573
10049
8194
8552
7587
8231
9388
7984
9381
7743
7728
8890
8819
8340
7510
8334
8179
8523
8189
7692
8569
7779
8621
7947
8518
9219
9021
8194
9238
7814
9038
8625
8106
9022
7631
8543
8737
7486
8682
7721
8240
9158
7744
7419
8140
9161
9391
8667
7833
9129
7256
8017
7798
8256
8710
8935
7792
7418
7944
107032
8218
8294
7569
8939
7823
9419
7672
8125
8964
8671
9226
7883
9728
8566
8677
8432
9000
7492
7884
7806
9228
9040
7753
7929
8712
7979
8465
8123
8431
8358
8831
7799
8656
11751
9140
9051
11770
8180
8245
8882
8320
8805
9584
9305
10783
7849
7642
7733
8215
8596
8707
8875
7953
7503
7621
9256
7784
7828
7989
7723
7771
7677
7955
8393
9378
8155
8001
8516
9251
7865
9207
9023
7665
9245
7638
8333
10482
8254
8817
7938
8371
7673
7761
8245
8994
8221
8594
8390
8037
8181
8535
7846
9017
8194
7628
8588
8512
8281
9056
8999
8322
8949
8977
8077
7698
8134
8779
7800
8881
7784
8014
7547
8618
8434
7822
8259
7526
8693
8079
8755
9258
7795
8374
8174
9051
8982
8614
8187
8644
8174
8783
8107
9057
7582
8956
8575
8252
9627
9348
8748
9855
7543
8379
8384
7856
7929
8172
7278
8919
8512
7830
9018
9030
9215
7683
8868
8050
8434
9243
8105
9068
8235
9271
8675
7659
7952
9075
8049
8561
7818
7595
7594
9392
8409
7439
7360
8593
8928
8254
9071
7469
9210
7738
9040
8706
8215
8775
8321
9057
8625
8339
7770
9372
9164
7332
8734
8459
8622
8473
8985
7952
8510
7918
7851
10583
7863
9198
8060
8584
8564
9092
8594
8871
8057
9144
8122
7589
9072
8538
7497
9117
8506
7697
8250
8527
8107
7770
10426
7992
8076
9320
8746
9856
8943
8323
8787
8785
8093
9353
9010
7644
8466
8804
7728
8125
8134
8876
7897
7954
7598
7794
9341
8487
9027
8652
8353
7773
7531
8031
9252
8725
8401
7895
9294
8724
8507
8802
7974
9109
7392
8952
8108
8509
7592
8353
8112
7986
8885
8646
8580
9098
8925
8577
7786
8039
8712
8008
7476
7629
8079
8415
7741
108233
9305
9097
9359
8436
7298
7818
9107
9430
7693
8827
9018
7583
9356
8401
7993
8741
8524
9030
7469
8015
8272
8795
8793
7735
8266
8235
8195
9238
8610
9135
8294
8722
8578
9056
8671
8972
7564
8907
10955
10805
8560
15200
8595
7989
7954
8491
8459
8610
8600
8577
8403
7620
7730
7374
8082
8599
8347
8432
8271
8958
8392
7847
7638
9216
7774
7613
7677
8021
8652
8467
9251
7780
7414
9046
7703
7692
8873
8914
8564
8922
9002
8302
8951
9121
9231
8472
7730
7592
9133
10192
8410
8241
7941
7955
9071
8616
9289
8394
7830
7671
8053
9113
9259
9451
8434
8543
8427
7743
8038
8575
8934
8388
7580
8394
7786
9333
8701
8528
8462
7841
9239
7641
9297
8223
7948
9025
7620
8318
8010
7821
8262
9210
8918
7289
8771
8612
9271
8083
8692
7974
8112
8464
7557
7903
8374
8595
9203
7994
8053
7800
7795
8917
7647
8659
8628
7843
8328
8413
7661
7666
9617
8042
7951
8495
8716
8897
7609
11268
8422
8385
8804
9092
8882
7340
9037
7579
8396
9405
8546
9032
8252
8596
7820
8861
8337
8891
9178
8365
7612
7874
8308
8968
7617
7835
7415
7965
7493
9106
8600
8872
7976
8141
8515
7581
8025
8953
9369
8096
8413
8774
7902
8331
7918
8667
7773
7791
9340
7517
9101
7693
7673
8314
7894
8154
9195
8422
8614
7920
8917
7553
8349
9184
8859
8792
8625
8416
7579
9287
8781
8153
8900
8092
9229
8398
8488
7797
9233
8666
7985
8944
7711
7651
8579
9074
8645
8868
7990
8343
7804
7989
8138
7994
8073
9319
8625
8918
8548
8406
8866
7643
9281
8328
8020
8973
7912
9276
8421
9090
7754
8605
7835
8191
8979
7676
9210
7772
9141
7753
10685
7665
8063
9321
116147
7833
7742
9066
7703
7257
8411
7583
8156
8336
7635
8513
7875
9203
8422
9466
8820
9051
7747
9687
8744
7612
9271
9207
9635
7754
7952
7831
8597
7943
8487
8828
8238
7787
8738
8263
8841
8977
8707
8979
8178
13575
8335
9038
9839
11846
8113
8294
7990
7977
9318
8154
7813
7973
8257
7968
7814
8194
8997
8305
9177
8873
8892
8755
8205
7954
8097
9423
8373
8989
8917
8502
8586
8292
9222
8758
8030
8194
9262
8610
7339
7719
8110
8172
9245
9266
9020
7590
9017
8584
8818
8856
8743
9053
7887
8428
8824
8193
8938
7845
7560
7790
7991
7813
8041
8985
9638
8669
7590
8323
9098
8200
9041
8438
9109
8466
8538
9139
8355
8816
7969
8257
8287
7664
9333
8699
9194
7881
8327
7520
7927
10296
8697
8041
7693
8883
8497
9196
9000
7904
8660
7944
9261
8665
8616
8616
9071
9203
7690
8533
8374
8856
7836
8920
8200
8082
9083
8635
8171
7596
8597
8171
9564
7841
7836
8641
8344
8451
7732
8548
7926
9372
7770
9172
7460
8656
8655
9354
8974
8484
9109
8686
8969
7601
8414
8455
9256
9140
8607
8750
7936
9275
9484
7761
8554
8653
8752
7794
8820
7571
8232
9314
8357
7613
9057
9369
8598
9220
9042
7909
8538
8800
8923
9034
9272
8731
8079
9426
8071
8936
8022
7656
8961
7670
7574
8846
8973
8541
9171
7893
8557
8469
8818
7923
8019
11331
7929
8244
8871
8358
8943
8342
7743
8829
8012
8825
7790
9153
8833
8421
9163
8430
9317
9195
8351
8881
7599
8210
7902
10759
8155
7846
8964
8632
8669
7590
8925
7776
11461
8522
8498
14863
9132
9271
8841
8948
9297
7931
7990
8851
9070
8540
8953
9006
7504
8882
8435
9481
9005
7907
9507
7562
8820
72106
8866
8262
7870
8355
8559
8204
8880
9286
8577
8235
9148
8297
8354
9056
9190
8547
8088
8199
8376
8275
7965
8635
7548
8247
8959
8881
8493
8668
9413
8261
7759
8612
7386
8000
9077
8926
8835
8486
9365
7898
9263
8994
10741
8452
7973
15102
8775
8594
7913
8967
9237
8410
8364
7384
8648
8876
8990
9020
7742
9219
7365
9558
8059
8376
8433
8363
7788
7755
7754
7897
8809
7717
7260
7987
7852
8750
8790
8967
8592
8717
8149
8877
7732
8895
9187
9465
7550
8882
8725
8929
8201
7964
7549
9120
7892
9240
7672
8998
8342
8501
8964
8504
7700
9274
8017
7427
9200
8231
8922
8216
9209
8537
7574
7810
8639
8909
9321
8108
9107
8399
9092
7643
8196
8651
8483
8895
8217
8838
8317
7818
8834
8606
8813
8284
9177
8076
8579
7892
8167
8259
7774
9035
8541
9061
8994
8271
8234
7999
7956
9312
9072
9122
8805
10464
8241
8414
9163
10492
8110
9060
8222
8582
8793
8704
9269
8924
8069
8917
7794
9557
8473
8013
9108
8616
8871
8421
7736
9184
8819
9023
7850
9091
7711
9195
9256
9061
7771
8013
7678
8917
8303
9140
7584
8492
8054
8230
9071
9012
7951
8256
7573
8624
9057
9102
8272
8575
9610
7860
8227
9489
8386
7883
9010
8635
8822
7408
8813
8922
8774
8410
8999
10123
7358
9135
8795
8903
8491
8628
8173
7845
7990
9441
9470
9380
8081
8041
7512
9337
7723
8802
8372
7716
9194
8732
7662
7615
8992
8818
7410
9317
7375
7703
8391
9720
9237
8019
8507
8490
8851
8213
8205
8677
8010
8453
8779
8309
8579
9020
8836
7569
8384
8768
8397
8997
8612
9377
7523
9327
8602
9271
8899
9715
8132
8289
14271
9727
8085
8962
8799
8567
8975
7941
82717
8810
8779
8695
9028
7717
8034
7550
8864
8869
9200
7929
7436
9308
8201
8428
7601
8793
9336
7513
7977
8451
8354
8186
7899
8496
8280
8543
9123
7854
7888
8915
8304
7470
7920
9077
7986
9216
8811
8200
8051
8716
8204
8974
8906
7776
8376
7415
8177
9057
9326
7805
8525
9169
8218
7731
8257
10115
9569
8278
8929
8811
8594
9529
9199
8719
12975
7851
9131
9120
9131
9282
8836
8312
8015
8037
7808
9216
7651
7687
7306
7826
8093
8145
8136
9183
9181
7457
9467
8456
8593
9140
8441
8220
7842
9174
9077
7973
7856
8321
7700
8425
8390
8000
7998
8531
7661
9219
8547
7710
8158
8497
7803
7767
8046
7592
7892
8329
8869
8318
7639
8827
7432
7897
8799
9311
7547
8287
8384
9256
8476
7873
8349
9522
8117
8301
8059
8887
9102
7987
9223
7338
8025
9242
7597
8820
9471
8611
7786
8491
7471
8178
7950
8332
9030
8225
8977
7677
8439
8037
7412
9139
8132
9169
9767
7851
8797
7402
8415
8395
8909
7795
9336
8989
7350
8439
8601
7802
9175
8264
8542
7491
8220
8781
9257
10408
8323
8941
7708
7667
8124
8847
9201
8253
8221
8007
8847
8584
8793
8441
9248
8312
8367
8570
7853
8801
8383
8029
7986
22410
8378
8943
9042
9584
8113
8017
8200
8305
8122
8623
9090
8204
9266
7879
8793
8424
8224
7671
8090
7558
7430
8851
7984
9078
8516
7394
8313
8398
7656
8058
7775
8711
8025
8294
7932
9933
8215
7942
8616
8496
7608
226270
8997
7446
8321
8565
8097
8219
7857
8297
7789
8732
7964
8002
7825
8494
8377
8568
8917
7587
9199
8682
7552
8598
7348
9334
8224
8941
9281
8123
9057
8336
7993
7960
7796
8574
8061
8209
7760
8641
8572
7630
8661
7830
8374
8228
8573
8550
9493
8452
9138
7574
8302
8162
8620
8774
8292
8304
9093
8318
8484
8220
8499
20308
8469
8380
8994
9071
8421
9322
8945
8558
7502
7430
7833
7851
7958
8182
7811
7728
8132
9261
7651
8030
8176
9059
8806
8386
8682
8205
11895
8884
7953
7577
8392
8024
7748
9247
9141
8290
8399
8553
7664
9083
9271
8822
7459
7747
8012
8015
8371
8035
7948
8677
9099
7933
7664
8123
7707
8778
7743
9334
7671
9411
7930
8845
8117
10421
8658
8202
7699
8947
8591
8255
7271
9581
9199
8718
8488
8873
8593
7655
7491
8974
8789
9205
8455
7646
8214
8596
9438
9233
8569
8128
7794
8818
8779
9119
9040
9441
9238
8417
7777
7810
7914
8594
8035
8021
8584
8324
9035
9420
7964
7527
8468
9089
8377
8229
7712
8194
7898
7713
7629
8485
8123
7921
8729
7851
8344
8819
7915
10557
7912
8151
8322
7976
7791
9124
8497
8836
9174
8876
8400
8422
8818
8707
7858
9387
8093
7648
8073
9302
7774
7497
7667
7585
9015
7472
8983
8721
8897
8837
8359
8418
8205
8443
8946
8793
8184
7573
8432
7641
9239
7984
8693
8314
8405
8282
9422
9230
7794
7987
8012
7984
7983
8973
8220
8575
7459
8256
9042
7850
7581
7651
9362
10871
8660
8398
8477
8969
7411
8647
8796
8652
7969
8967
9427
7594
8377
8615
7372
9076
7785
8167
7888
8052
8164
8594
8547
8758
8257
8827
7803
8046
7910
8399
9494
9382
9153
7607
9112
8574
7835
8391
8641
9179
8482
7592
8332
8407
8711
8383
8416
7975
7680
7784
8504
9422
8288
8249
8025
7694
8498
8591
7897
9542
9342
7886
8086
10090
16085
8775
9557
9379
7610
7845
7981
9213
9005
9199
9108
7630
8349
8583
7816
186487
8882
8527
9142
8576
8425
9524
8501
7892
9158
8622
8218
7593
8158
8587
9050
7871
7766
7522
8676
8538
7961
7886
7689
8615
7984
8641
8653
8200
9185
9303
7794
8977
8983
9259
8578
8909
8251
7378
7931
8615
7957
7812
9107
9257
7523
8338
7936
9398
8229
8190
9246
7704
7591
7950
8813
9119
8734
9082
7839
8091
9714
7789
8023
9218
7772
7390
9467
8813
9399
14270
20896
8823
7338
8353
7692
9303
9223
8412
7721
8615
8661
9033
7533
9016
8051
7780
7399
7798
8676
8126
8631
9050
9200
7986
8169
7849
8203
8557
8416
8826
7743
8021
9206
8790
9072
8408
9164
8019
8824
8592
9298
11061
8497
7417
8679
7724
8897
7635
7646
7250
8001
8410
7912
8663
8223
7496
7451
8862
8154
9376
7584
7742
8017
7971
9087
8966
7633
8029
8435
7769
7253
7750
8342
9151
8815
8599
7556
7702
7632
8390
9259
8881
7874
9040
7738
7916
7735
8731
8461
9680
8821
8171
8103
9319
8087
8405
7308
7514
8065
8839
7868
9406
7868
7978
8023
9541
8911
9297
7584
8803
8120
8138
7484
8809
8304
8297
7922
8519
8912
8680
8763
8769
8063
7744
7666
8015
9247
8130
8638
7658
7875
7133
8866
8928
8526
8367
8211
8005
8645
8342
8591
7883
7841
8797
7540
8102
7774
9209
7716
8966
8558
8089
8424
7848
7709
8846
7718
8605
8476
8113
9035
9096
9035
8106
7424
7532
8255
8137
9218
10034
8712
7330
7584
7548
8836
8846
8127
9158
8545
8208
7830
8779
7754
8241
8250
8376
9020
9064
8815
7837
9355
8359
7753
7868
8562
9299
8784
8653
7942
8608
8316
8553
8835
8896
9112
7510
8471
7660
7609
9064
8682
7507
7620
8208
8020
8592
9364
7866
7410
7954
8210
8031
127261
8015
7768
8174
7556
7714
7685
10437
9119
9040
8195
10082
7625
9048
7615
9345
9205
9246
8805
8021
8993
8388
8945
9117
7675
7544
8179
8405
8081
8086
8097
8591
7739
7333
8667
8691
8654
8507
8097
9033
8482
8102
8230
9153
9041
7870
7807
7562
8170
8382
8820
7826
8394
9042
7940
8629
9096
8599
8470
7466
8186
8601
7575
9092
7932
9038
9723
7574
8620
11242
7974
8666
10539
8499
7753
15659
9769
8569
9062
8370
8049
8030
7944
9011
9060
8534
8456
7752
7953
8213
8447
9057
9049
8107
9215
7610
7797
8191
8822
9817
8472
7415
8332
8200
8987
8062
8683
9276
7815
8312
9309
7676
8936
7989
9057
8236
9222
7670
8280
8611
8076
8640
7758
8406
9418
9270
8354
7412
8025
8143
8268
9328
8104
8105
8452
9240
8231
7896
7633
10086
9611
8271
9159
8339
8595
8394
7599
9754
8673
8893
9421
9220
8487
9035
9278
8684
9364
8483
7876
9489
7951
7795
8123
8651
8527
8680
8052
7925
7879
7701
7789
7981
7638
8776
8430
8160
7994
8369
7819
9036
8819
8430
8557
7758
8543
8600
9223
8678
8040
7705
8464
8222
8189
8492
8734
7842
8672
7718
7651
8005
8439
8656
8820
9674
7997
8646
7529
8933
8292
7412
8033
8457
8624
8373
8764
9122
8262
9014
8012
9108
7857
10230
8246
8507
8945
7997
8821
7558
7557
7687
7376
8505
9101
8189
8993
8625
8389
7338
8730
8116
7917
7598
7885
8741
8653
8595
8975
8255
7912
8409
8702
7750
8957
8931
7754
7753
7413
8804
7892
8975
8312
9078
7689
8260
9128
8541
7655
8890
8186
7987
7210
7789
8382
7806
8345
7702
8196
8358
8415
9006
7965
9076
8021
8742
8578
8088
8061
8882
8656
8213
8146
8597
9115
124536
9097
8272
8364
8382
8508
8207
8820
9388
8123
9374
9369
7840
7706
8471
8533
8079
7938
8472
7652
8754
9054
8626
8935
9398
7555
7389
8856
7523
7896
8806
8241
8157
7589
9275
9177
9261
9465
9248
7568
7779
7846
7745
8587
9784
8308
7810
9796
8412
8444
13547
9015
8159
9870
8417
8815
8897
9158
7912
7288
8912
7794
9297
8393
8416
9261
8113
8666
7854
8232
8330
8087
7837
8158
7641
7670
9334
9255
8214
9150
8299
8889
7952
10317
8918
7881
8145
8440
8041
8507
8817
8243
8805
8099
7465
8609
9554
9472
8801
8679
8560
8415
9904
9094
7836
7790
8257
8578
7612
8105
9217
8026
7861
7906
8463
7628
8574
7574
9067
9018
8051
8783
7619
8611
7769
9251
7933
8668
8558
8620
7651
8197
8895
7457
9022
8024
8813
7524
7671
8488
7925
8779
8206
7591
7758
8373
8037
7707
7374
7608
8887
8333
9020
9040
8795
8485
8321
8319
7825
9326
7977
7639
7886
7953
7784
9112
10958
8193
7902
8825
8265
8591
8813
8426
7830
7609
8574
9419
8566
8303
7682
7788
7837
8502
8506
8630
7799
8315
7329
8863
9350
7814
7840
8635
8539
8026
8013
9642
10325
9225
8567
8400
8904
9323
8024
8630
8334
9103
8189
7456
7996
8370
8408
8757
8448
9068
7996
9425
7569
8265
8238
7390
9133
8114
8431
8433
10041
7705
8069
8831
9872
8125
8740
9050
9803
8011
7902
8534
7652
8344
9006
7765
8053
7676
9170
9592
9108
8391
8007
8031
8217
7670
8605
8686
10435
8535
7872
9008
8832
8738
8446
8373
9201
7470
7999
7794
7989
9092
9476
8411
7659
8552
8610
8876
8444
8143
9235
8164
8876
9205
8836
9014
9953
9307
7712
8675
7591
8997
8356
7938
8053
8757
8614
112897
11579
8758
8359
8515
7782
7921
8675
8355
8998
9074
8215
8134
8841
8449
8579
9063
9156
7752
7917
8550
8143
8480
7901
8101
9201
7977
8690
7584
8948
7588
8608
8687
8471
8252
8977
7631
9327
8015
9097
8261
8492
8800
8565
8229
7810
7864
7928
8007
8328
7815
9092
9621
8087
8539
10257
7947
8566
14695
7715
7825
10158
8432
8443
9257
9374
8093
8217
8802
8612
8947
8650
9548
8635
9451
8055
8756
7837
8992
8568
8244
8608
7441
7887
9138
8233
8059
7552
8923
8599
8906
7920
9190
7813
7752
8771
8931
8097
7569
10345
8287
8456
8471
9196
8486
7609
7318
9009
7986
8435
8438
8463
8154
7378
9113
7988
8241
7772
7882
8859
8432
7426
8389
9370
7651
9458
8127
7606
7602
9076
8405
8758
8025
9023
7538
7869
8251
8756
8226
8591
8537
7784
8836
7729
9153
7774
8666
7833
8113
7819
8787
9024
8410
8530
9184
8454
7989
7957
9074
8191
7815
7780
7391
8221
8718
9098
8454
7469
8191
7762
9398
9081
9032
9164
7452
7979
7936
8471
7599
8171
9219
8464
7837
8804
9564
7789
8000
7969
7352
7928
8779
8153
7882
8515
8148
7293
7853
8637
9117
7567
8311
9041
8513
8830
9163
9067
8797
7531
8633
10432
7651
8839
9033
8674
8887
7798
7328
8921
8107
8590
8907
7749
9034
8592
8082
8582
8525
8484
7624
8738
7501
8997
9090
8622
8266
7985
7701
7349
8322
9148
7763
8638
8717
8391
9202
7800
9003
9407
8386
8071
9242
9128
7782
8634
9606
9122
8393
11566
9203
8348
9009
8215
8769
7414
8996
8815
8889
9307
8892
8665
7770
8652
8545
8508
8416
8265
8485
7584
7805
8032
9209
8434
8011
7721
8223
9437
8758
9063
7794
8501
7876
8412
8130
106900
7810
9121
7773
7616
8069
8246
9005
8432
8147
7875
7777
8212
9165
8997
8235
9215
8561
8577
8497
7567
7893
9079
9649
8465
8871
8568
8645
8851
9147
8419
7817
7632
8195
8669
9225
8566
8253
8295
8117
8205
8101
8195
8333
7678
7650
8011
7710
8484
8389
8666
8267
8200
8051
7698
8338
9142
8374
8151
7827
9488
8139
9313
8659
8707
9065
8369
7893
9203
9334
8451
8568
8611
8236
8641
8983
7867
9052
8139
8623
7785
7865
7740
8955
9518
7957
8851
10545
7973
8464
10384
8800
8948
12210
8221
8463
9404
8805
7562
8820
8604
7419
8218
7576
8316
9284
8471
8317
8821
7609
8059
8053
9419
8742
9373
7550
8271
8414
8845
8976
8534
8937
8380
7594
9127
7625
8805
8667
7536
8814
7973
8397
7650
8983
7647
8813
8153
8287
9112
7866
9155
7651
8857
9427
9218
7873
8542
7793
8763
9329
7674
8394
10349
10711
8337
7297
10011
9321
9160
9000
7798
9125
8615
8243
9223
9009
8554
8009
8335
7656
9220
8000
9373
7629
8102
8987
8385
8091
8730
8574
9208
8405
8055
8958
8017
8789
9149
9097
8841
8411
7767
9477
8797
8584
8652
8205
7781
7646
8891
9104
8974
8457
7896
7691
9039
7781
9276
7870
9100
8964
7534
7584
8597
7833
8574
7577
7733
9282
8708
7925
11615
7939
7553
8232
8597
7928
7815
8863
7813
8117
8692
8709
7794
7990
7803
8523
10181
8282
8916
7639
9058
7991
8423
9147
8125
7942
8615
8486
7902
7579
8775
7669
7727
9122
7807
8594
7915
8723
8771
7884
8779
7628
9112
8644
7908
7806
8790
7556
8589
9200
8475
8825
8818
8541
8147
8061
8535
7400
8852
8620
8025
8115
8502
8030
10149
8172
8851
8285
8836
7719
8024
8116
9908
123321
8135
9261
9338
7456
7628
9564
9680
8365
7732
8255
8141
8306
8292
8972
7789
7871
8251
9164
7851
8210
8447
9143
9045
8183
7856
8169
8866
9159
8449
9295
8088
8320
8978
8502
8553
9279
8710
7752
9056
8417
8244
8633
8846
9865
8133
9160
14024
7682
7814
10856
8319
7647
9394
7598
10726
8546
8679
7777
7385
7588
8815
7820
8805
7774
9166
8365
8684
7789
8815
7476
8994
8717
7595
9035
7668
7977
7600
7931
8184
8094
7989
9421
8494
8836
7871
8214
8884
8624
8948
9407
7507
8466
8555
8620
8074
9036
8402
8979
7751
9337
7349
8378
8110
9149
8857
8081
9056
8554
8874
9000
8365
8174
8510
8856
7571
9099
9132
9010
8933
8387
8805
7738
8030
9148
8587
8590
8216
9498
7928
8710
8563
9512
8743
8461
9018
8214
8313
8493
8046
7756
8365
8614
7512
9475
7705
9102
8238
7221
7583
8337
8688
7729
9049
7791
7520
8879
9076
9221
8865
11315
8836
7773
8217
8763
8647
9154
8343
8312
7800
8621
7666
8003
8719
7883
7932
8516
9169
8461
8713
8199
7691
8877
8610
8423
8165
8625
8558
8451
9184
8916
8170
8835
8709
8516
8364
8401
8091
7724
7455
9151
8068
8278
7692
8148
8471
8841
8255
7928
7710
8047
9023
9062
9021
8090
8860
8740
8507
8258
8233
8678
10607
9389
7615
9118
8597
8602
8102
8505
8153
7399
8103
7933
9067
8780
8695
8333
7600
7797
8769
9037
8656
7841
8205
8201
8810
7992
9335
7800
8805
7814
8661
7859
7489
7718
8654
8418
8294
8372
9292
8837
7664
8434
8261
8394
9238
7955
8628
8138
9121
8355
7994
8480
8779
8131
8553
7728
7434
8539
8414
9389
8171
8074
8959
7972
7967
7993
9261
8873
7129
8292
7887
8989
109195
9378
9080
7984
7646
8444
9770
8322
8520
8693
8919
7612
8374
8649
8557
7990
8213
8180
10954
9217
7933
8635
9278
7788
7805
9338
8333
7680
8825
8794
8815
9384
8815
7649
9620
8593
8383
8230
8396
7992
8379
7662
9034
10413
8275
8232
13800
7610
8320
12996
9419
8101
8938
8472
8410
9417
7912
8906
8240
8019
7812
7993
7629
8156
9241
8789
7670
7877
7877
8374
7710
7912
7711
7181
7848
7835
8692
9315
9952
8912
7206
8833
9666
8051
8846
9207
8902
8476
8235
7935
7621
9041
7711
7938
7814
8787
8040
9215
8590
7454
8805
8811
7571
7651
8483
9268
9070
8531
7761
8266
8641
8785
8730
8297
9020
7360
9296
8317
9278
8817
7574
8386
9026
7643
8903
9078
8172
7963
8646
7848
9442
7958
8445
7620
7989
7820
8713
8820
9028
8182
7794
8402
9283
9035
8666
7828
10562
7733
8342
9129
8104
8367
8177
7674
7888
8532
8625
8878
8544
7526
8307
9143
9557
8053
8409
7646
8148
7495
8466
7938
8871
8010
7894
8172
7771
8873
7366
9179
8741
7841
9015
8378
7953
7489
8156
8179
8786
7800
7311
8004
8974
8369
8864
9302
7719
7789
8825
7927
8243
8555
9183
7840
8373
8896
7846
9212
8390
7933
8837
7813
10839
8919
8046
9315
9088
9013
7396
7829
8560
8191
8951
8484
8144
7410
8775
7636
8714
8131
8213
8846
7982
8085
8702
9141
9045
7631
8107
8651
9507
8041
8934
9261
7630
8738
7971
8104
7892
8405
9019
8271
7872
7550
8937
8546
8335
8265
8600
8495
9005
8538
8835
7702
7748
20422
7723
9302
8501
8117
8307
8878
8926
7958
9159
8261
9243
7786
9014
7793
8451
9017
7538
9032
7994
8309
8623
8727
7675
7553
8275
7406
9398
8150
8312
103167
8467
8969
8362
8410
7363
8646
9235
8918
8207
7844
9103
7406
8434
8058
9185
8975
8828
7639
7254
7751
8400
7871
7634
8264
7884
7460
9218
8933
8298
8478
7850
9185
8169
8823
7632
8337
8198
8714
8396
8129
9287
9026
9015
8824
8466
9207
8002
8312
7590
8189
8968
7393
8528
8212
9237
7807
9076
7836
7540
8857
7797
7585
8394
9317
7682
8181
8976
7718
8072
8241
8661
8730
8512
8374
7810
8086
8526
7992
8418
7425
9103
7673
7795
7565
7352
9276
8418
8526
9220
8338
8301
7538
7796
8688
8397
8368
7802
8928
8641
8830
8595
9338
7837
8517
8885
8541
9036
10259
11742
8920
12343
9682
7558
8055
8226
8155
8615
7930
8453
7594
7948
7768
8290
8929
8213
10410
8854
8692
8799
20320
8157
8009
8405
8136
8331
7609
8989
7570
9563
7779
7815
8085
7957
9201
8976
8755
8583
7783
8587
7692
9303
7820
7683
8018
7721
8910
8019
8058
8469
8015
8182
7758
9131
9200
8192
8405
8235
8465
8538
7962
9107
8165
8953
7723
8407
8538
9066
7893
9071
8632
8407
7820
7956
8825
7967
7620
9374
7820
9084
8896
8697
8795
8882
8984
7923
9468
8667
8839
8502
8430
7610
7611
8600
9276
8779
9179
7980
9061
7782
7851
9174
8795
7749
8404
9326
8473
9239
8142
8012
8508
7374
8194
8291
9314
8194
8948
8830
8289
9552
8518
8476
7876
8978
8574
8105
7704
9083
9197
9003
8055
8620
8492
8412
8796
8936
8212
8469
8005
7306
9035
7596
7944
7971
8208
9143
8464
8871
8174
7856
8615
8671
8674
7702
8792
8296
8339
8371
8676
9108
8463
7733
7816
8672
8753
9253
9057
8396
7805
8488
8802
8828
7459
8718
8276
8510
9039
8672
9094
8575
7577
7551
8179
105259
8987
8616
8657
9865
8358
8644
9101
10558
8575
9287
8441
8236
8681
8478
8734
9032
8379
8582
7275
9014
8637
8214
9243
7784
7530
8691
8495
7820
8414
7709
8294
8574
8165
9035
8494
8632
7486
8701
8712
8865
8777
8282
8705
8517
7651
7528
8433
9158
7561
8163
8074
7816
8829
7984
9190
7444
8851
7641
7378
9269
8235
11271
7748
8649
14058
7381
8117
11307
7664
7795
8814
9880
8343
8439
8457
9032
8577
7747
8559
7809
8865
9146
8070
7855
9573
8237
7349
9705
8560
7762
9062
9863
8773
8527
8553
7589
8253
7825
7793
8056
7625
8861
8087
7773
9061
7558
8658
7632
8418
7773
9210
8161
8134
8112
8571
7804
9111
9158
7572
7981
8527
8842
8644
7692
8456
8420
8415
7589
7842
8413
7427
9199
8814
8557
8115
10483
8159
9281
8868
8879
7769
8097
8352
8993
8538
8139
8399
8069
8978
8831
8771
8624
11769
8582
8427
8748
8333
7764
8816
8197
8205
7689
8125
8610
9302
8983
8175
9442
8264
8174
8113
8436
9181
8669
8749
8475
7651
8103
9230
8720
7517
8641
7625
9354
7857
8575
7958
8342
8191
9086
8663
7617
7653
7507
8010
9272
7506
9618
7769
9797
8123
8211
8600
8049
8897
7533
8435
7828
8177
8203
9207
8431
7649
7794
8616
7316
8593
9116
9158
8785
8302
7533
8302
8408
8887
9340
7799
8403
8968
7531
8742
8002
9032
9245
8567
8251
8838
9086
8198
9008
9034
8220
9208
7659
8677
8985
7994
8019
7572
8224
8099
8769
8030
7922
8000
7699
7548
8154
8227
7842
8627
9132
7872
9462
8517
7554
7538
9238
7499
8127
7785
8026
9010
8050
7753
7740
7665
8598
7655
8800
8604
8216
8592
7410
8827
8981
7362
9312
8246
8816
7834
8933
116933
7974
7678
8348
9085
7312
8669
9114
7854
8942
8612
8379
8242
8051
9558
7876
8954
7779
8200
8332
7904
8621
7866
8880
10786
9051
7979
7771
8663
7947
8580
8292
9367
7586
8693
8887
8339
9000
7620
9180
8017
8131
7578
8610
7993
7702
8197
8702
7825
7837
8405
9131
7466
8965
9268
8422
7638
7691
8866
8056
9198
8191
8543
9123
8994
9323
8279
7734
8270
8211
9242
9037
8596
8193
9051
8356
9232
8906
7775
10943
7515
9029
13836
7795
8835
12031
9283
7964
8812
8576
8754
8887
10234
8037
8297
8131
8279
9142
8666
9905
7922
8702
7785
8826
9438
8294
7952
8012
8599
9018
8801
7987
8777
8464
9112
8092
8516
9217
8795
8035
7697
9328
9000
7874
9336
9221
8251
8664
9215
8396
8735
8535
8472
7460
7474
9199
9007
7866
9216
9196
7835
8585
7697
8159
8581
8835
9118
7736
8352
7736
8592
9056
7556
8182
7859
8768
9108
7671
7802
8214
8605
7941
7389
10941
8835
8366
7739
8244
8061
7722
8999
8159
8565
8174
7975
8178
7707
7805
8279
7933
8782
8648
8517
9025
7553
8393
17636
9322
7335
8572
7953
8830
9058
8952
8664
8714
8268
8774
8427
7471
7991
7521
8364
8994
8534
8236
7940
8216
8419
9948
7555
7859
8146
8607
7862
8446
7746
8405
7574
9416
8738
8005
9508
8227
7984
7774
8317
10471
7599
8923
8346
7752
8259
8407
8400
8067
9179
8343
9264
8418
8150
9074
7875
8656
9548
9108
8282
8984
9410
8422
8576
9902
8573
7788
7611
8815
7631
8365
7573
9276
8604
9097
8532
8562
9207
7799
9147
9264
9115
8328
8092
8848
8002
9015
7775
8563
8894
7512
7655
9006
8357
8537
11378
8539
7435
7682
7875
7769
8178
7434
8761
10354
8994
85910
8141
8360
7644
8484
7292
9397
7552
8159
9018
8738
7651
8250
9078
8680
8464
8576
8115
8394
7935
8570
9112
8788
8978
8636
8676
7722
8605
9201
9223
8415
7686
8334
8257
7812
8519
9487
9295
8470
8512
8215
8066
8337
7809
9026
8497
8338
8474
7605
8380
7629
9621
7707
8474
9609
8653
7720
7999
8642
8017
8628
8136
10618
9020
8267
9481
8332
7769
8736
8542
9123
8527
8579
7779
8086
9017
8286
8036
8477
8474
7700
9040
9153
8988
9400
11141
9220
11266
9071
7921
11084
8876
7813
9020
8353
8747
9074
8423
8589
8546
8708
8297
8676
8391
7608
7620
8124
8471
7735
8143
8717
7797
7869
7298
8114
8585
8527
7716
8330
8819
8507
8736
8218
8894
7725
8629
9764
8259
8953
7701
7641
7769
8697
7497
9256
7792
7935
7813
7785
7601
7922
7476
8197
7712
7890
9194
10495
8989
7584
8330
8391
7684
7463
8111
9186
7591
9136
8400
8670
8228
7816
8605
7555
8127
9019
8953
9230
7903
8876
7398
8272
8943
9204
8023
8436
8572
8933
7603
9246
8193
8716
8170
8015
8194
8127
8898
7982
9284
7771
8117
8578
9036
8796
7573
9025
7352
7612
7753
8188
8254
8977
9469
8660
8355
7883
8086
8715
8124
8988
8062
8480
9236
9138
9069
8445
9049
7996
7827
8738
8560
8346
8755
9374
8704
8153
7957
9589
9420
8373
8366
7601
9219
9002
7853
8380
8719
8389
7999
9282
8712
9058
8779
7934
8186
8032
9077
9258
8631
7974
7956
8207
8270
7779
8826
11638
8925
7794
8254
7528
8400
8199
7791
7535
7931
9041
8677
8134
7735
10942
7953
8189
8613
7994
7631
9261
8235
8785
8022
9196
8248
8980
9297
7676
7467
8417
8462
8357
8369
8892
7612
9241
7963
8517
124420
20659
9080
9179
8022
8588
9047
8444
7580
7610
9220
7493
7374
8862
8426
8708
7854
8620
9239
7463
9439
8143
8317
7533
7837
9495
8221
8600
9210
9815
7768
10705
14382
9194
8902
7927
8366
8539
8446
8246
7478
8511
8313
7758
7818
8071
9383
8574
8389
8442
8044
8794
7846
9350
7508
8979
8389
9369
9042
8367
7779
7815
8170
8516
8297
8158
8697
8372
8386
8287
8370
9156
8054
8703
9077
8445
8817
7958
8958
7533
7624
9202
8179
8847
8383
8037
8770
7641
8804
9525
7645
8658
8978
9409
8605
9227
7651
8256
8272
7513
9009
7376
9220
7860
7783
8797
8515
8500
8770
7520
7968
8287
8338
8327
8012
8153
8117
8179
8554
8785
7970
8504
7982
8640
8784
8928
7860
8046
7548
8815
7954
7423
8965
8150
8526
9123
8517
8083
8536
7961
7780
7371
7997
9391
9112
9342
9247
8918
7739
9141
7563
8815
7575
12710
9174
7830
9033
7557
8426
8565
8354
8418
8102
8076
9139
9177
7725
8242
9259
7476
8078
8986
7990
9216
8579
8225
7559
8758
7915
8180
8174
8443
8415
7730
8595
9347
9041
8349
7574
7877
9510
8889
8147
9030
8557
8297
9107
8547
8682
8201
7910
7861
8701
7691
8655
8851
9301
9480
8629
7786
8771
8636
8266
9219
8298
9211
8965
10128
8734
8508
8491
7834
9468
7823
8728
7998
9266
8379
8015
7985
8753
8307
8794
8835
7806
7594
7827
8091
8614
7871
8109
9046
7549
7979
8887
8826
7574
8359
8076
8387
9054
7835
8256
8921
8671
8604
7333
8451
8635
8203
8711
9035
9104
8156
8661
8753
7982
9166
8976
8987
10729
8456
8841
7919
8261
8589
7864
8779
9130
8880
8861
9371
8083
8338
7410
8674
9385
8785
8519
8359
7595
7938
9237
92925
16276
8846
9222
9056
317318
7693
7714
8567
8285
9102
7723
7736
7855
8784
8801
8616
8302
8728
7699
8898
8537
8778
8605
8087
8343
8625
9015
9200
9075
8170
8636
7850
8774
7995
10523
8097
7656
9263
8582
9030
8460
7797
8331
7595
8897
8115
8265
9053
8157
8261
8877
9871
8217
8189
8248
8132
8198
7463
7653
7597
8439
9075
7507
8876
9208
8228
8899
8307
8172
8523
8749
7599
9122
8602
8274
9141
7335
7870
8093
7924
9423
8434
7568
8353
8333
7812
9136
8363
8428
9236
8683
9262
7975
14651
8384
8010
12830
8635
8860
9148
8893
8843
8415
8501
8188
7945
9273
9030
7962
8057
9610
7919
8199
8826
7758
9833
8424
8087
8455
7931
8194
8832
9457
8361
8195
7552
7835
8756
9114
7680
7447
8631
7598
8984
8335
9346
8736
8660
8175
9080
8766
8897
7904
8203
7272
8961
8312
8454
8917
9046
7574
8378
9006
8984
8795
8071
7754
8854
7574
8927
8794
8492
8658
10777
8657
7990
8651
8182
8150
9394
8441
8148
8392
8920
9487
8091
8159
7474
8215
8856
9169
8692
7627
9398
8482
7548
7502
9094
8797
7670
9694
7986
7692
8848
8691
9225
8519
8417
8343
8981
8558
8193
9041
7942
8774
7554
9142
7841
8916
9055
8358
8815
7610
8815
8641
8922
7806
7860
8723
7529
7854
8652
8345
8879
8715
7878
8123
8992
9277
8755
9476
7607
7638
8076
9371
8603
7917
8767
8713
8215
8102
7925
7955
10323
9335
8628
9111
8257
8591
8758
8813
8916
8383
9470
9362
9784
8887
7917
8437
8371
8738
8728
8986
9284
9178
8144
8676
8196
8415
8211
8927
8926
9169
7867
7590
8414
8485
9325
8767
8195
8552
8081
7603
8966
8553
9370
9148
8251
8099
8661
7714
8316
7615
8567
8615
8353
7921
9143
8444
9164
8635
7286
8773
9215
8441
7921
7602
9943
7773
8596
8138
8492
7557
8718
8971
8587
8964
8885
8411
10684
8403
7769
16654
9121
8889
16272
7886
8645
8889
8672
9075
8888
8915
7810
8757
8476
8410
9190
8600
8385
7811
8840
8268
8025
8384
9306
8407
9079
7502
8164
8150
8254
9226
9261
9242
7663
8309
7821
8446
8374
9106
9161
8348
8935
7528
8053
8545
8928
7726
8004
8929
10937
9148
8850
9388
9210
8109
7958
8235
8995
8213
8200
8053
8494
8454
7838
8533
8796
8159
8997
8238
8767
7532
7601
9261
9089
8046
7996
8007
8552
8530
8076
8103
8008
8748
8346
8995
8329
8105
7996
7895
8799
9274
8993
9425
9020
7994
8880
7937
8426
7641
9195
7768
8672
7953
8302
9414
7933
7774
8655
8257
8410
8637
7714
9068
10785
8593
7742
9153
8808
7854
9276
8112
9144
8696
7957
9241
8726
9441
8308
9265
8521
8140
8111
8387
8367
7923
8936
8656
7618
8695
8687
9467
7866
8784
7732
8876
9009
7973
9036
11234
8441
7380
7807
8893
9012
8481
7771
8982
8692
8176
8123
8864
8831
7468
7836
7909
8474
8167
7975
8817
8182
8202
8153
7754
8076
7635
7780
8272
10109
8679
8198
8374
9251
8180
8374
8414
9856
9117
8076
8112
8687
7970
9061
8369
8675
7717
9472
7593
7439
7582
8464
9355
8231
8957
7682
8364
8234
9225
7853
7895
7893
8835
8202
9364
8882
8774
9060
8416
9397
7585
8003
7642
8414
7651
7704
8142
8599
9478
9544
8200
8956
9737
8441
8202
11292
9177
7990
11215
7641
8816
7873
8733
10533
8945
7669
8659
9037
8717
7643
9066
9179
8898
8347
8528
7620
9200
8335
8232
8148
7863
8148
8497
7895
171979
8953
9020
9013
8157
8073
8733
8697
8532
8015
9097
8335
8948
7914
8039
8465
8290
8308
9252
7868
7937
9012
7974
9014
8137
7625
7380
8716
9222
7956
8897
7376
7941
8027
8954
8690
8502
9419
7871
9207
7388
7569
8053
8734
8184
7735
7718
8629
9025
7564
7933
9057
7673
8061
8304
8145
7631
8210
8984
7687
8974
8123
8623
7952
8632
9186
7449
8691
8153
9138
8209
8425
8446
8303
8266
8298
8324
7578
10305
8594
7418
7779
7551
8035
8398
7560
7998
8745
8895
9340
9157
8871
8000
7862
8056
8122
8247
9015
8002
8035
9186
8291
8392
8394
8650
7886
8654
12854
9602
8411
14929
8317
7678
7745
8738
9045
9310
9145
8914
10008
7268
8737
7850
8085
8714
7956
9194
7665
9079
7656
8640
8184
8472
8533
8095
9195
7768
8457
7744
8870
7729
8878
7651
8937
8802
8831
7287
8056
8654
8275
8853
9078
7900
7750
8937
8248
8661
7880
9379
9365
7291
8261
7348
8943
7859
9558
9367
8349
7958
9070
7937
9399
9338
8397
7772
8213
8939
7369
9027
8746
7532
7858
8314
8085
8725
9231
9276
9169
7797
9037
8965
7843
8677
9350
8420
8412
8211
7702
8924
8716
8801
7808
7687
9212
9172
8201
8932
7476
8210
7811
9385
8804
9242
7777
7944
7487
8016
7574
8235
8909
9083
8206
8419
7518
8065
9199
8770
9213
7925
9005
8978
18549
7712
9537
9443
9934
8110
8348
8897
7570
7772
7580
8020
8416
7808
7670
8815
9220
8167
7879
7832
7735
9064
7549
8836
9332
18061
8210
7803
7753
8833
7891
8051
8077
8208
8538
8704
8766
9146
9322
7984
7669
9097
7587
8113
7809
7548
8015
9210
7852
9371
8784
7450
9210
7672
7783
7925
8887
7672
8525
8768
7876
8413
107845
7935
9789
9473
8833
7376
8777
8980
7873
8189
7650
8860
8474
8360
8352
8410
9179
9353
8617
7370
8201
9204
8460
8127
7890
9138
7873
8629
9196
9200
10122
7502
8541
8058
7676
8160
8579
8815
7958
7518
8050
7991
7577
8533
8056
8196
9419
9032
8192
8601
9461
8851
8602
8093
8872
7958
8789
7842
8552
7464
7876
8514
8184
7472
9582
9041
7865
8816
9241
8539
9029
8174
7478
9646
9251
8959
10927
8779
9299
12284
7368
7822
11287
7582
7877
10141
9261
7828
8989
8584
8815
8515
8295
9136
7820
9343
8779
8916
7817
8594
7997
7764
8998
9242
8174
7835
8234
8083
7303
8930
8997
9052
8402
7935
8466
8203
8035
8935
9111
8476
7784
8035
9320
9356
9076
8415
9305
7651
8796
7719
8947
9155
8304
9179
9651
8639
7963
8751
8158
8981
8810
9444
9294
7897
8141
9076
9271
8584
7947
8707
8340
9171
8673
7832
8958
8478
8559
9058
8575
8611
8543
8492
7589
9005
8740
8000
7793
7475
8313
8197
8291
7933
8420
9616
7666
7970
7796
8958
8476
8933
8592
8512
8824
7774
7779
8678
8193
9255
7649
8719
8351
8535
7847
8270
8953
7521
8072
8325
9958
8107
9089
9147
8631
8151
9084
8189
8975
8023
7772
8495
7953
7762
9239
8658
8166
8985
8406
8523
8808
7699
8355
7419
8573
8832
9400
8076
8030
8735
8041
9005
8622
8446
7739
7780
9154
8667
8240
8987
9028
7583
9348
7835
7464
9124
7675
8988
8270
7628
8958
9010
8181
8419
8076
9083
8799
9247
8620
8776
7826
9212
8465
9399
8860
8639
7808
8782
9300
9166
9111
8505
8508
8490
9144
8998
8718
11546
8903
7712
8619
8291
8400
7936
8264
8415
8225
9205
8394
8076
7996
7307
8179
7692
8843
85164
9007
8302
7646
7674
7728
7919
8093
8176
8928
8392
7874
7990
8116
9037
8411
8618
7666
7544
7300
8543
8784
8144
7635
7635
8812
7743
8898
7608
9040
8318
7313
7936
8848
8953
7899
8414
8740
7682
9138
8943
8099
8059
8746
9702
7425
7754
8241
8615
8287
9501
7938
7819
9275
8546
8841
7783
9615
8194
7420
8486
7703
8262
8317
8453
8773
8446
8834
8676
8425
8512
10807
8774
8442
8914
8517
9168
9073
8233
9015
7993
9241
8784
8196
8593
7723
8113
8502
8191
7830
8158
7530
8463
8634
7998
8798
8804
10383
9143
8000
8872
7861
8052
8419
8210
9451
7389
8625
8379
8415
7529
9262
9018
8256
8007
8013
7667
8184
8325
8331
7834
8879
8780
8492
8480
8558
7876
7832
9125
7954
8241
8977
11124
8430
8603
10046
8967
8379
13549
8453
9110
8214
8488
7592
8657
9119
8352
9090
7724
8917
7948
8863
8592
7892
9487
8214
8407
8802
8528
7630
7651
11184
7863
8210
8063
8556
7511
7812
8073
8457
7953
7616
9226
7999
7323
8813
8907
8031
8070
9069
8199
7709
8060
7518
7964
8374
8494
7553
7652
9387
9035
8714
8214
8038
8636
7931
8296
8102
9005
7708
7825
8561
8208
8798
8874
7723
7679
8004
7544
8796
8270
8172
7844
8390
8480
8038
7876
8971
8123
9077
8177
7746
8237
8506
8962
9447
8610
9456
7510
8925
8882
8736
7958
9391
7591
8517
7887
8256
7621
7657
8700
8598
7457
8755
8162
9075
9158
8030
8789
8557
9282
8661
7771
8661
11886
7848
8214
9177
8333
9202
7950
8650
8661
8077
8754
8399
8825
7799
8379
8861
8073
9076
8050
8307
7942
7431
8502
8795
8836
7916
8306
9019
8388
7805
7592
9127
7505
9117
7526
10099
8818
8815
8723
134900
8169
8056
9356
8681
8573
8919
8734
8548
8590
9236
9138
9303
7886
8661
8630
9119
9316
9099
8153
7767
8093
9333
8389
8131
8583
7585
8893
8715
8708
7445
8711
9251
7680
8998
7574
8164
8431
8174
8596
7688
7628
9187
9333
7524
8330
9000
8849
7672
7486
9209
8620
8084
9297
7897
8593
8521
9214
9239
8026
10602
8859
8245
8471
7766
7671
7339
8133
8241
7872
8057
8253
9325
8602
8113
7671
8200
7600
10689
9241
8180
8652
9288
14087
8611
7320
15060
8615
9207
9026
9091
8589
8809
8550
8016
8818
9950
7697
7930
7407
9128
8492
7789
9098
9134
8261
7652
8865
7721
7917
8189
9358
8684
7802
8402
8355
8932
8119
8600
9436
8280
9061
8416
8072
9588
9137
7804
8220
8233
8178
8061
8794
8835
7914
8495
9188
7994
7552
8510
8000
7895
8004
9395
8310
8717
7954
8102
8938
7311
7888
8586
9008
7808
8401
8523
8536
8379
8391
7523
9375
7612
9215
8107
8127
8753
9295
8016
8399
9097
9000
8005
8794
8957
7800
7276
8976
8123
7784
7669
7824
7867
8471
9058
7593
9139
9121
8736
8245
8738
9472
8341
7631
8594
7691
7994
8746
9148
7890
8874
9141
9218
7587
7566
8490
8557
8607
8845
9029
8518
7806
7594
8095
7971
8108
8042
8164
7856
8901
8727
8892
8697
7879
7629
7941
8658
8374
9182
7584
8553
8138
8157
8417
8154
9169
9142
7610
8334
8969
8036
7847
9229
8325
8454
7792
9035
9256
8314
9478
8455
8502
9363
7807
11323
8682
9189
8385
8453
7815
7551
8248
8621
8852
7851
7784
8795
8899
8366
9058
9233
7608
7873
8599
8794
9065
8113
8466
8269
8604
8317
8130
9555
7579
8225
8034
7734
8112
8849
7747
7842
7641
8799
7786
8937
96619
9080
8814
7770
9178
8600
8915
7563
7783
8509
8532
9302
8184
8115
7496
8843
8156
7805
8239
8536
9042
7552
8697
9981
8103
7800
8719
7792
7589
7692
8271
8366
8016
8599
8936
8199
7632
7970
7984
7871
7740
7584
7611
8591
8264
7804
8687
7588
7677
7974
8556
8569
8561
8572
8416
8048
7750
7765
8446
7389
7601
7625
9271
8880
7650
8036
7727
9219
8365
7692
8545
10855
8984
8600
8297
7573
8056
8301
8753
7492
7361
8526
8156
9237
8635
8468
8920
8759
7689
8553
8466
9214
7616
8999
8524
8772
8834
9237
7612
7778
8928
8201
7625
8395
7760
8549
8418
8513
7551
8178
7933
8511
8158
7592
8458
9491
7559
9307
8717
7979
8643
9148
7589
9099
9313
8368
8620
8820
8086
8640
9918
8882
11324
13029
8004
8124
9951
7493
9371
8271
8098
8585
9208
8267
7928
7594
7917
10380
7989
8123
7551
9077
7676
7313
8832
8306
8995
7433
8803
7778
8590
9169
9304
8872
8440
8184
12083
7351
9137
7613
8906
7589
9063
7622
8162
9085
9099
7791
8977
9159
7834
7433
8497
9225
8815
7961
7990
7850
8491
8476
8632
8013
8423
7835
9041
8206
7623
7494
8303
8720
8506
9059
7916
9252
7753
8214
8786
8169
8078
8402
8413
7607
8702
8675
8456
10623
7529
8401
7619
8386
8656
8549
8695
7577
8005
7807
8369
9338
8263
7866
8846
8759
7745
7748
8441
7500
8538
7548
8285
8314
7679
8525
7427
8984
8096
8005
7759
7881
8737
8394
8818
8707
9020
8839
9995
9016
8634
8164
8860
8661
8779
8623
8106
8079
8686
7955
7671
7728
7787
8964
8411
8996
9462
8543
8998
7900
8651
8595
9097
9769
7968
8929
7882
8420
7687
8699
7908
9799
9038
7773
8783
9256
9172
112666
7822
7836
7762
8574
7631
8320
7443
8397
7664
8607
8221
8378
8168
8984
8610
7951
7635
8706
7910
7964
9221
8363
7593
7880
9511
8169
8193
8440
9263
8298
7348
7690
8994
9110
8282
9246
8133
8231
8779
9128
7934
7625
8081
8879
7220
8067
9310
9033
7937
9297
8542
8707
7595
8198
7916
8461
8781
8900
8324
9076
8241
7903
7574
8082
9107
7492
9275
8984
9173
7585
8084
7717
7671
8628
7968
9303
8683
7494
9158
7619
9084
8933
8410
7771
8533
8883
8117
8625
8041
7784
7545
8348
8442
8358
8205
7728
9208
8961
8705
9129
8204
9261
8810
7968
9220
8107
8808
7530
8461
9284
8318
9087
7966
8597
8590
8251
8704
7683
8153
7834
8532
7693
8740
8706
7653
9201
8679
8853
8641
8382
8390
8035
8558
7991
9641
7748
8530
9550
7610
8923
7729
8066
8117
10255
9214
7923
12471
7807
9231
11626
8103
8069
9087
8368
8433
9433
8904
8618
11849
7351
8356
7761
8433
7815
8952
8476
7226
9040
8579
7912
9078
8127
8215
7921
8830
8825
12451
9866
7925
7395
7758
7488
8417
9061
8477
8190
9076
7528
9022
7627
8169
7377
8068
8755
8165
8646
7753
8995
8658
7803
8598
7594
8615
7974
9230
8745
7701
8490
7619
9319
8479
8568
7933
7327
8382
8594
7579
8714
7602
8115
7620
7631
8983
7611
7587
9378
8261
8174
8215
8766
8917
8601
8901
7953
8121
8027
8353
8447
9027
8629
9184
9674
8514
8915
9369
8702
8402
8893
7370
9086
9184
8595
9312
11084
8517
8056
9230
7818
9192
9256
7871
7695
8449
8892
8974
8951
8482
8227
7533
8200
8007
9200
7620
8883
7928
8055
7590
7601
8312
9128
7536
7866
8172
8080
9299
7913
7861
7516
8469
8296
9055
9154
128369
8234
8176
7696
7740
7701
8528
9135
8876
8941
7872
8296
8497
9989
8105
7615
8354
8656
8397
7543
9453
8062
8337
9138
7504
7391
7574
8631
9100
8742
9297
8022
7932
8188
9207
8743
8693
9230
8616
8210
9215
8810
8501
7719
8290
9881
8285
9189
8370
8427
8634
7880
7652
8400
7669
8173
7969
8205
8030
8635
8223
8995
9010
7678
7815
8695
8360
7770
8860
8942
8762
10094
7830
8938
7903
7632
8579
9023
7912
7785
7476
8010
8409
8475
8270
8361
8921
7975
8030
8542
9049
9179
7437
9331
7399
7894
8592
8738
8085
7916
9200
8600
7653
8501
7999
7605
8494
8980
8257
8978
8785
9079
7571
7405
8125
8221
8020
8441
8747
7955
8214
8494
8794
8820
7609
8839
8137
8080
8629
7574
8583
8134
8467
7868
7779
7680
8630
8136
7969
7602
8984
9551
7754
9194
8643
7756
9390
8727
8138
14687
8433
9345
9786
8765
9032
7813
8790
10608
9183
8216
8660
8057
9215
8424
8984
8131
8240
7845
8387
7651
8337
8150
8924
8513
8635
8010
7618
8628
8233
8351
8454
8250
9402
8887
9115
7652
9354
9062
8455
8712
9196
7902
9238
8255
7836
7557
8435
8410
8252
9152
7582
9260
7447
9141
8702
9918
8881
8200
9302
8127
8090
9183
8888
10450
8117
8997
7892
7726
8675
8978
8187
8302
8617
7760
8958
8324
7970
7667
7659
9129
8494
8807
7872
8590
9348
7684
8011
9399
7789
7614
8647
8724
8689
8365
7735
7928
9135
7810
8032
8747
8510
7912
8543
7928
9201
8434
8634
8964
7979
8743
8316
8581
8379
8075
7875
8398
8456
7989
7417
10725
8282
9240
7818
9355
7550
7685
7673
8279
8407
8448
8271
8620
8600
9071
8811
7872
9266
8627
8889
7728
9158
8789
8851
120558
7758
8210
8672
8098
8085
8918
8798
8724
7778
10494
8434
8371
7608
7591
7793
7597
7829
8947
8453
7869
8810
8861
8421
7330
7370
7328
8205
9220
8746
8821
7907
9034
7790
8952
8835
7788
8396
8236
9022
9574
8432
8676
8917
8129
7832
8287
8376
7792
8617
8851
7946
8266
8839
7978
8311
8659
8715
7615
8903
9282
8094
9120
7890
8397
9162
7400
8999
8659
8178
9041
10698
8305
7841
8455
8318
7785
7505
7516
9117
8196
8370
8035
9373
8058
8855
8612
8445
8668
8246
8699
9210
8462
8758
8815
9161
9222
8176
8369
8446
9738
9216
7989
10731
10388
7830
11291
8917
8925
7956
9178
7610
11353
8390
7812
7625
9332
8608
8795
8313
7608
8592
8517
8702
8292
8174
9022
10278
8245
9228
7551
8800
8695
8885
8295
9447
8435
8759
8594
10510
8797
8276
7989
8588
9035
8999
8445
7940
7774
7660
8775
8807
8752
7621
8592
8194
8199
7589
7589
8591
8494
8739
7897
8356
7615
8926
9383
8151
9336
8535
8434
7728
8546
7781
8052
8807
9625
9241
8406
8612
8724
7293
8654
9145
9379
8344
8775
8911
8353
7823
9156
8349
8656
8045
9177
8138
8049
7755
7875
8306
10510
8134
7918
8635
8784
8382
8531
7400
8909
7420
8692
8217
9634
9225
7630
8194
8666
9372
8431
22675
8693
7690
7709
7745
8236
7914
8394
8513
8641
7569
7921
7825
9889
9378
8201
7753
9078
8861
8175
8150
8534
8297
7510
8925
7879
8194
7630
8591
9176
8529
8651
8381
9009
8591
9071
8475
7698
8164
7767
8540
8107
8585
9596
8032
8587
8820
8174
8274
7497
8996
7491
9000
9166
8018
8243
7976
9209
7800
8805
8015
7720
8195
8657
8641
7919
7593
7630
8804
9116
8291
7561
8835
10714
85707
7847
9217
9932
9194
8687
8328
7794
8740
8392
8163
7716
8096
8729
8253
9248
7548
7610
7585
8050
8916
8304
9160
8892
7784
8127
7509
10055
7856
7950
8969
7504
7748
9209
9417
8230
8430
9183
7657
7978
8133
8067
8176
8737
8036
8313
8557
9241
8607
7566
9220
8775
8066
7480
7373
7584
8240
7600
8102
7991
9275
8678
9244
8055
9528
7530
8601
9438
7849
8594
7535
8287
8601
8453
8715
8802
8932
8396
8097
8120
7413
7989
7734
9709
7917
8310
8394
7878
8805
9128
7918
8511
8256
7874
8295
9170
7959
7893
7923
7995
7972
8058
9215
8155
8076
8710
7274
8843
7800
7928
9246
9563
7672
8530
9079
8676
8727
7907
7688
8042
8375
8049
8611
7984
8932
8630
7518
8338
8346
8121
8510
10281
8369
7606
7784
7732
8160
7789
7753
9179
9287
7574
7453
9205
8018
9178
8620
8652
8815
7808
8820
7788
9343
7669
9003
7592
8595
8071
9182
7602
8263
8559
8478
8629
9348
8127
7667
7893
8461
8819
9067
8975
8883
9051
10183
8693
8158
14655
8379
8194
8856
8014
7967
8068
9069
7478
11220
7811
8580
8169
8879
8664
8323
7976
7688
9471
7531
8898
7958
9205
7525
7635
8535
8466
8233
9241
8535
8391
9061
8002
8235
7761
8792
7781
8075
9187
8848
7588
8493
8723
9155
8375
8642
7507
8616
7842
7884
8939
8363
8234
8216
23094
8619
8569
9049
8147
7832
8437
9095
9117
8201
8070
8120
8028
9040
9183
7913
8072
8614
15702
8918
9057
8150
9014
8583
8504
7385
7837
8040
9084
8132
8863
9039
8396
7774
8835
8603
7610
8550
8459
7506
8687
8373
7743
8268
7874
8246
8403
7724
7684
9533
8900
7358
8361
7988
8058
7760
7937
8452
7811
7881
7733
9230
98949
8312
8518
7860
7485
8294
7754
8391
8202
8994
7717
8912
7553
8464
8961
8280
7893
7243
8569
8070
7786
7927
9071
8733
7794
8729
8571
7758
7841
9316
10439
8139
8142
8843
8520
9164
8348
8034
8331
8498
7611
8957
7713
8854
9015
8293
8238
8964
9241
9600
8669
8014
7982
9014
8726
9113
8363
7647
7939
7542
8925
9163
8520
8479
8184
7597
7975
8856
8742
7822
7846
7600
9101
7609
9452
8576
8220
9199
8493
7871
8064
8205
8164
8415
8448
8005
7789
7748
9248
7679
8271
9020
7728
8800
9393
9188
8298
8036
7728
8077
7718
8620
8051
8791
8828
8351
8102
7588
7982
8309
8472
8612
7917
7861
8007
7835
7809
8796
8954
8074
8642
8393
8256
9113
7724
10210
8676
8553
7830
7809
8238
8976
8235
8804
7821
7629
8733
7794
9220
8490
8935
7332
8974
7533
8389
8314
8092
8907
8118
10259
8239
7791
10182
8031
8416
13933
8435
9388
11735
8122
8322
9246
8437
8986
8284
7908
8718
8245
8608
8874
9056
8237
8343
8399
8177
8486
8831
9433
8194
7567
8709
8273
7865
8860
8792
9356
8353
7590
7979
8871
8153
8181
8374
7641
8465
7717
8423
7613
7570
7749
7820
8933
7410
9092
9139
8412
9016
8452
8978
8334
8317
8174
8413
8632
7715
7838
9077
9268
8339
9348
9212
7343
9578
8936
7883
8179
9120
7923
7771
8826
8507
8564
8766
9133
8864
7664
7456
8790
7621
8485
8854
7843
8974
8560
8196
8018
8979
8885
7761
7328
9378
8295
9276
8940
8538
8518
8453
8858
8097
8870
8753
8037
8199
8549
8487
7712
7832
8817
8276
8738
8053
8011
7575
9215
8171
8039
8101
7804
7870
8935
8410
8795
8025
8384
8809
8789
10062
8252
7950
7286
9200
7989
7797
127410
9343
7672
8451
9258
8903
8335
8186
7896
9542
7670
7574
7873
7669
7634
8096
7589
7975
8708
8737
8411
8543
8067
8100
7923
7963
7789
8680
8406
9366
8876
7789
8005
8588
8664
8737
8771
7892
7462
8153
9172
23058
8512
8318
8266
8015
7719
7856
9107
8988
9237
8767
11353
9078
8579
18932
8283
11013
12754
7430
8781
8204
8707
8555
8765
8843
8656
9095
8058
8135
9233
8681
8133
7673
9197
7531
8737
9034
7862
8165
8393
8035
7956
9067
7990
8974
8601
8022
8476
8243
9114
9095
9894
8262
8468
8905
7853
8471
8177
7645
8983
7746
8745
9178
8584
8009
7450
8739
7912
9150
9112
8998
9002
7638
8744
7493
8567
8856
7542
9204
8650
9063
8558
7976
9054
8972
8215
7610
7513
8544
7703
7835
8287
8255
7533
7902
9172
8784
8073
8967
8177
7478
8232
8370
9210
8713
8917
8947
7651
9055
8684
7548
8251
10040
7912
7610
9274
8394
8471
7743
7675
7513
8461
8837
7651
7899
8972
7958
9019
8517
7883
7743
7895
7787
7735
9107
9225
7350
8690
7677
9251
7366
7495
8995
8548
8035
8375
9002
7255
7552
7570
8729
8194
9140
8262
8444
7580
7974
8868
8041
8953
8263
8095
7956
7601
9295
7628
9108
9203
8241
9017
8942
8705
7876
7893
7969
7911
7933
8107
8382
8877
7557
9000
8027
8774
8876
9194
8442
7329
9032
7579
7485
7683
8403
9292
7358
7607
8634
7667
7598
8189
8981
8099
8203
7974
8673
7779
9312
7635
10520
7768
8967
7786
8974
7786
7672
8114
8830
8949
9130
8910
9138
8317
8638
8326
7579
9021
9226
9961
7667
8791
7803
7714
8953
7630
7423
7950
8682
9196
8189
7829
9019
8133
8913
7347
7579
9057
7721
7971
8142
8594
7951
8547
75205
7628
7464
8142
8166
7629
8054
8953
8943
7628
7861
8812
8541
8856
8148
8223
9222
8416
7506
8816
9449
7747
9022
7584
7995
8693
7523
8169
9080
9197
8517
8150
7786
8805
8210
9171
9331
9323
7616
9012
9228
8743
9039
7642
8931
8547
8212
8984
9050
9235
8638
8737
8233
7450
9220
8690
7723
9410
7859
7932
8959
8973
8822
8676
11269
7792
7779
8287
9314
9206
8415
7530
9020
7877
7800
8948
9071
8783
8643
8102
8114
8556
8098
8754
9297
7883
7843
7392
8483
8891
9210
8664
8399
9374
9009
8067
8587
8984
8584
8513
9000
8660
7612
9158
7636
7592
8361
9328
8910
7994
8619
8187
8657
8352
8859
7961
9077
7609
7808
7928
7960
7893
9097
8395
8818
10207
9126
8000
7808
10204
7933
8405
13976
9156
8645
7984
8446
8738
7835
8692
9210
8235
7634
8181
10720
7779
7574
9258
10684
7773
7859
8534
7585
7226
8633
7695
8030
8420
8169
7590
7390
8471
8731
8484
7708
9220
8131
8289
7853
7609
8684
9259
10219
8897
7412
8892
9209
7789
7871
7524
8623
9205
8999
8750
8003
8034
7575
8431
7758
9319
8118
9051
9117
7671
8202
8374
8433
7423
8813
7681
8151
7755
7917
7461
8159
8348
8222
7876
8853
8703
7466
9123
10062
8416
8294
8205
8001
7758
7490
9089
8806
8180
9210
8737
7738
8835
7551
8538
8788
8971
8039
7749
7766
9026
9103
7889
7540
8985
8959
8184
8001
8517
7372
8315
9171
7614
8199
8126
8506
8381
8861
7806
7993
8937
8201
9364
8753
8241
8675
8616
8000
8257
9158
7827
8680
8358
9191
8071
8296
8357
7773
8587
7497
8792
9035
7373
9124
7792
9204
8169
8691
8135
8171
8276
8635
9143
8136
9012
7801
7620
8418
8886
8655
129807
7602
8460
9586
8931
8211
7694
9143
8349
7836
7874
8512
8205
8361
8713
9410
8720
8361
9227
8610
8967
9219
7732
8541
7585
8241
7430
8135
8435
9007
8824
7471
7666
8275
8179
7592
8066
8900
7295
7765
8722
8964
8022
9458
8799
7446
8251
10120
8948
8776
8665
8677
8367
9235
8397
8601
7502
7865
9079
8634
8062
8776
9015
8780
10743
8923
8202
8881
8184
7569
7496
8435
8265
7788
8986
9224
8187
8565
7269
9220
8082
9452
7705
8230
8383
7416
8976
7370
7943
8529
8048
7697
7689
8610
8378
9419
9103
8291
7571
8152
8107
8651
7477
8486
9139
9233
8030
7692
8084
8538
7699
8334
9052
7828
7583
7430
8428
8768
7751
8228
8224
8071
8229
8476
9113
8823
7792
7402
7569
9084
8777
8620
8471
8235
7892
8220
9287
8127
7856
8328
8807
7294
9130
9061
9326
8076
9024
8743
8262
9622
7810
8636
9057
7617
8456
12851
8001
8620
11301
9190
8576
8012
8618
7825
7786
9102
8920
7671
8161
8023
11711
9121
9326
9202
7470
10090
7948
8818
8474
8498
8825
8618
7517
7584
9108
8141
9264
8329
7410
7989
8185
7650
8517
7435
8232
8706
8312
8979
9216
7487
8466
8834
8403
8873
8474
7849
8014
8388
7869
8019
9366
8613
7570
8444
7392
8593
9059
9237
8902
9225
7599
7591
9025
7942
9038
7755
7666
8156
8039
7413
8548
7647
7798
8455
8656
8532
8471
8284
9331
9087
8592
7585
8116
8660
8015
8993
8632
11059
8359
7423
9230
9042
9118
8945
7716
8487
7473
8043
8816
9353
8215
7416
7885
7604
9509
8368
8644
7585
8134
7800
7922
8390
8599
7588
8603
8589
9294
8002
9167
8704
8989
8996
8109
7601
8371
8538
9068
7922
9238
7942
8382
9040
8974
122441
8092
7483
10451
7975
7736
8209
8131
7789
8620
10813
9098
8195
9200
9293
8271
7566
7779
7945
7733
9411
7591
8121
8218
8271
9026
7798
8746
8894
7553
7871
8439
8798
7494
9134
8483
8810
8591
8627
8155
7435
8625
8437
8566
8208
8021
9317
7929
7592
8979
8428
9020
7895
8266
9058
9019
7711
8767
7857
8393
7594
7592
8586
7651
7715
7620
7592
8306
8312
8161
8096
8260
8841
7758
9232
7502
7560
8144
7351
7548
8076
9173
8870
8745
9066
8661
7522
9187
8871
8812
8006
7720
7833
8751
8994
7806
8881
7772
8666
7370
9332
8076
9169
8918
9318
9260
9092
8968
7563
7581
8757
8351
7624
8090
9020
8662
9000
8356
9384
7468
7814
8854
8557
8394
7633
8456
9705
7547
7734
8646
9291
8303
7427
7686
7760
7964
8213
9370
9658
7830
9159
8487
7820
7475
8157
8012
8625
8461
9222
7814
8938
7938
8537
8498
9254
8159
8420
10567
8724
7544
11522
9066
8480
11707
8060
9160
7775
7994
8179
9089
9027
8198
7996
9241
7821
9076
9256
7799
8296
7942
7573
7861
9374
8155
9230
8703
8194
7511
7274
8836
7559
8425
8343
7441
8717
8857
9184
8846
7810
8461
7291
8402
9139
7566
8214
8986
8748
8292
7937
8845
9215
8212
8622
8169
7698
8410
9008
8293
8592
9268
7534
7517
8169
8661
8398
7549
9059
8151
7653
8019
9128
7842
7495
8871
8478
8577
8295
9076
8442
7491
7899
8397
7960
8758
8288
7777
7743
7451
8377
8635
8105
8212
7963
8838
7210
9118
7389
9085
8958
8075
8053
8652
8108
7647
9214
8210
9224
8915
8130
8077
8711
9006
8800
8423
7902
7491
7442
7970
8589
8054
9537
8600
8036
7500
8242
9249
8088
8948
7583
8221
9049
8879
7912
131348
7990
8101
8306
8587
7474
8361
7752
9479
8740
7624
9009
8158
9045
9254
8723
7653
7282
7881
7328
8433
7738
7707
7366
7189
7841
7917
8863
7618
8264
7462
7614
9345
7608
8317
8379
8738
9153
7821
9047
8773
7882
8374
8967
9046
9707
7657
7974
9186
7562
8487
8736
8562
7712
9016
9251
8189
8243
9044
7591
9173
9099
8833
9502
8103
8417
8474
7633
8557
8371
9332
8533
7536
8720
8414
9105
8157
8794
7853
8015
8960
9181
7651
7835
8792
7400
8616
8538
7847
9486
8077
9051
8266
8775
7965
7625
9237
8851
7552
7820
9233
10947
7851
8189
8910
8584
7964
8594
8610
7739
7856
7949
7686
8737
8473
8224
8475
8943
7990
8092
8237
8974
8191
7606
8001
8451
8396
8359
9297
8379
8400
9600
7549
8731
7283
9102
8025
7966
8394
8265
8183
7608
8563
9256
8025
9332
8348
8882
9487
7962
7752
8440
7619
8476
8439
8587
9131
8168
8123
9141
8374
8452
9299
8608
7588
9990
7597
8396
8478
8994
9089
8600
8919
7796
8712
9194
7810
9738
8076
8598
14849
7739
8024
9662
9025
9235
9030
9096
8333
8395
8975
7923
7892
7652
8254
7979
8147
8291
9061
9141
8360
7773
7613
8813
9003
9380
7651
8335
8250
7527
8448
9065
7993
8276
7598
8261
9196
9274
9585
9478
9396
7815
7892
7697
8786
8299
8347
9311
7752
10288
8773
7641
9149
8577
8075
9060
9142
9147
7886
7525
8833
8203
7772
7611
8979
8871
7573
8236
7793
7397
7556
8521
8791
8233
7333
8850
8388
9237
8799
7849
7813
8003
7584
7330
8843
8996
8184
8779
7874
7610
8724
7591
9304
8387
9081
7840
8607
9006
8879
8619
9377
8697
7898
8922
8243
8812
9102
8611
8664
9047
9313
8734
9027
130310
9810
9224
8752
7958
7823
9045
7845
8150
8856
7779
7991
8597
7877
8261
8891
9175
8361
8901
8445
7736
8815
9250
9146
9077
9340
7396
8480
9525
7695
8406
7497
8082
7692
7831
8959
9231
9040
7611
8835
9000
8482
8559
8271
9271
7224
9249
9063
7637
9031
8936
8353
7706
8746
8132
9272
8176
8121
8810
8656
8492
8524
8233
7999
12548
9087
7548
9332
8588
9102
7525
7934
7694
8133
7994
8195
8415
9064
7231
7471
8644
7770
8331
7780
8684
7742
9128
7964
8413
8159
8094
8479
8228
7745
8643
8274
7923
9003
8625
7671
8617
8833
7681
9108
9403
8341
7808
7815
9299
7939
9158
7989
8530
7973
8304
9097
8458
7894
8325
9118
7703
9504
7497
8600
9130
8865
8376
7603
15026
8152
8070
11030
7415
8174
8461
8221
8760
8517
9076
7532
9200
7800
8666
8463
7895
8661
7953
8074
7998
8193
8616
7963
9038
8610
8632
9148
8032
9270
7718
8006
7449
8433
8905
8255
9020
8445
7553
7489
8112
8907
13363
9200
8398
7780
7944
9142
7902
8312
8471
9277
8932
7742
7605
9265
9213
8433
8615
8600
8640
9495
9112
7646
9487
8375
8696
8124
8406
7934
8426
7569
7363
7632
8393
9410
8252
7710
9126
7774
7546
8486
7656
7574
8965
8371
8405
8029
8325
8201
8745
8433
9066
7833
7541
9236
8542
8067
8207
7910
8651
7555
8112
8122
8907
8872
8693
7666
9288
8374
7612
8379
8424
7533
8123
8777
8746
8860
9203
9732
9146
8163
7781
8123
9475
8081
7659
9070
8611
7612
8587
7784
7769
7257
8217
7348
9096
7492
8669
7781
8093
9319
8295
8644
9077
8933
8427
7721
8755
9002
8192
7917
8500
9221
8338
7916
9214
8421
8919
8002
8471
8550
8893
8605
8471
115483
9193
7785
7297
9148
8674
8236
9486
7584
7588
7926
9141
7891
8329
8894
7809
8824
8244
9046
7395
8214
8546
7627
8297
7361
8356
8984
9907
8457
8470
8772
7589
7524
8756
8758
7740
7877
9171
8493
8606
8803
8662
8391
9005
8394
8107
8442
9312
7524
9259
8412
9215
9969
8507
7808
7996
8216
8963
8402
8066
8606
8501
7816
8988
8284
7588
8355
7861
8484
8675
7782
8035
8614
8754
7626
8558
7604
7620
8189
8132
8076
7790
7797
8931
8580
7408
9077
9465
9312
7723
8207
9596
8605
8297
8017
9158
7882
9148
8295
7780
9323
8485
9237
9151
8231
7717
7669
8635
8956
8473
9005
8231
8937
8655
8657
9282
7976
7560
8552
8413
7711
8201
8603
9025
8877
7290
8032
8848
8588
8428
7933
9411
8456
7532
7386
8105
9242
9238
8767
8564
8102
8480
7953
8454
8997
8615
8797
9277
9261
8651
9147
14079
8384
7522
10444
9956
7614
8714
7689
7812
8040
8449
8014
9229
8239
9195
8338
8102
7744
8984
7770
7688
8386
8921
8193
7638
8994
8479
8158
7625
8361
8414
8778
7847
8173
9393
8959
10898
8576
9480
9161
9013
8271
7610
8799
8192
8531
8464
9374
7579
8752
7693
9241
8482
8808
7784
8136
8524
8273
8054
8971
8873
7770
7653
8656
8785
8771
7784
9059
10283
8739
8496
8138
8917
9177
7611
8128
8379
8009
8106
8560
8415
8718
9094
8370
7564
8256
8375
9030
8815
7625
7572
8334
9220
9298
8606
9140
8244
8798
8214
8020
7769
8594
7534
8245
8897
8248
8685
9040
8007
9056
8492
8171
7570
9176
8774
8575
8977
8230
8516
8596
8853
8976
8058
8352
8103
8007
7973
8206
8416
8576
8603
8190
10738
8057
8763
7575
8979
7395
8092
7843
9428
8940
107620
8787
7448
7890
8763
7313
9695
8259
8984
8576
7522
9315
7429
9219
8987
9278
8625
8351
9097
9340
8059
7948
9121
8471
7371
8695
9017
9152
7620
8333
8067
8374
8711
7942
7951
8232
8615
7572
8178
8584
7721
9099
7709
7923
8573
8390
8034
8158
8252
7553
7855
8596
7330
8485
9428
8600
9040
8305
7806
7438
8154
9194
9107
8702
8046
7889
8733
9239
7822
9112
8841
7251
9322
8884
7706
8770
7985
7604
7598
7574
8353
9040
7755
8774
8236
7439
8410
8618
9184
8788
8469
9023
7733
9061
8020
8436
8372
9254
7581
7369
7742
8400
7886
7536
9038
7694
7511
8541
8576
7469
8747
11338
8173
7957
8687
8952
9248
8142
10443
8977
8439
7725
9034
9271
8835
8238
9151
7655
7608
8446
8051
8105
8584
7763
7949
9249
8302
9142
7668
8164
8402
7526
9113
7567
8177
8635
7783
8096
8676
8287
8655
8828
8663
8129
7873
9219
9252
7653
9487
8445
7413
8287
8212
9157
7446
7899
8050
8435
8973
7575
9446
8089
10454
7991
8418
9462
8779
7835
8547
7439
8820
7814
9041
8890
9582
8967
12921
8887
7486
11112
8770
7844
7849
8611
7607
8461
8053
9026
8534
8397
7654
9310
8819
8834
7760
8132
9148
7552
7678
7768
9255
8265
8530
13712
8490
8717
8482
8414
8856
8226
8145
7275
7610
8194
8834
9074
9571
8317
8129
7936
7570
8748
7914
8096
8956
8538
8053
8614
7456
7569
8071
8893
7331
7674
8102
9277
10743
8022
7634
8650
8779
8036
9266
9123
7953
7890
8225
8400
9511
8976
7527
7893
8374
7945
8094
9075
8276
8256
8117
9188
8424
9280
9231
8940
8273
8401
9092
8764
8213
9162
8592
8219
7369
8219
9264
9048
7813
8296
8844
8110
8066
8601
8403
125002
9095
8159
7251
7808
8733
7971
7573
8699
9099
7364
8335
8662
9519
8692
9210
7471
8826
8157
8629
8855
8153
8945
8267
7536
7625
7974
9077
9064
8136
8638
8625
8808
7857
8164
8343
7866
9323
7984
7592
8955
8709
8457
9282
8192
8380
7600
8634
8254
8176
9136
8233
8620
8671
8803
9069
7994
10864
8959
7292
8507
9219
9160
8836
7857
7698
7544
9034
7995
8370
9138
7964
8418
7651
8546
7499
8665
8450
7814
8646
7916
9399
7532
8891
8957
8510
9194
8460
8427
7724
8908
9355
8245
7814
8634
8578
9280
8732
8338
8225
9090
7843
8381
7730
8887
9005
8646
7676
8974
8401
7554
7492
9189
8086
8387
8255
7690
8960
9909
8204
7807
9469
7965
8662
8130
8773
8723
8214
8002
7585
8788
9138
8040
9298
8553
9169
8526
9010
7510
7876
7933
9920
8155
10467
8798
10952
12178
8036
8400
8282
9337
8229
9081
8319
9238
8539
8208
9643
7564
7794
7401
8497
7526
7835
8154
8173
9057
7700
7958
9862
8960
9231
8080
8561
8625
8873
8538
9660
8633
7593
7630
7830
8698
9096
8612
9087
8494
9241
7517
8225
8601
9199
9638
8697
7998
8120
8410
9129
8973
8982
8461
8224
8481
8109
8357
8582
7741
8675
9301
9962
8376
7594
8830
7516
7467
8088
7523
9600
8451
8174
9315
8557
7508
8845
8683
9317
8505
8558
8247
8846
7554
8675
8040
7911
7830
8570
7556
7846
7807
7752
7575
8950
8264
9188
7554
9217
8212
8510
9154
7624
9158
7653
8502
7745
7994
9235
8061
8015
9277
8613
8020
8031
8861
8937
7684
8981
7596
8651
8617
9232
8027
9280
9017
9642
7774
8224
8347
8244
7924
8577
9102
8704
7292
9254
8120
7983
7635
9225
7825
8196
8983
8458
8703
115226
8938
8304
8341
8356
8378
9440
9355
7979
9123
8595
8688
7794
9359
7970
7593
9148
8497
8087
7660
8334
8364
7830
9199
7393
7753
8182
9307
8758
8239
8804
7733
8775
7753
8536
9180
8544
8987
7586
8037
9261
8486
7487
8461
9100
8162
7782
9261
8592
7815
7639
9221
8628
8614
7788
8292
7694
7917
8113
7309
8538
8950
8372
7892
8112
8452
8188
8225
7509
7780
7600
7849
8410
8210
9148
8877
8656
8794
8152
9249
8851
7941
8815
8784
8671
7634
8993
7840
7598
8116
9189
7951
7918
9081
8778
8199
8943
8914
8543
8087
8341
9186
8575
8186
7610
7748
8710
7795
9042
8203
8527
9091
8917
8938
7762
7938
8607
7876
7631
8153
7559
8492
8751
8658
8586
7475
8183
7330
8550
9087
8791
8642
7977
8800
7371
8709
7987
7721
8747
7619
7994
7611
9436
7437
7984
7553
8825
7468
7471
9200
9198
8533
9030
8518
8331
9210
8728
7813
9358
8021
7413
7649
8758
7902
8918
8906
8339
7700
7868
8554
7557
8638
12025
9312
7353
10076
8204
7989
9638
7374
9426
14097
8564
9267
8535
9097
7827
9440
8379
9074
7785
8463
8903
8230
7713
8614
9275
7511
9102
7749
7844
8418
7903
8997
7681
7942
8594
7881
7639
7641
8068
8754
8427
7917
7672
8613
7892
8777
9056
9167
7470
7620
8728
8082
9292
9179
8996
8657
8393
8569
8071
8400
7722
8261
8785
8159
8668
9359
9086
8413
7455
8388
7788
8917
8105
8718
7851
8579
8046
7339
7605
9415
8702
7688
7371
7524
8084
8746
7993
8690
7801
7790
9259
8803
8930
8225
8571
7629
7830
7813
7792
8415
8974
7929
7466
8184
8585
9183
8206
9218
8533
8696
8158
8529
7996
8955
9643
8816
8179
7850
7825
8093
7525
130209
7960
9081
7872
9452
8576
9406
11347
8566
8576
8271
8156
8253
8597
8805
7743
7832
8112
7792
7928
7962
7770
8994
9216
8143
7622
8815
8610
8884
8429
8728
8311
8625
7538
8871
8989
8103
8697
7739
8117
7928
7907
7824
8143
8446
7848
8994
7646
9217
8015
9224
9070
7551
8153
7848
8764
8553
8509
8994
8162
7767
8394
8454
7541
8854
7841
9015
9209
8937
8649
7717
9603
7523
7979
8273
8705
8795
7974
8133
8143
7802
7723
8193
8234
8903
7194
7646
8307
8061
7569
8783
8061
8380
8386
8888
9321
7492
7864
7770
8313
7821
7738
8347
8248
8772
7656
8308
7927
8390
9006
8765
8317
7956
7584
8692
8151
8369
8375
7968
8340
8535
7479
7702
8626
8514
8580
7754
8618
8851
9229
7690
9062
8454
7758
7651
9250
8151
7973
8323
8458
7691
8013
7594
7552
8203
7717
7882
8391
8829
8354
8933
10317
8096
8443
8112
7541
8857
7513
8255
8333
8808
8456
8785
9114
9200
9316
8632
9088
7825
9125
8616
8296
7892
8833
7260
7752
9029
7934
8231
7805
7998
7997
9249
8805
7808
8803
8112
7794
7436
9194
7609
7909
8234
8241
7825
8037
7835
8639
8051
10366
7789
7548
8815
8917
9023
9305
7688
9297
8683
9488
9146
9461
7666
8922
8496
8495
7763
8428
8738
8656
9100
7317
8489
7692
8413
8791
11459
8629
12663
8188
8032
12932
7848
8645
9236
7449
9077
8739
9663
7645
7248
8532
8133
7717
8994
7800
8384
8400
8451
7402
8571
9241
8610
7779
8353
8001
7735
8394
8031
7757
7640
8656
7523
9434
8648
9259
7750
8866
7894
8595
8815
8640
7542
8846
7762
7838
8587
7912
8806
8587
7730
7900
7721
9331
9233
7962
7574
9853
8162
7383
8284
8648
9019
147851
8935
8532
8523
8278
7553
9601
8148
8182
8317
7928
7685
7747
8266
7594
7553
8516
8597
7828
8217
7866
7601
9251
8333
7752
8853
7630
8323
8584
8287
8982
8057
7768
8472
9772
8426
9333
7762
8640
8219
9031
8395
9067
8028
8208
7550
8118
7939
8550
8681
8707
9097
7728
7581
7526
7849
8815
8805
9019
8164
7702
8731
8584
8158
8014
8348
8372
7784
7573
7810
9220
8800
8184
8655
7618
9308
8700
8882
8584
7781
8291
8143
8802
9271
9206
7399
8938
7622
7907
8499
7574
8712
8614
7550
8018
9039
8361
8189
9903
7823
8340
9235
7808
7978
8070
8175
8558
9358
8968
8246
9125
8732
7614
7975
8266
7707
9329
8282
8315
7820
7715
7545
9257
7779
8975
7294
8138
8425
8618
8764
9451
7490
7992
8612
9164
7773
8010
8448
9017
7428
8036
7740
9257
7606
8066
8825
7914
8767
8468
7702
7695
8538
8392
7577
7576
9317
7783
8738
7651
9200
8003
8236
9687
9368
9101
9520
9241
7375
8287
9219
8675
7902
7815
7603
8423
8644
7766
7980
7651
8094
7871
7475
8534
9543
8290
8979
8391
7974
7975
7745
9282
8000
9058
7212
8180
9216
9032
9559
8956
7860
9745
8953
8594
14492
8683
8283
11066
7346
8260
7721
7742
8076
8608
7858
7528
9328
8942
9196
8453
7600
9092
8546
8723
8835
7562
7757
9377
8584
8829
9158
8292
7719
8861
10766
8820
8389
8728
8336
8016
9137
8403
8625
8364
7565
9234
7809
8025
8456
8223
7379
7410
8025
8911
7934
7990
9110
7683
7602
7984
8888
9103
8391
8901
9200
8358
8366
8836
8232
7635
8631
8988
8754
8271
8522
7457
7373
8673
9279
8576
7774
7722
8251
8005
8610
7807
8741
10181
7886
9058
8570
9927
8957
9683
128124
9252
8478
8467
8678
8533
8755
8492
8812
9246
8374
9107
7863
9379
7958
8871
7707
9106
8206
8803
8348
10126
8311
8951
7723
8761
8822
15423
8743
7961
9483
7880
9078
7911
8133
8077
8279
9085
8627
8692
7974
8816
7758
7762
8553
8007
8402
8210
7803
8097
8373
8232
22287
8419
8969
12592
8312
9407
8716
18658
8274
9897
7946
8438
8935
9605
19575
8641
7663
9451
9094
7501
7593
9591
9049
9093
7703
8853
7796
8176
7579
7781
7844
8531
8096
7473
9155
8002
7970
7897
8676
7920
7671
9469
7547
7595
7591
7989
8370
8312
8967
7807
8434
8596
9421
8893
8750
8150
9238
7984
8635
8794
8069
8835
8903
8687
8126
7668
9512
8323
7819
9038
8454
9137
8097
10620
8126
7441
8433
7654
7928
8180
8265
9136
10241
8372
7974
9179
7928
7901
8665
7906
9210
7995
8451
8477
7645
8027
7569
7985
9044
8984
9103
7745
7610
8471
8184
7738
9408
8875
8420
9232
8495
8497
8166
9191
8778
7698
7729
8054
7633
8079
8183
7980
8081
9301
8353
9651
7813
7853
8974
8261
9272
9025
8595
8874
7687
7579
8374
9138
8679
8364
7749
9072
7784
20853
9230
7759
8507
9323
9302
8842
7693
9211
7798
8810
8357
11075
8590
8359
7920
8981
8842
8103
8544
8807
8598
9057
7728
8389
8504
9245
8122
8222
7692
8820
8636
9260
10266
7790
7800
12678
7989
8228
15410
7578
8768
9048
8997
7581
7798
8862
8189
8779
7476
8771
9399
9007
8682
8201
9194
8150
8394
8292
9445
9116
8347
8912
9319
8394
8918
8492
9333
7769
7923
9201
8180
7876
8743
9200
10082
8574
9139
8476
8055
9497
7990
7972
7562
8482
8170
9179
8040
7805
8673
7767
9044
8642
7538
7410
8933
7611
7977
15270
8902
8794
7489
9372
7660
9321
8649
9402
8716
8405
8216
9156
8864
9105
8854
7885
8700
7730
8986
9154
8917
9112
7858
8888
7971
8605
8195
9187
7824
8518
8136
8331
7824
8979
8579
8158
9129
8463
7635
8835
8220
8319
7934
7975
7430
7765
8802
9281
7950
10199
8052
8364
8164
9035
7653
8120
7623
7746
8249
8972
8687
7833
8891
8101
8775
8071
8168
8402
8386
8632
8215
8312
8995
8194
7833
8384
9027
8796
8303
7559
8775
8059
9057
9079
7682
7771
8114
9220
7942
7964
8197
8179
8451
9175
7740
8903
7733
8838
9010
9234
8073
8418
7910
7692
8942
8187
8527
8070
7786
9258
8353
8533
7993
9085
8143
9620
8594
8102
7550
8261
9229
7615
8046
8535
7698
8243
8259
8435
8270
9200
7834
8237
8383
8568
9078
8639
9377
8397
7375
9070
8417
8141
9157
9336
9181
7453
8307
8151
8939
7796
8779
10328
8500
8488
8666
8343
9407
8675
8022
8122
9030
7660
8763
7569
8128
9137
7539
8407
7467
8567
7813
8043
8603
8451
8595
8798
10189
7538
7913
11169
8035
8154
13973
10215
9660
8570
9107
8403
8226
7551
9055
9338
7906
8917
8282
8640
7959
8697
9048
7712
8236
8687
9480
9200
8221
7636
8371
8632
9032
7583
8879
9113
8184
8353
9046
10047
9277
9471
8334
8539
7379
8659
8441
8122
8173
8329
8998
8758
8490
8160
8939
7760
7634
9222
7506
8909
8003
8391
8189
9690
8995
7549
8005
7602
8725
8478
8425
8876
8543
8505
7353
9306
9060
7917
7831
8699
8111
8422
8396
7801
8634
8194
9164
9265
9205
8485
8372
7953
7597
8394
8189
8315
8100
8720
7343
9066
8612
9014
9253
9147
7569
7314
8848
8881
8937
8190
7751
8892
9338
9319
9282
8466
113794
8842
8183
8687
7622
8133
9294
9089
7599
8779
8318
8972
8589
9015
8639
8122
7665
8132
8692
9200
9441
8036
7743
8369
7249
8164
9007
9695
7553
8148
8376
8235
7579
8443
8497
8319
7787
7781
7418
7610
7729
9255
8064
7972
9050
8599
7574
9470
8875
8506
8237
9631
8605
7653
8763
7874
9018
7584
8825
9771
8476
9056
8237
8550
7451
9038
8232
7959
9333
9238
9171
7731
8498
8512
8224
9156
7779
8328
8518
9212
8779
8205
9273
9362
7450
8417
8712
7551
7751
7905
7720
8721
7339
7848
9220
7605
7603
8754
9232
7872
8250
7723
8829
7410
8053
8739
7473
8282
8615
8346
8076
7485
8591
7875
8540
10911
9451
8518
8515
9175
8238
7800
8255
7576
8126
7952
7690
8721
8886
8538
8436
7895
7896
7947
8251
9197
9047
8767
7919
7693
8160
8360
8997
7783
8251
9117
7734
7905
8979
8237
7686
7677
8979
7993
8105
8110
8758
7911
9082
8648
7796
9267
9025
8899
7776
8789
8087
8415
9215
8784
8397
9057
8820
7610
7933
8350
8317
8810
8720
8683
8735
8321
10440
8891
8600
14260
7290
8195
10939
7928
7596
9180
8824
8619
9240
8412
8726
8239
8405
7549
7452
8005
7997
8002
7799
8302
7612
8641
8829
8774
8964
8956
9404
8886
7307
9057
9038
8494
8759
8871
7957
7290
9158
8061
8786
7589
8044
8761
7837
7933
7582
8677
8288
7892
8788
8738
8773
8236
8186
7934
7443
8033
8509
11417
8124
9067
7900
7517
9080
7496
8876
9244
8801
7461
8336
8134
8138
8632
8792
8646
8609
8441
8541
8868
7986
8959
8039
7890
8292
7720
7553
8136
8513
7803
8632
7397
7531
8039
9035
7821
8738
7848
9517
8174
8358
9030
8830
8123
9385
8353
8635
8314
8685
127273
7921
8644
8555
7825
7615
9350
8953
8771
8013
7796
8374
9066
7970
8930
8573
8684
8794
8322
7806
7664
9180
8320
9202
8236
7761
8112
9125
7600
9046
8435
7205
8960
8484
9177
9379
8163
8353
8417
8798
7517
8320
9250
8355
9043
8394
7936
9286
9124
8289
7800
8525
7546
8123
7498
7988
7969
8401
8846
8258
8728
7454
9207
8668
8559
8544
7881
8496
7671
9142
7687
7949
8253
9020
8358
7686
9148
8176
8907
7549
9025
8028
8515
9135
7652
7461
7985
9120
7746
8729
7613
8549
8274
8832
9035
8228
7805
9611
7999
7356
7627
9004
8171
9119
8725
7948
8722
7676
7519
8664
9412
7886
8993
7976
9377
7882
7902
8272
7496
8731
8087
8899
7957
8153
8072
7587
8129
7796
8625
8774
8894
9067
7485
7659
9009
8789
8341
8445
8692
8150
7725
8812
9253
7738
7990
8707
8738
8910
9043
8823
7484
7707
7715
8641
8761
7994
9050
8957
8309
9125
8320
8990
8128
9352
8068
9463
8645
8734
9274
8517
9215
8857
7382
8789
8520
8368
8752
7599
8636
8197
8684
7936
7728
8893
7785
9430
8624
9801
8716
9379
11328
9342
8728
9769
8185
8520
8801
8376
8827
9540
7328
8564
8707
8574
8245
8805
10410
7433
9214
8958
9020
8424
7871
8636
7913
9055
7580
13835
7902
7573
9090
7920
9620
8969
8826
8993
7653
8353
7481
8617
8862
9294
7485
8676
9109
8074
9058
8580
7933
8698
8670
8251
7820
8492
8739
9087
9425
7371
8188
7517
9341
8949
7787
8381
7651
7568
8227
8854
8959
7842
8664
7577
9033
8866
8284
8584
9106
8399
7417
9013
9631
8386
7835
7763
7991
8149
8933
8010
10575
8695
8976
9258
7417
7997
9056
8693
8390
8274
7524
8288
8215
8099
8205
110130
9044
7929
8038
8675
7574
8492
7796
7611
7825
7914
8035
8860
8979
8846
7716
8811
7872
8369
8575
7810
8251
8145
8805
8494
9050
9034
9230
8093
8899
8682
8533
8099
8645
9232
8912
7953
8029
7905
8454
7593
10835
9210
9047
7635
8213
7849
8015
7675
8092
7865
8198
8380
8857
8333
9019
7587
7871
8275
7374
8415
8155
8554
8030
7359
8667
9044
8432
8758
8421
8600
8526
8674
9589
7862
9359
9385
8873
8361
8931
8825
8736
7687
7980
8998
7465
8158
7875
7871
8823
9189
7616
7750
8874
8280
7789
8381
8871
8563
8737
8306
8173
9087
8126
9738
8277
8406
8478
9124
9242
9091
8456
9197
7523
8142
8391
8074
8799
8560
7784
8807
8169
8675
8189
8630
7630
8620
8186
9007
8866
7848
8873
8081
7788
7753
9232
8906
9398
9298
7692
8895
8600
8158
7648
9176
7699
8202
8654
7606
8997
8205
9315
8774
7408
8233
8802
7856
8118
8084
10266
8285
8611
7860
8446
9023
9429
8225
7996
8939
9929
8026
8819
7303
9261
8133
8650
8062
8132
9092
7678
7702
8628
8712
9692
8666
8995
14297
8338
8610
8916
8764
8993
8715
8211
8094
8718
7784
7687
8377
8274
8220
8428
9028
8569
8794
9027
7819
7584
8454
8408
8769
7828
7923
7816
7975
8459
7592
8141
7830
8862
8809
8541
8653
8210
9276
7749
7761
8041
7896
8451
7695
8250
8360
9049
7932
8375
8827
8263
8836
8913
7307
9227
8414
8006
8974
8619
7890
8642
8123
7999
9117
7600
7842
8588
7408
9195
7745
8504
7498
8256
9007
8278
7573
7668
8493
9458
8803
8927
7541
8951
7933
8256
9007
8820
7891
8292
7856
9010
7687
8464
7690
8573
7994
8617
7517
8292
8958
7351
9600
8317
8396
9148
9082
133966
8020
7584
7156
11428
7836
8330
8513
9521
8092
7739
8314
9039
8062
7617
9255
9189
8263
8073
8397
8612
8410
8767
7798
8377
8597
7716
9231
7935
9200
8223
7988
9394
8033
9097
8756
8162
7480
7537
8385
8283
7781
8133
8644
7573
7411
8535
8362
7913
8523
8174
8015
8604
7758
7550
9433
9248
7850
8157
8596
8989
8652
8145
7485
8315
8861
7858
7927
11449
9236
8210
8107
7552
7630
7893
8813
8486
8636
8188
8045
8145
9150
7492
8213
9135
8528
8978
8013
8541
8662
9047
9165
9454
8497
8615
7954
9025
8281
7492
8276
7907
9260
8473
8919
8123
7935
7649
7798
8376
9035
7803
8272
8532
7397
8023
7582
9480
8358
7936
9352
8511
8811
8442
8321
9248
8586
8242
7802
8848
8461
8827
8172
9905
9642
8513
8173
9145
8600
8270
7389
8158
8911
9281
7974
9271
8385
7345
8923
9822
8205
8594
9175
8907
8593
8978
8856
8546
7962
8307
8012
9579
8144
8287
8614
10159
8676
7493
9927
8625
8800
15079
7792
10623
7712
7538
9135
9442
9156
8514
8372
8188
7441
8594
8466
8979
9030
7779
8466
7722
8849
7839
8649
8111
8292
7820
7365
8984
7515
7980
7992
8559
7821
9015
8130
9535
7695
9931
8589
7688
8075
9132
7881
7654
8332
8096
8251
8206
7776
8880
8030
8023
8594
8599
8596
7615
8833
7621
8468
8076
7928
7897
7774
7738
8592
7572
8960
8473
8327
8414
8451
7988
8432
8421
8911
9323
8545
7533
8569
8098
8020
7994
8138
7960
8062
8369
7696
8602
7723
8485
8412
9818
8220
8957
9074
7737
8685
8931
7456
8347
7717
8564
7543
8797
8696
9108
7934
8348
8490
9408
7874
8259
7471
8297
8845
8674
8095
8993
8565
8780
8208
7764
7958
9423
123918
7979
8577
8098
9379
7312
8224
8536
8706
8070
8722
7738
8328
8176
8389
8203
7538
8096
7435
8606
7748
9130
9345
8713
7317
7585
8215
9530
8699
7685
7369
8866
8329
9214
8794
8394
8427
8791
7773
7892
9095
8198
7492
11302
8603
7430
7867
7796
9028
9144
8512
8215
7878
9295
8939
7774
7964
8514
8501
8138
9164
8735
9234
9246
8426
7852
8113
8671
7702
8679
8395
7349
8880
9169
8194
7941
9147
9008
8258
8907
8457
8955
8845
7943
7873
8061
8128
8794
9087
7760
9656
7632
7988
8374
8191
10316
7986
8259
8032
8578
8225
7994
8944
8738
9121
8074
7770
8609
8777
7747
9220
8091
8435
8382
8732
8091
9076
8479
7578
8154
8635
7576
8433
9087
8533
8231
7783
7777
7446
7397
8581
8397
8608
9202
8605
8410
7766
7841
9220
8257
8536
8466
7727
8802
9057
8447
8833
8835
7953
9006
8805
9176
7949
8635
7927
8997
8463
8656
8486
9158
8507
7835
9186
8532
8623
11732
8954
8020
7846
8677
7867
8168
8181
8070
8410
9051
8501
8473
14107
7804
7750
10849
8876
8144
10083
7832
7502
9693
8336
7809
9423
8073
7706
7916
8285
8288
9143
8563
8824
8855
7603
9073
8593
8563
8859
8946
9097
7982
8774
7902
8307
8272
7876
8984
7796
9411
8947
7596
7822
9266
9524
7393
8131
9778
9244
8266
7569
8563
8704
7813
7979
8654
7534
7834
8025
7391
7733
7632
8164
8752
7935
7986
7852
9138
7886
8011
7548
8019
8230
8213
7806
7431
7568
8942
8045
8424
8063
7612
8250
8126
8895
8658
9129
8694
8963
8993
9395
7717
7709
9039
8500
7841
9187
7825
9220
7442
8251
7953
8591
9027
9671
8355
7707
8769
8194
8694
8976
11450
9066
8196
8635
9191
9136
110862
7791
9044
7811
8514
9115
8629
8900
8458
8543
7678
8446
7748
8958
8273
9186
8244
7990
8892
8396
8949
8182
8225
9316
8359
8318
8620
7719
9279
7934
8482
8500
9199
9115
9350
7736
8328
8595
8395
7774
7684
8896
9045
8148
8883
8200
8454
7835
7584
8087
7758
8574
8036
7921
9138
8333
8695
8369
10936
8223
8697
8569
9321
8295
8030
7869
8656
9193
8962
8811
8411
7646
9057
9053
8663
7914
8154
8828
8028
7568
8867
7781
8129
8375
7690
8351
8624
8377
8480
8394
9018
8804
7815
8012
8451
7753
8411
8522
8623
8516
9150
7690
8232
7645
8057
8318
7621
9256
9143
8455
8702
8049
9162
7667
8254
8960
7620
8234
8586
8937
8094
8788
10104
9332
9131
7364
8457
9408
8005
9206
10427
8204
8223
8764
7898
8691
8358
8610
9282
8178
8826
7369
8014
7592
8414
8860
7982
8438
8837
9152
8641
8061
9205
7951
9290
7603
8948
8769
9287
8743
7489
7879
8824
8296
8745
7792
8017
8627
9312
7585
7789
8550
8697
8520
8002
8550
8644
8719
8457
8561
8749
8538
8430
8760
8231
7794
10953
9071
9021
15383
7656
8876
9246
8289
9594
8441
8774
7579
7820
7734
8343
9058
7730
8190
9028
9606
8494
7635
9216
8977
9047
8460
8340
8635
7475
8970
8373
9136
9529
8333
8317
8597
7908
8531
9128
8729
8431
7679
8151
8270
8147
9223
7945
8410
7692
7730
7788
8076
8719
7625
7497
7854
8938
8485
7759
8812
9154
8120
8150
7773
8552
8800
8625
7794
8194
9056
8760
8879
8234
9238
8147
8454
8134
8093
8430
8320
9222
8743
8004
8753
8405
8816
8953
8435
8357
8250
7590
8334
8697
8724
8812
8416
7580
8807
9032
7975
8842
7530
7928
8846
7611
7586
8207
116990
8190
8136
7304
7504
8833
8649
8633
7868
9199
7794
8473
7553
8005
9221
7824
8745
8435
8895
9215
9675
10751
8492
8171
8358
8394
8780
8389
8915
8590
8112
7845
8641
8018
8430
8797
8628
9001
8625
7588
8477
8532
8073
7769
9420
8716
7813
8102
8808
7821
8712
8777
7775
8417
8611
7960
8215
8633
7752
8620
8493
8448
7805
8599
7335
8979
7915
7605
8839
8544
8753
8266
7763
7698
7729
8257
7655
8682
8225
8613
8897
22930
8518
8540
8206
8224
8282
8121
7855
9138
9138
8431
8515
8112
8137
7805
8173
8018
9231
8400
8357
9269
7533
7587
8120
9246
8257
7606
7615
7545
7515
8657
9202
8648
7668
9251
8090
9295
8033
8009
7400
8780
8666
8232
8116
7692
9014
7743
9342
8831
9209
8900
7624
8032
9377
7648
9239
9108
8430
8232
8394
8010
8836
8776
9014
8143
7499
9168
9251
12750
8680
7707
9357
8352
8738
13336
8207
8634
8260
9358
21738
8933
7533
8369
7607
8863
7589
8609
9153
7938
7617
7533
8270
7809
7760
9446
8386
7895
7918
8082
7934
7577
8470
9218
8679
8512
7396
9293
7316
8504
8198
7997
7647
7292
8271
8190
7993
8548
8825
7610
8626
8169
9328
9028
8200
8292
7795
7292
8333
8991
8446
8595
8933
9982
7872
7611
9307
7768
7773
8849
8917
8650
9023
8514
8830
8734
8753
8217
8231
8731
7607
8661
8349
8470
8146
8503
8140
9753
9112
7739
8079
8784
7782
8957
7314
9138
8300
8462
8458
7751
8457
9207
9056
9139
7830
7806
8302
7858
8202
9317
9128
7691
7605
9130
8437
8271
9320
7820
7782
7591
9094
8195
9062
9301
7932
7958
7531
10172
9376
9461
8102
8600
8252
8441
7571
8574
7814
8600
8184
7769
7755
7672
9338
101481
8634
8416
8376
9158
8969
9325
8078
8158
9293
8405
8052
7816
8698
7711
9238
10297
7835
7933
8680
8696
8816
8366
8389
8615
7661
7761
9740
9270
8910
8310
8471
8779
8054
7972
9204
9140
7569
8653
7948
8054
8295
9120
11007
8542
7433
7656
8538
9475
8059
7835
7971
8610
8589
8442
8288
9930
8214
7994
7482
7993
8422
8662
7610
7281
7630
8906
7737
8443
8153
7875
8775
7833
7554
8768
7936
9493
8258
8758
7785
7779
8892
7897
8387
7924
7533
7835
7994
15923
19787
7709
8789
8536
8096
8862
8540
7561
7820
8056
8712
9077
8014
8780
8215
8837
9194
7835
9008
8576
7750
7685
8188
9984
7971
7590
8814
7950
9128
7956
9179
8490
9393
9422
8630
9180
8488
8619
7525
9418
7629
8731
8140
7531
9266
7571
9158
8763
8455
7933
9767
9228
8521
13866
8936
8386
9458
7384
7743
9283
9336
9256
8542
8835
7891
8935
8687
8574
9048
7965
8493
8627
8837
8002
8086
8641
8364
8110
7873
8738
8825
8059
7835
9652
8488
7972
7765
8204
8852
7988
7333
9107
7787
8795
8591
8187
8755
7281
7886
7459
8389
8189
8854
8738
7370
8073
7811
8545
9014
8896
8542
8053
7812
8429
7934
9375
9041
8866
7460
9279
8504
8132
8425
8420
7578
8054
8576
8677
8134
8783
8806
7648
7609
8274
7983
9205
8502
8476
7718
7608
8456
8671
7687
8815
7773
9036
7597
9051
8987
7933
8102
8013
7830
7571
8815
8666
8556
8841
7852
8128
7794
9193
8438
8969
8504
7882
7756
8590
7788
8430
7912
9407
8671
9033
7935
8793
9032
8213
9244
7293
7569
8108
8706
8613
8410
7790
8533
7845
7882
9268
8694
7776
8795
8810
8893
9417
8198
8127
9010
9239
7482
8155
8090
8263
98226
8138
9347
8171
8386
9006
8598
8641
8215
7800
7741
9540
9040
9020
8525
9368
7574
8059
7712
8153
8379
7896
9240
9307
7759
8636
7916
8005
8632
7887
9220
8437
8228
7652
8987
7915
10572
9271
8450
9449
8027
8353
8878
8823
8765
8035
8282
7786
8009
8323
7630
8017
7605
7525
8757
9136
8496
7385
8875
8541
7614
7834
8003
7750
7666
8879
8439
8890
8908
9164
7742
8520
7548
8114
8729
8967
8933
8118
8139
7928
7777
7558
8966
9357
8843
7882
9394
7853
8577
7954
8538
8405
7414
9057
7755
8717
7479
8415
8808
8598
8218
9008
8606
9022
8582
8032
8660
9092
8598
8716
9022
7955
8575
8696
8435
8156
8078
7646
8554
8819
8619
9071
9198
8156
9249
8258
9202
8054
8364
7697
8005
8251
8043
8911
8913
8941
7532
8156
8989
8947
8197
9194
7805
7597
8647
8169
8563
8044
7591
8896
8728
7999
8139
8595
7801
9144
7936
9308
8569
8124
7297
8980
8825
8008
8213
8516
8177
8683
8001
8177
8558
7978
8673
9040
7571
8872
8774
7834
7990
8505
9143
8798
9046
8927
8800
7578
7609
9257
9023
8163
8665
9019
8157
8301
9041
8064
7640
8914
8184
7594
8154
8674
8338
9040
9507
8069
8897
8376
8862
7760
8574
8272
8686
8975
8212
8999
9818
7693
8500
10730
9144
8241
12446
8353
8430
10611
7580
8822
8896
7832
8787
9261
8376
7788
8416
7479
8615
9205
8232
9014
7969
8447
7804
8233
8805
8076
9148
8564
8154
8344
9241
8507
8669
7677
7672
8891
7466
8286
7631
7953
7729
7529
8396
7680
9212
9029
8209
9239
7889
7654
9072
8807
8498
7784
9103
8539
7542
9136
8740
8767
8969
8273
8618
7921
8259
9384
9160
8129
8772
8516
7656
7515
8215
119343
8713
8315
8415
9229
8615
9197
9415
8462
9242
7576
8236
8184
7953
8168
9100
8921
8527
8773
9060
8250
7907
9256
8952
8624
8533
7983
9351
8898
8745
9058
8074
7915
8596
8128
9020
8306
8800
9761
8825
8726
9000
8994
10035
8276
8207
7976
8994
8939
9074
8909
8651
8222
8482
8802
8663
8175
7917
8194
7902
8721
8796
9077
8184
7619
8882
8376
7573
7707
9159
9137
8255
8391
8282
7901
7872
7902
7513
8234
8611
9258
9383
9243
8794
7662
7815
8439
8710
8706
8909
8631
9184
8376
8542
8846
8923
9068
9441
7751
7471
8775
8883
8580
7683
7631
9253
8548
8092
8060
7802
8892
8482
8681
7731
8218
8323
7610
8405
8629
9228
8147
8297
9182
9036
9065
8516
7753
8347
7694
7910
8297
8949
7789
8897
8227
8956
8874
8901
9089
7529
10339
8738
9067
13364
7900
8143
8862
9253
7599
9292
8504
7791
8197
7619
8411
8415
8051
8332
7808
8662
7345
9165
8537
8892
8676
8463
9073
7742
7935
8793
9236
8392
8872
7748
7818
8188
8874
8867
8297
8335
7923
8722
8898
8630
8487
8076
7785
8972
7994
7838
8958
9057
7599
8285
8705
8210
7671
8255
7803
8191
7386
7906
7973
8313
8220
9189
8840
7389
7848
8397
9096
8796
8432
8794
7950
7688
8202
8388
8571
9009
8687
7712
9298
9140
9345
8955
8290
8056
8733
9060
9696
8810
7683
8092
8181
8242
8538
7940
8529
9198
7338
8794
7834
8194
7994
7964
7981
7410
9267
8391
9502
7749
7848
7830
8322
7934
7592
9230
7892
8779
8170
8351
8200
8110
8557
8282
7727
8122
7528
8456
8411
7584
7961
8284
9217
7840
8196
7911
7925
8822
7599
7784
7825
8989
8849
8343
8010
7848
8538
7753
9342
8242
8799
111492
10625
8931
8263
7622
8454
8716
8291
9165
9080
7776
7961
9253
8194
7799
8916
8625
8292
8549
8234
8833
8576
8013
9035
7871
7525
8203
8704
8544
8606
9246
7969
8736
7835
9216
8725
8820
8775
8412
7846
7955
9248
9079
8405
8315
8684
8583
8599
8591
7600
7410
8227
8667
9288
9322
7689
8117
7842
8777
8123
8481
9603
8613
8158
7366
10728
8633
8111
8624
8199
7892
8383
7835
7595
23184
9676
8162
9193
21284
7955
9160
8432
8198
9176
7774
8248
9179
8755
15239
8817
8238
13754
7730
7870
8143
8412
9276
8106
8985
18835
8314
8861
22239
8575
9156
8671
8302
8313
8175
9130
8503
8406
7775
8457
9437
8414
8185
8241
8796
7707
7256
7796
7692
8412
8481
7933
7864
7936
9230
10523
8917
8789
9678
8184
7583
8605
8496
9174
9282
7789
9302
7417
8193
8893
8951
9523
8184
7942
7474
7743
8759
9420
8408
7585
8202
8430
8829
8866
7948
8430
8543
8262
10172
7885
9164
8909
8732
8046
8868
9437
7672
8876
8277
8712
7273
8241
9097
8887
7623
7661
8724
7958
8284
8320
8076
9007
7664
7482
8517
7848
9158
8838
8055
10526
8721
7772
8374
7758
8181
9206
8625
9163
8554
7865
7738
8172
7902
7711
8134
8119
7872
7719
9193
8117
7577
7641
9025
8800
7801
8687
8555
7682
9111
8214
7774
9364
9301
9156
7471
7768
8257
7643
9063
7731
8709
8579
8624
7817
9406
9037
9283
9102
8008
7534
8506
9008
9052
9602
7548
8897
8848
8698
8677
8046
11126
7727
8499
10577
9659
7563
8423
16145
8266
7825
11258
7671
8702
9457
7639
8443
8367
7491
8291
8900
8744
8104
9172
7373
9265
8112
8230
7914
7707
8808
9482
8007
8138
7616
7812
7671
9092
8840
8751
21192
9340
8933
7774
8605
8822
8441
7786
7562
8553
7462
7609
8509
8015
9087
8095
7810
7409
7753
9299
9313
8440
9417
9081
8769
8288
7654
7958
8437
8200
8685
7390
7825
7820
8107
7984
8600
8200
8173
8240
9264
8135
8482
7593
8748
7663
8028
8015
8999
8620
7507
8816
8636
7670
8517
8194
7811
8125
8850
9245
8688
8938
8059
9241
7548
8624
8065
9026
8355
7778
9270
8357
9278
8386
7792
8953
8594
8871
7230
7979
7487
9130
8876
9521
8468
8533
8069
7833
7953
8569
8623
9315
10719
8921
9298
8293
9231
7425
8449
7484
8117
7528
8717
8140
7910
8125
8036
7592
9162
9076
8932
8578
9097
7852
7959
9204
8602
9039
7357
8651
8100
7702
8197
8826
8718
8323
7987
8590
9195
8417
9501
8124
7373
7569
8543
8336
7892
7755
8938
8398
7964
8862
9428
8304
7533
7786
8194
9024
8586
8831
8786
7805
7667
7531
7605
7507
10617
7770
7693
8847
7731
9115
8184
9076
8762
8263
9010
7300
8912
8633
8578
7917
8385
8910
7649
8977
7605
8320
8255
8869
8989
9154
8817
8876
8668
7651
8046
7874
8939
7513
9338
9258
8434
8627
7621
7601
8877
8835
8975
8372
7753
8599
8061
8257
7555
9121
9573
8506
8219
8319
8831
8882
9332
7835
8466
8514
8724
7436
8090
8252
8916
8754
8434
8765
9487
10133
8118
7593
10198
7872
7579
14884
9072
7793
8789
7600
8152
11107
8266
8109
8956
8268
8030
8985
7882
7694
8443
8507
9654
8544
8860
8192
9415
8119
8022
8639
8280
8154
8786
8806
9248
8174
9134
8218
9020
9178
8102
7582
8600
8635
8939
8280
8057
7484
8886
8404
8471
8761
7896
8700
9160
9017
7708
9329
10825
7581
8272
8588
7748
8562
8233
7578
8889
120705
7683
8192
8308
8656
7937
8076
8207
8798
8418
7891
7919
8071
7585
7797
10099
8784
7480
9332
8655
9047
7522
9136
8578
8439
8044
9035
7980
8332
7679
8241
7680
7978
7702
7837
8615
7686
8557
7856
7558
7861
7596
8422
8377
8795
8446
8267
8542
8911
8415
7645
8222
8415
8237
8727
9244
8595
8591
9069
8034
9211
8820
8604
8207
8020
8556
8858
9051
9028
8335
8811
8868
7736
7882
8289
7493
8743
7541
8297
8104
8830
9292
7871
9187
7688
8533
9280
8943
8357
8143
8374
8021
7635
8790
8654
7974
7994
8235
9717
7572
7497
7938
7689
8835
7090
8145
7767
8620
8835
9229
7908
8420
8924
8506
9116
9066
7911
8985
8051
9491
8554
8212
8755
9410
7813
8109
9197
9212
8586
7570
8174
9005
8504
8435
7553
9293
8852
8674
8430
7311
8437
8112
8306
7961
8442
7824
8387
7631
9130
9087
8384
10796
8756
8332
8755
9308
8033
8600
8064
8986
8184
8405
8431
8913
8553
7359
7569
8823
7754
8080
9385
8066
8423
8254
8020
7668
7692
9238
8584
8697
8062
8968
9213
10725
8939
8636
8651
9190
9225
8425
7800
8785
9279
7978
8215
9284
8918
8906
8059
7692
8117
9219
9102
9161
8830
7689
9549
8416
7907
8954
8985
9252
13898
7586
8100
11442
8956
7931
9096
10995
8402
7821
8926
7856
8449
8312
7908
8354
7614
7748
8276
8139
7512
7494
8529
8198
8219
8200
7777
9190
8225
8047
8889
9046
9156
8145
9043
9220
7748
8348
8266
8646
8075
8375
7679
7817
7669
8129
7841
8975
7466
8536
7894
7729
9076
7938
8953
7862
8010
9061
8307
9328
8087
7834
7748
8913
7995
8744
9227
9261
8477
8735
8302
8902
9078
7592
8622
7521
7937
7942
9065
8674
9198
122066
7744
8466
8552
7640
8422
8558
8146
7545
8558
7337
8130
7770
8001
8760
9559
8038
9154
9425
7758
8619
8855
9170
9052
7781
8697
8534
8260
7543
8768
8512
7789
9133
7794
8016
8843
8291
8089
8420
8184
8540
9034
9036
8658
8823
8397
9120
8501
8615
8707
8006
8238
7479
7514
9160
7997
8256
8373
9526
8954
8130
9378
9298
8279
8045
9172
8440
9225
7567
8295
9241
8584
8877
9015
7651
7576
9114
7880
7802
7796
9095
7825
10617
8986
8892
7896
7729
9174
8215
8415
8634
7955
8072
8930
8276
9162
7836
7916
8715
7872
8413
9148
7689
8092
7325
8838
8402
8679
8765
8580
8850
8218
9008
7835
8371
8798
7993
8041
8482
8476
8548
8286
7787
9076
7697
8336
8543
7572
8375
7654
7623
7975
7973
8436
8016
8228
8164
8230
8948
8340
8260
8015
8554
9660
8066
8390
10470
9015
9449
8032
7915
9104
7546
7287
8082
7826
9205
8498
8454
8983
8498
9171
7558
9068
8432
7996
8400
8227
8505
9050
8686
8110
8055
7942
8334
8339
9200
9455
8435
8127
7733
8552
8359
8358
8207
7951
8276
8752
7736
8862
8780
8462
7923
8044
9250
9125
8249
7742
8390
9697
7198
8452
7792
8342
8374
7579
7862
8851
7570
7835
10677
7914
11169
8665
7261
8556
7496
8999
8803
8284
9012
8299
9165
14424
7923
8830
8866
8205
8471
8541
8416
8911
9246
7584
9074
7556
8996
8018
8630
7997
7833
8806
9482
9120
7682
8591
9000
8551
7869
9122
8423
8276
9052
9562
7661
8022
8957
9371
8935
9439
7767
8426
8193
7960
8461
8074
8383
8826
7311
8314
8323
7855
9403
9035
9635
8472
8800
7863
8188
8575
8093
7493
8435
8877
7641
7787
9319
8420
9277
8092
8677
8097
9251
109559
8169
8857
7826
8381
7579
8122
7630
8984
8193
8397
8972
8751
8927
8169
8209
8435
8600
8192
9058
9030
8198
9317
7553
7951
8616
7607
8253
8427
8494
9205
7782
8132
8038
8545
8004
7641
8655
8482
9292
8320
8041
7617
7789
7756
9149
8842
8958
9072
9369
8148
8701
7933
9544
8072
8586
8134
8097
8591
9080
9150
7651
9333
8842
7753
8456
7953
7712
8934
8879
7441
7392
7922
9150
9052
7864
9315
8601
8453
9153
7758
8957
7773
7983
7862
7992
9089
8157
9037
8827
8650
8030
7409
9016
7923
7902
8974
7461
8469
7587
8826
8801
8645
7850
7535
7830
7776
8227
8953
10501
7700
7967
8172
8546
7473
7538
8183
8823
7403
7793
8178
8431
8594
8149
7853
7471
8276
8058
7725
8697
8158
7617
7525
9481
8478
9099
8223
8034
8049
7676
8839
8202
8679
7451
8503
8427
7798
9025
8902
8391
9015
7294
8454
8476
8697
7661
7692
8100
7702
8603
8445
8364
8189
8040
7620
8037
8194
8031
8780
7884
7962
8498
8018
10462
7795
8068
7538
9364
8962
7918
8784
8420
7785
7994
8409
8574
8415
7599
8487
9276
8452
8135
8171
7757
9008
8267
8953
7999
7805
9334
8014
7660
7563
7740
8382
7897
8779
8652
9114
9087
8654
8922
7705
8217
7573
8626
8011
7649
8263
7830
8979
8058
7992
8015
8596
8513
8021
8729
8581
8112
8810
9190
8172
8407
8530
8603
7899
11808
8614
7569
8013
8179
8502
7951
8548
7933
7657
7415
8975
8410
9035
7743
7872
8743
7767
9112
9048
8378
7761
8778
7671
8673
8437
8645
9358
7907
7582
8198
8902
7927
9425
8047
8841
7869
8800
7986
8287
7973
8839
8371
7700
8052
8061
8916
8318
8454
8215
7659
9035
8639
9066
8605
8736
159632
9298
9194
7669
8783
8711
8421
8929
10401
8776
8495
7666
8849
8653
8364
9291
9276
8594
7466
7964
7955
9500
7652
9109
8836
7790
9140
9174
8071
9015
9567
7581
8808
8071
7923
7858
8820
8599
8172
9056
8974
9294
8825
7613
9329
8600
8521
8507
8600
7957
8706
9171
7797
9314
7690
9097
8405
8228
8205
9143
8190
7656
7835
8032
7743
7814
8695
9051
8822
8818
7536
8420
10510
8131
8276
8563
8077
7767
8494
7816
8069
9270
8297
8615
7872
8638
9109
8796
8487
9155
8492
7903
7415
9268
7674
7657
7581
8189
8395
7837
8420
8457
9248
8404
8906
9164
7627
7716
9043
8242
7794
7535
8306
8516
8658
9046
7859
9134
8225
7938
9048
9085
8825
8676
8190
8508
8740
9251
8511
9184
8411
9153
8872
8740
8283
8958
10042
8486
7653
7811
8779
7554
8737
8602
9524
9214
8634
8399
7619
8559
7580
9305
8375
8376
8178
7723
8021
8040
7499
9041
8803
8287
8696
9180
7809
7870
7988
7800
9580
9048
8206
9000
7641
9201
8635
8125
9225
9383
8794
8892
8880
8352
15159
8984
8812
10523
8352
7612
9080
8808
8000
8366
9221
7631
8150
8975
7802
8983
8462
8337
9341
8778
8600
7653
8409
8730
8542
8556
7907
8054
8775
9016
8006
8800
7968
8666
9562
9132
8013
8609
8005
7789
8974
9238
8405
8042
8509
7615
9259
7845
9079
8693
9354
7743
9027
8642
8353
8648
9010
8984
8032
9076
8051
8295
7751
8746
7728
8138
8015
8780
8887
8144
9242
7571
8246
7613
8441
8646
8943
8832
7979
8333
8844
7490
10563
8568
7934
9162
8395
7586
8885
8355
9098
8717
8599
7715
8089
8719
8348
9117
7549
9038
8686
7969
9311
7663
8233
8523
7688
7399
8833
7569
8820
100699
8569
7599
8655
8838
9210
9567
7535
8421
9125
8098
8205
7733
9160
8531
8633
7828
8704
8993
8436
8871
8922
8805
8184
7363
9030
8753
9066
8398
9646
9038
8271
8548
8235
9466
10769
7250
8030
7932
9035
8451
7572
8684
7835
7888
8302
7689
8301
9227
9585
7716
9172
8016
8210
8979
8909
8496
8154
7846
7531
8427
8355
7949
7979
8289
8394
8599
8334
9259
8511
8255
8339
7523
7873
7874
8943
8441
8815
8268
8866
8303
7773
8578
8215
7969
8435
8026
8165
8673
9159
7229
8205
7400
7974
8498
8552
7556
8302
8753
9169
8205
8338
9067
9269
8210
8109
7415
8211
7464
9175
8021
8228
8946
7769
8230
8840
9149
9020
7633
8934
8010
9208
9205
8155
8207
8205
8192
7774
9097
8667
9245
8460
8676
8169
8906
8636
7717
8225
7694
8074
8461
8895
9133
9230
8967
8377
8460
8606
9030
8625
9094
11235
9337
7824
8105
9106
7983
8602
7948
8368
8038
8076
8709
8869
9362
7861
7562
8200
9029
7900
7780
7851
8037
8381
8234
7888
8015
7598
8615
8709
8712
9225
7748
8172
8325
9160
8482
8115
7675
9261
8695
8979
9277
8954
8954
8551
8717
7572
8123
9102
8025
8839
10605
7799
9060
12717
7574
7940
12558
7966
8728
7678
8332
7543
8015
8493
8731
8467
8743
7812
8087
8961
8072
8133
8013
9201
8347
9089
7564
8374
7629
9387
8584
7463
9051
8210
8800
8031
9030
9348
7695
9287
8867
7651
7339
8179
7698
7824
9080
7943
7989
8051
9025
14071
7671
8624
8919
8968
8351
9365
9037
8008
9139
8665
9330
9402
7560
9056
7991
8550
8511
8987
8587
9035
9225
8472
8534
8294
9274
8880
10984
7492
7730
8113
8640
7634
8000
7551
8809
8658
7766
10360
8455
97026
8456
8856
7513
8954
8216
8197
7957
8513
7856
8265
8251
8338
9006
8313
8553
8032
7357
9074
8760
8714
8502
8720
8634
8804
9010
9256
9041
8153
7991
9482
8754
8275
9487
8808
7752
8020
7571
7611
7568
8214
9238
9401
8622
9350
7758
8052
8334
9245
8606
8015
7873
8797
7755
8847
8167
8836
8523
8519
7921
7633
8760
9079
7573
8761
8666
8189
8255
8179
8114
9235
7520
8351
8420
8415
8725
7758
8646
7882
8496
7513
9338
7804
10497
8385
7364
8805
8517
7666
8116
7640
9284
8393
8490
9228
8113
8574
8716
8080
7407
7762
9015
7747
8915
7950
8642
9015
7628
8384
7934
8645
8023
7830
8020
8589
9198
7515
7590
7395
9407
8953
8094
8153
9278
8384
8433
10155
7994
9176
8595
8379
9027
8353
8057
8593
8630
7774
8359
9359
8255
8372
8575
9492
7679
10784
8404
8716
7840
9362
8434
8938
8620
8144
7387
8524
8735
8391
8608
9032
8983
8222
8457
8425
8981
7507
7595
9006
7501
7718
8512
8380
7561
8714
8880
8070
8764
9163
8077
9400
7811
8728
7618
9089
8027
8887
8438
7717
7904
8461
8191
10158
9060
8892
8001
9090
7894
8108
7735
9011
9441
7783
8392
7732
7625
7789
10976
8710
8197
8512
9298
8373
9257
8705
8169
7948
9297
8615
8194
8374
8753
8055
8286
9051
8830
8307
7677
7481
8795
7533
9179
8805
8267
7630
8464
7538
8846
8498
8121
9143
7531
8103
8347
8322
7625
8441
8446
8356
8649
7671
8376
8870
9138
9476
8420
9468
14722
9374
8274
7610
7676
7665
9788
7551
8657
9329
8258
8997
8294
7375
9226
7970
8655
7528
7436
7692
8194
9540
8096
9237
7676
8542
8222
7355
7700
8927
8344
8486
8256
8768
8765
8311
8933
7774
128174
9010
8976
8044
7630
9413
8949
7511
8186
8205
7353
7822
9076
7766
8924
7748
8476
8153
8657
8697
7579
7633
8364
7808
7353
10122
8711
7689
7565
8051
9073
8517
8070
7527
8868
8735
8418
7936
7876
8752
9338
9035
7821
8355
7990
8555
8569
8631
8132
8093
8020
7629
9183
7810
8773
9226
7590
8456
8613
8374
7784
8269
9159
8624
7790
9040
7832
8202
9221
8814
9215
8419
8676
7518
7839
7671
8136
9225
8483
8758
9211
8246
7872
8241
7569
8178
9115
8745
8315
10969
8220
8746
8245
8632
8772
8615
9033
8534
8148
8145
8335
8641
8387
8004
8727
8751
8615
8636
7925
8909
8049
7467
8697
9133
8194
8949
8093
9021
8176
9219
9128
9332
8841
8069
7595
7391
8322
8376
8689
9000
8034
8712
8622
8206
7810
8245
8599
8675
7507
8394
8214
9026
8038
8215
9575
8242
7784
7891
8675
8276
8589
8386
8101
9559
7522
7769
8861
8154
8493
9153
8194
7815
8934
8465
8746
8899
9201
8080
8929
9230
8888
9205
8476
8871
7551
8877
8467
8388
7794
7862
8095
8166
8475
7471
8848
9078
7954
8732
7793
8600
8679
8164
8740
7310
8971
9092
8249
8947
8655
8171
7779
8510
7626
9358
8287
8952
9085
8656
8335
8221
8791
9212
8256
9440
8337
8964
8294
8922
7574
7261
7794
8053
8170
7882
7589
8130
7313
8364
7591
8456
8505
9097
8626
8043
8379
7596
8210
9234
8151
8130
8328
7724
8035
8548
8829
9846
7739
8283
9249
7821
8512
10961
7683
8097
13085
8290
8701
8512
8616
9052
7666
7799
7564
8862
8507
8720
9262
8781
7494
7651
7859
8305
8308
8558
8446
10203
7587
9042
8165
8164
7652
10645
8149
7797
7461
8644
8158
8241
8358
7641
8001
9417
9312
126451
9127
8318
8704
8596
8465
9269
9092
7614
7613
8224
8215
8733
8144
7954
8800
8391
9828
7819
7523
7892
7902
8625
8229
7339
7715
7982
8878
9217
8416
8943
8113
7553
8140
8398
8800
8404
7823
7693
8324
7943
8075
7707
8350
8322
8776
9293
8963
8456
8636
7816
7584
10589
7925
9212
9195
8596
8580
8092
7865
8020
9184
7852
9140
8035
8074
9251
7602
8696
8091
9041
8572
8596
8871
9041
8924
8573
8421
8477
8108
8859
8607
8821
7767
9068
8579
8037
8384
8392
8052
7812
7461
8128
8526
7979
8517
7870
7345
7702
7533
7976
7800
7993
8473
7208
9158
7745
8119
9197
8845
7641
8649
7615
7784
8148
9061
10705
7770
8211
8667
8594
8216
8785
9592
9860
8097
8755
7527
7881
7607
9127
9045
7630
8214
8562
8027
8619
9061
8552
7817
7962
7779
8810
7592
7412
7875
8511
9056
9433
8666
8695
8164
8036
8338
9038
7779
8437
8841
7609
9184
8061
8046
8761
8378
8320
7673
7772
8573
8087
7491
8913
9308
7762
8884
9082
9246
7791
7891
8658
7751
10774
9068
8552
8138
8052
7672
8620
8471
8875
19235
9203
8969
8083
7601
8614
7738
8432
7985
9297
8523
8654
9146
8071
9037
8697
8229
7971
7618
8179
9063
8989
8656
8660
7945
8353
8574
8477
8004
7488
7423
8374
7726
7923
8984
7780
9056
8434
9179
8657
7835
8522
8904
10087
7618
8059
10051
7521
8841
17392
9066
8119
8061
9013
8027
9651
7912
7689
7989
8620
9060
8979
9223
7994
8121
7322
7581
7934
8800
7558
7611
8153
8562
8605
9079
9128
7856
8846
8370
8800
8832
8471
9236
8018
10555
8768
7850
8384
8540
7968
8994
8092
8562
7369
8089
9175
8147
8633
7409
9094
7751
8707
7908
8307
104182
7787
8275
7867
8123
8624
8560
9163
8175
9180
7477
9232
8705
8113
8489
9773
8090
8112
9227
8493
8668
8251
10984
8388
8228
7782
8142
9371
8794
7941
8177
7423
9512
8047
8919
8707
8747
8159
8109
9479
8905
8809
8518
7357
8717
7701
8387
8651
8487
7667
7719
7751
8294
8732
8619
8797
7982
7831
8486
9276
8364
8054
9137
8225
7813
8737
8922
8471
8343
8455
7981
8135
8532
9038
9338
9167
8748
8952
7576
9989
8343
8154
7738
10302
8463
7956
8788
8272
9352
7883
8987
8526
8783
9080
8694
8885
9063
8589
8467
8637
7736
8657
8959
7476
8418
9215
7794
8390
8007
7584
8139
7982
8303
8415
8560
8966
8933
7694
8200
8482
7947
9425
8378
7666
7650
8430
8065
7486
8395
8497
8014
8653
8615
8510
8003
7825
8709
9433
8312
7809
7663
8482
7477
11475
11244
7548
8240
8221
8874
8556
7922
8203
8614
8533
8550
7882
8694
9080
7317
8311
7471
8949
8315
8763
7670
8843
7735
8086
7784
7715
9211
8050
7732
7513
8566
9843
9065
7787
8726
8071
8841
8517
7789
8094
7708
8583
8219
8266
8374
8193
8492
8403
9193
8697
8936
8240
9190
8851
7784
8056
8701
8850
8191
9258
8267
10671
9210
9543
8989
7829
8468
7958
7972
9215
8331
9476
8899
7974
8995
7269
9336
7947
9261
8034
8981
9200
7788
7499
8009
8622
8015
9193
7990
8182
9290
8515
7862
9199
8897
9118
12314
7585
8037
12884
9145
8192
9012
7230
8047
7960
7638
8104
8649
7710
8515
8571
9227
8533
8615
8965
9220
7524
8014
8284
7789
7374
7623
7994
7954
8019
8002
10397
8456
7683
7510
7798
7592
9140
9162
7492
8125
7424
7694
8312
8337
9044
8784
9561
7479
7333
8637
8675
8346
120672
8191
7673
7623
7968
9085
9716
7690
8157
7627
7728
8713
7469
8304
9032
8217
9292
8418
7825
8791
8505
8692
7665
8912
8477
8851
8119
9295
8602
7725
8684
8155
8989
7953
8322
8977
7433
7941
8554
9112
8971
8023
9227
8230
8021
7567
8149
7636
8976
9055
8594
8858
8314
7680
9035
9238
7565
8040
8246
8496
8243
9226
9235
9135
7425
8682
9220
8596
7837
9158
7710
8114
7613
7497
9436
8376
8698
7754
8435
8230
8615
9097
7943
7849
8871
8088
7766
8017
8722
8010
8438
7846
7650
8395
7536
7773
8241
7281
9191
8071
8272
8584
9193
8875
7804
8851
10686
8565
8476
8249
8835
8507
8744
8343
7856
9257
8817
9194
8194
9101
8800
8088
7753
8235
8670
7652
9030
8631
8211
8912
8833
7591
8538
9128
9239
7580
8783
8046
8975
8079
7611
8061
8590
8220
8211
7602
8585
8496
9139
8529
8417
7969
8478
7999
8775
7972
8678
9199
7236
8841
7542
8224
7892
8287
9348
7820
8453
9106
8113
7931
9015
8397
7433
8165
8502
8183
8815
8233
7856
7613
8936
8447
8669
8181
8289
8730
7452
8202
7441
8584
8853
7533
8376
8255
9387
8835
7787
9137
10174
9358
8780
9106
8554
9015
7806
8282
7545
8015
8123
8078
8782
7889
7605
8338
7635
7623
9043
8635
8560
7435
8695
8633
7931
7529
8971
9305
8223
7754
8060
8781
9225
7794
8991
8496
10704
8422
8109
7474
8101
8603
7376
9160
7590
8650
8966
9657
7832
8541
8210
8822
8243
8987
7586
8321
7752
8149
7909
8588
8998
8938
8918
8076
9185
8673
7543
8013
8406
8756
7416
8569
7625
7675
7781
8044
7803
7994
9264
9088
7968
8067
8455
8261
7346
7826
7551
8441
9193
7245
8043
7490
9674
9195
9137
141435
8128
9040
7528
8337
8904
9252
8301
9184
8047
7591
8674
7955
8906
7506
9095
7476
7995
7920
9222
7996
7807
7994
7457
7369
7488
8183
8498
7895
7620
8292
7303
8635
7922
8604
8474
7520
8817
8186
8616
8047
7789
7746
8028
8618
7974
8923
8674
7837
9437
7154
9021
8827
8718
7888
7967
8892
7388
8225
8390
7984
8612
7804
8071
7695
8738
9103
8866
7953
9735
7816
7468
8708
9221
8938
8655
11432
7755
8056
9058
8621
8307
8410
7446
8544
7819
7877
7598
8568
7414
7438
7550
8077
8269
8900
8543
9237
8224
8497
7287
20429
9247
9204
8065
7310
7903
7769
8989
8779
8251
8110
7645
8837
7527
9279
8626
8961
9215
7855
9197
9216
7723
7713
8959
8082
7390
9158
8613
8557
9421
8996
8333
7677
10282
8745
7831
9214
8682
8834
9428
9140
8432
7981
8777
7655
7505
8338
9138
7632
8861
8476
8605
8078
7701
9222
7990
8670
11733
8448
8338
8605
8048
8405
8817
8458
8734
8271
7662
7762
9105
9134
8743
7345
7742
8717
9404
8270
8439
9313
8350
8351
8234
7987
8701
7768
8796
7600
7764
7694
8997
8196
8589
7900
11843
7629
8921
10586
9382
7845
8325
7405
7799
8394
8390
8199
8554
8274
7528
8049
8189
9279
8477
8615
8550
7863
8408
8914
8497
7820
8534
7815
8323
7911
8766
7611
8877
7396
9056
7781
9174
8436
8149
7509
8969
7584
7815
8186
8263
8717
8778
8143
8312
8435
8638
8742
9394
9201
8654
8255
9650
7640
7603
8880
8627
8033
8152
7573
9427
8587
8174
9305
9637
8069
8564
9003
7960
8909
9215
7415
10294
8912
8275
8825
9350
7774
8326
7627
7955
8420
7628
8697
8875
8218
7914
8056
8218
7391
8105
7858
7546
8292
8493
8194
96055
8151
7738
8507
8908
9015
9055
8215
8151
9064
8396
8629
9145
8814
9017
8062
9222
7504
9074
8779
7672
9107
8128
8938
7672
7930
7783
8856
8979
7465
8974
8338
10924
7996
7717
9317
8256
7881
8543
8321
7994
8767
7611
7986
9513
8839
8994
7909
8558
7886
7339
9157
8312
7658
8815
8269
7669
8630
8005
8500
8848
8566
9200
9201
8039
7653
8051
8704
7918
9332
8506
7486
8338
8577
9061
8984
9081
8538
7897
9031
8723
8817
8276
8895
8221
7897
9047
8460
8739
9117
8639
8794
8384
8658
8999
8912
10262
7851
8710
8278
9265
9145
9418
8118
8524
7822
7454
8462
7780
8387
8246
7411
8246
9333
8255
9045
9402
7558
7314
8367
9033
8676
7831
8061
9338
7818
8125
8076
8923
8097
8826
8154
8485
9173
8704
7788
8115
8339
7955
8114
8304
7876
7690
8102
8063
9158
8074
9342
7884
9222
8629
8299
8729
8289
9290
8336
7937
8079
8055
9296
8697
7529
8550
8352
8762
8199
7690
8856
7774
8255
8895
9243
8537
8802
8349
8420
8029
9086
8133
8299
7651
9202
8293
8547
7626
8772
8382
9158
8319
9526
8922
8379
9462
8055
8138
7830
8043
8740
8088
7887
7651
9228
7918
9192
8431
8049
8216
8543
8871
7530
8651
9261
8577
8415
7710
8045
7576
8699
8703
7969
8227
7650
9383
7450
10436
7634
7198
9005
8247
7974
8615
8895
9256
8424
8393
8317
8537
8996
8787
7626
7335
8394
8822
7704
7599
8835
8745
7418
7819
8936
8169
7878
9299
8328
7340
8651
7935
9107
8353
9698
9270
9743
8074
9137
16950
8476
11510
7951
7969
7964
7992
7626
9003
8572
8243
7794
9234
8723
9296
8396
8001
9011
8394
8455
8538
7604
8733
8153
10857
8630
8133
8391
7808
113672
8152
9045
7348
8876
8364
7779
8616
8380
8097
9527
9381
9104
7911
9273
9021
8413
8374
8669
7793
7926
9224
8642
8726
7710
8092
9410
8128
8719
7611
8433
8483
8158
8861
8897
8253
7630
8194
8054
8774
9197
8844
9157
8081
9215
7963
9442
8843
7507
8059
7756
7902
7666
8854
9043
9098
9567
7646
8674
11116
8086
8054
8975
7633
7276
8378
8277
9195
9153
7610
9076
8281
8200
7812
8758
7652
9244
8961
8442
7576
9167
7667
9373
8410
8779
7974
8958
8112
9075
7726
7830
8829
7521
8981
8265
9458
7516
8676
7843
7575
8386
8376
8195
7797
7715
9192
9033
9273
9266
9234
9030
8084
7756
9010
7728
8888
8957
8220
7931
7651
7801
8368
8851
10058
9038
7424
8748
8056
9169
8015
9178
7670
7353
7749
8311
8810
8451
7645
9144
8928
7551
7654
8311
8461
7263
8390
7931
7752
8578
8343
8333
7884
8315
8257
7760
8403
9064
8779
7553
8433
8178
8374
9072
9221
9239
7596
9271
8998
8734
8500
9153
8465
8630
9166
8133
7779
8258
7610
7758
8005
7664
7560
8828
9124
9475
9258
7698
11599
8401
7592
8047
8027
8345
7611
9115
9626
8210
8096
8365
8009
7532
8448
8846
8216
8958
7399
8871
8646
8974
7594
7562
8115
8005
8557
7499
7950
8471
8662
9133
7583
7924
7736
8744
8212
9250
8581
8373
7592
7774
7500
9202
8347
8466
7628
8625
9378
9397
8246
8345
8423
7641
7947
8574
8122
9188
9536
8693
7752
8613
8735
8998
10045
7977
9000
8862
8964
8902
8164
9292
8478
9275
8148
7730
14461
8434
8485
9320
8495
7789
9888
7752
8414
9215
7437
8913
8097
9035
9169
7831
7781
8412
9071
7810
7939
7532
7774
8317
8939
8857
7775
8653
8844
9379
120245
8111
7995
8636
7772
9182
9037
7594
8993
8921
7740
7534
8343
9437
8237
9019
7795
8358
8936
7571
8731
7580
8172
7702
7425
7548
7528
7772
7628
8499
8651
7329
8776
8470
7661
7815
7846
7813
7846
8167
8411
7762
9041
8230
8338
8539
8923
8216
7820
8078
7584
8014
8606
8246
7718
8266
7496
7383
7953
9147
8374
9509
9313
8390
8112
9261
7694
9189
8414
9315
8698
8010
7602
8843
8541
7676
7769
8191
7418
8047
9108
9123
7944
8149
8320
8549
10271
7517
9316
8177
7820
7668
7609
8078
8011
9123
8384
8001
8956
8181
8328
9217
7994
9020
8226
8968
8574
8648
7792
8630
9104
7948
8974
8422
9405
8649
9371
8771
7882
9086
8590
8623
9594
9297
8483
8602
8456
9039
8657
9437
9150
8820
7824
7571
9420
8532
8599
10496
9129
7802
9038
8655
7788
8851
8088
8847
7674
7764
8018
9528
8743
8289
9017
8707
8734
8609
8297
8382
7810
8425
7375
7618
8210
9054
8574
7526
7668
8482
8369
8756
7815
8800
8639
8937
7893
9374
7977
9345
9061
7835
8020
8225
7993
8200
8000
7550
7433
7543
7456
8470
8812
8242
8010
8180
8452
7548
7702
7717
8660
8365
7953
7623
9218
8686
8907
8616
7596
7741
8510
7750
7744
7474
7761
8832
9074
8994
8880
7761
9139
7846
7594
9041
8820
7779
9177
9132
7293
8688
8717
7912
8877
8897
7666
7832
7844
7794
8223
7799
7743
8997
7917
8210
8456
8672
7769
7899
9022
7712
8550
7796
7698
8156
7533
8325
8445
7709
8523
8191
7557
8676
7738
8436
8202
7805
8993
8525
7596
8810
7415
8189
8823
7950
7868
7811
9058
7756
8348
7810
9671
8375
8544
8556
9101
7690
8367
8275
7915
7794
9158
9256
7586
9054
8130
144118
8390
7771
7794
8394
8391
8954
9294
7947
9698
8166
8701
8720
9245
7560
8368
8910
8960
8649
8445
8145
8018
8051
8062
8615
8415
8275
8772
8564
8015
8925
8957
9161
7641
8011
8614
8798
8712
8441
8483
8578
7630
8620
8118
8989
9025
7878
8936
8586
9743
8266
7823
9045
8027
7778
8094
8453
8475
8109
7729
8153
7997
8541
9387
8317
9528
8233
7825
8187
8225
7893
8394
9522
7674
8891
7973
8242
8820
8099
8744
8904
8908
8383
7763
8032
7640
8811
8733
7577
7918
8766
7936
8368
7682
8344
9269
8395
7943
8381
7499
9135
9282
8201
7552
7651
8730
8671
7610
8163
7953
8163
7878
8042
9166
21471
7601
8383
8811
21111
8552
8747
8934
7589
9150
8350
8225
9435
8501
21148
8779
8382
7751
7761
8719
7424
8115
8852
8441
8400
8442
8814
9020
7933
7959
8235
9194
16544
8336
7683
8071
9312
8878
8760
7998
8439
8533
8078
7931
8349
8820
8595
8035
9160
7781
9312
8308
9399
7446
8898
8466
8643
8562
8320
8000
8065
7570
7902
9617
8194
8587
8451
7743
7989
8643
7779
7951
7562
8885
8029
9169
8254
8112
8996
7711
8472
8632
7625
8351
7903
8875
7567
8886
9266
8027
8298
8465
8010
7336
9157
8852
9044
8379
8400
9220
8590
8652
8358
8047
8561
9081
9158
8755
7856
8681
8292
9323
8541
7858
8370
8169
7713
9061
7574
8232
8334
8451
9442
8819
8812
8845
7630
9058
8968
8117
8193
7851
8606
7953
8215
8553
8213
8386
9133
7899
8033
8830
7981
9279
7776
9005
8782
8244
8076
7686
7960
8526
7994
7867
7431
9076
8204
8744
8174
8960
8410
9245
8202
7579
8208
7859
7732
7945
7935
8600
8175
8456
7556
8514
8950
7958
8812
8057
7953
68185
8166
8642
8579
9071
9199
8814
8476
8375
8504
7815
9395
8785
7805
7639
8174
8252
7776
9194
8492
7751
8555
8102
8339
7214
8702
7533
8863
8069
7383
8056
8084
8672
8211
8339
9082
8220
7811
8120
8475
7539
8746
8405
8251
8456
8133
8570
7835
8108
8499
8613
7661
8204
9189
8833
9056
9225
8311
9179
9219
8789
7676
8866
7659
8573
8769
9071
8364
8902
9202
8092
8048
9111
9000
8793
7633
9390
7789
7389
8983
7845
9079
7598
7794
8042
8487
8735
8420
8179
8493
7385
8732
8684
9499
8668
8304
7936
7434
8872
7954
8523
8981
8754
9262
7247
8194
8815
9134
8204
7873
7793
8559
7748
7904
7683
9210
8512
7830
7530
8712
7552
8812
9398
8451
8210
7974
8594
7874
9056
9123
7867
8768
8141
7687
8608
7590
7507
7874
9331
7364
11545
8884
8326
9026
7972
8896
8360
8394
8310
351818
8235
8956
9200
9010
7568
8456
8564
8455
8389
9235
8192
9022
7461
7538
8070
8774
8755
9096
8400
8239
7751
7820
8320
7470
7666
8398
7389
8093
8842
7900
9497
9192
8215
7228
9454
8111
8283
7977
8217
8502
7870
9389
9164
7580
7928
8955
8679
7958
8911
8036
9225
8615
7584
8458
9604
9536
8772
8651
9240
8994
7596
8622
9101
8544
8159
9216
11515
8174
14227
8958
8030
11384
8318
8166
7868
7367
8507
8682
8038
9316
8046
7747
8396
8078
9034
8583
7726
7287
8348
7221
9015
8198
8288
7754
8061
8393
7405
8015
8342
8871
9046
8803
8210
8094
9140
7815
8319
9459
7874
8533
9220
8807
7600
7809
7583
8443
8471
7353
9579
8485
8833
7600
8029
7533
8256
9228
9210
7934
8394
8122
8310
8209
7892
8610
8376
8618
7810
8327
8758
8336
9013
8557
8638
7641
8345
7492
8411
9290
9594
8828
8757
9056
8255
8484
7532
8744
7461
8551
9316
8517
8370
9071
8945
8623
7310
9474
8953
7808
8437
12442
8513
8426
8550
8351
9044
8332
8369
8959
8605
8409
9041
9196
10523
8540
8265
8492
7682
7679
8853
7564
8865
8589
8404
8153
9279
9620
9029
8613
9064
8554
9092
7548
7946
7917
7379
9117
8256
9130
8862
8471
7595
8544
7676
8464
9394
9039
8660
8638
7324
8444
7492
9007
7676
9090
7497
8375
7753
7767
9234
7841
8754
9070
7933
7487
7536
8622
8347
7649
7523
8521
7964
7716
8419
9091
7582
8797
9379
8429
8500
9077
8068
8362
8488
7836
7565
7779
8089
7671
8340
7514
9203
8430
9284
7820
8550
8098
7996
8461
7583
9212
9148
8610
7888
9292
8178
7985
9194
9030
9097
8539
7469
8016
8979
7480
7532
8605
8676
8699
7994
9694
9271
10897
8389
8897
8638
8590
7789
8464
7643
9225
8082
7773
8634
7907
9439
7328
8352
8402
8651
7784
10751
8798
8504
9245
8308
9258
8423
8327
8661
8322
8507
9276
8030
8594
7795
8459
7877
8887
8285
8708
9238
7917
8034
8445
9238
8570
8276
8749
8476
8788
8435
7946
7912
8551
8119
8814
8280
7595
8063
8055
8974
7773
7931
9283
8507
8794
8000
7967
7753
7282
8381
8449
8094
8234
8242
8873
8088
8656
7495
8073
8155
7935
8559
8436
11445
8712
9241
9017
9244
8269
7817
7553
7899
7839
7430
9137
7835
7831
8184
7794
8158
8872
8164
7897
7494
8896
8190
7960
8532
8302
8134
7411
8230
8519
7882
8744
8406
9095
8121
8553
8728
9159
8454
8011
8172
8455
8833
8809
8606
8340
8253
8025
8356
10269
7585
8784
9300
7621
8353
13774
7987
8023
11676
8393
8646
8573
8887
7910
9529
8057
7945
8098
8616
7774
8478
7624
8405
8011
9010
8679
8800
8015
9233
8153
8620
9056
7885
8682
8936
7973
8846
8372
8112
7579
8366
8750
8876
7786
8174
8116
8945
8023
8194
8913
9128
8682
8303
9066
7509
7694
7479
7967
9233
8432
9259
7739
7899
9222
7733
7694
8142
7847
7953
8855
7854
7696
8129
8181
8333
8917
9445
9017
9492
7515
7435
8437
8980
8035
8276
8504
8608
8776
8752
7415
8153
8923
9533
7817
8009
7750
8845
8469
8994
7815
9347
7770
8099
7530
9452
8774
7998
7876
8413
8715
8269
8693
8590
8543
9158
8616
8448
8594
8252
7783
7753
8966
8076
9333
7569
7766
8022
8631
9090
8554
8857
7614
7989
8742
7752
7996
9020
8708
9759
9349
8075
7978
10323
7692
9161
8451
8588
8973
8039
8398
8142
8202
9282
10012
9270
8151
8469
8525
9101
7673
7387
9143
7933
8876
7707
8290
9041
8345
8610
8215
9200
9095
8387
8810
8438
8689
7523
7875
8636
8634
8574
8314
7567
8738
8193
8470
7724
7828
7633
9256
8543
7961
8866
8567
8293
7953
8137
8578
9280
7501
8920
8414
7357
9044
7978
7689
10285
10056
9427
8148
7500
8466
8317
8733
11622
7719
7358
9292
7535
9314
8275
7638
9098
7797
9206
8615
7825
7569
7559
9065
7698
7983
8580
8517
8558
7795
7978
8827
9490
8600
8508
8270
7538
8002
7810
9276
7480
8668
8257
8232
8646
8400
8144
9097
9179
8794
8602
8536
7670
8082
8869
8988
8052
7383
8923
8052
8671
7914
7882
8802
9868
8085
7794
8184
8264
11027
9148
7500
9821
7975
8192
8091
8297
7653
8636
8682
7958
8203
8695
7372
8680
8136
8353
8690
7641
8664
7402
7524
7942
7790
8767
9124
8273
8914
8194
8249
8007
8083
7695
8631
8745
11337
8695
7748
9317
8981
9039
9213
8156
8418
7470
7558
9411
7849
8009
9220
7784
8567
8256
8380
8757
7976
8050
7774
9279
7943
7818
9192
7628
8389
7930
8382
8200
7792
8525
8095
8442
8387
9041
8171
8371
8921
7550
8286
7764
9269
8149
8869
7434
8132
9050
8338
9313
8920
9007
8502
7833
8558
8968
8968
8735
8354
8210
7585
8067
8404
8414
9325
9034
7602
7394
7882
7690
8020
9046
9139
9110
8523
8898
7911
7656
8828
7702
9427
8308
8090
8553
8697
8220
8244
8712
8079
8692
9023
8210
8924
8480
8701
7385
7714
8884
8153
8952
7570
7712
7686
9235
9240
9227
8979
8348
9048
9081
9034
8773
8804
7989
7817
9305
8084
8675
8230
9298
7760
8401
8956
9004
7968
8834
9228
9038
8230
8599
8230
8959
9249
8462
7885
7830
7994
8513
8676
8102
7604
8182
7478
9016
9138
8117
7774
8444
8370
9500
7732
7801
8859
7574
7369
9042
7553
9233
9114
7952
9052
8016
7687
8097
7615
9345
8628
8833
8005
8488
8999
9234
7832
9174
9564
7569
8395
9284
9058
9280
9149
7972
8005
9043
9129
8704
8271
7609
9167
7454
7581
9197
8811
9487
8189
7620
8103
7941
9360
7587
9056
7605
7795
7371
8438
8183
8823
8414
7469
7676
7752
8149
8655
9218
8075
7920
8317
7931
8386
9181
8586
9132
8156
7992
7992
9591
8489
9151
7429
8507
7964
9153
8708
8004
8317
8121
8126
8807
8992
8384
9059
8005
7789
8021
7993
8423
8995
8151
8702
9060
8174
8688
8253
8476
8451
9295
7775
7545
9404
9064
7833
9175
7634
8642
7995
7648
8327
7591
9032
8080
8635
8480
8221
7687
7798
8032
8025
10935
7914
8727
7838
9224
8738
8212
8115
8740
7928
9066
8235
9403
13132
7690
7887
9845
7614
9241
8384
9328
8269
10102
8016
9503
8087
8954
8615
8056
7728
8906
8242
8420
8241
7241
7757
8645
8217
8412
8348
8840
8215
8124
8368
7676
7951
7720
7956
8322
8420
8163
9015
7794
8650
8828
8609
7769
7839
8574
8873
8989
8908
8559
7964
9044
7707
7867
9169
7583
7758
9210
8456
8656
8753
7809
9240
7816
8249
8166
8225
9180
8119
9034
8491
8881
8749
8588
7895
10997
9358
7804
9223
8806
8827
8370
7973
8415
7911
7908
8014
8871
8061
7788
8351
8551
9097
8842
7988
8887
8364
9482
8688
7922
7517
8054
8200
7728
7899
7782
8813
7589
7880
8798
8846
8724
8734
8869
8969
9312
8068
8072
8479
8895
7845
8685
8956
8401
8517
8648
8726
9169
8676
9178
8033
8755
9169
8211
7738
8220
8469
7887
7476
7592
8255
7972
8246
8777
8771
7537
8206
8482
7982
9118
7892
8694
8738
7569
8888
8809
7951
7831
8070
8723
8792
9197
7906
8076
7756
7745
8097
7771
8933
9210
7555
8377
9150
9000
7672
7627
9255
9015
8064
10239
8538
7795
8614
8791
9225
7566
9143
8979
8441
7659
7805
7593
7895
8213
7796
9046
8107
7609
7873
8477
9179
8320
8911
8092
8757
8287
8574
8234
8998
8237
8805
7659
7961
8410
9302
8734
8891
8287
8260
8402
8056
7697
8871
9181
7579
7882
8594
7818
7964
8009
8649
8960
8635
8138
9057
8647
7900
8040
7999
8044
7627
8531
8348
9514
9402
7692
7933
8533
8452
7591
8737
8608
8497
7478
9175
8435
9007
8872
7435
8158
8621
9230
8113
8425
9068
8609
8571
8621
9153
8800
8938
8712
7617
9223
8759
9005
7453
8338
7929
8364
8820
8636
8723
7651
8177
9129
7801
9369
8485
7805
8425
8261
8674
9440
8123
11591
7563
8868
9177
8051
9231
9536
7816
9374
8699
8550
8873
9706
8736
7981
8556
8645
8372
9081
8582
7843
8645
8933
9060
7931
7517
7746
8651
7670
8292
9125
8867
9261
7565
8533
15848
8058
7899
8477
8895
8075
9144
8196
8933
8810
7584
9130
8005
8936
7497
7649
9071
7719
7672
7927
7628
9046
8426
8156
9265
8456
7532
7743
9281
8599
8818
8262
8149
7371
8023
7605
7727
7855
8692
7990
8964
11440
8020
7855
8413
7443
9112
8205
8909
8405
9021
7674
8525
8114
7883
7821
7574
9119
9019
7928
8208
7527
8062
8742
8404
7850
8353
7428
7656
9098
8637
8979
7853
8233
9222
9026
9382
8225
8717
8379
7295
9189
7562
7895
9191
9607
7723
8056
7558
8656
8635
8200
8995
8553
8816
7693
7904
8608
8535
8715
9279
8124
7520
8219
8394
9416
7941
7958
8537
7555
9097
7731
8170
7739
8352
8210
8600
9162
8661
9005
8029
8093
7644
8148
8794
8077
8188
7281
8671
8884
9096
8241
8383
9165
8019
7917
7794
9128
7594
8207
8978
8373
8978
8135
8021
8334
8024
9245
8056
8473
9278
8523
8820
8756
8556
8224
8091
7361
8306
8089
10343
9217
8817
9071
8387
8751
7642
8405
8800
8933
8748
7994
8697
8320
7810
8917
8596
9279
7634
8708
7698
8366
8574
7361
9033
8904
8357
8675
8611
8217
8900
8196
8109
9121
7536
7723
7693
7861
8946
7441
9004
8196
7417
7862
9003
8369
8133
9306
8154
7330
8582
8857
8770
9046
8026
8758
8387
7932
7613
8809
8073
8064
8408
8678
8144
8690
9292
7686
7293
9380
7440
8712
9129
9442
8876
7738
8410
8196
8766
7616
8047
8183
8587
9651
7570
7986
9162
8903
7727
8737
9096
8193
7914
8972
8173
10769
8347
11014
7430
8361
8536
9014
8072
8883
9097
8422
7598
7967
7766
9316
12071
8801
8237
8167
8395
7569
8173
7621
8896
7339
8759
9148
9129
8836
7672
8246
8097
8105
7810
9159
9039
7994
8957
8594
9211
8993
8606
9901
8560
8214
7784
9084
8687
8824
7430
7995
9216
8664
8318
7994
9410
8874
8600
8764
8917
8645
9238
8371
8599
8364
9486
8785
8774
7601
8232
8854
8110
8033
7993
7989
8631
8496
8985
8217
7748
8634
8738
7661
8121
8432
7474
7882
8843
7632
8923
7287
8922
8431
9090
7914
7811
9064
8434
7723
7376
8496
7711
8533
8145
8694
8628
10613
8317
9256
8751
7732
8369
8191
7790
10025
7644
8369
8114
8635
9351
8740
8926
8671
8493
8126
8046
9360
9029
8534
8447
8430
8841
7789
9001
7912
8261
7902
8384
9195
8213
7902
9101
8394
7807
7695
8221
8358
9066
7938
7569
8643
7596
7724
7410
8323
8092
8199
8678
8155
8922
7702
7869
7837
9237
8103
7412
7963
9121
9277
7770
9700
8574
8327
8897
8777
8472
8999
8530
8156
7661
8021
8358
8620
8571
8266
7567
7795
8284
9699
7682
8272
7812
7949
7487
7571
8452
7652
9200
8396
8179
8407
8761
9374
9130
7527
8290
7715
8636
7748
8561
9323
9122
7911
7749
7642
9108
9128
7607
8543
8035
9007
8345
8843
9071
8386
8989
7399
8939
7474
8709
8782
7725
9165
7411
9403
8702
9017
9196
8450
8413
7942
7915
7733
8920
9024
8415
8696
7929
9064
8813
9016
8625
7621
7892
8656
8981
9124
8307
7851
8056
8802
7533
8812
8800
9051
9095
8293
8075
7722
7551
8644
9374
8621
7598
8421
8032
9259
8391
7979
9221
8438
7721
7671
9105
8315
8165
8257
8111
9070
7574
9099
8509
9482
9423
14869
8669
8542
8114
10292
8011
8739
8285
7480
7910
8482
8514
8357
7700
10365
7832
8674
8934
9076
7772
9087
7349
8208
7415
9015
9176
8702
8087
8076
7605
8232
8882
8774
7892
9298
7819
8374
7276
9014
9260
7952
8756
7957
7803
7983
8107
8354
8613
10098
7757
8083
9148
8223
9031
8975
7574
8323
8692
7712
8178
8685
8507
7812
7635
8164
8605
8921
8200
9930
8958
8084
7594
8949
7941
8507
7774
7579
8045
7565
7948
9606
9049
7767
8855
8102
8890
7467
7545
9346
8048
9270
7381
8823
7794
9180
9466
8435
9244
8004
8987
8703
8317
8990
8204
8181
8375
7572
9037
9212
9425
7300
9020
7897
16493
8952
9261
8088
8490
8687
8640
9079
8209
8422
7873
7269
8068
8376
17552
8890
9382
9219
8628
11159
8375
8952
7451
9175
9271
7410
8051
8918
8209
7882
8385
7451
8379
8207
8410
9269
8915
7651
8169
7451
7704
7782
7987
8203
8007
8417
8053
8133
7609
9853
9400
10179
9343
8610
14835
8070
7654
9179
8225
8158
8210
8732
8943
8196
7794
7375
9297
8400
7780
7733
9244
7832
8445
8366
9019
8017
9241
7562
12023
8966
7652
9027
8117
9559
8812
8989
7526
8472
8835
7742
8163
8441
8074
17412
9300
9040
8241
8989
8814
8254
8143
7771
7670
8440
8962
7579
9022
8948
9112
8856
8452
8372
7473
9139
8374
9273
8373
9255
8143
8112
8575
8784
7624
8628
8362
9183
8285
9384
8442
8064
8428
9234
9190
8432
8515
8542
8673
7513
8154
9059
7834
7640
8584
8669
8766
8386
8323
9556
8150
7756
8102
7946
9010
8054
8337
8348
7656
8170
8550
8177
8930
8041
8203
9728
7705
7799
8000
9254
7581
7519
7553
7755
8102
7454
167439
15867
8341
8612
8666
309711
8046
8394
8114
8316
8568
8596
8317
9241
7904
7965
8440
9199
8396
7828
8214
7542
9235
9060
8354
9475
8043
9117
12689
8288
8192
10128
7580
8874
8197
7383
8826
10936
8587
8782
7563
8747
8923
9097
8574
9095
8033
7733
8140
9132
9333
8076
8483
9194
8501
8669
7551
8665
7532
9053
8979
8379
8073
8871
8131
7895
8200
7499
8728
8341
7871
8923
8917
9387
8444
7816
8239
8343
9158
8998
7548
9154
7982
8215
7945
8385
8729
7810
9020
8661
7569
8169
8175
8416
7397
7446
8347
9314
8336
7789
7608
9803
8665
7914
9251
8172
8111
9005
7495
9100
8403
8956
8848
7656
8395
7671
7710
8639
8581
8937
9127
8744
8635
8369
8141
8932
8215
7767
8643
7625
8975
8018
8071
9167
9959
8089
7527
9001
7676
7800
8394
7292
8210
8463
8892
8913
8179
8048
8422
8017
7373
8189
8923
9111
8134
8284
8732
8280
8413
9039
7723
8585
8014
8837
7564
9838
9122
8063
8475
8271
7444
7594
8856
7653
8084
8594
8044
8032
7646
8406
8174
8314
8074
8843
9184
9120
9024
8564
18481
8973
7872
7960
9194
9326
7594
9237
8766
8447
8608
9373
8667
8388
7328
9066
8169
8813
8795
8299
9276
7273
8731
8252
7753
8519
8300
9189
8541
9056
8538
8624
8605
8830
8405
8397
8047
9188
9320
8694
9801
10782
7326
7578
9082
8336
8634
8148
7953
7868
7591
9000
8708
7982
8284
8335
7496
8932
7908
8213
8933
9216
8076
7699
8323
8364
9337
8510
8715
8974
7997
7941
8045
8687
8284
7684
8481
7494
8735
8430
8501
8002
7886
8173
8462
8868
7631
9282
8599
7419
8352
7650
9266
8882
7596
8040
8195
8353
8635
9435
8328
8832
7612
7494
8565
9122
7762
7425
7970
8206
8052
9837
8666
8940
16177
8473
8517
12217
8644
8369
8024
7824
7920
7843
7522
9031
8633
7868
7630
7885
8318
8337
9358
8869
8132
8158
9234
8979
8655
8953
8376
9076
7648
8780
8992
7900
8541
7431
9232
9184
8741
7935
8582
7487
9224
8389
7451
8126
8418
8040
8222
8465
9271
8753
7892
7925
7681
8507
8061
10815
9337
8813
8116
7453
8400
7680
8100
8329
8458
8287
7830
9071
9208
8003
7459
7838
7769
7698
8641
7980
7637
8670
8076
8553
7579
7786
8087
8917
8391
8096
8962
7756
8451
8917
8394
9177
8163
7804
8634
8066
8696
8888
7771
7433
8840
7574
8627
9154
8852
9071
8573
7948
7643
8315
8951
8503
8860
7952
8013
9501
7906
7663
7701
9661
8607
8194
8664
8773
9237
9213
8743
8283
8496
7984
8993
8256
7358
7830
8275
9011
7739
8368
8004
7254
8853
8352
8357
9502
8950
7564
8456
7811
7494
8683
7733
8442
9023
8542
9071
7538
9028
8415
7821
7618
7820
8575
7953
9334
8048
7908
9069
7369
7679
7855
8181
7872
9343
8966
8097
8390
8041
8550
8669
8469
7748
7547
7610
9159
8789
7695
7950
7979
8394
8207
7775
8214
7969
7843
7814
7558
8974
8468
8448
10265
7977
9199
8143
8794
7994
8425
8682
8082
8879
8638
8204
7895
8943
8381
8393
8027
9028
8599
7580
9449
8599
8253
9194
7586
7962
8666
8656
8343
8171
9259
7604
8252
8533
8894
7605
8605
9291
9142
9501
8715
9103
7571
8011
9299
9108
8071
7839
9963
9227
8042
8798
8669
9228
7918
7617
9921
8562
8142
8580
9012
9042
7956
8687
7579
8355
8213
7758
8452
7427
8613
7660
9221
8618
7789
7875
8657
7584
9301
9026
8866
8170
8438
8212
9203
8214
7630
9033
8334
8395
14276
9420
8752
10201
8130
8184
8370
9032
8439
8197
8052
7915
7639
7898
8025
8894
8584
7831
7951
7614
9175
8153
9950
8001
7707
7849
9177
7758
7984
7805
8819
9440
7781
8194
8708
7675
7839
8651
9342
7711
8107
8193
8399
9359
8740
8405
7615
8926
8677
7794
8507
9179
9196
7594
8936
7776
7962
8682
7489
8177
9074
8372
8209
8979
7777
7928
9135
7731
11273
7764
7783
8790
8010
7849
7653
7944
8927
7659
8922
8702
9354
8276
8748
8181
8651
8145
9658
7589
8425
7871
9057
7654
8703
9076
7875
7551
7820
8332
8754
8384
8848
8585
7574
7769
7587
8637
8850
7953
8607
7546
8570
8174
7673
8618
7800
8501
8140
8102
8918
7739
8646
8557
9145
7923
8755
9444
8446
8756
8217
10915
8939
7683
8318
8300
7683
7994
7430
7984
7588
8816
8410
8588
8593
7309
8366
8217
7605
8365
8122
8412
8646
7540
9098
8133
7636
7779
7538
7934
9116
8846
9132
7677
8600
9237
8312
8172
8180
8775
8351
8689
7894
8390
8302
8843
9102
8726
7641
7907
7832
7630
9218
7648
9148
7998
8558
8718
8328
9112
8945
8922
8168
8073
8782
8389
8938
9156
8962
7651
7629
8718
8817
8354
9339
8904
7916
8248
7457
8615
7896
9643
7685
7635
9196
8859
10439
8628
7928
8646
8394
8394
9215
9094
8348
9172
8061
8003
9293
8738
7593
7933
8036
8382
8076
8476
8615
9158
8800
8591
8297
8800
8114
8794
8881
7635
8103
8113
8744
8560
8271
8958
8502
7382
7590
7714
7791
9088
9275
7594
7714
8128
7862
9366
9186
8229
8504
7503
8026
7635
8594
8312
8817
8533
8091
8499
8714
8531
7512
8421
10461
8567
7356
8455
8020
8989
9384
7808
8062
9216
9056
8145
8681
8335
9241
8362
8666
10243
8133
8774
15813
8603
7733
10723
7612
8563
8046
7943
8502
8152
7559
9010
8716
7797
8430
8379
8558
7972
7917
8841
7873
8513
8963
8247
8203
7977
8470
9106
8479
7631
8504
8664
8498
9019
8170
7712
13725
8708
7828
8833
8386
8092
7452
8867
8813
8940
7599
8645
9081
8837
9035
8024
9038
8000
7835
7831
8700
9264
8490
8321
7747
8484
8962
9041
8205
8764
8437
7566
9471
8481
8056
9352
7871
8526
8702
8993
8480
8099
7764
7972
8493
8523
8286
8800
7803
7546
7723
9135
7562
8771
7732
7662
7761
8354
8493
9060
8792
8849
7754
8042
9098
7763
8976
8055
9203
8609
9377
9002
9830
8527
8174
8210
7374
8441
8953
7974
7630
8790
8779
7759
9182
9152
8000
7695
8740
8843
8102
7601
8721
7528
8083
7914
8484
8209
8332
7838
8863
8097
7833
7942
8090
7776
8720
8704
9040
8555
8243
7994
8022
8356
7661
8220
7611
8164
8433
8297
8085
8855
8542
8047
8558
7671
7928
8960
8430
8218
7466
8456
7966
7586
8004
9375
9382
7918
9448
8565
9054
8461
8010
7551
9100
8166
8056
8664
8518
8159
7821
8203
8998
8167
8584
7641
8299
8358
8215
8098
7584
7648
9235
7735
8219
8084
8828
8524
9023
8181
7969
8791
8984
8554
8335
7766
8854
7589
8452
9064
8935
7789
8400
8142
7463
8446
8624
8358
7633
8386
7936
8296
7811
9098
8920
8146
7867
8377
8553
8270
9943
8770
8518
8302
8381
7591
9083
9143
8503
9363
8373
8876
8882
8983
9137
7608
9476
7947
8651
7828
9212
8295
8475
8223
7580
8646
8763
7976
7840
9000
7629
7401
8902
7779
9129
9258
7816
9242
7237
8847
8206
7949
8040
9180
8241
8463
9071
8054
7874
8019
7882
8616
9094
8964
8475
9061
15215
8692
7582
11948
8780
8232
8044
8408
10545
9172
7361
7907
8559
8957
8493
8906
7779
8063
9205
7679
8892
8820
8884
7594
8200
8233
8620
8366
8035
7945
8033
8482
8840
8394
8854
7877
8114
7793
7503
8598
8906
8673
8575
8852
9467
7649
8638
7844
8233
8497
8214
8172
7617
8756
8797
8954
7765
7962
7776
8082
9379
8642
8769
7771
9458
8345
8477
8419
9167
8868
7536
7945
10861
8672
7950
7917
7839
8852
8446
8791
8560
9104
8764
7571
7903
8548
8124
8099
8794
7579
8114
8839
8594
8846
9362
8792
9095
9208
8998
8415
7776
8656
8393
9668
9727
9076
7527
7853
7933
9106
9179
8369
9279
8054
8468
8164
9698
8295
9093
8356
7666
8187
9020
7893
9138
8344
7590
8570
8208
8975
8014
9398
8618
8286
8196
9517
10351
7658
8958
8628
8440
7956
8407
9014
8164
9063
8376
9052
8590
8238
9144
8645
7995
8026
7980
8315
9224
7891
7994
9123
8670
7774
9121
8492
9269
8335
9028
8056
7797
9180
9047
7623
9060
8096
7451
8210
8317
7621
9089
8697
7599
8776
9246
8471
8564
8871
8351
8841
8092
8343
8420
9138
8293
8108
7868
7423
9481
8009
8383
8000
8591
7901
8408
7983
7590
9219
9029
8032
8764
7635
8427
9138
7655
9239
8343
8076
7958
9287
9398
7678
8882
8605
8901
8907
8249
7552
8247
8431
8423
7784
8434
8891
7994
9405
8605
8506
9049
7964
7764
8424
7846
8340
8210
9240
9336
9538
8320
7769
9066
7779
8215
7933
8574
8497
7697
8199
7914
8432
7712
8227
8975
8376
7769
7733
10484
8826
15175
8297
8225
9951
7519
8733
9552
8283
7734
7537
8133
8887
7950
8080
8778
7791
8016
8528
8513
8968
8873
8912
8115
10565
8487
7430
8828
9163
8918
17026
12418
9000
7707
8189
9171
8430
8859
7431
9617
8118
8656
9602
9429
8597
8249
7791
7654
8165
7781
9092
9839
8532
8378
7590
7755
9363
7651
8435
7466
8068
8300
7765
9881
9287
8117
7816
8836
8953
8646
9097
9251
9181
8415
8273
7951
9261
8826
8030
9193
7912
7853
8080
7663
8057
9241
8424
7410
8189
9176
7663
8005
9158
7891
8722
9343
9169
7671
8078
8251
8395
8676
8425
8702
8819
7958
7626
8210
8215
8133
7699
8962
7858
7970
8792
7752
9196
7812
8628
8093
7515
9198
7789
8655
7552
8170
9096
9846
8799
8841
8706
9096
8749
9013
7792
8631
8234
8614
8297
7895
8618
7990
9416
9148
8348
8137
9278
8915
7794
8296
8402
8516
9278
7721
9244
7752
8894
8906
8277
8169
8459
8138
7809
9115
8574
8654
8034
8153
8642
7620
8050
9297
8294
8683
7348
8549
7671
8140
9084
9423
9000
7966
8656
9237
7742
8521
8461
9318
8087
8640
9052
10802
9303
9017
7729
7787
7657
8996
8246
8397
8319
9102
8200
8506
9203
9111
8407
8771
8754
8759
8284
8140
8849
7810
8582
8679
7531
8637
8160
9763
7940
7700
9181
7509
9239
7851
8707
7934
8337
8920
7862
7733
7589
8838
9025
8255
7561
8632
8147
8418
8004
7959
8251
9033
9112
7875
8557
8144
9063
7740
8917
7627
7706
8933
9330
9543
7641
8105
8229
8796
8421
8100
8475
7771
8731
8520
9247
9063
7902
7908
7687
8477
7799
8599
7601
7766
8833
8394
7866
7718
8380
8580
7166
9451
8143
9030
9280
8267
8116
7247
8151
8456
9089
8270
7794
8371
7699
7615
8242
8129
8856
9498
8616
8043
9200
7773
8898
8818
8376
7790
8517
10676
8315
8304
13106
8425
9052
8088
8540
9684
9141
8012
8461
8737
8225
10276
7369
8089
9665
7799
7719
13154
8658
8224
11018
9090
7690
8684
7884
8054
8154
9056
9406
7712
8696
8491
9275
8277
9220
8399
7689
8593
7814
8576
8909
7711
7812
8597
7761
7789
8417
8304
8097
8037
8493
8911
7512
9148
7811
9046
8355
8010
7846
8771
7918
7983
9174
7878
8032
8072
8716
8958
8618
10498
9418
7301
8822
8123
7865
7476
8164
8624
7720
9281
8160
8594
9206
7835
8372
7759
9314
8246
7792
7543
8173
8003
7202
9274
9206
8877
7629
9252
8998
7379
8281
9566
8442
8000
8053
9185
8696
8987
8966
8931
9020
8657
9053
7430
9191
7519
7838
8784
8468
8300
9247
8290
7948
9288
8713
9287
8174
7385
8628
8541
8055
8933
8056
10661
8117
9061
7796
8587
7382
8016
8983
7840
8974
7651
8397
8111
7650
9187
8209
8036
8461
8859
7729
7922
8271
9027
8453
9405
7975
9030
7443
8286
8075
8634
7753
8393
8084
7999
8716
7979
8767
9056
8564
8485
7603
8777
7815
8745
9138
8649
8080
7876
8980
8314
8776
8355
8417
8696
8456
7974
9062
9209
8843
8620
7780
7830
8185
10874
8624
8312
7423
9042
7958
8177
9179
8733
8743
8020
9018
8024
7990
7594
8384
9196
7206
8237
8049
9178
7726
9218
8234
8906
9120
8272
9186
9367
8459
8302
8085
8071
7571
8544
8000
9470
8596
8025
8898
9090
8598
7592
8210
9394
7781
8470
8150
8507
9226
7743
7820
8650
9400
7758
8005
8106
7458
8579
7434
7568
8694
7613
7861
10011
8424
8192
8636
8338
7656
9154
7539
8308
8635
8203
7883
8834
8790
8484
8364
9731
8547
9405
8715
7922
7986
8688
7757
8008
8818
9005
8574
8476
7594
9140
8426
8761
7603
8835
10280
8526
7972
8134
7621
8875
7547
8400
8662
8401
9635
8434
8189
8897
7338
8646
9485
8649
7552
17846
8379
7898
9775
7467
8164
10497
9025
8338
7796
9557
8341
8674
8572
8285
9043
8395
7810
10169
7524
8162
8441
8595
7569
8694
9236
8368
9221
8933
8240
8417
8499
9157
8077
8554
8046
8898
7473
7952
7456
7730
8015
9488
7549
8594
8836
7633
9025
8858
8462
8836
8079
8799
8737
9015
8857
8417
8430
8139
9059
9212
8749
8897
7822
8379
8869
9516
7748
8917
8377
8368
8897
8626
8747
10353
8104
7517
7256
8991
8982
8470
8974
8574
8943
8241
8520
8305
8398
8909
8627
9015
8635
8662
8839
7732
7775
7846
7728
7914
9004
8486
8217
9155
8085
7801
8005
8533
8413
7859
7791
8505
7865
8393
7730
7885
8564
7437
7985
9051
8482
8333
7889
8082
7671
7461
8696
7550
8187
9412
8966
9063
7348
7585
9122
9181
8263
9058
9218
9645
7492
7811
8128
8265
9174
9923
8162
9213
8698
9420
9189
8555
8058
7804
7687
7511
8264
9088
7700
8881
8340
8649
9233
7697
8971
8334
7996
7782
9230
7793
7693
8367
8466
7646
7613
8740
7944
9071
8065
8135
8640
8881
8103
8107
9158
8801
7615
7822
7789
8538
9094
8034
8383
8148
7740
8907
9267
8782
8066
8432
7646
8230
9138
10399
7880
9005
8877
7932
9410
7513
8199
9441
8475
9134
7630
9227
7566
8465
8102
8985
7836
11631
8459
9218
8580
8980
8060
9441
8172
7645
9026
8572
7996
8229
7890
8651
7548
7536
9087
8950
8656
8012
8074
9264
9406
9307
8935
8041
8537
7815
7916
8287
8830
7497
7884
9259
8697
8230
8618
8813
9011
8616
8429
8834
10275
8923
8491
14979
8140
8401
7969
8191
8143
7840
9404
16644
7887
7756
12974
8156
8790
8061
7814
9115
8049
9139
8945
8106
9175
9057
7798
7373
7593
9036
9321
8276
7852
9192
7353
9462
8376
9336
7564
7677
8734
8195
8666
8628
8666
7861
8896
8060
8627
8387
9044
8382
8810
8073
8835
8830
9249
7749
9038
9215
7692
7707
8928
9497
8097
9073
8207
9035
9169
8556
9028
7620
8545
8059
7752
8184
8882
8458
8493
10603
8548
8455
8646
9201
8376
8077
7330
8892
7533
8372
7468
8992
8145
8485
9112
7614
7704
8069
8827
8839
7764
8816
8042
9273
7740
8450
7573
7309
8194
8635
8646
8425
7702
8905
7384
8640
8625
8504
8313
7865
7534
7652
8524
7761
9158
8894
9040
9439
8625
8812
9199
10574
7473
7981
7677
8088
8173
8963
8779
9046
8610
9200
8820
9097
9300
7910
8559
7597
8092
8317
9123
8466
7663
8855
7972
9238
8610
7973
7641
8219
8545
8647
7851
8204
8374
7827
8708
7892
7779
7950
8964
8056
8593
8386
7576
8028
8614
7835
8137
8301
7764
8776
7756
9048
9508
9295
7652
9390
7712
7790
8519
7920
8703
7747
8785
10719
8577
8182
8678
8166
8187
8454
8097
8061
7731
8232
9263
8719
7649
7562
7786
9076
8365
9600
8477
7354
8882
8388
9037
8165
7572
8939
8128
9154
7470
9135
9038
9278
9124
8441
8075
8804
8963
8820
9287
9379
8489
9039
9144
8739
7528
8711
7891
8581
8996
8273
7685
8841
8771
8501
8527
8283
9268
8794
8558
8696
8797
8480
7805
10290
7738
9055
10758
9180
8174
8155
7642
8995
8983
7796
7448
8394
8457
9005
8560
8613
7976
9476
7144
8988
10307
9292
8611
13636
8957
8398
7820
8186
8838
9484
9123
9184
8369
7982
8787
8926
9794
7613
7766
9143
7833
8292
8029
8842
7552
9006
8001
9194
7770
7600
8260
8014
8497
8271
8112
8051
7659
9015
7331
8651
8452
8979
8170
10260
9196
8459
8791
8448
7949
9087
12471
8616
8532
14821
7726
7858
9400
9035
7731
7503
9211
8872
8174
8560
9432
8310
7496
7876
8404
8395
9004
8012
8391
8667
8164
8399
8632
8176
8479
8364
7515
8587
8219
7714
7863
9917
9357
7290
8740
8922
7828
9087
7661
8497
8034
7907
7468
8350
8573
8374
8504
8040
8652
8434
8526
8023
7288
8851
8432
7802
8510
7719
8866
7463
8776
9301
8450
7579
8807
7760
8649
8904
8815
8358
9230
9251
8533
8094
8753
7613
9179
7599
9026
8595
7577
7866
8251
8333
7600
8660
8193
8495
7654
7821
7574
7778
7553
8552
8292
9009
8351
7630
8348
7461
8153
7502
7628
7511
8977
7767
8576
8163
7706
8456
7815
8670
9271
8660
7584
8584
8080
10001
8606
8834
7397
8610
8404
8415
8989
8731
8902
8876
9711
9027
8685
8615
7700
9031
8056
9421
9178
7764
8792
9211
8797
8432
8194
9015
8994
8374
8737
9130
7773
8168
7644
8451
9027
7711
8234
7649
8124
8871
9108
9123
8107
8773
8068
9050
7873
8726
7846
7620
8507
8031
7765
9089
8967
7789
7678
8779
8058
8162
8374
9338
9087
9314
9236
8802
9148
9389
8183
7783
7735
8578
8586
7500
7965
9102
7748
8676
7613
7509
9456
8981
9199
8778
7384
8994
7595
9038
9256
7613
8958
7791
8441
9035
8796
8797
8215
8460
7796
7677
8889
9181
8876
8784
8963
8716
9091
7556
8046
8619
7805
9251
8284
9238
8194
8375
8061
7595
9063
7784
8415
9174
8197
8873
8348
8966
9018
10612
8687
9359
9415
8262
8447
9161
9080
8921
8255
8154
8835
8893
7974
8248
8549
9026
8377
8525
8530
7551
9020
8851
8528
9106
7723
7768
7943
9523
8232
9216
8619
7590
7950
7342
7841
9055
8717
9060
7614
7519
9149
9105
7859
8416
7496
8479
7812
8251
8292
8210
8135
7827
8105
9038
10091
9184
8992
10757
8031
7841
13153
9137
7736
10917
9215
8448
7615
8856
8149
8195
9112
8553
8462
8349
7866
8726
8860
8210
8379
8210
7588
8918
7721
8631
7451
8194
8133
8909
8363
8600
7955
7860
8153
8826
8618
8733
8845
8664
8291
8112
7866
8902
7477
7536
7631
8923
7803
9241
8424
7544
8397
9263
7513
7750
8820
7510
7584
7736
7788
9025
8198
8850
9497
8392
8353
8244
9085
10061
8788
9314
9089
8215
8404
7717
7896
8356
9322
8536
8100
7989
9082
8348
7475
10063
9182
7530
8083
8851
8461
8877
8132
8887
8530
7907
7749
7670
8000
9128
8215
8981
7653
9089
7915
7872
8353
7772
8656
7594
8157
7907
9194
8697
9112
8817
7991
8462
8409
8011
8589
7624
9034
7391
8562
8886
9209
8170
8670
9528
7553
8846
9235
10133
8356
7646
7893
7586
7551
8213
8548
10169
8323
8013
8368
8056
7749
7953
8173
8290
9125
8226
9111
9244
8488
9302
7599
7729
8702
8317
7414
8050
9321
7241
8967
7969
8917
8374
9143
8487
8037
9203
8903
8363
8725
8051
9016
7519
8716
8020
7574
8858
8737
9234
7433
9263
8882
9184
8978
7887
8406
7415
9060
7822
9346
7753
10442
9905
8220
8818
8574
9010
8316
8317
8220
7660
9294
7480
8937
8282
8275
8153
8607
8319
8512
8453
7733
8227
7609
8113
8807
8951
8999
8473
7558
7619
8984
9133
8769
8476
8294
8354
9217
8642
8953
9347
8086
9222
8150
8116
8964
8756
9401
8604
7831
8078
9191
9233
8580
8854
8225
7522
7816
7476
8762
8837
8178
8818
7644
7759
8135
8791
7540
7856
8893
8426
7845
7833
7715
9258
8615
7717
7642
8025
7908
7480
7630
7956
9010
8346
8626
8748
7693
9198
9093
9317
7590
8841
8161
9171
9135
7835
8045
8222
8292
8620
8905
8850
8048
8918
8391
8121
8055
10920
8348
9059
18610
8716
7965
8106
8261
7736
8252
8907
9418
8198
7854
7555
8798
8178
8470
8000
7600
8443
8300
11306
8357
7698
8916
7675
8133
7556
8958
7797
8764
7510
7553
8027
7560
8074
7560
7441
8613
8152
9219
9138
8097
8516
7270
9042
7800
15508
7606
8484
7797
7833
8070
7774
7554
8645
9170
7835
8328
8330
8148
8246
8307
8735
8924
8690
7531
8792
7358
8577
7423
8658
8576
8184
9056
8828
8596
7321
8381
7845
7914
8597
8661
8554
7469
10085
8318
7502
7771
8153
7774
8212
8589
8215
7848
8952
7897
9082
7496
9712
8926
20705
8602
8946
7753
8379
7816
8160
8524
7561
8824
7573
8723
7606
8469
8020
8432
8657
8092
8897
8010
8389
8800
8943
8749
7702
8145
8662
9046
8143
7864
9028
7779
7594
8268
7592
9129
9636
10055
8412
8409
8658
8618
8854
8575
7899
8405
7740
9240
9791
8495
8421
8123
9029
8041
7707
8732
8807
8112
16257
8751
8092
7966
10015
7835
8534
8496
8571
7643
11046
8725
8921
13516
8822
7812
8094
8719
8015
8512
8817
7581
9337
7648
7926
7794
9051
8548
7984
8809
9113
10333
7748
7866
7969
8166
7687
8395
8712
9206
8619
8886
7709
7788
9160
7871
8451
11169
9010
7967
9913
8148
8266
9394
9969
9483
8596
9254
7501
8205
8022
8029
9021
8672
8178
8722
8259
8111
7783
8172
8965
8551
7861
8913
8362
8075
178323
7919
9258
7588
9020
7621
8117
9183
8528
8230
9287
9200
7476
8563
8376
7517
8920
8940
8436
8379
7763
7881
8451
7993
8622
9314
8077
7796
7589
8453
8200
10561
7616
7968
14583
7562
8350
11287
9092
7952
8817
8816
9456
8316
9492
7584
7794
7495
9029
8833
8395
9140
8533
8358
8279
7929
9138
8600
10438
9260
7863
8884
7902
8335
7897
8373
8471
7964
9419
8859
8311
8920
8410
9279
8353
9384
7406
7590
7827
7709
8441
7846
9241
7378
8092
8865
8856
7735
8297
8716
7425
8571
9100
8227
9435
9021
9010
7374
8873
9047
7510
8297
8846
8430
8574
8958
9256
8569
8922
8576
9462
8040
9053
7575
8215
8581
8732
7642
7953
8319
9277
8080
9319
8435
7795
7989
8271
8341
8394
7620
7412
8654
8076
8750
8523
8523
8136
7964
8020
8805
9403
8392
8467
8615
7796
7942
8938
7931
8702
8816
7661
8930
9251
8964
7994
8349
7882
8669
7862
9020
9143
8820
8364
8210
7942
8183
8198
8841
9215
9072
9661
7912
8320
8114
8088
9316
9138
7784
7474
7604
8509
7994
9653
9338
7697
8653
8235
7871
8148
9087
9372
7671
9265
8981
8575
7792
8789
7882
8405
7512
8878
8559
8851
9221
8805
8275
9569
8477
8387
7588
9086
8013
7811
7975
8136
8604
8862
9216
8936
7369
8238
7562
7682
8794
8138
7800
8815
9041
9096
8405
7825
8786
8703
7745
10292
8553
8984
7876
8441
8362
7832
7964
9024
7729
8020
7904
8692
8610
8050
8594
8210
7928
7694
8596
7669
8374
8148
7910
8268
7369
8299
8685
8218
7882
9108
8659
8784
8130
8902
8267
7913
8663
8236
7434
8142
8681
8979
8835
7790
8818
8748
8568
9139
8579
7993
8724
7688
7434
7818
8427
8812
8677
10244
117206
7758
8598
7529
8071
10282
8472
7822
8194
8774
8455
8856
8638
9138
7594
8519
7558
9325
8446
8393
8104
7786
8591
8068
7574
8008
9325
10421
7666
7542
9107
7982
7992
9472
7772
8997
13978
8974
8820
8891
8805
7971
9206
8266
7528
8800
9058
7887
10320
9105
8673
7886
7773
8185
9020
7830
8702
7712
8163
8959
8015
7580
7650
8179
7856
8978
8553
7955
8513
8753
7756
8483
7720
8292
7709
8462
7760
9088
8141
8342
9048
9227
8379
8026
8600
8525
8680
7853
8371
8616
8658
8405
8854
7770
9620
7795
8296
8192
7655
7676
8137
7984
8425
8519
7808
9031
9087
9461
8257
7691
7473
8356
7972
8503
8254
7773
7729
7897
7265
9414
8839
8944
8384
7929
8165
7745
8671
7994
8857
7960
8213
8575
8665
11617
9068
8911
8393
7896
8551
9475
8786
8374
8728
7693
7642
9274
8943
9057
9019
9272
8082
7682
9117
8993
9066
8641
8250
8979
7405
8038
8569
8048
8175
8210
7956
8379
9114
8142
8619
8247
8597
8014
8556
9167
8860
8868
7286
8221
8147
7654
7728
8293
8293
7919
8277
7711
7553
7981
8486
8928
8634
8048
9230
9272
8910
8179
7773
10102
7334
8474
8698
8748
8439
9074
7823
8565
8958
8920
8266
8036
8942
8109
8221
8781
7817
8866
8958
8475
8531
7890
7666
9979
7861
7596
7876
7933
7960
8402
9016
9239
8390
7488
8256
7451
8656
7592
9109
7962
7989
8384
8484
8159
9226
9327
9219
7907
7629
7335
8631
7834
8552
8059
7709
8773
7892
8111
8268
7593
8320
7679
7430
9632
9273
7630
7574
8123
7314
9523
8222
8878
7842
9036
7577
8215
8641
7782
9249
9701
7723
9205
7482
8642
7762
7999
9219
8343
7512
7289
7997
7953
8387
8218
7460
142796
8514
9075
7514
7928
312784
7970
8528
7714
7637
8379
9512
8490
9301
8173
7641
8179
8270
8769
8503
9651
8136
7707
7661
8530
8982
8150
9584
9036
8666
8161
8128
10543
7484
8102
8051
8791
8902
9706
7571
8958
8172
8881
8455
8805
8193
8430
8226
8892
8425
8269
9230
9138
9993
7371
8589
8877
9198
8033
14118
8494
8502
11082
8336
8728
7703
8241
8331
7834
8256
8574
8099
9251
8830
8215
8229
9421
9011
8434
9035
8117
9020
7945
9111
9036
7776
8432
7792
8470
8999
7844
8189
7941
8934
8025
7748
9855
9656
9290
8307
8384
7125
7883
8323
8062
8544
8063
9032
7359
9233
8937
8111
8569
8072
7748
7996
9160
8779
8797
8486
10765
7612
8317
8399
8423
9163
8411
7808
8517
8035
7721
9012
8816
9034
7392
8195
8432
8273
7712
7610
8982
8231
8633
7630
8629
8875
8522
8553
8092
8600
9020
8329
8856
7974
7446
8461
9018
8544
8046
9163
9011
8999
7646
9017
8479
9148
8189
9379
7820
7270
8622
7692
9252
8759
8640
8404
8173
8210
8793
7663
7555
10451
8378
8382
9072
7936
8965
8794
7873
9075
8635
8466
8801
9300
9088
8338
8796
8005
9194
7677
9173
7980
8287
8992
8129
8594
8622
8153
8312
8214
8548
9141
8915
8398
8442
8533
8453
8758
8179
9415
9020
8968
8215
8558
11266
9598
8861
8624
8256
8794
8620
8811
9002
8873
7606
9354
7995
10017
8770
7898
8988
7495
7798
8034
7943
8091
8608
8902
7491
7993
7753
8117
8274
8256
9030
7994
7589
8174
7501
7786
8112
8009
8050
8079
8396
7753
8571
7493
9162
8841
8446
8801
7842
8969
9228
9327
7528
7897
8071
8470
8233
8972
8624
8440
7936
8672
9251
8186
10164
8251
8614
8471
7611
7769
8030
7559
8748
7739
8731
8485
8511
8639
7576
8483
9297
7783
8692
8641
7769
7617
8793
9251
8193
8600
8940
7676
7836
9533
8859
8356
8400
7765
9020
8825
9353
9484
7762
8817
7569
8730
8015
8646
9486
8578
7501
8813
8883
8253
9359
10481
7989
8892
16605
8509
8714
8788
8771
8676
8993
7840
7743
8151
11023
8183
8355
8112
8998
7594
7543
7379
8218
8656
8835
8148
7588
7835
8385
7793
7968
7954
9112
8498
9158
8394
7544
8621
8746
7697
7948
8651
7856
8476
8455
8265
9270
9259
8330
7640
7605
8882
7604
7668
8405
7510
8663
8605
8779
8479
9072
7692
9186
8890
8146
9220
8097
9260
8666
8834
8407
9347
9360
7725
9107
11434
8738
7901
9979
8213
9291
8220
7378
8994
8328
8694
9010
8904
7668
7412
9001
8602
8731
9110
7769
8978
8283
8974
7462
8451
8526
7911
8656
8071
9214
7923
8610
8030
8190
8743
7651
8517
7827
8604
8647
7993
8058
8402
8000
8831
7780
8759
7728
9117
7932
10024
9169
8610
8314
8415
7826
7921
7461
9020
9432
9185
9577
7869
7353
8607
8411
9020
10567
8071
8635
7519
7718
8535
7994
8785
8092
8364
7394
9239
8866
8350
9067
8225
8643
8142
7790
7996
8139
9259
8173
8871
7530
8490
9323
8515
8618
7786
7610
8128
8446
8861
8888
8917
7720
7580
7599
7764
8836
8231
7759
8779
8528
8543
7872
7697
8692
8254
7492
8913
9137
7952
9299
7752
8096
8078
8785
7512
9255
8721
7746
8432
8834
9195
8376
9124
8163
7348
7835
7965
9141
8193
8614
9511
8163
8941
8517
8627
8815
8796
8389
8325
7810
8497
9032
8693
7887
7773
7410
8918
8566
7445
7693
7723
7683
8399
8214
9195
7629
8862
9229
8537
7838
9289
8421
9251
8723
8422
9327
7900
9078
8142
8800
8884
8426
7781
7823
8936
7389
9514
7527
9242
8423
7497
8104
8919
10258
9027
8807
7611
8060
8707
8611
7605
7492
9333
8075
8201
8972
8358
8061
9482
7811
8076
8600
8659
8107
9185
7806
8044
7639
8339
7619
9300
8000
8609
7382
8937
8853
7943
9219
9205
8641
7358
7809
8834
8427
8151
8776
7565
8300
8013
7737
8635
8650
7743
9426
8532
8072
10252
7878
8224
14358
9358
8657
8568
8082
7934
9181
9409
10294
8632
8259
8350
13211
8703
8521
8477
7732
7819
8342
9520
7741
7508
7661
8635
8692
7453
9327
8666
9057
7972
7756
7948
9017
8785
8185
8635
8376
8236
9155
9220
9169
7881
8409
7846
8015
8553
9033
8342
7672
8158
8597
7457
9217
8903
8461
8033
8339
8777
7451
8035
8788
9357
9039
8495
7735
8839
9164
8834
9030
8089
7523
9187
10051
8128
8043
7651
9143
8010
8203
8654
8965
7578
8196
8633
8643
7832
8307
8605
8245
8476
8913
7271
8030
8954
9219
9158
8055
7569
7966
7603
7711
8984
8198
8543
9053
8826
8092
8285
9046
9123
8323
8915
7880
8895
8471
9397
8657
7933
8938
8520
8855
7602
8753
7915
7879
9116
8694
7967
8726
8146
7979
8841
8973
8871
8158
8693
9953
8505
7954
8907
8553
9250
8859
8904
8019
7995
8876
8833
8959
8879
9403
8876
7924
8889
8423
9083
7979
7523
8030
8651
8740
7749
7953
8177
10557
8840
7842
8425
9251
8195
9241
7824
7886
8580
8331
8616
9153
7502
8314
8620
7781
8504
8097
9018
9116
8417
8515
8264
7832
7964
8223
8415
7554
7573
8254
9031
9287
8626
8115
8106
10453
9536
8425
9405
8324
9239
8099
8153
8301
8639
8594
8779
8437
7879
8577
8959
7612
9446
9025
7696
8953
8554
8650
8307
9277
9108
7875
7853
8252
7733
7994
9251
8604
8278
7280
8736
8233
7954
9115
7681
9333
8594
8610
8635
8384
8405
8754
7864
7366
9059
8248
7912
8268
7893
8823
8311
8634
8697
8629
7871
8358
7796
7590
9013
9420
8297
7646
8658
8134
8683
8437
7751
7812
7800
7758
9236
8235
8947
8630
8246
7735
7469
7928
7417
7973
8980
9276
8830
8998
7613
8790
8558
7619
8579
9068
8633
9528
8828
16541
9402
8994
7933
8315
8825
8420
7678
7762
9412
8001
8228
8420
8612
7691
8554
9272
8399
7415
9060
7570
8884
7702
8287
7769
8306
9117
7479
7969
8092
8794
9018
7855
8778
9201
9132
9039
8509
8812
8114
7624
9067
8605
8620
7389
9138
9197
8740
8909
8414
8190
8608
8608
8674
7587
7861
7691
7635
7839
8169
8213
8498
9606
9017
8712
8138
8222
8505
8700
8158
8420
7783
8904
7723
8502
8989
8994
7755
7780
7451
9081
7715
9006
8810
9036
7607
8273
8434
7704
8553
7864
7619
8907
8333
10059
8906
8081
9244
7550
7738
7720
9010
8219
8165
9523
8065
7775
7308
7542
8452
8820
8114
8435
8485
8358
8110
8340
8352
8994
7873
7914
8497
9307
8036
9438
8329
8294
8354
9087
9536
9270
7966
8924
8219
9318
7850
9138
8339
7914
9299
8549
7826
7766
8237
8010
9174
9015
7633
8636
7959
8794
8514
8112
7888
8819
7851
8698
9210
9679
9126
7858
8196
9143
8600
8379
8625
7582
8625
8075
9150
8704
8792
8272
8136
7890
8014
8697
7732
7740
7737
8354
7715
8982
7461
7773
8223
9757
8085
9029
8075
8599
9405
7607
7819
8249
9157
8565
9069
8759
8922
8776
8206
8005
8118
8555
8675
7701
7656
8697
7792
8843
8851
8973
9134
8201
8578
8579
7790
9401
8366
8893
8158
9295
8112
8306
9128
9510
8439
8491
7427
8113
8503
8820
8352
9056
8625
8169
8223
8656
7795
8574
8891
7972
8523
8941
7896
9353
7995
7994
8099
7627
7736
9261
8708
8998
8796
8425
8552
8373
8791
8068
8384
8017
8817
8660
10159
7896
7967
14140
7861
8677
9981
9090
8412
8210
8389
8070
8506
7800
8268
9241
8674
7798
8637
8432
8420
10896
8785
9656
9317
8082
8888
7714
8779
8476
8074
7989
7938
8816
8531
9416
8841
8507
7555
7361
8276
8527
9207
8805
7606
9038
7384
7556
7818
8353
8097
8405
7951
8134
9020
8837
8593
9216
8257
7978
7811
7814
8193
8717
9258
9050
8143
8876
8615
8656
7693
9232
7953
7810
7471
7853
8823
7623
7788
8235
9203
7793
8704
7791
7581
10348
7480
8457
8413
9172
8618
8025
7541
7614
8738
8646
7661
9108
8015
9023
7498
8728
8258
9052
8553
7923
8172
8196
8676
8974
8949
8472
7606
7798
8295
7890
9239
9276
8856
11247
8372
8753
9164
7548
9036
7567
8203
7666
8760
8912
7498
8733
9156
8230
9121
7769
8554
8935
8116
8251
8175
8060
7781
9091
8720
8400
8486
7702
7805
10118
8343
8137
7992
8795
7462
7686
8900
8287
7942
8427
8760
8056
9064
9041
8396
8887
8635
9038
8597
9226
8043
8856
8946
8872
8869
7983
8007
7610
8334
8747
10966
9324
8193
9239
8217
8049
8949
8003
9064
8551
9154
8683
8360
9067
8580
8063
7397
7926
7714
8890
7753
7671
8197
8408
7569
9199
7943
9635
7489
9261
8579
8765
9250
9639
8109
7329
9005
7301
8339
7762
7910
7903
7598
9447
8297
8530
8704
9184
8256
7548
7712
8740
8378
8889
7784
9080
8087
9854
7887
7891
8825
11082
8081
8535
9178
7731
8640
8035
7549
8790
7884
8247
7936
7716
8530
7855
8800
8388
7719
8271
8415
8039
9402
7760
8059
7649
8853
8388
8274
8677
8407
7221
7519
7567
7803
9209
8496
9436
7738
8604
8401
8356
7835
11806
8414
7428
8856
8581
8012
8518
7457
8644
8674
10042
8051
8671
8589
8387
8293
7365
7763
9078
8734
8066
8036
9591
7754
8638
8314
9519
9148
7280
8612
7545
7962
8276
9082
7786
8514
8220
8773
8543
10462
9420
7820
17486
9200
7807
8526
8936
8993
9261
7658
8062
9441
8776
7574
8861
8523
8500
8313
9542
8856
8800
7680
8116
7693
8203
7989
10123
8051
10128
7697
7404
8817
8584
9497
7595
7364
8675
8196
8136
8237
8915
8893
8540
8011
7586
8187
9015
7850
7774
7569
8884
7591
8630
8601
8887
9110
7839
9497
9111
7717
9420
8294
7913
8015
8009
7434
8830
9348
8272
8378
7851
8810
7437
7568
7960
9138
8924
7674
9482
8016
9230
8844
10011
9221
7697
8055
7871
9318
9439
11477
8216
8276
8615
8478
8594
8794
7292
7840
7364
9037
8978
9211
8955
8534
9319
7775
8461
9242
9070
8721
7962
9212
8797
8125
8379
7659
9126
8338
9037
8781
8473
9204
8597
7471
7328
7897
7764
7628
8909
8851
8936
7468
8596
8454
8566
8496
8148
8345
7909
8554
8700
8972
8349
7764
8093
7549
8200
8957
8543
7770
11856
7820
8466
8627
8803
8733
8392
8070
8624
8138
9000
8625
8389
8244
7981
7753
7524
9490
8901
9082
7673
7334
8391
8661
8177
8750
9087
8746
8488
8598
7430
8499
7702
9375
7619
8558
8875
8315
9130
8259
8164
7805
8566
8595
9184
8820
7864
9271
8563
8564
7903
7955
8938
8779
7691
8774
8717
7895
9372
8565
9579
7750
7927
7660
9166
7876
8857
9144
9016
9016
7661
9108
9121
8891
7516
9247
7694
7419
8846
7588
7603
8757
7539
8215
7288
8894
8905
8651
8643
8781
9297
7333
8719
9031
9360
8272
8774
7858
8558
7842
7778
9663
7556
9411
8387
7302
7553
8754
7591
7512
7250
8639
8582
7800
8523
8963
8937
7676
8646
8394
8951
7550
8522
7754
9521
7628
8619
8707
7898
7864
8894
8125
7658
8373
9025
8216
7634
8404
7941
7727
7755
8592
8087
8285
7692
7416
8244
7839
8736
7808
9287
7641
7875
8351
7890
8526
9223
8710
8772
10043
7760
8078
13917
8122
11687
10212
8404
9352
9040
8924
9012
7461
9604
8180
8783
7576
8861
7950
8223
9159
7239
8819
7764
9233
9363
7674
8815
8660
10198
8083
8497
8433
8434
7697
8687
8343
8898
7838
8603
8158
8513
8192
7578
8192
8027
8544
8105
9207
9250
9554
8895
8656
8812
8102
8635
8523
8305
8482
8672
8838
8406
8518
9217
8925
8236
8099
8805
8726
7573
8933
8874
7949
7692
9265
8112
8816
8664
8926
8601
8230
8944
8473
8092
8257
8230
8153
8414
9076
8382
8812
7810
8234
10414
8573
8792
7649
9172
8097
8831
9292
7513
8142
9119
8587
8958
8805
9204
7555
8345
8433
7769
8836
7905
8773
7858
8856
9019
7994
8594
8934
7601
7614
8302
8921
7880
9015
9301
8751
8022
8450
8301
8821
8676
7527
8214
7933
8712
8731
8371
8806
7390
8287
8644
8144
9066
9220
8174
7594
8342
8171
7607
8636
9399
8415
8057
8984
11567
9700
8154
8822
8297
7624
8696
8002
9027
8354
8205
7993
8641
9051
8389
7780
9214
8994
7998
7553
9133
7564
8588
7969
8246
8869
7542
8426
7533
8866
7894
7653
8515
7451
8815
8036
8174
8538
8082
8008
8041
8134
8534
9105
7916
8278
8775
7613
9114
8456
8690
7511
8194
7817
8374
7653
9405
8648
8675
7925
8041
8545
8400
8619
9221
8805
8536
8104
7802
8252
9280
9054
9943
9139
8993
7509
8535
8763
8015
8202
11097
7702
7994
9051
7659
7626
8836
7903
8614
7894
8522
8085
8437
8557
7289
8851
8542
7625
7661
9107
7632
7270
8241
9130
8687
9037
9199
8035
8615
9227
8374
7995
8628
8064
9962
7279
7772
10884
8774
7932
17726
9045
8512
10034
7712
8470
8876
8839
10570
8161
8525
8430
16782
7564
8137
8907
8507
8651
8935
9007
8310
8924
7518
7837
8425
7897
7778
9296
7589
7741
8658
8146
8374
8199
8044
7517
8758
7492
8629
8532
9592
8822
7846
9307
7743
8981
8625
7746
8927
7812
9180
7896
7688
8413
8926
8770
8000
8051
8824
7937
8264
7972
7926
8521
7800
8328
9250
8459
8152
8128
7719
9101
10348
8640
8146
7929
8466
8438
8860
7750
8441
7808
8164
8445
8420
7936
8813
8474
8742
9837
8668
8225
7871
8210
8389
7488
8502
8824
7940
8056
9423
8504
7643
8376
9297
8330
7552
7497
8410
7651
8467
8656
8484
8897
8256
8765
9406
7689
7511
7650
9200
8856
9206
8838
8643
7974
7377
9253
9101
8158
9288
8466
8430
9026
7715
9431
11156
8931
7426
7887
8580
8656
8937
9215
9144
7325
7776
7537
8478
7498
10869
7528
7607
8003
8487
7909
8650
8826
7415
7715
8906
7788
8006
7959
8754
7683
8333
7771
9384
8514
9217
7537
7732
8637
8021
7793
7731
8032
8500
9222
9284
7729
8820
8512
9024
8509
7590
9159
8585
8987
8495
8577
8271
8367
7814
8310
7483
8953
7989
8186
9962
7982
7946
8169
9569
8950
7380
8565
9057
7917
7687
7877
9308
9150
7517
8011
8078
8162
7552
8155
8251
8132
8512
9300
9042
9468
9443
8150
9117
9169
8276
8171
9379
7637
7910
7673
7659
7711
7610
7488
8396
8438
9020
8842
9208
7439
8834
7454
8024
9133
8031
7724
7862
8629
7519
8340
8564
9281
7551
9346
7856
8287
8626
8355
9924
8551
8482
7991
8028
7497
9071
7753
9148
7872
8625
9120
8928
7890
8882
8086
8469
8030
7802
8766
7651
8513
7892
8517
8027
9077
8930
7658
9056
9319
8599
7632
9310
8517
8984
8652
8477
7934
9471
8773
10128
7770
8512
9703
7830
8179
14069
7846
7678
12686
10028
9053
7817
7617
7849
9194
9036
7425
9252
7380
10120
8102
8133
7737
9982
9010
7944
9020
8694
9134
8239
8194
7956
7584
7629
8348
8518
8864
8594
8900
9127
7872
9158
7850
8320
7364
8444
8203
9579
8091
8287
8854
8551
8276
7770
8374
8205
7564
8577
8355
7728
8408
8927
8353
8553
7562
8312
9220
8294
9220
8338
11308
8294
7376
9381
8317
8393
9256
8228
8812
8500
7592
9213
9035
7696
7365
9349
8033
9964
9503
7593
9025
8080
7923
7771
8487
8191
8855
9034
8172
7770
8370
7950
7688
8707
9129
8339
8829
8602
7958
8838
8016
8743
8465
8896
8279
8606
9053
8789
8635
8469
7789
8878
7574
7776
7968
8603
7974
8818
7785
8707
8698
11395
9241
7609
7980
7879
8230
9190
7650
9181
7901
9226
8899
8334
9092
7626
8616
8171
8926
7662
9491
10687
7772
9274
8200
9139
8072
8051
7989
8396
9156
8237
7917
8070
8958
8373
7982
7914
8746
8608
9607
8432
9020
7719
8696
8453
8442
8797
8977
9033
7505
8759
8475
8136
8053
8109
8876
7875
7907
8814
8890
9300
7805
9625
8399
9353
7612
7850
7877
7687
7955
7958
7526
7795
9364
8960
8882
9134
7840
8420
7475
7543
7790
8575
7615
9276
8103
8475
8194
9025
7979
7732
7822
8872
9200
7745
8787
9261
7776
10162
8537
8384
9025
9193
8460
8000
8666
7619
8878
8794
7636
7895
8034
8495
8430
7912
8586
8130
7574
9244
8424
8689
8834
8048
8071
7809
8452
8543
8712
8931
8326
8679
7631
8629
8522
8931
8635
8970
9006
8232
8070
7634
8966
7801
7900
8101
8293
8730
9041
9179
8202
8732
8584
7464
7828
8736
7671
8752
8185
7856
7410
8468
8251
7462
8875
8233
9276
9389
8350
7842
10246
8450
7915
16282
8557
9374
9084
7958
7554
7767
8971
8560
9437
9035
8628
8594
8427
9481
8327
8319
8358
8454
8000
8467
8828
7989
8008
8550
7871
8795
7821
9133
9065
8149
9097
8531
8664
7569
7691
9096
8897
8421
8527
9244
8234
7480
7526
8632
7610
8213
9122
7632
9451
8621
8285
8521
8489
7573
8276
8175
8757
9015
8854
10228
9192
7974
7570
7853
9179
7969
8359
7973
7651
7537
9279
9640
9248
7668
9081
8476
8665
8758
9370
8915
7838
8820
7715
8264
9087
8279
9093
7628
8885
8769
20907
7970
8216
8167
8241
9020
7753
8155
8652
8251
7641
8490
8117
9035
15836
7734
9235
9345
7412
8025
8135
9258
8722
7940
8507
7906
8144
8042
8174
8640
8769
9036
8375
8685
8717
8464
7771
8153
8830
7450
8986
8040
9535
8036
7392
8444
7755
8607
8610
8194
8712
7270
9186
7564
9249
8579
8357
8479
8384
8055
8130
8225
8874
8594
9020
7355
7620
7771
8153
8403
7573
9229
8051
8352
8322
9229
8965
11086
8461
7366
8138
8070
8487
9099
8800
7825
8097
7512
7989
8961
9109
8467
8257
8398
8276
9219
8781
8055
9672
9001
7925
8157
8583
9241
7624
8446
9037
7380
8974
8229
7999
9133
8349
7861
7575
7553
8061
7945
8595
8518
8014
7534
8266
7915
8010
8503
7753
8884
7507
8104
7996
8342
9205
9938
9213
8482
7793
8374
8849
8081
8133
9271
8584
8950
8100
7574
8642
7619
7926
7808
7627
9148
9032
9475
8218
8287
7466
9158
9401
8849
8636
7559
8272
8356
8810
10107
8388
8404
8639
8974
7831
8225
7738
8019
8783
7915
9078
7511
7689
8634
8949
9066
7449
7778
8231
9373
8514
8609
8904
7830
9495
9194
8570
8141
10157
7757
7389
7753
8735
7625
8199
8033
8334
8895
7754
9721
8768
10255
7638
8996
13083
8753
9200
11284
7472
8162
8448
7651
7928
9000
7933
9284
8426
8560
7441
8643
9215
8067
7651
7937
7851
8640
8253
7904
7781
7790
7934
7781
8613
8769
8234
7854
9141
8680
7825
7508
7897
7883
9019
8243
8182
9043
8241
8231
8245
9664
7558
7189
8224
8639
9006
8837
7635
8570
7850
9338
9054
8853
7692
9131
8117
7273
7686
8241
8203
7733
8297
10170
8256
8360
9283
8000
9194
8507
7691
9270
7904
7553
8405
7932
8026
8579
8600
9007
8603
7753
8012
7271
7850
9145
8832
8459
8445
9213
7337
8897
8066
8328
7974
7856
9116
8687
8368
8669
9210
9275
8044
8693
8061
8979
9379
9088
8271
7323
7735
8757
8610
8433
8549
8061
8051
8595
8212
10986
9064
8271
9235
7413
7664
8104
8492
9125
8552
7383
7963
8314
8432
9233
8941
8220
8591
7362
8917
7703
8459
8825
9417
7595
8093
8757
8010
8354
7492
8863
9031
7897
8551
8275
9523
9337
7576
9224
7503
7685
7784
8710
9112
7552
8861
7343
7871
8518
7561
8211
7526
8336
7890
7645
8614
8692
8559
7765
8539
8880
8148
9020
8563
9187
9297
9056
7852
7623
9261
20620
8251
8200
7731
8263
8834
7894
9297
8236
8897
8806
7300
7607
8619
7897
8615
9051
7775
8458
7823
8817
9667
9013
8615
8815
10106
8067
16666
8944
7983
12148
7558
8002
8215
8981
9070
8014
9639
8721
8425
8753
8820
9125
7397
7830
8662
7952
7536
9138
9406
7827
8883
7502
8055
8865
7676
7614
9225
10138
8975
8235
7907
7505
7614
9171
8291
9252
8881
9254
7882
9244
8620
9056
7473
8816
8971
7582
9231
8789
7970
7897
7764
8458
9235
7531
9466
8372
8607
7741
8920
9399
7507
7600
7870
9194
8428
8227
7511
11092
9078
7715
9026
8457
8852
9208
8112
8800
8253
7726
8649
8851
7738
7414
7828
8135
8131
8684
8309
8928
7630
8943
7556
9632
7873
9299
7803
8211
7566
9425
8496
9161
8048
8535
7298
8469
8418
8437
8824
7548
8633
7856
9277
8974
7789
8584
8401
8997
8223
8659
8708
7523
7731
9114
8590
8271
9282
7889
8395
8114
10189
8403
7789
8463
9224
8591
8773
8464
8638
7942
8864
8413
8805
9512
8018
7988
7481
7584
7688
7675
8715
8061
7805
8273
8996
8981
8182
10503
8570
9070
7968
8139
7457
7712
8137
8037
9222
8941
8291
9266
9436
8625
7589
8876
8553
8822
8654
9194
8626
7892
7907
8149
8814
8482
9172
7609
7526
8447
9346
8212
7451
10835
7415
7348
8835
8147
7519
9082
7638
7421
7697
8451
7584
8531
7570
7805
7615
8381
9158
8142
8748
8129
8118
7953
7988
8636
8588
10468
7688
8025
9275
9727
8155
9220
7708
8918
7787
7559
7916
7947
9224
9219
8584
8215
8461
8476
8566
7543
8917
7815
7419
9229
8836
7974
7526
8954
8899
8062
7614
7950
8790
8820
8554
7894
8135
7727
8267
7580
8205
8468
8942
7486
8431
7772
7793
8379
8401
9426
8305
9290
8533
7995
7763
9236
8137
8234
8831
8602
8769
7758
8611
8628
7774
8015
8938
9454
9435
11359
8548
7487
8230
9018
9278
9210
7795
7940
8046
9210
8162
8266
7811
8843
8157
7374
8657
7764
8434
8155
7843
8935
8420
8334
8385
9453
8235
7856
8116
7857
7923
9341
8785
8226
7615
8369
7451
9014
7596
8920
9397
7573
8127
8416
9170
9127
7697
8279
7737
9077
8676
8247
8020
8266
8009
8375
7601
9387
7902
8671
8061
10467
8525
8158
8640
14353
9186
7635
12067
9297
8790
9029
8328
7995
7851
7801
8105
9169
9158
7831
9129
7663
8139
8406
7610
8801
7849
9065
8374
8256
8608
7879
8000
8482
8041
7830
8621
8058
8810
7983
8126
9256
8098
7993
9309
7764
7981
8686
9106
8024
7548
9056
9307
8142
7852
8780
7680
9270
8633
8602
8777
7876
7533
7510
8705
9749
9174
7943
8677
7657
8943
8197
9321
7700
9114
8097
8430
7801
8172
8010
8253
9028
8123
9103
8592
8852
8796
7628
8594
7944
7786
8860
8795
9046
7773
7835
7723
9140
8545
8651
8811
8832
9129
8092
7794
8676
7686
8461
7603
8422
8221
7841
7814
8185
8449
7757
9128
8000
8595
9227
8121
7885
12630
8900
7783
7892
8214
7729
7813
8957
8561
7733
7546
8352
9055
8112
7896
8717
8287
7990
7693
8815
7581
8513
7774
7800
9156
9134
8474
8307
8144
9066
9219
9020
8052
9350
8846
7964
8731
8179
8418
8847
8997
8729
8603
7619
8410
8650
8661
8951
9355
8100
9321
8916
7912
7924
8425
7594
8003
7751
7951
9065
7753
9637
8013
7392
8614
9030
8153
7793
7909
7956
8925
9338
7956
8519
7685
8367
7795
7560
8914
8504
7907
7572
8162
9296
7439
9004
8030
8071
9143
7569
7781
8280
9038
8962
8174
8335
8615
8605
7872
7609
8154
8611
7990
9432
8825
7789
7800
8338
8607
7702
8092
8055
8131
9249
8598
9260
9061
8459
8497
8574
9494
9220
7725
9291
7610
7967
8619
7807
8957
8332
9261
8275
7538
8082
8450
10120
7736
8782
7900
7856
8769
8476
8927
8992
9117
8172
7646
9158
8671
7789
9057
8470
8259
7861
7610
7982
8824
9379
7761
7692
9023
8420
9422
9259
8747
8959
7800
8908
7871
8458
7941
8071
8415
7989
8788
8658
8435
8995
8808
8476
7437
9013
7562
8758
9529
8302
7496
11736
8739
7492
16084
8391
7460
9172
7458
8393
8212
8682
8630
10606
8496
8820
8792
8514
8944
7932
8555
8589
9358
9062
9020
7850
9112
8545
8538
8835
8608
8577
7612
8393
7743
8781
7951
8693
8866
8415
9366
8723
8015
8695
7842
8158
7628
8353
7955
8669
9016
7658
9138
8573
7958
7408
8247
8763
7749
8457
7948
8086
7404
7577
7734
7980
8157
8113
8414
8362
7553
9167
7687
8005
7790
9035
8476
10791
7750
7753
7662
8404
7589
9047
8368
8512
8226
8802
8330
7926
8758
8764
9128
8419
8969
7317
8090
9243
7587
8039
8784
8882
7357
8607
9245
9213
8676
11158
8129
8717
8117
8815
9107
9075
8502
8415
7963
8287
8539
8878
8364
8408
7594
7284
8887
8641
7885
8838
8021
7488
7481
7769
8794
8290
9225
8417
8428
7596
9121
7876
8876
8729
8298
8858
8039
9300
8474
7600
7431
8374
8200
8976
8634
8852
8153
8619
8086
8916
8089
8102
8156
8595
9279
8015
9051
9442
8556
9066
9830
8534
8010
8207
8341
9338
9194
7840
9255
8659
7737
8528
8063
8528
7327
9493
7874
8112
7993
8799
8984
8812
8250
8178
7610
9030
8979
8274
8310
7719
8329
7758
8887
8086
7998
8798
9217
8840
8273
8127
8009
9225
8068
7797
7623
10074
8676
8429
7536
7414
9015
8710
8815
8787
8292
8953
8222
7762
7753
8262
8578
8474
8981
7835
8543
8538
8190
8486
8677
9027
7928
8099
7835
9145
7565
7610
8280
7507
7766
7723
9112
7552
8543
8118
7328
9060
8306
7923
8637
7887
7912
7593
8055
8822
7785
8009
8776
8713
7571
7862
9154
9556
8587
10646
7492
7826
7581
7559
9259
8794
8562
8656
7976
8276
7551
8829
9035
7904
9025
7662
8758
8670
8678
7602
7902
8374
7829
7992
8797
7633
8316
7451
7820
8378
7803
8658
9275
8528
7779
8230
7855
7630
8711
8483
8601
8917
7575
8128
8062
9200
8083
8716
8437
7749
8462
8841
8210
8496
7611
8353
7741
7826
9128
9063
8057
9620
8616
10392
8072
8590
13077
7989
9664
8210
7773
9256
9758
8900
8128
8449
8400
8154
8204
9298
9585
7431
8141
7673
7991
8972
8859
9076
7702
8017
8189
7610
9323
8307
8476
8024
7565
7845
9870
7733
8384
8057
7770
8268
7769
13989
7679
9296
8995
7564
8597
8035
8587
7610
8069
7853
7430
9065
7964
9024
8953
11502
7833
7981
7727
10686
8269
7540
8026
9347
8616
7994
8662
8956
7950
8072
8533
8292
7728
8499
9129
8242
8824
8682
8007
7862
7912
7662
7973
8576
9241
8971
9194
7960
9109
9153
8683
9279
8216
9174
7723
8951
8883
7717
8425
7670
8911
8331
9361
9159
8740
8264
9246
9239
8215
9205
8000
9574
8548
8911
9292
9116
8846
7679
8454
9282
8632
7906
8235
9816
8415
7779
8041
8172
8057
8853
7470
8841
7765
7864
8907
9105
9018
8966
9109
8610
8338
8697
7692
8153
8659
7786
7396
7802
8015
8247
9146
8379
8008
8293
9159
9047
8411
8954
9060
8203
7328
8890
9169
7792
9035
9272
8410
7995
8373
8615
7597
8077
8050
8438
8468
7733
9257
8896
8222
8514
7794
8589
8044
8775
8961
8766
8124
9040
8076
8218
9121
7692
9018
7841
8988
7549
8476
8169
7810
8659
8318
9376
8784
8782
8694
8507
9015
8412
7774
8390
9194
8270
8030
8743
7421
7931
9370
8999
8243
9219
8169
7746
8420
8656
8077
8882
8779
8803
7800
8244
7555
7625
8545
8428
8223
7379
8396
7775
8405
7733
8135
9066
8263
8113
8579
7911
8468
7802
7536
8791
7671
9620
9000
7633
7574
9282
8334
9029
8956
9301
7559
7646
7614
8802
8551
8676
8950
7515
8091
8203
8198
9082
7760
7842
9964
9382
8301
12437
8450
8699
14210
8232
8996
9579
7671
7645
9366
8994
7603
8612
8849
9262
8144
7879
8124
7528
7258
9203
8259
8064
9186
7799
8917
7597
7892
8318
9010
7523
8409
8065
8760
7615
9087
7915
7921
8692
7785
7739
7806
8921
8148
8733
8438
7798
7928
8412
8026
9719
8033
8250
7780
9932
8627
8014
9023
8613
8297
9048
8799
8434
7679
7712
8174
7610
7935
7815
8432
7920
7352
7883
8430
7587
7511
8017
8551
7749
7677
7955
8273
8860
9061
8566
8301
8249
8333
9454
9510
8648
7923
7956
8164
8074
8029
8940
7848
7510
8267
9234
7553
9231
8162
9135
7727
8239
7842
8393
9418
9676
8451
7461
7786
7629
7569
7984
9237
8646
9025
7396
7740
7576
7603
8984
8966
8321
8545
8749
9000
8635
8894
8184
8890
8778
7908
8244
7728
8087
8420
8415
8498
8736
9165
9596
8618
7624
9485
8143
8714
7800
7767
7792
8675
7727
7724
9143
7843
8032
8641
8352
8784
7801
8867
8574
8717
10882
9095
9164
7846
8972
9035
8214
7615
9237
8764
9445
8640
8252
8394
7769
8591
8831
8319
8712
9315
9284
8548
7528
9618
7454
8334
8098
8674
9014
7550
8819
7417
8172
8276
9205
8758
7333
9533
7860
8167
8727
7610
7549
7438
8256
8131
8456
8344
8078
9000
8584
8652
7588
8384
8326
9100
9159
7600
7846
8789
8106
7831
7668
8261
8897
8186
9018
7671
8755
8173
8717
8228
7585
8400
8235
8379
9976
8598
7929
8784
7835
8612
7539
8304
8392
7776
7977
9114
8977
8240
8266
7960
8731
9238
7914
8683
8283
7675
7963
8733
8725
8256
8117
8453
8446
8528
8475
9156
10349
7690
8835
13533
8004
8617
11582
7598
9017
8343
7771
7678
8411
9293
8338
8872
9101
8270
8389
7830
9830
9078
7698
8202
7397
8703
8180
8809
8955
9050
8200
7770
8411
7774
7631
8333
10228
7703
8369
7931
9039
8605
8955
8774
9502
8502
8615
8112
9321
7497
8487
8569
7836
7660
8354
7652
8391
8548
8633
8180
8760
8798
8825
8188
8627
8076
8989
8266
8541
8357
8548
7393
8351
8999
8752
9035
8850
8981
7543
8717
9456
8750
8897
8569
8895
7744
8079
8636
9210
8812
8749
7650
8073
9095
8067
8954
8998
9417
8389
8417
8666
8169
8368
9144
7549
7830
8213
8353
9563
7907
7880
8476
9553
7523
8195
8400
9085
8660
7569
8014
7504
8130
8578
8415
8438
7690
9052
8461
8149
8407
9065
8364
8651
9033
8842
8149
8118
8920
8622
8390
9029
8250
7771
8615
8673
9059
8042
8482
11507
9189
9186
9475
8631
9020
8958
8074
8215
9047
9377
7652
8359
9240
9079
8314
7797
8468
8618
8323
8200
9302
8186
8708
7722
7760
8892
7934
8677
8131
9274
8825
7931
7453
7697
7921
9159
8267
8839
8735
8009
8151
7994
8012
7771
8419
8705
7937
8435
8376
9601
7733
8575
8573
8579
7637
9000
8769
8687
7370
7866
8464
8452
8582
9405
7692
7353
9005
8502
9071
8306
7995
8287
8231
8950
9225
8655
7954
7698
8658
8641
8464
7515
8361
8487
7933
8435
8012
9697
9177
8185
9306
9292
7585
8028
9092
7720
8615
8660
9053
7600
7733
8841
8415
8459
7958
9033
7990
8106
8807
8037
9372
8437
8552
7496
8220
9174
8998
8917
7793
7534
8238
8204
7836
7559
8354
7575
7703
11465
8405
9287
7834
9376
8444
8448
8800
7767
7590
7579
9297
8315
8126
8291
8064
10365
7840
8169
7516
8293
7605
8848
7803
8805
7736
8035
8244
9075
7545
8838
8898
8015
8215
10010
8343
9145
9482
8770
7793
17090
8329
8209
10287
8530
8858
8772
8301
7912
8661
8943
8537
8984
7328
7809
8085
7905
8120
8635
8117
7866
8253
8394
8362
9940
8593
8964
8614
9602
8381
8296
9052
8793
7769
7533
8313
8766
8997
8660
9140
7820
8876
8784
7799
8330
8295
8829
9295
8009
8337
9221
8702
9102
8516
8261
8485
9405
7610
8203
9038
7974
9380
10369
9163
8592
8350
8416
7995
8376
7635
8274
8230
8128
8012
7606
7868
7943
9021
8279
9213
7708
8475
7643
7915
8693
9244
7614
9030
9676
7585
8580
8113
8563
9169
8600
8068
8974
8251
9253
8637
9111
8617
7917
8085
9049
7881
8059
7826
9123
7953
8829
7814
7623
8152
8010
8015
7810
8779
8392
7767
8320
8505
8517
7744
8671
7599
7596
8576
8835
7738
8474
9433
9282
9213
7562
8431
7543
7570
7574
7877
8855
9115
7785
9121
8334
7869
7911
8744
9275
7275
8669
7708
9503
8061
7772
8010
7569
9260
7184
8157
8794
8606
8630
7590
8599
7536
7668
8152
7884
7774
8389
8974
8557
8811
8546
7712
8628
8486
7932
8213
8854
7548
7650
8441
8145
8435
7947
7628
7831
9183
8220
7710
9305
8544
8273
8328
8142
7880
7710
9035
8095
7546
9214
7623
8215
8214
9086
8352
9280
8165
9513
8398
8114
9274
8030
9049
10589
8556
8029
8437
9265
7917
9635
8979
9025
7861
8309
8097
7974
8957
8814
8758
8820
7367
8908
9034
9020
8977
7804
9030
8479
8606
7984
7984
8048
8406
8399
8346
8318
8899
9056
7644
7482
7928
7710
7873
8571
7919
8303
8480
7832
8029
8384
8777
7604
8834
7572
7808
8348
8015
8090
8656
9039
8234
8996
8533
8694
8225
9097
8391
9644
9000
8217
8093
7723
8395
9246
7612
8914
9447
8680
8805
10155
7770
8533
14991
7836
8832
8112
7595
7840
8818
7622
9075
9701
7917
8136
8484
7324
8422
7685
8784
8272
8656
8396
8358
9313
7547
7747
8394
7293
9157
7442
8565
8317
9126
9138
8611
9106
8614
7964
7660
7957
7983
7985
8209
8471
9028
8182
7791
7753
8229
8439
7719
10107
7624
9140
7517
8056
8174
9275
9425
9144
8475
7802
7498
8946
8424
8686
7799
8420
8409
8658
9174
8809
8189
8617
7826
9095
8754
8655
7594
9017
7811
8503
7950
8738
7630
8424
8612
8986
8065
7807
8917
8788
7576
8851
8634
7791
8435
8587
7893
7550
7661
8092
8523
9056
7653
7894
7492
8071
9254
8879
8856
9686
7899
9283
8138
9060
8020
8706
8318
7533
7602
11040
9023
8086
8608
9101
8522
8034
7593
7839
7851
9112
9162
8553
7994
7271
9198
8148
7783
9338
9046
8676
8424
8401
8514
8938
8963
8795
8979
7864
8796
8209
7963
9205
7564
8942
8642
7646
8229
9041
8824
9000
9766
8615
8145
7397
7871
8451
8786
7764
7986
8276
8155
7538
9069
7704
9217
8514
8153
10183
7582
8466
7748
8628
8431
8818
8020
8805
7934
9000
9050
7803
7649
8371
7802
8905
8855
8512
7303
8648
7534
8830
8876
8399
8814
7843
9195
8356
8050
8447
8005
8795
8554
8053
8013
8173
9122
9295
8272
8763
8928
9231
9358
8597
7651
8993
9334
8989
9056
8760
9025
8147
8818
8497
8736
7795
8834
7989
8360
8683
7958
7804
8975
9912
7758
7323
7682
7735
8536
8480
8794
9948
7718
9093
7740
9212
8020
8616
9195
8184
8912
9000
7752
9037
8391
9031
8345
7630
7798
8045
8716
8635
8377
7266
7850
8568
8699
8113
8255
8741
8086
9182
10654
8150
9115
16327
7600
8582
10087
9448
9026
9056
8980
8820
8434
7857
8795
7651
8739
8397
8981
7368
8957
7819
7963
8185
8374
10331
8385
9514
8553
8007
8913
8523
7550
7635
7957
8376
8176
8717
7960
9363
7472
7688
8936
8348
8807
8101
8551
8229
8615
7739
8489
7697
8471
8715
8773
8911
9218
9256
7451
8198
7790
7954
8454
8583
9018
8832
7390
9059
8041
9058
7952
8798
8805
7835
7648
8545
8993
7628
11235
7831
7587
9320
8769
7985
8819
8291
9153
8260
7969
9486
8003
8962
8025
8869
7269
8144
8484
8989
7878
8221
9158
7800
8979
8453
7835
8800
8226
7564
8022
7890
7497
8058
7904
7548
9132
8384
7951
7964
8982
9043
7315
9119
8614
8998
7569
9721
7574
7566
8041
9282
9263
8670
9070
9441
7572
8900
8075
9254
7784
11645
8810
7489
8948
8256
8599
8606
7774
8107
8473
9432
8713
8175
9183
9217
8121
8124
9088
8983
8191
8809
8484
8384
7553
8071
8977
8251
8683
7598
8882
7542
8478
8517
7982
8077
8962
9256
7752
8249
7559
7582
8662
10204
8353
8104
7705
9006
9131
7549
8030
9128
8071
7990
9228
7768
9215
7543
7673
7782
8290
9087
8330
7808
7692
8410
8396
9374
9184
8627
8966
8502
8144
7614
9576
8441
8484
7836
8509
9282
8004
8815
8884
9052
8406
7440
8312
8092
8005
8165
9259
8754
7837
7748
7537
9215
8696
8097
9479
7728
7973
8310
8385
8094
10277
7526
8053
9036
8744
8148
7601
8764
8061
8539
8630
8714
7689
8825
7661
8012
7523
8718
8394
8847
7794
7651
7994
8215
8979
8840
7774
9283
8384
8044
8213
9215
8006
8876
7835
8396
8895
8740
9107
10707
10113
9106
7556
7487
7528
8130
7434
8315
9159
10811
8466
7569
8317
8938
8512
8088
8160
8824
8177
8410
8319
10583
10847
7538
9217
12835
8151
8630
11168
8463
7933
9633
7540
8538
8482
8073
7711
7969
9233
9059
9030
9376
7914
9237
7698
8334
8075
8310
8634
8457
8197
8194
9058
8613
7994
7832
7969
8971
8624
7837
9328
9064
8060
8870
7948
8608
8755
7440
8733
7457
8486
8157
8978
8611
9077
9176
9253
8345
8097
9010
8959
9074
7662
9206
7497
8645
7819
9535
8481
7423
8224
7420
7765
8339
8199
9443
8465
9176
8010
8844
8092
9148
7547
7842
9267
8100
7568
9079
8547
9065
8225
8851
8431
8169
7608
8364
9003
7856
8225
7987
8789
7574
8384
7553
7915
8157
7574
11048
9639
8659
8789
7791
9266
9034
7630
8498
8873
7791
8035
8548
8491
8141
8024
8764
8961
8033
7687
8528
8205
9104
8005
8005
8237
9215
7757
7847
8517
8487
8757
8150
7535
8650
8768
8635
7430
8991
8635
8658
7991
8407
8336
7548
8141
7462
8348
8811
7712
8873
8152
8786
7782
8715
7552
8837
8396
8725
9360
8453
9216
7538
8188
9400
8634
7896
7774
8777
8955
8794
7871
8424
8935
7730
9268
8846
8151
9362
7651
8137
7673
9072
7779
8276
8779
8070
9113
8705
9215
7499
8754
9200
7847
8379
9200
8467
7977
8987
8225
7593
8517
7682
9256
8400
8586
7779
7584
8388
7819
7929
8394
8270
8830
8566
8232
8212
8051
7912
9294
7778
8420
8723
9221
7958
8660
9901
8125
10205
9194
8484
9381
8464
8389
9010
8616
8087
9021
8158
8075
8284
8594
8373
8434
9050
9013
7930
7439
8435
8195
7769
7571
8860
8599
7320
7701
9289
8745
9097
8453
7979
7864
7951
9221
8214
8789
8623
8969
8348
8213
8363
9191
7836
9192
8953
10480
7598
8271
8533
7486
8774
17636
8594
9164
9239
9041
8545
9505
9237
7394
8634
9381
8994
9022
9633
8762
8573
7579
8304
8088
8677
7968
8051
7940
8928
8758
8338
9018
7265
7816
8154
7846
8794
7914
8396
8457
9283
7296
7820
7748
8427
7973
7647
8020
8610
21455
8835
7945
8252
8475
7582
9372
8144
7814
7723
8607
18286
8360
7583
7774
8804
8382
7768
7216
9306
8883
22184
8717
8185
8976
8450
8540
8867
9441
7585
9566
10341
7587
7508
8955
8758
8678
7987
8233
8388
8923
8646
19365
9174
8968
8589
8496
8525
9357
8561
9277
7798
7769
16527
8032
9299
8870
8697
8613
8379
21302
7588
7779
8991
8050
8785
8371
7370
8816
9035
8076
7683
9535
8304
8477
9013
7795
8998
8580
8538
8409
8136
9058
7691
8789
8795
8823
8910
7737
8383
8583
7821
8864
8649
8366
9025
7692
8296
8743
8268
7679
7931
8646
9191
8994
9246
8379
8584
121143
8394
7839
8621
9189
7971
8312
8222
7907
8680
8756
8461
8087
7717
7926
9642
9005
9089
9239
7682
9179
9347
8255
9237
8878
9158
8435
8633
8688
9402
7789
8201
8130
8663
8147
7872
8171
7903
7959
8135
8132
8143
7664
8474
9380
8626
8877
8316
8796
8837
8456
10831
8415
8169
9064
8066
8761
9179
8859
7357
9395
8413
7885
8971
8728
8260
7945
8887
9218
8656
9259
8571
9196
8437
8243
8220
7996
8088
9079
8425
8194
8641
8194
8988
8253
8257
8400
7342
8557
9017
8888
7717
8247
8616
8191
8482
8230
8492
7851
8335
7959
7389
8366
8050
8825
8821
7973
8431
8682
9210
7598
10284
8966
8246
7521
10619
9482
9240
14051
8087
8311
9836
9220
7807
8830
9472
7806
7591
7820
8862
8603
8348
8578
7770
8282
8202
7953
9037
8358
8764
8073
7702
8839
7652
7989
9011
8994
8188
8645
8200
9197
9149
7493
11058
7909
7782
7894
8479
8880
7928
8662
7417
8605
8215
7774
8177
9222
8034
8830
8650
8338
8512
8321
9087
7753
8298
7560
9034
7890
10282
8744
8020
8258
7774
8697
9100
7833
8969
8275
9177
8612
7923
8292
9200
8101
8226
8224
7436
8993
9266
8576
8998
8201
9279
8505
8554
7655
9272
8497
8333
8893
8997
8940
7714
10106
7653
8397
8423
9176
8080
8864
7669
8861
8011
7584
8135
8671
7570
7587
7612
8337
8485
8962
8862
9007
8018
7576
7876
8082
9438
8005
8568
8530
9147
11743
8758
8481
8197
8892
8142
8392
8055
8671
8830
8378
7774
8595
8383
8212
7789
9086
8397
8472
7808
9229
8323
7781
8553
8112
9051
8251
7831
7966
8166
7749
8649
8368
18182
8480
8486
9313
9097
8597
8780
7306
9364
9092
8022
9000
8102
8213
7305
140620
17039
8615
8467
8932
9328
8671
8384
23842
8328
8083
7827
7222
9184
8794
10137
11810
7913
8077
7925
8096
8252
8030
8414
8568
7466
8346
7993
8736
9237
8432
8230
8740
7315
7748
8339
8488
8805
7969
9164
8358
8487
9163
8294
8681
7298
7475
8857
7803
8955
9072
8209
8424
7440
8133
9153
8419
7999
9200
7643
7428
7849
9933
8273
9157
9964
7732
8235
8381
7792
8605
8666
10154
7892
9029
9122
9183
8743
8173
8329
10978
7930
8016
8206
9637
7693
8846
8668
7585
9627
8054
8777
8405
8249
7598
8282
8117
8694
9462
8251
7541
7333
8594
8471
7807
8177
8000
8657
7918
7997
7694
8638
8779
7434
8421
7722
7732
8916
8120
9159
7324
7452
8614
9249
9938
7822
9202
7830
9175
8588
8084
8270
8346
7543
8574
9220
8351
19153
8304
8243
8763
8244
9041
8421
23427
8608
8145
8088
7689
8415
9742
8840
7992
9061
9037
8117
8271
8998
7523
9012
7761
10020
7810
9079
8886
8407
8985
7874
8168
7847
8386
8999
8495
8415
7877
9141
7867
8961
7757
17569
8172
7821
8028
19625
8020
8417
7610
8266
9101
16117
9350
8576
8255
8205
8556
8869
9134
7796
7786
7956
20639
8003
7728
8676
7269
7852
9226
9669
11253
8382
8369
8464
7768
8312
8412
8560
8453
7523
19333
8456
8338
7592
7764
8402
8543
8429
7780
9030
9326
8194
8209
8954
8495
8497
8188
8244
8943
7428
8775
8912
7984
8374
8405
8792
8497
8382
7476
8135
8146
8171
9040
8304
8051
8033
7919
8875
9058
8268
8111
8646
8014
7779
8558
8828
8733
8850
8982
8930
22205
7768
7684
8550
10934
8789
9151
8545
8713
8639
9195
8210
7796
8599
8868
8974
7910
8239
7388
8353
7801
7654
8973
8215
9855
8289
7774
7712
23679
9485
8884
9275
8076
8816
8590
8211
8578
8613
8834
8125
9093
8220
8882
8936
8697
9236
7553
9081
7594
8378
7988
21415
8256
8853
9131
7872
8041
8349
8524
8451
7674
9631
7282
7634
8346
17091
8556
9684
11628
7702
8030
7576
7604
7576
8155
9190
7290
8738
8455
8356
7567
8270
8782
7510
8095
8994
7604
8324
9117
8960
8348
7787
8179
8666
7989
8952
8414
7810
8990
8224
24259
7594
7803
8390
8361
8837
8574
24225
8758
8646
8974
7976
8822
7656
9682
7932
9306
8123
7705
7705
8135
8994
8835
8584
8866
7856
8230
8134
7777
8459
8962
8663
10206
8205
8046
8148
8974
7523
9037
7631
7610
8362
8952
8928
7963
9141
7479
8574
7994
9276
9020
8430
7579
8032
7899
9114
9266
8504
8082
7888
7653
9271
8358
9091
7933
7427
8151
8515
16680
8206
7715
9321
7670
8294
9379
8024
8295
7923
8913
8117
8292
8156
8545
8199
7757
8816
8133
8891
8753
22510
8174
8294
-------------------------------------

