EAL: Detected CPU lcores: 20
EAL: Detected NUMA nodes: 1
EAL: Detected shared linkage of DPDK
EAL: Multi-process socket /var/run/dpdk/rte/mp_socket
EAL: Selected IOVA mode 'VA'
EAL: Probe PCI driver: mlx5_pci (15b3:1015) device: 0000:03:00.1 (socket 0)
TELEMETRY: No legacy callbacks, legacy socket not created
Count core: 1
Number of queues: 1
Connecting to port 0 with 1 queues
ip: 192.168.1.1
server port is 8080
Expect the server to change the location of timestamp by 20 bytes
sending ARP requests
mac address for server 192.168.1.1 received: 9c:dc:71:5e:f:41
ARP requests finished
-------------------------------------
23357
8806
8321
8716
8535
8806
9978
9094
8558
8679
7812
9559
8943
9245
9633
12267
9482
8495
8833
8635
9753
9000
8184
9201
8753
9422
8990
8635
8562
8331
8348
10697
9733
8515
9740
9516
8512
9807
9974
9462
9767
8210
9623
8478
10219
8729
9516
8538
8485
9583
8800
8887
8689
8194
9951
8254
10158
7805
10215
8120
8646
9101
8997
9837
8950
9348
8887
9673
8723
8816
10051
8241
10463
8485
10001
9201
8853
9148
8786
9399
10704
8947
8883
7812
9941
9174
10671
8113
9543
8622
8990
10483
8555
10071
10005
10105
10323
8153
8254
9117
11465
9580
9461
8380
8948
9640
8182
9384
8460
9585
9602
8326
9511
8507
9464
9584
10574
8432
9602
9155
8143
9379
10621
9060
9833
7857
9494
11369
8866
8686
9396
9426
8962
9436
9469
9203
8874
8175
10506
7631
9576
8671
8800
8410
8352
8915
10419
8192
9167
9274
8325
9519
9847
8904
10113
8957
10227
8223
9678
9443
8787
8471
9528
8048
9176
7944
8895
9205
9559
8843
10005
9904
9041
8620
8277
9032
9817
10242
9690
8637
8930
8127
9909
9397
8810
9146
11379
8274
7534
8671
11825
10937
7660
7742
8274
8035
8751
8078
9022
8315
7982
9129
8381
8723
8548
8376
8918
9445
8823
8401
8627
9065
7891
9204
8531
8156
8076
8683
9074
8717
7980
8727
8500
9552
8239
7680
8686
7666
7882
8708
7886
8585
7980
9346
9650
9222
7644
18537
8537
108239
9434
8391
9198
8270
8984
8223
7985
8782
8267
7917
8257
8164
7921
8251
8425
9828
8322
9164
8740
7966
9256
7913
9492
8477
9200
9222
8682
8447
9326
8298
7950
8411
8240
8334
19742
9358
7714
8658
8067
7876
8294
8317
23615
9120
7720
9353
8441
8765
8450
8157
7987
8194
8139
8801
9475
9321
8010
8062
8627
7793
8042
8409
8216
16272
9554
7471
9456
9237
8579
7816
9513
10241
8403
8502
8679
9236
8697
8257
7849
9536
9865
8008
8438
8054
8329
8954
7870
8792
7990
8780
7932
7422
8271
7385
9149
8282
7674
8317
8096
8901
8203
8801
8388
7789
7921
8557
9076
8690
7974
7716
8075
9107
8421
8810
8000
8392
9154
8339
7896
8229
8161
7897
8628
8585
8365
8018
7798
8988
8126
9566
10769
8961
8948
7532
8025
7748
8153
7954
11144
9034
7393
9353
8945
8575
7790
8541
8650
8538
8275
7842
9048
10791
8316
9199
7726
9011
8009
8153
8102
7812
7933
7568
8435
8369
9013
9272
7506
10291
8816
8378
8505
9113
9333
7900
8012
8234
8418
7995
7938
9856
8102
7802
8300
8918
8115
9560
9005
9673
8292
8056
8182
8450
8173
9861
8598
10023
10114
7511
9014
9358
10907
18194
8963
8071
7883
7898
8949
9271
8314
9558
7843
8483
9917
7917
8488
9088
9284
8216
8419
7830
7729
9041
7822
9924
9666
7640
8000
7812
9446
7343
8620
8439
8373
7799
7688
10016
9837
8606
8035
8199
8513
7542
7682
8656
8068
8023
8832
7910
7394
7810
9146
8994
8192
7600
8725
8654
9350
8093
9242
9114
8461
8248
7973
8656
7755
9368
9059
8305
7965
8096
8139
7895
8052
8187
7297
7677
8492
8150
8011
8095
7887
8248
8195
8653
8108
8025
8062
7989
7820
8790
7898
9681
46964
8718
8395
8400
7723
7863
8910
8621
7570
7736
7400
7720
8053
8873
8548
7784
8643
8428
8997
8607
9065
9863
8700
7917
7285
8839
8954
7482
8201
8256
8754
8408
7595
8717
8959
8917
9053
9428
8478
7523
10238
9079
8885
9600
8438
8222
8364
8619
9487
9153
9108
8607
8637
9207
8683
8645
8512
10261
8806
8872
8675
9370
8004
8776
8739
8763
7411
8989
8635
8420
8606
8298
7734
8419
8609
8507
8935
8395
7676
9752
8301
9278
8282
8372
8569
8915
8375
8495
8666
8055
8851
7915
8287
8119
7491
7710
8082
9165
9161
8231
9005
8829
8434
8997
7553
9216
8540
11408
7764
8374
8962
9169
9265
8414
8157
8593
8178
7666
9204
8815
7435
8898
9154
7971
9933
7592
9404
7352
8832
10013
8972
8555
7974
7506
8646
8012
8970
7933
8574
9230
8197
7417
8132
8676
8076
8699
7371
9050
8744
8809
8917
7733
8393
8229
7590
9682
9116
8061
8509
8589
7581
9668
9706
7924
8519
9049
8781
9241
7776
8601
8668
9751
8319
8611
8583
8890
9408
8434
8488
7989
8563
7603
9584
8630
9290
8924
9841
7654
8015
8195
9416
8717
8411
8200
7410
8984
9090
8892
8144
8714
7661
9494
8379
7979
8616
7792
8708
8620
9717
7900
7824
8793
8662
9490
7572
8854
8523
8098
8727
7496
8716
8324
8020
8517
8615
8794
8225
8836
7524
7606
8845
7474
8555
8317
8740
11086
8896
9051
7666
8921
8884
8917
8284
8486
8765
7542
8974
9825
8792
8272
8594
9828
7490
8784
7241
7892
7882
9252
9148
8658
7624
8553
9458
7989
8985
8834
8070
8729
8817
7687
7157
8843
8687
8219
8583
7388
8933
7887
7415
9298
8394
8956
8271
8336
8659
8905
8446
8806
8825
8206
7662
8939
8315
98271
7476
8533
7514
9098
8537
8648
7372
8294
8758
8279
7758
8392
8227
7390
9219
8653
7789
8301
8396
7973
8716
8733
8688
8391
8605
8908
7502
8944
7493
7451
8020
9731
7492
8036
9108
9210
9027
7576
9074
7820
7824
8434
8795
7585
7632
7497
7630
7640
9115
10446
9333
8493
7737
8762
9022
8817
7575
8657
7717
7448
8898
7640
8737
8627
9003
8374
9056
9052
8384
9866
8149
8194
7324
8577
8488
8574
8849
8979
7867
8578
8956
8739
9877
8555
7558
8925
8307
7953
8147
9057
8824
7381
8405
8834
9594
8820
9015
7808
7798
7742
8046
8881
8628
8833
9026
8494
8929
8428
7720
7947
8067
8010
7607
8997
7801
8807
7837
8695
7605
7936
8723
7776
8829
8072
8076
8716
8141
8642
7665
7508
8089
8289
7619
11089
8100
8006
7649
9059
8752
9265
8022
8726
8917
7591
9071
7564
7570
9028
8757
8798
8956
8661
9341
9771
7912
9055
7668
7550
7487
8551
8531
9150
8802
8010
7921
7964
8030
8891
8106
8886
8599
7429
7645
8544
9064
8579
8639
8323
7661
8438
8336
8902
7916
10157
9217
8331
7413
7682
8974
7954
10000
7864
8764
8738
7754
9197
7583
11808
9896
8471
8308
8013
9425
8108
8203
8333
7745
7467
7944
9306
7809
7690
8075
8434
7362
8628
8394
7902
8299
8013
8471
7985
7558
8179
8153
8408
8774
7691
8911
7918
8040
8213
8453
8211
8398
7871
8079
9329
8023
8718
8885
7637
9438
8330
8426
8339
8745
8240
8388
9063
8347
8143
7563
8559
7759
8330
8381
8009
8388
8230
7528
8574
7737
8024
8267
7743
9858
8596
7791
8000
8010
8002
8697
9250
7989
8726
8235
9227
8800
8105
10074
7374
7580
8632
8957
8780
8389
8210
7635
8390
7579
8851
137393
8036
8514
7805
9623
8064
7760
8466
7935
8446
7427
9579
7684
7532
8010
8615
9128
8215
9533
8024
8056
7488
8004
8062
7307
9203
8214
8220
8070
9170
7597
8181
9033
11025
8637
7816
8333
8111
8312
9359
8076
9121
8594
9041
7950
8617
8654
8656
8001
8218
10380
8055
7235
9154
8305
8005
8094
8498
8525
8235
8362
7996
8533
9081
7355
9048
7246
7662
8677
7895
8040
9456
8415
7783
8446
7895
8615
8296
8721
7514
9221
8610
7989
8869
7984
7978
8387
8539
8134
7883
8020
8015
7653
7870
7802
7782
8058
11358
9214
7625
9189
7983
9121
7972
8506
8618
8305
7896
8215
8673
7852
7934
8833
7954
7479
8056
9533
8076
8396
8401
8537
8079
7974
9204
7886
8737
8051
7682
9211
7930
8699
7977
7398
8246
7967
8842
7671
8584
7855
8180
9102
8093
8241
8055
7835
7964
7373
7967
8249
8753
8191
8339
8167
8537
8528
8041
8681
8153
8674
8175
7461
10630
7517
8187
7809
7966
8096
8226
8273
8039
7669
7963
7820
8813
7869
8756
9605
8878
8547
7671
8517
8221
8283
7910
8188
8256
7387
8824
7808
8174
8251
8114
8712
8533
8423
7997
7876
8276
9746
8059
7629
7476
7951
8419
8620
8420
8996
8170
8358
8064
8249
9029
8194
8050
7756
7648
8184
8061
8097
9977
8940
8118
9009
8381
7772
9482
8410
8024
8569
8041
7793
8549
7811
8154
8353
8036
9448
7592
8789
8004
7289
8855
8770
8095
8216
8827
8163
8021
9612
8135
8320
9157
9271
8209
8087
8106
9974
7835
8052
8376
8954
8606
8285
8006
9200
7993
7876
8182
8010
9126
8267
8010
8022
8016
8078
8528
8106
8264
8784
9267
10287
8215
8156
8230
8035
9453
8085
8122
9158
10299
8100
8133
9037
155824
9230
9196
7760
10191
7945
7579
9651
8172
9290
8128
9252
7676
8273
9093
8833
8849
7533
7732
9200
7564
8837
8525
7455
7772
8635
7543
8499
7739
8233
7979
8324
8568
8142
9484
8221
8474
8191
7863
8939
8026
8301
7965
8859
8250
7312
7966
7900
9268
7744
10475
8230
8593
7679
8218
7975
7812
7359
8281
7328
10559
8564
8422
8022
8097
7487
7938
8656
8331
8602
8015
8212
7635
8154
8725
7939
8174
8046
9257
7492
8174
9358
9046
8194
9195
8544
8317
7841
8635
8063
8197
7964
7912
8734
7522
8273
8065
8461
9032
8519
8107
7583
8247
8093
8553
8063
7895
8835
8113
9457
8035
8561
7930
8663
7894
8211
8837
7953
7972
9032
8062
7534
8132
8514
8276
8111
8919
7808
8607
8178
8554
8485
8574
8005
7992
8013
8076
8154
8227
7801
8200
8309
8117
8706
9142
8698
7786
9148
8836
8336
8764
8880
8628
7218
8964
8714
8342
8879
7690
8678
8328
8180
8619
8379
8666
8895
9189
8421
8461
9581
8100
8794
9020
8453
8428
7827
9628
8770
8728
8215
7646
7814
7649
8822
8996
8487
7396
8381
10776
8917
8702
7693
8671
7810
8033
7413
8674
8545
8554
8418
7655
8985
9919
7584
10825
8713
8035
7662
9123
8677
7562
8630
9193
9728
7674
8187
8974
8313
8841
8983
8461
8673
7871
8846
9517
9107
8713
8443
8877
8117
9082
9085
8628
7929
8461
7759
8215
8744
8246
8795
7786
9123
8686
7930
7584
9203
8723
7880
7728
8895
8487
8732
10248
7792
7894
8987
8771
8900
8838
7605
9644
7792
9041
8975
8283
8640
9179
8666
7776
8476
8640
8717
8602
9150
8725
8109
8180
8893
8365
8683
8636
7985
7368
9020
8805
8856
8668
8824
8441
7872
8394
8939
8569
125774
8764
7593
8402
7579
7422
9246
8212
8413
8218
8601
8595
7648
8990
9105
9331
8841
7756
7733
7791
9085
8564
8338
11445
7835
7615
8203
8689
8481
8614
8406
8089
10064
9020
9119
7764
8477
7511
8596
8150
8543
9051
7847
8496
7979
7492
7863
7372
9357
8706
7828
8801
8088
8025
7929
8274
8939
8543
7483
7917
8115
8008
9229
9664
7802
8032
7195
8494
8645
8766
8134
7534
7871
8428
9097
9095
9080
7886
8034
8064
7815
9167
7403
8897
8989
7531
7949
10950
8456
7975
10013
7559
8620
7810
8976
8896
8776
9104
8005
8989
8646
8856
9191
8849
9260
8445
7629
8146
9136
8201
8891
9239
10036
7366
8566
7466
7794
7735
7812
7872
7717
9036
8248
7558
9110
7392
9056
8512
7881
7433
8966
9098
7775
7474
7877
7852
7365
8840
8991
8691
8780
8925
8635
11589
7749
7396
7553
7723
7571
8092
8133
9721
9258
7747
8747
9090
8878
8210
9008
8295
7931
9297
7748
7731
7774
7712
9078
8435
8172
7882
8795
8103
7823
8999
8619
7805
8107
8808
8602
8476
7515
8010
8397
8374
8153
8415
8118
7376
8617
8654
8204
7572
7791
7641
7791
9661
7731
8010
8063
8480
7568
9898
9019
9018
7402
8006
9175
7995
8499
8833
7589
7643
7694
7512
7385
11109
8635
9104
7887
7463
8556
7953
8051
9033
8046
7782
8962
8087
7306
8816
7453
7680
8779
8338
7476
8753
8066
7856
9194
8620
7748
8704
8388
8157
8230
7651
9265
8395
9350
8437
8042
8632
9276
8857
7781
8202
8989
9049
7710
8131
8989
8190
9042
7616
9049
7630
8156
9130
8339
8915
8532
8934
8762
8418
7614
8051
8337
8035
8919
10897
8733
8252
7364
7380
8012
7535
8023
7768
8678
7282
7435
9220
8789
146492
7974
8857
8441
8222
8191
8598
9497
9161
7856
8175
9624
8899
8066
8653
8573
8614
7904
8390
8475
8671
8902
8750
8617
7848
9370
8912
7999
8832
8500
8591
7713
8426
8716
8857
9092
7509
8846
8232
7707
7470
8040
9066
8744
8980
7662
7775
8300
8598
7608
10069
7485
7989
7507
7796
7553
7510
8078
9088
7806
8141
9086
7658
8733
7292
7657
7515
9210
9132
8019
9109
8256
8193
7412
8424
9050
8255
7436
8040
7431
7400
8171
9670
8631
8646
7579
7689
7377
8927
8919
7507
9139
7560
8848
9512
7508
9135
7372
9003
8133
8149
8902
9123
9000
9111
8718
7502
8479
8322
9861
8965
8267
7662
8653
10786
8022
8592
8835
7985
9046
8215
8670
8769
9171
8741
7667
8515
7297
7691
7442
9216
7868
7233
9069
7369
8835
8932
7776
8600
8264
8142
8934
8818
8493
7737
8816
8966
9091
8943
8308
8684
8894
8410
7405
8258
8584
9455
8768
9121
8573
7938
7572
8657
8624
8598
8291
9599
7587
8647
7545
8627
8617
8511
7750
7887
7302
8933
9111
9881
8355
8088
8876
7766
8429
8750
9652
9091
8383
7355
9077
8666
8602
9586
8034
8338
8607
9218
7805
8713
8508
7425
9722
8560
9158
8719
9000
8554
7450
8620
8641
8798
8637
8834
8782
9057
8092
8574
9523
8596
9097
8714
8192
7834
8471
8636
8774
8837
8374
8555
8554
8719
9366
8705
10943
7598
7386
8322
9110
9348
8748
8234
7650
10543
7679
8640
9057
8436
7298
8735
7956
9197
9014
9561
8925
8262
8106
8528
8656
8821
9235
9248
7750
7844
9048
7496
8766
9005
8338
8695
7713
8621
8532
8778
7946
8997
7748
8574
8695
9000
8439
9020
8453
8187
8144
8669
8415
8691
7766
8600
7565
8312
8856
8567
110723
8172
8762
8428
8919
8128
9220
8266
8174
7844
7787
8976
7953
10199
9009
8593
8443
8092
9061
7870
8052
8012
8582
7903
7514
7626
8099
8247
7935
9360
8370
7933
7937
8162
8602
7789
8901
9205
8155
7954
8253
9127
8936
8674
8065
8071
9256
8844
8035
7984
8413
7893
7488
7583
8003
7946
8122
7264
7733
7282
7824
8280
8397
8042
8371
16158
8697
8514
7656
7566
7431
8500
9030
8878
7370
7962
8707
9186
8000
9267
7405
9276
8934
8853
7967
8313
7820
8895
8984
7816
7608
9222
8059
8728
8996
8273
8860
9685
8004
8351
8476
8083
8450
8442
9119
8709
8389
8864
8677
9139
7815
7418
8452
7841
9722
8691
9022
8363
7774
7755
8661
8061
8933
8446
17300
7810
8428
8868
7590
9035
8870
8663
8572
8433
8769
7590
8623
8474
8792
7866
7678
8899
8817
8714
8636
8825
7818
8676
8483
9760
7733
9057
8529
7909
8954
8384
7919
7722
8825
8465
8005
9144
8317
8224
8169
9010
9199
7997
8476
8056
7810
8029
7897
8548
7676
8823
8324
8491
8625
8233
8644
7790
8691
8425
7605
7421
7848
7985
8008
7750
10119
7727
9050
7892
8097
8717
9054
8501
8362
8113
8473
9246
8616
8870
8805
9360
8891
8133
7932
8517
9056
8689
8812
9166
9107
8167
9033
9046
9117
7724
9106
7914
9092
8383
8926
8430
9000
9420
7611
9210
8605
8907
8677
10971
8942
7375
9379
8422
9020
8616
8590
7496
8179
8032
8363
8584
8571
8519
8193
7338
8537
8745
8956
9003
8199
7977
7956
8087
8437
8959
8589
7891
8387
8611
8796
8918
10082
8120
8025
9318
8155
7964
8882
7768
7992
8034
7742
10056
8535
8730
8615
8847
8602
8830
9651
8942
8909
8847
8707
7315
9092
8904
8825
106641
9244
8168
7274
8578
7366
8641
8481
8949
9221
8872
8476
8008
8658
7967
8628
8984
7850
7969
9296
7990
8823
7535
8671
7791
8089
8040
8528
7632
9124
8660
8818
9161
7426
7893
8697
7448
9011
8782
8494
10248
9285
8805
8000
9991
7814
7785
7792
8049
8282
8414
7774
8689
8358
8589
9075
9517
8578
7792
8446
7818
8784
8836
7860
8737
8087
7447
7751
8420
7794
8374
8303
8392
8573
7983
8170
8069
7623
9019
7662
8496
7640
8578
8533
8743
8427
8286
8099
7537
9164
8899
8543
9143
8677
9286
7816
9828
8539
7962
8692
8294
7496
8135
7984
12165
9030
8835
8468
9291
8955
8431
8429
9728
8699
8241
8242
8861
8543
7898
7482
9063
8094
7490
12614
8936
7767
8948
8061
8150
10417
7653
7968
7239
7702
7610
8625
8068
7774
8360
7476
7624
9962
8544
8207
10124
7784
7948
8948
8448
8029
8885
9201
8606
8798
8827
8436
8967
9091
7706
9785
8369
7666
7851
9072
9248
9196
7831
7402
11564
8984
9137
8571
7870
8177
8510
8740
8092
8333
7466
8494
7502
9091
9022
7627
9347
8061
7553
8202
7312
8154
7503
9040
8164
8656
7814
8448
9711
8665
8752
7792
7655
8753
8000
7876
7712
8451
8224
7402
8825
9240
8814
7686
8529
9325
7629
9020
7702
9246
8085
8256
8736
8155
8166
9589
7875
7560
8367
8435
7413
8287
9455
8004
11549
8134
8385
8292
8328
7652
8230
7804
8088
8907
8449
9200
7837
8287
7692
7774
7890
9071
8882
8781
9660
8382
7347
8806
9348
8884
7932
7574
8377
8577
8244
7688
9298
8781
9439
8846
7600
8784
8495
7972
7970
7957
8086
8632
8389
7636
8039
8333
7463
8506
8179
9148
7592
8595
8576
11488
8112
8306
8090
9338
8237
123284
8624
8267
9355
8733
7890
7511
7710
8391
8636
8753
9182
8581
7852
8442
8287
9137
7995
7918
8843
7553
8753
8955
9102
8184
7517
8607
8743
8800
7547
9533
7300
8382
8597
8984
8794
8416
8882
8812
8146
8493
8560
7497
8437
8820
8387
9386
8795
8213
8481
7793
7901
8511
7806
9532
7835
8548
7282
8579
8569
8941
8948
9286
8404
7901
8033
9094
8618
8476
9879
8942
8142
8397
8829
8880
8866
8733
8839
7810
7678
8720
8576
8483
9290
8981
8975
7651
8746
8553
8986
8868
8600
9018
9079
9057
8445
8655
8882
9087
7987
7966
9165
10053
9097
9435
8994
8011
11752
8661
8182
8030
11214
7805
8907
9416
9267
8836
7984
7773
8235
8610
7988
7733
8157
7973
8402
8385
7885
8590
9896
8433
10504
7692
8184
8056
7767
8100
8941
8603
7898
7600
8856
8512
8154
8555
9196
8053
9230
8015
8898
7933
9213
9041
8124
8092
8753
9286
8154
8533
9047
8890
7853
8219
9169
8937
9195
7753
8648
9215
7842
9062
9240
9148
9100
7571
8223
8022
8497
8643
8272
9048
7435
9185
7959
8759
8444
9607
8479
7396
7510
9082
8828
8903
8511
8919
7830
8571
7674
8572
8601
7791
8879
9073
8805
7831
8937
9864
8594
8512
8342
8225
7610
9036
8514
7189
8017
8041
8569
9078
9249
9196
7765
9673
9130
8851
8501
9495
8395
8546
8955
8549
8530
8615
8236
8865
8336
9007
9476
8476
9002
10213
9811
7890
9005
9958
8041
8708
8079
8087
7384
8518
8687
9208
8665
8578
7614
8250
7990
8734
9692
7638
7717
7502
7753
7793
8676
9129
8707
7618
8817
8635
8162
7476
8738
8909
9517
8870
7438
8084
8187
8150
8426
8408
7689
8636
9543
8753
8394
8497
7716
7811
8023
8551
92586
8838
8381
7369
9213
7989
8976
7748
7691
8309
8061
8542
8751
7523
9199
7566
8692
8136
8433
7792
9265
8744
8691
9078
8178
9409
7425
8837
8719
7675
10410
7930
8697
7954
8707
7804
9205
7730
8935
8354
7524
8313
8944
7592
8440
8229
8518
8692
8839
8384
9230
7776
8051
9443
8947
7613
7572
7772
8886
10228
7509
7851
9302
7740
8323
8703
7673
7853
7491
7591
7930
8381
8857
7560
7804
7732
9141
9209
8384
9138
7759
9201
9115
7565
9052
8414
7974
9682
8220
7999
7541
7456
7352
8161
10779
7850
9107
8729
8133
7754
7889
9131
7854
9020
8073
7721
7540
8521
7774
7605
8699
7689
9270
8960
7988
9082
8810
8622
8323
7461
8846
7506
8803
8793
7458
7309
8849
7990
7989
8828
8826
7651
8597
8594
7774
8947
8947
8189
7610
7388
9159
8295
8748
8574
7800
8200
7855
9215
9009
7474
8217
11268
7527
8228
7872
8977
8942
7445
12446
8843
8458
9759
7771
8692
9246
7411
9779
8708
7763
7852
9495
8743
8141
7654
7700
7513
8088
8148
8886
8100
7792
8831
8678
8579
7542
9063
8271
9018
8595
8900
8298
9041
8411
7574
9059
8934
8286
7471
8068
7513
7633
8391
8022
8921
7984
8115
8382
8072
7801
7500
7926
8736
8582
8583
7800
8849
8215
9426
9048
10742
8142
7994
10472
9343
8643
7793
7507
7533
7609
8892
8838
7792
7770
7870
7585
8395
7630
7495
9694
9021
7971
7635
8598
9282
8782
8706
8937
8204
8699
9209
8295
8161
8190
8856
8999
7848
8156
8682
7559
7599
7766
8130
9185
8194
9257
9212
7488
7738
7294
8154
9256
7615
8757
9442
8699
8312
8241
9193
8758
8094
7912
8203
7997
8189
8826
8182
10935
7835
8794
8068
8560
9261
7564
139015
9252
7651
8476
8619
8049
8119
8676
9209
7854
8539
9153
8455
8744
8892
7535
9196
8426
8605
7897
8316
7425
7743
8625
8672
9381
8666
8993
8862
7891
9808
8044
8982
8018
8052
8915
8933
7666
7546
8121
7507
7856
7548
8595
9197
7856
7569
8313
8750
7942
8620
9015
8173
9211
8083
7904
8463
10379
9125
7791
8153
9051
9137
8775
8391
8733
9791
7724
8461
7504
8854
9056
8025
8556
8873
7819
8963
8667
8585
9049
8937
8655
8693
8105
7595
8399
8634
8635
8776
8638
9400
8451
8578
7640
9523
8431
9852
8560
8629
8005
9208
7754
8354
8984
10689
18604
8302
7639
8612
9249
7589
7656
8924
7769
8231
7722
8608
8923
8202
7855
10066
8791
9190
9045
8933
7987
8036
7782
8613
8179
8420
7603
7535
10012
8680
8361
7897
8259
9071
8035
8262
8687
8017
8395
8700
8813
8778
9108
8573
8497
8404
8697
9013
7728
7851
8643
8220
8667
9203
8627
8217
8585
8543
8369
7995
7455
8003
7761
8184
8703
9101
8945
7369
8470
7558
7543
10004
8520
8758
8433
7317
7923
8609
8367
8529
8889
9240
8665
7374
9121
7716
9104
8902
8037
7981
7913
7823
8985
8907
9209
8662
8786
8427
9471
7343
9728
8886
7285
8584
9396
8687
7715
8615
8254
8787
9215
8833
8841
8862
8052
8615
8134
8254
8870
8867
8987
8314
8074
8015
8892
8792
8981
8615
10388
8882
7614
8753
8944
8713
7410
8582
8184
7848
9064
8921
8681
7913
7729
8907
10512
8575
9083
8557
8523
8706
8856
8087
9214
7574
9245
9020
8538
9080
9225
8011
8960
8854
8957
7471
8810
8003
9002
8676
9865
9210
8576
8447
8656
9028
8807
8326
8897
8807
7913
8914
7772
8415
7913
8917
7471
8502
9219
7961
92461
8944
8841
7607
8042
7605
9010
7830
9218
7804
8928
8259
7583
8481
7682
8884
8779
7755
8253
8550
9736
7962
9133
8635
7395
8692
8728
8553
9403
7829
8570
8493
7550
8917
8554
8468
7502
8242
7790
8205
15106
8386
8591
10026
8615
8164
9232
19821
8157
8638
7727
8998
7915
8610
8685
8987
8694
8403
7739
12896
8032
8584
9248
9533
8500
7889
7712
8602
8587
9367
9004
9051
7661
8058
8109
8454
8866
8635
7768
8177
8696
9168
7756
7896
8723
7302
9001
9549
8937
8692
7544
8594
7407
8353
9380
8134
8717
7666
8740
8232
8167
8644
8989
8917
8253
8830
7400
8707
10169
7558
9018
8431
8541
8012
8413
8964
8712
8897
8076
7994
8245
7431
7813
8989
7562
7373
7634
7308
7470
8636
9838
8948
8103
8121
7702
8237
8969
7527
8738
7851
8316
8865
9001
8699
7567
8794
8712
9415
8598
9213
8799
8574
8514
7429
7550
9156
8353
8631
9132
9195
7970
9215
9851
7361
9025
7786
7453
8637
9163
7532
9066
9203
7811
7522
8168
8041
7389
8707
9206
7410
9420
7610
8553
8835
8619
9897
9338
8127
7589
9216
8441
9983
9111
9298
8734
7517
8439
9064
7965
9811
7362
8010
8098
7741
8997
7758
8856
7811
8720
8402
7502
8888
11403
8122
8237
8646
8987
8601
9076
9001
9984
7220
9378
8977
7814
9016
9269
8917
8584
8025
8819
8762
8138
9205
7558
7626
7751
7442
7871
8827
9178
9041
8558
9272
9418
7510
9131
7494
9059
9667
7743
9346
9260
9105
7547
8843
7774
8816
9220
8672
8916
8911
8841
7867
8487
9163
7832
9200
8426
7774
7405
8292
7779
9177
9924
8035
10297
8293
7677
8794
8743
8965
7266
8614
8436
8025
9017
9038
7603
7917
9656
7409
9105
72245
9218
8074
8117
7984
8621
9115
7727
8718
8602
8616
7684
8294
8182
8884
8865
8013
7943
9666
7822
8269
8139
8600
8397
8420
9018
8084
8237
8015
8980
8208
7455
7915
7940
9265
8148
8670
7871
8555
8579
8405
8121
8451
7429
8220
7610
9781
8651
7915
8034
7613
9451
8590
8105
7949
8659
8078
8332
8082
8445
8223
8053
9467
8295
8542
8769
8052
8649
8131
8060
7979
7856
8211
8131
8512
7918
8514
8176
8911
9483
8436
8322
7917
8130
8046
7920
8876
8215
8524
9038
8476
8030
8370
8687
7818
8695
8020
11696
9087
9373
7975
8176
8273
8103
8738
7761
7584
8946
7910
8454
8150
8462
8597
8035
8898
8009
8129
7974
7587
8316
7713
8605
9108
8235
8045
8411
7825
9079
9000
7932
8236
8024
7450
7636
7551
8119
8125
8599
7841
8414
9261
8333
8366
7973
9189
7757
8097
8548
8030
8228
7969
8153
8017
7404
9190
8036
8616
8110
8357
9781
7797
8825
8199
8232
8392
8257
8318
8566
7873
8208
8775
8340
7812
8482
7768
8775
7872
7870
10046
7964
8661
7964
9057
9275
9222
7966
8414
9177
7953
8497
8005
7997
9762
12957
7705
8025
8285
8823
9180
8140
8353
7697
8031
8717
8952
8256
10055
7810
8113
8312
8090
8036
7974
8027
8254
8132
9100
8610
8871
7430
9188
7610
8820
8586
8805
7723
8415
8928
8957
8567
7989
8340
8150
7413
7569
8558
9042
7997
9179
11277
7881
7592
8282
8164
8849
7977
7531
8466
7693
7865
7815
8232
8806
9199
7644
8830
8036
8154
8080
8484
8063
8133
7815
8000
9348
8021
7918
7969
7469
8196
8185
8104
7989
10244
8333
7666
7576
7818
7928
9200
8321
8126
9420
7591
8038
8071
7991
7893
7990
8617
8621
7692
8013
148310
8171
8745
8399
7811
8082
7753
8678
8904
8719
10191
8995
9259
7611
8748
8877
8777
7692
8577
8583
7913
7372
7440
7743
7856
8748
9099
8870
9315
7475
7491
8681
8937
8273
10121
8807
7474
9049
8516
7484
9235
8340
7972
7841
8602
9469
9374
8255
9083
7665
7343
7862
8622
8214
8172
7487
7930
7408
9224
7356
8050
8548
8403
7718
8447
9022
8842
9412
7976
7668
7993
7845
7487
7849
9131
9520
9237
8759
7873
8472
8034
9088
9168
8740
8047
7275
7615
8832
8796
7867
7760
7597
7396
7977
7721
7674
7507
7876
7635
7933
7533
7967
9113
8942
7255
8645
8917
8041
7882
7547
8482
8210
9477
8292
7739
7882
9205
7630
8415
8886
9353
8944
9055
9449
8723
7848
8207
7554
8476
8989
8226
8956
8356
9186
8109
8602
7794
8899
10724
9382
7925
8517
7759
7403
8843
7839
8086
7657
7625
7464
8113
9005
8788
7874
9018
9717
8171
7928
8679
8434
8385
9250
7986
8892
7718
7712
9147
7438
9897
8405
8276
8367
8487
8536
7426
9821
8458
16128
7979
7668
8020
7797
8636
9060
9983
7863
8174
8973
9086
8984
8666
8921
8445
7364
8616
9055
8359
8062
8642
8767
7648
7774
10964
9842
8916
8736
7622
7949
7620
7432
7401
8773
8651
8618
8280
7784
8613
8958
9197
8631
8990
8586
7614
8602
9140
8549
7876
8606
7743
8676
8523
7712
8852
8797
9222
8199
7774
8814
8430
8653
8564
8575
8523
7887
8878
8413
9223
7673
7864
9054
8065
8808
8569
8326
7285
7556
8714
7507
8717
8669
8076
8659
8112
8646
8509
9702
8215
8031
7348
9105
8794
9864
8846
8957
10059
7913
7644
8909
8718
8825
10964
8758
8694
7529
9196
8876
9857
7818
8627
7528
7871
8641
8140
121517
7861
7623
7308
8111
8654
8757
7989
9189
8205
7769
7779
9460
7863
8635
9685
8762
9378
8119
8097
7742
8363
7482
8727
8279
8072
8815
8136
8678
8779
9110
8659
7511
8673
7508
8715
7595
10085
8436
8345
8984
9141
8887
9257
7795
7994
8162
8808
8912
8968
8255
8636
8414
9512
7769
8324
8807
8117
8638
8738
8474
9030
7819
8826
8572
8425
8819
8433
9131
8558
8768
7835
8831
8849
9129
8498
7755
8678
8064
8807
9752
7825
8555
8202
8601
7388
9389
8592
7921
8856
8558
8416
7732
7838
7600
8875
8914
8625
9029
8435
7641
10114
8864
8672
7737
8650
7387
9197
8668
9132
7599
8218
7458
8137
9133
8929
8815
8660
8083
8315
8435
8419
9017
7519
8625
8274
9040
8812
8083
8636
8402
8912
7286
7772
8839
8633
8830
8265
8558
8393
7807
8890
8384
8477
9195
8970
8548
9205
8658
8623
8796
9076
8793
7287
8684
8895
7710
8553
7817
8817
8266
7771
8958
8607
9051
10560
8347
7178
7713
8818
8594
7430
7986
7809
8312
8743
8600
8572
8500
7358
7954
7850
8597
8430
8955
9537
8476
7880
8680
8291
8776
9683
8820
8289
8941
8235
8252
8969
8278
8579
7933
8165
8931
9325
8429
9441
8691
8027
8158
7431
8923
8864
9034
8533
7407
9077
9183
9682
9314
7999
9146
7664
8769
9027
8859
9141
8068
8371
8208
10341
8930
9361
8895
8576
8657
7978
9649
9146
8766
7469
8663
7900
8337
8379
7490
7830
9101
8307
8975
8965
7701
7434
9430
10270
7969
8626
8918
9057
9131
8629
8284
7872
8738
7861
7507
9892
9036
9200
7768
8898
8150
8211
7471
9196
8897
8225
8605
8642
8126
9179
8996
9833
7263
8315
9889
8906
7492
10670
9101
7545
7633
10903
8184
100266
9230
8635
8334
8174
8418
8136
8753
8065
7671
7711
7802
7894
8818
7977
9182
8285
8578
8158
8151
7256
7412
8593
7473
9254
8392
7276
7492
8336
8532
8269
7522
8900
7518
8874
9498
8154
9152
7924
10089
7907
9248
8423
7678
9200
8169
8273
9243
7947
8269
8540
8577
7692
9070
7707
7983
9202
8066
8477
7921
8744
7761
7827
8179
10113
8715
8513
7841
8217
9143
8393
7654
9883
8380
8799
8389
7848
8284
9233
9035
7839
9391
7886
7655
7472
7660
7529
8463
7676
7581
10128
8315
8430
8567
9714
8198
8538
8447
7815
7682
7652
7796
7600
8627
7369
9225
8144
7789
8435
7656
8403
7372
8435
8473
8692
8382
7561
7771
8459
9166
8066
8800
8697
9000
7972
7558
7856
7424
9202
8510
9153
7408
9333
8363
8680
8670
8767
7550
10230
7611
8257
8372
7851
7560
8831
8407
7902
10033
8373
7791
9266
7400
7865
7408
8510
7880
9101
8201
7423
8214
7953
8979
8445
9176
8030
8189
9024
7256
7535
8536
7766
8028
7884
7885
9011
7899
7775
8040
8767
8207
8056
7454
8763
7959
9333
8817
8351
8475
8235
7859
7664
8340
9766
8092
8245
7338
8912
8767
9002
7579
8087
9046
8348
7953
7808
8482
8343
7770
7771
7873
7951
8246
7394
9343
7815
8492
7548
9236
7553
8148
8497
8433
8708
7833
8893
7621
7441
7701
8030
8214
8064
8137
8840
8612
9046
8669
8295
8443
9276
8739
8641
8959
8636
8079
8282
9158
9400
8436
8518
8082
9785
7829
9269
9187
8733
8275
8587
7621
7497
8845
7491
7653
8223
7610
8245
8997
10486
7974
8485
8216
8171
7771
9665
7561
8538
9140
7580
8458
8010
8739
7839
7902
7667
7769
7994
7832
8650
7449
8110
8632
8338
7579
8043
155882
7621
8840
8251
8252
8798
8707
7569
8153
7995
8005
8095
9025
8633
7671
7672
8977
7333
7813
8549
8142
8307
8477
7578
9180
8415
7981
11007
8603
9094
8397
7769
9038
8118
8464
10273
8907
8013
8535
7595
7574
8945
8291
8411
8738
8649
8801
8210
7938
7437
8451
8215
7326
9107
8596
8399
7883
8941
8194
8367
8619
8074
7923
9646
8170
9072
9061
8150
8251
8191
8213
7876
8482
8852
8008
8234
8316
8000
8730
7989
8153
8405
8112
8214
8122
8175
8758
7928
8564
8047
10709
11153
8723
7733
9752
8112
9386
7627
8604
7985
9213
8056
8355
7729
7330
7728
7552
8924
9904
8368
8041
7977
8884
7991
9379
8209
7911
8198
7733
8974
8776
7974
8041
7787
9182
8783
8236
8237
8701
8318
8612
8016
8593
7882
7946
8523
8070
8117
7995
8003
9251
9281
8312
7976
9003
8009
8153
9176
7570
8137
8024
10189
8271
7346
7940
12584
8131
8095
7560
8835
7578
9028
8095
7533
8471
8731
8585
8333
8271
8119
8269
8411
7926
9257
7452
7528
8210
8429
8385
9558
7763
7996
8241
8256
8430
8058
8376
7854
8200
7901
8030
8574
8235
7783
8020
8235
8384
8223
8418
8071
8073
8274
8513
7834
7975
8030
8062
8556
8687
8021
8918
9023
8073
8164
7975
9901
9195
8407
8042
9865
9007
8756
9010
7696
8415
7892
8615
8206
8435
8468
8103
9220
7835
7630
9138
8016
8457
8013
8356
7984
8366
8292
8162
8976
8015
9496
7818
7343
7590
9098
8554
8211
8572
7635
8391
8184
8912
8199
8303
8469
8386
7903
8462
8826
8297
8983
7871
8341
7455
8015
8029
8476
7963
8576
8108
7810
8315
8130
8574
8230
7792
9067
7923
11016
8945
8820
8375
7774
8646
8778
8852
8672
7710
133917
8676
8502
7854
8894
7688
8880
9885
8051
8461
7628
8615
7579
8868
8744
8880
8907
7386
8683
8440
7992
9302
8422
9092
8389
8950
7764
9122
8389
9276
8003
8392
8035
8025
8603
8466
8689
9121
7365
8331
8113
8102
7984
8292
8965
7983
8154
8664
7615
7350
8841
8405
8047
8379
10569
8226
8734
8707
8322
7795
8209
9138
7572
9268
8210
8123
8295
8366
8595
7499
8671
8071
8172
7790
9097
7939
8374
8625
7411
8040
8420
7551
8573
8789
9291
8511
9138
8081
8853
8633
8841
7629
7270
8040
8570
7785
7653
7346
7968
8692
8128
7420
8036
8574
7397
8748
7849
8660
8123
7637
8095
8302
8378
7989
8235
7979
9938
8286
9154
7460
7543
8263
8634
7583
7871
8146
8043
7935
8396
7796
8360
8795
8109
8114
7802
7878
8594
8551
8735
8158
8978
8699
8019
7602
9038
8361
7891
7738
7679
7631
9408
7728
7500
8056
8726
8964
8938
8035
7528
8883
7530
8479
9009
7776
7624
7265
9830
8813
7584
8456
7618
7982
7748
8611
7486
8170
8182
8340
7552
7717
8756
8607
10832
7928
9343
8515
8011
9057
8013
7943
8138
10119
9205
8265
7590
8438
8429
7837
9477
9876
8482
8019
8353
8215
8314
9408
8615
7548
9059
7514
8673
8000
7208
9162
8666
7752
8583
8869
8374
7805
8876
7681
8940
7572
7971
8712
8855
8385
9039
8594
8303
8149
8053
8376
7852
7753
8014
7847
9150
8337
8113
9089
7789
8492
9207
9448
10736
9188
8576
7969
8684
8090
8631
7592
8585
8555
8748
8004
8185
8854
7663
7515
7824
9413
9258
8548
7397
8889
8566
8774
8727
9015
8675
8292
8637
8322
8510
7817
9077
8553
8334
7586
7662
9116
8071
7930
10120
7830
8088
8017
9266
7592
7916
148838
8986
8897
8108
7744
7959
7752
9073
7569
8297
7369
8135
7797
8075
8578
8648
8644
9722
9035
7889
8784
8020
8189
8163
8444
8806
8584
8512
8018
8544
8192
8131
7557
8392
9300
7640
8013
8439
7836
8832
7949
8419
7772
7566
9441
7407
7555
8290
7802
7973
8572
8614
8104
8281
8163
8455
8791
7969
9090
9250
8015
8214
8382
8293
7999
8600
8175
8651
8316
8079
8161
7795
7492
8062
8943
7973
8117
8264
8613
7574
8084
11341
9119
8479
7574
7383
8738
7621
8630
7990
8430
8439
8388
8735
9077
8059
8013
7297
8794
8558
9060
8116
9790
9200
7212
8256
7522
8824
8293
9236
8000
8435
8582
8899
8256
8097
8441
8223
7369
7531
8035
8466
8969
8020
7526
7234
7537
9036
8532
7888
8466
8317
8026
8497
7966
8452
8002
8401
8256
7528
7461
8752
8492
8905
8307
10260
8346
8080
7999
8541
9112
8608
8763
8379
8385
7822
9030
8194
7653
8966
7785
8292
8194
8448
8035
8510
8607
8303
9071
7893
8312
8169
7233
9214
7993
8175
7649
8588
8609
8434
8535
8096
8241
7920
9239
7744
7792
7704
8103
10095
7874
9378
8033
7955
9038
8189
8461
8052
8264
7930
7276
7470
8384
8709
8984
8186
9363
7832
8851
11109
9189
8379
7856
9260
7754
8435
8122
8231
7610
7330
9110
8480
7725
8249
8812
8615
8011
9171
8106
9215
7824
7931
8876
8338
7811
8958
8408
7974
8450
8174
7752
8772
10168
7855
8131
8452
7989
8314
8979
7918
9574
8220
8290
7974
7281
7602
7985
8603
8199
8415
8102
8434
8222
9449
8819
8054
7591
7691
7536
8937
7952
8634
8170
9740
8034
8000
8393
8885
8001
7925
9072
7405
7415
7983
7994
8581
7986
8707
7991
7757
7836
8072
8638
163064
8676
8927
8856
9022
7929
7709
9160
8713
8558
8171
7768
8006
7679
7933
8269
8558
9256
8882
9253
7913
8012
8214
8909
7991
9061
8066
8390
8232
8140
7467
7542
9159
8224
8056
7932
8303
8098
9030
8081
9216
7529
8022
7361
8030
7133
7602
8017
7630
7902
8503
7951
9035
8362
8842
8351
7960
7532
9107
8225
8446
9816
8018
8014
8020
9337
9844
8297
8161
8132
9121
8356
7963
8137
8303
8326
10116
7859
7744
8365
8099
7982
7984
8456
8138
8036
7923
7985
8460
9100
7753
7399
7869
8692
7994
8226
8042
7381
9209
7533
8485
8210
8251
8302
8265
8442
8598
7871
10605
9554
8666
7789
8834
9365
7384
8334
8461
8800
8379
7674
9808
8897
8537
8414
9390
7353
8718
9413
8743
9265
8861
8902
8476
8144
8614
8543
9394
8879
8148
7814
8645
8841
9156
8695
9260
8117
7876
8667
18420
8097
8626
7635
8794
7705
8617
8652
7791
7390
8180
8285
8374
7599
8996
8774
8937
7968
8091
8876
7457
9092
8707
9769
9878
9777
8221
8917
9048
8736
8914
8010
8569
8091
7533
8626
8323
9265
9448
8436
8940
8740
8620
7941
9061
7640
8181
7379
8202
9108
8188
8568
7667
9311
8933
7676
9159
7863
8454
8465
7984
8618
7764
8823
9241
8286
7548
8625
8364
8684
8939
8592
9347
7618
8522
8731
7575
8929
7328
8180
8517
9236
8810
8632
7801
7656
8902
7979
10308
7451
8733
8902
7731
8707
9026
7779
8560
8875
9454
9269
8881
8776
7964
9129
9241
9336
7369
8156
8589
8718
8563
7807
8843
7762
8801
9034
8873
9127
8350
8960
7627
8777
8635
7781
8692
7744
8393
8232
8922
8754
8430
8851
8434
7537
8635
7595
8853
7998
8697
8190
7811
8114
7746
8454
8051
114228
9143
8527
7694
7751
8136
8540
11021
9211
7652
8598
8589
7964
8769
8126
8310
9903
8547
8221
7720
9113
8205
8644
8140
8381
8232
8042
8661
7975
10128
8456
9556
9029
8155
8371
7925
7558
9786
8492
9561
8305
8052
8088
8015
8830
7784
9447
7912
8616
8032
9153
8280
8359
8218
7896
8239
7825
7633
9022
8174
7976
8096
8010
8015
9621
7582
7977
8865
8053
8578
8020
9307
9129
8309
9622
8017
8412
8011
8086
8513
8184
7701
8032
8790
7582
7562
9137
7896
8768
7995
8195
9126
7314
8738
8036
8293
8151
7774
8676
8031
8076
8248
8287
8129
9636
7728
8136
8589
8020
8368
8001
7624
8883
7988
8807
7714
8758
8274
8533
8051
8243
8967
7687
8395
8289
7604
7497
7894
8413
7478
8329
8058
7564
7518
8074
11385
8980
8494
8155
7907
9380
8133
8551
9108
8252
8112
8444
9039
7842
7894
8046
7373
7795
8000
7579
8479
8149
7981
7690
9051
7521
8097
8084
9060
8015
8175
8744
8027
8820
7991
8436
8244
7334
7788
8579
8061
8212
8271
8062
8482
8169
8115
9065
7789
7652
8003
7908
8481
8005
8184
8198
8224
7989
8825
7529
8163
8292
8816
8310
10922
8033
9034
8043
7675
8778
7966
8200
8173
8656
9015
8851
8051
8214
7753
7391
7622
8168
8486
8139
7391
8113
8624
7487
8000
7745
8976
8863
8252
8148
8178
8030
7803
8023
7647
8904
7643
8048
8169
9038
8102
8408
8479
9004
8007
8012
8353
8092
7772
7815
8624
8176
8150
7907
7974
8530
7703
8928
7671
7958
8383
8834
7766
8634
7927
8861
7923
8520
8029
8328
8129
7931
8025
8420
7568
7573
8028
8411
7711
7887
8028
7363
7450
7963
9268
7805
9349
7965
8739
8121
7944
9188
8104
7969
169458
8254
8775
7602
8744
10061
8799
8507
7625
8397
8567
8010
7557
7489
8528
9006
8179
7610
7768
7679
9032
8434
7780
7796
8536
8816
8047
7869
8631
7504
9387
8095
7651
7952
10917
9690
7415
8528
8097
9188
8282
8849
9328
8202
8669
7815
9064
9161
8610
7363
8741
8856
9183
7500
8966
9030
7456
8224
7631
7466
8639
8980
10744
8907
8771
7533
9245
8039
7456
7772
9075
7447
8176
8997
7970
9404
8280
7420
8553
8676
9467
7632
7451
8426
7430
8288
8805
9352
7897
9151
8586
7682
8415
8460
8936
9022
7756
7843
11538
7686
9441
7561
8133
7391
7373
8476
9134
7504
9039
9119
8658
8598
7800
7587
7791
9170
7810
8639
7792
7987
8919
8760
8426
9050
9564
9497
7774
8862
9016
8739
9095
8769
8428
8999
8961
8935
8405
8872
9470
7366
8677
8684
9121
8301
8794
8958
7472
8593
8682
8948
9597
10666
9001
7933
8463
9085
8698
8898
7406
7772
8353
7521
9133
8372
8777
7847
9097
7238
7710
7424
8797
7554
7268
8751
8980
8760
7603
9111
9203
7928
8414
8507
8112
7471
8414
7651
8015
8774
9447
8475
7772
8851
8211
7571
8400
7889
8125
8797
7915
8593
9469
7538
7801
8932
9027
7553
9670
7393
8214
8802
8413
9031
7848
9089
8134
9507
7492
8828
8119
7871
8968
7340
7780
7773
9033
9639
10470
8511
8307
8514
9238
8769
8005
8500
9018
7810
8704
7400
9597
8584
7425
8614
7946
8030
8581
7978
7631
8486
9020
7764
8950
8697
9348
8657
8574
8900
8593
9002
9190
9094
8675
7382
8473
8648
8343
8873
8230
9363
8671
7763
7502
8516
9139
8640
8206
7751
8825
7840
8207
7731
8207
8140
8411
8538
8846
8586
8440
7407
9677
8216
9820
9301
8571
121083
8977
8476
7709
7719
8425
8074
7822
7787
8679
8215
8389
8000
9145
7496
8212
7986
8216
8093
8445
8222
8020
7607
8010
8022
7548
10692
8216
7979
8948
8453
8254
9141
7650
7521
9145
7882
8026
8604
9017
7581
8246
8019
8471
8394
8565
9425
7835
8817
7861
7640
8927
8643
7456
7943
7568
8528
7669
9189
9138
8687
10342
8116
7401
7433
7551
7758
15977
8871
10158
9080
7561
8434
7959
8573
8324
8606
8261
7445
8512
8057
9768
8253
8711
9065
7730
9017
8491
8368
8335
8387
8545
9301
9207
7574
8726
8242
7712
7643
8330
9438
7597
8146
8338
8251
8748
7955
8005
8097
8293
8118
8865
8979
7996
7992
8065
8167
7853
8553
8848
8086
8462
8015
8729
9122
11023
9261
7801
8327
8107
8586
9200
8502
8143
8302
8115
8933
8013
7994
7749
8583
7964
7625
8094
10581
10025
8498
9108
8018
8071
7991
8444
8799
7219
8098
8297
8475
8000
8285
8299
8036
7689
8013
8684
8074
7359
9313
7561
8886
8892
8991
8266
8236
9635
8263
8287
8074
8509
8002
7543
7954
8656
8276
10503
7828
8163
7735
9045
8662
7891
8817
8411
7974
7629
7524
8184
8174
8128
13969
8719
7770
9089
8148
8474
8049
8676
9364
7753
7873
8995
9065
7810
8346
8854
7614
9214
8122
8328
7978
8192
8986
7538
8861
8134
8647
7903
7266
7598
7690
8045
8219
8144
7931
8452
7990
8133
8228
7958
8327
8037
8261
8464
9004
8919
8326
8218
8212
7349
8955
8079
8173
8619
8400
10866
7685
8102
8071
8056
8758
8435
8107
8247
8818
8976
9325
8158
8179
7876
8429
9158
9167
8096
7989
7563
7642
7964
7733
9189
8085
7933
7449
9464
8545
8276
8008
7990
8073
7908
8639
7893
8108
8119
8005
140885
9015
7876
8210
9060
8261
7815
8106
8781
7994
7971
8032
8912
8513
7722
8041
8117
8107
7776
8254
7532
7996
10492
8035
11734
8378
7964
8482
9016
8285
8379
9307
8851
7799
8353
8231
7353
9119
7662
8041
8700
8544
7974
8074
8985
7810
9148
8033
8128
8181
7529
8784
7983
8205
8049
9413
8806
8471
9018
8005
8679
8099
8606
8232
8220
8446
7636
8771
9053
8728
7758
7291
7909
7907
8776
8859
8071
7965
7570
8371
24592
8232
8098
22198
8907
8243
7535
8116
9409
7717
23351
8720
7658
8920
7997
7732
7872
8004
7793
7943
8379
7865
8212
7978
8329
8400
7393
8960
8033
7997
8008
8366
7953
9067
8316
18695
8859
7918
7886
8094
8988
8068
9259
9032
8053
7952
9137
7568
7441
8164
7647
8143
7258
9162
7232
9218
8153
9050
8016
8363
9056
7901
8733
8298
8328
8466
7322
8052
8104
8179
8020
8409
10943
8630
7942
8143
7801
7932
8912
8168
7955
8016
9142
7873
8841
8375
7986
8244
9241
7983
7682
8377
7973
8041
7310
9196
8724
8971
8108
10611
8459
8130
7471
8132
8188
8054
8317
8015
8917
8784
9134
8331
8176
8632
8576
8370
7908
8462
8529
8448
7714
9356
8457
7398
8214
7566
8042
8554
8253
8014
8834
8318
8297
7907
8091
8814
10964
9072
7651
8046
9189
7987
8635
8035
8907
7902
8969
7958
8437
8531
7596
9680
9269
8960
8619
8053
8447
7898
8337
7999
11666
8425
8360
7894
8132
8066
7896
9108
8600
8215
8512
8034
8537
8096
7437
9314
7617
8770
7989
8312
8574
8020
9161
7652
8400
8161
8461
8008
7588
7860
9073
8008
8076
8333
8015
7340
8414
8208
8007
7989
10739
8598
7438
8595
8316
8244
8068
7780
9118
7431
8781
8020
9283
51995
8087
7652
8035
9758
9065
8671
8466
7711
8113
7482
8091
7820
8564
9307
8255
9037
8422
8772
9473
8114
7877
10424
7842
8629
7573
10237
7589
8414
7811
7837
7329
7615
8743
8224
8985
8219
8225
7428
8419
7745
7989
8901
8597
8738
8060
8088
7714
7511
8056
7485
11376
8158
7791
8038
7528
9198
7613
8054
8774
8496
8150
9456
8264
8755
8107
8246
8646
8082
8396
8497
8271
7563
7553
7839
7697
7639
8004
8632
8861
7857
7540
8637
8776
8201
7210
8537
7725
8550
7835
7969
8943
8117
8961
7559
8854
8371
8030
8876
8338
8274
7512
8090
8146
8568
8084
7520
8223
8184
8418
7527
8507
8460
8272
8252
9102
8066
8512
8230
7456
9535
8548
7978
8995
8630
7435
7984
7800
8651
8080
7915
8586
7653
8654
9870
7758
7552
7528
8102
8691
8512
8215
9090
8311
7493
8886
8601
7733
7674
8260
8621
8402
8056
8610
8358
8051
7751
8417
8533
8431
7974
8633
8020
9964
8130
7531
7641
9091
8989
7820
9235
7952
8095
8326
7733
7753
8632
7653
8432
10466
7789
8561
9070
8148
8412
8198
8191
8219
8435
8117
8172
8256
8363
8781
7769
9009
8469
9509
7305
9342
7820
8564
8018
9266
8979
7907
7708
7179
8438
8625
8992
8818
8445
8271
7753
8795
7895
8640
8498
8141
8974
7635
8700
7993
9020
7898
7773
8067
7521
8881
8603
9203
8050
8013
8845
7847
8246
7994
9364
7941
8941
7982
7824
11358
8632
8286
10386
8579
7889
8125
7522
8227
8414
7964
8205
8693
20917
8225
8155
11060
8725
7523
7829
8720
7742
8282
8287
8608
7739
8359
8003
8312
8693
8630
7598
8905
10205
7753
9163
7861
8256
8989
8983
8929
7713
8092
9145
7723
8499
9217
8288
8690
7552
141844
8447
8319
8448
9044
8882
8333
7445
8537
8495
8276
8430
8253
9641
9930
7749
7596
7407
8040
7560
9635
7391
9984
8606
7410
7738
8532
7541
7522
7637
8661
7935
8306
9015
7519
9299
8238
8624
8553
7975
9333
8637
7893
7824
7678
8276
8594
8338
9025
8513
8633
8405
8494
7779
7605
8266
8508
7983
8977
8045
7600
8189
8230
9013
8534
9378
7537
9174
8025
7745
7614
7656
8141
8596
8377
8291
9038
8301
9874
8173
8634
7553
8324
8049
8297
7467
8628
9350
9106
8625
8233
8543
8053
8784
9040
7670
7538
8825
7836
7387
8774
8551
10218
9074
7657
8966
8797
8656
8950
8646
9287
7619
7575
7792
8065
8151
8793
7860
8060
8552
8611
9338
8188
8205
8444
8520
9292
10282
8214
8221
9055
7501
9277
8682
8632
9202
7915
8905
8423
8572
8167
8419
10100
9633
8374
7822
7733
7876
8756
7790
8111
8399
7607
7553
8326
8153
7636
8594
9220
7897
7494
9482
7990
9237
8395
7985
9197
7894
8364
8665
7608
7549
7602
8601
9141
8312
7728
10121
9268
7425
8609
8805
7851
9625
9019
7711
9374
8774
8231
8028
7475
8791
8436
8401
7755
11499
8820
7610
8516
7755
7923
8802
8462
8861
8138
8446
11087
8872
7527
7848
15125
8117
7369
8912
9944
9204
7517
7997
8637
8515
7756
7890
8948
8008
7471
7779
8023
7543
8031
7894
7486
8189
8799
7753
8776
8054
8882
7955
9226
8512
8671
9434
7794
7894
9136
8138
9410
8635
7600
8000
8015
7849
8158
7615
7512
8681
7840
8996
7905
8111
7571
7627
8325
9562
8337
7873
7768
9035
8226
21507
9463
8769
7966
8714
8816
7274
7862
9092
9215
8981
9058
8989
8675
9946
7476
7528
8808
8425
8949
7145
7990
9076
7523
116837
7975
7743
7571
8114
9353
9382
8402
9224
8635
7786
7982
8757
8565
8391
8048
7630
7458
8474
9391
8091
7563
8016
9027
7958
9141
7921
9588
7691
7717
7671
7972
7948
7723
8799
8774
7847
9027
8202
7805
7594
8764
7453
7779
7594
9261
7532
8514
8215
7495
7687
7954
8703
9072
8112
8073
8416
7349
8796
7675
7955
8634
8009
9121
7891
7810
8103
9230
7955
8113
8617
7373
7796
8816
8530
8019
10699
9802
8595
9917
9333
8861
9033
8109
9731
7358
9400
8555
7947
8758
7805
9038
7948
9426
8652
7431
8616
7579
8893
8367
8041
8964
8599
8724
7958
10734
8406
7801
9833
9095
9462
8761
9075
8561
8090
8512
8252
8626
8179
9173
7790
8984
7830
8813
8440
8441
10027
8964
8897
8632
9172
8833
8441
8394
9058
9082
8723
9316
9386
8430
9145
9061
8051
8617
9579
8801
8633
7646
8671
10035
8025
7577
9169
7360
8474
8707
8875
8430
7512
7714
8148
8897
8756
8738
15180
7265
8303
7711
7723
10488
8430
8941
7989
8738
7354
7680
8451
9820
8646
7993
8353
8886
8386
8434
8608
8653
8230
8403
8556
10035
8609
9121
8920
8299
8533
7697
8802
9683
7469
8714
8451
10001
8678
7761
8465
8605
8733
7761
8217
8403
8895
8692
8605
7491
8533
8343
9092
7772
9401
8410
8837
7629
8105
8663
8433
8790
7744
7743
7388
8133
9094
8050
8356
10758
7931
9231
8206
9247
9128
7946
8615
9245
7531
9060
9120
8229
8899
7584
7761
8538
8333
8667
8808
9985
7835
8702
8807
8745
8720
8660
9448
9121
8437
8622
8985
8813
8909
8714
8225
8184
8757
8624
8499
9201
8785
9415
8920
8117
9042
8610
7382
8984
7652
9769
9061
9218
8564
7830
8377
7425
8825
9839
9297
93992
8292
8415
7374
11054
9233
8046
7777
7955
9625
7387
9141
8974
8829
8684
8800
8827
7768
8430
8205
9164
9089
11027
8862
7728
9025
10848
9587
8814
7543
9005
7330
8486
9630
8714
9732
7914
9045
8234
8755
8914
8239
8047
8449
7502
7664
9208
7759
10146
8937
8011
8358
7812
9115
8007
8711
9116
8392
7971
8082
7564
8703
9304
8516
8033
8701
8726
7882
10860
8744
7559
8623
8083
8850
9003
7626
8791
8597
8636
8851
9047
9286
8758
8012
9482
7689
7516
7660
8528
8452
7334
8306
7765
9203
8014
9233
8842
7606
8697
9077
7731
7924
8413
8553
8457
9194
7359
8341
8917
9215
8862
8117
7727
8102
7588
7994
8921
7927
7570
9142
7425
8282
9159
7411
9194
7610
9052
7761
9234
8096
8478
9055
9713
8942
8858
7413
8774
7753
9217
7646
9138
8486
7736
8266
8571
8884
7532
7673
8645
8030
7798
7971
8938
7517
8377
8327
7871
9001
7588
8933
8245
8195
9018
9215
9414
7799
7406
8246
7959
7434
7582
9307
8410
7844
9108
8988
9075
7955
8803
7606
8813
7333
8505
7420
7695
8788
7973
8157
9019
8254
9353
8626
9026
7190
7787
8804
10363
8756
8794
8860
7888
7870
8683
8858
9210
8770
7389
8475
8953
9082
7455
9158
8502
9726
8412
7851
8158
8830
8623
7732
8097
7753
8805
9100
8106
8792
8271
7524
8636
7680
8839
8176
8976
8408
8372
7368
8625
8916
9184
8376
7595
7374
8755
9068
8781
7712
8225
8140
7508
8867
8389
8873
9402
7571
8430
8997
9660
8295
8615
8801
8297
8133
8969
8735
8423
9100
8872
8802
8005
8712
8625
8969
8792
7552
8796
8257
8146
8828
7842
8598
7931
8579
7388
7480
8214
8163
8284
7442
8701
7499
8072
8655
7948
98871
9355
8192
7854
9207
8488
9016
8323
8774
8242
7293
8379
7519
9172
8477
8256
8688
7777
9017
8514
9393
7821
8575
9107
8742
8484
7912
7545
8982
7625
9589
10837
9841
9184
8491
7601
7583
7816
7776
8436
8424
10032
8254
8125
8666
7691
8400
8543
9122
8573
8215
7809
7701
8328
8034
9074
9826
8493
8746
8984
8646
7774
9021
9404
8792
9425
7801
8056
7523
8083
9556
8633
8614
7872
8243
7843
9747
7833
8410
9179
9087
8495
8638
7666
8858
8776
8833
8005
8517
8862
8111
7557
7753
7642
7938
10628
7553
7600
8231
7584
9831
7531
8216
8656
7939
7723
8717
9041
9570
8554
8359
7794
9197
8575
9098
8561
8434
8539
8666
8607
8856
7542
8670
9881
8851
7073
9027
7625
7781
8605
8704
9567
7078
8138
8837
8316
8880
9457
8585
7963
8820
8753
8472
8634
9297
8868
8328
10645
7637
9170
8957
9247
7489
8507
7869
9133
8733
9328
7626
10093
7770
8390
13764
9210
8634
7788
7568
8442
8177
8656
8487
8744
7676
7488
7682
7729
8815
8333
8832
7510
7594
8656
8875
9821
8882
8167
7869
9158
8631
7400
8498
7772
8957
7432
8490
8702
9214
8604
7820
8989
8221
7936
8841
9538
8566
7818
9030
8545
7443
10056
9774
8466
8847
8744
7519
7551
8572
9883
9863
7750
8440
7824
9184
10020
7902
8939
8009
9191
8030
7651
8471
8650
8941
7866
8588
9323
9367
7799
8889
8745
7971
8093
8707
8948
9223
8164
8554
8368
8019
8739
9149
9441
9364
8835
7334
7799
8913
8056
8980
9217
8818
7548
8888
8527
8309
8564
7493
7429
7243
7687
8958
8927
8662
8646
7533
8134
7749
8797
8872
8752
7584
8820
7635
8149
8937
8912
8553
9772
8933
7736
7687
8816
7569
104871
9197
8574
8178
7856
8242
8938
9009
8117
8640
8516
8305
8406
7479
8910
8978
9892
8187
7572
8604
8287
8819
7574
9582
7584
9716
7920
8989
8595
8320
7783
9385
9580
8876
9222
8943
7733
8220
7552
8690
9077
8054
7897
7793
7793
8420
9216
8256
8595
7553
8567
7451
10029
7810
7442
8596
7375
8422
11081
8531
8609
8907
8517
9101
8125
9202
9135
8173
9033
8353
10046
8269
8774
8855
9071
10112
8717
8967
8164
9019
9061
9196
9185
9282
9230
7744
9102
7782
8050
10471
7510
8030
8417
7976
8302
7723
9048
7525
8263
8230
9545
9097
9041
9125
7615
8643
7976
9188
8706
8815
8641
7326
8973
8804
8913
9016
9565
8153
7610
9037
8656
8876
9809
9019
9013
7410
8787
9687
8191
8764
8860
14348
8071
8613
8948
8766
8862
8779
10041
7620
7810
9134
8748
8794
8450
8614
7380
8051
9146
7552
8645
8301
9169
9092
8210
8594
8257
9662
7245
8583
7396
8563
8596
8357
9632
8370
7898
8064
8537
8528
8804
8728
7487
8188
8581
7693
8058
7630
8574
8456
9006
9441
9220
9257
7753
8680
7841
8312
8966
9488
9015
7732
8683
7246
9189
8874
8211
8577
8622
8414
8232
8493
8805
7951
8499
9107
8178
8628
7618
9454
9056
8288
10969
7990
7622
8609
9851
8538
7709
8645
7485
8704
9117
8313
9025
9007
7760
9361
8323
8592
8970
8430
9236
7733
8444
7772
7900
8794
8448
7687
9451
9005
8036
9018
8003
8473
8682
8808
8419
8321
11221
8169
8312
7767
8369
9042
8287
8707
9145
9216
7510
7190
7454
7851
9571
7608
9292
7651
8566
8495
8007
9228
8430
9259
8125
7872
8822
8744
8838
8073
8076
8352
8513
8043
8548
7430
8204
7317
8892
8615
8728
8080
9283
89441
8844
9026
7491
7743
8684
9303
8797
7512
7981
8620
9269
8695
8122
8903
9965
10025
8373
7901
9322
7814
9812
9197
9494
8306
7532
8855
10151
8512
8825
8319
8229
8622
8900
8610
9037
7553
8779
8558
8256
8656
8997
8745
8320
8086
8670
7962
9083
9220
9008
7803
9179
8011
8915
9034
8984
8419
8125
8960
8302
7921
8820
8025
8794
8302
9035
8975
9391
8418
8490
8598
7795
8185
8596
9052
8659
9053
8798
8094
8797
8850
9789
8461
9311
8937
11440
8284
8589
8945
8491
10758
8853
7729
8860
8625
7569
8543
8044
7723
8536
9181
8816
8998
9043
8451
8543
8600
7903
7553
9191
8439
8175
7784
8081
8282
8669
9944
9751
8317
9035
8690
7941
9102
8522
8856
7417
7751
9065
8194
8835
8436
8573
8215
7912
8383
8991
8979
8779
9088
9530
7995
9723
8235
9165
8859
8514
7287
8667
8809
11230
7374
8676
8659
7794
8191
9823
8618
8343
7625
8400
8190
8033
8789
8877
8340
7656
8949
8374
7654
8973
8781
9756
7892
8709
7446
7643
9511
7503
8415
7650
8118
9258
8840
8659
9037
8940
7832
9039
8615
8740
8926
7776
8548
7333
8864
8624
7663
9127
8379
9082
8818
7958
7620
8097
8824
8657
8581
7357
8819
8076
7471
8522
9020
11546
7973
9206
7825
8864
9009
8409
8582
9059
9189
8948
7512
7479
8239
7563
7829
9020
7928
8261
8242
7418
7361
7589
7606
7392
9412
9025
7422
8273
7373
7639
10172
10600
8600
8534
9242
7382
9297
9146
8462
7558
8631
8816
7571
9077
9524
7794
8426
8717
8039
8487
7822
7651
9000
8215
7775
9033
8813
7806
8394
7888
7555
8477
7823
12003
8226
8414
8215
7912
9110
7939
8969
10180
7702
7307
8653
8290
9243
8364
9034
82585
8334
8725
7518
8183
18387
7604
8788
8739
9846
7626
7552
7396
7923
8719
8035
7963
8035
10052
9405
8609
8799
8193
9424
7353
9644
7397
8991
8302
7511
7996
7817
7586
7819
9231
8149
8240
7483
8013
8418
8698
9158
7863
7514
8435
7964
8827
7944
10595
8496
8600
8638
9120
9234
7882
8494
9083
7803
7873
7646
9017
7599
9451
8687
8093
7523
8464
8341
7729
7739
7400
8365
9041
8461
7494
7550
8080
8407
8333
7741
9240
9201
7431
7391
8480
7395
8367
8917
8856
8356
8435
9032
7999
8900
7840
8477
8730
8635
8470
7789
9066
8941
8653
8532
8627
8142
7874
7798
7665
7461
7690
8440
9521
7922
8949
8666
8408
9034
7612
8851
8003
8974
8826
8387
8336
7695
7597
8026
7560
7693
7802
8297
7368
8588
8666
9058
8614
7835
8001
8212
8523
7889
8203
8021
8407
7986
7563
9254
8068
7876
9230
8406
7743
8461
8796
7487
7953
8883
7484
8036
8863
8316
8403
9061
8974
8469
8039
8723
9895
8416
8392
8330
7767
8446
7796
9764
9927
7574
8466
8184
8715
8183
7779
8177
9021
8154
8558
7510
7980
7468
7930
10517
9805
8269
8090
7951
9005
9169
7307
8421
8425
9334
7752
9141
8073
7266
8997
7749
8778
7379
9139
7969
7229
7743
8312
8662
7550
9241
9408
8430
7808
8854
8379
8117
8993
8815
7688
7917
8619
9014
8637
8446
8822
8569
9219
8656
7620
8764
9194
8513
9667
8291
8858
7845
7387
7869
8302
8214
9516
8550
7820
8813
8892
7772
7446
8698
8779
7936
8811
10662
8795
7737
7982
8666
8549
8722
9426
7529
7757
7981
8665
8956
8817
7794
8278
7620
8558
8648
8554
8866
7344
7514
8624
7534
8660
8860
8940
8079
9228
8568
9107
7729
7596
121651
9241
9113
9118
7755
7801
8922
8750
7550
8636
8052
11551
7665
8726
7531
7443
7939
7887
8121
8951
8340
7575
7284
8078
8147
8330
7779
9345
8612
7703
8708
7964
9080
8015
9215
8902
7480
8056
7692
7600
8812
7701
7502
7744
9205
7687
9138
7996
8476
8628
8428
9000
8002
9291
8065
9158
8597
7653
8395
8658
8828
9739
7661
7615
8638
7615
8451
9200
8797
7791
7643
8435
8961
7589
8019
11069
8441
7512
7568
8005
7641
8725
8884
8578
9480
7166
8272
7548
9039
7753
7240
8430
8834
8150
8747
8634
7451
7817
8369
8433
8304
7770
8676
7991
7444
7509
7388
9887
8394
7830
8011
8419
7369
7900
8290
7381
8999
8883
8659
7860
8610
8477
9162
7487
8333
7574
8921
8642
8590
8907
7935
9176
7509
9111
7697
10050
8972
8615
8939
9470
8205
8779
9441
8810
8866
8072
7704
8354
8568
9033
8601
8127
8809
8364
8183
9326
8892
8304
7383
7802
8638
9007
8981
7985
9166
7406
8876
8705
7439
9939
9317
7615
8989
8783
8760
7593
9166
9218
8477
8099
8810
8956
8170
8523
8700
8456
8170
7897
8737
8559
9748
9148
7593
7381
8757
8721
8338
8699
11012
9029
8020
9013
10316
10568
7954
9538
8769
8425
8917
8944
7666
9804
8313
8452
7388
8254
8877
8105
9375
8066
8945
7628
7793
8293
9203
8620
8938
8761
8750
9102
8802
7537
8540
8030
8177
9472
7739
8656
7533
8648
8300
8565
8918
8792
8496
8509
8405
8612
10107
8620
9466
8784
7786
8622
7781
8059
8766
7410
8662
8797
8225
7256
8857
8820
8709
9571
7121
10010
8498
8410
8643
8668
8722
8248
7945
8994
8225
8607
9726
8568
7345
8644
8563
9219
8846
7589
8767
7809
7834
9605
7676
8502
7787
108428
21573
9177
7682
8913
8436
9780
8455
8437
8506
8018
9308
8578
8070
9015
7856
8147
8071
8769
8968
9068
7572
8431
8075
8666
7671
8328
7429
7765
8350
8110
8556
9387
8012
8525
7680
7929
8019
8780
7899
8310
7652
8513
8115
9218
8402
8229
10271
8594
9486
7749
7671
8145
7834
8362
7930
8553
7784
9217
8493
10061
8463
8225
8802
7583
8762
9017
9138
9019
8938
8910
8927
8318
7403
8303
9727
8960
8919
8519
8973
8696
8455
9097
8300
8364
8615
9077
9054
8607
8598
7527
8392
7581
8805
7907
8956
8781
7778
7714
7267
8473
9302
10010
8127
8298
8402
8758
7608
9462
9501
8912
7866
7931
8733
9095
9035
9163
8405
9687
8618
8757
9518
9261
8609
8580
8112
8315
8779
8895
8899
9101
8033
8502
7671
8846
9010
9597
8135
9002
7392
8706
9661
8370
9085
8964
8633
7833
8564
8737
8950
8829
7894
9239
8190
8569
8696
8774
8841
8216
9055
8369
8304
8723
9329
8705
8658
10892
8012
8868
7707
9237
8719
8587
8431
10715
8593
8107
8695
8490
8019
7914
8852
8466
8588
7908
8904
7311
7574
9625
8773
8616
8941
8765
8685
8747
8684
9241
8615
9225
8611
8067
9626
9108
10098
9066
8871
9046
7932
8887
8632
9157
8798
8035
8625
7569
8021
8639
8804
9241
8313
9234
8136
8067
8861
7805
8605
7676
8936
8102
9329
11518
7739
8805
7986
8295
7794
7803
9116
8832
9000
7398
9396
8796
8746
8549
8789
8799
9675
9056
9647
7564
9015
7861
8819
7934
8553
8713
8819
8614
8835
8694
8331
8599
8805
8473
8504
9481
8790
9236
9239
8800
8625
8737
9019
7638
7753
7850
7551
7930
9245
7809
7654
7273
8526
8823
8612
9062
7647
8598
8615
8123
8457
9338
66515
11290
8387
7871
8203
9682
8825
7753
8159
8578
8433
7766
7643
7794
10090
8175
7841
7779
8366
7688
10185
8001
7745
9076
8504
8885
7520
9019
7984
9512
9025
8201
9210
8418
8307
8587
8535
8617
7697
8210
9624
7651
9577
8391
7982
8233
7597
9770
9543
7789
7249
9252
7369
7897
7916
8457
9619
8744
7574
7789
8468
7812
8216
8866
7589
11637
9327
9056
7742
8449
8879
8198
8347
9349
9205
7881
8095
7717
8005
8404
9205
9584
8933
8899
8875
8617
9272
7951
8746
8060
8400
8965
7302
9143
8350
8416
8957
8745
9368
9892
7952
8779
9173
8535
9338
7938
7628
8364
8871
7991
7580
7710
8770
9042
8857
9215
8771
7466
7768
8980
9090
8858
8042
7933
8446
8194
7893
8140
8753
9810
7602
7903
8334
7822
9225
9118
9344
10292
7780
7336
7844
8862
8753
7811
7438
9282
7305
7933
9207
9379
8104
8374
7717
7754
7689
9167
8815
7676
7573
8107
8804
8739
7544
9882
7512
8523
7516
9987
8614
7611
8717
7507
8006
8939
7452
7781
8217
8703
7992
7744
8743
8721
9228
8975
8612
8414
8211
8434
8746
8351
9198
8170
8256
10235
9046
8046
7983
8395
8015
8483
7312
8839
9205
8800
9035
7650
8258
7985
7633
7557
8232
8630
8026
7814
8532
8473
7741
7869
8261
7736
8576
8234
8450
8490
9471
9173
7339
8907
7646
7897
8933
8828
7995
7984
7866
8076
8141
7702
7594
7708
7386
9082
8655
8363
8659
9203
8661
7948
7404
8430
7735
8084
10655
7645
7697
8136
7671
9243
8487
7700
8374
7572
9178
8081
7583
9378
7710
8979
8546
8926
10246
8737
8671
7788
8598
7291
7700
9738
8190
8646
8478
7533
8653
8355
8875
8653
9631
8546
8983
8253
8973
8916
8088
121960
8175
8122
7569
8242
7848
9434
8354
11143
8735
7886
8560
9028
8769
8540
8255
8912
7673
8145
8206
7614
9036
7343
8019
7937
8234
8806
9237
10707
8137
7962
8446
9248
8557
7480
8770
8327
8632
8032
8640
9606
8020
8034
7712
9360
7351
8365
8789
8999
8181
8909
7594
8195
8414
8568
7609
9246
7764
9037
8426
8084
7749
8853
8836
8839
9158
7633
9445
8020
10493
8138
7936
8435
8831
8843
8502
8806
8801
7921
8646
7574
7534
9686
7434
8594
7943
9299
9338
9106
7608
7383
7760
9104
9344
8957
7985
8520
9101
7637
7513
7876
9209
9039
8572
8152
8777
8401
8836
7828
9749
7866
7448
7910
8356
8664
7888
7669
8568
7408
9535
8462
8093
9077
7600
7897
8590
8603
8023
9293
9075
17428
9189
8319
8979
8126
8906
8579
19172
8397
7501
9237
8639
7705
7588
15220
7776
7880
10312
8270
8862
8784
9076
9084
7902
7750
7930
10338
8575
9372
8864
7903
9222
7791
8738
7692
7974
7620
7488
8977
9107
7937
9179
8796
8841
8856
8038
9205
8707
8956
7420
7555
7447
7813
7423
7857
8931
8619
9180
8646
8445
8556
9090
8776
8389
8879
8567
9021
8084
8682
8729
8231
7900
8478
8929
9076
7447
8737
9523
7865
8631
7855
8642
8268
9007
7933
8354
8733
8792
8969
9136
9981
8135
9420
8756
8744
8797
8284
7513
8247
7609
9656
9035
8553
7452
8957
8553
9131
9039
7743
8684
7941
8735
7482
7905
9038
9190
8856
8688
9188
8375
7683
10219
8183
9008
7729
8806
9493
8465
8740
9204
8853
8639
9407
8740
7989
8846
7589
9058
8134
9624
8050
7774
8575
8665
8643
9614
8841
8791
8586
9199
9343
8882
7519
8427
10686
8360
9014
8256
8394
7698
8287
7793
8520
9382
9315
8249
8582
10045
7777
7796
8185
8233
8384
7483
7603
9346
8020
9138
8416
7540
7770
8761
11022
7943
8129
9469
8311
7800
8754
8715
9140
9092
9638
7908
8798
7861
7992
8538
8664
9108
15402
7768
9117
9323
8092
7333
9497
8608
9230
8374
8492
9239
8574
8618
7809
8009
7692
7886
11132
8415
9220
9115
9878
9339
7807
9124
7333
8791
8978
8716
9375
8512
9142
8794
8919
7434
7897
9413
8287
9125
8379
8332
7604
8678
8774
8674
9183
8474
8124
10362
8855
7554
8455
8068
8469
8501
8830
8130
8898
7386
7743
8613
9150
9986
8952
7689
7931
9250
8072
9076
8207
7827
8452
8091
8307
8644
7886
8374
10279
8587
8997
8392
10010
7989
7547
9406
8605
7951
8366
8472
7788
8157
8613
7502
8389
7538
9181
8502
8614
7358
8783
8175
8128
8928
9243
7653
8024
8684
8517
8312
7530
9682
9148
9092
9069
7565
7840
8380
9271
8656
8479
7981
8844
9035
8177
7620
9046
7459
9222
8154
8402
7430
8339
8214
7458
8362
7645
8813
7631
10850
7720
8531
8912
9179
7817
7420
8353
8812
8307
8419
8432
7734
7448
7361
7769
7841
7586
8604
8852
8783
7725
9021
8364
8179
8361
9050
8320
8210
8633
8214
8841
7991
7984
8453
7356
8871
9020
8051
8625
8511
7778
8230
8357
7735
7835
7681
9158
8555
7658
7733
8456
9034
8837
8757
8602
7334
8912
7885
9380
7650
9219
8779
8429
8633
8566
8733
8357
7623
9165
8384
9955
9007
8437
7973
8368
7582
7507
7450
8885
7589
7494
8195
9952
8934
9458
9217
8697
8744
8585
7632
7442
8002
7670
8800
7589
7531
9187
8126
7502
9358
8553
8035
8205
8328
8500
8476
8441
8857
8096
8830
8225
9791
8932
7709
8414
159568
9112
8781
7334
7555
8621
9089
9457
10501
8873
8575
9102
8709
8502
8795
7454
7815
7227
8954
11663
7893
9335
7353
7653
8815
8616
8734
10218
7642
8722
7929
7795
7592
8951
7485
9651
8130
8613
8576
8534
7471
7583
8685
8062
8976
8416
7510
9721
8823
8805
8466
8179
8709
7597
8822
8815
8755
7923
8231
8815
9561
8251
7735
8726
8150
9210
8773
8332
8492
8569
8981
8421
7679
10856
8993
8406
8161
8742
7349
8233
8830
8899
7783
10466
8413
8128
8240
9648
7566
8962
8166
9339
8196
7815
8717
9466
8948
7596
8057
8856
7215
8814
8418
8781
8385
8618
9016
8483
8594
9219
9044
8451
8569
8723
8564
8642
9038
8476
7914
8298
8438
8800
8603
8482
8965
7790
7990
9225
7767
8966
7632
8697
7673
8606
9582
8711
8902
8232
8345
8217
8461
8627
8990
8865
7915
8773
8476
11248
7769
8629
7514
8092
8514
7691
7522
8885
8630
9200
7671
9111
8562
8880
8827
9559
9314
8418
9097
8778
8956
8851
8632
9025
7321
7792
8899
9155
8672
9173
10186
7785
8194
8472
9621
9018
7489
8607
7875
8341
8773
7651
9750
9177
8474
8251
8497
8666
8459
8456
11030
9384
8208
8827
9427
8459
9045
7734
8686
8740
7481
8769
8652
10342
8135
8266
7442
8312
9576
8448
8708
8417
8824
8827
8246
8623
9994
8424
7895
9194
8887
9369
8700
9656
9083
7430
7566
7933
9038
9137
9199
7446
7552
9029
9856
9297
8179
8070
9121
7332
8377
7377
9839
8832
7777
7902
8564
8675
8419
8622
7824
9481
8943
9447
9287
8394
8272
8159
8087
8385
8488
8695
7923
7487
8020
8447
9314
9803
7762
8061
9212
8470
9335
9921
7189
8207
7958
7888
9169
8537
8089
8062
8124
8266
9271
89122
7543
8747
7730
9871
8094
8436
8591
8448
7549
7607
8043
8152
9933
9280
7289
8648
9312
7862
9081
9037
8866
8027
8803
7190
8014
7943
8473
8187
7366
7784
8358
7590
8731
9262
8989
7669
7430
9060
8154
9220
7631
9220
7435
8525
8446
10093
9451
8379
8193
8389
10119
7468
7589
8826
9375
7743
8352
9072
7997
7948
8335
7708
9451
7385
7893
8836
17194
8953
10229
7969
7651
8061
7632
7594
8419
7606
9840
7750
9017
7631
7774
9494
8614
8635
8174
7673
8969
7928
7637
8150
8572
9011
8871
8647
8779
9687
7722
8441
8833
7831
8876
8758
8694
8314
7563
8791
8127
8856
8697
8976
7419
7792
9432
9169
9097
8625
8616
7320
8702
8597
8455
9495
8671
8466
7788
8184
8587
8691
8508
8661
8953
8695
7851
9097
8374
9827
7346
8396
7468
8739
9083
8816
8794
8420
8558
7978
8170
8831
9452
8846
8801
8433
8379
9216
8675
8652
8565
8441
8687
8838
8484
8784
8933
9462
7615
7575
18687
9055
8974
8897
9938
9317
9254
10066
7764
9030
9119
8632
8313
7882
9771
9056
8619
8979
8600
7331
8635
8553
8731
8109
8714
8517
8066
8264
8584
8922
8933
8727
8894
8560
10134
8784
9821
9215
11586
9380
7691
9497
9476
9217
9189
8298
8932
7382
8381
9379
8497
7911
7770
9120
7895
9100
7902
9262
9198
8450
8809
7872
9024
8278
8699
8066
7875
8797
7820
7926
7718
10461
8657
8583
7989
8024
7743
7459
8251
8317
8853
8588
8044
7753
8150
8949
9209
8211
9117
9067
8044
8816
7574
10120
7676
8389
7482
7628
8971
8815
8921
9151
9706
7912
9459
8757
8405
9139
7709
7536
8618
9012
8215
8391
8056
7823
8615
8801
8192
8453
8551
8457
8184
8192
8746
8810
78172
8769
8699
8201
8374
8583
7815
8507
8577
10543
7574
7720
8681
7962
7609
7994
7578
8504
8533
8211
8948
8547
7795
8976
7461
7625
8455
8194
8764
8149
8188
8232
8418
8389
8093
7723
8644
7758
7820
9207
7652
8954
8493
8824
8109
9010
8534
8957
9213
9412
7430
9245
7541
8858
8506
8492
9128
8425
8832
7611
8655
8840
8461
8242
7979
9113
8604
9763
8673
8011
8650
8505
7606
11538
9738
8569
8676
7974
8331
9159
8594
9822
8756
7550
8107
7298
9268
8573
8585
10378
8313
8071
8739
9164
8719
8257
8743
9097
8192
8389
8397
9446
8392
8535
9705
7959
8777
8102
8598
9610
8758
7294
8051
8496
9287
8350
8605
8276
7350
8032
8143
9450
9256
8600
8379
7281
7725
8302
8327
8724
8548
9385
8015
7594
8898
8537
8235
9924
8759
8125
8124
8118
8579
8054
8884
7473
8860
7748
8222
9106
8340
8407
8455
8250
8852
8261
8897
8706
7676
7861
8213
8517
8024
9134
7611
7292
8282
8442
10080
7763
7738
7417
7752
9154
9056
7950
9291
9485
9217
7904
9358
11111
8794
9235
9160
9158
8418
8246
7503
8767
9148
11269
9070
7570
7777
9521
11119
7447
7960
9116
7487
10147
9394
8606
9208
7425
8154
7630
9199
9437
8820
8363
8215
7530
8345
8367
8641
7571
8686
7961
8606
10119
8259
8646
8619
8748
7769
7471
9199
8395
9870
8659
9824
9211
8300
8240
9009
9775
9092
8594
8381
8531
8820
9057
7567
7610
7502
8274
9011
8220
9046
8964
9460
8594
7954
8537
8153
8820
8841
7629
8373
8213
7417
9207
9464
9745
7461
8235
7728
9783
8819
8175
8600
8470
9429
7989
8366
10044
8719
8529
8594
9221
8487
9367
8627
8475
8677
7256
8974
8625
8610
8330
8632
93807
9333
9005
7507
8980
7971
8622
7912
7671
8215
7829
7753
7712
8288
9776
8631
8666
7931
9042
8753
8895
8235
7733
8441
8174
8965
8895
8331
7897
7612
7739
7500
8425
7964
8631
7813
7902
7630
8354
7857
8133
8500
7895
7842
8804
7996
8815
7348
8590
7998
8230
7593
8215
8742
7734
8357
7924
8112
7948
7871
8241
8128
7848
9016
7830
9370
8912
7969
9342
8437
8661
8315
8336
8061
7833
7936
8224
7594
7251
9036
9907
8554
8996
7449
9176
8193
8463
8820
7893
8243
8391
8112
8051
8210
8024
7995
8054
8389
7971
7965
9546
8635
10806
8209
8108
9206
8664
9087
7933
8591
8018
8573
9649
8404
8310
8160
9000
9064
8455
8425
8251
9400
7752
7606
10062
7532
8979
8234
9204
7972
8036
8383
9059
9461
7781
8579
8172
8309
8312
7225
8574
8026
8416
9219
7699
8135
8280
8779
8235
8558
8404
8461
8699
8304
8394
8978
8237
8205
7446
7706
8235
8500
8158
8469
11006
9633
9379
8063
8819
8241
7943
8013
9296
8506
8415
8251
8223
8391
8114
7292
9302
8035
8334
7931
8189
8974
7871
8594
8785
8024
8159
7264
10078
8386
8619
8077
8902
7895
7682
9261
7699
9117
8169
8538
7990
8457
7855
7979
8120
8061
8441
8774
7830
7783
7909
8561
8097
9115
9128
8553
8458
8042
8256
7992
8727
8102
7553
8407
10924
9128
8184
8414
8230
7856
8866
8071
9000
8251
8605
8385
8393
8994
7958
7716
7961
7810
8749
7444
8252
9348
9044
8994
7411
8246
8456
11422
8022
8149
8610
7202
8579
7559
8829
8477
7986
8620
7590
8205
9228
7993
15984
8804
9157
8282
7877
9861
8235
8945
8534
8074
8430
9105
7526
7912
8117
9064
8297
8693
9191
8059
8382
7705
10399
129336
11142
8601
8193
8849
8427
9590
8261
7543
8185
8467
8591
8959
8436
9560
8003
7935
8395
7855
8568
8713
8734
7387
8446
8317
9458
8461
9213
8553
8391
9128
9393
8963
9879
8652
9567
7259
8234
8556
8794
9027
9181
8887
8225
7704
9097
7503
8881
8931
9218
7425
9842
7805
8816
9046
9448
8617
7446
8378
8925
8730
8696
8379
9880
8787
8365
9297
9075
8742
10979
8969
7659
8999
8617
9181
8860
7368
8379
7591
8733
8805
8861
8602
8492
9107
7436
8815
8904
9351
7495
8483
8901
7389
8812
10121
7938
8651
7543
8002
9497
9218
7521
9681
9202
8200
8527
8764
8498
8500
8928
8822
7390
7552
8856
9820
8712
8596
9017
7720
8615
8256
8337
8742
8830
8932
8432
7975
11149
7774
8318
8433
8683
8449
8530
15828
8837
8410
10861
9100
8341
8292
8497
8418
8823
7898
9250
7279
8794
8969
8470
8882
8069
9186
8075
7981
8853
9112
9138
8499
7659
8643
7895
9477
8577
7774
8235
8553
9058
9198
9531
8566
8690
8479
8470
8764
8439
8917
8292
8911
8699
7906
8768
8596
8617
10078
8766
7487
8979
8440
8800
9456
11411
7410
7285
8536
8888
9044
8949
8800
9005
7794
9412
8093
8992
8663
10904
8772
8535
9396
9587
7566
9156
8063
9307
8276
8736
8992
7605
8735
9183
7901
8022
8933
8103
9215
8673
7636
8532
7133
8463
8902
9546
8133
7265
8137
8666
7281
8939
7507
8216
8405
8264
9413
9892
8154
7610
8756
8472
8457
8676
9018
8052
9267
7682
7323
9372
8723
9127
7922
9580
7813
8198
8789
8864
8955
8004
7462
9218
8370
9116
8543
9000
7419
8143
8886
7953
7447
8157
7437
9459
8749
8029
7952
10042
7502
8113
8474
8812
9255
7930
8087
7507
8551
68706
7930
7824
8598
9045
9017
7999
8576
7870
7932
7720
8086
8855
9140
8222
7570
9017
8486
8528
8516
8701
9173
7486
8135
9259
8933
11386
8219
8406
8638
8174
9140
9168
9066
8661
8818
8378
8002
7662
8875
8733
8879
9085
8183
8794
8625
8711
8632
8494
9622
7366
9092
8482
9224
8899
8771
8573
7599
8826
9261
8799
8798
9056
8620
7725
8101
8996
8635
8770
7471
9196
8303
8358
8519
8014
8782
8025
7940
7928
8722
9456
7584
9123
7343
9680
9499
9033
9591
8555
8767
8806
7569
8755
8497
8625
8940
7692
8174
8454
8675
8931
8882
8235
8594
8092
7697
8451
8903
9159
9005
8856
8717
9120
8581
8835
9082
9397
9020
7353
7914
9143
8931
8517
8748
8888
7736
9225
8400
9216
8717
10599
9126
7374
8523
8495
8613
8555
7755
8623
8770
7769
8310
9013
8611
7916
8732
8282
8614
8702
8612
8586
9584
8104
7684
10701
7820
8133
8729
7314
8498
9524
8562
8679
18515
8326
8727
7851
8731
8730
8608
9001
9050
7389
8435
8871
9949
8692
7489
8625
8000
8353
8731
8758
8757
9727
8839
8142
7842
9177
8789
9761
8706
8741
8172
8198
8748
9940
8743
8856
9177
8435
8902
8963
8861
8877
7870
8092
7353
9024
7529
7635
9068
8567
8885
7332
8053
7708
7564
11015
9957
8164
7890
8995
8547
9065
7614
8510
8532
7374
9197
9138
8976
8968
7799
7984
7471
9093
8959
8256
9034
8517
8456
7438
7590
7638
8098
8837
7779
8714
10117
9085
8933
9087
8554
7935
8871
8948
7540
7813
9284
9149
8213
8209
8997
9048
9317
7769
8848
7969
7533
7471
8833
8109
7846
9042
7288
8502
7950
9082
9144
8094
8594
11909
9220
7742
7534
8634
8391
9101
9040
8047
8342
7922
78408
8207
8985
7394
7774
8778
9164
7581
8353
8486
8525
9302
8523
9157
8517
8809
7710
7316
9154
9160
9358
9137
8632
8011
7649
8174
8020
8720
8247
7745
9261
9001
8110
8096
8143
9241
8617
9040
7589
9115
7791
7587
7810
8828
7710
8661
8092
8633
8978
8104
7735
8896
8027
11275
8259
7795
7772
7387
8161
7589
8958
8576
8157
8921
7697
8631
9149
7963
7455
8029
8119
8205
9015
9087
8592
7699
7461
9847
8185
9237
8116
7467
8043
8384
9439
8941
7954
8129
9085
8432
8011
9259
8418
7814
8105
7889
7543
8639
7600
7603
8908
8812
7629
8281
8594
7731
7692
8688
8548
8350
8443
8173
8445
8214
7790
8254
11016
9953
7892
7620
8350
7630
8152
7343
7883
8805
8162
7970
7811
9061
8552
8438
7656
7788
7641
9116
8291
8613
8964
8115
9099
8259
7733
8769
8230
7987
8608
8602
8699
8846
8394
7643
8223
7451
8825
8624
8457
10572
7876
8514
7992
8100
9271
8507
9039
7769
9236
7803
7657
8051
9005
7475
7497
8512
7671
9131
8170
8320
8020
8075
7902
9623
7668
9497
7640
9020
8420
8076
9317
9121
8658
8046
8312
8602
9242
8156
8679
7788
7516
9164
7794
7777
7613
8599
8177
8616
8845
7550
8558
7586
8490
8025
8492
9647
8037
8431
7771
7641
7984
7213
8920
8897
9307
7522
8895
7869
8397
8905
7540
9107
8444
7508
8420
7976
8312
7996
8939
8692
8813
9175
8165
9970
8937
9051
7729
9485
8976
8010
8729
7822
7790
8049
7973
8560
7599
7588
8902
7620
7710
8030
7781
10332
7712
9207
9209
7815
8213
8283
8227
8515
8744
9046
8144
7384
7625
7413
8456
8015
7549
8426
7597
9019
9831
8153
8116
8997
7723
8512
9258
7994
8732
8236
10921
142113
8800
8994
8271
8183
7503
9218
8189
8297
8034
7360
7955
7546
7892
8337
7811
11227
8859
9078
7850
8066
7481
8547
7622
8272
9248
8333
9141
9022
8700
9227
8005
9179
8728
7640
8732
7261
7917
7912
8934
8646
7983
8825
8192
9374
7867
7718
9355
9211
7897
7605
7969
8103
9250
7938
8288
8574
8243
7929
8633
8201
8048
8574
8396
7728
9138
8336
7732
9292
8730
8686
8939
9145
9215
9035
7937
8787
8403
8704
8304
11034
8685
7902
7416
8486
8205
8501
7573
9320
9438
8081
9584
8415
7619
8198
7800
8553
7325
8938
10061
9116
7660
8760
8985
8016
9138
8955
7596
7699
8157
8736
8305
8594
8786
9197
8973
9811
8497
8701
8928
10068
9021
8722
10409
8757
7647
8627
8629
9188
8660
8411
9170
7622
8293
8514
9198
9158
7529
9651
8529
8328
8519
8383
8405
10015
8885
8225
8925
8608
8631
8628
7816
8133
8907
7892
8605
7591
8736
8997
9041
8946
7593
8128
7610
8883
8154
8010
7473
9026
7551
8938
8536
7665
7584
8614
9112
8832
8461
9009
8033
10125
8690
9025
8411
9240
8591
8501
9015
8619
7939
8882
14867
8458
7437
8751
8672
8552
9600
7613
8856
7727
8451
8400
8830
8677
8351
8841
8364
10078
9017
8411
8623
8296
8664
8888
7844
8843
8414
9484
7999
8435
8360
8403
8511
7546
8814
8411
9242
8829
9403
8312
8608
8585
7940
9361
9094
8740
8774
8873
10046
7808
7792
8861
8590
8988
8821
8767
7697
8938
8805
8928
7887
9122
8392
8411
7796
8922
8691
8967
7511
8146
7522
8617
8813
7621
8774
8419
9277
8249
8639
9029
8335
11606
7684
8797
8230
8237
8543
7794
8866
8847
8247
8827
8895
8555
7513
8769
8235
7665
8460
8452
7751
7651
95317
8392
8594
8255
7965
8078
7577
8794
8458
8901
10297
8538
9102
7692
8832
8470
8921
7482
8753
8170
8438
8251
8961
7975
8026
7478
9453
8620
9000
7773
8123
10016
8579
8186
9036
8728
8630
8254
7964
9716
7957
9382
8013
10689
8796
8147
8338
8218
8247
8485
7727
8832
7790
8592
8046
7635
7569
8441
8154
7682
8915
9287
8160
7979
7734
7787
8881
7993
7840
7527
8769
8295
7787
7993
9078
9090
8225
7809
8276
8924
8692
8510
8903
8177
7850
7899
7876
8783
7597
7933
7853
7536
8458
8575
8060
9130
7566
8508
7991
8257
7812
8490
9258
9681
7715
7791
7812
8733
8055
9122
8262
7839
8445
8320
7857
9256
11469
8568
7384
8333
8718
8123
8053
7707
8960
8134
7569
9381
9231
8892
9175
8598
8241
7671
8828
8076
7610
7912
9375
8211
8353
7882
7765
8440
7834
8546
8845
9066
9230
8825
8638
7567
8605
8632
8095
8629
10287
9255
7788
8411
8763
8486
9027
8243
10166
8056
8218
8618
9092
8006
9340
11215
8312
8859
7949
7585
8179
7694
8189
7338
9468
7912
7858
8498
7283
7650
8019
8908
8623
9254
8358
8712
9046
8716
7820
8194
7817
8011
8021
8166
8272
9116
7447
7968
9445
8107
8823
8032
8263
8096
8953
7745
7946
7631
8578
8905
10138
8898
8222
8558
9201
7871
8684
8762
9241
8557
8391
8101
8041
7710
8018
8556
8527
8052
8183
19401
10092
9276
9245
7794
7815
8079
8518
8823
9522
11459
8959
9074
8271
8749
7917
7975
8641
8551
8431
9124
7697
7881
8604
7779
8472
8136
8077
8545
7572
8116
9752
9320
7278
7673
8597
9297
7994
7610
8354
9105
8082
8453
8123
9702
8431
9159
8806
8385
9102
8979
8799
8511
7933
8606
8136
9328
9924
104917
8553
9036
7860
8304
7464
10981
9558
7876
7849
8415
7767
7499
9161
8581
8249
9135
7247
7530
9360
8054
8021
8475
8453
8117
7696
9740
8293
7994
8446
9564
8886
8396
8212
8492
7811
8170
7993
9447
8094
9028
8295
8337
8936
8248
7621
8417
7891
7512
9184
7811
8850
7443
9235
8963
11910
7864
8507
8863
8985
7929
8988
7836
8681
8657
7997
7841
7762
7369
7614
10260
8332
9743
8400
8052
8302
8605
8703
7432
8093
9312
8739
7692
9394
8424
7929
8294
7829
9091
8397
7841
7473
7663
10654
8805
7774
7983
7950
8795
8717
8715
8672
9205
8755
8651
8042
8663
9251
7593
7734
9860
7928
7930
7933
8158
7802
10043
7780
7685
8337
9193
8108
9179
8774
9048
7813
7615
8180
8882
9220
8147
9226
7635
8514
11220
8179
7781
8599
8204
8653
9255
7702
9355
7659
7593
8538
8048
9015
7769
9092
7694
8473
8369
10854
8921
8919
9058
8769
8246
8996
9616
8870
9097
8117
7370
8731
9107
8258
7465
8035
9121
8883
8419
8509
8584
8193
8539
9071
8300
8576
8984
7995
9160
9219
8758
7991
8686
8538
9603
8693
7712
7809
8415
7684
8941
7818
9352
8860
10557
9112
7806
9058
7635
8169
7524
7858
8404
8061
8645
7574
9275
8815
7801
9082
8064
9307
7819
8150
8667
7515
7866
7791
7800
8637
8066
7668
7416
8117
7386
10105
8559
8030
9048
8271
8679
8068
8520
8146
9035
7538
7904
8093
9405
7705
7990
8323
7648
7479
7950
9266
7769
8457
8792
8331
7497
9177
9082
9017
8636
7773
7997
7602
10082
8125
7709
7773
7330
8737
7743
9108
8146
7691
9364
7593
8232
7959
8837
7856
9216
7652
7585
7988
8943
9343
8594
7572
7409
8398
8347
8060
8539
8580
7959
130100
10174
9429
7769
8734
8539
7862
7865
8673
8379
8329
8820
8205
8272
8034
7548
8774
7448
9497
7831
7705
8058
7384
8193
8008
8401
8119
8125
7947
9072
9959
7999
7834
9458
8466
8104
8035
9264
7970
8495
8098
8848
8712
8229
8292
7943
8307
7815
7766
8964
8214
9019
8064
7814
8008
8646
7976
7611
8514
8057
8114
7812
8961
8748
7861
9055
7638
10008
8025
8302
9170
8953
8288
8153
8859
8073
7479
7813
8809
8509
8085
8119
7973
8257
8835
7784
8598
9418
8396
8232
8454
8412
8855
8358
7830
8297
7841
11323
8773
8173
8238
8878
7871
8069
7734
8768
8144
8635
8194
8150
7987
8490
9368
9255
8779
8092
7266
7717
8057
7774
9004
7778
8019
7453
8922
7616
7926
7998
8278
8164
8992
8537
7658
8971
8000
8608
7992
7576
9275
8162
8293
8052
21387
8061
8200
8549
7969
9138
8164
8028
7871
7960
7887
8221
8148
8125
7977
7940
7847
7512
8078
11230
8967
8587
7987
8587
8660
8241
7968
9522
18538
8361
8171
9037
9149
8326
8230
8092
8418
8294
8772
8016
8473
8165
10013
8118
7496
7758
8257
8612
7880
8235
8678
8323
8447
8165
8190
8043
7369
9221
7793
8958
8310
8407
8005
8309
8090
8699
8818
7862
8802
8064
7919
7514
8020
7871
8185
9900
8374
8136
8347
9037
7664
8004
8871
12051
8730
8848
8038
8175
8214
8364
8169
8261
7970
8471
8377
7851
8174
8256
8108
9257
8488
8276
8177
8783
8337
8689
8294
8275
8189
9181
7651
9011
7759
7620
9051
9361
8166
8272
7332
8555
8248
8092
8700
8030
7736
9116
8010
8143
7878
8244
8116
8466
8497
8364
8289
8261
8379
8237
7602
8806
7501
8435
8113
8429
8014
7446
7780
11309
8603
8271
8147
113575
8724
7790
7373
7876
8646
9442
7854
7615
7503
8569
7793
8491
7757
8840
8625
7749
7391
8373
7902
8461
8615
8400
8323
8011
8616
8308
8558
8774
7976
9208
7897
9450
8392
9280
9020
7974
8820
9890
8022
7692
8271
8113
8670
8798
9423
9186
8705
9916
8980
7976
9222
7461
8777
9041
8033
8212
8623
9261
7512
12146
7772
7695
7565
8430
7623
8546
9079
8020
8654
8609
7703
8648
9239
8297
9246
8079
9200
7460
8475
8217
8402
7574
8376
7480
8256
9092
7911
8337
8038
8332
9711
9037
9974
7494
9136
8836
8067
9079
7740
7807
8323
8861
8697
7971
7577
8329
8051
9081
8213
8194
7591
8189
9065
7532
7652
8420
8953
8200
7609
8420
9210
8369
8516
11015
7596
9294
7971
8394
8726
8394
8284
7931
7969
7410
7892
9235
8519
9171
9088
8205
9044
9581
9135
8108
7659
8871
8221
7414
8733
9023
8431
9137
9131
8544
10058
8454
8554
8626
9207
8755
9205
8547
9008
8827
8549
9708
8857
7634
8830
7906
9120
7482
9209
7689
8420
9005
10713
7697
7594
9870
9617
8891
9064
8097
9006
7501
7613
10368
9058
8763
7361
8385
7789
8005
8445
8138
8692
7580
8386
7230
8315
8698
8938
8550
8456
8200
8396
7752
8554
8314
8620
8029
9998
8387
9055
8517
8353
9024
9221
8555
7586
7629
8898
9011
8719
7430
8722
8747
7730
8595
8381
8822
8015
8193
8723
7774
8280
9535
9082
8623
7769
9738
10062
8224
7491
8401
7690
9085
9954
8257
8632
7933
9275
8417
7554
8677
7733
8793
8131
9046
9559
8412
8767
9194
8738
8999
8021
8595
7471
8621
7754
8589
8688
9071
8928
7935
8820
7785
8594
7411
8097
8887
7709
8708
8483
8861
8004
8459
7386
7747
9433
8420
108289
7816
7668
8349
8999
9036
8886
8415
7668
8113
8222
7618
9288
8815
7569
8022
7612
7592
8138
8433
7730
7631
7938
10970
8061
9070
8890
9107
8488
7331
8783
8083
8149
8201
7810
8592
8656
7830
7595
9160
8201
8433
7751
8335
9061
7707
8699
8337
9141
7777
8034
8609
8069
9073
7661
11379
7843
8696
8015
8450
8782
8341
9632
7931
8103
9247
7519
9053
8543
7796
8816
7651
8216
8424
7676
7651
7317
8370
8852
9259
8272
8369
8705
9480
8010
9269
7971
10712
8898
8329
8472
8291
8626
9279
8808
9548
8018
7665
9247
7531
8823
7779
8672
7984
8981
8201
8377
9490
8957
7497
7589
7710
9093
7613
8435
8585
9476
8506
7917
9269
9481
8179
9441
7851
7531
8577
8116
7534
8562
8894
8620
7604
7912
8272
9138
8469
8372
7753
7507
7609
9167
8055
8496
8056
7793
8396
7441
8125
8406
8182
9169
10182
7907
7894
8589
7875
10180
7612
7328
7647
7512
9029
7622
8338
8126
7532
7549
7664
8543
7707
7614
7649
8030
7602
8360
8209
8821
8516
8143
8420
8475
8954
7521
8820
8817
8789
7491
8837
7497
8636
7728
7392
8409
7861
8382
9048
9097
9160
8616
8933
8781
7473
8942
8335
8969
8131
9079
8982
8362
8668
8600
9505
7897
7828
8348
11569
7526
9076
8415
8480
7825
8528
8040
8698
8750
8695
7640
9698
8523
7453
8775
9279
8598
8008
8635
8826
9059
8982
8429
7640
8276
7932
8535
8956
8610
8191
9522
8775
9215
8599
9485
8582
7632
9584
7330
7640
8466
8677
8712
8322
8781
8845
8127
8693
9136
7626
7671
9018
8982
8262
9035
9678
8789
8153
8456
8908
8027
8528
9121
9847
7579
8610
8545
8555
8755
8861
8815
8409
7554
8676
8691
8841
7983
115826
7781
8347
8092
7721
9191
7743
8378
7953
8617
8720
7631
7994
8873
9437
8363
8463
8795
7579
8515
7936
9138
7327
7770
8888
7579
8762
9423
9360
8026
9302
8193
8166
8472
9380
8247
8572
8256
8721
7613
8394
9142
8134
8061
8687
8212
8888
8481
8610
8815
10678
7517
8337
9217
8413
7723
7794
7523
10605
7484
8620
8235
8635
8538
7418
7554
8579
7779
7457
7389
7905
7972
7612
8711
9232
8071
8230
7564
8053
8173
8395
8674
8594
7372
8445
7369
8276
7542
9794
8118
8254
8153
7864
8437
8625
8458
8574
7993
9019
7910
8509
8360
7504
7479
9501
8034
8595
7872
7909
7635
8717
8414
8798
7590
11251
8839
7393
8500
8601
8720
8389
7770
7871
8383
7892
7311
7747
9012
8757
7781
7892
8061
8416
7614
7629
8415
9559
7733
9199
7838
9469
7576
8808
8443
8430
9969
8882
7967
7732
8833
8412
8320
9101
7490
8205
9740
8248
8788
7446
9006
9220
7638
8014
8164
8897
7835
9046
8117
8997
9154
7768
7942
7679
7652
9147
7841
8444
7734
9546
7774
8856
8090
7907
7929
8016
8715
7934
8088
8298
7500
8067
7738
7950
8239
9288
7994
8240
8740
7168
8260
7856
8635
9378
7738
7964
7647
8423
9564
8441
8728
9061
8452
8371
8294
8384
8471
8000
8571
9483
8615
7689
8917
8816
7952
7579
8825
8651
9007
7781
9102
7617
7309
7800
8427
8962
8858
7835
7980
8096
8926
9186
7764
10972
8169
7446
7398
9020
8514
7529
8393
7744
9241
7835
7735
8235
9040
8363
8071
9076
8991
8283
9690
9138
8555
8637
8926
8637
8474
7964
9047
9069
8848
9238
9555
8847
8292
7482
7592
7986
8497
7931
7385
7894
9201
8015
7941
8020
8094
8949
7853
10010
8016
8396
146838
8172
8225
7831
7894
7795
8076
7438
8331
8638
7995
8517
8787
11278
9007
8575
8363
7891
9518
7964
8997
9191
8246
8384
7955
8876
9600
8134
7973
9666
8515
8263
7581
8286
8970
8434
9401
8337
8982
8071
7994
8137
8464
7578
7460
8256
8718
8504
9378
9505
8156
9226
13223
8466
8879
8000
8614
7867
9904
9163
8877
9343
7814
8011
7822
9239
8643
8717
8800
8610
9358
7940
7819
8679
9140
9648
8328
10069
7271
9390
7911
8636
9420
7391
8194
8109
9319
9139
8974
8842
7951
8969
8668
8945
8606
7527
8522
8575
9165
9078
8717
8800
8651
9077
7386
9370
8264
9253
9148
8283
8978
8391
8811
7633
8527
8836
9054
8937
9297
8632
8955
9294
8399
8497
7935
8174
7508
7414
8319
8596
8202
8384
8143
9417
8825
9828
9301
8114
7435
8541
8081
12364
8347
7678
8409
8045
8757
8948
8905
8195
8876
7731
8638
8488
8395
8820
8436
8820
7739
7822
7401
9258
8984
7427
9162
8826
8522
7403
7905
7402
9175
7512
7557
8917
8944
9157
8925
8959
7363
8020
8946
8514
7491
9048
7779
9121
7288
8324
8385
9337
9649
8191
9645
8030
10041
7511
8071
9133
8297
8519
8028
8308
7678
7507
7453
10846
7810
7358
8999
9173
7724
8600
7353
8203
9144
8964
9127
7511
7896
8236
9161
8317
9131
9206
8793
8869
8456
9156
8996
7621
11912
10229
9813
7655
7928
9102
8523
8170
7869
9217
7421
7815
8625
8767
9074
10296
8756
8333
8197
9200
8739
8641
7725
7573
9598
8317
8646
8382
9425
8270
7526
8357
8098
8671
8794
7582
8289
8330
8584
9927
7660
9234
7538
7675
9078
9212
9853
8857
8138
7896
7914
9076
7727
8913
8892
9574
8578
7901
8374
7421
7748
8042
8976
86521
7927
9087
7275
7522
8218
9767
9117
7910
8038
9264
8764
8051
9989
7569
8302
8579
7945
8651
8559
8861
9651
8673
7729
8283
8135
8562
8493
7499
7663
8534
7991
8543
9172
9487
8189
7889
8599
7512
9030
11394
10141
9184
7999
7873
8296
8890
8214
9629
7632
8241
8518
9223
8311
7487
7999
7833
7341
8431
8076
8972
8441
8075
9740
7723
7982
7889
8570
8677
7330
8120
8544
7680
7888
8173
8503
8135
7909
8564
7860
8646
8876
9130
8305
8512
9427
7834
8631
7763
7620
8415
8297
9354
7904
10129
7909
8736
8558
9196
8218
9724
8292
8066
7794
9610
8237
8056
7720
8494
9976
9251
8537
7895
8094
8895
8938
8179
9052
7789
8502
8820
9179
7948
7761
9551
8076
7750
8184
7582
8397
7301
7601
7774
9449
8789
7667
8726
7260
8026
8389
9442
9184
7780
8278
8028
9225
8299
8565
7595
8430
9394
7494
8069
8435
8253
9259
8699
9104
8215
8584
7620
8158
8958
8193
8104
8096
8528
7569
9981
8134
9458
8944
7605
7410
8254
7544
7471
7571
9369
9277
8649
8109
8320
9083
8415
8272
8143
8064
7479
7835
7972
7629
8748
7395
7654
7735
8117
8553
8101
10190
10046
8542
8482
8648
8659
7597
8407
7854
7805
8884
8217
8514
9426
8825
8020
7984
9058
8630
8598
7982
8916
8226
7607
8004
8200
8796
8045
7631
8976
8379
8682
9262
10184
8595
9190
8022
9058
9182
7712
10056
9839
9052
8102
9126
8366
9153
7724
7399
7769
7949
8736
8811
7887
7704
7701
7483
7696
7507
9143
8471
9132
9035
8837
8012
7856
8194
7338
7979
7717
8256
7492
7578
8747
8502
9829
8134
8848
7694
8000
7916
7825
7717
8213
7687
7788
11369
7694
7363
8476
8182
8363
8179
7342
139440
7246
9050
10928
7756
8582
7984
8469
7830
8615
8370
8462
9257
8571
7686
10605
8795
8826
8412
8701
8273
8020
8082
8059
8616
9264
8682
8336
8777
7477
7579
8531
8818
9602
9112
8739
7974
8656
8564
8150
9776
7631
9276
7760
8384
8697
7502
8537
9225
9564
8592
9151
9140
8817
8841
7353
8140
7353
8389
7877
8188
8768
9471
8956
7913
7936
8634
11457
7430
8689
10035
8115
9157
8889
7791
8093
8333
7482
7250
9466
8788
8166
8844
7791
7810
8589
8984
8434
8635
7640
8476
7690
7974
8723
8948
7807
8536
8577
9117
8792
9049
7580
8430
7600
8753
9107
8559
7953
7830
10249
7814
8092
9169
8404
8286
9000
8686
8441
8063
9168
8820
8630
8008
8114
9108
7298
8045
7662
7517
7420
8502
10777
7169
9197
7529
7502
7996
7913
9046
8261
8804
8719
9030
7487
7381
8518
9108
8842
7767
8961
9017
8616
8832
8121
8697
7913
8882
8984
7659
8626
9718
8719
9112
8774
8601
8396
8523
8980
8977
9304
8135
7498
8201
9102
8210
7651
7917
7353
7749
7673
7789
7753
9198
7553
7630
7807
8798
8189
8055
9153
7470
7629
8812
8787
8169
10975
8036
7613
7374
8859
8033
8437
7755
8843
9006
9135
8223
8054
9095
8318
7532
7650
8415
9008
7615
7599
9008
8943
7800
8491
9017
9135
9255
7592
9274
8119
9775
9148
7594
8286
9009
8412
7512
8320
10116
7789
8987
8141
8570
8092
8447
7669
7511
8634
9459
8630
8721
7733
8557
8983
8610
8875
8130
9653
8206
8949
7792
7695
7486
11005
8911
7954
8835
8148
9130
8134
8625
7432
8088
9055
7534
9654
7476
7600
8139
7895
8948
8662
9231
11976
7964
8512
7742
7637
7556
7663
9191
8431
9042
7591
8895
7739
8533
120487
8431
8947
7675
8321
7529
9115
9192
8530
8837
8677
7814
8153
8699
9124
8168
8625
8207
7701
7833
9263
7630
7435
8595
8613
7553
8333
9111
7788
8283
8821
7471
8343
8638
8169
8241
8019
7912
9069
8009
7783
7629
7572
9503
8398
7404
9274
7761
8138
7880
8469
8075
8077
8914
7774
7388
7892
8355
7978
9022
9463
9896
8394
9377
8446
7948
7459
17815
9612
8478
8499
7701
9176
8665
8480
7467
8361
8291
9188
7532
8884
10008
9087
8186
9280
8353
8339
8428
8672
8541
7873
7573
8590
8884
11031
7529
8814
7610
9751
8311
7599
8055
7733
8375
7611
8431
9382
8893
7722
11127
10230
7369
9493
9176
7980
8829
7747
8263
7724
8212
8669
9022
8593
8535
9277
8051
8101
9876
7611
8598
7354
8470
7548
8016
8802
8840
8213
8891
9359
8638
8696
8539
8389
8478
7942
8572
8449
8532
8651
8572
8739
7924
9349
8367
8716
8508
8548
9020
11703
8569
8564
8683
9844
8357
9075
8709
8815
8419
8667
8647
8354
8477
8386
7618
7495
9136
9517
7573
8713
7702
9207
8839
8412
8735
7970
8065
7709
9815
8707
9302
8517
7608
7918
7480
8375
9022
16265
8317
8343
8435
8813
8830
9009
8943
7897
8044
7912
9289
8956
8502
8555
8000
8857
8130
7973
9221
9014
8825
7662
7423
8569
8113
10557
8054
7502
8106
7695
8938
7462
8955
8981
7464
10060
8425
7563
8245
7642
7484
11936
8355
8600
8165
8442
9241
8959
7938
8575
7639
8342
8740
9211
8414
7672
8028
7544
7985
8816
7968
8032
8990
8635
8523
9167
7566
8997
8528
7985
7642
7471
7714
8224
9015
8476
7610
7908
7394
8354
8101
7485
9159
7725
8635
9092
8979
7830
8847
11321
9380
8353
8855
8346
7543
8318
98573
8116
8873
8625
8980
8031
8655
9348
8714
9220
8364
8330
7943
8201
7855
8033
8481
7830
8279
7890
7735
10072
8379
7774
8467
9410
7829
7953
8405
8010
8603
8270
8653
8353
7971
7529
8125
9658
8003
8441
8430
7523
7304
7686
7499
7612
7896
8976
8769
8433
7610
8733
8946
7789
7919
7398
8399
10143
9313
7538
7789
9484
8415
8758
8081
9661
8776
8044
8382
8626
10041
9927
8715
8910
8649
7601
7777
8861
9096
8954
9233
7611
9120
8283
8831
7912
8096
9029
7812
10127
8159
8923
7861
8755
7774
8179
8857
7615
9032
9046
8143
7491
8011
7732
7670
8071
9405
7523
7846
7369
7589
8564
7933
8580
8880
8094
8525
8041
7955
8717
7421
11442
8746
7394
8886
7871
8141
7885
7734
7922
8532
8942
8835
7821
9364
8670
8493
7888
7801
7755
9082
9256
9907
9047
8205
10054
8908
9148
7757
8499
8835
7950
9743
9482
8325
9177
8789
8647
7409
7942
7969
8297
9145
8730
8844
7470
8266
9139
7799
8928
7939
8865
7591
7541
9123
9154
9102
7338
7546
8505
9044
7798
7729
9274
8210
11326
8198
7756
8915
7568
7554
7798
7519
8913
8820
8908
9397
8774
8316
7436
7416
8825
8612
7735
8864
7501
7457
8809
8835
8538
9471
9242
7564
8685
8783
8917
10268
9793
8675
8489
8120
7390
8995
9676
8773
9020
7449
8495
8701
8795
9771
7865
8957
7651
8805
8332
8930
8959
9313
8897
8389
9096
8736
10014
8935
9858
7809
8415
8594
9347
8599
9538
8894
8145
8889
7896
8218
8817
8350
7365
7928
8273
8054
7574
8390
7707
7438
7840
8788
8391
10785
8428
7815
8894
7697
8425
8628
8828
8029
8173
8093
8469
8667
7489
7777
8166
9339
8446
8084
8804
8595
8564
8044
115851
8056
8439
8262
8842
7804
8799
7993
7626
7604
7511
8023
7934
8717
7968
7916
8129
8117
7826
8025
11509
8974
8994
7402
7982
9823
7864
8770
8212
8005
8560
7840
7778
9087
8010
8148
8341
8056
8000
8850
7982
10471
9219
7645
9043
7518
9158
8119
7552
7593
8580
8615
8516
8434
7984
7731
9086
7369
7684
7993
8179
8098
8678
9078
8290
8504
8033
8579
8111
7791
7550
8951
7952
8940
8255
9394
8059
8409
10695
8635
7715
8624
8045
7229
10341
8797
7762
8086
8097
8010
7472
8587
9092
7598
7936
9564
8194
8221
9046
8700
7927
9441
8074
8394
8617
8182
8439
8292
8166
7548
8305
8602
9293
7900
8835
8464
8191
7968
8293
8283
9525
7895
8961
8825
7751
8023
8201
7772
8514
8082
9032
8269
8020
8892
7710
9080
7752
7328
7990
8191
8248
8254
7769
8052
8311
8521
7845
8121
11661
9142
7631
8574
8312
7982
9231
8055
8656
7558
7917
8815
7854
8148
8064
8390
8257
8517
7556
8174
8297
7971
8169
8625
7957
8532
7965
7712
9090
7957
9235
7353
9776
8005
8064
8093
7974
9095
7978
8488
7973
8532
8029
7225
10032
8203
8438
7738
7795
8015
8294
8779
8048
7994
9219
7718
7965
7363
7428
8345
9278
8042
9003
8035
10788
9500
7664
8600
8174
8801
8181
8164
8545
8090
7973
8207
9293
8236
7302
7674
8138
9234
8078
8592
8064
8285
8406
7882
8333
7954
7673
8813
7743
8443
8143
8981
8866
9089
8801
7983
8758
8000
8206
7812
9621
8035
8400
7682
8098
8188
8276
8117
8648
8072
22869
8917
8828
8168
7847
7606
8147
7974
8778
15272
8893
8507
9102
7902
11339
8555
8243
7989
8519
8661
9026
8214
7817
8790
7831
7840
8999
7997
8435
7951
7554
114046
8016
8998
7396
7771
8507
7715
8384
7827
7709
7869
8294
8159
8405
8976
7793
8722
8059
7723
7892
8880
8416
8230
8847
8428
8270
8446
8295
7846
7717
9136
8947
8092
8223
8226
7880
7962
8182
9909
7898
8524
8444
8928
7684
8338
8575
7456
9925
8398
8574
7589
8952
8159
8615
8169
7431
9252
8411
8600
7933
8709
7982
7861
9945
8708
7629
9149
8359
8090
8400
8511
8073
8633
8497
8946
8326
8532
8486
9036
9149
7811
8189
8302
7548
7851
8227
8543
8874
7863
8035
8498
9498
8143
8544
8218
7933
8055
7552
7795
8092
8662
8182
7280
7974
7292
7911
8071
8131
7969
8232
9394
10240
7473
8001
8120
8836
8737
7613
8664
7720
8138
8531
7999
8230
9379
8057
8237
8135
8587
8020
8266
7565
7961
8507
7588
8329
8097
8526
8443
8061
8138
8072
9628
9279
7768
7903
8254
8033
7991
8815
8046
9182
8836
8253
8230
9039
8669
7944
8526
8294
8994
8716
8052
7659
8729
7275
9090
8080
8034
7989
8633
7800
8668
8108
8189
9567
8042
8419
8580
7844
9076
7928
8458
8150
8992
8076
7818
8431
8000
8133
8044
8197
8406
8181
7737
8099
8416
8295
7577
10060
8317
8856
8073
9511
7901
8076
8286
8199
8982
7775
8866
7977
7501
8005
7958
8687
8056
8506
9284
8493
9697
7990
8501
8161
8838
8980
8065
8779
8472
8010
8461
7733
8902
7354
9239
9046
7687
8916
7962
11672
9282
7923
7914
8832
8784
7432
9409
8137
8887
9561
7873
8907
8020
9268
8402
9569
7831
8892
8747
7932
8115
7420
9283
9000
9051
8983
8338
7777
8743
9360
8932
18173
7626
8569
7476
9147
8896
9070
9133
9454
7425
9027
8980
10160
8638
7979
7564
7823
8366
8978
8828
8543
7425
127452
8022
8840
8621
7790
9401
7912
8137
7442
8053
11200
9540
7813
8826
8327
7404
8203
8608
10092
7802
9112
8017
8175
8238
8884
8327
8033
7835
7888
7259
9606
8017
8505
8102
8649
8060
7788
8789
8148
7682
7990
7412
9009
7413
9299
8159
8348
8001
8121
8697
8071
8941
8320
8892
8159
7336
9912
8404
8789
7603
8977
8123
7683
8841
8014
9207
7923
7693
8393
8009
8556
7740
9057
8204
10868
9652
7401
8437
8352
8202
7805
8429
8275
8231
8051
7851
8441
9922
9126
8088
8056
8820
8051
8107
8219
8640
8042
7732
8820
8056
8043
8202
8834
7789
8552
8941
8194
8030
8014
7934
8538
7730
9015
8174
7986
8205
8371
8471
8207
7994
8117
8654
8051
7758
8759
7828
8256
8108
8403
8370
9556
8514
8225
8153
8251
8329
8462
7374
10250
8995
8805
8079
8187
8123
7841
7552
8797
7494
7733
9103
8179
7558
8845
8022
11108
8500
10320
8281
7422
7897
8207
8799
8056
8354
8257
8157
10090
8045
8388
9163
11504
9015
7666
7697
8147
9570
7961
9235
8116
8310
9487
8051
8380
8051
7560
9179
8223
8407
8025
7949
8071
8331
8902
7830
8897
8061
8171
7775
7943
9025
8474
8066
11128
9400
9696
8616
8388
8848
8381
8079
8368
8988
7751
9006
8098
8160
8243
7865
8319
8717
8684
8117
8604
8560
7363
7877
7730
8908
8373
8251
8986
8179
8778
9256
9329
8096
8115
8232
7452
7561
7405
7933
8014
8254
7832
8734
8144
8080
8280
8140
8730
8310
7785
8807
7974
8215
8021
8584
8010
7388
8150
8055
8984
8007
8241
8089
11538
10051
8156
8119
7996
8650
8247
7711
8775
7928
8441
8072
7404
9017
9482
8199
8078
8269
8125
7805
9319
7732
8902
8080
8472
8204
8592
142191
7998
8369
9238
9241
8565
8070
9130
8274
8970
8432
9139
8581
7604
8038
9456
9211
7584
8702
8903
9034
9098
8126
8455
8248
7661
8181
8615
8145
7349
9666
9156
8443
8618
8974
8760
7712
11081
8224
8845
7632
11101
8523
7862
9218
7882
7910
7919
7671
9154
8578
7945
8246
8904
8294
7510
8686
8211
8165
8610
8209
7575
7361
9205
8420
7924
7630
7743
9880
8312
8102
9107
8400
8010
7770
8676
8836
7772
8358
8884
7569
8412
8113
7304
7630
8806
7672
9036
9035
7803
7470
7503
8406
9139
8394
7542
8035
9288
7758
8984
7885
11856
8446
7873
9132
7579
9339
8266
7633
7574
8655
7390
8789
7659
8330
7849
8416
10672
8394
7598
8521
8719
140410
7691
7764
7815
7510
9038
8832
8847
8579
8564
7797
7651
8611
7786
8707
7658
8815
7813
8502
8528
8847
8741
7744
8833
8765
7958
8274
7908
9146
8440
8796
7831
8525
17904
8742
9744
7757
9069
7870
8271
9071
8158
10000
8760
8067
8013
8606
7917
7821
7523
8030
9649
7909
7970
8392
7929
9007
8765
8510
8093
9968
8817
8964
9067
7383
8194
9169
8800
7537
7562
8822
7351
9182
7543
8092
9394
8256
8713
7976
7747
7446
9183
9070
8348
8132
7684
7627
8432
8612
9357
9097
8850
7551
8896
7330
8862
9504
7549
8762
8654
8165
8567
8123
7624
8087
7646
8270
11608
8459
8909
8537
8087
8720
9196
9173
9386
7881
8411
7225
8882
8557
9728
7484
9271
8736
8043
8365
8817
7995
7749
7550
9048
8371
8844
8655
8222
8630
8439
8928
7633
8406
8851
9765
9182
8297
8992
8029
8531
9175
8287
9521
8677
8134
8615
8017
8470
8282
9028
8869
9096
8394
7919
8888
9238
8669
8697
8902
7594
9728
8704
8046
10944
8518
8716
8796
8383
8256
7818
8349
8015
8830
8386
8525
8444
8887
7488
7424
9444
7594
299916
8572
8744
8365
8757
9167
8491
7707
8489
8863
8533
8885
8072
8906
9883
8690
7776
7522
7837
7766
8363
8598
7849
9347
8728
7779
9194
8765
9647
8497
8977
8254
8701
8934
7651
8263
7548
8374
7502
7915
7870
8631
8404
7566
8952
9138
8456
8596
8902
8733
8243
8813
9039
8279
8613
10315
8760
8603
7867
8816
8699
8549
8556
8928
8438
9112
8789
9138
8316
8155
7958
8014
8914
8548
7789
8930
8627
9056
7580
7824
7411
7525
8731
8327
9001
8917
8000
9001
8897
8546
7395
9138
8910
9151
8707
8073
8598
8600
8975
8970
8882
8399
8938
8584
7970
8107
8855
9046
9539
8291
10091
8150
8745
8436
7630
8803
9097
8676
8387
8487
19637
9252
8747
8849
8749
7443
7802
9389
7459
8819
8019
8646
7350
7523
7469
8810
8755
8207
7760
9052
9230
9701
8646
8684
8317
9900
7971
8970
8846
7661
8625
7395
8639
8863
7525
8871
9093
7829
8144
8155
9004
8472
8598
8215
8364
7754
9225
8678
7818
9624
9117
9717
7770
8052
10032
8189
8813
7574
8538
8328
8738
9486
8589
8620
10089
8815
8178
7968
8262
7649
9015
8394
8233
7350
9210
8872
7470
8830
8591
7808
7954
8873
8203
7535
8642
8866
10098
7922
8946
7911
8317
8676
8174
8875
8505
8596
9623
8906
8796
8358
9092
9176
9102
8757
9130
8696
8576
7544
8441
7805
8533
8942
8800
8188
8736
8887
7813
8553
12317
9284
8270
9831
8686
8538
8532
7966
8793
7826
7566
8628
8532
8656
8620
9208
7410
8172
8739
9095
8647
7717
8041
8114
7758
8661
9098
9105
9229
7610
8403
8938
7691
8495
8757
7425
143340
7998
9187
7998
8468
8025
8996
7770
8711
9127
8635
7905
9092
8692
7875
7361
9215
8834
7533
8165
9882
8220
8226
8173
8595
8035
8445
7539
8210
7512
8560
7735
8450
7878
9095
8383
7887
8736
8698
8856
7729
8589
8484
7965
8935
7877
7684
7603
8660
8810
8516
9035
8537
7562
8545
8453
8420
8561
8076
9344
8887
9668
8085
8307
8349
7666
7811
8796
8505
8795
8189
8503
7927
8221
8068
9806
7625
8938
8207
7885
10009
8245
8614
8265
8390
7912
7533
7896
8876
8598
8463
9871
10487
9394
7769
7640
9624
7690
7564
8452
7671
8743
8085
7560
7274
9666
7606
8573
9376
7834
7980
7654
8856
7934
9123
8462
8269
7897
8635
7800
8912
7892
8145
8653
8776
8821
7782
7791
8048
9394
7615
7800
9437
8714
8761
7892
7778
7394
8545
8308
8353
9871
8933
7713
8486
7913
8172
8975
8107
20671
9345
7553
8513
8300
8729
8297
10616
8272
7450
8731
9165
8111
7748
8596
9136
8566
8528
9000
8921
9262
8391
7744
7787
7651
8276
8043
7810
8063
9262
8422
8213
7964
9317
8368
8398
9058
7828
9368
9429
7591
7884
7466
7933
8207
8808
8550
9110
8552
7841
8789
7784
7805
7959
9249
7780
7964
7860
7822
9476
8409
8374
8698
8330
8326
8200
7769
8089
8594
7560
8374
11266
8541
8947
8417
11178
7712
8796
9060
9472
7758
7715
9052
8544
8116
16106
8184
7970
8281
8646
7733
8625
8641
8461
8832
8333
8470
8000
7615
7572
13563
9271
8378
7925
9101
7622
7838
10136
7871
8547
8200
8412
7452
8807
9210
8932
7599
7646
9240
7794
9444
8212
8895
7857
8724
7898
7939
8870
9235
8127
8353
7411
7861
7800
9187
10985
8245
7511
7743
8280
8994
8893
7741
7263
98487
8521
9121
7568
8881
8178
9048
8598
7706
8887
8960
8661
8374
9436
7510
8244
9200
7838
8430
8039
8322
8191
8352
8598
10284
8522
7807
8005
8574
7893
9139
8424
9423
8410
7592
8671
7972
8230
9156
8915
8319
8240
8230
8498
7960
8897
8097
8192
8579
8717
8256
9266
7945
7661
9338
10292
8442
7814
8739
7707
9261
9527
7690
8776
8394
8654
8720
8912
8630
8274
8575
8036
8176
8416
7573
8391
7985
8783
7451
9422
8491
8750
7994
8598
8515
8491
9258
7944
8149
8269
7209
8558
8276
9558
8537
8097
8251
9235
8948
8518
8635
8993
8409
8103
8806
8631
8194
8128
9136
7804
8577
8650
7787
8240
9133
7632
8251
7676
8097
9880
8040
9234
7648
8435
8953
8509
8191
8025
7962
9215
7768
7648
8405
9343
7602
8492
8613
8160
7992
8572
8726
7650
9070
8343
7805
9206
8654
8471
9235
8317
10005
9614
7651
8305
8441
7572
7685
8034
8515
8154
9593
10026
8112
7951
9240
7826
8593
7973
8649
8664
7721
8507
8121
9302
8517
8096
8713
8898
8897
7611
9019
7785
9039
10626
7755
8666
7715
9297
7633
9200
8514
8457
9069
7562
8466
8917
9795
8468
8589
9641
8264
8651
8607
10044
8642
8520
8881
7533
8938
8658
7811
9902
8805
9081
9623
8847
8730
8983
8558
8935
7917
8073
9107
7867
10541
8744
8060
8754
8725
7507
8873
7534
8167
7460
7971
8173
8692
8808
8594
8779
8432
7954
7736
9587
8226
7645
9287
8635
7876
8692
8475
8076
8253
7543
8328
8091
7492
9236
7491
7675
8222
7942
8106
7498
8851
7779
7389
9087
9273
8312
8828
9289
8548
7367
9097
9000
8871
8241
7940
8651
8805
8694
7467
8742
8074
8872
7841
7661
11699
7829
7589
7625
9193
110702
8169
7471
8369
8955
9093
8914
9076
8123
8539
8756
11389
7758
7953
9124
9353
7457
8945
10287
9579
9107
8733
8676
8773
8875
9259
8840
7697
8592
8233
9958
8892
7859
8815
8919
8076
7270
7608
9639
7960
8853
8856
8080
8095
8136
8595
7682
8882
7837
9171
7611
7622
9059
8189
8684
7981
8420
8176
8369
8979
8126
8712
8728
8261
9162
9080
8614
7565
8690
8021
8145
8861
8185
8774
9736
8929
8557
7644
8654
7694
8887
8875
12432
8939
8988
9320
8197
8425
8877
10056
9497
7523
8972
8426
7513
8511
7968
8630
8338
8988
8073
8931
7895
8093
8951
9044
8149
8533
9277
8756
7581
7769
8553
8601
9312
8666
7788
9067
7912
9286
9745
9000
8844
8539
9481
7435
8514
8298
7954
8676
8348
8313
8710
7994
8780
8884
8938
7979
7914
8676
7558
8712
9059
8921
8507
8343
10121
9044
8811
9033
8818
8586
8652
8880
8738
8664
9082
8830
8194
7627
9035
9233
8633
8636
8748
8063
8312
7542
9981
8672
8029
7712
7386
7536
9046
7753
8041
7553
9588
8594
8096
8593
8277
8963
7348
9020
7369
8657
8636
7689
8557
8208
8881
8816
7491
9079
8430
8766
7513
8157
9033
8016
9651
8109
8613
8568
7901
8633
7610
8748
11300
9611
8584
8022
8767
7558
8638
8238
8587
7672
7643
8596
8388
9136
9225
8618
8639
7786
9141
8938
8646
8602
7770
8039
8555
7687
9312
8630
8470
7965
7471
9966
10210
9236
7476
7312
9216
8682
9138
7571
8715
8691
8350
9251
7923
8700
7594
8493
7517
8869
7933
9104
8218
7871
9225
9184
8355
8272
9096
7644
9215
9020
10064
7923
10919
7394
8995
7802
8133
8735
8489
7608
8919
8577
8539
9015
8815
8584
10050
9148
8438
8591
8837
82210
7815
8136
8564
9012
8351
8690
8333
8538
8366
8227
8200
8866
7678
8030
7663
8443
8166
8853
7673
8149
7996
7332
7621
7870
8389
7793
8081
7852
8515
8082
8094
8276
7634
7642
7740
8292
8982
7752
7688
10593
7631
8510
8517
7670
10696
9305
7510
7934
8546
7973
9245
8557
8649
7615
7724
7593
7753
8097
10194
8851
8630
7507
8610
7663
9036
8092
8279
7773
7748
8543
8123
8243
8215
7764
8112
9438
9181
7698
8378
9145
8205
9147
8246
8220
8397
8753
8437
10443
7593
7581
9073
8645
7782
8657
7302
8564
7493
9099
7449
7810
8876
8374
7794
9394
7592
9902
7891
7764
10823
8951
8160
8119
8915
7676
7833
8382
8041
7753
8129
9318
8815
9401
8449
9208
9096
9049
9210
7977
8942
7982
7782
8921
8065
8984
8044
7512
8314
8098
8646
8507
8132
7807
9142
7941
8892
9356
8893
8977
10928
7471
7851
8116
8030
7700
10020
7519
9106
8651
8215
8857
7551
9041
8158
9051
8655
7557
7794
9029
9115
8025
7616
7277
8331
9142
8672
8445
7726
8804
8235
7637
9139
7839
8459
8353
9233
7771
8045
8400
7825
7837
8477
8025
8153
8029
8373
8066
8174
8167
8055
7403
8901
7781
7544
7676
8500
8363
8583
8278
8607
9197
7859
7463
8360
8512
8410
7482
7184
7509
9015
7902
8174
8028
9031
8652
8779
7864
8287
8913
9101
7726
8015
7651
8997
8439
9256
8434
10407
7605
9203
8565
8049
7743
8616
8957
8008
8236
9019
8374
9190
8974
8885
7348
9119
9608
8460
8189
7974
9450
7794
9220
7712
7653
9138
8110
7471
7670
8435
8794
8273
7761
7833
7544
8290
8153
8856
8271
8254
7772
9208
7290
8800
7681
9462
7494
7716
7935
7430
8149
8868
8252
7511
7713
153000
7947
8205
8249
8092
8635
8717
7873
10728
7785
7830
8943
7989
9243
9609
8418
9409
8796
8210
8460
7684
9594
7887
8643
8456
8414
8829
7569
8020
7815
8097
8888
7540
7824
7990
8630
7254
7752
8504
8450
9477
8634
8200
7721
8900
8271
7589
7854
8008
7800
8805
7832
7594
7733
9024
8210
8246
7338
7953
8066
7508
8001
7894
8214
8456
7675
9189
8782
7436
7384
8648
8012
10523
8277
8094
9420
8138
8417
9056
8491
7789
9153
7928
9482
8377
7975
7863
7968
10338
8153
7470
7338
8207
8485
8198
9154
8292
8492
8103
9141
8722
8302
8598
8171
8934
8704
7924
8825
7679
8031
8850
7630
9066
8030
8738
7997
8169
8238
8986
8261
9047
8561
9189
7489
7509
8222
8032
8903
8814
8280
8487
9061
8169
8377
7988
8440
11799
8922
8336
8090
9590
8027
8871
8787
8050
8624
8182
8211
8253
9837
8124
7410
8317
8215
8046
9197
8200
7791
9043
8041
8203
8184
8015
7203
8393
7731
8655
10079
8755
8117
8249
8992
7579
7802
8436
8230
7800
7531
9015
7892
7601
7970
7518
8106
8615
8751
7535
8199
7987
8415
8202
7879
8758
8232
8002
7956
8457
7450
7565
7611
11328
10016
7978
8394
8847
7472
7725
8117
8183
8234
8471
7760
8143
8012
7976
8213
7855
8865
7705
7856
8184
7984
7848
8107
7558
8891
7410
8318
8043
8400
8234
8464
8288
9930
7992
8209
8782
8006
7761
8887
9021
8675
8539
8058
7689
8205
8205
7937
8384
7649
8611
8056
7610
8809
8063
7685
8011
8061
8120
7312
9210
8183
8432
8185
9978
9055
7686
7656
8089
7928
8148
7256
8005
7574
9107
8895
8280
7979
8603
8405
8303
9030
7844
8397
8081
7312
9155
8900
7929
8194
8027
8054
8041
161398
8519
8556
8845
7663
7846
8456
8377
11810
8575
8102
8179
7737
7865
8401
8375
8373
7646
8150
8512
7994
8753
8341
8637
7617
8030
8373
7632
7941
8414
8374
9088
8200
7987
7502
10300
8709
8684
9054
8231
9025
7349
8806
8462
7592
9200
8627
8421
8234
7988
8524
8779
7573
8633
7919
8454
8640
9148
7714
8026
7618
8429
7708
8332
7991
8154
9435
8962
9101
8534
7991
7704
7947
8758
8764
7923
8149
8821
8331
8237
8615
7688
7842
7936
8861
7842
8414
8244
10793
7813
8398
8276
8195
8774
8427
8685
8864
7631
8578
9221
7512
8573
7519
7554
7371
9165
7659
9167
7984
7810
8235
8210
9385
8678
8516
8403
8808
9257
8366
8394
7843
9481
8411
7482
9346
8407
8817
9443
7774
8358
7865
9298
8724
8102
9734
8955
7521
8153
8602
8915
7463
8768
8486
7799
8400
8744
8603
8919
8648
10799
8996
7705
9266
8879
7496
8753
8372
8032
8193
8859
8635
8398
8505
9707
8521
8009
8426
8412
9357
8317
7938
9610
8502
7934
8618
8667
8571
7798
7531
8933
8966
8164
8743
8754
7789
9009
8553
7604
8649
8977
9039
8994
9100
8834
7507
9047
8298
8765
7833
8164
8684
8294
8498
8452
8885
7319
7661
8943
8967
9957
8812
7878
7564
8405
8666
8164
8828
7671
8153
7349
8242
7474
9251
8826
8487
7796
9087
11192
7870
7989
8472
8213
9008
8600
8824
9783
7888
8840
8172
8819
7434
7559
8809
9282
8915
7333
8682
9138
7638
9004
8282
7533
8169
7463
7566
9371
8402
8631
9036
8607
8651
8877
7532
7821
8461
8904
8091
9181
9079
9349
9231
9077
9173
7805
9060
9214
8856
8622
8413
8083
7711
9123
8727
8533
8669
7585
9375
8243
8419
9610
8773
11561
7554
113492
8150
8216
8521
7691
7774
7744
16579
7618
8494
9290
8697
8608
7590
8216
8756
7933
7374
8884
8475
9217
8409
8230
7772
7608
9447
7550
8295
8856
7378
8355
7398
9456
7964
9107
9238
7610
8215
8353
7707
8446
8341
8641
8674
7990
9435
7671
8291
7893
9354
7422
8989
8690
7989
7805
7373
8903
7634
8824
7794
9023
8957
10200
7538
8453
9116
8054
7844
8587
8010
9012
7381
8531
8683
9452
8507
8617
8415
8331
8555
7553
8643
8787
7653
8323
8261
8498
7550
10357
9058
7672
8030
10512
8725
8445
8698
9153
7661
9082
8351
7832
8136
8636
8135
7353
8345
9396
8233
8590
7773
7574
7814
8606
9165
8573
8333
8292
8452
9302
8374
8620
9236
8676
8175
7551
7355
11144
7992
9115
9221
7709
8952
7829
9708
8762
7724
9019
8225
8789
8334
8646
8009
8378
7994
7950
8064
8732
8947
7984
9020
7892
8395
8225
8854
8774
7803
9280
9446
8377
8240
7611
8379
7798
8271
9330
7892
8490
8126
8020
8493
8615
7671
7791
9081
8329
8456
9210
8598
9227
9056
9030
8874
8009
8792
7340
8929
8672
7441
8800
8594
10702
8695
8283
8627
9028
8599
8656
8584
7805
8356
8688
7772
9246
7712
9006
8317
8083
8733
7715
9358
8734
8556
7902
8374
8940
8239
9581
7733
9165
8148
8503
10733
8052
8497
7502
7462
7587
9160
9591
9472
8509
7987
8068
7918
8314
8441
7631
8705
8394
8442
8688
8338
8687
9158
8692
7324
7818
8197
9020
8400
8456
8579
7348
8996
11457
8475
8131
7610
8781
8008
8484
8595
9138
8672
8712
8891
7866
9596
8456
8585
8100
9209
8694
8095
8141
9423
8650
8843
8656
8795
9461
7700
8799
7846
8547
9670
9383
8465
8876
8902
7933
9082
8333
109097
8520
8494
8528
8022
8495
12594
8394
8256
9799
8472
8394
8225
7570
8027
7970
8777
7873
8599
7763
8263
8254
8455
8022
7942
9942
7995
8152
7835
7803
8429
9892
8190
7784
7620
8575
12028
8666
8134
8409
8914
7528
9142
8595
7459
8020
8390
8830
7846
9112
8095
7925
8445
8683
8172
7597
8055
8046
8444
8074
8517
8290
8349
8996
8046
8683
8360
8365
8253
7386
9236
7990
7865
7986
7989
8112
8352
9648
7994
8501
8169
7574
8139
7626
9228
8146
8161
8174
8372
10399
8365
8214
7983
9652
8777
7435
7912
8376
8589
8661
8056
8616
8520
8434
8706
9618
8829
9036
8205
8079
7476
7815
8102
8074
8848
8306
8137
8252
8407
7870
7564
10246
8873
7973
8399
7991
8594
8272
7551
8107
8000
8255
8630
8596
8247
9011
8225
7928
7840
8204
8660
8845
8990
8242
7230
9097
8379
9021
8863
7352
8223
7882
7361
9556
8771
8024
8353
7871
8357
8025
8413
8897
8683
7600
8153
7422
9096
8155
9272
8348
8372
7950
8033
8288
8324
7852
8005
8596
8817
7973
9158
8095
8635
7989
7981
9346
8393
7666
8411
9220
8430
8576
8410
7996
8358
8273
8835
9083
7555
8605
8307
9123
8867
9025
8256
7715
8122
8031
9199
8084
7755
8038
7311
8822
8196
9064
8815
10548
7583
7890
8607
8035
10123
8016
8561
7775
8473
8179
8035
9203
7790
8255
8979
8676
7954
8417
8914
7911
8473
7851
8412
9039
8287
8825
8293
9319
7886
8710
7710
8825
7650
7973
8996
8293
8071
9208
8015
9052
8165
8914
8022
8223
9334
8656
8995
8951
10738
7666
8273
8773
8204
8657
8760
8333
8338
9121
8853
7926
7442
9110
8297
10060
9180
7544
7864
7793
8155
7848
8483
8016
8958
8053
7630
133364
8128
7618
7911
9146
14099
8628
8138
7906
7550
8861
7936
8296
8149
7497
7844
7743
7705
7912
10413
7868
8817
8624
8960
9703
8195
8238
9700
9220
8209
7916
9257
8203
8248
8258
9271
8241
8425
7808
8217
8348
7871
8115
7357
7985
8045
8031
8369
8411
9257
8226
8134
9264
9050
7773
8666
8472
8679
8295
8015
9053
7960
7564
7813
8011
9324
8473
8124
9204
8274
7564
8386
8902
8975
7730
8394
8687
8376
8335
8741
9043
9209
8036
8656
9158
8274
7495
8311
10944
7957
8389
8930
8346
9006
7994
7466
8759
7259
9038
8407
8361
7861
7802
7813
8205
7943
8688
7934
9255
7512
9314
8708
7940
8097
8388
8396
10820
8535
8576
8067
8136
8894
8807
7957
8802
9220
7519
8033
7672
9148
8523
9140
8384
8972
8475
8652
8466
7584
8403
8207
9055
8343
9302
8587
8188
8318
8816
8906
9665
10367
9045
7201
8811
9479
9917
9020
7323
8634
7593
9020
8000
9192
8117
8785
8755
8517
8405
8242
8616
9030
8235
8548
8236
7649
8122
9880
7834
8167
7642
8097
11468
8703
9039
8521
9248
7943
8448
8018
8398
9015
8794
8648
7764
8915
7731
8190
9964
8696
7422
7904
8051
9045
8012
9251
7771
7372
8801
8312
9028
8170
8917
9444
8954
8980
8056
8135
8008
7580
8020
7776
8413
9329
8596
7500
7485
8675
7671
7969
8645
9017
7667
8113
9236
8128
8153
8566
8979
8813
7752
8331
7435
8243
9326
8359
10078
8020
8574
8836
8877
7400
8556
8764
7431
7700
7816
7882
8232
7766
8385
7817
8518
7648
9081
7983
8441
8701
7887
8817
8768
7883
9647
9839
8584
8625
8303
9200
9067
8071
8358
7479
7937
8216
7811
8834
7947
7974
10107
7589
8398
8384
8129
8436
8292
119066
7283
7724
8003
10103
8765
8854
8969
7807
7551
7537
8921
9202
9237
7910
10660
9079
8927
8938
8608
8291
9190
7770
8313
7944
7612
10047
10839
9410
7570
8907
9361
8916
7537
7715
9061
8149
8655
9241
8282
7864
9287
8840
7634
7685
8420
9711
9611
8186
8115
8092
7716
7595
9071
7525
8354
8248
8964
8585
7574
9680
8743
8030
8126
8571
9117
8157
18335
8709
8035
7510
10801
7618
8872
9209
8477
7885
8446
8048
10512
8938
8858
8138
8270
7573
8248
8676
10061
9496
7784
7368
9471
7407
9056
9051
11316
8132
8254
9214
9204
7649
8422
8396
9861
8634
9142
9497
8937
8401
8419
10121
8301
7600
8102
7557
8337
7451
8205
8636
8513
8625
8473
7520
8968
8559
8089
7570
7810
7870
7722
8194
7811
8358
8556
8286
8897
8373
8623
8622
7583
9297
8160
7673
11425
8191
8494
8069
8035
9230
9209
8837
7473
8933
8369
8730
8611
10663
8464
8979
7991
7843
8797
8193
8878
8708
8699
8336
8403
9252
8556
8215
10061
8268
7711
8273
9502
8091
9468
9241
7563
9066
9312
8394
7605
7448
7917
8834
8676
8348
9125
8157
9057
8834
8378
7692
8158
9153
8267
8539
8495
8073
8108
8350
8071
8530
7995
9948
10169
9270
7756
9212
9619
7479
8923
8243
9256
9117
8778
8215
7770
8606
9117
9344
8082
7786
13194
8916
9055
10109
10105
10126
7697
7960
8497
7922
8188
8419
8144
9635
8569
8115
8671
7612
8934
8272
7676
8030
8493
7487
8453
9177
9408
7995
9479
8055
9067
8646
8804
8704
8635
9637
8728
8065
8794
9223
9250
8435
8807
8821
9838
7762
10302
9148
8394
8574
9087
9965
8242
7781
8157
8409
8165
8935
8153
7877
7922
7535
8114
8334
7611
8262
7519
8387
73953
7851
8982
8661
10433
7994
10096
8784
7885
9365
9420
8871
8153
7436
7710
8533
7935
8205
8374
8126
7428
8587
8815
8396
7457
8410
7618
8610
9197
7225
7620
8943
9021
8323
8594
8733
7907
8010
8576
8594
8419
8297
10704
8001
7530
7555
7912
7862
7449
8682
8317
9180
8517
9523
8841
7776
8506
7670
8180
8584
8856
8377
8690
9008
7732
8789
8000
7925
8076
7792
8056
8137
9827
9157
8461
8471
8215
7977
8585
9021
8835
7933
7679
7353
8415
8600
8843
8596
7915
9038
7570
8100
8081
7538
8129
7334
8242
7990
8337
8258
9907
7912
8591
7569
9369
8775
10934
9104
8064
8134
8630
9086
8127
7808
8863
7549
8772
8825
8517
8979
8430
8597
7955
7823
8416
8307
7649
8697
7733
8386
8817
7571
8452
9153
8207
9333
7849
9056
8579
8641
9087
8857
8753
8084
8215
7774
8512
7550
7874
7306
8794
7831
8798
8687
8943
8466
7837
7951
8449
7830
8092
9240
7631
8792
8389
7421
7939
8452
8775
8348
8416
8871
8766
9316
8271
7665
8611
7779
8178
8623
8088
8937
9030
8157
8539
7788
8703
9519
8215
7584
7563
7413
8217
8131
8691
8333
7826
7940
9489
8092
8878
8815
8700
7425
8215
7375
7580
19909
8782
7524
8023
8019
7339
9113
8739
8774
8274
7599
9122
8061
8348
9428
7614
8235
8093
8596
7408
8014
8618
9882
8261
7307
7882
8292
10603
7576
7589
7934
9017
8555
8014
7552
7786
7505
8775
7943
8478
7602
8603
8352
8952
8276
9522
8411
8529
9083
8100
9837
8306
7286
7568
8691
7728
8010
9110
9152
8438
7794
8261
9779
9143
9465
8483
8010
8077
8605
9984
7705
8157
7853
8174
8815
7979
8970
13009
8317
7690
8216
9166
7717
7892
10083
8851
106728
8598
9148
8646
9194
11348
9153
7984
8235
9261
8650
9119
8433
9864
7997
8103
8095
8458
8947
9479
10202
7979
7390
8552
7411
8727
8037
11123
8507
8610
8769
7751
7628
8645
8581
8913
8466
8832
7833
8515
8010
7629
7796
7728
8615
8950
9179
8600
8053
9256
8279
8756
8985
7527
8556
7328
7779
8586
9343
8783
7769
8241
8333
7447
8375
9080
9242
8742
7482
10724
9579
9183
8820
8403
8404
8071
7607
8181
7788
8544
8451
7859
8267
8516
8555
7780
8620
7689
9199
8645
7991
8290
8756
9235
8098
8418
7845
7373
9420
8396
9116
7813
8868
8794
8617
7800
8179
9679
8517
7401
8771
7897
8709
8415
7795
9186
8618
8833
7920
9511
8256
8513
10366
8358
8952
8039
9289
8307
8876
8089
7507
8584
8779
11647
8149
8742
8405
7282
8248
8902
8861
8780
7604
8453
8075
8850
8584
7762
8564
8577
8358
8633
9230
8486
9383
8251
7692
9059
7872
8699
8556
8312
7655
7802
10303
7530
7781
7748
9153
8465
8993
8418
7799
7766
8678
8890
8491
7829
8037
8224
8639
8192
9415
8458
9174
7781
8719
7977
7716
7871
8446
8757
8820
8632
7880
8411
9223
10582
8208
7667
7930
8789
7754
9077
8552
8595
9166
8314
8984
8170
7499
7730
8137
8299
9471
8922
8412
7479
8287
8021
9240
8173
9216
8867
7720
7985
7840
8471
8646
8869
8303
7774
8074
7792
8604
8626
8596
9282
8351
8696
7682
9213
8675
9838
8015
8732
9085
8255
9758
8252
7683
8394
7270
10441
7464
9784
8505
8923
8938
7684
8871
11527
8228
8825
7772
8248
7368
8816
13922
8025
8105
7972
8824
8558
8756
7597
9133
8421
7063
8512
8287
8605
8008
9189
8270
8169
8558
8051
8303
8141
7905
9302
8410
95902
7580
8753
8194
8433
9388
8634
8943
7825
9218
8146
8219
8172
7932
9115
8388
9025
8586
8003
9243
8718
9061
7381
7688
9398
9266
9107
9333
8033
7225
10279
7415
11305
8526
8620
8180
8721
8234
8380
10002
7766
8234
8160
7812
7516
7523
8809
8011
8396
7663
8335
7680
8527
7536
8097
8512
8717
8451
7830
8235
8615
7611
7345
9904
8174
8874
8378
9076
8460
8702
8940
8501
9562
9146
8568
8100
7852
8210
7595
8960
8252
9821
8420
7811
8235
9385
8441
7612
8244
8970
7711
8460
8553
9276
7800
8220
9439
8532
7935
7996
7548
9173
7592
9230
8353
9093
8326
9271
7953
7760
8526
7973
7576
8158
8581
7723
7711
8372
8428
7852
7661
7597
8298
7384
7596
7861
8973
8637
9130
8605
8050
8501
8614
9303
8180
8733
7911
7508
8919
8329
8180
8271
7684
8315
8229
7832
8165
9178
8801
8242
7509
7652
8851
8136
9251
8569
7269
8369
8189
9104
11351
7969
8193
7832
8210
8245
7731
8553
8820
7641
8819
8966
8518
8480
7693
8446
8517
7706
8637
8087
8768
8816
9233
8490
8507
7765
8707
9189
7980
9095
8938
9728
10020
8164
8027
9216
7735
8751
8717
8904
8506
7695
9108
10897
8598
8511
10051
14859
8205
7569
8696
7511
7955
8215
8397
8531
8110
8117
8033
7533
7549
8587
9023
9588
9982
7905
7900
9216
8979
8997
8344
7912
9352
7471
9076
8853
8854
8396
8114
7761
8078
7827
8143
9100
8381
8222
7595
8603
9220
8376
9456
7484
7364
8599
7628
7368
7850
9241
8317
8482
8218
7983
7550
8423
9724
8170
7957
8383
8950
7660
8169
8554
9880
7373
8193
8066
7926
8194
7686
9044
8044
7531
8001
8422
7736
8284
8911
8690
11024
9468
8007
8331
7379
121392
7629
7953
8718
8709
8056
7551
8454
7400
9356
8725
8251
9156
7691
8512
7780
8393
7812
8764
8152
7831
8548
8528
10384
8986
8707
7692
8987
9158
8016
8001
8712
8956
8274
7754
8837
8128
7983
8459
9174
9022
7368
8921
8117
8619
8674
9261
8258
9219
9206
8569
8938
8233
8801
8015
9587
7590
7572
9078
10907
8577
8006
8436
9176
8254
7891
8204
8905
7938
7677
8265
8647
8464
8354
8978
9546
8780
9985
7595
7942
7694
9256
8555
8252
9070
9639
9130
8396
8186
8611
9164
8610
7507
8955
7446
8631
8938
7806
9074
8366
9297
8346
8335
8705
8481
9111
8687
9046
8014
7794
7972
8067
8863
7992
7553
7805
7749
8889
8452
7512
8307
7691
8691
9712
7786
8497
8505
8522
9077
8408
7581
8903
7810
8565
9080
9252
7972
8035
8073
8547
8596
8124
11092
7873
8384
9018
8590
7981
7978
8474
8978
7352
8723
7854
9451
9088
8960
8786
7687
9971
7885
8976
8355
8625
8322
7899
7950
9098
9096
8735
7903
7900
8700
7569
8518
9723
8114
8188
8289
7953
7875
9347
9177
8644
8605
7989
8220
10348
8779
8792
7753
8260
8177
8444
8416
8434
9201
8295
8596
7956
8340
9026
8446
7924
8019
8203
8453
8564
7515
8979
8692
7984
8597
8343
8556
9087
8036
8738
8605
8073
8896
7753
8194
9285
8717
8297
8169
7669
8498
7652
7893
8629
8993
8008
8900
8991
8549
8030
7559
8104
8346
7451
7971
8650
8110
8377
7631
8285
8496
8134
9066
10970
7868
8706
8309
8870
9036
9075
7960
7791
7951
8054
8071
7589
11162
8317
8415
9292
8501
9221
7769
8273
8694
8415
8373
8580
9064
7618
8594
8662
7392
8624
10137
7917
10051
7779
8355
8055
8350
7582
8585
7589
8647
116974
8730
9028
8488
7541
8656
9625
8015
8564
9147
8867
8096
8584
7589
9353
7687
9116
7409
8956
8398
8295
9242
9683
7541
8235
8046
7962
8131
9428
8378
8401
8709
7993
8576
8272
8793
7894
8594
8734
8246
10402
7483
9212
8354
10181
9237
8697
8222
8412
7497
8028
9239
8376
9299
8510
8699
7936
8236
8407
8680
8516
9188
7774
7997
8580
8835
8114
7481
7617
8760
8446
7796
8374
7430
8712
8050
7264
9210
8606
9292
8184
10947
8193
9292
8130
10041
9864
8812
8624
9204
7887
8258
8948
7821
7550
8471
9056
7569
8117
7860
7791
8052
9037
8222
7996
8194
8856
9198
9248
7956
9276
8433
8998
8191
9274
7884
8992
8459
7882
8998
8726
8902
7481
8176
8046
7819
9162
7721
7938
8179
8476
9015
7619
7610
8241
8963
8639
7936
8132
8328
7895
8217
11492
7957
7771
7737
9969
8346
8131
8546
10275
7821
8990
7882
9112
8326
8664
8168
8439
7812
7875
9078
7800
8198
9223
7595
9356
7691
8553
7610
8425
7794
7785
8564
7547
9133
7963
8350
8187
9058
7762
9249
7914
9239
7882
8569
8676
7714
9248
8460
8978
7626
8897
8646
7651
8780
8386
9066
8375
9131
8638
8056
7446
9966
7737
7869
7507
7615
8386
7543
8468
8229
8453
8219
11556
9043
8193
8091
9730
8076
8266
8571
8414
8076
8535
9223
7634
9982
8385
8871
8181
9122
7879
7717
8444
8370
8405
8383
8058
9237
7956
8644
8266
8169
7897
8538
8133
7855
7876
7772
8432
8312
8324
7764
8247
8329
8236
9029
8428
7632
8418
7758
8034
7592
8400
7833
8548
7553
8051
9161
8110
7642
8207
8194
7665
8123
9141
8149
10927
8871
8113
9069
7930
8711
8234
8339
8425
8630
8779
8003
9248
8360
7671
123716
7292
9169
8553
8858
7555
9623
8758
7504
8514
8495
9128
8035
8922
8230
8636
8689
8572
9043
9135
8595
8066
7830
8357
8264
8621
7794
7400
8764
8343
8494
8003
9660
7509
8316
7661
8170
8897
8356
9096
8907
8536
8907
7816
9189
8040
9961
9006
8282
10446
8736
8357
8481
9158
8495
8335
8621
8640
12302
8705
7534
8482
8049
9180
7882
8958
8316
8610
7978
7531
9099
7481
8908
7733
7889
8551
8261
8580
8220
7441
9478
12230
8152
8280
8395
8710
8922
8097
7982
9256
7374
8438
8295
9002
8605
7371
8330
8199
10075
8129
8107
8789
8776
8165
8429
7708
8280
9580
8029
8659
9333
8280
7815
11361
8163
8015
8519
7542
8700
8905
8340
7505
8125
8059
8074
8531
8025
7565
8439
8625
8803
8658
8567
9290
8780
7872
8358
8149
8421
8420
8855
8548
12370
8896
8736
7707
8467
9016
8355
7610
9066
7679
8455
7974
7824
8235
8252
8120
7351
7831
8832
9377
8452
8000
8206
8612
7528
8923
8702
7805
8679
8838
7538
9058
8672
9117
8487
9323
8506
8081
8033
7716
7476
7964
8493
8733
8636
8592
8051
7810
8198
7569
8106
7820
9333
8120
8891
9176
7333
9010
7603
9082
8015
9649
8620
8301
8221
8412
9276
8158
7602
8200
8636
8523
8818
9097
8728
8698
8334
8441
8543
8257
9206
8238
8210
9569
8685
8704
8205
9144
8794
8288
9186
9229
9143
8054
7503
9110
7573
8701
9757
9230
9187
8911
7608
8535
7599
8818
8946
8234
9199
8366
7490
8753
8051
7915
7601
9033
8645
8610
8024
9206
8858
8607
7937
8046
7405
9330
8446
8617
9016
7446
8051
8117
8049
9197
8009
8657
8325
11933
8072
7892
8297
8936
7674
8138
9125
8075
8903
8114
8395
7508
8018
106531
8426
7682
8036
9917
7571
8147
7594
8409
8565
7677
8699
10803
8405
8194
8361
8376
7559
8032
8333
8556
8177
7938
7904
9125
8794
8537
7432
9442
8560
8666
9354
8299
8108
8185
7979
7656
7957
8644
9257
7992
7451
9326
8271
9028
8617
8074
9066
7955
8620
8178
8829
8124
8697
9620
7913
8373
8405
9233
8607
9052
8420
8105
8099
7994
9277
7516
7842
8085
8072
8107
8005
7631
8495
11246
8147
10024
8277
7595
8894
7969
8373
7799
7687
10052
7711
8972
8170
8870
8552
8109
9082
8262
7975
7764
8661
7791
8699
9915
9143
7607
7780
7885
7912
7583
9247
7794
9056
8096
8049
7989
8589
7492
8717
8087
8164
8381
8589
8174
8089
7593
7567
8707
8410
7841
9438
8034
7532
8890
8813
7785
8554
8062
8833
7875
7993
8396
8774
7493
8333
11071
8496
8314
8807
7695
8025
8386
7789
8414
7451
7921
7636
8638
8574
8775
8327
8246
9122
8209
9028
8156
7995
8352
8725
8673
8658
9493
8191
8420
8358
7468
8888
9338
7672
8215
7787
8444
8367
7822
8425
8965
7784
8851
8589
8297
8663
8577
8947
8924
8397
8021
7467
8014
8431
8815
8212
7934
8846
8320
7953
8554
8680
7939
7808
12094
8367
8242
8163
9009
8397
7404
8492
8318
8504
8733
8931
8446
8384
8916
8983
7882
7995
7712
8317
7792
8603
9277
8497
8252
8993
9633
8568
9075
8153
7782
9568
7977
8607
7759
8475
8595
8626
7742
8825
8076
8589
9152
7839
9084
7881
9181
8264
7528
8795
10685
7463
8652
7815
7938
8600
8603
8171
7694
8553
8569
8417
8314
7561
10085
8898
7921
8181
8316
7314
7846
8333
8613
8016
7439
8394
7575
9116
7722
8579
10199
8670
8615
7727
7753
8177
8032
7964
8681
137052
8577
7950
8383
9056
8849
10183
9753
7862
8185
7322
15081
9211
8616
8072
7445
9271
8219
8085
9276
8679
8298
8071
8821
8784
7971
9403
8686
7773
8307
8388
8678
8358
7837
8753
9035
8425
9706
8436
10642
7803
8570
8179
7393
7502
9008
8858
8104
7673
8440
7566
8646
7953
7601
7825
8159
8748
8433
9043
7923
8230
8017
8313
8291
9089
8483
7896
7771
8317
9298
8630
8938
9177
7957
8768
8414
8808
9490
8492
9137
7851
8476
8302
8620
8746
8313
9102
8099
8251
7992
7899
7581
8415
8977
7975
7582
8274
7815
8882
8254
9379
7953
8388
11439
9338
8115
8419
8941
8107
8038
7630
9392
8782
8245
7832
8578
8415
7661
7992
8976
7770
9015
8194
9657
8246
8886
9692
8841
8591
8809
8135
8258
8352
7534
9411
11122
7933
9055
8212
8922
7532
8455
10779
8448
7848
8797
10648
7672
8214
7983
8779
8263
7551
8210
8297
7788
8001
7576
7570
8860
8029
7810
8083
8809
8860
7816
9117
8241
8435
8566
8498
8507
8182
9040
7883
8635
8031
8031
8381
9586
8638
8276
7732
7976
8815
9245
8599
7506
9369
8630
8793
8131
9406
8267
8734
8256
9122
8017
8622
8744
9039
7798
7415
10026
9480
8128
7496
10089
7713
7670
7348
8861
8050
9107
9465
10717
9229
7345
9297
7766
8347
8526
8923
7986
7507
8186
7573
7640
8616
9054
8141
10794
8425
8476
7799
8715
8429
8046
7955
7644
7985
8461
7578
9593
7780
7712
7827
9098
7948
9936
8491
9228
8168
7920
8222
9109
8353
9256
8447
7388
9020
8168
7835
8194
11039
8546
7620
8830
9267
8844
8379
8485
8937
8619
9228
8599
9044
7811
8097
7443
8606
7927
8302
9203
8054
8376
9138
9314
9319
8071
8965
8432
8379
99592
8362
11461
8323
9199
7937
8522
8804
7386
8797
9882
8839
7789
9231
8728
7329
8779
9423
8287
8002
8209
8708
8591
7796
8335
13774
8656
7675
9064
7739
9227
8848
9184
9113
8123
7676
8514
8070
8378
7788
9256
7365
7669
8034
7800
8310
8870
7943
7948
7549
8805
8226
7791
8569
8430
8245
7964
8214
7612
8300
8992
8313
8046
8959
8082
8544
12012
8094
9431
8117
7992
8301
7543
8283
9981
8876
8148
7559
8052
7717
7984
8248
10025
7647
8151
7847
8810
8215
8520
8814
8436
7865
8422
9231
8854
8040
8108
7261
9298
9988
8039
8011
7953
8021
7943
8196
7785
9461
8189
7364
9300
7581
7876
7474
8169
9634
8119
7856
8958
8017
8009
8334
7875
8972
8822
8317
8231
9451
7771
7973
11083
9691
8386
8808
8222
11430
8817
8361
8482
8129
9044
8006
8758
7795
7918
7800
8434
9001
9117
7429
8768
8279
7954
8202
8876
8263
7574
7765
7569
8603
8564
8717
8493
8429
8628
7898
8407
7917
8754
8199
7732
7669
7982
9989
8030
8289
8352
8492
7533
9923
8932
8774
8779
7894
8409
9431
7984
7874
7880
9058
8755
7507
8306
8777
10475
8814
10640
8838
7834
8496
9305
8894
8672
7790
8831
8600
8879
8303
8826
7976
8303
7463
8051
7897
8424
8845
7822
8075
8471
7622
8789
8713
7523
8041
8593
9889
9142
8766
8213
7610
8669
7327
9177
8000
7553
9091
7578
8299
7990
7717
8594
8492
8452
7795
8267
7630
7749
7865
9048
8031
8531
8249
8130
7795
8609
8795
8836
8705
9542
8492
7549
7792
7474
8022
8287
7694
8212
8574
8006
8845
9021
7535
8646
7589
8821
8285
8879
8147
8282
9148
7507
7754
7745
8897
8386
7588
8378
8996
7788
8523
8871
7638
8170
129908
7312
8215
8227
8551
8075
10086
7666
8096
11789
7939
8171
8828
8695
8100
7945
8208
7795
9241
8056
7753
7782
8261
8086
10682
11533
8090
7886
8520
10339
8174
8116
8895
7767
8160
8536
7665
9109
8002
9140
8902
8577
9274
7895
7910
8199
8854
7645
7889
8047
8160
8876
8033
7531
7796
7608
8984
8084
8977
8221
10519
9000
7913
8723
8061
7590
9210
9061
8345
7763
8887
8041
8758
8071
7586
8835
8680
9234
8505
7568
8805
8294
8256
7338
8902
8948
8374
8416
8637
8923
7867
8576
7987
9695
8776
7704
7774
8053
8876
9243
8364
8998
8494
7874
7361
8054
9016
8065
9128
8247
7733
9315
9034
8447
8145
8394
7427
8295
9696
9147
8737
9132
8808
7617
8594
8944
7858
8446
7554
8295
7295
8941
8843
8798
8744
11196
8804
8242
8133
9907
9463
8967
7624
8166
8060
9430
9048
7754
8807
8010
9257
8377
7528
8967
7610
8664
7807
10633
7609
8764
8947
8680
9006
8663
8607
8748
9041
8678
8519
8480
8614
8115
8791
9268
8273
7675
8849
8670
7355
9753
8916
8816
8620
8364
7357
8861
9049
9136
9865
8839
8958
7551
8294
8760
8376
8497
8553
9214
8058
8766
8416
7856
8446
7733
7984
7787
8472
8824
8738
8625
8582
7710
8420
7813
8563
9040
8761
7673
8131
7615
8138
11436
7589
8282
9377
7800
9742
8120
9098
8892
7640
7587
8984
8575
8875
8676
8948
8914
8010
8558
8635
9009
8725
7641
9671
7912
8998
8504
7625
8200
8093
8829
7547
8693
9225
7583
8483
8894
8467
8262
7787
7931
8892
8615
7710
8164
7420
8531
9279
8854
9133
7510
7529
8428
8158
9653
8674
8830
7666
9060
8548
8060
8686
7528
8590
9998
8558
7694
8630
9017
8775
8624
8557
106749
8372
8144
8648
8626
8887
7584
7957
7635
8721
8005
8376
7939
8254
7552
8451
9365
9239
7870
7832
8076
8625
8374
18646
8019
8313
7456
8479
8440
7650
7973
8861
8719
8173
8451
8051
7315
8626
9024
8164
8972
8031
8608
7753
9287
7869
8700
8023
7992
8187
8623
7653
9272
8979
7953
8594
11429
8876
10189
9861
9542
8876
8937
7852
7664
7598
7485
9333
8209
8426
8400
7992
8598
8015
9046
8477
7740
9181
8427
8618
7915
8554
8659
7362
8702
7880
8632
8775
8909
7780
7792
8886
7558
8756
7919
7466
10058
8333
8242
7852
8507
7613
8384
7740
9910
8415
9378
8025
8979
9193
8591
9102
8615
8610
8904
8611
8528
8719
7589
8223
12235
9387
8116
7567
8958
7630
8205
8758
9225
7492
8715
8288
8235
8462
7756
7887
8974
8677
8755
8565
8942
8397
8048
8504
7914
8520
7892
8162
8370
8549
7470
9559
7764
8048
7987
8297
7593
8121
7743
8703
8107
8092
8628
8728
9177
8660
8874
8405
8053
7870
7634
8369
8702
8209
8825
8507
8652
8577
7627
8843
8464
9217
8735
8542
10220
10212
8525
9104
8540
8430
9211
8410
9915
8717
7433
8774
8479
8802
7358
7529
8702
8978
9035
8202
9283
7671
9215
8697
7512
8687
7514
8353
8451
8364
9400
9481
7843
7338
8620
7952
8868
8359
8636
7810
8351
7721
8967
9175
7985
7975
7897
8464
8958
8461
8779
7605
8150
8661
8279
9015
7590
8103
8805
8295
8401
7518
8824
7999
10604
8738
8564
8135
7126
8154
7742
9440
7512
9123
8576
7362
7996
9065
7548
8263
7458
8674
8389
7588
8873
7706
8435
7994
7821
7377
7717
7872
7892
8290
8574
10441
8974
8507
8636
9272
8526
7731
7951
8588
8082
8740
7615
8650
8644
118698
7388
7804
9117
10140
8597
8460
11402
8476
8923
8815
9159
9114
10861
9256
9323
8189
8984
8830
8372
8517
7874
13626
8051
7829
8500
9255
7444
7888
8123
9278
8154
8917
8750
7774
8872
8594
8625
9057
8600
9148
8661
8531
8646
8871
8923
8882
8820
8716
7791
7558
9931
7852
9030
7490
8416
8756
8807
9095
8584
8901
9038
7443
8698
8795
7921
8634
7811
8643
7801
9027
8631
7878
8943
7746
7895
8264
8651
8727
7661
8553
7310
8934
9861
7806
9255
9256
9196
8336
8186
8459
8136
7940
8467
8215
7714
8056
7789
8889
9306
9594
8630
8589
7784
9248
8306
8338
7615
7733
8471
9023
7368
9387
9022
7944
7825
7635
7774
7347
9810
8611
8225
8230
8616
9226
8578
8788
7714
7753
7738
8181
9678
7599
7956
9491
8149
8916
8148
9390
8736
8671
9460
8313
8674
8564
8244
7835
11328
8999
8271
9009
7666
8937
7832
7769
8899
8267
7842
7537
8277
8154
9828
7589
8298
7549
8785
9469
7997
7558
8120
8011
9310
7705
7709
9173
8548
9077
7521
7859
9165
9088
8622
8338
7797
7424
8589
7384
8141
7684
9217
7503
8293
7753
8624
8583
8605
9029
9005
7635
8892
9143
9098
9333
8071
8866
7394
8699
8374
8751
8450
7849
11117
7905
9261
8055
8573
8391
8514
7874
7632
7774
9046
7803
9009
7292
8251
7352
8566
9815
8736
9944
8255
9034
8625
8838
8839
9153
8867
8574
8896
9010
8780
8830
9980
8707
7328
8849
8765
7608
8979
9676
8839
8551
8059
8747
9136
8414
9195
9214
10140
9156
8546
7756
8483
8673
8950
8446
8395
8747
8530
8533
7829
7596
7530
9013
11014
8902
9094
8492
8574
9403
8505
9627
9132
9052
7742
8022
7618
8597
8625
9199
8639
8296
84828
7808
8502
8866
7954
7413
9217
8676
8613
8712
8866
9029
8800
8876
9002
8149
7590
8600
10031
8604
7871
18353
8471
8694
8712
8147
9654
7912
8082
8057
8690
9087
7588
8742
8712
7882
7912
8310
8556
9137
9810
8070
8655
8695
7877
8466
11252
8179
7830
8597
8861
7502
8487
8569
8817
9242
9112
7487
8042
7779
7964
8010
8158
8002
8194
8187
7500
7861
8271
8425
7753
7574
8052
8161
8405
8857
7734
8931
10207
8671
9328
7818
7784
8754
9231
7993
8217
9400
8369
9442
8191
8167
8136
9636
8795
8575
9253
8517
7995
9339
9180
9415
7584
8832
8336
9206
7724
9386
8400
9032
10114
9078
7481
8710
8956
8914
7856
8947
9643
7614
8817
7548
8866
8071
8065
9026
8512
9439
7730
8617
9464
7872
8646
8200
8603
7808
8826
8007
8575
9492
8861
9427
8394
7978
8195
8016
9151
7861
8583
8516
8740
7405
8098
9047
7749
8451
7612
7605
7812
8959
9224
8298
9174
9628
9095
7531
8957
8856
10082
7501
7985
8593
7347
7591
9954
8488
10084
8712
8497
8436
8405
7530
7649
7376
8264
9193
8270
8202
9133
7466
9249
8990
8266
8926
9072
9125
9305
9160
8666
9137
19517
8976
8635
8034
8702
7929
7840
8864
7655
9108
7604
8834
7370
8456
8958
8682
8640
7609
8102
7766
8999
9928
8933
9559
8550
8086
8136
7831
8361
8599
9205
7540
8117
8656
8369
8550
7582
9091
8797
7507
8367
7777
9319
9236
9072
8215
7615
8924
8600
9542
7789
9987
8216
8527
9097
7634
8751
8789
8775
8969
8003
8943
8152
8901
8373
8518
7787
9389
8864
9579
8757
11029
8719
8392
8996
9624
8213
8436
7767
8377
7684
8808
8561
9001
8943
7449
8125
8378
9208
8786
9135
8540
7983
71620
7775
9007
8212
7912
8015
9927
7619
7398
9637
7784
8590
8149
8282
8521
7994
7955
8016
7856
7722
8290
7715
7792
8826
8029
8863
8897
8438
8613
8044
8580
7794
8653
8997
7391
7585
8413
8020
8901
8405
8075
8143
8306
8708
8412
7842
8700
7935
8533
9046
10065
7615
8018
7968
8010
8286
9248
8074
8948
7822
7864
8122
9439
8381
7952
19723
7588
8152
8058
8829
8748
8205
8465
9993
7569
7845
8517
7812
8815
8168
8073
8932
7686
7985
8605
8004
8631
8981
8088
8933
8251
9308
8127
8632
7892
7345
9041
7985
9029
8846
8175
7862
7373
8999
7989
8061
7561
7857
7788
8186
7712
7966
8876
9242
7748
7623
7675
9434
9022
8797
9233
8919
9554
8689
7779
7451
7770
8672
10638
8879
7532
9255
8615
7703
8817
8372
8912
10787
9063
9013
8193
8896
8078
9297
8020
9238
8954
8682
8493
8631
9239
8148
8461
8817
8154
8710
8626
7933
8701
7590
8637
8946
8697
8681
8540
9724
8282
8616
8104
8831
7789
8173
8945
9148
8865
7939
8859
7966
7964
9107
8560
8653
8941
9501
8135
8458
8412
8606
8829
8429
8897
9236
9220
8846
7513
8531
7571
9277
7410
9849
8717
10605
8726
8313
8995
8006
8338
9616
8605
8874
8745
9736
8322
8094
8789
7552
8810
7923
8267
7733
9295
8559
7841
9041
8303
8792
8197
7540
9523
7856
8892
7687
8901
7732
8981
8734
9249
8405
7668
8040
9743
8057
8618
8529
8503
8296
9214
8884
8929
8498
7978
8475
7945
8235
8422
9337
8914
9252
9503
7538
7973
8845
8038
8967
8969
11587
7606
7528
8194
9037
8501
8607
8852
7434
8515
9117
8177
8871
8308
7765
8423
9902
8717
8591
8897
7348
8843
8144
8227
8858
8870
8818
7828
83435
8107
8851
9915
8794
8810
10851
8346
8030
9234
9581
8464
8600
7651
8420
8661
8303
8748
8193
18502
7739
8325
7749
8421
8580
9204
8417
7812
8800
8284
8142
8600
9094
9161
7646
8679
9712
8245
8653
8394
9220
8329
8897
8578
8762
8825
9215
8827
8159
7462
8584
8432
8795
9039
8973
7425
8719
8118
8810
8758
9208
8620
7387
8796
7993
8488
9001
9655
9570
8626
8340
8836
7542
8582
8333
9066
8309
8659
8810
9603
8032
7856
9358
7631
8797
8632
7625
8635
8007
9048
8459
7986
9006
7582
7652
8634
8188
8220
9060
8674
10261
8478
8448
8446
9579
8661
9154
8874
7745
8267
7550
8915
9348
8707
9183
8692
8066
9146
8467
9961
8869
9582
8835
8641
8396
8911
8049
8562
8732
8568
7492
10408
8455
8817
8443
7687
8545
8010
7746
8158
8389
8653
8476
8332
7469
7512
8926
7608
8955
7443
8176
9299
7742
8667
9231
8555
8659
8041
7743
8205
9046
8265
8374
7679
8266
8854
8828
8886
8855
8257
7420
7460
8758
7592
8543
7633
8607
7386
8527
8677
9107
8635
8366
8795
7690
7457
8825
10019
8878
8876
8918
7825
9208
8170
8999
8212
8875
9284
7553
8252
8426
7829
8072
8638
9186
9038
8902
7892
8630
8161
7635
8438
7391
7742
8045
8070
8557
7706
10041
7666
8431
7784
8358
7571
8432
7551
8215
8984
11708
8597
8198
7497
7978
8119
8409
8193
7636
8620
8396
7512
7983
8673
8111
8614
9257
8172
8122
7890
8010
8341
8672
8431
8287
8130
8997
9113
8075
8817
8027
8181
8695
8100
8194
8041
8697
9171
8426
8593
7602
8245
7993
7933
8033
7964
8206
7738
7774
10477
8194
8943
8293
7693
8179
8225
7905
8166
7974
8134
8020
7892
7913
7782
10579
105558
7947
8642
8666
7511
9225
7260
9038
7646
8290
9200
7738
8027
7790
9051
8788
9064
8181
9102
8860
8353
8792
7589
9050
7963
8282
7964
7398
8102
9104
9153
7980
8078
8193
8558
9255
8821
8878
7997
8393
8222
8094
8178
8032
7654
8649
8763
8178
7572
9049
8846
8561
8112
8842
8315
8113
8933
8036
8599
8353
8720
8217
8591
11337
9235
7842
9165
8128
16446
8595
7981
9189
8757
8966
7837
9177
8553
7937
9102
8407
7516
7258
8939
7136
8766
8991
7606
9952
7910
7331
8215
7410
7257
7507
7661
8242
8826
8025
9013
7579
7577
8997
7386
9681
9145
8816
9020
7729
7464
8009
8707
8928
7632
8943
7760
8822
7512
10144
9005
9331
9222
8819
9018
7349
7883
8780
7578
11142
10701
9018
8600
7828
9174
9476
9069
7595
8784
7371
8996
7497
8771
9035
8235
8967
8432
8398
8994
7951
8700
7471
8611
7418
7680
9068
9106
8938
8569
9374
8657
8326
9071
8958
9576
8387
9049
7569
7656
7692
9437
8961
8384
8230
7939
7581
9079
8815
9232
8004
7549
9109
7856
8598
9269
9097
8302
7822
9033
9048
9117
9299
8886
11711
8173
9210
8801
8918
7552
8835
8183
8796
8645
9375
7996
7805
9396
8175
10150
8738
9800
9243
7649
7938
7893
8070
9245
9082
9300
7996
8511
7935
8927
7702
9854
10370
8137
8255
8075
8606
7942
8087
8148
8050
9389
8891
8683
8939
8600
10747
7463
9820
8213
8173
8546
9090
9041
7997
7767
8602
8239
8839
9194
8271
7295
8351
16269
8456
8069
7746
8306
8296
8520
8027
8212
7610
8790
7748
9401
9146
7519
8398
7609
7533
8492
7572
8046
10143
9059
9410
7471
7509
7356
8653
7542
9035
7581
8408
9545
9949
8428
7589
8082
9496
8377
81826
7500
7796
10088
8979
7443
8658
8592
7944
8200
7676
8666
9137
7332
8413
7535
8452
8837
9239
8927
9235
8808
7604
9147
8884
9233
9682
7975
10419
8897
8958
8656
8950
8710
7244
7994
8793
8459
8849
8051
8606
7314
9061
8516
11394
8764
8012
8995
8660
8971
8600
9327
8297
7713
8814
8150
8228
9636
8733
8985
8482
9001
8230
8015
9026
7772
8676
8764
8917
8644
8751
8987
8295
8700
7814
8967
8638
7957
8972
7654
8545
8051
7754
8134
9950
8604
8574
8697
7683
7851
7691
7659
9000
8158
8099
8065
7844
7780
7929
8026
8489
8136
7733
8323
7989
9297
8123
8796
8412
7697
7676
9037
8203
8213
8573
8135
9459
8234
7380
7597
8251
8472
9335
8484
8357
7697
7552
9194
7792
8290
8738
8076
7982
10104
8659
8308
8913
8325
8382
8635
8433
8027
8617
8917
8349
8866
8235
8041
7590
8104
7572
8675
9058
8512
8909
8842
8619
9158
8972
10113
8956
8713
8671
9034
9076
8259
8564
8842
8837
8622
9569
8531
8668
8483
8653
9151
8606
8118
8083
7851
8794
8568
8696
8902
7548
8454
9092
8455
8826
8783
8465
7770
7777
8718
8518
8697
8347
8795
7734
7857
9000
8123
8576
8635
9241
7832
8738
8639
7614
7920
7894
8632
7534
9116
8716
7561
8298
7723
10097
8194
8798
8761
9279
8556
8752
8052
9707
8582
8815
7574
8608
7952
8486
8796
7759
8648
7595
9101
8594
9173
9019
8784
8578
9388
8675
8579
8265
7430
7751
8664
9219
8671
7817
9015
8012
8594
8640
7493
8325
7576
7570
8856
8987
8705
8071
9210
8210
8149
8723
9020
8855
7751
9686
8475
9190
8838
8515
8736
8471
9183
7564
9239
10522
8275
8052
7488
9540
8829
7781
9001
9441
8615
8005
102492
7983
8216
8476
8369
8976
8471
8193
7559
8998
7794
8548
8056
8039
7795
8038
7617
8737
8789
9051
7769
9112
8374
7953
7803
7789
7643
7647
7710
8391
7597
9361
7592
8754
7325
8173
7733
8069
9584
8614
7603
7966
9017
9518
9338
8332
9402
8568
7989
8254
8406
7983
9163
10821
9484
7866
8673
7677
7779
8036
10866
8025
7553
7650
8748
8877
8189
8438
8587
9418
9533
9134
7650
7904
8556
8629
7656
8437
8837
7883
8175
7742
8245
7622
9819
8575
9516
7895
8607
9097
8237
7835
7613
8408
8421
8317
7941
8577
8818
8849
7953
9011
7984
7645
7329
8936
7398
8917
8891
8571
8776
7402
8021
8722
8475
8841
8151
11536
7973
7487
8823
10861
8797
7564
8360
7574
7826
8534
8058
9119
8291
7838
9146
8103
8739
8235
7589
8157
8412
9665
8023
8678
8618
7614
8287
8937
8702
9133
9668
9982
7773
8715
7913
8485
8519
8232
8005
8264
8735
8460
8758
8707
9592
7364
8134
8636
8600
8680
8347
8650
7723
8230
8888
8193
8484
9184
8620
7226
7727
8539
10221
9718
9531
9093
8676
7772
8751
9082
8810
9017
8843
8629
7758
9075
8734
8676
8035
8923
7447
7683
8929
8218
8589
7757
8299
7259
8589
8878
7963
8845
8235
7934
9941
8016
9292
7797
8544
7729
8355
8635
8133
8738
9622
8646
8269
8362
8825
8677
9215
9041
9032
7970
8071
9096
8042
9068
7728
9025
7914
8958
8776
8497
8893
7850
8535
9778
7667
8882
9060
8840
8184
9271
8031
8777
8698
9041
8862
7435
7453
8573
9338
8361
9138
8686
8296
8751
7389
8771
7999
9138
8697
7994
9118
8571
7651
8306
9202
7841
8138
8557
8819
8992
8725
9157
8384
7576
8137
8957
8388
9119
7692
8816
7323
118423
8712
8971
8462
8442
8238
7936
7608
7612
8940
8511
7994
7620
7916
8524
7531
7984
8106
7788
8253
8127
8394
8372
9278
8595
9397
7875
7661
9171
7958
8275
7743
9231
7876
8517
9256
7599
8391
8562
9811
8010
8251
8721
8082
8967
8468
7572
8813
7572
7656
8123
9156
8102
7872
8543
9515
8548
7951
9158
8362
11067
7815
7966
8666
9933
8307
7411
8214
9049
8089
7794
8743
9488
7999
8667
8576
7576
8973
8406
8953
10243
8491
9248
7580
9063
7568
8194
8215
8298
8824
8254
7955
8206
7915
7699
8039
9485
9141
8038
7403
8637
8082
8010
8671
7396
9400
8340
7487
9253
8496
8792
8439
8317
8584
8787
7962
7510
9283
8321
9256
8499
11272
8739
7912
7466
9349
8501
8737
8712
7736
8166
8017
7862
8555
7502
7845
8357
8081
8825
9302
8918
7921
8376
7812
10071
8636
7601
7553
8644
7933
7399
7790
9107
8379
9239
7538
8670
8460
8033
8497
8421
8813
8343
8071
7590
7764
8175
8654
9156
8629
8265
8783
9498
9112
7477
9846
9082
7802
9095
8147
8748
8379
11027
7710
7618
8373
8306
7918
8805
8475
8335
8030
8795
7519
7511
7852
7850
9882
8251
9425
7840
7654
7793
7951
8046
7512
9225
7868
10766
7499
8566
9451
8177
8543
8592
7714
7885
8075
7896
8840
7648
7901
8942
8607
7374
8119
8285
8814
7631
7805
7645
8128
9204
8128
8554
7911
8425
8256
7692
7800
8841
7951
7639
7352
9147
7705
8165
8656
8804
8692
7412
8512
8087
8816
7805
7793
7972
8179
8182
8355
7717
8595
8151
8466
7851
7877
7579
9206
8572
8398
7885
7644
10281
8621
8102
7543
7843
9571
7598
9665
8192
7862
8592
7548
7936
7707
7548
7569
9419
8237
9119
7791
7357
140300
8445
8095
8298
8211
7913
7437
7800
8761
8233
9721
7904
8814
7750
8908
8606
8193
8653
9013
8958
8700
8692
8205
8314
8410
7892
8224
8522
7548
8682
8589
8446
8149
7673
7552
7889
8841
9200
7885
8089
8680
7742
9380
9782
7533
8383
7907
7569
8449
7425
9140
8307
7929
8095
7922
8416
8751
8920
7842
8010
8472
10038
7939
8256
8133
7589
8336
9331
8810
7718
7905
8828
8920
8619
9100
9127
8676
7600
9405
9081
9203
7368
9097
8963
10041
7471
8449
9113
8008
8996
7495
8463
9199
8053
7522
7867
7678
8519
8597
9190
7610
9040
7374
8658
7451
7459
7425
11635
7783
7876
7556
7487
8451
8796
9215
9517
8407
8610
8825
8600
8943
7821
7468
8213
9261
8907
9805
9097
7587
8534
8092
8201
9203
7786
9223
9073
7920
8399
9343
7818
7997
8604
8915
8471
9361
7533
9318
8784
9122
8051
8565
8837
8454
8456
7827
8775
7781
9128
8847
8406
9469
8079
9071
8631
9136
7703
8103
8755
7955
8875
8231
11141
10547
9155
8589
9783
8739
8406
7601
7522
7943
8063
7964
9321
7796
8749
7668
7535
8615
7892
8119
7630
7698
8840
8435
9607
8012
8349
7753
8610
8851
7953
9569
8156
7704
7712
8293
8728
8615
8457
7392
8184
8886
9260
7509
8398
9177
8637
8273
8727
8131
7364
7409
8672
8790
8863
8728
7520
9189
8809
8794
8154
7783
8935
8055
9690
8953
8695
8072
8456
8828
7794
8659
9215
9070
7931
9022
8738
9157
8567
8429
8436
7471
8589
8701
9140
8476
8553
8866
7722
9056
8697
8398
9829
7581
7541
7716
7874
8644
9001
8938
8236
8243
8539
8020
8554
8422
8876
7328
9019
9030
9007
8616
7975
9096
7451
8435
8802
7960
8857
10037
9028
8061
113820
7450
8294
8941
8048
9184
9764
9166
11066
9100
8936
9421
9083
7287
10061
8217
7917
8852
8631
8648
8680
8463
8601
9204
8459
9126
8678
7769
8011
8823
9427
8651
7756
8821
8713
7995
8737
7531
8937
7591
8876
7615
8374
9074
7635
8529
7846
8969
7295
9157
8964
8476
8668
9158
8719
8027
9173
9659
8235
9573
8798
9734
8574
8056
8716
8410
8527
7684
8517
7849
10832
9841
8714
8692
8076
7891
8302
8873
9508
7508
8523
7738
8926
8625
7965
8222
9032
8815
7891
9205
8358
8555
7705
8620
9099
7609
8335
9261
8524
8304
8453
9056
8535
7624
8809
8405
8594
8647
8010
7713
8210
8403
8155
8359
8497
9366
7757
8656
8000
8356
8961
8628
7741
7667
8054
7953
8994
7892
8576
8547
7903
7823
7944
8874
11486
7630
7843
8778
9225
9094
8971
8617
8508
7884
7308
7616
7835
8806
8179
9206
8316
8819
8328
7598
8635
8645
9017
8924
8810
8713
9236
8030
7984
8684
8402
8940
8106
8182
7820
8161
7828
9970
8280
7789
7998
8781
8114
8314
8827
7993
9435
7876
9087
7977
8608
8116
8775
8208
8032
7912
9319
7854
8787
9166
8702
8077
7446
7691
9945
9315
8246
8518
8035
7591
7673
8487
7678
8329
8832
8828
8287
8840
7917
8420
7992
8299
8059
7433
9345
8857
8979
7974
9101
8150
8590
8615
8463
9443
7818
10718
9066
8013
8659
8463
8337
7948
8417
8064
8514
8031
8245
7831
8770
8398
8161
8572
8758
9948
7907
8193
7983
8338
8026
9190
8135
8691
8021
7550
7827
7438
8426
8164
11320
8902
7669
7690
7942
8948
7924
8594
8988
8619
8520
8030
8058
7990
8413
7857
7994
9246
7524
7984
8076
7811
8066
7687
7788
7882
8764
7943
8502
8016
8498
118106
9628
9027
7708
7910
9622
8949
8174
7871
9087
8187
8815
8797
7673
8199
8692
8232
8491
9056
7840
7472
7942
8697
8378
8840
9236
8753
8572
7459
8696
8845
7593
9131
9717
8031
8287
8885
8696
9673
8720
8406
8092
8363
9608
8076
8813
8410
9081
7325
7581
8715
9248
8715
8960
9209
7570
8674
8829
7814
9006
7368
7663
8536
8584
9800
8030
9556
7644
8995
8282
8735
8709
7909
9490
8196
8251
7962
7507
9123
9060
8902
7769
9451
8035
8569
8376
7775
9024
7996
9235
9029
7786
8323
7851
8813
8472
8123
10054
8457
9426
7617
9227
7940
7889
8456
8517
7996
7711
9218
8359
7434
9049
8173
9001
8819
8973
7868
7769
7416
7770
7554
7871
7851
7932
7812
9079
7659
8856
9480
10472
7692
8871
9136
7576
9779
7992
7513
7231
8117
8788
9378
9098
8060
8939
7689
8497
9287
9154
9001
7668
8394
7775
9260
9199
9095
9144
8614
9051
8273
7820
7487
9353
9531
7347
8905
9128
9191
8979
7570
9030
7815
7623
9053
9032
9228
7807
8796
8311
9103
7489
7680
9014
8399
7641
8779
8360
9413
8621
9302
8071
8294
8046
7774
9138
8944
9042
8376
8110
7346
9001
8890
8339
9149
7523
8982
7734
7678
9087
7814
9223
8038
8043
8891
8981
8986
7552
8808
7786
8554
8723
9179
9078
9442
9179
8278
10851
9143
8069
7439
9753
8896
8306
7901
9883
8534
9159
8210
7528
7553
8430
8977
9583
8560
8167
8846
7729
8277
9107
8429
9247
8244
9210
8196
9867
9048
8175
9035
8841
8431
7729
8582
9272
8925
8937
8610
8669
8330
7926
7687
7632
8999
8067
8717
8940
9028
7403
7804
7571
7577
8189
9097
7512
9021
8835
9033
8160
8789
7329
7630
9338
7832
7508
8492
113334
7334
7694
8679
10560
7525
8666
9169
8267
8837
9447
8593
9457
8818
8748
8613
8887
8183
7742
8320
8158
9379
7830
8839
8215
8163
7671
8501
8316
7384
8254
8802
8270
9204
8514
8240
9374
9040
8144
7748
7495
8691
8603
8056
9317
8131
7514
7915
8712
7628
8416
8107
7754
9255
8791
8610
7744
8100
8452
7706
13810
8784
7580
8612
7631
8547
8184
8428
8794
7891
8553
7735
8075
8319
8601
9297
8246
7971
7825
7853
8915
8434
8059
8519
9206
8018
8712
7656
8889
7845
7523
8752
8991
9486
8825
8235
9015
9844
8227
8753
8996
7533
7652
7911
7693
8383
8155
8281
7842
7432
8023
7507
9062
8160
8961
7540
8512
8867
8066
7802
8922
7553
9127
7353
11975
9209
8217
8333
7795
8668
7625
8590
8125
7768
8259
7833
9215
8243
9479
8579
7588
7779
8338
9230
9035
8587
8064
7971
7728
9061
8153
8640
8785
8612
8901
9758
7412
8822
8019
9051
8775
8668
8516
7573
9039
8653
8764
8659
9017
8777
8054
8128
7443
8360
7569
7652
8153
8223
9019
8810
9476
8695
10789
7535
8205
8685
8988
7994
10710
7967
9240
8406
7658
8962
9154
9203
7572
9056
8564
7569
8020
8631
7859
8183
9049
7925
8596
8366
9566
8956
8333
7556
7457
8707
8906
7985
8189
8190
8977
7841
7851
7536
7653
9179
8246
8292
8140
7979
8455
7552
8726
7531
10025
9034
7549
8866
9195
8941
7410
8172
7683
7712
9555
7374
9198
8620
7598
8526
8467
8515
8493
9017
10385
8311
8970
8600
9041
7749
8361
7861
9007
9452
7769
9043
7468
7807
8317
8318
8706
7576
8537
7930
7989
9509
9271
9163
9236
9300
8173
8603
9472
9091
8987
8476
8019
7394
8697
7410
7529
7853
8016
9173
8597
111256
7994
7548
9031
9240
7557
7367
9057
7294
7829
9184
9295
8945
7914
8438
7988
8183
9246
8265
9355
8641
8503
9832
9935
8547
8793
7827
8628
7650
8900
7790
9014
7611
9160
8207
8884
9136
9081
9047
9222
11465
7635
7883
9022
8615
9255
8422
8507
8178
8717
8950
8330
9344
9881
10030
8972
8139
8545
8541
8909
10920
8750
7279
7971
8659
8458
8590
7353
8885
9386
9226
8594
8837
8641
8236
9640
8558
8723
8733
9392
8326
7379
8840
8426
9075
8205
7926
8057
7768
8266
8576
8019
8455
9153
8609
8394
9312
8989
8893
8846
9420
8444
8451
7708
8925
9160
9046
8311
8656
8432
8375
9445
8172
8866
7556
9034
7710
8087
8462
8655
8846
8755
9451
8037
7663
8737
8183
8646
8564
9619
7604
9061
8838
7901
8615
8091
7580
8146
8765
8669
8997
9666
7733
8400
8642
9031
8543
8901
8539
8007
8518
11777
8857
8286
8091
8610
7509
8584
8610
9000
7461
7868
8659
8422
8874
8723
9108
9756
7952
8189
7536
8856
8604
8104
9559
8779
8696
7591
8599
8875
9480
8594
8727
9299
8022
7999
8805
8192
8676
7986
9157
8637
8088
9632
8370
8649
8758
7664
8906
7738
8665
7772
8828
8677
7803
8255
8339
8618
7856
9387
8270
9992
8538
9317
8186
11446
8014
8734
9122
8615
8164
8441
7622
8594
8588
9257
8891
8887
8586
8776
8645
8393
8097
8737
8950
9507
8835
8929
8252
7573
8680
8232
8625
7794
8753
7535
9357
7780
9598
8591
8372
8333
8102
7913
7506
7784
8863
9315
8424
8683
9372
8615
8411
8605
7292
8841
7840
8635
8515
8452
8697
8658
8499
8312
7784
8898
8999
8634
8224
11514
8762
8648
8621
9031
8783
7412
8777
9585
7705
8818
7585
8679
8257
75194
7818
7830
8606
10128
8072
8456
9948
8453
9241
8899
8938
8577
7868
8638
8257
8138
8058
9200
8496
8553
7896
8692
7745
8868
8193
8782
8525
8624
8712
9630
8776
8814
8764
7814
8772
8724
8772
8679
10262
8587
8594
8928
8508
8434
8646
8435
8359
8784
7687
10790
9625
8948
9441
8498
7969
8774
8018
8659
8736
7435
9762
8394
7414
8808
8610
8638
9060
7924
9507
8767
8708
7965
8526
8312
9010
7991
7656
8747
8135
9079
8836
8763
8754
7882
9184
7823
8574
8071
8065
9446
9257
8829
9142
8887
8974
7806
8900
10153
8646
8695
8552
8611
9133
8877
9196
8652
8830
8590
8226
7721
8707
7955
8805
11391
9928
7724
7788
9077
7977
8451
10035
8548
7374
7835
8785
9360
9762
8292
7917
7763
8146
8515
9046
8908
8213
7532
8651
8595
8828
8006
8780
8550
7902
8164
8972
7728
7530
9081
9224
9001
7558
7808
9115
9241
8894
8138
8118
9117
7538
9076
7606
9042
7416
7933
9875
7798
7695
8572
7546
7680
7844
9632
9198
8221
8786
8694
9313
10957
7980
8345
8877
8717
8564
8357
9053
7935
9128
9522
8584
8841
8733
7594
8624
8577
8619
8032
7776
8017
8196
9514
8466
9517
8200
9593
7838
8393
8834
7528
8627
8535
8897
22826
8844
8497
8736
8667
8159
8981
8439
9148
8623
8008
8879
8418
9178
9524
9398
8338
7573
8800
9015
9384
8710
9226
8606
23569
8979
8235
7917
8841
9185
8834
8136
8673
8673
8390
16579
9077
8840
7717
8774
8490
7568
9645
8194
8885
7866
8678
8264
8659
8327
8384
9414
8134
8668
7690
8764
7625
7656
8601
8369
8589
9657
9398
7946
8010
8841
9768
8652
7892
7769
9766
8007
8621
9237
17548
7932
7933
8590
7840
8795
8400
8616
8085
8531
8895
8200
8338
9082
7708
7488
7580
10178
8795
9106
8877
7551
8313
8800
8461
9519
8337
8194
8844
8635
8682
8394
9297
8831
7623
8290
7828
10493
8660
9349
9122
7951
8525
8629
9283
8373
7753
8749
7672
8494
9882
8866
8415
9723
8494
8664
7747
9656
7550
8474
8656
8606
7734
8738
8735
8836
8800
8389
8528
8030
8160
8828
8729
8743
8858
8637
7563
8997
8817
9717
8794
10465
8678
7928
11110
7712
7594
8694
7730
9117
7629
8841
8519
7533
9784
9474
9001
8879
9214
7782
9451
7471
7669
8777
8439
8765
8986
8360
8400
8202
8869
7802
7592
8117
7852
8942
8607
9694
8598
9651
9010
7728
7512
7868
7658
9089
8637
9882
9336
8671
8273
8830
7596
7550
7450
8394
9235
7929
9276
9064
8579
9180
8430
8827
7778
8827
8680
7955
11521
7965
7433
8006
8338
9446
8491
8944
8477
7739
8025
9122
8887
8938
8600
7743
8125
7791
7474
9202
7856
8587
7841
8567
8861
8379
8810
7929
8776
8692
8154
8674
9107
8810
8259
8761
8269
7568
8791
9056
8849
8093
8565
7608
8779
8878
9209
8789
9032
9125
7413
7483
8917
9237
9389
8797
8703
8708
8100
8343
8677
9430
8532
8624
9762
9107
8758
9451
8597
7779
7430
8593
8039
8639
7907
8808
8267
7383
8382
7800
8650
8494
8567
8190
8319
9048
9277
9368
8090
8651
7871
8085
8894
8314
8646
9077
8582
8471
8609
8937
8246
8537
7858
9447
7391
9116
8718
9362
8281
8899
8839
7671
7778
9053
8556
7773
8492
8800
7929
8875
9536
8952
8371
10519
9067
8436
7832
9210
9197
8517
7651
8225
8117
8875
8454
9348
8717
8353
7520
8256
9015
9656
7989
8975
7734
8046
7328
8856
8630
8348
8652
8212
51491
7272
9125
9158
9162
7709
7774
9687
8314
9271
7989
8559
8138
8189
8900
8812
8805
7967
7830
8735
8687
7943
8072
8564
7665
8296
7980
8024
8053
7988
8073
7961
8182
7988
8641
8825
8006
10043
9030
7589
11041
8593
8784
8463
8391
8664
8370
9230
8698
8328
7774
7823
7818
8634
9196
7384
9892
7633
7572
9089
8027
8039
8523
7554
8941
7889
9051
9019
8004
7383
9178
10164
7918
8430
7769
7977
8947
8907
9138
9099
9146
7387
17171
8560
8247
9024
8370
7400
8231
7828
9385
7630
9084
8882
9133
7748
8311
8715
8568
8569
8926
8755
8390
8480
9007
9004
8420
8608
8695
7783
8456
8377
7854
8678
7640
8741
8415
8783
7837
9184
9201
7492
8376
7210
7652
8626
8099
8686
8609
8809
8055
8379
8519
7793
8630
9221
9421
8605
8681
8352
8556
8522
7670
8119
8668
8999
9476
8776
8613
8487
8467
8723
8937
8802
7666
8739
9441
7941
8285
9010
8768
8086
8598
9378
8622
8451
8711
8475
9576
8234
7958
8202
8442
8116
8615
7549
8700
7549
8436
8746
9509
8815
7435
8937
8466
8554
8246
7483
8635
7281
7803
7814
7839
8454
8845
8072
7396
9159
8607
8840
7695
8851
8929
8276
8276
8659
9230
7432
7839
8994
7950
8880
8443
8418
8478
7596
9801
7584
8599
8736
9019
8652
9093
9394
8089
7555
7409
7735
8678
7944
9043
8034
9096
8393
8904
8395
9265
8488
7537
9212
7710
8615
8562
8007
7774
8486
7668
7965
7882
9275
7679
8979
7942
8821
8956
8014
7972
7809
7953
7820
8110
7704
8236
7835
8501
9017
7490
8922
7773
8061
7902
7321
9276
8214
7714
8047
10013
8340
8108
8894
8730
9078
8748
7601
8877
7897
7924
8856
8020
8364
7638
8641
8372
97731
8402
7590
11112
7611
8358
8277
8377
7562
9943
9092
8220
8556
8619
8579
8315
8522
8864
8380
8938
8215
7539
7513
9071
7731
9573
8318
7729
9079
8958
8733
8436
8025
8976
7594
9015
9396
8562
7812
8439
8649
8340
8742
9374
7936
7972
7952
7820
8113
8181
7909
9400
8224
8502
8086
8614
7848
8055
8351
9082
7471
9003
7789
8718
8090
8471
14324
10064
8907
8252
8637
8837
8312
8051
7505
10283
7773
7807
8048
7871
8048
9307
8761
8334
8349
8302
9130
7964
8654
7759
8119
8395
8069
9226
8001
7692
8270
8505
8094
8189
8214
8111
8543
8448
7441
8835
8323
9040
9054
8230
7679
8481
8841
8677
8417
9196
9452
8786
8856
7969
8374
7335
8601
7274
8971
8635
8007
8977
7348
7984
8044
10787
7340
8390
8393
7422
8214
9010
9294
8848
7976
8013
8187
7774
8834
7812
8412
8897
8832
7889
8393
8931
9026
8575
8435
8619
7357
8102
8517
8671
8737
8372
9302
8518
8254
8773
7988
8810
8507
8741
7500
8690
9025
7991
9605
7434
9060
8888
8241
7718
8805
8764
8053
7817
8625
8551
9232
7947
8678
7481
7581
8640
8718
9625
9093
11448
7805
8539
7977
8544
8515
9410
8194
8647
8796
8619
8114
8658
7992
9000
7730
8352
9040
8025
8542
8169
8483
7610
7693
9047
8659
10088
8352
9008
8590
8540
10165
7829
8818
7476
8985
7711
9279
8779
8487
8757
9339
7615
7462
9029
9034
8480
7758
7832
8167
8497
7683
9029
7608
9820
8331
9213
8463
7968
8656
8427
7502
7562
7892
9176
9074
8074
8114
8077
8530
7575
9098
7725
8766
9423
8173
8448
7717
8098
9386
7703
9673
8112
7356
9282
7425
7590
8061
9079
8366
7363
8196
7843
8858
8938
10111
10050
8271
110876
8532
8242
8419
8951
7671
7481
8225
7845
9056
10123
7646
7515
8244
8503
7476
8321
8025
8410
9358
7773
9027
7875
8272
7592
10019
7593
7472
7745
9228
9194
7693
9303
8812
8620
7961
8233
9257
7800
8250
9951
8317
7472
8343
8035
7947
10305
8750
7572
8156
9959
8415
7610
8538
8767
7932
8718
8181
8026
8159
7517
8945
7458
7841
7483
8407
9020
7417
9355
7999
8859
8670
9210
7600
8123
8594
8578
8149
7517
7766
8193
8678
8509
7584
8894
8637
8984
8476
7714
8962
7511
9156
8256
9312
11232
16148
8539
8935
8364
8506
8109
9037
7735
8625
7538
8685
7887
9543
8551
8433
8982
8399
7625
7820
8645
8639
7326
9954
7759
7751
7859
9235
7585
8529
7854
9793
8792
8341
8454
8589
7362
8410
7552
9077
8034
8279
9680
7435
9090
7989
8754
9789
8594
8156
8470
7886
7661
8145
9239
7741
7758
7824
8661
8360
7629
9159
8545
7892
8079
8741
8281
9200
8649
7357
8005
7386
7988
7552
9861
7460
8420
8807
8825
9036
9300
7283
7638
7741
9039
7984
8003
8594
7987
8695
8101
8271
8636
7671
7874
7595
11138
8694
8214
7948
8188
8435
8164
8857
8140
8035
8002
8452
8705
8030
7871
8877
7792
8819
8111
8611
7620
9159
8467
10140
8594
8499
8527
7523
8221
8492
8378
8676
10493
9356
7801
8084
8724
7812
9003
10801
7720
8577
7412
8774
7489
8583
7579
7661
8840
9219
8900
8511
8697
7461
8870
8825
8210
8958
7427
8379
8612
7783
8810
9110
8508
7544
8858
8570
9338
8694
9029
8454
7674
8753
8663
9097
8660
8568
8639
9261
8741
8445
8574
9041
7471
8421
7451
8617
7563
7915
8689
9246
8810
7524
8563
8205
11535
7548
8575
8714
8255
9124
7778
121028
8926
7744
8394
8906
8201
7358
9086
7235
8036
9197
8515
9074
7794
9157
9136
9831
7714
9430
9086
7504
7667
8921
8679
8592
9075
8797
7793
8501
8564
7541
8773
9061
8951
7996
7468
8569
7852
8626
7569
8787
7852
8112
8290
8316
8779
7670
8788
7622
18061
7563
7476
8805
10135
9780
8590
9079
10962
8592
8353
7608
9244
8594
8334
9075
8594
8820
7732
8675
7379
8184
9743
9126
8788
8317
8389
7306
8162
8637
7912
8782
7615
8929
8562
8502
9397
8422
8529
8032
8395
7419
7779
8583
9079
8358
7519
9068
8519
9242
10076
7510
7453
8590
7558
7338
8271
9215
8644
9133
8482
8264
8926
8044
9738
11067
9188
8632
8994
9186
8117
9308
10334
8377
8367
9041
8658
9024
8336
8288
7784
8056
8615
7698
8020
8998
8061
8345
8575
8564
9095
8739
7652
7323
8162
8200
8230
7781
8810
8396
8414
9097
8926
9802
9344
7789
8043
7753
9065
8189
9143
8005
7975
7965
8646
9066
8154
7791
8318
8333
7611
7797
8818
9055
8120
8012
8191
8059
8395
8971
9087
8648
8146
10438
8293
7955
11226
9177
8487
8235
9129
8037
8420
8571
8099
7707
8171
7649
7800
7698
7791
8117
8502
8312
8473
7977
8692
7714
7914
8688
8262
8082
9779
8403
8402
8642
8594
9105
8610
8973
8248
7516
8202
8372
7917
7642
7948
8176
8213
8182
9061
8005
8425
8556
8041
8657
7852
8030
8051
7396
8396
7969
8303
8927
7325
8677
8573
7831
8992
8354
10899
7687
7839
8641
8925
8266
7731
8963
7772
8871
7997
8299
8026
8493
7856
7427
9490
8534
9209
8205
7933
8405
7871
9206
7963
8715
8625
8369
8092
8410
8685
9044
9405
7854
7976
7968
8628
11658
8046
8757
7777
8549
8070
7403
94453
7891
8070
7632
8269
7758
8488
9708
8629
7873
8220
8184
7634
7996
7769
9004
7869
8781
9324
9114
10075
7900
7736
7918
8606
9600
9281
8651
7526
10057
7804
8016
9993
8389
7585
8344
7703
8402
8534
7773
7896
8599
8087
7793
8251
7810
9222
8215
7611
7478
8984
9293
9380
8192
8816
8625
9337
9178
9098
9299
8609
8871
7317
8191
7829
8150
8283
8190
8806
7410
9158
8053
8396
8882
8015
7845
7825
7548
10893
8438
8598
8022
8082
7798
8064
7752
9078
8553
7604
7922
7841
8608
7793
16841
8976
7482
8677
8156
8435
9255
8676
7866
7726
9073
8601
8205
8637
8970
7452
8115
7917
8837
8125
7658
8632
9931
8915
8614
7815
9196
9041
8152
8663
8194
7551
7680
9428
9874
7654
10115
7497
8076
7925
9338
8043
7913
8796
8251
9327
9109
7793
9808
7551
8396
8441
9246
8418
8693
11943
7991
8243
7572
8712
8034
9217
7692
8424
8818
8052
9869
8179
23313
7755
7490
9134
9452
8996
8594
8856
7535
7846
7955
8233
9067
8752
9059
8758
8674
7792
7661
8921
8523
7901
8302
8628
9266
7482
10220
8616
7808
8336
7463
7542
7694
8476
7933
8257
8924
8628
8615
8772
9262
8081
8317
8364
7914
7600
8131
8094
9511
8354
7970
14174
9235
7915
8670
8174
7745
9136
7918
9398
9341
7994
8717
8734
8798
8183
9872
10682
8009
8792
7793
9185
8738
8933
8858
8492
7899
7759
8289
8975
8697
10097
11015
9263
7326
7635
8490
7579
8467
7820
9252
7804
8142
8030
7973
8716
8317
7691
7741
7682
8409
9098
8805
8487
8017
7758
8099
8485
9038
8616
7505
7420
8078
7602
8080
10379
7586
7984
7573
8415
7660
8461
8882
8036
7491
8488
8406
9000
7861
8019
7753
7795
95274
7630
8862
8225
9842
8737
7738
8594
9233
8902
8580
9055
8924
7792
7974
8894
8573
8820
8932
8874
8054
8579
8875
8648
8774
9200
8993
8425
9058
9196
8853
7558
8413
8570
7627
8684
8960
8377
8620
8958
8380
7973
7974
8889
9183
8871
8856
10204
7422
7450
8713
7727
8697
7967
8100
7880
9975
8481
8352
7767
7340
8793
8487
7553
9336
8873
8632
8016
16941
8024
8966
8415
8496
9014
7733
7784
7936
8129
9959
8014
8480
7370
8352
7451
8851
9157
7738
8852
8395
8096
9123
8972
8333
8969
7897
7356
8887
9144
8757
8446
8865
8722
8468
8424
8415
9014
8556
8210
8471
9037
7666
11161
8142
8499
8702
8677
8576
9854
8946
9294
8109
7607
8174
7696
8979
7584
8348
8439
7851
7974
7938
7628
8740
8923
8184
7994
8926
8717
8799
8555
8618
8683
9047
9047
9251
8656
9151
9115
8597
8077
7982
8745
8487
9584
8506
8415
7704
7964
8925
9287
8732
8844
8641
7511
8165
8045
8375
8619
9561
8838
7948
9027
8476
8584
8859
11220
7630
7976
8126
7520
8533
8939
7671
8373
7989
8062
9018
8148
8660
8457
9136
8531
8327
8516
8495
8574
7834
7772
7659
9372
8876
8009
8911
8304
9108
9028
9990
9320
9185
8817
7826
9231
8494
8912
8733
7805
9413
7323
7513
9099
9095
8966
8998
9010
7586
8777
8912
9226
8818
7787
7722
7266
8723
9049
7663
9020
9378
8948
7548
10952
7600
8873
8332
8277
8776
7812
9481
8759
7663
9030
8222
9799
7842
9005
8551
8685
9113
7389
8065
7394
9087
8801
8876
8504
7779
8339
8540
8437
8784
7605
8945
8687
8682
8507
8718
8599
7885
8614
7883
8382
8661
8895
8963
8251
8554
7863
9087
8332
7805
8214
9172
7996
7500
89330
7692
9206
8437
8375
8583
8725
7744
9234
8904
9597
8491
8158
8252
9177
9026
9025
9030
8135
9105
7583
8206
8965
9061
8931
8681
8757
7848
8023
8848
8858
9169
7751
9001
8031
7909
8328
7978
8032
7505
9325
8166
9382
9382
7826
8179
10301
8104
7902
8487
7881
7811
8177
8083
8318
7387
8476
8630
9134
9358
7360
7620
7533
8062
7944
9074
8105
8488
7681
8068
9529
7885
7583
8574
10755
10148
8020
7510
8062
7555
8752
7397
8632
7601
7987
7821
9610
9167
8313
9013
9789
8758
8075
8497
9214
8465
7541
7583
7814
7635
10194
8719
8380
8371
7623
8041
7953
8737
9228
8193
8708
7751
8667
7771
9539
8016
8014
8414
7993
9135
8092
8010
8361
9136
8457
8528
7579
8285
8192
9167
7595
9174
9476
8905
8101
7708
7587
7600
10784
9111
7968
7687
8008
8544
8957
8095
9510
9151
7676
8033
9371
9891
9031
7787
8996
8036
7373
8772
8288
7722
9510
7653
7577
7817
8262
7473
8364
8547
7930
8415
7843
9148
8760
8300
7549
7337
7815
8143
8845
8790
9248
8373
7953
8841
8615
8280
8752
9054
10182
8073
7742
7973
8414
8377
8665
8256
7379
8131
8858
8728
8907
8018
11450
7264
7973
7772
7908
9262
7784
7721
8223
7538
9657
9107
7783
9008
8902
8498
8175
10091
8372
8394
7807
8815
7989
7754
8072
8537
9500
8218
8430
8635
7702
8153
9051
8795
8188
8166
8393
7469
8912
8230
8193
7405
8686
8533
9115
7720
9594
7798
7845
8964
8041
8560
7611
7642
7384
7545
7800
7523
9227
9148
8355
8338
9441
7956
11300
8215
8207
7482
8692
7686
9234
7892
7671
9012
8946
7662
8467
7998
9178
7501
7512
10061
8389
8571
9544
7569
8117
9133
8428
8052
7994
125769
8354
7841
8805
8827
8938
8847
8825
8677
8630
8824
8369
8780
8596
8595
7609
9152
7810
7569
8968
7590
8582
8434
8202
8594
9018
8805
7948
8443
9509
8179
7614
7834
7759
7983
8117
8180
9741
9630
7603
8298
8128
8484
8282
8620
7519
8194
8453
8324
8717
8798
8150
7688
8055
7539
8427
7489
8713
8974
8180
7643
8560
8671
8583
9083
8136
8857
7661
10294
9403
10121
8019
8013
7705
8753
7694
8225
7841
8098
8731
8317
8717
9099
7620
8205
7723
7620
7533
7724
8645
8713
8763
8786
8092
8556
8487
8938
8183
7736
8143
11423
11328
8052
9197
9195
8182
8295
8570
8797
8369
8876
8176
7692
7586
8454
7589
7954
7841
8817
7752
9200
8820
8665
8067
9133
8517
7705
8379
7519
9026
7405
9837
8733
7827
8224
8420
7738
8084
8631
8594
9135
8721
8207
8953
7645
8610
9347
8502
8586
7922
9800
8661
8591
8395
7464
8604
8327
9240
8989
8796
7783
7807
8134
8399
8783
11251
8453
8907
7971
9020
8495
8740
8304
9199
7665
8633
7651
7995
8945
7672
9113
8379
8446
8162
7473
7553
8169
8226
8509
8484
8130
8823
8303
7773
8328
8024
9456
9214
9151
8374
9108
8625
8947
7766
7788
7556
7483
9072
7503
8035
8313
9255
8028
7711
7716
8216
7733
8207
7999
7769
8734
7697
8855
8565
7384
8196
7895
7850
7772
8193
9076
7874
9551
7777
9276
8887
7797
8480
7828
8205
7486
7988
8332
7296
9020
7839
9133
8987
8856
9216
7379
8582
7462
8775
8939
9838
9117
7447
8652
8538
8195
8492
7905
8794
7266
8614
7574
9177
7602
10900
8723
8153
8010
8251
7917
8200
8525
8159
7386
8685
8246
8054
8675
7970
9805
7626
8569
9060
8184
8397
7420
8984
8157
134999
8876
7870
8785
7846
8620
7367
8645
8803
7574
8520
7507
7979
8330
9369
8015
9291
8984
8654
8322
7755
8415
8777
8468
8437
8778
8630
8450
7994
8802
8702
8666
10051
7464
10256
9199
8786
9197
9838
8466
9211
8610
8653
9039
9054
9227
7437
7618
8635
7581
8998
7636
9133
9501
8388
9240
8399
8812
7524
9938
8337
8790
7640
8193
9814
8014
8554
8199
7845
7958
9119
9028
8712
10041
8250
8883
8616
8096
8080
7528
7856
9558
8034
8184
9040
9310
7984
8778
7825
7702
8290
9914
9104
7915
8835
8395
8207
8682
8841
8870
7573
7553
8406
7517
9039
7760
9170
7839
9206
7517
8644
7928
7761
8149
8323
9286
7815
8602
8429
9734
8468
7364
7686
7729
7971
9177
7641
7591
10861
8895
8640
7989
7593
9602
8862
8867
8157
8871
8996
8923
8595
8831
8092
10022
8606
8105
8031
7405
7594
8243
8115
8987
8938
9397
7605
7748
8000
9119
9138
9060
8230
7949
9205
8102
8415
9282
8825
7937
7799
8857
8309
7430
8019
9078
7482
7809
8398
8130
8679
8189
10115
7482
7771
7936
7479
7747
7994
8832
9884
8144
7840
7742
10270
7973
8987
7838
7984
7579
8019
9098
8858
8633
7446
7651
8297
7977
8518
7659
7633
8127
7661
7564
7958
7812
9173
7636
7892
7354
8636
8066
9085
7665
10837
8529
7751
8958
8897
8626
8649
8517
9295
7295
7748
8241
8645
9025
8696
9102
8936
8376
7831
7559
8625
7625
8182
8224
8554
8430
7594
8558
8046
8160
8158
8866
7588
8957
9982
8466
8638
7392
8874
8861
8494
9004
7914
9292
8717
8543
8469
8671
9188
7937
8825
8072
8005
8024
8876
7915
8426
8062
9019
9224
7844
8176
7749
8406
8323
10369
9337
9126
7686
8500
7902
120082
8145
9422
7598
8629
7763
8789
8476
10052
7535
8230
8504
7833
7427
9128
7581
8833
7989
7491
8850
8707
8095
8545
8608
7964
8355
8449
10343
8712
8246
8594
8897
8617
7958
8716
7813
8998
7876
8107
9944
8370
7642
8594
8189
7938
8070
7366
7758
7182
8199
7896
8379
8414
9240
8674
8569
7877
7892
11101
8764
8332
7999
8224
8518
7751
8207
8333
7592
7630
8899
7590
8036
8610
8067
8712
7822
8748
9242
7881
8469
7856
8663
8803
8004
8715
8016
8674
7912
8706
8511
7959
11537
8523
8187
8056
8444
8215
8273
8243
8049
8194
7712
7673
9024
8174
9184
8132
7557
8579
8266
8648
7896
8669
7984
7816
9178
7333
8842
8019
8046
7911
11104
9566
8764
8421
8087
8227
7909
8165
7792
9065
8202
8122
7866
8224
7805
8389
11427
7920
8007
8724
7990
8117
8168
8220
8530
7874
8220
8029
7584
8593
8282
8597
8012
8005
9853
9180
7479
7911
8391
8807
8122
9113
7928
8587
8097
8536
7979
7549
8178
9610
7680
8212
7593
8075
8679
9038
8915
8404
8106
10152
8978
8673
9226
7955
8196
8107
7767
8217
8732
9040
7699
8269
8035
8410
8825
7745
8100
8041
8914
7997
8528
8024
7377
9236
7738
7958
8193
8513
8874
8717
8881
9201
7989
7923
10118
8213
8105
8368
11367
7624
8167
8210
8417
8213
8407
7770
9153
7872
7766
9423
7677
8864
8005
7625
9449
8887
8389
7873
8753
7972
9132
8178
8608
8338
9145
8283
8856
8615
7895
8406
9067
7969
7978
8132
8190
8145
7380
8113
8061
8804
8184
7793
9912
7732
9035
7876
8225
8112
8733
8030
8559
8041
8229
8492
7907
9912
7718
7899
7881
7810
8380
7933
9724
8408
8107
7909
8041
7953
8030
7918
8733
8110
139562
7916
7611
7772
8597
8200
8009
8874
9000
9258
7859
8421
8872
8333
8258
10316
8428
8015
8266
9417
7369
7798
7717
8799
7424
8466
9825
8408
9266
8473
9205
8771
8706
8730
9248
9246
8040
8676
8104
9979
7758
8859
8482
8315
8154
7936
7308
9299
7717
9521
8483
9069
8008
7579
10897
8519
7632
8210
8467
8937
7727
8852
8445
9028
9454
8696
7666
7594
8589
9668
8487
8715
8349
8995
7620
8199
8206
8163
7476
7929
7994
7764
8862
9426
8157
7928
9086
8599
8569
8171
8450
8229
8857
8589
7611
8204
8388
8791
10331
8629
9775
9156
8544
7456
9819
7830
8215
8433
7863
7620
8179
7927
9171
8633
7861
8835
8536
8158
10881
8486
10133
7454
8214
8112
8150
8907
7712
7958
7623
8632
7979
8188
7476
7708
7494
7743
8190
8011
8688
8947
7636
7854
8445
8394
8683
8987
7829
7587
7562
9097
8370
8102
8661
8034
8837
9246
8336
8562
8877
8415
7649
7810
9504
7388
8030
8120
8854
7828
8549
9089
7348
9195
7592
8575
8234
8413
7579
7736
7451
7838
8075
9071
9682
8085
8837
8256
8980
10303
9205
7533
8218
7995
8153
8641
7623
7520
7596
8097
8034
8389
8833
8990
7568
7383
8800
7782
8282
7988
7959
8825
7812
9242
8195
10275
9973
8491
7553
7507
7585
8489
8902
8402
8000
9288
7779
8361
7676
9154
7586
7828
8717
8106
8454
8090
7913
7422
8629
8784
7586
9020
7586
8273
7937
8220
7992
9732
9130
7594
8779
8035
7454
9213
8658
8635
8607
8863
7716
8019
8929
8008
9638
7843
7659
7549
8123
8183
8260
8851
8410
9479
8651
8761
8364
8265
9187
7570
18677
9239
7757
9073
7699
10096
8276
8994
7549
7840
7753
17160
7493
8887
9013
7635
8421
104305
8801
7727
7694
9263
7666
8451
8555
7784
8594
8001
9171
7598
8428
8601
9003
7779
10041
7949
8899
8510
7749
8627
8040
8005
8273
7573
7709
8985
8849
8903
7425
7792
9302
8548
8591
9084
9156
8618
9299
7970
8425
8733
7779
9137
8428
7331
7686
8451
8979
7466
8430
8755
8133
7848
7512
9004
8891
8210
8534
7690
8611
8343
8904
8917
8502
9068
8188
9198
7786
7461
9367
9170
9729
7975
8158
7502
8533
8976
8177
7790
8486
7948
7788
7480
7826
8400
7442
8640
8559
8420
7858
7958
7673
7614
7507
8200
8420
7991
8624
7464
8059
7910
7575
8078
8113
7486
8281
8500
8483
8437
8964
9166
9523
7409
7512
7788
7633
8005
8984
8429
7353
7694
8530
7691
7403
7570
7737
8215
9303
7499
8091
9050
7635
10076
7593
7996
9236
7846
9164
7551
8955
7656
7801
9150
10342
7844
8013
8843
8030
8312
7307
8348
9056
7851
8944
8336
8230
9154
9104
8806
9667
9205
7337
7376
9014
7792
8837
7215
7573
7551
7777
9010
9070
8898
8076
9003
7520
9758
9123
8398
9227
8595
8271
8765
9237
9098
8531
8535
7372
7922
8315
7911
9010
7555
8701
8292
7709
9039
7898
9184
8580
9241
8654
8114
8933
8008
8783
8611
11496
8811
8227
8535
9179
9497
8853
9003
8563
8993
8137
8619
9038
8564
8810
8570
7820
8492
7732
8613
8217
7500
8274
8832
8935
8897
8719
7425
8326
7435
8787
8868
9014
9232
8666
8369
9844
9446
8523
8876
8318
7481
7546
8702
8785
8545
8536
8667
8594
7989
8818
7656
8575
7833
8176
7502
9185
8656
8357
8743
8836
9012
8897
7985
10085
8020
9425
8887
8579
7700
8691
9625
7977
8659
10657
8989
7491
9108
9861
8774
8796
8911
8143
7759
113615
8357
8300
9030
9237
8599
7772
8366
7460
8873
8282
9004
9364
8044
8840
7533
8223
7529
7584
7988
7371
7901
7903
9046
7761
9419
8214
7916
8516
7743
8420
7816
7684
7837
7914
7846
9101
8756
8593
7368
8303
7977
9223
8621
10523
8328
8085
7792
8506
8942
8564
7517
8257
7491
8208
8183
9200
8625
9196
8866
7412
8835
8790
8403
8408
7977
8500
7811
9060
8716
9133
8767
9056
9540
7851
9696
7538
8151
8919
9159
8555
7484
9186
8711
8861
8845
10073
8444
8233
9133
9042
8796
8261
8781
8651
7390
9244
9410
7795
8803
7830
8392
7807
8492
9258
8852
8764
7995
10650
8002
7875
8617
8938
8406
8400
9125
8116
8885
8611
8526
8624
7687
8820
8685
8103
8840
8703
8513
7402
8342
8435
8635
8663
8969
7833
8057
7620
8651
7975
10063
10297
8410
7528
8874
9050
7886
9000
8027
8815
8010
7928
8809
8557
8502
9029
8615
7447
9289
8687
9317
8553
10383
9141
8384
8147
8904
9200
8853
7766
7887
8415
9861
9358
8766
8539
8358
8341
7794
8999
8129
8633
8574
7406
9141
8512
9185
9056
9249
8908
8068
8695
9097
7834
8564
7853
8683
7984
8009
8505
7591
8725
9020
9040
9941
7716
8595
8999
8780
8824
8947
8659
10154
8753
8297
8279
9161
9070
7671
8492
8595
8903
8827
7784
8543
7942
8825
8736
7676
8875
8533
8789
7392
7683
8493
9154
8815
9757
8048
7841
8020
8658
7717
8974
8870
9057
7773
9196
8343
7619
8871
8369
7881
8872
8885
8836
8805
8749
9607
9112
8784
7933
8692
8128
8548
7664
9776
9029
8920
10334
8850
9093
8632
9173
8560
7860
9854
9047
7769
8236
8326
8102
8314
9212
7938
7975
8720
9184
9064
8682
8374
9007
8013
8800
89510
8195
8175
8222
7980
8693
7725
9000
7800
8144
7630
8398
7653
8110
7885
7693
7613
8203
8240
8519
7437
8669
9210
8231
8630
8899
9346
8173
9036
7494
7665
8401
10103
7877
7649
9198
7623
8649
7876
8706
8596
7587
8361
7557
9803
7498
8045
8437
8638
7690
7605
8108
8415
7772
9807
8120
8736
7779
7876
8451
8586
7711
8056
8075
9308
10004
8586
9686
7825
7803
8230
10563
8590
8612
7543
7470
8220
8516
8225
9242
8208
8007
8512
7630
7391
9215
9020
9061
8558
9079
8548
7672
7969
7410
8598
7690
8256
8087
9239
8255
7974
8405
7755
8783
9305
9926
8041
8977
8099
7574
8552
9073
9637
8368
7650
8224
8394
8274
7910
7608
8489
7394
8646
8012
8892
9300
8496
7579
8596
8615
8965
8330
7915
8473
8132
10023
8382
8214
7994
8701
8475
8517
7764
9062
16577
7569
8737
8894
8304
8463
7989
8156
8899
7473
10605
8359
8584
8697
9207
7753
7717
8048
8041
8604
7956
8427
8694
9187
7838
8566
8165
8664
7874
8128
7560
8732
8207
9065
9228
7873
8607
9265
7594
7906
7933
8617
7609
7999
8418
8615
9075
8513
7919
8105
9213
8430
7711
8400
8002
10045
7425
7514
7676
8139
8213
8195
8256
8969
8422
8559
8107
8716
8034
8025
8520
8338
8896
8495
8817
8414
8374
8267
8177
8791
7361
8964
8327
8230
8904
8077
9948
8605
8760
8325
7789
7613
8617
9032
8230
8196
8183
8578
8874
7473
8592
8745
8197
8981
9112
8355
8427
8999
8906
9205
9515
8237
8961
7832
8528
9159
9138
7426
9220
10181
8007
8766
8873
7807
8466
8836
7917
7653
8935
8080
7535
8656
7616
8533
8548
9080
8052
8942
9129
8475
8261
8191
7912
8018
8704
8048
7970
9215
7558
127718
10061
9394
7788
8615
7784
7954
8496
7446
7881
8688
9238
7794
8646
8597
8148
8737
8337
9036
7792
7690
8180
8506
7555
8487
7867
8586
8589
8353
8584
8623
7410
7564
8441
10909
8366
9567
8675
8225
7968
8578
7594
8985
8282
7512
7994
8404
8575
8476
7773
9336
7550
7893
7619
8278
8312
7996
9288
7588
7747
8538
8564
7473
8648
8055
9422
9026
7943
9101
8060
8133
8416
8116
9203
8697
8780
9101
8822
8450
9138
8407
7313
7784
9548
8374
7612
8886
8513
7776
8023
8521
7455
7709
8458
8798
8240
8917
8094
10227
8753
8558
9089
8394
8195
7700
7892
9498
7537
7933
7882
8206
7758
9301
8351
8438
9347
7980
7927
8105
9054
7544
7839
7710
8157
8798
8737
9112
9183
8215
9028
7554
8827
8231
7775
8188
8194
8839
8274
8472
9324
8071
8732
7994
15010
8745
7829
8276
8257
7692
7673
8907
7693
8457
8298
8751
7978
7281
9006
10684
7744
8478
8572
10856
8012
9802
9092
8443
8586
8399
9106
7171
8504
9431
7407
9056
8263
8617
8169
8399
8878
8774
9101
8740
8627
8624
8621
8435
8501
8887
7411
8315
8502
8021
9710
10095
8651
7732
8170
8856
8245
8584
8912
8721
8466
7809
9027
7953
8618
8538
8909
7722
7807
8409
8239
8774
10239
8876
8193
7994
8718
9000
8605
8967
7963
7348
8451
8435
8381
8810
7888
7692
7687
9005
8441
8420
8959
7267
8803
9479
8528
8456
8615
8815
8274
8798
8525
7620
8497
7831
8895
8389
7697
8651
8215
8812
9158
8638
7478
8895
8635
7603
8835
8835
7582
8615
7887
8699
9302
8785
7493
8475
8156
9074
8529
7642
9517
7758
8686
7353
7540
9252
7776
8587
7612
8074
8552
7892
8455
8400
9059
10839
7918
8242
127288
7543
7584
8406
7830
8339
7383
8777
7651
9153
7992
7910
7771
8820
7961
8534
8433
8706
9823
8834
8522
9134
7871
8435
7935
7903
8091
7788
7384
7815
9362
8085
10010
7441
9194
7444
8648
8066
9335
7378
7638
7974
9178
8281
8095
7965
7821
8611
8572
7468
7564
8759
9041
7447
8780
8971
7593
8685
7717
8314
7776
10045
8175
7874
7686
7535
8996
8396
7594
8670
8579
8184
8994
8328
8399
9330
7453
9056
8347
8813
7818
7713
9136
8985
9117
8698
8305
8165
7410
9236
8976
9169
9154
7555
9405
8575
8263
7754
9460
9197
9338
7779
8096
9130
7802
8450
8405
8140
8817
7819
9502
8068
10825
7578
7369
8191
8437
9955
8051
7745
8992
7773
8425
8663
7694
9887
7766
15693
7467
7511
8932
7836
8615
9194
9770
7571
8174
9162
9162
9030
8994
9621
7407
8225
8829
9290
8909
8635
9044
8066
7915
8790
7743
8820
9022
9038
8653
8743
8494
8890
8970
7980
9928
9213
8355
9266
7804
8796
8205
8372
8641
8705
8610
8998
8909
7497
8361
8656
8079
8542
8017
8670
7573
7903
8642
8709
9698
7446
8816
10140
9778
7587
8652
9926
8318
8225
7840
8870
8455
9062
9010
7519
7646
7177
7782
8819
9233
8710
8014
9460
8210
7966
8765
9112
8582
9236
8639
8192
7782
8919
9489
9391
8910
8758
8394
7809
8819
9202
8571
7988
8148
7561
8657
8978
8203
8820
8017
8216
8518
8636
8675
8693
8645
7916
9545
7611
8827
7564
9012
8750
8460
8235
8872
11904
10216
8745
8471
7988
8650
8620
8774
9579
8910
8379
8071
9691
8917
8164
8788
9057
9358
9656
8619
9687
7818
8789
9019
9076
7961
8972
8893
8721
8384
8633
9717
8969
8192
8796
8238
9634
8666
8980
7624
81494
8833
9044
8027
7968
8151
7927
7571
7774
7866
7593
7987
8600
7830
7398
7712
7853
8001
8293
8561
7810
9130
9266
7834
10556
9220
7900
7689
8635
7492
8041
7566
8010
8610
7571
7789
8128
8328
7738
7636
8706
8733
9323
8989
8958
7859
8455
7633
7936
9656
9093
9344
7738
7838
9676
9266
9459
9141
8594
7756
7641
8955
7414
7540
9003
9216
9909
8075
8810
9133
7460
7363
8654
9021
7996
7546
9017
8375
9116
8431
9013
8046
9490
8826
8205
7459
8948
8702
10512
9156
8219
10091
9459
7784
7567
8206
8095
8092
9083
8943
7644
8338
7651
8993
8050
9166
8719
8419
7696
8347
7818
9197
8861
8907
8142
8674
8716
8778
8678
10220
9409
8123
8436
9346
8005
9511
19657
7976
8387
7961
8928
9029
8550
8449
8800
7282
9129
8737
8499
8903
8535
8329
8173
8396
8779
9198
9458
8420
8478
8076
7757
8795
8313
8846
7794
8543
7679
7468
8701
8301
9248
8094
7653
8148
8662
8696
8734
8821
7814
8900
7266
8920
8748
7717
8613
8558
8852
8047
8392
8758
8700
8801
7349
8770
8687
9478
8002
8052
8840
7826
7610
8738
8789
8890
9200
8428
8431
9143
8645
7757
8919
9168
8530
7721
9051
8787
8245
8487
7593
8820
8112
9133
8843
9051
8673
8517
10805
9013
7962
8983
8216
8550
8139
8515
7770
7623
9470
9059
8692
7826
8825
7615
10293
7722
8856
8547
7291
8995
8335
8425
8434
8036
8547
7929
8713
7409
9174
8853
8130
8576
8015
7560
8674
9049
8784
8882
8707
7502
8676
8837
8682
7528
7466
8688
7410
10220
7594
7743
8839
8441
8868
7646
8579
9486
9091
7466
8095
7372
7593
7671
10224
9137
8692
11410
8172
7626
8022
9499
9411
9181
7782
8423
7561
95806
8994
7493
8568
8118
8464
8494
7944
8618
9278
9107
7643
8815
8212
7795
8235
8002
8040
8195
8130
7385
9158
7943
8507
8050
9402
7999
8017
8174
7852
9400
7865
8748
8814
8274
7762
8168
8037
8004
8028
8170
8107
8371
7652
8830
8189
7609
8999
7182
8776
7666
10327
9126
7693
8788
8384
7616
7953
7910
7729
7788
9129
7984
8031
7964
7893
9958
7953
8221
8059
8015
8029
8615
8186
7750
8679
8150
8061
8134
8923
7966
8148
7569
8035
8202
8117
7868
8970
8214
8472
8338
8474
8379
7452
7750
7479
8253
7865
8096
7979
8497
9015
8404
8725
7646
8412
8825
7369
9265
8275
8051
7850
8616
8080
9355
12334
9718
8356
8040
8772
7984
8003
9263
7946
7840
7874
8986
8226
9269
8733
8318
8358
7972
7714
8084
8395
9005
8203
7753
9074
8020
7615
8337
8023
8228
7597
9052
8359
7921
7579
9073
8957
7888
8071
8371
8080
7950
7661
8224
8520
8013
8022
8403
7819
8825
7985
7637
7972
7559
9055
8043
8202
8097
8189
7873
8735
8730
7994
7530
10902
8971
8039
9417
8133
8051
8219
9291
7741
8403
7508
7621
8310
7963
9201
7961
8108
8913
9076
8917
8583
9174
7452
8177
9383
8181
7913
7596
8939
7729
9141
8705
8338
8052
8009
7987
18235
8805
7821
8595
8172
8611
8023
8723
8162
7233
8235
8172
8052
8196
8168
8235
7958
8230
9005
8616
7758
8451
9061
8964
8716
8070
8348
8121
10235
7624
7535
8618
7894
8094
8017
8341
8474
17715
8563
7810
7830
8131
7433
9027
8980
8385
8400
7806
8074
8161
9615
8026
7811
8189
7400
7987
8395
8948
8263
9285
9190
8030
7749
7995
8208
8251
8220
9039
7687
8510
7852
9267
8656
8262
7961
8569
8878
7756
145498
9018
8002
7786
8993
7989
8627
8213
8281
9092
7536
9217
7707
8214
10939
7866
9840
8796
8196
8782
7854
8719
8966
8239
9438
8884
8824
8010
7969
7855
9675
8502
8353
8671
7295
8834
8753
7473
8627
8210
9842
7916
9238
8285
9003
9862
7663
10023
7872
8287
7956
8795
8812
7582
8395
9331
9013
7994
8431
9012
8617
8010
9603
8433
8851
7994
8549
8241
9236
8825
9234
8605
8961
8880
7809
7523
8775
8334
8131
10491
8487
7441
9053
8695
8945
8820
9036
8257
7539
8553
8579
7591
8938
8718
13436
7653
8993
10663
7755
8815
7487
8282
7594
8374
8939
7531
8819
8410
8855
8064
7953
8843
8382
8808
8343
8257
7698
7704
8962
9222
8558
8658
7596
8676
9191
8598
9003
8886
7385
8546
9782
8266
8847
9153
9154
8449
8163
9550
8099
9041
8415
8756
10410
7492
8848
8205
8938
9307
8348
8296
9100
9205
8709
8606
8297
8927
8737
9130
9123
8677
8676
9273
7605
8585
7460
9587
8794
8462
8494
9127
7532
8850
8935
7664
8502
7849
8930
7443
7783
8798
7998
8479
8392
8373
7624
9119
8637
9098
8721
8641
7564
8982
8006
8264
8416
9032
7765
8407
8674
9351
8635
9397
8311
8266
9105
8857
10693
8151
9373
8709
8284
8030
8825
8466
8932
7682
8738
7433
8790
8728
8796
8605
8110
8419
7867
8385
8762
8014
8569
7410
8820
7495
7791
9028
8267
8857
9241
8797
7842
8785
8999
8535
8646
8971
8593
8098
7792
8780
8979
8826
7779
8784
8517
7576
8820
7793
8835
8353
7717
8395
7608
8934
8803
8707
8383
8463
9202
9210
8824
8448
10226
8974
9246
8779
7779
9142
9239
8599
8703
8726
8711
7933
7847
8113
8607
8554
7656
8575
8496
8573
8254
7906
7697
85958
8472
8256
7738
9598
9254
8339
8767
8936
8735
8458
7859
8297
8680
7575
8667
8689
8556
8563
9392
8582
8755
8466
7796
8737
8620
8725
7906
9842
8594
7690
8595
8173
9038
8494
8943
8683
9016
9105
7761
8676
10880
8541
8808
8761
8901
7353
8610
7277
9235
8743
9740
8923
8653
8669
8602
8853
8762
10628
8394
7723
8142
8714
10178
8097
8188
8594
8491
7804
9610
9097
8533
9898
10049
8190
8608
8629
9000
18352
9051
8812
7540
7925
8510
8616
8383
8147
8918
8769
8794
9160
9745
8620
7849
8667
8584
9025
8691
7680
9132
11674
8499
7331
8650
9856
10686
8172
7669
8933
7350
9214
7462
9568
8897
8529
9246
8679
7513
7554
8371
9015
8510
7933
8030
7800
7551
9114
7584
9580
8130
9152
8782
8801
9041
8933
7290
9194
8377
8620
8780
8598
8835
7770
9228
9029
9277
8415
9271
7717
7813
8543
8991
8031
8780
8578
8598
7989
7797
8943
9154
8437
7779
8438
7415
8092
8735
9189
8600
8230
10189
8400
8485
9495
8539
8554
7838
7733
8545
8974
9044
7744
8758
8332
8767
7410
9198
8737
9252
8838
8413
7630
8366
8802
8969
7853
8502
8457
8915
9003
8397
9583
8511
9154
8580
9016
9141
8246
8587
8858
8389
8353
8071
8778
8887
8206
8015
8970
8091
7621
8772
8211
7441
8535
8728
8011
8773
8572
8547
8848
7384
8596
8662
7743
11692
8343
8852
7406
8759
7276
8594
8702
8512
8487
8621
8416
8085
8084
8606
7891
8428
9756
9245
8413
7832
9246
8646
8909
8053
9017
8425
7663
8910
8794
8818
9494
8856
9349
7704
8585
8492
8476
8159
9694
8892
9564
8513
8667
8856
7512
8461
8741
9134
9370
8136
8607
8029
7866
9456
7620
8924
8943
8918
7882
69700
8723
7570
7627
9757
8423
8548
7487
8094
8337
7590
8869
8174
8553
8426
7538
8126
7723
8741
7670
8213
8789
8155
7753
7771
7568
8732
8577
8398
7722
8408
7472
8594
8917
7636
8239
8252
8801
7702
7868
9375
7461
8826
8384
8753
8433
8209
7747
8279
8721
8877
9257
8484
8111
8963
8397
9261
8890
8747
8888
8435
8397
8885
8578
8630
8557
9876
8333
10126
8010
8413
8801
9102
8789
8820
8266
9078
7850
8774
9312
8712
8390
8076
8418
8653
8368
11092
7630
7376
9074
9918
9085
8817
8072
8410
7675
9614
9499
8948
10709
9113
9283
8561
7958
8710
10190
8442
9210
8246
7347
7731
8936
9661
8582
8553
7506
8041
9225
7803
8847
8637
7554
10025
7479
8495
8884
9176
8846
8617
8429
8948
7581
9917
8320
8834
8995
8395
7431
7360
8781
8571
7553
7753
7328
8736
8174
8448
7769
8632
7673
8885
9006
8576
8693
10744
8528
7513
8705
10748
9116
8304
7771
7758
7834
8774
9646
8097
8759
7596
9275
8638
8424
9732
8275
8870
7848
9021
8645
8851
8753
7770
8620
7435
8148
8969
8928
8793
7821
8737
7472
7846
8497
7527
9831
8286
8611
10866
9296
8325
9061
8846
8901
8616
7878
8923
9257
7671
8643
9061
8916
8008
9241
8223
8110
8555
9123
8901
7414
9061
10749
7968
8982
7620
8177
7984
9186
8512
9154
8401
8430
9220
8263
8410
8921
8430
8046
7747
8974
8279
8142
8514
7686
8146
8415
8206
8610
9230
8726
7692
9790
8617
9215
8795
9123
8815
9000
8551
7966
7705
9025
11134
8518
9065
8715
8630
7948
8615
8996
8675
8798
8883
7762
9069
8576
9048
9733
7719
8923
8351
8656
9253
8574
9082
8821
8291
8581
8120
8938
7806
9002
7666
9732
7812
82603
8716
7437
8863
8791
8989
8158
8236
7887
8341
10078
7990
8068
8073
8029
9119
7959
8215
7846
8312
7375
9021
9027
8387
8415
7426
9056
7754
8615
8033
8513
10605
8551
8155
8058
8599
9178
8534
7570
7307
8518
7982
8738
8495
8431
7957
8620
8505
8021
8404
8949
7956
8246
8586
8282
7727
9200
8637
8632
9160
8427
8861
10249
10456
9215
8479
8975
7587
17871
9233
9237
8545
8675
9303
8327
7722
9096
8948
8635
8423
8749
8633
9073
8718
8723
8848
8400
8779
8634
8969
8667
8696
9095
11906
9913
9769
8439
7644
8311
8832
7910
8910
7755
9737
7597
8533
8968
7281
8364
8567
7741
8593
8906
8651
8393
9092
7299
9200
7602
8772
8707
8556
7605
9040
8497
8879
9417
7734
7497
9075
8736
9768
8606
7818
8566
7644
8012
8773
8409
8630
8092
8551
8656
9828
9072
8456
8566
9451
8894
8071
7721
9057
8993
8802
8638
7793
7389
8629
10086
10511
7700
8425
7769
7676
7920
9099
9480
8704
7556
8157
8635
7482
8655
9596
9069
8312
7847
8195
8607
8650
8270
8521
7768
9021
8758
9181
8855
9102
8986
7297
9356
9316
9104
8758
8582
8456
8656
9041
8958
8564
9373
8400
8736
7471
8302
8673
8548
8814
8626
8259
8235
8430
8623
8426
9098
7772
9119
8059
9112
7679
8914
9012
7306
8858
8106
8870
9084
9247
9100
8554
7824
8437
8361
9096
8941
7817
8487
8515
8366
7611
9322
8866
8827
8616
7762
7717
8138
8815
8796
9198
8435
9471
8603
9396
8273
8738
8716
7269
8749
9219
7975
8749
10177
8999
7571
8817
9102
8908
9138
9068
8374
7733
8279
9043
8358
8298
9117
9649
8431
7656
8839
8781
8810
8848
8758
8631
8556
11119
7907
8431
8937
7454
8326
71490
8570
7507
9020
8211
8212
8388
9353
7533
8169
10728
8427
8768
8191
8260
7889
8254
8467
8076
7936
8355
8875
8446
8651
8169
7697
8996
7846
7532
8199
8336
8076
7342
9244
8123
8334
7958
8348
8086
7612
10131
7389
7579
8035
7910
8086
8841
8942
8250
8824
7997
8374
8902
7564
9000
8175
8154
8410
10738
8848
7809
7784
8147
7610
8500
8441
9185
7726
8813
8294
8394
7993
8923
7985
7800
8934
7903
8259
8011
10082
7805
8548
8665
8208
8564
8025
7467
8306
7394
7511
7879
8368
7953
7382
8601
7496
8853
8064
8588
8073
8394
7974
8782
8859
8174
8486
8122
7750
7794
8220
8421
8000
8261
8728
8421
8575
8804
8078
7991
8788
8001
7594
11587
7892
9297
8829
9166
8400
7528
7856
7733
9073
8591
9414
7947
9616
8998
7619
9171
9251
11312
8214
8173
8761
10240
9122
7765
7791
7528
7420
8589
8635
7590
7593
7950
9491
7994
9193
8595
7894
9124
8518
8190
9038
8622
8063
8812
8536
7651
8194
7597
8082
7691
8710
8373
9475
8994
8020
8346
9379
8421
7615
8252
9277
8334
8338
11301
8938
8514
7342
9226
8446
7994
8964
7875
8106
7692
9918
8457
8568
7759
10701
7570
7912
8456
9879
8948
9215
7819
7842
8235
7776
8587
9276
8152
7437
7493
10351
10323
8693
9139
8235
8580
8782
8065
8344
7482
8177
8216
7811
8562
9382
9519
8336
8424
8423
7502
8268
8078
8163
8554
8832
8542
8092
8096
8647
7993
8644
9051
10109
9677
10150
8350
7522
8033
9277
7419
8076
7511
8014
8950
7844
9275
9123
9305
7535
8493
8979
7897
7995
8573
7623
9281
7553
9178
8231
8501
8490
7438
7689
7743
10339
9861
7537
8996
7833
7911
7856
9845
9099
8116
8079
7695
126184
7703
8851
9452
8263
8240
8181
8161
7358
8048
7397
9060
8822
7683
7640
10019
8352
7774
8271
8093
9507
10028
7764
7630
8222
10724
8959
8564
8800
8654
8576
8502
8842
7812
8484
7982
7959
7692
7878
7554
7794
7632
8000
8651
9133
8692
7580
8618
7572
7575
8812
8415
9722
8610
8270
8539
8790
8640
9219
8681
8375
7866
9046
7928
8496
8197
7542
7855
7684
8491
8949
9333
9158
7834
8375
8074
8002
8974
7573
8851
7395
8560
9195
7725
8430
10534
11799
8481
7902
9533
8917
8791
8004
8231
7860
8615
8436
8824
8415
8636
7849
7591
7912
7645
7762
7730
9091
7608
8080
8847
8424
7630
7853
7692
8459
8707
8712
9205
8035
7622
7608
8158
8985
7553
8216
8226
9161
7780
7795
9257
8375
7794
7751
8194
7406
9235
8024
8597
9106
8771
8810
8581
7897
8805
8833
8874
8989
7584
8514
7984
9167
9443
8615
9068
7753
9054
7743
7871
8024
7964
9247
7742
8948
8396
8418
8179
7726
7707
8379
8234
9005
7985
8443
7762
8156
7707
8296
8288
7616
9158
9158
8313
7411
8263
9107
9097
8582
8279
8655
7572
9072
8424
8549
7828
8260
7732
8345
7880
7649
8297
7936
9165
8512
7995
9060
8631
8676
7610
9251
7925
7787
9029
8599
10589
7731
8120
7879
7529
8381
8505
8656
9091
8436
7549
7847
8964
8830
8873
8411
8637
9083
8514
8360
8606
8638
8827
8730
8173
8837
8979
8478
9620
8419
8595
7575
8402
7738
8227
8913
8639
7679
7665
7938
7630
7625
9110
7683
8339
8056
7391
8538
9500
9792
9394
8046
8831
7943
7914
7928
8339
8185
8630
9342
8966
7969
8153
8876
10449
8028
9096
8760
7795
8023
8177
7825
9307
9309
8674
8153
8861
7591
9146
8989
119295
8652
8935
9109
8548
8430
7907
7841
8433
8648
8977
8047
7666
7973
8943
8847
8235
8353
8255
8457
7947
8833
8829
7867
7624
7736
8082
7973
9343
8509
8070
9143
7610
8212
7774
8646
8337
9957
8387
8747
8626
8357
8227
7783
8918
7685
7269
8313
11284
8769
8541
9820
7499
7978
8579
8646
8391
8005
7815
9070
9092
8890
8558
7558
8543
8277
7948
8469
8733
8076
8494
7673
8310
8525
7916
9154
8777
9298
8825
9138
8789
8763
8639
8640
9841
8210
7564
8194
8023
8484
8768
8492
8664
7369
9169
8209
8019
8728
8408
8694
7845
8584
7605
8284
8703
8991
8507
8338
8643
8502
9191
8570
11574
7451
9030
9022
8623
8687
8711
9178
8695
8404
8393
8746
8836
8892
8841
9552
7379
8605
7402
9217
8638
8640
9429
7750
9294
7912
8508
8600
8367
8625
8090
8535
8479
9037
8528
7550
8530
7582
8793
8753
8825
8333
8458
7762
8460
8519
7430
9180
8693
8461
8225
7298
8687
8794
8956
8543
8348
9227
8683
8386
8689
9181
8441
8610
10487
7788
8310
8594
8872
8578
8235
8955
8879
8862
8555
8494
8777
7736
9051
8846
9441
8601
9215
7383
7963
8288
8799
9039
8804
9797
9400
7779
8063
8002
8444
9641
9805
9623
7994
7571
7887
9184
8661
8117
7730
8655
9725
8675
8596
8682
8241
8743
8923
9002
8618
7896
8508
7252
8263
8466
9586
9236
9041
8538
7692
8659
8472
9223
9835
7613
7635
8271
8300
8813
8825
9539
9025
9075
8297
8196
8765
8910
8990
8445
8856
7994
8815
8635
8944
8600
8892
8361
7633
9027
8792
8336
8396
8789
8405
8292
19224
7517
7930
7398
9559
8854
8533
7890
7839
8830
8560
7854
8344
7700
8179
7569
8920
8579
8412
8571
8583
89456
9116
7821
7845
8479
8554
8379
9318
9145
8871
7656
11242
8756
7875
7511
7741
8666
7631
8840
9148
8737
9095
9181
9169
8381
7608
8552
8194
7800
7794
8275
8343
7753
8927
9370
8015
8830
9358
8703
8012
8327
7713
8535
9574
8868
10014
7693
7865
8014
9103
7594
8017
8897
8414
8383
8241
7473
7837
9411
7810
7410
8439
7524
8881
7575
7831
8574
9071
7663
8835
9058
7982
8551
9067
8074
8168
9234
8236
8475
9784
7884
9220
7791
7835
8953
8229
7450
7533
8110
8188
7499
7955
8188
7723
7787
7630
9025
9111
9135
9138
8375
8344
8487
7936
7609
8923
8317
8800
8323
8620
8429
8013
8426
9150
7479
8034
8271
7912
8007
8996
8999
7614
8600
7712
8335
9007
9317
8503
7788
8750
7820
9443
8626
9254
8156
8614
8682
8134
8376
12518
10248
9069
7724
8715
8133
8092
8598
8969
9024
8605
8283
8958
7530
7463
8352
9535
8605
9192
7627
9118
8048
7733
8115
7435
8651
9071
8939
7812
8416
7768
8525
9014
8839
7682
8029
8175
8372
8779
9315
8172
9326
7699
7367
8564
8802
9200
7609
7572
7713
7785
9044
8515
7979
7525
8684
8463
8107
7674
8972
8343
8418
7476
8113
9680
8545
8215
7987
8256
8235
8613
8564
9770
8284
8507
8429
7471
7986
7974
8878
7940
8616
8250
7509
10040
7615
8593
9051
7834
8779
7388
7504
8646
9108
7784
8597
7702
8046
7953
8440
9008
8477
9362
8184
7458
8138
8879
9246
7610
8738
9250
7311
9241
7782
8366
8107
8362
8056
8413
9138
8089
8029
8006
8853
8643
8158
8150
9005
11349
8138
8617
8245
8309
7780
8825
8158
8028
7581
7801
7384
8351
8395
8667
8756
7666
7791
8577
8012
8036
8784
8422
8615
8271
7612
144478
8362
7473
8479
8056
9227
8575
8662
7846
7810
8015
9205
7884
8038
7550
7825
9030
8064
8003
10227
7969
8150
8656
8176
9077
9460
9121
8674
8201
8027
8389
8551
7454
7721
8448
8340
8047
7564
11348
7695
8189
9364
7676
8855
8602
8080
8526
8607
7405
7673
7607
9024
9114
8025
8682
7776
8746
9208
9041
8802
8053
7547
7953
7676
7987
8533
8044
8187
8617
9691
7948
8716
8880
7582
7287
8972
8143
9281
7951
9385
7451
8297
8809
9527
7523
8062
8290
8454
8301
8643
8789
8811
8040
8403
8334
7675
9205
8068
8326
7645
7625
7963
10925
8334
7936
8070
7633
8712
9000
8152
9142
7960
7912
8046
7447
9151
7733
8945
9234
9938
7731
7457
8834
7992
7918
7548
7899
7934
8467
8433
8046
8784
9036
9577
8676
8275
8379
8184
8794
10120
10815
8106
7453
8066
7768
8394
7472
8211
8907
7827
8066
7926
8861
9076
8141
7976
8433
7802
8841
7723
10081
8039
8424
8153
7569
9307
10459
8274
8025
8821
7826
7569
8011
7680
7607
7496
9328
8628
8724
7902
8226
9083
7799
9178
7753
7788
10903
8648
9179
7980
8626
8876
8896
8960
7646
8996
7944
8920
8056
8424
9079
11283
7811
7493
8870
9398
8291
8610
8497
8527
7338
8395
7813
7851
7789
7748
8128
7969
8379
8953
7572
8176
7541
7850
7733
7680
8573
9218
7632
8333
11552
9305
8494
8012
8839
9435
7692
8243
7801
8452
8999
7652
7510
7989
9239
7807
9543
8761
8165
7613
8520
7743
7469
9050
7853
9127
7749
7645
9017
7641
9186
10295
8889
7723
7628
7985
8295
7896
8786
7687
8534
8110
7571
9247
9861
8693
8128
7835
7351
9165
8466
8824
8783
7408
8469
9253
8716
8925
8841
9653
7589
8200
8739
126270
7853
8857
7991
8963
8825
7901
8907
7800
8294
7851
7928
8515
7963
7469
7809
8776
9168
9678
9135
8257
9233
7669
7830
8311
7426
7589
7553
8132
8559
8940
9233
7692
8249
8420
10330
9092
8291
7928
8517
8779
8976
8836
8676
7748
8064
8487
9221
9445
8476
7693
9016
8974
8729
7530
8799
8271
7547
7794
7661
8258
8140
7953
8687
8343
9759
7604
8067
7571
8337
7657
9015
8534
10049
7495
9035
8025
8502
7995
8236
7914
9133
8130
9167
8734
7480
9256
8597
8168
8459
7810
8734
7815
7627
7580
7815
8561
8171
8488
7862
8690
9041
8458
8107
8932
7772
8345
8047
9236
7994
7911
8044
7953
7765
7435
8804
8079
9138
8293
8760
7921
7914
9216
9110
8187
8049
8395
9005
8158
9974
8761
8062
8839
8610
8835
8076
8535
9184
8662
7931
10089
8819
8815
8429
7953
8384
7891
7388
8356
7882
8836
8123
9232
8034
8210
8475
8293
8523
8005
8589
7716
7588
9341
7292
9171
8181
8026
7943
8235
8075
7872
8093
7593
7721
7980
8017
8629
8196
8415
9648
8566
8160
8553
8282
8135
9300
9917
9019
7994
7415
8069
7939
8095
10844
8011
7856
8194
9568
8200
9148
8019
8433
8247
8016
8401
10056
8576
8107
8568
9033
8693
8065
8185
8370
8086
7896
8581
8563
8731
7992
8771
9145
7526
8025
8521
8215
8097
8189
7793
7779
9069
7958
8943
7828
8232
7932
8610
7803
7753
8515
7768
8233
8412
7416
9165
7873
8559
9036
8230
8087
8471
8167
8057
8235
9087
8024
7830
10458
7873
7871
8040
8110
7810
7870
8632
7530
8615
9385
7795
8392
8910
7505
9190
7990
8055
8147
8633
8298
8350
8599
8221
8251
7773
8029
8166
7893
8333
7992
8756
9856
8291
8157
9305
128465
9058
8271
8167
10102
8713
8471
7604
8315
8133
8121
8812
8973
8418
8236
7796
8602
9000
9509
8898
7717
8154
8754
8493
7990
7794
8219
9444
9699
9089
8983
8456
7791
8895
8649
8798
8385
8414
7659
9250
8118
7625
7842
8830
8012
8933
8447
8534
7469
8828
7728
8297
8271
7507
9554
8751
10100
8880
9030
10091
8238
8127
7950
9126
8010
7542
7872
8233
8212
8040
7634
9543
7702
9041
7748
9025
7426
8994
8035
7616
8071
7876
7820
9134
8522
9512
8205
8533
7450
7771
7841
7444
10489
8704
9074
7731
9125
9096
8903
8100
8757
7761
8601
8123
8454
8961
8873
8494
7692
8838
8150
8247
8854
7764
8404
8574
7517
8057
7600
8119
7602
7733
9141
9065
7861
7908
7687
8935
7484
8766
8630
8569
9158
10257
7779
7805
10099
7824
8113
7620
7665
8704
8718
8289
7953
9232
7594
8538
8615
7855
7415
8011
9338
7876
8398
8974
10179
7888
8580
8267
8333
8443
8123
8056
9224
8180
9379
8214
8697
8995
7799
7630
7791
8897
8398
7601
9035
7841
8531
7643
9015
8073
8746
9213
8032
8706
9422
8954
8794
7672
8979
8868
8605
9253
8632
7619
8851
8109
9258
7970
8997
7937
7777
8735
8329
8192
9518
8866
7594
8616
7302
9910
7846
8379
8615
8638
9360
7626
8241
8591
9112
10914
8173
8061
9013
9235
7776
7906
9136
8374
7709
8247
8610
8261
8927
8457
7808
9077
9196
8671
8612
9215
8235
7906
9276
9030
9011
8870
8574
7798
8309
9401
8915
7738
9116
8131
8621
7429
9233
8950
9084
8808
8642
8407
8295
8056
8143
8016
7974
7774
9283
7848
8192
8113
9041
8564
8292
7588
7775
9000
8387
7635
8243
8259
11463
8978
8597
9279
8092
8846
7873
8899
7874
116758
7884
8094
8140
9030
7433
8226
9686
10227
8240
8278
8256
8377
8579
8820
8278
9040
8212
8242
10173
7211
8596
9198
8424
8113
8035
8697
7553
9477
9012
8635
9117
7900
8082
9005
8242
8559
9290
8843
8584
7932
8670
8776
8847
8123
8963
8323
8123
8845
8977
8680
8593
9644
7921
8207
9755
7665
8907
8592
9700
8533
7780
8814
8765
9892
8798
8722
8094
7564
8509
8599
8765
9100
8970
7815
8665
8492
9000
8615
11685
8741
8554
9019
9466
8296
8335
7987
8193
7619
8123
8730
8835
8488
7292
9209
8370
7580
8838
8901
8698
8019
8087
7687
9477
8681
9161
8006
7075
8966
8854
8981
8690
8851
9412
7971
9290
8205
8265
8547
10038
7749
7871
8316
8731
8764
8537
8822
8855
14265
8921
8644
9028
8787
9036
8833
8835
8119
8592
9476
8633
8762
8716
8723
7573
8466
8510
7477
8715
8820
8200
8180
9806
8208
8078
8355
8984
9409
8946
9135
8810
8728
7384
9374
8512
8223
8066
9075
8426
8593
8477
8451
8636
8756
7953
8540
8359
8500
8020
8133
7861
8814
9031
8389
11143
9527
8005
7771
8173
8500
8180
7964
8760
8342
7911
8272
8015
7424
8437
7892
9593
8539
7971
8205
7762
8028
8199
8183
8051
11666
8276
8637
8548
7878
7992
9106
8717
8594
8282
7992
8028
8153
7825
8368
8655
7595
9307
7990
8764
7953
8955
9179
7204
9115
8015
7852
7787
8251
7801
8064
8908
7977
8018
7664
8164
8051
7969
9361
11065
7552
7874
8629
8028
7812
7757
8204
8650
8251
7936
9221
8260
8430
8018
8352
7714
7875
7996
8076
8696
8802
7872
9169
7795
8943
7874
8317
8015
8695
8938
9287
9230
8190
8332
8239
8971
8193
8088
7898
8020
9039
8900
8081
9051
8084
109073
8450
7985
8362
8503
9365
8322
8182
8306
7548
8817
9098
9204
8476
8372
8556
7793
8200
10105
8766
8490
9164
7810
8657
7560
8841
8878
7799
7769
7842
9087
9150
9417
8751
7830
8618
8203
8237
8851
8412
9180
7568
9984
8249
7534
8393
7715
8098
9117
9233
8297
8517
9964
8077
9186
8025
8370
7928
8295
7976
8307
8824
8184
8491
7654
8836
8481
8639
8176
7995
8123
8231
8546
7753
8233
8084
9136
9205
8403
7715
9215
7917
11251
8200
8115
8824
7468
8082
8184
8871
8677
8855
7816
8034
8184
8677
7471
8073
9116
9005
8035
8323
10006
8782
9179
8909
8549
7325
9087
7829
9102
7482
11086
9756
9704
8647
7764
8235
8715
8583
9260
7533
8513
8821
8586
9211
8079
14690
8063
8766
7594
8808
8432
7867
7645
7671
7502
8851
8260
8641
8350
9268
9560
9142
8606
8856
7909
7449
9017
8216
8403
8917
8343
7557
8651
7768
7464
8556
8027
9001
8859
8380
8229
8564
7450
8962
9379
9897
7794
7693
8390
8462
8320
8519
8006
8584
7717
8341
8164
8693
8828
8677
8297
8979
8564
8263
8066
7565
8066
8660
7653
8075
9121
7778
8403
8646
7963
9056
9608
8487
8390
8800
7966
8107
8545
8509
9165
8034
8145
9121
10264
9257
8715
7594
8835
7936
7566
8194
8846
8028
8574
7584
7991
7816
8000
9110
8605
8418
8815
7791
9020
9959
8958
8074
8051
8471
8393
8171
8078
8802
8593
9223
8439
7872
7882
8912
7423
7675
8916
7824
9300
8353
9005
8669
8643
8216
8548
8638
7548
8246
7554
7747
7830
7559
8496
8011
9604
7714
8265
8145
8876
7510
7603
7402
11755
8753
7866
7972
7475
7815
8317
9722
9045
7800
8889
8161
7533
9961
8569
8818
7376
9190
8042
104813
9006
7884
8625
7745
7825
7989
8666
8856
8666
8375
10579
8555
7569
7919
7449
7620
7572
8181
8111
7442
8084
9339
8996
8048
7789
7573
8461
9227
8698
8510
8133
8445
9235
7902
9113
8946
8470
7779
7437
10013
8110
8887
8633
9259
11681
8091
9201
8072
8794
7754
8838
8584
8671
8948
8312
8435
8558
8660
8597
8014
8747
7759
9979
7434
7861
8064
8058
8687
8025
8816
8637
10500
7836
7453
8412
8229
7774
10075
8441
9047
9518
8850
8059
8887
8933
7503
9397
7691
7731
7892
7974
7800
7589
8612
7723
7653
7782
9005
8367
8712
9271
8542
7954
7993
7754
8045
8538
7553
10312
8724
7894
9023
9145
7317
7795
8094
8826
8236
8033
7617
8472
7550
8989
8041
7468
8983
8047
7550
7819
9299
9241
7537
7487
8712
8030
8694
9067
8435
9170
10067
9358
8215
8699
9138
19116
8014
9238
9379
7294
8902
9245
7593
8917
7331
7839
14909
8786
9087
7879
9313
7891
8765
8651
8987
8838
7632
7483
7668
7742
7335
11531
9018
10819
8273
8574
8348
7489
9056
7608
7601
8456
8536
8882
9051
7771
7611
9213
8897
7458
8825
8796
8812
8026
8615
8253
8390
8754
7671
9221
8452
8198
8009
7626
9887
8622
9110
8854
8361
7632
8266
8715
7923
9277
7859
7556
9241
7554
8386
9570
8918
8779
8082
7639
7779
8674
7858
8949
9032
7405
7652
7793
9153
7624
8937
8629
7946
11110
7996
8358
9152
8978
9870
7734
8517
8252
7600
8459
7508
7433
9231
8738
8824
9928
8918
9075
9087
7448
9215
8987
8700
8486
10334
8212
7681
8917
9861
8233
9046
8661
8865
8646
9162
7621
9037
7798
8108
8433
7614
8203
7406
9630
8839
8609
8234
8748
9033
8602
8769
8907
8958
7748
9020
99705
7612
9071
7667
7644
9169
8075
8510
10743
8085
8025
8579
8351
8229
7739
8056
7733
8938
8074
7833
8772
8181
8072
8719
7912
7578
8902
7911
7490
8948
7688
9302
8175
8837
9447
8845
8409
9100
8977
9440
8168
8448
7697
8842
7990
7684
7532
9007
8390
9028
8496
8190
7547
9276
8342
8019
7841
7847
8512
8289
8453
7759
8636
8353
7591
9006
8312
7883
8951
8197
10007
7554
8461
8620
7651
7948
7411
7525
7365
7589
7471
7184
8396
7609
8952
8351
9477
8989
8043
8319
8540
7751
7669
7944
9583
7512
8692
8854
9111
7483
8602
7708
8433
9521
8850
9066
8035
8435
8857
8969
8803
7813
9013
7793
9524
7709
9530
8895
8379
8051
8975
7748
8694
8641
7856
8714
7902
8792
8177
7738
8781
8909
7432
7810
7933
7971
9342
7528
9117
9045
7410
8736
8485
7560
8720
8394
9759
8199
7830
8398
8662
8704
8554
8738
8631
10023
8270
8036
9041
8892
8406
7994
8733
8698
9218
8042
7954
8861
7676
7744
7743
8794
7871
7553
9143
8192
8823
7962
9233
8573
8719
8474
8213
7641
8944
14630
8095
8645
8729
8846
8734
8642
8958
8920
11134
9015
8498
7555
9523
7492
10598
8389
8560
7692
8689
8803
8884
8538
8596
8336
8067
7975
8666
8815
8810
8395
8798
8496
9117
8469
8633
8835
8679
8832
8800
8797
8918
9094
8694
7924
8603
8627
8818
8838
9277
8675
8412
7758
8651
8336
8582
8861
8802
8621
9206
8880
8758
8896
8987
8480
7959
8237
8594
8871
8856
9156
8581
8500
7593
8907
8591
9092
8937
8685
10555
8687
8487
8591
9254
8220
9769
8399
7689
8796
8408
7646
8536
8420
8070
8303
9777
7466
9064
7379
7561
7351
9049
7507
7490
8992
8350
8770
8530
83857
7482
8007
9456
10140
8697
7775
7973
9579
8589
8835
8465
9117
8189
9278
8989
9107
7543
8429
9440
7867
8643
8610
9256
8232
8567
9739
8645
8575
8595
7471
9423
8590
8202
7718
9507
9033
9040
8373
7795
8530
7702
7748
8322
7874
8426
7394
9120
8295
7517
9239
8580
8578
8211
7790
8025
8899
9376
9056
8688
8065
8637
7710
8739
7980
8759
9353
9737
8553
7517
7712
8360
8248
7813
8196
8046
8214
7858
7682
8959
8781
8646
8835
7613
7743
8026
8340
9277
8155
8244
9203
7621
7645
7347
7584
9019
8516
8076
9100
9394
8558
7783
7633
9168
8375
10104
8146
8251
8994
7754
8267
8487
7812
9423
7407
8001
8082
7902
7408
8417
9262
7527
8199
7854
9120
9201
9145
7533
7759
9840
8783
8435
9017
8641
9206
8244
8950
8392
8658
7773
7497
8217
8553
8589
9394
7768
7645
9153
8471
8584
9020
7629
7992
8058
8523
9256
8677
8266
8008
8052
8059
7479
9173
11006
9179
8057
7911
8009
7927
7982
8830
8212
8815
8356
8415
7989
8397
7584
8273
7603
8653
8444
9229
7694
9484
8229
7843
8056
8662
8031
8974
8179
8958
8646
9239
9489
7641
8111
8180
13202
7872
7388
8410
9322
9195
8294
9076
8180
7987
8120
8525
8289
7477
7622
8231
8448
8728
9056
10077
8538
9506
9123
7500
8092
9109
9218
9152
10328
9792
8215
7973
8804
8651
8643
8941
8656
7806
8372
8499
8862
8907
9500
8641
8108
8212
8624
8902
8772
8733
8897
7969
7774
8998
8726
8855
11071
9005
9016
9123
8853
8482
8497
7323
9403
8505
7502
8747
8299
8870
8097
7564
8044
8429
8757
8888
8550
7707
8929
8372
7804
8115
8938
7816
8258
9079
8127
8555
7555
7975
9190
8276
8385
8614
108181
8572
8836
8849
9039
8929
8226
8881
9338
8486
8811
8170
7848
8403
7620
7522
9380
8052
8660
7735
8193
7508
8927
8534
7651
8103
8724
8548
8178
8539
8290
7804
8657
10225
9239
8758
8953
8474
8035
8775
7502
8470
8390
8313
8941
8764
7961
9307
8884
8833
8036
9115
9754
8456
9311
7990
8812
7457
8652
9309
7756
8076
10564
8430
7646
9017
9000
8342
8415
7591
8236
7902
8722
7495
9417
7814
9020
10164
8860
7943
8493
8342
7672
8209
7856
7825
8396
7806
8569
8652
9261
7996
8041
9758
8712
9237
8720
8782
7980
8152
8441
8643
8214
8230
10461
9143
7795
8393
8409
8019
8248
8029
8932
9123
8665
7907
7707
8444
8263
8111
9100
9364
7643
8856
7610
7885
10765
9977
8742
8070
9116
7869
9116
10021
9478
7826
9017
8064
8057
7714
8610
8035
7447
8747
8041
8882
8750
7707
9277
8364
9102
7733
8194
15989
7997
8180
8578
8259
7948
7910
7762
8614
7647
8074
7642
9009
7605
8519
12368
8324
9137
9221
8907
8758
7988
7662
9115
8348
8584
9011
7612
9319
7933
7613
8945
7569
9230
9084
9177
7398
11317
9560
7901
8637
9159
9102
8314
9089
7931
8093
7776
7722
8118
8062
8908
8968
7787
9436
8569
7551
7520
8111
7635
8897
9153
7465
7973
8323
8767
9609
8998
8389
8815
8992
8859
9218
8612
8841
9310
8501
9277
8624
8432
8585
8729
9350
8217
8225
8451
8164
9108
8330
7545
8635
7775
7658
8556
8502
7785
8715
7752
8164
8753
9194
10697
9016
8509
8130
8562
8255
8218
9730
21557
8657
8028
7461
8529
8987
7646
8338
9296
7378
8832
8174
9068
7476
7747
7929
7749
7749
7502
7620
8647
8594
7671
9653
8558
8627
8294
8588
7801
7823
8779
87485
8049
8076
7692
11384
8090
8131
8460
8738
7509
8412
7349
8828
8063
8995
7964
8953
7984
7789
7805
8092
8087
8294
8534
8255
9135
8333
8543
22417
8770
9210
9271
8774
8613
7615
7651
7923
8171
8441
8446
8648
7965
8091
9111
8219
8851
8653
7708
8172
7543
7661
7912
7841
7501
8332
8248
9198
9398
18133
8482
7537
8623
8948
8395
7545
19043
7786
7940
9459
8748
8997
7943
8715
7738
8565
8430
8861
7553
8512
11460
9441
8393
8652
8644
9133
9312
7879
8602
7870
11263
8579
7526
14122
8260
8078
8643
9795
7853
8230
7785
8509
8487
7322
7794
7827
7591
8582
8242
9435
7572
8087
8035
7728
8801
8225
7776
9187
8396
8523
9165
7927
7575
8260
7611
8979
7401
7984
8522
8671
7653
8136
9002
8562
7976
8882
7590
8938
8047
7810
8196
10853
8376
7847
9557
8623
8123
8062
8873
8745
7926
7673
8631
8752
10978
7458
8204
7169
9251
7536
7801
7734
8289
8630
7997
7692
9046
8814
7986
7520
7736
8169
8438
8574
8725
9345
7783
8774
8620
8176
7805
8115
8309
7500
7587
7979
9389
7872
8063
8129
8271
7959
8928
9206
9204
8618
8694
7298
7812
9097
8877
8563
10927
8871
7542
8404
8375
7712
7542
8425
8635
7985
9948
8907
8046
8489
8087
8317
8584
9797
7615
8066
7798
7687
7662
7960
9358
7918
8580
7848
8250
8953
7477
8558
9286
9366
8516
7531
9377
7759
8429
8061
9291
9025
7943
8599
8250
8241
8061
8138
8382
7512
9040
7653
9202
7764
8204
7790
7655
8601
7509
7515
8019
7667
7915
7242
8942
7739
7973
8054
8644
8703
7668
9374
7617
8095
9564
8671
8912
7309
8557
8396
9912
7750
8615
7786
7873
8991
8270
9320
8218
7409
7918
7650
98249
8393
8543
7856
10775
9243
7749
7974
9943
7712
7412
7600
8212
8360
9215
7430
7572
7778
8159
8700
8269
7827
8178
7511
8897
7557
8945
7533
8751
7836
7816
8609
8104
8153
8362
9252
8156
9341
7431
7896
8002
8007
8271
8736
8421
8385
8172
8237
8269
8579
8612
17163
9386
7984
8312
7532
8086
7558
8744
7748
7800
9413
8535
7858
7396
10347
7960
9196
9087
9088
9071
7753
8417
7476
7693
8159
7801
8505
8219
7668
8033
8351
9107
9364
9075
7773
8187
7560
8417
9245
8091
7844
8459
7447
8014
7496
8694
8613
8466
7628
8596
7643
8510
9013
8533
9169
8443
8548
8653
8148
8676
8125
9218
7542
8300
7990
10491
7666
7847
7982
8056
8528
8419
8224
7453
8314
7632
7739
9078
9098
9256
8053
8917
9888
7890
8587
8659
8838
8193
7830
7461
10148
8343
9263
8253
7879
8472
8558
10201
7769
9195
8471
8760
7459
7528
7499
8729
8630
8631
8389
8240
8467
9047
8291
8108
8338
7512
9284
7751
9181
7497
9035
8453
9026
7704
7471
8723
7723
8805
8190
10101
9942
8241
8557
9192
8758
7768
10591
8635
7834
7719
10906
9033
8177
8400
9016
13753
8172
8616
7550
7844
7759
9148
8153
9066
8756
8874
10131
7805
8583
7449
7732
7866
8190
7612
7981
7936
8766
8461
7830
8769
8170
9020
7581
8435
7692
9277
9386
7600
8329
8251
7371
8297
9566
8213
8256
8310
8766
7619
9046
8413
8786
8080
8011
10071
8458
8422
8543
9283
8375
7943
8430
8624
9102
7486
7552
8068
7375
7892
8584
9910
8362
7456
7706
7780
8211
7931
8012
8035
7400
7585
9297
8958
8389
9388
9037
7878
8499
8754
8565
8012
7484
8287
7638
9248
7564
8195
7749
8496
9070
8315
8467
8699
124942
9045
8734
8440
10908
7792
7503
8192
8555
8232
8404
8197
9035
8455
8320
11401
9272
8303
7508
8511
7851
7689
8178
9304
9625
8528
7953
8034
8646
7938
8271
8958
7627
7582
8087
8521
8015
8726
8050
7313
8076
8264
9070
8361
8146
7977
8876
8773
7991
9081
8026
8288
8738
8778
8897
8687
8161
8375
7697
8171
7501
8779
8232
8074
9219
8200
8405
7996
17214
8545
9132
7816
8314
7778
7511
8474
8931
8984
8650
8784
7914
8010
8578
8732
8771
8835
8442
9174
7953
8324
8451
9239
8424
8641
8311
8777
8465
8984
8004
9257
8694
8690
8591
8772
8262
8656
9261
8214
8870
7686
8101
7878
8984
7476
7954
9037
9167
7506
7747
8744
8036
7996
8603
7981
9076
8219
8816
7691
7753
9026
8913
8311
7696
8553
7868
7637
8482
8172
8042
8804
7347
8153
8292
8987
9502
8184
9020
8423
8975
8246
9065
8569
8557
8174
7878
8952
7885
8169
8173
8253
8014
8345
8994
8497
8194
8984
8530
7824
7525
8702
9184
8153
8134
8507
9375
8113
8973
8924
7741
8712
9435
8806
7908
8832
8829
8435
8734
7690
8664
7772
8019
8400
7881
8410
8322
8051
7743
8758
9400
7786
7851
7261
8545
7532
8738
7548
8947
10569
7994
8173
7551
7932
8432
7848
9023
8548
7597
9181
9082
9053
9135
9655
8072
8150
9235
7520
9048
8405
8964
7373
7689
8956
7892
8758
8656
8688
8626
9294
9550
7840
8717
9300
8737
9567
7850
8931
9042
8600
9004
8851
7261
8690
8262
9074
8592
8022
7559
7222
9123
8915
8928
8796
7405
8533
7799
9068
8784
7489
8825
8378
7602
9805
7742
8887
8741
8876
7379
8695
8656
8375
8801
8833
8614
8049
7577
8932
9258
8652
10025
8318
8325
7567
8593
111399
19493
7584
8279
9297
7669
8651
8377
8687
9122
9400
9050
7699
8688
7617
8090
8659
8128
8621
7896
7298
7919
8427
8606
7755
8620
8573
8066
8985
8220
8433
8173
7495
8464
7831
8338
8082
8391
8124
8378
9600
9060
11405
9328
21321
7746
8010
8423
8349
8706
8035
8616
7851
7213
8704
7866
7812
7984
8538
7912
7330
8517
8282
8008
7965
8708
8017
8154
8420
8166
9321
9218
8154
9860
9584
7873
8207
8167
8181
7500
8080
7512
9119
7961
8807
8193
8000
8840
7923
9075
10855
9242
8289
7909
8705
8069
7795
8161
8212
8335
7636
9784
7654
8657
9027
8461
10991
7897
8678
7826
8621
8154
9197
8023
7948
8848
8226
7992
10301
8247
8185
8449
7934
8455
9003
8030
8379
9029
7578
7750
10163
7699
8044
10246
8355
7651
7719
8083
9612
8125
8346
9994
7877
8635
8000
9607
7862
7417
8074
7594
7592
7982
8256
9299
8230
8865
7871
8780
8959
8255
8173
7707
8797
8289
8563
7977
7972
8093
7492
8426
10988
9181
8169
7710
7961
7318
8458
7896
8609
8138
8246
7713
8204
8602
8107
8383
9140
8979
7933
7261
9179
7631
7993
8035
8176
8451
8379
8958
9112
8025
8074
7265
7978
7330
8958
8021
8880
8017
8476
8880
7953
8452
8044
9123
7708
7350
9030
7965
8676
8426
8229
9071
7642
8516
8010
8537
8203
8271
9398
8471
7824
8173
8386
8998
9979
7466
7852
7541
8960
8086
8085
8302
8820
7430
8256
8030
8384
7831
10125
8338
8442
9051
7955
8657
7951
8318
8673
8002
8030
8124
8383
8035
8394
9047
7308
7468
8831
8964
8265
8539
9265
7853
8794
8404
8043
8307
8696
8017
8837
8167
7950
8479
8022
7913
9201
7871
8585
7897
8746
7811
8379
9207
8016
119843
8333
7759
8861
7441
8895
9732
8622
7746
8009
8603
8447
8621
8593
7746
8623
8230
8969
8445
8996
7308
8807
9785
9038
9250
8569
7601
9031
8653
10285
9053
8989
8168
9014
9077
8225
7600
8479
9137
8078
9079
9050
9038
8798
9073
9117
8647
7984
8846
9065
7743
8343
7656
7470
7654
8324
8949
7422
8312
9157
7930
11385
8174
8055
8648
11898
7955
8444
7989
9046
8593
8053
8728
9198
8030
9242
8658
11838
7823
8553
7775
8641
8389
9204
7641
9441
7567
8948
8675
8166
8312
8213
8307
7392
8314
7569
9241
8229
7802
7810
8055
7903
9457
8139
9252
8928
7824
8333
8504
7773
8415
8994
8791
8599
7549
8820
9157
10122
8660
9240
8821
8146
8241
8676
8835
7964
7692
7897
7969
8512
7527
8026
8902
9734
7771
9217
7725
7656
8194
8400
8638
7728
8005
9033
8348
8713
7910
7572
8986
9235
9775
8841
8211
8285
8573
8834
7600
7917
9517
8963
8456
8430
8437
7648
9565
10297
9271
8948
7482
7776
8379
8892
8456
8678
8079
8427
8523
8063
8543
7535
8348
9322
8684
8979
8825
8707
9975
8067
8787
7598
7987
8964
8564
9559
7917
8835
7991
11309
9112
8749
8882
7389
8893
7938
8448
8230
9158
8806
8432
8953
7398
9027
9039
8013
9218
8007
7579
8199
9116
8443
9443
9073
7523
9213
7904
8919
7741
8797
9313
8370
8926
7731
8385
7620
7624
8074
7946
9243
8225
8857
8061
8302
7798
7461
8906
8237
8545
8605
8516
9297
7286
7579
9546
8612
7823
8496
9627
7903
7764
7799
7545
10430
8466
7877
8349
8505
7979
9235
9010
9189
8957
8486
9149
7600
7555
9699
7328
7564
7853
8196
7592
9027
9220
8661
8920
8439
8682
7553
7509
8416
8242
8237
8737
99683
8082
7737
7788
7769
7641
8536
7699
9761
9056
8583
7370
7795
7117
8688
8639
8984
8961
7993
10433
7311
8457
8855
8537
8917
8558
8442
8937
8516
8774
8972
8045
10347
8034
8980
8372
8564
8697
8656
7818
7569
7606
10051
7600
7843
7534
8628
7817
7795
8380
8031
8193
10003
8248
8630
7942
10092
8357
9444
9258
7502
8200
9127
8422
8576
7852
7629
7517
9121
8516
7764
9418
8362
8771
9293
9169
8343
8373
8956
8481
8536
8784
8603
7548
7883
8709
8056
7578
8638
8757
8225
9063
8942
7312
7852
7697
10294
8212
8222
7818
8363
10085
8325
9671
7709
9061
7729
7321
8574
8306
7630
9529
8615
8425
8142
7604
7964
9261
8680
9400
7773
8432
9236
7558
9490
8273
7695
9134
8234
8363
8466
8010
8748
8034
8707
8149
7748
7443
7643
8451
8472
8969
7530
9304
9070
7515
7708
7829
8913
7981
8129
8179
7588
7816
7450
8311
8065
9645
8633
8961
11129
9656
7521
7733
9061
8460
8416
8071
9322
9138
8492
9630
8133
9361
7620
7615
8801
8216
9404
8747
7528
9122
7401
9280
7922
9134
8793
7728
8393
8052
8761
7602
9440
7930
7917
8967
8440
7972
8333
9235
8553
8651
8214
7256
8872
8402
8916
8764
8976
9447
8091
8618
7518
8477
8656
9232
7786
8512
8131
7803
8816
7939
9072
8966
9858
8483
7706
8025
7577
8380
9206
7671
9025
8523
7651
8748
8530
8254
7538
8710
8798
8193
8442
7793
8671
8352
8921
9203
7793
8872
8432
8204
8641
9017
7960
8418
7666
7432
8892
9269
7713
7548
7849
7791
7556
7458
8096
7463
8564
8173
8948
8038
8814
8507
8115
8079
8533
7840
8566
8087
7671
7645
7752
7420
8898
8098
8229
8012
8278
8383
7727
7509
8065
132911
9548
7604
8716
7671
8842
7484
8323
8977
7514
7789
7800
10179
8189
8779
7757
7713
7796
7491
7990
7437
8737
7658
7968
8013
8575
8641
7848
7753
8185
8415
9037
7386
8620
7912
7546
8417
7771
8837
7773
8839
8210
8845
7795
9274
8775
7959
7537
8056
7539
8305
7694
7522
8054
7871
7873
7605
8667
8015
11628
7578
7557
8154
8834
7625
8559
7790
7626
8899
8698
8857
8940
7574
8361
7412
10528
9464
8769
8907
7834
9222
8667
9166
8574
7571
9080
8087
8994
8795
8512
7471
8622
9134
8358
9210
8612
8724
8998
8155
8405
7654
9184
8523
8929
8595
7564
8952
8101
7892
8930
8998
9857
9135
8919
8656
8556
8913
8509
9770
8570
8784
8224
8036
9823
7757
9133
7597
8433
8126
8414
8676
9901
8956
8649
8257
8594
8543
8680
9151
8860
8319
7646
7995
8101
8467
8467
8595
7603
7870
8465
8757
8635
8854
8612
8465
9130
9109
8804
8612
8830
8575
8217
9222
9061
9126
8464
9018
8854
7369
8437
8892
9820
8741
8967
8716
7615
9285
8866
9286
8682
8023
8717
7868
8411
8957
8397
9512
11884
7953
7830
8554
8843
8639
9804
8340
8346
8076
8097
8836
8456
9540
7405
9104
8307
7874
9715
8772
8737
7772
8415
7394
8225
8543
8386
8533
8769
9351
9018
7848
8616
7566
9030
8144
9895
8981
8661
8605
8659
9471
8791
8266
8846
8815
8682
8512
8876
8649
7892
8789
10070
8456
8555
8774
9006
8282
8676
8286
8859
8367
8691
8536
11467
8148
8552
8692
8789
9153
8282
8666
8615
8835
8797
7571
8655
7313
8687
9215
8511
9527
8228
8983
7494
8404
8516
8682
9633
7866
7531
7611
8682
8948
8793
8546
8014
7680
9012
8517
8755
8797
7492
8065
9122
7618
92745
8552
8474
9214
7801
8938
8485
8103
8625
7502
8831
9291
9034
7491
7865
8382
8526
8801
7512
8671
8251
7576
10979
8359
8461
7755
9271
8751
8302
8138
8529
8794
8273
7895
8510
8989
8596
7571
10139
7868
8695
8611
8697
8981
8652
8737
7625
9015
8935
8316
8029
9085
8461
8353
7778
9329
10083
7968
9195
8594
8243
7595
8472
8692
8181
8271
7747
7465
8825
7947
7656
8784
7620
7721
7374
7600
9162
9198
9056
7579
7814
8565
9287
8825
9068
7996
10379
9625
8861
9494
7660
8184
8198
8564
9498
9547
8208
9203
9337
7712
8582
9179
7511
7883
8854
8699
8580
8169
9890
7832
8875
7701
8453
8451
9191
8014
7628
8795
8219
8430
8181
7869
9061
8095
7584
9310
7391
8660
8273
7974
7385
9162
9001
7772
9066
7408
8138
7451
7852
8152
7939
8177
7725
9109
8211
8637
7895
8156
9504
8720
10232
7435
8230
9293
8626
8805
8609
8584
8908
8015
7541
8411
9553
9157
8350
8324
8188
8917
8649
9242
8425
9195
8170
9178
9430
8480
7440
9158
8712
7944
9231
7974
7712
8534
9655
8512
8157
8152
8417
8587
8656
9543
8784
7499
7629
9337
7209
8723
8605
8437
7799
8572
8620
8667
8394
9205
8471
7745
7288
8887
8091
7440
7712
7904
9008
8317
7889
7874
8637
8354
8046
7542
8431
8404
9196
8653
8045
8748
8647
8296
8681
8439
8001
7689
8683
7598
7727
8167
8517
8166
8033
8600
8458
8355
8605
8536
8796
8321
7991
7797
8195
8618
8064
8015
8907
8167
8375
7758
8284
9125
7592
8102
8620
9079
7752
8939
8701
9577
7533
8430
7776
9017
8902
7387
8852
7686
8271
8410
10489
7928
10041
9230
8850
8492
7861
8624
7808
8200
8579
7885
7347
8906
7989
125445
9922
8902
8558
7772
8307
8133
7451
9435
8792
8389
9182
8506
7834
8035
8555
8753
9682
8446
8162
8574
7856
8586
8836
8585
8413
7972
7753
8597
7763
8288
7682
8601
7673
8102
8416
7452
8514
8779
8698
9235
7717
8871
7700
8353
8923
7541
8708
8463
10005
7962
7624
8153
7589
8235
8764
8419
8641
8158
8035
7763
8226
7588
8655
8797
8192
8774
7933
8611
8305
8315
8812
8420
8533
7599
9076
8558
8691
8775
8059
7790
8189
9100
7678
9212
7576
8625
7794
8734
8430
7960
7974
8657
8635
7524
8616
7993
7811
9416
9008
8678
8323
7791
8373
8894
8916
8094
8526
7606
9030
8473
8083
7832
11307
7728
8167
7461
8134
8110
8190
9007
7568
7934
7483
7783
7491
8332
8237
7815
8413
8603
8792
7451
8314
8060
7866
7521
7633
8160
8254
8478
8535
7851
8826
8856
9233
8190
8653
9005
7977
9254
8584
8035
8963
7723
8919
9257
8071
8692
9117
8469
7530
9248
9046
8394
8466
8657
8002
7365
9253
9902
8176
7558
10240
8253
7529
9564
10539
9421
9108
8674
9417
7822
8226
9042
8610
8860
7351
7694
7672
9189
7487
8751
7547
8368
7661
8391
7731
8090
7799
8905
9116
9306
8887
8120
9056
8071
7516
8189
9231
8451
9578
8843
8226
8999
9529
7758
8256
8258
9627
10026
7553
9241
8825
9159
8070
8547
9229
7771
7732
9779
8202
8171
8519
8674
8869
8471
9174
8524
8647
8825
11938
8857
7421
8988
8833
7529
8107
7784
7695
7404
8418
7995
7613
8360
8197
7979
9296
7674
9233
8016
8625
7995
8480
7668
8330
8650
10027
8801
7985
8710
9045
7523
9010
9143
7682
7536
8242
7606
7996
7781
8413
8670
8343
8199
8955
8643
9533
7655
8727
7543
8172
7682
127535
63225
7789
7685
7954
7748
7971
8977
8342
7788
8453
9197
10548
7323
8835
8204
9785
8108
7884
7579
8258
8358
8199
7581
8202
8805
8745
8276
8898
8734
8071
7883
7953
8569
7993
8746
8075
8316
7516
7569
9158
9225
8958
8579
8734
7626
9071
7477
8841
8189
7912
9105
8897
7593
8878
8933
9038
8175
7496
8938
7579
9190
8880
9139
7845
9079
10010
9731
8868
8854
9210
7543
8878
7431
7898
8939
10282
9156
7723
7603
8620
7766
8558
7701
7572
7293
7558
7594
8076
8775
9579
7979
8252
8456
8954
8691
8324
7661
9032
9316
7656
8656
8930
8475
8220
8897
7804
8397
8365
8678
8184
8321
7830
8482
9210
8003
7789
8777
8431
7544
8659
9179
8333
8176
7775
7589
8430
8196
9945
8744
7997
8072
7722
8753
8891
8634
8446
10225
8404
7970
9512
7824
8471
8979
7526
8078
14965
8949
8430
9261
8200
8528
7843
8368
8415
8661
8519
7948
7733
8251
7530
11996
7690
8967
8172
7410
8501
8533
8807
9057
8129
7939
9011
8713
9320
8302
9170
8555
7630
7753
7651
7695
8516
8758
8072
8401
7389
7758
8451
8235
8867
8013
7801
8066
8825
7768
9596
8059
7662
8400
8344
7802
8560
8615
10962
8657
7945
8503
8696
7848
8589
8671
7733
8478
8569
7876
8485
9016
7612
7958
9257
8929
7589
9023
7558
9672
7594
8631
8743
7866
8423
8355
7570
8803
7634
8138
8253
8014
8578
8057
8404
7974
7599
8530
8270
8914
8704
8371
9107
8304
8180
7733
8698
9432
8491
7771
8525
9117
8705
8276
9159
8489
7575
8610
9089
8415
7764
9663
10783
8799
8078
9155
9012
8548
8384
7428
9256
8832
8644
8346
7354
9652
7942
9026
8008
9356
8186
8297
8029
8609
8209
8579
9024
7985
7613
8645
7732
7842
9368
9323
9086
8529
8702
7394
8057
8882
7651
7838
8273
7630
7459
9538
7553
8881
7615
7793
7660
8676
7565
7951
8107
8166
7772
9295
8307
7850
8297
8812
8444
7738
9071
7376
10701
8797
8984
9076
7553
8764
7642
8955
9237
8745
9241
8810
7933
8046
8946
7956
7934
7465
7749
9132
8717
9127
9158
8635
8728
8608
7371
8854
8830
8476
9303
8686
8535
8413
8633
8133
8605
8620
9635
8174
9189
9177
8752
7870
7394
8636
8676
7502
8804
8597
9065
8274
9200
8409
9164
8906
7553
10015
8199
7585
9457
7613
7874
8798
11636
8157
7680
8731
10005
7733
8774
7794
8278
8575
7428
9198
7844
7496
8715
8575
8979
8548
8600
8892
9420
9169
8622
7825
10503
7984
8198
8749
9066
7835
8883
8323
8964
9085
8753
8704
8333
8425
7879
8958
8887
7907
9287
7569
9059
8811
8659
7620
7686
8032
7962
9153
7842
8770
8617
7444
9043
7523
7794
7533
10136
9003
8230
8542
10113
8495
7699
7728
8229
8513
7795
9053
7779
7893
9181
9043
8411
8359
9210
8797
9899
9018
8579
8112
8538
7468
7466
7932
7791
10034
8038
8201
8794
7466
7871
9087
9256
7389
7996
7903
8876
9029
8005
8610
7621
9024
7548
7715
7763
8548
8519
7802
8882
9150
8230
7984
7578
7564
7630
9227
8790
8874
7843
8293
8797
9159
7632
8861
11697
7546
7907
8416
8884
9720
7701
8775
8815
8395
8769
7994
9167
8351
9067
8157
8299
9328
8117
8477
8385
8596
8793
7743
8618
8414
7881
8395
8893
8197
8137
7964
9194
8675
9324
8188
8328
7946
8015
8270
7875
7994
8212
7548
8370
8838
9502
8790
8167
8535
8441
7796
9153
8073
9071
8917
8135
8520
8636
8353
8615
7970
8998
7468
8997
8748
9925
9220
7644
7897
8513
8276
8608
8794
8295
9135
7706
7615
10110
8467
9425
7514
9259
8125
7628
9528
8299
8493
8390
8236
7866
8330
8534
7359
9721
7804
9307
9007
7770
8066
7399
8356
7594
8397
7552
7813
8477
8413
8566
7600
8981
9068
8776
8600
8708
8215
7743
8676
8758
7791
9471
8371
8472
7661
8747
7487
8012
8537
7612
8347
8884
9315
8652
8734
8905
8399
8812
8865
9002
8599
7926
7871
9389
8814
7742
9328
8061
7427
10061
8815
7914
8076
8134
7690
8146
8178
10028
8071
8818
7467
9038
8534
7866
7794
7858
8114
7429
7801
7542
9257
8256
9357
8900
8578
7603
8358
8919
9856
8224
8813
8757
7540
8094
8458
7492
8873
8598
7673
9138
9128
9081
7703
10945
8534
7874
9328
7714
8637
9751
9097
9084
7831
8383
9471
9222
8017
7413
9159
9153
8033
8536
7758
7471
8508
8620
8392
8096
8419
8213
8174
7608
8451
7189
8205
8484
7907
8683
7344
8075
8296
9138
9989
9090
9406
7303
8617
9354
8884
8766
7535
7818
7930
7969
8270
8399
8723
7728
9234
7695
7678
9735
9266
9030
8471
9141
8424
10061
8717
8734
8863
8747
8485
7202
8578
8698
9132
9005
9480
8811
8448
8312
9138
8697
9201
7572
8293
8482
9295
7647
9334
7871
8343
8997
7190
8098
7572
7789
9322
7889
8810
7389
8827
7715
7794
8179
7391
7532
8446
7936
7786
8321
8743
7548
7411
8415
8423
8732
9370
9273
7356
8748
8333
8020
9230
7953
8212
7799
7466
7992
7824
11411
7894
9723
7400
8840
10138
7669
8482
7335
10505
8649
7949
8514
8451
8589
7815
7594
7860
7889
8840
8885
9900
8720
9248
8386
7668
8733
8620
9577
7946
9049
9639
9456
8138
9044
9409
8384
10133
8364
9158
8987
8737
8457
7480
8181
7633
9561
8007
9412
7808
8497
8032
9288
9279
8692
7881
8344
8556
7616
7565
8755
7635
8846
8454
10119
9045
8194
8394
8135
7930
7651
8261
9223
8137
9173
8747
8431
8240
8741
7585
8780
8938
7992
8046
7266
8357
9148
8032
9137
7720
8641
8091
8145
8702
7995
8933
7882
8526
7927
8268
9202
7992
7818
7999
7783
9249
7563
8798
9128
8939
8317
9405
8631
8512
7745
8485
7556
7581
7446
7513
8289
8295
8992
8374
7618
8573
7791
8366
11555
8733
7989
7902
7708
7971
7302
8224
7958
8625
8579
8610
8625
8890
8020
7986
8671
8098
7752
9076
8823
7692
8902
8794
8213
8408
8620
8964
8852
8992
8793
8850
8629
8656
7579
9660
8025
9276
8972
7579
7746
7436
7804
7509
8008
8832
9386
8614
7837
8970
8040
8585
8594
8242
7703
9068
9080
9158
7870
8136
8474
9199
8817
7514
11145
9371
8523
8022
9418
9299
8209
7582
9512
8098
7745
7583
8766
8995
9139
8333
8764
7651
9179
8965
9044
9235
8460
8972
8861
8420
9031
8564
8553
8451
8032
7924
8713
9021
9140
8855
7661
9078
7729
9097
7507
9138
7636
8438
7735
7773
8692
8891
7728
8627
8529
9316
7808
9058
8894
8112
8235
7384
9209
8995
9117
9147
7425
9033
9081
7983
9176
9039
8591
8734
7753
7953
9295
8630
7971
7893
8407
9199
7888
8941
7622
9033
8924
8876
7773
7560
8573
8651
8199
7871
7453
9285
7892
7749
7976
7994
7982
8006
8139
7598
8930
7794
11256
8835
8568
7714
9104
8795
8010
7728
7632
8410
8318
7707
9199
8774
7993
9089
8123
8894
9596
8352
8707
8297
8119
7862
9108
7647
8125
7552
7744
10000
7497
9166
8177
8595
10111
7514
8204
8555
8942
9329
9932
7698
8035
9473
7647
8051
8624
8569
8249
8430
7790
8427
9001
8950
8758
8623
8102
9687
8253
7709
8733
7665
8663
8584
8619
8172
7800
7445
9213
8803
8186
8055
8800
8796
7623
8469
8650
7696
8379
7308
7782
9881
7750
7549
7471
9128
8907
9026
8962
9374
10620
8354
7852
7421
7571
9230
8907
8398
8598
8620
7883
7677
9182
9257
9046
7751
9789
8020
7723
9123
7953
8793
7732
9159
9117
8918
9172
8048
8615
7987
8345
7576
7847
9057
7743
7430
8899
7474
9000
7830
8346
7409
8508
9938
8768
7698
7810
8995
7814
8702
9210
9379
7428
8464
9080
8291
7917
7493
9224
10047
7868
8797
7303
7479
10320
8636
8985
9018
9042
7331
8601
8948
9936
7844
8205
8220
8334
8063
8933
7455
9832
7430
8548
8033
8602
8845
8812
8964
8260
7751
8571
8352
8746
9240
9786
8457
9649
8866
9319
8500
8943
8983
7304
7738
8497
8179
8558
9254
8680
7783
8275
8649
8676
8921
8850
8575
8187
7846
9449
8887
8536
7563
9184
8611
9848
9042
8812
9097
10063
8301
8256
8815
8933
8321
8516
8895
8693
7513
9509
8854
9226
7634
8411
7430
7987
8589
8454
8787
9435
7366
8846
8716
9105
8745
8905
8519
7766
8395
8330
8726
8669
9023
8779
7981
8858
7707
8543
8769
8430
8710
7390
8788
8856
9400
8579
8079
8734
7868
8327
8981
8863
8495
9702
9470
10718
8804
9953
8719
7421
7551
8696
7829
11075
7562
8626
8646
8581
8856
7990
7719
9054
8830
8636
8010
9030
7282
8719
8259
8812
9370
10606
8996
7483
8999
9409
8420
9984
9293
8617
7627
7524
8943
7411
8986
7631
8651
8594
8898
9291
7561
9220
7759
8832
7753
9006
9038
178710
8442
7553
8712
7887
8172
8216
7605
8546
8861
7475
8871
7550
7841
9602
7830
8538
8301
7712
9097
11629
10166
8980
8795
8031
8271
8499
7985
8023
8871
9775
9257
8595
8935
7998
9123
8884
8318
7435
8215
8849
8861
8704
7503
8933
8486
8446
7594
8035
7553
8193
8262
9058
8353
7770
8167
7487
7876
7389
8076
8132
9205
7671
8679
8789
8134
9008
17149
8516
7381
8329
8630
7861
8346
7815
9020
9584
7722
7574
8267
7550
8440
7749
7564
9161
9586
8742
8060
8129
8443
8002
8412
9354
8121
9154
8887
8504
7493
8899
7548
8835
8519
8974
8847
7517
8672
9622
7748
7676
9189
7831
7791
9253
7605
8605
9217
9218
7625
8041
7411
8626
7379
7555
8296
7882
8216
7460
7938
7940
8901
9081
8614
8538
9043
9014
7572
8967
7429
9001
8360
8377
7800
9201
7569
8281
9253
8323
8409
9997
8252
8387
8320
8292
8592
8635
7995
8424
8980
7625
8322
8734
8313
7579
8255
8113
8938
9312
8879
8558
8938
8307
8885
8211
7591
8102
8087
9084
9019
8430
8318
7474
8010
8169
8571
7811
8215
8395
7652
8174
7897
8074
8316
9281
8817
9554
8302
8158
8819
9031
7987
8974
7644
8323
9107
7680
8866
7615
7533
9094
9072
8083
8888
8578
7610
7544
8630
8375
8006
8794
8501
9223
8398
7511
7418
7702
7431
7458
9186
10591
7835
8416
9646
9453
8457
7487
8450
8452
8823
8739
8836
8757
7808
8355
7999
9069
8816
9056
8779
8633
7496
8212
8856
8612
7635
8564
7775
8515
8546
13664
8022
8658
8892
7298
8276
8856
8492
7608
8817
9153
8567
7545
8863
9614
8800
8970
8852
10897
8866
8699
9017
8930
7925
8532
8290
8174
8598
9710
8615
9033
8608
8343
7607
9687
111986
8919
8134
8425
7438
8026
7877
8682
8233
8462
7835
7782
9523
7640
8395
8035
7796
8765
7329
8246
8553
8133
7711
8278
8619
8516
8072
8026
8676
8487
7770
8787
8049
8342
7438
9160
9988
8504
8037
8027
7981
7408
8318
8410
7648
7517
7436
10902
9044
7568
9471
7553
7541
8431
7434
9035
7793
7916
8040
8379
7810
7912
7607
8794
8043
8569
9218
8454
9035
7513
9449
7555
8082
8954
7778
8546
8003
7730
8014
8371
7595
7599
8888
9451
9270
9054
7565
8822
7460
9049
9429
7580
7700
8239
8255
10105
8215
9083
9444
8336
7345
7985
8158
7695
8297
7547
8749
7829
9241
7774
7540
10841
8415
8999
7939
9284
8081
8029
8020
8415
8323
8497
8502
7814
9134
8083
8372
7585
8838
8317
7696
9158
7650
7609
8707
8505
7779
7758
8177
7784
7366
7580
8177
8959
9124
7760
8852
8282
8142
8618
7790
8137
7995
7552
8195
8470
9017
8000
9225
7461
8374
7589
8138
7845
7899
8501
8492
8200
7280
8582
8513
9275
8071
8178
9155
10699
8843
7589
9217
7774
8359
7588
8475
8417
7651
7667
9166
7683
9499
8656
7767
9223
7434
8431
8369
7851
8554
9102
8539
9304
9353
8231
7739
9415
8523
8014
9658
9479
9435
8091
8035
8970
7504
8831
9019
8096
9080
8061
8855
10707
10022
8091
8432
10197
9121
7528
7629
8223
8190
8224
9014
7949
7818
8797
7856
7535
7424
9358
7433
11697
9024
8272
8631
7641
9034
8057
8338
8465
8152
9250
8532
8405
8459
7633
8481
10584
8894
8656
8128
8641
7682
7584
8402
9517
8464
8176
7964
9314
7718
7974
9047
7638
9820
7682
7989
8729
8349
8071
8495
8275
9201
11677
8779
8260
8879
9004
9261
13487
8612
7843
8005
8041
8547
134378
8422
7793
9278
7588
8230
7371
7810
7615
9035
8514
7434
8112
8004
8134
7861
7804
8310
8789
8873
7582
8596
8792
7595
8407
7492
9097
8215
9423
9766
9235
9418
7796
8952
8444
7990
8003
8434
8215
7434
8306
9005
7857
8678
7346
7667
7871
7979
7788
8097
7933
7390
8344
8686
9137
8044
8579
9441
7830
9642
7673
8215
8265
7654
9278
9577
7815
8096
8180
7803
9055
9209
7589
9007
9757
9585
8518
8554
7573
7880
9137
8044
8994
7805
9473
8123
8802
9322
7974
8004
7611
8807
8460
7481
9174
8386
8671
7570
8674
8938
7600
8030
9015
7588
8132
8671
8451
7593
7974
7969
9051
8160
8130
9289
8285
7791
7434
7777
7844
7929
8896
7600
8384
8876
8516
7879
7802
7569
8191
7605
9147
9092
8035
7951
7654
8200
9858
8338
8969
9040
7652
8624
8105
8465
8051
9183
7934
7369
8374
9111
7584
8273
7810
7828
7312
8059
8317
9091
7995
8992
7735
8763
8080
7680
10097
8795
7815
8867
7360
7610
7983
9324
8019
7352
8878
8303
8105
8966
8994
8889
8596
8230
7400
7314
8644
8981
9456
7328
8585
9097
8846
8631
9723
8566
8460
8169
9035
8435
8795
7467
9579
8748
10068
7972
8820
8824
8882
9557
8174
8656
9770
8603
7849
8786
8425
7375
8768
8817
9786
7848
8718
8937
7770
8037
8707
8235
10787
8435
8333
8852
7810
8665
8954
8631
8374
8625
7245
7752
8835
8711
8518
11606
7714
7828
9016
8675
8790
8563
7258
7779
8574
8051
8439
8634
8617
8972
9239
9194
8557
8718
9003
9441
8343
8039
7364
7912
10902
8181
8707
8808
8138
9104
9189
7609
10087
8557
7209
7760
7936
9390
7682
7728
9379
9009
8594
19249
8538
7384
7625
9050
8583
8469
7471
105175
9282
7499
8936
8151
9260
7902
8677
7856
7546
8803
7829
8259
8759
8230
8677
7689
8702
8498
9246
8635
9025
8812
8736
8927
9477
10758
8769
7793
8418
8525
8723
8562
7496
7549
8430
8785
11228
8470
7703
9132
7503
7654
7769
9323
9140
7932
8085
7938
9867
8948
7805
7491
8686
8892
9103
8819
9181
7970
7953
8039
8373
7887
7531
7932
9452
8650
7550
7584
9284
9212
7743
7647
9060
7995
8558
8643
9174
7854
8135
8823
8838
8815
9016
9225
7813
7420
7928
8112
7562
7988
8610
8538
9318
8076
8859
8615
9218
9403
7477
8151
11506
7564
8929
7667
9123
9004
7385
7979
7916
8624
9010
8210
8242
7984
9082
7668
8446
8976
8414
8897
7241
8900
8906
8715
8957
8595
8364
7769
7613
9225
8499
10004
7610
8220
8388
8887
8848
9416
7848
7610
8814
8869
9030
9076
8891
8964
7311
8325
8810
8805
9061
7524
8910
8008
8133
8648
9468
7709
7480
8813
7551
8744
8824
8896
9226
8859
8620
8345
7533
7431
9246
8656
10262
9036
7189
8531
9670
9095
8547
19353
9192
8692
7660
8808
9379
9631
8598
9196
8121
7939
8981
9220
8917
8375
7771
7334
8635
8640
9062
8822
8177
9204
7588
8493
8746
8972
8669
8289
8677
8010
8644
8566
9183
9000
7413
9388
8603
7500
9016
8992
8749
8287
9750
8781
8464
8769
8316
8779
11045
8631
8729
8850
8218
7584
8567
9282
8005
8740
9055
8342
8837
8912
8586
9205
8628
8779
9029
8593
8608
8685
8952
7640
9041
8757
8175
7821
7718
7610
9202
8804
9853
8389
8989
7789
7645
8966
8463
8887
7476
8338
8517
8775
8969
7833
9036
8374
8615
8740
9900
8837
8989
9100
8066
8578
8509
8584
8778
9066
8662
7330
9193
8680
71905
8970
7815
8992
7674
8763
8383
8758
8056
7626
7713
7876
7930
7675
8776
8235
8174
8583
8214
7781
7997
7705
7836
8658
8081
7867
7750
8214
9585
8096
8074
8010
8655
7941
8026
8221
8099
8010
8077
9093
8351
9325
8839
8222
8466
8321
8589
8221
8390
8049
7972
8819
9005
7413
9234
8004
8515
7873
8389
8173
8066
8405
7795
7906
9325
8393
7579
8222
17584
8446
9199
8290
8518
8207
7805
7589
7961
9246
8834
7694
7581
7964
8676
8204
8596
8620
7581
8753
8041
9171
8015
7581
8614
8013
7951
8495
7833
8576
7957
8566
8702
8343
8829
9081
9692
8149
8066
7903
9473
8746
8863
8900
8418
7711
8053
9827
7381
8871
9774
8590
9231
8364
8089
9023
8702
8523
7802
8675
12180
8674
8344
7958
8405
7810
8425
9184
8456
8982
9058
8614
8226
7827
7973
9072
9017
8930
8581
8361
7809
8566
8989
8061
9226
8515
8176
8223
7886
9382
7669
9168
8878
7770
7660
7831
8365
7904
10769
9202
8678
8081
9237
7758
8046
7748
9079
8433
8757
9076
8150
8009
8264
8874
8347
8953
8152
9244
8255
7390
9034
8563
8133
7811
10295
7946
8435
8661
8338
8392
8420
9151
8802
7499
8186
8740
8436
9267
8558
7842
7398
9146
9315
7825
7544
7833
7712
8490
8576
7640
9317
9027
8005
8212
7789
7561
8286
9001
7866
7996
8777
7803
8330
8169
8830
8665
7913
7923
7351
8786
7583
7698
7897
7742
7738
7712
8123
8191
8990
7972
8050
9168
8473
8122
8014
9271
7959
7607
11005
8275
8736
8904
7523
8764
8592
8881
9176
9076
7833
7402
7374
8523
8453
16828
7998
8697
8687
8863
8124
8449
8310
7704
8137
8603
8106
7887
8961
8849
8882
10178
10866
8684
7446
9926
9061
116161
7863
8291
7512
8411
7569
7734
9458
7734
7487
11602
8438
8204
8829
8936
8602
8327
8372
7368
8533
7980
8001
8394
7641
9564
8386
8056
16114
7956
7773
9029
8073
8406
8253
7615
8879
10222
8310
8323
7769
9135
8258
8253
8955
8820
7863
7588
9051
8129
8028
9577
8816
8529
7569
7993
9039
9103
8444
8241
8707
8599
9047
9097
7752
8194
8589
8835
8262
9056
8133
8917
7610
7676
7852
8061
8384
10258
8810
8012
8374
8863
7944
8546
8508
10078
9215
7383
8384
8008
8694
8591
10300
8925
8916
8101
7536
9041
9500
7828
8635
8037
9360
7628
7685
8419
9164
8025
8998
8354
8811
8748
8482
8174
10007
7549
8241
8374
8972
8347
7419
8193
7515
8594
8266
7895
7886
8294
8130
8619
8995
8186
7969
9892
9143
8895
8162
8112
8082
7595
8597
7765
8093
8410
8123
7872
8404
7758
7409
8192
8472
7953
7873
9174
8666
8331
11610
8089
8483
8153
8600
9482
8592
7796
9073
8584
8349
8651
8124
7757
8917
9120
7492
8994
7206
9198
8080
8481
8883
9135
8722
7929
9256
8620
7484
7497
9174
10185
8575
8605
9254
7767
9235
9235
9436
8360
8179
9274
7522
9114
8128
8708
8649
7755
7403
7623
7852
7568
9059
8810
7841
7543
10045
8696
9057
7412
7989
7476
9119
8753
9908
8064
9016
8111
8878
7583
7580
8856
8838
7553
7452
9127
9201
9133
9216
8441
7600
8572
8482
7608
7689
7564
8351
7856
7909
8983
9238
7592
9081
7351
9046
8148
8276
8885
9082
9165
7410
8787
8424
7614
8797
9200
8821
8417
8142
9144
9531
8835
9136
7538
8594
9158
8580
7974
8506
8817
8578
7450
8671
8466
8866
8294
8920
9605
8447
8802
8674
8423
7602
9055
8868
7574
8958
8594
103107
8418
8970
7837
8682
7943
8223
9936
7451
8246
7596
7569
7955
8411
9850
8714
8120
9140
7620
8764
7996
8834
8649
8432
7551
7953
8232
9490
8013
8274
9299
8437
8497
7973
8575
8076
8056
9106
8288
8235
8219
8194
7792
8583
7236
10092
7969
8627
8867
8389
7578
8626
8776
8766
9940
8462
7637
8256
7312
7561
7805
7630
8123
9076
9027
8934
8262
9033
8650
8676
8592
8692
7549
8476
8343
9118
8507
9013
8670
8005
8517
7661
8792
7598
9436
8847
8682
8924
7811
9074
8064
8513
8851
7682
7806
7893
7537
9037
11329
7748
7804
7794
9227
8984
8218
7726
8181
8198
8738
8071
9240
8016
8957
8093
8123
9194
8043
9215
10344
7700
9881
7392
8553
8153
8978
7674
9323
8113
8059
7777
7913
7574
7492
8306
9076
9148
8035
7979
9082
8830
8995
8295
7698
9130
8315
7582
8704
8633
7583
9010
8538
9206
7622
8201
8595
9574
8043
9209
9276
9057
8894
7498
9312
7741
7666
7976
7410
8415
7390
8758
8494
8794
8735
8354
9138
8102
8614
9374
8586
9164
8496
9409
10609
8042
8750
8962
8625
7758
9113
9258
8794
8589
8445
8802
8374
8781
8887
7994
8533
9013
9276
7713
8987
9475
8911
8675
9859
8617
7724
8435
8531
7609
8897
8354
8710
8207
7899
8716
8978
8487
8257
8676
7583
9456
8737
8346
8536
9854
8993
8357
7449
8758
8302
8810
7607
8575
8460
8779
9394
9097
8699
8632
9075
8374
7732
8874
11722
7987
7341
8081
8546
8991
8890
9139
8800
7775
8661
9077
8907
9038
8210
8654
8589
7565
7386
8659
9652
8957
8676
7472
9581
8472
8554
8746
7436
8802
8891
8740
8461
9443
8416
8777
8666
9653
9219
8636
8596
8492
7651
8637
8198
8699
8146
110882
8348
8809
8759
7804
8068
8404
8955
7473
9032
8764
8192
8127
9606
8862
7931
8369
9923
7463
8034
8635
7473
8147
9034
8568
7568
8014
7106
7736
8612
8534
8841
7434
8757
8484
7594
8629
7809
8514
8579
8554
8041
9233
9066
8066
9504
7384
7851
8998
9356
8961
8569
8378
7729
8697
8960
7748
9948
7600
7907
7358
7876
7710
9051
7392
7992
7664
9160
8230
9015
8706
9087
7792
7744
7420
8348
9067
9012
9003
8625
8963
9970
7867
9058
8900
7520
7400
7546
9030
8434
8931
7487
9078
7447
8557
8677
7616
9853
9638
8977
7808
8657
9114
8035
9161
7569
9076
7692
10060
9090
8217
9027
9499
9922
7655
8202
9005
8665
7873
7829
7774
8317
8131
7553
8778
7430
8331
8144
7851
8153
7641
7971
7401
8407
8884
9080
8602
9240
7467
7507
7685
8303
7445
9339
7389
9620
9137
7387
8312
7391
8063
9017
7969
9028
8051
9179
9251
9122
8736
8387
9036
8248
8896
8307
9225
8329
8292
8314
8365
8897
7391
9034
7502
8301
8404
7755
7380
9202
9034
7758
7585
9060
7179
9936
9085
8791
9000
7698
8093
8979
9228
7644
9020
8983
8404
8538
8845
9107
9149
8352
8696
8382
7533
7813
8654
8769
8518
8607
8160
10285
7953
8401
8551
9634
8682
9298
7465
8906
7918
8413
8013
8805
7771
8378
8922
7415
8850
8180
8613
7364
9638
8915
8414
8682
7907
8818
7681
7694
8824
7769
8275
7851
8945
8426
8020
9010
9055
8865
8129
8209
8673
8948
8996
9219
8815
7972
7490
8938
8676
9044
8615
8651
8367
8789
8932
8405
8888
7675
8634
7911
8025
8933
9000
9904
7686
7487
7287
7921
7693
7479
8985
8659
9071
8521
8441
7410
7475
7580
8738
10225
7643
8231
7474
96390
8356
8291
7993
7343
8005
8776
8638
7748
7597
8650
8150
8957
9241
8190
8734
7702
7758
7983
9411
7720
9161
7583
7486
7703
7702
9200
7561
9168
8778
8517
8553
7358
8685
7846
9061
7744
7736
8950
8401
7794
9004
7738
7622
10560
9201
7941
7791
7859
8185
8158
8232
9996
8115
8815
7440
7992
8331
8892
8554
8849
8647
8796
8389
8017
7442
8045
7532
8194
7584
7754
8517
8318
7714
7626
7768
8528
9259
8894
8577
7459
7576
8619
8251
7728
8428
8274
9247
8313
8748
8625
8635
9856
8317
9113
8840
9035
8210
8628
8333
8038
9269
8951
7630
9367
8455
8620
8361
11473
7991
9219
7368
7402
9184
8084
7579
8394
8035
8920
7644
7960
7470
7773
8085
8801
8412
8518
7880
8858
8330
8667
8830
8605
8414
8635
8200
8220
7918
9071
8055
7905
8302
7697
8018
8286
8082
8515
8198
9244
7964
7478
8875
9599
8863
8536
7440
8773
9078
8016
7459
8465
7657
8697
8214
9164
8456
8189
7871
8433
7734
8786
7615
10721
8368
8615
8071
8718
9036
9005
8279
7607
9334
8533
8718
8283
8363
9126
7492
8582
8032
8451
8893
8479
8564
8110
8825
9001
9267
7669
7958
8490
8233
9685
7404
7851
9625
9194
8259
8039
7953
7813
7736
7751
7848
8232
7892
9215
7410
7542
8571
8757
8570
7381
9255
8145
8589
7450
8040
8934
7816
8492
7651
8113
8431
8044
8487
10304
8476
7917
8541
9158
7325
7642
8373
9683
8603
8646
7566
7607
7537
9039
8189
9332
8860
8010
8072
8097
9463
7646
8161
7739
9142
7502
7777
7908
8623
8003
8773
7902
8022
9025
8302
8940
8036
7653
7556
8194
8625
8975
8200
7609
8595
8405
8435
8176
8075
8694
7814
8755
8098
7933
9190
8262
147953
8568
8225
7992
8173
9158
7632
10029
7638
8414
8022
9112
7442
8138
7880
9184
8338
8385
8474
9262
8486
9194
8093
9217
9189
8430
7780
7679
8753
8501
9136
8538
7469
8313
7598
8260
9184
10959
7769
8997
8261
9395
8935
9181
8728
9122
7466
8096
8504
8118
8168
8424
9150
7783
8589
8704
8102
7829
8660
8536
7629
7800
8415
8147
9259
7980
8843
8546
8676
7697
8498
9559
7386
8555
9040
8322
8773
9281
8433
7732
9165
7470
8459
7922
8549
8492
9113
8225
7821
8169
7636
7812
8788
8360
8468
8431
7671
8395
7766
8057
7711
8102
7924
9342
9053
7351
8757
8471
9383
7627
7968
8633
8251
7541
8488
8161
7548
8292
9348
7805
8990
8215
8528
7886
8911
7446
8385
8782
8438
7748
8907
8454
8515
8843
8980
8171
8142
8077
8933
8463
8173
8378
8323
7933
8784
8033
8016
7404
7953
9241
9251
8451
7795
7538
8223
8655
8230
8617
8492
8156
8297
7603
8601
7426
7756
7625
8276
9128
9610
8008
7743
8398
7631
8233
8733
7836
7991
7917
7897
8639
8515
7867
8374
7964
8596
9032
9035
8203
9128
8032
8699
8132
9781
9510
8316
7695
7697
7893
8814
11291
8740
8304
8614
8635
8854
8009
9259
8940
8574
8118
7957
7877
8417
8237
7898
8051
7847
8199
9136
8991
7731
8053
7352
8353
7872
8145
8047
8615
8196
9078
9100
8868
7784
8758
7875
7619
7277
7933
8337
8863
7817
9264
9264
8789
8226
7738
8041
7753
9026
9118
7480
8244
7673
7801
9010
8640
9274
7384
8806
9856
8871
8589
8667
9999
7492
7753
7538
8407
7682
8056
9012
8863
9278
8716
10823
7856
8065
8070
9739
8459
8291
7406
7610
8232
8398
7921
7843
7904
8830
7572
7384
7807
7816
141595
8076
8012
8103
8555
8681
7798
8121
8591
9314
7956
7712
8818
8716
8028
8000
7999
8513
8342
8359
8687
7953
8184
8116
8402
8479
7994
8561
8162
8074
8902
8545
8619
8323
10760
8974
9179
10229
8563
7394
9059
8184
9246
7809
7758
8854
7355
8100
8554
7647
9625
8638
9230
7989
8553
7849
7799
7589
7961
8208
7789
8558
8292
9179
7735
8797
8436
7671
8813
8489
9990
8582
7975
7684
9229
10084
9034
7538
8446
7980
7639
7695
8797
8476
8676
8911
8491
8615
8765
8483
7580
8394
7779
8157
8641
20111
9209
7754
11148
7677
7787
8472
23314
8144
7473
8224
7496
8441
9799
9204
9236
8046
8541
8033
8324
8275
8203
8389
8632
8098
8996
7772
9159
8547
7537
8041
7927
8089
8864
8854
8317
9012
8035
8396
9047
8907
9153
7937
9165
8707
7457
8600
8047
9027
9023
9265
8924
7625
7536
7977
7825
9220
8232
9198
7966
9044
7753
8639
8774
9059
8842
8522
9979
7646
8021
8807
9272
9589
7262
7953
10907
8988
8802
7794
8252
7387
8680
8444
10191
9465
7772
7711
7966
7777
8615
8800
7411
7912
7918
7928
8559
8852
8046
8583
7944
8853
8848
7469
9062
8464
9190
7927
8461
8717
7472
8908
8300
8548
8507
7584
9760
7827
9057
8368
8666
7967
7775
8785
9027
9020
9015
8419
8395
8435
7410
8420
12353
7695
8903
8215
7646
8832
8781
9501
8577
7725
9470
9179
8855
8901
8517
7829
8610
8596
8035
8420
8897
8564
7692
7845
8383
9531
8038
8947
8831
8678
9227
9108
8656
8795
8595
8424
7824
8615
8707
8954
8405
9092
8517
9021
7978
8624
9379
8377
9012
8408
8410
7543
9105
7835
9605
8769
8610
7841
8459
9439
8761
8607
8189
8513
9274
7512
9471
79025
8206
7738
8861
7789
7780
7758
8260
7964
8221
8700
7889
8181
8541
8987
9214
8330
8430
7491
8394
8155
8254
9246
8992
9607
7738
8902
7631
9046
7868
9541
7791
8576
8858
8716
9289
8011
8224
9338
8810
7636
8815
8251
9220
7741
7789
8582
8223
7605
8738
8615
9323
9416
8112
8656
7808
8734
9164
8710
9054
7817
10132
8674
8273
8765
8393
8379
9121
8341
8605
8458
8497
7353
8652
7977
8647
8816
8158
9262
8018
7933
8060
9295
7951
9238
9126
7331
8500
8235
8378
8188
9041
7622
9097
7820
8443
8434
8090
7765
7700
8215
8144
8625
8575
7493
7421
8737
8315
9125
8130
8993
9220
8158
8285
9003
7827
8367
8781
8760
7358
9107
7651
9391
8824
9056
11502
8017
8861
7420
8407
9095
7993
8805
7891
9494
7697
8291
8433
7646
7699
7320
8694
8969
8010
8880
7807
8360
7800
8938
8043
8293
7928
9238
8140
7136
7420
7753
8692
8436
7729
7740
7987
8055
8059
8276
7870
8393
9009
8079
7714
7940
8035
8957
7372
9287
9121
8974
7838
8618
8143
7905
8683
7861
9553
7775
7653
7994
7454
7692
11496
9022
7479
8231
8035
7470
8800
8062
9435
8861
9296
7829
8451
8243
8000
8046
8102
8147
7927
7441
9743
7993
8463
8051
8554
9146
7975
8600
8256
8471
8009
7551
9000
7415
7598
9800
8419
10569
7674
9275
8258
7668
7936
8171
8037
8414
7521
7471
7569
8167
8480
9029
8282
8716
8678
9156
9460
8908
10883
8018
8169
8100
8533
8876
10821
9160
8442
8728
8044
9488
8827
8726
8102
10016
9259
7969
7938
8154
7933
7978
8347
7947
7825
8053
8035
7795
8603
8033
8922
7864
8361
7879
9672
8066
8534
7675
9418
8057
7844
8610
8581
7434
8975
7636
118328
8421
8553
7638
7332
8010
8843
8647
7773
9492
8073
7715
9260
7427
8190
7497
8014
8101
7407
8860
8319
8051
7853
8471
11275
7831
7563
8015
7697
9458
12060
7979
8391
8424
8123
8317
8146
7796
8182
7778
8459
8602
7811
8390
7792
8062
7587
7826
9331
8917
7834
8111
8116
7893
8863
8121
8385
7996
7452
7533
7927
8149
7882
8493
9008
8545
9002
7917
8144
7918
8293
8156
8219
8405
8045
7967
8367
8133
7847
7373
7719
8087
7693
8169
7807
8374
9326
8925
11118
9302
7687
8202
8215
8410
8255
8138
8237
7812
7779
8874
7607
9033
8126
8133
9554
8612
8260
7961
11237
8030
7968
7969
8247
7553
8241
8401
8169
8697
7954
7987
8656
8405
7973
8001
8041
7907
7646
8529
7814
8378
8210
8389
7879
8546
7827
8220
8723
8221
8270
7948
7694
9045
8071
8835
8010
8633
8647
8919
8651
7664
8736
7846
8944
7849
7263
7466
8071
8555
7742
8429
8366
8394
8348
7883
8155
8017
7998
8332
8254
8041
7934
9457
9170
8666
9613
7828
8160
7786
8289
8528
7469
7711
8210
8215
9005
8424
8162
7560
8052
7855
7723
8201
8652
7772
8571
9008
8174
8149
7894
9636
8169
7289
8600
9560
7846
8061
7871
9643
7620
9174
7595
8917
8118
8514
8601
8397
9478
8960
8824
7892
7312
7820
7234
7533
8623
8567
8134
8451
8678
8720
7972
8261
8489
8059
8646
8287
7942
8872
8138
9158
7832
8234
9307
8117
8286
8138
9435
7843
8235
8505
7987
8744
8082
8395
7856
7982
8743
8056
7834
7983
7438
9965
7803
7692
8140
8889
7726
8194
8822
8009
8233
7938
8555
8007
8007
9372
7499
9125
8008
8521
7894
8011
7553
8135
8475
8317
8713
8332
8652
7939
8081
7846
7761
171569
8748
8387
8446
7332
8543
8283
8234
8637
8760
8116
8394
8492
7740
9102
8198
8336
8836
7487
8993
7940
7544
7916
8673
8011
9248
8423
8020
9207
7868
9983
8306
8405
7873
8721
8918
9339
8643
7832
7461
7949
8377
8299
7891
8627
8313
8497
8571
8363
8317
8276
11206
8888
8020
8591
8713
8779
7992
7778
7988
7855
8748
7813
9476
8023
8432
8789
9123
8819
7891
7941
10707
7836
7553
7999
8959
8087
8413
7948
7794
9271
8525
8001
8323
9242
9189
7891
8625
8258
8547
7876
9876
9941
8015
7907
8265
8451
8014
7545
8886
7560
9147
7857
7951
7933
8422
8256
8576
8784
8057
8390
8820
7420
7764
7760
10089
9360
7861
9304
7652
9531
8304
7917
9112
8790
8074
7668
8128
8044
8183
7929
8538
9656
7548
8636
7973
8568
7837
8606
7977
8793
9258
7713
8713
8835
8420
7994
9974
7464
7997
8112
9081
10280
8176
7421
7912
7854
8066
8433
8128
8537
8971
8423
8054
7760
7960
7649
7753
8435
7726
8574
7693
8151
7743
7453
8114
8287
8023
7912
10893
8574
8828
8174
8611
8015
8976
8204
8432
8350
7953
9560
7900
8409
8929
7666
7571
9469
8894
8166
8198
8005
8413
8187
8472
8050
8151
8791
8359
7462
9131
8199
7968
8169
8154
8450
8324
8646
8162
7800
8169
7608
8395
7665
9005
8229
9205
8172
8307
8205
8235
8522
8820
9194
8737
7829
7933
8782
8494
7735
8957
8092
7948
8876
9673
8728
7940
8393
8013
8575
7570
7425
9040
8158
8254
8024
7420
9441
7581
9203
8555
8003
9466
8348
8726
8405
8716
8046
10235
8948
8010
9641
8596
9293
8015
7497
7856
7979
9220
8545
7709
8364
7502
7989
7880
8078
7814
8271
8352
7393
9066
7835
8465
8445
140086
8740
8001
8590
7551
7490
7972
9923
7605
9029
9268
8568
7828
7610
10232
8443
8219
8692
8630
9144
8810
8738
7678
7530
9151
7773
9066
7483
9046
7815
8653
8385
7348
8153
8012
9031
8467
8942
7403
7866
8353
8855
9321
8936
7451
7483
8395
9409
8514
8545
7655
7764
7859
7979
9179
8016
8516
8459
7308
8755
9158
7992
7852
8895
7435
8082
9209
7364
9279
9176
9098
9328
7470
7970
8276
8997
7526
7466
10241
7974
8393
7895
9184
7876
7604
9947
9669
8216
8769
7998
8646
8241
8838
7351
7970
8610
8601
9338
8191
9006
8311
8924
8039
9083
8106
8600
9556
7864
9446
8882
9118
8071
8235
7743
8255
9203
8194
9135
7974
7382
9381
8755
7616
8966
7900
8094
8580
8408
8041
8614
8305
8688
8400
7548
8373
7684
8076
7758
7748
8517
7762
9109
9776
8263
8956
9055
9434
7765
8979
8314
7823
7892
8146
8524
8230
8573
8736
7875
7967
9259
8310
7882
7754
8271
8078
8725
8327
8817
8011
8253
9228
7587
8798
7465
8493
9002
8589
7911
8473
8805
8683
7547
9023
8055
8964
9030
8719
7319
7834
8695
8578
8903
7988
8644
8138
7991
8576
7579
8752
8353
8851
7309
8697
8380
8203
8488
9564
7803
7969
8399
8704
9285
9461
8375
7942
8470
7482
8633
8120
8714
8215
8628
8140
8468
8984
8111
9000
8510
7510
8154
8485
8690
9393
8965
7361
8783
8876
7620
9001
8989
8844
8979
8115
8783
8972
8339
8803
8597
8211
7888
8924
8907
9210
8365
8556
7451
8172
8815
9460
8677
8038
8712
8957
8673
8996
7949
8943
9095
8615
8321
10163
9814
9036
9105
16554
8997
7349
8587
9471
9511
8378
7812
8358
7999
8307
8638
7697
8753
7851
8899
7420
8746
8788
114096
8451
9302
9282
8048
8202
9400
8394
9030
8509
8664
7933
8528
8523
9894
7794
8035
8703
7665
8303
8740
9216
8608
9216
8917
8062
9205
8868
8737
9720
7591
7584
7830
7587
9438
8653
9025
9194
8046
7640
8877
10335
7843
8876
8428
8227
8119
9705
9142
9138
8087
7768
8042
8615
8809
7559
7648
9203
8436
7948
7754
9238
7385
8990
7758
7809
8851
8937
8497
9016
9164
8015
7851
8320
8933
8041
8606
8755
8961
8314
8075
8797
9104
8941
7402
8794
7411
8817
8820
8075
8606
9204
8644
9377
7641
8607
9238
8579
7424
8546
7347
7589
8806
9114
8754
9943
10052
7392
7675
8214
8411
9164
9420
8000
8333
9430
9118
8761
8714
7876
8612
8613
10423
8298
9192
8445
7553
8429
9053
8775
8508
9300
8681
7462
7642
8538
8938
9538
7564
7572
7808
8774
8646
9820
8682
8737
8506
7742
8635
7401
7571
9044
8838
8587
7673
7900
8635
9932
8964
7413
8928
7863
7409
9543
9493
8892
10820
7413
7387
9785
7972
8500
8699
8142
7936
8267
8572
8420
9192
9842
8451
7979
8215
10795
7779
9055
9038
7776
8998
8590
8586
8375
8730
8655
8490
9561
8900
8354
14983
8809
9951
9791
9922
7730
8776
8780
7943
8284
8768
8272
9100
8579
8651
8252
8836
8152
9161
8735
8229
8658
8340
9356
7903
8485
8747
9693
8772
9537
7852
7354
7704
10805
7518
11544
7713
7515
7359
8849
8443
8597
9022
7403
9418
7568
8139
7408
7564
8671
8578
9397
7718
8443
8375
8716
8936
7420
9021
8650
8960
8615
8586
8900
7839
7775
8615
8607
7479
8683
8471
7205
8556
8653
9076
8945
8691
8616
8725
7630
8695
9779
8806
8164
8989
7590
8023
8808
7839
7201
9571
7189
7187
7846
8979
86244
8743
8615
8975
10866
9654
7558
7584
7915
9191
8002
8353
10057
8371
8140
7891
9011
7618
7743
7853
8159
9020
8928
8296
7744
7631
8235
8540
9247
7523
8088
8030
8582
8029
8343
8900
9420
8615
8564
8274
8092
8454
8635
8264
8469
8037
8297
7639
8269
8979
9423
8367
7618
9317
9123
7815
8826
8523
8354
8651
8697
8582
8964
8201
8076
8309
7639
7812
8796
7814
8653
8996
8595
7548
7636
8835
8486
7707
9317
8420
8052
7962
8925
8526
8396
7792
8669
8524
8112
7984
7619
7552
8598
7773
8632
7502
9787
8882
7351
8274
7431
9183
7448
8232
7843
7668
9240
8585
8398
7817
7964
7578
9420
8383
8190
9523
7814
7663
9163
9439
7591
8389
8148
8497
8619
9128
7660
7711
8918
8033
9006
7505
8706
9542
8962
8255
9053
9184
8841
8781
8394
8412
8746
8177
8567
8850
8672
7345
9219
9793
8764
8706
8054
8473
8025
8272
8742
7575
8566
7880
8713
7187
8670
8917
9139
9145
8209
8107
8399
8113
8771
7601
9061
7445
8087
8538
8632
8644
8317
8788
8343
7984
8712
9305
8778
8625
8698
8641
8928
8796
9102
8384
7794
8827
8524
9291
9919
9100
7461
8793
8661
7717
9154
8702
8052
7904
9092
8530
8223
9394
8597
7902
9712
8137
8595
7339
7639
7543
7433
9200
8013
7630
8801
8285
9125
7879
7533
9263
9002
8018
7787
8857
7751
9321
7716
8198
9048
8562
7437
8641
9209
8185
9738
8352
8486
9174
7802
8800
7432
8020
8014
8164
7602
7451
9937
8230
8271
9175
7951
8788
10333
7829
8672
8261
9137
8361
9046
8774
10073
8492
7648
8603
10581
7767
8185
7512
8107
8441
8725
9049
7593
7634
8712
8158
8734
8342
9947
11444
8226
7868
9405
10522
7682
115180
8861
8114
8756
7763
9475
9631
7772
7693
9276
7605
7321
8725
7483
8295
9399
8236
8523
7629
8762
7691
9227
8635
9114
8206
8236
7541
8927
8493
9061
8381
10723
8436
9154
9095
9023
8960
8394
7992
8194
9095
9074
9734
9009
8362
7797
8443
8026
8894
9264
9179
8252
8424
8583
7502
8717
7535
8800
8465
7669
8834
7727
8837
8115
9155
7362
9868
8993
8873
8195
8195
8019
7805
7444
9117
7774
8884
9043
8559
8096
8897
8866
8586
8714
8898
9096
7727
9453
8653
8282
8797
7715
8264
8181
7738
10714
9408
9358
8787
8921
7712
7973
10046
9015
8776
7497
8695
8517
7492
9919
7593
8791
7354
7720
7518
7584
8876
9010
8738
8261
7809
9043
9151
8845
8649
8888
8153
8548
9312
8420
8789
7682
8612
7485
8716
8852
7815
8320
9076
9887
7469
8060
8981
8752
9004
9092
8557
7928
7613
8872
10160
8789
9133
8209
8106
7887
9568
9407
7372
9933
8160
7559
7661
10081
8942
9118
8140
7919
8343
9047
9005
9640
9107
8155
9162
8949
8294
7569
7621
9918
8282
9056
8301
8200
8728
9128
8735
7825
9185
8952
7964
8908
7513
9579
7877
7546
8785
8847
8892
8962
8553
7501
7913
9845
7951
8697
9247
8605
7916
9017
8547
9999
8165
7573
9278
9261
9139
9471
7853
8261
7535
7552
8625
10717
7985
8092
12528
7703
7649
8497
7680
9671
8415
8961
8207
8230
7258
8755
8622
7990
8723
7994
8687
7222
7476
8713
8010
9341
8214
9175
8936
7692
8590
9332
9708
7591
9071
9043
8520
8720
8993
8704
7529
8921
8721
9207
8723
8471
8959
7963
8702
8780
7459
7419
8413
9436
8068
8187
7301
9333
8704
10397
8645
8490
9097
9058
7769
9008
8715
8782
7198
7759
8794
91157
9078
9010
9117
7912
9160
8890
8854
9158
8215
8806
8609
7982
8007
8712
7899
8509
7992
7506
9220
8051
8456
7988
9161
7860
7834
8656
8326
7584
8268
8287
7733
7211
8988
8094
7887
7913
8426
9219
8501
8420
7957
8563
8058
7873
8013
8531
8111
7962
8078
8017
8502
8876
8553
8384
8095
9332
9856
7676
8805
8081
8364
8030
8355
7936
7724
7539
7969
8846
8004
8350
8093
8346
8486
8012
8573
7666
9032
8027
7805
9153
7929
8782
9027
8374
8835
8146
8263
7981
8143
8050
8138
8087
7729
9503
8303
8102
7882
7700
8748
8483
7715
9205
9068
9038
7554
8215
9010
7810
9902
8032
8920
9318
8614
8682
9044
9216
8949
9150
9092
7966
9225
10552
7558
8941
8629
8426
8018
7610
8876
7641
8111
8796
8032
9117
8853
8188
8511
9995
8842
8003
7553
8645
8044
8776
10246
9032
8366
7794
9059
9608
8994
7774
9365
8085
8949
8917
8958
8120
8351
8406
7834
8591
8624
8952
8544
8104
8897
8293
8719
8876
9193
8824
7574
8219
8826
7562
8740
9290
8745
8073
9381
8539
8936
8531
8832
11641
7429
7974
8420
8046
8676
8512
8866
21826
7876
8147
7793
8662
8517
8643
8333
8417
7772
7958
8685
8879
8797
8701
7747
8947
8073
8856
8390
8687
7769
8957
9003
9507
9068
7994
8991
8470
9852
8874
16083
9503
8008
8781
7810
8230
9488
8418
7675
8575
8609
7400
8704
8619
7869
8175
8526
9182
9364
8055
8774
8771
8577
8523
7572
9848
8273
8717
9271
8710
7490
8628
8815
8402
9152
7675
8584
7823
8215
8504
8925
8973
8876
8485
7703
9043
8200
8714
9428
9582
9012
7739
8815
9069
8805
7825
8697
7989
7743
7541
7561
8860
8471
7916
7870
9386
9035
9035
87379
8727
9646
9130
7902
8096
8860
9052
9564
9237
8046
8233
7523
8093
8901
8036
9056
8110
8506
7709
8068
12269
9384
8611
7852
8561
9840
8846
7963
9069
8179
7810
7380
8026
8375
8929
8351
8215
9187
7160
9931
8456
7794
8087
8182
8973
8183
8535
8430
8306
8535
7354
8840
8237
7763
8250
7568
7480
7389
8594
7675
8151
8602
7550
7977
8352
7913
8229
8014
8456
9178
9964
8071
8425
7731
7610
8386
7442
9101
8406
9096
9525
8443
8829
9193
10261
7752
8458
8654
8199
7969
8169
8071
7832
8705
8729
8147
8709
8791
8835
8374
8693
7675
9487
8575
7429
8735
7328
8135
8753
7835
8799
8731
7553
8397
8190
8226
8132
9076
7352
8433
7461
8169
8754
7616
8587
7806
7623
8970
7816
8558
7876
8590
8182
8533
8036
8873
8834
9582
9655
8521
8241
7796
9059
7861
9031
8538
9562
7389
10795
7956
8326
7814
7639
8325
7617
8392
9575
7692
7488
9085
8256
8104
8665
8416
9018
7945
7594
7622
7735
8187
8396
8865
8167
7923
8825
8191
9009
8220
8858
7677
7972
9797
9151
8562
7775
8446
7693
8512
7511
8917
8459
8494
9025
8211
9299
9071
8363
7815
9224
7990
8265
9296
8523
7835
8295
7402
9310
8487
10526
8560
8782
8416
9693
9635
8033
8400
8648
8528
8611
8051
8063
9425
8613
8618
7728
8457
7274
9748
8207
8571
8899
7704
8081
7383
9674
8899
8591
7412
8311
7866
8448
8874
8746
7981
9008
7829
8361
8552
8906
8025
7940
8215
7650
9403
7888
9111
8736
8319
8115
9077
7794
7978
8010
7403
8215
9441
8400
9221
7478
8343
7933
8475
9194
8015
8979
7591
9051
7694
9040
8507
7749
8957
7225
8414
8415
7784
7531
8270
7956
7441
9704
8294
128601
8425
9144
7970
8397
8928
8079
8652
7992
8146
8007
8668
7770
8057
7977
8111
8278
9783
8310
9065
8033
8220
7993
8410
8097
8185
8336
7794
8192
8833
7787
8687
7709
9128
8339
8195
8593
9258
7876
8179
7895
7903
8415
7817
7924
8474
7943
8042
10556
9122
8054
8370
9601
8433
8162
7992
8326
8085
7384
7933
8218
8374
7753
8253
8820
8774
8093
9006
15918
9126
9394
8635
8370
8589
7766
7573
8001
9415
8701
7330
9499
8090
8315
9020
10826
8637
7403
8587
10156
8046
8661
8003
8097
7968
8047
8460
8496
8594
7644
8179
7661
8317
8904
9213
9200
8389
7860
7571
8422
9114
7530
8244
11000
8074
7819
8588
8825
9816
8831
7760
10204
7944
8822
8726
8792
8342
8111
8154
8708
8581
7837
7953
8894
7668
9057
8967
8876
9002
8877
8596
8030
8004
8391
9735
8682
9073
8767
8395
7474
8865
9079
9650
9548
8676
8592
10028
8785
9902
9054
8448
9393
8138
8022
8673
9216
8814
7591
7913
7740
9366
8517
9199
8774
8097
7922
7682
11571
7652
9062
8562
9487
9699
8676
7627
8894
8964
9602
8133
8179
8938
9382
8262
8407
8753
8466
9181
7383
8795
8437
9030
8677
7548
8857
8721
9523
9239
8715
8880
7672
8608
9144
9940
8880
8555
8695
8553
7832
7416
7787
7474
10000
7559
7734
9021
9943
9543
8726
7744
8020
7908
8485
7443
9884
9479
7826
7794
8646
8000
7576
9008
11377
8559
8786
7584
7655
9164
7855
7375
8356
7570
8860
9020
7452
9222
8336
7835
9025
8790
8733
9001
9155
7702
8386
8462
9198
9739
8989
7666
9076
8420
7905
8452
8785
8871
7717
9958
7555
8933
8277
8516
8044
9293
9308
8094
8595
9794
9085
8533
8631
8717
7326
8241
9140
79997
7778
9116
7550
7931
7538
7982
8514
8424
9398
8764
10173
9610
8466
9197
8977
9046
9087
8396
8374
10041
7590
7421
11167
8875
7374
8066
10079
8557
8632
8404
7641
7928
9064
7645
9257
7664
8334
8691
8187
8355
10051
7615
9237
8205
9028
7459
8068
9300
7564
9246
8314
7778
9133
7729
8799
8985
10152
7307
9182
8996
8665
8993
7477
9195
8018
8972
8247
9143
9023
7564
9362
8292
8820
9144
10750
8985
9576
9009
7688
7803
9161
7782
10346
8413
8970
7973
9549
9104
9106
9025
10371
7953
7892
9056
7487
9236
7410
7764
7948
7856
8395
8833
8113
8790
7363
7964
8716
8902
7743
7728
7742
8546
8517
7992
9056
9084
9158
7998
8514
9766
8681
8712
7856
9055
8776
8619
7818
9889
8464
8787
7601
7517
8436
8522
7590
7562
7758
8455
9622
8153
8919
7643
7764
8164
9005
9839
7315
8581
8025
9892
8276
7921
9043
7613
8149
7790
8886
8839
8202
7745
7429
8958
8017
8917
8814
7755
9128
7939
7692
8923
9416
8038
7449
8948
7640
9014
9055
8012
8628
8154
9015
8140
8050
8438
9114
8930
8615
7440
8495
8725
7589
7686
8603
7963
8917
8917
7534
8269
8985
9625
8256
9195
8181
8147
7962
9523
7534
7531
8639
8639
8565
8350
7536
9403
8851
8591
9979
7350
7550
8664
7973
7230
7943
8851
9298
8056
8711
7876
8312
8222
8955
7810
8025
8066
8000
8550
9220
9002
7953
8189
8151
8598
8256
8963
7784
8122
9057
7348
8063
7710
7573
8994
9146
8014
9068
8781
8507
7834
8467
8832
8422
7779
8140
7811
8643
7849
12092
8852
8119
7880
7818
8253
8302
7805
8395
8031
8466
8443
8231
8113
8173
7610
8517
8942
8883
9054
8179
7333
9000
8444
7872
8241
120071
8126
7889
8573
8366
9415
8038
10030
8375
8184
8174
8538
7575
8391
9097
9117
9497
8974
7448
8052
9153
8664
8111
9636
8384
7763
9739
8939
7867
9260
8724
9213
8264
9350
8917
7666
9029
8606
11547
8396
7839
8868
10038
8425
7948
7761
8974
7723
9584
8859
7682
7609
8880
8622
8584
7822
7674
8979
7923
8538
8827
7584
9280
7913
8674
7410
8962
8729
8760
8189
9341
7997
8441
9424
9052
9007
8818
7512
8797
7682
8093
7704
8914
9484
9017
8388
8639
7787
19750
8991
9434
8824
7461
8760
8598
7851
8981
8378
8697
7734
7810
7509
8215
8851
8079
7895
9110
8258
8757
9903
9131
8816
7675
7754
7659
9081
9207
8370
7820
8230
8679
8199
8683
7635
8084
7915
8393
8856
8524
9302
9277
8786
9296
9192
8129
7990
7651
8358
8458
8421
8728
8419
7789
8194
9146
9662
7572
7353
7774
8837
8442
7804
8143
9518
8654
7498
7619
7772
8067
8979
8602
7594
8422
9017
8983
8031
10561
9261
8810
9215
7811
8532
8008
7384
8820
7291
8939
9247
9922
7778
7338
8523
8639
9295
8949
9241
9105
7535
8616
8815
10073
7683
7486
8435
8297
9071
9020
9230
8702
8637
8916
8520
8438
9163
9078
8978
8652
9050
8181
7962
8894
8794
9328
9323
8307
8569
7577
8880
8448
8515
8611
8804
8853
8769
9049
8605
8746
11023
8993
7387
10264
8210
7783
8784
8550
7744
8170
7771
8615
8538
8427
7583
8144
7850
8095
8690
9439
10061
8322
8220
7970
9091
8618
8619
8896
7377
8721
8614
8741
8804
8579
10071
8133
7676
7393
8414
8775
8653
8810
8476
7545
9153
9102
8748
8808
8806
8475
8825
8610
8542
8805
8581
9823
8011
8656
9217
8651
8699
8356
8750
7770
8317
8572
59247
10731
7489
8880
7712
7810
8657
8018
8998
8959
7682
7471
8668
8375
17755
8654
8553
8707
9438
9012
7943
8082
7932
10305
8116
8596
8268
8399
8205
7924
7607
8921
8152
9401
7937
8529
8111
7871
7895
9493
10282
7920
8063
8966
7386
7640
7565
7772
7934
8005
8082
8425
8418
8064
7813
8879
7928
8030
8179
8624
7747
8230
8199
7912
8062
9083
7536
8543
8171
8304
8376
8111
8586
8457
8134
8604
8185
8026
8018
7757
8651
7838
9036
7743
8328
8604
8184
8519
8062
9252
7974
7272
7684
7832
9062
9131
8417
7949
8943
8325
8266
8151
8947
7605
8809
8713
8426
7600
7993
8681
7787
7979
8093
8550
8215
8256
7950
7996
8202
7379
8761
8254
9368
7893
8854
7920
8442
8999
7959
9705
8556
8499
8366
8066
7801
8584
7831
8164
9136
7731
8147
7663
7787
9111
7955
7872
8141
8012
9079
8845
8683
8369
8002
8451
8248
8998
9183
7625
9277
8192
8878
8427
8638
8984
7626
8512
8476
8720
7486
9022
8728
9012
8583
8386
8866
9169
10027
8822
7631
7489
8616
8984
7738
8738
10015
9057
9231
7807
9038
8072
8561
9156
9015
10384
7479
8025
8205
7538
8133
8297
8022
7734
8778
7425
8911
8110
7261
8524
7834
9303
7451
7449
7568
7483
8319
7528
8012
8419
9270
7764
7902
9145
8760
7719
7466
8923
7852
7928
7836
8082
8499
8877
7637
9123
7950
8445
8991
8813
8892
8912
9045
7741
8312
7783
9007
8429
8997
7650
7974
7772
8391
7714
9241
9517
8898
7698
7790
10279
8212
9150
7784
9097
8682
7516
8993
8390
7979
7618
8835
7569
7982
9194
7847
8112
8215
8801
8220
7961
7763
9096
8125
7672
7912
8151
8933
7482
9117
7683
9640
8527
7560
8892
9108
134441
8969
8533
8030
7653
7532
8042
8594
8023
8157
8015
8623
8382
13348
8366
8071
8334
8020
8189
8317
7825
8421
8067
7688
7394
8141
8759
7928
9200
9016
8415
8953
8230
7803
8010
8724
7764
7779
7547
7883
8553
8430
8061
7559
7785
7974
8045
7938
8262
8492
7905
7579
8503
8050
8011
8000
7984
7945
8035
8425
7970
8471
8193
8785
7973
7790
7846
7475
8300
7830
9240
8071
7328
7836
9499
8412
7974
7825
9047
7770
9859
8423
8456
8883
8093
8665
8257
8233
7384
8200
8046
8393
10633
7758
7711
7870
9276
8227
7335
8182
9045
8449
8504
9100
7954
7225
8437
9661
9691
8760
8546
8276
8052
8194
8824
7751
9995
8138
8750
7634
7766
8646
8969
10319
9661
8952
8188
7974
7656
8837
8400
8512
8899
8419
9035
8579
9209
8592
9270
7587
8013
8392
8148
8920
8301
8114
8574
7927
8006
8583
8712
8961
8214
9105
7794
9007
9882
8933
8554
7507
8886
8094
8558
9444
7834
8512
9276
8376
7956
8214
9669
8956
9749
8968
9694
7573
8194
8302
7495
8390
7362
7808
8390
8305
7851
8431
8352
7999
9857
7638
8447
9197
7552
9405
7913
8443
8389
7784
8516
8644
7569
8456
8769
8211
8621
8005
7738
7604
7671
7769
8780
8671
7742
8534
8418
7800
7991
9014
8438
7769
10722
8366
8619
7498
8324
8972
7782
7612
10089
8728
8020
7948
8635
8531
8058
8076
8637
8020
8948
18168
7554
7414
10180
7412
8396
7809
19410
7794
8397
9095
7352
8121
8628
8108
7693
7784
8587
9729
9158
8591
9876
7993
7630
8029
8786
8215
8970
7729
8390
8116
8515
10036
8156
8353
7422
8788
7883
7524
8016
8992
8001
8954
7920
8938
9661
7622
7563
8413
8640
8355
9370
8655
7812
125377
7865
7577
8177
8003
8443
7776
8576
7649
8478
8359
7334
15350
7809
8193
7922
8329
8211
8689
8844
8960
9197
8567
8311
8182
8415
7727
8649
8071
8338
7312
8218
7824
8341
8482
8152
8705
8134
7616
9170
7596
8122
8506
8962
7835
8424
9182
8032
9287
8051
8667
8352
9213
8376
8272
8253
8107
8871
8314
8442
9458
8559
8778
9244
7981
8137
8733
7701
9258
8074
9656
7939
8748
7531
8687
9480
8433
8369
8626
8173
7676
8329
8905
8114
9502
7897
8857
7882
7672
7687
7994
7774
7904
8406
9231
8630
8051
7682
8290
7589
7803
9025
9096
7974
8292
7749
9015
8525
8116
7586
8637
8030
7779
8774
8005
8641
8019
8802
8305
10724
10179
7926
8825
8538
8274
7701
8273
8961
7725
7710
8523
9241
8012
8650
8332
9298
8666
8594
7558
9808
8082
7569
8009
10471
8052
7355
8316
8445
8942
7491
9135
8871
8392
9068
7767
8659
7773
8701
9741
8584
8737
8401
8679
8076
7553
7656
7644
8789
8828
8415
8613
7806
8173
8654
7694
8468
7855
8024
7761
7996
8521
10111
7573
10137
9332
8254
7521
8552
7995
9364
8077
9189
8437
8375
7834
9204
8655
7714
8081
8354
8512
7778
9135
7622
7579
7874
8133
8452
7972
8778
8235
7734
7571
7861
10061
8329
8292
7902
9941
8621
8562
8908
7604
8014
8671
9231
8229
7509
7855
8405
8384
7475
8193
8390
7567
8266
7460
7779
7595
8956
7717
8105
7733
8620
9444
9033
7974
10558
8652
8528
8117
8435
8395
9083
8435
8432
9304
7786
9123
8689
7769
7502
7662
8957
8682
7574
8028
8348
8423
8654
7588
8591
7553
7701
8202
8232
7354
7659
8762
9094
8856
8779
9636
7985
7855
8652
8048
9143
7697
9039
7964
8141
7791
124304
8764
9057
7505
7681
9094
9147
8396
7870
8396
8564
8840
8312
8621
7564
7871
8488
8223
10866
7630
7516
8907
8244
7926
9928
8144
8061
8628
7573
7742
8469
8351
8052
8152
8153
8206
10020
7697
8707
7615
8362
9335
8855
8728
8002
7579
7792
8215
8699
8618
8412
7884
9511
8802
7617
7763
8120
8378
8351
8455
8478
9948
7915
8961
8461
7782
8072
7711
9245
8774
9076
8753
8179
9258
8558
7673
7736
7809
7792
8201
7850
7380
10910
8236
7685
8237
8391
8826
8076
8235
8380
8416
8755
7268
7770
8358
7651
8005
9653
9400
8169
8499
7705
9524
7857
8492
8997
8197
8475
8706
8089
9128
8219
8012
8273
7912
8849
7641
8553
8062
8217
8175
7717
8539
8594
8069
7267
9227
7537
9123
7507
9219
7668
8956
8029
8589
7466
7558
8331
7894
7646
8461
8316
9046
8498
8367
10045
7448
7998
7843
9965
7656
8572
9436
8403
8096
7603
7905
8369
8634
9220
8746
8617
8015
7723
7973
8472
8639
7665
8877
7670
8174
8301
7917
9360
7956
7487
7846
7783
8602
7323
7848
8005
9369
9415
7797
9329
8569
8645
7815
8828
8092
7923
9159
7687
7923
8517
7545
7867
8415
7539
8223
8210
7389
9400
9537
8769
8988
7602
8577
9628
8124
8401
8504
8537
8021
9222
7981
8238
8624
7778
7994
8419
8155
7659
8153
8592
8675
7786
8822
8112
8567
8506
7884
7862
8823
9062
7595
7861
7993
8082
7729
8964
7996
8492
8349
9232
8428
8553
8374
7782
8835
7693
8702
8467
8316
8492
7961
9097
8179
7386
7750
8235
8208
7763
9089
7880
8510
8178
7719
9169
9169
8374
8524
8818
8223
8046
8455
7543
7851
9166
7428
8776
8256
8373
7833
8291
9209
8616
7974
7800
7823
8756
152435
8585
7832
9076
7300
7887
7890
7607
8010
8129
13820
7660
7808
8507
7812
8034
8185
8770
8246
7830
7615
9297
7678
7770
9246
12615
8057
8216
9836
8079
8627
9235
7492
8796
7838
8072
8996
7403
9002
7843
9164
8018
8181
8286
7870
10165
7475
9183
9105
8723
7812
7484
9118
7623
8787
8751
7969
8998
9348
8476
8885
8888
7974
9050
8918
7818
7671
8929
8098
9429
7682
8921
7934
8471
8949
8753
9523
9844
9328
7281
8635
10605
7672
8695
8435
8462
7995
8358
8810
9667
8746
7506
7478
8465
9159
8476
8800
8637
8035
8127
7975
8209
8694
7517
9257
7468
8150
8557
8618
11269
9012
8435
8179
8216
8637
8963
8794
8839
7717
8400
9019
8891
8191
7815
7624
8810
7751
8384
8489
8639
8448
7524
8589
8448
7813
8785
7671
9010
8412
8333
7834
8985
8876
8165
8801
8663
9422
7989
8336
9883
8223
9351
7458
8612
8503
8246
8886
7730
7825
9018
9336
8278
7564
8452
8338
8915
8151
9039
8382
8181
8867
8169
8088
9802
8686
9022
8384
8735
8910
8389
7813
8647
8128
8846
7979
8221
7933
7773
9090
8052
8415
7756
8323
8007
8611
7951
8088
8865
9440
8610
8256
9403
8139
8823
8015
9246
7615
9007
8355
8425
8254
8165
7875
7682
7829
7563
8959
7983
9380
7978
7525
8350
8415
8654
7934
9000
8343
7452
9003
7669
8901
7953
8226
8285
8220
8734
8220
11486
9037
8760
8237
7825
8196
9010
8033
8128
8176
8287
7271
7525
8003
7994
8016
8541
8185
8397
9078
8002
8574
8025
10480
10286
8530
8635
8205
8212
8003
7814
7639
8512
9556
7774
8075
8358
8338
8502
8175
9086
7981
8330
7871
7553
8413
7542
9285
7937
7936
8049
8698
8445
8048
18435
7928
108569
8735
7787
7581
7466
8556
8876
7785
10752
7729
8337
7814
7841
7895
7514
7672
7552
9092
8186
8234
9381
9338
9300
7801
9718
7348
7574
8662
8273
8220
7485
7804
8074
8075
7900
7532
9458
7312
8228
7592
8614
9203
8427
9343
8031
7646
8308
8851
8093
7777
8752
8103
9095
8412
7832
8530
9030
8193
8268
8415
8250
7538
7656
8178
8001
8276
9097
8183
9114
7928
8266
7642
10984
7689
7694
8996
9041
7618
7512
8384
9009
8758
7479
7801
7370
8298
8000
8624
8649
7632
7728
7374
9686
8394
8539
8235
7856
8148
7789
8830
8035
9651
8586
8108
8082
8644
7898
8799
8014
7745
7847
9596
8671
7758
8697
8837
8416
9220
7717
8067
8723
7731
8883
9553
7730
8797
8810
7558
8669
9022
8262
7681
8073
8650
8731
8128
9518
8410
7700
9231
7746
7579
7635
7927
8353
7807
8287
7651
8584
7952
9342
9538
8475
8899
7929
8964
8902
8904
8574
8317
8798
7528
8687
8893
7964
7441
8144
8266
8788
7861
7656
9236
8600
8487
8230
7615
8998
8288
7905
8613
7692
8405
8717
9609
7850
9678
8524
7523
8573
8567
7594
8097
7609
9565
8423
7588
9639
7426
8497
7648
9106
7813
8073
8735
7432
8656
8439
7906
8861
7512
9550
8179
9459
7265
8175
7869
9203
8932
7830
8785
8640
8047
8999
8275
7382
8128
8725
7416
7542
9005
9948
8533
8283
8723
8589
8432
8673
8025
8638
8420
8800
8600
8816
8992
8065
8741
9421
8621
8398
9133
8975
8618
9916
8889
7421
7171
8800
8829
8824
8859
8584
8008
7958
7960
10000
8272
8252
7263
8769
7257
8209
8456
7465
8873
7343
9076
8237
8806
8778
8817
9811
8095
8877
7486
8436
8652
7852
8648
9462
8593
9032
8533
8877
142735
8479
8706
8245
9284
8576
7761
8585
8382
8323
7979
8583
8189
8256
8015
8551
8340
8750
8568
8005
7388
9159
7730
8302
8121
8411
8530
7919
8738
9327
8375
8217
8497
8204
8412
10721
8082
8095
7539
8452
7517
8412
8739
8613
8114
9283
8848
7512
8881
7589
9085
7970
8778
8726
7890
8699
9235
9166
8035
8223
8924
8282
8408
8538
8822
8036
8585
8700
7740
8919
8689
8610
7984
8471
9035
8036
8985
8360
7404
7792
7757
8719
9152
8756
8046
7912
8434
9041
8746
7452
8900
8526
9015
8425
7584
7810
8613
8974
7580
10473
7751
7830
8622
8994
8796
9433
7978
9115
7801
9728
8069
8776
7390
9656
8819
9091
9099
8700
8776
7629
7786
8895
8235
9689
7756
9198
8434
8497
8615
9177
8849
8417
8632
8595
7934
7861
9950
8650
8643
8903
7835
9056
9787
7564
8615
7848
7732
7461
8374
8539
9238
9319
9225
7783
8359
9200
8808
9856
9092
7333
8872
8673
8055
9842
8399
8675
7910
8410
9647
8820
8538
8707
9461
7903
8431
8695
8341
8910
8146
8921
8310
7589
8632
7711
9100
8993
8847
9302
7597
8698
9592
8863
8010
8728
7990
9097
9198
8569
8998
9333
8163
8362
8600
9704
8653
8832
7172
8964
8424
7949
9041
8867
9523
7425
8758
7553
7897
8607
9232
8954
8425
7660
7471
8098
9231
9456
8656
9901
8373
8744
8155
8957
7742
8656
7363
8174
8476
7822
9046
7818
8895
8252
8517
8918
11194
8550
8552
8575
8810
8133
8633
8037
7577
9021
8786
8937
8125
9073
9946
11689
8423
8696
7797
9322
8954
7651
8857
11352
8600
7482
9426
9802
8623
8940
7990
8432
8042
9258
8957
9197
9061
7464
8071
7692
8318
8754
7675
9565
8405
7984
8811
11155
7661
87664
8309
8291
7430
7523
8116
8274
8588
8138
10343
7888
8692
8207
9340
8801
8838
8634
9015
7681
7995
7448
9066
8739
7707
8290
7853
7975
8220
8379
9687
9645
7984
7388
8017
7794
9105
7892
7777
8328
8820
8048
8699
7829
7722
7671
8066
7598
9438
8022
8560
8051
8518
8784
8009
8962
8314
9215
8458
8561
8936
8022
8605
10061
8874
8456
8517
9576
7743
7624
8745
10005
7653
7517
8853
8629
9229
7998
7727
8231
7949
8562
7816
9011
8675
8519
7635
8165
7652
8610
7553
9109
7790
7943
7950
8675
7733
9020
8094
8668
8590
8797
8857
7992
8350
8015
9060
7972
9005
7773
7830
8258
8573
8300
7639
8567
7677
8487
7625
8194
8308
8888
8266
8861
8952
9312
7715
8967
7533
8589
8082
8424
7405
9222
8085
7815
7451
8018
8323
7815
7734
7430
9156
7456
7750
8004
7828
8822
7246
8062
7886
7969
8733
7619
7695
9207
8580
8570
7967
9133
7411
7865
8809
7915
7509
7872
7751
8342
9156
7687
8221
7834
8533
8858
8561
10044
7830
7960
9278
8130
8970
7915
9371
8045
8088
8717
7856
8297
7588
8510
8458
10933
8679
7647
8073
7174
9678
7752
7737
10055
8314
8740
7266
9005
7792
9016
7430
9240
9057
7875
8336
7712
9335
9036
8351
8830
8271
8569
7778
8433
8589
7530
7601
8194
8509
8005
9162
8956
8492
8810
7502
8365
7634
7970
8582
9139
9131
7886
7576
8039
8807
8574
8411
8849
7412
9128
9358
7933
9507
7199
8071
7816
8993
8465
7592
12136
8487
7922
8736
8742
8274
7497
8047
9143
8958
8586
7969
8173
7866
8931
8592
8615
8470
7956
8590
8455
8439
9434
9833
8636
9176
8110
7585
8266
10303
8605
7502
8200
9040
7697
7471
7994
8012
8687
146150
8314
7499
9490
7352
8775
9262
9694
8109
9221
8609
8110
8335
8632
7796
7553
8330
8700
8014
9081
8564
9200
8359
9108
7583
10229
8740
8860
8778
8633
8552
9984
8838
9176
8705
7932
8856
8628
9099
8894
7523
9038
9383
8518
7513
8531
8510
8206
8846
8974
8581
7877
8795
8808
8091
8486
8735
8761
8810
7532
8921
8951
8805
9151
8717
7276
8278
8875
8611
8644
8248
8753
7985
10046
8738
8633
8694
8497
7526
7275
9191
8957
8297
8393
8202
9138
7743
8473
9040
11958
7945
8156
7597
8656
8371
9656
8233
9712
8217
7422
7311
7723
8569
7897
8905
8212
8628
8742
8857
8284
8056
9753
7371
9620
7712
7882
8843
9220
7869
7423
8545
9725
8658
8955
8440
7681
7674
8270
9015
8237
7841
8835
8502
7849
9042
8871
7584
9517
7848
7604
8205
9018
8895
8703
8017
8678
7915
8231
9058
9876
9186
7809
8570
10558
8851
9267
8812
8783
8360
8635
8225
8442
8454
8098
8897
7620
8136
7752
7558
10216
7992
9061
7620
7627
7928
8823
7483
9312
8949
7520
8221
8605
8983
7728
7492
8518
7442
8036
8900
21536
8758
7760
7664
10003
8235
8054
8783
9264
8234
8858
9213
7366
8642
8191
7890
8163
8490
7938
8112
7628
8224
7689
8865
8333
8307
7400
7610
9889
8769
9061
8172
7748
8262
7581
8738
8676
7536
8628
7523
8741
7551
8566
7990
8435
7691
9179
8684
8434
8480
7970
8573
8607
7802
8113
8825
9381
8590
8748
7343
7789
8519
7928
8839
9432
8774
8248
8208
15055
7949
8451
7532
8800
7466
8548
8915
8094
8686
7635
8908
7567
9188
8852
9292
8969
7792
9254
7731
9297
8798
8390
7566
8792
8869
8043
8977
9262
9296
8410
7518
7994
9065
7932
7449
95657
8891
8878
8123
7673
7553
7948
7415
8743
7451
8511
7725
9165
7653
7784
8630
7815
8325
7227
7656
9008
9130
7786
8351
7958
7456
8272
8145
7543
8752
9397
8842
8442
8375
8071
10061
7983
8630
8906
7875
8307
8435
7871
8597
7756
8415
7841
9059
7533
8171
7851
7332
8707
9101
7979
8026
8015
8736
8245
8515
8646
8112
8000
8909
8016
7816
8023
9166
8704
8397
8413
9065
8347
9238
7809
9296
8388
7788
7805
8853
8980
7893
9264
7745
7636
8150
7200
7429
7721
7816
8023
8235
8396
8418
8072
7455
9202
8356
7694
8560
7771
7787
7796
8218
8448
7413
9142
8625
8025
7764
8235
8179
8730
7453
8194
9026
11380
7912
7776
7868
8112
7569
8052
8041
9352
8337
8107
7453
7742
8411
8589
8417
8665
8723
9157
8113
7938
9297
8089
7802
8384
8438
8024
9212
8281
8114
8429
9741
8738
7814
7750
7965
7730
7492
9127
8476
8369
9235
7866
8311
8912
8292
9166
8371
7565
8646
7653
7448
7780
9047
7790
8634
8206
7946
9246
7990
8935
8594
9296
7595
10241
8624
8118
7638
8316
9498
7507
8690
10281
8101
8834
9466
8712
8725
8470
7511
7965
9056
8211
7835
7719
8450
8001
7735
7553
8692
7989
8537
8136
8237
9633
7711
7800
8351
7927
8030
8482
7674
7708
8576
7767
8420
8521
7995
7853
9908
8007
8308
8123
8554
8374
8528
8116
7766
8676
8765
8719
8067
8379
8004
8174
8537
9020
8013
10809
7984
7303
9539
8188
7563
7654
7738
9046
8056
7601
8406
7743
8658
7717
7972
7649
8897
7780
8985
8461
7778
8504
8291
9119
7779
9256
7930
9020
8078
7786
7692
8980
8334
7472
8822
8123
7770
8642
8696
7752
8953
9060
7462
7752
8998
7422
7673
7518
167083
8133
8935
8981
8569
8673
7394
8813
9130
7584
7599
8000
8943
8744
9175
10317
8689
8707
8815
8133
9340
8249
7773
8117
8354
7980
7784
8969
8297
7502
8394
8264
8957
8856
7977
9963
8906
8712
7655
9851
8469
7856
7613
8205
7410
7580
7948
9389
9174
8371
8923
7969
8328
9281
9216
9005
10266
9697
7946
8326
7845
8279
7662
9095
7797
7753
8649
7766
8635
8483
7389
8809
8591
9153
7497
9172
7600
8655
7591
11222
7478
9147
8964
8608
8641
9611
9393
8541
7762
9195
8999
7465
8188
7319
8148
9234
8805
8641
7766
8046
7774
8248
7772
8615
8584
7523
8507
8178
8802
7981
8603
8651
8413
7804
8112
7860
9189
9898
8410
8796
8562
8961
8654
9183
9405
7798
7365
7959
8328
9000
7553
7798
9225
7548
8341
7607
9439
7780
7379
7999
7429
8473
8317
10071
8682
7767
7803
8436
9251
8966
7661
9502
8361
9198
8151
8851
7757
8671
8089
8218
8641
9219
8790
8071
9058
9500
8130
8499
8374
9073
8193
8476
8588
8552
10205
8887
8909
8997
7552
7872
7517
8039
8587
8617
8623
8110
8521
8615
7608
7707
8451
7468
8337
8795
8604
8447
8137
8650
8625
8153
8087
7878
7706
9121
9143
8779
7296
11318
8594
7755
8661
7816
8937
8085
8564
9010
8210
8082
8587
9038
8366
9255
9515
8733
9138
7796
8008
7346
8655
7325
8019
8882
8964
7235
7518
7859
8641
8075
8504
7815
8607
7945
9234
8725
8812
8768
8881
8758
8107
8283
8809
7895
9235
8423
8224
8313
7889
8799
8805
8898
8350
8103
7992
8952
8702
9221
8661
8555
9466
7826
7643
8835
8630
8893
9498
7579
8337
9755
8831
9218
7503
7402
9281
8773
8808
9854
7917
8461
7969
7986
8471
8193
8781
113312
9461
8255
8915
7726
7654
8444
7632
8552
8207
9112
8601
8490
8241
8139
8595
8438
8979
7657
9207
7761
7835
8878
7564
8701
7915
8432
8001
8353
8516
8392
8786
8808
8358
7891
7929
7951
8098
8051
8444
7901
7939
12071
9196
8822
8786
8005
9256
8581
8663
7833
7538
8865
8515
9049
8346
8107
8394
8914
9315
8230
8776
8356
9146
9041
7492
8877
8080
8735
8399
7355
7830
7386
9033
7956
8119
7801
8400
9057
7749
8333
9352
8489
8182
7332
8758
7689
9364
7989
7466
8606
7951
9238
8184
7928
8605
7673
9153
7413
9088
8115
8996
7691
7556
8187
7550
10873
7412
7761
7994
7516
8312
8491
8576
9112
9007
7991
9048
7923
7999
9234
8835
9700
7827
8489
7799
8185
9115
17171
9127
8082
9176
8164
8216
8926
7916
8996
8891
22587
8805
7576
7657
8823
9036
8158
7580
8076
7905
9973
18346
9129
7959
7601
8402
8214
8415
8307
8590
8460
7356
8453
8448
9950
8664
7875
8337
7510
8266
8603
8198
11237
7723
9315
7869
8707
7543
9058
8173
8706
7475
8196
7761
8395
8864
8298
8664
8392
8069
8346
8815
9847
8596
7789
8724
8297
8309
8164
8769
8893
7938
8746
8100
9149
7915
8710
8033
10046
8181
8578
7863
7755
9302
8026
9554
8682
8348
9952
8584
9139
8711
7808
8271
8594
7979
7968
7553
8142
8215
8880
8228
9162
8220
8596
7943
8880
7724
8644
8657
8271
9154
8090
8510
10118
7936
8557
8815
8600
8717
8213
8828
8703
7607
8615
7772
9037
7389
8122
7648
11066
9140
8324
8336
8578
8851
7791
9078
7795
7416
8322
8478
9264
8083
8237
8065
8814
8172
8525
9164
8619
7697
8516
8235
9340
7751
9070
8262
7564
7750
7348
7994
8555
8745
8618
54131
8203
8393
8413
8082
10714
9593
8057
8032
8144
8681
7530
7594
7994
8450
8988
8399
9041
7594
8233
7812
9056
8756
7472
9064
7530
10205
8998
9240
8031
7550
9282
7332
9000
8115
9094
8525
8694
8753
8607
8005
8097
8979
7652
8393
8399
7819
8025
8823
9076
8503
7832
7591
8278
9160
7727
8291
8676
7326
8952
7516
7968
8203
11066
8410
8771
7779
8300
8054
11072
9411
8038
8592
9005
7728
7929
7742
9830
7800
8328
9040
8604
8773
9220
7291
9238
8296
8415
9207
7665
8453
8710
8493
7909
8830
8597
8830
8420
7762
7667
8615
8942
8484
7820
8172
7383
8287
8062
10056
8020
9176
8332
7685
7767
8028
8936
8335
9182
8225
7550
8691
8833
7469
8004
11264
8307
8196
8871
8748
8864
8440
8180
8095
10634
9246
8453
8220
9851
8413
9198
7962
8236
9055
8722
8086
7899
9036
7466
7653
8505
8142
7933
7813
9194
8030
8799
8463
9220
7605
9152
8921
9151
9683
8488
8700
8410
7743
8405
8514
9092
8077
8478
8689
8233
9107
8153
7646
7832
8515
7971
7489
8410
8642
9130
8271
7554
8251
8697
8214
8083
8814
8775
7575
9076
7635
9003
8046
8631
8200
7858
8735
8963
8876
8233
7634
8158
8416
7510
8441
8589
8386
7810
8632
7765
8664
8300
9157
8041
23333
8512
7479
9420
8156
7605
8234
7733
8693
7892
9260
9068
9171
8059
9621
7628
8635
8374
8198
8384
8430
8446
8894
7771
8419
8974
7582
9978
8714
8719
8348
9148
8636
7916
9076
9232
8779
8385
7802
8166
8150
8604
11131
9897
7607
8757
8811
8072
8574
8036
8585
7974
7835
8858
8075
8653
7553
8110
7753
9997
7702
7529
8347
8835
7637
8062
8581
8184
7624
7994
7534
9063
8113
8694
8930
94035
8297
10969
8498
7677
8424
8523
8676
8625
8196
7600
7448
9838
9082
7650
9223
14312
8704
8079
8054
8159
9102
8297
7370
9089
8094
7898
9260
7769
8986
8858
8199
10651
8338
8525
8172
8125
7755
8731
8410
9317
7459
9036
7917
8274
7810
8799
8794
7846
9356
7984
9238
7844
9163
9285
7607
17189
8559
8398
8504
8616
8412
7915
8397
9711
8784
7979
8496
17452
8213
8794
8600
7797
7528
9200
9128
8336
7379
7749
7440
8422
8844
8825
8617
7784
8444
8517
7970
8678
8661
9937
7328
8600
7407
8502
7456
10357
7383
7574
9200
8882
8606
9043
8964
8610
9114
9354
9029
8918
7722
9179
8682
8330
8194
8207
8753
8698
9030
8830
8884
9133
8297
7530
8686
8814
7358
8584
8201
8838
8434
8497
8524
8740
7779
7533
8714
8433
8647
7710
8682
8029
8909
8830
8680
8523
8559
8514
7685
8383
8629
10117
8046
7805
7789
8197
7446
9038
9244
9561
8399
9926
8743
9261
8646
8759
7729
7964
8215
8062
8765
9641
8254
9801
7977
8641
7619
9064
7641
9223
9999
7496
7559
7415
8699
9998
8169
9835
8133
9121
8684
9020
7727
9080
8805
8179
8069
7554
8242
7768
9898
7446
8479
9036
9823
7697
8808
9415
8463
7887
8857
7860
7898
7487
8312
8594
7614
8660
8975
7727
8187
7801
7420
9882
8111
10708
8454
8326
7635
7548
7463
9000
7771
8818
7743
8015
8670
7982
9337
7614
9045
8615
7740
8805
7913
7741
8239
8029
9170
7539
8332
7611
7631
9067
8779
7814
7846
9519
8359
8236
8835
8103
8524
9400
7568
7832
9406
7418
8626
7407
7619
7802
8014
8475
9137
7471
8220
7620
7939
7605
8252
7599
7635
7712
7444
9389
7804
9144
7653
9990
7441
8074
8811
8937
106962
7961
9805
9599
8336
7799
8082
8507
7569
7815
8822
7817
8538
8592
7694
15197
8913
7915
8526
7651
8379
7711
8482
8051
7575
7231
8691
9220
7652
9088
12628
8817
9098
8345
7732
9866
8996
8020
7735
9052
7773
9850
7432
7555
7959
8731
9200
7994
9202
9409
9059
7649
7683
8428
7993
9294
9179
7534
8312
10002
9049
9211
7415
8630
9025
8600
8394
9076
8214
9009
7631
8841
8517
7737
8971
8616
7584
7390
8073
7643
8627
9147
8935
9311
8071
8977
7658
7530
8865
10131
8935
8174
8840
8709
9623
9515
7535
8972
8129
7723
9189
7466
7569
7562
8835
7364
8356
8869
8681
7456
8634
7495
7907
9001
9017
7554
9128
8536
7408
7369
8691
7388
8688
8340
7465
9158
7789
8033
8798
8346
8779
8487
9328
7970
7692
8903
8820
8552
7570
8441
7628
8097
9049
7696
8785
8502
9540
8430
8055
7511
8152
8532
7791
8272
9117
8935
9841
7613
8664
8552
8521
7459
7824
9158
9233
8653
7730
9090
7458
8492
9734
8985
8987
8005
9052
8987
8863
8847
8917
8724
7912
8172
9073
10133
8770
8974
9246
11077
8456
9121
7463
8835
11113
7589
8570
9005
9172
9256
9127
8271
8265
8762
8895
9829
7555
9820
8496
8740
8218
9564
8041
9269
7405
7747
8639
7195
9761
9002
7948
9105
8191
8320
7530
8864
9019
8852
8576
8309
8000
8800
9056
8713
8354
7708
7546
9389
9102
8380
8651
9240
8839
7874
8734
9568
7818
9016
7729
8656
8648
8560
7463
11364
7966
8003
10328
8191
8607
8641
8431
9702
8757
8917
7174
7679
8295
8733
7434
8544
9718
8071
7884
8210
8759
9094
7795
9017
7525
8996
8253
9235
7623
7596
8985
8660
8965
8175
7882
7851
8416
8533
8925
7697
8137
95901
8362
8337
7477
8153
8337
8656
9405
7574
8435
8634
7984
9296
7682
12642
7948
8076
8113
7591
7671
8817
8082
10815
7917
9276
8033
9268
8625
8899
10595
8526
8839
7559
8066
7697
8535
8918
7470
7908
7906
7651
8196
8030
7612
7848
7820
7784
8222
8377
8615
10127
8023
7492
8637
9158
7897
7885
8381
8414
7808
8472
9179
8220
7612
8906
7980
8045
7564
7371
8527
8300
8910
7822
9047
7544
8026
7820
7336
9532
7936
9805
7948
8307
8210
8614
8939
10463
8305
8068
8310
8394
7505
8892
8512
7793
8805
9881
9032
7391
9143
8020
8841
8271
8620
8311
7673
9190
8004
8665
8178
8743
7978
7705
7876
8402
7932
9117
9057
8787
7903
7955
7845
9405
8174
8445
7835
8596
8319
8077
8114
8025
7578
9101
7832
8206
8029
8823
8031
7251
7942
8614
8694
9042
7818
7946
8043
8413
8001
8635
7515
10681
8217
8820
7582
8333
9132
8246
8816
7917
7528
8268
8378
8272
9052
8917
8197
9732
9569
8046
8621
9030
9816
8634
8619
8822
9461
8818
7753
9677
8454
8047
7620
9028
8454
8151
7728
8123
7394
8610
9785
8292
9009
8331
8769
8559
8806
8822
8328
7445
7990
8953
7899
9316
7492
7511
9112
8922
8774
7702
8103
7674
8739
9073
7362
10501
8495
7914
8388
8877
8161
7451
8917
9369
8594
8186
8210
8704
7576
8432
9115
9337
8964
7897
8095
7668
7490
7881
8579
8015
8832
8199
8654
8407
8357
8471
8811
7774
8671
7611
9194
7994
8299
8342
8608
8904
8059
8555
7989
8235
8222
7398
8918
8465
7567
8031
8417
8102
8469
9031
7978
8755
7935
9243
8051
7578
7489
8061
8735
9574
8534
7915
8295
8291
8252
8104
9906
7973
7990
8383
7584
8030
8557
8018
138596
9084
7476
8723
8147
8287
7922
8493
7991
8968
8482
8261
8092
9917
8402
7906
8250
9042
7664
7738
10358
8225
7506
7611
8526
7990
8283
7815
11244
7753
8119
8410
7897
8556
8067
8030
9066
8450
8046
7752
8216
8026
7824
14154
7971
7816
7932
8033
7897
9246
8227
8353
7661
8949
9998
7897
8169
7856
7609
8143
8975
8471
8044
7564
9061
7393
8531
7599
8133
7992
8528
9590
7244
8276
8450
9238
9682
7974
8771
8374
7984
7625
8297
8615
7512
8774
8597
8102
8552
9018
8017
7662
8820
8928
8401
7646
7549
7805
7385
7584
7466
8235
9210
9369
8594
7610
7468
8779
8734
7693
7520
8181
8573
9935
8018
8553
7653
10263
8538
8392
9151
9319
8480
7552
7851
7717
7709
7963
7680
10207
9156
7729
10210
7415
8610
8842
8576
8013
7727
8110
7586
8938
7999
8852
9056
8123
8596
8435
7848
8301
8256
7783
8210
8606
8805
9901
8454
7676
9268
8276
8766
8005
9539
7635
7580
7560
8321
8731
7591
8826
7672
9117
8847
8651
8060
9224
8889
11478
8667
9297
7347
8601
7846
7765
8592
9724
8323
8374
8476
7553
8035
8545
7615
8036
8217
8680
8023
8859
7561
7702
8092
8200
9005
8212
8494
8618
8789
9820
8636
8213
7753
8377
7845
8615
8598
7580
8290
9748
7774
7730
8510
7504
7826
7661
8317
9300
7722
7734
7985
7934
8987
9356
9133
10102
8467
7609
7799
8055
8786
8136
7584
10990
8748
7700
8812
7547
7669
8927
9247
8288
8442
8022
8489
8069
8392
8282
8032
7776
7614
7833
7895
8558
8539
8182
7816
8849
7372
7957
9163
9123
8869
9845
8949
8581
7330
9158
8479
8191
7564
7988
8275
8367
8231
7763
9516
7805
8420
8096
7630
23883
8289
9046
9151
112118
8542
7461
8564
7990
9338
7880
7542
7809
8441
8398
7592
10523
8477
7788
7776
7638
10017
7351
9023
8088
8091
8230
8373
8458
8160
8588
11366
8257
8552
8818
7942
7752
8458
9269
8127
8733
7610
8690
7750
9239
8359
13373
7974
8361
8476
7769
7574
8066
7852
8975
7888
8639
8233
9712
7502
8636
7856
7526
9251
9441
8768
7458
8431
7792
8401
8333
8252
8626
8683
8007
9102
8204
8430
8139
7356
11271
9096
9342
7790
8658
7754
8012
8925
7966
8827
8381
9364
8228
8006
8736
7327
8923
10452
8593
7774
7546
8660
8266
7761
8644
7598
9597
7549
8020
8634
8076
7979
9633
8720
9136
8258
8075
7588
7993
8845
8657
9465
7966
7469
8920
8466
7892
7882
7617
8500
8279
8465
8029
7919
8449
8600
7864
7392
7987
7745
7604
8537
7532
8266
10656
8957
7620
7975
8517
7821
7817
7409
8652
7736
7577
7785
7756
8035
8091
8243
7702
8389
8381
8405
8870
8010
8556
8392
7471
8146
7755
8215
8386
8457
8585
10015
10586
8928
9056
7811
10084
8878
7523
8215
7256
8825
7992
7708
7482
7371
8404
8194
8677
7426
7789
8316
7267
7585
7978
7487
8529
9002
8135
8657
8033
8134
8407
7722
11103
8174
9035
7641
7679
8358
8444
9098
8592
8218
8722
8948
8915
7942
9201
7704
7646
7813
8896
8809
7441
8892
8865
8591
8041
9640
8729
8832
9260
8748
7228
9113
8861
8526
8688
7731
8577
7787
8680
8948
9348
8571
8437
8657
8659
7545
8697
8149
8476
8009
8957
8275
7791
8848
8112
8528
8487
8406
8374
8301
8623
9037
8820
8391
9111
8602
7462
8784
8214
8966
7590
9056
8737
8052
8620
8259
8750
7696
7910
8353
7804
8406
8687
9585
7467
8241
8938
9057
8773
136033
8789
7555
7682
7943
8620
8148
8497
8051
7726
8862
8841
8482
8937
8025
9001
7870
8252
7781
9316
8389
8541
8646
7408
9412
8635
18296
8998
7674
8994
7394
9108
8534
8784
8010
7909
9752
8235
8836
11319
7476
7415
9037
8466
8093
8080
8801
9092
9285
7482
8811
8386
8108
8656
8418
10093
9191
8635
7312
8697
8623
7565
8477
10482
8742
7465
8736
8467
8719
8828
8015
8270
8099
8314
9120
8216
8991
7841
8199
7984
9186
8581
8795
8446
8437
8232
8368
7953
8214
8092
8116
7834
7611
8387
8582
7586
8224
8787
8751
9111
8195
7616
8141
11167
9194
7434
8908
7993
7929
7966
8143
9230
8055
7753
8015
8430
9287
8946
7870
8422
7511
8379
9279
8194
8490
7951
8697
7704
8068
8719
8024
8164
8276
8020
8508
7874
8996
7849
7266
9163
7242
8008
8030
8832
7941
8321
8866
7861
8812
8353
8006
8194
7572
9096
7374
8489
7933
7788
8266
9364
9028
8584
7988
7992
8454
8109
7786
11358
8956
8045
8261
7986
8145
7774
8669
7942
8107
8033
10321
8220
8188
8804
8029
8444
8799
7410
7831
7729
9462
8052
7755
7734
8100
7576
8613
7566
8003
8651
8048
8633
9051
7982
9180
8066
8391
7933
8091
8189
8012
8304
7972
8718
8097
7873
8826
7906
8238
8016
8151
8641
7434
7801
7974
7874
7958
7914
8023
7466
9299
8948
7892
11110
8876
8183
7358
8203
7823
7899
7834
8562
8471
8184
8227
8375
8421
8222
7631
7746
9629
9074
7830
9221
7764
7996
8058
9302
9002
8341
7783
7919
7389
9137
9147
9569
8078
7914
7584
7869
8612
8133
8685
7500
7535
9661
7842
8944
8841
8312
8814
9287
8483
7497
8435
8497
9163
8446
8553
8475
8341
8294
7644
8136
8989
138936
8105
10599
8902
8385
8545
10102
7600
7632
9297
11200
7794
8469
8214
7727
7454
7650
8712
9553
9258
8369
9162
9033
7543
8499
15080
7536
7907
8105
8356
7339
9441
7683
9199
7769
9635
7544
7789
7893
8525
8384
8025
8499
8176
7363
8806
8562
7774
7794
8800
8634
8305
8275
7966
8828
8994
9035
8174
7834
7660
8265
9115
7941
8059
7765
7763
9098
9132
7832
8444
8754
7839
8121
8678
8305
10644
7533
7337
8112
7986
9252
8588
9145
7448
8209
7977
7950
7997
7548
7790
8707
8116
8212
8134
8749
8383
8856
9476
7728
10269
9071
8192
7815
9374
9099
8014
8789
8378
9404
9246
9267
8643
7565
7845
7613
8558
8831
8048
7598
9439
9719
9215
7720
7785
7957
8421
8735
8745
8917
9338
8997
7799
8230
8554
8266
8485
8700
8461
8136
8105
7291
9300
8936
8804
8605
8004
7874
8704
7751
9456
8169
8654
7353
7646
8717
8914
8812
7720
9937
8587
7556
8457
9273
9097
9256
9860
7524
7884
9020
9260
9030
9015
8910
8264
9961
9011
8518
8828
8233
9440
8376
7615
8776
8068
8488
8794
8377
7815
9476
8586
8010
8402
8332
8056
8850
8988
8993
7997
8532
7897
8230
7849
8316
9061
7633
8412
7763
7789
9579
9155
7274
7856
8985
7443
8042
8697
8514
8674
8662
8745
7397
8855
8976
7484
8834
8584
9384
7329
7692
8657
7809
8928
8774
7506
8217
8615
8553
7600
8717
8273
8659
8552
7654
7748
7711
8410
8396
7968
7964
8221
8758
7774
8411
7822
8251
7532
8384
8955
11173
8163
8474
10062
7272
8565
8670
8490
8420
7985
8699
8404
7697
8906
8459
9379
9097
8969
8660
9194
9034
10012
9201
7946
8495
9649
8376
8614
8921
8648
8193
8801
9073
8841
8435
106255
8818
8416
7593
7796
7542
8234
7874
8697
8979
7980
8119
7482
8610
7532
8676
7793
8790
8615
9458
9349
7821
8634
9235
10121
8509
8254
8988
8538
11765
8136
8395
8921
8518
9457
9112
8702
8938
9314
8238
9075
8770
8657
8789
7733
8666
8520
9528
8823
8254
8917
8309
7928
8645
9189
8172
8458
8431
8651
8800
9134
8320
8442
8615
8158
8017
7625
7757
7584
7502
7458
7896
7197
8384
7612
8851
9170
7352
8471
8589
9102
8759
7821
7927
8133
7536
8112
8641
7459
8569
8374
7391
8282
11430
9203
9204
9113
9302
7792
8312
7815
8024
7782
8418
8251
8668
8272
8366
8926
8169
8938
7864
8037
9186
8174
8213
8323
9326
8869
7787
8248
9056
8955
7624
9646
8241
8417
8510
7695
7846
9036
8404
8455
8522
7419
7788
7995
8214
7787
7676
8437
8394
8807
8074
8246
8347
9117
8742
8208
7997
7829
8082
8630
9171
8092
7696
10014
10969
8926
8852
9235
8223
8382
8191
7876
8554
8461
9046
7793
8493
8518
8178
9931
7836
8271
7420
8366
11100
7612
7728
7857
9991
7852
8413
9988
7589
8448
9071
8785
9235
8215
8579
8752
8391
8404
8734
8425
8698
7691
8133
8533
9462
8204
8433
8997
7498
8072
8096
9846
8497
9215
8081
7821
8615
7567
8386
7601
8992
8845
8960
8463
11107
9148
9781
7661
8521
8574
8794
8322
8638
8112
8779
15535
9197
7449
8660
8545
9312
8205
8272
8202
8586
9247
8049
8484
7762
10968
9252
9109
8381
8235
7702
8227
8199
7892
9130
10073
7631
8774
8341
9482
8538
8785
7818
8547
9234
9379
8246
7638
8118
7897
7792
8169
8724
8387
10395
8641
8387
9575
10001
9594
8199
8032
9106
9425
11286
9097
8499
8197
8596
8187
8261
8325
87164
8964
7389
7806
7817
9040
9256
8384
9155
7928
9301
8328
7893
7893
7610
8193
7749
8473
7514
8918
8261
9300
7564
8391
7879
7855
8107
9571
9346
8538
7723
8063
8003
8117
8242
9464
9170
8230
7842
8015
8500
7902
9143
7528
8360
7984
8902
8598
8397
9361
7980
8216
9651
7805
7756
8617
10840
9285
8056
9255
9472
8958
7771
7417
9205
7771
9117
8500
8896
7974
9364
8938
7794
8268
7594
8134
8288
7718
7804
7531
9016
8074
7937
8078
7508
8889
7974
8971
9494
9171
8188
8594
8748
8117
7711
7758
9412
8173
8752
9126
8676
7808
7917
7998
8610
8750
9156
7897
9893
8653
7612
7972
8518
7743
8192
8646
8578
8958
7582
7947
9536
7786
9020
7822
8015
8818
7733
7784
8485
8843
8374
9245
8410
7234
7707
9107
7572
8713
8594
8615
7717
9062
9512
9425
9004
8391
8590
8902
8171
7830
8010
8458
7912
9224
8784
7512
7805
8500
8692
8158
8085
8425
8191
8192
8456
7809
8011
9380
8637
7470
9211
9035
8911
8348
8902
9430
7483
8148
8216
7801
9035
8371
8487
9095
12045
8371
7785
7831
9360
7820
7493
7803
8061
7738
8035
8882
8289
10148
7712
8039
9302
7716
7825
8385
10014
8173
7266
8380
8170
8627
8136
7875
8223
8534
8189
8384
8870
8216
8995
8255
7966
8593
8482
7561
9269
17919
8357
8547
9481
8564
9172
8104
8994
8584
7780
8832
8648
8030
7610
8735
7903
7793
9000
8237
8454
8595
8957
7676
10083
8646
7547
7750
8435
7392
9193
7408
8665
8338
8838
9205
7675
9108
8066
10117
7897
7834
7755
8391
8676
8358
9077
8397
9208
8445
7814
9568
7500
7941
7679
8147
9480
7777
8894
8621
10211
8937
8683
8882
8746
9092
8929
8711
8746
115102
8685
7974
7662
7730
8133
8415
9153
8666
7823
8774
8360
9027
8172
8937
7880
8036
7728
7700
10577
8791
8635
8205
8338
8798
7528
7765
8853
9052
7868
8194
8087
7699
8026
9117
8615
8349
8079
8416
8195
8911
8105
7771
8584
7797
8763
8417
9068
8400
8456
8144
7661
8658
8562
8687
8000
8158
7614
8012
9194
7513
7757
7841
8422
7900
7830
7733
7451
7938
8641
8379
7889
8041
7669
8053
7868
7979
8000
9589
7747
8212
7591
8013
9759
7679
8179
8004
8892
8159
8355
8031
8199
8677
7817
8990
8019
8133
8369
7837
9173
7470
8537
7993
9468
7913
7380
8563
8123
7872
9512
8007
7550
7620
8466
8597
9031
7873
7582
7701
8546
7747
7953
8051
8077
7710
8190
8452
8585
8643
9279
7867
8685
9162
7490
8596
8777
7670
8688
7732
8328
7591
7934
8014
9284
7625
7758
9039
9982
8051
7605
8635
7737
8455
8595
8519
7918
8234
9164
8215
8412
8513
8591
8490
8035
9000
7656
7944
7806
8518
7853
8399
10081
10220
7709
7502
8854
8466
7864
8523
9806
8413
8084
8406
7614
9163
7775
7843
8260
8592
7891
8087
7620
7721
7673
7533
8726
9117
8595
8176
8266
8557
8752
7861
7832
8418
8385
7600
8431
8807
9049
7887
9915
8568
8452
7637
8399
9058
8821
9059
8107
8642
8274
7374
9076
8125
10469
9257
7508
7641
8772
7685
8095
8445
8202
7951
8633
8246
7623
8830
8575
8987
7882
9221
7709
7598
8065
8261
8218
8406
8914
8255
8297
7628
7473
7652
10471
8850
8180
7817
7811
8358
7776
7741
8709
8706
7658
8750
8795
7526
8082
9661
7479
8410
8511
8081
10275
9395
8369
8353
9034
8035
7928
7988
7441
8816
8006
8578
9635
7251
9805
8215
7580
7953
152107
7755
8553
7531
8483
7990
8413
9032
8830
7874
8456
8453
8233
7666
7700
7524
7403
8555
8283
7850
8374
9307
7799
8498
9418
7740
8020
8004
8962
8441
7535
9200
8066
8128
7622
8065
8325
7486
7871
7517
8276
7494
8892
9274
9117
7431
8554
8144
8814
7804
8023
8560
8662
7741
9101
8995
8406
7425
8343
9099
8543
8671
8572
8944
8606
8216
8813
7514
7770
9205
7774
8820
7585
9799
8015
7629
8557
8721
9031
7744
8509
8355
9291
7674
8280
9379
7543
8953
8321
7697
9605
8559
7856
8456
8463
7724
8456
8283
7886
8795
8952
8435
7864
8909
8045
7369
8507
7585
8697
7714
10561
7754
9328
9139
8551
9228
7609
8416
8670
7754
9311
7479
8219
7974
7866
7901
9364
9564
7609
7755
9287
8355
8823
7702
8466
9154
8917
7683
7837
8205
8515
9190
9472
8270
9320
7658
8611
8511
8923
7717
23545
7569
8433
8230
8024
8317
8409
9189
7626
8502
8933
7730
8825
8163
9054
8501
7535
8548
8856
8100
7697
8607
8512
8584
11184
9209
8891
9615
8007
8430
8313
7928
17602
8866
8878
8560
8451
8507
7987
23413
8346
7551
8494
8517
7585
9342
7857
8400
8805
7870
8078
7862
8541
7835
8996
8000
8819
8923
8388
7937
8616
8051
17148
8393
8866
7746
9210
7843
7442
7792
8599
8566
8009
9389
8001
7451
7769
9047
9307
8595
8856
8391
9035
7630
8829
9433
8364
8456
10584
9156
8036
7751
8642
7784
8263
7528
8492
8076
7345
8894
8557
7964
7512
8758
7606
7587
7666
7713
7589
7781
7733
9180
7768
8758
8306
7717
7753
8750
8717
8594
7667
11202
9522
7754
7435
9259
8342
9001
8132
8913
7902
8152
9179
8594
7882
8125
9541
8279
8256
9374
7468
9835
8670
67269
7924
7670
9038
8033
8866
8292
8057
8607
10373
7468
7548
8145
8616
9983
7670
7824
8810
8484
7629
7774
9097
8566
8047
8639
8043
8035
7589
8787
7953
8582
7876
8818
7599
7537
7435
8231
8553
8814
8882
9269
7760
8594
8981
7646
7189
8313
7805
7393
9857
9235
8431
8475
8780
9189
8503
8292
8348
7748
8433
8915
7389
8720
8587
8514
8297
7918
8801
8842
8453
8312
8794
7564
9779
8780
7666
8796
8289
8178
9353
7897
8911
7494
8848
7600
8811
8578
9256
8685
7595
8714
8259
7841
9199
7902
7490
8594
8666
7975
8601
8792
7558
8708
8490
8800
8277
9392
8713
9236
8876
8558
8978
9165
8811
7511
8738
8755
7856
8265
7494
7406
8798
8110
8764
8378
7765
7461
10169
8667
7565
8748
8208
8961
7738
9218
8957
8128
9945
8238
7753
8818
7857
8776
9228
7850
7998
8578
8784
7819
8810
8863
8573
7314
7771
8904
9194
8651
9205
8814
7630
8113
9666
8635
9678
8427
8867
7513
7851
9589
9500
8558
7847
8535
8853
7623
8365
9012
9483
7735
8339
8554
8193
7409
7754
8707
8762
7759
8112
8959
8258
8694
8558
8512
8931
8834
9057
8770
8263
8320
7872
9279
7743
9179
8497
7716
8651
8518
9378
8482
9005
8642
9180
8699
7335
7647
8789
8855
8748
8855
8583
8056
8187
8712
8195
8682
7727
8564
7681
9055
8967
9015
8343
8591
8779
7601
8314
8518
8493
9863
8225
9204
7989
8414
8200
8133
8092
7284
7574
7794
9060
8000
8403
9671
8192
8518
7894
8978
9241
7991
8831
8497
8123
8376
7481
7585
9076
8002
8566
7907
8158
8461
8073
7707
8156
8443
8682
8095
8553
8488
7924
7882
8232
9351
7962
7528
8846
8320
7952
7359
9301
8016
8287
8021
120632
7819
7635
9068
8173
9168
8096
7491
7762
8425
7919
7888
7754
8620
9046
8513
7528
7961
8340
9608
7509
8246
8523
7709
7992
8158
8317
7548
8433
8600
7832
7794
7771
9213
8061
7808
10425
7718
7850
8005
9046
8891
7598
8357
7597
7863
8100
7893
7630
8137
9472
7652
11106
9302
7764
7644
7774
8169
7723
7559
7828
7973
7584
7916
8105
9208
8511
8225
8971
8389
8652
8312
8038
8459
8774
7597
7789
8205
8415
8333
7718
8069
8376
8289
7512
8625
8417
7861
7914
8492
8197
7844
8359
7560
8689
8263
8264
8051
7389
8354
10586
8405
8707
9041
7952
7899
8501
7828
8543
7524
8351
8424
7580
7829
8078
7630
7489
8678
8514
7251
7600
8705
9162
8430
8025
8408
9679
8603
9671
9016
7981
8054
7796
8102
7601
8205
8271
8117
8097
8422
8351
8068
8786
8664
7607
7993
8806
7974
7902
8215
8220
7512
7420
8704
8597
10087
8119
8477
8902
7549
8051
8749
7446
8234
10364
7580
7469
8480
8570
7487
7777
9020
8058
8036
9235
8483
7569
8174
7674
8631
7991
7843
7495
9116
8811
8490
8489
7717
8096
8492
7494
8035
9103
8398
8697
7921
8418
9213
8349
7246
8813
7636
8695
8799
7516
8584
8660
8995
7834
8795
10807
8210
7689
7969
8893
8054
7622
8380
10662
7917
8013
9466
8731
8092
9303
7939
11650
7768
11472
8839
8853
8333
8784
7592
8416
9215
7833
9217
7515
7986
8695
8885
9000
9539
9195
7621
9385
8549
8323
8255
8495
10081
8499
8630
8159
7800
8800
7431
9015
9218
8589
8649
8447
9007
8360
7644
7646
8471
8569
7892
7552
7482
8922
8058
7779
8335
8613
10124
9199
8460
8125
8511
8328
8490
8553
8646
8182
8249
8143
8405
7369
9118
9344
142027
9019
8617
9082
7372
8360
7380
7548
8897
8430
8389
8906
7746
9015
7670
8128
7609
7563
9099
8983
9899
8679
8410
8535
9035
8415
8898
9046
8859
8937
7352
9034
9013
9067
8512
8830
7447
8592
8426
9039
7551
8285
10117
8867
7872
9109
9057
7802
9035
10561
9805
7374
8642
8614
7616
8732
7261
9071
8274
7730
9160
8856
9616
10056
9568
7698
7601
7750
7569
9080
7741
7814
7553
8369
8671
8440
8745
8217
9600
9061
8846
7726
8800
7682
7613
7492
7478
8008
7757
8473
7995
8617
7746
8039
11032
8764
7815
7900
8290
8767
9017
7913
7912
9186
7656
8597
9059
8598
8010
7611
8600
8303
7627
8923
9028
7935
7676
8589
8731
8513
8958
8995
9276
9838
8165
8079
7954
9859
8628
8843
9208
9538
8194
8273
9020
8516
8227
10036
8341
8098
8826
9743
9051
9661
9082
8615
7876
8738
8617
8774
8699
8648
8627
8940
8762
8818
8915
7663
8000
8875
9600
9056
9454
9061
8935
8273
8615
8267
9468
9310
7486
9023
9321
8294
8572
8344
7710
8418
8159
7586
8031
8852
7365
8818
7523
8411
7830
7427
7559
9107
8820
8528
7717
8743
7956
9394
9030
8220
9001
8150
8558
7451
9000
9230
8800
7458
7684
8130
9438
8693
8894
8471
8949
8147
8800
9103
8951
7494
9124
8961
9502
8797
7651
8318
7474
8360
8975
7836
9095
9149
7794
9028
8301
8539
8070
7730
8287
9019
8063
8235
8857
8281
7992
8709
9204
8678
8354
7861
7997
9227
8789
7594
8779
8056
7742
10378
7709
8794
9225
8522
7725
7851
8076
8197
8861
8789
9066
8004
11204
9468
8343
9929
7869
8680
8250
9010
8608
9596
8278
8417
8707
8833
7991
8826
9435
7548
8198
8873
8605
7588
8984
7851
8816
94921
8538
8050
8112
8634
7762
8657
8937
7601
8494
7499
7764
7916
9457
8917
8491
8539
9153
7579
9005
8524
8134
9253
7625
8098
7775
10093
7492
9276
8292
8235
8720
7548
8467
9385
9138
7540
7633
8317
7916
7817
8130
9393
7732
8701
9057
8074
9651
7763
7697
8975
8089
7733
8395
7810
7435
7717
9005
8429
8932
7701
8116
7821
8588
8840
8520
7809
8257
9364
8820
9277
7823
7682
8645
8668
7779
8631
8298
8092
8371
7811
9012
9237
8047
7708
8430
9560
8348
8577
8905
10500
8523
8026
7937
7640
8687
8800
8166
8753
9244
8031
8893
10001
8901
9505
7968
8025
9925
9112
9506
7754
8994
8391
8076
7811
8656
8000
8420
10425
8340
9224
7649
9426
8817
8220
7562
7638
9048
7856
9960
8916
8050
8885
8402
9213
7933
8092
9189
7753
8264
8144
8179
7467
9312
8307
8342
8427
7684
12019
7753
8273
7897
7556
10029
11060
9122
8668
7997
8379
8789
9078
7424
8034
7686
10820
7955
7567
9963
7607
8035
7764
8256
9216
9248
9037
8603
8763
7800
7416
8963
8673
8189
7843
7930
9311
8951
9170
8091
9106
7788
8454
8757
7969
8603
7521
9209
7995
8339
9884
7727
7464
8630
8606
8088
8421
8000
8632
7840
8041
8675
8010
7809
8870
7712
8703
7999
8406
8138
8874
10256
8046
7553
8299
8235
7745
8879
8414
7502
7502
8353
9178
9379
8170
8847
9010
8486
7969
7997
8152
7630
8210
7389
7652
8142
8635
8084
8876
8200
8176
7983
8362
7856
8322
7875
8231
8156
8452
8374
8496
8208
8717
8912
8080
8595
8104
8257
8861
7430
7571
8651
8196
8052
8153
7912
7487
7698
9139
8326
8017
7872
7779
8303
9495
9365
7603
8075
8267
7957
7536
7810
8071
8609
8171
136040
7549
8097
8415
8225
9298
8092
8200
9109
8389
10000
7649
8654
9161
9267
8365
9246
8005
7620
8875
9801
9424
8658
7390
8657
7941
8594
8404
8789
7692
8171
8062
8373
8517
8128
9093
8164
8380
8604
8864
8546
8565
7605
8056
7955
8920
8293
9511
7608
7588
7563
8185
8684
7762
7536
8103
7568
8463
7407
8432
7480
8938
8628
8292
7686
8024
8884
8782
9077
8608
8579
8974
8073
8360
7715
9239
7779
8449
8426
8897
9116
7904
8953
8351
8356
9274
7799
8077
7887
9114
7682
7274
8789
7581
8619
7579
7569
7496
7275
9038
7598
8989
8675
7616
8810
7270
8919
7523
9917
8195
7631
7791
8531
8936
8894
10078
7956
8856
7804
7625
7715
8073
8573
8051
9439
8218
8210
8479
8400
8030
8170
8723
8607
7784
8787
8451
9557
7491
8719
9064
8011
8812
9244
7747
7822
7611
9810
8725
8655
9518
8548
7876
8351
8475
7543
7953
7806
8908
8343
7631
9385
8321
8984
9472
7866
8425
7974
8234
8300
7999
8456
7619
8435
7186
8214
7569
7564
9358
7308
8204
7920
9984
8769
9230
7746
7574
8774
7910
8900
7433
8801
7801
8670
9130
7614
9131
9208
10083
9122
8840
7589
8133
7747
8292
8135
7537
8736
9558
9004
8656
7756
8495
7969
8549
8409
8240
7459
7909
9150
8573
7536
8968
7634
9253
7584
7979
9215
7405
8261
7915
7813
7944
7789
7487
7557
9261
7914
7532
8050
7534
7628
9209
8792
8916
7597
11651
7308
8060
9982
8644
8882
8157
8808
9298
7920
8220
8282
8194
9238
7987
8545
9286
7511
9059
7758
8391
8484
7643
8459
9687
8799
7607
7825
8281
8569
9403
8976
8536
8761
10056
7748
7837
9961
9927
9010
9015
8233
9081
7564
7572
10078
7625
9302
137865
8935
8092
7988
8446
8192
8007
9514
8093
7673
7585
8155
8063
7989
8519
7825
10263
8675
7906
8327
7928
8161
8876
7794
7590
8001
8138
8032
7994
7979
8717
8791
8215
8655
8035
8738
8038
7749
9215
8048
8205
8153
8295
8589
8413
8124
7455
9014
8150
8073
9167
7646
9241
8585
8472
7960
8405
8736
8188
8415
8046
8579
7990
7636
8789
8003
7846
8364
17256
9131
7620
7721
8637
8727
8785
15624
7553
8514
7847
8623
9814
9830
9578
9023
7630
8519
9095
8842
8775
8905
8050
8334
8096
7435
8974
8920
8918
8488
7706
7663
8937
8466
9390
9073
8619
8613
8829
9026
8801
8553
10441
9969
7851
8439
7794
8369
8101
7371
8512
7640
7743
7464
8634
8454
7615
7522
7379
8933
9136
9207
9925
9459
7712
7677
7774
8114
9101
8192
7244
8615
7457
7785
9598
7614
9821
8460
8174
7360
8442
8754
7786
7989
7768
8095
8079
9066
8798
8840
8252
7784
8456
9600
8622
7523
9123
9050
8297
7810
8804
9702
8649
7714
9152
7692
7729
8924
8138
9439
7870
7529
7614
7589
8626
8096
8851
7883
8187
8982
9218
8977
9100
8630
8269
8020
8731
8830
8682
7610
8581
8355
9134
8958
9984
7833
9095
8667
7323
8185
9727
7486
8038
8830
8955
8219
7623
8646
8706
8306
8628
7992
8626
8714
9297
9275
7462
7870
8272
8326
7492
8841
7890
9030
8230
8869
7864
8489
8448
8368
8110
8850
9227
8937
7833
7810
8437
7508
8478
9277
7615
8555
8538
9304
7803
7503
9219
8658
7671
7763
7833
8078
7446
8534
7369
7521
7622
7533
9212
8668
7656
8941
9133
8772
9025
7764
8911
9243
7905
8828
8985
8889
8612
7966
7585
7687
8045
7635
8715
7671
7328
8905
7571
7681
8148
116387
8867
7471
8126
7588
8474
7938
7941
7886
8017
7584
8283
7971
9582
8994
7607
7449
9213
8517
9861
9130
9259
8724
8556
7965
8800
7517
9194
8564
7475
7370
9039
7976
8138
9347
7697
9204
9149
8094
8712
8533
8380
8187
8915
8857
8187
7615
7589
8141
8998
7463
8681
9192
8507
7772
7905
7585
8155
7590
8545
8472
8356
8672
8777
7631
8064
7673
8081
7549
8620
9050
8032
8289
8415
7488
8595
8315
8054
7785
8416
9013
8237
9030
7780
8831
7555
8046
7753
8408
8316
7913
7943
7866
7558
8575
7840
9356
8011
7480
8416
7615
8771
8256
8976
7880
7749
8401
10769
8355
8433
7829
8928
8973
8679
8584
9160
7286
7750
7974
8844
7437
7896
8317
8639
8956
8413
8110
9238
7640
8564
8116
8249
7670
8405
8804
7834
7777
7973
7821
8672
8015
8561
7716
7499
7789
10038
8263
7548
7676
8671
7783
8564
7505
7551
9210
8393
8299
8976
8356
10121
7567
8980
7448
8161
9197
8408
8796
7842
7646
7716
8611
10118
7552
9028
9056
9637
9241
7976
7431
9506
7672
9435
8224
8048
9592
7597
7607
8209
8866
7815
8264
8049
8404
7614
9194
7583
7767
8630
7458
9651
8390
8599
7578
8755
8889
8970
7776
8535
8071
8274
7387
9182
7733
8396
7841
8512
8525
8184
8425
7904
8250
8569
8333
8105
8861
8734
7908
8954
8273
7998
8957
7979
8803
7543
8573
11320
9071
7735
7315
8790
8366
8225
8733
8693
8763
8814
8067
8064
9035
8789
8474
7867
7839
8736
8179
8526
8507
9058
8544
9352
8317
8836
8539
10021
8686
8422
8839
7630
8552
8513
7943
8215
9271
8866
8268
8788
9254
8592
8635
7590
8593
9134
8100
7811
8467
8616
9241
8515
7947
8595
10066
7936
8093
9327
10020
7758
8357
8037
8684
9920
7978
7613
7804
7943
8675
8183
8233
7552
8128
8177
7814
10612
8201
8389
8663
7977
8736
7973
8228
8056
7389
8739
9151
8023
7970
9144
8324
8097
9116
8003
9871
9086
7998
7981
8266
9061
9016
7794
8979
8292
8135
8653
8264
8184
7997
8033
8953
7814
8036
8484
8096
8543
8056
7502
8726
7513
7584
7866
8976
8054
8437
7983
9478
8851
8110
8502
7470
7607
8960
7512
7651
7953
8894
8774
7910
8162
7518
9018
8573
8271
8928
7658
8138
8583
8070
8444
8919
8228
8022
9061
8584
8921
8997
8571
9241
7588
7826
8856
7837
7882
7752
8317
8629
8877
8083
8652
7664
8541
8974
8814
7559
9481
7814
7731
7400
8042
8174
9229
8369
7958
8887
7552
7769
7456
8068
8120
9400
10311
8550
8612
7884
8446
7535
9204
7790
7667
8310
9401
7565
9162
9028
9005
8463
8198
9056
9123
9202
7594
9217
7508
7930
9190
9001
9698
9016
10128
8215
8087
10092
8275
9337
10153
8883
8296
8253
9168
9932
9257
7451
9082
8493
7579
8974
8733
9158
8430
8381
9195
8885
7567
8655
8934
7694
8143
8610
8292
8916
7753
9754
7740
8917
8323
9158
7966
9039
8650
8157
8774
8755
9188
8877
9317
8057
8575
8650
7554
8010
8451
8927
8842
8687
7875
8839
7643
9213
8176
7784
7666
8852
9284
7828
7472
8771
8308
7336
8045
8347
8664
8889
8676
7876
8713
8116
8623
8574
8439
7990
8130
7256
8573
9198
8290
8907
7713
9310
8389
7595
8142
8632
8094
8812
8725
8522
8201
8402
9415
8598
7621
8815
8984
8457
8072
8077
8318
7310
7475
8363
8430
9363
9200
9275
8315
8385
9400
8215
7493
8536
7397
8192
8784
8628
8473
8726
7581
7794
8293
10158
9670
9168
8007
8033
9017
8122
8871
7492
9067
8177
8504
8061
8528
8830
7798
7674
8182
8844
9836
8251
7644
7765
8405
8524
7547
8353
7761
7847
8884
8335
7744
8495
11459
8677
8977
9152
7531
8411
8235
7656
7796
9425
8240
9027
8687
7473
9261
8415
8601
8780
7848
9404
9077
7757
7799
8478
8548
8173
7431
8453
8789
8250
8008
9027
9410
8008
7789
8179
8193
8557
8381
9339
8054
8317
8933
8221
8902
7895
7670
7524
7892
9154
7753
8144
7723
8400
7666
8632
8910
7951
9190
7589
7680
7982
8129
9088
10593
9539
9005
9094
8154
8129
7574
7732
8917
8505
8345
8181
8671
8545
9494
7761
8917
11094
8353
7917
7457
9519
8557
7753
8451
8890
9928
8253
8251
7732
7745
7979
8155
7826
8119
8330
7830
9117
7284
8802
7743
8454
7550
9174
7926
8288
8619
8218
7841
7722
8080
8529
7817
9435
7372
8662
8109
8148
8413
8597
8871
9608
8822
8313
9987
9247
7777
9037
8000
8680
8573
8514
8328
8457
8363
8444
9051
8671
11265
8788
9041
8647
8173
7843
7759
9384
8427
8511
8184
8072
8394
7746
7629
7845
7969
7982
8307
9028
8082
7567
8874
7255
9159
8064
9314
7905
9061
7973
7994
9098
7974
8258
8382
8653
7531
9554
8243
8062
9348
7573
8128
8316
8577
7651
7794
8726
8314
8781
9883
8363
8455
8139
8486
8653
8686
8410
7844
9247
8178
7574
8038
7740
8974
7651
9128
9690
8398
8630
7835
7779
8420
7875
7507
7889
8615
8108
8508
8901
8428
10043
8976
8953
7576
8200
9519
8380
8254
7374
7548
8478
7771
8358
7643
7777
8377
8876
7418
7733
8071
7594
9177
8154
8501
8010
7841
8819
8458
8418
9357
8712
7646
10584
10418
7852
8356
7812
10004
8591
7600
8841
8649
7825
7777
9273
7749
9133
8040
7697
7907
7691
7844
7532
8399
8174
9400
7964
8499
9305
8048
7933
7470
7812
8409
7968
7938
8420
9753
8637
9123
9210
8612
8925
9322
7739
8001
7776
8035
7788
9348
8155
9128
7869
8502
8717
7788
8821
7678
7889
8386
11521
8586
7972
8430
8164
8023
9087
10900
8104
7810
8066
8602
8112
8955
8327
8846
7665
8487
8759
7756
8343
7902
7584
8293
9000
7791
7820
7601
8037
9033
8767
8726
8248
7789
8226
7366
8431
9500
9463
9440
8769
7735
7525
9025
7608
8400
7905
8659
8052
7995
8683
8384
9994
9079
8671
9107
8712
9078
7670
7585
8826
10645
8127
8666
9020
7961
8948
8586
8644
8518
7420
10354
8860
7678
8366
8380
7551
7735
8847
7748
8051
8657
8169
8466
8096
9219
8011
7606
7748
7533
8069
8383
8385
8252
7551
8437
7707
7816
8067
8657
8357
9357
8466
7948
8406
8272
7870
7502
8743
8396
7555
9085
8031
8264
7856
8752
8123
8355
9068
7984
7851
7697
7308
8146
7831
9730
8452
8768
8841
9034
9183
7682
9128
7805
7896
8125
8394
9229
8157
8902
7513
8143
8394
7384
8716
7904
8721
8088
9062
7636
7588
8939
8018
8807
7950
9075
10074
8013
8958
8046
8596
7789
7891
7892
7882
8435
8145
8041
9231
8058
7549
8528
9148
7439
9042
7761
8400
8837
8089
8556
8543
8521
9048
7482
8289
7446
9000
8881
10021
8766
7545
7700
8009
7926
8743
8754
8805
7528
8804
11148
8969
8639
8932
7994
7450
7687
8279
7716
8882
8764
8675
8456
8794
9016
8938
9689
8435
8712
8558
9811
8319
8804
9502
9138
8816
8492
7815
8744
8901
8695
9110
8787
7411
8861
8731
7660
8615
9157
8918
7727
9090
8527
9051
8796
10743
7954
8220
8863
8006
7733
8702
8065
9010
9287
9779
7793
8274
8455
9217
9262
9015
8613
8683
12055
8845
9189
9292
7326
8631
7507
9668
9105
8943
8175
7811
9261
7641
9112
8429
9051
8623
8472
8370
7410
8894
8439
8532
7541
7926
7861
8205
8723
8193
9497
8496
7473
8959
8636
8914
8778
7533
9063
8196
8050
8400
7796
7545
7629
8735
8158
8696
7772
7573
7850
7354
9563
8005
9292
7912
9307
7738
7872
8577
8309
9451
8696
9138
10532
7294
8424
8313
9943
7830
7643
8098
8490
8624
7811
7440
8618
9089
7585
7272
9208
7863
8507
8510
7928
7762
8415
9242
9893
7601
7939
7307
8399
8534
8061
7877
9339
8348
8488
8143
7648
8000
8082
9247
8698
7934
8583
8216
7797
7712
8317
8621
8810
9146
8023
8343
7838
8152
8516
7892
8417
9342
8610
8585
9200
7637
8613
9020
10934
9379
7887
7948
8325
8035
7677
8289
8817
8161
7632
7715
8953
7655
7426
8912
9770
8639
7752
7855
8596
7875
8707
9462
8067
9217
7392
9289
9528
8849
8489
7623
8476
8499
8835
8099
7892
8630
7766
8379
8198
8538
8510
8874
8369
8290
8129
7868
8405
8087
7746
7730
7892
7799
7774
8201
8287
9087
9702
7406
7584
8372
8475
8310
8982
7523
8493
9179
7533
9190
8161
8388
8480
8655
8820
7625
8808
9080
9009
8764
7399
8718
9351
8200
8611
7375
7972
7442
8704
7659
8582
9006
8685
8729
8276
8669
9170
9558
7517
7762
7808
7563
8338
8432
10023
8024
8399
8499
8109
7969
7415
7629
7592
8137
7589
7772
9014
8622
9822
7622
7844
7973
8423
8786
7864
8580
8069
8700
11335
8176
7670
7784
8998
8314
8630
8201
9482
8397
8800
10848
7607
7916
9410
7946
8665
8005
8395
8392
7641
7697
8176
8925
8201
8519
10020
8334
8465
7500
8748
10133
8780
7717
8141
9834
8719
9873
8353
8543
7873
8615
9591
8938
8598
8889
8169
7439
8413
8215
8991
8882
9602
8635
8769
8433
8037
8801
10035
8631
9072
8996
8235
9186
9943
8554
9006
8758
8687
7737
8177
8435
8275
8582
8435
8835
7374
8574
9466
7605
7652
8695
7592
8476
8599
8765
7934
7524
7808
9087
8815
9020
8059
7740
7548
7712
8282
8021
8955
8955
7886
8379
8048
9172
8305
8968
8235
7984
9477
8354
8979
7896
7801
8824
8208
8909
8128
10661
8580
7733
8613
8813
8312
8256
8460
7896
8280
7971
8923
8174
7707
8996
8219
8407
8214
8763
7643
7714
7708
7910
9631
7943
8453
7994
8038
8842
7894
8671
8042
7984
9186
7569
8024
7996
7902
8061
8422
9119
7892
9248
7963
8446
7986
7635
7605
8117
8724
7740
8835
9596
8091
8251
8267
7911
8130
8830
8080
7567
8446
8387
9302
8125
7917
8864
8008
10181
7862
8645
8911
8186
8035
7571
10091
8590
8425
9287
8103
7791
7587
9336
17934
7831
8122
9139
7819
7788
9230
7976
9703
8748
8025
8812
8041
8920
8010
9476
8113
8506
7891
8629
8271
8126
8375
8076
8667
8128
7767
7722
7950
8194
8432
7289
8982
7584
8220
7952
8476
8114
8479
8123
9379
8347
8244
8631
8015
7484
8648
8221
7827
7702
8278
8193
8930
8836
9089
8333
11128
9217
7732
8052
9057
8202
8499
7523
10099
7875
8625
7858
8123
8215
9019
7457
9138
9455
8893
8077
8798
16206
7879
7903
8254
9061
7975
8092
8251
8535
7973
8494
8135
8152
8104
8047
11286
8579
8143
8416
8989
8126
8112
8120
7788
8035
8276
7976
9399
7978
178237
7970
8070
7712
7686
8435
8346
9612
8098
8392
7716
7871
8956
7461
10024
8656
8189
8235
8352
7813
9079
8512
8792
8269
7603
7941
8997
7865
8538
8091
8229
8933
7957
8097
7533
8778
8941
7676
7460
8418
9341
8036
8877
8087
7834
7743
8843
9122
8061
7426
8952
7792
9853
7912
9233
8177
7846
8684
8415
9166
8400
8983
7670
8053
8726
8638
8390
8789
9234
7538
7393
8192
8787
10077
7851
8210
8212
8002
10403
8447
8821
9558
9132
8153
7297
8376
8476
9221
7507
7892
9579
8256
7820
9010
7495
7687
8853
8852
17460
9197
7972
9061
10013
8626
8386
7695
8441
8003
7792
9810
8620
7553
7892
8713
7879
7566
8144
8457
8616
8313
8171
8645
9258
8446
7504
9257
7514
8341
7665
7984
8335
8378
7913
8656
7992
7596
9401
9070
7712
8142
8054
8655
9019
8102
8074
8555
8673
8838
9115
8676
7696
8156
7441
9240
7839
7775
8395
8450
7651
8763
8495
8232
7627
10046
7926
7421
7969
7589
8102
7599
9345
7618
9648
8364
8426
7480
9181
8258
8423
7533
8672
9000
8230
9092
7831
8907
9037
8604
8666
7854
9308
8307
7956
8218
7938
8807
8003
7733
8636
7415
9202
8190
9660
8220
8217
8343
10984
8941
8238
9439
7996
8893
9276
7478
9743
16900
8845
7638
8087
8716
7748
9006
8720
7672
7633
9014
7717
7372
9228
8490
9403
9174
8676
7933
7279
9183
7644
9737
8169
7610
10851
8187
7839
7979
7804
7776
8176
8314
8443
8176
8099
9222
8999
7895
8726
7657
7799
7995
7778
7794
8462
7678
8624
9339
7895
8775
8578
8209
8954
7761
9779
9511
8968
7979
8040
8354
7773
8934
8805
11240
8374
8538
7539
7879
7566
8328
7303
8383
8193
9080
7879
7986
8104
118372
8020
7952
7806
7630
8224
9357
8322
8032
7589
7433
7833
9442
8719
8618
8988
8249
9872
10230
7687
9033
7811
8846
7828
8966
9017
8310
9030
7953
9337
9335
8767
9197
8869
8825
7605
8027
8381
8073
9142
9071
8010
8492
7570
7523
9908
9097
7909
7658
8415
8264
8173
7868
8979
8166
9092
8016
8074
9179
7774
8979
7891
10059
8294
9088
8946
7708
9096
7804
10015
7566
7784
8980
8010
9100
7550
9056
7989
7815
7786
9302
9195
8533
9240
8235
9764
7635
8234
7533
7823
8790
8602
8504
8370
8257
7430
7360
7384
7369
8904
9109
9025
8835
8417
8259
10335
8766
9040
8189
8641
8407
8803
9066
7788
9184
7806
8148
7812
8663
8290
8293
9447
9096
7480
7783
8407
7435
7523
9722
9220
7524
8686
7731
8887
8593
9159
7777
9348
8294
9013
7316
7771
8429
8597
7532
8592
7364
7220
8689
9674
7254
8824
7397
7980
7356
9279
10026
8112
8787
7710
8566
8102
7900
7548
8174
9101
8606
10061
7389
10320
7932
8458
9100
7637
8570
9150
8576
9995
8489
8743
8749
7997
8866
8235
8353
7648
8033
7523
7802
9023
8420
9035
7760
9660
9302
7458
9405
8710
9100
8394
8406
10145
8131
9287
9173
9271
8854
8776
7609
7554
8938
7725
9074
9397
8936
7758
9128
9002
8584
8843
8476
8124
7970
8458
8918
8225
9144
8274
7487
8435
8360
7735
7340
12191
7611
7523
7975
8377
8017
9215
8653
7647
9170
7610
7965
7835
7691
8200
7852
7820
8409
8389
7810
8079
9023
8646
9390
9325
9040
7613
7752
9273
8592
8011
7573
7864
7981
8491
8200
8584
8234
8559
7789
8601
7993
9035
8375
9343
8575
8620
8399
8020
8533
8075
7924
8689
8530
7909
7848
8859
9375
8841
8000
109753
8498
8267
8233
10554
9441
9112
8011
9027
7783
7523
8866
8425
9175
8176
8851
7730
9118
7723
8728
9160
8580
8891
7379
8845
8192
9028
8666
8782
8400
7383
7482
7410
7474
7487
9734
8928
8232
9187
8033
9056
7492
8078
8855
8397
7562
8093
8868
8958
8714
8301
8615
8564
8297
8835
9336
8266
8647
8201
7696
7953
9723
7600
8333
7786
9726
8752
8776
9583
8053
8763
7645
7640
8001
7779
10180
8486
8162
7851
7569
9077
8946
9340
7651
7736
8064
8785
8967
7523
8852
7730
8466
7533
8007
9136
8096
8017
9139
8410
8733
9024
8367
8117
8582
8495
8380
9621
8629
9133
8273
8533
8029
8200
8648
9054
8283
7469
7302
7550
8222
9256
9174
7605
7556
8030
8817
7484
8712
9158
7645
8235
7280
9879
9339
7674
7914
7723
7805
7694
8401
8339
8368
8218
9355
7813
7652
7758
8591
8748
8091
10100
8830
7974
8912
8415
8535
7572
8000
9115
7260
8403
8143
7866
9126
9690
8106
8256
8231
8797
8425
8202
8276
9128
8552
9097
8201
7784
7785
8196
8996
7728
8225
7430
9276
8316
8296
8558
7991
7790
9211
7918
7479
8606
9523
8656
8507
8587
8364
8677
7304
8614
8287
8842
7729
7550
8611
7740
7855
9328
8862
7513
8450
8333
8061
7840
9474
8312
8492
7984
7643
7599
9382
8666
8589
8403
8668
8596
7371
8340
7627
8349
8744
7679
9364
7883
7812
7988
8742
8685
7405
7586
7380
8556
8286
8689
8627
8302
7782
7853
7657
7661
7975
8856
8229
8746
7633
9805
7774
8492
8336
9013
8144
8205
8327
7969
7912
8109
8326
9277
8974
8374
8766
7409
9256
7364
8779
8070
10143
8082
7649
7993
8135
8569
8336
7712
8288
8389
8886
8556
7607
8424
9080
9238
143590
8574
7785
8371
8399
8722
8051
7721
7501
8535
9189
8220
9099
8629
9177
7813
8304
8078
7748
8367
9320
8379
8365
8683
7712
7821
8201
8286
9893
8453
9260
11663
8994
8092
7779
10203
7651
7765
7594
8824
7894
8038
7936
9024
8273
8533
7517
9394
8934
8215
8182
7794
9065
8409
8189
7410
7753
9041
8196
8936
7527
7769
7476
8816
8422
7446
8953
8439
8796
8973
8274
8720
7895
8133
8071
8235
9543
8965
8212
8724
7851
7464
9618
8035
7569
7568
7452
9833
8594
7595
7690
7943
9196
7659
7768
11106
8223
9121
7835
7733
8085
7781
7613
9475
9024
7550
8056
8021
8670
7997
7384
8807
8562
8875
9405
9071
7984
7948
10046
7810
9038
8482
7551
8917
7995
7954
8505
8340
7854
9472
8312
7599
9037
7772
7880
7912
8367
8170
8651
7959
8666
9184
7471
8953
8369
8235
8210
7879
8656
7737
9796
8465
7625
8700
7597
7745
8446
8538
8609
10216
8380
8794
8716
8697
8687
8999
7614
7753
8416
8000
7742
8155
8604
7364
8691
7812
7533
8533
7633
9262
7994
9620
9220
7847
7575
8276
9100
7424
8406
7604
8389
8404
7707
9594
7558
7747
7951
7608
8769
8471
8592
8012
9005
8243
7640
8148
7545
8982
8862
7753
7815
7964
8419
8417
7594
8187
7736
7466
8773
8020
8167
7856
7501
10164
8564
7391
8487
7631
8781
9625
7655
9539
7928
8865
8882
8106
8676
9035
8603
8369
7816
8228
9035
7806
8267
8303
8288
9109
7948
8090
8486
9277
7607
8208
9451
8928
7501
8383
9324
8198
8615
8071
8141
9154
8641
9156
9541
8835
8814
7600
9091
8045
8339
8567
8086
7744
7408
7798
7916
8331
7696
7912
7436
8056
7637
8022
9019
9090
7952
8369
7463
8933
10111
138616
8682
7948
8970
8761
8979
8524
7548
7784
8427
9040
8210
9036
8615
8623
8607
7552
7784
8697
8814
7845
8529
8133
7984
8032
7597
9141
7424
10502
8640
8000
8244
9088
10098
8076
8628
7569
8292
8746
7800
8009
7990
8573
7956
8443
8802
7411
7472
8390
8666
8031
7993
7977
7418
7610
7967
7963
9397
10706
8979
7451
8253
8938
8331
10323
8942
9176
8679
8395
9178
7785
8037
9848
7614
7817
7923
9022
8595
8408
9025
8573
8933
7994
7911
8511
7823
7692
7558
9268
10675
8933
8488
9157
8035
9184
8235
7569
7748
8603
8381
8227
7573
7997
8055
8993
7509
8876
8014
7984
9049
7789
8314
7390
9081
7629
8133
8978
7785
8321
9112
9084
9149
10509
9116
8409
8499
9020
8877
9127
8855
8983
8334
9488
7593
8427
9001
8995
8923
8335
7918
9948
9129
7457
7723
9044
8056
9253
9151
8902
8769
7538
8824
8055
8816
9235
8779
7580
7711
9270
8389
8466
7758
8997
7709
8379
8358
7348
8545
9002
8832
9189
7526
10024
7501
8514
9166
9552
9026
7708
7582
9996
8381
8874
9198
8943
8130
8920
9008
8630
8616
7589
9016
7932
8862
8937
9026
7785
7572
8819
8509
7915
7393
9502
8840
8777
9149
7643
9046
16297
7978
9104
9188
7448
9218
9446
8999
7861
9294
7966
7780
8015
8774
8887
7750
7402
8514
9020
7723
9119
9954
8994
8743
8375
8866
7943
9054
9099
7589
9862
8457
8600
7852
8374
9025
7558
7466
8352
8783
8016
7696
9938
8596
9890
8431
8523
8946
8158
8734
8676
8635
9029
8128
8794
8720
8575
7586
9673
7655
8370
9049
9671
7984
8591
8620
8456
8622
8870
9419
8256
8882
8817
7255
8323
9056
8425
8708
8709
7437
7812
7735
8012
9078
7722
94384
9181
8318
9342
8866
7508
8520
9131
7774
8386
7772
7659
8567
8474
7670
8437
8591
8394
8297
8723
8138
10618
8426
8594
7791
7430
7705
8858
7971
8709
7463
8888
7749
9246
7466
8530
7824
7384
7791
9057
10016
8095
7654
8100
7860
7989
9181
7456
7747
9461
8783
8838
8580
7609
8194
8014
8310
8276
8320
8854
7993
7500
7890
7687
8744
8597
7601
9011
8769
8020
7854
8989
8524
7525
7582
9605
9311
8451
8225
7502
7574
8317
8804
8682
7994
11161
8119
8010
7625
7380
7542
7893
8378
8936
7643
8228
7705
8342
8286
7764
7964
9299
8322
7389
7654
9066
8457
7615
10053
8638
8081
8297
7566
7654
7749
8759
8378
7476
7861
7493
9244
7961
8044
8451
8424
8494
8531
7772
8162
9261
8021
8400
8305
8184
9273
7984
8793
7887
7353
7723
9969
7701
7845
8378
8861
7635
7805
8076
8748
10065
8943
8177
7251
9425
7585
9055
8406
7589
8616
8693
8778
8589
9067
8733
8278
7639
7720
8383
8636
8946
7828
7920
7892
8466
8564
8337
8448
8200
7385
7731
10113
8757
7635
8562
7961
7344
9188
8365
7505
8445
9203
7975
7491
7690
9482
8564
7763
7651
8205
8398
8579
9282
7553
8091
7517
8661
8517
7484
7781
8794
8144
8374
7630
10293
9411
9005
9892
7770
7575
9268
7906
9052
9022
8051
8041
7852
7956
9017
8944
7649
9142
8010
8066
8596
8456
7572
9170
8812
7795
7264
8587
8307
8303
8575
8037
8928
7800
7537
8645
9110
8997
8612
7654
8384
8397
9039
8269
8174
10450
8012
8549
7711
9663
8268
8176
8799
9662
7366
9005
9114
8342
9070
7630
9826
7521
8777
8503
10354
7390
8133
7462
7236
7834
7999
7830
8647
8085
8042
7703
9117
8039
8942
8015
153856
8999
7572
7816
7415
9231
8829
9147
8625
7595
7770
8979
8698
9625
8816
9648
7861
7805
9066
8514
8399
7895
8239
8004
8056
8897
7863
8989
7363
9466
7573
8799
8966
9013
8853
7824
8257
7347
8482
8620
9760
8564
8416
7476
7889
7593
8467
8656
8435
8191
8000
8598
8725
8791
9233
8948
7364
8832
8446
7872
8266
7455
8931
8044
7897
8888
8825
8536
8858
8003
8207
7398
8865
8763
9222
8513
7771
8623
7577
8729
9030
8648
8244
8884
8857
7610
8433
9247
10010
7615
8478
8206
10044
8942
8560
8505
8395
8938
8535
9218
8661
8881
8753
7811
8169
7421
9050
7579
7620
8584
8068
8046
8753
7478
8982
7875
9616
7932
8169
8999
8069
8146
7833
8746
7263
8640
8415
9030
8701
7502
8698
8351
7877
8672
8321
8490
8735
8593
8631
8846
8808
8691
8754
8713
8905
9237
8200
8695
8323
8179
10600
8533
7681
8115
10651
8995
7652
7971
8194
7600
8379
8893
8713
8469
7777
8938
8699
8382
7946
7569
8376
7502
7738
7576
7601
8909
11625
9271
8169
7575
8415
9158
9080
8456
9046
8312
7553
8948
9001
7676
8970
8215
8749
8379
7871
8566
8301
8452
8310
8243
8656
8867
8563
8231
8615
7803
9528
7957
7861
8183
7816
10227
8587
7830
7815
7962
8810
7871
8628
7716
8712
7794
8223
7868
8563
8312
8476
9278
8927
7812
7999
9225
7991
8346
7702
8503
7794
8118
9159
7328
10246
8771
8707
7901
8702
7912
7516
8670
8868
7785
8225
8002
7896
7636
8387
7854
8642
8212
8179
8271
8515
7972
8039
8328
8000
8468
8970
7706
9047
8831
8689
7983
8640
8631
7807
8311
8492
8107
7948
8610
8032
7588
9116
7864
9009
7963
8454
9472
7754
9467
7964
8605
7996
127434
8902
8634
8460
8843
7580
7828
8181
9341
7789
8998
11510
7616
8194
8323
8070
7397
7931
8846
8283
7610
8458
8509
8209
7797
8607
9046
8442
7399
8759
8432
9186
8289
9010
8013
8396
8897
8527
8976
8666
8698
9621
7630
8189
7569
9052
9052
9055
8535
8247
7818
8394
9146
9644
8546
9769
7950
8827
8707
8957
8620
8610
8853
8528
7711
8821
9316
8800
7871
9741
7469
8219
8526
9108
8368
9886
7967
7912
7866
9569
8494
8597
9327
8663
9265
7554
8989
8932
7990
10244
8790
8675
8109
8594
8971
8160
7779
7752
7815
8502
9295
8538
9009
8540
9198
8211
9069
9133
8474
8594
7821
8856
8345
7490
8756
8451
8896
8066
7512
8415
8819
8700
8653
8586
7307
8435
8399
8862
8959
8244
8673
8736
8493
8426
8994
9517
9276
8818
8138
10317
9238
9369
8469
8557
8735
8099
8011
8717
8634
8502
8723
8479
8656
9182
8630
8566
9043
7569
8264
7697
8796
8687
8774
8792
8409
8733
8088
8655
8796
9144
9000
8830
7554
8436
9086
8775
8456
8738
7412
8193
7950
8436
10230
8875
8199
7499
8181
8911
8207
9738
8715
8295
8050
8758
8636
8445
8623
7731
7651
7741
8320
9067
8848
10408
8995
7823
8068
7497
7729
7600
7796
7746
8642
7334
9262
8108
9256
8972
9233
9558
8923
7884
7514
8694
7684
7533
8656
7695
8873
9261
9354
8603
7652
7895
8355
9283
8424
8459
7738
8337
7666
8028
7630
9056
7582
7806
8230
8901
8244
8705
8768
7545
8981
7475
7712
8781
8848
8610
8170
8737
7583
8065
8831
8009
8459
8778
8954
9286
8446
8635
9050
8779
9056
8493
8740
8798
7758
9165
8699
8431
8089
7551
7490
9206
8710
8534
8487
9237
8133
7851
8748
8629
8588
103964
7791
7795
7535
9027
8638
8841
9652
9238
7733
9039
8635
8007
9081
8353
8191
8231
8476
8059
9099
8391
8661
8647
7950
9063
8517
7728
8965
7706
8912
8678
7844
8756
8746
8890
7400
8744
9440
8620
8999
8641
8153
7666
9135
8266
7583
7567
7655
7574
8174
7624
7364
7548
9254
8395
8343
7974
7707
9302
9078
7974
9172
7844
7723
8281
7630
7689
8916
9011
8120
8442
9314
8558
7948
9051
8931
8784
7970
8501
9109
8159
8725
8107
9225
8819
8630
7534
8647
9096
7764
8946
8087
8804
9010
8758
9424
8215
8594
8478
8970
9189
8749
11665
7773
8142
7569
7891
8887
7531
8087
7815
8825
8414
9735
8817
7994
8881
8364
9235
7414
7942
8879
7820
9564
8328
7802
8888
9018
8604
9225
8756
9441
7678
8552
7835
7548
8800
9461
8291
8495
8658
7668
9201
9309
8938
8215
8448
8194
8846
8841
9339
9377
8012
8405
8386
7491
9127
8594
7851
8220
7392
8896
7713
8457
8025
8739
10155
8212
8805
9233
8766
7353
8214
8671
10322
7541
9022
8012
7943
9216
8974
8117
8808
9313
8891
8519
7964
8486
8020
8635
7976
8776
8046
8172
8885
8912
8654
8052
8801
7984
7574
9092
8986
8610
9779
8540
7384
8595
8476
7633
9646
8835
8753
7964
8471
8467
8798
8994
8597
9281
8095
8722
8383
8246
8867
7507
7969
8130
8048
9668
10978
10326
7768
8712
8502
7902
8737
8954
8364
8671
8068
8530
8386
9443
8676
8533
9512
7923
7788
8278
8841
9224
8949
7746
8251
8483
8786
9000
8456
8674
8297
8107
8476
8659
8374
7771
8655
7492
8861
9057
8219
8503
9128
8761
8034
7762
9996
7639
7794
8480
8487
7525
8935
7561
8999
8187
7622
7626
8615
8204
9227
8931
9922
99779
8287
7772
8948
8106
7902
7820
8160
8208
8471
8328
9246
8546
7914
7905
8733
8589
8338
8069
8997
9019
9676
8061
7590
9102
7820
9888
8948
8410
7590
8404
8998
9482
8873
8659
8551
8675
7444
7510
8553
8765
7593
9307
7897
8112
8407
9135
9181
8938
8112
8708
7982
7783
8448
9108
9117
8406
7510
8682
7507
8575
8767
8560
8928
8054
8815
8599
8628
17785
8424
8366
8671
7953
9076
9822
8812
7967
9343
8456
8400
8095
8121
8472
8115
7308
8936
7943
8096
9020
15651
8055
8200
8796
8835
7993
8032
7610
9363
7699
7547
8142
8126
7912
8657
9242
8004
8323
8241
8561
7642
7671
9835
8588
9208
8066
8207
7926
8073
8961
7752
8732
8377
8386
8204
7449
8138
8084
8346
8123
11550
9031
7550
8953
8173
8455
8235
8146
8006
8194
8648
8062
8744
8059
8312
8014
8838
7498
8066
8102
9161
8261
8498
8446
9058
8135
8465
8123
8257
7953
7271
8835
9813
9231
7638
8297
7714
7807
8394
8163
9084
7994
7372
8824
7852
8243
8061
9280
7951
7932
8081
7926
9087
8005
8657
8116
8235
7997
7610
8378
8196
8533
8039
8426
8611
9160
8217
8254
8271
8919
8620
8352
9228
8635
7814
8178
7866
7376
8234
7892
8201
7771
7690
7692
7432
8578
8032
7642
8117
8719
9324
8317
8367
8238
7671
8038
8654
8881
7561
9158
8926
8608
8020
8206
8541
7994
7804
8112
8024
8039
8634
9028
8082
8832
7896
8461
7930
8308
8634
7993
7496
8340
8453
7973
7778
9220
8235
8982
9379
9420
8029
8658
8948
9153
9061
8813
8071
8381
8249
8495
7912
8505
8122
7779
8730
8118
10080
8083
8135
7851
8613
8263
8494
8636
8325
7485
8103
7591
8919
7590
8820
8148
8146
7822
127314
7976
7433
7736
8696
8545
9246
8830
8363
7585
8605
8055
7802
10395
9518
8207
7967
8998
9406
8720
8375
9497
7442
7709
8670
7619
7609
8659
8764
9717
7730
8181
9443
8954
9281
8605
9461
7572
9073
7802
8092
8405
8087
8004
9200
8984
8881
8912
9382
7755
7982
8683
8912
7829
7907
7575
8020
7577
7415
8338
7981
9128
8521
8624
7584
8643
7620
8154
9282
7857
8259
9090
7712
9030
8937
9114
7934
8541
8901
8044
7692
8176
11061
8737
7891
8215
8654
8938
9400
8204
7562
7369
10533
9242
9507
9619
7988
8043
8478
8215
8826
8598
8569
17091
9550
8315
7975
7533
8686
8097
8225
8603
8000
9607
8170
7366
9417
8416
7390
8294
8092
7442
9188
8656
7630
9607
7644
7758
8049
7967
7481
7794
8766
8340
7846
7550
8287
7969
9400
8280
7789
8844
8613
7553
8581
8959
9104
7698
8499
8143
7592
9378
7512
8515
8855
8798
10882
8183
7932
8287
7842
7794
7782
7676
7299
8471
7322
8635
7754
9253
8757
7713
9353
8272
8361
9100
8466
8476
7619
8784
7805
8011
7882
8851
9400
9277
7959
8269
8061
7649
8893
8596
8819
8039
8769
7841
8831
9532
8712
7563
7512
7921
8611
8339
11475
8476
8249
8904
9579
9459
8863
7430
8352
8595
8051
9107
8629
8492
9131
8835
10455
9155
8114
7752
8631
8612
8973
8600
8242
7598
8634
8943
8632
9429
8565
8158
9609
9421
8528
8567
7760
8021
8783
7765
7891
8621
7733
7561
8216
8846
8500
8712
7939
8929
7697
7637
9246
8540
7971
8011
8597
8472
7490
8547
7580
8369
7861
7949
8353
9078
7632
8390
8015
9220
7724
7964
7622
8146
8177
7502
7553
7786
8588
7802
9400
9124
8273
7562
7414
9179
8012
7841
8164
122772
8382
8193
8202
9371
7702
8130
7792
7723
8051
7743
8103
8948
8486
7715
8954
8150
8443
7778
7658
8514
8373
8933
8989
10449
7678
8951
8475
7541
8661
7522
8816
9649
7993
8315
8634
7625
8155
8009
8844
7634
7953
8651
7955
9214
8620
7703
9592
8184
8711
8739
8005
8284
7692
7774
10381
7970
9435
7440
8284
8771
9374
8600
8701
9152
8723
7528
8005
9020
8405
7627
8945
7430
8573
7408
8807
8686
8148
7999
7565
7857
8334
8115
8326
8610
8421
9148
7813
8293
7938
9734
8186
8371
7558
8116
8241
7763
10338
7567
7630
8586
9201
9050
8334
8881
8940
9245
8798
9214
8865
8192
7863
8336
7538
7429
8964
9032
7810
7614
9658
8398
9020
8538
7448
8616
8153
7540
7975
9262
9177
9061
7388
11095
8752
7537
9117
7661
9018
8375
9002
8738
7425
8498
7424
8288
7722
8686
15558
8470
7841
8374
8760
7872
9208
8343
7634
9172
7419
8969
8193
8415
7962
8030
8864
7671
9211
8656
10182
9128
8287
7861
8132
9020
8200
9933
8883
8802
8055
7390
7755
7629
9221
8570
8643
8813
8532
8763
7882
8616
9128
17746
9528
7582
8230
7410
8559
8045
14936
8126
9374
8675
7939
9879
8869
8491
8220
7341
7593
9129
9196
9456
7902
7490
9071
7871
17140
9243
9118
7787
7546
8661
8451
23759
7662
7701
8216
8264
7537
9030
7808
9415
7997
7383
7829
7289
11008
8384
7559
7597
7936
9260
9149
9231
7517
9235
8422
8574
11417
8517
10041
8851
7497
8330
8081
8535
7917
7901
8906
8117
8009
8376
7549
7637
10149
8515
7810
7512
8271
8560
7959
7730
8895
8095
7555
8209
9039
7598
9200
7946
8815
7861
7331
9212
7671
8623
7830
10805
8373
8623
9657
9228
9205
9215
62766
9008
8546
7695
8155
7772
8056
8796
8138
7869
8510
7497
8929
7598
8783
9046
8081
8302
11390
8462
7624
8040
9824
7570
7976
8611
8535
8331
7734
7940
7694
9218
7492
7687
8717
7692
8770
7895
8420
8246
8352
7472
8587
8167
8263
7987
7557
9400
7592
7496
8616
9148
8969
7336
8025
8999
8706
7479
7609
9020
9241
9010
9199
7851
8342
7389
7497
7514
8988
8845
7443
10197
8966
8090
9181
11091
7518
7400
7534
7473
7725
8924
9815
8907
7801
9153
9041
8974
9278
7435
7611
8720
8374
9967
8729
9095
7772
9048
7413
8584
9029
8975
9180
7965
8812
8844
8979
9035
7714
7975
7477
8061
7600
8287
8838
9081
9021
7836
9041
9110
8887
7484
7718
9089
7394
8041
7634
8864
9121
7615
8902
10107
8508
7488
8372
8969
8994
8791
8694
8557
8043
7874
8988
7792
8776
8673
14583
8235
8640
8808
8146
7792
8015
7851
9422
8651
8872
7507
8441
7452
7381
8307
8817
8877
7231
8370
8812
10072
9024
9026
8826
7368
8823
8649
9063
8959
9205
9613
8093
7487
7378
8384
8757
9114
7410
7385
8544
8810
9142
8630
8732
7882
7976
9181
8633
8701
8158
8681
8712
7659
8054
9001
8875
9073
10310
7499
8001
8516
9120
9251
10482
8213
7801
7968
8180
8631
8688
8817
7916
9194
7224
9014
8823
8492
8822
8533
8724
7671
8394
8087
7524
8640
7701
8478
8995
8831
8759
9138
8663
8158
7630
7569
9067
8977
8437
8379
7429
9502
8691
8406
8599
8010
8457
8255
7732
9231
9810
8815
8882
9382
7731
7759
9099
7403
8773
10697
8445
8215
7486
8505
8751
8716
7862
7474
10264
8472
9189
7883
8603
7471
8972
7804
8010
8616
8464
8768
7872
8392
7875
8506
8655
8912
7463
114046
9176
7583
8127
8015
8146
9899
8392
8074
7444
7582
7916
8641
8888
8007
8375
7805
8647
8320
7756
8052
7746
7853
7839
8525
8658
7572
7666
8346
9017
7535
8653
8774
7931
8618
8271
7825
8192
8132
9484
8618
8069
7745
8415
8580
9394
8739
9092
8378
7969
7913
8683
8304
8939
8841
8790
8626
7602
8625
8612
8624
8583
8621
8031
8045
8736
8246
8825
8903
8882
8221
7512
8847
8764
8451
10856
8868
8625
8622
8817
9002
9490
7436
8514
7765
8254
8893
7496
8697
8607
8541
8184
7927
8359
8573
8602
8007
8524
7150
9439
8762
8861
8575
8334
7525
9719
8283
8916
9082
8808
8225
7953
8822
8623
8620
17871
8145
8131
8257
8695
8543
8654
8556
8234
7266
9121
8516
8602
8656
8476
8900
7870
8126
8499
8666
9832
8939
8689
7871
7492
9095
9969
7488
11272
9056
8277
8589
8756
8840
8865
7688
8313
8351
8121
8904
9120
8743
7762
8098
7865
7976
9086
8916
9056
9299
7949
8364
8630
9239
9028
8674
7333
8777
9810
9028
9328
8680
7658
7376
7997
8635
9103
8656
7558
8763
7312
8599
8876
8866
10113
8596
8579
7389
9058
8686
8439
9565
7538
9045
7752
9348
8921
7385
7553
8466
9435
8371
7752
8024
9671
9429
7615
8600
7620
9092
8666
8388
9879
8556
8113
7671
8163
8892
9020
8774
7266
9820
8358
7685
8760
8577
9763
7835
9817
8800
8389
9025
10117
7771
7789
7990
8758
8899
8940
8667
9725
8525
8654
9399
8928
8809
8800
8778
8976
8311
8602
8239
8653
7545
8769
7430
9058
8559
9506
8781
8723
8734
7355
9259
8870
8903
8680
8928
8219
7752
8483
8335
8404
8616
7610
7992
7179
7895
8899
9396
8807
7788
8075
8430
9284
7713
8045
7881
93602
9165
8309
8558
9702
9058
8640
8535
10084
8535
7630
8539
9005
8699
8582
8699
8572
8785
8662
8804
9578
7421
8397
8364
8772
7865
8528
7521
8660
7502
8502
8428
8933
8211
8615
7633
8035
8861
8539
8823
8045
9417
8261
9338
8830
8804
8628
8805
8613
7500
8955
8807
8753
8695
9613
8882
7323
8779
8916
9002
9400
9199
7925
7458
9337
8697
8946
8609
8594
8584
8620
8416
11036
7891
8956
8661
8603
8166
8107
9655
8933
8428
8777
8760
15179
8254
8523
8874
8724
7671
8216
7425
8015
8758
9005
8861
8551
9093
8184
8226
8577
8958
8829
8599
8406
8894
8596
8360
7454
8556
8924
9499
8627
7783
8605
9189
8622
8405
8613
8973
8572
8846
7628
8726
7706
8907
8738
8731
8581
8380
8692
7778
7981
8426
8596
8612
8794
8119
8605
9005
8596
9084
8682
8791
8430
7370
9112
8800
9884
8615
10943
7331
7693
9036
9033
8477
8742
8233
9092
8145
8864
7511
8984
8417
7786
8681
8543
7472
8796
9029
8448
8136
8886
7728
8856
8733
8859
8815
8561
7764
8537
8407
8084
8649
8050
8573
7897
7884
8899
8292
8020
7834
8408
7528
7569
9138
9137
7488
7577
7710
11135
7899
8925
11482
8974
7812
7743
7615
8849
9104
7999
11492
9316
8689
8397
7926
9021
8009
8161
11838
8454
8189
8604
8425
9115
7682
8497
8524
8869
7965
9173
8786
8254
7679
8506
8887
7637
9190
8003
8375
9078
7667
9261
7490
10073
8665
8472
8128
9861
8974
8941
7218
7759
7552
7302
8755
8558
7541
8925
7509
7593
7822
8035
7396
9102
7829
8699
7625
8199
8835
9043
9834
8800
9133
7613
7738
7885
7774
9838
7991
7819
8352
8630
9764
8497
8966
7367
8816
7902
8055
9029
9038
9889
85115
9407
7574
8076
8195
9846
8673
8594
8117
8646
7999
8848
8499
7503
10821
8868
7701
8389
8547
8339
9843
7732
8424
7685
7924
7529
7588
8458
8392
8398
7328
8212
7712
7831
8445
8606
8444
7401
8550
8015
9047
8399
8337
7662
8768
7774
9703
9375
8300
7286
7726
8165
8594
8274
9006
7553
8430
7610
8107
9123
8020
7743
7519
8665
8008
7975
9164
7732
9110
8096
8554
7988
9740
8588
9426
8788
7776
8652
8372
8020
7776
8420
8715
8414
8914
8931
8524
8191
8215
7885
7450
8140
8655
7580
7733
8278
7507
8215
9600
10404
7908
8129
7820
8055
8737
8235
8035
9320
9322
9374
8297
9628
7835
8416
8767
9646
9395
8633
8615
9567
8543
8656
8834
8376
7795
9008
8267
8222
9874
8542
7611
8028
9015
8091
8195
9064
9714
8894
8368
8950
9380
8800
7676
10507
7640
7446
7671
8184
8986
9007
7609
8251
7755
8153
9226
8346
7655
7430
10158
8184
8203
8916
8517
9923
8172
7612
8558
9246
8437
8953
7775
9762
8420
7429
8230
7512
8548
8386
7303
9030
9726
7794
8880
7917
7754
7786
7589
8254
8798
9084
8468
8627
7655
9035
7664
8939
9358
9808
7651
8454
8186
7851
7861
8569
8488
9110
8443
8215
8615
8760
8294
7745
8044
7370
9127
8025
8694
7509
8784
8005
8035
8606
7726
8439
8671
7941
8678
10923
8719
7734
8644
8688
8121
9357
9076
7985
8181
8572
7594
8044
8074
8734
7859
7971
8774
7507
8006
9238
8008
8536
7520
8009
7460
7915
9009
7856
7732
8269
7771
9299
8548
8174
8649
8010
7613
8152
7656
7496
7435
9380
8140
8241
7753
7485
8323
9209
10069
8348
8422
8286
8176
7982
9425
8084
7974
8092
8346
8978
7860
8016
8174
11524
8738
138752
7758
8171
8923
8172
9624
8211
8881
7583
7491
7793
7899
8626
7953
9155
7662
7772
10180
9460
8789
8041
7813
7497
8158
9269
9671
9056
8154
8112
8736
8801
7992
8896
9994
8541
8198
9164
7889
8107
8282
8190
8344
8259
8424
8254
8854
8187
8948
8091
8639
9029
7762
8798
8338
7548
7570
8444
8564
7683
8005
8094
8753
9319
7505
8900
7394
9926
7426
8602
9025
8199
8660
9759
7652
10032
8415
7411
7335
7961
9046
8157
8333
8748
9016
8179
9755
7427
8850
8978
8533
8646
8428
7632
8820
9232
8933
8443
10044
7753
8088
9119
9094
9471
7504
8676
7963
7967
8553
8834
9855
8175
8660
14163
8389
8640
8560
8554
8550
7511
9023
9010
8696
10128
8784
7592
8636
10328
8133
8618
8946
8711
7967
8095
8855
7719
8923
8866
8726
8429
8588
8501
8755
7571
11050
8903
8989
7996
8977
7867
8769
8442
8997
7440
8497
8916
9137
8789
9202
8543
7321
8342
9696
8792
9785
7284
7666
8279
9077
8700
8334
8813
7676
8053
8651
7977
8736
8282
8966
7495
7548
9387
8517
8661
8036
9024
9017
9015
8418
9026
8813
9414
9978
7400
10002
8620
7697
8524
9241
8761
7523
8234
8666
8757
8737
7451
8637
9477
7699
8366
7984
8142
8265
8025
7794
8318
8744
9021
8600
7667
8745
7549
7764
8675
8792
8906
8353
8366
8310
9867
9017
8613
8809
8411
7369
8867
9197
7921
8479
8943
7504
9085
8728
7870
9153
7777
8837
8348
9156
9692
8820
8637
8686
8554
8574
9553
9108
9040
8395
10254
8189
8736
8083
8710
9118
8606
7508
7533
8546
7542
8715
8887
9056
10653
8820
8199
8825
9125
9022
8974
7425
8687
8460
7837
9540
9064
8635
8124
7947
8050
9084
8920
8382
8620
78675
8058
8637
8661
8374
9297
7876
7969
8767
7517
8284
9039
8519
8353
8198
9008
7776
8337
8093
7892
8038
7461
7556
7771
9100
10967
7508
7907
8314
9085
7939
8476
8384
8912
8195
8456
8392
8035
8618
7928
8894
8976
7294
9137
7994
8543
7974
8630
8195
8632
8277
8249
7916
8156
8043
8411
7749
9086
8403
8209
8354
8254
8145
8828
8734
7912
9439
7621
7992
9028
7625
7444
8158
8059
8035
7532
8025
7702
9307
8230
8400
8203
8087
9044
7947
8815
8096
7980
8204
10039
8620
8299
8343
8684
8728
8173
7502
10340
8743
8194
8520
8738
9107
8650
8681
7782
8787
9073
8335
8298
8197
8146
8658
8831
9035
7814
8969
8576
8495
8010
9015
7780
9246
8609
7474
9284
8092
7498
7556
9081
7591
8108
7452
8861
9316
7705
8204
8153
8453
8062
7911
8928
7685
7784
8808
8266
9092
8625
8739
9097
8263
8271
7861
10400
8779
7878
9094
8356
9237
7727
9225
8165
9109
8966
8220
7764
8721
9178
8212
8046
8490
7397
8296
8335
9095
8328
9046
8181
7585
8554
8295
9883
8739
8895
7510
7860
8630
9059
8846
9613
8512
8709
8080
8910
8431
8935
8657
7411
8702
8110
7672
8839
9705
8513
7753
8996
7461
8903
8862
8852
8617
8589
7892
7643
8537
8866
8522
10374
8033
8301
7528
7651
9269
9197
7533
8502
8230
9112
8214
7531
7974
9065
8549
7625
7571
7573
9130
7949
8979
7666
8148
8917
9066
7945
8720
7396
8090
9116
8557
8826
7754
7785
7569
8048
8301
9038
7636
7758
7589
8821
7370
8641
9020
7798
9061
7344
8111
8394
8602
9040
7588
8800
8417
8041
7410
7598
7507
7463
9039
9029
8666
9348
9299
9056
7679
8996
7666
9641
7743
7686
8908
7511
8601
135824
8494
8594
8140
8294
9107
8605
9109
8461
8147
7720
10081
8131
8544
8158
8442
8615
8819
8014
8927
8264
7609
8365
8287
8571
7973
9148
7399
7305
8075
8539
9185
8946
7593
9198
7915
8854
9000
7826
9041
9372
7796
7773
9834
9125
8499
8229
8256
8929
8656
8354
8508
10516
7762
9244
8616
8416
8521
9020
7823
9590
7969
7590
7784
8918
8631
8695
8743
7925
9408
8007
8220
8606
9234
8761
7649
8394
8536
7897
8821
7500
9304
7783
10102
8599
8290
9010
8537
8471
7816
7528
8631
7641
8820
7583
8586
8249
8802
8710
7590
8714
9143
8997
8625
9968
8779
8204
8012
9363
8625
7388
8998
8634
8033
8825
9226
10464
8882
8935
8615
7824
8527
8956
8914
7792
8953
9818
8817
8665
8419
8619
8025
8116
9266
9194
8725
8981
7779
8333
7952
9853
9219
8800
8655
8496
8127
8558
10000
7914
9251
7733
7952
7359
8967
8578
7566
9104
7333
9298
8089
8745
8984
7618
9014
9015
8847
7384
8379
8830
7502
7394
7874
8951
8989
7512
9085
7629
8931
8520
8393
8415
8748
8559
7774
9699
8381
8465
7338
8566
8456
9187
9056
8397
8092
9091
9237
7737
7687
8757
7947
7480
8958
8455
8867
8240
7826
7750
8295
9000
7807
9116
8318
8421
8630
9169
9188
9276
9047
8430
8155
8190
8551
8451
8978
9109
7395
9300
8073
9200
7570
10036
9163
7733
8372
9060
9347
9917
7646
8425
8164
8977
8907
7700
9277
12017
8225
7890
7400
7472
9179
7387
8239
9825
7408
7774
8868
11292
8748
8269
9164
8498
7731
8997
8589
8422
9323
9315
7796
8283
10296
9305
8705
11639
8984
8483
7523
8892
9550
8753
7682
8527
7790
8324
8907
9242
8821
8179
8004
8189
9092
8788
9225
8844
86299
7622
7772
9367
7478
7544
8642
9117
9102
8491
8618
8473
8989
8184
7987
10506
8050
7923
9278
7954
7852
8825
8982
8773
8115
7723
7691
9056
8071
7465
8348
8917
7415
8143
8400
8651
8072
7553
8236
8153
8141
8688
8205
7953
8563
9025
7972
9365
7515
8175
8194
7821
8687
8117
7653
7934
8596
7931
8200
8934
8563
9202
8271
9263
8687
7608
8687
7840
8381
7971
7948
8509
8576
9183
7778
8073
7680
7874
7764
11266
9093
7858
7289
8525
7225
8125
7407
9298
7919
7392
8665
7811
8571
8060
8585
7952
8249
7835
8675
9255
8005
8825
8471
7668
8632
8671
7521
8610
8685
8799
8007
8541
9070
8342
8594
8845
8739
8186
9411
9789
9030
8764
7453
8759
8770
8020
7586
8074
8959
7643
9541
7621
8994
9724
8595
8620
8025
9059
8434
7821
8831
8993
8562
10318
8302
7867
8597
8697
9175
8732
7571
8841
8848
8206
8769
9564
8682
8032
9379
8548
8076
8435
9192
8723
8212
7705
9048
9038
9076
8751
8706
8028
7440
8635
9787
9419
8671
9490
7471
8936
9042
9009
8384
8302
8963
7774
8832
8697
8635
8528
7806
9731
8081
8639
8811
10395
7707
8571
9056
8400
8818
8964
9220
7839
7370
8767
7559
9077
9019
7510
7370
8843
9076
8363
8222
8776
9037
8421
8841
8816
9037
7937
8654
7498
8615
8377
8928
8520
9058
9595
8198
8801
8256
7612
8611
7778
8609
7431
8717
7892
8415
8630
7661
8853
8903
8904
7286
7999
8377
8693
8873
8356
9119
8577
8535
8520
7955
8584
7753
9206
8558
7703
8392
8268
9024
8071
8420
7935
8348
9529
9188
11010
7775
8226
7793
8823
8657
8855
9282
8305
7476
9661
9056
8614
8677
8744
8364
7994
9051
7629
8634
9205
8789
117944
7757
9030
8713
8287
8135
8246
9035
9024
9278
7912
8697
8913
8699
8239
7721
8361
8210
8682
9091
8418
8071
8054
7733
9111
9178
9200
8572
8093
7751
8271
8009
8825
8762
9719
7503
7433
8941
8020
8768
9293
9017
8497
8646
8810
8865
9237
8446
9384
8204
7558
9015
7807
7782
8479
9000
7769
8871
8978
9640
8748
7769
7589
8451
8692
11721
9690
9045
9019
7393
8188
9055
7445
9562
9056
11487
9002
7776
9297
9141
7669
7489
8046
7830
7282
8174
9117
7589
8997
7733
8343
8182
9072
8949
7790
7494
7570
9212
8864
9070
8987
8950
8897
8196
7975
9194
8401
7377
8617
9008
7994
8004
7528
8350
9046
9658
9474
8968
7791
8628
7813
7662
7750
8996
8502
8901
9874
9264
8579
9073
9937
8680
8315
8389
8919
9203
8225
8024
8668
9092
7673
9651
7835
8357
8155
8613
7756
9041
8615
9005
8255
8616
7467
9170
8293
8974
7632
8392
8866
8010
9366
9876
9200
8435
8626
7891
7610
7669
8153
8682
12409
8930
9692
8966
7977
7783
7507
8838
8321
8740
7616
8576
8712
9175
8585
7494
10063
9311
8219
8800
8252
7553
8476
8457
9219
8446
7553
8228
9424
9136
8057
7533
9369
7991
7774
8396
8309
9749
7994
9974
8548
8871
8248
8133
9019
8241
8200
7536
8629
8466
9713
7896
8728
7969
8271
8430
8682
8481
7368
8015
8438
8723
8069
8956
10330
8398
7774
7765
8845
7791
8200
7972
9109
8707
8240
7725
7551
8838
8612
8151
7626
8385
7461
7558
7782
9008
9096
7874
8406
8917
7479
8923
9227
9117
8736
8093
8044
7942
8744
8579
8814
9154
8230
7736
8353
7866
7394
8328
9137
8384
8887
7750
8825
9458
8531
9235
8333
9099
9148
8775
9097
8438
8964
94267
7910
7747
7502
8157
10087
9123
9509
8052
7995
7399
7567
8857
8001
7371
8776
7343
8224
8678
9052
7957
7532
7982
7282
7908
7981
8316
7746
7988
8476
7389
7954
7338
7452
7599
8082
9009
8318
9020
7690
9045
9106
7953
9237
9125
8825
8919
7535
9037
8283
8717
8724
8721
9076
7861
7440
10508
8087
7400
7823
9186
8809
9076
7611
8265
9961
9189
8888
8594
10953
9158
7782
8794
8250
8514
7304
8343
8296
8305
9107
8014
8128
7748
8875
7712
7943
9085
7552
8868
7509
7872
9041
8781
7528
8907
9108
7970
8333
9200
9137
10215
8879
8997
8793
7896
7352
7612
7560
9059
9105
7935
9235
7420
8381
8985
9272
9034
8421
9092
8358
7459
9263
9300
9999
8548
9179
8295
8380
8811
11153
8933
8655
7666
8995
8436
8663
7530
9041
8164
8772
9041
8512
8744
7374
8814
8652
9168
8769
9113
9202
7653
8924
8476
9086
8476
9003
8348
8026
8830
8714
7513
8937
7692
8656
8505
9109
8861
7852
8845
9158
8444
7310
8610
8415
8351
9237
8743
8904
7955
8381
8487
9189
8887
9193
8880
7492
9246
8779
7623
9656
8697
9120
8540
7597
8118
7610
8451
10707
8816
7548
8590
7753
7594
8845
7520
8800
7668
9088
8996
8692
8418
8855
8779
7627
9803
8641
8630
9194
8317
8394
9922
8283
8694
7558
7731
8666
7789
8825
10261
10081
8384
7873
8495
7832
8485
8123
9153
8752
8571
7650
8284
8969
8649
8811
8310
9019
8712
9115
8736
7635
8661
9743
8494
9442
9336
8846
9108
8777
9249
8955
8214
9523
8928
9261
8854
8573
8094
7859
7936
9076
7661
7974
7612
8649
7989
8351
8743
8711
7451
8446
8574
8317
9122
8876
9202
7989
7343
7874
7769
9066
8958
9029
8682
99246
9229
8140
7790
7994
8015
8531
7588
8169
7929
8072
8043
7752
8005
8032
8411
7600
8138
8021
7675
8227
7516
9148
8273
7965
8466
7723
9019
8614
7617
8939
7900
9595
7830
8313
7607
7819
8215
8393
8071
8426
8089
8628
8476
8189
8756
8990
8113
8041
7386
8329
8123
8864
8202
8353
8047
8213
8634
8448
8759
8115
10103
8355
7451
8962
8041
7934
7932
8107
8137
7975
8056
8716
7794
8598
7305
8808
8205
8466
8619
8849
8860
7556
9148
8440
8414
8831
7589
8889
7917
9289
7845
7548
8777
8610
8415
10020
8297
8863
8904
8655
7618
8746
7705
8937
8976
8156
8947
7811
8596
7993
8382
9882
7629
8950
9945
8815
9329
8796
8592
7867
8779
9432
9039
8450
7574
9007
9108
8855
7751
8292
7584
9230
8641
7776
8835
7394
8983
9399
7464
7810
8297
8667
7766
9004
9035
8586
8795
8905
8720
8246
7815
9839
7461
8667
8147
8574
7653
8663
7911
11343
8235
8190
7976
8128
8800
9066
7530
9826
9172
7475
8502
8333
8623
10000
8786
9302
8594
8456
8262
9072
8374
8679
9158
8553
7878
8995
8000
8919
8667
8174
8198
8030
8127
9016
8254
8816
8545
9890
8056
7558
8584
9034
8754
7283
8694
7831
9108
8099
8276
8685
8414
7599
9820
8426
8871
9133
8814
8128
8955
8835
8082
8905
8644
11432
8077
8798
9507
9106
9742
7696
8560
7569
8796
9292
8998
8824
7695
7555
7910
9327
8840
9078
8787
8264
8517
8160
8574
9715
8842
8861
9136
9950
8374
8197
8698
8558
9543
7674
9087
7650
7581
8764
8117
9745
7990
7812
7979
9295
8716
9020
8835
7229
9230
9046
9327
8676
9276
8671
8434
7813
8555
8026
8825
8234
8861
7769
8153
10792
7707
8394
7789
8719
110517
8725
8350
8265
8655
8192
7866
7528
9151
8636
9200
8076
8263
7952
8005
9256
7724
9622
8134
8580
8085
7985
8272
8696
8410
8919
9621
7868
7329
8075
7865
8558
9212
8210
9242
7864
7569
8174
8368
8893
7744
8044
7515
9066
8146
8436
8203
8007
8143
7449
8416
8237
8267
8001
8212
8074
7762
7929
8186
10053
8279
8230
8102
8600
8483
7989
8156
8025
7594
8662
9251
7734
7593
8670
8187
8596
7661
7389
7770
7639
8298
7916
8515
8900
7814
8666
7949
8834
8092
8553
8666
8158
8769
8403
8348
7960
8035
9297
8048
9143
8206
8783
7940
8494
8558
8080
8579
8188
8610
7994
7741
9135
8898
7948
8453
8675
8350
7465
8958
8076
8205
8012
7553
10548
7501
8005
8308
8113
8358
8125
8648
9088
8100
8092
8351
8571
8578
7993
7475
9425
7981
8784
8984
7839
9609
7990
8455
7980
8943
7992
8463
8279
8310
8201
9763
9476
8775
8287
8784
8255
8412
8233
9316
7917
7351
7689
7901
9452
10209
8053
7886
8073
9190
8394
8463
8221
8541
8102
8511
8480
8006
8330
8143
8076
7830
7993
8607
8130
8257
8343
7381
8145
8630
9137
8158
7809
8020
7911
8915
8185
8643
8196
8678
8484
8534
7672
7996
8330
7960
8272
9205
8011
9205
8257
8984
8219
8373
8153
8486
9719
8325
8633
8214
8390
8799
7206
7364
7988
7965
8715
8715
8033
8256
8342
8614
8635
8072
8376
7989
7850
9331
17133
8578
8178
8883
7989
7606
9009
7994
9128
8246
9224
7826
7683
7617
8175
7971
8185
7555
7911
7527
9326
8224
8359
7991
8398
8644
8308
8810
8056
8174
8338
7403
8164
8860
8551
8195
8297
8183
7781
8654
8230
9396
7851
8127
8035
8892
8387
8000
8620
8300
8297
8116
128810
7471
8584
8707
9215
7702
8132
7625
7919
8634
8303
8196
8979
8605
7493
8057
7560
10118
7708
8058
8480
8124
10197
8618
8693
7729
8636
7941
8216
7805
7835
8737
8642
8194
8377
8015
7738
8084
9719
9197
8393
8074
8338
9164
7573
8772
8001
9118
7662
7435
9086
7625
9194
9005
9430
8327
8298
8810
7700
10193
8374
9296
7653
8600
8641
8405
8689
8578
8066
8866
8002
7973
8246
7528
7815
7929
8082
8204
7824
8354
9134
8035
8492
8194
8572
7645
10087
8148
8376
7651
8382
8511
7899
8277
9052
7988
8436
7908
8040
7992
7773
7989
8675
7760
8676
8204
8789
7749
9166
8073
7805
7723
7586
8474
8197
7616
9189
9717
9182
8625
9225
7892
8000
8389
7510
8045
7758
7804
8559
7990
8313
8696
8222
8343
7652
8353
8667
8819
8415
7643
8497
8668
7590
8169
8871
7999
8090
8025
9375
7833
10138
8664
7886
9001
7599
8405
8396
7646
8408
7600
8749
9063
9255
7656
8753
8391
7564
8537
8321
8574
8635
7579
8594
7993
8113
7532
10600
8108
7792
9689
8715
9184
8520
7743
8056
7489
8784
8221
9251
7541
7496
8990
7753
8886
7613
7551
9579
8292
8523
8421
8112
8487
7896
8455
7758
10023
9068
9248
7779
10419
9268
7330
7616
8246
10462
8537
8458
8172
8219
7889
7794
9971
8516
9097
14930
7932
8814
7600
8880
8646
10379
8415
8794
8061
7786
7602
8328
9728
8637
7723
9178
8057
8741
7925
7913
10123
8800
7937
8054
9201
7582
8269
9261
8254
9139
8312
8156
7629
7676
8103
7805
8567
8001
9254
8371
8222
8820
8072
8413
9166
9242
7991
8605
8911
8156
7698
8174
8844
10234
7751
7641
7753
9481
9010
7651
8342
8037
7721
7467
8796
9066
9237
8869
131836
8502
8441
9051
9103
7572
8964
7338
8405
8041
8229
7738
7796
9241
8591
9271
7330
8094
7874
9374
8610
7566
8596
7998
8692
9164
9087
8798
8612
9217
8629
9523
8636
8798
8782
8706
7911
8864
7994
8912
10035
8738
7886
8553
8189
9015
9613
8588
8912
10283
9361
7361
8432
8500
8595
9013
8505
8615
7723
9290
8615
8958
8825
7858
8396
8786
8767
8117
7626
17007
8155
8004
7835
8402
9340
8351
8463
8723
8087
7553
10403
9575
7948
7550
8643
8595
9145
8980
8230
8221
8117
8468
8243
8610
8878
8583
8342
9436
7794
7612
8156
8915
7994
10040
8404
9082
7540
9217
9022
8415
8189
8060
9025
8756
9115
8315
8607
9317
12854
7691
8699
8364
7723
9177
8339
8207
7923
9190
8015
9024
8451
7322
8407
7584
9241
8830
7334
7825
8410
7988
8234
7849
8532
7748
7934
8800
9030
9822
8978
8429
8023
8266
8739
8216
8651
9681
7815
7326
9030
8717
9577
8763
9054
8184
7514
8419
8834
10096
8978
9133
8536
7638
7641
9157
8153
8632
8375
8240
8496
8585
8812
7572
9058
8535
8659
7271
8241
7405
9035
8698
8958
8796
7569
8274
8663
8778
8815
7347
8513
9598
7664
8021
9191
8807
7932
7895
7887
7728
8484
8700
8703
7743
8857
7774
9753
7894
8559
9159
8515
9019
8984
8915
8657
8789
8830
8257
8337
8879
8452
8380
8469
8831
8498
7577
8889
9202
8562
8450
9012
7730
8683
10709
8660
8593
8439
8723
7405
8234
8788
8857
8621
8619
8494
8133
8082
8776
9070
8964
8589
8946
7189
8776
13988
7574
9178
7383
7444
7324
8086
8415
8898
9105
9361
8357
8098
8743
7602
7789
8835
7565
8344
7635
8879
8578
8997
8754
8318
8014
8883
8527
8595
8117
8670
88244
8890
7663
8699
8929
8754
8033
7929
9679
7610
8896
7937
10830
9156
9058
9229
8569
7579
8104
7748
8695
7410
8748
8215
8020
8004
8714
7951
7741
9015
7668
8438
8319
9034
8041
7968
8293
8040
7913
7733
8548
7764
8046
9200
7897
8456
8046
8034
8230
8328
8929
7921
8218
8124
7734
8192
8184
8659
7779
8031
8137
7533
8958
7603
10094
7819
8571
8152
8280
8486
8073
8712
8036
8575
8102
7669
10467
7630
7594
8153
9035
8251
8220
8827
8312
10051
8048
8712
8408
8149
9406
8102
8539
8504
8969
9087
8611
8733
7888
8753
8023
8282
8324
7813
7556
8200
9420
7984
8432
8164
8235
8361
7924
9607
7989
8349
8818
7585
7569
8056
7966
8064
7221
7863
7698
8742
7975
8317
8124
8195
8062
8313
8408
9025
8375
7909
7571
7408
7725
8575
10776
8798
8127
8027
9361
8133
7897
8805
7958
8066
7333
8032
8036
8132
9015
8216
7779
8051
9320
8703
9500
7957
8092
9318
8345
8218
7778
7748
8097
8301
9120
8392
8143
8546
7914
8015
8678
8523
7609
7500
8119
8337
8899
7974
9160
7343
9060
8365
8219
8037
9459
8502
8311
7731
8029
8572
8735
8969
7757
7928
9238
7815
8757
8066
9796
9266
8170
8381
9087
8780
7752
8423
8465
8211
8815
9148
8981
8120
7306
8031
8001
8528
9034
8455
8018
8800
8616
8036
7983
7784
8667
7960
8408
7769
7917
8225
7953
18200
7792
8779
8478
8216
7934
8224
7982
8246
7701
8212
8057
7610
8833
7641
8827
7789
9042
7948
8595
7682
8477
8280
9282
8561
7969
8657
9882
8816
7720
7824
11538
9018
7851
7913
8652
7499
8025
8324
7829
7974
7980
8208
7753
8025
8004
7651
8373
8760
7803
8951
8279
7866
9358
8285
7761
141281
8217
8363
8998
9095
9039
10154
9270
7620
7623
9138
7770
7777
7785
8184
9128
7743
8015
7962
8762
7698
7635
8212
7997
9021
7456
9043
7752
7982
7972
7820
9160
7917
8466
8803
7950
9349
9136
9584
8581
8538
8460
8755
7617
9067
9167
8245
7972
8654
8198
8161
8102
10152
9001
7590
7705
7517
8159
8030
9056
8196
8577
8876
8354
8285
9161
8422
7857
7852
8675
7637
7830
8071
9289
8130
9188
7780
7482
8383
9055
8201
7610
8134
9772
8754
9498
9117
8699
8055
8180
8719
7603
8153
8087
8448
7589
7979
7629
8820
8923
8434
7967
8047
7894
8953
8574
8897
8293
7706
8092
8347
7621
9019
8627
8637
9355
7408
8158
8512
8917
9085
7408
7888
9241
8492
7689
7995
8681
8847
8486
8452
9276
9044
8589
9240
9786
7773
8393
7701
8436
8451
9257
8548
8637
8079
8718
9023
8902
9083
8633
8631
8988
8681
8592
8368
8957
8540
7730
8401
8606
8584
10660
7692
9019
7856
8685
8717
10163
7991
8784
8633
8336
8066
9037
8992
8879
12986
8172
7886
8831
9047
8965
8681
10024
7881
7436
8405
9067
10077
8759
8154
9230
7612
8615
8653
9215
8615
7348
8830
8495
9063
8800
8612
8663
8198
8153
7655
8585
8800
8814
8849
8232
9992
7520
8999
8876
7569
9042
7601
8811
8791
8000
7349
9097
8915
8285
8372
8678
8948
8822
7452
9863
7875
9010
8907
8941
8646
9071
9066
8374
8917
9020
8631
9055
8629
8764
7357
8480
8958
8699
8914
10757
8763
7697
8938
9000
8953
8938
8470
8009
7407
9108
7701
8811
7870
8338
7418
7372
8779
8227
8315
7820
8176
8223
8128
9276
7699
9210
7555
8585
8265
9186
7983
9149
8399
8254
8152
10185
8127
8501
7410
8072
8511
100358
8440
9301
8738
8624
8415
8607
7849
9200
7676
9552
7958
9161
8193
9435
9237
8177
8844
8350
9135
9217
8092
8723
8296
8868
7588
9076
7636
7385
8938
7609
8429
8494
8690
8997
8051
7716
9028
8791
8704
8973
8419
7566
8038
7530
8825
7658
7902
8168
7265
9144
9015
8114
9331
8643
9076
7543
7772
8114
8712
7207
7593
8420
7855
7495
7241
11902
7866
7753
9126
8024
8425
8769
8842
8506
7369
8890
7348
7432
8938
8278
8395
9233
9157
9049
7717
8033
8594
8865
7994
8446
8658
8985
8834
7973
8772
7264
9256
8115
9043
8394
9021
8893
9356
8632
8623
7915
8723
9210
8678
7451
7713
8690
8221
8794
9085
9013
7646
7808
8946
7633
8329
7579
8497
8828
7926
8712
9149
8592
8595
9870
8781
8602
8673
8777
8600
8015
7616
8061
8938
8512
8880
8614
7614
8309
8837
8828
8443
8739
9678
8003
9053
8505
7493
8473
7555
8542
7471
8276
8728
7491
7778
8509
8507
8676
7724
7482
8531
9064
7610
8773
8005
7453
9601
8841
8621
7871
8776
8807
9158
8389
7482
8800
8564
8276
8309
8032
8774
8257
8643
10600
9158
7855
9043
9952
8254
8890
8313
8876
8043
8948
8528
7690
8581
7521
10866
7381
7651
9087
8805
8518
8044
8092
8697
7911
8696
8978
8775
8268
9009
9301
7540
8694
8733
8636
8694
8530
8659
9162
8620
8682
8555
8361
8560
9469
9123
9038
7569
8712
8217
8198
8686
7960
8723
7970
8005
7971
8383
8620
8432
8599
7710
8854
7247
8902
8849
8845
8833
8781
8420
7543
9243
8608
7447
8584
8561
8424
9078
9294
8628
8635
8615
9435
8874
8818
9059
9131
8533
8614
7234
8398
8579
9194
8924
9989
8517
7329
8675
8487
9170
8866
8858
9877
112343
7619
7401
8975
8787
8804
8710
8166
8384
7651
8451
8925
7798
8675
8439
9055
8176
7493
8896
9023
8423
7769
8194
8461
8918
8539
8497
8466
8349
8897
9932
7482
8200
9238
8570
7491
7793
9701
7376
8963
9059
8610
7610
7576
8634
7595
8778
9311
8805
8291
9198
8945
8320
8548
8813
8412
7349
9208
7792
9090
8779
9619
7599
7362
7917
8796
8917
8600
7340
8678
7583
8688
8820
9066
8968
7473
7776
7738
8423
8671
7596
8835
7847
8000
8670
8828
8660
8994
8732
8194
8712
8807
8654
11472
8119
8821
7756
9238
8817
8333
9135
8560
9698
7876
8308
8769
7820
7390
7507
10306
9410
7561
8827
9163
8979
8795
7627
8822
8100
8646
8337
8629
7659
8726
8570
7961
8783
9061
8651
8368
8202
7551
8567
8637
8007
8994
7710
7640
8528
7940
8645
8460
8656
7988
8162
8520
7958
8407
7755
8707
8164
8776
9033
8876
8799
9241
8710
11188
8115
13621
8934
8814
9793
8673
8487
10160
7474
8774
8538
8905
8824
8012
8164
8656
8487
7668
9118
8019
8991
9025
7917
9305
8630
8293
8204
8553
8810
7596
8211
8964
7881
8311
7383
7748
7866
7484
9140
7759
9021
8616
9076
9158
8395
9116
8099
8254
7402
8625
8416
8619
7942
7430
8785
7633
8495
7788
8399
9338
7310
8820
8557
11409
7471
8314
7896
8237
8030
8405
8639
8177
9041
8065
8035
9152
7497
9143
8629
8350
8582
8385
8276
7758
9010
8856
10086
7573
8015
9136
7587
8172
9007
7983
9102
7871
7755
9981
8620
8285
8074
8716
8478
8725
8850
8411
8530
8676
8071
8176
8543
8446
8476
7600
8139
7489
9020
7777
7992
8508
8760
7533
7643
8849
8794
8575
7485
9979
8300
8076
7499
8343
8810
8550
7389
112632
8818
8738
8143
7970
8379
8005
8364
8249
7651
8038
8095
8636
8087
8451
7408
8387
7924
7974
8435
7926
8468
8040
9892
8554
7994
9297
8167
7306
9115
8299
8340
8130
8369
8867
7840
8695
8054
8019
8923
8329
8321
8478
8422
8107
8687
7784
7836
8912
8025
8584
8012
7973
7920
8343
7492
8986
7596
8128
8071
8133
8108
8420
8256
8033
8814
8057
8124
8374
8415
7385
9219
8240
8182
8193
8619
7830
7729
9085
8187
7972
8030
7810
9315
9180
8274
8092
10141
8175
7931
9117
7733
8579
8085
8255
8979
8438
8027
7963
8821
8160
8594
8041
7765
11586
8533
9054
7802
8088
8098
7939
7844
8254
8028
7782
7953
8071
7902
9211
8357
11839
7717
7847
7915
7870
9232
8203
7497
8019
7994
8140
8614
8630
8009
8373
8054
7797
8958
8085
8054
8176
8413
8142
7533
8856
8283
8659
8041
8072
9026
8067
9580
9260
8308
7941
8507
8056
8509
8335
9094
8054
8112
8429
7778
7680
8979
7512
8707
8052
8357
8039
9394
8026
7810
8793
8081
7586
9020
7600
8826
8353
8348
7889
9448
9410
8009
8361
8049
9442
9376
8197
9203
7733
8673
8040
8698
8009
7533
8933
7989
8136
8041
8238
8097
7518
8380
9189
9803
8234
8231
8010
7875
7497
7979
8256
7995
8507
8180
7305
9084
8104
8266
8006
8136
8022
8179
7581
8009
8342
8138
7470
9230
7481
7783
8799
8546
8183
8440
9595
8987
8910
7757
8140
7938
9471
8477
8214
8107
8451
8682
7753
8263
7992
8028
7929
8240
8715
8021
7757
8687
7980
7547
8131
8572
9167
7565
7656
8095
8200
8215
8199
9339
8077
8438
9055
8180
8096
8308
8674
8856
9148
8102
8802
7998
10384
8312
8193
7735
9050
7966
8035
8197
8650
161415
8777
8443
9045
7988
7918
8999
7443
9423
7513
8392
8708
9946
9579
8487
8502
7984
7931
8733
11482
7876
8468
7461
7586
8774
9426
8378
8753
8534
8466
8314
8043
8529
7705
8972
8353
8203
8500
8817
9189
8894
8538
7462
8401
8960
8063
8463
8215
8889
8166
8586
7594
7838
8453
7456
8699
7856
8298
9349
8523
8411
8449
9245
8258
7761
8502
9044
8435
8560
8453
7364
9025
8799
9059
8795
7711
7851
8201
9113
8548
7588
8866
8597
11446
7998
9706
8664
7986
8655
7523
7781
9324
8700
8476
9181
8640
8603
9417
9203
8904
7421
8121
8957
8605
9030
9195
8805
9072
9076
9099
8566
8942
8349
8537
9022
8820
11350
7553
8010
9156
9432
8940
8491
8807
8158
9018
8836
8365
8496
7492
9024
8649
8234
8768
8378
8820
8196
7983
8140
8259
8741
9354
11833
7975
7800
7775
7610
10930
8938
8686
7406
7779
9397
8098
8752
7894
8659
7609
8717
8917
8935
8644
7608
8541
7366
8684
8828
8538
8715
8945
8641
8607
8604
8630
9183
9119
8313
7998
8475
7953
8947
8844
8984
8986
8638
7451
8983
8795
7838
8574
7332
8737
8317
9336
8928
8497
9022
7887
8960
7513
8504
8617
7625
8508
7750
9054
8379
9134
8687
9042
8549
10225
7980
8174
7769
8517
8944
9015
8456
8262
9058
9439
8858
7614
8600
8169
9009
8779
10110
8619
8852
8513
8150
7712
8616
9730
8688
7693
9112
8626
9041
8736
8539
9243
7715
8656
8307
9188
8661
7717
9162
8863
9054
8076
7758
8333
7525
8835
7758
8115
8628
9196
8643
9403
8556
8475
9082
7696
8209
8729
9160
8473
8435
8804
9014
9170
8675
9011
8376
7268
9188
8584
8471
8699
8836
9066
8353
8394
8597
9278
8584
8691
8167
78316
8645
7829
8553
9168
8715
8991
8652
7976
7600
7477
8659
7846
7477
7760
9039
7667
7381
8238
8112
8307
8342
7558
7585
7532
8907
8755
9512
8653
8757
8854
7513
8819
8769
9087
7517
7663
9073
9016
8764
8557
9173
8411
9600
7433
8216
11639
9482
8975
7824
8175
9142
8256
8564
7287
9109
8478
8401
8802
8406
8677
8196
8805
7559
8640
8894
9225
7695
8423
7504
8415
8790
9523
7554
8373
8574
9252
10401
10543
8416
7814
9370
8117
7565
8828
7897
8615
9157
9600
8171
8266
9053
8647
8717
8633
9097
8254
8084
8358
8091
8888
8951
8622
7330
9238
8858
7533
8819
8022
9861
9749
8876
8638
9158
9496
9973
7844
8206
8414
7538
9053
7663
7413
7510
7772
9110
8724
9494
7565
8435
7515
8300
8177
9227
9408
8015
7285
9009
8638
9220
7663
8762
7939
7765
9734
8778
7618
8615
7845
8957
8271
10040
9006
8471
9028
9348
14983
8902
7571
8914
8917
8785
8638
8971
8256
9200
8723
9218
8946
8235
10006
8425
7611
8777
8655
8717
8799
9707
8169
8167
8904
10100
9017
9015
8800
8271
9000
8835
9253
8835
8293
8813
9311
8354
7602
7952
8895
8153
9375
7784
8372
8336
8183
8549
7305
7778
7462
9650
8445
8092
9697
7560
8209
8905
8341
9241
8808
8643
8578
8351
9099
7953
9699
8224
8623
7463
8635
9095
8211
8707
8219
8666
8351
8118
9746
7407
8777
9357
10040
8678
8687
8602
7666
8584
9248
8682
8595
9372
8947
9142
8141
9822
8835
8328
8959
9329
7579
8693
7761
8042
7913
8743
8913
7794
8845
8637
7669
8371
8558
8742
9425
9009
7775
7655
8005
8960
9101
9220
8958
8400
8265
9059
8754
9745
8521
9010
8210
9558
8884
7874
9037
7733
9180
73600
8713
8690
9215
8568
8776
9165
8705
8313
9937
9323
7573
7605
7491
7729
7850
7976
9449
9418
7808
9161
7933
8157
8840
8192
8307
8841
8279
7741
9209
8715
7874
8692
7930
8451
9137
8136
8566
9122
7838
9371
8790
8243
8588
8092
8189
8002
7892
8006
7364
9025
8253
8092
8533
8700
9254
8630
7971
8143
7885
7779
8387
8235
8285
8523
7986
8128
8813
7391
9040
7360
9261
7990
11066
8723
7669
8892
8835
8087
8938
8595
8184
8104
9095
8875
7822
8068
8566
9069
8745
8095
7949
8705
8297
8033
8154
8005
9148
7938
8422
8019
8149
7863
9500
9237
9053
8197
8787
8223
8009
8760
9056
8459
8733
7795
7694
7774
7597
9427
8825
7695
8076
8697
8142
8682
8398
7982
8581
8205
8458
9125
7664
10032
8167
8519
8171
8197
10995
9164
8220
8132
8020
8174
8288
8542
8072
8773
8293
8401
8024
7353
9205
8008
8434
7871
8486
8018
7937
8190
7773
8203
8088
8496
8061
7936
9234
7872
8053
8889
9183
7920
8115
8630
8098
8831
9183
8597
8034
8697
9281
7912
7853
9218
7805
8102
7893
8436
7819
8791
7651
8854
7988
8681
7990
8150
8043
8124
8074
9015
7988
8153
11105
8624
7717
7606
8442
8136
8048
8094
8380
8079
7837
9108
7767
8819
8044
9235
8159
8271
8164
7853
8210
8779
8310
8761
7487
7570
7498
8343
8099
8593
8492
8467
8158
8452
8386
7989
7687
8948
8027
8805
8923
8348
7978
8774
8401
8191
9073
8002
7998
8063
7647
7926
7896
8363
7996
8820
7564
7403
7577
8158
7646
9029
8133
8214
10133
8651
9944
8362
8012
9411
8012
8238
8843
7972
8482
7971
8315
7891
8953
9076
8157
8184
8013
8180
8862
7942
8748
7685
7750
8096
7567
7848
143600
9343
8260
9620
9800
9257
7898
7789
7601
7417
8824
7728
9142
8187
8500
8140
7456
7777
9036
8465
8434
7626
7623
8372
8083
9077
8577
9619
7897
8478
8651
7598
8766
8494
8799
9559
8108
8779
9398
8379
7648
8792
7509
8998
9359
9221
8144
9192
8716
7944
7656
8932
8273
7754
8519
9060
8077
9005
8815
9483
8897
7804
8830
8389
9051
9179
9040
8557
8908
9441
8152
7796
8233
8617
8611
8994
8438
8420
8999
9752
8717
9522
7907
7785
8515
9360
9086
8631
8615
8202
9059
8625
8656
8574
9383
8702
8298
7736
9010
8967
8203
10205
8581
8156
8243
9693
8677
8615
9341
8682
8579
9045
9711
7667
8735
7546
9463
8713
9077
8256
7729
9060
7863
8241
8810
8977
9000
9249
8738
8332
9230
8892
8800
9286
8820
8644
7964
8865
7789
8157
8948
8839
8576
7685
8841
8605
7515
8482
9443
8561
8197
8668
8817
8812
9645
8584
8622
8756
8917
8937
7607
8993
7603
9164
10110
8432
7584
9211
9076
8348
9177
7748
7485
9180
7775
8876
7732
9865
8676
8689
9951
8423
8984
7829
9900
8521
8460
9020
9209
9208
8249
8936
8613
7986
9215
8687
7879
8424
7518
7688
9035
8896
8992
7771
7515
7476
8564
8465
8749
8770
7480
8265
8534
7926
9239
8964
8677
9097
8405
8594
7965
7668
7989
9097
10194
8346
9120
7456
10067
8717
8069
7784
7369
8548
8707
8150
9876
8620
9553
7707
9044
8897
7724
7941
8935
9188
7920
9675
8238
9165
8610
8613
8579
8420
9242
7573
7613
9103
7461
9014
8517
7589
8287
8879
7842
8806
8067
7298
9230
8664
9634
7823
8593
8124
7646
7446
7526
9022
8630
7418
7692
9165
8075
9119
8742
9101
8071
8467
9200
8050
9071
8873
10220
83547
9220
7269
7830
8464
8444
8076
7895
7587
8239
7838
8681
8193
8053
8298
8417
8935
7878
8444
8356
7997
8512
8435
8819
8174
7813
8738
7914
8611
9593
8938
8553
7548
9307
8395
7644
8787
8666
8324
8698
9497
7577
7927
7557
8726
8492
7814
8049
8082
8497
8051
7992
8569
7909
8484
7636
9371
9245
9200
8213
8788
8209
7707
10735
8131
8030
7559
9244
7602
8197
8256
8187
7876
9277
7800
8590
9259
7940
8035
7720
8444
8299
8071
9155
7794
8702
7783
7605
7621
8635
8579
8278
7666
7892
9482
7933
7564
7543
7418
8202
8380
8538
9716
7959
8083
8750
8010
8930
7707
8262
7637
9097
7739
7579
8717
7385
8384
7312
9049
8655
8603
8716
8203
8029
7964
8933
8709
9245
8871
7390
8778
8661
8960
9595
7671
8078
8430
8637
8769
8704
8784
8408
8666
8066
8935
8789
7794
8836
9233
8510
8695
8761
8684
8338
8626
8875
8998
8479
9238
8788
7613
8630
8842
8564
7970
8374
8594
8200
8804
8738
9230
8097
9211
8537
8887
9622
7422
8984
7355
8890
8424
8141
8601
8488
7523
8123
8512
7625
8713
8736
7856
11611
7671
8610
8646
8824
8725
8280
8174
8827
8169
8821
8654
8660
8310
8506
8572
8751
9031
9955
7769
7364
9217
9138
7799
8704
7806
8130
7880
8630
8829
9015
9692
9385
8746
7780
8069
8784
8244
9092
7746
9360
8458
7796
8856
7615
8619
8449
7643
8095
8941
8763
8315
8900
7899
8861
8774
8611
8428
8999
8607
8456
7505
8969
8594
10353
8747
8589
7964
7816
8625
7668
9333
8736
8549
7458
9260
8961
8736
9006
8988
8635
8819
7482
8462
7594
8939
8765
8606
8055
8057
9080
8538
8666
9031
8853
8537
7854
8771
9034
8828
10650
7706
121970
8271
7242
7507
7976
9139
7848
8000
8682
7938
7537
8241
8459
8328
7410
9053
8095
8219
8241
8394
7990
8387
8757
8153
8617
8014
9401
8138
7790
8676
8360
8756
8059
8133
8873
8133
8431
8252
8792
8038
7772
8061
7682
8216
8472
7498
8495
8340
8875
7284
7774
8840
8426
9023
8152
7690
8294
8384
8583
7539
9043
8180
8401
8472
7614
8673
7862
8761
7892
9179
8836
7735
8171
9112
8274
7877
8933
8852
9115
8603
9800
7642
8002
8418
9049
9320
8701
8796
8816
7973
10126
8777
8120
8597
7656
9423
7694
7824
8834
7507
9797
8349
8635
8133
8422
8315
10059
8693
10393
8341
7794
8097
8721
8747
9486
8671
9006
7765
8733
8930
9046
9599
7989
9583
8239
8184
8461
8332
8541
8531
8341
8232
8331
8593
8453
8362
8149
7688
9011
9358
8405
7851
8936
7615
8619
8781
8779
8770
8056
8517
7921
7562
8742
9204
9925
8648
8487
8577
8080
8972
9317
8845
9537
7456
8157
8876
8838
8375
8765
9025
8630
8193
8271
8512
8584
8638
7671
8092
8492
8158
8574
7670
8762
7413
7792
9022
9624
8411
7891
9020
8575
9114
8404
8777
7595
7917
8770
7713
8153
9477
7686
8225
7517
8476
7411
8538
8394
7815
8640
7958
8435
8656
7868
7635
8279
8983
9051
8609
9373
8963
8446
7591
8738
8271
8213
7751
8012
8947
8336
8337
10414
7625
7312
8834
8659
8916
8731
8025
7984
7442
8391
8653
8814
8801
9088
8744
9056
8157
8829
9123
9417
7482
8511
7458
7592
8702
8019
8682
8798
8969
8722
8016
8841
8348
8735
7718
8840
9105
7666
8756
7621
8475
8307
9056
8830
8673
9184
7836
9042
7459
8937
7396
10846
8682
8835
8986
8022
9015
9861
8879
9823
7792
9135
112355
7702
7593
8611
7487
7884
7911
8191
7572
7583
8990
9015
9886
8401
7616
9135
9117
9111
7412
7943
10016
8474
8224
9051
8281
7495
9558
8940
8184
8055
7212
8138
7179
7599
8076
7917
7911
7359
9057
7770
7678
9024
8423
8261
9000
8501
7427
7502
8858
7587
7779
8835
7794
10439
7736
7515
8530
8939
7869
7684
8292
8405
7927
9415
8341
8878
7785
8805
7821
8413
7742
8593
9166
8634
9260
8460
7841
7676
8446
9110
9039
8623
7385
7761
8458
8101
7430
8569
9326
7540
8509
7468
7993
8708
8830
9405
7331
7491
9664
8551
8659
10495
8979
7820
7582
9408
8821
8459
8536
9201
7391
8641
8806
8800
8756
7376
8495
10590
8558
8619
10060
8603
7361
8830
7331
7807
9024
8425
8767
8004
8111
8910
7874
8070
8748
8643
7764
8641
8697
9474
9111
8372
8833
7743
8192
8676
8333
8634
10162
9318
9790
8334
8737
8538
8946
7803
8508
8071
7987
8635
9043
9484
8835
8783
8186
8233
8273
8273
8748
7426
7615
8147
8581
8617
8228
9010
7407
8597
7594
9028
8575
9268
9464
7561
7482
8501
8838
8505
7972
9015
7228
9142
8644
7689
8492
8317
8417
8543
7996
8559
8907
8615
8435
8570
7748
8615
8815
9011
8653
8457
8694
8555
8313
8663
8620
8535
8654
9003
7526
8523
8978
8564
7532
9118
9087
7630
7825
8857
8094
8945
8635
7985
7360
8020
8815
7615
7573
7742
7780
8414
7443
9060
9025
9081
8176
9767
8232
7574
9260
7548
10041
7592
7425
9146
8880
9249
7921
8893
8682
8180
9138
7688
9184
8619
8984
7494
7568
8884
7912
8846
7822
8860
7994
9204
7554
8291
9106
8908
9117
7443
7928
7479
7528
9241
9348
7462
8494
8384
9057
8665
7891
8056
7840
130945
9311
7803
8484
9049
7790
7611
7297
8304
7561
7802
7733
8861
7998
7804
7947
11332
8757
7673
8487
8092
7953
9830
8121
8288
8358
8182
7939
8614
8010
8230
8451
9906
8932
7739
8107
8016
7912
7970
7893
8522
8171
7581
8947
8126
8994
8015
7702
9128
8246
7974
7861
8385
8880
7681
9809
7696
8464
7960
8274
8233
8596
8721
8294
8288
7835
8772
7997
10055
7695
7983
8391
8071
8283
7787
8552
7647
8160
8454
7907
10138
9361
8633
7818
8835
8123
8069
8487
9006
8502
8744
7892
8335
7994
8948
8213
8493
8407
8186
8239
7891
10198
7800
7768
8420
9457
8856
7976
7770
9841
7506
7591
8015
8393
8840
8674
8033
8743
7977
8035
8193
8028
8017
8597
7520
8446
8112
8800
7882
7392
9194
7937
8927
7649
8082
8066
8325
8939
7817
9097
7819
8446
8003
7697
10923
9015
8125
8211
8570
8033
7861
8715
7923
7778
8806
8234
8062
8653
8271
7979
8452
8138
7351
8447
7805
8960
8133
8289
7987
8425
9175
8275
9108
8547
7522
8124
8095
7997
7749
9687
8016
8651
8633
7994
8277
8153
7568
8925
8426
8752
8364
8961
8682
7953
9053
8723
8576
7842
9086
8485
9217
8713
8250
8685
8497
8492
8780
7649
11489
8396
8444
7886
8000
8524
7687
8684
7582
8819
7531
7846
8972
9275
7935
7792
8474
8718
7678
8677
8312
8534
8238
8155
8935
9097
9642
7654
9876
7770
7953
9210
9602
8594
8615
8641
7446
8143
7411
7488
8634
9431
8528
7865
9323
8404
8625
8728
8711
8937
8467
9186
8912
8635
8513
8336
8881
7951
8456
8410
7570
8629
9018
9594
9814
9738
8646
8005
8818
8788
9527
7414
7609
9670
9399
8197
10676
9169
7863
9191
8663
8216
8622
9023
8376
127630
7632
7592
7804
7559
7715
9566
8572
8070
7974
7805
9041
8133
8272
7368
8232
9018
8153
8104
9326
8528
7723
9471
7430
8804
9174
8494
7927
7610
8505
8594
8595
8656
7832
7769
8358
8073
8183
7722
7801
12062
8633
7378
10570
8734
8380
7789
7347
8051
7406
8728
9586
8352
7885
8073
8519
8514
8899
8432
8190
8290
9492
7636
8389
9004
8189
7666
8550
7836
8653
7997
8828
8396
7784
8181
8393
9438
7794
8482
8046
8958
8035
8525
9789
8018
8174
8014
8180
8035
7561
7689
9009
7882
7596
7990
7973
8235
8217
7688
8478
8323
8060
8778
7443
9636
8232
8350
10030
8495
9243
7874
9029
8093
8194
8224
8495
9082
8343
8552
7976
9198
8059
7384
7594
8208
8189
7961
8348
7880
8831
7773
7933
7778
7968
8410
8039
8034
8143
7465
8166
7840
8415
7921
7805
10070
8024
7908
11012
8076
7882
8217
8557
8003
8887
8056
10297
8267
8278
8112
7831
7877
9167
7563
9044
9008
7981
8026
8053
8853
8453
8697
8568
7519
8032
8056
7967
8150
7649
7530
7646
8617
9316
8066
8115
8369
7802
9007
8144
7948
8167
8467
8585
7938
9682
7971
8056
9788
7883
8333
7825
8105
7964
8394
7838
7371
9019
9156
9169
8175
9212
8092
7742
9241
8829
8055
7750
8414
8507
8206
8215
10416
8160
7791
7330
7755
7450
8758
8054
7753
7768
8634
8191
8395
7748
8126
10782
8117
7338
7612
7884
8527
7801
8442
8005
8557
7795
7871
8188
7954
9201
8256
8970
9074
8505
7876
8871
8939
8679
8616
8550
8733
8717
8577
10134
8495
7883
9243
8243
8088
9508
7404
8717
7835
8315
7407
7629
9788
8657
9291
7712
7546
8251
7782
8783
8528
8123
7393
9076
7904
7596
8962
8514
9092
151842
7655
7764
8338
8656
8758
11600
8959
8137
8455
9184
8676
9194
8997
8089
7809
9018
9040
8716
9286
8610
8387
8120
8632
8308
7907
9019
8769
8530
8941
8728
9202
8799
8687
8616
7285
8717
8833
8971
8955
8553
8836
8523
8072
8697
7812
8800
8071
7531
7830
8404
9625
8571
9574
8215
8479
8114
8073
8701
9060
8221
7926
7856
7454
8618
8800
7584
8608
8941
8945
11210
8050
8885
7857
8753
8455
9114
8446
9069
8962
8999
7441
7400
10089
8721
8276
9061
10425
9305
8349
7753
8721
8944
8638
8538
8384
7835
8759
9086
8347
8135
7553
8708
7252
9226
8997
8708
8538
10902
8656
8434
8572
8896
8076
8769
7699
8464
7525
9095
9019
8392
8846
7942
9076
8102
7351
8784
8852
8623
8627
8202
7664
10176
8573
10110
9352
8517
8167
8446
9140
8518
7552
10015
7932
7903
8571
8776
8824
9078
8602
8743
8217
7941
8674
9244
9174
8778
7828
9732
8344
9502
8419
8739
8978
7732
8682
8733
8990
8703
7528
8695
8017
8087
8683
8708
9166
8835
9075
8369
7826
8659
9262
8544
7415
8294
7693
9507
10000
8736
8663
8169
9102
8615
7571
8794
8042
9179
8032
10067
8258
7798
7583
8252
8674
8197
7712
8594
10141
7580
8791
8789
8436
7611
8966
9230
9498
8461
8312
7533
9016
8379
7857
8801
8997
8655
7757
8568
8720
9169
8807
8227
8035
8596
7588
9499
7457
9620
10079
8086
7450
8432
9405
8536
8707
8316
7776
8307
8671
8454
7793
9014
7906
9102
8425
8840
9133
8782
8695
8246
7866
8855
9172
11416
8610
8543
7994
7993
8587
8918
8717
8678
7512
8430
7494
8862
8856
8325
9054
9169
7694
9364
8984
7697
9378
9400
9196
7722
8338
8987
9047
9020
7592
9133
82805
7718
8133
8204
7943
8236
7570
8252
9490
9015
8826
7942
7497
8824
8893
7624
7529
8661
8511
9032
7627
7484
8082
9465
8595
8195
9251
9055
7494
8095
7825
7794
7589
8605
8082
8420
8234
8415
8914
9288
7719
7917
7360
8246
8194
8164
7616
7408
8192
8664
8855
8084
7934
7625
8651
9179
7523
9105
7912
8392
7829
8066
8167
7985
8538
8608
8071
8214
7574
16784
7609
8892
8849
8196
8388
8260
8388
7456
9328
9082
9444
8704
8611
8616
7440
9918
8984
8136
9144
7497
7505
9312
7755
8985
9026
8212
8250
8339
9629
9100
9179
10452
9882
8544
8185
9893
9104
8968
7274
8597
7897
7589
9169
7600
8986
7349
8071
8176
7977
8684
7510
8867
8353
8412
7973
8890
7811
7582
8208
8328
9169
8064
8193
8371
7572
8815
7505
7693
9334
9178
8053
7751
9039
8103
8600
9230
8915
7481
8637
8945
9143
9184
8976
9084
9091
8579
9202
8076
8335
9099
7706
13883
8347
8869
7671
8075
7335
9721
9083
8462
8123
8471
17420
9884
8318
8845
8651
17395
9128
7861
8769
8818
7453
7487
9220
8323
8682
9044
8803
9025
7648
7699
8739
8207
8938
8927
8427
8323
7653
9548
7790
8676
8432
8842
7360
8656
8814
8347
8701
9191
7568
7887
8213
8830
8579
8094
8591
9997
8399
8272
9315
8982
8204
9022
8817
10018
8636
9266
8840
9225
8158
8795
8625
8528
9094
8856
9225
9232
8798
8600
7682
7451
8217
9103
8472
8214
8244
9022
9030
9480
9187
7405
7555
8652
8603
9118
8776
9738
7512
9006
7634
8049
8987
7564
9722
8494
8259
8635
9138
7677
9353
8717
7370
7969
8526
8848
7390
9134
8905
7978
8411
9145
9287
8882
9242
9184
8224
8795
9077
10523
7811
9066
7586
80635
8943
7846
10045
8601
8412
9182
7589
8901
7838
8312
8425
8510
8101
7534
7974
9026
7449
8782
8436
9242
7403
8656
8365
8084
8458
7874
8397
8250
8627
7388
8656
7815
8784
8037
8026
8267
7497
8835
7477
7864
8781
8242
9158
7872
8558
8820
8381
9090
7365
8225
7610
7583
7736
9462
8795
8748
7831
9009
7583
10506
7936
8216
7758
8358
8075
8409
7762
8042
8686
8415
9226
8039
9000
8976
8112
7941
7627
9054
8801
9060
8111
7989
7617
9580
7882
8606
9358
8304
7348
9553
8465
8387
8748
8356
8160
8639
7926
8094
8547
9066
8131
9292
8014
7566
8332
8695
8253
7565
8400
8134
8435
8118
8258
7991
8251
8283
7894
8733
8240
8497
8143
7389
8894
8729
8378
8108
8399
8469
8053
8757
8135
8666
8086
8538
8018
7630
7771
7796
9199
8333
8071
8209
8657
8946
8081
8361
7765
8833
7988
8598
7772
8068
8630
7455
7535
8215
8846
8376
8404
8842
8640
7733
8117
8024
8778
8045
8492
8259
7780
7855
7358
11061
8277
8169
7882
7769
7995
7896
8414
8091
8534
8070
8478
9005
8157
8646
8176
11128
8945
8620
8877
7566
8789
7982
8954
9097
8148
7711
7964
8843
7964
8907
9903
8613
9138
8099
8025
8140
8460
8153
8393
8882
8041
9418
7836
7582
8018
7547
8742
9023
8029
7969
8584
8645
8164
8676
9005
8058
7863
7512
7728
8273
8759
7892
8245
7967
8008
8154
8114
8609
7953
8179
7873
8584
9181
8294
8593
7915
9118
7959
8145
9500
8031
7458
8209
8172
7996
7701
8533
7810
8871
8026
8330
8016
9456
8168
9437
8066
8214
10005
8011
7461
7732
9208
8160
7791
8211
8225
8307
9772
8103
9134
8066
8874
8753
8117
8645
7993
8588
8167
8712
7896
151382
8369
8369
8830
8585
8712
9804
7368
8825
8484
8173
8093
9141
8773
8216
9039
7686
8824
7600
7884
9056
8315
8450
9382
9492
7903
8235
7990
7389
8636
8375
8324
9615
7510
8333
8278
7878
7700
8828
9612
7791
8586
7823
8450
7572
8672
8115
7405
7745
7692
9728
9284
8333
8357
9254
8851
7529
9240
7569
8201
8565
8423
8622
8234
8209
7550
7897
7593
8462
8737
7744
8276
8243
9184
9680
7812
8966
8093
7537
8561
9040
8774
8228
9025
7604
8443
8206
10880
8048
9016
9156
9005
8502
8083
7779
8507
8717
9663
7780
8425
7502
7599
8774
8770
7941
8970
9775
9230
9010
9037
7621
9174
9401
9120
8939
8262
8742
7463
8978
10105
8739
7944
8594
9064
7984
9004
7979
9097
7600
7681
8866
8659
9348
9080
9180
10021
7423
9249
7582
9216
8784
7854
9177
8053
9087
8420
7835
8967
8633
9805
8608
12305
8073
8971
8584
9252
9317
7627
8892
10284
10533
8903
8972
8603
8363
7821
8727
9586
8837
10482
8778
8552
7879
8651
8550
14348
7933
7971
7195
9076
8129
8627
8615
8441
9357
8451
7822
8839
10024
9763
8416
9112
8547
8046
8771
8641
8590
8086
8486
8557
7555
9075
8796
8858
8334
7641
8683
8868
7456
7934
8035
7584
9174
7990
8074
11167
8436
8441
7381
7975
8682
8398
8385
7835
9672
8086
8073
7426
8291
7677
8835
8571
7933
8935
7851
8064
8979
8214
7671
7924
7817
8951
8638
8160
7854
9261
7226
8958
9877
8786
9091
7843
7782
7915
8294
8577
8553
9712
8575
7647
8464
8951
8681
8544
8621
7988
8478
8586
8610
8829
7787
9055
7266
8826
8404
8212
8686
8574
8726
10381
8196
8171
7414
8819
9219
8979
7823
8676
8241
8453
8792
8922
8706
89627
8255
7545
7830
7730
8211
9862
8457
7935
8088
9859
8236
8516
8367
8209
7753
8564
9229
7978
9313
7741
7907
7651
7559
9878
8630
8938
8917
7946
7490
8835
8856
8615
9055
7567
8010
8885
7471
8711
8540
7844
8119
8441
8884
8577
8231
8163
7692
8454
7243
9606
7616
7504
7547
7511
8292
8606
8220
7792
9089
8411
8454
7688
8055
8814
8557
7953
8199
7709
8607
7594
8076
8445
8815
7699
7634
8134
7585
8647
8183
9103
8084
8071
8123
7914
8135
8231
7649
8556
7830
8153
7993
8400
7713
7874
8656
8403
7613
7569
9531
8423
8074
8035
7779
7635
7438
7805
7569
7991
9145
7932
7774
7851
8402
10528
8957
8354
7637
8172
8156
7694
8054
9722
8563
9215
8697
8996
7572
7955
7242
8194
7603
7520
8466
8138
8186
8302
8353
7797
8834
8235
9568
8605
8558
9205
7756
9045
7777
11384
8456
8251
7953
8414
7748
8507
8527
8266
8576
8783
8138
9256
7531
7512
9117
8015
9205
8628
7784
9116
8297
8653
9259
9160
8263
7776
7674
8958
8158
9149
9123
8475
9100
7961
7408
8798
7957
8262
9222
8796
7882
8631
9225
8566
7797
7881
9018
9249
8456
7978
8106
9948
9293
8989
8917
9460
8240
8599
9465
7591
8014
8694
7657
8554
7946
7991
8797
8852
8167
7706
8003
7815
7687
9766
7409
7719
7812
8356
8474
8497
7605
8588
8675
7533
7475
7602
9415
8206
8196
10767
8393
7791
7855
8466
8317
8613
7964
7976
8939
8723
9143
7757
7603
8426
7827
8296
7769
8190
7965
8210
8763
8209
8605
8034
8037
8523
8631
9255
8672
7782
7420
8996
8008
7289
8125
7753
7896
8139
8463
8253
7712
8619
8484
9164
9016
7805
9182
9503
7651
8237
7684
7836
8416
8415
152666
8723
8061
8218
8000
7735
8010
7712
8512
8382
7580
8821
8060
11276
8523
9881
8577
7647
7924
8276
8035
8600
7820
8673
7639
8385
7607
8400
8773
8945
8164
9230
7759
9681
8052
8519
8173
8094
7892
8831
8656
7656
7790
8761
8595
8655
8405
7530
8336
8616
7801
8250
8977
7843
7580
9087
7871
9903
9167
7594
8220
7471
8508
8517
7725
7844
8191
8728
8407
8758
8241
8508
8725
8435
8432
7947
8255
10953
8925
8053
9030
7794
8156
8939
7651
8917
8892
8476
8843
8954
8632
8207
7777
7651
10441
8810
7628
8905
8343
8291
7690
7258
9352
9041
9117
8122
9002
8057
7625
8015
9215
7776
7548
9178
7524
7570
7785
7580
8931
8319
7488
8057
7425
8149
8007
8453
8518
7540
7596
8897
7770
7613
8588
8476
10241
7587
7544
9240
7594
8734
8594
9118
7631
9172
7910
7874
9075
8013
8992
7535
8228
8214
8030
7768
8073
7692
8744
8111
7830
7937
7543
8446
7744
9015
8000
8617
8209
7559
8302
7342
9412
8297
8494
8033
9380
7415
7910
8467
7790
7913
9266
8414
8342
8672
9260
9096
7487
8245
8352
8433
7712
7490
7989
8626
8097
8816
8276
7521
7688
7761
8814
9772
9017
8021
7366
11348
8897
7642
7792
7629
8153
8464
8195
7663
10282
8015
7271
8556
8389
8146
8295
8741
9194
7604
8861
8233
8554
8695
9174
9582
8600
8088
8560
9076
8756
9017
9496
7672
8274
8883
8071
8334
8329
8826
8914
9235
9030
8255
8748
8103
8701
7773
9017
9892
8615
8420
9218
8547
7388
8897
8624
7441
8607
8882
9039
8142
8443
8756
8972
11163
8934
8229
8271
8275
8615
9538
8810
7555
10051
8427
7594
9630
8471
8479
8302
9323
7997
8075
7953
9241
7975
8194
8608
144878
7651
7265
7584
8448
8125
8497
8133
8710
8897
9076
8506
9040
7590
8189
7592
8615
9180
8416
8644
8626
8687
8704
7409
8544
8528
7538
8797
7252
9231
7717
7601
8533
8740
9659
8343
8264
8867
8495
8702
11535
9203
7404
8789
8623
9007
8758
8256
8641
7312
8199
8538
9018
8409
7558
8806
7415
8829
8456
7927
8469
8539
7734
7453
8384
8819
8990
7920
8575
9085
8608
7819
8629
8134
8456
8399
7827
9959
7463
8689
9978
8945
7522
7517
8996
9017
8796
8599
9109
7446
8291
9164
8714
8851
9191
9374
7987
9101
8411
9000
8492
8247
9025
8437
10474
8524
7737
8758
7574
8333
7415
8017
9471
8957
7861
7734
8443
8323
8875
8666
8776
9131
8456
8699
8586
7710
8867
9188
8254
8959
7907
8768
9235
8454
9379
8856
8698
8344
8796
9125
8658
9841
8335
8394
7619
7427
7793
8441
8833
8740
7430
8369
8738
8548
8515
8877
8843
8333
7968
7481
8797
8908
9552
10055
7254
8696
7819
9308
11943
7851
7742
8559
16414
8184
8772
9133
7450
8979
7641
8437
9110
8828
8871
8550
8271
8446
8961
9427
9081
8997
8407
8716
7841
8630
8963
9072
8878
7513
8466
8876
8875
7438
9159
8642
7810
8654
8630
7713
7632
7998
9026
8112
8095
9023
7851
9059
8810
7970
8004
7984
7688
9059
7799
8414
8379
8385
8827
7538
10081
8654
11262
8964
10720
9179
8433
8820
8627
8196
8738
8084
8841
9000
9000
9429
7513
8266
7265
8797
8777
9169
7816
7953
7604
7181
7594
8235
7605
8579
7602
7547
9196
8220
9175
8851
7712
7685
7700
7729
8354
8053
8101
7533
8251
8155
8225
8861
8240
8979
8980
7845
7645
7584
8733
7393
8266
7624
8099
9237
9040
8712
7531
8302
9319
94800
9212
8222
11280
9007
10280
8543
8106
8696
8648
8203
8225
8737
9558
8694
7981
9580
7630
8274
8216
7887
7617
9199
7755
8738
9041
9276
8237
7816
8072
8913
8697
7513
8707
9930
9837
8138
9128
8612
10979
8130
8343
7882
7752
8696
8075
8218
8497
7778
8531
8926
7970
7860
8903
8278
7796
8267
8649
9111
8632
8651
7528
8341
7854
8243
8311
7811
10766
7692
7912
7856
7451
8563
7754
8681
7381
7912
9125
8031
7575
9190
8672
8322
7908
7770
8955
9076
8395
7735
8574
7977
8778
8784
8948
9919
8658
7739
9239
7669
7798
8224
8427
8835
7768
8775
8890
9161
8210
7652
7581
8020
7597
8197
9401
7805
8026
9157
8468
8599
8579
8147
8075
8525
7507
7668
9276
9236
9048
8112
8210
8261
10854
9784
8854
8046
7965
8208
8746
7869
8492
7866
8547
7615
9001
9200
8678
8024
7866
8559
9480
8359
7952
7931
8361
8711
10944
9198
7473
8733
7916
8597
8092
7529
10225
7829
7793
8984
8720
8176
8007
8884
7802
8389
8327
8916
8197
7471
8083
7370
9055
8066
7797
7913
8409
8046
8014
9585
9418
8656
7807
7757
8223
8273
7669
8032
10530
8323
7758
8639
8167
8218
8056
8134
8043
7434
7682
7908
8197
8239
8025
7790
8709
8390
7896
8576
7991
7769
8494
7651
8495
7969
8845
8287
8556
9336
8317
8419
8223
7989
8012
8649
9076
8143
7990
8189
8349
8027
8393
10002
8094
8060
8213
7949
7959
8531
9235
8210
8134
7864
9554
8072
7856
8697
7837
8828
7811
8675
8134
8456
11719
9378
15815
7815
8817
7901
9420
8676
8499
8194
9152
18744
9013
9384
8770
7866
8596
8905
8330
8115
7530
8994
24646
7969
8975
20904
7992
8668
8554
8096
8569
8110
20391
8903
50635
9290
7594
7663
7555
8565
8591
8378
8401
7398
9773
8249
8968
8821
7818
8187
8225
7951
311317
7996
9396
8795
8370
8180
7976
8009
8590
8607
8128
7995
15510
8661
8519
9080
7845
7728
7851
8838
9187
7576
9139
7492
7846
8514
9893
7918
8297
9151
7648
9092
8146
7430
9129
7801
8169
7605
7525
8762
8491
7764
7805
7728
9645
7470
7748
8274
7692
8026
9002
8662
9245
8148
7786
9014
7884
9134
7901
9178
7518
8249
8393
7922
9029
8073
7568
8076
8876
9001
7371
9050
8916
7419
9220
7454
8659
8926
9015
7955
8396
8238
7512
9280
8232
7469
8084
7233
7551
8825
8030
7950
8395
7497
8230
7747
7394
9950
8680
7694
8606
8935
8035
8157
7548
8754
9092
7868
7492
10166
8300
9011
8570
8706
9513
7767
8418
8647
7418
8699
8575
8612
8866
7476
8644
8835
8739
8859
8658
7384
8785
8587
8558
8784
9469
8939
7390
8893
8779
8526
10419
8938
8740
9102
9176
8620
7996
8877
7379
9786
8588
7846
9076
9076
8533
8000
9453
7969
8938
8315
7969
8619
7323
7645
7389
8600
8851
8933
8511
7777
7980
8687
9400
9077
8313
8125
7308
9035
9377
9051
8817
8820
8621
7501
8457
8600
8299
8511
8651
9328
7788
8194
9001
9015
8490
7712
9005
7306
9286
8935
9358
8428
8466
9036
10000
8886
8734
9021
8252
11841
8913
8158
8902
7596
8927
9707
7535
8817
7610
7608
9176
7810
8774
7372
7875
8375
9264
8517
7704
8842
18430
8754
8199
8603
8784
9256
8794
7460
7534
8861
7798
8561
8957
8665
7553
7576
8632
8950
8875
9107
8829
7574
7800
8420
8324
8537
7889
7415
7951
7756
8049
8190
9091
7630
10146
7852
8994
7561
11241
8581
9160
7402
7605
8146
9076
8835
8715
8672
7626
7787
9178
8935
8722
8957
8400
7972
8218
8851
7931
8042
7502
7422
8537
8349
8128
7792
9033
8965
8913
7685
8749
8779
7412
9124
8351
9154
7867
7789
8196
7794
7634
7998
7610
8150
8666
8355
8074
7497
8076
7473
9442
8219
8633
9066
8819
8925
7820
8989
8252
7613
7822
9107
11199
8759
8778
8610
7902
9476
7667
8292
8635
11957
8276
9237
8161
7809
8013
8331
8897
7444
7804
8013
7493
8400
8054
7400
8357
9110
8416
7561
7610
8218
7891
7579
9466
9074
8413
7938
8564
8943
9247
7782
8225
7621
7633
8328
7517
7850
9137
9239
7794
8703
7374
8493
8128
9237
9043
7446
8105
8514
9846
9062
9533
8092
9513
7574
8528
8876
7974
7625
7783
9203
9211
8905
7568
7842
7596
9028
8273
8030
7579
9158
8061
9462
7672
7966
8892
8511
8677
8029
7625
8800
8627
7937
9087
8974
8728
8045
9292
8103
7398
8106
7561
8818
7589
8142
8884
8176
8677
9152
7484
7338
7789
7945
8118
7803
8352
8035
7947
8492
8580
7767
8689
9164
8635
8638
8235
7405
7510
9230
10333
7727
8271
8416
8863
7868
9899
9860
8981
8523
8650
9097
8229
8845
8616
7614
7748
10230
8443
7911
8826
8917
8780
7670
9136
8564
8977
8794
7614
7864
7343
9417
9041
9059
8041
7939
7687
8102
8419
8984
9202
9218
7893
8128
8190
9043
8173
9177
7599
7446
8960
7796
8178
7941
9172
8555
7349
7969
8558
8472
9059
8956
8152
8778
9129
8043
8091
8105
7816
7912
7634
7798
7764
7730
9727
7635
8017
8372
9230
8199
7795
7975
7771
7590
8291
7671
9032
8727
8547
8072
8594
8595
7603
7515
8536
7590
9603
8938
8268
8993
8015
9046
8692
8699
7775
8402
9046
8663
9416
8089
8892
8820
7689
7536
9217
8039
8628
7774
8855
8616
8636
8767
20526
7964
7569
8635
8151
8735
8190
8132
8702
7593
8544
7866
8123
7548
8958
7728
7569
8598
7964
7589
8840
8745
8969
8051
8385
8579
7633
8414
8677
8828
7589
8172
7899
8485
9678
7546
9134
7805
8702
8305
7966
9008
9098
8723
7306
9358
8598
8709
8680
8225
8731
7492
9215
7379
7734
8878
8952
8478
7646
7708
8830
7693
8633
10059
10022
7591
8655
9171
8615
8793
9525
8584
8359
7820
9546
8123
8923
8979
8760
7865
8887
8706
8460
8106
9082
8553
8859
8615
8979
8654
8290
11229
8988
7647
8924
9465
9259
8927
7711
8507
7621
7635
8702
8996
8858
8049
9175
8673
8635
8800
8949
8657
7400
9043
7423
9215
9024
9075
8775
9553
8574
8729
8933
8717
7903
8699
7016
7285
8825
8379
8641
8252
8616
8590
11246
7673
8222
9088
7633
9437
7666
8140
8998
9604
9097
7737
8994
8319
7778
8769
8231
7508
8407
8606
7812
9291
8974
8287
8907
8643
7687
8225
8878
8839
7870
8595
8382
8472
7707
8661
9651
10022
8620
7380
8706
7741
9056
8794
9123
8733
8807
9166
8728
7982
8753
7594
8678
7788
8953
8901
8676
8835
7592
8784
7695
8151
8793
7511
10016
8288
8466
7755
18501
8014
7789
9589
8039
8584
7394
7557
7791
9140
8665
7919
8728
8538
7748
8501
9056
8860
11185
9178
7385
7436
8802
9467
8735
8062
7694
7931
8133
9538
8638
8644
7387
9160
8405
8876
8953
7816
7881
8360
8368
7613
7815
8627
8968
8623
8576
7711
8684
7536
8683
9173
9684
7355
8784
8777
8689
8745
7864
8397
9975
9075
8715
7798
8995
7472
8936
8599
9072
8815
8808
8851
8248
8572
7381
7476
8980
10280
8017
8912
8056
7881
9608
8655
8977
8415
7658
7994
8210
7600
8346
8072
8434
8197
8573
8673
9302
8227
9063
7896
8329
8473
9274
8179
7511
7846
7661
8713
8216
7787
8870
7923
7439
9241
7494
7889
7773
7820
9067
8055
9127
7910
7820
7924
9482
7543
7569
8446
9038
8646
7770
8608
7834
7971
8528
7374
8606
8330
9228
8267
8942
9983
8332
7432
8594
8596
8413
7852
7740
8086
9158
8466
8697
8863
9282
7726
8887
9003
8509
8897
8568
9456
7623
7790
8445
9465
7693
8554
8110
9204
8858
8147
8256
8236
8598
10512
8060
7911
8133
8135
8514
8436
8193
9365
7670
7799
7587
9701
11107
8386
7814
7565
9140
7717
7814
9230
9840
9116
7713
9045
7502
7692
8458
7769
9125
8562
7874
7910
8721
8266
7928
7753
7972
8842
8374
7784
7620
7414
8774
7511
8916
8083
8933
7747
8379
8373
8215
8607
7641
9220
9212
8393
7597
8423
7661
7728
8242
9259
8776
9215
8563
8053
7880
8605
7714
8328
9285
7397
7938
8219
8829
7917
8108
8156
8208
8159
8446
8251
7836
8532
8056
8484
9010
9362
8611
8712
7601
8676
7743
8980
9086
8170
9196
7449
8394
9057
8014
7993
7759
7989
8363
7800
7499
8927
8330
8228
8594
8388
7841
7622
8393
7978
7813
9005
8438
9259
7856
8451
8061
8331
8491
7690
7686
7494
8528
8561
8147
7593
8461
7809
8703
8501
8936
9108
8599
8185
8938
8621
8105
7792
7590
7799
7888
9217
9296
7805
8001
7611
8261
8424
8097
8064
7410
8799
8515
8417
8257
8641
7599
7348
8713
9506
8406
7569
8388
8263
7367
7992
8410
9100
8005
8131
11022
7383
8892
7695
8658
8631
9917
7526
8467
8678
7787
7491
8013
9019
8540
7390
9464
7769
9093
8163
7320
9053
7338
8187
8702
10263
7882
7437
11499
7690
11563
8025
8353
8237
7487
8855
8007
8590
7719
8102
8305
7974
8256
8791
8938
9178
8154
8062
8564
8035
8343
8213
8011
8144
7943
10245
8914
8464
7658
8346
8917
7439
7906
8878
8250
8192
7758
8434
9241
8472
7468
7379
7539
7785
9442
9201
7867
8666
9362
9015
8012
8088
7890
7324
7676
8130
8045
8085
8279
8205
7593
8376
11173
9717
7729
7953
8092
9317
7750
7906
9542
10001
7551
8092
7425
7549
8348
8921
8352
9661
8028
7891
8187
8944
8377
8016
7409
7571
7405
9134
8879
8569
8024
8174
8728
7928
8603
8003
7554
8210
8502
8071
8941
9438
8834
8430
8181
7768
9107
8024
8545
8145
8054
8913
8658
8656
8102
8510
8120
8117
8150
7851
7897
7985
7864
7989
10948
9311
7384
8056
8174
7840
8174
7968
7964
7615
8020
8134
8641
9222
8011
8107
9424
9579
7915
8274
8184
7587
9210
8507
9526
7902
8400
8920
8917
7453
7810
9055
8103
8229
8029
7344
8116
8617
8404
9002
8232
8175
7803
8616
8047
8175
8152
8833
8054
8494
8033
8325
8133
8394
7777
7983
8305
9128
8054
8266
8072
8425
7528
7309
9866
8917
7997
7999
8729
8514
7959
8873
9047
8676
8521
8092
7933
7646
7964
7985
8641
9404
7603
7460
7799
8386
8107
8334
9159
7893
8364
7745
7831
8201
8251
8022
8412
7772
8169
8534
8095
8051
8264
7654
9851
8098
8158
7743
8524
8055
8410
8661
7787
8651
8112
8632
8215
7512
9020
8106
7839
10118
8039
8093
8283
8435
8982
8010
9872
8183
8037
8632
8463
8093
7939
7981
7733
8567
8154
9105
8092
8126
8179
8551
8157
8524
7629
7902
8584
8406
8372
9051
7630
9096
9002
8897
7548
8114
8854
7403
9385
9526
8408
8955
7294
7948
7564
8219
9017
7728
8989
8065
8616
8836
7496
8878
7691
7453
7743
8804
7428
8131
9027
8075
8819
8576
9501
8372
7605
7841
8989
8768
14177
8060
7957
7846
8936
9078
8474
8106
9271
8119
7571
8622
8295
8533
7448
8852
7911
10277
7728
9415
8202
8579
8667
8408
7528
8746
8548
8937
7821
8261
9651
8336
8694
8676
8995
7887
7641
8747
9092
8708
7762
8901
8843
8717
8569
8660
8454
8195
8953
7574
8412
8647
8926
8591
7965
8772
7438
8727
8717
8934
8877
8867
8538
7934
9516
8634
7571
8800
8654
9140
8179
8707
8734
7569
8634
7400
8094
7869
8438
9078
8127
8585
7456
8598
8194
8464
8738
8900
8745
7734
8256
8555
7493
8618
8801
8697
8548
7885
8861
8396
8815
8791
8600
7825
8233
9871
8615
8565
9038
7996
7924
8518
8717
8850
8603
9135
9776
8593
7615
8606
7598
8641
7631
8605
8629
7981
8798
7630
9001
8493
7655
8066
9158
8639
8819
8764
7810
8512
7179
8162
8456
8178
8370
8251
8774
8954
8949
8719
7692
8825
7712
9162
8757
9394
7902
8639
8641
8633
8312
8607
8943
8807
7737
9097
7328
7726
9020
7764
9681
8785
8416
7645
9654
8822
8993
8831
7426
8005
7698
8072
8901
7803
9938
8848
7794
7916
7415
7372
8691
7497
7753
8794
10353
8239
9148
8977
9082
7841
9236
8098
8313
9017
7508
7400
9149
8817
15583
9262
10233
9650
8990
8795
8896
7358
7967
9076
8736
9071
7459
8054
8804
8652
7797
7677
7770
7261
9149
7460
7560
8703
7497
7446
7764
7837
8398
7386
8758
9090
8992
8671
7690
8795
7996
8618
9255
9006
7996
8847
9550
7837
8941
8257
9495
8173
8010
8868
11733
8052
7271
9141
7991
7822
7562
7564
8866
7789
8928
8328
8606
8780
8782
7502
8515
8278
8747
8102
8713
7521
10039
9359
8738
8262
8975
8615
9186
8792
9204
10058
8568
8310
8646
7410
8943
8356
8964
7854
8113
8816
8302
8697
8872
8839
8541
7635
8666
9203
9516
8127
8174
7408
9029
8462
8856
8842
8274
7553
8495
9280
8781
9237
9947
9352
7650
8927
7685
8917
8871
8734
8323
9194
8639
7557
9453
7482
8329
7829
8021
8878
8141
8615
8139
7858
7812
8449
8852
8611
8642
8186
8478
8256
7984
8799
9333
8883
8090
8827
8346
8189
8073
9026
8685
8599
8314
7558
7982
7461
8174
8671
8243
8492
8398
9320
8673
8896
9620
7692
8268
7774
8368
7852
7589
8635
7506
8735
10019
7640
7989
8420
9005
8043
10038
8716
8764
7580
9279
8987
8337
8558
8701
8834
8651
8348
8534
8014
8718
7986
8374
8235
9160
8674
8329
8811
8677
8656
8045
9651
9415
8030
8813
10028
9120
8881
11067
9130
8505
7535
8852
7943
9827
8220
7773
8176
8844
8681
8333
8851
7567
9217
7389
8876
8564
9194
8382
7288
8076
8044
8235
8578
9177
9058
7543
8674
9654
7944
8749
8907
8798
8051
9146
8922
8317
9009
8795
9046
8153
7825
8826
9661
16200
8268
8374
7307
7616
8769
9207
8615
9038
8616
7831
8800
9124
8279
8646
8897
9035
7690
8716
8979
9651
8847
10435
8925
7206
8677
9786
9197
8508
7678
9172
8025
8700
8642
9122
8713
7350
8562
7451
8760
7625
8639
8836
8352
10601
7523
7530
7368
8750
8780
7646
8558
9049
9200
8874
8457
8779
9039
8420
8572
7894
8639
8888
8948
8213
8526
9534
8400
7605
8156
9880
8640
9015
8588
7410
10201
9319
8594
7574
9243
189860
8523
8928
8189
9155
8759
8153
8060
8102
7505
8584
7543
8901
8795
7771
8841
7964
11574
8215
8694
7901
8374
8505
8171
8800
7811
7926
9528
7933
8068
8595
7418
7791
7668
8595
8512
8317
7810
8379
7811
8252
8993
7810
7567
8981
8221
8838
8197
7572
7641
8156
8665
7742
8983
7846
8820
7937
7981
9264
7961
8376
7865
7972
8354
8080
8013
8358
7649
8466
8655
8759
8570
9719
8875
7935
7691
9148
8838
8225
8377
11541
8780
7501
9093
8256
8153
8237
8242
9006
8342
7376
8105
8601
9242
7618
7671
7630
8961
7860
9210
8208
8394
7825
8389
8231
8026
9981
9173
7991
7994
9117
8372
7674
8880
7654
7775
8071
7593
8963
8399
8022
8808
7367
9136
8815
8565
9156
7604
9401
8275
8200
7512
8634
9781
9095
9198
8606
8215
9175
8897
8962
8459
8999
8528
7530
7794
8120
8980
8330
8555
7846
8938
8021
8024
7569
7511
11358
8173
8033
8938
8353
9049
7871
9025
7678
7675
9040
8942
8993
7399
8275
8948
9245
8141
7880
8143
8053
8960
8882
7753
8627
8506
8656
7393
7717
9847
8671
8562
9035
8774
7839
8626
8817
8210
8908
8615
8685
8318
8234
8679
7573
8900
8875
9015
8742
8581
8800
7470
8869
8038
8394
7920
7571
8658
8153
7698
9227
8927
9539
9094
9999
8478
8738
7373
9261
8404
7545
8155
8876
7541
7764
7901
8676
8744
8723
8494
8882
10348
8129
9039
9898
8902
8363
8567
8604
7594
8886
9153
9058
8469
8186
7809
9087
8835
8535
8541
9361
8882
8066
7939
8848
9254
8807
8992
8656
7989
7723
8696
9911
8683
8094
8189
8790
8025
8732
8793
8967
7866
8109
8269
7638
8957
8835
8875
10454
8981
8446
7953
8830
7762
8724
7902
8706
117381
8164
8976
8476
9097
9146
8635
8815
8427
8189
7575
8472
8394
7573
8261
8563
8453
9184
8376
9107
8449
7378
7892
8697
8255
8748
8586
8857
8415
7634
8856
7717
8856
8548
8276
7803
9166
8560
8903
7661
7649
9157
8633
8435
9476
9174
9015
7887
9229
8535
7613
8643
9297
8792
7389
9103
8335
8871
8659
8946
8441
8327
7842
8630
7387
8605
9154
8574
8068
8023
8246
8405
8935
8391
8511
8814
7936
8354
7836
9918
9172
8471
9556
9091
9059
7959
8472
8574
9562
8200
8222
8734
7498
8755
8736
8259
7834
8451
8750
8540
8885
7403
9205
8443
7650
7821
8589
8919
8172
8695
8577
10122
9097
9219
9116
8009
8294
8514
8173
10464
8831
8287
8065
8064
8688
8897
8758
9094
8734
8794
7760
9884
9054
8813
8186
9685
8774
8082
8634
8662
8587
8080
8689
7911
8486
8957
8451
9184
8252
9610
7948
8845
8668
9102
8565
8591
9241
8327
9110
8779
7668
9584
7974
8901
8573
8102
8235
7777
8636
9222
7994
7845
8819
9430
7580
9045
7385
8512
8879
10070
8564
9234
8584
10543
8041
8866
7876
9904
8319
8341
7557
10972
16085
8841
8974
9045
9144
8210
8312
9733
8410
8493
8318
9540
7333
8888
8890
8620
8847
7595
8421
7958
8028
8451
7781
8083
8149
8732
7571
8537
8844
9271
8438
7394
8936
8508
7541
8795
8474
8429
8361
8031
7974
9117
8902
9563
8685
8362
7917
8318
8310
8547
9140
9076
7974
8394
8948
10600
8908
9093
8797
8427
9362
8696
8588
8484
7833
8635
7645
7895
9272
7756
8697
9196
8637
8442
8390
8445
8916
8535
8312
8735
9419
7876
8721
7861
9492
7802
8917
8008
7651
9043
8270
8516
7444
8610
8216
8630
8805
7492
8915
8411
9744
79398
9200
8045
8956
9427
8312
8187
7584
8946
7925
8170
8017
8217
8333
9491
8392
8183
8355
9487
8850
7846
8431
8805
8128
8235
8277
8573
9298
8602
8810
8084
8671
8254
7620
9070
7920
7525
8369
8877
8163
8280
8056
8036
8023
7984
8369
8880
8001
7557
7607
8373
7967
8409
8041
8446
8118
8071
8793
8162
8552
8998
8112
8650
8148
7876
8136
8849
8092
7595
16227
9009
9222
7754
8179
9898
7924
8276
8709
9322
8857
8687
8947
10383
8315
9104
7749
9092
7728
7824
8112
8043
8717
8837
8827
8334
9301
8192
7857
9981
8357
8671
7735
8893
7404
8939
8921
9095
8897
8125
8214
8697
8790
9748
9197
8703
8324
9451
8443
8711
8796
8815
8617
8678
7658
9041
8622
8834
9238
8897
7271
9368
8746
9076
8831
7815
9162
9085
7933
11980
8647
7513
7921
8031
8607
7813
8143
11929
7997
8994
9241
9261
8558
8026
8003
11580
8977
7522
7828
7775
8917
9014
8716
8754
9094
8558
8379
8825
8881
8728
8217
7569
7584
10060
8795
9057
8541
9321
9897
8546
8525
8422
8493
8777
7482
7844
8007
8642
7543
9036
8589
8633
12747
8753
9013
8185
7460
8666
8002
9149
8607
8776
8758
7789
8602
7552
8799
8850
8882
9194
8635
11611
7863
9505
9302
9136
7530
8174
8493
7554
8697
8704
9055
9203
7602
9319
7327
7809
8809
8856
9169
8371
9027
7542
8888
9133
8816
8325
8394
9302
8059
8382
9047
8771
9323
7736
7830
8625
8864
8793
9219
9049
8169
8110
8608
9102
8702
9061
8564
7387
8372
8908
8912
8635
8619
11738
8974
8458
8486
8493
8353
9253
8778
8333
8024
10292
8910
7671
8305
7774
8032
8231
8991
8512
8216
9392
8716
7751
8061
7669
9180
9255
7421
9221
73006
7977
8936
7441
8857
10123
7948
8556
8901
8784
8428
8660
9175
8702
8033
8677
8619
8590
310041
8906
8855
9030
8756
8675
8466
8174
8095
8528
9335
9139
9198
8098
13142
9282
9112
8690
8794
7861
7730
8266
8184
8560
8463
8734
8462
8754
8480
8074
8420
9036
8686
7923
7509
7695
7760
7944
8912
8775
7956
8615
8692
8795
8639
8425
8676
8072
8916
8724
8764
8617
7588
8814
7672
8560
8776
9441
9662
8736
8522
7560
9861
8657
9006
8830
8988
9155
7349
9661
9790
9010
8615
8647
7610
8030
8039
8619
8595
8691
7449
8682
8665
7621
8800
8408
8616
8499
7874
8254
7723
10082
8477
8659
8611
8945
8128
7807
8496
8811
8793
7568
9229
9084
8017
8603
7620
9020
8292
7755
8561
9939
8700
8497
9363
7290
9227
8819
8184
9251
8435
8573
9098
8674
9633
9032
9623
8907
8581
7353
8759
8538
8410
9160
7892
8700
7883
7734
9483
9025
9314
7462
8643
8618
8933
8474
7812
9823
8369
8797
7388
9343
9119
9235
8896
8610
8805
7885
8496
7579
7550
7532
9478
8964
7268
8146
8959
8562
9173
7700
8473
9079
9359
9238
9035
9168
8253
9224
7324
7608
9046
7793
9102
7895
7482
9169
9880
9016
8353
9014
8433
8247
7371
8481
8306
7589
9019
7606
7680
9037
9370
7481
7493
7719
7427
8041
7575
9183
9217
8602
8008
8241
8926
9005
8969
10052
8466
8908
8064
9138
9258
7610
8989
8215
8233
8356
9111
9961
9038
9084
9179
8420
7979
7579
8975
8603
7792
8194
9242
9333
7821
9041
8502
9033
8329
8885
7415
7741
9142
8217
9197
8442
8435
9117
7880
7415
9240
9986
7539
9117
9061
7954
9088
9016
9082
8067
7558
9132
9509
9519
7503
9060
9156
9019
9110
10128
8261
7734
8515
8555
7828
7584
7962
11560
9169
7673
7679
9133
8010
7795
8484
8329
8000
7973
8112
9282
8454
7573
8770
9080
8235
7564
7936
8505
8699
7796
9681
8419
8607
7692
7771
8572
8754
9771
8611
8514
7957
7967
7780
7781
8962
9022
9007
7707
8940
8416
7974
10110
8331
8619
8031
7748
7820
7869
8751
9226
8342
9287
7907
9005
9250
8132
7695
9437
8313
9313
7455
10704
7715
8605
8188
8416
7614
8364
8874
9926
9307
8552
8078
8112
8605
8515
8492
7438
8895
8733
9804
8210
7272
9347
9414
8961
8207
8342
9517
7543
8817
7778
8014
8157
7943
8558
7134
7701
7509
8086
8513
8145
7917
8963
8416
7615
9004
8279
8276
7837
7730
8083
7901
8350
8904
8532
8235
8665
8404
7831
8415
8134
7827
8010
8235
11693
8358
8194
8805
7703
7610
7440
7573
8023
7614
7732
8152
9697
8405
7593
8477
7922
8413
8005
8538
8415
7491
9001
8349
7989
7539
8393
7821
7783
8636
7775
9172
7857
8979
7681
9388
7583
7441
7941
7789
7974
7770
8032
8029
8540
9317
7920
8434
8594
8430
8347
9016
7829
8479
8470
7731
10063
7653
7729
7528
9498
8553
8802
8973
11833
8128
8443
8374
7662
7517
7405
8615
7328
8318
8091
8246
8020
8479
8302
8195
7512
8602
8897
7675
7801
7588
8224
7798
8665
9752
8069
7785
7891
8539
9856
8815
8595
7716
7630
8843
7671
9037
8438
8994
7633
8248
8177
7964
8471
7734
8425
8516
7907
8853
7774
8734
7636
8589
8477
7595
8909
8514
8061
7726
8825
7900
7709
8372
9659
9504
8630
8060
8813
8638
9428
9399
8632
7994
8553
7970
7590
7579
7742
7667
8012
8258
8948
8405
8064
8103
7810
8178
7894
8395
9135
8995
8418
8635
8815
8269
8528
7998
7664
7383
8630
7730
9631
9222
7976
8093
8408
7891
8230
8408
8589
8605
8212
8743
8200
14840
16833
8214
8486
8965
9567
8431
8991
20505
7487
8530
8365
8464
9687
8775
8971
9198
8601
8035
8903
7505
8978
10521
7962
7741
8081
8868
9061
8544
7635
7972
8553
8704
8981
8794
8578
8420
8887
8120
7455
8590
9171
8835
7916
9137
8076
7556
8640
9607
8690
8647
9304
8620
8394
8680
9183
8455
7764
7767
9860
8531
8791
9094
8653
7881
8633
8601
9079
8800
8366
8984
7875
8934
8748
8174
8714
7861
8773
8423
8314
8623
8715
8354
7766
8825
7728
8890
8565
8987
8663
8631
7519
7406
8435
9135
8492
8574
8199
8162
7406
9200
8643
8044
9829
8587
8854
8005
8036
8769
8675
8622
7480
8819
7473
8964
9068
8577
8717
8089
8838
8811
8923
8599
8246
8633
7753
9029
8815
8105
8654
9085
8798
7779
8687
8753
8675
8842
8442
8656
7736
8437
10418
7449
7941
7624
8779
8194
8148
8487
8217
8813
8584
8805
7393
8815
8949
7660
9114
8295
9100
7839
8025
9000
9031
8600
8544
8389
8480
7984
8439
8979
9450
7762
7757
9257
9000
8630
9456
8723
7988
8420
7913
8004
8844
9066
8697
7459
9184
7416
9055
8599
8885
8504
7693
7971
8596
8626
8619
8393
8450
8522
9111
8734
8995
8644
9235
8439
7506
7652
8698
7442
8595
8484
8414
8215
9149
8578
8775
8395
7336
8441
8564
9060
8176
7598
8153
8349
8733
7517
8551
9138
8164
7779
8137
7558
8662
8000
8380
11047
8253
7390
8220
7621
7611
8882
7810
8376
7717
7573
9022
8348
8632
9067
9828
8444
7958
8998
7559
8394
8746
9117
8554
8823
9384
7810
8611
9620
8514
8256
11488
186369
9762
8392
8882
8207
8420
8583
9497
8610
8343
9170
8191
8476
8333
8685
7777
8019
8369
305834
9254
8742
8471
9034
9858
8341
7373
8549
8451
7995
11792
7640
8931
7585
8388
9065
7877
8186
7503
8034
7992
9257
9286
9776
8585
8648
7533
8115
8493
9969
7996
8140
8135
8702
7413
7744
8436
9522
7881
8047
7447
9122
7416
8020
10486
10211
8293
8892
7909
8938
8712
8295
7680
7366
9253
8891
8419
8723
7835
8802
8092
9639
8937
8216
9054
7891
8071
8410
9148
8186
8651
7969
7447
9395
8411
7809
8162
8227
8881
7756
9179
7929
8247
7869
7564
7677
7903
9419
8578
7889
7916
8676
8103
7995
7828
9173
7691
9008
8191
7976
7599
9210
7882
8656
7818
9493
7984
7907
10082
9163
8480
7952
8199
8013
8262
7476
8034
8465
8076
8621
8817
7693
9066
8506
8268
8117
8353
8205
8406
8195
8283
7970
9106
8053
7551
7978
8613
8030
8869
7952
8794
8712
8208
9216
8035
8579
8041
7377
8774
7857
8174
7988
8261
7692
8601
8870
7849
8493
7948
9707
7523
7588
9359
7943
9462
7963
8580
8015
7882
8794
7990
8989
9997
9661
7822
7715
8835
8003
8276
7973
8524
8039
7764
8400
7873
8015
8135
8462
7896
7211
8497
8115
8134
9061
8124
8980
7941
8495
7770
7720
7998
7665
7753
8349
9107
8186
7778
8089
8337
8036
7835
7584
8179
8720
7888
7969
8474
8010
9234
7980
8064
7964
7330
9048
8011
7992
8226
8092
7588
8517
8897
7897
8558
7948
8447
8061
10030
8753
7553
8030
8961
7957
9024
8015
8810
8885
8547
7926
8203
7931
7400
8496
8112
9039
7948
7625
9071
7743
9476
7910
8213
7972
9549
8498
7825
8441
8022
8419
7988
7491
8692
7941
9647
7842
8333
8353
7696
8999
8194
7670
7725
9275
8538
7937
8277
7941
7857
9017
9183
8518
8584
8649
7879
8358
9047
8897
7470
9121
8616
8150
9415
9784
7916
7895
7487
9639
8579
10062
7617
9847
8386
7785
7837
8429
9953
8897
9206
8792
8066
8018
8477
8897
8000
9097
9247
7889
9222
7919
7834
8662
8927
7855
7794
8774
8445
7608
8678
8488
8537
7692
7717
8577
9206
8736
8966
9129
7369
8435
9047
7796
8480
8293
8898
8188
7472
7350
7517
8745
8913
9538
7752
8101
9000
7669
8396
7259
7716
8415
7572
9743
8476
8717
8519
7733
8613
8041
8979
8790
8980
7831
7748
8405
7740
8555
8466
8348
7420
9184
8599
8981
9519
7669
8248
8553
8075
8870
9081
9152
8676
8659
8615
7992
8578
7597
8785
9050
9619
7664
7534
8736
10052
9720
8760
8593
7771
8295
8586
7593
8625
7577
8943
8425
8805
8610
8951
8854
8696
8751
9753
8560
8534
7642
7495
8648
9118
8116
8887
8438
7586
8676
9138
7651
7192
8211
9859
9171
8914
7990
9505
7415
8876
9043
7682
7496
7939
7429
9043
7502
8866
8445
9640
7689
8433
8742
7717
8827
9642
8968
8307
7897
8697
9040
8297
7865
8594
7302
8917
8699
8010
8821
8461
8652
7789
7640
8609
7574
8567
8133
9401
7687
9132
8887
9964
7764
8376
7994
8086
7646
8648
8039
10072
8669
8405
7671
13026
8708
8098
8605
9081
8991
9258
7916
8256
8895
8767
8448
8923
8666
7763
8447
10693
8575
7611
8335
8812
7419
8817
8681
8721
8207
8815
8766
8826
8513
8807
7994
7609
8680
9651
7702
8941
9387
8087
7888
8236
8655
9845
8554
8243
8821
8345
8818
8860
9478
8451
8384
11405
7813
8088
8850
7835
9762
7383
8388
7440
9376
8471
9892
8950
8071
8063
7523
7934
8378
8678
8617
7714
9656
8995
9100
7923
9112
7475
7384
8923
7666
7956
7987
8887
7411
10369
8760
7812
9528
9478
7833
8035
7497
7809
7991
7769
7646
8386
7558
8362
9924
7692
8336
8123
9531
7656
7967
8455
8912
8277
9115
9162
9402
8226
8814
10686
8392
8801
9061
8314
8215
8613
8069
9135
8954
9053
8717
8271
8258
8169
9225
8816
8046
8785
8414
9188
8744
7917
8876
8343
9155
7403
7717
8506
9065
8717
10383
7836
8078
8415
8471
7571
9450
8218
8612
7397
8633
7666
9036
8727
9276
8081
8288
8123
9144
8071
8949
9476
9241
9182
8251
8921
9093
8437
8082
9315
8633
7565
8943
10387
8529
7835
8094
8765
8909
9040
9648
8800
8111
8441
8513
8988
8785
7713
7585
8446
8000
8821
7531
8944
7754
9056
7663
8434
8454
9182
8878
8929
8625
7276
7779
8548
8785
8584
8455
8737
8516
9000
8707
9078
9093
8087
8554
7924
8736
8641
8435
8792
7430
9027
8621
9205
9351
7590
8738
9050
8632
8732
7644
9063
8248
8770
8232
11050
8409
8895
8984
9076
8378
7868
7674
9484
8459
9732
9071
8702
8412
7610
7665
10152
8972
9255
8026
8416
8018
8959
8624
9010
8726
8385
7493
8651
8559
7578
9743
10482
8553
7631
8769
8654
8230
9158
8746
8712
7606
8789
8830
8559
8589
7774
10254
8657
7648
8890
8940
8733
8989
8668
7589
7774
7220
9082
8780
8230
9794
8847
7650
9778
8894
8665
7291
8661
8576
8815
8820
7991
8517
8205
8235
8937
7892
8796
7938
8459
7383
8820
9564
8477
8946
8190
8752
7790
8875
8993
9113
8814
8131
7678
7314
9139
9169
7701
9055
7738
7842
7547
8997
8834
8619
8807
7422
9040
8485
7852
8814
9171
8509
7947
8886
7345
9024
8207
8236
8523
8692
8596
7873
9421
8136
10170
7431
8306
8610
8435
7833
8927
8394
7564
8589
8964
8639
8552
8958
7711
8769
8833
8858
7235
7705
7816
8601
8897
8480
7507
9137
7761
8017
8625
9047
8221
9097
8799
8233
9114
9093
8648
7319
8085
8554
8059
8651
9158
8239
8932
9988
8472
7673
8497
7420
9193
7990
8310
8696
8717
8928
9421
8374
8236
8388
8444
7624
8646
8489
8806
7513
11399
7553
9162
8934
10788
9685
8223
8275
8492
7553
9471
8405
8665
7320
7450
8818
10205
7740
8323
8589
8312
8190
8933
8085
8749
7725
9597
8609
7572
7994
7584
8615
8230
8815
8758
8923
8477
8497
8630
7403
8907
8855
7589
8814
8152
8835
8241
7487
8788
9126
8408
9446
8639
8268
7540
8750
8321
9035
8404
8928
7271
8550
8736
7499
9771
7787
7379
7364
7634
10005
9258
8705
9715
7991
8068
8883
8530
8950
9639
8611
8190
8419
7971
9279
7597
8808
8390
8415
7215
8174
8786
8747
8835
7586
9917
9040
8818
8709
8434
8580
7480
8943
9020
8230
8622
8593
8594
7389
8882
8720
9063
8579
8637
8596
8558
8833
8778
8672
8815
7664
9039
7610
9307
8694
8663
8410
7979
8483
10435
10087
7980
9173
8477
8229
7468
7853
8817
9663
8811
8389
8244
9364
7872
8392
8619
8912
8501
7571
7707
7374
8442
8754
7910
7541
7402
8614
8865
9247
8576
8189
8903
8543
8696
9518
8097
8669
7716
8656
8189
8088
8666
8236
8405
8598
8615
8492
9041
8604
9238
8940
9204
8923
9235
9147
9045
8102
9185
8093
8707
8174
9012
8556
10351
7827
11803
7430
9232
8056
8749
8014
8595
8898
7717
8207
9027
8153
8182
9621
7424
9179
8255
7692
8100
9589
8220
7797
8821
8606
8401
8907
8456
8637
7767
7744
8095
7662
8202
9057
7617
7729
8428
8677
7717
9066
9830
8916
7510
8757
8830
8588
8664
8271
8803
7651
8383
8451
8594
8485
8942
8000
8164
8158
7278
8377
8971
8805
9068
8072
7656
8887
9066
9120
9014
8687
8342
8913
8125
9189
10041
7830
7550
7699
8689
7453
9108
8897
8539
9231
8297
8334
7744
8895
7569
9015
7789
7326
8521
7989
7716
7730
8369
9136
7712
7502
8736
8886
9193
8399
9378
7580
9245
9267
9043
7514
7654
7957
8185
9012
8097
9025
7487
7994
8534
8306
8460
8040
9287
7517
7412
7979
10930
7863
7656
7632
8589
8613
8102
7574
9047
7951
9153
7943
7649
9139
7978
8966
8018
9860
7409
8595
8499
8762
9494
9235
8993
9260
7509
8471
8677
8768
7538
8666
9029
8180
7723
7796
9026
7897
7403
9125
7223
7847
8358
9027
7870
8459
8688
8189
8936
7529
8493
8906
9338
7844
7378
7806
8841
8231
8896
7787
8076
8400
9215
8654
8664
7974
8668
8220
7694
8795
7893
9020
7792
7990
7866
9806
8038
9612
8353
8876
7397
7877
9305
7732
8763
9557
8766
8058
7956
8648
8215
8661
8449
8925
8415
7861
8702
9146
8885
7524
8508
7338
8655
8600
7924
8648
9478
7989
7810
7717
8205
7687
9128
9016
8460
7893
8885
7600
8387
8733
7455
7740
9830
7380
9216
7597
9347
7912
9698
7539
7639
10061
9297
8978
7928
8934
8986
8836
9166
7864
9243
8553
8095
9033
8793
9156
8054
8443
8625
8947
9021
8695
8928
9902
8820
8700
8654
7467
7706
8946
8676
8659
8980
9099
8836
7997
8938
8812
8633
7849
8475
7517
8384
9029
7989
9016
8451
9298
8985
8940
7476
8207
10010
8298
7978
8376
9403
8876
8045
7676
8328
8644
10140
8795
9219
7269
9697
8947
8520
14802
9096
8127
7470
8393
8338
8521
8878
8773
9129
8115
8820
7289
8887
8805
8832
7657
7387
7541
7263
8134
8420
8275
7989
7456
8541
8271
8341
7482
9113
8686
8637
7961
8641
8210
8993
7974
23079
8492
8984
7455
9187
8475
7784
8390
7512
8226
7413
8838
7910
8615
7436
7530
8835
7980
8989
8926
11404
8620
8189
8001
8410
7993
8725
8202
8794
9459
7953
7648
8769
7697
11138
9018
7946
9062
7821
8004
7530
7307
7870
7620
9116
9845
7811
8153
9481
8509
8128
8961
8615
9118
8338
7250
8437
7275
8244
7834
8393
9177
8570
8092
7721
9000
9259
7967
7798
8432
8810
7996
7841
8123
8481
8907
8924
8616
7772
9079
9174
9268
7771
8346
10288
7508
8864
8590
7595
7597
8116
8171
9129
9078
7582
7647
9176
7220
7510
8836
8897
8934
7710
8628
8589
9017
8630
8389
8014
9179
8219
7612
8270
9172
8805
8781
7966
8790
7512
8194
8759
8255
9223
8234
8447
8161
7553
7587
9461
8400
7988
7594
8000
9019
7764
8990
7999
7679
7803
8210
9024
9700
9169
9107
8382
8697
8118
8013
10340
7428
10020
8183
9319
9177
8435
8736
10925
8696
7809
8838
8428
9553
8015
8493
8750
8890
8837
7365
8253
7898
7298
8080
10056
8207
9119
7616
8829
8451
8332
7227
8105
7701
9200
7918
8710
7758
7423
8837
9461
8138
9008
7395
8794
7449
8593
8838
8955
8841
8364
8758
7694
7559
7810
8374
9050
7814
10007
8817
7784
8924
8272
8676
8912
7542
9884
7635
10061
10495
8670
7652
9246
8909
7620
8892
7378
8631
7974
8405
9230
9435
7974
8190
7723
7793
8197
8057
8803
8133
8915
8361
15241
8678
9106
10112
8703
8907
8554
8760
9409
8416
8066
8293
7412
8834
8008
8475
8312
8398
7781
7248
7533
7987
8048
8157
8484
7965
7893
8428
7901
9127
8451
8533
8059
8560
8533
8315
12394
9213
7509
8120
8432
8978
7710
8798
9208
9246
8082
7305
8620
7992
8783
7974
8058
8106
7983
7824
8079
8157
7786
7842
8601
7309
9226
7977
8458
9039
8254
7939
8389
7744
8435
8056
8072
8354
8014
8052
8679
8017
8779
8415
8489
8733
8256
7669
8084
9083
7994
7897
7616
7602
8590
8163
8660
8406
8611
8624
9182
8438
7738
8779
10019
7201
8183
8265
7777
9225
9218
7996
8651
8374
8237
7794
8312
8790
8290
7442
7471
8071
8345
8148
8723
8170
8149
8595
8095
8653
8384
8053
8815
8621
8066
8237
9344
8019
8405
7632
7651
7667
8035
8342
8207
7584
8940
8253
7444
8100
8084
7990
8565
9461
7459
8447
8061
8309
8050
7646
8728
7823
7578
8215
9530
8175
7328
8569
9530
9165
8010
8047
8104
8615
8276
8151
8639
7722
8897
8001
9322
9239
8400
8825
8225
8659
10020
8575
8873
7981
8397
8160
8432
8035
8197
8445
8915
8538
8103
9940
7884
8456
8154
8051
8642
8153
8107
9104
7613
8710
8062
8536
7984
8602
8726
8343
8764
9023
8251
8038
7589
7790
8572
7792
8886
8553
10057
9426
8825
7900
8695
8058
9925
9000
8053
9011
8142
7778
7912
8161
8161
7559
7421
8357
8910
8266
9427
9015
8935
8782
8019
8264
8476
8466
7969
8258
7958
8176
8697
9028
9840
8527
8550
7876
8027
8753
8198
8379
9234
7558
8732
7965
8373
7982
7435
7974
7631
7753
8215
8335
7936
8397
8902
8096
9276
8256
8317
8051
7536
8828
7983
8538
8252
8435
8218
8033
11471
9040
8158
7932
9359
8502
7974
7994
8702
8959
8774
7412
9025
8414
9605
8856
8071
9146
8023
8846
7214
8907
8064
8481
9677
8294
9804
7283
7490
8451
8620
8817
8180
8861
7584
8184
7573
7466
8511
7736
8912
8296
8624
8616
8863
8596
7610
9067
8496
8446
7610
7740
7462
8991
9033
8002
10113
7410
8986
9019
7907
7361
8413
8261
10104
8876
8801
7440
7892
7694
9426
7388
8008
9067
9099
9327
7895
8986
7661
8092
9777
8657
9165
7570
7320
9476
7194
8735
7630
7626
8047
8976
8825
7512
8572
7792
8563
8153
8055
8623
7449
8892
8275
9348
9034
7789
8533
9194
8871
8020
9330
8806
8419
9129
8688
8987
7435
8685
8838
8919
7532
7943
8656
8333
8480
9058
7742
8646
11309
7470
7833
9218
8646
8656
9544
8618
8088
7715
8446
8836
8886
8536
10395
8538
7768
8745
9351
9738
8667
7271
8801
7992
9799
7729
9561
8871
8574
9541
8201
8025
8297
8161
8647
7842
9171
8375
7902
8928
9642
8816
8174
8020
9876
7630
8758
8140
8580
7352
7428
8866
8805
8828
7548
8846
8960
8260
8721
9089
8325
8951
8708
8273
10568
9034
9138
8177
9014
8820
7974
8805
8856
8572
8345
8970
8880
7352
8033
7684
7744
8660
8815
7981
8024
8544
8654
7610
8767
7383
7876
7373
8791
8759
9041
8717
8455
7600
8503
8020
8696
8095
8666
7987
8958
8905
7533
8821
9081
8761
8579
7680
8358
8841
8598
9154
8593
8215
9027
8850
9157
8860
8425
8954
8013
8767
8753
8993
11567
7589
8779
7446
7535
8823
8394
8780
10301
7686
8589
7992
8649
8443
8293
8092
8286
7779
7504
8646
9681
8677
8101
7672
7489
7570
7492
8835
9828
7865
8584
7973
8277
8974
9285
8996
8010
7954
7374
7953
9069
10462
8823
8008
7835
8108
8353
8071
8161
8594
8438
12098
7942
7661
8325
7652
8336
8266
7930
7712
9102
8088
8089
8476
8235
7781
7961
8844
8027
7610
8716
7411
7831
8597
8523
7794
7547
7711
9543
8630
8381
8039
8860
8731
8979
7385
8230
8667
8220
8349
7475
8946
8426
8111
9523
8220
9356
8835
8437
7618
9583
8825
7479
8656
9451
8524
7613
8453
8791
9077
8855
7707
8512
8548
9097
8829
9830
9314
10573
9267
7586
9435
8597
8819
9045
7630
8076
8282
8251
9015
8232
8477
7203
9200
8011
9257
8468
8929
8574
8269
9197
7410
9055
7592
8456
8844
8505
7411
8815
8403
8626
9036
9562
8661
7466
9173
8562
8698
9634
8556
8127
8802
8678
7780
8360
9233
8441
8428
8892
9140
7674
8507
8053
8628
8241
9090
9476
8791
9019
7492
8979
8735
9000
8168
9024
9010
7907
8169
7839
9255
8605
8894
11013
9446
9767
8446
9871
8819
8552
8843
7933
8420
7387
7566
8857
8374
8682
8504
10072
8107
9082
8658
8381
8464
7784
8803
9031
8425
8958
8048
8804
8520
8020
8577
8065
8859
7990
8904
7777
9827
8638
7427
9040
9018
8802
7361
8672
8357
8775
8435
9147
8381
8493
9053
9138
8596
7996
8758
7420
7303
9692
9104
8721
8656
8107
8456
10686
8360
8828
8416
9003
8536
8384
7967
10307
8031
8205
8687
9420
9125
7933
9194
7593
7880
8829
8252
9180
8947
8029
8798
8728
8030
8480
10747
7540
7475
7587
7605
9381
7864
9239
7788
8883
7769
7959
7523
7753
8326
17475
8953
7512
8492
8048
7394
7692
8110
8020
8226
7822
7930
8435
7749
7682
8295
7743
8266
7899
8424
8923
8075
12487
7778
8391
8394
8264
9145
7984
8667
9411
8248
7773
7188
7839
7851
8661
8016
8334
8040
9045
7574
9178
8293
8292
7589
8331
8406
8885
7687
9238
8864
7685
7935
7815
8340
9128
8160
8252
8272
8928
8676
8727
8033
8709
7919
7510
7465
8322
8112
8684
9323
8620
7782
7533
8839
8382
9003
8874
9396
8615
10167
8888
8436
8049
8114
11283
8726
8698
7902
8179
8637
8197
7458
8015
8066
8418
8278
8856
9149
7863
7769
8388
7923
7810
7457
8895
9322
7517
8555
9642
8540
9076
7485
8717
7667
8202
8640
9441
8081
8194
8576
7945
7871
7579
9254
8692
7953
8244
7369
7452
7990
8332
7784
7268
8531
9107
8205
7748
8406
7431
9257
9153
7798
8786
8702
8128
8603
7992
8220
8715
9118
8604
8886
8829
7492
8257
8558
8876
8611
8285
8776
8386
8543
8607
8656
8390
8609
9680
9005
8782
8598
7569
7826
7678
8145
7393
9189
8467
8543
8613
8579
8203
8251
8394
8769
8451
8622
7377
8770
7312
7733
9861
8271
9121
8751
8469
9307
9018
8642
7938
9189
8241
8888
7426
8137
8486
9236
9435
7536
8855
9054
8028
8584
9876
7554
8211
8789
7503
9169
8906
7789
10775
7364
8687
7850
7569
8679
8760
8910
7997
9218
9982
8648
8686
8361
8169
7952
9230
8602
8661
8740
7463
7587
8219
8100
9060
8205
8753
8048
8141
8474
7777
8918
8531
8338
7558
8671
8814
9838
9177
8616
9972
7622
9053
9000
8030
8457
8152
8818
7714
7789
8815
9003
9538
9153
8851
8448
8820
9309
9460
8461
8440
9748
8597
7991
8448
8427
8916
8756
8769
8438
9256
8136
8542
8549
9965
8852
7786
9222
7694
8172
8786
8276
9178
8051
8372
8826
8278
8690
7494
8758
9426
9272
8618
8631
8492
7361
8203
7630
9145
9636
9166
8456
8257
7856
8799
10112
8564
9430
8898
8324
8276
9179
8435
8338
8215
18697
8181
7740
8635
8508
8131
8813
7584
8638
7811
8125
9057
8760
8396
9011
7590
8211
7794
7795
9025
7587
8988
7246
8294
7672
7557
8972
9000
8980
7334
8283
8657
9035
8620
7528
8768
8034
8856
9015
9022
8860
9167
8959
7668
8727
8318
7532
9188
8046
8644
8453
8246
8890
7543
8634
9197
8699
7990
8384
8910
8159
8525
8428
8832
9151
7852
8565
8333
8276
10587
7704
8492
8033
8525
8937
8743
7978
8211
8429
7466
8615
8317
8725
8599
8261
8758
8882
9584
7553
8875
8716
7811
9097
7949
9039
7814
9647
8302
8249
8442
8676
7751
9196
8999
7374
7594
9036
7601
9006
8758
8838
8422
8172
7897
8615
7478
8701
8716
7802
8589
7469
7996
8602
8825
9162
7381
8815
9065
8589
8656
7825
8315
7857
10952
7736
9043
8277
8292
7519
8499
7928
9643
8370
7986
8355
9497
8834
8179
8614
7591
8412
8135
7772
8764
7987
9359
8417
8734
8005
7811
8855
8107
7467
8556
9774
8129
7928
7737
8154
8704
7473
8790
7950
7482
8896
7874
8874
9181
8687
8593
7957
8838
9033
8751
10960
9017
8492
7507
9100
8926
8940
7612
8378
7580
8695
7530
7562
10154
7315
9217
8373
7698
8974
7727
9159
8338
8546
8543
7923
8737
8112
8968
8547
9061
8986
7523
8658
9235
7812
7570
9620
8705
8312
9033
8861
7783
8030
8374
8589
9404
9009
8933
7520
7984
8828
8805
8016
9166
8611
8667
8353
8269
8810
8130
8693
8827
8641
8623
7817
8703
7733
9494
9441
8985
7784
8633
8899
9721
8527
7778
8353
9502
8556
7933
8135
8717
8452
8896
8471
9225
8830
8756
8707
7717
8242
7632
8753
14645
8605
8882
8309
7705
9106
8993
8933
9241
9277
7309
7871
7769
9195
8854
8429
7628
8389
9457
8148
8350
7789
9028
8297
7811
8925
7577
8162
8560
7795
7738
7993
8204
8694
8184
8352
8859
8632
7891
7627
7380
8896
7967
8474
8462
8383
7930
7536
8961
7415
8619
8350
7874
8415
9013
8119
8407
15952
8379
8332
8975
9046
7993
9109
8141
8791
7338
9158
7693
8109
8828
8617
7519
7400
7750
9352
8038
7451
15348
9202
8299
8651
8015
8267
9210
8005
8941
7356
7865
8604
7560
9375
9866
9180
9193
8618
9209
9183
8551
7765
9233
8396
8880
9071
7619
9167
9263
7505
8458
8149
8535
9015
8756
8331
8439
7773
9442
9019
9961
9692
9040
9106
8657
8563
8715
9184
8963
17382
8635
8153
7960
8820
9035
8814
7453
8519
7255
8783
8777
9040
8639
8764
9256
8815
8469
8698
9890
8632
8532
7778
8101
8632
8768
9156
8789
8646
7733
8301
8550
8633
8869
9579
8570
8841
8876
7933
8354
8695
9540
8090
8520
8834
8242
8702
8537
8795
8236
8218
8526
7928
7830
9566
9153
8097
8867
8627
8996
8894
7811
8044
8214
8818
8741
9415
8605
7957
7570
7214
7420
7922
9093
8603
8582
8632
8136
8081
8364
7481
9437
7508
7492
8697
7666
10052
8879
8784
8442
8192
9179
8823
8678
7631
8727
7500
8568
8492
8424
8835
8917
9198
7830
8558
8866
9033
8556
8815
8460
8441
7700
8552
8218
8830
7761
9133
8544
7795
9620
8049
8754
7248
7611
7312
8611
8700
7504
8594
8774
8537
7347
7881
8544
10040
8882
8102
8393
7994
8499
8493
7948
8843
7806
9041
8423
8772
9294
8920
8436
8969
7941
8634
7815
7574
16877
7974
7707
8923
8676
8508
8774
7558
8659
7849
8200
9652
8769
9600
7625
8917
8010
8049
133347
8909
8871
8721
10474
8072
7594
8038
8362
8690
7727
7978
7792
8302
7238
8844
7900
8249
8046
7933
10049
7705
7948
8994
8096
8943
7962
8102
7974
8602
8041
8700
8806
8492
9225
8355
8155
8426
8037
7960
8036
7998
8152
8253
7923
8282
8000
7564
8194
8028
8112
9764
8574
7893
8252
8171
8036
8010
8999
7391
8848
7714
9671
9332
8566
7939
7898
8676
10747
16917
8115
9013
8413
8105
8350
9517
10115
8192
8736
8255
7348
8483
7341
8681
8291
8144
9469
8087
9887
7613
7882
8282
8408
8873
7526
8112
7538
7966
9418
8813
7654
8433
8300
8475
9184
8451
7813
8274
8784
8517
8424
7919
11508
9235
8764
7396
9172
8255
7671
7970
7894
9126
8377
8504
7792
9039
9849
8414
8764
7552
9853
8425
10109
7785
8135
8441
7542
8971
8546
8327
8456
7810
9972
8172
8965
9053
9395
7690
8010
7725
8038
9151
7841
8753
7840
8579
7967
7879
8408
8179
9153
8471
7773
9194
8128
8670
9444
8329
8030
7553
7844
8282
8326
7822
9278
9192
8328
8810
9116
8660
7938
9148
8654
8030
7456
8256
7618
8605
7693
7689
8246
8597
9035
8880
8737
9295
10092
8373
8405
8282
8916
8672
8251
8056
9126
8419
7734
8797
8752
7841
7784
8646
8874
8733
9088
9620
7928
8235
9004
7999
9597
8211
8560
8445
7575
8697
8975
8666
8835
8353
8014
8842
8998
8619
9784
8912
8441
7670
9293
8598
8733
8830
9241
8314
7779
7902
8569
7456
8658
7739
8398
8600
8627
9584
8321
8659
8215
9167
8241
8654
9620
9615
8456
8186
8137
8066
9108
8974
8736
8898
7351
8666
8610
9215
8404
8683
8697
7840
8606
8862
12661
9214
8880
8966
8609
7446
9917
8829
8287
8834
8782
7370
8954
102164
7942
8735
7717
8221
7990
8061
8984
8225
8574
8841
8460
8010
8278
7542
8192
8771
7907
312874
9352
9576
8635
8945
7656
8524
7672
9740
8940
9138
8800
9106
12891
8628
8363
8656
9656
8807
7487
8733
9354
8112
8443
9097
8723
7663
9002
9483
9208
9163
8969
8610
7813
7923
9253
8476
8712
8494
9560
8275
8174
8890
7629
8805
9411
8507
7425
8635
8750
9077
8516
8994
8476
7747
8213
8801
8501
8446
7536
8610
7395
7552
8674
8790
8741
8756
7515
8362
8071
8818
8943
9720
7484
8632
8665
9308
10689
8912
8783
7397
9219
8648
9159
8830
9118
8896
7307
9339
8764
8403
8133
9072
7939
8846
8412
7583
9184
7824
8190
7582
8730
8262
7830
9145
7607
9179
7975
7629
9211
9661
7459
8952
8994
8621
9703
9206
9016
8217
8634
7466
8070
7519
8398
8597
8473
9183
8501
9149
7968
7774
9896
10080
8234
8496
9117
9025
8183
9587
8077
8977
8400
8916
8071
8656
7527
8475
8697
8197
8403
9100
7518
9288
8592
9178
7995
8079
8949
9895
9419
7481
7394
7366
9117
8928
7510
9028
9241
8800
7713
8819
9113
8899
8913
8860
8413
7890
8683
8513
8892
9014
8447
9774
8812
8284
8982
9475
8608
8400
8934
8174
7850
8951
8674
7517
7908
8515
7482
8364
8766
7466
9328
7600
8842
8693
10393
7774
9569
8877
7561
9140
8902
9912
8863
8578
8766
7645
9082
8481
8699
8661
10143
7702
7574
7841
8632
7540
8636
8482
8877
7315
8817
8460
8554
8715
8564
8875
7968
8415
8390
8417
8462
8721
8737
8307
9189
8917
9456
9658
7400
9117
8517
8036
8215
9430
8611
7723
8010
7848
8753
8676
8574
8656
8611
9159
8251
7764
8644
8712
11425
7651
9194
8230
8517
8755
9454
9160
8534
8853
9494
8771
7470
9864
8027
8211
7935
8041
8287
8939
8054
8439
8735
8256
9114
9005
8036
8313
7822
7754
7600
7406
8784
8222
8374
7938
8592
8172
7984
8572
8023
8641
7950
7587
8216
7825
8819
7789
8583
9876
8086
10759
7623
8522
8179
8616
7692
7320
7542
7827
8212
8379
8010
7980
10908
7766
18218
8243
8184
8133
8148
8173
9114
7976
7639
7917
8507
8909
7589
9991
8085
8591
8179
8235
9002
7572
9213
7794
8811
7737
8653
8300
7207
8134
7940
8731
8173
8010
8545
8044
8371
7972
8700
8177
8551
8032
7994
8797
8137
8106
8113
7431
8435
7917
8662
8103
8441
8013
7545
8450
8071
8246
8296
8536
8076
8492
8152
8001
11056
9366
7766
8037
8597
11043
7850
8219
8040
7584
8717
7841
7948
7415
8331
8065
7329
7538
7605
9220
7993
11180
7887
7717
10111
7894
7371
7881
8570
8000
8682
7588
7935
8110
8030
8292
8295
7779
8597
7922
8064
8030
8465
7750
8304
8231
8076
8394
7712
8073
8107
8871
8332
8033
9877
8021
8099
8143
8030
8829
7949
8712
7819
8328
9849
9873
8596
7918
8435
7794
10133
8299
7618
7554
9502
8556
8344
7857
8235
8080
8723
7800
8610
8168
7421
9157
7394
8171
8573
8671
8422
7440
9298
8687
8920
9094
8138
8407
8169
7846
8784
8651
8841
7933
8803
8488
8596
8876
8931
8797
8485
7761
7830
8116
8614
9660
8764
8616
8245
7795
7900
9085
7541
8902
8769
8753
7672
8940
10620
7652
8649
10818
9082
8331
8605
8804
8974
8753
8790
8415
7560
8862
8774
9019
9746
8371
9302
7618
9097
8422
7549
9002
7271
9225
8360
7599
8157
9080
8796
8833
8979
8817
9221
7487
8932
8735
7754
8202
8561
8449
8994
8880
8818
7813
8392
7579
8135
9019
8071
7528
8350
8097
9998
8713
8837
9258
7994
8033
8940
7749
7553
7541
9056
7678
7979
8471
7193
8256
8323
8513
8909
8610
7569
7544
8456
8451
8697
7642
8488
8692
8254
9150
7590
8232
7980
8374
8619
8133
7981
8446
8344
8319
8650
7470
8817
9277
7434
9076
8103
9164
15830
8555
7774
8892
9099
8580
8320
7833
9148
8780
8659
7262
7830
7301
9035
8800
8109
7805
8363
7854
8147
7385
7851
7952
8233
8313
9148
8111
7482
8112
9301
8615
8657
9094
7497
8958
8235
8292
8974
8400
8524
7851
7756
7675
7774
9358
7262
8558
7532
8016
7651
7796
7615
8816
7744
7650
9207
7499
8981
7880
7426
8174
7609
7373
8138
7808
7505
7469
7781
8569
8463
8685
8347
9401
7399
8661
7674
7846
8001
8182
8588
8529
9850
8184
8809
8599
7430
8799
8181
8379
9774
8362
7742
7369
8803
7557
8685
7574
8172
9165
7590
8053
8964
8214
7599
9188
9085
8359
8894
8424
8335
7719
8916
8415
7960
8008
8212
9065
9060
8070
9006
8219
8232
8602
8013
8015
7356
7576
8678
9158
8583
9261
8314
8419
7605
7761
7844
7774
9397
10051
8144
8410
8521
9113
7594
8877
8417
7368
9025
8699
7773
8140
8707
8142
10538
9087
8708
8274
8028
9020
7723
8300
9605
8280
8411
8625
8795
7603
8538
8676
7668
9318
7613
9135
8710
7732
8331
8841
8669
8764
8186
8869
7818
7683
9827
9035
8611
7605
8616
7248
9056
10018
8369
8938
8631
7812
8149
7794
8275
7771
8868
8158
7881
8055
8744
8709
9328
8484
7507
8923
7358
8705
9097
9267
7762
8006
7743
8603
11430
8601
8420
8736
7944
8271
8195
7659
7832
7586
8425
8589
7746
9055
9293
9124
8805
8071
7523
9060
9276
7654
8087
8519
9043
7492
8096
8598
8866
9435
7949
8425
8222
8758
9175
7485
8364
8614
9118
8573
8502
7323
8510
8004
7794
9295
8194
8432
8432
8473
8070
9436
7471
7670
8635
8445
8224
8000
9235
7753
7971
8023
7661
7552
9307
7443
7828
8125
7490
7881
7726
7805
7280
7986
7159
8143
9319
8357
9108
8215
9241
7569
8015
7454
7767
7486
7770
8687
9740
8904
8242
8357
9015
8155
8692
7543
10297
9092
8629
9112
8281
9061
7415
8302
8886
8252
8762
8855
8019
9208
8928
9217
8090
8970
7508
8519
8859
8366
9136
9062
7741
8594
8073
9008
8463
9025
9148
9268
9404
7556
9099
9400
9156
9108
7912
8010
8874
8728
7523
8913
7779
9052
7251
8332
8976
8055
8785
9179
8617
7869
9150
9230
9233
8742
8031
7846
9143
8311
7662
8506
9166
7975
9269
8856
9158
8544
8087
8770
8222
9242
9039
7697
8315
8491
7912
7745
8353
8716
9666
8423
7934
8509
7764
8903
8195
8393
8501
9061
8671
7695
10041
9344
10671
8811
8771
7961
8630
7975
8614
8448
9470
9000
7778
8514
8199
8323
8955
9859
7421
7774
7529
8159
8211
8456
8209
7350
8166
8496
8363
7972
8912
10025
7453
7459
8235
8408
7718
8574
8201
8476
7930
8243
9018
8235
8374
8005
7768
8962
8902
9046
7756
8373
7938
8128
9741
7989
7969
9072
8046
8034
8128
7515
8067
8569
8741
8349
9885
7819
9118
7976
8514
8314
7441
8041
7487
7819
8003
8410
8238
7350
8414
8384
7997
7964
8617
8192
7653
8153
7496
8761
7917
9172
8003
7333
9220
7903
8376
7983
8435
8382
7598
9276
9321
8453
8013
8393
8125
7348
8613
7702
8730
8296
8292
8188
8053
9198
7921
8030
7866
9031
8636
8538
8393
8757
8070
8569
10884
8553
7876
7934
9344
7607
8180
8239
9146
7992
8376
8201
8075
7653
7967
9184
8297
8789
8664
7772
8617
8508
8916
7905
7562
8635
8641
8951
9073
8571
8076
8514
8696
7439
8557
9281
8832
7715
9100
8916
8937
9417
8875
9245
7663
8102
8857
8761
8996
7630
14399
7703
9159
9264
8786
8660
9995
8741
7479
8775
7944
7573
8770
8463
7531
19078
7625
9096
10794
7841
7924
7866
7937
8924
8605
8912
8530
8615
9241
8269
8054
8731
9186
8974
8579
9035
7248
8831
8622
8757
8560
8057
7996
9641
8701
8322
8331
8614
8254
7514
8846
8626
8557
9266
8667
7522
8185
8628
8250
8734
8403
8552
7251
9349
8415
8661
8773
8851
8222
7367
8873
8770
9181
8441
8869
8783
7940
8269
8717
9603
8669
7334
10942
8332
9000
9041
8609
8465
8779
8847
9085
8893
8843
8782
8876
7893
7641
7353
7941
8707
8789
9788
8348
8872
9209
9055
9072
9060
7487
8241
8026
8949
8400
7602
9024
8966
7692
7676
9028
7713
7478
7760
7599
8194
7661
8346
9902
8618
7888
7458
7584
9188
8691
9958
8308
7653
9017
7809
9115
8084
10050
8032
9000
7923
8029
7943
11392
9071
8960
8281
8874
7339
9190
8258
7743
7942
8107
9100
7713
9102
7441
7744
9076
8632
8379
7764
7440
8003
7902
8666
8474
8240
7466
8999
8615
8792
7897
7876
7592
9005
8538
8590
9285
8126
8557
8536
8676
7656
7465
7463
9145
8050
8818
8865
9641
9076
8478
9359
8036
8291
7791
7394
8000
8774
9099
7572
8406
9866
9835
8871
10005
8535
8437
8266
7471
8914
8923
7623
8995
7379
7429
8212
8600
8071
7693
8321
8528
7978
7520
9071
7942
7220
9206
8265
9315
8038
8995
9166
7283
7936
8703
9663
7844
8551
8921
7747
8134
8691
8410
8418
8728
8625
9216
7820
7507
7752
8586
8984
8392
9348
8473
8645
7953
7571
8556
8507
8146
7779
9414
8416
8511
9073
8342
7353
8816
8384
9038
8577
8532
8707
7892
8301
8714
8635
8637
8800
8583
8599
7657
8748
8774
8715
13874
7625
7997
8325
8692
8831
9558
9066
8655
8210
7771
8812
8433
8844
7994
8371
7449
8373
8626
9174
9451
9122
8391
7881
8190
7534
9761
8674
7485
9965
8002
7517
8698
9154
8496
8133
9107
8715
8235
8875
8800
8979
8414
8262
9066
7561
9886
7923
9600
7769
8510
9002
10043
7784
9421
9186
8523
9942
8110
8743
9077
8696
7899
7611
8785
7808
8917
7894
7904
8298
8466
8214
8034
8434
7998
7974
9241
7734
9021
9405
7964
8149
9128
8769
7913
7772
7879
8436
8151
7564
8264
7339
8881
9835
8799
7992
8217
9184
7612
8203
8251
8322
8015
7385
7739
8722
8473
8034
8230
7961
8354
8806
8025
8246
7927
8648
7974
7692
9106
9835
7554
8221
8579
8020
8353
8400
8849
8702
8617
9930
8024
8400
9456
8101
8722
8332
8586
7395
7402
8563
7830
7806
8980
8613
7841
8456
8681
8061
9442
7979
7727
9348
8828
8036
8873
8719
8115
7708
7994
8337
8713
7983
8006
8164
7451
9168
7958
8358
8866
8536
7975
7458
8905
9022
9307
8032
7794
7974
8139
8861
9217
8448
7953
8217
7822
8589
7779
8747
7528
8000
9707
8414
7823
8400
8221
9154
8025
8410
9418
8014
8574
8250
8390
7928
7311
9310
7320
9428
8054
8106
7825
8473
8774
7914
8256
8092
8834
8017
8633
7757
7923
8225
7937
8451
7974
8051
8470
8397
8196
7917
9061
7993
8251
8161
8051
7884
8018
10210
10641
8074
8376
8887
7574
7775
8362
8533
7572
10171
8746
7965
9195
8672
8914
8212
8156
8153
8361
8737
7574
8739
8571
8109
9061
9259
8462
7909
8839
7548
8577
8675
8605
8843
7916
8663
7750
8993
9046
7705
8307
8101
7473
8821
8312
8999
9225
8821
9017
8235
7761
9014
9078
8346
15729
8376
9158
8398
9853
9180
8981
9289
8835
7446
10503
8562
9334
7587
10096
8196
7976
8702
8553
7776
9148
8556
7992
8423
7555
9279
8701
7731
8896
8394
8675
8210
9143
7891
8348
9217
8610
8565
8837
8391
8003
7567
9661
8585
7994
7594
7921
9129
8952
9041
9034
8964
7419
8042
7609
8298
9075
7322
7559
9147
7898
9264
7748
9261
8345
9958
9010
9378
8694
7537
10082
8229
8565
7436
10905
8193
7811
7620
7515
7693
7744
8924
9100
8044
8420
8509
9721
8986
8616
9006
8176
7682
8716
7675
8959
9883
8913
7594
8589
8645
9126
9037
8982
8473
9405
8085
8860
8912
8623
8596
8816
8189
8367
7460
9179
8719
8219
8738
7394
9125
9232
7820
7488
7689
8947
8415
7800
7680
8884
8964
8523
8596
8357
7792
8888
8984
9874
10124
9799
7969
8204
8620
8993
8595
8674
8193
7770
8969
8572
8989
8751
8429
8342
7972
8556
9267
8796
8890
8575
9145
8873
8164
9077
8589
8618
7413
8270
9046
8503
9641
8196
8926
8083
7943
8850
8170
9663
7579
8778
8676
8130
8804
8630
8928
8032
9205
8323
8984
8839
8759
9239
8897
8540
7831
8907
8696
9656
8969
8918
8375
7761
8857
8780
8736
9149
7408
11051
7531
8097
8705
8941
8765
7303
8566
7584
9009
8756
8540
9015
8130
8491
11144
7743
9120
7492
9117
7331
7880
7338
8329
9061
8994
9625
8410
8866
9382
9656
8964
8708
8695
7523
8252
7996
9191
7993
8821
8218
7367
7831
8161
8420
7842
8037
8316
7808
9564
8682
9042
7977
9624
8596
8548
9113
9011
8901
8854
11400
8132
8391
8323
8888
8753
8881
9159
9076
8157
9133
8907
8674
8848
9056
7897
8521
7848
9887
8951
8758
9017
9288
8590
7833
7833
8899
7683
8818
7907
8375
9294
8244
7560
7977
9049
9383
7531
8189
7714
9966
7452
8617
8180
7487
7558
8938
9131
8062
8500
9025
8112
9133
9333
8626
7882
11264
8838
7252
7651
7609
9316
7931
7762
8834
8829
7636
8820
8538
8841
9424
7734
7738
9264
9092
7845
7555
7810
9206
8822
8786
7795
7764
7633
7387
8692
9954
8815
7912
7934
8219
8002
8101
8303
9628
8852
11344
9170
7661
7916
7646
8261
9140
9455
8310
7450
8530
8281
8633
9206
8013
8972
7420
8592
8051
7497
8839
7390
8009
7745
7831
7475
9249
7754
8411
9098
7873
8716
9878
9153
8697
8390
7564
8395
8856
7424
8127
8871
7956
8180
8143
7684
7553
9600
9282
7523
8656
9066
8758
9017
8250
8021
9213
8000
7758
8415
7189
11207
7600
7294
8242
7614
7602
7773
7882
8880
7243
8179
8655
8150
7831
7765
7564
8243
8855
9102
9251
7985
7536
8093
8476
9093
8323
8894
7605
8719
8860
9483
8614
8326
7645
7712
10576
8618
7483
7498
8518
7711
8351
8184
8523
7520
8622
7954
9228
8041
7328
8471
9599
8733
8739
8497
8215
8414
8986
8287
7833
8011
7606
7643
7983
7875
8853
8676
7952
8038
8748
8468
7553
8845
7685
7492
8315
7843
7293
8812
8398
8604
8830
8402
8770
9067
8463
7514
8687
8159
7812
8997
7481
8144
8648
7526
8912
8400
8277
8958
9906
9461
7888
8888
8532
7646
8030
7912
8801
10118
8588
8674
9135
8154
7969
7509
8483
8284
7980
8005
10865
9201
9271
7620
7845
8091
7557
8735
9085
7689
9214
10046
8021
8969
9306
7955
11656
7969
8560
7459
9391
8354
8476
8180
9648
7532
7413
8388
7810
9045
8497
7570
7671
8047
8107
9500
9338
7843
9295
7516
8565
8071
7773
7697
10035
7844
9261
8069
9173
8983
9225
7871
9578
8798
7831
8824
7964
7650
8801
7914
8684
7550
8339
8479
9375
8155
9212
7460
8112
8541
7561
7960
8635
7967
8976
7512
9500
8817
8489
7938
8450
8364
7952
7579
8287
9595
7794
8113
8010
7625
9960
8491
9174
8263
8355
7907
9198
8564
8343
9060
7912
8072
10044
8157
7716
7904
9159
7862
10160
9058
9828
7676
7820
8592
8504
8266
8403
8626
7617
8386
7575
7896
7795
9000
7715
7750
9953
8558
8123
7973
7988
7610
8877
8938
8435
8599
8461
7523
7563
8651
8580
9071
8085
7538
9499
9017
7989
8387
8007
9298
8328
8317
8110
8625
7491
8433
9025
8049
7770
8779
8174
7993
7859
8936
8314
8963
8272
10022
8442
7353
8975
8412
10327
8295
8276
8964
8437
7952
8287
9027
8132
8764
7738
7477
7752
9016
9087
8597
8207
8381
7785
7593
8425
7733
9246
7366
7966
7506
8885
8614
8816
8566
7408
9185
8666
8783
7654
9179
8343
8213
9069
9042
8728
7994
7553
8543
8169
7543
8177
9195
8661
8753
9117
8079
8279
8563
7948
7466
8114
8917
8298
8866
7532
8736
8976
7364
11052
8595
8476
9220
8332
8695
8158
7733
9375
8166
8290
8317
8047
8589
9256
7803
9777
7454
9777
7862
8393
8112
7658
8152
7989
8650
8621
7529
8515
8134
7895
7529
7946
7797
8751
8689
8295
9676
8871
8505
7491
7774
8639
8235
8895
7470
9819
8362
8294
9950
7765
7415
8758
8368
8514
7900
8640
8579
8339
8552
9299
7648
8204
8005
8122
9225
8410
8689
9705
7377
9035
8664
7850
8605
8976
8817
8020
8405
8360
8912
8534
8877
9261
8431
8299
8823
8747
8594
8953
8712
8615
8979
9561
8885
8631
8425
8752
7282
8748
9009
8838
8794
8427
8594
7719
8472
8617
7511
8622
7659
9226
8509
8996
8988
8795
8615
7643
8388
7861
8619
9636
9076
8629
8268
7789
8097
8394
8521
8686
9816
7209
8051
7954
8185
8794
9082
8617
7952
8374
8579
8576
8677
9235
9490
7692
7989
7439
9201
9242
9181
8289
7363
9600
9435
9051
8824
9174
9260
8608
7932
9963
9702
8635
8460
8636
8568
8444
8782
8614
8833
9453
8608
7331
8435
8801
8248
9742
8198
7731
8173
8264
8611
8892
8704
7776
8052
7243
8935
8533
8589
8576
8591
10441
7346
8213
8646
9797
8738
7390
9415
7455
9224
8995
9466
8615
7604
9206
7969
9020
9271
8549
9001
8280
8391
8579
7892
8720
8950
8871
8167
8046
8774
8438
8599
8160
8645
7428
8845
8917
8994
8090
8909
9128
8305
8856
8964
8921
8401
8118
7692
8164
9244
8646
8625
8743
7284
8279
8648
8674
8707
8838
9108
8700
9056
7671
8198
10053
7777
8639
8546
7969
8634
8995
8697
9106
8907
8299
8935
8914
9061
8712
8347
8758
7994
8000
8625
8284
8901
8803
8615
8875
8213
9106
8919
8676
8957
9539
9034
8270
8751
7755
8312
8574
8796
7378
8656
8996
9073
8617
10855
7611
7283
9199
8771
8925
8339
8415
7799
8102
7887
8814
8487
7716
7955
8473
7539
8292
8979
9051
8766
10137
8665
7736
9091
9747
7550
7969
8748
7908
7943
8434
8852
9067
8338
15848
8890
8669
9420
8920
9166
7739
8391
8726
7784
8933
8122
8542
10051
7728
8019
8764
9166
8057
10619
7541
7880
8477
9426
8514
9534
7749
7487
7403
7714
9140
7983
8355
8679
10024
7974
8784
8065
9044
7751
8016
7761
7364
8420
8140
8636
8512
7640
8035
7308
11374
7560
8792
9074
8510
7971
8686
8964
8846
8925
7697
7813
7751
7159
8997
7410
8743
9232
8330
8050
8438
8370
7795
9209
9841
8486
7625
7304
18203
8648
9077
7764
9052
8157
8297
8377
8555
7976
8009
7390
7920
7560
8174
8435
9025
9217
8919
8411
7681
9276
7620
9067
9517
8193
8137
8328
8631
7774
8633
7646
8094
8633
7963
8943
10246
9039
8068
7706
9016
10080
8778
7635
8635
8317
7704
8302
8513
7546
7998
7395
7825
7664
8776
8654
8379
8940
8251
8800
8352
7637
8271
8785
9259
8009
9062
7659
8698
7571
7817
9109
7378
8736
7774
8988
8474
9297
8392
8835
9073
8196
8323
8918
9275
7880
8056
8563
7593
8579
7551
7830
7725
8714
9096
7936
8152
8377
7733
8662
8171
8180
7682
8418
7794
7410
8343
7379
10313
9400
8876
8673
8565
8710
8143
8835
8331
8412
7620
7727
8897
7176
9164
8015
7485
7448
7997
7594
8593
8948
8841
7435
8823
8292
8220
7753
8334
10555
8587
8199
8712
7870
7676
7630
8948
7819
8539
8394
8070
8234
7833
7676
8837
7751
8197
8814
7430
7795
9228
10084
8394
8262
8529
8021
9025
8516
8302
8784
8116
7872
8656
8028
8211
7451
9128
7472
8149
8961
9148
7681
8001
8438
7988
8189
8606
8568
7420
8901
9236
7974
7471
8009
8646
8366
7422
7523
8998
8384
8364
10241
7602
8076
8748
8797
7812
8466
8696
8713
8369
7769
9193
8750
7736
8389
8753
8483
8398
8447
8142
8941
8805
7692
7551
8517
8812
8690
8697
7765
8736
8972
9077
8626
7964
9614
7992
8862
8534
9115
8253
8280
9941
8538
8163
7884
8725
8385
8215
7933
8293
8223
8441
8902
7747
8309
8072
8310
7971
8200
7489
8353
8579
8296
8274
8032
8487
7559
7976
8466
8203
8376
8356
9074
8725
8102
8148
7682
7574
7922
7583
8982
8734
8516
7741
7860
8194
8384
8215
8087
8485
8572
7901
7619
10292
8527
8161
8474
8113
7987
8005
8189
9477
8135
8072
8129
8630
8154
8016
8540
9870
9349
7938
7684
8093
8133
8680
8397
8768
8184
7251
8507
7915
9035
8184
9177
8056
7713
8661
8307
8934
8021
8529
8589
9166
9214
8656
8613
8019
7291
7613
7261
9203
7780
8120
7941
7491
8142
8338
8197
7833
8446
7912
7793
8593
8899
8591
7991
11390
9635
7307
8000
8255
7694
8187
8661
9483
7730
8600
9000
8147
7917
8482
8021
7958
8880
8241
8214
7831
8158
7983
7785
8189
7908
8349
9872
8280
8092
8000
9020
7891
8887
7898
8493
7818
8709
7876
7978
8615
8375
7709
9610
7686
9005
9354
8312
10578
7543
7657
7834
8496
8237
8467
8251
7338
7818
9194
7955
9031
7816
8081
8276
11879
8855
8852
8158
7949
8073
8075
8271
7892
9343
8132
8654
7619
7400
8267
8151
9117
8288
8192
8235
8325
8221
8121
8403
8300
9818
8276
7893
8922
8637
8169
8174
7861
7963
8224
8684
8010
9395
8113
8526
8092
8557
8150
7820
8414
7990
7731
9008
7802
8203
7999
8673
7979
8543
8101
7933
9523
8376
8216
7821
8135
8879
8033
8376
10905
9178
8156
8610
8861
8995
8420
8011
8143
8162
8231
8829
8209
9093
8173
7995
7978
7648
7928
8109
8697
8938
8405
9080
9523
8092
8363
8233
9005
8476
8317
8317
9232
8397
8626
8319
8044
7458
7718
7472
8996
7756
7597
8151
7538
7752
8772
9153
8562
9103
8216
7818
7932
7831
7140
8441
8938
8789
7225
7063
8574
8394
8710
8589
10134
8353
7668
8482
7866
8835
8547
8849
8656
7761
8276
8359
7504
8527
9051
8708
8307
8827
7582
8833
8921
8095
8502
7550
8038
8656
8004
8743
9874
8878
8277
8757
8677
8273
8333
7696
9197
7268
8021
8625
8206
8987
7266
9661
8556
8779
9582
9076
8338
7612
9022
8856
8177
8533
8969
8907
7497
8409
9729
8833
8551
9205
8657
7969
10910
10215
8853
8364
9034
8550
8027
8214
8763
8386
8861
8374
9486
7765
8533
9093
8778
9115
7348
9517
8544
9225
9198
8389
9425
8236
8943
7230
8738
8708
8979
9741
8304
9530
8656
7427
9815
8036
8457
8667
8081
7972
8515
8607
8171
8648
7280
8778
8974
7973
8684
7734
8833
8128
7391
9678
8751
8671
8389
9041
7586
8051
8969
7700
8940
9107
8062
7910
7448
7553
7859
9036
8728
7648
7805
8933
9962
8076
7469
8248
8139
7277
8255
7386
7605
8779
7333
9278
8410
8004
8387
8031
8753
7408
8176
7942
9323
9044
8392
8596
7496
8634
8655
8000
8556
9226
8705
7591
8017
8804
8256
8819
8344
8885
8338
7635
9507
8488
8755
9176
8567
9057
7819
8792
8903
8871
8331
8222
8140
7800
8728
9076
8875
9010
8875
7917
8693
8651
7415
9166
7801
8866
8581
7681
9257
8711
8737
7996
8439
7548
8774
8639
7607
8682
8464
8375
8551
8052
8656
9383
8595
7648
9002
8418
9000
8668
7728
8686
8136
9396
7833
7405
8115
7551
9609
8246
8561
8802
8411
8580
7888
8528
7560
7379
7389
7478
9659
8991
8405
8374
8007
8895
11563
8014
8809
8314
7917
9570
8387
8523
8918
7611
8448
7810
8125
8704
8469
8216
10038
8011
8370
8523
8967
8275
8537
8825
8169
7661
8770
8475
8203
8205
7612
8878
7761
8024
7454
9080
8927
9088
7956
8410
8599
7392
8981
8071
7803
7532
8137
8503
15156
7430
7530
9292
8252
8127
7596
8153
7507
8058
7634
8184
7731
9002
8425
9078
10035
7954
9013
7853
7692
9123
8791
8515
8486
7709
7370
8977
8762
9214
8035
8263
8975
8082
9440
9828
8616
8363
8175
9061
8071
8857
7987
8105
8656
7609
9480
9971
8838
8420
7841
8709
7534
7933
7837
7559
7794
7933
8554
8268
7712
8030
8947
7905
7363
8393
8556
8657
7782
8393
8824
8528
8704
7782
7502
7387
9282
8574
7873
8102
10502
7878
8553
8470
9625
9301
7955
7241
8138
7800
8779
8396
7764
8084
7792
9256
9049
8458
9033
7760
7712
10323
7647
7530
9059
8218
8614
8985
7456
8010
8597
8225
7836
7800
8926
8114
8444
7465
9152
8964
7487
8769
8175
7852
8977
7851
9105
7279
8780
8612
8478
7803
8783
8143
7358
7487
9227
9117
8920
7531
8233
8002
8422
8638
10005
9066
7682
8073
7553
8497
8253
9255
8292
7708
7547
8066
7517
9040
9001
8374
8630
7973
8578
7451
8055
8151
9188
7481
9337
7582
9054
8142
7764
7473
7593
9006
12339
8246
9097
9144
8462
7805
9197
8374
8778
7592
7372
8616
8203
8795
8061
8328
7647
7801
8114
7466
7549
8674
9164
8558
8231
8051
8153
8642
8819
9294
9750
8488
9618
7671
7559
9882
8005
8615
8390
8722
7831
8293
8420
8748
8562
8046
8393
8642
8850
8794
8550
8620
8414
9287
8664
8476
8774
7504
8702
7504
8389
8825
9004
7774
8713
8731
8577
7803
9147
9122
9077
9136
7539
7512
8262
8183
7777
8485
7989
7638
9056
8097
7969
9054
9447
8246
7923
7483
9207
8897
9005
8117
9398
7353
7859
7744
11589
7749
7703
8295
8374
8127
8294
9012
9636
7521
8032
8312
7389
7735
8220
9141
9046
8394
8094
8132
8900
8490
7875
9902
11162
7725
8061
8676
9067
7973
8979
8271
8314
7465
8560
7439
8134
8867
7285
8856
8045
9220
8980
8657
9391
8572
8789
8622
9120
9501
7464
7985
7717
7449
8153
8656
9030
7764
8103
8512
7571
8135
7846
9929
9462
8003
7380
9827
8475
8753
8143
8737
8013
8075
9258
7819
8095
7859
8451
8795
8420
8756
8038
8023
7872
10311
8571
7608
7609
8055
8629
8295
7483
9176
8493
8754
8378
8173
8406
7830
7552
7318
7580
8177
8642
8133
7367
8023
8025
8042
8199
8541
8180
7434
8398
9070
8396
8274
8750
8431
7682
9451
8076
8564
8935
8543
8801
7802
8943
9802
7609
7698
8117
7769
7749
9884
8077
8428
8218
8251
8162
8445
7973
8194
9084
8617
8696
8928
7337
9031
8413
8348
8903
8120
8240
8107
9394
9149
8126
8252
8536
8584
8007
8444
7998
8046
7706
7682
8581
7912
7779
8075
8352
7832
7491
7793
8220
8832
8116
8275
8171
8222
8391
7850
7590
7782
8671
7540
8207
8498
9252
8610
10928
8940
8181
7473
9076
8256
8446
7833
10061
7916
8596
9040
7863
8548
7993
7838
9224
7601
8298
8179
8409
8476
8410
7676
8451
8697
7978
8817
8870
8576
8872
8343
9016
7890
8029
7945
8508
8527
7900
8517
8861
8134
8072
8371
8405
8067
8656
8071
8430
8449
7648
8413
8881
7764
8077
8753
8067
8755
9800
8380
8086
7784
9512
8382
10138
8513
8547
7964
8307
10923
8304
8549
9200
8955
8035
8405
9415
8150
7653
7538
9215
7604
8068
7782
7581
7572
8785
7993
9727
7671
8706
7589
8046
8342
9347
8977
8702
9478
8142
8492
8825
7996
7712
9269
10126
8244
8749
9138
7574
9066
8285
9079
8153
8057
8745
8738
7925
7800
8560
8808
8280
8017
8456
7579
8563
7431
8516
8506
11487
9637
8738
8077
8557
8636
7579
8619
7743
8036
8604
8183
9902
7561
7919
8596
18481
8184
7784
7758
8069
7564
8574
8810
17330
8577
7562
8037
8586
8300
8007
8663
7773
7523
8833
8515
8973
9184
8560
8745
9153
8644
9194
8759
10117
8791
8239
9170
8737
8942
8696
9036
8629
8593
8023
8615
8669
9616
8811
8572
8651
7581
7386
9121
10805
7825
8875
7665
8415
8637
8900
8819
7477
7521
7374
8363
8799
8952
8699
8217
7691
8277
7803
8566
9061
8387
8202
8232
9808
9128
7805
9109
8430
7454
8107
8924
8391
9738
8758
8861
8456
8312
8008
7638
7982
8133
8614
7486
8276
8502
8312
7871
9041
7507
7749
7671
8243
9346
9277
9235
8577
7508
7553
7408
9454
8205
9625
9038
9453
8415
8207
8963
7708
7656
8446
8172
7559
8935
8532
8858
8724
8741
8133
9646
8015
9131
7779
8622
8866
8177
7573
8003
9047
8158
8374
8202
8293
8515
8795
8228
9405
7505
8024
7970
9035
7998
8917
9286
7681
8542
7842
7972
7502
7588
9358
7431
8569
8353
8543
8075
8220
8189
7420
9361
8974
7853
7885
7378
10117
7311
8138
8112
11341
9131
9579
9000
8095
8692
8224
8331
8102
7628
8020
7595
8123
8088
8292
8899
8649
9087
7659
8210
9402
8175
8199
7490
8155
8564
8307
8377
8066
8410
8348
9120
11761
7702
7935
8881
8420
8328
8706
8348
8205
8214
8120
7992
7441
9537
8974
8318
8276
9211
8516
7493
8174
7764
7872
8779
7971
9346
8704
7535
8034
9256
8670
8009
8278
8283
8885
7769
8825
7734
8740
8516
7384
9046
7584
8042
7527
9595
8759
7986
9212
7390
7624
7392
7774
8174
8591
8609
7590
8222
9092
8962
7894
7614
7492
8953
8425
8816
8605
8763
8358
7701
8836
7932
9135
8553
8896
7493
8051
8977
8147
7647
7532
7773
8107
7871
8748
8005
8181
8371
8567
9922
9112
8010
8104
8607
7509
8059
8850
8865
8220
8460
8483
7588
9030
8917
8819
8175
8600
7433
8410
7579
8386
7601
9046
9252
8133
8270
7715
7501
9055
8320
8220
7754
8629
7793
8558
7856
8956
8313
7741
9697
9036
8928
7627
7547
7379
7646
8287
7497
9086
9300
9375
7991
8615
7635
8556
8205
8471
7492
8056
8412
8118
8526
8027
8385
8892
8415
8844
8857
7981
8181
8497
7752
8425
7931
7629
9302
9205
10226
8461
7727
9108
8017
7903
8579
7389
8225
8651
8983
7988
8775
8787
7451
12049
8803
8964
7633
9080
7511
7723
7789
7340
8301
9056
8102
7543
8054
8273
9744
7589
8095
9009
7965
8263
7694
8242
9455
7999
7875
8922
8820
9198
9136
8517
7973
8417
8754
7449
9320
8768
7662
8025
8193
9997
8213
10674
8897
9170
8935
9030
8114
7728
7683
9603
8358
9200
9026
8671
7341
8771
8930
8425
8734
8357
8225
7492
7557
7491
9317
8680
8043
8054
7929
9046
7494
8417
7512
8334
8190
7367
7791
7461
7758
8758
9055
7568
8374
8352
7860
8387
8911
7350
7451
9155
7563
8000
8813
8003
7771
8384
7730
8071
8246
9211
7995
8326
7649
8783
8615
9272
8450
8760
8635
8323
8257
9098
9597
8172
8273
7596
7622
9142
7922
8425
8319
9533
7416
7557
8371
7781
8430
8446
8420
7795
9144
9887
8694
8052
7687
8170
8353
7952
8004
9190
8856
7434
7972
8651
9002
8571
8169
7984
9197
8158
8271
8635
8759
8908
7773
8711
9465
7670
7664
7725
8849
7586
9040
7743
7418
8199
7948
8709
7975
11131
8515
7609
9535
8722
8558
9535
8091
7882
7668
8026
7543
9134
8744
8189
9053
7912
9135
7929
9256
9036
9197
8873
7325
9446
9120
8159
8891
8381
8882
8598
8344
8813
7789
8644
7392
8438
8609
8518
9380
8774
8697
9124
8037
8979
9163
7556
12082
9263
7395
8961
8647
9044
8693
9016
8736
7723
7869
9123
7856
7423
7621
10282
8130
9457
9060
8847
8967
10687
9158
8056
8003
9055
7717
9878
8353
8879
7766
7647
8916
7568
8632
8206
9247
7532
9517
8574
7769
9105
7994
7723
7713
8666
7615
7494
9157
7826
8541
8914
8636
7753
8891
9010
8549
8469
7429
7889
9428
9282
9420
7933
7736
8069
7476
9146
7800
8191
7491
7970
8996
7705
9257
8785
7418
7312
8627
7781
7910
10791
8435
9035
7303
7892
8478
9035
9022
8876
9190
7810
8698
8706
9206
8581
7371
9517
7768
9035
8805
8803
8754
7964
7571
8594
8253
8626
9170
8687
7442
7519
8749
8467
9210
8834
8778
7271
8946
8600
9015
8885
7514
8824
7556
8913
8845
8725
9050
8779
8658
8001
7393
8757
8071
8244
8953
8755
7411
8771
8736
8155
8625
11462
8765
8811
7451
8579
10045
8603
8686
8143
7837
7477
8758
8005
8584
7710
7545
7651
8984
8651
8789
8697
8536
9169
7640
8811
8660
9186
8800
8199
9196
8246
8743
9012
8615
8807
9465
8620
8025
9185
8790
8287
8756
8274
8627
9527
8609
8439
8736
8784
8358
8235
8445
7789
8381
9256
8879
8269
8534
9676
7887
8537
8284
8433
9791
7772
7488
9399
8427
8332
8394
7486
8076
7818
7572
8643
8186
7628
7717
10031
8983
8153
7768
8413
9057
8575
9218
7844
9832
9531
7602
8472
8612
8917
7638
7451
8212
7545
8830
8056
7778
7536
7890
8383
11874
10559
8134
8773
7802
8975
7769
7624
9581
9200
8287
8114
8016
9073
8391
9038
8296
11365
8143
7675
9160
8273
7489
7979
8719
7912
8995
10891
8156
8457
7610
10039
8430
7674
7690
8127
8123
7672
8297
8487
7629
7705
7909
8737
8494
7569
8240
8627
9254
7420
8178
7753
9333
8213
9205
7579
9038
7760
7612
7698
8938
13453
8562
8235
7785
7846
8130
7851
7851
8943
8609
7974
7478
8034
8362
8608
14641
8174
8858
8863
7654
8182
8497
7570
8569
7671
8278
7494
8596
8215
8074
11971
9508
9061
8094
8932
7780
7794
7634
8704
8292
7606
7939
7789
9615
8819
8357
8307
8958
8224
8503
8891
8936
8951
7457
8851
8676
8246
8830
8402
7834
8416
9967
9064
9206
8462
7709
9861
9733
7932
8068
7394
9453
9291
7753
7866
7757
8010
7441
8778
7593
7970
8634
8398
8852
7353
7671
8553
9239
7590
7969
9335
7897
8416
8302
10128
10039
7533
7902
8252
7459
7845
8317
8593
7651
9185
7967
8640
8777
8505
7537
7750
8214
8544
7670
7640
9402
8609
7951
8033
9688
8177
7623
8758
8409
7872
7907
7994
8919
8608
8376
8793
7784
8928
7702
7768
8259
8493
8036
7738
7450
9256
7738
7723
7895
8817
9047
8361
9652
7678
8267
8167
8027
7901
8434
8031
8266
8394
7789
10652
8672
8332
7955
8653
8708
7974
7657
7391
9407
8848
7523
7585
7643
8801
8416
8028
8360
7649
9307
7484
8415
9441
8464
9150
8630
8905
7794
8026
7753
8476
8165
8254
8155
8275
7844
7829
8866
8034
8394
9045
7447
9658
8070
7926
8792
7441
8940
8022
8641
8836
7706
9048
8610
8492
7907
8785
8115
8324
8086
8733
8174
8532
7651
9955
7841
8282
8398
8803
7709
9909
7698
9142
8989
10298
7710
7910
8067
8105
8789
7451
8595
8908
7256
8110
7792
8838
7591
8419
7887
8497
7399
9000
9254
7536
7386
8507
9118
7636
8811
9983
8997
8594
9004
8053
8358
7477
9344
7596
8020
8692
8747
8616
7965
7666
8895
7787
8159
8881
7549
8818
9270
8817
7652
9123
8806
8848
8427
8974
8578
8133
9234
9112
8213
8657
10043
10156
7903
9817
7852
8974
8880
7782
8548
8471
8756
7800
8687
7589
14834
7872
8084
9254
8613
8819
7451
7347
7999
7819
7917
8801
9131
8779
7813
7821
8205
7431
8139
9564
7816
7702
7832
7712
7835
7882
9001
8424
7970
7625
9205
9234
8640
8902
8798
9576
9141
8164
7973
9068
8979
8807
7944
8707
8568
7643
8333
8545
8787
8377
7597
8744
9271
8012
8086
8240
8098
7929
8707
8801
8374
7198
7805
7613
8687
8417
8573
8647
7697
9162
8206
8006
8694
9425
8596
7794
8917
8199
9229
8766
8516
8687
8067
8518
8881
7546
8452
8834
8976
7391
8861
9043
8111
8328
8866
8830
7751
7881
7953
9393
9000
7490
9222
9621
8420
7594
7785
8439
9343
7449
7165
7497
8659
8781
9080
7206
9146
8293
8813
9187
8414
7410
7958
9072
7353
8392
9807
8743
8415
8092
7931
7782
7883
8912
8819
8273
7898
8864
9129
8964
8524
8505
9744
7473
8334
8641
8492
8946
9224
8815
7456
7576
8646
9262
9646
8592
9079
8378
7779
8610
10071
8726
8919
8149
8263
8871
7521
7917
8110
7512
7494
10343
8186
9082
8938
7814
9648
7995
8441
8361
7710
7868
7988
7728
8576
8061
7937
9392
7507
7751
8548
8687
8630
8149
8081
8562
7851
7765
8180
8989
8425
8204
7777
8933
8194
9076
8579
8118
7792
9107
8062
8095
7699
8424
8092
8367
8200
8365
7598
8538
8491
8767
8454
9037
7518
7989
8207
8264
8462
8446
8210
8677
7666
8079
7503
11591
8843
9232
8542
7389
8184
8123
8210
9764
8329
7717
8505
9089
8117
8271
7911
8433
7857
7736
8053
8646
7771
7878
8571
9282
8122
8804
7748
9523
7747
8284
8822
7570
8530
8072
8843
9476
8494
8106
8156
7984
7994
9009
7825
8406
9299
8033
8033
7626
7951
8154
7604
8811
7522
8314
8395
9641
7791
8690
7578
8299
7526
7421
8174
11593
7719
7787
8378
8930
7557
7943
8192
7640
8374
7594
9159
8209
9964
7488
8205
7835
8179
8253
7571
8589
8671
7520
10023
9130
7774
8178
7842
8211
8211
8932
8252
9266
8141
7917
8576
9532
7605
10664
8293
7734
7941
8051
8009
7829
8078
8465
9274
7488
8514
8475
8584
7795
15748
8615
8569
9525
8394
8194
8584
8693
8348
7363
9097
10764
8803
9138
7752
7909
7475
9020
9703
7800
8258
9041
7756
8988
8876
7710
9113
8046
9419
8474
8334
9116
7551
9081
7882
8133
9475
7547
9147
8294
8685
8784
9880
9905
7682
8781
7907
7783
8877
7568
8054
8172
8928
7973
7413
7576
9342
8642
8333
8994
8784
7732
8579
7382
8353
8469
8679
7767
9138
8265
8336
8866
8312
8449
7530
9697
8397
7560
8231
7422
8798
8794
10052
9190
7725
9007
8836
7916
7733
7862
8214
8056
8564
8032
8668
7747
8444
8835
7564
7665
8093
9020
8239
10825
8694
7481
8290
7682
9307
9408
8333
9037
7818
7411
7795
7574
7916
8271
9000
7925
8087
8274
8213
8937
7738
8144
8017
10006
8566
8218
8509
7374
8517
8736
8715
7808
7949
8916
9241
9890
7626
9159
8748
9260
8822
8977
8631
8627
9184
8620
8095
8398
9202
8810
7633
7896
9010
9164
9046
10838
8910
8589
8197
8454
9063
8623
8196
8283
8050
8471
9735
7851
8631
8284
8769
8449
8444
8816
8896
8665
7696
8499
8198
8882
8681
8784
8584
7269
9370
8593
8869
8630
8653
9684
7322
9181
8630
7710
8837
9056
8458
8298
16268
8805
8747
8469
9166
8667
7750
8594
9035
8590
9596
9368
8226
7906
8957
7661
8554
8235
8969
8025
7370
9248
8073
7790
7434
7733
8152
7821
7822
8468
8961
7815
7292
9289
8295
8624
9129
8744
8959
8189
8262
7290
8274
9230
9119
8161
8565
7775
8711
9118
9048
9076
8629
8065
7736
8584
8477
8558
8581
8814
8002
8861
8723
8975
7380
7864
8718
7874
9139
8587
7770
8627
7736
8679
7943
8598
8314
7590
8747
8477
8966
7895
7999
7592
7835
8613
7949
7774
7738
8844
8887
8654
8757
7724
8771
7235
7631
8491
8391
8418
8528
7750
8214
9478
8847
8036
8754
7702
8764
8799
9240
8940
8498
9043
7364
8597
9483
9077
8680
9237
9017
7968
8719
9047
9021
8976
7594
8645
8583
10808
8160
8999
8819
8212
8733
7806
7820
8682
7476
8651
7768
8871
8009
8153
8789
9970
7576
7374
8742
7241
8969
8574
7473
8548
8380
8138
8109
8454
8077
7784
8381
8622
8187
7630
7643
8995
9174
8634
8271
9029
8768
9190
8648
8417
8598
8382
8594
8622
7515
8658
8397
8358
7381
7609
9640
9236
8640
8748
8114
7287
7570
8684
7502
10121
10035
7932
7905
8482
8632
9113
9497
10063
7660
8076
8575
8600
7788
8509
9440
9241
8071
7979
8631
8025
7805
7467
10461
8289
9041
8158
7622
8792
8138
7453
8380
8596
7601
8421
7994
8861
8000
9529
7843
8806
8469
8072
8213
7949
7783
9261
7531
8517
7985
8492
8270
8522
8379
7785
9397
8171
8820
8456
8970
9082
9080
7835
7979
9917
8153
8036
9645
7961
8440
8389
8151
8937
8023
8251
8010
9861
7574
8613
7498
8066
9525
8221
7587
7584
8666
8252
7730
7715
8510
8400
9205
8536
7815
8477
9091
8811
7834
7753
7661
8215
8338
7942
7795
24001
8178
7572
8100
8366
7670
7984
7911
8360
7351
13923
8438
8651
9705
7989
7550
8400
7767
17313
7553
7507
9348
8777
8976
10703
22812
8216
8797
9241
8655
7715
8350
8391
9177
8351
8456
8373
8629
8059
8544
8883
8885
8001
7680
8917
9158
7508
8045
9016
8569
9139
8237
9617
8783
9053
8520
8945
8161
8773
8406
8599
8056
8600
8323
9268
8803
8945
8557
8862
8573
8391
8167
8504
9895
8558
8566
8787
8393
9139
8484
8995
8747
7494
9132
8454
7697
9138
9219
10575
8441
8611
8421
8235
7545
8794
8557
9611
8143
7971
8533
9133
8843
8845
7552
8801
7591
7534
9499
8656
9548
7579
7809
7366
8152
8574
8794
8521
7641
9236
7435
9408
8795
9164
8861
7615
8360
10667
9015
8456
8784
8579
8459
9099
8637
8194
8612
7691
8717
8191
9242
7989
13276
7388
8455
9796
8010
8956
8479
8800
9041
8362
7890
10205
8337
8138
8452
8798
8610
8670
7620
8876
7987
8837
9105
8756
9135
7766
8117
8056
8475
8061
7866
7903
7302
7824
8160
8189
8174
8378
8200
8288
8733
8810
8230
7953
7388
9036
7287
7971
9217
7612
8194
8155
7941
8258
8178
8198
8159
8009
8203
8438
9035
7970
173271
8697
9196
7690
7711
7328
9217
9174
7971
8654
7507
9107
8789
8174
9376
8936
8920
10087
8900
8339
8276
9199
9117
8738
7533
7476
7587
8117
9079
9064
7712
7969
9059
7866
9823
9153
9283
7501
9214
8821
7950
7507
7965
7632
8702
7859
9176
9405
9887
8053
7994
8595
8399
8969
8388
7840
9218
8854
7640
7409
8637
8356
7392
8316
8755
8932
7610
9018
7478
8951
8007
8038
8430
8136
8791
8537
8972
9005
8716
8613
8697
8631
8213
8596
8400
7608
8640
8394
8617
8575
8654
7939
8635
8835
8351
8099
7892
8796
8389
9201
8860
8849
8732
7628
8230
7410
8518
8447
8933
8565
7886
9061
8217
8716
8552
8615
8707
7546
8553
7597
8830
8615
9076
8965
8614
8805
8529
7901
8936
8196
8748
8487
7893
8565
7880
8863
8615
8869
7953
9030
9234
9491
8631
8022
8453
8024
8588
7982
9039
8573
16956
8339
8210
8695
8627
7949
8414
21859
9498
8435
7468
8869
8856
8753
7772
8793
7998
8014
9459
9784
7947
9167
8557
8348
8888
8536
9040
8091
7773
8640
9563
7673
9048
8575
8776
9112
8064
7511
8379
8226
9047
8385
8008
9006
8100
7439
9419
9003
8760
12733
7951
7472
8533
8627
7758
10764
8013
8287
7962
8435
8860
8756
9016
8506
8482
8474
7626
11104
8152
8779
8600
9478
8336
8543
8555
9519
8048
7572
7877
8251
8617
8982
8600
9036
8447
9190
8825
9220
8896
8071
8624
9471
9506
8508
9302
8670
9205
8609
8635
7741
8809
8435
8879
7553
8615
7733
9261
8953
8420
9134
9047
8657
8204
7575
8519
8901
8759
7402
8263
10223
7778
8757
9057
8574
7545
7842
7776
8602
9568
8471
9003
8480
9066
7833
8587
8692
9190
8735
7344
9060
8377
8530
135301
8452
9651
8487
9163
7890
9132
8348
8401
9343
9753
9719
7753
9362
7647
9442
8410
8800
8708
8397
8592
8056
7968
7772
8993
8123
8694
9208
8050
8706
7652
8362
8667
8390
8418
9570
8461
9493
10197
7991
8006
10383
8736
9078
9446
8959
8917
7910
7589
7762
7556
7287
8800
8794
8214
8555
8775
7558
8225
8211
7988
7835
8904
8241
9216
9375
7854
8406
7664
8378
7517
7571
8220
8625
7696
9051
8119
7441
8057
8358
8033
7585
9927
7437
8591
9917
8558
8432
7793
9429
8375
7521
7688
7965
7987
7781
7394
8857
8344
8441
8158
9275
9166
7851
7582
9841
7553
7398
8788
8892
7384
9485
7707
8830
8090
7918
8169
7620
7727
9066
8831
8620
8596
8113
8527
7662
9014
8053
8583
8805
7794
7744
8818
8343
8375
8456
8574
8003
7515
9036
8660
8453
8538
7933
8471
8333
7915
8633
8396
8671
8122
8161
7729
8659
8220
8193
8032
8006
7702
8461
7882
7975
9134
8283
7366
8836
7384
9416
8900
11476
8334
7594
7516
7828
8823
9984
8040
10159
7495
8414
7353
9248
8962
8948
7558
8066
7724
8940
9096
8958
7482
8575
8586
9083
9180
9246
7548
7868
8945
7660
8539
9254
7645
9098
8578
9261
7570
7778
9178
8939
7537
8888
9005
8215
8759
8998
7854
9099
9112
7686
7389
8521
9094
7512
10015
8564
8614
8748
7434
9225
8779
9009
7615
9564
8758
8661
7999
8440
9081
8430
7570
7510
7429
8880
8181
7571
7617
7569
8792
7793
9020
8779
9014
8164
9262
9020
8321
9150
9293
7588
7309
7783
7434
7662
7487
9278
7434
7345
8332
8868
9302
9086
10979
9006
8461
8229
8994
8750
9204
8656
7817
7557
7628
9902
7499
8976
8466
8394
8138
9255
9186
8408
8793
9619
9018
7648
9322
8680
8369
7948
8616
8907
7570
8112
7651
8238
9582
7422
7511
7694
8235
8167
9235
7754
9516
7712
8787
10502
8797
8032
8130
7874
7997
7382
7755
8958
172015
8647
9314
8702
8158
9097
8290
9159
7834
7990
8179
8236
8784
8605
9046
7690
22395
8056
8035
9298
8623
8580
7942
7564
8099
8161
7818
8769
8183
9517
8282
8463
7398
8497
8059
10356
8937
9046
7706
7738
8822
8416
8179
9744
8140
8707
7666
9244
8717
9938
8756
9497
8501
8419
8251
8290
7769
8530
9247
8747
7624
8260
9214
9262
8549
8240
9093
8358
8785
8864
7569
9045
9210
9869
7586
8381
7883
8582
10113
10051
9879
8575
8238
8986
9238
7761
7244
9030
7752
7534
7488
8256
7292
7325
8301
8070
8955
7352
8002
9432
7372
7785
7362
8833
9215
8756
9036
9506
8964
9093
7553
9005
7816
7491
7507
7728
9166
9441
8946
7750
9113
7708
8376
7435
8403
9009
8606
8826
8593
9143
8428
8985
9158
7654
8653
7456
8070
8673
8400
8808
10030
9005
7411
8261
9620
8352
8857
8010
8687
8542
8741
8682
8737
9194
7605
8330
7304
8563
8792
9066
8590
8350
8134
9902
8216
8478
7514
9256
7697
7585
8979
8446
8807
8786
8573
7668
8082
8571
8569
8056
9171
8641
9379
9026
9002
7530
9015
8623
8396
7430
8958
9027
9019
9097
8573
8599
7999
7923
8625
7467
8840
9250
7855
8540
7547
9558
8291
8662
8242
7587
8060
8302
9217
8859
9198
7856
7722
8347
8072
8761
8280
9721
7977
8215
8514
7789
8529
9396
8615
8365
7840
8690
9179
8745
7478
8663
9099
9650
8594
9210
9048
8331
8653
8006
8483
8808
9032
8288
8557
8794
7771
8952
7545
8134
7685
8338
8652
7348
8184
56558
8721
7497
9295
8123
8469
8523
8019
7940
7692
8020
7953
7391
8583
7893
7552
7846
9099
311435
9035
8335
7560
8651
7382
9099
7819
7715
8469
8579
8069
7674
8312
9802
9517
8276
7872
8282
8259
9170
8073
7962
8349
8652
7949
7543
8686
10049
7582
8318
8584
8619
8053
8013
7908
7451
8052
8298
8343
9111
7671
8087
8079
8224
8493
7912
7651
7560
9072
7548
8405
8443
8781
7492
9218
8366
9756
8615
8620
7876
8590
7673
8015
8944
7643
7958
7605
7779
8779
8282
8512
8860
7589
7886
7968
8095
9660
9268
8523
7538
7678
8128
7868
7592
7282
10356
7699
8182
7898
7703
7898
8402
8962
7931
8111
8915
8826
9338
8600
9073
7553
8771
7718
8892
7843
7929
9189
7558
9017
8700
8716
7728
7363
8235
7706
7645
8319
8995
8328
8274
9539
7862
9683
8817
8896
8056
7369
7873
7543
8050
8052
7553
8856
7330
8830
9470
8765
7445
8153
7847
7433
9139
7977
7892
8301
9138
8584
8058
8206
8117
8367
7815
7348
8868
8274
7524
9494
8565
9507
7485
7564
9018
8937
9211
8907
7496
7950
8420
7880
7782
8460
8938
7406
8482
9108
8163
9037
7873
8036
7605
8417
8166
7856
8058
9158
8059
8056
7323
8959
8998
8389
7451
8011
9241
7790
8365
8383
8778
9250
8312
7801
7845
8943
7395
8017
9570
7329
9254
8576
7664
8699
8012
7854
8591
9233
8568
7686
8019
7953
7618
7348
7615
9811
7981
8123
8112
8958
7661
8435
7588
8033
7561
8957
7824
8527
8233
7453
9145
7782
11487
7574
9161
8286
7971
8487
9235
8492
7677
8085
7443
9061
7560
8117
8177
8277
7738
9208
7915
7910
8535
8007
7819
7795
8026
8142
7916
7492
7672
8193
9829
8013
7838
9858
8959
8922
8815
8818
9196
7995
8402
7848
7805
7517
7655
7993
9041
7670
8112
8256
9030
7829
8855
8215
9152
8078
8677
8035
8577
8389
8064
8240
8377
8172
7749
7631
9174
8057
8338
8712
8197
9092
8067
8719
7876
8256
8917
8356
7477
7367
8789
7414
8005
7924
7305
7995
7353
9227
7763
8018
7651
8358
8612
7907
8671
8708
9156
7851
7339
9018
7984
8843
8410
7961
8073
8371
8677
7883
8866
7899
8527
7880
7512
7886
8216
8972
7902
8762
8613
8203
9214
7815
8538
7887
7550
8597
8130
8018
9362
8788
8034
8192
9044
7993
7567
8160
8225
8177
7943
7758
7790
7838
8080
8389
7670
7271
7509
7971
7369
8117
8299
7980
7409
7815
7946
8482
8562
8117
10712
7461
8562
7979
8958
8579
8813
8107
8388
8514
8066
8635
9039
8490
7823
7452
7820
8111
8666
7982
8554
7956
8554
8975
8057
9051
7754
7687
8292
7658
9080
7970
8370
7985
8396
9265
7898
8356
7917
8443
8313
7839
8518
7789
8434
8019
8020
8140
9641
8636
7466
8500
7988
8223
7971
8013
7512
8976
8071
8013
8358
8214
7330
7818
10831
8834
7748
8590
7829
7837
9256
7789
8858
8737
8262
7973
8114
8794
8804
9473
9162
8319
8276
8398
8957
7868
8396
8179
8645
8748
8201
8035
8079
8087
8097
7830
8496
8136
7710
8001
7917
8270
7794
8838
8201
8620
8169
8169
8058
7399
7569
7871
8183
7984
8170
8036
8655
9138
9189
8819
9346
8001
8151
8236
9030
8779
8173
7874
9818
8863
8152
7944
8897
7919
7995
8173
8793
8030
9816
8015
9408
7934
8180
8857
8240
8320
8009
8384
8917
7380
8695
7471
10048
8316
8112
8872
8307
8478
7932
8498
8301
8004
8420
8390
7617
8215
8036
8943
8827
8304
8659
8295
8456
7584
9033
8352
9043
8376
8169
8717
7684
8856
7617
9823
7468
7901
9060
9241
8067
7930
9041
7644
9118
7663
8710
7434
8127
8942
9323
9151
8548
7731
9012
8973
9001
7371
8984
7219
7939
7830
7369
7409
7496
8424
8194
8813
8822
7748
9929
9492
8004
7973
8639
8971
8256
9017
7961
7683
8816
9284
8398
8381
8784
8639
7921
7429
8827
7654
7789
9144
8339
8595
7368
9257
8455
9531
8647
7590
7621
8791
8383
8562
7492
8736
7944
8282
9048
7979
9708
8588
8739
8220
8479
8583
8934
8718
8994
9000
8523
8310
8628
9205
8751
7883
7813
8107
7689
8796
8011
9121
8639
9143
8095
7374
8584
9122
8588
7958
9235
8630
7676
9353
7746
8842
8293
7471
7318
8655
7383
7886
7869
7829
8426
8541
8385
8750
9200
7592
7339
8439
7693
7798
8028
9099
9148
8163
7861
8585
8405
7858
8876
8584
8293
9640
7726
9226
8464
8779
7769
8533
8594
8797
8970
9140
8355
7833
8293
8342
8828
8818
8718
7821
8825
7769
7440
8896
8937
8755
8753
8948
8413
8558
8774
8364
8651
7562
9025
8602
7989
8934
8766
7447
7328
8717
8755
8770
8436
8586
9564
7630
9165
8648
7925
8635
9449
8664
7956
7830
8876
8617
9260
8519
8543
8083
9859
8345
8454
7676
8485
8890
8620
8917
9143
8986
8764
7398
8796
8405
8512
8536
9961
7638
7628
8192
8096
7710
8735
7669
8686
7388
8776
8825
8222
9078
8876
8595
7993
9000
8740
8923
8856
8713
8706
7866
9230
7408
8056
8807
8388
9594
8213
8618
7838
9558
8484
8589
7806
8090
7930
9016
7902
8815
8298
8575
9395
8755
9284
8848
8916
10425
8554
7517
8940
8715
8835
7521
9640
8634
7687
8327
8996
8835
7779
8507
7679
8067
7882
8304
9382
7451
8152
8033
7371
7976
9242
7583
8193
7331
7770
8456
7835
8841
9373
7526
7656
9158
8068
7709
8677
8556
7871
10734
8262
8450
8281
8269
7588
8276
8925
9118
7898
8180
7769
8769
8916
7664
7904
7420
8428
8153
7635
7933
10028
7910
7478
8260
7998
8895
8660
7412
9805
7564
8943
7728
9013
8461
7679
8060
7646
8705
8070
7824
8913
8116
8712
8443
8736
7520
8549
8352
8716
7868
7523
9179
9081
8112
8672
7578
7538
8579
8610
8635
7429
8801
8558
7895
9046
7668
8861
8435
8622
7590
7949
9004
8867
8569
7903
8976
8246
10106
8755
8139
8779
7635
8679
8828
10492
9159
7562
8609
8265
8581
7602
7768
8767
8639
9207
8273
8841
8330
7820
8468
7676
8594
7623
8684
8990
8475
8574
8584
9761
7725
7864
8835
8143
8870
8665
8779
7648
7439
10797
7839
8007
8023
7733
8257
8574
8840
9025
8554
7950
8183
7575
8945
8999
8714
8653
8572
7770
8055
8703
9137
9807
8581
8382
7639
8849
7773
8866
9073
8674
8555
8924
8523
9307
9508
8277
9440
7349
7507
8656
7823
8700
8328
8476
7384
7742
9025
8809
8405
9323
8900
7615
9520
7738
8665
8851
8654
8627
8533
7877
8591
9086
9176
7500
8730
8506
9007
8619
8953
9075
7294
8424
8103
9851
8680
8542
8892
7793
7611
7304
9043
9646
9301
9019
7613
9140
8684
8015
8420
8250
8707
8688
7994
8762
8374
8538
9201
8619
7656
7734
7491
8731
7454
7553
8863
9430
8706
8925
8907
8988
9012
8638
7158
8249
8518
7528
8731
7610
8753
8157
7679
8769
8434
8586
8041
8615
8239
8543
9056
8853
8975
8026
7911
8211
8001
8642
9619
8633
7271
8836
7251
8516
8644
7978
8845
9498
8104
8675
8432
9343
9117
8426
8167
7952
8082
7569
9014
8545
8174
7580
8407
8837
8651
9434
8797
8305
7977
8921
7676
8666
7999
9718
8837
8287
9029
8492
7984
8045
9079
8029
8048
8177
8528
9089
10072
8372
8194
8483
8175
8576
8928
9086
8333
8001
7987
8194
8638
7487
9008
7935
8424
7283
9449
9005
9230
8857
7974
8858
9030
7531
8085
8569
8615
8401
9332
7775
7826
9564
8012
8003
7723
8085
8418
10823
7489
9057
7765
7550
9028
7892
9226
9664
8033
7479
11207
7588
8628
9148
7830
8656
8262
8159
8584
8196
8818
7712
8534
7592
7534
8102
8559
8572
9030
9097
8439
8847
8855
7403
8903
8836
8877
9000
7627
9430
9041
7541
8273
8432
7614
7355
9220
7712
7697
8447
8210
8566
7606
8072
9407
8977
8697
9160
9627
8730
8696
11568
9461
9060
9013
8574
8048
9872
8737
8177
8940
8810
8734
7289
9138
7635
8251
9635
7352
7791
8489
8646
8875
9886
8476
8710
7753
7680
7555
8799
9118
8987
8026
8007
8208
8523
8853
9034
8943
8366
7473
8917
7835
8799
8018
8625
8175
8681
8703
9056
8271
8261
8706
7389
7542
8770
7895
8901
7980
8766
9101
8737
8881
7857
8779
10646
8584
7833
8800
8884
7577
8503
9113
9529
7394
7449
8502
8446
8800
8417
8625
7752
9217
8805
8623
9507
7315
8796
8069
8756
8394
8851
8618
7777
8521
8705
8417
8979
7513
8620
8543
8286
8686
9019
8789
7600
9007
8599
8605
8906
7804
8716
8114
9503
8010
8812
8759
9087
8697
9240
9964
7558
8888
8663
9125
8847
7971
9040
8885
10165
8854
8517
9322
8536
8913
8794
8254
8515
8897
8999
9274
8388
8330
9416
8548
7834
9483
8478
8414
7856
8775
8771
7673
9166
9554
7535
8453
9438
8443
9149
8054
8222
9112
7897
8282
7542
8226
9066
7895
8418
8053
7574
9043
9305
9081
8819
7800
8430
7518
8056
8087
8364
8059
9227
8108
9037
7977
9559
7497
8693
8031
8225
8205
8953
8676
8575
7772
8250
7641
8775
8648
8658
8586
9420
7430
8644
8757
8482
8415
7578
7977
9023
7827
9024
7741
9467
7800
9295
8738
7547
8544
9128
16187
8093
7396
8662
8131
7810
8810
9092
8232
8336
9023
7815
9579
8952
7792
8131
7952
9102
8444
8461
7722
7754
8338
8837
8854
7846
9197
7837
7720
8455
8572
9086
8570
8245
7835
8853
8188
7810
8975
7801
9212
8668
7392
9551
8881
9424
7975
9508
7683
7725
9128
10097
8359
9194
8962
7764
8220
9150
7514
8692
7634
8158
7664
8466
7568
8399
8781
11345
8514
8838
7842
7887
8583
9244
7582
8154
9181
8729
7951
7863
9274
7538
16509
8898
8199
7512
8053
9504
8404
7677
9133
7722
7743
8973
10038
7700
8402
7542
7603
9531
7559
10098
8378
7423
8789
7844
7645
9803
7810
8635
7789
8271
8700
9038
8686
9112
8885
8435
7774
8782
7976
8768
9558
9278
8640
8605
8935
9164
8589
8592
8591
8841
8767
9108
8607
8986
8820
8778
7530
8580
8766
8832
8713
8922
8586
7710
8168
9798
8925
8990
10261
7620
8825
9099
9056
7671
9215
8344
9048
8405
8714
9117
7525
10533
8741
9231
7836
8151
8886
8578
8786
7604
8388
7412
8637
8667
8895
8650
8423
8901
8734
8816
9645
8972
9263
8164
7618
9526
8830
8692
9005
8645
8589
7723
8645
7723
9156
8958
8701
7550
9687
8465
7565
8649
8952
8875
8973
7874
8757
8858
8471
8991
9433
7994
7595
9676
9643
9077
8577
9003
8469
7639
9533
9377
8465
8995
8646
8107
8142
8389
9025
9079
7523
8817
7929
8098
8008
7728
8870
7358
8936
7872
8554
8477
8360
8071
8858
8731
8426
8447
8331
8261
8903
7435
9055
7908
8559
8969
8220
9278
7417
8024
8593
9008
8805
8235
7585
8015
7903
8435
8333
8270
7687
7569
9112
7725
9429
9278
8065
8731
8011
8393
7986
8248
8419
7803
7776
8176
8592
7781
8081
9898
9860
7993
8358
8797
9065
7794
8975
7859
8854
7917
8616
8362
8509
8591
8394
9613
9003
7976
9855
8893
9143
8276
8639
7946
7453
8600
8581
9266
8278
7429
8655
7849
8601
8394
8750
8192
8071
7539
7349
9218
10046
8613
8859
8621
8630
8810
9376
9059
8290
8298
9102
9746
8615
8714
8622
8876
8811
7359
9146
9581
8152
8963
8931
10723
8974
8754
8736
14088
9097
8866
9501
8509
7593
8781
9385
8531
7512
8020
7500
8011
7886
9239
8524
8468
7634
8617
9076
9267
9180
8706
7635
8225
7911
7612
7549
7833
9270
7586
7774
8048
8583
7938
8335
8114
7726
9146
8297
8076
7675
8560
9282
8094
8353
8216
8100
7954
7585
8987
8786
8314
7648
7728
8010
8872
8404
7762
7583
10605
8487
8117
7614
7850
7891
8569
8647
7674
7507
15780
8456
8643
8554
8718
8056
8416
23572
8159
8092
8959
8736
7833
8207
17204
7552
8579
8076
24219
9172
8538
17566
7971
8406
8497
7717
8800
8438
23551
8536
8214
8864
9160
8034
8855
8182
9179
7622
8464
8652
8901
9369
7712
8120
8247
9630
8749
9424
7749
8046
8017
7622
9131
8757
9939
7656
9158
9216
7815
9079
7715
9016
9170
8807
8563
7656
9021
7438
8815
8477
7846
9679
8394
8153
7626
9187
9456
8415
9921
9054
8857
8206
7749
8359
8368
8338
7894
9031
139765
8500
8077
7764
8103
7671
7739
8974
8564
7810
8275
9446
8584
8600
8237
7468
8740
9303
8544
8656
8525
8796
8021
7958
9016
8758
8711
7533
8495
8726
8598
8816
8244
7749
8471
7577
8738
7241
8233
8822
7576
8757
9700
8488
7904
8190
8742
7969
7792
7425
8077
8488
8850
8965
8451
8138
7261
9200
9138
8279
9168
8517
8664
8386
8478
9099
7496
9174
9059
8384
8272
8736
8062
7848
7614
7548
10021
7395
8812
7794
7691
8531
8493
9017
7282
8104
9208
9075
7928
8855
8178
8438
9241
8177
9861
8058
7537
8053
7353
7973
9253
8334
8979
7851
8225
7692
7669
9186
8815
9075
8572
9148
8656
8325
8958
7793
7569
8041
8113
9139
9562
8260
8405
8323
8613
9186
8657
7570
7820
8620
9240
8203
8955
7963
8713
8325
8123
8590
8617
8346
7613
7743
8402
7611
8837
7656
8156
8467
8717
8635
7648
9210
7571
9304
8318
9198
8896
7760
8871
8194
9024
8208
8035
8745
7484
9168
9595
8049
8936
8766
7662
7801
8637
8048
8065
7822
7693
8684
7899
8456
7694
8128
9717
8252
8581
8566
8030
7419
7979
8205
9719
9414
7733
11216
7650
8764
7969
8377
8233
8317
8371
7543
7848
9175
8455
7811
8280
9838
16123
8092
7490
8591
8486
8538
9186
8577
8979
7684
8648
7920
8397
8641
9143
8113
9164
8352
8514
8027
10038
8653
7755
7955
8208
8211
9043
8341
8032
7869
9047
8117
8960
7900
9843
8831
8041
9323
7805
8959
8316
9860
8926
7739
7754
8737
8917
7858
9323
7591
7600
9193
8204
8169
8116
9370
8822
9012
7468
9045
7773
7906
7902
7400
8690
7600
7376
7752
8877
8271
9406
7453
10168
7861
9138
9215
9044
8153
8980
9343
7721
7812
8180
8008
9046
9010
8644
8604
9982
8249
8210
8548
7531
8707
8998
9461
8502
7678
8336
8245
8576
7417
8600
8017
9955
8237
9416
8993
7629
7969
9671
8597
9018
8215
8770
7340
7652
7705
9137
8579
8402
8546
8486
10065
8564
8420
8056
7800
9355
8433
9036
8310
9112
7884
7973
7620
8210
7709
7896
8800
8267
8424
9312
8026
9040
8850
8277
8943
7258
7459
8635
9000
7832
9157
7866
7471
7994
7936
7852
8747
8914
9892
8255
8926
8005
8534
8054
7758
7757
7904
10080
8946
9097
8173
8369
8659
8187
7620
7784
10014
8852
7476
8323
8397
8307
7671
8415
8740
7933
7420
8041
9548
9066
9180
20312
7784
7789
8484
9172
8979
7913
8847
13143
8755
7692
8785
9820
8435
7775
7221
19895
7769
8794
8695
8543
7411
7569
8407
9198
7786
8707
8425
8784
8246
8082
8308
8807
7717
8672
7579
8328
8557
9298
8496
8940
15779
8285
7474
7906
7463
8231
9006
8042
8497
8339
7528
7378
8456
8261
8791
9888
7955
7907
7933
9328
8552
9116
7926
7650
8511
7945
8738
7620
8005
8994
7584
8188
7481
9791
8835
8984
8805
8005
9286
8985
8958
8803
8606
8176
8305
8912
9030
7777
7806
8598
7741
7840
9207
7391
9918
8191
8810
8182
8233
9174
9380
8470
8283
8071
7635
7685
8964
8867
9037
8625
8347
7953
9107
7614
7482
8501
8173
7917
7443
9046
8005
8703
7570
8897
8310
8685
8029
8330
9082
8289
7654
8115
7587
8818
9143
9297
8214
8880
7200
9948
7615
8640
8167
7728
7431
7620
8153
7575
7629
7974
7331
8876
7593
9219
8005
7546
8539
9042
7752
7413
9578
8913
9007
8697
7766
8167
7553
8042
8592
7947
8271
8913
8233
8467
7765
7594
7725
7551
8040
9224
8619
7548
174041
9229
8643
8589
8338
8698
7943
8363
8625
8462
10871
8866
8852
7984
8813
7935
9009
8699
7919
7627
8071
9867
8983
7539
7914
8240
8106
8104
7560
9779
7994
8068
8020
8246
7980
7508
9100
7734
7665
9101
8432
8075
8208
8854
8077
8766
8101
8144
7789
8102
7886
8063
8565
8039
8172
7811
8483
8319
7851
8085
8139
8262
7935
8071
8381
8025
8359
8335
8435
8372
7789
7538
7631
8952
7979
7315
8320
9135
8194
8329
8025
8200
7612
9883
7694
8849
7989
8049
8015
8617
9000
8191
7542
8015
9082
7994
7748
8954
7904
8531
8099
7896
7974
8642
8723
8097
8377
8816
8092
7984
7907
8755
7964
8204
8745
8169
7995
8273
8698
8402
8369
7859
8594
8164
7910
7711
7994
8475
8022
8736
8110
7378
8782
8029
8140
7860
8524
8671
8138
9253
7834
8374
8399
8651
7979
8699
7974
7955
8600
8748
9076
7585
8629
7966
7699
8444
8187
8029
9176
8205
8456
8031
9338
7876
7337
9282
8128
8430
8215
7917
8214
7814
8035
8159
8625
8006
8394
9094
7317
8432
8152
8298
8403
9160
7909
8215
9582
8134
8665
8356
7332
7827
8251
7816
8045
7927
8373
8281
8084
7663
8165
8235
8460
8212
7763
8985
7651
9100
8005
8382
8200
8395
8769
9941
8548
7939
8067
7833
8441
8271
8885
8099
7865
8471
7969
8650
8745
8265
8332
9481
9176
9661
7969
7628
8389
8092
9042
7702
7971
7680
8805
8374
9102
8236
8343
8089
8045
8628
8174
8405
8279
8613
9017
8679
8658
8300
8369
8194
7975
9262
7523
9043
8011
8497
8043
8460
8516
7288
8491
8035
8599
7979
7938
7461
8244
8374
9895
11350
9141
7392
9149
8984
9271
8196
8131
9441
8463
8590
8102
7972
8028
8182
8034
8789
9363
7459
17834
8352
8898
7759
7297
8705
9200
8716
8943
7603
9587
7572
9503
8747
8743
9927
8564
7488
8591
8343
8473
8594
7450
9066
7717
7969
8977
8032
9046
7774
7830
7850
8176
7895
8135
8825
8295
8735
8800
7907
9695
8088
8538
7692
8717
10090
7781
8796
7741
8880
8379
9917
9178
8620
7826
8141
8919
8369
9153
10029
8179
9051
7962
9068
7769
7715
7539
8087
8748
8649
8975
8880
7484
7802
9362
9384
10387
8599
10190
7726
9107
8246
7431
8413
8321
8264
8557
7410
8180
8700
8369
7764
8956
8610
8455
8148
9085
8873
8724
7634
8324
7597
8015
9270
8023
8239
7789
7697
7474
10591
9512
10354
9031
9537
8266
9339
9902
7853
7820
8111
8723
7551
7994
8669
9461
8380
8984
8474
8374
8747
8827
8419
7589
9933
7859
8843
8026
8446
7956
9123
7308
9276
9328
8594
9112
7451
8182
8000
9167
8856
8128
7657
8880
8092
7820
9157
7750
9089
8165
7435
7511
8658
8451
9071
7949
9057
8997
7476
7907
8796
7875
8784
12854
8964
9228
7397
7641
8015
9042
8579
8340
7630
7671
9025
8899
7630
7610
13758
7509
7266
7831
8295
7875
7654
7771
8374
7615
8332
8252
7672
7353
7697
12311
7758
7482
8316
8191
7963
7635
7410
7391
9120
8121
7777
8302
8522
8037
8565
7466
8195
8276
9138
8632
8600
8229
7815
8206
8181
7678
7727
8213
8821
8661
8153
7939
8298
7406
9533
7391
7484
8594
9076
7943
8738
8088
8641
8473
9094
9179
7850
8171
8161
8797
9983
8970
10521
8474
7794
7835
7557
8717
8574
7773
8539
8605
7680
8197
8117
8060
7532
8159
8512
9238
8246
8007
7438
9051
9018
8050
7702
8649
9058
7964
7805
8205
8799
7594
8030
8191
9215
8572
9337
7990
8226
7581
8294
8212
8353
8915
9189
8574
8307
8564
7902
7489
7825
7570
7809
8333
7703
8307
8609
8693
8354
7735
8899
7970
7537
7993
7809
9443
8216
8004
8602
8466
7774
8650
7577
7590
8236
9167
8154
8009
7887
7443
9158
8025
8419
8437
7604
8805
8624
9563
7673
8194
8197
8185
9078
8543
8435
7925
7447
8805
7632
9241
8302
7474
8021
8374
8820
8251
8132
8164
9487
7676
8742
8411
7986
7933
8675
7443
8509
8581
8412
7234
8957
7874
8362
7569
8072
8406
7598
8124
7850
7736
7755
8485
7584
9160
7817
9406
7791
8153
8196
8909
9219
8512
9680
8051
8589
7635
8388
8484
7718
7733
8211
7984
7727
7863
8195
7633
7617
7536
8414
7978
7989
7808
7687
8595
7960
9236
8569
8382
8497
7928
8619
8400
8545
7427
10199
8107
7586
7555
8133
9131
8770
8465
8087
9138
9703
8246
8661
8239
8387
8173
9031
9430
8317
9271
8636
9285
8757
9072
7962
8477
8538
8655
9045
7574
7530
8255
8556
8900
8615
7712
8230
8633
8353
8614
8824
7994
8292
7995
9244
7945
8029
7553
8587
9046
7554
8650
8093
7552
8152
8420
9172
8002
7610
8627
8588
8747
8909
7579
10082
9046
8072
7609
8831
8411
7870
8005
9365
8596
8464
8400
8814
9033
9628
7992
7962
8420
7905
7858
8186
8605
7986
7530
8261
8983
8195
9420
7907
8206
8152
8236
8740
7802
8229
8210
7866
8712
7758
7594
8615
9073
8359
8104
8111
7634
7530
8841
7972
8426
7459
7935
8954
8942
8490
7490
8376
7299
8823
8897
8018
8334
7781
7516
9280
8834
8050
7830
8107
8612
8041
8359
8692
7979
8110
8475
8593
8312
7871
8455
8776
8582
8476
7597
7723
8220
7843
7810
9444
8029
8972
8840
9197
8373
8011
7883
8493
8502
7722
8023
8588
8687
8214
9979
8246
8938
14679
7979
10358
9123
9138
8257
8656
8478
7609
9175
7624
8640
8196
8223
8248
8180
8492
9000
8502
7304
7426
8050
10676
7856
7941
8533
9340
8302
8376
7511
8057
9224
7681
7815
8073
8504
7575
8402
9272
8642
8590
7870
9046
8755
8733
8846
9884
7749
7996
9582
9257
9464
7550
8204
7851
9222
8933
9005
8022
7772
8823
8219
10026
7611
8966
8172
7458
9204
8243
9359
8467
8978
7824
8242
8825
7574
7469
8425
9136
7854
8654
8767
7867
7673
7748
7895
10250
7654
8750
8053
8859
7857
7495
8788
7599
8692
8010
7511
8894
7923
9320
8035
7614
8596
9835
8632
8477
8826
8752
7926
9680
7782
8810
8229
9215
7473
9253
7350
8664
8996
9030
8866
8237
8202
8997
8492
8759
7584
8020
7721
9098
8613
7553
8739
7282
7678
8650
8628
8611
8375
7543
8711
7733
7168
9237
8950
9120
8553
7230
8472
9030
9548
8285
9042
8306
7928
8265
8563
10066
8790
8613
7998
8619
8441
8778
8837
8660
7476
8603
7779
8394
8810
8900
8835
8796
9401
8860
8400
8588
7491
8605
9321
8435
8017
8245
8774
7687
9053
8235
8544
7590
7640
8535
7912
9487
7743
9053
8282
8160
7771
8625
8609
8902
8466
7614
9238
8292
8881
8763
8423
8436
8561
7556
8837
9279
8803
8176
8654
9505
8545
8605
8418
8605
7901
9123
8800
8576
8907
7448
7476
8826
9780
8281
8312
8506
8673
8678
8683
9302
8545
7795
8666
8294
9542
8741
7613
8542
7722
8666
8341
8687
8015
8274
8634
7527
9056
8175
8124
9426
8077
7412
7718
9815
8295
7533
7765
8298
8517
8233
7781
9067
8135
7583
8440
7602
8188
8159
8211
8024
8629
8976
8103
7985
8413
8637
7715
8517
7938
8275
7831
8364
7989
8031
8571
7706
9761
7574
8063
7439
7943
8641
8532
8246
8598
8063
8094
8030
8035
7772
8508
8739
9317
7475
8692
8448
7772
7975
9156
9082
8128
8876
7632
8831
8557
8015
7667
8420
8013
7462
8769
8558
9123
8395
8098
8237
8786
9198
7958
9071
7985
8029
7660
10199
8984
7805
9243
8232
7703
8330
8073
8654
9580
8601
7991
8470
7966
8978
7437
8810
8606
9200
8433
7630
7512
7863
7555
9116
7581
8014
8290
9161
8097
7489
7731
8651
8577
7594
8052
8350
7438
7351
8657
8152
8155
7641
8553
9188
7956
8908
7492
9122
7818
9028
8220
8765
8876
7525
8720
8133
9023
7441
8272
7907
8799
8974
7804
9687
9275
7453
8235
7618
9074
7943
8572
8672
8128
9247
7705
8948
8575
7727
8092
8536
9038
7432
8013
8226
7486
8639
8445
9017
9141
8059
8415
8030
8136
10076
9046
7758
9057
8235
8353
8177
8578
8410
7755
8656
8292
7705
8703
7546
8732
7933
9221
8542
7949
8071
9924
7575
7697
8703
7717
7414
7515
7705
9157
8752
8181
9205
7821
10716
8372
7587
8169
7866
9114
7986
7756
8560
7497
8561
7615
8582
7887
8353
8618
8651
7712
7276
8132
7879
9177
7846
7711
7852
8698
9268
8176
9357
7641
7612
7666
7897
9158
7480
7822
7818
9008
8358
8566
8597
8033
9117
9264
8552
8567
7330
9026
7496
9390
7804
7949
7749
7657
8643
9027
7711
7589
7373
7621
7892
7980
8122
9197
9881
10337
8055
8368
8838
9234
8395
8214
8418
9231
8145
8480
8441
9217
9199
8389
7566
9079
8056
8256
7611
7648
8130
8176
9916
8702
7880
8472
8146
8448
7559
8552
9219
9208
8128
8077
9651
8189
8092
9594
9307
9024
8332
7756
7529
8013
9095
8584
7399
9091
7989
8615
7805
7795
9579
8066
7851
7384
8139
8714
8795
7680
8378
8322
10079
8221
8580
8652
7555
8308
7984
9036
8617
7590
8522
7901
9292
7943
8599
8402
7743
8601
8748
9142
8915
8454
9111
8769
9217
8521
8976
8851
8240
7733
8336
9133
8127
7748
7461
7358
7552
8645
7816
8672
8838
8832
7926
8527
8219
8938
7855
8232
7528
7895
9418
7620
7855
8804
7679
7918
7625
8396
8834
9195
8138
7473
8082
8743
9564
8241
7758
7837
8298
9122
7764
8301
9148
9381
8750
8275
7925
8776
9084
8356
9339
8336
8714
8225
7833
8784
8509
8913
7829
7933
8739
7365
9391
8154
7526
8774
8849
8793
8386
9344
9219
10980
8357
8352
8265
8399
9113
8112
8224
8432
7605
7505
8394
7830
7534
8890
8090
8400
7841
8736
8839
8589
7346
8953
8140
8580
7576
7987
8656
8314
7456
8756
8037
7577
8002
7389
8345
7733
9068
8950
8560
8104
8455
8591
7497
10723
7466
8222
8358
8859
7483
8389
8575
9744
8461
9148
8695
7936
7981
8816
9932
8608
8153
8998
8447
9099
8760
8414
8676
7789
7755
7279
9868
8608
8881
8618
7501
7572
8588
8598
9508
8555
8793
7471
8882
9078
8218
8555
8969
8561
7997
7826
9802
7429
8801
7450
8969
8333
7836
9950
8623
8588
8811
8499
7415
7763
8788
8517
8606
8494
8676
7513
8440
9180
7917
8541
8735
8575
7976
8010
8696
8013
8827
10051
8983
9780
8817
8594
8639
9478
8412
8861
8420
9358
8810
9412
8733
7953
8746
8471
8959
8581
8532
8394
7995
8294
7729
8080
8711
8687
8651
8165
9654
7860
8405
8914
9314
8775
7673
7531
9200
8837
8674
8924
8750
9217
9103
7948
7878
8602
8213
8584
9203
8752
8728
7580
8149
8083
8575
8612
9114
8509
7515
8078
8002
7974
8038
8166
8182
8222
7786
9033
8261
7548
7811
7657
8401
7796
8497
8134
8648
8972
8037
8943
7836
8999
8113
7712
7828
7988
8753
8048
9191
8036
8451
8067
8884
8063
8939
7781
10259
8732
9082
8131
8331
7990
8006
9076
8736
8117
8039
9214
8068
8339
8615
8196
8926
8801
8210
8023
9583
8253
8350
8660
8144
9961
7939
7394
9179
8276
9166
7821
8588
7999
7916
8428
8006
8895
7993
8512
8021
9040
8394
8120
8855
8310
8127
8016
8435
8364
8068
7886
8118
8171
7997
8230
8685
8024
9707
7853
8490
8241
7960
9822
9928
7754
8216
8417
8189
8198
8945
8001
8622
8934
8225
8324
8538
7993
9586
8522
7896
7689
9284
7697
9058
8216
8081
8291
8507
8418
8241
8404
8348
8506
8053
7493
7916
7645
8476
8316
8677
7814
8199
8210
7944
8188
8015
8036
8279
8134
8482
8452
8234
7741
7651
8928
7256
8860
8815
8316
8735
8802
8960
7847
9133
8571
8152
8004
9533
8807
7933
8727
8580
7614
8333
8343
8453
7711
8798
8673
9260
9439
8138
8019
8148
8091
9253
9054
8703
7712
8964
8423
8235
8790
8697
8982
7982
8379
8474
9051
8607
9102
8698
8130
9310
8771
8912
8797
10073
8857
7205
8743
8299
8748
8676
9014
8607
8641
8820
8743
8810
8738
9010
8688
7232
8912
8920
8184
8814
8397
9767
8361
10387
8915
8593
8185
9660
8999
7453
8112
9416
7897
9191
8116
7868
8415
7632
8632
9141
8767
7834
8099
7628
8461
9721
9039
8886
8410
7426
8295
10128
8769
8586
8374
8825
7449
7405
8372
9114
8316
8979
8213
7748
8697
9016
8693
9307
8597
8184
7831
8176
9338
7722
8459
9164
8049
9137
8287
7448
8393
8591
7566
7539
8533
8069
8219
11150
8086
8598
8652
8348
7640
7713
8723
10072
9302
7280
7711
7755
8032
8706
8723
8484
7706
8257
8937
7941
8669
8431
8989
9302
8338
8698
8375
8383
9048
9780
7245
7765
8663
7413
7481
9004
8595
8431
8158
9104
8266
9076
8926
8432
7345
9074
8802
7610
9083
10707
8948
7179
8077
8815
9097
8723
7831
8674
8308
8226
8500
9007
8592
9059
8414
8189
7653
9456
10080
8547
8121
8728
9021
7694
8823
8283
8576
7912
7701
8827
7816
9063
8812
8629
7851
8763
8765
7530
8975
8433
8545
8140
8969
8854
9240
8643
9153
8285
8567
7769
8701
7539
7583
8438
8414
7814
8279
9726
9021
8889
8802
7538
8594
8216
8817
8677
7601
8349
7823
8605
8035
9584
9075
8724
7978
7989
8334
8741
8913
9014
8656
9457
9194
8003
8833
8995
9021
8786
8447
8480
9034
7486
8571
9020
8420
7194
8398
9058
8980
9022
9184
9636
8030
9707
8385
7752
8446
8396
8591
8023
8932
8666
7841
8691
8779
8675
7425
8217
8884
8800
8658
7769
8587
7851
7783
9055
8205
8272
7696
8346
7649
7494
8555
9120
8572
8375
7378
8489
8130
9459
8156
10130
8584
8448
7368
8544
8673
8686
8515
8155
8142
8684
7548
8685
9575
9045
8013
8890
7517
7585
8870
9179
9261
7813
8472
8857
9226
8708
7494
9637
8471
9163
9003
7672
9014
9055
8586
8621
8798
8707
7543
8627
8755
8838
7731
8712
9536
8472
8545
7665
9382
7776
8056
8431
8012
8609
7887
8245
7851
8952
8969
7597
8528
8574
7598
10815
8975
7429
8415
8960
8087
8774
8968
9822
8313
9215
8972
8636
8819
8676
8037
8772
8296
8795
7835
8533
7925
9921
8676
8959
8022
9502
8825
7951
8838
8102
8482
8018
7757
8822
8030
8011
9008
7836
7953
7766
8639
7793
8771
8025
8596
8209
7360
8054
9672
8594
8374
8016
8076
7760
9135
8740
8974
7992
8228
10036
8197
9029
8018
10502
8599
7737
8009
7891
8022
9355
8470
7509
7938
9082
8167
8173
9135
7863
8220
9247
8844
7397
9047
7831
8624
7702
8271
7708
8179
8656
7380
9905
8574
7159
7513
8089
8610
8539
9181
7911
8555
8429
7605
9317
8634
8334
8720
8058
7536
8653
7691
8886
8135
8800
8427
8415
8695
7600
8753
8892
8715
9458
9441
8443
7789
8768
8348
10251
7533
8940
8201
8265
8415
10194
8788
7631
8445
8728
7596
9039
8812
8691
8063
8153
8847
8745
8859
7375
8426
7533
8584
9624
8953
9185
7504
7837
8041
7451
8752
9376
8297
7645
8479
7797
8717
8443
7981
8730
8619
7650
8781
9046
8445
8779
9078
8201
8817
8765
7661
9009
9133
8994
8052
8126
8745
9208
8600
8943
8625
8092
9356
8619
8916
8713
9079
8707
8392
7758
7970
8554
8671
8923
8673
7594
7659
8348
9278
8759
8456
9020
8179
8647
8827
9333
8415
7314
8494
8570
7452
9025
9090
8890
8349
7815
7776
8102
8987
7420
8788
7809
8558
8573
8935
8975
8841
8403
7290
8404
9065
7553
9021
8435
7531
8003
8845
9941
8157
9206
8746
7454
8307
8227
8644
8028
8986
9151
8386
7661
9102
8594
9257
8595
9228
9906
8309
9181
8705
8673
8876
10083
8836
8655
7941
8370
9454
8901
7745
7984
8012
9443
8670
8194
8673
7989
8749
8389
8450
8826
7862
8298
7803
8394
7560
8856
9075
8097
8802
8330
9052
8644
7762
9301
9018
8450
7305
8838
8622
8603
8698
9261
9102
8906
9091
8610
8775
8712
8336
7853
8844
8651
8132
8798
8025
8852
7941
8123
9236
8071
7606
7791
7912
8252
8555
8579
8102
8102
7812
8557
8045
7617
8316
7988
8200
7919
7981
8908
7351
8366
8031
8752
9999
8577
8232
9060
8250
9298
8030
8267
8136
8315
8110
8662
8412
8320
8173
8967
9055
8637
8587
8089
7949
7868
8338
8084
7957
8482
8000
9060
8279
8806
9178
8999
8615
10156
8241
7967
7977
8395
8061
8372
8021
8042
8027
7531
7779
7576
9805
8155
7871
7983
8076
8497
8183
8433
9317
8399
9021
7904
7566
8384
8833
8123
9531
8299
8107
8161
7933
8592
7902
9748
7901
8404
7998
8138
8207
8174
8054
7908
8098
8961
9101
8306
8972
8692
9043
8123
8482
8673
8145
8370
7435
8764
7501
7982
8131
8835
8226
10091
9171
7964
9085
8203
8741
8377
8579
9522
8035
9124
7995
9030
7603
7956
8884
9977
8094
9015
8832
7802
8256
8110
8086
8317
8314
8317
8008
8535
8208
8264
7964
8873
9194
8939
8623
8263
9056
9064
9182
8664
9179
7311
7874
8456
9227
8748
9246
8588
7795
9232
7492
7895
9591
8394
8566
8162
9135
8609
9276
9366
7871
9239
8202
10240
8192
8260
8779
7414
8425
8195
7580
8959
8856
8745
7235
8242
8728
8005
8556
8898
8302
7451
8804
9577
9338
8748
7415
9218
8005
8758
8659
7483
8736
9823
7628
8183
7538
9384
8313
8777
8800
8819
7501
8686
7528
7671
8847
8612
8866
7692
8834
8935
9057
8398
7687
8498
7707
8075
8857
7828
9189
8614
9089
8212
7682
8679
7619
9131
7769
8866
7610
7530
7566
8695
8797
8583
8399
8501
9075
8428
7622
8989
8209
8371
8754
8978
8575
8030
8572
7388
8237
8701
8891
8555
7750
9117
8812
7814
7355
9180
8684
8868
8600
8208
8961
8325
8337
8050
8327
8078
8579
8640
8666
7856
9562
9308
9437
8431
8561
8499
8438
9005
7975
7975
8043
7864
7987
9263
7853
8131
7956
9241
8218
7977
8453
7998
8579
8101
7932
8784
8081
7560
8101
8210
7858
7387
8942
8101
8579
8090
8431
8013
8374
8646
8886
8620
10040
8477
8935
8082
8420
8477
8132
7879
7692
7509
7815
9232
7830
8355
7994
8435
8202
8538
8314
7894
7550
8169
8189
8518
7800
9488
8054
8719
7866
8594
7979
7771
7774
8897
9052
8354
7662
8953
8057
9237
8433
8080
8097
7987
7739
8119
9149
7894
8788
8172
8255
7769
8223
8294
8301
8667
10089
7791
8807
8037
8743
8176
7456
7719
7852
9323
7656
8435
8156
8636
8756
8245
8661
8036
8625
8273
7801
9040
8096
7671
8954
8812
8339
7913
9057
8904
8427
8061
8793
8018
9395
8671
8029
8312
7998
7845
8030
7720
7490
8065
8467
8909
8051
9830
7994
8259
8760
8200
7866
8274
7843
8968
8358
7993
8323
8278
8444
8195
8317
8158
8014
8231
8338
7862
8942
7479
9297
8046
8451
8030
7215
8300
8323
8351
8418
8512
10096
7502
7985
8453
7615
8015
8941
8083
8754
8495
8937
8427
7614
8646
7932
7792
7498
8117
8123
7499
7971
8158
7453
8072
8069
8218
7950
7873
8365
7371
7804
10251
8042
8212
8608
8203
7728
8756
8294
9435
8191
7295
8847
8728
8830
7976
8392
8216
7779
9300
7251
7531
8256
8327
8197
7217
9210
8223
8069
8133
8342
8074
8800
8836
7814
8224
8123
8025
8207
7326
7958
9103
7814
8015
9418
7930
8060
8556
7976
8031
8402
8065
7967
7533
7738
8961
8721
9164
8055
8209
8550
8800
7766
8264
7592
8095
7774
9137
8424
7445
7972
8379
7610
8030
7358
7755
7740
7836
7819
8806
8512
8291
7609
8353
7733
8706
8517
7632
8147
8931
8155
8816
7530
7978
8092
7348
8735
7614
8912
8671
9146
9156
7302
9066
9415
9022
8225
9294
8147
8426
8136
7578
9025
9258
9635
9050
7634
8377
8198
9286
7795
9011
8211
7748
7442
8183
7821
7515
10682
9535
7368
7745
7979
7993
8020
8449
8071
8907
9035
8638
7802
7932
7684
8979
8249
8391
8248
9277
8482
8569
7622
7212
8714
8615
7591
7958
8471
8322
8292
8150
7767
8881
7847
7751
8847
7928
10144
9082
8306
8308
7650
9446
7989
9283
7692
8700
8735
8228
7759
8579
8029
7479
7502
8153
7644
8170
8624
7516
7815
8536
8616
8079
8661
10091
9206
7451
7933
8856
8352
8279
7977
8427
7994
8364
7955
8824
9046
7966
8069
9270
7316
7423
7910
8633
7621
7994
7695
7811
8248
8548
8942
7814
8790
7700
7684
8078
7961
8013
7982
19127
8553
7980
9157
7527
7614
7422
8426
8459
8597
7963
7400
9250
8083
9288
7732
8495
7931
7977
8876
7817
11271
8716
8052
7557
7648
9457
9196
10800
8519
7568
9032
7902
10025
8535
8186
7694
7769
7986
9480
7667
8194
7580
8362
7812
8618
8195
7559
8262
8071
7789
7855
8835
8827
7696
7477
8989
8008
8815
7601
7931
8012
8381
7772
9285
8031
9025
8730
8678
8428
9497
7689
8066
9097
7618
9215
8635
8732
9407
8130
7991
8707
10955
9047
8448
8230
8455
8958
8815
8459
9278
7495
9738
12681
8213
9038
7531
8057
7334
8142
8111
9635
7748
7383
8599
7897
9033
7453
9182
8343
7939
8730
8194
9051
7933
8189
9189
7660
8998
7773
8374
8062
9614
7844
8496
9202
9066
8681
8073
7953
8146
8193
8402
9447
8809
7682
9118
7646
7348
8685
7923
8887
9970
8594
9021
8010
9057
7755
7570
8043
9287
8427
7950
9092
8135
8260
8908
8596
8884
7801
9400
7721
8957
9446
8682
8736
8066
8020
8448
8827
8630
8639
8788
8214
10043
9111
7920
8835
9138
8618
8282
7681
8829
8234
8653
7535
8473
8639
8352
9194
7679
8843
8373
8935
8602
9125
8945
9058
8830
8831
9001
8357
17661
9687
8444
8155
8179
8438
8453
9186
9135
8415
8476
7836
7989
7665
8726
8630
8353
8523
8939
8603
7774
8638
8613
9855
7773
7340
9895
7794
9567
8849
8457
8463
7886
7687
7512
7909
8558
8046
9025
8215
9060
8420
8584
8650
8187
8738
8007
7454
8738
7661
8482
7659
9546
7458
9460
8641
8879
7720
8449
9217
8009
8169
8559
8277
9025
7599
8076
9234
9090
8752
8439
8232
8291
7607
8615
8431
9439
8206
8617
7312
8738
7830
8931
8601
8916
8897
8555
8676
9856
8964
8860
8727
8783
7635
8174
7408
9232
8820
8858
8767
8433
9323
8303
8965
8898
8690
9552
8683
16116
7431
8739
8482
8666
8664
7744
8632
8250
8931
8614
8695
8646
7886
9640
8645
9067
8383
7389
8610
8576
9203
8868
8032
7389
7950
7989
7749
7833
8734
8538
8383
7890
8883
7650
9791
8686
8417
9339
8145
8866
8564
9382
8899
7829
7956
8192
9127
8955
7735
9226
8558
10115
8216
8134
9042
7787
9158
7625
9021
7816
8410
7697
9240
9083
7770
9654
7986
8921
9030
9453
9143
7885
8874
7728
8005
9131
7574
9021
9244
9035
7318
7600
7503
9335
8948
8235
9691
7531
8917
8313
9010
9079
8370
7892
8470
8024
9186
8880
8909
7709
7702
9415
9487
8668
8694
8695
8413
9479
9056
7552
8820
8976
7821
9235
7686
7512
7491
9107
9462
7625
8049
7751
8888
7962
8998
8521
8960
7615
8984
7831
7688
7852
8324
9409
8307
7794
7947
8761
8850
9412
8051
8058
7764
9153
8251
7665
7510
9076
8178
8583
8598
7646
7537
8863
8964
7594
9254
8515
8885
8994
9411
8838
7756
9170
8825
9544
9206
9054
7581
7852
8491
8307
9010
9231
11548
7492
7668
8531
9308
8871
9076
8287
7854
9196
8670
9031
7605
8371
8161
9210
7695
7471
9097
9000
7504
7374
7725
8706
8092
8964
9090
8982
7271
8904
8317
7482
7552
7414
7444
7583
8732
8921
8528
9227
7736
7807
7395
8201
7343
7801
9972
8682
9349
8256
8670
10413
7630
9102
9246
9264
8066
8820
7925
8620
8014
8208
9054
8579
8341
9073
7421
7764
8635
9015
8548
9017
9667
9354
7405
7585
7884
8500
8454
7503
8891
8408
9478
8560
8276
8354
7773
8792
8098
7533
8230
8162
7507
9049
7612
9264
8430
9106
7726
7698
7392
7436
8374
8419
8598
7600
7674
8794
8801
9135
7810
8659
8056
7738
8654
7895
7751
7818
8359
9533
7537
8042
8454
8600
8193
8219
7929
7628
8215
8340
8761
7917
7510
9098
8956
7801
7571
7785
7212
7651
8676
7572
8471
9482
8507
9033
7736
7625
7971
9126
8317
9127
7762
7620
7738
7952
7848
8815
9560
9085
9107
8617
10116
7987
7846
8156
8984
8981
9337
9056
9003
8052
8712
8001
9092
9798
9256
8362
8324
7660
8897
8997
9068
9958
8673
7283
8678
9034
8996
7411
7828
7409
8374
8837
8845
7574
7576
8674
8323
8992
8667
9179
7793
8967
8294
7738
10469
16369
8810
9211
8578
8066
8984
7386
9058
8813
9071
8483
7692
9427
8820
8995
10452
9021
9023
7407
9265
8775
8356
8846
8415
8990
8965
8252
7973
8925
8366
8733
8620
7902
8790
7956
8133
8738
10027
8640
8022
9636
8018
8631
7919
8758
8941
8265
8064
9316
7957
7942
9107
8575
8689
7594
7908
7635
8356
8336
8579
8530
9360
8708
9002
8768
9039
9723
8395
8276
8956
8238
8601
9183
9087
8405
7929
8527
9200
9809
10018
8652
8064
7917
8096
9074
8861
11010
9728
8191
8405
8526
9064
8485
7795
8593
7415
8817
8869
8547
8655
7785
9037
8020
8257
8847
9323
8678
7350
8643
7415
8914
8917
9073
8928
7876
8171
8825
9088
8618
9015
7858
8319
9280
8657
8723
9001
10053
10137
7788
8132
9116
7729
8328
9136
8894
7576
9386
9189
7681
8487
9228
7550
8060
7938
7470
7517
9113
7754
9128
7535
7736
9277
9279
9035
7391
7981
7463
8071
7778
7832
9239
8631
9448
9297
9266
9113
7666
9189
8848
9509
7271
7540
9263
8941
9218
8632
9243
8706
8435
9003
9440
7490
7368
7893
8038
8386
8044
8379
9276
7427
8928
8296
7824
8421
7533
7830
7491
8819
9170
7562
9265
9594
9214
7830
9069
8344
9900
9015
9304
9157
8625
7781
7812
8758
8942
7714
8752
16902
8540
7695
8801
10210
8026
8516
8446
7652
8796
7584
8979
8810
8428
7947
10330
8599
8496
8615
9122
8481
8116
8707
9218
8851
8787
8226
7660
8765
9236
8646
9060
8865
8494
9102
9090
8623
9802
8057
8725
7369
9142
8717
9016
8605
8755
8466
7561
8429
9475
9168
8596
8543
8948
7871
7964
8851
8478
8616
8661
9028
8538
7578
9105
8781
9048
10459
8825
8490
9133
8901
8779
9319
7771
8334
7280
8953
8749
8489
8922
8174
7757
8614
8025
8656
8724
8834
9350
7486
7387
8012
8552
9175
8682
8333
7773
10072
8281
8531
9085
8670
9020
7953
8456
7759
7630
9196
7904
9211
7694
8114
8485
8534
8341
7893
7569
9059
8201
7574
9471
8256
8426
7361
10089
7940
9371
7875
7749
8220
8129
8630
7972
9256
8193
7785
8186
7376
7611
7994
7791
8055
9473
8319
8977
7651
7713
7507
8524
9304
8557
8322
9067
7615
7415
8274
10548
8326
7762
8122
8015
9038
9283
7832
8420
8434
7750
7543
7664
9166
7876
7528
8428
7534
8213
8903
8606
7812
8489
7577
7738
7743
9214
8205
8471
8420
8036
8758
7880
9380
9179
7690
8017
7539
8851
8559
8762
7471
7683
7873
8663
9421
8091
9243
8872
8795
7731
8343
11519
9137
9078
9608
7342
9130
7702
7671
8970
11731
8954
7250
8138
8457
8861
8456
7658
8812
8214
8986
8361
7494
7588
8205
9155
8125
7609
7584
7998
8309
8926
9027
8796
9528
8130
7626
10625
7772
8010
8018
8142
7986
7576
9329
7467
8443
7902
8780
9257
7785
7901
8198
8907
7452
7410
8215
8600
7980
9041
7762
7852
7515
8353
8364
9440
8416
8916
8006
7875
8211
7719
8195
7810
9425
8014
7456
7736
8369
8264
8591
8302
8304
7553
7916
8010
8412
8414
8676
8075
8680
8114
8488
8743
7460
7396
8629
9158
8450
8518
7897
7899
8112
7793
7788
7666
9319
9097
8607
8502
8227
8731
7835
7997
8636
7962
7981
9434
8676
8541
8529
8516
7427
7787
8964
7463
7794
8353
8220
9295
8738
8312
7776
9218
8690
9403
7943
8861
8256
8713
8375
9157
7604
7517
8066
9810
7369
8034
7749
7809
8051
8368
8630
8892
8441
7876
8001
7944
9100
8263
8132
8524
8006
7590
7750
8630
7437
8166
9146
8528
8758
8692
7726
9750
8116
8202
8307
9567
8204
8131
8636
8412
7769
8650
8276
8270
7934
8112
9179
8744
7472
8050
8715
8644
8867
8327
7906
8187
8841
8406
7775
8394
8594
8784
8676
8478
8812
8350
7975
7386
7633
7891
9541
8608
8676
7933
7984
9066
8417
8921
8134
8680
7709
7842
7990
9079
8826
9771
9235
8553
8599
7535
8866
8866
8154
9073
9046
8590
8205
8902
10203
8784
7876
7672
7892
7587
8645
8526
8175
7843
8978
8504
8941
10056
8311
9238
7322
10262
8182
7756
8361
8340
8996
8294
8413
8128
7565
8157
8458
10037
8520
8456
7996
7605
8584
7788
8995
8210
7953
8053
8010
9074
7546
7921
8009
9505
7738
7591
8948
7863
7610
7987
8393
9017
8018
8723
7670
7830
7965
7926
7532
9157
7462
11287
8475
7651
8779
8042
8581
7635
7944
8022
7375
7774
7865
8210
9624
8536
8918
7249
7733
11387
8142
8870
7968
8600
8235
9128
8234
8676
8123
8295
8928
8458
9205
7627
7739
8647
7995
8482
8815
7610
8786
8223
9412
8220
8589
8419
8692
7989
8151
7593
7881
7641
9179
7667
8517
8379
9181
8662
7672
7872
7835
8411
8549
8635
8169
8656
9099
8712
8071
7957
7861
8562
8508
8459
8961
7632
7872
8705
7420
8215
9040
8333
8651
10503
8184
8389
7860
8491
8043
8615
7607
10387
8579
8278
8554
9441
8041
8450
8163
7830
9008
7939
19596
7668
7394
7832
9221
8445
8056
7539
8710
8204
9480
7336
8836
8556
9328
8117
8185
9100
8692
7901
7835
9876
8348
7667
8693
9949
8522
9460
8374
8394
7394
7756
8712
8600
16350
8433
8299
7300
9832
9220
8729
7482
8438
9149
7374
11471
8381
9605
8825
7633
7806
8257
8289
9105
7611
7369
8368
7715
7989
8836
9988
7441
9215
7398
8998
7507
7899
7902
8101
9291
8598
7712
7453
9968
8903
7576
7796
8333
9138
7651
7841
7944
7913
8868
7271
9662
9139
8564
7697
7868
9674
7442
7570
7983
9136
8066
7936
8633
8074
9080
8076
8617
8355
8093
7782
7317
8866
7832
8733
9738
8387
8222
8048
8325
8230
8274
8082
8770
8248
7109
7678
7965
9448
7982
7638
8153
8431
8794
8050
8003
8745
8251
8435
8415
8174
8004
8026
8068
8416
9085
7954
8830
8198
8574
7984
8523
9142
8078
7992
7979
8616
7796
9048
9199
8675
8226
8065
8384
10207
7845
7988
8156
7472
8128
8245
8182
7763
9469
8253
8096
7836
8999
9777
9460
9197
8082
8471
7591
8630
8090
9238
8528
8072
9331
8944
8435
7972
7372
8233
8970
8524
8869
7570
9143
7354
9297
7929
8696
8849
7830
8987
8047
8400
8145
8620
8950
7292
7579
7549
7635
8220
8088
8017
7446
9174
7948
8400
8053
8008
8003
8375
8579
9164
7489
8226
8352
8081
8410
9179
8733
8294
8135
8655
7928
7992
8668
8277
10852
8458
7587
8133
11163
8384
8433
8374
8394
8253
7855
8489
8696
8042
8695
7973
7572
7461
8130
7386
8223
9077
8579
8592
8095
8532
8763
7974
7832
7933
8871
8864
7487
9003
8029
8417
8083
7375
8401
8242
8501
8037
9459
7937
7846
8831
8065
8454
8846
8307
7959
8517
8020
8215
8078
7994
8585
8009
7789
8704
9451
8119
8092
8302
9771
9834
7527
9127
8978
7993
9402
8019
8194
8472
7983
8050
7769
7710
8726
7879
8502
8189
8708
8022
8584
8193
7298
8132
8948
8447
8820
7682
8713
8078
8073
9061
8370
8199
8513
10087
7804
7898
8009
8851
7938
7451
9137
8128
9427
7982
7978
7799
7774
8651
7983
9142
7896
8756
8262
7369
8553
8190
8430
8107
9383
8141
8030
9041
9301
8150
8038
7837
8674
8210
8607
8988
8676
8294
7485
8652
8533
9044
8896
8164
8381
9054
8643
8615
8417
8943
8950
8543
8394
9541
9227
8133
8841
7796
8423
8937
8708
8471
9107
8456
7535
8666
8971
8977
8280
8611
8728
8458
8040
9061
8428
7819
8825
8989
9626
8503
8550
8634
8193
7566
9106
8722
8817
9348
8890
8415
8735
8572
10805
7713
7338
8194
7672
7968
8833
8653
8779
7431
8317
7203
7391
8751
9014
8710
9379
9120
7625
8671
8498
8673
8661
8623
9038
8593
8218
10068
8594
8778
7270
9121
8790
9122
8375
8869
9561
7529
9041
8860
7974
9216
8696
8995
7893
8927
8671
9205
8604
8720
8897
8134
8323
8491
9025
8629
8595
8645
8504
7582
9538
9102
8599
7974
11416
8558
8378
9787
8131
8493
7492
8121
8740
7747
8859
8676
8725
8210
7925
8413
8130
8592
8513
8651
7725
9239
8830
8389
9101
8805
8636
8141
9194
8578
9196
8475
9010
9924
8233
8363
8036
8816
8828
7538
7644
8056
7882
7977
8979
7990
7583
7790
7852
9197
7451
8443
7509
9435
8860
9605
8866
8995
8221
7605
8215
9248
8308
7620
9615
8635
9109
8544
7756
8400
8880
7512
7806
9101
7717
7851
7685
7696
7411
7646
7612
7938
8659
7679
8698
8803
8602
8678
7804
7965
8856
7819
8512
9260
8873
8415
8792
8781
8375
8844
9053
8450
7246
9436
9077
7928
8285
8358
8032
8794
15168
8697
9164
8779
7495
7998
7866
8489
7583
8593
8909
7676
7510
8675
9882
8123
7708
8107
9086
8528
7451
8318
9010
9198
7854
7849
9581
8280
8359
8764
7918
8946
8152
9041
7835
8816
8337
7512
8915
8452
9025
9319
8994
8017
7451
7608
8028
7988
7476
8461
9349
9056
8792
8210
8872
7958
7471
8824
7489
8010
7798
8594
8922
7736
8490
9098
7975
8050
7970
9075
8559
8936
7872
8384
7671
7784
8088
8123
10272
8235
8160
8652
9639
9400
8173
7969
9343
7978
7285
7734
8007
8400
7953
8109
8147
8191
7964
8134
7892
7918
7844
8587
7215
7728
8865
9223
7901
8353
8578
8255
9928
8688
8484
8595
8614
9197
7823
8965
8278
9149
8957
7592
7973
8452
8023
8970
8241
8015
8151
8064
8638
8112
8641
8330
8293
7868
7902
8375
7733
8509
8949
8013
7364
7758
8083
8795
10430
21836
8255
8285
8705
7710
8682
8303
10066
8886
8397
9072
7809
8778
8260
8654
8977
8453
7959
8473
8160
8028
8228
8065
7860
7883
8048
8153
8023
10447
8171
8330
8336
7795
8454
7819
8072
8758
7958
8957
8849
8620
7941
8495
9001
7811
8059
8092
8558
8957
7371
7876
7601
7710
8295
9004
7954
8305
7915
8213
8171
9009
8277
8180
8128
9051
8196
9149
9124
8979
8032
8061
9169
8037
7757
8474
8574
8243
8358
7996
8247
9597
7999
8810
7702
9067
9222
9139
8458
10040
11272
8230
8569
7894
9234
8174
8159
7892
8524
7820
7629
8156
8312
8671
8553
8135
8430
8239
9051
8194
7979
7976
8876
8610
9165
9115
8424
8017
8543
8585
8369
8346
8061
9201
8192
8607
8152
8085
8466
8077
8354
8887
8734
7962
8972
9165
8256
8322
8190
7613
9971
8107
8262
8155
8612
8020
8119
8361
8282
8940
7779
10117
8129
8673
8827
8006
7994
8040
7568
8950
8060
9503
7924
8079
8145
8656
7468
8523
8240
8076
9299
8166
7882
8094
7872
9035
8153
8575
8228
8642
7757
8164
8231
8101
8509
9921
7651
9358
8304
7650
8029
9061
9929
7733
8825
8224
8464
8006
7529
7958
8517
9795
9078
9277
8027
8150
8987
9603
8836
9031
9465
7943
10258
7964
8525
8986
8851
8776
9057
7379
8023
7617
8393
7958
8475
8845
8171
7813
7851
7605
8046
8368
7663
9374
7994
7364
8035
7925
7872
8018
8178
8326
8089
8596
8082
8512
8172
8005
7994
7631
8942
8297
8379
7990
8466
7788
9774
8183
9893
8276
8083
8230
7625
8617
8805
8651
7911
8042
8610
9976
8643
7831
10219
8416
8848
7631
9708
7688
9010
8325
8137
8080
8245
8340
7910
9056
8271
8094
8232
7857
7492
7999
9159
7989
8557
9006
8318
8069
8101
8350
8217
8639
7822
7631
9707
9459
7591
8388
8393
8053
8342
8799
7771
8634
8009
8385
8514
7327
9030
7960
10564
7634
8639
7851
8012
9006
8003
8767
7994
7261
7948
7351
8969
8124
7569
7989
9302
8745
8133
8562
9238
8420
8923
8317
8844
8224
8312
8028
9019
7800
7566
9238
9329
8205
8084
9313
8072
9171
8831
7997
8414
8025
8603
7953
8628
8568
8841
8311
8063
8487
7970
7870
7647
8200
8235
8695
8512
8666
8138
8279
8075
8734
9202
7384
9846
8916
7722
8179
9199
8072
8629
7754
8046
8773
8274
8158
8013
7619
7769
8261
7970
8176
8116
8319
8415
9278
8104
8794
8971
8269
8853
8593
8124
7794
7739
8256
8202
9092
7551
9842
7481
8367
8990
7669
8452
7667
8336
7461
8479
7961
7594
8516
8010
8414
7861
8611
7861
7890
8780
7633
7589
8010
8277
7582
7364
7850
7644
8734
10925
8442
9341
7716
7976
8005
8205
9070
8188
8215
8569
8517
9060
8780
8222
8516
8115
7996
7769
8096
8542
7994
8441
8199
8635
9053
7976
8385
8013
8526
7997
7815
7656
8128
9128
8092
8374
8141
8302
8415
8172
8073
8363
7789
8462
7414
9227
7550
9107
8070
8557
8671
9189
7940
8662
7736
8653
8174
8687
9177
8172
7803
8576
7881
10034
9082
8015
7564
8905
9337
9048
8353
10350
7572
8639
8011
8696
7856
7542
7802
8358
8765
8700
7574
9059
8076
7602
7966
8882
7792
9060
8403
8233
9168
9393
8095
7975
9290
7571
9165
9142
7713
8976
7644
8938
9250
8194
8075
7821
9098
8758
8876
8758
8561
8226
8178
8056
9433
9005
7674
8058
8865
7394
7474
8857
9050
9185
7413
9840
8839
7586
8128
7799
9606
8379
9880
8254
9128
7897
7726
8965
8586
8190
8759
8071
8799
8838
8637
9377
7870
8962
9128
9158
8625
8675
8578
8615
8635
9066
7471
9097
9931
7809
8171
8836
8618
7625
8410
8189
7978
8698
8837
9733
8600
7935
9034
8352
8882
8607
9062
8386
8615
7556
7275
8533
8594
7448
8641
8592
7988
8805
9028
9362
9405
8664
8115
7489
8835
7846
8623
9365
8636
7987
8775
8695
7741
8831
8500
8564
7989
8591
7400
7807
8938
8115
8291
7708
8593
8835
8782
8637
7666
8855
8697
7897
8870
8551
8810
7774
8711
7401
8776
8540
8413
8073
8495
7531
7277
7526
8685
8754
7912
8277
7960
7882
7958
8824
7717
9049
8052
7840
8725
8760
9380
8817
8825
9391
8264
8799
8653
8892
7989
8859
9196
8284
8731
8950
8470
10047
8839
7569
8931
8713
8361
9837
9257
9622
8380
8149
9255
8869
11418
8964
8415
8181
7533
8139
9186
8110
11463
8054
8171
7569
8672
8189
8035
8370
9188
7856
8376
9478
8771
7568
7216
7974
7660
8955
8885
7613
7746
8268
8805
7318
9072
7841
9357
7600
7589
7569
7483
11133
8415
8091
7970
7810
8184
7525
8037
9191
9062
9209
7753
8918
7875
7933
7953
8461
8794
8200
8738
7830
9077
8061
8524
8080
9537
8161
8866
8711
7979
9397
7749
8775
8916
8423
9020
8051
8071
7590
7938
7847
9244
8082
8003
7543
7891
7499
8569
8065
9246
7914
8825
8232
8071
8741
8146
8933
7911
9000
7955
8515
7753
8064
8158
10623
9480
7769
8517
9348
8085
9692
7594
11027
8349
9296
9077
8217
7794
8851
7988
8092
7339
9098
8224
7535
8168
7984
8425
8518
8641
7993
9056
9887
7815
8563
7277
8833
8089
8908
8816
8441
8639
7962
7584
8071
9235
8202
7367
8396
8041
9044
8597
9226
8786
7810
8228
9102
7667
7845
8964
8430
8454
7964
8045
8979
7854
8415
8153
9377
10553
7815
8256
8415
10439
8319
7711
8210
8478
9242
8254
8163
7780
8269
7822
8671
8513
8393
7643
7558
7626
8004
8405
8876
8676
7374
8828
7986
8959
7881
7563
8461
7587
8307
7777
9021
7948
9072
8018
7625
8624
8021
8959
7794
9200
8306
7849
8513
7989
8059
7982
8795
8007
9350
9236
8684
9035
8240
8801
8706
7407
9038
8200
10441
8001
7757
9094
7955
8264
7984
8365
8194
7389
8630
8629
9120
8095
8997
8180
7962
8193
8473
9223
9089
7747
8336
7821
7610
8029
8982
8186
7841
7559
8106
8825
8272
9364
8028
7865
8196
8492
8004
8558
7517
8537
8372
8973
8133
7642
8509
8918
8789
8995
7933
7256
8142
8913
7715
9240
9664
8835
9220
9213
8669
7692
8738
7672
10398
8182
9304
8230
8614
8193
7569
7489
8840
8519
9206
9105
8198
8399
8005
8203
8435
7986
9015
8432
7399
7705
8637
9172
8165
9119
8508
8676
8174
8151
7603
8647
8804
8907
7314
7651
9288
9739
7849
8066
8237
7409
8575
8068
9046
7973
9476
8452
7736
8273
8199
8631
8060
9697
8529
8194
7784
8099
8868
8007
7393
7752
8234
9218
7754
7633
9267
7405
8432
8538
9460
8933
9032
9355
7343
8441
8246
7731
8114
9121
9198
8651
7933
8289
7422
8605
9047
7976
9863
8297
8558
7405
8236
8958
8620
8952
8265
7675
9053
9415
8933
8225
10160
8456
7591
9868
7486
8116
8049
11232
8547
7205
9472
8533
8979
8501
8448
8192
8256
7777
8353
7474
8527
7275
8177
8583
8865
8592
8466
8228
7899
7993
8182
8374
9212
10022
8273
7607
8190
8755
9860
8062
8753
8235
8662
7419
8101
8457
8456
10405
8327
7451
7602
8417
8104
8230
8971
9093
8338
7923
8218
9001
9894
9113
7933
8344
8102
7918
7543
8569
10966
8764
8597
9871
7602
7615
8548
8079
8802
8779
9050
8182
7831
8317
8397
9125
7834
8270
8945
8194
8415
7828
10199
8620
7973
8788
8622
8687
7926
8280
8900
7965
8797
8976
9147
8185
8123
8597
9902
9666
8638
8748
7449
7697
8815
9085
8910
8777
9615
7651
7655
8807
7600
8651
18028
8538
7728
9235
18461
7669
7944
22043
7692
7811
8318
8479
8837
8509
8589
7912
7434
8902
8807
8324
9384
15679
8000
8883
7882
24234
8053
8400
19480
9244
7574
8906
10643
8494
7832
9528
9294
7904
9297
8100
8276
9131
22205
8630
9429
7545
8637
10537
8415
8141
7907
7857
8642
8917
8313
7531
21456
8405
7434
8181
7958
8051
8336
7919
7983
7330
7631
7383
8288
7774
8347
7651
7558
7534
7643
8733
8230
7939
8383
8458
7843
7825
8308
8638
8413
8214
8222
8761
7844
8111
9072
7805
8763
8099
8695
8976
10521
7764
8078
9270
8725
7978
8664
8901
8478
7534
8133
7748
8152
7978
8329
9138
8426
8953
8348
8402
8548
8410
8396
7794
7821
8343
7476
8678
8515
9334
9500
8634
8448
8235
111977
9041
8840
7497
7384
7268
8997
7582
8459
9428
8196
8601
9348
8167
7897
9571
7546
8818
9287
8878
7544
7422
7615
8170
8785
7630
7991
7605
9458
8773
10183
8366
8341
8579
8627
8317
9057
7953
8472
8856
7761
7737
8328
8917
7661
7784
8231
8182
9461
7976
7952
7654
7855
9032
9636
7791
7680
9215
8995
8681
8605
8381
7979
8087
9164
8849
9024
8902
7403
8375
8762
7778
8681
9122
8639
7854
8533
8695
9351
8940
9979
7920
7952
8743
8463
8797
8644
8516
8656
8433
7695
8671
8764
8612
9517
8815
7789
8598
8829
8049
9625
7808
8976
8222
7861
8477
8816
8637
8417
9061
7517
9264
8482
7812
8945
7558
9906
7644
8477
8981
8298
8690
9480
7476
8203
8830
9120
8041
8345
8282
7576
8425
8379
8671
8786
8021
7313
8138
8142
8597
9499
7507
12073
8147
7828
8892
9589
9008
7993
7772
8201
8425
8968
8461
7430
9073
8364
7647
9380
8607
8846
8916
8885
8993
8132
8699
10161
7887
8651
11532
8798
8118
7579
8876
9035
8738
7991
8378
7741
8306
8621
9380
8674
8017
10180
8041
9407
8510
9090
8705
8571
7805
9045
8374
8471
8658
8651
8761
8627
9065
9186
8665
8310
9105
8574
9411
8884
8035
8826
9103
8907
8056
8523
8744
8206
9226
8220
9019
8241
8576
8661
8220
9649
7995
9424
8190
7651
17197
8264
8904
17368
8355
7574
7702
9059
8198
8926
8515
9071
7389
8976
9049
7620
9005
8503
8003
8338
9099
8741
7806
9616
7847
8746
7461
9127
9081
9097
8580
8249
9092
7583
7785
8615
7580
8946
7839
9246
7874
9140
7511
8384
8186
7801
7453
9205
8718
8501
8397
7648
8510
8668
9190
9500
8652
8321
8707
9170
9218
8838
9100
9154
7774
8403
9216
7802
8464
8812
8157
9314
8730
8037
7780
8592
8397
8183
7734
8403
7290
7777
8621
7997
8544
7641
8273
7810
8603
7523
7562
9688
9244
7537
8613
7623
7418
8217
8837
9747
8591
7810
8372
8587
7687
8466
9248
9200
8841
8002
8389
7837
9436
8780
8078
7830
8088
8769
7504
8680
7592
8358
7411
10241
8585
7886
8768
7820
7971
8646
9891
8351
9079
8590
7901
7554
8858
7753
8667
9683
7919
7789
9008
8926
7555
9601
8398
8642
8293
9097
8635
9046
8712
9238
8623
7471
7878
8734
8381
8897
8735
8580
7864
8595
9178
8110
8638
9412
9200
7713
8897
8935
8241
8888
7937
7799
8616
8970
8496
9236
8740
7869
8594
7324
8214
8444
8009
11531
9617
8087
7799
8234
8365
7627
8719
8157
7545
9101
8682
8292
7509
8616
9454
8056
8745
7654
9179
8913
8622
7409
8819
8609
8371
8242
8913
8413
7326
7938
8693
9231
8811
8427
8693
7689
8820
8757
8663
8828
21864
8702
8205
8346
8617
8105
9454
8106
8926
8129
8407
8828
9207
8615
7592
8836
7829
7544
8837
8830
9647
7815
8620
8958
7416
8998
8849
8566
8553
7841
8475
8415
8794
8897
8519
7533
8211
8587
8030
9011
9399
8501
8379
7917
8634
8415
8748
7888
8817
7702
8082
8718
9276
8643
8376
8825
7813
8221
8769
9036
8856
8383
8625
7587
9107
8637
8215
8735
8713
8626
7613
8259
8796
9061
8885
8570
9120
8202
8896
10385
8047
8717
7242
9184
8364
7492
8809
9366
9343
7579
9384
8674
9180
8795
8641
9611
8268
7790
8479
8825
8928
8869
8576
9136
8493
8672
8943
8766
8226
9810
7582
10323
7400
8678
8055
8654
8753
7270
9196
8810
8854
8933
7669
8723
7806
9456
8675
7612
9059
9091
8686
9190
9277
7404
9373
7615
8011
7579
8120
8029
9053
7975
8717
8295
8591
7845
7771
8667
8410
9297
7206
8151
7371
8574
8680
9167
7759
8641
7530
7429
7562
7825
9064
9184
8959
9056
8153
8697
8178
8869
8024
7595
7584
8199
7767
7594
8073
9010
7738
7801
7980
8964
8748
9533
8034
8636
8605
7465
8006
9136
8171
7859
8363
8440
8028
7751
7514
9168
7917
8520
8353
8358
7498
8155
7455
7572
7629
8190
8977
9015
8900
8538
8408
7773
8427
9021
8904
8661
8544
8850
8038
8375
8988
11579
7937
7815
8451
8430
7815
8995
7838
8308
8410
8367
8231
8974
7620
8627
9016
8019
8637
8113
8676
9230
8193
9070
8408
9285
8135
8176
9144
8528
8669
8923
9101
7315
8089
8666
10045
8595
7732
7906
8977
7745
9311
7778
8787
7461
8927
8758
8316
8773
8624
8570
7851
9156
8993
8655
8538
8049
8970
8632
7824
8856
10353
7600
7373
9078
7427
8405
8723
8393
8651
7850
9046
7917
8643
8687
8439
8515
8317
8633
7666
9076
8836
8846
8753
8507
7471
8174
7613
8647
8824
8576
8497
8940
8235
7595
8576
8829
8460
8258
8101
8815
8704
9354
8504
8835
9421
9199
7817
7479
8777
9034
8628
8410
8974
8846
9149
8681
9489
8639
7313
8191
8841
7651
8818
8186
9662
7827
9164
8759
9150
7835
8634
8513
7960
9137
7721
8430
8893
8232
9117
8431
8132
8512
7820
9663
8337
8414
7625
9231
8587
7810
8928
8431
9015
8346
8395
8928
7691
8738
8005
8174
7594
8629
9702
7696
8675
8378
8249
9015
8587
8722
9169
8617
7368
8185
8399
8528
8661
7506
8696
7774
7437
9078
7884
9032
9496
8584
7769
8050
8791
8514
8584
8392
8991
8152
8936
8805
8695
8520
8958
9978
8097
8846
7493
7717
8155
8048
9121
7456
8133
8400
9977
8097
7553
8476
8428
8793
9213
10089
8379
7489
8323
8625
7569
7957
8239
8757
7695
8543
8471
8531
7903
9993
8533
7519
8503
8652
7813
8880
7953
8414
7471
9181
8130
9078
11815
8025
7332
10578
9123
7398
7971
7420
7396
7494
7241
9664
8343
7838
8819
9049
9077
8477
9151
7564
9123
8810
8343
9930
8590
7684
8630
8114
9517
7645
7832
7788
8992
8640
7422
8005
8829
8267
7286
9159
8487
8680
8888
8392
8975
7236
7386
8522
9005
8330
8096
8749
8633
7809
8421
8958
7703
8575
8256
8360
9303
7893
7946
10546
8487
9189
8261
11232
7650
8138
8405
7714
8657
8026
9000
8014
9210
8628
8090
12011
7348
8230
7999
8578
8686
7813
8119
8466
8437
8133
8663
7707
7790
8401
8822
7993
8510
8213
7417
8205
7569
8043
8198
8092
8374
8830
8265
9198
7596
8863
8505
8497
9339
8292
7584
8164
8389
8093
7594
8959
8235
7766
8663
7679
8086
7809
9123
7817
7584
8871
7553
9220
7246
7731
8053
7754
8196
8377
9055
7676
7831
8933
8586
9193
8448
8097
8014
8689
8313
8015
9015
8841
8085
8950
9148
9149
7640
7977
7979
8063
7525
7532
7841
8246
8397
7798
7481
7708
7685
9136
7744
7952
8439
8833
8424
8658
8087
8097
8331
7402
9051
7426
9169
8164
8393
8084
8537
8183
7849
8104
7918
7789
8154
7990
9081
10041
8703
7943
8517
7986
8256
8500
7912
8640
8060
8419
8064
7507
9077
8107
8559
7946
8477
8079
8256
8443
8957
9707
8269
7992
8074
8580
8344
8188
8408
8622
7840
8036
7841
7979
8177
8893
9235
8573
8541
8067
7610
10195
8296
7761
7733
8093
8427
8947
8810
8379
9261
7859
8325
9433
8415
9179
8239
7582
8010
8993
9173
8689
8275
9481
8395
7256
8909
8794
9215
9167
8974
9220
7554
9805
8070
7944
9216
8771
8777
9313
10110
8179
9158
8533
8413
9000
7429
8765
9512
8935
8955
7534
8756
9259
8848
8834
7920
9163
8816
8630
8490
8500
7619
8000
8041
9050
8569
8646
7579
8649
9413
8656
8951
8906
7610
8677
8115
8395
7974
8446
8538
8399
8000
9215
19112
9143
7867
10489
7957
9552
7792
8954
8999
8531
7834
8553
9410
8854
7471
8801
8795
8984
7421
9215
8892
9241
9115
9264
8548
7780
7580
8741
9180
8594
8815
8848
7583
8571
8690
8875
8594
8588
8851
7953
7611
8533
9051
9841
7686
8701
7430
7488
7873
9229
8737
7323
9184
8566
8112
7712
9049
9428
7763
8309
7471
8899
8687
8732
8614
9505
7687
8196
9400
8456
8394
8564
8090
8329
8697
9161
8905
7775
8466
7827
9298
7784
9039
8210
8471
7756
8337
8014
8235
7895
8075
8820
8452
7746
8415
7491
7393
8284
10745
9416
7915
8734
8109
9250
7919
8666
7650
8374
8502
8638
8912
8678
8214
8830
7871
9003
9345
7557
8721
7729
8859
7592
9428
8399
9119
9087
7630
7610
8835
7723
8798
9128
8373
7269
9061
9338
8076
8841
9225
8777
8517
8523
8812
8892
8826
9228
8978
9104
8143
9051
7631
9048
13702
9080
8328
9190
8448
8697
8910
9300
7959
8512
7471
8968
9070
8999
10643
8820
8446
7666
8803
9185
8895
8260
8167
7346
8446
8733
9105
8525
7286
7430
8600
7788
8675
8805
8945
8055
8002
8815
7932
8405
9113
8922
7267
10071
8425
8088
8383
8838
9624
7650
8041
8835
8974
7620
7528
9011
8635
7700
8789
8802
8919
9003
8816
7394
8453
9479
8620
8856
8748
8805
9437
8031
8521
8387
9025
8876
8813
7807
7690
8523
8656
9126
7494
8364
7214
8148
8424
8788
7940
9766
8661
8499
7707
9655
8647
8319
8943
7531
8736
8766
7730
8333
7922
9034
8481
8161
9050
10304
8359
8669
8041
9523
8553
9517
8899
9093
9034
7836
9639
8569
7813
9123
8128
9032
8393
8453
8594
7928
8112
8331
7700
8820
7548
8476
8266
9015
8235
7569
7748
7895
9329
7917
7466
8220
8121
7416
8651
8601
8615
7766
7949
7890
8256
9030
8200
8635
8174
7610
7989
8905
7551
7428
8473
8542
8707
8754
7697
9151
7904
9132
8689
9202
7484
8343
7991
8564
8784
7837
8351
9076
8297
8841
8495
9051
8282
8332
9074
8235
8383
8051
9243
7666
9143
9358
8312
7795
9000
9189
7546
8867
9037
7973
7970
8394
8546
8531
7508
8398
7989
8969
9294
8774
8202
7765
8035
9933
7960
8161
7821
7877
8720
8559
8191
8137
8102
8297
8317
7630
9392
8578
8732
7819
7921
7738
8001
8887
7971
8753
8193
8711
7682
8648
8784
8031
8488
8900
7712
9151
7456
9082
8064
8482
8914
8441
8727
9005
8155
7791
7962
8988
7261
9116
8160
8540
7933
8730
7655
9038
8388
7958
9107
7831
8743
8008
9472
8517
8044
9294
8732
8610
8010
7624
7774
7989
8865
7532
8241
8858
8379
8387
8244
8184
7994
7752
7562
7871
9443
8002
8288
10282
8702
8542
8026
8555
8076
8620
8776
8477
7861
8465
9041
7955
8036
8151
7841
7578
7905
9653
7972
8050
8257
7316
7515
8754
8314
8052
8506
8031
8629
9237
9082
8728
7978
8159
8025
7431
9264
8807
7651
7953
8406
8174
9000
8452
7947
8281
8097
7678
7702
7631
8955
8061
8595
8478
8291
8800
8379
8328
8334
7931
7945
8618
9003
9619
9176
9237
7435
9097
8656
7483
7987
8601
8035
8538
8527
7435
8577
8597
8153
8121
7578
8971
9234
8015
7732
9722
9491
8271
7512
9763
8717
7874
8615
8610
7600
9425
7813
7591
8820
7607
8694
8148
8700
7847
8404
7291
7653
8973
8985
8354
7773
7571
8420
7457
7733
8796
8622
7323
7473
8467
9312
7574
9417
8043
7325
7490
8441
8269
8621
8194
7984
8676
9842
9016
8641
7609
9244
7771
8625
7811
8276
9582
7472
8215
7854
7777
7582
8953
7891
9220
9195
9261
7836
7633
8959
7798
8947
8252
8966
7592
8474
7803
9053
9160
7950
7811
7784
7609
7835
8184
8131
7871
8618
7830
8800
8206
8082
7972
8302
9030
7852
8857
8954
7570
9497
8703
8968
8292
8776
9132
9300
9512
7710
8622
8740
8934
8482
8892
7538
8401
8432
7899
8138
8805
7956
8478
8011
8517
8727
9608
7610
7955
8518
7589
8086
8596
7675
7576
7561
8756
8560
8715
10393
10389
8964
7836
8968
7808
8729
9165
8947
8649
7987
8512
8318
9719
9880
8567
8907
8418
7600
7558
8223
8977
8011
8369
9098
8799
7779
7893
8968
7744
8509
7793
8757
9921
8395
7596
7995
7765
7632
7427
8328
8489
7941
9138
8956
8457
7744
10052
9119
8524
8934
8620
7794
8420
7393
9026
9031
8015
7592
7787
10061
9234
8745
8840
8114
8142
8437
9008
8976
7563
7995
8612
7769
8078
7565
9194
8897
8934
7811
8272
7694
8398
8804
9122
8932
8589
9016
8871
7972
8645
8671
8558
7404
8295
8720
8461
8800
10044
8236
8181
8401
8366
8555
8649
7434
8737
7548
8404
8615
8959
8839
8961
8859
7612
8519
9048
8055
9691
8466
8860
8231
7800
8613
7911
8864
8589
7994
7828
8117
8517
7992
8805
7394
8641
8940
9353
9264
8165
7775
8173
7730
8420
8054
8477
8172
8444
7772
7538
7976
8514
7923
7926
9528
8272
8685
8659
8266
7746
8882
7909
7975
9776
8319
7928
7729
7733
8226
10727
7553
7988
8428
8364
7953
9502
8441
8087
7394
7479
8204
8881
7413
8072
8099
8403
7443
9286
8146
8512
7271
9032
8284
8236
8283
8106
9111
8394
8183
8835
8137
8837
7552
8625
8627
8961
8881
8184
8649
9921
8866
8139
8289
8818
8815
8884
8731
8818
7606
9992
8908
8676
9000
9242
8786
8180
8848
9179
8814
7491
9833
8915
8178
7583
8555
9111
8636
7793
8634
8550
7638
8880
9173
8836
8437
8337
8046
8142
8734
8583
9001
7412
8552
7328
7967
8463
8014
8154
7396
8967
7608
8715
8128
9122
7729
8736
7652
8394
8348
7634
8576
8623
7846
8779
8246
8143
8097
8395
8816
8375
9074
7783
8747
8904
7790
8626
7708
8116
9019
9125
9098
12459
8136
8055
8947
8417
8498
8140
7562
9372
8576
8738
9143
9149
7630
8098
8080
7884
8838
8169
8054
7750
8172
8020
8656
8210
8230
8248
8235
7514
8689
8495
8426
9669
7972
8651
8267
8000
8205
9218
8857
7791
9266
8193
7439
8438
8716
7835
8414
8398
8558
8252
8856
8356
8063
8523
8820
7742
9087
7841
8604
9056
8234
8612
8263
11188
8565
8244
8033
9308
8877
7912
9433
8487
9140
8012
9163
8671
8076
8627
8094
8437
9756
8158
8485
9241
8257
7963
8197
7814
8007
7638
8054
8347
8056
8726
7943
8624
7935
8112
9358
7859
8395
7953
7728
8718
8313
8085
7846
9482
8202
8436
8335
8246
8216
8292
9244
7985
8784
9169
7644
7739
9910
10477
8493
8548
9124
8538
8509
9814
8395
8414
8002
8377
8158
7917
8165
9123
9012
8768
8015
16934
9301
7688
8656
8071
8949
7495
8197
7675
7360
7942
8491
8190
7994
8814
8260
8405
8783
8712
8251
8312
8603
8841
8041
8982
8424
8594
9162
7723
7925
7841
10489
8189
8186
8829
8753
7994
8838
7889
8560
8295
8295
8556
8815
7456
8189
9194
7383
9103
8407
8192
8150
9048
8407
7729
8882
8140
8797
8205
7895
8909
8054
8423
8813
8414
7757
8390
8650
8512
8128
9923
8910
7513
8202
8835
8100
8739
8088
9448
7925
7389
9147
7943
7995
8017
9010
8108
8516
7729
9197
8975
8378
7477
7880
8142
8292
8694
9074
7735
7942
9900
8652
8174
8200
8401
9148
7449
8439
7444
8744
8916
7528
7604
7832
8718
7704
11341
9780
8025
8088
8271
8068
7351
8675
9626
8374
7793
8113
8092
7991
8342
8455
9170
10005
8620
9208
8062
7961
7472
8380
8634
7389
9190
7725
7737
9380
9156
8037
8463
9278
8610
7812
8695
7612
7630
7894
7502
7954
8810
8451
7835
7869
7507
8128
7689
9310
8374
7450
9687
9249
9235
9738
9133
7792
8425
8537
8452
8697
8726
9238
10109
7774
9013
8664
7864
8398
9094
8338
8252
8590
8462
9067
8508
8078
7805
7332
8769
8215
9348
9249
8018
7840
7697
8314
8353
8602
8408
7847
8215
8380
7987
8900
9326
8542
8415
7608
8463
8104
7775
8046
9061
7748
8389
8501
9323
8025
7966
8104
8599
10189
8113
8082
8290
8598
7751
7805
9237
8025
9183
8241
8638
7954
7378
8611
9683
8485
8034
9035
9268
8502
8286
8354
7443
7738
8095
7471
8251
8896
8395
7703
8212
9218
8486
8315
8284
8096
8614
8236
8844
8820
8454
7506
7912
8883
8013
8015
8935
8650
7759
8277
7767
8996
7351
9495
7739
8867
8014
8617
8778
9125
9420
9241
8123
7882
7796
9455
8040
7733
8607
8616
8241
7943
8244
8266
7518
7432
7841
7764
9215
8172
9158
7555
9137
8620
8012
7994
8031
8475
7774
8891
8293
7962
8647
7716
7969
7813
7771
8102
8339
8996
9509
7779
8859
7235
8071
8669
8857
9149
8051
7735
8107
8339
9062
8667
8758
8013
9269
9529
9037
8999
8434
9029
8218
8974
8984
8676
8669
8820
8596
7729
8412
8687
8978
8496
9190
9041
8615
8375
8782
7587
8394
7471
10846
8792
9016
9047
7592
8796
8680
8683
9676
8441
8964
9205
8600
9714
9679
8399
7583
9076
8692
8765
8558
8534
7492
8888
8780
8320
8653
7943
7598
8308
8715
8878
8054
7997
8288
8817
8622
8687
8735
8822
8654
8601
8400
9477
8804
8841
10005
8524
7712
7860
9665
8385
8774
9607
8686
8015
7823
8638
8154
9702
9419
8818
8641
8756
8769
7452
8814
7749
8531
8882
7543
8554
9019
8601
9609
8049
7921
7794
8046
7649
8423
8853
7940
8477
9322
7839
7909
8133
8327
9341
9242
8219
9023
8002
8570
7457
7784
7974
8178
8638
7549
8979
7245
9201
8735
7639
8636
9223
8774
8160
8287
8607
8976
8628
9216
8635
8598
9019
9504
8574
7456
7800
9208
7692
8840
8575
8230
8636
8625
8571
7656
9024
8800
9046
8304
8744
8758
7789
7590
8847
9861
8456
7490
8960
8191
8760
8892
8449
8495
8200
7887
8178
9146
8771
9041
8764
7447
7511
7341
9137
8377
8791
8719
8235
7579
8800
7845
8741
8957
8751
7330
9701
8587
9192
9706
8914
8635
7543
8716
9464
8136
8545
9529
8794
7492
7828
8651
8188
8497
9350
8733
8335
10557
8819
8075
8359
7476
13062
7934
8851
8780
7844
8878
8371
8692
8979
9277
9186
10567
7753
8292
7448
8415
9218
8744
8073
7964
8333
8809
7390
7595
8178
7644
8448
8092
8497
8635
9000
8325
9135
9097
8875
9541
8112
8920
8446
8302
8820
7551
8205
8036
7975
8737
7865
8415
7936
7641
8398
8515
9106
7926
9247
9269
8707
7422
9041
9868
8429
9079
7846
8840
7479
9889
8900
8129
7775
7574
7512
9650
8106
8809
9055
8635
7312
9066
8964
8197
8490
8773
8594
7635
8370
8362
9071
9519
8913
8799
8106
9119
8617
7610
8634
9133
8856
7209
8876
8594
7428
8772
8716
9317
7887
9117
8508
7925
9025
7913
8948
7342
8716
7856
8448
8736
7330
7505
7553
8516
7772
8876
8926
9674
9219
7945
7749
8847
8036
8553
8514
7478
10025
8610
8901
9578
8236
7336
8882
8660
7564
9430
8513
7673
8213
8323
8672
8376
9200
8790
8232
8687
7784
8771
8401
8833
9235
8807
7653
8595
8621
8060
8856
8475
8798
8494
8735
8641
9744
9564
10462
9217
7868
9051
8682
8313
8608
8733
7483
9287
9629
8572
7545
9849
8352
8843
8497
11033
8092
9111
9030
8833
7746
8275
9482
8897
8814
8903
7278
8315
9843
8807
9413
8485
8224
7710
8032
8646
7912
8689
8969
9641
7654
7992
8557
7980
9697
7894
7971
7612
9629
8737
8717
9493
8765
8592
7837
8363
8663
8406
8687
7550
8663
8492
7625
8473
8985
9068
8715
7917
7647
8341
8666
7573
8544
7882
8594
8280
7753
8417
9025
9698
8859
7582
7772
8241
8494
9025
8513
7852
9122
8884
8765
8856
8661
8649
7800
8400
8578
7716
8730
8836
8697
8571
7492
7416
7915
8491
9102
8451
7626
8610
8675
7830
8378
9096
9015
7487
8766
8675
8523
9224
15912
8788
7613
8678
9710
7422
8652
10446
7777
7822
8353
9980
9020
8553
7751
8629
8892
8215
8702
8523
8019
9420
9037
10931
9129
7821
8439
8355
7696
8139
8627
9683
8538
7990
10103
9221
7595
8512
7866
8374
7820
9037
7791
7745
8002
7648
8397
7702
9543
7638
8004
8114
8057
7876
9047
9400
8245
8105
8400
8718
8992
7655
9282
7487
8253
9166
8856
8062
7698
8493
8608
7809
8379
8516
9876
8885
8517
7313
8571
8830
7844
8407
8021
8184
8210
8165
8986
9526
7959
8194
9135
7673
8589
7538
9145
7871
7668
7956
8658
8901
8367
7550
7534
9952
9704
8008
7875
8454
7604
7781
7517
8367
8239
8368
7799
8474
8435
8636
8414
7371
9379
9128
7849
7361
7865
7908
7723
8607
7788
7545
7441
7838
8710
9410
8338
7871
9241
7684
7280
7753
7669
8868
7802
7629
7792
7709
8251
7633
7428
8628
8115
9123
7996
8405
7868
7435
8819
9199
9066
7343
8797
7993
7635
8319
8562
8734
7781
9277
8233
9230
8233
7814
9162
8033
9167
7575
9615
7463
8170
8085
7243
7834
8140
7636
8372
8190
7978
8046
8634
8621
8594
8215
7943
8946
8752
8872
7961
8839
9329
7467
7906
7569
9020
8600
8667
8015
7788
7536
17299
9778
8634
18773
8475
8236
9311
10385
7813
8005
14726
9415
8983
8419
8125
8719
7515
23095
7530
8731
7783
8809
7811
9167
16633
9197
8536
8112
8364
7779
7729
9306
8227
8364
9945
8090
9046
8015
8835
7924
7520
8065
7614
8603
8062
7644
8704
8517
9942
8266
7751
8967
7526
7825
8615
7766
9433
7825
8304
7348
9107
7962
8856
7699
7871
8304
8574
7997
8424
7595
7451
10008
9240
7435
7738
8027
7939
7782
8635
9120
8125
8198
7671
9312
7748
8367
8340
7542
7778
7637
8866
11200
8896
7791
8690
8917
8239
8635
7978
7624
9964
8696
8952
8835
8792
7705
7911
9374
9048
9844
8774
8635
8792
8816
8197
16382
7810
8623
8540
8558
8780
8800
8641
9805
7402
9763
8804
9459
8020
7961
9003
8031
7751
7792
7353
10287
9688
9053
7651
8196
8803
7866
9348
8430
8266
8015
7917
7872
7437
7877
7932
8396
7805
8042
7533
11431
7469
8349
8733
7625
8550
7565
7794
7565
8420
7968
7856
8635
7557
7358
9635
8835
8324
7940
9117
8117
7841
8584
8611
8534
7539
8900
8193
8579
9209
9098
9182
9158
7495
9470
7908
9251
10223
8831
8440
7389
8944
7488
9210
10207
9005
7817
7851
8176
7954
9003
7633
8025
8576
8406
8415
8582
7827
9434
8967
8149
8386
8090
8418
7938
8707
10000
8514
8793
8030
9530
8821
8501
9043
8456
8706
8409
8670
7589
9028
8195
9026
7796
9055
8530
8254
8626
9133
8773
7453
8830
8888
8050
9257
7609
9837
8233
8116
9350
8172
7752
7629
7435
7519
7815
8052
9094
8578
10711
8123
7756
7529
8988
7871
9185
8000
9256
7692
8020
8915
8338
8877
7466
9007
8761
8061
8594
8112
9061
7689
8236
8545
9034
8636
7836
8550
8648
7800
7406
8441
8747
9116
9076
7628
8592
8825
8628
8904
9438
8564
7687
8996
8572
8388
8817
8850
8880
8352
8839
8376
9045
8763
7329
8687
7871
7513
9283
9158
7528
7696
9230
8446
10436
9250
9092
7374
8035
9198
7329
8584
8850
9117
8947
7639
8514
9129
7984
9029
8897
9147
8575
8029
7482
8394
9817
8369
9112
7408
8958
9028
8829
8984
8230
8397
8129
8743
8916
8839
9779
8237
8765
8419
8669
7613
9239
8782
7763
8906
8310
8437
9299
8387
9174
8382
9342
8352
9116
8937
8822
8955
7456
8361
9090
9390
8625
7996
8914
9540
8374
8274
9341
8596
8194
8820
8574
9263
8168
8623
8886
8392
8323
8651
9248
7942
8323
9111
8446
8809
8594
7515
8647
8580
9563
8740
7666
10228
7763
7962
8009
10443
9197
8270
7445
7560
8312
8231
8187
14421
9121
7450
9236
7375
8189
8461
8359
7846
8570
9082
8688
7697
9000
9171
8481
7710
8014
9030
9009
8828
7594
8820
9449
8860
7794
7962
7430
8415
9027
8133
7530
9236
8554
8961
7911
8840
8557
8189
7478
7752
7712
8963
7589
8391
9303
8098
8042
9174
7586
9071
8431
9316
8994
7792
9134
7382
9030
7551
7595
7809
7538
9254
7588
8213
7296
8176
8646
8457
7524
8194
8184
8669
8369
9078
7815
8573
8143
8281
9127
8674
7975
9074
9169
8871
9594
9187
10435
8674
8917
7422
8161
8680
8909
8252
9249
9205
9701
8393
8939
8850
7940
8874
10358
8005
8615
8328
8938
8019
9263
7801
9124
8528
8145
8990
9086
9208
8394
8895
8892
7489
8342
9188
8223
7666
9056
8141
9010
8554
9364
7699
8618
8212
7355
8010
7917
8092
9246
8391
8316
8105
7744
9892
8056
9205
7850
8126
8429
9117
9841
9147
10110
8609
7421
7434
9130
9070
9181
7917
9014
9836
7595
7636
9035
8857
8021
7348
8385
9068
7574
9005
8348
9096
8365
8433
7579
9467
8299
8644
9123
7894
9178
7723
9584
9063
7513
7609
7854
7525
7409
9084
8991
8731
7896
8583
7437
9050
7875
9091
8717
8599
7712
7461
9255
8851
7394
7898
8687
9458
7784
8125
8194
9024
8267
9010
9541
8235
9128
9023
9119
8165
8655
7410
9022
9143
8107
8988
7572
8142
9619
9158
7460
7810
7494
8674
8396
7476
8627
7558
10670
9064
8014
8147
8885
8210
8862
7971
8543
7674
7805
8952
8020
8864
8440
7782
7717
7764
8361
9219
8001
7727
7994
8446
9280
8699
9225
9066
8596
8111
8836
7876
8722
8602
8840
7843
9099
8055
10097
7801
9639
8576
7730
9269
8671
8215
9030
9233
9937
7471
9241
7268
9712
8458
7909
9241
8234
8970
8791
9130
8835
8371
9159
8255
10133
8119
7573
8938
8652
7430
7816
7782
7488
8032
7376
7540
7871
7400
8916
9082
7414
9923
7558
8700
8512
8434
7523
8912
9620
8432
7390
8802
8882
8858
8811
9587
8082
8683
7912
8762
9119
8928
8883
10795
8777
8475
9115
8943
8243
9420
8152
8414
8257
8362
8907
8969
8805
8476
8876
8132
8799
7915
9255
7517
7868
9256
7217
9329
9041
8787
8656
7948
8073
8423
7949
8636
9199
9378
8085
7874
8860
8624
8765
9517
8757
8789
7354
8775
8531
8674
7889
8476
7707
8108
8945
7611
8638
8901
8126
7488
7890
8646
7671
9709
9240
8707
7394
8082
9828
7764
9110
7538
8642
7398
8577
8755
8738
7654
7989
8030
8158
9030
8419
9352
8676
7696
8526
7391
8347
8867
8997
10177
8975
8846
9857
8798
8740
8330
8485
7973
8963
8791
8421
7643
9235
8774
7953
9345
8715
7689
8782
8432
8471
7717
8490
8697
8111
8962
8346
8556
8597
8432
9471
8817
8482
9002
8254
7334
7816
8261
8738
8516
9740
7991
7808
8223
8569
7459
8554
7233
8515
8941
7676
8705
9215
9556
7643
7831
7279
8524
8515
9118
7449
7794
7771
8904
7939
8434
8933
8710
8632
8694
8684
7794
8601
8555
8661
7895
8420
8382
7795
8185
9189
9043
9514
9811
8728
9084
7468
9042
9005
8415
7984
8712
9269
8533
8079
8584
7339
7849
8846
8611
8795
9036
7980
7717
8676
8675
7997
8853
8543
7672
7823
8015
9071
8698
9742
8519
9231
8512
7551
9074
9219
7511
7902
10065
7512
8600
8917
8384
9140
7756
7692
8538
8344
7688
7742
9090
7769
8997
9400
9102
8247
7579
8994
9068
8600
9426
7488
9111
7429
8895
8624
7659
7345
15798
9187
7792
9001
7658
8597
7410
10051
8335
8866
7957
8207
8584
8336
8999
10176
8352
7589
8117
7769
7822
8815
8876
8076
8957
8212
9112
7707
9846
7639
9123
9400
8090
8528
8057
10015
8657
8614
8159
8018
9007
8156
7499
7557
8805
8593
8137
8954
9215
8378
9890
7688
7658
7948
8108
8883
7552
7591
8004
9910
7864
7934
7590
7772
8034
7738
9059
7646
8430
7735
7547
9057
8340
7733
8553
8912
8856
7549
8179
10468
8064
10609
7759
9176
7401
8691
8160
8388
8777
7651
7559
7738
7755
7993
7479
8635
8847
7960
7995
7507
7276
9788
8688
8845
7984
9219
7808
7702
7451
8164
9708
9533
7453
7542
7593
9092
7482
8595
8907
8058
9115
8389
8644
8205
7508
7389
8047
8364
7629
8789
7741
7443
7815
8623
8936
9038
9061
8042
9220
7881
7781
7394
7958
10076
7684
7506
7591
7221
8784
8004
8656
7521
7588
8889
8156
8594
8889
8957
8802
8803
9230
8446
7576
9005
8653
8338
7304
7801
8563
8786
8732
8596
8623
8404
8479
8719
8235
8356
8916
8598
7405
7772
7226
7802
8687
7902
8792
9297
8174
7964
9067
8463
9948
9533
8324
8023
8292
8526
9246
8960
7843
8203
8284
7482
8830
7588
9121
9758
7753
7889
9212
8155
8525
7572
7811
8292
8715
7642
7497
7524
7563
7600
7726
8644
10255
8435
8481
10159
11800
8353
8008
9923
9291
8800
7811
8529
7292
7982
8828
8389
9186
7438
7871
7325
8004
8169
9139
7581
8114
7706
8389
9137
9132
9343
9268
8688
8188
9009
9261
8487
8758
8292
7541
7568
8228
9979
7730
9177
9072
8777
8077
9891
7822
7800
9049
8448
8491
10347
7769
8636
8467
7973
7994
7677
8380
8405
9115
8165
8505
7698
7448
7551
8576
8066
8022
8158
8060
8728
8397
8098
8595
8241
8435
8052
8068
7488
8184
16059
9113
7901
8173
8442
8153
8175
8200
7485
8215
7992
7987
9097
7943
8730
9421
8640
8020
8164
8061
8046
8495
8025
8668
8117
7788
10102
8241
10364
9705
8495
8006
7751
7538
8001
8685
9226
7580
8702
8194
8275
8025
8320
8006
7693
8010
7953
8989
8262
8456
8412
8628
8218
7272
8099
8196
8666
8190
7784
9020
8757
8276
8581
8030
7991
8317
8482
8923
8726
8194
8298
8014
7651
7764
7835
9513
8050
8551
7764
8464
9349
7882
9022
7959
8737
8374
8025
9007
8011
8728
8246
10237
7909
9062
9086
8192
8203
8186
8255
8650
8176
9038
7888
8735
8144
7491
8000
7405
7501
8094
8407
8093
8293
9078
7978
8150
7859
7821
9239
8093
8071
7998
8605
7987
8581
8062
7361
9766
9234
8174
8182
7911
8063
8091
9006
8769
8262
8201
8174
8202
8475
8331
7962
8621
7815
8112
8286
7553
8761
7933
8213
8006
8610
8160
8605
7645
9523
8478
7866
7390
7725
7781
8837
7975
10683
7756
7778
8460
7933
8815
8040
8459
8211
7710
9024
8287
8476
8080
8353
8040
11256
7783
8048
8374
8078
8017
8294
8612
9292
8004
7981
8052
8579
7977
7852
9007
8075
8332
8081
7703
8302
8509
8518
8662
8679
7994
9992
8015
8669
7913
9223
8537
8092
8106
9924
7510
9194
8026
7918
8343
10104
8953
7617
8938
8014
9274
7594
7329
8359
9093
8024
8154
7736
9193
7774
8454
9242
7456
8034
9298
8232
8474
8275
9649
7899
8419
8355
8676
8128
8574
8001
9262
7692
7873
7629
8296
7580
8895
9410
7641
8757
9222
8112
7804
8454
8163
8546
8855
8556
8372
7978
8156
8533
8896
8172
8625
8212
10215
7780
7649
9424
9204
9035
8235
9026
7555
8399
8340
7504
8682
7231
7977
17880
9060
8344
8353
8797
7641
7967
8853
9276
9019
8174
8661
7923
7719
8958
8062
8989
8142
8665
7656
9034
8775
7856
8243
8535
9126
7886
8697
8795
7569
7532
8707
8488
8558
7668
8809
7758
7935
8313
7601
8190
8637
8778
8856
8652
7339
8892
7695
8357
8861
9033
8701
8548
7700
8207
8614
9041
8203
8576
7579
8600
9336
8596
8989
9038
8745
8898
8899
8525
8807
8514
8961
8779
7531
8056
8610
8946
8797
8851
8646
8264
7748
9640
8025
8257
8591
8457
8155
8952
8565
7726
8619
8360
8789
9220
8533
8677
8318
7496
7469
7991
8118
8658
8625
9617
8104
7931
7658
8475
7552
7962
8774
7983
8066
8798
8476
8232
9053
7544
9692
9777
8193
8881
9192
8840
8808
9108
8215
7811
8574
7685
8779
8347
8222
8451
8307
8913
8587
8473
7550
9651
7266
8861
8818
9769
9104
7400
8861
7967
8070
8745
9271
8616
9075
8799
7959
8595
8915
9416
8682
7412
8518
7498
9095
8623
9562
8609
7625
8184
7977
9702
8609
8118
8583
7878
9215
8455
8405
8614
9243
8900
7372
8897
8759
9635
8797
7654
8804
7784
7768
8236
9014
8410
9020
8767
8979
7466
8827
8949
8577
7451
8895
7331
8548
8425
9048
8636
8133
8892
7358
9445
8522
9135
8825
9465
8798
8697
9016
7964
8721
8856
10218
8674
8733
8498
7984
8840
8756
8649
8372
7619
8505
8714
8796
8468
8337
7613
7348
7475
8587
8979
8603
8158
7956
8867
8836
8971
9737
10411
8467
7991
8369
9119
8861
8432
8875
9374
8170
8656
8568
8778
7477
8229
7707
7781
8440
9427
10763
8791
9158
8276
8717
7952
8928
8938
9016
8828
13632
8177
7352
7734
8704
7752
8874
8361
9200
8224
7961
8755
8933
9201
7538
11086
7589
9132
8497
8730
9170
8077
8584
8666
8605
9256
7952
8013
8597
9138
9125
8962
8832
9052
8579
9866
8553
8707
8764
8635
8974
9421
8088
8353
9112
8581
8558
8824
9159
8153
7577
8425
7524
9522
10287
9600
8477
8627
8936
8934
8623
7792
8687
7682
8854
8789
9339
8925
8836
7795
8143
7436
8302
7591
8815
8494
8824
7594
7538
7582
9113
7625
8490
8268
9314
7590
8867
9200
8231
8534
8817
8779
7669
10074
7600
9930
8734
8156
9012
8874
9321
9294
7502
8314
9029
8688
8303
7342
9016
9017
8561
8282
8330
8525
9058
8379
9039
7855
7494
7955
8340
8938
8194
8322
8295
7989
9924
9242
8569
8099
7940
8363
8730
8845
8656
8564
7412
8436
8074
8194
9282
9084
9016
8492
8556
9028
7876
8847
7811
7395
8340
9089
7553
8698
8948
8356
9086
7302
8890
8635
9116
8641
9194
10212
7568
8053
8494
8815
9681
7984
8968
7630
8293
8297
8074
9449
9099
9011
8016
9353
9240
8515
8695
11045
8964
8539
9084
8841
8103
8619
9051
8379
8724
7620
10084
8587
8824
7820
8753
8653
7965
9795
7677
9017
7508
7469
7605
9071
8784
8883
8995
7692
8036
8569
9152
8763
10098
8595
8704
7791
8754
9210
9019
9033
9200
8533
7719
9578
8630
8533
7593
9405
7676
9036
8640
8548
7505
8653
8794
8358
7659
8869
9198
8476
9692
8476
7416
9109
8645
8282
8439
8419
8117
7870
9108
8552
9157
8635
7763
10097
8593
8028
8177
7710
7898
9117
8918
8482
8707
7924
8018
8569
8653
9189
8018
9898
8785
7966
9298
11239
8993
7989
8784
8341
7794
9148
8376
9086
7935
9240
9349
9597
15210
8036
8616
7617
9219
7943
8472
8149
8270
8988
8193
7725
9066
7788
7324
8894
8659
9119
7835
7588
9170
7417
8240
7404
7376
9153
7430
9061
7656
8327
8115
9137
8483
8786
8086
7443
7555
9800
8762
9017
8892
9069
9021
7846
8022
9143
7924
9122
8692
9053
8257
8064
9099
8082
8818
7369
9028
8250
8869
8986
8841
8409
7343
9356
7305
7588
8675
8936
9050
7275
7841
7341
7719
8952
7505
8774
7267
8194
8635
7995
8738
7483
8801
8487
9127
8727
7675
10026
8212
8514
7425
7589
8829
9008
9087
7786
9190
7583
8071
8887
8687
8847
9322
8606
8817
8153
8257
7550
9692
10159
8597
8175
8532
8513
8645
8827
8331
8245
7292
8696
8646
8374
8408
7323
8675
8398
8228
8917
9092
8566
8635
8473
7425
7887
9033
9053
9490
7846
9154
8816
8871
8948
9312
8736
9205
7733
8606
9025
8476
7477
8597
7867
9643
8970
9107
8587
8707
8737
7490
8578
8939
7502
9310
8076
8694
8621
7931
8818
8759
8361
8800
8497
7390
7740
8764
9914
9090
7896
8466
7334
9185
8637
9050
8857
8379
7591
8043
9024
8610
8964
8594
10018
7907
8009
7575
9655
8907
8999
7701
9541
8148
7612
9028
7594
8875
8266
7831
9229
7855
8917
7851
9010
7862
9810
8031
8043
7247
7343
8663
7232
9189
7213
8477
8558
9639
8583
8126
8688
8764
9120
9496
8932
8875
8630
8535
8611
9140
9112
8096
7738
8418
8246
8745
8235
9228
7699
8800
7907
8786
8956
8594
9054
8395
8618
8516
7714
9434
8116
9143
8563
7564
9040
8663
8728
7619
8886
9358
8475
7571
7456
7777
10073
8847
7760
7394
8683
8697
8861
8292
8758
7707
9292
7618
7900
8687
8005
8797
7716
8224
7794
8659
8702
9477
8908
7510
8124
8385
8826
8678
7574
8629
8908
8920
9744
7831
8809
8612
8762
8040
8234
8800
8405
8406
7779
8628
9310
7872
8681
9001
8670
8869
8898
8029
8997
8736
9035
7863
7790
7558
8225
8035
9050
17794
8828
8337
8928
8635
8589
7810
8138
8457
9379
8609
7943
7896
7428
9015
9883
8129
8271
7487
8916
9036
8645
8856
8232
9201
7878
8146
8815
9039
8558
9276
7809
8656
8369
8579
8513
9417
7287
8662
8222
8960
8906
8881
9622
8025
7992
9517
7728
8565
9000
8782
9973
7738
8661
9160
8401
7601
8745
8670
8800
8620
9050
9032
8754
8781
7394
8697
9794
9269
8254
8768
9219
7585
9057
8376
8886
8631
10669
9006
7309
8273
9118
9470
8705
8914
7549
7328
7713
8980
8717
8905
7841
8179
7667
8796
8666
8777
8754
8620
7735
8185
8629
8644
9001
8558
7407
8620
8013
8978
9756
8727
8446
8351
8317
8533
9210
8663
9902
8603
9338
8223
8841
8902
9895
8358
9018
7851
9122
8528
8217
8749
8415
8858
8530
7461
8632
9168
9255
8839
8682
7276
9305
8707
9118
8184
8363
8374
8430
9685
8236
7765
9080
8714
7989
7212
7929
7570
7557
7392
7630
9228
8439
8135
9017
8813
8799
8282
9087
9097
9035
9169
8803
7471
8166
7975
8599
9646
8778
9200
10567
8728
11506
8948
7692
7700
8868
7979
7490
9128
7364
8215
8180
8552
8702
7677
8285
18574
9229
9057
9256
8393
8618
9668
7584
8646
7542
8436
8795
7958
7538
8022
9034
9015
7630
8385
8661
8378
7836
8573
8978
7432
9204
8450
8189
8718
9149
7638
8324
9346
7773
9142
8158
8602
8124
8611
8286
8325
8457
8039
8571
7891
7724
8362
9843
7479
8311
8088
8310
8282
7702
7569
7984
8331
8739
8122
8497
7973
8233
8420
8814
9099
8933
8649
7774
8834
8733
8052
8168
8047
7892
7402
8394
8447
8000
8485
8875
8896
7631
7965
8458
8082
8615
8672
7917
9035
8010
8695
7990
8333
8068
8344
8457
8384
7960
7765
10246
8302
7830
7512
7830
8537
8517
8667
8457
8395
8261
7966
10230
7982
8380
7652
7671
9209
8107
8284
8140
8574
9040
7824
9129
8423
8089
8069
7669
8990
7989
9140
8302
8571
7995
8818
9312
8032
8164
8132
9275
7983
8344
8538
8517
8280
7990
8255
8119
7675
8630
8405
8862
8396
9041
8184
7735
8215
8108
9451
8352
7587
8412
7579
8646
8151
8047
8049
8602
8983
8015
8960
8001
8823
7574
7689
9223
8407
8535
8184
8134
8812
8246
8615
9259
8470
8254
7558
7995
8579
7802
8033
8200
8119
7930
7856
7505
8318
8166
8339
8930
8236
9026
7319
9102
7819
7994
8019
9440
7953
8183
9329
8169
8377
8234
9780
7943
8897
8574
8160
9017
7901
7929
7771
8517
7887
9293
8035
8005
8480
8820
7896
8545
7992
8702
7992
7810
9600
7297
7620
10611
8043
8015
8048
9173
8939
8292
8394
8178
9022
8358
8620
8014
9452
8876
8033
8117
7755
8876
8111
8012
8049
8018
8184
8026
8687
8128
9097
7982
8275
8099
8292
7792
7938
8342
7994
8609
8471
8534
8578
8020
8298
8734
7815
9059
7263
7504
8081
8426
8466
8418
8491
8455
8550
9140
8468
8129
8471
7770
8123
9297
7861
8318
8923
8518
7642
8144
8192
8112
9532
7861
8035
8436
8046
8586
7831
8961
7795
7774
9033
8714
7896
8662
9027
9204
8196
9180
8874
9674
8959
8974
8820
8054
8155
8695
9091
9610
10671
9589
7516
8983
7749
8883
8856
9204
8989
8138
8807
8434
9381
9597
9029
9051
7434
9200
7640
9656
8745
7589
8862
8678
8000
9064
7503
8778
9076
8667
8601
9907
8723
9132
8800
9010
8829
8192
9305
9553
7952
8632
7533
8620
7535
8617
8414
10381
7787
8851
8892
7714
7994
8779
8011
8627
8594
8599
8356
7600
8887
8782
8436
11256
9281
8629
9244
8558
8961
8515
7927
8437
8035
8606
8827
8757
8867
8348
7728
7494
8585
8619
8938
8228
7752
7793
8034
8990
9025
7605
9222
7451
7552
9011
8641
9889
9112
9194
7317
7693
9131
8511
9258
9871
8000
8025
8930
9075
8991
8985
9094
8901
8309
9209
8697
8845
9115
7601
9351
9512
8989
7701
7494
9066
7703
9058
7631
9254
9376
8902
8803
8451
8333
7874
8478
9276
7975
8804
8190
7608
8476
10144
9035
9018
8879
8506
9266
7615
7920
9467
8592
8778
7645
8917
8535
8715
8682
8589
8722
10488
7860
8780
9488
8998
9241
8952
8232
8991
9125
8242
8003
8876
7802
8574
8033
8757
8808
9517
8432
8570
8666
7992
8695
7486
7850
8572
7991
8519
9049
7990
7690
9500
8512
8979
8838
8073
7392
8815
7613
7569
7471
7894
8871
7895
7899
8073
8533
8656
8334
7910
7642
8796
7504
8922
7569
7629
8771
7513
8852
8634
7541
7561
8005
9384
7641
9467
8435
8591
7589
7797
9026
9674
8218
7754
7948
8288
7797
8910
7879
7846
7464
7251
9138
9096
9004
7728
7592
8750
7974
8398
7965
8901
7805
8195
8365
9510
7980
7451
9142
7810
7943
8712
7697
8364
8786
8558
9015
8244
7415
7924
8618
7841
9204
8478
7710
8534
9393
8861
8097
7605
8516
7706
7594
8687
8399
8220
9087
9960
8036
9088
7909
8017
8060
8006
9198
7880
8311
7820
8801
9995
8354
9466
8171
8397
8032
8566
8055
7982
7600
7593
7507
7851
7523
8049
8594
8829
7949
8336
7839
8610
8153
8053
7933
8446
7602
8164
8325
8164
8164
7964
7956
8082
8143
8052
8697
8032
8356
7650
8567
8304
7712
8331
8187
7980
8375
8905
7503
8979
8211
8312
7735
9253
10469
7752
8634
8215
7765
8810
7562
8840
8399
7810
8191
8608
8875
8158
8218
8912
8497
7899
8081
9253
8052
8715
8332
8246
7739
8065
9046
10001
8195
9082
8657
9225
8185
7544
7976
8832
9053
7954
8157
8547
8043
7952
9079
8241
7811
7857
7554
8518
8279
8167
8128
11189
8092
8443
8850
7751
8232
7824
8918
8902
7620
9215
8369
8758
8051
8287
8158
8246
9701
8136
8160
7986
7434
9215
7204
9750
8725
8208
7994
8229
9162
7665
8462
8134
8381
8010
7409
7422
8500
8819
8129
7813
7969
8591
8306
7983
8076
7938
8134
9131
7795
7873
9063
8344
8051
8560
7553
8591
8635
7969
8377
8116
8962
9176
7263
7698
8194
8315
8115
8502
8160
7957
7752
8045
8721
8138
7979
9198
7413
7834
8122
8880
8187
8447
8820
8171
8415
7943
8650
8186
7590
7785
7938
8585
9042
18881
8594
8506
8105
8087
8761
8270
8055
8003
8219
9000
7768
8600
10395
7930
8924
7789
8940
8146
8277
8277
8677
7984
7555
7579
8038
8615
10207
21918
8221
8642
8362
8146
7821
7964
7921
7482
7895
8764
7508
8771
9395
8902
8556
8475
8253
10130
8016
7827
8576
7843
8246
8251
7538
8112
8681
9633
18988
8635
7700
8598
8358
8217
9305
22844
8072
7974
10062
8012
9215
8435
8628
7673
8434
7443
7533
7485
8279
8315
8949
9025
7584
8425
7582
8643
9628
9246
7913
7751
8166
7570
9112
8373
8515
9155
8398
8431
8228
7528
8230
8534
8132
8806
8404
7312
8350
8681
8007
9160
9006
10779
8390
9140
7810
8398
8764
7636
9030
8432
8094
8640
7682
7415
10009
8281
8112
7544
7954
8797
7624
7585
9189
8087
8967
7628
9234
9040
8998
10063
8694
8314
9076
7871
8572
7712
8381
9277
7989
8648
8673
8284
8024
7994
8060
7610
9044
8833
7763
8630
8353
7725
8753
8260
8579
8838
7707
8739
8676
7933
8843
8263
8967
8191
8407
9898
7923
8651
8996
8897
8511
8143
8664
7563
8791
8717
8837
8482
7634
7424
8051
10026
7840
8600
7958
8420
9051
8937
8585
8577
9228
7821
8030
8470
7579
7456
8554
9009
7617
7622
7371
8128
8649
9816
9236
8173
7743
8681
8536
8972
7717
7742
8237
9282
8749
8901
8837
7524
9220
8839
7569
8431
8989
8802
8204
9140
8733
8174
8966
10083
8593
8561
8332
8703
7466
8743
8633
8528
8498
7656
8958
8446
8872
8196
8492
8758
8825
8623
7581
8889
9000
7741
8600
7740
8538
7822
7432
8385
8109
8292
9057
8585
9014
8790
8130
9721
8552
7873
8901
9887
9186
7410
9061
7552
8560
8915
9200
9043
8412
8169
8342
8926
8802
9156
8983
8485
8446
9168
7791
9188
8206
8789
8695
9821
8599
7849
9296
8912
9026
7209
7656
9437
7589
8846
8235
8994
8414
8866
7340
8897
9158
8066
8910
7547
7699
8846
7351
7473
8819
7582
7261
8013
7599
9822
9241
8725
7444
8402
9092
7548
9230
7375
8194
8827
7175
8741
7636
7531
8897
7845
8171
9349
7588
9061
8783
9928
7960
7541
7871
9005
9071
9743
7353
8400
9485
8137
7879
10507
9002
8337
8542
9018
8044
9260
7799
10078
8726
8462
8398
8004
8787
9112
8794
8977
8850
8882
8005
8850
7771
8417
8197
7564
9265
8549
8205
7692
8594
8005
7933
8307
8049
8456
8045
8656
8056
7495
8262
7842
8682
8210
8820
7994
8333
8494
7970
8724
9600
8707
7785
8652
7605
7974
8043
8039
7851
7666
8494
8736
8195
8141
8131
12191
7986
7840
8350
8061
8427
8013
7990
9488
7320
7570
7897
8707
8153
7601
8017
7787
8620
8140
8055
8842
7998
8151
8986
8219
7943
8074
7986
7528
9125
8936
8954
8098
9190
7956
8196
8490
8035
8912
9317
8028
8085
9480
8370
8063
8076
7997
8562
8039
9403
7979
7993
8801
7897
8208
8049
8540
8348
7961
8638
7912
7808
7482
7677
9742
8164
7929
8032
8654
8396
7918
7429
8884
8527
7855
7594
9780
7371
7912
7856
9326
8025
8433
8615
9003
8184
8173
7863
8019
8630
8075
7934
8419
8108
8621
8251
9022
7796
8056
8631
7933
8953
8167
8864
8211
8572
9120
7723
8444
8343
7869
9023
8035
8899
7939
8701
8022
9221
8513
8087
8210
8080
8756
7669
7729
7592
7851
8117
11689
8505
8687
7675
9346
8887
8457
8090
8297
8556
8391
8376
9066
8215
7833
7432
9230
7578
8307
7842
7936
8128
8397
8606
8738
8038
8025
8138
8006
7710
9051
8515
8019
8033
7768
8025
7400
8107
7906
8762
7894
8697
8061
8342
8784
7952
7805
7785
7913
7803
7373
8388
8062
9397
9179
8079
8030
8576
7497
8748
8892
7497
8319
7471
11041
10212
8426
8436
9037
8401
8225
8577
8210
8630
8605
8789
8203
8037
8764
8292
8724
9165
8438
7963
7889
8752
8569
8844
9001
8895
8152
8896
8596
9000
8643
8708
9210
7353
8914
8661
8568
7716
8361
8264
7868
8682
8302
8896
8616
8935
7579
8022
8572
8010
8073
8309
7396
7966
8538
9208
8381
7989
7382
9381
7589
7410
9036
8585
10144
9335
8969
7805
8067
7810
8574
8984
7575
8000
7861
9365
8016
7416
9202
8460
8542
8584
8060
8984
7543
8311
7831
9125
7676
7474
7573
7652
9271
8091
8312
7773
7610
9794
8079
8666
9459
10840
7551
7714
8614
8007
7641
9184
7804
8723
7815
8789
7984
7572
7820
9531
8804
8258
8444
8425
7697
9241
7369
7527
8433
8428
8492
9163
10028
9193
7444
8095
8450
7403
8428
8126
7862
8068
9179
8758
9029
8954
9078
8441
8795
8737
9026
7479
9169
8819
8618
9178
8895
9425
8625
8644
8441
7926
8805
7849
9081
7547
10798
8436
8226
7682
8066
8241
8473
8151
7594
8442
7805
7991
9161
9076
7683
9137
7814
9419
8892
10079
9102
8114
8969
7646
9197
7794
9236
8049
8679
8497
9615
8962
9209
8693
8436
7271
7469
7902
8009
8008
9176
9218
8169
8605
8874
8558
8037
9469
8945
7495
7530
7535
8339
9119
9069
7451
8389
8132
7612
9122
9097
9434
9582
7463
7779
7793
8445
7761
8246
8123
7554
9195
8729
8758
8492
7697
8420
7364
8756
8748
9164
8628
8553
8053
7738
7958
8637
8661
8530
7471
7899
8647
9107
8735
11571
8479
7586
7515
8953
8988
8626
9235
8458
8307
8071
7358
7456
8562
8730
8733
7993
8310
7846
9075
8748
8791
9035
8387
7638
8638
7550
8688
10923
7399
7264
8792
8395
7712
8498
7292
7428
7323
8759
8869
8869
8123
8281
8395
7530
7989
9120
7687
7558
8508
8589
8368
9864
8730
7707
7932
8358
8056
7954
9102
8121
7605
7858
8353
8015
8007
7515
7997
7602
7678
7348
8267
8736
7819
8649
9780
8250
8023
7998
7586
7441
9358
8322
9167
8519
7842
7975
8564
8498
9557
9351
8529
7979
8621
7598
9000
9258
8946
7502
8757
7829
7445
8641
8519
8686
8529
8624
8597
8535
8777
9080
8938
7472
8494
8286
8039
8593
8846
8646
8150
7751
8726
9046
7497
9321
8615
8275
9238
8215
9085
8435
8981
7852
7930
7752
7553
7749
8027
8636
7450
7444
7915
8270
8615
9930
8482
8456
8029
8799
8636
8378
8671
8773
8809
7789
7871
7550
7743
7838
7913
8276
8325
7554
8948
8035
8937
7694
8220
8064
9200
9499
9203
8018
8616
9508
8693
7636
9330
9241
7785
8651
7868
8123
7784
7383
7852
8385
7349
7610
9013
9042
7979
11442
7841
8148
8889
9180
7410
8697
10943
8047
8237
9368
8821
8979
8656
8288
8305
8095
7733
8328
9120
8604
8724
7797
8052
8070
8193
8826
8354
8157
8921
8635
8610
8861
7813
8964
7227
10044
7620
8606
7748
7615
7650
7600
7696
10812
7731
7841
7555
7732
7341
7717
7712
8747
8123
8472
8176
7753
9958
7663
8859
8017
8733
8843
8138
8586
18917
9328
7995
8740
7955
8458
8354
8214
7634
8656
8487
8969
8496
8175
7674
7697
8266
7820
7603
7742
7908
7643
8214
8220
8072
8131
7785
8169
8405
9020
8859
9218
8929
7907
8325
8086
9268
7670
8124
7658
8770
8256
8043
7772
7688
8478
8965
8558
8255
9050
7573
8197
8005
9038
7824
9251
8338
8065
8702
8271
7875
8635
9016
11976
7924
8199
7792
8794
7760
8517
8722
8545
8191
7966
9043
8035
7797
7568
7792
8171
8833
7905
7473
8312
8092
8746
8121
9165
8754
8728
9361
8545
7753
8418
8825
9032
7554
7636
7579
7625
7812
7492
8246
7822
9335
7792
7974
7639
10223
8854
8597
9014
9026
8643
9135
8522
8043
8604
8005
7546
8105
8156
7717
9900
8738
8428
7940
8182
7769
7651
8781
9661
8817
8906
8263
7589
8174
8722
9164
7690
8243
7233
9138
8865
9058
8699
8548
8126
7720
7391
8608
8204
8332
8923
8156
8010
8217
8586
9005
8738
8400
8406
7826
9002
8671
9047
8850
9032
9001
7594
8204
7817
8446
8756
8595
8827
8351
9218
10049
9315
9484
8380
9220
7791
7914
8876
9235
8788
8371
8892
7209
13093
9526
8779
8543
8314
8801
8749
8065
7763
8521
8840
8064
8610
8309
7981
8750
8719
7944
7375
7451
7979
8381
8521
7789
7381
7430
9825
8589
9097
7974
9579
8235
8467
9590
7630
7614
10113
9046
7889
7635
8086
8615
8546
8680
8426
8486
7964
8175
7816
7979
7523
8472
9133
7732
7773
7670
7957
9401
7720
8233
8482
7674
7699
9040
10463
7897
9047
8640
8806
8769
8222
7820
9409
9030
8010
8082
8548
8076
9960
8394
8528
7789
7606
7942
9028
9082
7774
9117
8492
8211
7964
9141
7529
7924
8603
9101
8913
9403
7463
9070
8532
8209
8647
7561
8092
10232
7792
8136
7666
9035
7739
8067
7584
8952
8062
7971
8564
8657
8753
7533
8582
8218
7647
7933
9123
8000
8311
8847
9380
7490
8079
7497
7801
7843
9366
8372
7432
8050
8935
9895
7663
8437
7132
8882
8431
9209
8774
8517
8702
9128
8178
9067
7667
7512
8074
7578
8097
7630
8030
7817
9211
7543
9600
9909
8623
8627
7949
7844
7750
8417
9742
8052
9199
7827
9188
8275
7960
8563
9352
7912
8241
9028
8193
7588
8856
9404
7750
7384
7825
8131
8093
8707
8555
8876
7812
7916
8100
8956
7583
7987
9050
8503
8112
7994
7574
7788
8750
8278
7451
8410
9244
7610
7858
8173
8484
8695
9058
8872
8279
8684
8939
8499
7680
7983
8564
8757
7614
7410
7970
7450
8836
9481
8015
8044
9186
8574
8619
8179
9691
8701
8919
8592
8012
7323
9277
8515
8014
8825
8474
8741
7435
9541
8856
9298
8495
8705
8786
7752
8178
8550
9038
7976
10101
8835
8676
8290
8682
8988
9753
8589
8979
7487
7849
8697
8682
8587
10208
14223
8622
7568
8747
8052
9643
8223
8055
7716
7661
8998
9414
8985
7789
9128
8549
7912
8911
8344
8739
8149
8054
7840
8266
8552
9824
8857
7710
8443
8444
8758
8707
8225
8503
7725
7876
7409
9156
8096
8661
8649
9457
7573
9882
9831
8015
8623
8584
8287
7675
8856
7831
8905
8334
8664
8217
9221
9017
7547
8677
9474
8647
7956
8653
8980
9362
8552
8646
8841
8533
7548
8674
8316
8699
8588
9056
7548
8173
8777
9252
8659
8431
7683
8877
7768
8674
7549
8448
8195
8336
7446
8008
8071
8997
7755
8079
7638
8355
9162
8333
7994
8943
8582
8484
8794
9453
8641
9824
7636
7553
7447
8677
8897
8903
8364
8870
7600
8408
8990
9283
8693
7629
8560
8374
9981
8759
8777
8636
7569
8405
7592
8210
8696
9331
8690
7717
7851
8456
8897
8319
8841
8616
7627
8427
7409
7702
8678
9761
8845
8087
7845
9066
8583
8622
9185
8775
8769
8932
9107
7475
8709
9034
8801
7484
8909
7586
8028
8606
7611
8635
7693
9949
8534
7706
8592
8196
9397
7815
8675
8955
7592
8631
9053
8646
7246
9021
8712
9216
8347
8408
8864
7261
7710
8636
7814
9295
8047
8820
9266
9220
8614
8931
8822
8008
8175
7778
7993
9456
8473
8564
7945
7871
8556
7405
8866
9040
8751
8514
7603
8398
7896
8783
8758
9030
7998
8799
8624
7853
7594
9661
8420
7973
10820
7707
7974
9707
7492
9345
9598
8651
8915
9218
8805
8957
8450
7574
8176
7709
10605
9072
8616
8440
8554
7737
8244
8244
8430
9801
9203
8517
7853
8357
9458
7826
8743
8487
7706
8406
8513
8774
8005
8861
9294
8724
7556
7937
9256
8225
8923
8098
8228
7642
8444
8107
8440
7743
8660
8593
7375
9037
8245
9341
14066
7978
8169
8173
8565
7825
8632
9735
8564
7362
7528
9276
7753
8664
8035
10399
8254
8502
9656
9275
8737
8204
9094
7712
8427
8623
7931
8873
9566
7623
8447
8139
8933
8753
7779
8590
8020
8725
9537
8379
7991
8390
8652
8328
8315
8417
8696
8854
8717
8737
7541
8286
7815
8928
7414
9516
8517
9235
8191
9236
7907
8615
7702
8351
8241
7851
8075
8112
8866
8724
8610
8928
8766
8513
8621
8216
8374
7286
7722
8742
8668
8599
7690
9219
8315
7652
8785
8995
8461
7790
7682
8547
7694
8471
8541
8658
8687
9035
8489
8400
8787
8802
8665
7903
8588
8067
8777
7829
9376
9158
8431
9620
8652
9066
8597
8647
8640
8129
7853
8830
8431
8866
8939
8674
8171
9026
8569
8906
8915
10648
8715
9505
8035
8837
8546
8623
7984
9042
7984
9288
8615
8809
8747
7725
7671
7532
8478
8823
8316
8575
8052
9174
8088
7800
9012
7596
8605
7931
8276
8860
9004
9046
8972
8747
8288
7784
9058
8480
8696
8775
8629
7756
8946
8955
8718
8521
8848
9455
7333
8058
8882
8403
8601
8494
8980
8174
7600
8982
8481
8865
8594
8747
8645
9879
8616
8639
8655
7794
8737
9943
9882
8610
8456
7992
7884
8174
7927
7826
8729
8708
9132
7429
8624
7191
7403
9008
8943
7722
7388
8295
7865
9072
7876
7448
8185
7735
8871
8593
7579
8498
8961
10321
8814
8998
8849
9005
8114
8287
9077
7949
7665
9123
7560
8764
8571
8333
7721
8558
7672
9109
7441
10090
8648
8234
7810
8723
8779
8736
9212
8517
8747
7582
9001
9057
8452
9214
8934
7469
8131
8858
7964
8551
9085
7598
8415
8471
8445
8103
7712
8898
9459
7332
7556
9053
8526
8836
8155
7605
7593
7861
7528
7924
7386
8414
7789
8220
8083
9158
8992
8031
8389
7544
7672
8423
10211
8641
8246
8073
7453
7590
8073
9771
7405
8020
7768
8508
7418
9589
8211
7596
9720
8389
8459
7806
7757
9234
7570
10624
8371
7881
8010
7623
8095
7412
7941
8574
8699
7800
8479
8158
8375
8051
7367
8633
7800
9276
7965
8441
8147
8117
7893
7842
8312
7914
8082
9259
7513
8707
9206
9204
7989
7467
8500
8053
9093
7894
8948
9421
8153
7842
8953
7434
8716
9133
9036
7382
8200
8902
8430
7711
9009
8625
18893
8515
8581
8652
8680
7849
8673
8299
8476
8915
8751
7625
9214
8075
7832
9161
8310
9239
8320
8379
8000
8111
8000
7595
7534
8769
7695
7484
7409
8213
7516
8702
7533
8439
9799
8000
7987
8279
8674
8266
7907
8099
8227
7655
8287
8150
9077
7524
8780
8027
9513
7474
8251
9128
7867
9122
8086
9158
7373
7885
8921
7685
8308
7796
9314
8538
7948
8593
7267
9047
7529
7657
8510
9492
8383
8600
7801
7632
7479
8987
10359
7574
7889
8429
8750
7484
9397
7810
8823
7612
8155
8384
7930
7502
8706
8561
7610
8655
8640
7715
9041
7840
8766
8814
7690
8622
8985
8015
8144
7673
7476
9000
7675
8898
8192
8452
8378
9110
8121
8046
8141
7801
8908
8779
7563
8118
8756
10042
7559
8396
9369
7465
7870
8241
8137
7790
8143
9210
9079
8595
8612
8457
8635
7481
8466
8958
9411
9078
8537
8964
8453
8232
8353
10872
9070
7589
7802
8408
8823
7845
9034
9002
7754
8912
8410
7841
9036
9141
10182
8738
9079
7364
7441
9054
7631
7435
8873
7422
7337
7730
9304
7510
8915
7521
8905
8195
9001
9185
7743
8863
7658
7430
7905
8757
7471
8046
7770
9430
9005
7333
7494
10138
7810
8646
8261
9643
8072
7612
8344
7514
9319
7592
8600
8259
9229
9116
7528
9164
7710
8808
7386
8935
8977
7548
9238
8013
7773
9048
8239
7425
7750
8978
8618
8889
7351
9046
9252
9254
8832
8627
9207
8650
7671
7394
7697
9035
8010
7862
8435
9035
8868
8733
8832
8484
8925
8723
7693
9246
7870
8958
7685
9832
16358
8262
8846
8553
9230
8246
8311
8715
8134
8753
7900
8097
7790
8403
8566
8474
8857
8784
7499
8635
7953
8577
8926
8121
8194
8656
8589
9237
9113
9728
9289
8237
8507
8808
7614
8961
8833
9682
8144
8034
8615
9152
9572
8357
8789
7591
7832
9009
8994
8581
8389
8707
7631
8683
8635
9920
8835
8228
9548
7604
8492
8596
8892
8112
8435
8894
7600
10389
7750
8764
8386
9710
7816
7912
7982
9041
9207
8767
9090
8195
7570
9088
8829
7671
9277
8375
9079
8103
8026
8707
8717
8627
7586
8810
8190
9424
8259
8841
9285
8764
9018
9164
9077
10083
8953
8430
7321
7923
8861
9147
8312
8989
8327
8517
7841
9215
9225
8295
7920
8420
8471
8905
8943
8032
8512
9220
8847
7726
8760
8670
9094
11489
9031
8335
7776
7812
9012
7636
8905
8419
7594
8495
7733
7491
8500
8665
7487
8477
8405
7790
8610
8418
8791
7591
8053
8979
7808
8841
8230
8735
7390
9817
9073
9831
8539
8014
9018
8029
7531
9507
8853
7984
8397
7953
7907
8494
8969
7510
8112
22927
7996
8207
8023
7604
8703
8195
8529
9514
8072
7602
7575
8453
8555
8415
7691
10688
9658
8796
8213
9112
7722
8769
8571
7813
7676
7931
8784
8643
9056
7832
8348
8844
8918
7562
7535
7523
7977
7643
7722
7861
9163
8251
7643
8347
8212
8422
8982
10760
8250
8316
7584
8192
8145
7852
8836
8178
8004
7353
8533
8232
8390
8000
8685
8800
9399
8045
9026
8357
7893
7604
7558
7931
9544
8315
9117
9066
8455
9274
7846
9262
8451
7589
7961
8674
7748
8001
9056
7528
8671
9145
8579
9005
8029
8845
7992
7812
7598
7615
8998
7423
8855
8401
9215
9802
8611
7575
7526
8858
9107
8731
7774
8257
19686
8508
7491
7824
7510
8942
8358
8025
8334
9056
7990
8212
8828
7277
8699
9427
8096
7657
7765
9210
7430
8768
7610
8980
7614
8556
8775
8806
8923
8963
7789
9057
7653
7394
7738
8794
8201
8793
7848
7990
8233
8211
9043
9358
9245
9016
8307
7505
8774
8591
8414
7845
8046
7915
8630
7564
9437
8255
8033
8205
8431
8361
8025
9461
7580
8408
8734
8380
8366
8246
7904
8098
7649
7715
7529
8132
7917
8104
8294
8001
9441
7448
8456
8882
9148
8435
8296
8717
7713
8521
8450
9220
8396
8759
7480
10576
10617
7907
9416
8010
8596
9261
8487
8111
8332
8977
7630
7861
8402
8157
9405
9226
8705
7958
8164
8426
8602
9272
7528
8239
7574
7521
7994
7789
9189
8343
8169
8020
8374
7931
8206
9328
7497
8471
9088
8700
9018
7752
7696
8676
7901
9236
8412
8154
8001
7575
7797
8425
8715
8331
8106
9042
8452
9577
7451
9195
7573
9997
7419
9357
9870
7613
9010
7660
7542
8394
7852
8232
7369
8920
8688
9261
8861
8573
8602
7815
8854
8474
8071
8830
8485
7488
8171
7713
7882
7818
7623
7942
8280
8176
8544
9397
9808
9157
9282
7800
7986
7605
9326
7909
8421
7928
8088
8575
9005
8437
8389
9034
8217
8423
7492
8257
8982
8096
8708
8476
8734
7778
9186
9169
8094
8873
7615
9077
9009
9080
8661
8507
8697
10788
9661
7948
7811
8313
8763
8948
8528
8456
8469
8047
9687
8521
8655
8901
8227
7792
9184
19317
9583
8279
7220
9307
20699
8318
8543
8405
8694
8588
9200
8438
8635
8627
8673
8728
7368
8835
8922
8512
8507
8046
9193
8785
7909
7553
9209
9195
7875
8713
8202
8430
7360
9247
9351
8775
8940
8150
8748
12050
8903
7989
8405
7713
8379
8619
8746
8932
8625
9229
9384
8437
8897
8834
9089
9460
8658
8605
8963
9231
8507
8530
8673
9832
8633
8451
9135
7880
8210
8748
7748
8722
8492
8699
8386
9007
8592
7768
8796
7431
8969
8578
8261
8805
9054
8024
8964
8738
9022
8747
8579
8561
7573
8898
9764
8801
8879
8998
8763
7474
9054
9986
8800
10565
9090
8277
8472
8876
8430
8597
7855
9625
8133
7697
9015
9188
8838
8642
8678
7580
8635
8645
8777
8842
9241
9017
7736
8642
8509
9133
8642
8622
8893
8453
7904
8101
8144
8254
8153
7482
7947
7383
8425
8022
8830
7853
7737
7975
9438
8635
7575
8742
7358
8942
8719
7993
8564
7975
8746
7706
7760
8748
9248
8910
8298
8384
7713
10317
7522
7731
9020
8633
9169
8028
8202
9470
7450
9660
8907
7673
8210
8339
8600
8620
8965
9198
8864
7479
8226
8779
9210
8631
8160
7822
7766
7860
8597
9240
9911
10092
7707
8215
9106
8518
7714
8476
7575
9356
7512
8824
8535
7558
8608
8643
9175
9042
9000
8412
8502
8118
8734
8878
7930
8220
8035
8876
8148
10472
7370
8043
8532
10027
8089
7916
7762
9065
8223
8320
8014
7714
8033
7578
7561
8214
7851
8003
9667
8989
8389
9407
8028
8459
8141
8512
8603
8420
8164
8848
8344
8951
8258
8165
7964
9250
7999
8097
8927
8092
8323
8283
8781
8428
8442
8169
7387
9153
7366
8416
8113
8391
8548
7790
8635
8051
7946
8018
8184
8799
7828
8779
7511
8736
9283
7891
8026
9857
8456
8152
8529
7991
8799
7983
7255
8977
8083
8141
8134
8071
7997
8307
8585
7953
9065
8878
9107
7991
9211
8153
7973
8272
7974
8051
7787
8005
9025
8017
8212
8861
8486
8071
8551
8184
8446
8350
8237
7887
8729
7788
8938
8126
8226
8122
8635
8068
8373
8205
8233
9143
8102
7743
7537
8349
8705
8238
8460
8851
8424
8570
8902
10418
9532
8495
8115
7811
8453
8097
9010
9170
7634
8345
7541
8075
8054
8297
9949
8268
7989
8427
8520
8225
8263
8456
8058
8038
7773
8312
9045
8987
8025
7748
8648
7820
8720
7471
8155
8073
8273
7492
7543
8869
7579
8370
8153
8191
8088
8290
8256
7998
8020
7930
7843
8602
8061
9638
8100
8293
7988
8572
8839
8169
7973
7994
8435
8797
7753
8901
7997
8816
7971
8725
8073
8478
8666
8153
8678
9045
8336
7912
8431
7824
8861
9603
9147
10629
8133
8035
8010
8174
8267
8378
8194
8444
8155
8934
7830
8564
8146
7349
9293
8546
9281
8153
8119
8013
7781
8417
7753
9063
8537
9188
8041
8583
7533
9023
8156
7468
7852
7792
9601
8110
8084
8469
8840
8538
8068
8525
8758
9036
8463
8394
8138
8035
8294
9012
7933
8835
8374
8027
7492
7587
9079
8158
8108
8165
9369
9401
7647
8437
9380
8068
7955
8032
8999
8392
8392
8498
7489
7900
8013
8820
7917
8907
7870
9097
7797
8591
8795
7390
8020
8087
7991
7954
8367
7896
7589
7803
7889
8372
7827
9041
8237
8400
8381
7892
8092
7955
8598
8760
7757
8975
9287
11242
8918
8139
7813
7910
9293
8378
8029
8128
8628
9034
7943
8568
8116
9187
8215
7406
7851
9336
7691
8095
8081
8075
8369
8699
8393
8853
7874
17158
8169
8260
9547
8558
9718
9459
8517
9056
7307
8406
8864
7507
7482
8500
8685
8025
8976
8827
9205
8639
8676
8601
7870
9022
8704
9216
9015
9251
8823
7777
8917
8517
8996
8396
8219
11581
8179
9206
8701
8915
9324
8783
8629
7602
8071
7948
9249
8805
8446
8970
8082
7938
8930
8347
8399
8032
8246
7687
8914
9657
8295
8603
8180
10331
7668
8292
9000
9664
8616
8592
7993
8013
7790
8776
7441
8793
7771
8363
8755
9056
8578
8589
8542
8286
7446
7699
9070
8868
8954
8837
7507
7851
9051
8506
8627
8734
9618
7877
8685
10387
9402
8394
8274
8743
7793
7634
8835
9056
8748
9067
8834
7355
8635
8078
7800
8271
7998
7860
7825
9297
8922
8895
8425
8238
8840
8856
7773
7588
7997
8738
9692
9831
8084
8085
7610
8280
7571
7806
9309
8102
7878
7762
7551
8605
7787
8548
7902
7973
9481
7897
9025
7353
8463
7609
8118
8066
8336
8210
8812
9140
8148
7768
9149
9812
9600
7802
7784
8010
9097
8054
10244
7593
8118
9337
8695
10282
9177
7575
8829
7523
8620
7810
8831
8181
7393
8334
7872
9002
8659
7760
7584
7534
7877
8444
8492
8609
9343
7436
9285
7980
8001
7914
8618
8130
9329
7600
7612
7498
7570
7815
8471
7427
7919
7530
7434
8661
9174
8808
8437
8616
8557
9923
9241
8906
9015
8800
8024
9458
7893
7911
8856
7373
7913
8174
10025
8810
8394
8640
8098
8284
8194
7779
9841
8842
8707
9044
8755
8092
7501
8875
8935
8714
8434
8887
7867
8231
9075
8452
8737
7768
8799
8230
8499
8685
8945
8728
8733
8727
8493
9437
8771
9060
8643
9230
9412
8223
7797
9003
7573
8612
8232
7579
7819
9350
9265
8826
8420
7353
8633
9494
8958
11418
9267
8600
8479
8979
7758
8553
8736
9184
7751
7494
8482
7363
8809
8556
8530
8969
8579
7620
8251
10059
8714
7791
8424
8324
7811
8020
9113
7779
7752
7931
7913
7956
8840
7814
8374
8816
9902
7336
7736
7758
9013
9156
8235
7849
7991
7779
7601
7752
8057
8990
9118
8386
8733
7875
7525
8102
8553
8898
8398
8717
8195
9036
8497
7635
8878
7331
7479
8093
9203
7958
8746
8115
8574
7621
7761
7762
8254
7717
7670
8662
9601
8399
8087
9471
7769
7437
8679
8696
8208
9023
7577
8634
8464
7379
9220
8979
7966
8637
7615
9205
7429
7539
10046
11304
9272
8652
8514
8501
8952
9199
7940
7774
8053
9362
7781
7572
8107
8299
8445
7413
7662
7663
7743
8500
7100
9420
7456
9413
8335
8003
8394
8123
9236
8030
8738
9249
7770
7594
8246
9204
7942
8753
8723
9339
7436
7831
8181
8415
8367
7712
8620
8694
8076
8822
8435
8451
8646
8103
8242
8489
8332
8044
8850
8266
7321
8430
8172
8412
8505
8033
7562
8432
8388
7424
9340
7639
7566
7787
8034
8272
8154
7965
8435
9251
7867
7694
9132
9107
8211
8497
7991
10946
8413
8243
7558
8236
8523
8511
7963
7991
8374
7661
8564
8708
7617
7995
8671
7500
7620
8807
7635
7611
7989
7703
9096
7829
9059
8230
8903
8701
8572
9489
9379
8343
8517
8528
7990
8215
10040
8384
7832
8038
8173
7615
8213
9121
8094
8184
8058
8543
8265
7839
7652
7625
8722
9420
9074
8355
8731
7778
8731
7892
8005
8288
9020
8063
8912
7360
8733
8415
7574
8002
7974
9035
8655
8436
8056
8588
8387
8957
9016
7911
8203
8087
8289
7523
8289
7789
8111
8176
8297
8110
8047
7297
8935
7582
7751
10097
8399
8639
7610
9050
8287
8271
8022
8162
7661
8076
8235
8425
7796
8518
7314
9303
9363
8399
8231
8474
7712
8917
7717
7643
8842
8557
8570
7771
7729
7875
9190
10068
7454
9079
8580
7964
7636
7775
8856
7945
10283
8515
7748
8354
8519
10183
7713
7882
7748
7647
9155
7756
7578
7560
8277
8716
8289
9278
8352
9048
7954
8558
9092
9271
8838
7518
8137
8318
8089
8458
8054
7873
7577
8061
7664
9001
8342
7697
9152
9097
8907
8447
7890
8286
8745
7586
7626
8635
8374
8728
9109
9554
8538
7774
8432
9864
8642
9253
7822
8758
7896
10979
8179
7308
9358
8457
7788
8042
8044
8317
8718
8428
7772
7912
8276
7484
8505
7704
9220
8861
8402
8003
7951
8922
8900
8263
9143
7826
8087
8721
7474
8652
7769
7989
8197
7482
8323
7873
7676
8137
7793
9235
8446
7568
9041
7972
9273
7635
7768
8037
7400
7773
7523
9950
7936
8779
8550
7467
9125
10169
8936
7723
8216
7832
7790
8157
7854
7579
7799
8575
8344
8534
9107
9129
9379
7574
8855
9168
7939
8293
7785
8214
8793
7323
8042
7628
8796
8646
8783
8276
8068
8478
7435
7983
7682
8197
8176
7630
8560
8437
7826
8622
8211
8305
8229
7712
7472
7717
7698
15219
10069
8224
7594
8430
8394
7853
8347
8666
8756
7833
7865
7815
7398
9194
7837
8584
10928
9661
8625
8800
8326
9204
8558
9016
9668
7751
9050
8634
8892
7798
8191
7547
8286
9344
8300
9305
7951
8019
8511
7510
8817
9072
8713
8674
7773
8861
8633
8935
9109
9056
8112
8536
9923
9107
8716
8829
8476
8305
8005
7839
9170
8464
8466
7756
7965
7667
7584
10045
8868
7583
8200
7492
7876
8313
9063
9000
9286
8734
8967
9024
9087
7672
8690
8589
8027
8481
8815
9088
8980
9215
7262
7868
8634
7570
9257
8107
9203
8859
9184
8960
7794
8841
8005
9881
8008
7503
8965
8714
7707
9177
9398
8525
8512
9991
9239
7538
8836
8982
7471
7589
7391
7854
8988
9094
9014
8020
8148
7598
7400
9990
9358
9117
7477
7887
7473
7954
8969
7403
8053
7293
8005
9502
9220
9161
7374
8755
7759
8626
8794
8958
9430
7655
8056
7437
8760
7569
8296
8620
7508
8584
9475
8322
8756
9625
8903
8662
7542
8656
8555
8877
9036
9003
9167
8270
9416
8861
8397
8677
9533
8290
7528
8843
9340
9298
7650
8758
7251
9118
8712
8806
8855
8229
8652
7943
8371
8504
8215
8794
8836
7500
7313
9153
9811
9201
8757
10060
8260
8334
8010
9666
8360
8825
7557
7794
7710
8010
8717
7595
8696
8412
8807
8606
9186
8744
8912
9777
7491
8947
8231
9100
10049
7753
8717
7897
8605
9040
7962
8528
9042
8800
8445
7573
8234
8243
8340
8249
8630
7748
8760
9139
8635
9208
8082
7625
9064
7933
7558
8609
8313
8415
8987
8224
8764
7783
7958
8552
8426
9040
7916
11378
8169
7936
9240
7746
7716
7395
8593
7855
8179
8266
8144
8674
9176
7624
8125
9280
8553
17890
8595
7490
8812
7871
9152
8545
7435
7651
7722
7818
8572
8335
9160
9777
8017
8179
8611
9866
23224
8861
8397
8123
16260
8873
8287
9069
9939
7917
8338
8485
8182
8917
7709
7530
7811
8246
9003
8327
7771
8865
9425
7709
8353
8138
8784
10225
9600
7974
8158
8984
8290
8684
7782
7679
7652
7969
8207
7792
7555
8754
8472
8013
7789
8319
8653
8758
9303
8450
7589
7329
7656
7809
7812
8251
8440
8847
7620
9251
7461
7911
8359
8287
8936
7982
7903
7579
8580
8238
7973
9433
7784
8183
8636
8780
7496
8207
8242
8539
8053
7380
8430
8169
7750
8469
8393
9692
9490
7588
9023
9943
9399
9108
7959
7956
8859
8597
7733
8849
8121
8653
8882
9276
8587
8210
8620
7835
7533
7810
10816
7839
8393
9154
8882
8959
8415
8791
7551
8512
9137
8044
7449
7979
8396
7525
8201
7953
9350
7532
8005
7461
8907
8260
8575
8032
8127
9017
8492
8292
8617
8050
7760
8059
7517
8832
9025
8305
7933
7604
7471
7807
7584
9500
7317
9824
7779
8298
8811
7999
8701
8200
8974
8595
7582
8511
8587
7610
8438
8231
7528
8686
9974
8351
7844
8394
7811
9615
7441
8169
8176
7716
7817
8077
8998
7586
8702
8239
8659
7776
8082
7887
8233
8378
7789
9066
8195
8436
9328
7913
7859
7793
9079
8535
7510
9707
8308
8354
7463
8933
9275
9246
8136
7772
8258
8006
7994
9248
8052
10405
8442
7889
8623
7470
9116
9402
7507
9708
8485
7684
7733
8327
8641
7469
8071
7539
9615
8288
7968
7993
9094
8023
8645
7453
8170
7532
7563
8478
7980
8757
8281
9015
8158
8008
8825
8373
7614
7589
8174
8433
8296
8273
8337
8434
9194
8374
9048
8400
7551
8656
8368
9069
8579
9054
7384
8078
7494
8804
9079
9220
8964
8573
8456
8625
9020
9652
11924
8764
8575
8064
8178
7573
7841
8771
8041
7334
9021
8926
8498
8776
7614
8221
7787
8579
9097
8821
8856
8351
9245
8569
7942
7928
7875
8897
8338
8943
9135
7446
7652
8143
7459
9237
9034
8169
9241
8360
9056
7419
9148
8863
7505
8635
7986
9010
8912
7800
9116
8167
9673
8003
9000
8659
9095
7938
7968
8677
8393
8431
8727
8431
8393
8027
9023
9075
7676
7564
8416
7482
7489
9091
8640
7525
8698
8712
8132
7619
8665
9611
8563
8640
7151
9107
8234
7440
9025
9119
8083
7212
8601
7630
7590
7831
8969
7724
7313
7825
9015
8085
7820
8671
7603
9156
8899
8376
9277
7483
7991
7370
8433
8143
8870
7912
9016
10663
7971
8368
8031
9747
8765
7933
7968
11359
8150
9644
9907
8148
9205
8357
7423
7310
9019
9056
7783
8389
8333
7584
7698
9050
7582
9822
7750
7856
9165
7876
8193
7586
7910
8273
7276
7994
8338
7953
9259
10113
8423
7606
8398
7350
7914
9184
9852
8051
8323
9087
7804
8580
8471
7821
7666
8581
9856
8499
9097
7673
9761
9379
8565
8994
7791
8419
8253
8682
8948
8952
9969
10284
8296
7975
8464
7482
7430
8195
8668
8545
8625
8009
9443
7737
9223
8904
7544
7830
8694
8556
8250
9558
9109
8698
8321
7983
8841
7389
9256
7632
8841
8912
8869
8195
8274
8545
7490
7509
7584
8794
9451
8331
7461
9334
8216
9797
7862
9241
8803
8851
8984
8003
9038
8087
8619
8686
9307
8959
8305
8214
8091
7494
8726
8067
8899
10926
9066
8754
8115
9122
7687
9090
8250
8153
7276
8477
9035
9035
9004
7899
8635
7369
7429
8992
8595
7794
7797
9083
8174
9098
7491
7730
8496
8434
8163
9034
9107
9101
7908
7388
7605
8984
7367
7469
8961
8054
8809
7938
8455
7364
9121
7377
7569
7597
7291
8082
9553
8876
7796
7361
9476
8579
7736
8305
7419
9680
7665
8189
8037
11332
8722
8535
8927
8732
9199
8136
7733
7396
8585
8032
8981
7639
7413
8671
7790
8432
8416
8044
7729
8112
8489
7892
8246
8717
9019
8767
8261
7543
7805
8087
9159
8256
8892
8306
7532
7569
7846
8398
8015
8610
7737
7941
8727
8094
9420
8414
8750
8526
8033
7521
7743
7554
7871
9001
8576
9131
7779
8982
7619
8331
8583
8260
8554
9802
8025
8297
7973
7751
8064
9753
7546
7512
7856
8422
8411
8619
7983
8284
8185
7737
8019
8625
8842
8049
8369
10092
9016
7369
7934
8174
7605
8442
7588
7986
7712
7752
7737
8614
8439
9400
8017
7621
7992
7750
9034
9092
8344
10100
8358
8807
10046
8089
8234
8252
8512
7984
8043
9210
8101
7943
7356
8356
7800
8277
7613
7769
8523
9979
7832
9164
7774
8755
8491
8353
7717
9859
7810
8441
8631
8974
7690
7697
7711
8189
8919
8864
7735
9238
8480
7516
7770
8358
7640
8415
8799
8229
7797
8981
8333
9324
7970
7625
8167
8864
8456
8325
8272
8034
8652
8419
8739
7780
8816
8040
8577
8282
8574
8794
7395
8374
8794
7861
8655
8413
7507
8682
8396
7745
8614
9604
9008
9722
9164
8208
8885
7966
9140
7521
8010
8767
7547
9430
7870
9132
7620
8431
8016
7992
8184
8694
9181
7552
8163
7648
8969
8282
8188
7569
8728
8733
10324
8607
8405
8293
8102
8067
8486
8258
8198
8914
8124
7849
8184
8172
7956
8446
8027
9325
8218
8613
8067
9033
7670
9167
7449
9098
7832
8694
7717
9567
8073
7622
8593
8364
8732
8787
7539
9200
9128
8172
8925
8265
8073
8612
8610
10810
8660
8613
7383
8304
8594
8564
8918
7476
8525
8568
8129
7903
9029
8413
9267
7398
7327
8650
8535
7473
9068
8992
8615
7989
9010
8038
7947
8405
7683
8507
7794
9348
8409
9056
8594
8028
8564
8892
9245
8547
7650
8413
8174
8721
8625
8684
7857
8593
8507
7864
8726
10047
8629
10907
8930
7487
8652
7529
9102
9160
7321
8070
9196
8239
9046
8256
9636
7876
7911
7510
8000
8779
7852
7717
7692
8392
7389
7956
8840
7731
7427
8851
9001
9216
9131
8827
7347
8457
8615
9604
11687
7584
9047
7420
8379
9065
10104
9035
7482
8895
7873
8212
8648
8009
8557
7731
9036
8109
8081
8635
9407
8687
9341
8465
7687
9150
8585
10899
10005
9210
9307
8034
9338
8415
7539
7620
8180
7614
7978
9289
8230
7987
8589
8603
8950
8541
9400
8133
7937
8149
7668
13778
7517
8814
8260
8358
8173
7596
9292
9380
8218
8315
7620
8184
8051
7530
9530
8813
8281
8197
8174
7441
7977
8175
9097
8195
8635
8020
8815
9130
8094
9419
8230
7725
8097
8281
8122
8194
8105
7744
8871
11145
8096
8096
7732
8437
7579
8632
8143
8599
8435
7979
8010
8313
8056
9255
7292
10088
8839
8215
8097
8225
8459
7728
9662
8035
8831
7663
8471
8013
7672
8917
7800
8450
7883
8307
9317
7651
8891
8338
8690
8180
8431
9228
7580
8497
7978
8294
9352
7375
8867
8093
8915
8090
8541
8041
8196
9052
7872
8977
8033
10066
8164
7272
7461
10002
9848
8246
7364
8117
8817
9205
8026
8659
7968
8230
8636
8198
9075
8969
8368
8957
8353
8358
8101
8214
8042
8380
8082
8774
9319
8475
8372
8076
8020
8311
8225
7797
8416
7895
8128
8243
8434
8215
8307
7693
8890
8002
7891
8899
7968
8030
7835
8498
8117
8153
7852
8012
8859
7815
8558
8078
7305
8702
7434
8978
7621
7932
8238
7638
7973
7248
7887
9051
8646
8279
7681
7878
8671
8983
7449
8847
8938
7941
9323
8570
8427
8778
9671
8032
8145
8442
7826
8337
8738
8939
8726
7600
9635
8453
8947
9728
9122
8393
8826
8671
8446
7392
8794
9914
8625
10835
9161
8082
8374
8914
8962
8968
7503
7511
7323
8392
9248
8847
7702
8256
8648
8586
7551
8434
8409
7738
7936
8938
8183
7706
8020
8411
7919
8501
8323
9332
7495
9247
9225
7772
7809
7805
8083
7429
7799
8874
7727
7602
9046
8807
8275
7486
8673
9139
7542
8426
8717
7566
8172
8295
7871
8618
7886
8068
7981
7728
8361
9129
8708
9859
7994
8186
8259
7523
8030
8458
9431
7987
8610
8157
7673
7551
7887
7576
8292
8334
8090
7693
7550
8395
8424
8269
8364
8179
8281
8176
8034
8173
8229
8341
8280
7919
9000
8217
8627
8420
8375
8014
8414
9658
8973
11959
7965
8846
8178
7851
8628
8523
7622
8240
8379
8189
8657
9056
7874
8424
8185
7830
9215
7671
9544
8034
18830
8139
7568
9120
8477
9233
8158
9410
8112
7753
8516
7762
8979
9070
8004
7738
7374
8073
8358
9080
8123
8434
8205
8620
8293
8194
8280
8088
8837
8276
7858
8643
8137
8077
8215
8763
8262
7392
8527
8013
8805
8727
8917
8212
8289
8573
8359
9028
8107
9333
8208
8433
8266
8808
8373
8264
7778
9042
8417
7756
7508
9089
8139
9376
8062
11005
9291
8002
8353
8035
8392
8379
8359
8038
7820
7604
7907
7894
8700
9213
8866
7992
8609
8623
7812
8346
8187
11149
9049
7787
8378
8218
9040
8005
7579
8997
8098
8102
7768
8767
8984
9364
8056
8298
7955
8958
8543
7938
8264
7999
7912
8061
8594
8082
7594
8723
8216
8134
9021
9576
8661
9044
8385
8394
7635
9196
8596
8266
8768
8096
9357
8017
7839
7725
8730
8868
8517
9227
7374
8309
7673
8538
8088
8015
7783
7669
8730
8586
9100
9041
8955
10404
8946
8675
8095
7972
8601
8747
8074
9204
9053
7947
7631
8410
9149
7743
8213
7835
7674
7417
8789
9464
9183
7778
8784
8056
9066
8374
7789
7830
8511
8901
7625
9958
8120
8701
9004
8241
7984
7936
8922
8053
9198
7810
8241
8177
8015
7560
8589
7814
7589
7450
8798
8655
7569
7938
7815
8314
8155
8388
8482
9058
8433
8866
8985
9941
8717
9010
8087
9085
8091
9012
8170
7671
8898
8678
9201
8901
8390
7789
9007
7792
7866
8872
8617
8297
8197
8170
7994
9133
8157
8318
7813
8230
8276
8405
9317
8625
7892
7807
8667
8830
10001
8587
8423
7610
8586
7408
8835
8825
8738
8194
8213
9126
7461
8384
9150
8157
8006
8548
8484
7943
7491
8141
8375
9097
7715
7682
8976
9152
9019
10471
9037
8382
8979
7822
8880
8731
7616
9934
8543
9247
13275
9437
8280
7680
9169
7851
7584
8773
8673
8975
9138
9195
7400
8850
8819
8594
8634
7818
8215
8964
9270
8529
9921
8455
8352
8292
8590
8492
8791
7589
8377
7643
8795
8640
8972
8625
8417
8580
8617
8807
9483
10091
8906
8202
8775
8030
8487
8824
7995
8838
9140
9050
9294
8782
8400
8973
7425
9262
8656
8573
7568
8744
8729
8774
7965
7755
7665
9405
8815
9026
8642
7393
9025
8194
7514
8736
9300
8600
7774
12006
8297
8501
8753
9230
8845
7397
8592
9581
8724
8544
9143
8506
8098
8549
8957
7533
8811
9513
8517
8053
8943
8246
7416
9625
8171
8222
8627
8625
8818
7779
8600
9095
8779
7691
7657
9081
8508
8887
9616
9011
7971
8455
9054
8684
8708
7402
8457
8010
8274
8016
7659
8512
7394
8997
9019
7813
7475
9133
7636
7632
9259
8535
8635
7586
7614
7754
10087
8958
7388
8117
8908
9286
7676
7553
8442
7662
9117
9148
8857
8176
8005
7530
7917
7490
8178
9036
8475
8361
8800
7724
8594
8791
8006
8668
8594
8764
8618
8384
8671
10429
7950
7485
8014
7864
12410
9030
7548
8994
7751
8554
8733
8542
9241
8773
8657
8471
8608
8787
7536
8876
8938
10042
8343
7774
8999
8327
8648
7997
8801
8666
8958
8707
7542
8815
9207
8486
8078
8544
9001
7782
8543
9000
8953
8694
7862
8240
7711
8935
8516
7706
7682
9056
8868
8776
8594
8803
8662
8336
9153
8570
9276
8791
8326
8235
8676
8727
8850
18724
7705
7374
8020
8574
7609
8468
7917
9044
8098
8304
8625
7950
8625
9210
8848
7732
7559
9892
9576
8473
8557
9640
7953
7569
8748
8313
8558
9172
8968
8292
8795
8907
9095
8656
8917
8891
8074
8530
8704
9066
8816
9068
7729
8145
9259
8245
9070
7640
8706
8085
8400
8995
8984
9057
8132
8631
8773
9442
8639
11707
8605
8254
7753
8178
7194
7775
9056
8326
8835
7670
8403
7953
8604
8759
8876
8268
8511
8205
8610
7672
9653
7656
9011
8301
9182
8678
8367
8988
8998
9225
8981
7850
8638
7999
8955
8466
9030
7643
8768
8846
8394
9639
8893
8941
8176
8584
8642
7812
8794
10225
8613
8481
8981
8363
7869
8727
7671
9050
7799
8892
8729
8959
8976
9796
8702
7404
9320
8291
7662
8736
7343
9887
8343
8801
8638
9256
8584
7418
8618
9507
9243
8456
9099
8595
7586
8259
8875
8373
8720
9235
8707
8222
8159
8511
8781
8379
9878
8905
8403
8531
8713
8600
8725
8395
7856
7461
9143
9355
8030
8775
8457
8169
8281
9130
8424
7625
9014
7918
8594
7550
7554
7459
7419
9194
8277
9696
8054
10291
8469
8777
8223
7827
7580
8467
7779
7937
8963
8838
8394
7854
7602
9182
9057
7548
7468
11830
8931
8109
9225
7719
8551
9579
7829
9156
8476
7770
7508
8313
8538
8213
9410
8415
8790
9078
7962
9010
8196
8737
7693
7605
8475
8039
8450
7632
8035
8005
8509
9359
8847
7645
7789
7403
7818
8320
8041
8264
7872
8016
9113
9083
8633
10585
7476
8846
7712
7613
8482
9054
8119
8851
8994
8246
8337
8925
7648
8947
7339
8534
7488
7841
8876
8063
8974
8328
8253
9314
7476
7580
7484
7669
8246
9165
7839
9431
9186
7774
9092
8375
9441
9088
8394
7534
9071
8946
7369
7433
8211
8372
9235
9235
9209
7738
8905
7388
7614
7379
7512
8638
7804
9005
7318
7460
9173
9030
9189
8500
8307
7443
7794
9843
8726
9148
8173
8628
7444
8638
7517
7892
7699
7253
7778
9081
7543
8411
7783
7627
8416
8948
8924
9119
9241
7891
8900
7541
7452
8979
9142
9958
8502
8074
9025
9181
8452
7565
8934
7262
8020
7367
8442
8317
7484
7548
7517
8583
8800
8034
7574
9246
9076
8556
8608
7960
8142
7629
8150
7802
7830
9330
7364
9398
9086
20541
8977
7567
8050
7404
7558
9193
8030
8201
8505
9020
7961
7624
7891
7180
7997
7646
8348
8822
8687
7462
8389
7997
8337
7534
8636
8794
8713
7481
7490
9005
9271
9081
8395
8147
8061
9170
8618
9013
8234
7777
7987
8043
8542
8834
8152
8588
17494
8896
8416
8398
8696
8543
9011
8353
7570
8585
7911
18026
8909
8795
8269
8399
8613
8379
155816
9111
8186
8249
8211
23423
8113
7773
7530
8523
9022
9074
8359
92461
7719
8388
8344
7567
8755
7621
8796
7352
8907
8613
8190
8411
7889
7743
8394
8303
8770
8983
7509
7507
8261
7974
7985
8748
8435
8546
7536
8363
8339
7777
8997
7610
7574
8050
7952
8615
8257
10019
7820
8292
7856
9052
8337
8169
8251
7593
8199
8476
8525
8162
9071
8487
9217
7994
8435
9750
8041
8680
8150
7641
8646
8779
8188
9657
8713
7748
7430
8153
8633
9254
8439
9184
7651
7770
7693
8932
8138
8046
9290
7861
8402
8517
8544
8584
7786
8326
8021
8813
7794
9081
8854
7794
7710
8426
7490
7814
9148
8514
8780
8243
8510
8507
7329
9005
8906
8565
8385
8930
7976
7754
9158
10721
7506
8010
9018
8805
8806
8974
8465
8483
8491
7767
18405
8425
7952
7790
8109
9789
7607
9320
7934
8119
8482
7685
7605
8705
8461
7953
7450
9010
8230
7777
7972
9019
9066
8597
7707
8920
8642
8742
8265
7615
7656
8836
7304
8285
8729
9523
8899
8185
9238
8010
7657
7620
8852
9855
10452
7875
7714
9179
8121
7886
8332
7991
9213
10276
7491
7871
8651
9995
7619
8337
7802
8058
8035
8673
7788
7405
8503
7991
8697
7837
9095
7998
7586
7745
8473
7435
8776
7772
7662
8586
7928
7530
8205
8743
8995
9410
7896
8030
8836
8102
7906
8120
8697
8373
7802
8795
8030
8851
8243
8128
9216
8005
8815
8538
9374
8334
9072
7302
9146
8943
7569
8316
7906
8964
7748
8656
7691
11452
7589
8595
8364
7207
9097
7916
8693
10023
7440
8354
8455
9061
7559
10193
9099
10111
8398
7989
8483
8852
7666
9661
7525
8465
9143
9139
8579
8876
7928
7774
9089
9174
9037
8484
9021
8820
8657
8501
8744
9339
8092
8230
8635
7563
8666
8008
8818
7796
11497
8412
8701
8931
9174
8280
8762
8044
9195
8531
8920
8757
9228
7441
8611
9329
8633
8953
8613
8056
9382
8769
8807
7880
8575
7761
8684
8334
9271
9342
8094
7564
7486
8703
7986
7837
9989
8192
9280
9108
9235
8193
7384
9848
7782
8184
7886
9024
8193
8047
8990
7605
8417
7788
8555
8036
8268
7540
7645
8956
8390
8226
8176
7951
9161
8707
8184
7892
8592
7991
7502
8843
10881
7553
9401
8428
7989
7487
7576
10984
8197
7795
7743
8113
8331
8211
7882
8031
10035
8709
8110
7438
7959
8078
8489
9000
8377
7547
8237
8875
10078
8615
7977
7391
7862
7402
7469
8035
8425
8031
7282
7661
7615
8798
7800
8438
8976
7400
8917
8715
8912
8137
8315
8692
8799
8343
7977
7630
8179
8996
7938
7850
8798
7991
8677
8000
8911
8828
8441
8021
7991
8561
8309
10580
8220
7351
7999
8192
8600
8035
8757
9212
8073
7915
7430
10082
8774
7504
7675
8110
8640
8495
8035
7383
7385
8198
7942
7819
7360
8876
8822
9498
7652
8250
8666
9118
8937
9027
7777
8813
8811
8871
7529
7612
9000
8390
8645
7989
7573
7839
7750
10803
7621
8589
8163
8877
9102
7773
9178
9237
7603
8824
7695
8659
9227
8605
7589
9765
9178
8129
7501
8359
8281
7467
8023
8694
8069
7938
7989
9476
7676
8156
8974
7807
8232
8011
8984
8435
7661
7780
8815
8174
8655
9025
8363
8918
7691
8046
8238
8909
8679
8866
8512
7511
9497
9148
12324
8835
8410
8940
8305
8831
8907
8153
9227
7756
8270
8661
9237
7973
8958
8415
8720
7595
8561
8192
9822
8860
8678
8343
8506
8835
7633
9241
9353
8493
8292
7427
7739
7628
7692
7579
9200
8958
9112
8915
8292
8408
8461
9214
7396
8569
8801
7595
8012
7220
7978
9866
7846
8735
8410
8984
9220
7716
8523
9003
8615
7504
7825
8558
9715
9169
8842
8702
7683
9164
7668
7738
9363
7976
8030
8622
8208
8881
7953
8558
7846
8413
8312
7525
8151
8672
7943
8620
7991
10918
9001
7959
8319
8017
8403
8016
8467
7540
8532
7845
8333
8340
8120
7216
7769
7566
7984
8317
9039
8421
9197
9663
8214
8482
8115
8594
9016
7994
9226
8259
9439
7944
9291
7464
8494
7943
8856
8745
9456
8276
8330
7338
9282
7996
8360
7835
8978
8232
7975
8796
7977
8754
9189
7876
7937
8292
7758
8856
8758
9704
8605
7589
7612
10465
8959
8897
8123
7782
7633
8343
8339
8158
8961
7884
7471
8537
7399
9083
7871
8064
8188
8169
8568
7850
8664
7996
8449
8341
7912
7698
8048
8617
8066
8434
8144
8604
8707
7713
7804
7912
8133
8230
8794
8906
8197
8779
8037
8181
9079
8307
7563
9056
8323
8210
7674
8863
7468
9049
8117
7832
9235
8268
8209
8377
8030
7760
8000
10971
7694
7611
7565
9209
7916
7688
8032
8275
8169
7877
8699
8882
8582
8051
7639
9139
8188
9036
8050
8668
8221
8230
9379
7978
8723
8177
8430
8414
9565
8174
8752
7979
8235
8253
8334
8558
7824
7852
8112
7971
7832
8341
7433
7784
8364
9224
7777
8238
8792
8514
8491
7993
8908
8164
7600
10296
8353
7589
8168
8307
7615
7963
7430
10060
8666
7979
8958
7882
8512
8645
7995
8123
8887
9038
15907
7590
7866
8036
8261
8182
8230
8034
7507
7476
8974
8290
7992
9695
8923
10236
7804
7991
8252
8317
8394
8153
7870
8783
7824
8823
8860
8215
8197
8207
9382
7857
8572
8169
7747
8506
7862
9060
7764
8032
8026
8629
7993
8377
7947
7620
8592
7995
8187
8807
8111
8895
10028
10046
8539
8570
8993
9049
7414
7417
7991
8656
8082
7943
8476
8641
8774
8589
8575
7856
9237
8254
8547
8671
7487
7572
8812
8649
7805
8861
8775
7984
8786
8486
8392
8236
8189
8947
7946
8563
8448
8569
7727
8663
8014
7572
7652
7969
8221
7733
8139
7594
7885
8692
7352
8656
8558
8676
8809
8060
8594
8675
8208
8394
8038
8669
8923
9020
8611
8142
8447
8639
8692
7726
8724
10063
7611
8798
7719
8752
8796
8804
8599
9388
8551
7895
8839
8610
8724
8233
7636
9676
8994
8260
10873
8871
8314
8120
8761
9755
8671
7452
9610
7608
9076
8590
8400
8880
7778
7910
7860
8564
9149
7622
9696
7960
8051
8536
8779
9581
7543
9554
7728
8508
8845
8976
7997
7490
8713
8578
7567
9037
8580
8517
9030
8924
7784
8512
9723
8454
8884
7558
8812
8072
7578
8723
9111
9011
10495
8497
8296
7933
8774
9105
8598
8873
8451
7503
9002
8621
8095
8600
8382
7994
8066
8147
8736
10050
8679
7769
9352
7903
9302
8599
8495
8985
8414
8838
7367
7599
9031
9003
8454
9357
8455
8769
8724
8984
8851
8807
8025
9245
8588
8251
7531
7943
8943
7411
7586
8546
11729
7539
7423
9038
9169
9037
8887
8295
8864
9195
9034
7749
9199
8737
7410
8778
12180
8556
8762
9309
8557
9044
8746
9269
8652
8589
9009
8699
9382
8441
8010
8821
7901
8618
8882
9020
8620
8616
8942
7872
8135
8841
8599
9029
7389
8861
7452
7466
8724
9241
8819
8630
9155
8677
8640
8792
7509
9459
7512
10825
9280
8150
8529
9158
8440
8375
9641
8804
9186
8432
7964
8889
7376
8604
8797
9244
8152
8225
8085
7374
7769
7761
8391
8656
8856
8603
7634
8476
8833
7614
8980
7963
8963
8425
7656
8838
8209
8400
7830
8976
8434
8512
7480
7571
7710
8174
8057
8373
8301
8510
8711
7583
8046
7955
7851
8349
8517
7480
8815
8642
8008
8376
7760
10829
9119
8426
9510
8262
8389
8660
8374
8139
8296
7821
8595
7302
8404
8677
9133
8805
8029
8384
7627
8827
8758
7476
8964
8183
9150
8323
8271
7547
8879
8746
8259
7751
8857
9048
8969
8666
7796
7620
8801
8453
8767
7407
16399
8758
7839
7588
7474
7773
8040
9159
8429
7434
8596
8980
9072
9437
9471
8383
7351
8171
7297
8765
9140
10023
8031
8020
7682
9043
8838
8734
7567
8150
7648
8400
8605
9292
8906
9308
8005
8481
7955
8841
7703
8416
7774
8115
8277
8755
8985
8549
8477
8686
7639
8668
8412
8456
9191
9429
8228
9232
9129
8574
9378
8564
9133
8715
8937
9451
9029
8998
8972
8672
8439
7466
8840
8658
8879
7538
8785
8738
8801
8542
8612
9669
8959
9015
7789
11334
9130
7631
8814
11511
9069
7946
7763
7991
7675
8154
7430
7796
8037
8535
8763
7759
7550
8620
8410
8216
8414
8610
9101
9907
7846
8931
8430
7682
8502
8628
8806
8049
7943
8769
7905
8962
8595
8626
7369
8859
8769
7720
8620
8653
8768
7779
7723
8373
8774
8463
9016
8965
8750
9066
8660
8784
8459
9025
8597
8578
8425
8153
9943
10485
8456
8733
7346
8992
7558
7487
9077
8907
8411
8296
8639
9246
9253
8571
7389
9166
8445
7587
8506
7942
8532
8753
9485
8070
9558
8837
10051
8996
7572
8181
7639
9048
8583
7734
7600
8168
10019
8907
8220
8892
8062
8999
8158
9099
7360
8367
8874
7627
8548
7368
7700
7544
7754
7525
7488
9067
7454
8087
9160
7879
8473
7730
8907
10765
8475
8831
10126
8812
7952
9016
7683
9179
9179
9046
9080
8291
7860
7549
7704
8433
7997
7702
7992
8423
7192
8165
9270
8980
7788
8050
8401
7835
8354
8341
9779
10284
7665
9271
7541
8887
8654
7579
8011
10256
9194
7593
8044
8350
8877
8938
9261
8657
8336
8267
8976
7974
8977
7241
8822
8342
8641
7955
7852
9152
7310
8712
7574
9277
7989
7702
7648
8332
7848
7660
8820
7635
8420
8182
7863
9240
7484
9600
8195
7584
8553
7356
8377
8669
7883
8975
8637
7570
8556
8208
7991
8704
8586
8992
7441
7991
9390
8916
8957
9274
7308
7983
7368
8582
9077
8471
7533
8164
7631
7813
8612
8325
7883
7748
8233
9102
7181
8093
8242
8732
7610
8024
9159
7693
8011
8039
7791
8702
7461
8146
7781
9243
8436
8115
8302
7582
8754
8295
8759
9105
7851
7554
7814
8984
8277
9273
7773
7733
9076
8189
9965
8446
7553
7651
10897
7498
7491
9259
8531
9358
9093
7762
7548
8233
8623
9189
9106
7971
7965
7551
7220
9148
8886
9019
7887
8033
8815
8580
7511
9213
8356
7538
8394
8469
7414
8435
7570
8570
7562
8447
8906
10330
8234
7676
7816
9445
8466
8689
8466
8859
9403
8180
7845
7767
7751
8366
8133
8464
7746
8179
8510
8032
7966
9261
7831
8195
8139
7899
8335
7786
7664
8425
7705
8333
8111
8749
7394
8154
8712
8286
8533
8685
8600
7505
8496
7873
8716
8267
8198
8633
8617
8616
8513
8328
8358
8495
8434
7782
9522
9000
7995
9141
7813
9977
8513
9897
8343
7712
7638
7705
8075
7957
8174
8459
8511
8479
8600
7970
8095
8548
8794
8044
8174
8433
8030
8216
8624
8212
8382
7937
8087
7994
7748
7753
8117
7638
8808
9438
8977
7566
8067
8009
8383
9435
8158
9266
9107
7446
7782
8361
7612
10440
8794
8272
8103
7999
8223
8394
7998
8399
7712
8060
9062
7841
8781
8027
8525
8076
8186
11533
10463
7954
8114
8436
7972
7601
8192
7573
7610
9203
7978
7885
7584
8020
7530
8434
8905
8289
8101
8344
8572
8208
8764
8197
8544
8000
7448
8457
7710
8877
8635
8109
8026
8333
9255
9190
8594
8918
8329
8203
8531
8006
7752
8754
8038
8678
7819
7845
8790
8017
8297
7933
8254
8185
8217
7992
8929
8154
8021
9026
7972
7774
8812
9915
8579
9194
8465
8137
8422
8582
7860
8132
8078
7474
7471
7666
8661
8010
8569
8805
7988
8001
8615
9230
8986
8254
8046
8482
8646
7247
7786
7981
7806
8112
8708
8463
8028
9065
7808
8765
8204
8463
9239
8215
8723
8066
8010
9777
7803
8487
8698
8249
8574
8619
8580
8281
8759
8022
8932
7935
8276
7792
7558
7589
8302
9050
8132
8641
7875
8600
8048
8413
8107
8010
7843
7742
8099
9374
7835
8850
7782
8635
8001
9402
9126
7728
8121
9108
7418
7839
7966
8562
8184
8406
7969
8471
8217
7823
8140
7967
8097
8057
7540
8368
7897
8180
7914
8083
8262
7733
9394
7923
8177
7979
8443
9006
9181
8273
8036
8140
7923
10739
8089
7249
7694
8514
8396
9021
7860
8536
7664
10455
9034
8131
7939
8514
8699
8006
9338
9195
9355
7854
8571
10037
7887
9810
7794
8598
7913
7403
8073
8195
7943
8067
8393
7984
8343
8611
8177
8184
8353
9256
8623
8421
8054
7753
8215
7969
7992
8928
8087
8471
8205
8802
8043
7993
8241
8548
7981
8117
8196
8076
8602
8775
8205
8182
8024
8393
8137
7692
8402
7747
9167
7866
8457
8062
8549
8940
8435
8149
8112
8625
7832
7571
7661
8117
8084
8000
7908
7970
7280
7549
7981
8532
10265
8790
8564
7768
7880
8201
8456
8446
8586
7644
8635
8339
8582
7832
8593
7750
7829
7329
9283
9328
8120
7661
7753
8460
7355
7627
8601
7651
9225
9115
9145
7738
9043
7651
7623
9974
7744
9970
7354
8194
8451
7775
8055
7770
7717
9297
7538
7842
8808
7433
7528
9045
7387
8370
9041
8948
9188
9210
10082
7569
9288
8998
8032
8302
8251
8655
8613
8646
8620
8423
8868
9050
8755
8154
7594
8221
7538
9039
8674
8633
9432
7589
8641
8126
8504
9307
8861
7931
8132
8707
8725
8724
7203
8781
9215
7663
8796
9025
8605
7934
8051
8225
7989
8764
8854
8579
7440
8642
8277
10119
7561
9010
9166
7935
8676
8969
8671
8788
8665
8628
7703
8033
8763
8959
8784
9385
8958
8293
9223
8732
7533
8676
9251
8794
7731
8837
7212
8683
9447
8976
9092
10145
8843
8508
7870
9037
7832
8888
7972
8345
7401
8635
8815
8082
8676
7604
8666
8805
8853
8676
8460
8905
7969
8424
8717
7748
8938
7467
9032
8685
8994
8774
8822
9322
7915
10148
8541
7798
8774
9275
8538
8005
9137
8644
8947
8684
9210
8753
7871
7753
9050
9156
8618
9758
9145
7861
8431
8857
8480
8726
8378
8844
7368
8020
8849
8105
8700
7528
8717
8333
9020
7876
9227
7636
9774
8180
8268
8890
8202
7834
7826
8293
8261
7225
7583
9338
9500
9117
8321
9010
8446
8977
9287
9377
8461
8394
9849
11038
8530
8533
8534
8216
8052
8559
8131
9248
8889
9192
9327
7456
8249
8883
8008
8203
7508
8314
8159
7692
8296
10066
9215
8266
7767
7365
8461
7530
9198
7780
8810
8235
7356
8509
8046
9251
7813
9520
8317
8989
8446
7534
7615
8900
8201
8991
7422
8191
8194
8324
8144
8635
7863
8447
7481
9020
8616
9041
7953
8611
7530
8856
8264
10326
7722
8666
7977
8763
8564
7485
7729
8210
7506
8087
7470
8194
8034
7602
8065
10876
9195
7964
9069
8224
9019
7743
7643
10217
7594
8713
7776
8458
8605
8067
7835
8486
7400
7956
8431
7553
8220
8449
7389
8569
7700
9327
7549
8020
7698
9045
8321
7651
7789
7589
8172
8646
7632
8204
9422
9055
8555
8217
7783
8784
8407
8820
8547
9326
8546
9579
7483
8571
7644
7743
7645
7970
8438
7847
7748
7584
8445
7518
8205
7958
7714
7754
7721
8106
8091
7990
8241
7968
7819
7717
7840
7615
8990
8076
7817
23284
9259
7666
8301
7821
9271
7882
8096
7739
8755
8148
9676
8393
7960
8206
7789
8246
7725
7793
8635
7984
8784
7908
7890
8579
7739
9145
7758
9356
7890
7653
7475
8609
13054
8196
16350
8071
8219
7589
7973
9325
8847
23205
9028
8405
8131
9396
8566
7969
7884
7931
7358
7552
8216
8529
8695
19578
9558
8602
9115
8197
8733
7973
8370
7945
8563
8326
7905
8652
8164
10492
8353
7546
9220
8076
8830
7935
8400
8394
8456
8810
7879
8614
7881
7562
7517
7959
9306
8734
8174
8132
8437
8840
7905
8753
8006
10879
10810
7680
8032
8010
8635
8982
8180
8176
8479
9261
8136
8471
8153
9054
8055
7788
8393
7980
7999
8927
8380
7696
8453
8514
8276
8792
8022
8670
8061
7721
8781
8310
8754
7892
8374
8486
8307
8975
7943
8555
7867
7709
9114
7209
7657
8082
9244
8115
8190
8281
8512
9270
7914
7991
7899
7861
7441
8056
8564
7979
8779
8050
7340
8805
10713
8248
8074
7939
8695
8501
9615
7912
8133
8085
8346
8005
7415
9939
7948
8558
8216
20564
8730
8410
8164
18940
8833
8011
18645
8878
7555
187461
8100
9025
7847
9583
9013
8172
8653
8229
8751
7794
9013
8674
8860
9209
7926
8991
8413
8534
7503
9192
7846
7502
8003
8726
8727
8009
8415
7973
9082
7671
9122
7800
8502
8200
8051
10153
11708
8396
9199
7419
8079
8674
9926
9171
7767
8983
7653
11210
7958
9235
8192
8201
8318
7689
9279
7717
9066
9126
8264
8165
8018
8992
7743
8528
8544
7989
8830
10073
7871
9186
8143
8263
8516
7425
8747
8892
9012
20656
8589
8455
8386
8155
9009
7471
7865
8030
7387
8499
7697
9015
8838
8598
8058
8659
8915
8840
8981
9882
16782
8403
10891
8753
9176
7614
7815
7895
9130
8061
8871
9293
8501
7935
8184
7678
8426
8088
8587
7513
9025
20189
7583
7743
8042
8584
8920
10071
8775
8945
8166
8800
22743
9190
8055
20701
7521
8420
8534
9233
9902
8713
22338
8072
7547
9127
8887
9201
7395
23105
7773
7456
9285
9110
8841
9964
23941
8412
8570
7879
7973
8458
8713
16902
8320
9463
12056
7931
9075
9207
19314
8307
7345
7548
9085
8969
8475
7858
8776
8784
9144
8307
8533
8609
7887
8569
8310
8155
10074
9111
8953
24453
8751
9017
7933
8246
9458
9639
8774
8515
9219
8452
9468
7608
9589
8369
9019
8377
8015
7565
9116
7533
24517
8202
8120
8514
8671
9033
9264
8707
8615
7821
8530
8253
8796
8676
23500
9202
7787
10076
11448
9143
9041
8642
8815
7727
9659
8814
9054
8564
9170
9013
7684
9185
8684
8732
8661
8732
8781
7689
7869
20462
8134
8994
7516
8640
8063
9145
22552
8200
7899
24037
8241
8362
8922
8595
8256
8533
8020
9426
8511
21653
8195
15689
9169
17745
8067
8445
8078
8351
7949
8530
8206
8702
7651
8327
8721
8960
8687
8989
8365
8607
161675
9305
11700
9296
7813
8705
8846
8768
8578
8249
8727
8471
8757
19433
7999
8398
-------------------------------------

