EAL: Detected CPU lcores: 20
EAL: Detected NUMA nodes: 1
EAL: Detected shared linkage of DPDK
EAL: Multi-process socket /var/run/dpdk/rte/mp_socket
EAL: Selected IOVA mode 'VA'
EAL: Probe PCI driver: mlx5_pci (15b3:1015) device: 0000:03:00.1 (socket 0)
TELEMETRY: No legacy callbacks, legacy socket not created
Count core: 1
Number of queues: 1
Connecting to port 0 with 1 queues
ip: 192.168.1.1
server port is 8080
Expect the server to change the location of timestamp by 20 bytes
sending ARP requests
mac address for server 192.168.1.1 received: 9c:dc:71:5e:f:41
ARP requests finished
-------------------------------------
11902
10249
39969
14353
8622
10015
8917
8736
11062
18851
12575
10118
10329
11109
15752
9258
9824
9988
9362
8498
9218
9057
9255
15387
12207
9318
9881
9462
9382
8575
9827
11755
15035
9462
10048
8207
8528
9271
9948
8478
9770
18845
11528
9208
9512
8331
8371
11353
11852
15471
9452
8897
8522
8629
9288
9205
8880
39420
12090
10266
8820
11996
11876
15193
10212
9854
10684
9998
17328
14794
10533
9435
11447
15866
15959
16525
9707
12153
8418
8043
10082
16147
10011
8820
12398
9004
8913
11233
15129
12391
9399
9246
9120
8300
9421
12311
19552
8756
11246
8412
8000
9522
9115
15015
12617
11169
8384
8613
9251
8593
9406
8417
8377
12193
15454
9105
9858
8246
9906
8693
9020
8914
9381
10950
14956
13235
8024
9855
7822
8676
10010
9266
7984
8595
10295
13600
15548
10602
8314
9363
8852
8394
9656
11276
14697
10010
9847
8471
9024
8881
9817
9581
8010
7902
9561
12239
15772
9077
9879
10388
10267
9270
9350
10482
10433
14393
11499
9983
9998
8856
8281
8403
9255
11355
18416
8744
9638
9333
9963
9342
8716
10585
9966
15271
8676
9164
9917
8676
8770
7748
9605
8935
9326
8363
7993
10462
10124
15894
10579
9637
8722
8161
8539
8735
9582
8882
8790
8195
9293
9704
10354
15017
11376
10064
10191
8194
7946
8570
9074
9871
22850
9239
8819
8609
9348
14310
15046
10600
9794
17593
14507
11314
11042
10433
7757
9423
9367
10371
10689
13831
13469
8794
17416
9425
8223
8571
9867
13389
15753
11431
8760
9463
8843
8303
8605
11025
10718
10679
15203
8340
9664
9207
8066
8205
8796
8224
8100
8549
9303
7919
8436
7745
7928
8628
14401
15650
10912
10434
9443
10194
8453
9194
9479
8046
8524
7800
8056
9569
9057
10646
76019
13892
9610
9450
8910
7619
8747
9177
9345
8884
7985
8364
9700
8703
9037
17717
11828
9741
9330
8904
7965
8803
9378
10136
10978
14870
9568
8106
8320
9019
9002
9441
8033
8456
9207
8648
10139
9251
9422
8839
17456
9486
8584
8579
9253
8980
7506
10531
10240
9320
9039
9043
10019
15037
10580
9839
8993
9095
198003
12707
9607
9861
10804
14755
11771
9968
7664
8492
9459
8642
9324
7815
9424
8946
8761
15210
8326
8133
7644
9428
8435
8814
8175
8246
7941
9251
9153
8734
8630
8323
8564
8395
10035
9452
8368
8315
9560
8009
7777
7601
7673
8967
8005
9028
9398
9651
11096
18376
7998
8796
9034
9663
9638
9151
13015
15896
8735
13744
9170
8679
8003
9942
8074
8166
8300
8475
9502
8141
9256
10020
11303
16919
9400
9076
7788
10060
8043
8696
7772
9243
9071
7796
9369
10295
9571
8946
19412
9599
8097
9560
10606
8546
9117
11915
16300
9648
9627
8781
8133
8456
9613
7664
8510
7604
8835
8738
8800
8153
8377
7819
8441
9410
8319
7978
9700
7730
8293
9094
9357
10314
15189
13437
9006
7532
8392
9235
7673
9435
8705
10631
9446
10369
14256
9403
9562
8383
7890
8494
8002
9844
8107
7623
8056
7969
7594
8774
9053
9336
8817
8806
9679
8586
9178
11038
18146
9713
8308
10148
8246
9644
7620
12957
13880
9179
9261
9271
7830
9512
8736
9417
8214
8928
9037
8830
10063
8779
10472
14841
11636
8021
8921
9721
8161
8499
8759
8449
8389
8366
8541
7655
8547
7487
9286
9912
10582
13795
13692
7861
8392
9414
8276
8394
9061
13934
9411
8767
8412
18806
11887
9016
15898
15165
8262
9208
9453
8807
8610
10257
9043
8678
8845
9097
9054
9666
10123
15916
8803
8909
8141
8097
8210
9249
8373
7526
8491
8626
8400
9784
7675
8604
7958
8363
7957
8784
9136
8269
8070
8491
8794
9292
7628
7571
8374
8253
7384
7766
8487
8235
7714
8458
8971
7993
8890
8323
7907
8243
7619
8648
8263
8180
8211
10709
10027
15184
11470
9374
8973
8769
9156
8129
7967
14035
12602
16795
9919
8387
9179
8603
14743
15999
103827
11112
16130
8596
8668
8743
8873
9153
9282
7857
8235
8294
9409
7786
8606
7495
8676
9981
8965
13688
17026
7762
8864
9364
9181
9100
9237
8603
8156
9832
11431
15237
9123
7730
9038
9436
8199
8895
8413
9360
9020
7991
8733
8313
9140
7996
7731
7637
8543
14268
15183
9549
9506
9186
9778
8674
11525
10234
12364
14791
9003
8309
9297
14017
9579
10296
17610
11668
9282
7959
9326
8262
8876
8198
8143
7733
7861
8820
8722
10450
10898
19001
8343
8094
9875
8149
7646
9420
12311
9182
10091
16189
9685
8327
9239
13516
8884
8769
9420
8754
9676
10524
10601
13169
8349
9610
7672
9005
9216
9263
8679
8333
8446
8147
8479
8376
9446
7913
7892
7597
9024
8211
8286
9287
9472
8614
9966
19704
8512
9738
8252
8284
8427
9617
9667
10163
16088
10025
8923
8237
9359
9032
8463
8841
8214
9002
7800
8090
9215
8603
8088
8805
9039
7420
8934
8118
8704
7912
8597
10059
9231
10092
14731
11274
8467
8325
9432
8717
8015
8097
7834
8781
8706
13687
10864
13558
11589
7569
9620
7882
8198
8026
7969
7964
7806
8855
7826
8739
9018
8703
9237
19311
16768
8921
10060
9276
8971
10661
20760
8979
7816
7955
8704
7848
9315
14855
10845
15352
10049
9357
8472
8001
14773
10012
9449
9667
14208
11247
8739
14267
7548
8092
8954
12034
13264
14220
12615
7892
8396
7731
9219
9179
7652
9271
11106
14034
11578
9284
9570
7810
9486
7906
7876
9017
9192
8572
8476
8798
8243
8994
7813
8780
7614
7969
7453
12782
9697
14587
10128
8545
9600
8834
7867
9620
8332
8507
7981
8710
8714
8390
8001
8866
8559
7824
9040
7636
8249
8144
9073
7653
9347
11360
11871
13994
8820
9494
9399
8846
7892
8198
7856
8658
98708
8977
10030
11375
16567
8447
9123
9219
8128
9974
8183
8316
7762
7764
9200
8017
7902
9208
11238
15706
8067
10843
8163
8106
7574
8403
8635
10103
7548
9228
8805
8488
8360
7583
8228
8210
7977
8673
7615
8835
9189
7663
8986
7623
9470
9857
10285
15970
8432
8434
7851
10413
7603
9748
8939
8348
8708
7984
7810
10292
8997
7561
8976
9638
9488
10870
17391
9870
7832
8951
9715
8200
7874
9014
9594
8316
7729
7687
8699
8738
8109
12446
15380
9656
10087
8416
8405
8468
7561
8253
8640
8061
9245
8304
9087
7461
8305
8261
7814
8246
8550
7628
7528
7953
7491
8428
8623
8576
7816
7631
8879
8048
7839
8256
8488
8726
8333
12651
15825
10784
8425
9315
8315
8373
12935
9206
8028
7830
7875
8309
8936
9154
9153
15439
11230
9009
9687
8215
8609
8843
9305
8579
18856
16558
9101
9415
7822
8675
9477
23052
9420
8718
9511
8537
8005
9179
11793
10053
9856
15537
10487
9420
8800
11904
7897
8560
9131
8276
8338
8652
7876
8018
8504
8076
8132
7617
10345
11415
15586
9407
8020
8830
8131
9186
9145
8011
8528
7984
8506
8149
7733
7753
9035
8008
7990
9298
9288
7794
7581
7630
8776
7968
8472
8393
9347
7806
8897
8224
8387
8366
7753
7892
7517
10189
9289
10700
17261
10923
7907
10337
9430
8158
8423
7891
8487
7900
7407
18651
12001
9615
8366
9017
7764
7663
9200
8831
9287
9207
8812
9276
7467
8598
8179
8941
7707
8169
7532
7547
9046
8273
11042
17379
9876
8444
8430
8352
9261
8395
7674
9015
9699
8282
8052
7744
9019
8943
10574
7874
8932
10041
15305
12053
9046
8180
8974
8261
9166
8497
7918
8234
8365
8200
8825
9317
8551
8243
8000
8639
9265
7363
8682
8092
188014
15194
10057
8732
8912
9547
7805
8484
8338
7671
9241
7425
8373
7402
7873
8859
8526
8305
7907
9301
7777
9189
10069
11652
17637
10459
9926
8200
9374
7484
8329
7770
8951
9024
8823
10825
16148
10216
8725
8145
9283
8764
9157
8209
8420
9235
8245
8180
8206
8835
7982
9177
8855
7884
7785
12113
8332
12045
14101
8047
10466
7989
8765
9255
8838
7601
8568
8888
8640
8401
8356
7767
9149
8428
8233
8926
9417
10724
14743
11712
10441
8230
9169
7672
8521
9500
9189
7838
13991
18882
8506
8833
8019
9047
8851
12718
9928
9217
15543
11662
9236
8660
12252
8659
8296
7800
10948
16092
10082
12397
8751
7501
7641
7637
8452
8338
7575
9141
8440
11037
8533
9436
10894
15325
10264
8110
9097
9002
8737
9006
7715
8507
7484
9225
8974
9884
9397
7722
7680
8353
7845
8540
10522
9024
18063
11190
9692
7972
9605
8792
8676
8075
8187
9119
7730
9098
9411
10062
14754
10956
8007
8305
10677
9509
9907
7845
8352
9055
8802
8482
11344
12453
14053
9898
8633
8239
8326
9266
7620
8043
8797
8418
9308
10514
9237
8750
9328
12824
14331
9903
8158
8763
9384
8764
8196
7830
9431
8696
8130
9028
7945
8657
8587
8140
9196
12743
19157
8863
8932
7608
8738
8348
12774
8726
12756
13757
9697
9687
8533
11526
9493
8656
7989
10758
14790
9419
12869
8915
7957
7691
9377
8555
7770
7354
9102
8087
8231
7610
8639
8566
8513
8253
8055
8805
8800
8010
9798
12378
15474
8138
9222
7909
9562
8435
7682
9746
8553
8688
7692
9079
8794
7491
8707
7773
9231
7676
8435
7926
8410
9256
8572
9241
9527
16732
9959
9258
8364
9665
7805
8822
14728
8929
9697
11287
16451
8853
9695
15364
12301
13066
7998
9690
121411
8304
9839
8835
10053
15564
9041
8825
10001
8146
8628
9435
10451
7995
8589
8456
7590
8171
9479
10133
18469
10733
8536
9478
7697
8295
8279
8027
9139
8626
8512
7552
7830
8143
8493
7966
8100
8939
7559
8129
8194
7581
8038
8418
8357
8666
14117
16273
8701
8833
9033
7826
8267
12102
9318
7883
8312
8530
8365
7548
7813
8275
7769
8534
7634
7509
8625
8539
9092
8053
8451
20845
10134
8800
9758
7765
7938
8800
7516
8601
8109
8479
9398
10152
8306
8251
8391
7787
7423
8475
8179
7581
8357
8287
8495
8630
8147
7842
8370
10539
9884
15440
9060
9857
9192
8051
8447
8115
7995
8687
9347
8721
8515
7782
8851
7773
7364
17441
17500
9506
8873
8923
9110
8648
26628
9194
9133
8018
8371
8337
8629
11747
10682
15897
11101
8879
8155
7390
16589
11919
14600
8758
8761
8268
8464
14767
8174
13053
19074
10667
9425
7971
9357
7738
9282
8618
8507
8799
10176
15988
9923
8059
7784
9780
8287
8595
9241
8771
9331
8616
12604
8341
10631
8198
14319
10526
9193
12199
10266
8126
8856
7861
8451
7948
7964
8940
8295
10346
11037
16035
8197
8500
9389
7989
8457
8211
9611
8081
7969
8110
8256
9392
8213
9018
8679
8591
9209
8152
10139
9714
13014
17264
9049
8255
8080
9285
8503
9777
10743
15068
11094
8810
9127
10138
8153
7974
8450
7965
8049
8605
8985
7696
9119
8026
13732
16126
14234
8515
8522
9362
7372
9186
8742
9008
7682
8920
8337
9529
9123
15303
11927
8492
9495
8839
7740
8940
9242
7717
7813
8071
7917
8738
12861
9487
9084
10259
19100
7926
9240
11096
9679
10979
17328
8881
9453
10528
8653
7720
8438
8763
7888
7565
30605
14578
10037
15812
10148
9361
9600
7932
8305
8953
94163
8743
8295
9272
7952
8365
8826
10683
10413
18618
8034
12027
8399
7804
8503
8353
8956
8169
8158
8314
7758
28760
7762
8069
7820
8153
8177
8917
9128
8014
8523
7915
8174
7593
8528
8957
7779
8041
9118
8432
7579
7977
8867
8815
8347
8852
20789
12247
8458
8885
8308
7856
8497
13331
9001
9691
18795
9468
11906
8844
11422
10271
15400
9025
10394
7824
8225
12032
7646
8786
8171
8312
7753
8716
8054
8343
8005
8552
10111
10159
10687
15472
10171
9030
8033
8317
7877
8061
11125
7670
8015
8735
9219
8075
8197
8784
8795
7750
8393
8656
8519
8285
7542
7833
8056
9605
9513
10058
15692
10815
9507
10853
8656
8641
7730
8541
8502
8136
7646
8680
8480
9242
10289
8208
9611
17891
12247
8389
8678
7723
7737
8058
8107
9423
7947
9194
7965
8245
20505
10936
9582
9414
8042
8382
7984
13131
9792
10902
14826
10150
8309
9169
10359
8216
9128
9194
9194
8652
7892
8876
8322
7875
7895
15994
14439
8293
9343
8676
9205
9099
15721
17503
9562
10242
9468
11224
7996
19716
9620
8774
8304
9046
8478
7858
13949
8338
8688
8974
9071
10885
16351
10502
8409
8204
8094
7753
9549
8717
9199
8831
7995
8725
8438
9115
8356
9821
8625
9678
9909
14746
10235
8474
9642
7994
8755
7995
9548
8141
8032
7848
7794
7691
8906
9497
8679
7950
8357
8224
7628
8824
7811
7779
8818
8824
9505
7650
7547
8591
8748
14707
7943
9603
7968
9515
8777
8414
8206
8708
8591
7771
8159
8831
9071
8551
7577
13552
14851
14527
8055
9909
8579
8875
9431
9864
10443
15789
10289
7887
8019
11873
9144
9522
8808
13776
9902
8676
8229
9023
9244
8813
9022
9027
8346
8472
7959
8654
8057
11750
16146
12284
8159
8230
108794
10090
10144
18421
8749
14712
8249
9759
9277
8613
8430
9200
15463
8451
7914
7756
8093
8959
8697
7681
7853
9998
8807
8138
7597
9049
7573
7923
10164
8142
7558
8971
9318
9644
9742
8423
15524
10150
9639
8092
8525
8509
8873
8160
8554
8666
10501
9141
7791
8694
7553
8533
7933
8315
7934
8377
10253
8745
10919
15916
10300
7961
8400
7831
8414
8453
8239
10320
7674
8743
8885
7629
9416
8846
7830
12167
9550
16815
10786
8815
9691
8014
8068
8145
9359
9144
8397
9143
8830
10996
14717
10774
7835
8119
9456
7954
8453
8576
7769
8319
8738
8824
8446
8561
8479
8115
10343
7798
9390
8600
8014
7701
8241
8412
8138
7982
9379
20658
7835
8922
8981
9538
8601
8633
7682
8938
7957
8353
11582
7681
7603
8758
8051
8986
7689
8217
7753
7748
8905
10306
10133
15208
12633
8959
8371
9336
8628
7740
9156
7966
8316
7894
9122
8039
9120
7823
8004
8995
8989
7587
8756
9823
14382
15585
8397
8871
9441
9142
8704
8071
8774
8356
8610
11108
15508
10585
8707
8553
9384
8365
9007
9069
7681
8507
8712
8395
8016
8866
7738
9031
7741
8548
7757
7785
8205
8097
8352
9697
8514
13954
15509
9027
9268
8392
8866
8605
12894
8456
7756
8015
9575
8846
10559
7860
16144
9809
7736
10787
8417
7729
8621
8672
9164
8753
10003
7755
8662
9277
8537
9268
10251
8108
18353
8333
8986
8211
8830
9569
22035
14397
9036
8442
8113
8146
8177
8379
7664
7738
8830
8987
9864
7673
10866
9960
15027
10380
10599
8152
7969
11019
7811
8000
8012
9139
8596
7932
8536
10230
7430
8234
7730
7631
9005
8894
10051
8604
10393
16697
8574
9913
8533
9027
7826
9072
9470
8756
8234
8546
8917
8495
9475
10138
177186
9344
10924
15155
8074
9164
8895
9155
8477
8788
9057
8375
7978
8737
7800
8266
9263
8564
8522
9494
9547
8607
8266
8606
7810
7872
7893
7505
15661
16141
9852
8525
9319
8414
7932
11782
8200
7866
9421
11210
10542
15128
13492
8276
8556
9430
8512
9661
7610
7762
8295
8646
8764
23860
8873
9138
8135
8637
8635
8535
23319
8589
8547
9564
8392
9299
8859
17465
14759
8744
9683
9446
8917
9364
13452
10573
16716
9464
9629
8433
8097
8785
9542
8880
8963
8917
9060
9143
9152
10917
17723
10635
9271
9400
7972
7827
9501
7788
9098
7739
7641
8016
8301
11880
10453
18260
8589
8966
7872
10509
8473
8351
9413
8854
9379
9861
9679
13576
11342
10606
7798
8697
9436
12270
8118
7572
9138
10828
9439
14623
12914
8408
8613
8222
8383
9261
8788
7421
9174
9060
8111
8327
9230
9320
8802
9877
15471
10333
8061
9666
8160
8769
9015
7847
8887
8375
8136
7762
8194
7867
8400
8148
7936
8251
8699
7984
9666
11571
19420
10471
8594
9123
7541
8401
9044
8955
7862
8629
7601
7895
8396
8237
8632
9902
19064
10794
8938
16727
9460
11673
13589
8620
8805
9172
10301
9347
8271
7933
8911
7792
8899
8876
8271
8144
7882
7729
8680
8430
7740
8904
7803
7799
9774
10081
14109
13245
10089
8430
9343
7921
7738
8205
9278
8295
7774
8998
7959
8227
8202
8189
9118
12677
12876
8917
14948
8789
8029
9619
8838
9133
7892
8663
7995
7641
8204
8188
8702
7517
8178
7832
8923
8232
8964
9249
10403
15051
10802
8231
8794
9112
8759
7963
10367
9642
8268
8113
8417
8386
7882
15295
15312
11567
8705
9417
8235
7805
8182
8073
8420
8400
8173
8777
8223
9119
7945
8261
8091
17866
13633
9053
9682
8927
109189
10123
9872
10332
12003
10646
12271
18071
9409
9981
15343
15648
8578
7702
7810
7789
9097
9687
9128
9020
7997
9597
9043
7992
8558
7894
8572
8564
14470
16931
9610
8658
8040
9155
9463
9399
9118
9188
8465
9512
11136
15835
16176
9210
8210
8341
8007
9487
8976
8656
14572
15138
8441
10011
9512
8791
9041
10673
10246
15397
14214
8243
8720
8339
8137
8201
7818
17078
14559
9419
10461
8213
8891
8617
13658
8839
15829
7676
10652
9077
9479
12897
8543
8330
7607
8215
8369
7651
7712
7570
7531
9080
8406
7970
9302
8819
10233
9709
10594
18522
8927
8942
9774
8198
8806
8900
11000
11875
14381
9226
9302
8733
7753
7783
8726
9534
7448
7599
7822
7756
8897
8602
8135
7887
9093
7951
7971
8738
7951
8167
7774
11502
7801
7589
9254
8773
9399
9316
9322
13850
12437
9476
8404
8213
8163
8358
7773
8646
9269
7663
9004
7753
15421
16369
9735
9864
9441
8706
8840
16321
18869
10211
7601
9402
8895
8544
10082
8196
7821
9288
7589
8475
8510
8199
8812
10863
15822
13641
8805
8615
8900
7831
7614
8638
15576
15486
8479
7871
9315
9199
8958
13548
8284
8072
10170
9957
14456
11073
14871
8041
8344
8995
8454
8829
9867
8779
19646
12035
9705
8704
10315
8739
7690
10789
16034
9119
9223
8241
8778
8852
9380
7643
7976
8104
8820
7686
8730
7731
7910
8043
8876
7998
7569
8209
31588
20677
11348
8174
8665
9461
10182
7866
8266
8312
7992
8274
7792
11039
8637
7367
7550
8371
7952
8074
8246
8528
8430
7641
9056
10271
9210
10492
15152
9297
8866
9259
9376
9622
9629
9497
8153
9007
9093
8986
8423
9489
11669
15323
11682
7843
8939
9255
8171
8114
8053
8757
8475
10446
9774
14748
11809
9406
76683
7870
9097
8143
13984
17789
10929
9016
9007
9504
8733
9820
8528
9827
13747
11750
9177
14555
10921
8417
8296
8697
9267
8158
7669
8625
7764
8090
7889
8636
8615
9362
7733
7917
7948
9046
7811
8197
10302
9435
10282
14881
9477
10682
7896
7886
8087
8922
7996
8524
9659
7989
8635
8866
8948
8091
8134
8699
9233
8440
18234
11042
9128
8502
9423
7954
9839
10637
8856
9158
7855
10427
10238
18954
13237
8256
8332
9426
8780
10770
14846
11845
8521
8267
8917
8276
8035
8414
7778
8611
8748
9051
8206
9060
7627
9210
10448
9892
14537
10456
9414
8772
8779
7591
8972
9312
8025
8186
9064
7884
8436
8522
8605
7911
8518
7513
7802
8507
8271
8093
8313
8102
9201
7337
7899
8091
9365
8338
20082
10027
8599
9463
7811
8746
8328
17026
11089
16587
9315
8135
10505
8981
12799
16578
9344
9108
9455
8564
8056
11366
7596
8751
9152
7491
9029
9223
8631
7690
8516
8775
9473
9824
9624
15745
9432
8617
9060
8199
8267
9810
9556
9211
8296
7629
9323
9341
10809
17579
10846
7871
9646
8007
8973
7878
7846
8674
7671
8661
8220
9121
9280
8860
9054
7560
8461
9381
8677
10362
18006
10991
8092
9162
8849
8237
8380
8419
9466
7697
8444
8053
8652
10702
9739
15202
10339
10472
9245
8196
8292
8374
9221
8992
7853
11083
10043
10735
15181
10380
8025
9639
7844
8671
7964
7866
8778
8624
8319
8326
10010
7622
7591
8013
7693
8026
7666
16217
15846
9047
8695
8948
8299
9728
15240
9177
11750
15167
8023
9567
8076
15313
7762
8682
9141
9420
18758
10759
14184
8672
10272
7636
15262
11028
7841
11844
8039
7601
7979
8881
9387
8283
9205
7572
8089
9436
9221
8004
8467
13415
17185
9543
8216
8523
121394
10009
13534
13386
8590
9186
8967
9168
8131
7786
8256
8569
8209
7952
8163
8509
8531
14806
10539
9763
8286
11376
8876
8220
8801
7749
8020
8234
20391
11406
8353
9480
8532
7831
8412
8406
7651
8334
7835
8210
8234
7929
7928
7933
8584
8299
8266
9396
7957
8270
8444
8282
7577
8591
8162
7688
8183
8158
8589
10440
10577
10076
14851
11748
7917
8913
9364
7417
8174
7779
7778
11262
7938
9138
8307
7794
7712
8837
9287
8518
7785
8501
8176
8585
11903
17857
10425
9652
9249
8338
9141
8117
7814
9393
8391
9458
10501
9071
14745
10154
8456
7987
8273
8537
8856
8452
8517
7892
8104
8507
11953
8998
10379
10825
16814
8918
9738
12385
7646
8726
7780
9217
8269
9189
10303
12487
15039
9984
9477
8539
8413
8041
8203
7912
8936
13357
9292
9817
18159
10145
10025
9679
20538
10088
8097
9558
9577
8809
9278
10656
10508
10558
9025
15502
8700
8315
13276
8142
7923
9440
8216
7584
7620
8476
8566
8471
8456
7587
8208
8323
8812
8623
8850
8013
7819
8135
8058
8970
10312
15266
10849
9046
9461
8010
9020
8511
8517
11223
8464
7671
8117
7551
8564
8608
7605
9425
8677
7552
8232
7721
7397
9151
8379
7662
8884
8875
10025
10305
12155
15400
8807
9274
8447
9362
7849
8834
8625
9038
10963
16663
14179
8974
8748
7902
7649
8622
8441
15161
15160
11025
8669
8471
7798
8393
8154
8102
9188
7835
8894
7534
8163
7971
9378
7608
8697
16083
15217
8794
9503
7882
7853
10940
13074
8028
8405
8138
7938
10388
11145
9169
14899
9471
7958
9523
9127
8524
9343
8856
8789
8016
8683
7910
8171
8510
7759
8774
9271
7580
8379
8769
9037
8936
9903
19353
11649
8635
8617
8302
7607
7499
9622
7673
141914
15174
10841
9239
9127
9318
7923
8230
8542
8247
8969
8012
8076
7986
8779
8105
8786
14304
8178
8157
7600
11587
9161
8806
9198
8824
8496
10636
16044
10743
8589
9529
9261
9417
7936
13343
12951
13556
9806
8623
8120
8214
9800
9124
8600
9498
8323
8630
8637
9143
10313
9954
18568
8933
8596
9294
9163
8424
7912
8815
8264
7757
8940
9870
8240
9481
15082
7725
12066
8574
7994
9707
8704
7580
9116
8767
7671
7793
8906
8262
9144
11700
8673
7848
10195
10253
15377
10584
11640
8620
8621
8357
8445
8257
7961
7611
8928
9081
8533
7829
8837
8307
8226
10125
10249
14142
12992
8243
9307
7430
9551
8073
8594
7933
8013
9415
7955
8036
9710
9155
8379
8768
10064
18257
11456
7834
8855
8549
8882
8594
8632
8713
8633
8498
8376
8306
8220
7651
8502
10169
10035
12100
14145
7832
8948
9275
8659
8093
9493
11504
7617
10456
11276
15839
9521
9583
12369
9259
7630
8217
7954
8302
8041
8972
8785
7431
9196
8154
8000
8224
9011
7588
9410
10156
9601
13128
11280
12323
8707
8488
8842
7864
9932
8091
7524
7784
8210
9292
8543
9297
8802
10478
17620
9215
9955
10189
9805
8823
9594
11169
10805
13188
10370
8932
9316
8339
8433
8618
8000
9122
8907
8684
8176
8208
8404
11209
9923
10081
15174
8577
8118
7605
9316
7989
9251
9139
7407
9038
9041
9147
9261
8580
8063
8184
14750
13638
11646
8329
8225
7537
7958
10518
8295
8230
9019
8526
8830
8550
9230
8487
9259
8251
16426
13854
7789
9397
8934
8198
8287
16464
18436
10607
8425
8747
7911
7988
17026
15626
8571
9541
8102
8080
8614
14089
9006
7434
9094
7910
8911
11333
8190
15280
10496
8264
8614
8255
8137
8728
9410
8646
7969
8011
109048
11715
9525
8939
7805
8194
8861
9049
9127
8431
8834
8898
9137
7520
9081
7574
8774
14112
9619
9781
7844
7755
8518
7899
8383
8894
9369
7794
8328
8322
7641
8287
13441
14789
11728
10082
8907
8971
9488
10144
8715
8282
9193
9809
15535
11749
12900
9010
8410
7891
7548
8780
8316
7994
8354
7883
9112
8989
7723
8825
8394
9720
8413
8680
10404
18092
10719
10391
9238
7422
9379
8363
8507
8144
18135
10351
7387
8551
8435
8927
9167
8425
8172
8272
8405
9796
8335
8817
7522
7618
7692
8530
8412
8693
8231
8465
8589
8475
9576
7746
7587
8854
8594
7851
8237
7923
7866
9155
10730
9533
16247
9326
9506
8210
8815
10520
8307
11794
9046
10376
14993
10424
8196
10329
13658
8081
8497
8072
8330
10572
10427
8173
18240
9181
9299
9617
9142
7439
8486
8205
8559
9441
15200
17293
8937
7996
8071
9356
9035
18852
12497
9052
9486
8311
8010
8478
14129
9207
8902
7788
8418
11077
15545
14002
7811
7580
8413
8188
8294
9021
8143
8425
7948
8036
8639
7654
8731
9651
8451
10495
9320
9468
15936
10799
10879
9025
7963
8707
9071
8852
8899
13673
18490
8739
9466
8378
8049
9509
13614
14879
9584
8840
7902
9646
8871
8507
8604
8774
8943
7572
8433
7820
8705
9000
8087
8738
7743
8748
9097
7451
8147
7942
8067
8103
9273
9005
8014
10790
10128
12261
13214
8701
7814
7844
9424
7815
9521
9087
8418
8160
7938
11451
8470
10931
15912
9605
7748
7622
11552
9445
7955
8270
9041
9179
8549
7674
9123
8638
8933
23194
8782
8817
9347
8743
8961
7573
19644
12116
8912
8734
8476
8204
8090
14320
10512
10244
15671
8764
7957
8605
14760
7784
7829
8210
8075
8128
8998
8504
8962
7815
8169
9096
104969
9397
7991
7980
8867
8621
8179
9183
7861
8228
7729
7660
8636
8286
8398
9761
8719
15509
10265
9436
8142
9880
8355
8544
9049
8823
8053
8752
8701
8386
9237
9442
14307
13744
7768
10769
7871
7898
8022
16713
10488
15364
9321
9005
8186
7963
15019
12228
18902
8974
8163
9344
9098
11185
8173
9017
8009
8673
9938
9561
10741
14389
8573
9258
8368
8262
7836
8936
7733
8909
7666
9204
9374
9036
8845
7581
8384
8116
8917
9041
8000
13916
13722
11328
8718
8015
8912
7552
7796
9700
8115
7574
9621
8764
8106
7994
7990
8812
9087
8925
8326
7670
7761
8854
7374
8220
9516
7608
7753
7500
10109
7635
8651
7617
8596
7949
7415
20964
10216
9159
9429
9640
9095
7774
14666
18081
10745
9957
8693
8132
8223
12998
11776
14341
9335
7934
8213
8521
12328
8514
8186
8287
9056
10121
7794
9426
8877
10845
10953
14770
7821
8572
10213
9610
7662
8243
16188
15351
9051
8077
9681
7796
9623
14083
8594
8021
9276
10924
18493
11878
12493
10760
15538
9970
10791
9609
7566
8389
8640
8579
7759
7412
8980
9280
7870
8712
8023
7743
8513
7601
8185
7825
7596
7757
9184
9080
8456
8882
14276
14942
9105
10410
8296
8607
8478
7454
9155
10902
9477
8328
8471
7838
8338
10085
9790
9620
16031
9235
8487
7712
7862
8294
8133
7774
9204
8272
8753
8197
8916
9133
9316
10130
9532
8227
8807
9557
13490
12369
8976
8160
8476
8039
9430
9489
8304
7952
8475
8558
15065
18384
11251
9522
9317
8784
7717
10578
9141
8519
11174
15521
10290
8384
14082
8598
7812
10093
11062
15576
9017
13978
8337
8940
8399
8548
8666
7392
9404
7543
8563
7571
14360
15742
8755
8882
8097
8775
8345
11449
8786
8479
7703
8969
109958
7625
8795
8417
8771
9051
8352
8627
7871
7949
8048
7603
7902
8327
9407
9384
7617
15030
11774
8101
9002
14967
8232
8069
7740
8381
9256
9535
9588
16372
9237
8376
9129
8707
8415
9508
8367
8462
7798
15405
14895
10888
10307
10878
7971
7615
14149
9863
9653
18859
9097
8989
8565
13553
10306
14508
8080
9704
9749
9152
13128
9001
8420
7607
8829
8370
7551
8657
7745
7736
8488
8177
8379
9817
8715
10949
14861
10153
9526
8230
8936
8061
7733
8053
9000
9104
8220
8571
8569
8921
7696
8907
7918
8379
7844
8851
9000
7416
9091
7878
7610
8753
7419
8602
7810
8895
7648
12789
15487
9457
8470
8523
9537
8882
9477
8349
7873
8014
8651
9286
8764
8982
8927
8545
9961
11064
18955
10553
9318
9333
7970
14160
13982
11951
8956
8736
8517
7624
10628
8662
7699
8101
8728
9267
8859
7653
7544
8726
8015
17036
12461
9406
9510
9638
8545
8702
16225
14136
10165
10470
7952
8832
9158
13721
10741
18670
12102
7990
8853
8646
14383
14919
7946
8022
9669
8951
8042
10061
8275
7372
8692
8517
9333
8953
8292
8185
7800
7780
7900
8815
7629
8450
9246
8557
7583
7594
7707
9161
8749
8384
7902
7716
9543
10184
16414
11650
8963
8228
9436
7692
7886
8994
7974
8337
8343
8046
8158
8488
9328
8299
8256
8231
7825
8427
8920
9656
8671
10043
14882
11543
9129
9017
7828
8636
8053
10506
8298
9264
9403
8555
8586
20533
9470
7934
8196
9417
8635
8131
13639
7797
8558
8802
7900
10879
18489
18790
14333
12265
7922
8029
8415
8363
10843
7614
9401
8072
12516
9909
10165
11261
13892
10528
9582
8138
8153
8160
8439
7547
8374
8424
16405
15933
8094
11276
9097
9386
8051
10351
9075
7772
9116
7612
107898
9378
8632
8243
8327
9455
9637
9878
8591
7988
9000
8767
8777
9868
18684
9510
9188
15638
10291
8497
7880
8124
9249
8210
8579
7859
9365
8038
8663
8203
9664
8737
13087
9828
13849
13803
9425
8866
10959
20731
9208
7731
8963
7908
9439
8608
16528
8954
15006
11610
7528
10376
7798
13989
8705
8697
9818
10528
17138
11065
14800
9795
15643
9858
7953
8009
8346
11641
8422
8358
8882
9044
7866
8384
7749
7855
8765
8562
9113
7615
9415
8839
9138
9729
10522
14184
9679
9680
20164
15374
9289
9451
8045
8476
8498
9375
8383
8138
7832
8468
8104
9042
13940
15042
17183
9779
8113
9934
8384
11656
14959
8474
10369
7771
8855
9236
9801
8835
7568
8506
7811
8505
9500
7520
9144
7615
8930
8315
8507
9604
9097
11356
15201
8369
8150
11584
8775
7969
7642
8885
8543
8678
8165
8413
9025
9341
8363
9693
10006
16628
10525
7789
8398
8663
8947
8499
8728
8000
8002
9619
7628
9298
8177
8465
8119
7566
16631
16776
9320
8856
9456
8576
8140
8073
9355
8795
10063
9059
13242
12986
7933
10912
8687
8428
11706
8458
7866
9024
8276
8215
7958
8637
9348
8402
9520
16525
10022
9486
8741
9207
7790
9333
7820
9205
7650
9195
7844
8738
8922
8923
8391
8740
14404
13859
8702
10862
9723
8184
7981
12524
9200
8781
8856
18423
10572
10625
11746
10013
15336
11210
8618
9638
8717
9796
8830
8682
8615
7529
9225
9249
8446
8161
7743
7860
8378
8649
9182
10024
15091
9856
8312
11134
7911
8695
7851
8085
8534
9676
9229
7974
8754
8186
7795
10476
8564
9238
9879
11385
13847
9093
7811
10273
10664
8600
8859
8748
7757
9037
7606
9200
10066
10083
9541
9644
17215
8081
8235
9464
9471
9070
20309
10915
72369
10984
11455
9909
9660
8817
9789
15002
10581
9338
8894
8867
8101
8692
8600
9339
8821
13319
12270
8243
8771
13958
8820
7805
10561
11132
15312
9056
11246
9154
7925
9074
13178
9921
10498
11851
13333
8963
8213
11335
9196
8113
8254
7803
8616
7660
22945
8842
7697
9456
8578
7881
9145
16680
14243
10543
8882
9635
8810
9462
12484
9672
9905
9741
15300
10247
8773
13702
9912
9738
10386
18120
10938
8214
8895
8205
7469
8585
9497
7975
9192
10057
9462
14740
11768
8567
9389
8524
8960
8852
8784
8276
7935
8973
8253
9457
8177
7611
8405
11194
16209
9441
12974
8854
8025
7599
9216
7616
8894
8800
8431
7425
8723
7753
8821
11083
10051
14167
10041
8482
10134
8451
7894
8274
8889
7805
7974
8152
8208
9370
8314
7741
8145
9085
7892
7872
8255
8267
9313
7898
9476
8873
9835
10064
17610
13080
8654
9066
8656
8621
7850
7533
8970
8448
8027
8888
8105
10200
10646
9669
14650
8187
8414
13150
8742
7803
8097
8643
9541
9569
11994
15367
10368
8657
9569
9150
9176
11289
8924
10556
8668
11687
14774
8854
12875
8587
8134
9037
8635
9978
18036
18039
10133
15287
10086
8943
7995
8693
8037
8555
8577
8019
9184
8274
9550
8632
8420
7620
7958
8756
8464
9336
9083
8224
7504
7864
9190
9641
9983
15627
11017
9235
8286
9527
8065
9579
11205
10994
10673
12579
12163
10854
9246
10636
8038
7516
9260
8275
8574
8024
8172
10430
15341
9979
10531
8193
8558
7877
8553
8162
8717
9265
9101
8948
7455
8681
8159
9020
8838
8392
7721
8813
7810
7775
8528
8958
7871
8284
9512
9477
9315
18764
9749
8204
9661
8215
15727
15374
9395
7901
9369
9027
9291
12271
8075
8839
7670
8480
7585
8268
8456
12551
81108
12794
8402
9073
8478
9256
7456
7942
8826
7781
8377
7805
7571
8312
7948
9176
9329
10400
10313
15207
8809
9765
8477
8771
7887
8594
8005
8086
9420
8303
9640
8776
8207
8266
7858
8221
8818
7628
9245
8746
10343
9370
9902
15882
8775
8213
8734
9573
7897
8769
7890
7743
7925
11525
8314
7852
8560
8984
8190
7700
8119
8941
8326
13662
19086
9967
8334
8605
8511
8486
9618
7744
8091
10345
10234
14243
11796
8669
8376
9172
8867
8265
7551
8777
8491
9288
8521
8842
8550
7964
8756
9199
9937
8938
10101
16476
10274
8141
8028
8063
8616
9054
8796
11911
7610
8011
8943
8386
7541
8233
8096
7698
9866
9364
16394
10974
10161
8792
9512
8757
7758
15860
17479
10444
10205
7934
9328
10605
18593
10313
7997
8996
8969
8806
9179
11071
8958
7912
8297
7938
8005
7853
8555
8264
8735
10014
8920
10377
16010
8397
8789
8615
8899
9066
9292
8471
9480
9157
7811
7759
8619
8225
9003
13196
15708
8836
9620
8807
9052
9249
12109
8415
8021
9851
15123
12280
9929
13148
10523
8610
10226
17917
10846
9539
9983
8261
7659
9022
9616
8571
10006
19722
9600
8035
8371
7558
8402
8148
8440
9962
8030
8253
8374
9241
8000
7521
9263
8555
10228
10793
16793
9747
8293
8753
8242
9537
8256
9052
8364
7541
8656
7469
8962
8494
9220
8094
7772
8275
8943
7584
8651
9569
10041
7952
9425
15278
10422
9371
8779
9091
8397
17576
14804
9439
9236
9267
9530
8255
16038
18220
10427
7662
8073
7803
9203
22446
11145
9817
8608
7484
8871
8612
14266
8035
9835
12747
14293
10208
8085
11518
8861
7987
8193
8436
8099
8475
9185
10209
9282
9805
16771
10362
8598
9483
9343
8137
8477
23574
15422
8761
14076
9015
68368
9344
8676
8169
7555
8089
8930
7891
9482
8462
7773
7935
8235
8229
7950
8526
8393
8738
9692
7897
7651
8652
8214
8225
8207
8789
9021
9517
8294
8288
7681
8359
10317
14201
8996
9096
9622
9035
8317
8973
8837
7561
9320
9173
7933
8781
15533
17139
8674
9118
8953
8111
8336
16300
13679
10560
7993
8164
8345
8389
8678
7801
7954
9429
7473
8687
8576
11850
8033
8107
7974
7550
9169
7590
8709
10082
10459
16081
9676
9640
8396
8045
9191
8594
8394
8533
9466
8776
8652
7719
8746
12838
15497
9999
8781
8384
8236
7989
7779
9639
8451
8822
8191
7944
8329
7709
8260
9363
7928
8185
8717
9342
7630
9393
8779
8451
7458
8875
9346
11307
18903
11987
9376
8948
18101
11524
9343
8459
9230
8521
8533
9103
8413
8271
8240
8610
8597
8543
8470
8067
7993
8471
9259
9728
10133
14743
11501
9546
9451
8601
8131
8328
7722
7825
8748
10904
8211
7992
7873
9776
7630
7594
8083
8010
8516
7622
9236
9634
9799
14840
10522
9158
8543
9297
9037
7902
8503
7567
8144
7647
7754
8996
7825
8562
8783
9271
9854
9917
18835
11009
8557
8967
8558
8735
7837
9241
7917
9372
7821
8024
8220
9161
8238
8328
8214
7803
21730
7875
10492
7951
7974
8454
8493
9238
7998
8703
7718
9455
8198
11070
7535
9864
8453
11218
15342
11029
9138
8358
9071
8153
8107
10142
9150
8242
9416
10868
15374
11500
10828
9063
7780
7782
8949
7553
8031
9317
8514
8130
8859
8092
9176
8540
8977
10376
18547
11026
8400
9794
8014
9717
8921
7979
8995
8140
7898
9488
8861
10060
14889
10413
9492
8650
9194
8552
8152
8679
9180
8287
8431
7785
7641
9000
7811
10620
7748
8183
10641
8523
15407
10807
9015
8258
140919
9620
8348
9040
10414
10158
15413
10203
7663
8313
9344
8687
9667
7974
9157
9678
8364
8784
13799
13845
15413
19926
14636
9062
9783
7549
8169
8276
9815
8416
8050
8288
8979
8791
7415
9220
7950
8268
8355
9360
7644
8196
8519
7493
8420
8727
9605
8907
10133
15427
11887
8990
8655
8832
9036
8854
8773
7661
9087
7572
14674
16257
9578
8418
9435
7958
7984
12268
9278
8594
10454
8845
11345
17494
11499
9099
7716
7986
7880
8238
9259
8905
8624
8802
10464
15332
9953
9020
8573
7708
8707
8963
9281
8452
8747
7505
7871
7583
8871
7633
8953
7754
8117
9444
8857
7888
7852
8784
8815
8205
8413
8608
7996
7551
9805
9659
10609
7890
14361
12973
10058
8579
7933
8676
8717
8450
7743
8876
14883
15349
7992
9054
10159
9084
8205
13451
9890
10035
13665
13587
9139
9656
14046
9587
15662
8534
11507
8662
8941
9181
8808
8553
8334
7614
8094
8520
9120
8818
8190
8635
8574
10313
15252
12023
9829
8590
9297
8315
7977
8807
7741
8295
7981
9066
8334
8702
7808
12878
14912
10677
10960
9745
8146
10012
13131
19243
9409
9383
8456
7700
8877
11932
7861
8251
8578
9239
9117
10370
18204
9492
8550
9637
9010
7629
8733
8689
7650
7420
8352
8254
7711
9233
8442
7728
8478
8020
8153
8512
8190
7723
8273
7388
8995
7851
8824
8002
8004
9555
11030
15943
11058
9606
8209
8020
12077
8721
8268
8143
8880
7678
8558
10550
15517
10147
8123
10219
9134
8784
8188
8082
9071
8111
10178
8220
9137
11107
17164
10928
9339
15197
15496
10041
8674
9799
8826
7948
10374
7457
8593
7588
7954
7615
7840
8873
9472
7817
8168
8338
8820
7928
8287
7631
7422
9379
7616
8220
8392
7840
7993
8606
8107
9915
138734
9974
13634
13882
9017
9300
8319
8847
9637
8094
7583
8413
7775
7568
9232
8923
8090
8932
16137
16328
9851
9416
8435
8258
8226
13830
9164
9121
9661
14616
11677
9221
9820
7987
8938
7639
8615
9291
7840
8048
8661
7558
8790
8988
7975
8943
8643
10098
10521
18271
12604
9996
8377
10564
15845
10815
9132
8854
8549
8279
9780
8377
8535
9400
8080
8119
8997
11921
11184
14859
11748
8407
9569
8358
9792
8025
7617
9404
9143
8786
9731
15712
11654
9056
9256
9241
8625
9006
7946
8166
8174
8210
8134
8236
8148
8582
8475
8555
8064
7697
8684
7834
9210
9585
12167
16165
9411
9991
8625
8866
8654
8293
8274
8994
9995
8499
9172
12117
13137
9280
8087
8946
9454
9029
8805
8610
9020
8441
9753
8526
8113
8158
8460
9087
9901
16161
12095
8312
7900
8325
8807
8586
15567
9798
14580
7758
12156
9938
8828
11694
7860
7688
8046
7862
7733
8565
8517
8908
8039
8019
8605
7933
8266
8397
8978
7519
7717
8112
10390
10020
21611
8675
8389
9780
8866
8113
7732
11649
11325
14542
9699
9510
8421
8191
8492
9750
7723
9233
8577
7636
9143
8129
7634
8610
7697
8394
9311
8911
7811
7989
7859
7700
8856
7914
7914
8296
8630
7676
8358
8204
7614
11751
15303
12082
9922
9304
8417
8892
9305
7973
11084
9242
10058
15863
9616
8154
9276
12287
8340
9042
8192
7775
8052
8607
7739
10153
9566
11334
16474
8717
8405
9263
7982
8978
9449
18113
14626
8594
9046
9229
9539
7581
22266
9439
8573
9079
8030
9668
9984
13932
12993
8887
9544
9402
8277
8994
8755
8459
8698
9496
7518
8012
7876
8556
7567
10422
8744
11120
15857
10043
8717
8620
8180
9629
8235
8352
7989
10312
8203
7466
8798
7664
119370
9861
10014
17461
9107
9327
7615
9237
9612
8329
7944
8323
8052
7897
8192
9672
9373
8207
16629
12177
13464
8556
8674
8960
9053
13879
8556
8927
8762
8659
9333
12099
7996
14356
8476
8492
8902
9218
8685
9462
7911
8007
7910
7720
8375
8334
9436
9891
7545
8953
8446
8319
9803
13247
17543
9009
9242
8620
9272
8816
14620
14196
8614
7629
9234
8385
9434
8645
8958
7750
8838
9592
8976
8176
7772
8858
8596
8842
7597
8656
7558
8690
10359
10364
15627
14426
9319
8056
7483
8480
8347
7694
8599
7908
8038
7957
8626
7711
8519
8101
8938
9185
7394
16356
13808
9199
8136
8611
9247
7930
14745
12720
18998
8596
9597
9458
8518
8903
9374
9031
8968
11871
14433
8376
14097
8464
8871
7589
8729
8711
8249
7473
8323
8024
8112
17757
12508
9020
9671
9044
8574
8178
15671
9853
15098
8688
9643
8516
8864
12646
9206
8518
7919
8082
8229
8357
8788
9241
18356
9002
9539
9596
8159
8386
8723
8169
7598
9241
9808
9653
13578
12334
9024
7974
8034
9321
8412
7800
9178
8153
8562
10266
8274
8134
13368
9482
13595
10262
7875
8051
9620
9055
9230
8193
8939
9236
8245
9347
7923
8782
8338
8109
7891
8353
8314
9000
8114
7957
8113
11257
15466
10975
8194
9683
8119
8138
7853
7914
8089
8478
8616
8852
8810
9384
8196
7965
8168
11082
8263
11061
12322
16194
8399
8747
17217
15385
10090
9315
8843
10819
8109
10241
8734
10176
8606
18565
11242
7827
10446
7782
8691
8956
8797
8511
8737
8497
9323
10102
16384
12010
7915
8140
8195
9206
8078
8036
12066
8334
7763
8075
8618
8240
7671
8635
7650
7806
8554
8456
7784
8043
8537
8224
7761
8246
8245
7779
8576
8652
10174
12708
15602
8558
113194
9461
9583
8254
7464
8640
7741
8245
9470
9224
7508
10117
8718
10396
9932
14117
14771
9986
8430
7959
7974
9043
7791
8136
8805
8456
9018
8384
8937
8696
9347
8287
8658
7738
8567
8486
8126
10693
15195
16354
7616
8396
8892
8784
8899
8182
8565
8798
8558
7576
8767
8277
9836
10024
16614
8396
7653
9207
10205
8469
8061
8712
7823
8323
8591
8414
8102
8235
8232
7379
7745
8201
8816
8687
7786
11551
8343
9672
11150
18146
9128
7420
9728
9537
8172
8512
7782
7999
8606
9086
8246
8687
7800
16340
15112
8907
9929
9274
7758
9117
10419
8543
7628
9251
8516
7810
10133
9758
15298
10205
9595
8842
8057
8897
10074
8247
7548
7759
7642
8842
7625
9600
8754
8811
9630
8932
9343
10848
16288
8276
9400
8837
8540
9115
8835
11001
8236
8087
9056
11620
18446
10606
12454
9270
8667
8819
9938
15635
9707
12551
8025
8297
7632
7997
8578
8228
7761
7815
8779
8331
9281
8698
7794
8495
9478
9119
9158
11022
15191
9641
10054
8173
8148
8543
9240
8451
7958
8566
9259
8021
8694
8290
8281
8417
8258
13789
11423
13874
8882
9610
9233
8374
9390
8540
7646
8219
8034
9065
8769
8968
8218
7752
7736
14189
16778
11606
8919
8043
9824
9013
13813
15903
8599
8357
9281
8596
8117
14239
7615
7434
7750
9248
8430
7977
8441
7891
8998
11098
15232
12671
9639
8892
7907
7435
9237
9035
8231
8196
25651
9560
8554
8212
8013
9390
8858
8133
9225
7895
8164
7681
8458
7874
13272
18640
9558
7880
9310
8695
8375
11070
8370
9001
9269
10199
15304
10227
12838
11437
9894
11195
15543
10829
8892
8919
8912
9006
9357
9317
10000
9833
10989
14197
8556
10261
7814
7669
8366
8435
9583
8487
9248
9051
111932
9459
8131
9372
8414
20501
10059
9048
9775
8335
9462
8886
8021
7694
8876
9000
9313
8701
9002
9819
8928
8995
7727
9548
7993
8511
8703
8118
8674
9089
7984
7933
9078
8200
7602
8625
8256
8122
9698
10005
17247
10427
9320
9708
8538
9519
8818
9217
7976
9500
9592
15938
11013
8770
8141
8611
7967
7999
8968
8412
8393
9246
7917
8143
8410
8290
9438
7928
8072
7653
9045
8370
8988
7724
7964
9702
7815
7843
7989
8156
8574
8425
7965
7841
8242
7833
16463
14164
8189
9045
8080
8836
9225
16307
14873
10528
10366
7923
7989
9117
13841
8610
8199
18133
11554
9600
7913
11475
9683
9113
8512
9810
14841
10565
10544
8769
7744
8251
8776
9395
8619
7998
8307
7615
8967
8898
8773
7574
7803
8574
7856
8306
8317
8171
7916
17936
13689
9056
9368
8666
9133
8917
11165
8397
8357
10292
15525
11912
8342
11894
8120
8264
7917
9046
7994
8420
8152
8289
7605
8462
7938
8614
8256
7618
8255
7553
9372
11248
10333
17723
9983
9319
9090
9400
7578
9415
7610
7957
7752
8149
8597
8071
8558
7777
7930
8591
8296
8229
8138
9815
10487
15091
16492
7902
8206
8820
8915
10046
9871
8013
10134
15846
9098
10168
8162
7946
9425
9231
9037
8251
14579
12912
11476
10849
9256
9332
8369
14857
12375
15402
9107
8018
8257
9000
14307
10881
15282
9290
8324
8129
9615
14330
10555
7961
8471
12741
14109
8051
11970
7864
7952
8123
9457
8294
8115
9117
9168
8328
9038
7892
9183
10543
10703
14865
8485
10158
8020
9394
9025
9299
9174
7903
9036
8784
8653
8023
9823
9021
10316
12208
15985
7747
10729
10733
8819
7756
9624
10724
15128
10435
10987
7851
7740
9673
9017
7823
9088
8541
8631
8300
8214
8059
131659
8142
9270
9981
7553
9189
8604
9308
7902
9209
10594
13102
13955
9523
10846
8261
8147
11318
8150
10440
8153
7980
7904
8271
7907
8772
7989
8391
9446
8380
8661
9219
9529
8371
8652
10401
15973
12268
9396
12575
9222
8342
11257
9374
11731
13428
13108
8512
8374
8607
7949
8608
8514
8394
8112
8021
8876
10479
9969
18271
9165
8626
9112
7926
7691
8311
9594
10926
9136
9135
10682
16222
10093
9072
8146
7768
8687
9758
7763
8635
9022
7584
8824
9039
7858
9336
7882
8221
8757
7859
8578
9453
8977
8569
10292
15106
10339
9533
8651
9056
8959
7594
8154
13964
8898
14569
12369
9137
9348
8849
10090
8305
8500
8416
9500
8486
8425
9157
7851
9215
11163
11059
15706
8096
9985
7940
9720
8966
8038
7721
8800
9740
9800
10642
15164
10271
9255
8861
9037
8685
8660
9553
8573
7692
8127
8329
7783
9132
9000
11057
9584
9841
14541
9589
9581
8773
11671
8140
7954
8177
8189
8523
7852
8231
7817
8000
8584
9223
9620
10037
10224
15364
9146
8692
9624
7868
8671
8197
9103
8271
8103
8174
8760
8063
7566
8969
9112
7542
8807
8182
7617
8117
10078
8805
9356
10938
19169
9022
7536
16292
10162
15708
9589
9226
8332
8939
9409
8240
8539
7800
11076
9079
8902
10672
9610
14583
9603
9511
9440
8614
7902
8295
8030
7756
15384
10066
13024
12369
9791
9257
8492
13132
10758
7911
7790
8829
10584
17840
15272
9020
9626
15161
11758
9613
8123
8873
9044
8594
7948
8429
7913
7955
8692
7868
8437
8947
7855
7764
9234
10140
7673
8436
10211
10784
15337
9930
10937
9633
7846
8535
7857
8158
9446
10067
9380
9000
9901
13071
13561
15953
9281
8764
9729
17819
10007
9392
12011
8795
7594
8522
9836
8543
96982
13707
10340
8148
8956
11056
9268
8748
7867
8546
7791
8816
9276
7800
8215
8186
8600
10757
9512
8813
8307
8014
9638
8873
10466
8030
9758
10488
18900
10292
9374
8624
9499
7740
8499
8317
8169
9088
10887
15915
9559
8871
9610
9278
9657
9030
9419
8158
8715
7881
10388
10978
14954
13948
8292
8594
9396
8685
7851
8184
7538
8994
8373
8419
8829
7579
8457
8138
10200
9924
9881
15043
8317
10157
8801
8848
7751
9248
9061
9154
8335
7657
9338
8281
8371
8770
9187
9278
9853
12918
14417
10482
9543
8507
8715
10287
11456
15442
9642
10563
7943
8015
7928
7820
7886
8955
8201
8548
9624
8156
8027
8426
8549
9358
10369
7975
9851
8615
10097
14949
9954
15140
8795
7588
9103
8278
9246
9651
11239
13994
9311
10313
9242
9138
9307
9037
8390
8565
7597
8961
7667
8757
8795
10086
10539
18407
9301
8833
7949
7825
10043
8687
8343
8077
9764
7932
11603
9461
15008
11670
10122
8776
8154
10358
8422
7548
8211
8021
8351
8253
7591
8465
7599
7870
7736
7739
7560
8365
7912
8114
7898
9030
7683
8184
7733
8998
7808
9227
7520
7889
9269
7488
11186
10567
15407
9385
9288
8612
8768
16452
10645
16133
8687
8156
9368
7835
8784
8712
7884
8084
9542
8777
8194
7499
8107
8606
9098
15213
17389
10220
8594
7849
8390
11407
19923
10723
9495
9287
9171
9010
8502
11378
8271
7893
9810
9278
10148
14558
11521
9158
8198
9051
8555
8740
8041
7889
8410
8471
9123
7994
8787
7759
9138
8090
9392
10152
13098
14473
9687
9179
9128
8282
8697
7497
7851
9021
7457
8200
8144
7993
9294
9332
9270
8568
7814
9064
8602
9559
8671
15989
10164
9934
8242
9460
9301
9418
8581
10011
8532
9401
9014
10102
133502
11861
14990
8590
8655
12651
8465
8652
8451
7674
7974
8166
8733
9033
9035
10205
10706
15881
9105
10189
8633
9228
8393
8213
9112
9148
7708
8631
7770
10067
8790
9930
18448
12711
8466
7819
9229
8112
7734
11836
10641
15399
9792
8056
9200
8473
12200
7776
8374
7814
8183
7808
8677
8265
7776
7861
8718
7876
8557
9779
8858
9482
9476
12853
14442
9557
7794
7637
8925
7440
8169
8435
9188
8517
8099
8133
8906
8313
8655
9033
7956
7568
14846
16522
8053
10085
8798
9661
7794
10336
7819
8528
8345
8517
9328
7860
7646
7599
9354
7886
17564
15102
9510
9324
10886
10773
10082
18307
9548
7644
8523
8638
9406
8845
13032
16240
10446
9521
10115
8548
8804
10164
8901
12108
9348
11914
13488
9821
10532
7749
7797
9497
9147
8696
8615
8173
9375
10140
18346
8812
9833
8841
9526
9784
8827
7698
9964
8840
11417
8579
13138
9803
10619
9461
8297
8669
8882
8616
8633
7866
8517
7584
8779
8686
9356
9713
10011
11497
14215
8511
13999
8394
7693
8219
7772
8591
7838
7476
9414
7982
8428
9461
8429
10834
15533
10849
8062
11374
9018
9121
8210
8682
8993
8762
9851
9772
18780
10223
8766
9344
8738
8938
8498
8132
7643
8102
8852
7990
8982
8527
8896
10848
14839
10689
10867
9484
8038
7672
8410
8112
7974
7870
8871
7661
8659
9164
8496
9006
8140
9547
9602
11284
15351
8394
10668
8388
8296
7951
14320
10246
10031
7918
12430
12422
11268
12714
8543
8031
9249
11184
15354
9620
9793
8876
8627
8106
8574
9027
8706
8811
9199
8349
7991
7603
9876
8734
8974
19324
9634
8943
8444
8223
9558
10128
7896
8071
7748
8763
7971
7830
11944
10207
15364
9580
8075
10635
7931
11756
7531
7712
9039
7833
111462
8000
8456
9097
7441
7959
7753
8049
8136
9275
8772
7956
13890
9248
14226
12789
8211
15869
10510
7872
8907
9402
8938
9954
8241
9047
8601
8184
11096
17814
10727
9734
9895
8586
7418
8796
8132
8082
8372
12956
15715
9979
8301
7743
8840
9640
12037
8208
7861
7851
8248
8427
8072
7859
9295
8956
8194
10591
11317
15049
9069
9744
8817
7850
8403
9126
8191
8372
8134
8676
8020
9114
8266
8351
8772
8904
8736
7709
8476
9188
10159
11874
13802
10204
9446
8364
8405
11345
7666
13745
13941
14178
8969
8375
7992
8376
8926
8256
9158
9205
8344
7669
8239
7788
8496
8361
8641
24743
8847
7552
8249
8837
8419
9292
13415
10458
14824
8316
11516
10538
9385
11649
8820
8966
12957
13296
7970
10307
13021
7717
7645
9259
8025
8189
8497
7743
8458
7631
9201
9364
10062
10036
10287
17128
8766
9476
7800
9004
9217
9612
11136
16719
11941
9772
8276
7674
8007
8354
8419
8156
8179
8522
8367
13892
13503
13035
10902
9041
8956
8174
11671
7656
8084
8229
7874
8456
11330
14620
10411
8360
9681
9570
9665
8398
7948
8121
8458
8389
8237
8909
8172
8148
8400
9058
7767
8757
9915
11589
18119
8543
7968
8603
10345
8468
9536
8709
8287
7631
8459
9373
10897
12077
13658
13112
8296
9900
8204
8794
8216
7520
7928
8255
9179
10141
10856
15737
9497
9731
8010
8933
9297
8656
7956
8153
9247
8088
8174
8386
12409
17274
9960
10067
8721
7897
9304
11490
8785
8104
8225
8559
10103
9699
8384
18771
10206
9087
8297
8490
8675
9452
9007
7788
8254
9628
10311
11569
13723
9211
8573
9642
8184
8243
8959
9089
8158
7933
9384
7691
8587
10371
13600
15794
7471
8170
9549
7768
8599
7928
9301
8779
8166
8013
104656
15694
9127
9415
8215
8575
7893
7733
7815
9375
8135
7447
10984
9183
8154
9238
10255
15130
10041
9326
8476
8296
8028
8750
8944
8336
8133
7781
9047
9259
9178
9240
13983
13662
7918
8492
8843
8997
9347
8415
9167
8415
7877
8309
8335
9557
8105
7734
7994
8877
8153
10918
8102
7776
8112
7700
7894
9055
9902
12424
14250
8989
8436
9590
8384
9354
8451
8752
9045
8244
8337
7989
8213
8209
8380
15917
16883
10020
7943
8830
7985
8526
20836
12254
8070
9466
8789
10266
7921
14927
10645
14056
10430
8292
9266
8736
14551
9597
13753
14290
8200
7585
8615
11825
7620
7656
8532
9615
9245
7783
8180
7649
8530
9145
17635
15738
8056
9382
7917
7947
7728
16806
14549
10661
7948
9104
9318
9157
16972
15502
9618
8379
9861
8710
8605
13102
9420
9208
9278
16043
10408
7974
13501
10301
7945
8754
7532
10055
10374
18379
10673
8302
9197
8313
8016
8925
9016
8195
7425
8851
8963
9183
7637
9819
10213
15552
9780
7853
8443
7990
8675
9163
9294
9054
7771
8130
8384
10808
9017
9727
16101
10348
8222
8233
11287
8665
8492
7974
8052
9056
9182
8485
8519
7779
8468
10024
9025
10065
14954
10005
8123
8610
9561
7959
8396
8162
7572
8618
8379
9641
7828
7784
8232
8774
8738
7661
7744
7866
7873
8044
12833
11036
18513
10354
8652
8201
8141
9805
7630
8794
9221
9059
10358
7817
8796
10072
14943
10011
11921
8397
8553
7709
8033
10884
8595
12494
15981
9399
8583
8608
9858
8151
12908
7660
8332
7575
8384
7812
8397
8178
9228
7489
9063
7938
8656
8022
7748
8131
8623
10203
9498
15657
10693
9719
9681
9194
8979
8372
8933
8035
14532
18633
11623
8835
7957
8726
10463
13741
14123
7733
10825
8055
93412
7640
9024
9476
7643
11784
8507
8026
8791
9795
11251
15006
12132
8855
9965
10107
9229
14502
8303
10273
8846
9261
9378
7725
9096
9523
8817
7545
7986
8631
9133
8566
7584
8943
7990
7713
8333
7692
10084
9630
9425
18573
9997
8420
10806
8307
9570
9546
9651
9598
14602
10436
9222
8826
8314
8215
8007
8268
8091
9637
8117
7839
7897
8400
7582
9459
9241
7914
8215
7851
8258
9220
9112
7760
8528
7984
8754
7729
7513
11551
12217
13581
8230
9579
9577
8830
9757
8692
8561
7542
7661
8633
8790
9313
8085
8192
9319
8024
8627
10003
10551
15546
9166
8778
8400
8239
9480
8793
9548
7674
9838
9349
8157
8072
10959
9340
11811
17494
9335
9153
7892
10201
8144
7762
8435
11080
10488
12062
14668
8637
8955
9229
7741
8297
8259
8151
9213
8369
8399
9228
8823
8560
7906
12005
10762
14969
8397
11063
8918
8723
7763
8575
7630
8700
7955
7834
7551
9000
7438
8297
7825
9228
8840
7923
10155
8450
9185
10447
15496
11522
8836
7794
8018
9579
7844
8570
9400
8574
7594
7594
8273
9009
14548
19061
11123
8612
9209
9241
8082
21719
9472
7661
9347
8736
8329
9110
13213
9825
9821
8598
9685
15541
9442
12168
7904
8205
7657
11533
8374
7731
8692
7914
8355
8866
9833
12379
14753
8570
7784
8574
7956
9010
9203
9458
9138
9040
8191
8330
7665
8394
8397
14803
19171
9017
9617
8880
8420
7879
9910
8512
8868
9137
11074
18957
9507
10706
8815
7744
8435
8009
8722
9738
14107
14186
8957
8198
8595
9622
8895
7587
8458
7943
8756
8948
9162
9147
8468
8549
8415
7812
10375
17761
10554
8836
7712
8188
9365
9372
8435
8991
8274
8666
7434
9221
8333
8229
7760
7417
9401
8406
9131
8738
146538
12567
12112
8194
7823
9085
8365
10468
9448
13902
11747
8751
7937
9662
8157
8451
17122
9986
16580
8055
8416
8808
9341
7768
8928
8919
8110
8610
9049
10917
9341
9438
11046
10599
15723
9118
8084
7923
8374
25431
11479
7955
8841
11673
15902
11495
9794
7877
7581
8840
10447
18810
11276
9288
8820
7646
8265
9315
10425
10282
7987
9400
8283
9035
7813
8795
9626
9077
13446
9013
7717
10757
8474
9005
8451
9808
13616
11879
9291
8251
8554
14645
10401
18173
11638
9677
8441
9014
7633
8216
7565
8813
9247
8168
7945
9589
10915
11685
14276
9020
8007
9448
9683
8284
8873
9281
9116
10907
15870
12155
11961
7870
8169
8863
9019
8613
12043
16467
8764
8601
8861
7800
8389
8386
9672
8515
7863
8416
8738
8846
8738
8052
7553
7752
8073
8737
7817
7333
8694
8405
7864
8621
7694
8342
7502
8391
9139
8213
7936
8917
8217
7496
8569
9196
8643
8113
10575
18565
11688
21176
13019
11164
8802
9306
9195
8171
12694
10361
15984
9587
8430
10494
8959
15836
16155
10793
8480
8213
8522
8312
9590
8129
7984
8524
9060
7582
7794
8493
7468
9372
8392
15422
17678
8584
8150
8633
10563
8665
17011
16615
7825
10467
8818
8515
9260
9923
7661
7825
8254
7812
7579
7810
7999
8113
8446
7901
8056
8636
8304
8297
8856
8699
9902
9492
13546
12215
9498
7793
8090
9245
9000
9468
7851
8757
9356
10782
7616
7805
8591
10137
9556
15802
11422
9783
8675
9457
8971
7952
8597
8410
7602
8776
7930
8011
8546
9000
7998
8393
8394
8387
8155
9496
10776
15282
10022
7971
10867
10568
8239
8755
9057
9344
10626
10923
17651
7562
12819
9230
7658
9082
9399
8841
9888
17255
8764
8745
9625
7865
7641
8267
11204
7741
36152
10628
15876
9257
8597
8241
9544
9789
7509
8433
7841
7723
8662
7858
8239
8154
8434
8096
8600
9992
9832
14559
11105
8226
9401
10188
8393
8809
9061
8138
7912
7924
8215
9190
8570
8955
8064
9514
11619
18767
9400
9015
10046
10154
8626
9174
9223
9330
10126
15504
8665
9444
7684
7938
8502
8401
9420
8497
8657
7594
8350
9219
7714
8509
8794
8785
9252
8760
9938
10943
14524
12338
8677
9300
7960
8210
8071
8415
9196
7773
8959
8246
8305
9057
8853
9556
9697
16091
10102
9050
8421
8733
7998
11461
8732
9158
8046
9056
8456
10410
8353
9798
18083
12688
7964
8211
9446
7900
9427
8667
9911
8674
10016
16001
9572
9698
8596
9154
8430
8236
7776
9655
7753
8964
9459
7943
8871
9420
10230
15627
8967
11633
9624
8918
7790
12471
8164
8031
9620
10282
16238
8835
12216
9546
7516
9223
8784
7692
8212
7461
7603
9434
7972
9023
9037
8411
8228
10178
8953
10130
17468
10435
9661
8415
8095
8287
8158
8939
8337
8811
8035
7630
7525
8343
8834
7966
8240
8332
11796
9687
14641
11382
9546
9425
9087
8895
8805
9112
8507
8220
7630
7901
8811
8246
10295
9134
9521
15295
10626
11897
7671
8014
8594
11315
8327
8784
9399
9528
16608
9428
13462
9314
8080
7886
8665
8193
9020
8617
8314
7784
7588
7758
8123
8958
7676
10642
10061
17261
10908
9458
9738
9584
10307
8162
10092
18619
10630
9515
8186
9689
8308
8782
9538
9138
10419
29195
15379
9808
8981
8671
9145
9402
7768
9412
8831
8169
8715
8022
8988
8449
9225
7601
8795
10082
10967
15882
13667
7633
7415
7833
8068
8553
9441
8120
8460
8698
9639
7730
8854
8172
8044
9999
9181
18461
10869
10622
9418
8155
8239
7610
9184
7811
105793
13965
9390
9647
7994
8763
10247
11266
14173
14883
8976
7820
9364
9479
7849
8436
20783
9459
8226
8261
8578
9779
8567
9530
15486
14192
9410
7634
7813
19829
13914
10683
10184
8202
7828
15656
12918
9124
8373
8136
8995
7947
9446
8638
9381
8394
7782
9063
7541
8594
9740
8813
16113
10700
9948
9149
8292
9538
8575
9010
7974
8749
8525
7902
8477
7683
8078
8466
9018
8583
7616
8446
8030
8333
7477
9379
10702
13145
13289
8549
9808
8186
8949
9365
9285
8123
8769
8112
7967
17309
17493
9209
8853
8784
9209
7748
24048
8976
9242
10687
9610
10039
9642
16671
11841
9478
8850
8720
9210
8272
12774
9691
16215
9782
8230
9865
8826
10182
7841
7748
9338
8369
8973
8778
8948
7917
7810
7769
25204
9453
8820
8164
7933
9439
8422
19420
10857
8558
7991
10068
7752
9362
16110
9979
14783
11261
9151
7943
7969
15424
9175
9594
8277
15618
10187
9661
12780
7815
8364
7644
9036
9189
7882
10957
10402
18589
8169
8425
8436
10220
8164
8357
7786
7979
9478
8819
8234
9018
9930
9093
15912
10692
8307
8212
10784
7981
7978
7851
9639
8335
7923
11263
8704
9034
10896
16940
11114
8516
11128
8369
8757
7957
9609
9421
8799
10453
14538
10896
9843
9410
8247
8549
8099
9274
7821
9320
7632
8307
9121
7701
7558
8415
8915
7620
9282
8769
9025
12544
18647
11827
9015
8774
9119
7529
8368
7991
7892
8230
7825
9268
9403
10021
11035
16605
9643
9359
9250
7735
7933
9071
10389
8784
10760
14642
11933
15596
9693
13245
13938
8190
8425
8289
8512
7538
8815
8451
8953
9569
7986
8671
7841
7989
7861
12223
10230
8876
16611
10210
8509
9559
12071
9243
7757
9228
8537
8306
10078
9864
18646
9320
8833
11021
46762
9494
8059
8100
8505
17451
15911
11302
9235
8682
9277
7635
9610
8571
8989
9179
10983
8373
13856
14830
11018
8072
10046
8936
9227
10343
8241
8298
7868
7953
9216
9579
10525
19069
9055
9897
9461
7900
7995
8318
7995
7839
8743
8689
9579
8620
10484
15738
8615
9323
9207
9491
8930
8236
8358
7766
7789
9170
9229
8198
8039
8508
8230
10090
7953
8352
9974
9906
12498
13298
11799
8438
8828
8134
8784
8464
8379
8048
8153
9635
11594
9970
15452
9933
9340
8493
9522
7706
8724
8287
7735
8210
8989
15964
19893
9220
9019
8355
9648
8275
12989
15723
8581
9346
9725
8933
9068
10125
8418
7499
8246
9325
7616
9082
7976
9149
8394
7576
7999
9094
10166
9326
16320
10467
9304
8037
8641
11023
9100
8429
8437
8758
9016
8815
10985
16020
10071
8929
8628
7962
8486
8959
11195
8027
8567
8386
7546
7873
8927
8753
10243
17641
11052
9673
9239
8912
8877
8119
9179
9728
9781
14314
11286
9098
9067
8605
8348
9136
8784
7792
8392
8051
8601
7692
8517
7866
8162
8000
7758
7732
8810
9216
24964
15409
9076
9553
8620
7993
8550
8488
9481
9960
9369
8128
7581
8859
9856
8591
9994
18160
9486
8782
7969
8842
8527
7866
18394
13913
9803
9424
8796
9471
8082
8178
9245
8174
7589
8391
8205
7979
9323
9143
9173
10054
10386
15785
9156
9463
9167
8680
9227
7587
8684
8226
8615
9161
8278
8179
8166
9017
8169
8582
9600
9517
16141
11233
7833
8769
9656
8406
8239
9584
8413
7989
7733
9610
8595
8056
8019
7941
7804
7926
7823
8896
8028
8534
8764
9426
8797
16093
10300
8608
9579
9192
9066
8410
8261
8871
9003
9411
7981
9158
9770
10370
17928
11217
9577
8407
9660
8368
9364
7929
103952
13546
11025
9138
8525
8051
8300
9494
9087
10236
15600
10488
8334
7659
7924
8219
8897
8169
11539
8564
7662
8777
10437
9555
9889
15376
8621
10705
7913
8799
9436
8795
8676
8925
8911
9060
8676
8958
10803
18720
9126
9066
9435
8427
7969
9270
8375
8596
7938
8046
7854
8794
8937
8332
8942
8819
10415
12314
13756
9362
8133
10883
8635
8493
9484
8359
8373
8374
10005
11369
15090
11411
8489
7807
7986
13107
7851
8780
8800
8270
8686
8073
8914
8744
11235
14768
12490
8425
9013
8187
9189
9378
9113
22720
9436
9330
9659
8202
8596
8913
14843
14523
9542
9902
8408
8089
9358
11358
9143
7417
8644
8533
7843
8579
8196
10461
8496
12530
14209
8978
9421
9666
9600
8149
8512
8769
9398
8251
9459
10212
12925
13804
9128
9419
8825
9219
8077
8034
9008
8326
8958
7982
10102
7719
8849
9107
14035
15358
7645
12446
9756
7875
10352
9966
15884
11564
10723
7829
8003
9167
7863
7792
8553
7841
8425
8696
7832
9013
7969
8431
8081
8241
8255
8322
9415
9860
15236
12533
8933
8764
7986
8668
9356
8502
7551
8584
8495
9498
8394
7828
9061
7713
8493
8900
8393
10142
10461
14726
9822
11261
9038
8777
7795
7728
8256
7767
9047
8144
7898
8323
17458
18152
9128
10333
7910
8105
9085
20355
10022
11065
9196
8414
8541
8213
9961
8959
8098
8010
9191
8946
9104
7984
10998
8476
15664
8431
7912
8462
11281
8393
7518
7909
9444
9209
8936
8330
8912
8346
8855
8569
7645
8329
13908
14497
10764
9528
9358
8097
8534
11537
7992
7833
8458
7789
8997
8338
9183
9104
9792
15782
11251
8246
8522
8833
8973
8191
8723
9326
7770
7654
8217
9152
8143
10937
9786
10958
18137
9092
9551
8637
9702
7611
100263
17868
11643
9382
7936
8870
9218
9061
9363
9933
15988
9254
10230
9458
7641
8666
9215
8295
8420
8764
8567
8379
8049
7912
8594
8733
8198
8488
8707
7671
8084
9187
7575
7739
8063
8661
9383
9455
9855
9392
15756
9290
8936
9061
9577
8615
7791
8107
7870
8116
8376
8215
8178
8779
9637
11571
9983
9428
17000
11001
9224
18475
14076
8838
10781
8364
8415
7834
9589
8601
9039
8861
8485
9320
9187
8802
10853
12279
13965
8764
8130
8026
8876
9013
8935
9049
11107
8295
8813
9464
10030
9574
14819
9835
8804
7722
9195
8182
8904
7831
9335
7835
8348
9192
7568
9376
7623
8459
7885
8244
8374
8615
8877
8004
8635
7936
8436
9535
8073
11119
18500
9037
9650
8190
10238
9441
8208
9001
8984
7759
7528
10307
10249
15516
11924
8770
8179
8818
8852
8432
9441
8335
8664
8943
7430
7633
9018
7706
8792
7863
8178
8261
7699
8307
8131
8139
7591
8810
7651
8482
7900
11497
10100
13297
13080
8847
8836
8959
13533
11215
15179
9932
8933
9136
8703
15772
10818
18135
9682
9364
9456
9251
8519
10818
14745
9979
9074
8009
8476
8994
8401
8506
9747
8245
8735
8778
7851
7736
7834
7589
8400
8558
9202
8905
7763
7534
8398
7712
8593
7801
10566
8312
8954
9266
11435
15328
10491
12736
9454
8008
7856
8046
7974
8695
8285
8693
7773
8600
9427
8599
9922
15341
10676
7815
8629
8974
8757
9245
8756
7872
8553
8164
7625
8154
9315
7964
7823
11164
10523
15683
11658
9558
8322
9417
8114
9570
8639
7757
8766
8247
9077
7635
8393
8927
8796
8205
8330
9025
10041
19009
10276
10852
8203
7771
9361
8037
8093
8594
22209
8153
8994
7810
9774
8656
8928
14666
10863
14741
12106
8515
8498
9475
138498
8230
7873
8973
7435
8176
8922
7911
9475
7847
9907
9870
13722
11274
8471
9600
9187
9091
8338
10692
7645
9232
8575
8020
8670
8475
8780
8088
7982
7732
9276
7755
8456
8555
7592
8223
8594
8196
7620
7451
8721
8972
8162
9618
10205
17907
10552
13505
9012
8198
9165
9865
9226
13553
11572
9158
8720
7713
9398
9128
8046
9867
7748
9110
9373
10065
9779
10394
7984
15241
11037
8252
9241
9198
7884
8493
8462
8317
7639
8112
8962
8272
8525
9917
8512
10337
10789
13203
12230
8796
9061
7762
9151
9095
8933
8510
7791
9023
8415
9160
8075
7594
8190
9227
9925
8760
11051
22302
9016
7530
8152
8697
7584
8634
7509
8574
8394
8716
7721
10604
10211
15583
11502
9800
8132
9149
9028
9526
8107
8410
7580
8653
8497
8046
9244
7845
11291
15076
12297
9150
8010
7926
8103
8866
8413
8405
8109
11139
9651
9771
10451
16080
10205
8794
8389
7810
8592
9017
7758
8251
8969
8829
8715
7755
7958
7673
8297
7807
14500
13487
15592
13020
7672
7763
9143
13525
14876
10716
9647
9204
7927
8423
11977
9375
8310
8722
9103
10366
15318
13173
8200
8643
7727
8836
9314
7850
8870
7620
7652
9179
9129
8300
7867
9941
9908
13527
12810
9344
9302
9176
8435
11523
9220
7874
8887
9642
10534
19201
8582
8961
9030
8446
9640
8205
9907
9236
9921
14731
11461
7934
7895
10800
9109
8143
15265
10564
15513
8914
11835
8659
8425
9423
22040
9917
18428
24800
15659
8928
9897
9090
9445
8421
23163
8303
8927
9095
9461
8556
8061
7771
10208
8431
9884
12448
12969
10158
8087
8133
7942
8477
8121
9256
7647
7551
7979
8737
9456
19127
16776
8716
9646
9070
7772
7929
8161
10011
7992
8977
7661
8152
9277
18603
70253
15324
9451
7728
11212
7912
7974
7949
9037
11363
15267
10793
10285
8774
8722
9002
8555
9992
8317
8192
8713
9164
9904
8789
7616
7996
7627
8502
9365
8857
7908
8082
7954
9025
7758
9056
8228
8519
8143
8234
8112
8012
8019
8071
8270
7938
7543
10190
11585
15884
9567
10939
9500
8646
8967
8655
8951
8605
8364
8201
7504
8416
7802
7610
7518
8617
7578
8276
7497
8155
8000
8056
9186
8903
7414
9326
7508
7744
7932
7781
8405
8168
8862
9819
8399
8588
10067
16048
8697
9516
8311
9297
9328
7640
9245
7472
9085
9183
8768
8695
8078
8804
8235
7963
8687
8362
7592
8459
9021
9620
9104
17228
10241
9153
8271
8683
7831
9364
8812
8092
9630
8060
8623
8443
9635
14539
12454
9158
8245
14952
9540
8444
10530
15966
10262
9241
16032
10425
16162
10854
7989
9438
8394
13496
10258
12769
16009
9122
7984
8534
9969
7790
7838
9536
8835
8189
7387
7954
7999
8389
8466
24160
7978
8546
7589
8605
9309
8393
15501
14646
10103
8598
11013
8653
8556
15880
9982
14743
11210
9720
7961
8747
14201
9545
18666
7646
12225
8757
9526
14251
15533
11833
14583
8598
10175
10574
15358
9008
7986
14510
8205
8075
8108
7934
8454
8680
10046
9275
9507
13257
13406
9587
8674
9315
9229
9091
8180
12059
8419
8494
10686
17772
9612
8276
11146
8849
8430
9817
9875
14887
12390
15282
7955
8456
8161
7577
8582
7712
9005
12707
14871
10718
8725
8639
8692
9271
9084
8318
8197
8958
8595
8414
8200
8809
7605
8414
8635
8903
8265
14678
18212
8410
9218
8464
8399
9177
13353
18536
8833
8824
10565
8817
7680
13369
9403
14379
11343
8384
9435
9260
12266
7739
7962
8444
8178
8054
7558
8211
8348
8102
9321
7625
96514
10148
14165
11766
8375
8886
8425
8633
7755
11627
7914
9781
8133
9867
9032
10543
7745
8206
8342
8664
8398
8463
9426
7866
8681
8344
7772
9066
7850
8969
7846
8329
8176
7823
8037
8251
8918
9379
8622
7781
9009
8907
9864
10620
17792
11707
8396
14896
9702
15177
8764
9822
7977
8573
9240
8559
9604
7779
8085
8933
7923
8110
8105
7898
8776
14250
9910
15082
14175
8199
9205
8757
9197
9635
8235
11025
15570
13419
8829
10018
8699
8333
8994
8171
9489
8214
9874
10476
19353
9683
8772
7774
7907
8226
7753
7688
8274
8070
9542
9058
9495
7634
7604
7871
8386
7835
8611
11649
9919
13627
11797
9065
8650
7961
11609
8409
8560
7800
8432
8765
7841
8784
8102
7358
7723
8662
7725
8841
8876
9905
8584
15779
15358
9509
9237
7659
7683
8796
8994
13414
15513
10482
8245
9245
7700
7880
9066
8769
8575
8665
8656
7575
8365
8256
9255
9646
8081
9247
10885
18025
10907
9317
9043
9169
8908
10308
9358
9560
14251
10391
7764
9124
9840
8174
7926
9046
8947
8615
9281
8383
8299
7698
13616
13224
12753
10310
7834
9693
8055
12443
8250
8325
8254
8638
11053
15531
13492
9443
8812
8127
8999
7808
9489
8933
7809
8171
8545
8081
8302
7837
8371
7780
7605
7693
7625
8168
7866
12504
15329
13858
8452
7596
8584
9238
12184
7571
8253
8752
10874
10112
14364
9951
9075
8113
15004
7728
8098
8517
7486
8904
9666
8617
10987
15396
9026
8168
9563
8032
8908
8371
8384
9195
8400
9191
7430
8651
9310
9173
9103
9225
10969
14240
10641
10412
8769
9121
8092
10102
7572
8810
8512
7677
8457
8717
8302
8728
8306
7772
7805
9117
8500
7986
8773
10555
15501
13210
9603
8284
8875
7540
8637
7955
123938
17519
9743
9374
9010
9184
8002
8599
10558
10250
15416
10536
8441
8072
8213
8483
9144
12638
8075
9558
9221
8444
8829
8956
8434
7849
7810
8369
8900
9377
9742
14221
16117
7991
8868
9073
7848
9456
8516
11008
16214
8976
9342
9862
9646
8415
8172
8835
7693
7974
7646
7966
8294
8026
8743
7600
9000
8616
8947
8955
7459
7590
7777
7640
8519
14014
11510
13292
9968
9881
8422
8056
13468
7897
7504
8359
8813
9311
10414
8850
14584
10358
9482
9891
8374
7904
9674
8897
7898
8377
8914
8963
8179
7903
7964
7346
9492
8493
8524
10507
11016
17836
8273
14506
9820
11175
15790
9480
9368
8049
8547
9168
8256
8045
12181
7954
8102
8154
10493
10680
15369
13782
9061
7630
8591
8332
7905
7696
7810
8881
7973
8706
7658
8948
10422
10678
15587
9610
7778
7933
8379
10422
7852
8594
8178
8213
8698
9489
7795
8519
8549
8194
7768
8282
8177
7753
7542
12955
11446
19093
9522
7738
12082
8055
12784
13676
12479
10970
9184
8208
8171
9207
8496
7916
8409
7997
7748
7629
8748
8211
8323
7765
14919
15676
9407
10577
8407
8944
9490
15987
16338
8568
9019
9646
8600
9278
10641
8447
9000
9310
9250
11035
17466
12117
7932
8241
8656
9059
7927
9227
8292
10007
9820
16383
11894
9421
9305
9005
8886
7590
9189
9031
9982
8607
8340
9880
14663
11244
9670
9111
9328
10086
9343
7526
14703
8011
7566
8357
8440
8071
7451
8643
9621
7610
8574
8865
7715
9133
8552
10220
18542
10781
11531
8533
8394
8516
8436
9926
9589
19461
8497
8410
9313
7901
9276
7979
7789
8382
8640
9400
7928
8520
8293
7878
9178
7897
7690
9297
9353
9176
10485
14215
10937
9508
8852
8574
8299
8533
8877
8239
8115
9377
106873
10439
8208
11808
8530
8914
9092
8247
7702
8410
9323
8526
8178
8416
8923
10492
19296
12466
8329
8785
9128
9111
8538
8189
9051
7731
8601
8706
8708
9338
8043
8255
8265
10261
11881
14828
9158
7985
8999
8226
9521
8817
7875
8986
9435
9361
7555
18315
13208
10082
8394
9181
7712
7446
9001
7826
8142
9466
9201
8353
8248
9182
9021
7990
7660
23512
9810
9341
8938
7697
9570
8682
19440
13219
8313
8739
7858
7852
8209
13956
7933
8427
7581
8550
8594
9733
8189
10764
15303
9961
7790
8616
9598
8421
8094
8235
8441
8396
9173
8022
21609
11852
8957
9759
8897
8076
9598
8114
7758
7784
8112
8461
7706
8584
12453
8148
7849
9721
9694
13313
14904
12762
9597
10672
10830
14687
10332
8153
11025
9029
8018
9046
9030
8924
9386
8970
11021
14270
10707
9343
8959
9699
7938
9215
7745
9033
8407
9025
8453
7805
8759
9872
9358
15303
11964
9403
9000
8046
7936
9003
8076
8812
9153
7650
9277
7703
7780
8183
7570
7598
8466
14817
19130
10670
8753
8647
8261
8828
9691
7940
7572
9017
8414
8828
8557
8784
8491
10739
14793
12923
7898
8280
8984
8441
7776
11241
13538
15367
8777
8805
9088
9471
8973
12769
7749
8050
9314
7642
9447
10630
8232
14313
10010
9951
7894
8144
8760
8680
7589
8204
8703
9445
8232
9810
7758
8416
7932
8227
8307
8537
8338
12450
8302
8937
18072
9176
9769
7984
11905
8218
7523
8393
8061
8835
9153
8257
7758
8415
9888
9368
15676
12853
9753
8659
8604
8456
9200
8229
9177
9233
9012
12178
16852
9814
8901
9349
8590
7801
8251
8866
7751
8103
8273
7551
7724
8138
9168
7784
8454
10024
10444
14171
11251
9918
8576
7849
8445
8022
12290
7701
8296
9184
135077
8220
7626
8858
7932
9045
9212
9702
11111
9324
17417
10159
8680
8510
9652
8899
7702
13398
8637
8776
8784
7523
9075
8734
9011
8163
8867
8446
8576
9204
9592
10844
15727
11545
9127
8476
8161
8921
9189
8084
8085
8702
8356
7923
8217
9076
7551
16945
13523
11490
9548
8509
7754
8798
11388
9035
9215
9460
9973
18245
9841
12120
8705
10194
11004
14998
9623
8159
14053
7692
9286
9338
8362
9466
7885
11299
16799
9664
9795
9595
8461
7739
8374
9299
8739
8083
9384
8905
7445
9017
8024
8499
11133
9061
14221
12502
8615
8479
9420
8840
9371
8646
7336
7892
8406
8286
8634
8391
8534
7482
9102
7764
7770
8257
15183
18676
8520
9403
7705
8035
9015
10521
9856
8355
10077
14945
12590
10137
11124
9141
8003
7789
7756
8809
8281
8805
11297
12830
14647
8037
9398
8998
8229
8415
7598
8006
8667
8543
7927
7610
8316
7322
8547
8418
7982
8215
7870
8115
9629
10314
8239
8410
7999
8054
8682
8302
10339
10036
15687
10287
8574
11441
7597
7902
8179
8455
8479
8582
8042
8511
9275
7843
17290
15946
8979
9641
8287
8340
9679
22355
10130
9315
14384
10252
16001
9861
8738
9089
8156
14240
8182
8292
7803
11730
15262
10061
11074
8170
9015
8037
11041
8314
8782
7960
8456
8466
7959
8271
8758
7534
8807
7755
10042
12427
19076
9509
8388
7992
8400
8456
9558
8417
8920
8307
9705
10677
14383
10286
9257
8537
8020
8529
7885
8606
9642
10998
8456
9618
7851
8276
9783
8710
10246
13074
13543
9543
7991
8017
9234
7773
9178
8547
8061
9274
7617
8148
8572
8643
8784
7642
8016
8018
8836
9780
10697
13968
12287
8594
8712
9115
7680
7631
8932
9353
9376
8878
8082
8687
14364
15791
8620
8309
109979
13198
9743
9365
7434
8567
8540
8483
7728
8245
8267
8633
9141
8185
8092
9476
10128
13569
8590
8945
8605
8262
9600
7989
7558
7941
8345
8256
8655
7975
7650
8205
8220
9378
9277
7586
8558
8434
9285
8715
18497
11134
8418
7880
9739
8381
8802
10042
7803
7936
7637
8350
8964
8372
8907
7586
8898
8395
7822
9660
8821
8821
11958
15444
10131
9877
8996
8794
8726
8402
10830
9684
8288
17641
8800
9410
8206
8216
8526
7834
10810
14915
10005
8880
9663
8287
23451
8768
7806
8769
8925
9262
10907
7846
11202
13432
11205
9305
9206
8194
8098
9371
7773
8517
7756
8332
8138
15615
17538
10776
9405
8176
9048
8496
16020
13994
8230
9544
8605
9080
7993
8273
9676
10994
9422
9488
10875
15744
10172
10323
7903
8019
8021
8441
8141
11203
8767
8911
7781
8436
8082
10407
10206
15175
9619
8547
8410
9153
9033
7882
9072
9071
7953
8994
8617
9111
7468
7875
7589
7621
8859
7846
7607
8445
9130
8094
7931
8841
9299
9144
8080
9897
10948
18025
8750
9357
8391
9027
15410
15865
10284
9542
8712
8320
8455
11888
9272
10879
13930
11300
7870
7925
7900
8692
9266
8408
8967
10080
7859
7724
8428
8159
7792
13952
10176
12745
8592
13541
9076
9452
12711
9866
10254
9230
18279
9553
7827
12545
9302
8426
8952
10230
16179
9444
9603
8703
9128
8597
7874
8709
9097
9401
8714
8475
8309
7635
8258
7592
8611
8208
7644
9130
7548
8112
9182
9312
10825
10482
14142
8858
9116
11694
9770
9285
7623
8946
10143
10247
14812
13630
9280
8392
8546
8687
9110
8731
7657
8663
8075
9386
8167
9780
9723
17169
11526
8384
9613
9654
8348
8477
7461
9179
10174
9646
15826
11903
8585
7946
8507
8158
8298
8813
83061
14890
9836
7981
8956
8883
8197
7791
8725
7744
9023
7590
8664
9046
7932
8998
9628
14538
9958
9902
9045
9140
9025
11651
7593
8656
7837
8401
8133
8994
7572
7630
7490
8216
9246
10102
18400
11874
7804
8396
9099
7926
9299
7833
7757
8202
7702
9189
8023
8011
7729
8882
8903
8841
9678
11692
14711
10281
8975
8614
9121
7920
8502
8947
9711
8064
8261
8041
8305
8337
8293
8835
7998
7933
8787
8820
8010
8353
8158
9131
7682
8021
9210
9868
10427
15092
13625
9989
7933
7597
8755
9185
8482
8464
7906
8451
8235
8482
7664
7674
9094
9205
10104
15584
9308
9296
8016
8233
8961
9023
7745
7827
9282
8913
7733
8585
8072
8719
10363
9319
10033
9362
9516
18394
9838
8474
8111
9577
9094
9023
8358
7993
7960
9435
9532
10042
7983
15092
11071
9529
11383
8896
8183
8490
7657
8517
8860
13538
16401
8499
8087
11900
9065
8597
11330
8075
9098
8379
10001
15754
10254
14317
7574
8766
7782
9148
7649
8379
9297
8529
8813
9056
8408
10522
18863
11044
10043
8145
8138
7884
9395
7646
14774
14659
7910
10539
8202
8399
7952
9645
8301
8569
9251
8219
8612
8210
8194
8944
8788
7830
10789
10235
15203
12705
9326
7454
8194
8471
8107
8252
7378
8590
7671
8789
7696
10138
8928
9520
8800
9511
16117
9611
8074
8491
8622
9430
8545
9508
8815
7552
9128
7589
8225
8197
9200
7985
8170
8822
7494
8223
7644
8362
7535
8005
8333
7615
8588
8108
8653
9128
17555
14926
7830
8903
8401
9949
8599
16328
17948
7817
10763
8405
8183
8158
23174
11363
8396
8144
8527
9610
7762
12512
8364
10235
9220
9679
14522
10260
14522
10366
9415
8837
10209
15086
10676
9980
9138
7560
9035
7584
7642
8015
148041
13347
10984
7632
8139
8401
9237
9107
9178
8794
9196
7950
7743
8684
8131
7994
8826
15301
11536
8357
7411
8579
10406
9242
8174
7957
8739
8155
8492
8127
8205
9183
8126
7842
8659
7589
7979
7917
8246
8815
8353
8589
8578
8448
8870
8098
8353
7945
9798
8964
11379
12348
13432
8137
9501
9556
8263
9469
8564
7773
8311
8579
10755
10401
14549
12025
8665
8352
8151
7998
8254
8902
9345
8287
7526
8192
8664
8714
8480
11408
9228
10441
15700
10463
9659
8676
11950
7789
7623
8433
8738
9806
9204
9912
15117
9073
8703
9250
8133
8774
8639
8271
8593
9374
9380
8800
8593
7988
8792
8179
8475
8164
8047
9194
9000
18899
9095
11068
8039
8520
7958
8405
7899
7889
8194
9137
9128
8528
7828
9407
9128
10934
15453
11567
7897
8195
10738
8009
7590
8276
11102
8797
7524
9097
9971
8732
11820
15615
8323
8763
8663
8415
8487
7936
14215
9786
9639
15111
10690
7934
8199
14821
8946
7540
8867
9637
11209
18507
17741
15834
10205
15888
8811
10712
10163
15202
9003
8637
10564
9487
8017
8056
8344
9006
8341
8050
8705
7822
9060
9141
8299
7819
7646
8762
8338
8914
7523
9507
7835
9270
10001
13179
13015
8776
9663
8517
8720
8288
8256
7694
11084
8641
8174
8497
8166
8543
7917
8588
7822
8175
7793
8415
9581
8441
9205
10020
15228
9791
7984
8718
9383
8423
7576
8604
7968
8061
8025
9759
7623
9003
7969
7973
8978
10347
8304
8190
10213
9059
9809
16368
10630
8348
8811
8251
8614
8799
8657
8446
7571
8634
8114
8708
8087
7759
17973
17039
7867
9082
9155
9279
9378
17910
13516
9233
11261
9203
7595
8542
13635
9883
14912
10030
8403
8629
7912
12856
8695
8371
7794
7894
7971
7598
134317
8125
9508
9094
7630
9221
8772
10364
10530
16171
9024
8838
9497
8512
9097
9126
7749
9714
15824
10881
8956
8069
8002
9033
8003
8792
8595
8704
8366
7952
8354
7641
8784
7734
9209
8669
7765
8273
7819
8056
8757
9248
8594
8125
12712
11868
17041
9708
8212
8225
8987
14104
14969
9412
8801
8631
8839
9018
11130
7577
8733
7688
9310
8506
8005
8769
8974
7814
8227
8958
8071
7664
7832
9107
8345
10319
10636
14415
11736
22524
14261
8425
7749
9014
9070
8841
9761
8243
8772
8232
8966
7702
8975
8578
7915
7440
8532
7675
7805
8543
7916
9339
8030
11228
18763
10525
7983
9170
8800
8748
8246
9446
8558
8981
9461
9274
15592
10855
8431
8133
8442
8955
9368
8364
8896
8378
9002
8963
8391
8244
8172
7812
8943
9263
8174
7545
8898
9305
7602
10555
14119
13546
7802
9826
9042
8755
7759
8829
7697
7961
8582
9239
8087
8665
15644
13923
10752
9479
7786
9506
9306
11819
8044
8776
9244
8826
10201
18503
15432
10881
11464
8833
12938
8907
9856
10860
7612
7901
7804
7581
8938
8477
9401
8105
7743
8796
9621
7878
8175
8171
9358
9010
9652
20646
9585
8394
8042
8440
7901
8259
8198
8219
8900
11192
8230
9820
9880
16519
11132
9174
9417
7589
8848
7759
8208
8458
7950
7583
7997
8548
9026
8995
9124
9105
7989
7755
7432
8252
8388
8596
8242
8153
7778
7970
7814
8622
8257
8889
8809
11045
17135
10830
7989
9241
9045
8290
14446
15962
10184
8040
8010
8098
7867
10575
8094
8148
7980
8508
9229
7826
8755
8198
9003
8764
17691
13702
9736
8816
9042
8660
7619
10625
8988
8376
7979
7636
9088
7757
7861
8318
8686
10406
11074
15419
9385
9429
9169
8026
9419
8785
7984
8803
141189
10216
19048
9401
8666
9419
7900
9132
9352
8701
8591
7745
7612
10374
11176
11929
13009
11307
15566
10664
8888
7671
8478
7895
8119
8265
8416
8107
9281
7736
8042
9185
7769
17292
15101
10069
9285
8941
7994
8178
8398
8068
7988
9799
8539
8979
8010
8205
7894
10245
9011
11316
14593
8920
7784
9488
7982
9010
10970
8008
8418
9260
9179
8214
8764
9276
9181
8386
9878
9431
18859
7789
9684
8494
9022
9214
8593
8722
10245
10543
15306
9214
8555
8185
10457
9322
8974
7635
7662
8484
8564
8546
9037
8810
9097
8076
8576
7833
8223
7872
9087
9239
10494
15715
10463
9451
8295
10416
8936
8195
8333
8191
8298
8407
7395
8554
7600
8768
8040
8268
7751
7707
8453
7973
8386
7767
8066
8329
7589
8567
8453
8205
8254
8834
9197
9179
9870
15182
11762
9983
8276
8495
8708
8251
9241
8666
8383
17515
16269
9976
9156
8032
8566
8041
20268
11661
8132
8230
8192
8473
7977
10422
9209
8275
8659
9261
8794
8808
8410
8364
8806
9627
9267
15696
11749
8971
9297
7351
8671
15869
8351
8615
8074
8753
8753
8156
9607
9244
8354
9034
7651
8303
7577
8455
9428
8832
14338
17035
9379
8978
8375
9496
9899
13974
15467
9079
8081
9051
8327
9230
12104
8398
8473
9041
9671
9454
16314
13981
7848
8182
7820
8605
9082
8775
7802
8458
8900
7984
8861
7576
9238
9245
9133
8619
9189
18225
9145
9493
8271
8292
8071
8962
7630
8296
8915
8579
7987
7451
7732
8405
8819
8155
7595
9377
7620
8292
9214
7913
8184
8358
8179
8494
8845
11050
21102
8067
10022
8339
9467
8817
8178
19810
10292
8815
9528
9046
9183
8738
17850
14380
8282
9607
9261
8676
8153
15602
15386
11240
7954
9868
8583
8562
112669
11258
12035
8474
7964
10757
11061
17517
9352
9744
9201
7659
8885
8316
8657
7976
8617
9707
9673
9823
12959
13977
8477
7992
8391
8413
8129
9012
9459
9414
8215
9440
7528
8784
8619
8454
10495
9295
18456
11774
8716
9230
9114
8020
7939
8367
7936
8420
8502
8097
10459
14651
11826
8367
8459
9481
9458
8044
13975
10124
10558
8520
15853
9788
8130
11888
7815
7516
8527
8490
8088
9159
9155
7896
8679
7653
8285
7682
7594
8754
8144
8416
8243
9397
9656
8853
13909
14307
8918
8692
8931
8284
7944
12515
9391
8092
8866
10197
18696
10134
10704
8775
8733
10339
11035
15549
9690
12355
7662
7998
9379
8580
7912
8356
8319
7855
8186
8364
8130
7984
8298
7903
7758
8061
7849
8876
7996
7582
8407
8559
8849
7557
8706
7642
7896
9043
13492
15846
9367
8254
9961
8456
8067
14879
9702
16523
11352
8410
8834
7681
9097
9428
8655
7749
8556
8389
8556
8948
9015
8164
8341
14785
17911
8457
8461
8510
9008
9245
18820
13045
9058
8423
8931
9339
8867
15241
9882
12709
12150
9739
8745
8990
11083
9173
7471
8874
8535
10646
16550
14196
8698
7451
8632
8385
8409
8268
8690
8434
8617
10117
10100
9661
17354
10333
9353
8590
9007
8071
8321
8066
8388
7920
8758
7852
8043
8014
8281
10121
8013
7569
8187
10688
15281
11224
12892
7796
8408
8641
8035
8496
8979
8403
8510
8720
10140
11230
15423
9012
8676
8668
8687
8786
9353
8281
7938
8144
8041
8369
8023
9350
8722
8138
8548
8809
7945
9016
9912
10468
15066
11495
9259
9029
8709
8471
7616
8628
8530
10953
9850
18581
10603
8661
9538
8325
9511
8656
8093
7640
8349
8217
8805
7593
10055
10831
15805
13142
7931
8825
8952
9003
7692
9430
121646
15006
9738
9179
9170
8277
9375
7789
8911
8071
9058
7525
7713
9047
7565
9348
8303
8994
8520
7800
7864
9353
7950
10512
10403
15195
14498
8161
7761
7840
8594
7572
7626
11397
8592
9083
9877
10895
14962
11731
11359
9409
7608
8552
8394
7877
8789
9200
8433
8410
9490
19163
10202
9010
8851
7729
7953
9247
15984
19036
10153
9394
9118
8830
8555
20242
11371
9310
8230
8682
8875
7769
11414
8297
7449
9205
8246
9762
8997
9958
16215
8774
8635
8384
8842
9471
8384
9298
8215
8071
8723
8030
7861
8164
8013
7560
8963
7959
8611
11545
9392
11238
14511
11149
8763
7789
9105
10894
8488
8553
9103
9102
8198
8178
8366
8170
7820
10049
10269
12899
15708
8616
8934
8716
9737
8608
7869
8399
7532
8414
9360
10374
9528
15351
10640
9181
8424
8634
9520
9058
9063
9346
7771
7794
8343
8189
8922
8588
8051
7759
7815
8068
8174
7943
8797
7704
7681
7625
9282
7723
8740
15659
14506
11364
8610
7935
8227
9148
15893
15752
9256
8573
8703
9402
8830
10828
8177
8818
8153
7651
7913
8905
8364
7905
8603
7617
8578
9918
10805
11328
16317
8257
8805
8127
11098
9063
8070
7486
8554
7713
9010
9046
9744
19137
10041
8217
9066
8726
9355
9354
11876
10716
15023
10270
16636
11246
9195
9337
8401
7524
9602
8970
7725
9429
8769
7750
8112
12461
18490
9965
8333
11883
8237
8118
8751
7585
8758
8358
8159
7873
9041
9538
9533
17653
10946
8290
8312
8657
9061
9394
9513
8929
7892
8921
8746
8650
8998
10090
14674
9278
8232
9320
8418
7853
9718
8910
8323
9054
7614
7771
8615
8502
7781
8663
9118
8456
7723
8399
8254
7786
8084
8250
9076
9328
7636
20726
9530
8696
7899
10056
7871
9748
114165
9056
9652
8261
7692
8866
8224
8177
9401
8451
7796
8056
8362
8811
7665
10281
16980
8308
9155
8837
8797
10595
10708
15092
9858
8815
8133
7954
8030
9094
8804
8984
8389
15558
14806
11840
7978
8776
9249
8661
9708
8380
8217
8274
7906
8370
7417
7997
8779
8129
9032
9703
7953
8464
8476
8379
8185
7512
8543
8414
7567
8495
7869
11141
16398
10841
9779
7799
8713
8674
8953
8789
9651
7966
8040
8615
8353
7689
7748
7994
8544
7575
9189
9057
8338
9413
8443
9687
14643
14809
8980
9443
9128
7731
8153
7974
7646
8129
8844
9033
7935
8064
7553
9021
8318
8717
8011
8248
8374
10505
10846
14726
15258
7714
8577
8230
9361
9441
10249
12531
14298
8020
11399
8071
9523
7800
8195
11126
8833
7891
8410
10303
9646
13275
12756
8981
10233
8616
7606
8663
9613
9066
7487
8594
7526
8839
7655
9218
8818
7594
14473
18527
8741
8207
8997
8676
9280
8807
10112
9237
8337
11022
13596
10282
9782
9106
8349
7958
8753
8435
8178
8462
8094
7723
9251
9128
8251
7852
8887
7714
9037
8608
8474
7845
7743
9937
10589
13953
13344
8466
8849
8071
8574
7649
7938
7625
7511
8585
8353
7810
8452
19931
13550
8037
9339
8890
9220
7991
9676
8993
8559
8100
8703
7600
8196
7794
7450
8324
16090
13569
14680
8103
8498
9375
8445
12826
10739
15907
8975
10601
8312
8609
8164
9098
7822
9462
9141
9251
7793
21260
11675
10019
8029
7635
8520
8675
16997
14358
9367
9148
8935
8778
9110
14039
8832
12142
17256
9435
7990
8808
19864
14220
7757
8000
8578
9397
7784
16937
15983
11345
9342
9344
9667
8007
10702
7749
7694
7920
9039
8928
7978
8379
7857
9154
9955
10723
16458
9356
9020
9133
8073
9107
118016
9687
9241
8785
10021
14967
11648
8797
8173
9617
9437
8965
7777
8094
8595
9362
7862
8904
8506
8533
8964
9155
8178
8852
8066
8940
9798
10200
11427
14235
10193
8190
8443
15102
8063
10319
13337
16796
7744
7973
17214
15043
12138
8751
8761
7575
8305
10133
8819
9280
8741
9492
9421
8619
9579
15898
10767
8955
12115
9388
8433
7595
7611
9015
7931
17538
13504
8460
9626
8194
9431
8022
12778
10685
9530
16432
10101
8580
9168
12174
9645
8967
8737
9680
18531
9441
13311
7653
8066
8375
9068
9962
9025
14560
12456
8415
9183
9502
8963
9242
9219
8372
7439
7712
9315
8946
9650
8948
9614
15717
11066
8243
9607
8882
7978
7814
7732
8984
8875
8558
8393
9760
8903
8858
7938
8879
7810
8596
8194
7647
8718
8181
9948
11461
14677
8461
9017
7528
10633
8409
8298
8587
8820
8910
8763
8138
9063
8637
8994
7586
7992
8213
8105
8196
8794
11049
9270
17833
10156
8831
8158
8441
9481
8730
14106
14538
11477
9803
8553
8280
8022
8440
8875
8374
9401
9109
8259
8769
8979
8966
10284
12735
13770
7980
10251
9142
8699
8257
8725
16445
15765
8654
10773
8507
8624
9157
11041
9300
8625
9013
10795
11497
16027
15708
10471
14940
8380
11941
10275
7838
8150
7887
7769
8708
7991
7748
7709
9394
7756
10047
7634
7720
8498
8635
8577
9148
8226
7810
8181
8616
10172
9335
10016
8353
14665
9995
10466
9289
9025
8540
8805
8616
9070
8293
10318
11058
14840
10011
9697
8725
9589
8493
7446
9197
7485
9147
7970
9369
8179
8603
8840
8241
9117
11298
17184
10239
8434
8725
7660
8516
9443
8941
8680
8516
8466
7523
9066
8837
8915
9548
9317
10097
18457
9584
8109
9851
8154
8093
8934
9461
8814
8151
98998
14924
9225
8041
7766
8438
8380
9148
9091
9075
8943
7653
8346
7898
7808
8912
7936
9846
8015
9453
7831
8136
8261
8018
8331
8145
9564
7683
8187
7765
11586
7640
8802
8832
8136
10040
8946
9925
12794
11384
11102
8217
9435
8209
8943
8605
7473
8084
8776
8216
8811
8073
8497
8120
8056
10405
7994
8183
7880
7771
8005
7671
9447
10030
18235
12770
9109
8401
7928
8262
8547
7635
7779
8596
8588
8939
10964
15011
11484
7532
10435
8656
8054
9337
8673
9044
8133
8583
8247
8425
7682
9190
8975
7507
9479
8788
9298
8682
10155
16365
7893
8655
9202
9651
8061
8384
8096
7808
9405
8784
7849
8368
9923
7690
7814
8437
8475
8451
9165
20200
8559
9114
8476
7969
9099
8393
18369
17511
8277
8705
9450
9130
7917
17914
14479
7771
8512
9767
8126
9273
14424
9310
10492
9217
14916
9779
9687
11959
8345
8607
8075
8499
9129
7711
8490
8778
8184
8765
10199
15430
11656
9412
9271
7639
7922
8851
9061
8588
8695
8271
8626
9020
8748
9851
10096
19005
11015
9047
9192
7745
7871
9238
8263
11226
8933
9840
15833
8786
10099
9149
8398
7869
8911
8748
8170
7778
7892
9010
8486
8153
9323
8829
7632
7953
8141
8050
7753
7561
7809
9087
8093
8862
9279
9199
11830
16327
8722
8167
9403
7630
9371
8290
8949
7791
7811
14748
9712
14404
11410
8377
8398
8010
14316
8607
9571
9309
9245
14205
15364
9019
8896
8736
9199
9717
10246
9832
13740
15048
9605
9539
9055
8524
8026
18560
11764
9725
9101
9485
8894
7700
8934
8046
8302
8023
7974
8093
7683
8784
8813
9271
9913
8721
13948
11866
9967
9172
8975
8445
10224
9132
8353
7803
8562
8186
7666
8163
7976
7679
8875
8092
8008
8382
144382
16332
12720
9156
8227
8113
9550
8343
9093
10237
15887
9056
9129
9331
8719
9641
8030
9060
10194
10281
8153
8629
8816
8886
8443
8108
9444
9730
12830
12661
9867
8355
8029
9586
9130
9173
8941
8635
8557
8495
8919
7487
8049
9285
8813
10456
11574
17540
8079
8579
9425
8740
9234
8994
7471
8213
7994
9058
7912
9552
8671
10974
15087
10898
9109
9388
8465
7985
8933
7806
7810
7651
9479
7502
8416
7599
8339
8307
7745
7771
8799
8557
8150
10298
9535
10143
11134
16015
9964
9264
7965
8023
7778
8785
8551
7478
9605
8441
8434
7657
7661
8055
7783
8683
7926
8316
8005
9115
8958
8433
8353
7575
8013
7801
8576
8193
8003
8107
8374
8776
9040
10194
8783
10554
15479
8679
7973
10183
7875
8964
9175
8490
9020
8182
8199
8203
8726
8899
8647
7632
9630
8819
7964
9510
9549
15215
14227
11347
8638
8786
7625
8382
8014
8024
7887
8464
7805
7915
8487
8091
7802
7890
8276
7962
8693
8093
8728
9091
7657
10042
9369
15682
13199
9186
7694
8918
8695
8020
7950
9561
8676
8582
8340
20522
9238
8755
9408
9244
8038
8583
9367
7821
7756
9227
7664
8453
8434
9253
8146
7687
8312
18549
12483
7734
7983
10703
8636
7908
14114
8183
8205
10308
10617
17017
10964
14989
10616
15509
11025
8096
8626
7743
20087
13901
9619
13836
8204
8994
8424
7781
8647
7946
8605
8353
8480
7752
7997
7744
7865
8603
7813
7614
8118
9547
7971
8393
10247
10887
15166
10426
9495
9581
7748
8538
8289
7553
8615
8624
9251
7807
8771
8398
7949
8292
8707
8400
8670
8707
9858
12830
13738
10666
8934
8799
8228
10748
8333
7871
8659
9060
7607
9219
7925
10746
10143
17928
9621
7947
8035
8612
8026
10122
163358
15593
10215
8701
9418
9149
9175
7966
8639
7545
8552
8660
9412
9210
9315
9350
9600
12301
8984
8600
8936
8781
9233
8179
8497
7655
9199
9316
8691
10092
16210
12230
8569
9268
9543
8813
7996
9492
7568
8800
8699
8238
7836
7612
8846
7938
8267
11353
18317
8574
8070
12173
8714
7792
8556
8322
10234
10590
14987
11088
8206
9098
8459
7997
8225
8465
8215
8125
9246
9218
8718
8175
9738
8878
7499
8702
7655
8223
8794
8618
7556
8364
7790
8605
7676
8056
8469
8938
8452
9273
10764
15624
9918
8454
8410
8644
8259
7919
8046
9364
7466
8479
9093
8014
8207
9419
8571
7889
8907
7799
9285
10425
10662
12074
12584
15780
7952
8390
8103
7590
8084
8586
7940
8018
8291
8631
17387
14144
8334
11330
8474
8075
9317
19681
11578
9048
8410
8697
8384
9234
12358
8021
9036
9789
8763
13476
13216
11379
9157
8153
7773
8333
8169
7700
7799
9110
7906
8143
8282
9093
8787
9093
9575
9456
9905
14300
10592
8263
10249
8196
8892
8123
8914
8358
8191
13787
9600
9752
18086
9698
9154
9417
12733
10584
16323
9270
8495
10702
8839
10280
9280
7451
8615
9782
8753
10672
14337
11036
8629
9200
8005
9676
7944
7883
8246
8311
9563
10143
7746
8354
7561
9044
8246
8150
8764
9917
9405
15815
9940
9099
8523
7909
9132
8997
8249
8712
7620
8488
8574
7805
8295
8159
14313
8592
8630
14971
11197
7803
9236
11158
9002
8738
9014
8457
8600
7660
7687
8440
9200
8566
17286
15165
8613
9220
8743
8476
7927
19083
12474
7578
8694
9261
9497
9533
16827
15712
10427
9025
8986
9313
9237
11862
11246
15435
8716
11085
8800
8542
10785
10317
8235
8828
9564
9223
12594
13256
10725
7540
9010
9456
9288
8146
123753
13507
11570
8635
8845
9126
8189
8577
8553
10979
8917
13011
15109
10879
8294
9352
10469
11892
9063
9278
7982
8912
8280
9156
7610
7520
8833
8822
8362
8235
17573
17431
8596
9056
7733
10138
9323
13447
13808
10040
7668
9302
8557
9842
11815
7652
8507
9281
7733
9138
8179
8304
7895
7676
8162
8456
8892
8050
8641
11488
14456
11930
8674
9684
8719
8730
8201
7661
8201
8307
9558
8177
12112
9751
15431
12373
9390
9753
10119
27037
10357
15051
10083
9947
10492
15064
8732
8395
10225
9343
7852
8987
8089
17885
14323
9345
9079
8086
9767
9475
8256
9095
8924
12292
16902
9436
8656
9117
8959
9864
15854
10068
9717
9302
23388
9435
8170
8371
10424
9478
8056
16723
8784
9193
9554
8013
8810
9087
8683
8061
7623
8555
8018
9165
7912
8355
8386
7693
8437
9327
9128
7762
7801
8998
8411
9788
9347
10062
17779
13374
8718
8731
9584
7960
9964
14567
17052
8651
8616
8825
7605
7792
7833
8373
8256
8748
7854
7815
7728
9030
7566
8796
8316
8696
8220
8400
7687
8037
8875
8969
9942
10071
15621
9969
8331
9315
7933
8664
9308
8887
8815
8595
8907
7530
7723
8558
8613
7979
8222
8010
7520
8415
9333
22092
8381
8025
9020
8629
8823
8373
13956
8536
9378
8852
10035
18111
8933
15343
10883
15892
9035
8174
10450
8094
11612
8564
7857
7876
8256
8234
7552
9345
8695
8560
16771
13991
9974
9220
9581
9253
7374
8373
7814
8174
8136
8507
7879
7599
9167
8015
7826
7579
10067
8126
7794
8143
9219
10881
14129
11605
10032
8073
7532
9274
8119
8820
9143
8578
8171
9676
10861
17833
10386
8523
7747
9166
8533
9420
8146
8986
7773
8231
8353
7731
8069
8955
7600
7803
7566
7758
8806
8835
87305
10126
9889
8426
8373
8188
9587
8093
8151
13672
15646
9370
9678
8442
8338
7955
11573
13394
8848
10595
8303
8558
7938
10928
9168
7385
9261
7820
7815
7953
15617
13350
8554
10745
8519
8715
8804
15764
10361
17554
9278
9158
8701
7926
11508
9325
8174
10451
19069
10895
9284
13170
10738
14564
8134
10615
8370
9651
9084
9057
8321
7825
8082
8176
8372
8777
7977
7564
7595
7986
9584
7874
9029
9037
8398
8276
8169
8791
7857
8384
7885
7471
8656
8053
11235
12183
15552
8110
8000
8420
8807
9244
7942
7462
8600
7953
9433
9627
8985
8243
7792
8420
9045
11702
15904
8851
9026
8673
8475
8871
9099
8605
8969
9012
7446
8899
8384
8669
9033
9239
8523
8964
10356
18860
10464
8960
8495
8248
7903
10234
7801
8710
7675
8261
9406
8046
9025
10288
16224
9688
14217
7999
7794
8426
8330
7647
7811
17192
13736
8501
9230
10014
8494
8977
17139
14803
9582
9457
8509
7652
7847
15160
8614
7701
7712
8304
8346
12330
9163
19059
8293
10557
7811
8641
9428
8528
8705
8545
8574
9021
11050
15769
12267
7927
8364
9302
7890
8954
8919
9373
9237
9074
9385
8638
10798
15415
11433
7649
9323
9346
7793
8034
8223
10504
7653
7782
8651
8217
8489
7928
7943
9238
7854
8194
7992
8149
8958
10098
13915
12413
8173
9620
8989
8659
8271
7676
7593
8572
8774
8461
9676
9187
8158
7479
9119
7802
9059
7880
8106
11435
10538
18258
9104
9469
8958
8794
11697
9086
10409
13279
11687
7996
7753
11593
7892
9605
7620
9914
8510
7580
9409
8094
8094
9142
19960
10967
8053
8983
8968
9401
7971
16809
15024
9438
8889
8466
7846
7894
15738
9046
8330
7972
9466
10210
17222
14106
8597
8150
9325
7953
9567
9591
117101
18343
12678
9210
7624
10276
9061
11750
14452
9818
9472
8737
9210
7872
9415
8738
11456
16983
8883
15519
16757
9008
8358
10738
9407
8112
13055
9549
10601
16004
8835
8400
8405
9194
8712
9678
8010
8943
7825
7323
9206
7652
9014
9038
12430
9356
15355
11533
10017
9276
8378
10004
8429
8644
9093
9293
11491
17635
16079
9521
10407
8899
15592
9002
9364
8205
8056
10170
8159
8500
8017
8609
8050
7985
7430
9367
8163
8463
8981
8056
7571
8095
8662
8142
8248
8678
9348
8938
8288
9185
9102
15570
9783
14806
8983
8578
9271
7615
9597
10502
17855
10681
8315
9120
8514
7674
8949
7508
7918
8517
8652
7615
9173
8102
8165
8698
7985
7995
8357
8348
8948
7666
7783
8190
7697
9148
7615
8024
7791
9354
8412
11803
17774
10986
9839
8358
13766
10235
13759
12200
8190
9240
7574
9225
9241
7994
7851
9407
8853
8123
8575
8122
7940
9260
16505
14029
8903
9488
8014
8620
8133
15307
11070
14902
10746
9256
8528
7798
13870
8159
10054
8176
9470
17978
12506
13390
8783
8183
8162
10292
15580
9788
11376
8109
8034
8502
7925
7612
9077
9164
8188
7997
8252
7791
9043
10044
16654
10317
8905
9013
7540
9461
9302
9276
8979
8995
8994
8172
8509
7668
10387
8977
13994
12852
9459
8524
9497
9632
8696
7571
8793
7994
7642
8449
7525
8933
7706
8513
7770
9011
8635
8657
8348
7879
16255
13123
10323
8583
8897
9533
8781
7491
8322
9195
9419
8359
10274
8590
10727
16990
10460
9152
8758
8984
7688
9083
9457
8914
8870
11950
16574
8397
9251
9189
7861
8818
8323
8988
8671
9233
7953
9662
8776
8581
7802
7563
9179
8976
20085
8795
8758
8857
8646
9470
9387
15803
15339
10643
10619
8006
9488
9280
104103
15474
12708
8726
7457
8796
8738
10129
9520
18537
9386
7843
9466
8490
8157
7871
7525
15660
8753
9661
8312
8191
8111
8797
7928
8414
7953
8048
9261
8226
10553
10953
9158
11038
15613
10141
9214
9885
9076
8675
9217
7627
8967
8822
8021
8362
7918
9050
7742
9866
8617
24568
8795
7389
8786
7809
8302
7602
8142
8484
8120
8153
8749
9112
8369
8499
10110
9102
10424
18705
8254
9740
9180
8139
7650
9132
8768
8435
10010
9724
14723
15743
8451
9366
7880
8119
8053
8577
7584
8296
8622
9313
8954
8457
10286
12035
15078
10139
8549
8142
7780
8785
7933
9660
8055
8783
8798
8504
7957
7673
8715
9158
9201
8809
7690
9723
8524
9123
15071
10963
9333
7812
9611
8495
9034
8352
11772
10533
9892
9221
18371
9905
9439
8005
9457
9359
7997
7825
8991
7804
8895
10422
9381
15421
10943
8898
8103
9110
8965
7830
8413
8042
8218
8081
7828
9789
8654
8155
7757
11667
9626
13782
14301
8898
9057
8266
9315
7760
9350
9040
8148
8635
7544
9066
7628
7712
8813
8625
8902
8428
8168
7589
7541
8717
8569
9986
9791
11884
13294
7984
9005
8487
8112
9057
9419
9212
8087
8183
7725
8844
8133
8592
9271
8035
15145
18339
11154
9705
8399
8421
7957
9248
11940
9509
14682
11088
8743
8611
9174
7732
9212
7702
7816
9538
8431
17001
14587
9385
9641
9755
7928
8483
7733
7769
9129
8769
15582
13415
10896
8611
10259
8995
8215
9378
8818
8035
8966
8415
9112
7835
8643
8214
7743
8846
8031
7938
9103
9619
10177
15738
9374
8216
8069
9006
9439
8502
8800
9485
8986
9064
7699
9718
8271
9115
9769
14988
13844
10012
9505
8328
8606
8281
8075
8711
8951
7603
8575
8148
8287
8530
7731
9062
144912
12813
8130
8476
8787
8316
8073
9020
9169
8065
8795
8644
8880
9378
8942
7690
8523
15048
10628
14561
8495
7912
8187
9228
10030
8935
9479
14947
10061
8731
9235
8835
7964
7901
8431
8040
9651
8370
7731
8123
7814
8558
8435
7672
8711
9436
7954
8194
8781
7764
7792
8225
7966
7620
8974
8174
8620
8846
7584
9912
9343
11211
15797
9533
7984
8358
9538
8870
9343
8024
8659
7799
7887
9233
7340
7770
8448
8291
7912
7410
8745
8038
8553
7632
7972
7791
7462
8796
7902
8730
7587
8390
9438
8341
9005
7670
7894
8266
17465
16549
7943
8910
8907
8474
9302
21082
9656
10037
9180
8100
8496
9362
15424
10383
14158
10693
9635
8393
8203
16860
11269
13924
10272
9258
8403
8289
8822
8999
9073
9165
10666
19102
8602
12282
8824
8366
8997
8800
8885
10198
13773
11847
8164
7846
9579
8125
7940
8937
8838
8586
8165
9115
8323
8617
8139
8570
8736
8169
8805
8633
7588
9094
10022
8825
10492
15347
9244
8018
13077
8640
8576
9363
8600
8454
7600
8717
20534
8287
10946
8200
8486
9532
7804
9262
8121
7689
8249
10261
7953
8436
8605
8450
8324
7928
7649
8125
9188
9660
9568
18248
10271
9851
8177
8773
9602
7891
8179
7993
9095
10381
10366
19673
8088
7958
8297
8507
8671
8712
9298
9148
7769
9077
8193
8681
8882
9117
9180
8831
16316
13032
7897
7897
9190
7770
8512
8834
23550
9247
8616
8135
9400
8422
7815
14760
10348
10526
7802
15750
10046
8397
12161
10364
8071
8594
8334
7789
11133
9788
16015
8236
10203
9651
8144
9405
8035
7749
8593
8200
8282
9074
8514
8297
8394
7640
9068
7472
9051
7940
9616
10295
9540
18748
13845
11317
10816
14979
11748
8648
9328
9129
8657
8109
128007
10393
9042
9199
7774
8054
9256
8716
8558
8405
8528
8069
8745
8842
8453
9005
7802
15415
9636
8727
9440
9756
10178
9974
8575
8011
8213
10838
9782
16030
8717
9005
8806
9599
9499
8255
9357
8385
7776
8176
8626
7720
8738
7654
8491
9279
7559
9148
8864
7930
10000
10514
15668
9600
9645
8962
8272
8813
8787
9082
8407
7950
8754
8976
8275
8601
8908
9711
9748
18676
14992
8822
9478
10342
15576
12027
8276
8985
9118
8062
7733
8964
7592
8938
10278
8607
8239
11256
15403
12092
9230
8656
7946
7752
8584
7787
7979
8493
9415
8929
8415
8972
8237
8197
8490
7747
8265
8615
9183
8571
10321
13887
13486
10113
8487
8474
8196
7849
9596
8724
9126
7780
8610
8190
8099
8259
13779
18317
9906
21838
12213
9159
9454
8781
8507
7885
9134
7897
8477
8126
9999
8733
7446
8324
7771
8431
7615
8397
7901
8189
8442
9024
8410
8507
8252
7684
7853
7960
8765
8705
7895
8786
11435
15041
10327
10061
8876
9512
9077
7805
7504
7634
9206
8359
7762
8687
8018
7432
7977
8805
9256
7964
7497
9128
7497
8251
8733
7873
8358
7711
8838
8476
9690
9923
9788
13979
10933
9519
7577
8246
7836
9660
8398
8348
9441
8062
8136
7761
9641
8612
7880
8299
8286
7835
8342
10250
9276
9077
11073
13093
14381
9191
9004
7628
8736
7841
9066
7969
7994
9409
7565
8570
8407
8615
9202
7621
8015
8517
7897
7876
8753
8176
8737
7887
7871
9397
10450
13837
11502
9182
7814
9630
8075
9226
8172
8907
7907
7675
8297
8493
8169
8796
8469
9133
8591
8644
7752
9112
8836
9800
9787
12563
15757
9049
9416
9659
8388
7784
8743
11325
15255
11673
7769
10684
8336
8674
13939
9160
11245
15099
9465
8604
164995
10182
10251
15485
9035
10491
8655
7858
8515
7639
8183
9348
9240
9933
7635
9302
8104
15799
8416
8650
9896
9543
7748
12184
7882
7446
8263
8033
8960
9392
7654
8828
7574
8835
8197
8642
7705
8491
9396
8777
8534
9964
15567
9631
10742
9701
7892
8886
8361
9357
9152
12119
15338
8378
10495
9771
8815
7861
8917
9172
7687
9003
7871
9175
8553
7406
8943
7585
8398
7741
8592
8598
8614
8793
8683
9800
18618
10820
8160
8699
7835
9044
7822
9108
7849
8651
7833
8889
7422
8800
8353
8079
8273
8196
8822
9728
10604
14775
10892
9415
8280
9772
8613
8389
7611
10194
8420
8408
9000
8986
9259
8601
20558
9281
9015
10603
8866
7800
8178
16553
14120
8875
9328
9641
9310
9329
14336
9464
16641
7712
11925
9044
8013
15143
15510
10573
9366
9210
7904
8633
11166
9229
7551
7553
7830
8853
8633
7934
7778
7605
7691
9052
8774
9064
9109
8795
8737
10285
15482
10171
8310
8178
9638
8844
9339
8343
8430
7726
10143
7803
7956
7786
8814
8542
9640
8133
7777
7478
8482
9829
9374
10225
15727
9662
9040
9023
8571
7904
8001
8694
8823
7965
9589
7671
8123
9464
8025
9025
8584
7632
7902
8874
8765
8989
9266
9717
12902
15739
9160
8394
8738
20649
12310
8879
9116
8589
8815
8808
16459
15559
13011
9018
8210
7962
8025
13121
9612
10454
15141
10455
9026
8715
8406
8815
8958
9109
9404
9343
9052
9613
9208
8282
7856
10200
7894
8185
16171
14432
10092
9068
7832
8376
8748
9902
7805
8853
8534
8992
8643
8140
7547
9085
9574
9215
9052
18574
11345
8117
9389
9001
9040
9640
9726
8835
12202
14270
9840
9465
9172
7800
7882
8737
8992
8608
8269
7709
7753
7781
7878
7769
7867
8953
137078
8848
7630
8094
8082
7765
9333
9441
10166
10512
14840
12400
10640
9092
7791
10917
8216
8747
8653
8927
16311
9912
7874
14884
9620
7872
7753
7826
9383
7733
9363
9626
9443
14705
11256
9391
8787
9745
7923
8497
9952
8378
9146
8665
9766
10047
16024
10181
9758
8687
9056
7794
8605
7727
9278
8205
8653
8546
8398
9006
7545
9068
7933
8984
7634
7675
7738
8469
8313
7781
9000
7533
8443
9778
9232
9826
18172
9887
9048
9169
8129
9015
9292
7810
7970
7695
7638
8098
8676
8532
8859
10463
10652
15264
13765
8199
9370
8425
8503
9018
8532
13081
16182
11055
8406
9271
8794
8439
14759
9778
16212
9617
8673
9251
8257
9297
8137
9110
9226
7894
8487
8372
8380
9523
12321
18402
9741
7817
7970
8636
9661
8693
9225
14239
11828
12487
9420
7877
9632
8239
13717
10372
8165
9646
14185
11830
9512
11170
7914
8846
7945
8817
8858
7870
9117
8145
7953
8373
8415
8074
8563
7963
9770
10573
16032
10338
8713
9014
9744
8625
7420
8298
7887
8999
8605
9369
8420
8740
8585
7858
8573
7676
9317
9119
10202
19225
8259
8189
9587
9497
7667
7618
8820
9138
8723
8038
7802
8796
8621
7963
7601
8585
8971
8102
9102
9276
8648
17183
9796
9702
9048
8115
8548
8862
7793
7995
7968
8748
14543
15736
11960
7779
8282
9164
7637
13484
7547
7769
8733
8907
8981
8016
9282
7516
7801
9116
16115
12904
7955
9627
8006
8877
7718
9367
9016
7759
8909
8853
7951
9245
8643
8600
7964
10010
10394
9540
15928
9413
8788
7979
8528
8052
8973
9215
9889
8770
8199
7827
8117
8622
8929
21272
9333
9384
8412
8589
7872
8393
7524
9729
8441
9079
9693
10522
14566
11935
10985
7823
7772
9620
8233
7364
155733
9355
8290
9130
8218
7895
7953
8697
8576
8175
9436
8740
9203
7724
7772
8903
7461
9310
7697
8364
9670
9075
11090
8469
14766
10687
9434
8547
9220
8660
9305
8520
8145
7774
9323
7733
9104
8984
8410
8066
10451
9753
16056
11579
9577
8117
8377
7629
9076
9219
7740
11918
10190
9660
15025
9844
8133
8714
11762
7713
7368
9193
8164
9284
8307
8758
9092
8266
8249
8830
9932
10183
10954
16158
9091
9991
9107
8948
8687
7571
7974
8092
8124
8253
8083
8349
7823
8215
7394
9001
8636
8598
7974
8356
17193
13615
8400
9539
9097
7625
7943
14569
11297
14877
10052
9687
7748
9794
8572
7701
8405
9321
8432
7532
8424
8719
9280
7698
7820
17609
12861
8487
9930
8902
9429
8597
10367
8704
7966
8133
8245
8254
7862
8656
8646
7480
8658
7923
11738
19087
9953
9663
9346
9649
9262
9661
10600
15859
10645
8974
7560
8194
8505
8025
8842
8854
7666
9017
8887
7526
8225
7610
7925
8324
8546
9801
7880
9031
8591
8359
8742
12569
15504
12338
9391
8104
9235
7943
9190
9267
8357
8454
8784
9465
8635
10976
15049
8912
9671
7669
8764
8399
9448
9002
7556
8968
8167
8096
8830
7575
8184
8053
7851
8034
9188
8997
7635
9123
9358
9017
8398
8015
10211
17995
11281
12940
9838
10605
9298
14985
9700
9380
9389
9190
8487
7542
8393
7666
8402
9411
8548
8461
9121
9307
10236
18519
8766
8958
8594
9005
7995
8961
8948
8949
8283
8682
8336
7781
8007
8380
7645
8315
8058
9137
7705
7754
8074
7644
8598
9687
8338
8298
8195
8137
7594
8506
7758
7942
8610
9298
10758
15943
9910
9201
8373
8846
9103
9205
7932
8096
7814
8173
9624
9345
8182
8649
18364
12117
10044
8884
8114
9222
160456
8132
8681
8815
10468
9079
16387
10603
7830
9271
10699
8044
8635
9318
8407
8258
8689
9852
8734
7578
8536
8626
8873
7911
7753
7659
7800
10186
11183
15818
10487
9160
8357
9307
7738
8331
7701
9284
8994
8526
8066
8498
9184
8110
11240
10983
14526
9278
8999
10222
8161
7929
7673
8415
7832
8262
7904
9019
8084
8803
7978
8362
8275
8928
8435
8311
7590
8046
7906
8904
9241
9405
7563
9009
8202
7596
8685
7977
7789
8404
8128
9523
8580
10648
10879
14500
8187
10198
8054
8020
8391
12107
7871
7610
8402
7817
8796
7962
8960
9037
9805
10061
17998
12776
9870
8302
8399
7784
8378
9004
7851
7743
8215
10119
8768
9209
14894
11431
10373
8158
9249
7550
8362
8046
7979
8654
31723
7938
7702
8276
8314
8570
7642
9612
8693
12096
10810
14207
10442
8531
11051
8608
7784
8521
8682
8306
9348
7800
8323
7430
8754
8556
8235
8867
7719
8769
9195
8621
14382
15550
9499
8380
9143
8458
8932
8384
7774
8964
8438
8250
8743
11177
13133
12812
9494
7547
9222
7770
8591
8615
8835
7592
7932
14172
10555
10743
14551
8723
9242
8812
8073
9109
8790
8053
9224
8973
8572
8102
7738
11841
16113
9753
8094
8496
9199
8115
8680
7733
13572
8362
8364
9209
9545
9584
18738
17530
15288
9717
8878
8815
9714
8800
9449
8916
8230
8259
7660
8071
9027
8157
8472
8343
8196
7884
8630
7953
9179
8218
8087
8083
8153
8496
7856
9460
8584
7494
7597
9200
9917
15987
14127
8494
8152
8000
8732
8627
9328
8177
7800
8800
8766
10887
15577
10924
8461
7924
7828
9502
9637
8171
8628
8710
9100
7790
7834
8652
8474
7548
8005
7789
8604
8375
7912
7979
8444
7759
7558
8359
7688
8743
8082
8137
182701
11379
15092
10184
7534
8777
9483
9042
9416
8000
8005
8138
8176
7682
9186
8991
7750
8164
8085
8565
8727
9350
8419
8207
7657
8010
8758
10229
11068
15836
8964
9698
8577
7973
9094
10213
8692
9713
8302
8461
7773
8302
8509
9241
11345
15439
9148
10130
9149
7766
8317
8760
9252
8118
8095
10755
7881
7644
8745
8457
8205
7982
7709
8648
8800
8334
10548
10194
16163
8619
9603
9708
8246
8606
8171
9365
8102
9355
7796
7934
9244
8967
7607
9164
10135
9597
18292
12390
9002
9065
8912
8017
7820
8906
7972
9568
9405
9946
15833
10225
9276
10132
7528
9315
9186
7930
9277
7531
9338
8057
8263
7692
8041
8516
8624
10046
8354
10893
16824
8651
9181
9014
9076
8347
8962
7985
8395
9231
7663
8710
9144
9074
7688
8756
9959
9371
16043
11933
9601
9080
8164
8025
7881
8245
8794
8754
7886
7888
8692
8050
8563
8180
8184
8122
8792
8771
7646
7757
8033
9203
10240
9415
12572
17087
8713
9031
8018
8139
8863
8082
7804
9650
8494
8312
10063
10226
16455
9958
8621
9201
7974
7958
8496
11691
8095
7557
9064
9346
8897
7422
8337
9576
9250
9974
18727
10720
8088
8165
7813
8399
8254
16851
15737
8833
10597
8015
8594
7723
14255
7699
8971
10967
18668
11830
8963
14221
16412
7803
9487
9668
8174
8703
12540
7567
8569
9185
9080
11493
15307
15456
9225
7549
8148
8172
9319
8884
9107
8938
8558
9733
16122
10205
8013
9145
9473
7892
8480
9439
7571
7841
8393
8202
8786
7738
7909
7935
8161
9774
8004
8356
8342
7673
8164
8586
7854
9159
8384
9013
10042
11270
15874
7766
9139
9557
9259
8000
8695
7591
8185
9289
8499
7625
7859
8348
7693
8707
9218
8211
8104
9435
9229
12001
153961
8656
8840
11286
15753
10001
9680
8572
8436
8783
14863
13660
12833
9064
9693
9298
8432
8642
9212
8034
7962
9012
8897
8109
7947
8414
9399
8210
7589
9932
9128
12294
13897
9558
8812
8227
8483
9933
9221
8549
7784
8735
8152
8832
7397
8293
7659
9571
7788
9455
8164
9424
9015
10284
14724
11661
9610
8692
8717
8859
8167
8014
9661
12734
14933
10446
9578
8381
8287
9247
9290
8516
8277
8296
7381
9184
9427
8493
8157
7971
9413
8178
8604
8035
10141
10606
18530
9026
8717
9509
8628
8811
9793
7887
9846
8717
10173
15956
10778
7835
8464
8938
8619
8569
9590
12538
10550
9482
8763
14770
11908
9583
10266
8366
8573
7853
8101
7851
9210
8912
10867
10786
13901
9722
9020
9626
8425
9687
7751
8355
7852
8210
8175
8548
7851
7486
9626
7876
9069
8537
9009
7602
8616
9697
9859
16268
9822
12744
8823
7651
8405
8037
7621
8731
7744
8140
7306
8235
9038
8715
7733
7621
8751
8627
7950
8015
8577
8656
8528
9643
8950
8630
10061
18049
9025
8396
8794
9256
8862
7949
8933
7902
7690
14199
14386
12784
9412
8481
8206
8249
11774
9805
8710
11507
14243
11327
8579
7969
9441
8102
7980
11039
7749
8004
8125
7491
9205
7857
14501
9984
14013
11383
8716
8323
8122
15041
8156
7860
8958
7931
8909
10038
9820
18389
8138
9676
9348
9063
8960
8043
7999
8453
9308
7912
9289
10976
10968
14158
9258
8331
9375
8051
9138
8892
8117
8384
9442
8644
8400
8917
9823
9039
10141
15234
11835
10284
7649
10176
8796
7773
8353
19600
11718
9037
9985
8128
8563
8184
8627
8060
7899
7483
8285
7733
7895
9123
7665
7841
8596
9246
8418
8696
7958
8155
8400
7584
9196
7507
7910
8528
8233
7805
155148
8836
8524
11672
9758
12626
13904
9200
8445
8015
14959
8505
7712
8215
9830
8970
8707
9674
8931
8804
8997
9504
10434
9475
9616
14850
10266
11368
9010
8130
8390
8400
8698
8814
9028
9111
10618
10765
15364
9056
8529
9674
9341
8774
8164
7810
8593
7789
8763
8580
8844
8172
8567
8311
8250
7732
9117
8753
8627
9772
9249
10308
15383
11379
9256
7565
8174
7511
9112
8645
9605
9003
7841
7871
7315
8980
8656
8596
8683
7875
9478
8205
9963
10129
18297
9567
8633
9335
8180
7928
8256
12552
9502
13861
13566
9200
8668
8106
9343
7851
8619
8177
8683
7933
7686
11430
7682
8658
7954
9262
7612
8462
8626
9356
10060
15686
9641
8408
8265
23707
11580
8630
9466
7938
7823
9412
9569
8261
8492
8189
9736
9912
10258
17462
8154
9318
9889
8959
9061
7794
23137
16527
10080
8543
10543
9057
8901
14913
9537
8243
8133
7807
7902
8876
15727
18655
10192
7891
9451
8051
8102
22764
10292
8681
8591
8543
7825
8110
13687
7924
8120
8416
8051
8187
8005
8027
7883
8733
9426
8978
11343
14869
10754
9001
9017
8925
8214
8275
9208
9473
8734
8377
8416
7985
8194
8216
8235
8240
8426
10162
10826
14808
10150
12073
8566
8835
7958
7874
7928
8259
8788
8561
7786
7933
7601
7928
8129
8794
9559
9820
10344
18901
11254
7926
7806
8196
9165
8042
9009
9232
8179
7993
16345
7963
16243
10160
9359
9438
7619
8536
7456
8325
8517
7691
8415
7767
11072
8816
10584
14510
11039
9235
8658
7874
8461
9045
10245
9620
8950
9054
8648
9805
15208
12175
9529
7994
8964
8584
8823
8012
8379
15625
11395
13281
11225
7835
7984
8859
13641
10674
14574
8391
14835
11085
9323
11912
9571
14630
12830
8061
8676
9004
71338
8818
8127
8605
8015
8157
8224
7893
7635
7566
7672
7747
8451
8286
9133
8607
8000
13911
8151
8446
8577
8596
8385
9956
9862
10823
15733
9691
8314
8194
8279
8851
9161
8435
9348
8029
8423
9236
9015
8542
7850
8876
9116
7649
8776
9471
7966
9123
10658
14662
8492
7729
8784
7722
8605
9534
8550
9029
7782
8154
8640
8566
8214
9413
7923
8601
8192
7789
7942
8537
8313
9685
10228
14307
10722
9097
9981
7863
8805
7994
10401
7935
9214
8617
8162
8412
8605
8425
8323
7869
8271
7759
8064
7972
8213
7790
7835
8979
8778
9784
9396
9442
18082
11449
7994
8174
7897
7573
9361
8463
8025
9382
8855
7949
7815
8609
8209
8438
8893
16181
12941
8270
9925
8123
8830
8712
8350
8115
8348
9673
9333
7854
8820
8427
8184
7796
8492
8297
8396
10264
8233
9622
15311
10719
8246
10079
7958
7924
9061
7955
10032
9174
8688
8252
8294
8758
8325
7901
8602
7692
8237
7837
9072
8469
9434
9601
16146
10251
7822
8362
8994
9076
9129
12228
8292
8769
7693
9232
9462
8574
8901
9403
19260
10441
8202
8736
9446
9216
10839
9166
15347
10194
9080
8168
9454
9560
8257
9301
7912
7752
7580
8519
7485
7864
7917
8284
8502
8014
9217
8656
7685
8292
8766
8286
9168
7553
10215
9751
16239
10155
9402
8473
7894
7927
8812
7943
8420
9459
7994
8152
8220
8180
8225
7737
8310
8166
7796
8982
7569
8712
8758
8230
8172
7964
13146
10252
14742
10495
9509
9312
8581
10726
9009
8936
8014
9235
8652
11027
8415
17490
10591
9577
8047
8697
8248
9644
8246
8734
8939
19291
9718
8607
8741
7940
8652
9021
12651
7574
8435
8977
7836
8466
9265
8218
8882
10692
16286
9157
9399
8294
8979
9012
196564
10526
7991
8876
9443
8153
7888
8953
7789
7716
8123
8223
8838
8623
7752
9081
8727
9499
8279
10142
8198
8338
7772
7733
8849
8641
8483
8636
9029
9169
8222
10516
8954
15794
10366
8871
18305
9675
15353
8677
9742
8537
9639
10767
8360
8255
7526
8779
7909
8399
7769
8327
8353
8696
8827
7842
8558
7778
7425
8974
8762
9081
10943
15931
9569
7784
9083
7800
10447
9323
8406
8615
7447
8215
7603
8962
7738
9307
8954
7393
7969
7396
7948
9900
8935
8990
7381
9538
8047
7868
8213
8405
7560
7429
8886
7894
8050
8138
20692
9872
8540
7994
9382
9601
8035
15298
10010
18256
8443
8523
9054
9630
18638
13339
9056
9351
7989
8224
8750
15220
10003
12595
8652
13364
7897
9243
10979
8313
7907
7990
8385
9031
8796
8619
7911
7634
8072
8331
7592
8506
7953
8606
7974
9055
8318
9129
9023
12350
15714
9338
8362
9708
9741
9187
8502
8546
8456
7636
7710
7645
8609
7422
8463
7584
8861
9210
9255
10153
12994
13225
10011
9486
8601
8375
8472
7995
8543
8026
10005
8625
9266
8782
8092
8229
7430
8506
9143
9713
10646
16809
14459
8796
9676
8455
8510
9498
14507
12561
8910
7938
7982
8264
8142
8249
9850
8147
8682
9175
8435
8796
8377
9733
8815
7706
7859
17639
12193
8353
9804
7823
8071
8618
10827
9033
8344
7982
7679
8876
9430
7887
7638
7809
7564
7592
8651
8764
8768
7896
8409
10528
11771
9097
9838
10439
8901
7518
8217
8292
7764
9071
7568
8327
8230
7873
9688
8389
7967
7371
8514
8053
8483
8066
8014
7652
8282
7658
8943
7854
9200
8148
9437
9189
9460
14821
13337
9596
8126
8030
7542
7642
8595
8587
7706
8811
7722
7816
8241
8298
8056
8194
11492
9810
171369
8314
8415
9692
8718
8843
8249
9280
9467
9923
8157
18242
10055
8638
12164
7856
8423
10222
8615
9196
8803
9000
8724
8549
7917
7718
7876
8702
7630
8507
11541
8420
7925
8432
10237
11153
15678
10666
8764
7980
9588
8592
8259
7651
8498
8075
8104
10528
8151
7836
9169
8510
7982
9066
9431
8829
10444
17326
8827
11036
8815
7943
8777
9083
7768
8774
9095
7704
8349
10943
13389
13282
8747
8487
7964
7811
9193
9400
9497
7938
16037
15566
10009
7611
8338
9326
8094
12234
7782
8511
8149
8789
9043
8758
7815
8220
7810
8185
10456
10156
14527
11137
8328
8211
7973
9065
9110
8255
9224
7635
7991
10944
8649
8689
7450
8374
7935
8177
8048
9532
9134
9498
10311
17785
10783
8962
10614
7996
8182
7861
9292
7835
9964
18636
9762
8501
9209
7818
8646
7812
8136
8435
8008
8800
8573
9738
8500
8141
8143
8706
8071
7584
8971
9337
8611
7534
7691
9047
7667
8938
7733
8444
7881
9094
9687
10261
15230
10338
8773
9051
8379
8117
7940
7897
8348
10985
8837
8484
7708
8572
9451
7863
8740
7916
7470
9248
10018
8473
10550
15048
9076
10186
8887
8189
7745
7831
8911
9492
7723
8699
8543
9215
8234
7734
8620
8085
9597
8823
10069
10443
17831
10353
8231
10329
9010
9359
7646
8348
10080
8960
14268
13087
11371
8066
7949
8348
8521
8066
7675
7628
8035
7933
7531
9218
8933
8938
8478
8073
7383
10241
8934
10049
15807
9169
8563
8113
8366
8481
8340
8267
8534
9591
8850
9222
8210
8956
8541
8037
13627
12839
14358
9185
8895
9256
9184
17784
17341
9359
8224
8114
10079
8158
19905
11858
9607
8063
8512
8290
8736
10455
9146
9396
7717
9130
10186
8738
9475
14694
10510
10499
9667
8614
167100
17412
7842
10955
8922
9560
9358
7923
7571
8055
19222
13800
9383
8786
8065
9306
8606
11873
8940
8891
8966
8817
7782
8875
8276
7646
9359
7928
7813
8584
13349
11053
15128
11830
9507
8158
9459
12299
10825
17310
11506
9028
8892
9660
10133
8023
9140
10930
13882
12443
9287
9166
8382
8625
8164
8556
9291
8600
7741
7639
7841
8041
7574
9241
7797
7502
9141
8691
8907
7951
8092
8132
8737
9625
9480
18302
9598
10122
9408
9114
7913
8115
8851
8633
8194
9131
7389
10243
10671
15964
11057
12510
8860
7453
10646
9540
9492
10007
14175
13051
9008
13989
10800
14752
10697
8409
9002
9116
8615
9071
8561
9161
8974
8512
7991
7855
9047
8504
8481
12506
16010
8448
9564
7760
9261
7817
13955
8581
8497
7999
10304
10013
11250
9723
12429
9461
8844
8284
8751
10053
8548
7958
8384
8389
8870
8419
7745
16050
9671
7923
8684
7757
9317
9343
9863
9856
12509
12476
10406
7884
8192
9401
8956
7826
8771
7827
8678
8441
8005
8458
8383
7616
8417
8327
7854
7698
8276
8497
9220
8294
8808
9278
7748
9697
10843
14800
10499
9086
8510
8609
8897
7830
7827
8173
8487
8202
7648
8681
7838
9231
7909
8427
9303
9066
19779
10609
8117
9116
8438
8779
8261
13931
10269
18558
9455
8356
9643
8753
12765
10469
14684
10913
9386
9587
8784
12357
8037
10493
10003
15635
9622
8805
9416
8369
8224
8102
8053
8194
8169
8506
8714
8279
8210
15252
11948
13392
9133
8768
8189
8665
14102
7651
7523
8183
8520
7602
8493
8481
9299
8394
8673
10420
11333
17792
10099
8174
8282
11427
8174
11238
15027
11671
8954
8791
7577
7650
9437
9276
8789
8257
7784
9219
8395
8500
7513
9074
9216
8767
10060
10522
16565
8222
109554
14342
8544
8933
8453
8317
9889
8911
9205
7815
8571
7851
8170
9276
9145
7647
9107
14112
9666
8933
8365
8066
8045
9191
9379
8405
8705
7558
7923
8890
7769
7981
7782
9278
8316
9410
8665
8385
7631
10302
9894
17624
11169
8328
9141
8924
8269
9737
8083
8879
7758
7596
8409
8169
7779
8590
8133
7774
8261
10302
8551
10327
15346
10410
8082
8089
8143
8100
8454
8894
9478
10121
8504
17025
15069
9112
7654
8628
9506
8799
9598
8565
8515
9307
8923
9210
9281
8435
9194
9789
14015
11687
9128
9005
9267
7869
9200
7883
7915
9482
7499
8854
9533
9620
10036
12265
16769
8241
9410
9571
8112
8084
9749
7851
8695
9203
9553
8872
8895
10297
14655
10631
9309
7739
9080
9323
9917
7966
7800
8687
8338
8980
9076
8960
10936
15836
10423
8086
7764
9177
8675
8251
8480
9099
8894
9271
8995
8646
8381
8322
9077
8710
7587
8282
7723
7784
8821
7944
8215
8184
8824
9424
17010
11307
9550
8961
8065
11532
8650
8835
8755
8431
9189
10914
17789
9758
9459
9876
7923
9066
9621
9412
9800
9184
15523
10482
9327
10166
7803
8714
9183
7681
9026
9344
12172
9548
15664
8059
10712
9176
8050
12092
8557
8217
9339
7922
7889
8233
8937
9630
9794
14404
11791
9483
9516
8526
8165
8018
8817
7841
7647
8098
8285
7663
8472
8835
8932
8765
9278
8097
8816
11479
13128
9589
12512
8219
10810
8969
7570
8446
8787
9183
8644
7604
8471
8793
8117
8982
8169
8713
9486
10282
18594
11430
8855
9229
8547
7687
8688
8667
7661
10230
9016
14517
11738
8596
8620
9456
8935
7618
9488
7876
9682
8547
8990
8800
9106
7898
8851
10874
10247
16185
8785
8476
9259
8418
8120
8309
7714
7974
8676
9580
149514
15493
8173
11641
9904
9322
12837
18617
8076
7487
8148
8475
8202
7690
14855
8758
9658
14158
9278
9526
8076
8038
9551
21323
15539
7617
9172
8001
8738
8469
9212
9016
8764
7920
8638
8455
9786
18083
9368
8933
9415
7801
8370
8520
11638
9206
7771
8397
9210
8076
10214
9753
16226
9174
9605
7830
8911
8618
8691
8475
7661
8193
8562
9650
9123
8075
8600
10339
8060
8484
7753
10623
10455
13654
10626
8561
8290
9137
8378
8796
8788
8592
8862
7925
8467
9026
8594
18304
15287
9672
8150
9512
8272
8885
19580
12342
8251
7766
10692
9256
8107
11692
8742
7627
8794
9874
9181
9499
10575
14514
8596
7896
9586
8559
8535
7835
8373
9235
8553
10823
9015
8216
7746
8292
8602
7833
7810
8661
8064
7892
9304
15569
10643
8466
9485
7880
8076
7475
8575
8849
9641
8362
7528
9420
9221
8172
7849
7684
7796
8811
9082
10299
10425
9527
11154
16948
8171
9878
9492
9173
8141
7810
7838
8751
9315
7973
10024
13567
13092
8584
7728
8240
8118
8451
8725
8530
8948
7791
8219
7728
9664
9113
8687
8588
8451
9306
8969
8911
8178
7616
9561
8986
10864
15234
11241
11346
8068
17617
15001
8594
7971
8635
7561
11439
17415
17923
10078
9495
9573
9330
8817
18740
10420
8757
8682
9037
7577
8860
14041
8942
8269
8317
8182
9426
9930
8482
15878
10844
8321
8212
9474
8410
9184
8015
8758
9047
17625
14060
10101
9697
7856
8756
7522
14294
9958
14539
10608
9792
9502
9057
16618
18734
9046
10703
8049
8484
9596
15074
15808
10133
8449
9330
8394
7976
12452
10018
9338
7553
15304
11532
8202
11292
9120
7601
8013
9154
8496
8274
7967
8899
8666
7601
7442
9184
9240
7710
8937
7946
8317
7825
9331
10150
83893
9593
7752
10479
8756
9125
8407
8835
9238
10031
8158
12380
14065
9964
7927
9099
7932
11381
12676
10964
9254
7691
9743
9044
7820
7574
7721
8301
8137
7612
8580
10139
7545
9076
8282
7969
7671
8781
9206
8990
7712
9538
9220
10266
17784
9175
10475
8762
9445
8517
8256
9061
8978
8998
15845
10626
10532
8423
9058
8445
8738
9225
9440
7874
8883
8358
11051
10070
16305
10005
9560
8328
7668
8290
8323
9389
8048
8115
8075
8937
17247
14994
9536
9074
8664
9382
7743
8522
8534
8811
7710
12087
9377
9592
9261
21132
8387
9217
10624
9006
9397
8996
14155
12087
8207
9613
8431
8912
7625
8961
8494
7726
7747
8237
7962
8957
8307
9384
9193
8491
8942
8146
8420
8288
8497
9153
10645
16836
9317
10402
8158
7933
8169
9647
8462
8317
8158
8716
7758
8172
7599
8396
7695
8169
8233
9066
8768
7805
8091
7377
7575
8441
7746
7928
7679
8471
7670
8779
8738
9502
7964
8870
16333
14170
8964
8151
8876
8994
8125
8798
9430
7583
9189
8654
8150
8162
8808
7764
8434
7924
8133
8139
7855
8695
7877
8013
8221
7896
16835
16574
12093
11756
10784
15554
9455
8605
8584
8699
8215
8576
8244
8417
8510
8336
8984
7736
9310
9240
9178
9036
8579
10215
10244
16209
8361
9625
9405
8578
8777
9528
8543
8577
12931
16319
9676
10036
9169
8346
7773
14522
10199
8450
18769
7996
10251
8801
11319
7597
8311
9179
8697
10969
18117
14942
7825
7889
8954
8686
7772
8254
8754
8112
7502
10317
11151
16069
8897
8731
9216
8207
8371
9056
9030
7498
8764
9542
7719
8594
9043
9428
7752
7985
8288
8716
9615
9642
9820
14897
8261
9733
9174
8835
9372
8935
7666
8206
11190
10952
9064
15879
12675
8604
141476
9647
9204
7702
10574
15097
9250
9158
7851
8149
8172
8408
7635
10000
10184
9370
7805
15612
7759
8705
9662
7980
8962
11843
8772
8232
9846
8897
11306
17320
20395
16435
8186
8910
8580
8320
9323
8808
9399
7967
8563
7674
8230
8035
8389
7764
7969
7982
8620
8067
7972
8229
7845
7828
8800
9004
9051
9435
7912
10040
9647
14512
11279
9860
9348
8235
9356
8206
8514
9079
8757
10044
10298
15226
8879
9159
8664
9390
7993
8738
7843
7951
8046
8420
8994
8780
8765
7912
7659
8176
8584
14372
9830
18425
9751
8114
8854
8563
12207
9638
9218
8819
9289
14321
10850
11837
8580
7904
8194
7794
8336
7990
8230
9437
8664
7972
8012
7702
9076
9041
7687
8389
8954
11211
14871
11974
9916
8237
8147
8085
8703
8151
9310
10023
8515
8506
8074
8838
9683
10246
19483
9065
8481
9482
8784
8781
8380
8443
8875
7614
9241
9661
9601
19113
11019
9391
9098
8215
8943
8041
8656
8344
7794
8528
8450
10645
8713
16216
9450
9388
8772
9177
8287
9381
8802
8012
8114
8435
7980
7731
8859
7671
8312
14021
11051
14769
12732
10237
9441
8360
9399
8223
8427
10369
10172
15191
8558
10424
9274
8233
8031
8318
8467
8083
9255
7734
9286
8928
12106
10630
17425
11294
9036
8558
9478
10251
9548
9939
9458
16016
8607
8035
14100
9230
8072
8612
8094
7763
8450
8352
8372
8142
7817
8853
7720
10122
11205
15438
8273
8984
9659
9048
8810
8812
7994
8524
8248
7632
8185
8321
9341
10017
8446
8243
8058
7921
8006
8302
8252
7363
8805
10251
8954
16223
10986
10301
7984
9418
8510
8820
9036
7497
8614
7563
9222
8622
7645
8058
8007
8463
8563
8206
9256
9800
9721
9581
19020
8556
8012
8119
8776
9181
160028
7913
8773
9097
10472
10234
18717
8136
8097
9027
12025
10383
12599
13833
9425
9236
8928
11398
14548
10650
8983
8818
9405
11996
8709
7846
8154
7808
9490
9316
10283
15434
10398
8493
8212
9113
8748
8000
8360
8023
8788
9692
8616
9064
8153
9201
7560
7568
8351
7772
9411
8087
8602
9024
11668
15154
12298
9041
7694
8776
7575
7638
9183
8369
7730
8698
8680
8189
8815
8869
8030
7656
7597
8153
9037
8389
7615
17852
16386
12494
7662
8285
8623
8879
19517
9319
10457
10227
8007
8737
9095
13974
11553
13641
9034
8420
8200
9404
14136
8216
7722
8727
8224
8188
10148
7905
9491
16165
10340
8686
8958
9494
8979
8960
8256
7903
7657
9031
9502
8270
8687
7726
7676
8840
9002
8087
10375
10031
12671
14502
9649
9096
8992
9167
9240
7431
8256
8477
8241
10262
9809
16364
9537
8174
7838
9786
9134
8700
8628
7534
8486
10523
7675
8964
8400
9232
9025
7573
9604
10859
10099
14953
8299
7826
9479
9222
8852
9050
7922
8838
8740
9102
8582
9056
8181
7638
15477
14960
8258
9959
8565
8487
9724
24683
11689
8384
9678
9453
8342
7907
12511
9602
15178
10018
9430
9133
7730
8726
8084
9138
9018
9561
8211
7619
7805
8422
9179
9179
17625
11525
9535
9457
7896
8586
10624
12370
10858
14107
9615
9412
9602
9470
12114
7961
8595
7823
7598
8553
8176
8169
8380
8173
8639
8114
8679
8342
8956
9087
10413
15620
9990
9739
8170
8588
7790
8323
9327
9487
7646
7671
8848
7595
8097
7821
8415
8281
9638
7758
7538
7630
9179
8969
7618
8229
7575
7549
8482
8825
7892
8677
8407
8289
7715
7969
9256
9294
7758
10064
8756
14439
10490
9575
8432
7893
9583
8092
8361
7828
7979
8661
9150
8478
149800
10226
8945
7917
9516
9065
9053
8740
7604
8126
8040
7871
8695
8276
9157
8505
7774
10338
10683
16469
8630
7864
8163
11320
8947
7788
8170
9229
8171
8205
7805
8092
7476
9416
7652
9037
9226
8010
8150
7882
8087
7961
9113
9792
10584
15162
10433
7899
8020
9241
9498
10246
8437
8114
8575
8233
7589
8557
8405
13244
10194
15898
10559
8496
7661
8041
10580
7523
7651
8975
8206
8473
8713
8439
9065
8833
8381
16952
15562
13123
7584
9207
11194
16538
14462
8989
7560
7548
7502
8751
8823
16214
14709
9259
8338
7843
8558
7810
16321
7538
7622
9241
8633
10585
14733
11142
10058
9055
8197
7876
9558
9278
9010
8412
8641
9506
8234
8033
8954
9090
9317
17651
12029
8447
9757
8055
8558
9738
8134
8400
9644
9253
9581
15111
10482
7805
8683
8091
8274
7973
12104
7877
7443
7799
7671
7712
10235
9345
8150
7574
8200
9038
7783
9247
8517
8637
7669
7569
8429
8056
8719
8389
9831
8817
8795
9658
13091
11480
7973
9256
8083
9117
9534
9079
8130
8733
16678
15851
11125
10133
8983
8108
7850
16812
17658
11249
9152
9460
9608
9642
17492
9761
8041
9604
8796
9302
7413
9302
9108
7595
8511
8651
8113
8249
8757
8466
7973
8183
18295
12330
9854
8594
9547
8213
8104
15409
9969
15451
9383
10468
9426
7932
12564
9970
9974
13219
15599
8031
8218
17446
13463
9899
9968
7836
10476
7789
10006
8889
8740
9273
7758
7986
8953
10016
9860
17930
11891
10066
8929
9567
9265
10122
9262
15999
9425
10640
9206
7763
7941
7435
8822
8374
9097
8135
8764
9024
8651
8123
8751
8276
8734
9411
11274
16002
11701
11058
8572
8448
8608
8897
8205
9026
8200
9405
9299
13401
13535
9459
7995
8538
8897
7593
100107
8010
7751
8647
9979
9621
18709
10338
8066
8818
17077
14577
9712
9602
10780
10241
7548
8780
7912
9292
8600
10771
14923
13406
9185
7856
9265
8008
7528
8143
8615
7593
7596
8318
8446
9258
9003
8980
9753
8635
10220
15713
9720
8854
8772
9188
9819
7826
9241
9131
8206
7758
8013
8315
8560
8684
8331
10584
13112
14742
8488
8710
8030
7820
8184
8915
12050
9166
8082
7796
8455
10767
9703
8256
18080
10299
9391
8994
9236
10695
9482
10336
16598
9111
14082
8848
8266
7931
7806
8383
8836
20836
8859
9117
9601
9134
9167
9332
12760
13359
15413
8666
7752
9295
8708
14356
18917
10564
9179
8052
9264
8166
14570
12875
12529
9639
8987
9352
9745
7797
8068
8212
8360
7848
8124
7849
9439
7589
7570
7788
8801
7596
8174
8379
8067
7766
8083
8210
8150
7933
9241
7542
7782
10330
8328
7532
8930
8039
9965
8463
10859
15648
10010
8685
8433
8466
7866
8486
8365
8231
8358
8483
8656
7348
8054
9337
9110
8806
8137
8390
7645
8412
8975
9235
10362
9956
15777
10314
9948
9659
8226
8758
7620
16830
17293
10332
8419
10196
7769
8828
17212
12917
9794
8323
10030
8835
7997
11123
9275
9307
8806
9235
8779
15462
10427
9810
9533
8880
7688
8382
8651
8564
8929
8631
8394
19540
10425
8869
7794
8386
9200
8021
15837
8938
8292
10173
18254
10010
8107
14942
10895
13249
8024
7764
12543
9963
10874
8497
8028
8718
8215
9216
8277
8261
8376
7380
8418
9200
8071
11224
10614
17471
8171
9999
8460
9015
9334
7666
8990
8514
7817
7601
8651
7673
8125
8033
8691
8630
17795
12856
9156
10134
8395
7717
7663
8343
9056
8593
7857
9116
8055
8760
8763
8594
7533
7367
8557
8584
7941
8031
9009
7779
131294
9153
8491
15469
14575
14671
9646
8863
9255
8042
19809
9919
9030
8459
9753
8555
7864
9779
8675
8616
8634
10628
13174
13872
7702
9421
9118
8085
9474
8788
7917
8093
8527
8031
8916
7986
7803
8851
9559
8095
9421
7971
9196
12679
14918
8836
9227
9223
8819
8366
9623
7868
9640
8408
8027
8170
8438
7749
7704
17862
13785
8697
9133
7903
9100
8494
13148
7980
8829
9229
9082
10291
18354
9604
11112
10195
9948
10352
15556
8941
13788
8506
8169
9277
9317
7752
7762
8500
8142
7610
9494
17758
13376
8759
8593
9277
8900
8080
14473
10163
15458
8835
8355
7883
10127
10470
9038
9663
8999
7773
8969
8282
9157
9469
10424
18759
9097
8250
8726
9659
9142
7548
9654
12237
9519
8253
9187
8600
7754
8579
9045
8372
8082
21653
11131
8802
9359
8397
8038
9254
15208
15943
13659
9405
8199
7577
8668
17179
18589
8192
9021
8174
9400
8207
8074
16062
9081
9908
9827
7616
8667
8344
14049
8435
7779
9702
9364
9054
8246
7974
8684
9232
8558
8128
7661
17227
13312
8374
9817
9435
7585
9060
8196
7737
7912
8313
17320
7782
8291
13207
7676
8989
8628
7798
7866
8206
9168
8528
7410
9541
8216
8087
9217
10030
9002
8976
10906
12501
14298
9577
8878
8161
8866
9146
9157
8465
7916
7428
8149
7413
9060
7985
8162
7921
7797
8777
7780
7782
8836
8006
9014
7900
8991
8452
8670
13240
15859
9600
8547
8158
7751
8819
7999
9280
9135
8276
13377
8341
10883
18820
9237
8465
7901
14948
14778
12507
7849
9010
8477
8497
14137
8196
7599
8010
8224
8433
9094
8532
9030
11206
14641
10041
9496
9006
8725
9488
9185
8405
16887
14067
9597
9501
8763
8495
9378
14719
9449
17995
10819
9661
7903
7992
43831
9577
8997
11717
7887
9113
9107
11011
9792
9535
18805
8847
8354
8384
9071
9275
8664
9134
8117
8938
8502
8364
9158
9008
7990
7203
10158
9763
9718
15303
8409
8436
9178
9600
9676
8794
8054
8698
9282
8600
9300
9842
9054
10445
14854
10025
8703
8905
8201
8641
7558
8612
9020
7975
8540
8440
8767
9266
7927
8392
8021
8594
8110
8287
9138
8369
7593
8552
8094
8285
7789
12755
18175
12548
9426
8466
8030
9415
9420
10013
16736
8981
9826
8167
8538
7602
8476
8120
9260
7981
8620
7979
7911
8351
7885
9024
8253
7650
8445
7673
7943
7542
9944
9050
8228
8378
9338
10682
16432
9180
8918
9093
8591
7886
8918
9542
8073
8081
7959
7923
7868
7656
9107
8415
8414
7780
7620
8579
8497
9307
7604
8630
7830
7435
10314
11456
13769
10203
9177
7825
8994
7959
9520
8322
9218
10059
8367
7745
8635
8539
7612
8370
9235
8141
7614
9379
7762
9045
9638
8656
9947
17473
11100
9051
8347
8422
8584
7790
8613
7958
8865
8606
8661
9343
9548
8360
10297
15358
9803
9410
9192
7994
8281
9283
8170
8478
9023
8121
9005
8453
8927
8242
8317
8437
7608
7733
7519
8451
8995
12845
15854
8583
8736
9384
8820
7844
8846
9105
8598
8478
7248
8425
8838
9093
8713
8764
8820
7650
8779
7732
9112
9952
10774
15911
9333
8462
9227
9532
8415
8745
9121
8531
9402
7453
8608
9167
7379
8613
8170
8306
8041
8932
10930
15121
11111
7812
7971
7961
10657
8103
8184
8312
7784
7791
7808
9097
9253
8123
9163
9282
8557
8889
10056
12774
18481
8712
9671
8466
7765
9215
9138
7830
8546
10495
8385
10000
10846
16909
9460
9576
8442
8132
8978
8025
8112
8153
9079
8005
10217
9984
14389
12051
207333
7734
9132
10031
13308
13523
8756
8014
9981
8568
9234
8633
8014
9384
8190
8648
8764
9961
8440
8110
7733
7953
9034
8578
9160
9668
10190
15626
9207
8463
8923
8468
9099
8721
8197
11701
9222
7549
7651
8117
9144
9730
10601
15553
10487
9641
8333
8210
9097
8133
9599
7612
9197
8676
8185
7626
8963
9300
8887
9358
9312
16485
9613
9450
9009
7738
10694
8476
8129
8226
11153
7679
7832
9289
10113
10711
18444
13353
7936
8220
8870
7671
7628
8738
9110
8415
8306
8826
10524
16757
8286
8935
8165
8303
9500
8287
8300
9075
8293
9917
7924
8435
8332
8512
7892
9121
9004
8054
7689
7537
9276
7933
8026
7715
8150
8569
7622
8866
7700
7962
8129
7832
8487
7569
7723
7833
7917
7609
8244
7953
8950
8767
8954
8053
20875
10142
8774
7752
8405
9397
8044
9187
8014
8102
7692
8553
8412
7920
7790
8545
8231
8145
9298
9042
8437
8617
7938
9269
9900
9834
16151
8866
7936
10251
8940
9502
9235
8990
7983
7891
8708
8311
8443
8815
8384
8261
9764
8613
8676
9590
21903
9251
8054
8295
8000
8229
10112
7484
9117
8467
9161
10687
15558
9820
9629
9627
8596
9007
7813
7771
9266
7779
9115
8699
7795
7610
8902
7645
8343
7772
7598
8860
9030
9016
8158
7801
16386
16353
9596
7712
9276
7675
8066
8040
7756
8200
7750
11060
7560
8556
8801
8678
8518
9324
9784
14803
12752
8558
8465
8055
8092
13846
8360
8709
8944
9096
10206
18105
19450
14077
9383
10284
9459
9219
9134
8448
8000
7340
8800
9044
8336
8584
9191
9074
8492
7682
8519
9798
10126
14138
11958
7662
8230
7994
9175
8824
8297
8051
8261
9338
9027
7776
7647
10025
8438
8563
7731
8292
7972
8915
8599
12152
205973
13037
8858
9558
9400
8629
9111
7864
8845
8969
8836
7763
8813
8015
8003
7710
7582
9615
8126
8954
7859
7643
8315
7482
9145
7641
8566
9495
7923
8400
8815
9360
7812
7810
8971
7942
7851
7902
7863
7724
8616
9351
10798
10165
14936
10615
7683
8276
9153
9412
9580
8784
8692
8067
8395
7569
17182
14739
9121
8953
9506
7846
8684
16701
18251
8749
10062
9016
8567
8024
15108
14565
8655
8918
8721
8207
8496
12691
7559
7854
8286
7697
9097
7620
8090
8282
7684
8656
9233
8181
8235
8558
7692
8353
8257
9631
9179
11185
15908
8211
7790
8746
8807
9327
8133
11128
9376
8244
7875
9084
8841
7936
7631
8937
8511
8053
10032
9045
9661
10989
13905
9248
9256
8030
8925
7612
8076
10959
8096
9088
8169
7568
9078
7929
8923
8467
8010
8194
8515
9246
10291
10070
18144
8822
8150
8669
9838
8744
8142
9071
8258
9503
10494
9745
15846
14908
7871
8177
10266
10000
9376
15304
13517
8046
8949
9273
8353
8178
7998
8147
7769
8350
8159
10583
7794
8237
8126
7450
8428
7766
8585
7776
7664
7847
9164
9200
7796
8297
10434
9548
16047
10345
8260
10301
9538
8538
7841
8222
8622
8458
9394
7763
8888
7411
8261
8266
7984
7674
8592
8401
7528
8497
7810
8609
9129
7883
7923
7770
7758
8621
8076
8795
7643
16334
16229
10651
8110
9526
8399
8697
8026
8512
8721
9119
8505
9784
9721
18444
11278
7978
8477
8492
7996
8335
8425
9617
8778
10514
15405
11703
7712
7577
8816
8317
9052
13931
10478
8196
9461
10222
14998
10460
12478
9384
7889
9419
8946
7892
10173
8260
9093
11651
14528
8947
9822
8287
8368
9112
8487
9107
8153
8427
8803
9277
7570
7760
10260
9188
8815
18408
11050
8015
176797
9540
8630
7825
8122
9012
8041
7932
10184
8812
18456
11656
9352
8232
8374
9428
7905
11590
9133
9549
9100
8864
8202
8023
7626
8546
7953
12171
11061
15527
8256
11549
8984
8895
8629
8194
7955
7626
8121
8960
9196
8390
7844
8155
8258
9154
9707
8174
8540
10024
13777
11897
12378
8552
8182
8231
9035
8564
9840
9014
8756
9066
11102
18818
8560
7768
9278
7983
9596
9276
22891
8543
8981
9019
8159
9471
8380
15805
14958
11233
8593
8498
9213
8424
11207
8144
8815
8237
9065
9271
7669
10710
9700
10452
15839
9408
7933
8060
9716
7661
7920
9435
7652
7963
8443
8555
7801
7985
8687
8237
8576
9044
9445
8239
7311
7769
7810
8737
8082
8652
8497
7753
10035
11088
11381
16183
8876
9861
8919
9381
8146
9281
10039
8349
10324
15131
10400
9402
9644
8917
8426
9072
7691
9334
9268
7917
8259
8013
8060
7886
9322
7517
8436
7641
7638
11462
14212
12208
9420
9904
7835
8858
9055
8554
8033
9367
9169
8536
7637
9047
8241
9495
9711
20487
8455
8697
8461
7900
9148
7741
9839
8743
7649
9090
8469
8832
8736
8434
10389
8690
13212
16052
8779
8307
9722
8488
8049
8185
9340
7564
8175
9276
8091
8043
8705
10125
9238
16068
11176
9415
8191
7967
8183
8479
7919
8274
7532
8282
7939
11017
8114
8842
8651
7929
8389
7604
7717
9017
7630
8314
8074
7880
7928
8096
8893
9102
8274
9540
9420
10210
15502
9991
9266
8353
8372
9297
8944
8114
8373
9028
9396
15550
14488
10018
8839
7970
9099
8510
10597
8820
9270
9019
8193
10277
10232
9204
15333
8813
9740
9820
8934
8295
7614
7829
8785
8068
9100
8022
8592
9117
7509
9020
9111
18961
11671
8633
8774
8533
8170
9132
9091
8200
169125
11546
9025
8200
8440
8179
7808
8550
9920
8142
8154
9068
8954
8206
9400
8271
8893
12709
7713
9018
9679
9097
8498
8465
7572
8661
8818
8838
9331
9240
7772
9209
9076
10770
15994
9179
8253
8847
8850
7991
8542
8054
8341
7828
8349
12159
7537
7995
8403
7613
9199
8389
7754
7821
8369
9763
10347
9079
9630
14168
11095
7783
7963
9420
8735
8786
7992
8226
9215
8230
9295
7936
7822
7760
8279
9077
8211
8501
8435
8837
7728
8005
8863
8943
8587
10059
11352
18918
9538
8717
7894
8754
9266
7564
8841
9608
8180
9693
10365
11098
12544
9219
8971
8993
7995
8500
8165
8428
7795
7813
8940
9442
7928
8279
8271
8071
8011
9000
8176
9846
11585
8853
10796
14597
10666
9307
8581
8484
8893
9103
7976
7991
9398
8676
7934
7767
8819
7598
15514
16041
12076
9451
8507
8926
9322
9840
8700
9964
8190
9984
18701
9390
14430
9728
15163
8471
9406
7802
8185
11784
8194
8820
7692
7849
8451
7919
9230
8725
8069
8547
8295
8966
7640
9252
8012
8724
7764
9646
9588
9199
9834
15034
9218
9928
8154
9436
8461
8420
8154
7615
9136
8568
7997
9236
7670
8028
8214
8303
7880
8696
7711
7512
8239
8215
9014
7580
8950
9281
8711
8164
8697
9667
10588
15765
10517
8812
9700
8205
8430
8605
8969
8553
8437
15763
18122
8747
9225
8631
7884
8062
15136
14326
10915
8915
11775
8182
7791
16700
15569
9425
9567
9025
8764
7841
8364
8875
7531
9798
8943
9189
7434
7530
7782
8361
7527
14452
9435
15217
10294
9708
8308
8840
13341
10444
13102
13461
9899
8180
9298
11275
7568
8167
9020
7712
8969
7764
9413
7773
8115
9006
7658
8393
7860
8371
7673
8399
7950
8023
8249
8865
8149
10000
159415
14880
11319
9405
9623
7883
7752
8276
8158
7957
8475
9282
7630
8050
8489
9182
8569
11515
9095
11082
8192
7589
8935
8037
7969
7825
9626
8747
8226
9307
8270
7994
8102
8745
8398
8874
11138
14666
11426
8877
9352
9040
7953
7551
8601
12317
9401
9502
13609
16874
10660
8823
14198
15256
9549
9206
9591
8193
8480
8547
8676
9350
8635
8432
8269
8455
9138
8401
10247
10834
16624
8599
8984
9026
7817
8142
8577
12976
8314
7856
8365
7432
8409
10205
8947
10505
15336
9220
8615
8087
8499
8203
9345
8613
9386
8519
9241
8520
7666
8721
7738
8977
9205
8259
9205
12039
18676
9819
9681
8394
8595
8996
8599
7791
8360
9670
8912
9046
15685
13589
9271
8394
8328
7961
8396
9456
7703
7914
8205
8767
9041
8068
8163
7712
8547
8712
9422
8303
9505
10830
15484
10400
7629
8558
8769
7956
8265
8957
8219
8584
8421
8839
8132
8824
8009
18174
13474
10680
9363
8531
7647
7782
13753
9222
9581
14109
14965
8656
8607
20020
13594
8605
8758
8650
8706
8552
12830
7999
9405
10327
11528
14686
8594
8641
10203
9332
8155
8187
8371
7447
8493
9221
8394
8393
17598
14343
9102
9240
8615
8004
7581
14745
8203
9005
9318
15876
11211
8720
14533
7589
8304
9512
18548
9540
9299
11577
9525
10030
8194
9601
13715
11548
11451
9132
8707
8164
7771
8174
8842
7934
8317
7487
9516
8600
8087
7931
8394
9009
7991
11028
15458
11785
13858
8287
16656
8738
9144
8475
9014
9450
8091
8007
8162
7943
8885
7696
8000
9811
7859
8003
8594
7991
8855
9366
8933
10302
10154
13905
10717
8446
8656
7684
8103
8420
9533
9966
8333
7842
7979
8168
8646
9569
8217
7788
8575
8154
9198
8469
8387
10361
8841
12427
123528
9025
8363
8383
8458
9230
8394
7712
8830
7945
8417
8750
8855
8035
9703
11138
14923
11332
8914
10196
8632
8833
7746
8606
7790
8112
8155
8034
8620
8334
7679
8976
8683
8783
9158
8512
7609
8553
20456
9018
9918
8161
8785
8402
8889
16389
12127
16928
9633
7839
8029
8126
19896
12383
8492
9526
8595
8487
8629
14437
9620
10851
15953
10746
8138
8071
8317
7887
8792
9345
8877
7548
8495
9076
8240
7729
8581
10652
9420
10251
14559
12915
8135
9510
16310
17909
10086
10019
9093
8188
9767
15649
14617
8147
8497
8286
7843
8350
14480
7511
8474
9222
9210
7748
10161
8347
9806
15551
12200
7846
9142
10318
8231
7728
7407
9102
7533
8061
8100
9164
8818
8396
10024
10405
15482
9257
9372
9482
8213
8794
9441
8011
8960
8349
8663
7702
8738
8319
9207
7896
7769
9032
8623
10568
14812
15994
8011
8602
8820
8138
9200
9179
8148
8984
8865
8940
9221
13307
13235
9500
7842
8860
8516
7604
8558
8775
7835
9200
7991
8380
8628
9000
7884
7969
8614
9169
13203
9995
16103
8214
8555
9292
8379
9763
8516
9259
8557
9380
8454
8164
8353
7779
8208
8156
17251
12707
9174
8278
9482
8228
9379
15769
9605
17881
10072
9359
8915
9558
18635
11159
7701
9377
7943
8004
8600
14923
8027
8776
8637
10031
10790
15771
15663
8953
7969
9353
7702
8637
10947
9410
16159
7988
9635
8647
7967
9440
8804
7784
8386
10798
7592
8078
8035
8466
8109
8716
7700
8047
8415
8932
10274
11189
17830
12246
7784
8774
7876
8600
9620
8422
8873
9439
10770
15761
12756
8748
7744
8786
8174
8032
8897
8316
8630
8040
8164
7666
7805
8330
8317
8744
8661
8036
8383
8750
8897
7535
8458
7774
7611
8329
9107
10643
119955
13381
8558
9533
8090
9094
8815
7615
8746
8272
8529
11173
8548
7805
7771
8760
7391
16956
8561
9238
8109
9289
9412
8235
7955
7974
8542
9903
10541
12179
12832
7835
7610
9578
8952
9235
9268
7587
9308
7887
7979
7876
9138
9484
7666
15525
15792
9839
8071
7894
8832
8905
10828
8779
8820
7979
8691
9009
8381
8377
7613
8533
7629
7815
8548
8316
8101
8384
8309
9415
11101
15031
9718
8815
9261
10136
9084
9416
8852
7543
9321
8650
8154
8411
9548
10325
18473
9811
8759
7843
10226
9814
8192
8015
8620
7591
8477
7951
8401
8593
7686
7971
10717
9620
9615
15143
10446
10441
8496
8172
8475
8299
7979
8664
8195
9190
7793
8198
9207
8175
9251
7570
8551
8193
9701
10759
10756
14286
8900
7813
9092
9452
7985
8669
14547
9818
15306
11402
9186
8671
7879
9562
8373
8630
7990
8235
7905
8688
8933
8667
7944
7928
12768
18641
8988
9458
7995
9087
9014
14271
16585
10123
7766
8659
9520
8405
10866
8000
8354
7910
9177
8912
8286
8457
10164
9027
9854
15873
9214
8610
11103
9304
8608
9071
8600
8875
8492
8182
7806
9102
10770
14128
11990
9384
9031
8859
7923
7947
9402
8716
9182
8661
7796
10066
7592
8326
8329
9439
9074
8920
11205
17597
8301
9685
9533
8005
8172
7779
9776
8947
8522
9960
9847
15849
9800
8371
8111
8207
8153
7992
9910
7969
7974
8223
11484
9800
7849
7743
8169
8972
7697
8598
7854
7576
13013
12241
14661
9306
8598
9855
7824
10677
9213
9193
10716
14361
12086
8979
12492
7712
8669
8394
8866
7809
8695
7780
9623
10407
10625
15737
8871
8967
8028
9446
8985
8673
14740
13892
15775
11016
9418
8129
8092
11207
9172
13392
15422
8665
7882
9198
10134
7984
131107
8193
9051
8577
8554
8348
10263
9131
8355
7733
7850
8478
8759
8840
9304
7786
8371
19269
9096
8051
9292
7917
9402
7505
7933
8182
8022
7917
7905
8548
8374
8215
8798
9335
9641
10251
15605
9416
9464
9859
8487
7792
8648
9358
7542
14603
8544
10471
16147
9038
8335
8805
7955
7617
9495
8322
10689
9217
8082
8801
7569
8397
7572
8018
8855
8688
8982
8100
8862
9529
10299
15409
9619
9385
9040
7890
8807
8019
7850
8086
8798
8699
9620
7976
8394
8130
7425
7883
8239
7901
7870
8349
8132
8135
8258
9027
8985
9482
7913
9522
8365
9446
9703
21324
9800
8445
9009
8664
8367
7753
7980
8353
8666
8495
8315
8714
10748
11657
14331
9129
9122
8615
7641
7956
7764
9580
8630
15847
9723
14523
9903
8881
9511
8958
14077
11717
15369
8944
8534
8131
7954
12898
8353
8034
9228
8394
8237
7553
7544
9041
9418
8150
24298
8618
8596
7948
8476
8753
8387
23045
11345
7790
9597
7620
8022
7586
16189
11847
15392
9583
9257
8280
7972
12728
9042
8384
8097
9337
10883
15310
13585
7732
7786
8685
8960
9215
8918
7935
8897
7481
7789
8364
7997
9215
9281
7901
8051
9135
10969
20015
10508
9149
7640
8128
8208
9245
8736
8275
8092
10125
8026
9324
13506
14724
9338
8677
9021
8903
7975
9102
7638
8670
7787
8978
8313
8080
8256
9114
9235
8722
10832
16369
9553
8629
11062
9174
7972
7866
8192
9598
7628
8410
9496
8103
8585
9630
10829
11457
14177
7982
8615
8154
8968
8813
7851
8597
7982
7791
10099
7924
7923
8172
8832
9402
7946
8618
8092
7858
7961
10558
9295
7683
9800
10528
15573
9455
10986
8697
8809
8061
8208
7764
8943
8663
8738
7766
8032
8332
8382
8494
8637
8608
164559
16659
8174
10624
8537
9144
8579
9682
10602
9045
16134
9807
8225
8148
8812
9666
8176
11876
14473
9394
8204
8198
8472
8040
9173
8836
9410
8194
7741
8414
7833
8370
8615
8742
10318
11651
15493
8472
7930
11110
9056
9114
8756
9365
8673
17121
17309
9817
9688
7721
9228
7822
25241
8543
7573
8800
7836
7933
7805
10164
10153
10925
16163
11014
8226
8824
13213
15152
12102
8939
9451
8957
8823
14980
18660
11752
8275
9743
9321
7830
15954
14124
9086
8959
7800
8957
8436
8337
9673
7728
8631
9971
7848
8495
8635
9261
8552
8150
21109
8640
8958
7870
8251
7892
9448
14779
7747
7978
8207
8271
7634
7717
8123
7683
8149
8114
8630
8692
7580
9017
9872
16306
11699
7575
9007
8600
7814
9544
8071
9743
9681
10494
9626
10264
19261
9057
10031
7911
8826
9377
9239
7591
7748
7712
8492
8901
7962
8374
7839
7466
8419
7692
8562
7764
8436
8031
8013
9488
10699
15943
10117
8463
10228
9661
8222
7528
9136
8049
7943
7996
8001
8105
8209
9417
8011
7977
10622
8378
7579
7814
9223
9153
9352
10388
15271
9797
9529
8934
8974
8023
9145
8031
8875
9282
10030
10438
9800
15163
10256
8795
9643
8065
7864
8303
7870
8772
8495
8320
8828
8582
8729
8906
8538
8929
8955
7969
8646
8369
9583
8989
10766
16917
13593
8410
8379
9216
10113
10260
15390
13390
7707
8070
8367
8430
12271
8002
13753
15342
8375
9199
8029
8353
7755
8748
9632
8294
9545
8253
8599
9437
8075
7728
8092
7939
8491
8347
7800
7466
8694
10244
9985
8917
9593
10025
15556
8600
8542
9597
8883
9331
7654
8328
10821
8986
8248
8192
8214
10511
15539
14973
8982
8988
9470
8733
8028
7793
9413
8664
8346
9006
14820
14065
123843
10578
14972
9476
10031
8941
9474
8519
8116
7724
8836
7618
8555
8781
9068
8130
7415
10921
17561
9872
10294
8714
9392
8563
8638
7589
9641
10093
10149
15009
9243
12697
7892
8772
9071
9381
7421
7748
9226
8958
9687
9366
15334
12269
8837
8950
8245
8136
8266
8590
7748
8241
8050
9589
8761
8038
11327
8047
8315
8225
7756
8602
10696
9927
14643
11233
9679
9501
7817
7564
9150
7586
8779
8316
8815
8916
7587
8170
8138
7533
8984
8254
7984
8848
9569
8970
9663
10116
19680
8315
8820
10521
8155
7641
10464
12153
18108
12071
10091
7992
8244
8994
7935
8270
9837
9494
12997
14192
7948
9823
9587
8194
8805
8043
7809
7889
7984
8748
7654
8408
8096
8000
7859
8140
8989
8835
9077
9410
7874
8591
7684
8872
10096
10221
16389
8975
8887
9361
8704
9172
8900
17533
14178
9126
11015
8654
9371
7860
8916
7711
7666
7913
8491
8636
8813
8210
8609
7966
7641
17876
16597
9213
7878
9528
8497
9318
17551
13272
8133
10080
8837
7951
8699
14483
9214
15937
8830
10869
9062
8232
12572
9289
8532
8103
8528
7528
7631
9168
7769
7503
9756
11005
10852
14121
10416
9222
8158
7827
8899
9566
7571
8504
8272
8846
8562
9022
7822
7892
9387
8641
8545
7883
9049
9415
13241
20773
9337
8011
8158
8449
8108
9889
8505
18556
8406
9498
9125
7794
8016
8279
8206
8297
7918
9018
8181
9043
8400
8565
8205
8626
8374
8312
8271
7848
9460
8895
7912
10056
11005
14639
9594
11773
8221
8252
9845
9175
8315
8767
20461
9877
9495
9020
8429
8042
8436
15685
11191
15605
9284
9087
8408
8576
10927
8443
8227
8614
8371
8133
7482
8875
7907
7703
7619
15189
18536
9777
8444
7871
7796
8635
15994
15363
117471
9133
8387
8936
9349
8109
8185
9049
9042
7532
7834
8207
8615
8782
11025
9879
14349
7871
7466
9184
10497
10505
15469
8379
10625
8029
8171
9457
8754
7667
8614
7991
7900
9412
8943
8685
9264
7620
8320
9312
9620
10102
19411
9633
8198
9041
9847
7910
7987
19778
11205
8089
7654
9923
9074
8202
17682
13088
12916
10569
9874
8109
7671
13539
10010
14950
9168
12512
9360
8147
13529
11160
10651
9199
15712
10466
8829
8019
8720
7590
8992
8848
8821
9266
7758
8920
9385
10514
14605
10354
10630
9735
8774
7954
9357
8653
8975
8151
8890
10450
10155
14174
12355
9235
8323
8498
8881
8220
7787
7886
7622
8834
9303
9082
7600
9194
8884
10185
10735
18468
8789
8582
10421
9687
8862
8410
13023
18034
11400
9259
9439
8854
8781
12543
12779
11907
8512
8003
8726
9435
11007
9190
8039
7978
8746
9392
8499
7851
8055
7791
8497
8655
10182
9881
12941
13424
8702
9417
9572
8834
9288
8669
9169
8643
7648
8039
8542
8811
9106
8510
9546
15534
10011
10479
8510
8002
9390
8555
8391
8992
8856
9335
7540
15808
17708
9543
9000
11153
9989
8815
21708
7953
8177
8856
8447
9282
7840
15763
15353
10874
9122
9175
9097
8651
9416
7713
8542
7614
9507
8874
9026
7730
9642
9762
14091
12618
8053
8127
9351
9145
8588
9288
9475
8233
8582
8193
8751
9218
7788
7797
8424
9415
9827
8431
10430
14933
10842
9358
8021
13355
11003
12091
16481
8557
7673
8803
9007
8446
9203
9486
8348
10494
8348
10420
15085
10351
8904
9221
9427
7546
8173
9261
7601
7862
12049
8394
8563
9174
10058
10725
15345
12595
7748
8497
8131
8721
9055
9758
9046
10874
15181
9055
10418
8997
8590
8366
8737
7698
7662
8565
7761
8617
87253
10520
8708
8476
9558
8149
9384
9278
9266
8523
8796
9005
8927
10102
15706
13173
8312
11348
15397
9698
9274
8309
9725
10666
8002
7525
8410
7801
9176
9409
8877
9280
8948
11171
18942
9506
9096
7694
15931
14657
22503
12513
14460
8684
8070
8454
8194
8602
9404
8592
9317
7480
8256
7680
10239
8735
8205
7746
8589
8780
7892
10651
16338
10683
8956
9432
10501
7592
7960
7872
11883
7756
8356
7993
8452
8747
8696
8189
10146
18067
10401
8251
8692
9780
7633
8588
8848
10224
9559
11025
15362
11164
8230
9266
7936
9520
8487
8200
8086
7743
8032
8395
8329
8403
9427
10153
7591
8778
9525
10165
9508
16084
14539
8210
8964
8251
8825
9265
9628
12663
13594
8569
8742
9327
9610
9121
8224
9066
7687
9403
8341
8533
8757
8032
9109
8077
7988
8013
8517
10268
8707
10846
16543
10298
9429
8530
8659
7640
7939
8835
9015
12208
10348
14697
9612
8981
8126
8493
9233
8557
7940
9002
10841
9253
8551
7840
7707
9574
9618
15757
13574
9476
7925
8564
7905
7415
9575
8664
7952
7784
16056
14241
10380
8086
8327
11004
8538
8898
18631
9913
8995
8472
10019
8586
13155
9986
14845
10214
8708
9513
8202
8399
7913
8268
8598
8753
8456
9380
9028
9108
8098
8816
7830
8129
7644
10386
9300
8162
8573
9169
8047
7901
8220
7993
7938
8632
7742
9097
9156
8548
7676
8532
9080
9180
7550
8088
8937
10609
10159
14650
11356
8630
9218
8588
8806
8434
8235
8302
9476
8151
7782
7611
7521
8997
9215
7861
8189
7692
7661
8498
8765
10313
9191
9764
14352
10074
8782
9400
8458
9259
7870
8756
14502
8800
10361
18127
9807
8247
8729
13379
13227
15735
10141
9170
8661
8737
10766
8280
7783
8435
7935
8437
110152
7713
8794
7953
8378
8289
8735
7828
7776
8724
9087
7772
8093
8015
8256
7794
7482
11461
16710
9403
9595
8579
9278
8768
7620
7356
7982
7956
8850
8816
8110
16462
17268
10787
8565
8079
9094
8447
14317
11087
13752
9641
10028
8999
7927
9477
9190
7899
8846
8663
8873
9618
8953
8968
10816
12501
13579
8787
8480
9482
8170
7984
8068
16599
13057
11701
9079
7671
8423
7975
15706
8986
7447
8978
10803
11482
16815
19682
13978
10580
8807
8061
9462
8715
9254
8705
7641
9157
7473
7750
7718
9264
7604
7788
8352
8863
7574
8151
8376
7703
7711
8680
8214
8130
8375
8515
9107
8683
7825
7731
8484
8424
7911
7645
9014
10259
10626
15552
8632
8389
8164
8976
7612
9988
7856
8266
8372
7770
7732
8405
8673
9562
9093
7368
8116
7601
9068
7707
8840
8997
8088
17120
14456
10124
8723
8400
9060
8499
14723
9419
14614
13697
8812
9021
7624
24601
8426
8875
9469
8094
8190
8394
10774
7845
9259
8125
8815
7562
7451
9205
7940
7871
7572
8160
8816
8483
7797
7652
9570
12097
9387
16144
8617
9236
7813
8643
9531
8030
8225
8314
8010
8063
9543
8177
7782
8217
8788
9513
8403
8453
7651
11018
10133
10352
15899
8983
9570
8784
11211
7738
9300
11080
18674
11430
9090
9723
9066
7487
7890
12620
13635
13527
11615
8839
8106
7672
9235
8158
8284
8093
8149
8136
8372
8399
8210
7723
9688
8534
9674
14628
11870
8140
8779
9191
9285
8153
8230
9321
7877
7600
7488
8697
7561
9097
8462
8314
8517
8371
15339
15745
11430
7876
8538
9235
8735
8013
7644
8230
8774
9110
8376
8720
9409
9792
10965
16808
9382
8816
8791
9225
8436
7789
8444
7711
8655
7774
9665
7564
8718
7762
9334
8188
141825
15632
8432
9017
10020
8450
9434
8098
7994
7495
7590
8224
8135
7758
9345
9181
8010
9611
8476
9085
10661
12727
13533
7652
8845
9121
8477
7912
8019
8876
8054
8542
8704
8141
8934
8226
8677
7982
9031
8439
7942
8392
8375
9033
9156
11317
18765
12570
9744
7784
9765
9057
10475
14122
12066
9538
9214
8466
7620
9218
8735
8758
7912
9039
9163
8109
9117
9512
9312
9567
14293
11231
8364
8285
9399
9038
9394
9192
10297
9012
9749
10555
14755
11018
8471
9451
8882
8774
8961
7612
8856
12805
10955
17730
10277
8763
8439
8834
10912
8979
8752
10892
15511
9582
10159
11354
7618
7400
7867
8686
9319
8332
7999
7620
8498
8759
7718
8550
7811
8271
9020
8615
8585
8940
8491
7523
7666
8351
7404
8392
8637
7745
7605
7979
8809
7496
8493
8887
10788
9992
12227
12686
8472
9114
8397
10403
8617
7834
8123
8654
8404
8620
8082
8033
8156
9856
8564
8483
10556
15422
10867
8736
8744
8635
8302
8340
9000
9391
7566
7871
8815
8314
7893
9041
8824
8011
8364
8432
8815
10693
21037
9190
7758
8846
8785
7927
7747
7834
8071
8707
9790
8753
8174
8642
8293
10848
10431
14846
9000
8194
9874
7687
8621
8495
7972
7831
8607
10355
8296
9167
8008
8587
7933
8828
8219
7980
8084
9032
8893
7599
8711
9676
8225
9004
10059
15036
9666
8145
9497
8910
9595
8396
8802
9479
8172
9224
8772
7840
8646
7740
8558
7979
8210
9848
10623
15960
9719
8149
8531
8789
9307
8757
8472
9275
7907
8237
7946
7735
8072
7765
8385
8459
8576
9342
7444
9170
9021
8615
7876
8230
8331
11505
10089
17957
10696
9638
7907
9235
8785
8421
10123
13586
13855
8907
8375
8878
8695
9380
9604
8566
7430
8996
183060
10355
11241
14328
9512
8479
8525
7794
9186
8629
8693
7957
8408
9067
8702
7594
7737
8389
8282
8477
9714
8470
8979
7469
20133
11032
8441
7798
8986
9527
8815
7764
9026
9294
9482
9549
8974
9010
8947
8853
11088
14998
13286
11220
8528
8055
8061
8188
7673
7777
9501
7886
8182
8592
7839
8192
10055
8555
13432
13193
8871
8048
8056
8912
8676
8825
8338
7666
8998
8960
9053
9017
9014
7763
9965
7910
10108
12681
17899
8010
9924
7939
9626
8406
7846
8537
8460
8281
9405
9427
10350
13643
13869
8476
8567
8886
8595
8951
8194
9036
8517
7832
9087
8815
7911
7518
7522
9838
9851
10593
15588
9076
7953
7990
8621
9655
8866
8570
8599
8435
14668
11035
15972
8814
10099
9582
8608
7830
8594
9144
8641
8183
7765
8218
7874
8215
8610
9094
12747
19656
10739
9916
8686
7870
8112
12917
14928
9853
7586
9189
23535
13744
8884
8334
8047
9752
7995
8615
9129
8881
8384
7508
8973
7835
9084
9378
21049
9376
7826
8304
9523
9013
8615
8276
8811
8598
7728
9107
9563
7692
7940
8676
8835
16569
9249
8214
8373
20503
18944
8789
8959
8008
8179
9769
9518
13322
8525
11095
7915
9374
9199
7782
9029
8439
7649
8312
8081
7733
8271
8300
8696
8883
8237
7994
7750
12133
9696
9692
12493
13853
9661
9467
11663
7930
8577
8235
8615
10644
15285
11753
9077
8758
7902
8241
9074
10051
7569
8979
7962
8261
9163
7577
9784
10523
13432
14562
9703
9336
8530
8171
8133
9623
7683
8112
8582
7645
8047
7537
8133
8759
9400
8430
10230
9887
13179
14852
9115
10335
7738
8635
8135
7462
14236
15629
11205
9292
8800
9323
8188
10334
7664
8849
7758
8712
7951
7570
8205
8286
7606
8201
7733
18208
124508
14544
8027
9669
8516
9376
9205
23615
15056
8244
9952
8046
8720
8976
17189
11692
9784
10094
7708
7846
7694
20698
14738
8485
11491
7604
7918
8389
8877
8302
8504
8781
7571
8338
8076
9445
9582
7912
9662
11252
14800
10735
11721
9124
8683
8989
8620
9995
10482
10641
13471
9191
9605
8689
8629
7558
7870
7755
7611
8400
8502
8234
7538
7907
9128
7512
8866
8293
9140
8262
9919
18235
9158
9060
7903
9089
8885
11153
8436
8476
8701
8333
8423
8603
13035
14157
9205
9476
8135
8738
9203
8177
8128
8018
7557
8815
9012
7651
7762
8040
8290
9119
8541
8073
8392
8007
8352
8470
8329
8368
9276
9964
10595
15264
10643
9127
9605
8917
8623
7420
17020
15014
10364
9294
8593
8627
7975
9102
8871
9056
8513
9256
9285
8230
9274
12400
17903
9515
10594
8712
8546
24005
8240
9444
8153
8329
8289
8395
8113
8633
9441
7683
11261
9492
10693
8683
14935
10243
7766
13333
8405
8035
8182
9033
7630
7970
9139
8665
9428
9581
16214
10969
9054
9260
9127
8373
7947
8479
7991
8235
9005
7694
7780
7831
7611
9057
7532
8443
7633
7782
8414
7775
8352
8110
7678
8979
8512
9256
9205
10475
9657
9052
11348
16634
13585
7492
8929
7969
7792
9231
8253
7655
9094
9764
12909
13560
8575
7791
8753
9425
9057
8038
8387
7701
8128
9205
8233
8838
9109
8559
18153
13280
9138
9009
9658
7864
8042
14383
8212
11293
15645
10289
8820
9344
9901
7821
8771
8902
9384
8674
7550
7714
8960
8473
11600
12810
14383
8235
8211
8813
8682
8554
11316
9024
8117
8788
9580
8985
10256
8590
17977
9128
10795
8060
8632
7956
9054
8374
8737
7912
8115
9341
7928
8535
9949
9883
11794
13739
9891
9804
9603
8997
152992
8030
8861
8634
9052
7810
8236
9006
7667
8595
8482
8970
8676
8785
7959
8821
9395
13113
7942
9399
8220
10155
9347
9126
14153
10971
8376
8157
11400
8492
8199
9227
8404
8631
8620
18353
11974
8575
9682
8733
9103
9352
13445
10418
12065
8158
12979
10640
9019
8412
9128
8471
7994
9397
8375
8551
9127
7821
8305
8175
7881
8682
8781
10061
10979
17487
11526
8290
8520
9564
9107
9743
10482
15705
10093
9563
8994
9546
8150
8538
9136
7838
9240
7701
8492
8864
7902
8774
8700
8921
9517
13475
13805
8115
8623
9845
8753
7984
7792
11185
8571
8717
9005
8672
7581
8363
8504
8645
7614
8404
7975
8482
7445
7718
7937
8418
7738
7986
9866
7946
10458
10285
15559
10666
8217
8213
8340
10616
9027
8292
8674
9509
8682
8253
9315
9531
18577
10587
9680
8182
8174
8210
8938
8723
9047
19472
11112
8895
9461
7758
8395
7977
9212
122065
10099
17260
9011
9161
9328
9123
8607
8201
9034
10495
7627
7839
8341
8645
10030
15795
10076
9507
9641
7935
8297
12722
7985
8093
8501
8981
8058
7684
8121
9187
8327
10108
8561
10876
17866
7769
9771
8210
8202
7974
9413
8273
9371
9026
7753
7779
9419
9013
8752
8794
9304
9871
15205
9449
8591
9573
8635
9772
8674
9199
7557
8623
7593
7996
7879
8081
9088
8066
9830
8230
9059
7537
10545
14258
12623
12443
8348
7525
8520
7960
7598
8451
8516
7861
8162
8501
8017
8190
8419
8603
9051
7593
8298
8477
8389
8072
7956
7995
8330
8208
9225
7680
8783
7789
9436
10866
15757
10812
9787
9675
7570
8933
7642
8925
8502
9011
7906
7956
8331
7510
8969
8924
9375
9948
8835
14069
14562
10983
8237
9239
8960
7439
8617
7958
8562
7895
9409
16125
89944
17307
8856
8098
9542
9556
8721
8066
8235
7912
9944
9239
9623
12092
14380
8105
8186
16846
8395
7902
9548
9455
10101
15006
10231
8163
8441
7992
13640
7815
8163
8068
8028
9158
8815
13186
16143
9194
9998
9364
7972
8817
13778
10817
15525
9083
9546
9239
8441
13731
8375
8991
8328
9285
11109
17072
12385
8852
8326
9608
9845
8840
10830
15482
11600
8973
9020
8400
8776
8682
7924
8213
8414
8235
7851
9322
8738
8978
10710
11420
13010
10322
9977
8638
8392
9341
7861
9126
8288
9714
7965
9075
9135
8872
12148
15236
10094
9020
8289
8310
8385
8748
8498
9046
8606
8621
8365
7866
8477
8822
9072
9146
8466
10148
10653
18659
9441
7947
9184
8837
8180
9207
8511
8294
7817
8609
9846
11206
14639
9851
8475
8213
9540
9050
8050
8748
8921
8251
8225
8135
7527
14630
10210
16017
10120
8441
8928
9085
8160
8368
8974
7747
8409
8450
7741
8222
9248
9159
9912
13308
16339
8578
9848
9270
8377
8816
10457
8120
8446
9069
7873
8192
9636
8725
10471
12291
15254
8521
10177
9538
8726
9042
8070
8446
8520
9779
16008
13625
9622
8220
8310
10374
9072
8066
8339
7582
8187
8133
7897
7729
8228
8379
8171
7372
7585
8802
8594
8487
7632
8315
7770
8306
8793
7976
7757
8781
8111
10006
9356
13263
13451
8904
9572
8902
8605
8394
8023
7769
8758
7630
8827
7379
7941
7438
9247
7965
8517
14259
24578
10284
12418
13811
8249
8210
9229
7753
8465
8622
8173
9648
8174
8573
7406
8413
8154
10703
9600
9113
8164
9066
9914
18355
13142
9358
8181
8225
9553
9445
10805
18355
8403
8042
8415
9523
8572
7838
16506
15345
9526
8798
9197
8575
7808
14091
8593
8848
9860
13496
14140
9304
13788
9338
107353
9502
7891
7853
8001
8506
8406
11580
8876
8830
8460
8795
10256
18296
12811
9234
7451
18060
8302
10551
16014
10990
9226
8856
8970
9389
9691
9860
8374
8789
8967
10011
15449
10210
8436
13383
8171
8262
8556
7649
8372
7775
14485
16812
7777
8271
8783
9329
9070
13671
9084
7527
8286
7653
8492
8317
9459
10388
11948
13757
9400
9343
8387
8682
8624
8191
8553
7556
8465
8400
7983
7744
8432
8308
8727
8128
9227
7855
8488
8615
8841
8197
8416
7814
7912
7846
7578
8995
8964
7638
9890
11386
18182
10095
8894
8256
9236
9052
8446
8171
8126
9053
9520
10461
15262
9230
9246
9410
8366
8027
9441
8046
7786
8994
7578
8777
9099
7803
8517
8691
7613
8017
8595
8331
8197
7979
8155
9266
8594
8808
7911
7665
8180
7463
7675
8097
7898
7587
8931
9244
8230
8713
8717
10002
9922
16279
9210
9111
9000
8401
7953
8093
12061
8187
8633
9887
9928
9280
11830
17082
8304
7619
9415
8414
9117
8451
7790
9000
8013
8008
10252
8283
9851
8648
9630
9425
17584
8886
9619
9555
7492
9609
7533
7859
8453
9359
9655
11001
15835
9421
10564
9010
8866
7970
8779
8805
8041
9201
9221
8781
9234
7660
9630
8856
11013
8233
15784
9072
8676
11265
8474
8035
7770
8367
9206
7808
8785
8284
9487
10235
14531
10661
8994
9714
8651
8140
8075
15719
13553
15969
11394
7655
9458
8954
7973
9076
8654
8533
10261
19035
10939
10405
8629
8677
8543
7741
7622
9173
8416
9060
8883
10111
14799
10609
8014
8172
8540
8386
8978
8230
8195
8765
7635
7992
8953
8256
7540
8217
9230
8833
8484
8109
7834
7489
8949
7669
8517
7692
8555
7642
7857
8005
8171
10998
7854
8756
8819
8492
8010
7625
7908
8876
175694
8940
8386
7552
8687
8797
8774
7543
9889
9240
9435
10037
15564
9391
9158
8107
7908
9095
14175
10831
7951
8263
8975
8588
8815
9087
9738
11122
20112
7931
7986
8592
8148
9595
8702
12962
13749
12956
8343
9693
8808
9348
9835
9041
7811
8162
9419
8655
7897
8736
8036
8058
7970
8319
7900
13183
15860
9579
8215
9218
8191
8839
7998
9428
7794
8370
8790
9252
8480
9328
10232
10478
10743
17596
10109
7893
8651
10576
9431
9279
10231
15605
9595
9489
12069
8308
9106
8697
8842
8559
8942
7938
9047
10093
9641
15117
9044
8363
8533
8074
8657
8800
8199
8336
8076
8214
8263
8007
8397
9228
8800
8696
8405
8524
8297
7948
8356
7820
8786
9772
11356
11260
15017
8655
9764
7987
8394
8082
8516
9753
7678
8302
8523
7448
8793
9237
9004
9264
7667
8879
7541
8808
9451
9612
10457
18025
8717
7777
7957
10104
9187
9451
7741
8025
7551
7952
7831
9646
9197
8399
10586
13262
13114
9125
8141
7891
12080
7615
8512
9036
8381
8707
7822
8528
8887
7986
8590
8388
7605
9101
7523
7894
7770
12470
16123
10442
10032
8171
9178
7892
8710
8392
8188
7825
8316
8681
7701
7933
7815
7967
7973
8409
9004
8576
8854
7554
8725
7662
8194
8106
8481
7767
7989
18348
14472
9879
7939
8217
9104
8955
15438
18379
12251
20215
11904
11107
9062
8745
9364
8200
8497
8185
7711
7948
9292
9153
8074
8687
8858
11224
15582
14580
7782
7570
7582
8630
8815
10659
9351
8034
7543
8158
7933
8732
10082
7525
8697
9246
10046
16173
10200
8420
9441
8434
8121
7591
8774
9004
9137
8028
7650
8106
8899
9157
7635
8810
7548
9598
8424
10493
11810
16646
8192
9210
8337
8313
9295
8496
9652
7882
8577
7610
168722
13710
10050
8766
10565
8500
8589
9390
8693
10439
15955
9117
10041
8035
8336
9387
8461
9168
10261
10906
8604
8304
9492
8076
7953
8117
8016
9085
8122
8968
7812
8492
8456
8156
8635
8153
9408
8857
10830
9815
15799
9410
7775
7959
8897
9618
8342
9064
8577
9599
9606
8133
8052
8825
8167
9192
12921
17987
8994
9435
9666
9028
8412
12885
14934
9504
11199
9217
8807
9108
12928
8897
10159
16118
8563
8609
8022
11102
8964
7975
7974
8395
8306
10245
7410
8276
7822
8211
8056
8892
9564
9820
11215
15162
9849
8871
9159
8192
8594
8600
8035
8151
9411
8512
7742
8011
8469
8150
7992
8196
8930
8893
8174
9189
9712
10591
18743
10194
10164
7936
8059
9323
8754
8197
11564
10307
15050
10237
8314
9518
7839
12470
9179
8828
9251
8619
10600
10666
15269
8630
8456
9148
7816
8156
8918
9712
8102
9187
8333
7974
9234
9702
11006
15142
8012
9428
10219
8780
8307
9613
7993
8264
7909
8306
7880
8430
9543
8271
7910
9400
9278
9670
10117
21014
8474
8394
7625
8876
8526
9030
14227
14671
9286
10943
8035
9438
9251
7721
9254
8223
8712
8464
8123
9191
7948
8504
8115
8437
8322
7973
8216
7776
7673
7908
9220
9403
8844
11185
14807
10451
8635
10821
7957
9119
8811
7760
10729
8638
8124
9958
11069
15830
8373
10318
8833
7950
8331
9660
7825
8181
8291
8289
7532
8414
9110
8656
7892
9628
8825
9500
10241
7574
19945
10343
9264
8560
8715
9207
8363
8256
9718
8736
10666
16010
8764
11142
9353
8193
9058
9071
7875
9159
7651
8010
7743
8317
7645
8304
8287
8314
8524
8515
8888
8405
9160
10827
19275
9397
8413
9388
7812
8612
9261
7830
8267
8794
25625
16824
10946
8348
10475
8078
142302
15797
8969
8542
8887
9663
9569
7420
8003
8796
8288
8723
10049
13189
16630
10198
8831
8939
16801
9298
9420
9732
8282
7748
8570
8856
9654
8779
11140
15073
8549
9524
8218
8893
9424
9646
9133
7819
9020
7728
7988
8423
8451
7950
7559
8781
9825
11094
15878
11358
8255
8839
8916
8199
8564
7794
9100
8594
8169
8658
7534
7946
8743
7707
7977
8656
8257
9116
9480
8099
8282
8588
8517
8639
7819
8662
10281
15764
12859
10022
8131
8856
7928
8461
8493
9197
7957
8509
7985
7867
8667
8717
8830
8042
8602
9387
10866
17184
9883
18605
15456
9169
8389
10565
8056
8369
11374
7634
8613
7766
9933
10856
9081
10384
15271
9082
7860
8373
9577
8718
7934
7599
8315
8379
14716
9939
9432
11795
14516
8369
8055
13576
8973
8173
8636
8220
9574
9491
9181
13303
15194
9239
10314
9491
10144
9436
9847
14531
11938
8403
7682
8065
8231
8582
8200
8251
7958
9398
7736
8258
7865
7764
9237
8353
8545
8525
9053
8420
8323
7744
9117
8908
7890
8653
8872
11953
16315
9779
10064
10108
7485
7433
7777
9009
8153
7930
9408
8037
8154
8057
9339
8048
7947
9020
7459
9262
7762
7967
7989
8806
10492
8928
10235
14897
10206
8281
10592
8927
8022
15043
9895
18567
9186
10653
9123
8608
19028
10973
10321
8219
8252
8318
7984
10087
7570
8376
7786
9629
9178
7749
7911
8785
8814
8994
7773
10061
8590
10487
15610
11410
8871
13292
10843
10288
9086
16038
7967
8530
13826
7901
7892
9214
7802
8396
9194
8591
7607
9015
10621
18087
10780
10276
9687
8243
8254
9622
9479
10919
14973
10316
9184
9579
8400
8912
8236
7543
8553
7632
8262
7461
8170
8917
8573
8611
7574
8705
8774
7692
9148
9043
7621
8367
143969
16005
9156
8394
8613
8364
9035
8919
8054
8309
10379
11213
16002
10843
7681
9383
7769
8461
14314
10389
8522
12119
7878
7756
7923
8542
7941
9216
8724
8587
8481
10892
10207
15627
9252
8210
7847
8508
8093
7615
8879
9307
9022
9410
7631
8697
7950
8369
9197
8000
8856
8713
9015
8398
8097
8141
9689
10363
17494
11239
8811
8807
9305
7461
8384
8061
8179
8000
7868
9525
8953
9120
9595
8600
9234
14353
8550
8523
9061
8984
8349
9233
8748
8356
8613
8597
8696
7697
8856
8333
8623
8179
13371
14948
11324
7909
9284
8392
8153
10811
8943
9302
8779
8600
7579
8073
8117
8282
8922
7916
16788
12895
8629
7922
7962
7891
9999
9638
8696
8208
9008
8598
9278
7903
8196
7614
7754
8395
8066
8501
7872
8728
8861
7702
8676
8414
7834
7847
13173
20394
8624
8825
9039
7981
9652
10802
9477
15121
10841
8280
9858
8218
12867
8364
8611
7932
7456
8432
8372
8733
8003
7713
8608
9264
8425
8371
10199
10069
14358
10032
10502
9529
7863
8492
9230
8089
7798
9010
7659
7880
8051
7928
7638
9128
7846
8756
9203
7388
7712
9021
8902
7903
10352
11125
14136
11215
9894
7994
7887
12912
16974
9492
21830
10561
10482
8991
8078
8508
8160
15042
10825
15947
10564
8418
8199
8133
8046
9263
8810
8253
7679
8609
7597
8140
7862
8798
8189
10131
7965
9436
7796
8223
8549
7803
8998
7712
8627
7545
7984
8879
10403
7971
8755
8005
8511
7766
8843
8251
7763
12332
20327
13933
8105
10740
8015
9603
8554
14723
9123
15940
8789
9636
8004
9859
10817
7790
8271
10835
8940
8466
7885
8289
10082
10584
16217
8978
9192
9088
8409
9481
8362
8613
9343
7941
8565
9416
9923
10361
13933
14404
11075
9202
9734
9931
10164
15411
8682
10182
9933
10133
8737
8374
7983
8645
8020
7572
8153
8401
8404
9013
18034
8227
9411
14117
11005
15993
10058
8415
9158
8582
10717
7475
8565
9258
7553
9239
8680
7776
8684
8802
9687
17724
10577
8956
9311
9025
8061
8350
7670
8979
7683
9178
8243
7755
8436
8175
8374
7676
8122
8356
7631
8490
9100
7991
8046
8210
7922
8929
8697
8484
7569
7704
9371
10163
8272
16419
10082
10163
9199
8173
7892
8413
9520
8221
8169
9642
8278
9299
7851
7810
8553
8768
8297
7986
15336
16410
8552
10054
9297
9053
8341
19523
10200
8596
9522
11099
7692
7692
12720
7456
7931
8358
8175
8494
7544
8584
9965
9118
10379
18161
9195
8039
9158
8312
8556
7776
9533
8593
7786
8668
7618
8633
7909
7861
8410
7781
9819
8741
8497
10134
9743
9302
13840
10810
8426
9070
8763
9179
9397
8047
7880
20900
14330
8790
9805
9011
8154
8714
8195
7851
8615
9641
7901
9415
9454
9882
17425
11375
12120
11870
9845
15022
11333
8276
8546
9619
7879
7344
7922
9419
8125
7728
7632
8541
7458
9325
7976
8806
8620
8081
8692
7698
7562
8476
8901
8253
8559
9238
8194
8533
9002
9230
11747
14671
11054
8037
8733
8236
8072
7921
8285
10153
8194
8403
9101
7748
8837
8604
9190
7851
9369
10693
9487
13427
12086
9582
8924
9628
8181
9184
8074
8072
7957
8538
7747
7851
7784
8277
7984
8433
9326
8540
8399
7896
7544
8147
7490
8256
7555
8214
8026
8238
7700
8406
9389
8572
8074
8625
9971
8984
12450
13753
9334
8743
9399
8312
7582
8607
8991
9234
8769
8035
7822
7973
8838
7802
8778
7639
7630
15324
18235
10202
7850
7761
8432
8269
14263
8567
10289
15050
10633
9217
8896
12071
156876
11546
9379
15863
8744
10415
7938
9196
8829
9228
8535
7830
9639
8713
7983
8660
7973
19225
10001
8214
9043
17805
15756
8194
9317
8538
8656
9710
18376
14957
8194
8543
10129
8818
9710
11160
9132
9943
9138
12555
14017
8448
10768
9047
8903
8778
8360
7810
8759
7743
9084
7685
8769
9045
7546
7676
8031
8584
7579
7561
9200
8797
8118
10179
11147
17266
10467
10425
8184
9299
7676
9014
7415
7830
7738
8167
8620
8726
7921
8056
8237
9371
9441
11126
15184
10122
8558
8447
8809
9194
8856
8681
9430
8647
9200
8815
7914
10003
11708
16141
9693
9197
7873
7836
8164
7989
8000
8173
8155
9343
8715
8045
8569
8927
8219
8739
8951
8211
9283
7550
8057
9577
9801
15979
14357
8746
8615
8048
8434
7917
10488
23267
9866
9215
9087
7897
8394
9614
17549
13570
8758
9620
9056
9074
7610
12528
7827
7402
8646
8012
8556
10369
7789
11228
13989
10867
9351
8838
9450
8858
7933
7507
10272
8174
8112
8175
8453
7902
7553
8491
7683
8987
7813
10128
7734
7430
8590
8364
8319
8360
9811
9010
9452
16200
8558
8938
9646
7955
7871
7454
8920
9245
7771
8559
7993
11676
9479
10339
18815
10218
9521
8748
9709
7873
8002
7507
7670
9441
7635
8516
7911
8197
7799
8024
7693
8415
25065
7811
7958
8197
8276
9594
7466
12803
8647
7857
8853
10406
10148
14289
9816
8474
9805
7951
9068
8159
7859
7845
8591
8443
9627
11210
8173
8574
7974
7987
8087
7995
8615
8497
9915
9609
15231
12705
8781
8032
7603
8295
8787
10669
8560
8943
9388
8534
8346
8282
8063
8913
10802
15745
9615
8897
9380
9409
9031
7996
11933
7655
9646
11286
19367
8968
9455
9035
9613
7966
8158
8512
7625
7887
9497
8550
141360
16166
8294
9440
7968
8062
8276
8133
9194
8914
7958
8666
8352
8482
8454
7612
8860
10466
10872
17536
9074
17610
15368
10632
10502
8856
7571
8900
11026
7805
8732
11717
9903
15821
8732
13919
7856
7661
8728
8112
7900
9310
9328
10232
9098
12641
14687
7866
7765
10221
8385
8310
9809
7708
9216
9023
7676
7612
8385
8768
7769
8231
10402
11198
17596
10818
8101
8644
9456
8598
8882
7769
8312
9262
9127
7962
8572
9089
8072
8878
10699
15990
9973
8981
8330
9636
7564
8134
9663
8527
8523
7451
7884
7595
8377
9928
7826
9421
8393
9783
9783
10716
15743
9720
8695
7750
9425
8885
9506
7653
8182
7939
7464
12144
7853
8877
9148
8183
9143
10456
8738
15539
9316
8275
10987
9419
8533
8801
7808
8804
9138
17353
15082
8410
9564
8669
9204
9037
23589
9276
8753
8018
9582
7843
8676
13929
10753
15506
9056
9117
9035
8724
11703
8309
8392
8002
7886
8120
7790
11283
9132
8449
10641
15832
9110
8108
9624
8596
8500
9930
8025
9446
8653
7921
8133
8856
7625
8999
8461
8837
10458
14521
14223
9252
8555
8238
8899
10985
10261
10403
16231
10441
9123
7738
10174
7831
8291
7651
9613
7688
8436
8472
8911
7884
8971
7602
8399
9477
8612
7611
8734
9230
9049
8657
10654
15632
8251
9807
8396
8501
8203
8720
9907
9265
7727
8512
7681
8215
8784
8347
10723
13899
13171
8946
7986
8909
7692
9809
9367
8431
7774
8779
9040
7410
8896
8917
8171
8430
16820
15701
8977
9857
8196
8796
9542
18476
11633
7707
7842
8856
8215
9569
15404
10263
9430
16127
9391
9129
9348
13628
9133
8958
8736
11696
14982
9210
11864
8396
8323
9242
7800
7769
8619
8223
8272
8649
7770
10125
8732
9097
7571
11276
112990
14212
11811
9422
9343
8974
9134
8281
8207
8549
7953
8704
7731
7589
8227
8652
8266
9302
9328
11133
17937
7611
9225
9885
7670
8809
8687
8125
9042
9917
7723
7775
8385
7889
8083
9494
8756
7823
10413
9045
15314
11123
8287
9201
8963
7858
9259
8805
9379
10407
7892
7702
8506
9220
11399
15338
12458
7845
7487
10041
8080
7917
7891
8820
8422
7751
7597
9369
9720
10780
14899
12305
8403
8657
8909
8800
8402
8183
8293
8469
9174
8056
8326
9200
7979
8598
7880
7596
9056
8328
9370
10804
19251
9518
7753
10000
8507
8569
7974
20511
11917
9607
9430
9477
8592
8736
14055
15666
10868
8792
7868
8646
8611
17003
9981
15408
8035
9480
8671
8595
11040
7830
9548
9974
8293
8018
8141
8733
10025
10456
18958
11451
9429
8316
8931
10162
11079
14758
14922
7899
8472
8478
8839
7682
7558
14398
9794
14512
10964
9484
7842
9136
15815
15385
11849
12030
9471
8287
7733
9175
9171
7391
9411
10451
10494
17512
13517
7812
8417
8659
9000
10176
10348
15066
10283
8707
8584
8656
8272
8560
7948
7830
8326
8164
7673
8242
8974
10948
8599
8873
8573
7630
9018
8233
7750
8400
8603
10440
15454
12304
9054
8854
7691
8227
8605
8579
7796
9314
7908
8797
7666
8615
7907
7627
8363
7799
8365
8221
9016
8792
8406
7957
8861
7607
8370
9030
8606
7846
8353
7548
9638
10297
13202
7497
8690
13423
7561
15967
8133
8553
7578
8712
9538
9596
7716
15679
10764
9087
8293
9436
9202
10294
9523
9052
8215
16728
12377
8877
8673
8256
8934
9781
15826
14389
13618
9889
8412
9337
7821
15702
15653
9299
8775
8002
9679
8572
12711
7591
8610
8457
8290
8855
11224
10479
15574
8923
9692
8021
8330
8001
8317
9664
97456
8415
8370
7789
7872
9200
9443
10299
15072
9478
8589
8671
8597
7768
8786
8961
8084
9017
8000
8133
10340
8928
11368
18027
9389
9369
8400
8294
9728
7783
8133
8513
7708
8637
8222
10551
11026
14826
9598
9643
8995
9577
8172
9418
8478
7597
9184
9257
8834
9000
10444
12174
14095
10194
10259
7824
11420
9220
8856
9839
9500
14573
11026
11282
8800
8191
8634
8943
8982
8112
8434
9869
9702
14160
14801
8643
8705
8512
8753
8430
9435
8622
10482
9688
15043
11957
8051
10841
8074
8337
9430
9078
7553
7854
8305
8258
8738
9300
8402
7652
8399
7959
8330
9073
9819
10610
15647
9757
9238
8159
7899
8450
8220
8726
9661
8278
7941
8361
8980
8245
9029
9056
9241
9584
10535
11712
12282
9045
10363
8682
8174
9160
7610
8286
8633
8869
8198
8542
8443
8775
8640
9146
8482
7780
8517
7812
8627
8848
9438
13031
17939
9515
8263
10050
10700
14582
10558
8707
8890
9335
9403
8283
8115
7652
8877
8032
12121
8997
9101
10661
16235
9431
9758
11519
7723
7790
8230
9222
8251
7901
8441
8374
8072
7919
7733
9165
8678
8350
10582
10165
13801
11499
9058
9005
8251
8937
8606
8648
8107
9503
8697
8721
8432
8615
8356
8877
7737
8605
7527
9907
10134
17420
11167
9340
8456
9630
20595
10931
7922
8418
13197
7958
8321
17552
13826
8940
8012
10717
8091
8666
14868
10338
12592
8978
9965
11980
8882
14580
10815
18360
9742
9749
9205
8363
10583
9436
11541
15125
10035
9456
9220
10028
8823
8540
9133
7797
9388
8811
8596
10448
9876
15123
12937
8012
7965
8615
9057
7592
8452
15780
16338
8349
9066
8234
7916
8018
16067
7985
10312
9312
18856
11046
9459
12729
11048
13065
12057
8586
8090
9276
11588
8527
76171
10959
14523
12042
7872
9259
8486
8623
8619
7555
9038
8836
9433
7811
7592
7834
8246
8698
7907
8358
7768
9046
7770
8451
9283
8455
8363
7876
8334
8376
8239
7902
8758
8051
8398
7996
7846
7873
8474
10492
9796
17856
10339
8867
7623
9699
8475
8348
8131
8764
9129
9643
7928
8500
7697
8400
7835
10422
10116
16196
9101
8298
8146
8906
8524
8661
8816
8179
9076
8356
8781
10544
8775
9541
9110
10901
15969
8736
10060
9316
8671
7868
10242
7742
8617
8587
8037
8590
9311
15883
13398
9692
9969
9728
7869
7651
14733
9236
14532
13485
9258
8144
9260
15608
15635
9164
9478
9109
9159
9137
12823
10430
9578
8777
15217
12283
9786
9694
7933
7381
8600
9062
7744
8074
9042
8740
8444
9478
8898
9942
14684
12615
9399
7597
7845
8315
8919
9257
8816
7833
8003
7892
8848
7592
8876
9735
9373
8858
11211
12411
15625
9523
10093
8397
7522
8938
7697
8109
9031
13240
11027
13790
8641
9015
9474
8482
7619
8759
7750
9104
7671
8590
9193
8013
8583
7841
8511
7839
9092
11297
15147
11136
9012
9131
8418
8800
7771
8179
9598
8309
8173
9138
8215
8615
7497
11625
9639
13230
13943
9639
8515
9121
9408
8304
7695
7864
9274
8035
7336
8886
9947
8548
7894
16604
15765
8567
8595
7425
8269
8531
10357
8162
8575
9271
7597
8704
8465
9241
7617
8326
7629
9855
11037
7812
9598
14270
9098
8745
9239
8706
8480
8362
9408
9764
8103
7850
7994
9007
8129
7833
8576
8201
7761
7842
8519
7940
7651
8780
8332
8482
8853
8353
7986
7964
7385
8867
8093
8206
8356
7487
8332
7609
9301
8990
9879
10378
14813
12404
7638
8651
9007
8939
7743
8037
9455
8153
7564
8066
11671
9984
8962
8471
177078
9058
10672
15544
8814
10296
8158
8817
15084
9813
15250
11451
9554
7780
8219
18500
18279
9022
7855
8720
9526
9190
8758
9035
10602
13738
7950
8378
9509
8885
7579
8304
8235
9339
8805
8908
8358
7427
7927
7592
8073
9158
7835
9394
7943
7698
9307
7780
7590
7451
8560
7487
9006
8210
8284
8398
7457
9047
7643
7697
9359
7561
8823
7925
21153
9798
10086
8923
8584
8094
8686
14568
11796
15360
9795
8255
8634
7983
15581
18403
10993
9374
8248
9318
7812
9232
9676
9487
16308
11384
9113
8337
8679
8964
7760
7711
9911
9198
8566
8076
8083
9176
8144
14447
15781
7794
9602
7714
9777
7893
13851
7861
7965
7603
8795
8011
10097
8274
11344
14769
13072
9345
7595
8828
8175
7822
8682
8072
7512
9078
8426
8198
9398
7992
8548
7974
8466
8438
8873
8690
10947
13543
14811
12179
8189
8203
7656
8449
7952
8265
8630
9141
8043
9046
10368
15726
9143
8440
9237
7957
8603
8389
8754
8815
8566
9356
7790
8436
8412
7803
9339
9035
9803
8197
9830
16051
12428
10118
7675
8533
8287
8094
8566
9343
7642
8537
8071
7570
13485
15562
12282
9701
8748
8782
7728
12495
7724
9669
7986
9000
10871
17969
14503
9921
11012
13254
13713
9977
8175
8182
8384
9027
7510
10663
8912
7978
8382
9246
8913
11123
15465
8827
7556
8617
8365
8455
8595
16512
9241
10497
15964
9302
8293
7670
8650
9450
8511
8186
9200
8557
8316
8476
9227
7810
9113
7860
8974
7579
8976
8897
8814
10536
16367
9650
8743
7753
8423
8822
9188
9475
8416
8783
8963
7475
7453
8295
7820
8733
8687
8096
7645
10871
9340
8190
7790
7563
7628
8689
7777
7866
7732
9392
7699
8909
10264
10086
18786
8152
9570
9177
8441
8151
149143
11346
7896
8347
7969
8905
9020
8797
10075
8010
8840
8589
9202
9041
8133
9059
9921
8894
9169
9904
9758
9700
14749
10794
9201
7810
9308
8655
9504
8748
7748
8241
8495
8193
8266
9646
8035
8814
7751
8021
8594
9003
7736
12130
14640
11336
9224
8128
8822
7870
9592
7540
8487
8690
8659
9066
7427
8090
7381
9135
8849
8572
8964
8887
9820
10304
12388
12529
9382
8896
8810
8597
8599
9279
9200
8605
8608
8389
16146
16641
8655
8689
9780
8249
8094
16454
15184
8666
8215
9996
7995
8214
9786
8476
7621
9014
9600
7551
8042
8897
8277
9375
7901
21873
10158
9017
7989
10729
8790
7580
17220
15445
7892
8309
8900
9455
8374
13337
8155
7669
8092
7784
8435
9718
7805
7740
7813
10251
8496
10735
17902
11656
8357
8016
8153
8672
7600
8748
8897
7758
8209
8018
8817
9429
9225
10561
15271
10958
9245
8346
9361
8526
8492
9063
7600
9279
9482
7589
8097
8113
8678
8447
8595
11671
9713
15261
8125
8609
9348
9066
8452
10612
9360
7389
9183
8273
8844
8318
9418
10658
10921
14697
8060
10622
7863
8534
8646
7634
9428
7461
8296
9517
7573
7689
8011
8757
9025
9261
8112
7645
8923
8671
9189
7993
7940
7791
9272
10261
19017
10979
9297
8405
8496
14015
15760
10975
8154
7835
9482
8331
12684
7812
8327
7625
7921
7969
7600
7757
8903
7614
7704
8748
7575
9060
8373
9472
7784
9178
7944
8263
7743
12136
12094
12407
10298
9701
9569
8117
10600
8227
7644
8602
7741
9015
7595
7377
8338
8081
8610
8793
7557
7644
8692
9016
8054
9099
9157
10858
14773
9458
10471
9009
9403
8384
7944
8238
8313
12282
8860
10037
10246
17873
9976
8898
8682
8416
7873
7849
8451
8785
7522
8144
160700
10176
10232
18081
9938
8177
7610
8660
18629
12092
10197
8005
8008
9348
7779
8951
8484
11604
14082
13504
9187
8817
8438
8379
8808
8913
8953
9575
10102
9599
11613
16174
9041
7562
9251
8336
8465
8755
8389
9748
7570
8982
9992
9006
10558
16055
8515
8617
9622
11163
8364
8675
8374
8292
8574
8496
8367
8617
7916
8558
8880
7834
9599
9385
10913
15000
8255
9369
7859
9355
8152
10146
7489
9470
7786
7765
7922
8203
7830
8735
8420
7852
9072
9007
7748
14923
14162
10074
9618
9012
8951
7441
13232
7541
9309
7605
7733
9024
8401
7656
7990
9671
11699
21095
8938
8374
9461
8371
7959
7883
16335
13717
9578
9355
8114
8184
7972
15595
9230
10171
15187
9087
9187
9615
14255
8287
8473
7893
7697
10333
10165
9338
14098
11254
10670
9011
8978
8199
8632
8169
9158
8082
9305
10569
10089
18488
9341
8579
9290
8135
8376
7857
8487
9441
7953
8638
8910
10430
10438
14723
10094
9296
9618
9481
8025
8262
9946
8149
8549
8181
7482
9099
8234
7969
8804
7370
8977
9250
8661
8971
10267
15252
11081
8050
8335
9050
7907
8871
7677
8988
8996
8439
8034
8094
7592
8806
8406
9029
8758
10675
11268
12087
13495
9256
9624
8334
8589
7814
8920
13371
9033
11892
17081
10643
8167
7841
9658
8995
8789
7571
8433
7979
7644
9167
8079
10117
10746
14863
10757
8572
10350
10605
8742
9020
8815
8335
8600
9239
9000
9736
16064
10729
9061
8324
8035
8105
8208
9378
8961
8342
7965
7678
9238
8797
9046
9161
9648
10130
14552
12862
10349
8866
9018
11162
9789
10687
18622
8600
8647
8116
8272
8712
9071
7529
8907
7774
10276
7951
8373
8201
8923
10626
15425
15169
9153
7620
8099
9141
9789
8807
8087
8558
134793
7899
9674
12201
17634
12292
8837
8509
9196
8584
8147
8133
8337
9477
8926
10549
15328
11989
9356
7611
9400
8536
8328
9510
8385
9047
8702
9625
7759
8963
8545
7953
8002
7563
8433
11240
10450
14627
9959
8717
7923
7857
11294
8484
8110
9018
7657
8697
7954
8109
7697
8988
7613
7863
8157
8205
7717
8016
8260
8018
7979
7702
8357
8229
8687
8610
8590
8203
9197
8618
7404
17430
13030
9052
9251
8256
7851
8692
10857
7875
7742
7625
9557
8194
7764
9331
9364
9399
9270
7798
8810
8179
18627
11041
9204
9584
8332
9520
9181
10503
10172
15037
9962
7906
8574
9056
8623
8425
9859
9270
9117
8150
7527
8500
8290
8584
8364
8054
9220
8043
8412
7847
8117
7777
13734
15552
8716
8866
8834
9550
10420
14484
15267
11602
9100
9393
8174
8097
11505
8896
8750
8173
8317
8426
7895
8057
7710
8123
8824
10087
10386
18800
8857
7909
7821
9646
9367
8999
8788
8645
8012
8064
8513
10051
9044
13178
14441
9163
8595
7610
8276
9302
9439
7473
8165
8218
9092
8887
8488
8817
7538
8179
7550
8456
7807
11141
9748
8641
8080
10454
14589
10517
14447
7897
7930
7842
8402
9219
8398
9113
9217
9968
15605
11114
9788
7833
9069
9217
7583
9102
9194
7910
8206
7957
8605
8486
7369
7924
8317
7892
8890
9421
7530
8997
8525
10162
9241
21292
9517
7473
8109
8479
8189
8159
8507
8738
8837
9314
10039
9858
13545
8723
11567
8817
7620
9701
9166
9046
7478
8917
7588
7770
9143
8089
8157
8023
8709
8202
9056
8515
10456
10031
16820
11830
8163
8191
8374
8010
9198
8767
15015
15735
8834
10472
8953
7737
8523
9476
8969
7983
8398
8162
8492
7678
8786
8246
7810
8152
18090
13495
8870
11244
169917
14708
9135
8830
8728
7668
8902
7875
8043
8477
9204
9089
14030
13967
10386
9641
8388
17192
9527
8708
9143
9220
7771
8181
8185
8113
9168
9829
10692
14571
10347
10371
9397
8247
8661
8936
8640
8254
8523
7780
9309
9045
8413
10340
10547
15153
10523
9005
8577
8374
8237
7963
7989
7763
8633
9251
8224
8210
7574
8405
9256
7737
9096
9680
8113
7641
7579
8096
9010
9123
8189
7984
7862
8380
10510
10531
16678
8118
22203
18483
10376
13859
15708
10016
7917
8077
9376
8825
8456
9382
8913
8436
13414
8896
11869
15116
10081
8719
8423
10238
9080
8397
7909
8892
9507
9456
8998
10922
15966
8646
11042
9363
7591
8045
9289
7581
9045
17382
17025
8952
8860
8250
9421
8806
19603
11751
9033
11092
9070
8985
7858
15204
13010
11801
8364
10475
8010
8406
13976
7790
7893
7772
8522
9225
11240
8758
15020
8746
9153
8969
8953
8276
9195
9358
8506
8160
8893
8348
9831
11051
18639
10846
7960
9106
9438
8801
8846
9119
8323
8184
10261
10548
15742
9615
8116
8928
9319
9400
8669
7992
9651
8465
7649
8846
8487
8511
8037
7487
7780
8521
8174
10740
9201
11238
15030
11667
8988
8717
9646
9110
8555
8172
7809
7870
8213
7573
9051
7913
7671
7618
8654
8174
8061
9142
8869
9607
19698
8374
9373
9069
9002
9328
7553
10442
8096
8383
7702
9671
8755
8703
9271
10294
9624
7657
9164
15194
7953
9010
8141
9697
8977
17149
10089
17648
11802
8639
7777
8192
17041
14093
8777
8015
9205
8371
7933
14853
8733
9034
8447
9620
15405
10412
12591
8191
7600
7972
7722
9177
7867
8433
8992
8153
8245
9084
8796
8512
8599
7802
9560
8812
15361
12526
8854
8569
9493
8471
8295
8964
9464
8764
8803
8667
110712
8912
7874
7589
7894
8414
8076
8147
7892
8830
8474
7953
8958
8281
7801
8943
8217
15062
9972
8148
8265
8587
8374
8527
8215
8032
8907
12851
15794
11308
8108
8826
8261
8256
8338
13514
10946
8687
10009
16078
9718
8697
12805
8157
7569
8091
9108
8125
9382
7526
9631
9640
10279
15963
9475
9407
8732
7919
8716
7771
8725
9258
9049
8112
8597
8256
8433
8413
8645
9035
9203
9415
10622
13271
14589
8155
9560
8606
8986
8108
8457
8420
8386
7748
7776
19869
11606
9482
8473
8420
7783
9728
15167
10015
14912
10365
10011
8100
8669
16113
12714
14108
8596
9637
9241
8476
8825
8678
8339
8463
8117
9149
8820
7579
7497
8231
8330
17551
15174
8533
11118
9561
8152
8575
18811
12434
8527
9085
8023
8611
9728
16015
15926
10425
7982
8299
8713
9119
14262
11123
15363
9881
9193
9569
8644
10931
8816
7482
9188
9178
8370
7670
8553
7718
7868
10247
12692
15788
8762
8839
7681
8803
9208
8034
8394
8302
8648
8452
8553
7928
8343
8593
9762
11040
15374
9382
8457
9852
8897
9172
9308
8224
8328
9204
7574
8763
8412
8718
8671
8058
8532
9567
9235
15189
10597
8758
9090
9482
8060
8876
8038
8425
9136
8270
9321
8991
7914
9363
7646
8688
8396
8124
10471
11229
15610
8615
10910
8971
9676
9854
8069
7733
8833
16579
16036
8006
8931
8242
9419
8765
13148
9842
15527
8741
16098
8307
7840
9777
7766
8428
9475
10836
14628
9441
8143
9844
8218
8909
10086
8001
9294
8434
8288
8412
8369
11347
9119
9725
15168
10931
9737
9229
13918
9627
9653
11039
14313
8892
7954
14114
8225
8434
7517
7830
8861
7994
7959
7790
7728
8320
8556
7862
9389
12531
19648
9385
9451
9408
8656
8956
10221
11383
84933
8320
7924
9743
8278
7976
7679
7502
7913
7674
8630
8164
8413
9117
7420
8375
8163
15952
8158
8548
9873
8557
9877
9523
8065
8416
9570
10097
16126
11253
8665
9007
8176
8054
8194
10927
9205
7618
8571
7811
8587
8594
8202
9861
9570
16145
11218
9330
8040
8312
9556
8024
8303
7836
8877
10504
8761
7661
7627
9017
8583
8998
9835
10396
15628
8457
8581
8587
9399
8107
8883
12587
7620
9317
8276
8474
7909
7753
8299
10026
10424
14257
14539
9534
8789
8154
10090
9899
8622
11406
15129
8400
9400
9482
8996
8619
9785
7969
8269
8572
8010
7717
8624
8287
8373
7782
9302
8638
8215
8092
7680
7681
8687
8028
7919
9195
7707
8556
7623
11660
9969
16035
8918
8087
10374
7943
8295
9634
8016
8410
8205
7653
8011
8321
8187
7692
8581
8322
8583
9305
7397
9129
8028
9815
8194
7920
9168
9689
10221
15832
8996
9976
8534
9284
8841
8191
8806
9213
7558
7966
15926
18567
8576
8469
9636
8673
7747
18170
13872
7974
9994
9621
8058
7748
15700
10543
15537
10479
8230
8468
8346
12073
8840
9499
7912
7698
8456
7557
8161
8910
8572
7629
20907
9554
8558
8878
9579
7824
8938
15661
19685
10524
9498
9042
8090
8612
12088
15564
10075
9143
9490
9041
8917
11360
8782
7664
8703
8200
8329
7829
9348
10052
9813
10972
14046
8395
8663
11023
9458
7461
7798
8442
8870
9281
8463
8733
7393
7659
8699
7594
7820
8220
8124
8619
7959
7632
9054
12092
15400
16605
8928
8498
7986
7892
8614
9507
9733
9016
9207
9767
15242
8384
9384
8429
8661
7938
9219
8404
8041
8245
9685
7717
8822
7727
9297
9107
7473
8486
8615
7820
7621
7781
8893
7456
15315
18297
9635
9294
8615
8676
7390
9613
141469
7768
10071
16382
8805
9475
8517
8429
7791
9264
8810
7692
10748
7710
7933
7751
8630
11392
17144
9905
8913
9436
9966
9410
9414
10252
16397
9500
9415
8939
8662
8165
8087
8294
7955
11818
8162
8254
7358
8734
9259
9235
10042
16033
11396
8657
8169
7885
7936
8687
9481
7890
8079
8102
8507
7584
8731
7567
8743
9241
8432
8385
7723
7625
8254
8420
7997
9343
9441
10645
10082
8525
15965
9035
8164
10535
9282
8355
8523
8663
7925
9066
15224
16637
8920
8925
9209
8393
7883
19147
13733
8628
7799
9045
8288
7921
13722
9455
9880
8086
10362
16308
8523
13835
8361
8556
8774
8365
8010
8476
7946
8219
7443
8244
8816
7742
10150
11255
16005
9605
8836
8820
8276
8655
8840
7882
8069
8614
8160
8352
7625
9609
8385
7389
8779
8195
8475
8213
7400
8389
7910
8959
7765
8798
7618
7427
9027
10926
10303
17764
11890
8569
9499
8169
7549
9500
8917
9555
9061
10353
12851
11645
9727
9320
9405
8383
8348
8367
7772
9193
8584
8880
7718
8577
8116
7887
8020
7729
8774
8230
8329
8403
9051
9580
8672
10254
14884
10258
9460
9618
7756
8277
10018
7915
8606
8194
7580
8837
9322
8934
7596
7950
7887
8427
7853
8758
8723
7851
8605
9076
8085
13299
15949
11457
9607
7659
8615
7801
9048
8722
14412
13149
13738
9186
8432
7980
9635
12461
9179
9889
15856
8605
9907
7816
15890
8875
8509
8901
14241
12994
9620
9846
8962
8831
8176
8532
8843
7673
7852
8910
7535
9344
8389
8913
8646
7813
8859
8080
10844
9713
16011
8685
8779
9878
8065
8517
8955
9593
8698
8187
8104
9032
9278
8113
8672
13302
15171
9597
9618
9309
9187
7668
8486
7698
15634
18908
10864
8753
8578
7864
8687
14458
138590
9259
14215
8435
9215
9529
7772
8292
9138
8851
7760
7873
8765
8958
8983
9181
8805
10158
18753
10061
9558
10448
8124
7753
8185
10122
10805
15024
11200
8847
7783
7950
8314
7851
9201
7692
9282
7610
9144
8292
7996
7774
8554
8684
7605
8148
8394
10967
10744
16525
10376
8773
8593
8229
8571
7943
8376
7705
7744
8832
9737
9056
9346
7380
10681
8139
7984
8866
9719
16114
10767
13620
9300
9818
7608
9160
9455
10207
9440
17452
9779
8319
8492
9457
8831
7589
8029
9502
8760
17385
12238
8031
8551
8194
9396
8915
14803
9178
9011
11083
15771
9039
12372
10097
9006
9140
8811
10332
9546
15246
13837
9146
7568
8467
8347
7628
8562
8655
7569
7413
9106
8874
8612
9312
10635
11755
17220
8769
8676
9492
9328
8446
8962
7846
7693
8677
8828
8204
9569
8850
15088
12497
8520
9612
7895
9300
8072
7484
8772
8523
7612
8609
7922
8422
8667
9121
8697
8810
8333
8211
8616
8501
9314
7900
10039
10168
14016
10349
9256
8129
9065
9244
8666
7969
7875
9921
8757
8335
8264
8105
7594
12266
10431
12369
15316
8206
9718
8183
11124
8701
8352
8119
7878
7984
8667
8097
7727
10028
10220
21406
9235
8527
9118
9927
10068
12907
16286
10278
8555
7814
9060
9185
9212
11076
10717
14585
10587
9103
9381
8855
11127
9295
8002
8392
8984
10508
14215
15533
9273
7663
9015
9141
7655
8893
8574
8193
7574
7977
7871
10403
10161
11005
15036
7873
10476
8006
9252
8143
8110
9616
7532
9501
7522
8476
7963
9736
8384
10149
19024
9830
9216
9244
9415
10025
9841
15728
10635
8429
9499
7788
8376
8035
7919
8474
9618
8686
7902
7801
8358
8451
9005
9622
7608
7774
9060
7565
8359
9309
8259
8505
8444
10022
138887
12912
11851
9820
8056
9010
8169
8330
13039
8935
8531
18307
11056
8902
8166
20533
12030
10739
12051
16082
9682
10163
8846
7572
8823
7979
7817
8775
8997
9379
10137
16109
16980
8646
7548
11938
15625
9697
9225
9282
9394
9069
8476
7953
7870
8658
9246
8868
7753
7656
7810
8006
8435
8469
8470
8066
7704
8040
8238
8133
8235
8914
8882
8195
20850
8334
9717
8492
8251
9154
8408
13998
7458
8672
9568
13385
14399
9230
15158
8529
9326
11051
18054
9210
9415
8822
8166
8085
8865
8888
8128
8479
8500
8628
9868
9906
17932
7618
9612
8177
8111
8698
9112
14811
8056
9228
10315
16186
10212
8863
12619
7676
7581
8016
8643
7638
8639
9387
8953
7489
7527
9325
7611
7978
8575
8438
8152
8172
8194
9803
11149
15548
10250
8235
9747
8758
7762
8482
8867
11005
8294
8476
8979
8016
8005
8420
9134
8917
9989
18746
9553
9421
9065
8957
8517
7670
9689
8689
10030
11174
15260
8312
8436
9641
8194
8358
8365
9266
8803
8577
10106
8948
7873
8503
7955
7849
8486
9642
9438
10463
15263
9040
8191
8093
11156
7947
8202
7744
12921
9179
7594
8145
8476
8338
8228
9205
10600
15966
10061
11187
9304
7874
7782
11014
9214
9166
23246
8738
8778
9108
8828
7964
8225
18032
13630
8946
8666
8638
7986
9482
15153
13715
17254
8611
7795
8333
7611
10221
8115
8028
9259
8358
9058
8288
17759
12161
8602
9802
7921
8582
9336
9502
9036
8133
9005
8581
10200
9608
11233
17242
8784
8191
9123
9576
7856
7979
7887
8735
8417
9041
7613
8557
10013
15748
10475
9441
7669
10280
8775
8291
8594
7944
8158
8559
7820
8623
11772
10564
12861
12265
10083
8525
8605
7518
8449
8071
8726
9297
8137
7862
8553
9400
117357
20319
7959
9691
8175
8795
10686
8051
16439
12978
14856
9517
8605
8285
8745
18870
12569
10060
11006
18457
11025
9649
9656
8699
8142
9788
10981
15769
13071
8028
8925
9024
8249
8382
8803
8089
9228
7973
9970
15958
13614
8404
7735
8810
8207
8413
8409
8804
9695
7991
8096
8354
8784
8196
8210
9220
7733
9232
7592
8178
8415
8351
7618
8564
19255
9599
10174
9584
8292
8712
8484
18335
17006
9201
8444
7988
8354
7907
17553
14761
10612
9428
9022
9029
8357
8459
8076
7605
8143
9017
9236
8082
9136
8193
9205
7707
16745
13866
8374
9036
8075
8460
8209
16618
10425
15091
10286
10044
7604
7920
12517
8834
9369
8856
8838
9291
18774
15163
9512
7827
10516
14701
10815
8155
11790
9198
7981
8449
9220
9217
8815
7805
8578
7403
9358
10791
10116
15819
9377
10348
8471
8035
7898
7851
8193
8992
9082
8307
7661
7912
9467
8607
8253
7950
8365
8011
8922
9274
8340
13586
16817
8317
8609
8390
9132
9197
7805
10642
7550
8120
9047
8236
8379
8789
8035
7471
9419
10913
18408
10625
8405
10021
8214
8666
8953
9160
10180
10309
9441
14545
9609
8303
8153
8497
8344
10401
7751
7845
9354
8012
8443
8330
11458
8252
7949
7823
8558
8429
8610
8390
10020
10476
11824
13851
7788
8815
9975
9076
7787
8401
14695
15755
11680
9221
8443
8493
9547
15277
11584
16929
11068
8835
10705
7697
8125
12179
14231
9711
9147
8257
8501
11066
7721
8595
7958
8853
7564
8381
7791
8132
8279
8169
7969
8370
8842
8815
8996
9268
9371
12048
18223
8270
8391
9150
7943
7958
8836
9478
8969
9467
11246
13530
12236
7948
8969
8540
8198
8414
8261
8435
8285
8659
8680
7467
8682
8061
9061
9439
8017
9276
8789
8575
113671
19886
11066
11517
8459
8086
8022
8443
15133
11286
17218
8805
8214
9872
7547
15753
9186
8480
10353
10103
17441
13553
8252
7717
9297
8092
9064
9938
10336
15106
9802
7817
9439
9107
10393
10460
8435
7675
9043
11196
15421
12541
8930
9275
9025
9535
8194
8038
8193
7861
7989
8174
8946
7733
7728
8256
7360
8795
8307
7831
8156
9533
8131
8024
21438
9768
9164
10838
8486
9579
8409
11403
10287
12269
14998
9602
8583
8148
19911
12544
8882
7925
10426
7979
8185
12846
8615
8837
10282
8534
15484
10537
13930
9143
8121
8588
9107
10203
10248
9197
14594
10653
9309
8575
9067
8842
8661
8781
7939
7887
13279
11061
17745
8096
9433
10682
9378
14697
15886
7800
8830
9183
8954
9504
11308
9133
8680
8020
8121
8046
7575
8608
7835
8066
8114
8717
7661
7884
7986
8398
8715
7825
9160
10102
11629
13386
11236
8595
9384
8870
9498
8465
8198
7899
8226
7970
7733
8680
9076
8312
7773
8413
10281
11005
15588
11869
8945
8090
8092
8922
11309
9181
7514
8741
8370
7952
7730
9295
8627
8998
8628
12942
15776
9297
9317
8656
8354
8859
8506
8415
8550
7976
8353
8393
7704
8600
7731
10390
9102
9533
15648
9166
14931
8463
7966
7668
8294
8062
7923
7853
8313
7877
8897
9908
9876
10840
15769
12133
8588
9683
9641
9117
7647
8493
8538
7867
8097
7939
8123
7491
8586
8594
8088
8915
8267
10571
15808
10173
7869
9053
8462
9615
8225
8758
9461
8211
9158
7690
9640
9169
7912
8435
7817
9903
8841
8715
10526
17431
12132
10251
7892
8170
7850
7990
8496
9215
7656
8471
8847
9775
8819
14167
12955
8979
9051
9181
8452
8522
7401
8513
9194
8198
8281
7868
8682
8356
8557
7779
8072
8387
7481
8234
144553
18298
8329
7643
8451
15536
12261
13870
9285
9723
8533
7929
10766
7666
8572
9400
9219
9214
7857
8692
10176
10410
11392
12592
10852
8859
8842
9086
7467
8317
8189
10389
9152
8964
11069
10093
16573
7630
10323
9291
9537
9010
7473
9041
7591
8243
8373
8011
7704
8766
8257
7803
9241
7753
7603
8112
7838
9164
7871
8000
8999
11461
14132
15353
7948
8739
8641
9770
9916
8032
7676
8537
8533
8316
7758
8172
8679
7410
7974
8183
8667
7816
7800
8881
7736
7922
10832
10624
15472
9843
9155
7994
9544
9499
8066
9165
8562
8217
8013
8293
8612
8048
9044
8546
9874
8938
11279
14756
10896
9791
7613
8590
7872
8274
9388
9003
8723
7641
8442
7682
9269
7700
7654
8024
7911
8182
7834
9230
9191
8589
7831
8249
8100
8526
9231
10753
15506
11046
8594
10157
9250
8402
9451
7805
8379
7797
8779
7588
9097
8799
8143
8420
8322
7975
7630
8410
9000
7752
10089
18655
10471
8594
9314
8202
8777
8791
7512
7869
7610
9010
8286
9370
10435
9653
16010
9987
8016
9193
7871
9013
7941
8363
7770
7964
8113
12796
8273
8536
8422
7923
9148
10738
10157
11748
12159
8587
10151
9521
7798
7354
8558
8426
7666
7856
8483
7605
8708
8036
8136
7954
8161
9557
8804
7835
8710
7518
7595
8967
8643
7984
8473
9017
9737
13272
15666
11139
9851
7528
9296
7855
8719
8315
13938
8622
19040
10394
8806
8467
8738
15110
15850
8311
7949
9659
8652
8478
13030
9615
7846
9342
10523
11864
15100
12713
10069
8826
8123
7829
7920
7895
8041
8780
8375
7972
9898
10081
12051
14758
8582
7749
8800
8431
7741
8214
9242
9405
7846
7653
7627
8659
8097
8786
8032
8113
7845
9025
7615
10566
7815
8219
8426
7994
196328
7702
8666
7769
9667
9366
8157
8086
8484
8594
8839
7917
9088
10102
9507
15102
10584
8897
7820
9158
8953
7507
8994
7407
7870
8940
9892
10548
11456
17070
9359
9046
8630
7947
8201
8609
8711
8510
8712
7661
8936
8266
7487
13635
15441
9450
8151
7910
8346
9027
9579
7778
9476
7677
9290
9141
8046
8717
10228
10518
9597
15091
10156
9953
8917
9098
8436
8395
11690
7997
7763
7748
8897
7952
8882
8714
8702
9712
13452
13329
8607
8409
11036
7566
8768
7999
9487
8031
8131
8841
9020
7954
8576
8093
8282
8262
8272
7829
8877
7604
8070
8698
10488
8898
14575
13758
8542
8531
9294
8702
7729
8558
7451
7989
8161
8113
8894
8316
8781
7415
8542
9061
9036
12302
18259
11186
9223
8606
8833
7891
7769
7828
8840
8983
8328
7816
7628
8525
7946
21144
10386
9682
8001
8627
7923
8810
13474
10827
12040
13899
8896
10160
7794
15363
9155
9989
15447
9578
9011
8625
9797
8001
8000
9262
9278
9341
7879
8679
8938
8810
8957
21146
10450
9024
8618
9058
8977
8734
17822
13899
8615
8634
7707
8451
8750
15863
10937
14670
9378
9790
9366
9738
10379
7791
8596
9223
10529
11381
14214
12692
8897
7630
7876
9336
8038
7685
9579
8929
8753
7720
8294
7624
8157
8850
7740
7715
7845
8698
7627
7846
8236
8658
8051
8010
7943
8171
7619
8123
8468
8145
9539
7794
9261
8523
9137
10413
14849
11543
9898
9342
8975
7764
7688
8259
7955
9290
8498
7656
8214
8370
8421
11682
11304
19127
9482
8425
8278
8926
8515
9299
11455
9526
15390
13505
7965
8184
8233
8554
7970
8471
14403
9577
9559
15603
9655
9481
9233
15178
8386
13082
14367
9803
10010
7948
10672
8820
9194
8215
8554
9830
10765
18949
126570
14884
9419
9491
7902
16576
9722
15532
9311
8916
9615
8687
16365
9626
18111
10366
9308
9863
7727
8384
9088
7864
8402
9306
8576
8441
9456
9615
8609
18533
10210
8703
7754
9630
8681
8687
8061
8522
8025
9118
8119
9035
7794
13305
13377
12063
9212
8575
8415
8025
12493
7551
7790
8382
8315
8901
7622
7717
7951
8131
8639
9651
9337
8256
8012
10319
9972
15368
16042
9379
7396
8514
8199
8401
8276
8228
9338
9219
16406
12130
10279
8204
9174
7933
8553
7541
7840
8214
9009
7607
7718
8336
8221
8434
9682
9025
9643
11735
16376
8313
10909
8854
8375
7761
7772
7818
8184
9246
9046
7679
7616
8535
8767
8817
8785
8801
9461
9566
15545
8117
9805
9343
8082
8786
7849
9620
8101
8415
7876
8683
9229
8547
8292
8703
9176
8979
7615
7996
7743
20936
10753
8739
8522
8158
9157
8452
14974
15800
11247
9193
8298
11790
7602
10855
8061
7974
9259
9180
11073
17820
14902
8015
10041
13167
15361
7662
7935
11328
9356
7795
8719
9152
9196
8017
8362
8198
10412
10040
17378
8656
8891
7821
10180
9692
9485
13728
15242
10015
11150
7888
9308
9674
12652
8297
10136
18011
11468
9615
7748
11499
9763
8578
9120
16481
9411
8179
11659
8020
8784
8659
7893
9355
8336
8368
8979
10748
10808
15415
12086
8400
9085
9178
7810
8444
7751
8800
8003
8611
8798
8010
7736
8538
8697
7785
8619
8479
7959
7701
7572
8944
9295
19317
11549
7943
9087
9381
10367
8333
11285
9411
10235
18378
11986
8167
8143
10066
7927
8136
7645
8219
9446
9355
7655
8128
9492
10830
15990
9076
9146
8415
8150
7683
8457
8095
8401
8041
8846
9476
8335
10101
7635
7879
7681
8499
8465
8138
8509
8144
9280
7803
7670
8715
144631
15815
11487
9781
7844
20891
9053
8335
7931
8254
8624
7955
10681
8659
8738
8453
9033
9184
11451
9189
7988
7771
8384
8098
7661
8097
8565
8641
8391
8175
7816
8774
7916
8245
8197
8727
10065
11043
16560
9888
9188
9384
8025
10520
7955
7546
7801
8559
8270
7330
9211
10624
7981
7923
20702
9302
7769
8804
7743
9810
8805
9784
9040
8404
7819
8378
7794
8148
8616
9002
8998
9922
10646
19051
8476
9912
8194
8673
9664
8432
8429
7779
7597
8938
7507
8884
9095
9358
11055
15438
9097
8182
9360
8666
8820
9482
8778
8834
8067
9066
9520
7818
8747
9262
9896
9481
9598
15265
10845
9465
8532
9338
8684
8303
8265
9764
10446
10082
14923
9413
8903
9309
9720
8586
8620
8174
8416
7815
7595
8760
8570
8482
9201
7906
8102
8831
7869
8690
7598
16911
17133
8026
9460
9625
9411
7762
19376
11825
8317
8533
9230
9405
8344
8874
8835
8807
8220
8776
9335
8907
9346
8775
9010
15364
10664
10000
8098
9405
9543
7897
8448
9494
8591
7700
7804
8635
8169
8796
8379
11347
10741
15833
9488
9138
7894
8205
9364
8394
10079
7594
8656
8013
7943
8313
8030
8756
7933
8065
8189
9923
9246
7938
9482
9775
18786
9724
10709
8946
7586
8411
9164
11103
15785
12523
9128
8308
7597
10025
11047
15183
12337
8511
8032
9220
8987
8307
8379
8639
8511
7834
7602
7584
8636
7597
7760
9298
8420
9138
7711
9241
9479
9559
15999
9270
8693
8240
7982
9787
7964
9948
7661
8932
7916
8009
8717
7591
7860
8217
7872
8656
23451
12860
9112
10036
9179
8225
9446
7736
9643
10098
8425
15738
11004
8051
9642
8487
8868
8394
7974
7641
8376
8246
7753
7942
8220
7995
8240
8622
8471
9100
7728
9321
168077
14859
8855
9280
9544
9487
9057
9890
10658
15200
11221
8697
7666
8747
8602
8010
8065
8967
7964
8043
8357
8336
7774
8681
9371
7734
9034
8619
7500
9427
7466
8831
7900
8311
7582
8827
9225
7810
8702
7574
8773
9609
7953
9052
8356
9065
10376
9471
15587
9353
9859
8143
8436
8471
8395
9000
8420
7609
8099
8546
7876
9305
8550
7773
8994
8836
8697
8894
7996
7645
8184
9181
10661
18933
9226
9420
9444
8299
8889
10141
9285
11194
15631
11483
7791
8928
9131
8251
8816
10677
9334
8848
11239
11051
14820
8141
11062
8996
7344
8435
9248
7807
9101
7451
8493
8406
8200
8193
8982
7830
9476
10314
9590
11731
14506
10691
9417
7699
8291
8164
8583
7717
8489
7989
7757
7841
8717
7629
7913
8413
7539
7620
9628
7812
8077
8104
14159
8687
19210
10758
7654
10128
9292
15083
15058
9820
8036
9421
8033
8210
11567
8223
7810
7952
8825
8847
9203
9014
7528
8192
7697
7871
8180
8170
7892
8220
7760
8618
8287
7735
8124
9344
10302
9656
17081
10368
8320
9484
8937
7965
7974
8169
7821
8876
9210
8369
8805
7912
7790
8973
7611
7832
8472
8633
8727
8213
7764
8170
10476
9510
9365
15415
10085
7887
9513
10253
9086
9018
8574
8321
8246
8287
9080
8949
10892
14471
14219
9095
9405
7814
8799
19264
12029
9251
9477
8800
8127
7794
12717
7771
9043
9045
8889
8069
7612
9057
9150
9953
16014
15287
9754
7726
9710
10845
16641
10175
8572
8736
8507
8338
9043
8126
8380
16138
16267
8921
8851
8123
8228
7773
15414
8533
8174
7892
7584
8155
8000
9393
7552
7780
10126
20694
10499
9353
9073
8989
8006
8685
8414
10241
10647
10319
13290
9532
10192
8709
8875
8939
9256
7833
7936
8261
170232
11736
8117
9154
8923
9471
7943
8804
8180
8446
8332
8025
8508
9084
8666
8112
13093
11447
8451
8827
8981
8011
9215
7397
9740
7928
9692
8718
7769
8999
7987
9194
10349
9636
13405
14681
8846
8176
8764
7905
7928
9582
9035
24588
8572
9037
9527
9297
8977
7930
13512
15480
12982
9157
8226
9684
7771
8606
7692
8599
7965
9056
9008
7509
8804
8027
8508
8923
17309
11728
11828
7935
8974
8684
7569
17390
17793
8252
10227
9249
8155
8803
15764
16133
9564
8933
8196
9264
8800
14348
9899
9346
8359
15046
10768
8588
10261
8538
8533
9155
9292
7919
10065
8290
8556
9801
14397
13794
10112
8471
8898
9096
8342
9245
7616
8690
8074
8350
8491
7492
8468
7471
8847
9520
9419
18607
10456
9760
8625
7949
8444
8768
9246
7577
9307
9353
8402
11029
16884
8140
7812
8159
8856
8389
8017
8153
9439
8029
9823
8846
8859
8116
8232
8476
7476
8952
9195
7635
8272
8613
8555
8012
7902
8920
8117
9375
8666
17068
10616
8698
8859
9648
9415
7760
9487
8529
8256
8105
7989
8160
7894
9389
8714
8530
7630
17116
13392
8801
9594
9389
8006
9066
9599
8876
7792
9260
8134
9422
9276
8542
14858
13994
10525
8229
8649
9210
8480
8233
8045
7940
7957
9288
9157
11125
15582
9137
9175
7769
8891
9316
7728
9140
8569
8872
7992
8646
7892
9111
8969
7584
8728
17425
14365
8314
27958
8996
8260
9648
7951
8246
8137
20730
13410
8076
7970
21386
14179
9161
8681
23386
7867
8673
9276
9724
9214
8256
15265
12222
8429
8624
9034
9198
16689
15492
11187
9497
9455
9337
9076
7606
8395
7810
8282
9096
7816
8178
9510
9055
9377
9712
9589
13882
11216
9557
8523
8003
9666
8532
8813
8676
7990
7913
341230
10984
7818
8343
8619
9307
8856
11087
8710
8508
7953
8329
7913
8389
8056
9296
9878
8175
10303
8676
8316
8236
8770
9222
7592
8692
8958
8033
8553
8253
7851
8166
8269
8410
8452
20897
10213
9178
10077
8594
7828
8394
15267
11655
17568
8588
9438
8161
8998
15563
15584
9266
9356
9421
8746
8051
11865
8730
9767
8773
8509
12638
13477
12579
8193
8031
8811
9253
8617
8715
8894
12169
12876
13650
10897
8350
8605
8141
7860
8744
9406
16421
18017
8660
7868
9472
8711
9976
20144
9321
9512
8112
8874
9562
8787
12337
9383
8994
8123
9070
10558
15073
15644
8307
7452
9490
8616
8094
8351
8301
7815
8166
8213
8394
7684
7598
9199
8800
8585
10450
16185
10010
7875
7984
8071
8625
8278
8767
8672
8012
10302
8005
8378
7903
9189
9552
7783
8342
8235
7789
7957
7552
8376
8400
8411
9581
8816
9179
10197
17738
10107
9347
8902
8054
9135
9371
8615
9334
9600
9621
14618
11377
9517
9034
8895
8464
9777
7610
8254
8132
7652
8705
7656
15780
15193
9687
8312
8818
7880
8065
13506
7793
8786
7537
8852
7633
8803
8907
7643
7499
9167
16695
13899
8848
8714
8435
8756
8988
16770
20512
8940
9845
8466
8975
10062
20929
8690
8398
8431
8669
8852
8569
15694
9525
14119
10681
8748
7813
9621
14126
7757
8434
9003
10061
10947
16252
13602
8627
7564
8574
8025
8508
9287
7987
9253
8126
10100
10239
13941
10656
8143
9226
8795
9250
8920
9291
8676
9044
8369
8032
9219
9226
12244
17097
9822
8737
8999
8136
8882
8141
7929
8507
7944
9734
8202
8769
7774
7989
12910
14882
10433
8473
7828
10590
8049
12281
7573
7910
9266
8999
11690
9379
14748
9952
9294
8716
8579
9306
9425
7712
7923
100939
8813
11461
14605
9140
9650
9123
8046
7941
8176
8049
7941
8583
7701
8389
9401
8895
12947
9091
9411
9416
7779
8916
7714
8779
8413
9095
7841
8692
7879
8285
7912
8083
8396
9124
7410
11478
10626
16000
8887
8035
8297
8431
8902
8687
9060
8359
11094
8596
8574
7718
9123
7521
9480
8810
9939
17650
11880
9199
9271
8444
9020
8169
8187
7670
9102
9539
9189
10244
15354
9368
8584
7804
8442
7917
8899
7498
8074
9466
8350
8605
8474
7844
7839
7772
8517
7937
7977
8598
8658
8808
8777
8165
7817
8661
9245
8387
9122
8083
8960
11805
15719
10369
8117
9258
8217
8117
10028
8356
8887
7729
9007
8538
8723
9301
8314
8250
8833
12972
15726
8036
7723
10265
8163
7949
14399
9432
10810
18120
11465
9521
9017
18362
13103
9114
9615
8512
9653
8341
9753
8295
8997
8953
7579
7595
8121
8774
7859
8372
9231
11732
15344
10508
9324
8488
7622
8721
14517
10056
13271
13010
8794
10258
9400
9920
7854
14105
10754
9373
8546
7957
9369
8086
9401
9145
15722
13554
9417
7682
9262
7627
8572
7528
8037
7938
8610
8745
8734
8123
8295
8691
7855
7999
7669
8105
8682
8888
8091
9076
7851
8699
7728
8390
7677
7967
8254
13116
15167
8714
10333
8779
9521
8425
8383
9524
7723
8418
9052
7604
8656
7508
7983
8748
8097
8413
7846
8205
8785
12416
9411
14562
9943
9687
9379
8953
9046
8627
9751
7883
7556
8954
8415
8381
9373
9800
10256
15865
9557
7799
10109
8975
8787
9305
8976
8333
7874
8953
8153
7576
8808
16442
17427
8864
8866
8635
8261
8071
9653
9264
9869
9143
10292
15078
11607
15717
10056
13019
12710
9173
8251
9604
12627
7632
8789
8816
8026
9984
9435
8457
9419
11687
12868
142418
8804
9399
10113
13275
15124
9271
8579
9262
8696
9328
8846
7581
9162
7535
8428
9276
13695
9021
9395
9084
8236
8921
7894
9110
8342
8840
9340
7531
9291
9617
11243
15964
8687
10029
9351
10287
10754
16193
9753
8747
9398
8178
8887
7655
8717
8515
8528
8031
8803
18395
11330
7868
11010
8281
9235
8746
9303
8448
7666
8210
8035
7920
9097
9285
8025
7904
10307
9997
9768
13967
11052
8728
9737
8999
8197
7573
8779
7663
8837
9229
8593
9197
8804
9010
8366
9899
16547
9435
10412
8844
8777
8641
8934
8741
10310
8825
7781
8477
9185
8770
10060
18453
10565
9681
8164
8660
7719
9061
9311
9254
9166
9653
9661
14961
11266
8712
12163
7835
7385
7582
7913
8435
8798
8852
7812
8407
9179
10602
10459
11695
14498
9240
7880
9135
8184
8472
8827
8054
8773
7930
8187
8966
9220
7810
8771
8189
8756
8484
9195
10297
15758
12195
11569
8406
7990
8665
8348
8640
9757
10241
9417
10986
17553
11112
9118
8312
8604
7551
8003
8071
10023
8316
8654
11201
14669
11314
7890
11862
8739
8801
10270
7587
8182
8208
7751
9016
9015
9336
11133
14951
11464
10158
8196
7763
8540
8703
7933
8056
9181
8462
7681
8184
8564
7991
7689
9211
9013
8052
8917
9721
9604
16153
10613
8974
8820
8636
8405
8418
8434
7840
8874
7691
9212
7910
8897
7968
8635
9015
8138
8643
8256
8078
7841
8816
9933
8939
10829
14733
9519
8231
8750
9158
8835
8222
8975
8048
8794
8157
9600
8943
7816
9660
9207
8974
9064
11503
15094
8528
8615
8005
8500
8156
9519
9005
8837
8453
13837
11014
17306
10940
8856
8659
9569
17513
12767
8119
9923
8805
9307
9118
15156
16943
8146
9056
7859
10849
8493
12143
7623
8694
8456
147076
14485
9941
8589
7879
9205
8185
8579
9200
9682
11271
14897
12158
9699
8023
8193
8055
12637
11190
8523
9428
7658
9499
8610
8478
7965
9018
7899
9338
13495
15472
11410
8635
7949
7974
7521
13343
7492
8290
9215
7667
8876
7586
8994
8408
9357
10604
11523
13255
8428
8534
9599
9128
8412
14915
10833
12642
14373
9336
8402
8444
12309
8964
9078
12349
14839
10002
8255
8787
9261
8380
7889
7868
7980
8588
9156
8509
8074
8574
7529
8483
8153
8523
8798
8107
8517
8678
8019
7996
8835
9822
10107
14658
10275
8712
8596
8312
7888
8553
7898
9075
7813
7923
7549
9306
7821
8754
9226
9004
8094
8667
8220
7940
8806
9841
8985
9403
13702
11641
9855
8818
8758
9468
8902
8636
9483
7468
7953
7777
8556
8087
7752
17297
16406
9682
9579
9651
8916
7889
13656
12358
12248
10002
8875
7851
8533
14018
8054
7555
10194
11065
14212
12318
9765
8642
8098
11192
9389
8798
8820
9340
16241
9233
8534
10382
9282
8867
7921
8675
9261
7797
12505
10236
9594
19014
8271
10409
9574
11436
11061
14581
7942
10087
8412
8061
11138
8641
9723
8311
8235
8276
8082
8391
9015
8162
8035
8133
7658
9297
7969
7532
7425
8637
8594
7850
7895
10085
9147
8926
10672
14922
9474
9359
8663
9307
8391
8893
9233
9405
8805
21594
9980
7913
9361
8567
8729
8091
12340
8624
8503
9789
18496
12108
8334
10842
10035
9804
15733
10232
8656
9130
12361
8192
7913
7800
8217
8228
8234
8592
9979
9014
11709
15749
9962
8848
8030
8471
9035
9402
8339
8538
9102
8207
9454
8843
10968
14401
10645
8405
8772
8534
7691
8119
8785
9340
9545
7831
13853
9587
10194
18595
9039
8396
9403
10243
8386
10436
10948
10961
14300
7755
13381
116708
7963
8822
7836
7719
8909
8952
8424
9425
10044
16278
8906
8158
8223
8364
9658
9641
13848
14379
8673
9422
7651
7695
8820
8143
8667
7978
8121
7553
10913
7492
8288
7923
8222
7984
8050
7871
8553
8060
7927
17248
14271
8034
9032
8299
9702
7955
10758
9008
8841
7789
9245
9400
10815
9036
18420
11463
8972
9557
7965
7991
9087
9696
10866
14944
9655
10042
8554
8227
7974
8254
9404
7984
9176
7757
8690
7720
7878
7932
8207
9366
8345
8112
7461
8093
8961
7894
8810
7969
7995
8980
8255
8204
8773
8304
7953
8411
10254
9979
16013
9631
8958
9359
8825
8497
8826
8420
7599
8292
8917
7451
8378
8032
9401
9283
8588
8587
8327
7845
7979
11404
13203
13752
8149
8142
8957
9186
8525
9121
11492
9298
8423
7774
9312
8937
9464
7712
12485
14574
9398
8387
8811
9529
7747
7792
8193
8185
8528
8353
8718
7630
7636
7610
7796
7830
9222
8690
8955
8635
7550
8635
8968
8012
8552
21951
12974
8925
9861
7754
7955
9206
16056
13217
8264
9242
9121
7706
9608
11691
8582
7593
8510
8132
8600
11872
15470
10442
9319
9395
8848
7775
8583
9759
9369
8206
7989
8251
7876
8295
7514
7984
8757
9430
8499
8317
8853
9481
10670
14437
10035
7834
10345
8859
7970
15134
9622
10236
18136
8769
9590
8874
9393
8401
9844
9625
9147
16197
9785
9184
7897
9610
8292
8859
8202
8307
8717
7869
8140
7952
13933
9118
8665
8733
11884
13666
10482
13053
8805
8666
7692
9704
8120
11282
13022
12999
7933
9264
9138
8133
8444
8922
8779
8141
8776
8225
8400
8067
8509
7579
8071
8460
8358
7351
7854
9026
8093
7887
7733
8428
8702
8149
7808
8175
8230
8369
9457
10333
10131
17810
10783
9315
8534
177558
8051
8994
8807
7948
11123
10395
9187
12974
15163
9617
9317
10783
9363
9051
10435
14813
14582
10568
8676
8975
7574
8343
7865
8564
8244
7687
8689
7502
15744
9078
12866
11527
9320
9760
8257
17018
18779
9964
8795
9259
9481
7912
13093
12455
14279
7908
8326
9227
8614
8693
8795
8229
9076
7905
8144
8070
8346
7978
7808
9244
13210
11164
15991
8202
8715
9396
9179
11953
9485
8131
8391
10265
15948
12865
11487
8130
8789
9216
8104
9184
10292
9607
11828
17132
9153
7558
9758
9010
9122
7656
8147
7673
8943
8016
10420
8327
8434
9911
15314
9016
9820
9528
8041
8258
8748
9159
7857
8538
8129
8345
8960
7974
9348
9307
9496
9318
11177
15561
8082
9030
8225
9401
8403
12311
9309
7933
7288
9450
8696
8343
8657
9827
9978
12108
13313
8294
9749
8927
9297
8344
8641
8327
7937
7526
7872
7991
7755
10424
9306
9291
7682
9061
22884
7576
8459
9001
8791
8977
9239
9238
7637
9450
9377
9034
10795
16216
11121
8313
8796
8256
9558
8323
8737
9138
8482
7989
8138
13261
17035
9588
8838
8511
9482
9192
11015
10603
10293
8703
14200
10444
7771
12555
8936
8242
8347
8109
8498
7937
8337
8777
7984
8812
8200
8244
7882
8393
9922
8776
9605
18020
13815
9282
8559
9506
10114
10110
14218
10100
7791
8612
9585
7933
8623
8193
9499
8373
9679
8307
8761
9286
8195
8591
8830
10877
16373
8697
9318
9126
9044
8481
12333
8795
9688
9014
9591
15432
10015
12553
9104
7976
8938
9556
8510
9368
15364
10793
8586
8268
8304
8789
7672
8948
7948
8443
7984
8616
8809
8476
8185
8158
7856
9417
9769
8850
7540
9979
11958
18656
9582
8413
9292
9376
17584
13780
9047
9273
8345
7809
8466
7790
9174
109500
11220
8451
8738
9581
8092
7914
8620
9290
8586
8517
7958
14570
10443
8831
7974
9143
10398
16326
8455
8632
8153
9188
8168
9497
8213
8332
9239
7943
15823
14266
10477
8282
9591
9202
8700
15990
17715
11194
9738
8505
9483
8087
10931
9167
10540
15277
10869
10682
8397
10741
7401
7910
7540
8855
8072
7815
9220
8041
9041
7986
13887
15994
8385
8191
9320
8415
9611
14992
9235
9661
8601
15386
10725
8909
11430
7337
7943
9187
7541
9011
9020
8188
8459
8070
8293
8727
8087
10928
11143
17039
8569
9396
8589
8234
7611
7854
9528
7584
9428
8983
7936
8526
9697
9432
9905
14759
10584
8782
8568
8260
8934
10836
8615
8656
7973
7591
7610
8315
7547
9215
8980
9339
7920
8694
8111
8246
10225
10740
14282
11107
8479
9041
7652
8522
7852
8739
7936
8937
7671
8738
8977
8004
8349
8227
7645
15690
9588
16591
9338
9296
7915
8208
7941
8010
8333
7644
9259
8911
8231
8446
8123
7920
8670
9622
7749
7471
8615
7682
8837
7943
7989
8549
7394
8572
7394
9158
7770
9307
8481
7652
8785
8471
7885
7841
10002
10430
18595
8805
9018
10519
8293
10086
8097
8029
10162
10775
15315
9705
12498
9359
7518
8787
9100
7898
8400
9210
9173
9861
15726
9688
9447
9600
8188
8603
7794
7847
8153
8535
9114
8348
8059
7515
8630
9179
7661
8122
7805
9583
7545
8994
9117
7590
8463
8099
7915
9017
7546
8181
14077
13594
9984
9440
9353
8705
7970
11719
7666
7347
9038
8298
8682
8918
8435
9415
15974
11028
9217
8435
9035
9080
9144
8125
8989
8230
8211
9216
9069
9841
9107
10335
17891
11553
8255
8005
8358
8196
8955
7808
9261
10246
10865
16032
9148
8211
8092
8531
9617
8315
7560
8773
9097
170437
15521
9087
9177
8232
18365
14756
7786
8957
10581
8561
9016
9901
9107
7570
8893
8039
16890
8917
8534
8589
8584
8210
9000
8274
8594
8997
9188
8302
16193
15306
9717
8157
12616
8663
7883
17235
17010
10415
8753
8616
9200
7640
16403
15110
10040
8596
9620
7733
8410
9602
8075
9395
8937
9519
9160
9217
7635
9777
16215
8938
10333
7979
7326
8923
9329
8657
7692
15019
12338
13862
9240
8230
7733
8350
16040
10697
9897
18100
9861
9589
8980
10229
9049
9600
8734
9600
15363
9056
12420
8368
7691
8646
7676
8174
8414
9128
8830
8658
7877
8082
8149
9180
7882
8774
7391
9192
9445
12308
15914
8639
9641
8815
8047
8459
9103
8747
8192
9359
7712
7981
8721
7840
8177
11086
9221
9256
11251
14721
10911
8001
11380
8261
7794
9225
8170
7748
8112
7593
9792
9034
7937
8619
7795
9014
9083
10014
17846
10251
8369
9400
8541
8257
8574
7654
8331
8739
7851
9441
8081
20320
9656
8265
9010
7847
9605
7592
13851
7922
8712
7774
10907
14558
13098
16028
8394
8619
9490
10969
15336
9030
11716
8372
9031
8160
8210
8920
8032
8543
8425
8436
7894
12944
19012
9160
9246
7819
8327
9415
14534
13773
12295
7935
10497
9913
8835
8991
8452
7952
9340
9057
7871
8193
7944
8929
9056
9472
8912
9914
15103
11013
7975
8892
8184
8215
7687
8960
9129
8303
8673
7904
7924
8816
8261
17164
15312
9551
8626
9113
9101
8958
7799
8411
8350
7612
8982
7620
8590
12523
8752
9829
15004
10913
8629
8582
10401
9344
7578
9112
8305
8227
9383
8168
7870
7426
8044
7705
8949
9958
8998
9984
9550
15348
11429
8668
8378
8333
8065
7614
9118
9495
8497
9059
7687
10184
8097
9958
10574
17276
10239
10046
9666
112841
7929
8433
8187
8024
7687
8042
8925
8815
8556
8517
7560
8543
7820
8682
9389
8092
9411
9575
8231
8527
9841
9225
11061
14119
9515
8731
8497
8788
9971
8881
7770
8133
9636
8155
8375
8209
8044
7878
8396
11189
10751
14656
9939
9164
8857
9629
9046
9710
8734
8527
8689
7707
9196
7615
8437
8125
7587
9892
8588
9648
18238
9660
15766
12779
8716
9618
9196
7917
7638
8430
7984
9869
8957
9653
10868
15533
10848
7928
9358
8014
9472
8107
7872
7630
8848
8341
8280
7580
10162
7725
8646
8200
9146
7572
7555
7876
7751
7612
7955
8805
8933
8749
7455
9077
8231
7593
7929
8819
8851
7908
17653
10822
8364
8888
9991
9442
8712
9943
7352
8211
9005
8752
8317
7466
7745
7633
8245
7563
18537
13713
8473
9199
8428
9545
8654
15979
18032
9702
10220
7827
7994
9490
15601
16077
7528
8002
9156
9722
8590
10807
8158
7828
9379
8038
8697
8900
7912
8582
7775
8112
8384
8463
7990
8222
8213
8456
9842
16236
9183
8167
8782
9610
7713
8384
9599
7988
8241
8854
9143
8393
8008
8769
7991
7765
7613
8581
7612
8737
8854
7799
8274
7870
8383
8009
7627
7600
9140
7858
7702
7784
8411
7469
8767
8774
8542
7941
20998
10748
9015
9268
7973
8722
8030
15676
10231
18071
10183
8912
9265
7451
17358
13487
8856
10238
8956
7912
7730
13945
7411
8597
8221
12810
8014
15006
12842
8811
7805
8949
8831
9035
7528
9196
8018
7702
8408
15607
14435
8293
11253
9138
9562
9047
13899
10464
18039
9157
8271
8733
8389
14761
16088
9291
8766
8476
8479
9207
13451
8289
7959
9399
7552
8777
9867
8275
10607
15313
9060
10451
8538
9201
8543
8082
7619
9361
9336
8235
8416
9131
8620
7363
8846
145179
14775
10023
9436
10090
9334
10466
9794
15076
9515
8749
9136
9195
8579
8178
9172
8032
8369
8807
8210
9269
7537
8818
10243
9335
13888
13078
9758
8441
9917
8005
8038
8235
11974
7697
8600
8273
7538
10218
9005
11075
14449
8876
8916
9169
9073
8120
8773
9037
8764
9037
8637
8566
9003
9528
9059
10109
12509
15845
8809
8828
8709
9694
7749
9251
9453
10004
9507
15890
9018
9579
8666
7918
8855
8820
7941
9030
7723
9046
9114
8658
7835
13814
9882
14382
10642
9771
16226
8066
8778
9394
8107
9069
8637
9188
8499
9496
8803
8205
9015
7586
7809
8274
7436
7728
8618
7679
8687
8533
8572
8846
8806
9831
9866
16334
11926
8379
8994
8855
8165
8825
7928
8441
8937
8977
8595
8828
9259
16005
11175
9558
7739
12633
8184
7900
7599
8468
8614
8474
8336
7887
8789
8201
12314
15983
8502
10192
8912
8186
8309
13208
8148
8273
7853
7512
7775
10372
9205
9911
9727
15675
9438
9919
8211
9215
8903
7824
9044
8898
8983
7805
8869
8087
7675
7738
8276
8594
9850
10786
19065
8474
11630
8621
9073
8173
9387
7611
8070
8122
8443
7608
7706
13882
15377
8702
8876
10032
8738
9470
11245
8719
7364
8645
8197
8732
7739
7704
7637
8212
8409
7950
8210
8204
8173
7565
7337
8692
8543
8396
8625
7707
8622
8460
8779
8090
10332
16110
9943
14774
7778
8276
8348
8305
8471
8149
7987
7640
8308
9267
9631
9113
9591
16281
9507
9281
9545
10659
8624
7963
7956
8957
8057
7934
7611
8785
8741
8879
7915
8461
7472
11573
9986
14105
12578
8368
9819
7810
7737
10512
8013
8864
8784
8831
7584
9699
8020
7832
7930
7960
8256
8015
8979
8728
10723
19235
10503
9465
9253
8833
9574
15214
10827
171412
16790
9159
9049
9397
8477
9313
9107
9497
9452
10525
15280
11475
8765
8630
7938
8630
9257
8076
9291
8862
7703
9043
8714
7968
8522
13243
10985
13574
9548
9615
8378
9835
11707
8414
8317
10323
11051
14964
9784
13476
8312
8098
8482
9242
9374
10020
9815
19244
9378
7979
9502
7736
9584
8854
8783
7462
7641
7729
9282
7695
7722
8899
8596
9299
8623
9059
10186
14396
12470
8361
7809
8183
8032
8379
9435
8829
8635
7753
9125
8846
9099
13005
15326
9381
9179
7858
8999
9056
13291
7601
7991
8426
9158
8640
8770
15923
8972
8414
9491
9215
9558
8568
7460
11288
8043
9928
10107
18158
12046
8041
9175
7683
8465
8738
8046
7855
8364
8914
7773
8896
8297
9189
7753
8853
8917
9246
10184
15897
11637
8195
8463
8925
7982
8039
8046
10646
8463
9123
7783
8372
8375
8063
14290
15659
9135
7897
8918
9204
8656
14846
8516
8758
12794
13857
8585
9631
10941
8594
8127
10545
7953
8521
8602
7627
10117
10005
18687
9610
8656
8822
10276
7832
8820
7721
8146
9362
10265
9792
15807
9696
9614
8126
8798
8158
8283
8272
8215
8183
9101
8897
8839
9489
8523
8321
8602
7818
8317
8418
13536
15792
8374
8561
8203
10046
8227
10971
9198
7382
8657
7998
8117
8218
8407
9194
7962
7215
8605
8133
9460
8957
10760
15819
11045
9743
7769
8389
7753
8919
8492
8424
8519
9107
7560
7943
12532
9418
9046
18608
11100
9558
8386
8247
8105
8523
8655
9302
8994
9836
11939
13273
11941
8717
12048
7795
8601
9058
8013
8112
7967
14884
14435
7577
9531
8177
7825
8162
16384
7780
8106
8035
10435
13800
13894
14337
8776
8164
8614
8801
9897
9784
8354
11689
17525
8215
9262
8518
8706
10286
9544
9909
15246
128456
10102
14862
11977
7877
8084
8554
8175
9098
8634
8990
9039
8917
9094
9007
8083
10115
10002
8995
9307
9326
8142
7774
8658
8645
8890
11935
18573
8111
9875
8264
9591
9617
20877
10947
9490
9166
8555
9121
8676
9892
9349
8784
11037
16100
11618
8467
10061
8654
7472
7864
9329
9000
7917
8223
9396
9133
8825
11048
16363
10928
9179
8423
8762
8717
7693
9178
7992
8348
7645
8939
8473
7570
8142
8526
9279
8158
8673
8123
9993
11130
17557
10689
8534
9187
9206
9267
8897
8074
13095
14794
9000
10520
7936
8326
7937
12361
9287
8738
8729
8374
9312
9774
14192
10323
8730
7953
8885
8275
8192
8487
9365
8434
9405
8491
8688
8100
8378
8345
8723
8557
10080
9581
10276
15778
9212
8480
7912
9620
9660
7671
7769
13238
7467
8336
8327
9319
10031
18289
13763
9539
8225
8264
8800
7981
8161
8943
9379
9060
18861
10983
7940
8817
9410
9077
8799
10446
19225
9582
9071
8461
7846
8176
9008
12761
7893
8000
8801
7618
8638
8343
8347
9642
8445
10743
16184
8856
8551
15648
8681
10129
8958
8227
7980
8570
7993
8112
8143
10789
8895
7889
8160
8148
9254
8473
8265
9035
12256
18441
10208
9126
8724
9395
8513
8614
9848
11024
15000
9543
9529
7692
9573
9694
9912
8581
8545
9074
8241
7705
9434
10437
16105
10889
10262
9406
8231
8508
9602
8605
7830
8997
7784
8600
8605
8372
9056
8056
8485
7591
8473
9875
9780
15673
9089
10240
9196
8466
8998
7603
9184
7571
7905
10789
8928
8936
8641
7994
8566
11104
11984
16557
7991
8711
7753
12691
10425
10230
11802
13553
9193
11470
8841
7800
8632
9020
9213
7487
7962
9110
8522
8996
11334
14725
9621
10580
8880
8514
9230
10502
9195
8482
7989
115919
9684
15916
11212
10146
7704
10078
8554
10677
18246
9717
8303
15097
9455
7565
8896
8435
9853
9374
9633
9318
7489
8535
8241
11327
10368
18755
10438
8554
7958
9528
8394
8605
18411
12388
9400
8482
8378
9578
8261
15271
14698
10871
11297
8276
9122
8343
14818
10262
13732
8682
12257
8000
9206
10059
8834
7989
9045
9358
7699
7805
8671
8382
8073
9050
9837
10346
19243
11027
8571
8820
8186
8305
8122
8069
9228
10210
10625
15807
11138
8089
9301
7750
8364
7652
9347
9071
9031
10857
7592
10077
9235
9764
14972
11466
8374
8800
8160
7814
8498
7879
8861
9213
11419
8229
7522
7957
8405
8515
9810
8725
9664
9338
15512
10279
8019
8215
8947
7615
7765
9002
9217
8716
8456
7759
7764
7766
9338
7578
9323
7707
7928
8666
7600
7517
8878
8876
8654
7712
8242
8779
7539
8066
17548
15909
7640
9907
9488
8876
9298
24425
7773
10542
9960
9322
8497
9015
10411
10411
14929
8855
10532
9403
8041
12299
9180
8312
7686
7729
8415
8143
8043
8883
8657
9577
9497
15153
10794
10297
9510
8539
8210
9104
7790
9223
8317
9095
9261
10098
14358
8979
14666
9630
8165
9008
8743
9139
9059
9413
8904
10257
14965
10645
9174
9227
8991
8546
8833
7355
7845
8197
8253
7708
11307
8733
7585
12467
15690
10507
9195
11669
7565
8308
8979
8946
7593
8907
8256
8609
7990
9222
8892
9743
8364
7940
15005
11430
9701
8557
7943
9586
8476
8068
8548
9268
8204
9190
9015
9851
9981
12348
14917
9210
8018
8190
7651
16107
9751
10424
16692
11480
8382
8052
9300
7632
9131
8738
7815
7841
8333
7634
8104
8179
8932
17418
12752
9317
9628
8575
8790
10811
13293
11904
13098
8175
8183
10291
9183
15326
11166
14631
7661
104176
10452
15702
11606
7933
8399
8999
8968
8417
8174
8138
8926
9539
7653
8596
7584
8923
9799
8552
7945
8776
8179
8794
7909
7817
9480
10174
8020
8015
8158
8631
8989
10090
8823
9625
17092
11774
9586
8552
9682
7713
8442
7612
7801
8212
8359
8000
9405
10412
10823
15436
8843
11468
9157
8085
7831
8624
9209
8883
9109
8421
9536
8455
8788
9802
12052
14875
9478
10664
10209
8586
8578
16664
13157
8374
11081
9175
7523
7969
7585
7726
8517
7605
8754
7831
8572
8126
8664
7526
8634
9285
8069
7863
8006
8675
8389
9596
9389
9429
9971
18036
11656
8968
7807
9374
7712
8568
9293
8291
7859
7580
8637
7981
9319
8589
8439
18551
9709
8235
7920
8194
9255
11010
7772
9397
8317
9103
8738
8524
7921
8496
8129
8170
7666
7714
8094
8556
8178
8167
7948
8067
8190
7590
7565
7894
7640
7752
9148
7702
8364
7810
8830
8612
7613
9123
7781
8080
7729
17259
13256
10379
8292
9370
7807
8606
8429
7811
8148
8521
7854
8492
7942
7731
7594
8995
7757
8573
7851
8013
8092
10367
8502
7843
8610
8590
7541
8559
8678
8165
7614
9054
10406
10164
8215
15233
8937
8600
8173
9251
7919
9466
8531
9185
8142
7619
8021
8484
8646
7583
8477
8394
8158
9408
7548
8435
9336
8728
8374
13172
17632
9401
7993
8399
9659
8061
12208
9256
9407
9558
15017
10975
9348
11765
7743
17273
16866
11507
8574
9487
8180
7885
8188
8621
7553
11775
14984
13352
8089
8611
7760
7937
8953
8704
8396
9287
7289
8556
7620
7952
8200
8096
9011
8225
9263
8123
8230
7767
7605
8720
8655
8394
10348
15066
13674
8891
8885
7960
8348
8734
8149
9723
7417
9003
7772
7535
8014
13929
16304
11123
8708
9325
8789
200125
9300
9266
9219
8285
8393
8780
7354
7770
8436
8186
7791
7709
9410
11285
15324
11353
8446
8958
9405
8498
7626
9034
9622
7751
9020
9344
9171
7450
7687
7503
9204
7525
8422
9021
8358
8199
8250
7439
8917
9298
8860
9600
13866
15243
8534
7982
11387
9266
7826
9007
8194
8574
10312
14465
12488
7732
8727
8849
8702
7813
11382
8025
8633
8706
8202
8825
10620
9512
15989
10653
9349
7795
9656
8860
8092
8027
8263
8546
9230
12141
9143
10077
15138
9215
9375
9538
9230
8338
8128
9345
7674
7897
8492
9353
8106
7592
9517
8023
8994
8186
9329
7899
7954
7649
10159
10882
17917
11075
8921
8391
7823
9810
8052
8324
16825
13610
8892
9482
8000
9292
8647
10087
8492
8774
9137
8517
9635
9194
8958
13156
13426
8794
9299
9169
8169
8516
8060
9087
9174
8015
8769
7652
9117
11241
10335
15264
11153
7810
8332
8559
9418
8474
7892
8820
7647
7700
8278
8417
8741
9317
8336
8153
8753
15246
17503
10018
9479
8609
9389
7822
9010
9076
7911
10375
12510
13404
9811
12592
8912
7720
8734
8135
9448
9439
9641
10873
14039
9288
9928
9543
8622
7746
8609
8022
8496
9315
8567
7657
8626
8208
8644
9186
8221
12099
14774
10411
8372
10557
8114
9560
8022
7771
7647
8408
7380
9050
8183
8702
9008
8838
7933
9278
9974
9451
14138
15172
8741
10266
9507
8748
7933
14340
10408
13098
8819
8298
8855
8795
13051
9558
8490
8606
8013
9958
10505
7705
17222
9615
9579
7993
7998
7675
9912
8859
8135
9309
8683
9133
7621
8691
10360
10767
15155
9548
7896
8181
16163
8473
8974
7882
8950
11557
9278
7856
7721
8425
8317
9338
8759
8210
7896
7572
8933
8004
7851
8427
7822
10443
11169
15358
9382
149141
15686
7805
9471
9222
10856
9179
7680
8391
7807
9240
11969
18360
8756
7771
9230
8133
12326
8075
8782
8158
8801
8205
8414
9643
8610
8540
8600
7384
9158
7605
9242
7714
7767
7591
8359
9145
8823
8698
9938
10487
12255
15608
8992
11352
8353
8092
8050
7570
8605
7871
14259
11587
9416
18027
14953
10630
9592
7933
8469
9616
15545
9620
16275
9334
7665
8302
9583
18302
18704
8998
10403
7914
8050
8534
8226
9655
7794
8360
7995
9551
7854
9597
8491
8520
10210
15511
10707
9135
8081
9533
7639
9699
8497
9178
7855
8555
7987
8225
8820
7874
9287
9816
9071
10381
15593
9066
9978
11371
9397
8888
8843
9135
9521
9426
14923
12696
8190
9309
7738
9120
8799
7882
8256
7489
8073
8912
8798
7720
9051
8356
7932
8818
7588
8005
8452
10054
7556
8661
8404
10142
9738
17930
12553
8276
7312
8418
8677
7872
9459
8591
7973
7773
8063
8985
9496
10662
9092
14741
8651
10266
9026
8825
9374
8000
9012
8237
9199
7939
8961
8620
8876
12651
13697
9171
9246
9497
8642
9061
8364
7825
8531
9255
8275
8961
8636
9159
8574
10107
10731
15705
9422
10884
7828
8094
8257
7730
8399
7766
8061
7707
8874
8803
9208
8960
8871
8579
9576
8634
9832
19477
9601
9217
8704
7742
7807
8602
8159
8026
8523
7810
9216
8775
9250
8762
10017
16171
10071
9414
8754
9110
9038
8099
8969
7935
17761
17750
8410
10319
8817
7748
8905
23074
10339
9329
8813
9015
8933
7932
15870
11284
13514
7861
8510
9086
8799
8024
8738
9078
8926
8527
8728
7851
8038
7824
8180
9348
9184
9027
8656
10035
10594
14169
11410
8211
9035
8136
7820
8053
8958
9461
8174
8051
8274
8634
9135
7559
7788
9228
8794
8065
8699
140935
16312
9726
9660
8594
12053
9018
7368
10475
10967
15452
10486
12082
9199
7391
9297
8220
12640
8887
10391
8378
8608
9294
8579
8150
8839
7653
9096
7773
8938
7596
8271
7793
7893
8596
9002
9573
9063
9600
18415
9133
10202
7733
8957
8650
9061
7623
10053
9305
9990
15865
12896
9334
7892
9631
8660
8419
7743
7916
8697
9138
10699
10963
15893
8606
9450
9589
7984
12792
9283
8270
10241
10119
10805
13492
12647
7896
8098
8602
7524
9070
8291
7663
7692
8360
8602
7580
8742
7901
8276
9277
7583
7543
7727
8431
8042
7774
8504
8549
7902
7548
8978
8401
8103
8538
8948
8482
9817
22602
9099
7834
8818
9704
7952
9057
18810
10982
8588
10635
9207
8301
8986
15032
16086
9102
9033
9184
9010
9095
14649
11277
14762
10287
9695
8016
8795
11550
8263
8145
8494
9154
9904
10953
10504
17129
9191
9592
8626
9025
7830
8888
7651
8553
9703
10491
11265
14856
9252
8484
8782
9791
8358
9161
7906
7825
9180
8606
8966
10486
8803
10674
15929
8883
8295
7973
9440
8777
8046
7912
8117
9061
9221
8598
9203
8882
9830
8916
9061
11046
15974
8085
8333
11590
8320
7361
8410
7942
8595
9046
8144
11206
7849
8889
8176
8313
7562
7368
7876
8610
8543
8402
8102
8431
7943
8200
7558
9896
8916
9895
18905
8470
13985
7972
9205
8651
10143
16553
8708
9431
8851
8429
8295
9661
8639
8607
8258
7856
7801
8154
15712
10295
14545
7731
10491
8714
8633
13773
7676
7551
7647
7578
7931
8466
8677
9211
7404
9189
8060
8671
9938
9228
16371
10337
8409
10301
9414
8721
8376
8512
7613
9051
7435
8781
7714
9555
8671
8604
8106
9974
8540
9829
20585
9273
8617
8366
9120
8968
7951
13369
16074
8087
9849
158707
9509
9539
8822
9008
11527
10374
15502
10958
7822
8842
8138
12247
8302
8124
8200
9343
13956
9551
11652
8179
8121
7901
8717
8284
7573
9038
8720
8186
8261
8519
10119
8957
9295
15380
9716
11696
8815
8400
7739
8014
9522
8056
9101
7981
8332
7885
8055
7513
8346
7922
8670
9198
9041
20427
8380
8783
10268
9065
9150
9256
12370
8550
8713
14241
16068
9286
8902
9752
8117
8054
8511
9730
10231
15145
13376
8435
8103
9630
8084
8637
7553
8061
8340
7583
8086
7675
8836
7999
7733
8085
8068
9057
8954
7583
9336
8082
14138
15041
10906
9059
9178
8816
7837
9774
8374
7610
7593
8154
8001
7750
8374
8933
9158
7585
17309
13538
8941
8900
7719
8851
7635
16151
10586
14132
10230
10623
9030
8471
13404
8828
9941
18723
11562
8416
8456
15781
15964
7914
7852
11018
8757
8620
10430
9430
7601
8120
7666
8418
9133
8230
9085
7718
8327
9472
9840
10651
15890
9591
7827
9878
8056
7691
8158
10343
7543
7753
8554
8443
7784
8082
9004
7557
7582
7852
9130
7994
7601
7764
8385
8138
7973
9302
7953
7558
7890
7612
8673
7940
8392
9035
8705
7753
8779
8025
7743
8502
8473
8979
8151
15612
13336
8396
10665
9260
7891
8968
14541
8989
9805
19036
10912
7909
8123
13011
8757
9701
15516
11283
8997
8115
13435
9112
10989
9640
15035
10962
8666
11706
8888
9358
8682
7764
7908
8364
9980
10626
14737
10605
11429
7811
7367
8583
8128
9096
9100
12721
9986
9538
7943
15758
9354
8251
14709
8378
9189
7654
7764
8497
7975
7661
8143
7988
8384
9892
8830
14226
14452
9157
7678
9775
8783
9158
7610
8063
8600
7353
9202
7777
8412
8360
8051
7864
7507
8856
8297
8576
8867
7684
7654
8230
9322
155832
8387
9134
8640
9787
10405
15845
8896
10259
8592
9618
8805
7822
8348
7633
7667
8819
14676
8774
14036
8132
7601
7569
7752
9088
8571
8669
8414
8220
7980
10383
18982
12965
10239
7761
7876
9415
7471
8023
10014
10405
13416
12681
9374
8758
8729
8405
7798
8909
7413
8135
7759
8566
9033
8704
7794
7855
8334
7954
9275
9163
11025
9858
10786
17574
8886
8789
7777
8230
7918
8590
9565
8264
7956
8056
8620
7874
7757
8097
8496
7707
7943
8509
8434
7511
7592
7588
9188
10347
8529
11426
9832
15931
11305
8500
8217
8448
11727
7570
8396
7933
8764
7742
7824
8312
8425
8683
8877
8791
10473
9492
18517
9783
9316
7824
11069
7687
8206
8155
8302
7541
9143
7600
8014
7787
8567
8597
8174
10970
9738
13300
11471
8806
10738
7588
8585
8753
8692
9189
7726
7591
8740
9190
9620
8858
7863
8215
7752
8441
9164
17393
9177
8290
8600
16366
14328
8271
12246
8475
8849
9022
7831
8000
8358
8373
8396
7805
7837
8065
8972
8237
8829
7588
8530
7536
9225
8307
8220
8022
9374
10112
12304
16593
8148
8022
9184
12280
7582
9012
10063
11061
13998
11507
10021
8164
9368
8740
8346
7773
8574
17239
14102
10665
8779
9442
8760
7764
8917
8717
8796
7519
8150
8035
8311
8263
9204
9118
7839
10392
10641
14819
10191
8598
7811
9669
8108
8128
9148
8878
9162
8457
8704
8211
8654
9113
8611
8312
7969
10415
9641
11421
15826
8995
8400
8704
9226
7919
9406
8257
7948
9199
8146
8731
9280
9551
9010
17439
8922
8523
9543
11143
9296
7683
8186
7830
9161
8505
8856
9399
10147
14017
13154
8850
9532
7759
8160
8387
7712
8133
8198
8649
7509
8333
8086
8865
9305
8341
8685
8539
10490
8446
10985
189399
8690
9115
7926
8021
8589
9414
8054
8369
9066
7797
8412
7761
8779
7367
7961
8058
16306
10364
16130
9440
9785
8023
17460
11607
7937
15964
14844
9461
8000
9194
7945
8515
12647
9176
8430
7979
8464
7972
7791
8405
8170
8830
9568
11182
15411
9707
8400
9655
8576
9218
8548
7801
8205
9836
8768
8779
8970
9798
9841
15330
10896
8420
8472
8861
8462
8892
9342
7830
9243
7523
7736
8414
8836
7880
10780
7634
8590
8879
7949
8404
7859
7553
9953
9859
18487
11406
7832
9164
7558
8321
8225
10702
9201
8457
10030
9053
15026
10895
9331
8928
9502
9147
8794
8287
7770
7725
8856
8549
7708
8374
9128
7818
8343
8308
7624
8353
7512
9066
9050
8586
10366
20281
9645
8814
8945
8365
8129
8159
15372
9631
14320
10775
7971
8025
9748
17469
18391
9794
9217
9460
9014
9216
16859
15015
8620
8804
9520
8317
8457
12441
10123
13376
8802
13565
9685
9874
8794
8994
7722
8539
9124
8803
8681
7860
9362
8761
8902
11210
15064
9095
9490
9418
7733
8259
7964
8252
9890
8738
9194
7744
7995
7985
8199
8584
8914
9156
7592
9240
10253
13384
15752
8621
8758
8153
9620
8051
9400
8658
7959
8274
7887
8615
12943
13357
12270
12727
8113
7415
9415
8292
8512
7961
7633
8255
8558
8006
7958
8834
10326
17882
9129
7766
8557
8523
9074
8544
8485
8061
8587
9625
9249
8989
8232
7945
8857
8540
9210
9986
9289
16317
9149
8784
9396
7887
8012
12227
8805
8633
8734
8254
8827
9703
18343
10213
8356
9129
8825
7792
8166
13566
9888
10447
9094
16410
9000
9010
13939
9238
8710
9055
9769
18112
10287
14030
11109
14662
11320
9444
7959
9042
8725
8943
7753
10987
8334
8027
8573
8146
8798
8620
7555
106753
8559
8335
8115
8198
9078
9115
7974
8980
9308
8976
8295
8627
8632
8633
8434
11135
11583
14215
7754
10245
9097
8938
8323
8776
7988
9197
8411
8123
7610
8632
8629
8594
7807
7969
7717
8427
7954
8245
9054
8651
8435
9210
11205
12693
12565
10031
11034
9076
8029
8506
7555
7565
8974
8314
7663
10251
8794
9400
9030
10855
16953
10371
9051
9242
8221
9220
8201
8343
8786
8012
9997
10904
15523
11183
8914
8571
7681
9220
9198
8358
9046
8419
8486
7408
7640
8458
8268
9315
7811
7614
8946
8906
8149
10579
13727
13276
9521
8735
9092
9723
7855
9173
8123
8630
8054
9000
9194
7814
8552
7978
8274
8244
8084
10820
15899
10178
9909
8918
8008
11352
9040
8292
7613
8805
8317
9227
7449
9823
8379
10687
9491
18835
8417
10558
9108
8490
8780
8477
8907
9487
10606
15283
10286
7986
8107
8696
9068
8438
7861
10913
8797
8495
7833
11495
9779
10150
16989
8157
8140
7904
8378
8117
8278
9074
8635
8821
9261
8758
7846
8372
8233
8923
8153
7800
8795
9353
8794
9002
9471
8512
13577
13663
9589
10722
8169
7951
8437
7872
9068
8051
8293
7887
9064
8907
8777
8380
23043
9527
8320
9933
8081
7791
8083
17461
14451
7688
9159
10100
7753
8732
13569
9677
8268
8033
8943
11122
14994
14109
8815
8195
8943
9063
8981
9928
7781
10065
13250
12138
10600
9143
9143
8731
8041
7936
9252
8580
7856
8224
8967
8765
7405
8979
8305
8251
7993
8540
7784
9177
14933
11979
7871
7963
9661
8398
8399
8075
9043
9270
8210
11476
8953
8997
8630
12358
17274
7814
11365
8174
7831
8974
8217
10953
15951
13314
8266
7992
8167
9006
8287
7881
7965
8605
7435
9441
9327
9205
7894
7640
8798
8658
10102
171466
8783
7704
10323
9375
8831
8041
7963
8248
7779
8364
8101
8055
18239
11275
9007
10381
11996
14169
9441
9121
8971
7683
8399
9042
9038
9010
7753
7738
8235
8683
8721
8197
8909
7572
7420
8466
9017
8142
7569
7893
8989
8619
7703
9101
7594
8204
8370
8357
8151
8545
8681
7812
9716
10095
14184
11074
8610
8533
9572
7974
8153
8423
8138
8395
7981
7914
8852
8838
14829
9459
10664
17402
8994
8871
7733
11174
8045
7800
8314
9014
9133
8541
10394
17573
8552
9964
7905
9164
7821
8866
8200
8539
7818
12795
8966
9230
10738
14075
11287
8993
10480
8580
8161
8418
9217
8409
7829
8055
7958
8085
8138
7661
8912
8103
8653
9044
7971
8447
8605
7682
8968
9379
9828
15745
11872
8907
7680
8401
9400
8884
7743
9459
8576
9302
9005
21944
11181
8390
8998
7972
9476
8892
12603
16062
9508
8564
8332
9035
9113
11789
8755
7467
7863
8569
8038
7742
7635
8162
7217
9301
8282
7871
8525
8672
8993
8514
7958
7881
9071
8057
7541
11075
10005
12928
11997
8552
8927
8198
8478
8828
9292
8817
8478
9207
7964
8643
9251
8169
8586
17016
12210
8373
9268
7769
8364
9461
9779
7877
7730
8566
8106
8298
8450
8954
8582
8158
8393
7830
9055
9175
9265
11200
18254
10417
8236
9349
8456
8977
8674
8235
8616
8865
8111
7700
8875
8588
8830
8987
10126
14953
10702
12082
7812
8534
8764
9124
8850
8097
8203
7864
8095
7874
10097
9133
9199
10652
15029
8598
8326
10061
8593
10654
7451
7651
8314
7567
9426
9194
8208
7414
8730
8266
8154
7657
8092
8609
8839
8742
8687
7775
7974
13209
15173
10028
8479
11466
9022
9377
9343
8655
7770
8196
8751
8179
7849
8342
8394
8374
8392
9680
10639
191750
9020
8489
8432
7590
7723
8819
9256
8485
8536
10282
10002
11344
14141
9651
8657
8040
9738
10440
11648
13343
8912
9698
7752
8997
8824
8972
7771
8872
8937
7880
7897
8919
8496
7752
7439
8559
7864
7898
8764
9477
10031
10558
11275
13810
11010
8975
8921
10497
8558
8375
8116
9698
10742
16979
11923
9179
9550
9451
7862
10075
9020
10162
13274
11831
9416
8813
8566
8190
8133
7931
8715
8311
7797
8026
8316
8404
8727
8852
8000
8811
7928
8231
8317
9525
8164
7965
9189
9835
9635
7558
9860
14815
10299
9126
8820
8409
8394
7992
7656
8556
12967
7940
8528
8030
8151
8230
7753
7793
8155
7459
9049
13276
14410
11088
9001
8567
8376
8836
9163
7569
8055
8174
9349
7607
7713
9030
8192
7733
8797
9377
7784
7803
8964
8336
8360
7553
9177
10014
10390
12919
13937
9020
9809
9032
7466
7694
9923
8938
8312
7682
8337
8980
8170
9738
8427
10748
15634
13881
7351
8385
8499
7688
8858
8046
17259
15435
8647
9651
9559
9292
7984
17338
14056
9855
9026
9413
8573
8055
14071
18184
11503
8644
9129
9053
8364
13654
10954
13494
10341
7827
7760
8346
8094
8307
8158
9749
7995
8012
8286
8165
8642
8151
8758
7889
8958
8533
9346
7722
8092
7647
15633
15921
8602
8268
8964
8082
9507
17405
9755
15349
9020
8035
10359
10012
11525
8369
8778
8620
7834
8248
7846
7690
7553
7441
7584
7712
7869
8413
8160
10994
7687
10471
10947
15348
9153
8114
8229
9215
9185
7905
8235
8501
9282
9317
8120
9214
8202
8636
9385
12943
16743
10115
9994
9405
8785
8848
12691
16257
8755
8374
7905
10210
8616
10636
9125
8307
8260
7841
9185
8466
8131
8984
7381
8494
7727
9209
10429
9166
10021
14943
9114
150354
17393
8410
9043
9374
8143
9287
8575
8432
8543
8545
8575
9205
14705
9200
8171
9352
8491
8538
7986
9448
9071
10084
15417
9589
7971
8766
9630
7861
8138
8118
8275
9525
8422
7786
8917
9205
18635
9754
8952
8534
7938
8632
9412
8140
8079
7718
8043
8471
7818
8030
8364
8556
7792
8559
9268
9134
8791
8616
10375
14353
14309
7771
8455
9292
8077
8589
9343
7989
8672
8154
8313
10063
9958
15414
11245
11274
7954
8594
7693
9069
7809
8405
9003
8062
8199
8772
8266
9061
7562
9487
8643
11021
15882
9979
8542
8818
9376
8709
9151
8072
8760
7710
8215
9201
8116
8237
8735
9543
7943
9138
10487
9763
13912
10434
14023
9271
7633
8041
9110
8110
8371
8466
10062
10452
18440
8663
9501
9455
8830
9214
8177
7573
8840
8155
8435
9338
7618
8323
7522
11508
9402
12760
14135
8984
8401
8573
8959
7678
7721
9198
9199
8239
8379
7697
8684
7610
9888
9336
7962
10534
10227
15786
7846
13661
9242
7731
9181
10003
9951
10177
12955
10856
9236
8235
8626
8830
9496
8959
7808
8552
7692
9076
8307
8035
7941
9046
7581
7951
8240
8051
8483
7796
7983
7784
8097
9313
9040
8863
8358
9216
13959
14994
9624
11284
9379
7760
7971
8004
8574
7595
24349
8104
8923
8112
8163
9090
8479
14725
16434
9564
9000
8676
9307
8115
14396
8287
8732
10629
12373
13917
8706
15329
8230
8585
10343
13662
16331
7984
11438
8642
7538
8317
9304
8800
10586
8836
15662
9210
9103
9670
8477
8297
8303
8807
8700
7658
8003
8459
7639
8158
8638
7866
8242
8210
8255
8123
9231
10200
8310
8223
8376
7382
8660
12051
16107
11341
8171
8910
10873
14928
9569
8635
9065
8759
8132
8658
8292
10730
10122
17599
9393
117288
9360
8815
8746
9201
8811
11566
14698
8769
9578
9360
9343
7479
8073
7364
8115
8486
9085
8981
23173
8271
8519
8427
7715
8881
8677
7579
8892
8394
7931
7966
8367
7870
8279
8384
8364
8453
8391
8083
9098
12519
15211
12204
9862
9477
8679
8271
8055
9085
8724
7827
8861
9608
10030
14912
9402
9195
10076
7598
8608
9257
8650
8699
8282
7714
8728
8697
9173
8032
8958
8340
10979
20321
10143
8583
8787
9066
7829
8370
7994
7953
8562
8524
16676
13328
10111
8675
8418
9327
8095
12717
8676
9969
9769
15075
8964
9712
8539
8800
9006
8678
8032
8847
9582
10417
9653
9425
13547
13081
8482
7441
8217
8161
8556
8483
12329
7885
8113
9173
9687
10465
16800
14338
8665
8724
7829
7761
8736
8815
9208
9348
9171
16266
11269
8389
8117
9157
9257
8107
8148
8221
7979
8409
8594
8688
8387
8159
9046
8461
7599
7766
7828
8129
9178
8376
8657
8192
10337
8426
9054
10778
15040
10979
7796
12043
7589
8575
8323
11196
9723
10531
14971
9528
9157
8184
8730
8114
8355
9032
8576
7584
9056
8800
7543
8230
7348
8174
7764
8319
7686
8926
8356
7473
10685
7534
8533
7789
8107
8102
8646
8561
7943
8358
9103
7589
8358
7971
8461
8479
9034
10183
8490
18273
12090
8862
9127
8548
8594
8432
7677
8056
8072
8229
8116
8307
22851
8134
8938
8580
8391
8116
7902
10630
8270
7512
9741
8840
9086
7767
10629
10191
15748
10699
9405
7972
8392
9117
8866
8009
7870
8307
9068
8514
8518
8488
7984
7922
7841
8962
7736
7662
8025
8379
8313
9222
7774
7777
8341
8960
8668
7516
8317
8425
7775
8815
9640
9822
15524
11462
8805
8183
8559
8438
9175
8665
7994
14444
15548
13738
8584
9134
7868
190353
16568
9321
8297
10343
7512
8083
7527
8179
9697
8071
8985
7710
19691
12234
8873
8191
8868
7618
8210
7907
8046
8715
8223
8205
7680
7874
8734
7751
7953
8121
8714
8310
14286
14492
10039
9184
13617
10403
9553
8997
7709
8090
7643
8505
9397
9533
11820
10208
10788
17652
9407
9340
9327
11032
10558
15244
11257
8413
8215
9331
10226
8711
7436
9062
9057
9054
7893
11680
13071
12148
9795
9402
8878
9528
7731
7995
8642
8563
8014
8107
9297
7587
8471
8022
8466
8278
7748
8682
7471
14026
14979
11646
8184
9000
8633
8600
8287
7451
10589
8551
8197
7738
8292
8396
8475
7960
8406
17888
15364
9232
8769
8983
9035
8157
16557
14640
7671
9252
10336
9339
8669
11538
9124
8772
8336
11225
15162
11295
12871
8656
8164
9278
8836
7630
8316
8271
8513
7554
7856
7773
8630
8485
7608
8226
10252
9525
15066
11367
9105
7914
8391
8266
8495
9435
7660
8733
8458
7658
8424
8826
8584
8276
7985
12282
10199
11358
16348
8609
8616
8004
12937
7893
7793
8282
11753
9960
15323
12733
8400
7943
8276
9312
9136
7528
7751
8804
7355
9046
9378
8684
8696
8110
9570
8816
10593
16742
10152
9376
8118
7860
7617
8847
8516
7630
8551
8607
14221
15392
11446
8075
8309
8586
8464
8451
8488
8254
9342
9396
8870
7717
7771
8061
8613
8123
9600
8245
9717
10752
10670
17445
9259
17645
8607
18342
11099
8410
9751
7780
14315
14406
11223
10623
8917
9134
8808
8689
7570
7503
9024
8990
8632
8534
8637
9701
13413
13755
9087
7632
9131
10806
9618
8412
8484
7820
7886
8507
7738
7986
7413
8716
7471
8430
9030
7715
7567
7417
8308
9044
8697
7533
11287
10066
10083
15301
9747
8495
7855
8100
7975
8645
10666
143156
15342
12953
9179
7585
8257
7794
9134
9229
9042
8830
8779
7420
18144
16005
8230
8617
8914
7727
9020
7523
8312
8431
8087
8871
9135
8411
7888
7570
8855
9459
8400
10197
18027
9362
8800
7781
8220
7811
7967
7442
8202
9059
8497
9438
8662
7735
7923
7640
7420
7618
7943
8595
9140
8466
8445
8204
7765
7755
8426
7693
8333
13317
10056
12724
13710
9143
7630
8387
10734
8825
8512
7923
11096
7842
7368
8908
9117
10104
11194
12772
13195
9031
12955
7855
7629
8831
8394
9638
9364
11738
14899
8894
9600
8971
8758
10532
7720
9123
7676
8071
9312
7791
7896
8338
8189
8486
7960
16289
13803
8551
7970
7814
8297
7842
7861
8174
7705
8933
9282
8815
8517
11790
9375
7581
9041
8557
8322
10616
13728
13396
8717
9381
9507
8774
8280
7615
9246
7512
8164
9366
8796
9250
7910
8358
8048
7984
7766
8252
7823
7532
17569
15451
9035
9136
8789
8857
7850
10371
7954
9296
10061
10025
15353
10396
14138
7772
8718
8885
8245
9835
10395
7875
15672
10024
7857
11043
9181
7944
8414
9277
8876
7709
10268
7655
8652
8995
10988
9568
15536
14574
8051
8203
8615
7755
8178
7651
8974
9162
7642
7940
8171
9081
10468
7740
9030
17506
12697
9188
7935
8449
9618
7845
7470
8211
8336
9414
8630
10041
9410
9339
15956
8790
10161
11120
7820
7590
8241
7794
7923
8517
8253
11459
9527
9490
10343
14997
10516
9259
12110
7926
8705
8102
9103
17530
13453
11152
8882
8624
8956
8367
8154
7872
8286
7800
9044
7998
8995
8528
8244
8383
7653
8184
8198
7725
7694
9337
7538
19667
9794
9251
7975
8566
8783
9056
8747
8019
9255
9283
8459
7615
7662
7964
8401
8403
8394
17854
16189
10851
7770
9831
8576
185805
17056
10904
8052
8393
8174
8295
8104
7661
8864
7609
9602
8786
8173
7812
9000
10475
7988
8120
8521
9341
8857
7680
8325
8786
8996
9395
9409
9439
8761
11046
14855
9227
11848
9033
8541
7955
9261
7668
7916
8367
8869
7882
8812
10733
10008
12823
13017
9690
7749
9538
8105
7935
7699
9317
8562
8138
9220
7692
8438
10027
7883
8436
7660
8499
8179
8954
7528
8661
7971
8406
7802
7828
11016
9992
10536
8232
16133
11237
8279
12892
9954
14368
9037
11298
8164
8312
10499
9177
8010
8538
7964
9405
8482
9251
8343
8476
8181
7620
7835
7944
7844
9203
8501
7873
10004
9575
9676
14066
11577
8934
8660
8280
8235
7879
9198
8861
8233
7777
8546
8309
9118
9338
8892
10706
9686
13240
13737
9696
10131
9155
8504
8112
8927
9760
10771
10195
17836
9112
9156
8518
9233
8694
8811
7708
8401
8010
8320
7648
9016
7494
9214
9040
8513
8913
14919
11148
10019
9190
8035
9001
8365
7857
8600
8892
10220
8014
9030
7651
9330
8193
8864
8650
9225
12050
14724
12772
7863
8565
7873
9009
9305
7646
14961
15207
10473
9409
10421
9182
8106
10434
7882
9038
7912
11132
18242
11282
10999
8019
8330
8199
9781
9943
15153
13831
8339
8266
8738
9604
9341
8235
8072
9038
8288
9594
9316
8226
9008
16485
10568
9205
8119
8902
8910
8876
7879
7616
8501
9441
9136
8164
8185
8584
8413
8510
7584
8816
7994
8076
8323
7939
8032
8279
7603
8425
7888
7950
9060
8621
9015
9460
9821
14938
8395
8666
8420
7846
8977
8492
8409
8551
8287
8079
8587
8825
8188
7553
8442
16377
11912
14062
9205
8431
8737
8926
10708
8559
9057
8136
8958
10260
9850
9400
13634
10517
7982
11742
7939
7938
8015
8912
7882
165370
15523
10628
10649
9317
8569
8629
8445
7562
8753
13357
18382
10492
11233
9400
8317
8216
8423
8712
9322
8430
8639
8758
8802
11365
8956
11117
10840
14103
10244
8000
8070
9564
9976
7976
7480
9144
8772
9180
8096
7575
8755
7474
8548
8331
8453
7653
7652
8800
7473
8683
8175
7854
8266
8164
9107
8616
9036
7664
9635
9923
14975
10645
8993
8754
9496
8613
8985
7566
9412
7572
8476
8789
15123
17668
13323
19435
12274
8190
8407
7849
9660
9200
9574
9233
9171
9038
9783
11799
10978
8163
14056
8373
9573
8805
7893
8277
9420
8643
8233
8995
8950
8858
7560
8875
8919
10089
11077
7728
15181
9818
7842
8179
9620
9535
8784
8220
8146
8805
9194
8911
9163
8808
10643
10407
13497
11994
9196
8615
8148
7950
8319
7910
7531
8681
8335
8997
8256
8811
8138
8743
8656
9027
9238
8632
10237
18501
8502
11188
8532
8273
7898
10163
7770
8293
7944
8429
9670
9145
10005
14772
11471
9621
9358
7789
8384
8513
8174
8310
8336
7881
7870
9181
8194
8214
9020
8353
9195
8631
10441
10543
15789
9388
9878
8417
7769
8746
7800
8720
8075
14708
8639
10762
15732
10451
9511
8964
14051
10178
12704
8661
14917
8078
8328
13277
10128
8692
8352
9743
14482
11047
9784
7653
8663
9138
8802
10880
8974
8389
7988
8569
10421
9899
15690
11692
8302
8857
7794
9541
7564
9051
8767
8384
9239
8343
7574
7564
8579
7876
8795
8703
7692
9439
7868
8569
7741
10073
10681
16000
9164
8631
9405
9296
10564
8362
7641
8148
9020
8653
7753
8805
10076
18061
11621
7666
9257
7774
8492
8343
8768
8594
8430
8935
8853
8537
11277
13619
12045
8035
9536
9625
7647
7785
7389
7769
8613
8715
8866
7919
8379
8136
8837
169379
16719
8810
9256
7850
8323
11418
7771
10043
10569
13438
10992
8332
9735
8543
9620
8030
14433
9902
8904
9109
7583
8254
8946
8124
9384
8767
7600
7708
8000
8067
8538
8548
8226
8655
8149
7741
7953
8234
8967
8171
8102
8058
7924
8011
8190
8203
8374
17517
13415
8633
8550
11748
7872
7794
9318
8404
8582
8768
7764
8543
7982
7934
8205
9061
9564
18055
8620
7893
9122
7692
10560
9041
14775
10764
18209
9357
8635
7634
8713
18184
15015
8026
10627
9543
8937
7984
13992
8712
10593
14130
11587
9471
9172
9661
8755
7788
7565
9301
7757
8312
8678
9204
8766
10227
10444
15667
9556
8388
9343
9167
9261
8477
7898
8977
9478
9187
8593
8384
7570
7595
8651
9151
7559
8276
10086
10493
17479
10745
8245
8092
9013
8153
8302
8958
9181
9867
8579
9861
15910
10230
9142
9800
10196
8600
8031
7620
9362
9073
8522
8497
8590
7975
9218
10889
15917
8175
7623
9628
7930
9501
9726
9041
7507
8342
7556
8102
8674
8000
8206
8159
8109
7843
7549
8372
8656
8228
8169
7587
10268
7951
8185
7669
16627
13455
8563
8374
7882
7494
8057
10814
7821
7524
7912
8708
8212
9274
7982
8561
7904
8891
9138
8778
7907
8010
9135
7914
9403
7816
7875
8333
10232
9016
12238
17312
10569
7943
8235
10918
9794
10239
16149
14900
8268
8973
7810
9207
8804
8598
8148
8467
9378
8753
9476
8815
8895
8076
8499
7874
16999
13133
8442
7738
10224
11727
8095
11376
9428
9856
9530
18732
8944
7991
10894
9315
8676
8174
9477
11248
14887
11961
9245
8163
8441
9850
8352
7661
8536
7622
7973
8913
9160
8959
9966
9789
17307
9556
8615
7943
9015
8350
7521
7991
8263
9564
8866
7945
8318
7488
12009
9067
9610
148617
8888
8288
11510
8056
7457
8420
7885
9162
9357
20250
11061
8511
9552
9041
9000
8943
11894
8343
8215
9632
7477
8776
8956
9560
8095
8905
8179
7345
8341
7687
7677
8739
7992
9059
8678
8124
10040
8754
13347
15489
9659
8361
8739
9169
8078
9005
8699
9130
8327
9278
9669
9853
15720
7644
10491
7600
8162
9610
7961
8633
8579
11707
7992
7748
7795
7811
8753
7821
7622
8446
7700
7855
17543
14013
9987
9642
7774
8154
8898
15745
13235
13820
8971
12943
8017
8408
11075
8868
8573
10876
17948
9815
9245
12830
10845
15370
9248
9291
9759
8305
9112
8616
8575
8220
9165
8901
8945
8936
9251
8769
9882
9746
14519
12207
8285
8168
8955
9256
7842
8114
8580
9353
7793
8666
7695
7810
7656
8895
9056
7640
7656
8837
7762
8294
7579
11691
9118
9171
9584
15031
11801
8999
9374
9318
8610
8798
9463
10048
14750
18216
7700
8491
8361
8023
8816
7828
7932
7937
8232
9770
8112
9915
9932
14000
11388
8194
8360
8031
8166
9419
7701
9095
8153
8216
9426
8720
9185
8767
8307
8513
9231
10106
9811
14028
12466
13717
8692
7677
7800
7939
8738
8005
8293
9297
8429
10282
10500
15653
9322
8585
8130
9138
9411
16734
9680
17650
7978
11908
9640
8348
8706
8998
9136
8720
10481
14968
9703
11913
8806
8105
7989
7815
8027
8586
9812
8168
7991
7938
8113
8151
9170
8935
8885
8575
8296
7605
10947
9321
15733
9656
7915
8071
8249
9040
8353
9208
9020
7635
7994
8211
8579
8072
12334
8092
7620
7852
8923
8065
7752
8189
8986
7533
9499
9805
10243
15083
9097
9808
8659
9046
9439
11548
8254
7917
7922
7418
9045
7974
8395
8635
7733
13269
14386
10263
10254
7618
7866
9035
13501
8911
7552
160090
10262
15659
9489
9296
8383
16072
10760
15008
9588
10989
10559
8095
8454
8312
8178
9400
13132
8998
8353
9044
8210
8379
8794
8784
9026
8605
8600
7560
9000
10284
15020
13706
12897
8117
8187
7549
8660
8152
8141
8218
8452
8544
10142
15084
13775
10158
9277
7861
8641
9687
7764
8246
8533
8066
8783
8663
7733
8615
8212
8785
7741
7938
7641
7750
8481
7756
8213
8452
8890
10071
15648
13466
9317
8458
8816
9415
8628
7682
9137
19005
11847
9183
8826
8201
8153
9369
15753
11661
16256
9443
8261
8818
8779
14997
9535
14995
8173
9436
10805
9428
8838
7862
7756
8274
7691
8516
9356
9677
8758
10345
9482
14647
12262
8976
8871
7747
8330
8020
7763
9096
8810
8162
7661
7875
9376
9107
9600
11109
15306
10504
9008
8112
9536
8584
8318
9503
7904
8748
9133
7764
8216
9338
7990
8673
8877
7615
10910
17523
10261
11656
7591
7642
8451
8104
8074
7857
7753
8923
8302
8124
7774
8272
8049
8045
7594
8165
8579
7969
8202
8374
7999
12397
12243
14441
9538
8888
9606
8169
11166
7475
8072
9041
8641
9901
9800
10242
14944
9003
8834
10221
7773
7735
8272
9683
8185
7650
15256
14795
13443
8087
8493
7956
9165
14619
8799
10606
18280
9378
8014
8179
15334
10383
12269
9224
11577
9594
8772
12309
8142
8215
9118
7793
8707
8275
7905
10405
8656
11208
15487
10138
8119
9799
8969
8593
7607
9370
8609
8512
7676
9196
8599
7798
7754
9076
7771
17908
13643
8313
8589
9402
8547
7674
8126
8748
8629
7591
7944
8505
9119
9899
8533
8756
10316
12271
13899
8256
10643
7925
8752
9673
8565
9112
9194
8749
8109
7494
8766
7804
8205
8200
8172
7759
7663
8641
8112
8767
9283
8109
20623
11632
9598
145257
13728
11141
9236
8156
7969
16003
9759
18325
8954
9053
9358
7401
9205
8480
7566
8330
16635
9504
8832
8769
8558
7641
7933
9338
8995
10702
8251
8257
8146
7889
7631
8183
8018
8874
8630
9741
11073
13518
15549
9250
8678
8525
7923
8145
8487
8142
9246
9445
9214
9651
14706
10534
9552
7820
9990
8115
8930
9124
8183
8484
8154
8304
7773
8595
8457
8107
9121
7369
9111
8513
9746
17444
12173
9000
8425
9394
7536
9034
7834
10711
7819
9091
9487
9747
9097
9871
8928
15368
8030
9440
9358
9151
8337
9414
8427
8363
9328
8284
8169
9310
7885
7738
9400
10138
11421
16988
10032
23403
8356
8670
8829
8230
8475
9041
8356
8052
8585
7542
8481
7820
8271
7719
8564
8237
8382
9419
10102
9806
17021
9836
8472
7677
8615
8153
9468
14537
18934
7532
9106
9394
8798
8224
7892
8292
7545
8396
9180
8265
8955
7769
8217
8179
7943
8559
9205
7764
7743
9123
8706
9003
7945
8425
8783
8406
8336
9271
10390
17901
12349
8589
7815
19477
14523
8002
8308
9169
9025
7854
12680
8142
10212
10596
15239
10130
9086
14478
9707
9159
15568
12283
9436
8849
8374
8664
8197
8614
8944
8270
7868
11353
7700
7641
7953
24024
8523
8230
10350
8897
9356
8543
15937
14311
8673
9418
8512
9562
8187
11559
7873
8170
7900
8539
8725
9639
8202
9306
12209
13719
10779
8899
9039
9368
7789
8861
8232
7898
8391
7632
8856
7877
7554
8280
8225
8284
7914
7651
8517
8201
9039
9056
8299
8257
11379
15868
9717
9046
9039
9816
8821
12007
8953
8651
9644
16687
8739
8312
8344
9819
8692
8690
9022
7780
7836
8218
8921
8088
8886
7922
8732
8134
8164
9232
8414
8112
8444
8310
10047
10574
10449
16365
9400
147183
14235
11384
9154
7764
7957
10298
7694
7671
8804
8124
9317
8257
8620
8562
9215
7734
13976
8312
11857
8553
7578
8948
9096
9367
7938
11469
8866
9150
10909
17041
11751
8446
10144
8252
8118
11481
15152
9409
10495
11090
8287
7855
8584
8333
8441
7864
7862
7776
7711
8952
8574
8040
8383
8535
10055
10031
15625
11045
9340
9630
7457
8876
7915
7965
7789
8434
9023
7989
17284
13705
9382
8712
8591
9429
7721
10257
7545
8832
9499
9441
8784
7530
8098
9545
9029
9708
19983
11130
8327
7897
7931
9259
8989
16853
13949
7721
8394
8834
9493
10286
16328
16471
8348
7897
8995
9763
7742
14034
8299
7791
7969
9479
10127
15903
15831
8820
9058
8692
8815
9379
10513
12656
15942
9028
8807
8203
7856
7773
8555
8763
9651
9153
8736
8392
7956
9789
9977
15384
10970
9517
7940
8195
7825
9011
7907
9558
7678
8813
7764
8948
9417
8717
7950
9336
8604
10130
10547
16067
9238
8051
9397
9384
9505
10218
9338
7810
7623
8786
8776
7743
7355
8527
9093
10498
10219
13867
10900
8963
8380
7821
9721
7593
9391
8194
8099
8730
7917
9348
7890
9239
8270
8585
8743
7422
9499
10148
10816
18878
9032
8537
9001
8476
9250
9172
9213
7654
8979
8917
10049
15482
12786
8228
8058
10883
8541
8371
7869
14526
16092
8791
9047
9491
7952
8554
13541
8590
8968
12462
14331
10249
8758
11746
8732
8752
8063
7752
8256
8379
8196
7960
7405
8537
8312
8099
8686
8434
7622
8455
8373
8212
8984
8374
9542
9388
10122
15592
7739
10905
9599
9555
7795
8349
7905
9049
8101
8317
13688
10197
17209
10425
9420
9676
8615
9238
8622
7892
7672
7674
9259
9922
14858
12035
8343
8014
8676
7967
7593
8843
7543
9007
8548
130321
12066
9178
8010
8347
7886
13386
7723
7769
8198
8395
7537
7584
8397
8601
8989
8230
16500
8736
9166
8898
8565
7745
8969
9341
8239
8169
7977
8078
7883
8232
8609
8455
7758
9220
7538
8246
7768
8414
8553
7361
7687
8463
8939
8193
8546
7589
8035
17415
16358
9230
7904
9271
9495
8265
20348
10599
9056
8195
8238
9641
7632
8630
8075
9550
8213
7989
7775
7517
9044
8808
7949
8875
7661
9424
8712
9067
8304
8491
7753
8312
7960
8083
8015
8058
7769
9003
8206
9992
8207
13943
14581
9355
7794
9594
7723
7764
9112
8907
8049
7573
10324
8485
8143
7775
7621
8656
8560
8625
8657
7901
9022
8422
10451
15356
11707
9048
7878
8892
9222
8633
7932
8117
8479
7918
8808
9179
8026
11289
8554
11255
17638
9396
9517
7927
9756
8010
19158
13315
8146
9308
9310
7614
7750
9185
8414
9204
7575
10502
8142
7573
8512
8203
8275
8347
14483
15533
9055
10004
10323
9780
8974
11476
8638
10315
8840
15523
9358
8989
14295
8646
7546
9148
7535
8511
8745
9175
11062
17476
12263
8369
8427
13395
19699
8858
19265
9579
13331
10910
9081
10561
8676
9862
8770
7759
8558
7982
9166
10081
11035
14981
9156
8332
8086
8819
8061
8574
8584
8714
8646
7652
7893
8489
9139
7810
9283
7962
8237
9224
7591
7552
8900
7701
9382
9188
10605
9609
18525
10868
8943
9662
8396
8501
7605
7953
8441
7653
8605
8394
7513
8872
8238
9054
7896
10271
8651
10360
18021
8196
9418
9767
8608
8643
7828
8978
8463
11974
14086
11394
8918
9086
7747
8053
7913
7860
8892
9271
8693
8221
7649
9208
8833
9401
8261
8282
8190
8184
8580
9674
10744
14261
10042
8784
9067
9049
8201
13861
8549
8676
10672
13333
13774
155004
10031
9489
12719
8693
7551
9348
8073
7912
8473
9197
10143
10236
12117
13563
9615
8133
11224
15549
12528
9302
8585
8362
9139
8558
9200
11736
10702
19329
10600
8631
9042
7793
13500
17173
8590
9445
8022
8767
8818
10812
7964
7520
9225
7793
7607
7986
8234
7672
7975
9220
7585
7938
8923
7741
8261
7469
7819
8605
9696
8430
8717
20832
8058
8318
8404
8525
9682
8558
8233
7960
8447
9408
7922
8337
8056
8062
9369
8527
8250
7825
8515
7520
8774
7897
8830
9224
7876
8220
7575
9236
10245
17110
9415
8676
8272
8179
8291
8576
9218
8162
8745
9283
8410
8350
8643
7600
8336
9898
8066
8353
9206
11441
13698
15156
11565
8775
8094
8734
7805
7846
7621
8354
9215
7700
7784
9892
9208
9143
14776
11258
9086
9182
9333
8776
7660
8793
9262
7565
8740
8297
8285
7976
8231
8705
8238
8803
8160
8852
7897
8342
7573
8435
7631
8487
16892
13968
8765
8676
8407
7882
8569
12528
8625
8014
9511
10431
16489
9968
16589
9682
10476
7908
12593
14924
8220
17160
15954
9577
9922
8666
9681
8236
9139
9405
8764
8941
9569
9586
13819
14225
9659
8317
9548
7699
9058
9155
9246
9103
7617
7970
8216
9971
9102
10539
15953
9219
9181
8495
7619
8997
9015
8383
7605
8175
8718
9092
9414
8087
8113
9882
10130
10885
18810
9235
8875
9419
7547
7969
9172
8273
9347
11121
7666
9851
9917
18016
11666
9297
9177
8918
8807
9364
10000
12783
12216
11718
8805
7572
8977
9037
9516
9220
8113
8772
7809
7784
9943
9634
10024
15319
10137
8491
8615
9377
9003
9348
8405
7859
8756
8976
9265
10064
8569
8958
11489
13467
8960
8709
8398
7661
7380
9892
8758
9220
9023
9475
8030
7607
7692
9439
7818
148394
12803
9437
13164
8993
9117
10143
9771
15455
9876
12356
9313
8841
8744
9235
10258
18195
8297
7859
8275
7790
8425
7583
8117
9586
10399
9822
18066
11403
9385
9422
8574
8004
8524
9214
9520
10132
15829
9267
9235
8128
8960
7715
9015
8526
9294
7615
7576
8794
8170
8552
8014
9207
8800
7580
9758
12537
15582
12160
9379
8667
8935
8354
9051
8237
9220
9548
7752
7432
8620
8682
10261
16087
14735
8537
7856
9117
7997
8328
7820
9386
7792
7567
8815
8007
8179
7583
9796
8125
8419
7956
9624
8339
10164
18931
14340
8182
8141
8103
8255
7948
8328
7641
7754
9176
7858
7668
7996
8955
9066
7735
9942
8908
10299
14717
11666
8864
7742
9149
8875
8622
9156
7890
7953
8567
8157
7817
8262
8180
7728
7664
8425
8956
8897
8474
7979
7580
13287
14713
11929
8853
9352
8937
8211
14973
10246
15641
8394
8478
9711
7611
14695
9358
8302
8943
8090
8978
10404
18238
8658
8794
9358
9997
8743
7789
8732
8063
8092
8692
18697
11457
8949
10112
8617
8192
8311
13124
8793
9489
8194
9740
14937
8895
16521
13484
12254
8171
9885
8818
8740
12682
8043
7740
8400
9814
9510
9585
8045
18374
8798
8964
8808
9657
8203
8781
8306
7881
8299
9430
8995
9298
8773
10399
9274
14929
11584
8877
7766
8253
9378
8212
9105
8555
7992
7512
8285
9620
7825
9356
8228
8842
7704
8658
8828
8446
11185
15041
10765
9338
9483
9538
7788
8958
7479
8189
8702
8702
9195
9549
9598
10674
14923
10644
8122
9282
8514
9404
7716
8854
7901
8047
8342
8205
7995
8439
7792
7941
8712
12292
7410
8282
7696
7429
7614
7944
7768
7814
8153
7630
13872
14463
13188
9412
8636
9057
8205
15787
18154
9187
9481
8407
8574
148915
13635
8745
14724
10526
9839
15805
10205
7583
8028
14982
8354
7893
8002
8013
8914
8095
9475
9507
10483
13750
14365
9129
8458
8343
7899
8638
7969
8614
9389
8415
9237
8297
8044
9111
8549
8114
7994
9758
10585
15925
8869
7920
8056
9572
9093
7913
7803
9639
8744
8013
8274
10097
7895
8722
8487
7687
8947
8904
20456
11383
8298
7979
8858
8935
8018
14664
16108
10504
8358
7694
10964
9436
12029
8468
7905
8799
8603
10021
10266
8991
18415
8955
9293
10908
8153
10098
9898
11472
13123
9502
8928
9213
9741
8964
7957
8805
8992
8405
8226
7646
8204
8923
7370
7830
7599
9061
7972
7933
8052
8134
7812
7683
7996
8528
10723
10425
9990
15091
11966
8250
8465
9794
8466
7904
8124
8488
9051
8173
7933
8575
7804
8419
7965
7717
9189
8615
8457
7559
7768
8020
9399
8349
7538
13822
13886
9709
10472
8391
8537
7892
9070
9158
9339
8053
9104
8043
7800
7796
7631
7933
8278
8509
7712
8685
7591
9225
8056
7830
7734
8431
8234
9279
9054
10017
10231
18968
9031
8800
8489
9152
8743
9189
9106
8705
7819
8326
9435
8369
10928
16795
8587
7350
10569
7831
9074
7773
9758
8077
8119
8031
7576
8851
7789
8691
9389
7882
8525
8352
8212
7630
7973
9359
8267
8838
8321
8517
9913
9110
15383
10399
10644
9410
8449
8394
7898
9446
7889
9263
8784
8203
9041
9153
8095
12711
14405
9240
11280
8893
8369
15109
18299
11924
9137
9104
8697
7881
20044
10742
8697
8999
7882
9498
8172
13717
8705
7658
7969
7974
8042
7474
9356
7672
7961
8612
8005
7970
8982
10861
9581
15966
9436
9227
8738
8201
8287
11169
8365
8379
8397
8405
7808
9385
7630
8608
7928
12386
14522
8357
8184
8541
10143
198112
9983
10622
19068
12937
9418
9598
9349
7975
9658
13963
15650
24576
8972
8476
8979
8002
9615
9402
8577
10280
15354
10221
22214
14950
8535
11692
7946
7595
9036
7947
8182
8446
7907
8320
8577
9189
8276
9296
9542
8858
8651
10258
13314
14312
7993
9020
8737
10734
8585
8093
9763
8327
11268
15594
8662
8394
8301
8835
8157
10269
8733
8845
7838
8018
8866
8447
9208
8529
7651
7784
8740
7692
10637
8958
7274
7978
7752
8063
11892
9193
15890
10421
9778
9144
8815
9502
9071
8495
8809
10431
8328
15921
11699
9208
8596
8780
9176
8742
8660
9261
8361
8609
8241
8656
8072
9060
9858
10483
18906
9482
9888
9907
8876
10391
15487
9420
8000
8609
9261
9232
9056
9397
8592
8263
8164
8717
7932
8797
9434
8811
9197
10484
14925
11249
8133
9882
9408
7761
9189
9365
8712
8519
7953
8103
7937
8073
9086
8995
7620
8805
11244
13908
12178
8414
8235
9385
8657
8627
7507
8205
9003
8762
7932
8189
8558
8241
9237
8324
8344
7797
8285
8476
8699
9165
9563
25143
9437
8389
7972
8446
8651
7580
24075
9018
8814
8993
9039
7953
7820
14864
15374
11784
8899
9314
8916
7669
11358
7847
8269
8998
9157
9646
9615
11261
13920
8571
9620
9481
8432
8322
9600
8825
7533
8056
13757
13921
9378
9533
7993
8489
9152
8800
8076
8777
7611
9978
7756
8773
8871
8471
7687
7607
9369
7451
8291
8709
7820
9442
9598
16769
10021
8361
8451
7965
7703
8525
10042
8593
7912
8408
9388
8319
8266
8282
7461
9038
8964
9097
9175
7432
8443
8552
8198
9794
9018
10577
14790
10862
8085
8651
8920
9692
8311
10700
7761
7820
7569
9204
9352
7807
9189
8204
7360
8969
7594
9607
9964
17374
13922
8331
9104
155675
9315
7894
17971
15660
9651
8894
7415
8872
7954
9932
8436
10941
9119
9337
15548
9863
7875
8170
8010
14947
18362
11907
9466
7865
7566
8076
8876
8321
8454
7992
8676
7773
8033
7547
8835
9761
10802
15646
9610
8729
12877
8460
9741
8555
8952
8935
9748
10461
14246
11037
9210
7846
8638
8661
8916
7706
8903
7669
9251
7557
7799
7912
8077
8852
9313
15998
15753
9153
7862
9662
9330
9483
13775
10665
17423
10443
8423
9597
7926
15253
15224
9071
11061
9200
7934
9262
8757
8154
7984
9457
7582
8642
7722
8124
7689
8432
7900
8937
9287
9340
8873
9388
10162
12562
12700
10175
9240
8600
7856
7776
9075
7575
8466
7768
9494
8102
8298
9297
8600
9269
7807
10841
14057
12095
8830
8317
8223
10189
10780
7652
7690
8466
7809
8336
9241
7771
8714
8777
7728
9413
9535
10688
9576
15767
8274
9405
9544
8133
8212
8000
8580
7356
8649
8898
8225
7837
8732
16491
17675
11804
8617
9076
8534
8767
9120
8136
8446
10580
15759
12323
8189
10661
7989
8231
8265
8396
9009
7747
7958
8533
9146
7636
16438
14787
8068
8794
8335
8250
7512
10911
9553
7801
8585
9070
8903
7866
8507
9206
7979
8615
7721
8620
7858
11371
15297
12800
8896
9220
8631
8002
8092
8382
8087
8462
7910
9152
9115
8364
8591
8423
8541
8558
8638
10765
20996
9053
7984
9137
7815
8093
9373
10958
8192
7846
8799
10752
12402
15398
11020
8249
8318
7772
8312
9528
8257
8286
7920
7416
9072
9344
9798
10365
12213
12410
8415
7885
8363
8412
9583
7769
8866
9476
8036
8001
8756
8686
8705
20577
11807
8988
9623
9550
8974
7510
15158
15358
11455
9876
7971
8342
8194
14330
7548
9603
8779
10355
18428
8282
10851
8894
9495
154671
9036
9264
7697
8020
8011
8837
9631
7815
8280
23676
9376
9033
8812
8649
8252
7674
9834
8210
8274
9200
8367
7536
7810
7822
9229
8385
9159
8405
8876
8079
9148
9210
10181
19612
9301
8772
8233
8232
8848
9115
19687
9173
9866
9698
8876
8855
7785
10421
8065
8164
9010
8798
7999
8630
7759
8133
8251
7793
8361
7633
8676
7875
8165
9282
10042
8279
9928
14682
11048
9656
8763
9068
9630
9134
7476
7915
9220
7794
8641
7704
8189
8780
8735
8190
8486
7712
9376
10906
9233
16134
9209
12727
9020
9194
8800
8790
8211
8540
8179
10762
22314
9335
8011
10046
8877
9198
8781
18640
7964
8573
7958
9880
8927
9246
8221
7584
7937
9177
10825
9110
8113
7965
9199
9736
13807
12684
9439
8785
8671
8935
8172
9642
7885
9307
9220
8696
10085
9625
16097
11388
8892
8989
8375
9438
8147
8355
9449
8662
7902
7388
17291
17474
9624
9378
8388
8834
8358
18094
11630
9125
9683
9340
8291
8076
11152
8736
8641
11492
10408
15569
10020
14613
8438
9050
9933
10805
16256
8107
12331
8518
7610
8825
9199
8405
8138
8416
7559
8671
7856
15084
17093
8609
8620
8315
8405
8024
18908
14723
9939
9214
8047
9559
8683
13867
8834
10830
8370
15142
9848
8132
12509
8974
7959
8399
8053
7765
8609
7934
8353
8479
7869
7802
9396
8299
7972
8458
8102
8070
8079
9352
9621
17256
9641
9295
9278
7572
9046
7692
8855
7681
8807
9118
7932
9245
8407
11389
9641
13338
12994
9553
8780
7808
12429
7613
7570
9151
8474
8415
8563
8672
8314
7974
8572
7848
8820
8497
9686
22197
7794
9090
9582
8635
9601
7936
17892
11381
9456
8174
8360
9871
8469
10868
7745
9054
8097
7622
8861
8543
11476
8566
11118
147670
9246
7915
8827
9743
7971
7991
8832
8715
10211
23107
9015
8395
8163
9051
8211
9377
10251
7513
7880
7803
7553
7846
8799
8501
8812
7421
9199
7357
8643
9333
8609
8220
8657
24922
9152
9979
8105
8574
8513
8790
17013
11808
10655
8614
8649
9682
7922
8082
8526
7916
8116
8279
7868
7836
7558
8676
8369
7959
8143
8083
7823
8292
7902
8271
8305
8357
8825
10008
9009
8204
7900
7536
7592
8801
7720
8903
8413
10605
11025
15415
9255
8549
9537
7845
8512
8313
10971
8717
7836
9208
8446
7992
9039
8506
9892
8800
9682
15583
10452
9292
9110
8015
7723
8457
9431
8407
7720
8010
8682
8986
9238
9078
7930
8215
7960
10747
8723
9619
13002
15878
9661
7842
11230
8965
11023
15995
10296
9230
8805
7998
7827
10840
8954
8925
8597
7446
7535
8363
9158
8163
12811
16287
9218
10001
8496
8372
8415
15702
11048
14291
7674
11355
9395
8713
11384
8726
8661
9348
8042
9442
10591
9140
19211
8495
8407
9381
9035
8960
9573
9491
10620
14341
10820
7790
9309
8699
7648
9089
9475
7820
8056
8170
8155
7802
7887
8829
8425
7948
8599
8052
8293
8635
8754
8032
9519
11675
10781
15527
8153
8699
9169
8381
9478
11095
8554
8275
8076
7430
8619
7938
7541
7730
8403
8610
8567
8004
7798
7523
8979
8464
8943
8192
8435
7777
7364
17610
14183
9815
9471
9175
9156
7430
8805
7731
8096
8030
8425
8322
8728
9023
7624
8370
8283
22424
8873
8268
8267
9638
9105
8978
12479
10402
17665
15554
8458
9676
10159
17723
10854
8270
8041
8564
8512
8295
14854
16454
8571
7947
7792
9794
8015
14041
8070
8358
7924
8477
9567
8926
9356
15287
9846
9594
9538
9045
9332
9534
7962
8153
8165
9187
8835
156822
8788
8189
9942
8400
9158
14651
12863
9079
9304
9424
9136
8250
8336
8198
8784
9036
9864
8917
8779
7766
8363
8882
7943
8782
8707
7759
8822
8517
9108
8341
9371
11390
18806
8415
9651
9220
8537
8192
9613
8073
8480
8255
10625
10441
15754
9292
9067
7752
9796
7933
8223
7961
8802
7930
7832
7547
8716
8988
9195
9165
8077
8975
8925
9146
10162
9738
11997
13014
9315
9646
8656
9429
9061
9062
8465
9284
8474
8651
7854
7653
8273
7502
8266
9326
8109
10698
16035
10941
8562
8837
8849
8389
8132
8522
9687
9619
8805
8544
7658
9204
7741
8619
9061
8026
10010
13102
16377
8997
8468
7934
9649
9630
7899
8092
8381
8524
8692
10230
9807
15907
9964
8687
9061
8585
9360
9219
9410
9400
7466
7716
8689
8865
7597
8879
8475
7948
10149
15917
12471
9448
9551
8220
8218
7802
8805
7905
8447
14383
9948
15672
10993
9122
9099
9288
13153
10012
10754
9280
16461
11117
8528
12017
9631
15378
8794
9577
8436
8936
12364
7888
7581
8378
9205
7799
8435
8962
8439
8794
9912
10778
10818
14176
8584
9623
8975
9642
8333
8495
9314
8622
9030
8893
7917
8081
8510
7773
7900
8966
8256
8184
11062
14962
11410
8158
8514
8150
9013
8205
8701
8174
8699
8646
8828
8296
7524
8572
8656
8084
9181
7859
8914
7719
8738
12542
18053
9180
8770
8073
9499
10650
8726
7588
9029
7401
9814
9441
10170
11852
14994
9341
9121
8333
9591
9669
8562
8886
9521
9573
14058
12153
10569
9637
8779
8169
8535
8875
8153
9761
9943
9638
9976
15666
8784
8402
8010
7948
8774
10000
9507
7733
9153
13266
10965
14111
8834
12150
8284
8511
11970
7752
7712
8844
7595
8600
7902
9130
8686
9664
9964
9940
18242
147310
15255
9099
11058
8742
8400
8577
8320
8709
8519
8594
7781
7535
8643
7577
8854
7974
11184
9205
7492
9118
8156
9280
8909
7974
8457
7920
8594
9004
8639
8974
9187
10451
14870
14430
9858
8792
8783
8194
9146
7994
8524
8429
9639
9022
10428
14502
10296
8351
8237
8933
9701
10257
7721
8150
8220
9035
8171
8492
8406
10122
8896
7701
8946
8688
11317
14979
10483
8838
9305
7674
8592
9259
7656
8455
8675
7747
7673
8991
7969
7943
9010
8656
8487
8266
8445
9358
8349
8671
8827
9948
11129
15776
8833
10936
8474
7918
8754
7995
9497
7919
9092
8815
10060
18316
9761
8228
8898
9138
8558
9061
9215
9723
9896
10117
15424
9859
8886
9210
8816
8035
9315
8016
9229
10111
8539
8179
8559
8261
8137
8162
7583
8592
10359
9164
9885
14709
14370
7524
8653
7569
8789
8420
8108
9047
8932
10084
9096
18955
9764
8455
9024
8654
7969
8166
15718
20437
9484
9765
8400
7973
8456
14767
15343
9046
10952
9137
9419
7793
10160
8219
8231
8652
8810
9921
9689
7975
11181
14187
11274
9191
8430
9717
9148
9066
7589
8484
9256
10758
16578
8197
7956
9025
8381
9197
9358
8883
7783
7985
8682
8030
7895
9388
8799
7834
8143
8491
7598
9165
8476
7719
8769
7567
8662
7703
10406
10421
12770
19244
9475
8215
9097
8559
10792
14057
15143
7542
8014
8191
8548
8512
8761
7605
8373
9343
9011
9256
9599
11050
11005
13837
8312
8444
9671
7976
8243
8740
9137
8516
8649
8982
8549
11315
9425
10459
15805
10346
8613
8253
8583
7912
10846
7506
8244
8055
9105
7692
8575
8654
8374
7820
9348
19266
11387
8538
9466
8469
8056
9579
13481
10764
17598
8557
11304
9577
8994
13102
14818
10455
7571
9607
10222
153328
12171
9397
9243
9135
7726
8482
7691
7795
7590
8589
8150
8811
7810
9004
7996
7748
11406
8775
9198
7688
8269
8998
9162
9020
8907
7832
12349
8932
10410
18014
9661
9451
8761
7870
7808
9544
7723
8215
8879
8297
8016
7731
7994
8532
13913
14736
11394
9039
9425
8842
7937
11340
7820
7780
8611
7883
8543
8224
7830
8170
7924
8824
7758
8178
9476
8323
10734
14110
12426
9649
9263
8615
7993
8477
7864
8193
8395
9443
9035
7523
9394
8698
8866
7671
10624
15908
11852
10090
7566
9011
9235
7728
8519
9446
8483
8613
7938
8519
7741
7651
8234
9205
7872
9015
10098
10032
10595
16600
11662
8579
9487
8926
9172
10862
15735
9304
8021
8555
8933
7748
9610
8902
8432
8231
9156
8062
8265
7844
7753
12988
9442
10686
15357
9730
10056
8464
9197
8107
8955
8286
8025
7540
8617
7969
7548
8453
7650
9057
7740
7639
8720
9157
9100
7769
8992
9560
7994
7634
9984
10446
15178
9625
9508
8827
8538
8506
8919
8794
7735
7804
9394
8559
8774
8611
7553
8569
9244
8310
9758
9818
10944
17813
11853
9820
7832
8091
9066
10117
12351
16264
9097
8484
9384
8415
7647
8337
8612
8228
7885
7656
11414
9268
10192
8846
16110
11878
8210
10364
7840
8569
7975
7615
8635
7736
8841
8985
7723
8415
8581
8748
7799
7911
8676
8689
7600
8437
8737
10464
9165
9897
13923
9670
9277
9898
9202
9317
8693
8153
8729
8825
9034
9343
7651
8182
7703
7404
8546
8830
10869
13286
14347
9220
8774
9275
8342
8423
7783
8677
7792
7940
8498
7687
8092
9431
8273
8684
8345
8071
7826
8028
9205
8593
8659
9112
10155
18175
11100
8500
11902
12065
15611
11507
9393
8268
8704
21361
13872
8614
8583
9656
8022
183802
9223
9488
10887
15026
10303
9497
9582
8861
9229
8598
8544
8774
8442
8600
9096
9447
13094
8661
10092
9349
8413
8486
8288
8692
8378
8044
14520
18682
12072
9881
8656
7706
8046
8594
8419
7575
10700
10401
15776
8997
11044
8076
7861
9404
9538
8477
8784
7560
8150
8060
8181
10683
9736
9846
9792
15982
10186
8414
12369
7802
8713
8992
9367
9679
8676
8933
12314
13487
8589
8985
8752
8685
7928
8923
8094
7984
7592
8580
9048
8546
8175
7895
10153
7784
8236
7735
8786
8848
8028
7623
8763
8987
8001
10116
10018
10769
17128
8473
9430
8450
8795
8941
8638
8364
8317
8666
8940
10121
14755
10799
9605
8590
8446
7761
8218
8766
8240
8580
8514
7855
9290
8216
8036
7428
9101
8725
8285
8170
8813
10459
9986
15313
10866
8792
7979
8386
16128
10106
14538
10877
8313
8432
8222
12083
7934
7699
7670
8287
9460
7959
8581
9251
9148
8022
16368
14986
8972
10129
8923
7768
9118
18226
12479
7790
8471
8302
8709
9125
14099
7984
7518
8672
8310
7630
9204
9176
9630
9702
16309
9829
9687
9648
8451
8401
7439
8678
7655
7624
8187
8789
7553
8140
8600
7999
7794
8390
19406
14014
7901
8344
8694
9317
9175
9013
8134
8353
9060
8884
8779
9232
11840
19960
8679
10865
8083
8139
8066
8877
8305
7962
8386
9056
9066
9141
10085
11264
13168
9708
8073
9702
8525
8289
9389
9029
8458
9527
9635
9503
9625
9695
15778
9385
11113
9958
7780
8788
8261
8619
8456
9097
9502
9751
10741
15030
9632
8722
9625
9492
8655
8676
9638
8048
8080
8210
8160
7728
8003
8399
9250
7597
9173
16071
14560
8625
9417
8853
7902
8863
16299
19255
7753
9256
8726
8798
8037
16227
15649
14568
9273
9053
9064
137246
9651
16753
15148
8411
8357
8155
7970
8041
9173
9278
7956
8529
8027
8523
7608
11272
14544
9525
7486
8832
8866
9001
8580
9008
8844
8767
12054
8748
10493
18626
11260
9276
8442
9031
7488
8207
9158
9037
10252
9290
9641
14667
8717
9659
11299
9123
8529
9469
8347
8190
7589
13834
17285
8588
8774
8201
9241
8357
11428
7550
8262
7680
8398
9192
8849
9206
11014
15994
11198
9058
9406
8445
7913
8221
7893
8722
8972
7736
8114
10986
9755
9294
18189
11613
8069
9834
9502
8238
8704
8072
8146
7652
8020
8117
8097
8092
7733
7830
9276
8394
8879
8266
9640
10004
16619
8736
9235
11777
7592
8646
9387
10972
11304
15133
13307
8061
8128
8573
9229
9506
9029
8241
9700
9414
15868
8857
11276
8744
7512
8999
8613
8487
7633
9009
8419
7763
9167
8517
8808
8697
8553
8214
9389
10379
9841
18118
9955
8939
9391
7793
8875
7584
9534
8209
8956
7661
7789
7725
9172
9917
10728
19087
8218
8801
8585
8665
8151
7757
14924
13955
12691
8173
10223
9277
9187
12340
7897
8807
8060
7816
10018
10964
10439
13861
9171
8020
9107
9358
7813
9751
9284
8577
8342
9099
8115
8656
8795
7555
8174
10236
10763
19010
8160
9230
9389
7456
8379
11488
9026
9158
9174
9061
15025
10203
8876
10743
8569
9113
8848
8259
7907
9033
9271
8477
8186
7773
7569
10497
11165
15908
9684
10822
7853
8425
9294
8766
14690
13891
15837
9595
8396
10523
10310
10965
16130
12044
9153
7835
9419
9199
8660
8740
9471
9547
16046
10843
8780
7995
9455
7584
9664
8118
9154
7818
9111
7576
7792
7744
8022
8701
8722
9076
8231
7855
8157
7415
9323
9832
10587
15379
9422
9584
8694
9353
9414
8635
8153
8498
8795
9038
8558
129585
10534
10415
8170
8816
8753
9297
9803
8899
11624
14739
9317
8892
8646
8062
8614
7987
13635
9548
8224
9360
7553
8933
8445
8599
8117
7446
11087
8548
8555
8562
8266
8758
7397
7702
9496
10579
9581
15486
9769
9252
9348
9362
8595
9336
15541
14194
8905
7810
7932
8482
9656
16773
18977
10241
8892
9317
9379
8994
16816
12672
7605
10553
8205
9374
8678
12705
7748
8511
7849
8116
8587
7810
8576
9448
8869
15742
17593
8310
8332
8879
8215
7667
9312
7694
8693
8022
8958
10693
14863
12060
8817
9621
9471
8771
8945
7566
8012
8438
8574
8412
7869
8389
7772
8234
8179
7623
8420
10859
10286
18168
12075
8799
8014
8987
8636
9381
8365
9397
8641
8596
10778
17245
7886
8494
8589
8666
8962
8794
8439
8528
8255
8336
7800
8393
7638
7743
9261
8271
9392
8424
8097
7717
8275
12176
10745
15387
10177
9615
8149
8230
10874
8146
9180
8082
7928
7639
7851
7781
8348
8426
8235
9229
8917
7469
8030
8994
9778
8673
9219
15541
10420
10794
8364
8476
8157
9570
8065
7887
8235
7758
9230
8997
8603
8608
8543
9005
8420
7813
7587
8197
7963
7467
9569
10177
10840
15982
12815
8857
8733
7731
8850
7682
8564
8808
7719
8430
8605
10710
10703
17333
8944
9048
8312
8388
9401
9089
8706
7951
9042
8192
8221
8030
8334
9854
7931
8523
8380
8499
10976
15228
10008
8800
8506
7763
7869
10244
8020
8229
8367
8394
7633
8793
7584
15326
9247
14515
8382
11793
9649
7995
10201
9261
8112
8773
8051
8385
8231
7872
7631
7787
9210
7571
8468
7871
8774
8907
9801
9625
10338
14052
11131
8903
7903
8659
8800
8157
8838
9021
8336
7919
8323
9049
9107
8113
8199
9794
10671
9856
13646
13892
10439
177459
8526
8416
8033
7854
8547
8182
8531
8958
8115
9660
8230
7788
9019
9844
10251
17212
14880
9315
8219
9816
8384
8033
8818
8758
8755
8726
9940
8148
7753
9025
10117
11409
14825
7916
9888
7710
8254
9117
9651
7929
8612
9268
8956
8609
8275
8507
8697
7818
9135
8739
10191
23556
9102
7817
9116
8236
7858
9016
7584
8787
7471
8781
8426
8220
8151
10734
11197
15956
9644
9756
7959
9199
13593
9262
8106
7974
8059
9700
7724
14712
8587
8864
9628
7987
8960
8988
10697
15786
9015
9440
8610
9080
8295
7897
7861
7640
9141
8179
8574
8137
14153
7835
8797
9133
8641
9326
9053
11025
8405
7940
9155
8451
8572
9565
8415
8027
7961
7552
7458
9514
7675
8941
8117
7784
7736
7960
8308
7871
8533
7892
7784
8421
8405
7947
7674
10115
8904
8592
9100
8034
8488
8115
7611
12334
15093
12329
9035
8198
7734
8184
8537
8426
9250
7639
8472
8084
7569
8327
8482
7789
9085
18598
14277
8112
10084
8164
10578
8711
17808
16789
9251
9355
8400
9314
10092
22180
8493
8058
8715
7594
8826
8612
16061
9854
15346
10091
9611
9458
9137
11882
7729
8241
7730
8451
10211
9420
7929
15430
10613
12104
8697
9218
8502
8604
8734
8406
8738
7512
9627
9513
9625
11534
15997
11020
8742
9014
9177
9298
9155
9216
9637
16153
9263
9576
9230
9008
9007
9130
8797
8515
9576
9651
8256
8099
10779
15737
11060
9593
9169
9235
8758
7716
8718
9286
7919
9143
7907
8833
9427
10187
15222
10885
12235
8877
7759
9381
8962
8901
7820
7549
7768
8207
9103
16388
10381
9242
8758
7750
8004
7929
7817
8948
8606
7798
8990
8640
7954
8399
7993
7635
7563
9233
7605
8801
7471
9574
8519
8379
7764
9428
7564
125635
15574
9398
8855
8940
8815
9279
8220
10025
10191
13161
12353
9082
8411
9861
7594
8588
16335
9555
9019
11365
7465
8205
8121
9027
9262
7545
15034
15147
10751
7789
8662
9702
8499
16016
9555
18075
8847
9193
9138
7625
10120
8195
8724
7907
8182
8374
8061
8675
7953
8763
8608
15676
16895
9159
7835
9097
7912
7747
16810
16604
11213
8824
9642
7672
7984
18259
14927
9317
8453
8230
8969
7991
14541
9198
9265
8527
13912
13922
7896
13636
8659
9102
8780
10460
14981
10097
13900
7712
7611
8920
8859
8557
9206
8882
9228
10100
17595
10866
9048
9230
9603
8137
7369
8671
9142
7770
8455
9250
9907
8878
11641
14951
9446
9013
8145
9610
8296
8279
7582
8560
8110
7652
8805
8655
9217
8778
8194
7581
8573
8939
8293
8668
9956
14630
12948
13118
9007
7932
7546
7572
7952
9135
7681
8865
7939
8218
8342
8194
7635
8373
8137
7804
8453
7669
8658
7731
8047
14181
15138
11679
9593
8563
8862
10920
23142
10263
9979
7841
9610
8466
8569
14008
15179
10643
9112
8985
7818
8767
8634
7782
9245
8917
9298
9145
7639
8919
8205
8306
10517
16917
10753
8353
9737
9085
9810
8537
8394
8362
7620
8852
8993
8908
7741
8035
8978
8339
10240
11769
14422
10240
10040
8995
8244
8800
8506
9189
8671
8022
7668
8661
8390
10235
10738
18566
9027
9611
8135
10943
9008
9882
10912
15789
8956
13480
8387
7580
7802
7558
8025
9004
7465
7956
9247
8574
7774
9518
9320
7967
7582
7796
9692
11072
9404
15169
8305
11020
9527
7968
10297
8790
8362
7363
8596
7910
8778
8661
8180
8283
7614
9189
7558
8596
8464
7571
21071
8386
8451
7968
10801
9550
7977
10230
8646
7576
8566
9401
7746
7794
7603
8211
7577
125332
15781
7928
9963
8174
8545
8957
8292
8480
8545
15688
14001
9616
9512
8015
8256
7948
11323
15429
8338
8096
8994
9394
8467
9723
7640
8712
9356
8999
8984
7569
7713
8993
8434
8354
8262
8218
7688
9222
9630
8333
10825
15687
10018
8879
8049
8512
8907
9378
7849
8097
7847
8514
8075
8746
7567
7750
8144
8458
8492
9107
7794
7816
8621
10419
8235
8135
10343
10694
13642
10685
8405
9862
10230
7907
7625
8497
8632
7862
8166
8584
8372
7911
8297
8276
7992
7794
7732
8189
8658
8577
8986
8225
9405
7395
16255
17071
10442
8048
8467
8217
8581
19339
10818
9294
8690
9611
8975
7788
9209
7371
8128
8427
9292
8306
7723
7823
8096
9243
8756
17531
14527
9319
8169
8859
7968
8616
10849
10436
7747
8994
7641
7953
8813
8485
9388
10417
16091
10985
9845
8887
8517
8321
8621
8972
9237
8213
9004
9792
11170
17638
9411
9412
9134
8306
8347
9266
7541
8545
10200
9266
9912
14117
11423
9076
8947
8811
9311
7751
9117
8113
7343
8917
8698
7987
8570
12147
8919
8187
8450
16268
10574
8612
12230
8035
7758
9658
8997
9228
8992
8270
9794
14425
9198
8576
9486
9388
7431
9366
8175
8631
7652
8392
8458
8573
9136
8690
8165
9640
8132
8375
8652
21090
8374
9762
8584
9819
7796
8653
17553
13139
9493
8172
9014
9621
8280
8351
7410
7898
9079
8690
8121
8014
9257
8319
8607
8250
7571
9558
8515
10231
9133
10649
15502
10815
8256
8394
8250
9286
83136
15353
9046
9170
8675
8944
8784
10222
7930
7936
7564
7867
7849
8191
8143
8620
9180
8182
7605
7599
8005
8974
7613
7707
8165
7819
7564
8351
9358
9225
8390
10305
8471
10907
14771
9185
8551
8444
9008
8154
8837
8456
8352
147287
17281
9541
9343
7874
8758
9722
8253
8198
8135
9410
9814
9805
12699
13138
8697
9164
9519
9340
15762
9532
8012
8773
8512
8534
9400
8069
9666
10547
7632
9038
8556
7933
7430
9112
8239
8209
7676
8188
9611
7528
7616
9830
9022
10716
15742
9220
8528
9591
7652
7973
8613
9397
8940
7842
8163
8445
7828
8261
8540
9204
7840
7923
8873
8455
9180
8128
8633
7959
8225
9977
9895
9996
14628
9592
8527
9630
8526
9229
8604
8725
8515
8605
8492
9321
9241
7668
8273
8791
7935
8217
8780
11649
19755
8876
11119
8748
9808
10888
15375
10045
8108
9523
8696
8657
8117
9001
9092
8666
12367
8367
10616
15506
10908
8883
8692
13007
7952
8902
7774
8796
9340
9454
9133
14767
11938
9036
8480
9412
8082
8168
9147
8987
8404
24363
9475
7700
9438
7803
8406
9616
22947
9615
8923
9316
7840
9554
8252
11385
7856
8176
8168
8500
9162
9783
9278
10833
14162
9541
7883
8662
8754
8994
8200
9015
8994
8820
7695
8300
7913
7902
8453
9517
8309
8360
8202
9389
8743
8195
7753
8070
8297
8439
10081
15491
11120
10704
8235
8333
8493
12907
8505
8453
8212
10564
13056
15365
11757
8292
7718
9275
7649
9348
7836
7635
8056
8518
7753
7611
8654
8746
7538
8764
7430
8384
8018
8223
10156
8194
23385
9179
7773
7591
9092
8393
7652
14251
9384
16144
9136
9602
8651
8823
9223
8604
7637
8030
9102
8733
8533
7896
7772
8487
9232
14730
16383
8160
8359
9474
8798
7952
14358
8451
9321
9902
15476
9498
7962
10772
7894
8186
8681
8577
9029
7635
9141
8473
7353
8146
8456
8200
8363
8013
9174
7485
8620
8907
7665
9193
9046
7848
8907
7911
10503
15325
14472
9477
8919
7943
8247
8903
9514
157597
8221
8447
12601
16124
10246
9015
8502
7835
9625
11096
8293
8386
8772
7974
8256
10468
9465
8907
8835
10923
15005
11858
9455
8430
7976
7855
8882
7734
8568
7627
12200
8030
9611
9312
8430
10426
16003
13733
8559
7789
8657
8532
7855
8125
8135
7997
8580
8042
7912
8575
7871
9014
8828
7556
8434
12733
16335
9604
9251
8464
8030
9307
9181
8163
8369
8881
8406
8353
7897
9165
9413
9928
10179
19213
8108
8989
9813
9179
8851
10115
9347
10222
15517
10322
9545
9292
10753
9519
8509
9338
7430
8174
10331
9762
16169
8856
9107
11496
8264
7941
8559
7656
8384
7993
8186
9179
8815
7418
8372
8283
8984
8017
7861
9816
8542
10574
10323
12371
13003
9801
7926
7580
11270
8820
9882
10372
18779
9633
7415
15011
8897
9997
17363
10463
10594
8999
8035
8529
8802
8596
7753
7615
8359
8953
8199
7748
7994
21310
9287
8870
9688
8053
9741
9628
12659
10827
14615
8164
10014
8389
8480
13851
8231
8190
8373
7577
7733
7882
8897
9138
9018
7889
8857
8051
11217
15199
9632
7513
11483
8876
8290
8134
8922
11185
8205
8354
8898
10626
18220
10666
8753
8826
8794
8658
8084
8296
14615
10014
7966
10027
9208
8727
8471
11003
16326
7855
9076
8180
8153
8403
18940
13016
12953
10146
8983
9036
8592
10624
18275
8848
10503
9224
8098
9015
10235
14943
8388
8153
7738
8510
8138
7840
7895
9917
8547
8309
8208
8016
9068
9911
8368
11080
14819
8594
8651
7931
8851
9156
8682
9624
8819
7758
9635
7567
7647
8199
7994
8098
9174
7614
8288
7973
8604
8147
7835
8154
8187
7851
8190
7890
9145
7745
8081
9212
8686
8421
9249
15692
11154
9046
8382
11167
8917
7615
8265
8635
8344
7753
8599
7533
9274
132858
9066
7675
9312
7910
7727
8467
8323
8671
9042
9373
8769
7636
11047
9430
16282
10177
8443
9505
8722
10102
9781
11984
13723
13374
7904
8599
8242
8017
7971
7779
13360
15742
11854
9194
9130
9066
8837
14435
9822
15661
11548
8665
9588
8444
9400
7953
8231
7733
8231
8602
8856
9222
8189
8748
7589
10073
10924
17836
12000
8748
7410
9337
8192
8671
8946
10637
10035
15025
10102
8862
8035
8999
9015
7887
9102
8216
9620
9003
7749
8611
9439
7485
8558
9924
8353
10447
14882
12805
8536
8737
9682
7952
8464
8948
8335
7901
8871
9248
9030
7754
8187
7525
7919
9335
10201
10672
15925
8127
7625
8586
8732
8124
7814
8789
9317
8497
7688
9163
9014
7986
8423
7691
8786
8789
8322
9104
7790
9228
7364
8538
7846
9225
10384
23331
9044
8254
9116
8793
7538
8943
25071
9374
8394
7757
7784
8553
7640
17435
15208
8389
8587
9158
8512
9280
13717
9543
11094
9574
14248
10202
8480
14126
9408
7569
8688
7944
7805
9678
8252
9189
9682
18237
12015
9292
8546
8545
8307
7512
8143
9226
9476
11369
15193
10097
8724
9341
8039
8450
9422
7984
8958
8284
9235
9329
7605
7632
8661
8084
7452
8215
7657
8971
8898
8053
8448
7795
8907
8356
7552
8522
9035
12949
14355
9597
10416
8420
8018
8015
7650
8646
8302
9314
8289
8063
8771
9574
8787
9214
7630
8165
7656
8085
8574
8242
8410
8879
9412
10105
15435
15772
8221
9210
9096
9093
8935
8241
9045
11980
14208
8378
9134
8272
8117
9157
7851
8548
7969
7561
8524
8206
7852
8382
7827
7809
9096
9092
8191
8149
8898
7790
8052
7801
8406
8076
7630
9845
8569
7952
8951
8836
8024
8334
7793
8687
7989
9090
9199
10225
11762
14017
7868
160760
9539
7989
8745
8127
8214
9003
9169
7690
7775
8758
13325
15150
10164
9060
9956
8435
8728
8800
8610
8726
8051
8047
8191
17345
12973
8820
9173
7600
8914
9267
9764
9046
7552
8938
7557
8211
8297
8063
9186
8381
9476
9604
9959
11132
16925
8561
7641
9364
10143
8817
9649
15944
10454
7948
8414
9357
9010
8239
7774
7893
7623
7982
8043
8405
7715
9770
8362
8507
8782
8745
8398
8538
11111
10211
9800
16010
10632
9179
9732
12599
8243
9172
10446
14498
12944
8094
11968
7781
8828
8047
7659
8336
7564
8502
8326
7703
8420
9260
8114
7868
7734
8144
8097
7964
8310
8590
8492
9106
11486
17934
9913
10886
9437
8006
7589
21772
8778
8940
8438
7807
9693
8219
15562
8547
8472
10825
14348
10509
8799
12298
7462
9364
8518
8449
9192
7695
8448
8270
8820
10928
19341
9614
9021
8966
8016
8315
8192
16400
17808
8567
9227
8328
9852
9142
15688
14779
7591
9281
9041
9328
8512
13504
7902
7492
8476
8019
8517
8274
9128
9803
9127
9775
13963
8634
9433
9482
8875
8496
8680
8575
7717
8697
8333
7844
8061
7738
8403
8574
9228
7844
8853
9020
11000
15964
10056
8357
10905
9568
8214
9427
8143
7605
8223
8566
7891
7861
8358
8128
8845
7551
7625
7676
7589
9233
8293
9186
9025
8209
10600
8443
9962
18876
11044
8958
7813
8316
8466
7737
9608
8738
12197
14724
8695
12076
10884
7925
9149
7876
7576
16015
13951
10805
9497
8717
7738
8205
12718
7349
9297
8276
7974
8271
8495
7590
8397
8169
9547
16225
11832
9178
7757
7482
8510
8231
8147
9547
8389
8082
8154
8133
9221
9400
7586
8003
8164
8602
8214
9035
7631
8695
8117
7743
8717
8627
7780
8785
9125
8454
7656
7812
9069
152047
9594
9151
7672
7605
8333
8155
9475
8185
9145
7963
9021
9912
10525
15998
10359
8746
8951
8782
7728
8756
8416
8817
7571
7987
7804
8790
8134
10870
10413
16097
9137
9669
8148
7882
8630
9395
8553
7748
8277
7689
8237
8374
8635
9473
9312
8642
9147
10333
13594
9402
8158
9097
9299
8343
7801
8114
8411
8298
8764
8505
8026
9798
8583
10262
15298
12133
9517
7451
8629
8357
7659
8762
7707
7986
7736
10451
7599
8713
7891
7924
8007
7663
7564
7684
8146
8597
7600
8810
8023
8156
8035
8358
8284
8542
8568
9017
9092
10040
10165
14152
9824
9997
8174
8511
8972
15616
10091
9508
9036
14853
9644
9379
12974
7594
8794
8928
7997
10042
10608
8868
17015
11051
8978
8114
9127
7911
8758
7768
7586
8023
8348
7741
7571
9491
8323
7617
7927
8949
8714
10525
9351
11144
14656
10019
8908
9592
8634
9700
9138
9143
8516
7640
8990
7776
9077
8582
8087
8114
10063
9346
15062
15556
8979
7853
8547
7702
8531
7995
7453
8697
9030
10556
9374
9893
15230
9261
11051
7992
8301
8468
9441
9110
7394
8497
7421
7953
8299
7813
8782
8081
12531
9500
8984
17748
11864
9539
8262
13719
9685
13779
12557
7891
9528
9512
12460
8254
8004
10011
8690
10095
14997
13264
7953
8994
7716
8468
9141
7431
8779
9238
7769
9200
14779
14774
10373
9354
9406
8769
7712
13700
10446
10302
8381
13980
10761
9006
8600
9365
8202
10474
8803
8004
8239
8127
8940
7697
8362
8759
9671
10440
18695
9762
9061
9364
9184
7828
8577
8579
8442
8830
9554
9607
16542
8656
9025
9515
8289
9345
7460
9121
7936
8634
8974
8569
9240
9687
13579
14323
8995
8802
8023
8290
8094
9600
8477
10012
7967
8065
8836
9117
9010
169698
9427
9448
9940
7591
8610
8030
8446
8488
7760
7789
7868
8712
7550
7795
8774
8082
8372
7855
8792
8610
8625
9410
8878
8312
7829
7732
8615
7515
8164
9322
8467
7601
8600
7723
8743
7746
7963
8934
8848
11973
18400
10449
9202
8160
8890
8923
7593
8234
8464
8113
9478
11155
9543
14579
10605
9805
9215
8651
9873
8574
7457
7810
7814
7991
8418
7964
8379
8702
9005
7807
9615
10383
10744
14923
9595
10182
7487
9535
9174
7805
9041
8491
8437
7780
8969
7801
8649
9093
8577
9244
9228
9026
8599
9733
8599
15395
9416
8659
8625
8733
7857
7762
8815
10374
7907
13490
9481
9701
9482
18276
9564
9274
21145
11593
8148
7787
8389
9632
8296
13892
10207
10056
16616
9212
8370
9439
11055
7905
7585
9190
8889
8576
7956
9551
8519
8858
9303
8556
14795
13521
8138
9297
8038
9168
9097
9251
8746
8442
7565
7369
8763
8413
8836
8553
7725
8699
7503
9118
9445
9882
17642
12040
8825
8768
8938
8067
8078
11271
10872
14801
10810
9225
9221
8825
8453
9840
8292
8248
9317
8838
8884
8165
9220
9785
9856
9583
14620
10517
8550
9117
7819
8741
7849
9312
7953
9443
8249
8398
8609
7858
8242
8439
8356
7381
8306
8194
8299
8018
9302
8025
8777
7835
7558
8020
8420
17405
12306
9181
9543
9348
23202
13901
9114
10415
14618
11133
7617
9511
9339
8605
9088
9950
8288
8933
9786
9624
9899
14912
8874
9292
9676
8226
8118
8683
7814
7536
13243
8799
7554
8692
7811
8493
8887
8541
9050
13983
14249
9882
8312
7849
7960
8389
9497
8265
9124
7753
8598
9005
8301
7958
8020
7997
9323
7854
8977
8825
10118
12866
14390
7613
8909
8267
7994
9719
9698
9706
8331
7649
8148
8494
8974
166405
13720
8386
12228
9661
7595
8875
7860
8692
9085
7656
8094
7982
8689
8486
8384
8231
12613
9100
7366
8974
8855
8169
8963
8586
8602
7441
8500
8952
8488
8197
7688
9245
8333
7977
9885
10384
18056
8827
9138
8684
8766
8194
7986
9618
9781
9635
8494
9733
12073
14300
8600
9559
8982
8200
9380
9079
7559
8583
8126
7589
7563
9240
8750
7683
9150
8378
8166
12117
10162
14203
10918
9224
8817
9416
7816
9415
7917
9673
7958
8618
7807
8693
8641
7910
7702
7757
7630
8061
8432
7594
7841
8515
8380
8722
7503
9267
7782
9740
22870
10718
8391
9209
8476
9055
7891
15567
17246
8660
8163
8216
8167
8038
19902
13902
8476
8420
9461
8697
8612
14337
10933
14341
11953
9210
8810
8892
11851
8792
9055
8348
11887
16729
9575
12326
8048
7805
8811
7724
9275
8590
7497
8975
7446
9035
10328
14482
15843
7902
8723
8183
7968
8635
9298
9738
8271
8406
8262
8224
10692
11768
14521
9363
10836
10093
9210
7743
8636
9239
8743
7815
8604
7991
7507
9184
8895
9825
9776
15367
10111
8057
9695
8035
9415
8189
7521
9450
7592
9461
7890
7545
7814
7635
9258
7609
10184
10194
10503
14066
8427
8314
8001
8037
8446
9009
9489
7594
9531
7980
8619
7697
11509
7497
8271
9140
7694
8020
8148
7589
9196
7973
8360
7983
8486
7982
8257
12625
11558
13452
8127
8089
9121
8439
8127
8989
7974
7872
8395
9181
8261
8956
7912
9219
8324
8855
8348
8661
13209
15425
10302
8484
8611
9032
8509
13740
8207
7809
8989
8823
8758
12210
18061
8727
9188
7786
8771
8071
8794
8979
8405
8796
7979
10083
8528
10108
15304
9482
8358
9893
7648
9396
8006
8759
9336
9278
8211
8225
8532
7473
8479
8520
8856
150348
11924
7806
11610
9027
8587
11265
9524
15840
9687
11194
8384
7858
8148
8912
9353
8587
13911
8912
8317
9234
7612
8049
7896
8468
8107
8789
7732
9379
8101
9671
8032
12266
14983
9784
8284
8569
8212
8184
9350
8800
7733
9377
8784
9620
8804
9173
8153
8193
10497
9210
14791
11291
22297
16025
10727
8405
8271
9562
8064
8128
8133
9720
8641
7829
7583
8773
8190
7961
8344
10092
10913
14886
13337
8812
8189
8192
8758
8025
8413
7806
7936
7466
8897
7516
8338
9184
8342
8467
8634
8605
8452
8289
8412
7918
10031
12929
14966
8711
9590
8400
8673
9251
7892
8131
8073
9158
7792
8638
7707
7501
7836
8980
16600
12269
11807
9153
7758
8723
8613
15508
9919
10350
8343
18568
8825
9600
15347
16765
9095
9066
8659
9170
8933
10499
8218
7762
8268
7800
8430
9200
8538
9892
9675
10230
16333
9046
9595
7848
9443
8853
8214
7825
7924
8650
8592
8313
8411
8536
9127
9240
7926
8168
8379
8241
10404
13474
14197
8412
8696
9299
7431
7625
9023
8784
9057
8782
7611
8108
7815
8414
7617
8619
7710
8376
8097
8236
7828
9109
8402
7851
7693
7840
8891
8643
9444
9536
10516
16524
10707
9191
9657
7887
8738
7866
19594
13041
8759
8796
8324
8798
8663
13226
7812
9845
9995
9554
15384
10656
16975
10059
15734
10486
8769
9989
8538
9343
8705
8548
7802
7484
8862
8656
9581
9927
11045
14917
10400
9441
8956
9357
8604
8205
7761
14360
10164
17275
8855
11002
8210
8785
11524
9143
10065
7801
9595
14765
9377
24475
8374
8769
9119
7813
10743
16117
11424
9398
7955
14255
10044
10178
17228
11287
9168
7636
9634
8180
8225
7907
8356
8271
7903
8804
9877
8977
9964
18619
8085
10339
8899
8307
7672
118174
8725
10034
10506
14234
10909
8260
8936
9058
8298
8385
8593
8194
8061
9517
8274
8191
15773
7922
7802
8456
7552
8672
9087
8834
9121
9117
11079
16228
8695
9617
9663
9249
7660
8044
8600
7771
8682
8109
9368
7465
8502
8053
8944
9117
8496
7809
7771
10102
9702
9663
15556
11867
8216
7802
7752
9753
9164
9179
10811
12432
19052
11079
8616
8896
9116
8784
10042
8970
10432
14818
9983
9655
8397
9094
7659
8374
8156
9239
8815
8404
8292
7831
8174
8757
8127
9338
8683
7987
8923
11447
17859
9830
8190
8884
9521
8497
7720
7981
8032
8153
7919
9851
8311
8128
7810
8188
7988
7528
8836
7779
8938
8548
17798
12805
8919
8403
9638
8453
8994
18070
16586
11211
10763
10153
9680
16329
9679
9216
8519
9828
9166
8784
9215
8365
7939
7848
8541
8386
10277
12553
10311
12921
8848
9708
8234
9400
9183
9010
9424
7753
8659
8538
8415
9818
8751
15602
10815
10483
8189
8897
8315
9402
8579
8566
8861
8924
8625
8141
8435
9888
9936
18169
10928
9838
9615
8311
8826
7427
8792
8706
7569
7989
10108
10992
10285
13926
10907
10320
8253
9843
7713
8449
8437
8611
7822
8364
8357
8563
8345
7658
8819
8690
9504
10227
16074
9658
8181
8408
9893
8202
8191
7586
9009
8657
9407
8964
8220
7788
17212
14400
9478
7596
8712
9011
9029
15823
9921
11887
15889
10319
9543
8446
8755
8538
8417
7613
8573
7892
8651
7815
10148
8616
19057
11663
8677
9148
11637
8435
10915
15620
11820
9551
8186
17987
15570
8810
8355
8087
7892
8374
8346
10203
9698
9063
8973
7813
7972
7577
8617
7748
8767
9688
8965
8395
8553
8062
9698
16608
8753
10160
7750
8091
8573
8360
9543
7979
7803
8325
8076
8727
9557
132614
10848
9396
11403
9879
9904
15349
10109
9217
8753
11928
8866
8514
8336
8044
9439
10030
8067
9836
8589
10812
8287
9002
8720
11553
9317
8143
9864
9036
12282
14420
8857
7673
9020
9800
8523
9117
7802
8825
8262
8167
9229
8056
8583
8143
8655
9187
7481
8724
7711
7605
8903
10327
12528
13517
12339
9223
8108
8437
10707
8266
8053
9282
7742
7629
7586
8633
9517
9028
12712
17234
8650
9200
7747
9002
8853
9369
7679
8784
10590
10597
16144
8013
8979
7594
9417
8627
8092
10243
8505
9164
8784
8482
8922
7538
13130
15406
11589
9825
8353
9459
8515
15437
15094
10856
9218
9281
8810
8568
8973
7528
8751
8603
9326
7560
7730
8539
9287
8570
9600
24172
9607
7810
8563
7553
7948
8476
19447
13007
8135
9275
8362
7918
9440
14200
9534
10350
14898
10459
9417
8106
13425
8983
8058
7673
7832
8646
10219
7881
10000
15917
11810
10073
9156
8699
8405
7520
8629
7712
9100
7548
8757
8635
9348
7616
8246
8355
8819
7747
9977
10777
18436
9037
8200
9817
8597
7927
8639
7982
9355
8352
8692
9556
10830
15577
10223
9610
8605
8854
8838
9395
9157
7659
7698
7859
8769
8876
7798
7648
7682
8352
7892
8668
7887
8029
8477
8573
8717
8625
8218
7951
8020
17067
12725
8453
10038
11528
9160
8332
11991
10081
15182
10396
8066
9050
8130
16464
8495
8399
9128
18846
11707
7955
9025
7903
9208
8221
8755
9110
7466
8564
8450
8580
9846
20701
9404
7977
11867
9461
10115
10128
15824
9809
8644
9041
8298
7985
9567
14138
9062
9259
12030
14398
8184
9404
13144
7788
7474
8256
8344
7772
8020
8200
8178
8966
9702
10174
8787
9943
16019
9432
7921
8757
9056
8009
8570
9148
8007
8682
8189
7608
8826
142458
15543
12512
8482
8171
7619
8746
7889
8144
9747
8478
7745
8051
8081
8098
9000
9208
8115
11748
8727
8846
9287
8962
8137
8899
9171
7825
7953
8394
8558
7575
8217
8164
8301
8256
8738
9075
10487
9748
9846
15253
11047
8215
9702
8005
8813
9036
8398
9063
8951
7839
8061
10553
15874
10723
7856
8846
8419
10020
12140
7947
7538
8627
8961
7847
7961
7410
7791
8443
8734
8427
8579
9789
8795
10141
18283
10038
8917
8389
9228
8647
8952
7530
8013
7740
8537
8963
8892
8928
9185
9543
13952
12150
9451
8591
9814
7642
7726
8398
8666
7758
7763
8384
7635
8405
8084
9405
7492
8325
8582
9420
9171
7868
9295
7752
8250
10585
10252
15728
9512
9316
8625
8409
9581
8443
8713
9136
8859
9102
9056
9214
9970
10754
14728
11111
9524
8446
7820
8387
7953
7988
8676
9472
8680
8041
7996
7578
8853
8068
9333
7643
8418
10003
8916
9882
11905
16546
9054
8462
7954
9088
9155
8805
8282
7872
8789
9676
8723
9466
15302
11692
8646
8939
7644
8196
9824
8328
14625
8487
10317
15753
9367
8389
7915
8031
8774
9461
9380
9436
7743
8125
8874
8635
8579
7537
13208
13737
12225
10173
9051
9338
9102
15229
18158
9507
10361
9323
8629
9179
11424
11754
12985
10343
8293
9153
9487
8804
9164
7478
7648
9133
7876
8034
8289
8025
7526
9421
9058
8046
8138
8530
8503
8404
8422
8425
9502
9566
9810
15178
10203
8382
8359
9333
8128
11148
9280
8410
9197
8147
8556
7556
9403
9303
10008
9650
14136
11118
9566
9661
7958
8935
7689
7582
8840
8799
7550
8057
7823
7622
8417
9452
9000
7446
8874
7769
8802
9173
7969
7976
7482
18324
11819
9319
8941
8002
7873
8049
10350
8109
8917
8553
7692
208044
18767
9619
12774
7668
7763
8770
9728
8012
10871
9624
15974
7835
8208
8939
9328
9336
8190
14025
8953
9079
7978
8275
8538
9206
8630
7771
9051
9046
7934
8630
8698
7904
7760
7647
7730
8676
8623
8846
8851
7596
8584
8192
8674
9826
13725
14497
8566
9788
8213
8537
9440
8360
9066
7665
8846
8887
9299
7690
7532
8315
7775
8579
8826
9634
9565
13273
12953
8992
7854
8579
9208
9398
7892
8447
7507
9089
8107
9237
8641
9336
7743
7641
9237
8112
10797
8646
8822
8365
18400
11531
9123
15605
14697
9774
8221
8441
8779
9038
12699
7707
8596
9459
7538
8707
8092
8675
8283
8102
10282
10630
15563
8631
8956
8618
7912
8010
9477
8615
9422
8166
9023
8318
9154
8400
7876
7723
8313
8278
7777
7747
8976
7687
8182
8624
9200
8695
8697
11146
14934
11631
12856
8097
7845
10241
8941
9092
10894
21709
8802
8154
8214
8895
8987
8734
7824
9233
9417
10340
27776
8911
14518
25312
15536
9877
7969
9634
9483
7953
9560
8475
8183
8550
9039
8431
9544
16018
15123
9208
9200
8235
8514
9153
9278
8668
8607
8583
20224
8553
8157
12558
9263
8235
9348
19849
8906
8599
10835
8759
8027
7871
19989
12858
9322
8987
8997
8604
8838
10811
8282
8176
8578
9242
9421
19318
21413
14113
8761
17253
9153
8630
10387
9021
8331
7830
22508
14999
8164
8957
8426
9664
8117
19948
7860
13391
8685
9462
10035
8573
10679
8787
7718
7811
8887
8174
9021
8335
7713
8199
8814
8856
10276
18556
12794
8238
8532
9251
9583
11147
14736
15000
8965
7589
9006
7571
8171
7870
8677
7738
8743
9360
8851
16881
8917
9360
8782
8191
7969
8322
9496
9146
8497
7507
7384
8343
7923
7998
7989
7908
12369
7641
8725
77815
15000
10608
9251
8788
8525
8844
8626
8594
7970
9815
8207
7682
8493
8676
8743
9835
9069
12774
12632
9258
9041
8213
7938
8554
8020
7712
9356
8284
7972
8225
9220
7774
8066
7961
7802
8618
8784
8180
7815
8531
8606
7650
9030
10385
8668
9637
8355
14645
12421
8686
7728
8435
9261
8715
8373
7991
7984
9574
8368
8340
7588
8780
9195
8433
8487
8402
8836
7562
8300
8067
7851
9185
8219
7948
10122
10364
14995
11594
9191
7773
8621
8446
8812
8555
16110
13656
13556
10037
9778
8022
7925
15761
15005
10625
9210
7810
7856
9465
13750
9790
10466
8278
13176
11784
8630
11891
7771
9758
8256
7646
8416
8293
9353
8669
8372
10282
9820
14419
11786
10017
8408
7867
9129
9282
9339
8142
8367
8237
8725
9055
8205
7632
8331
9645
10369
18217
9454
9600
7923
8537
8869
9174
7986
8898
8353
7950
8991
9507
9812
12862
15153
9400
7830
8588
8384
9032
8413
7971
7843
8964
8052
21444
12607
8566
9832
12107
8394
9213
10421
7821
7892
10482
8629
7631
9119
11771
14448
14256
10745
9741
7741
9280
13935
15615
9313
7990
9867
9502
7689
11475
7591
7584
8790
8005
7814
7629
8297
8121
8259
8385
8562
8029
9501
10595
9629
9600
16193
8586
7909
8334
8774
8981
8817
8015
7875
8512
7773
8985
8800
8137
8763
8481
9833
7999
8394
8917
8311
8402
9236
8933
12519
13907
7758
10333
8858
11484
9157
7698
7831
8590
8015
7584
8116
8707
8161
7516
8153
7835
8291
9194
8007
7731
9469
8296
7800
8496
8122
9808
8626
10438
15123
10884
8945
7969
9735
9427
8933
9055
7994
7989
8644
7759
8895
8234
8979
8842
10002
20079
8229
10645
7891
9096
8984
8458
8625
8678
10011
8492
10225
15400
9754
175377
15456
8713
8061
9511
8153
7701
10273
9645
10825
14975
11960
8604
9501
7976
8226
9091
15856
8968
8815
9359
7872
8708
7838
8409
9335
7958
8836
8891
8748
8876
8589
8646
8266
8586
8608
8013
8320
9297
8956
9804
15945
9825
8274
8154
10579
8817
8839
8317
7595
8649
9030
8071
9323
8436
8896
8281
7713
8627
7973
8173
7344
9217
8004
7666
8488
8789
10979
15168
10200
8640
7904
11897
8117
12193
9020
9903
18257
11596
8992
8177
14720
16266
10360
9056
8791
8602
7540
9056
7703
7957
7988
10422
7762
8228
7796
8361
8213
8222
13797
11572
14702
8259
11053
8920
9605
12244
10424
9641
8985
15958
9604
9344
10545
7656
8324
7786
9266
8992
8129
8312
7986
7698
9292
7979
8327
8794
7416
8823
8573
8986
10231
18452
12723
8897
9312
10849
16019
12212
9269
8512
7654
8968
8405
9117
8245
8334
7793
8009
7733
8615
8209
8147
8527
8599
9031
7552
7403
9105
8175
7626
8012
8771
8467
7773
8274
8057
8812
9342
8032
10006
10762
15853
9556
8604
8738
8866
9518
8533
8395
8461
8072
9047
7892
8189
8287
8928
7549
7974
8455
8523
7555
9366
8245
10451
8936
10107
15355
10222
9573
8480
8645
18027
16369
9389
9478
8863
8900
8197
22505
9147
8096
8797
8845
9199
8020
14315
10548
14191
9357
9866
8043
8734
13726
9040
8117
9367
11074
10000
15058
13899
9436
8056
8864
9415
10038
12807
17531
7887
8580
9520
8046
8292
8030
8890
8851
8654
8315
9431
9672
10112
14810
10020
7877
9936
8816
9179
8996
8415
9116
7916
8541
8387
7876
11483
11061
16198
9022
9452
9584
7917
7994
9036
9226
8113
8834
8640
8801
8776
8539
8515
8955
8300
9547
8697
11017
17727
9084
7611
8232
8937
8600
134681
9148
8136
9251
8482
8097
8778
7529
9150
9121
7587
11446
9877
15203
10683
8421
9339
10109
15964
9217
10683
7953
7821
9210
9393
7930
7602
9200
8168
9052
9181
8054
8215
8515
8723
7876
11126
10851
16789
11030
8165
9456
8186
8581
9165
10195
8409
9352
10358
15942
9138
9217
10625
8250
8503
7796
8045
8035
8410
7953
7991
8729
8033
7670
8080
7892
8466
7825
8406
9596
8680
7969
7641
7682
8435
8431
8235
8469
8203
9238
8292
8457
7933
8191
9001
16631
12630
9155
9014
9046
9038
7927
9731
7773
8041
8432
8838
8046
7884
7989
10772
8928
10251
16117
11409
8846
8169
8185
7985
8400
9407
8901
8536
8086
8267
8398
8316
8285
7590
8001
8569
9078
7892
8101
7540
9041
9644
12538
17805
9133
9457
9153
9241
8917
11962
9861
11155
13391
10169
8662
8445
11841
8998
7569
8984
7578
8764
9207
9100
10040
14702
12749
9012
8653
9458
8717
7781
8778
8412
8655
9240
8369
7492
7794
9140
8212
8262
8493
8238
7561
16564
12984
9246
9477
8717
9333
7532
15763
9369
18860
8456
8005
8969
8969
11684
8911
8990
8502
10237
14580
10143
12875
8643
7733
9205
9197
9226
7570
7727
9297
7732
8418
16820
14438
7788
8405
9245
8932
8088
8591
8587
7991
7666
9394
9282
8578
8977
10112
8408
10641
15732
9250
8411
9340
7984
7769
7693
9092
10879
7922
9076
8857
7575
9287
7584
8561
7992
8039
9392
8571
9264
9208
8967
15232
13468
7694
8071
8500
9490
8750
8177
10845
9600
7417
9030
10883
15123
13098
11090
9015
8760
7809
7833
9101
8297
7624
9037
8270
9958
10487
14587
10850
8266
7813
8993
9291
9661
7630
8633
8583
8519
7868
9125
8049
8728
8938
8709
8312
9183
9651
10774
14876
180580
8898
8403
9038
9222
8492
7921
8476
7968
8322
7794
15758
15364
10685
7989
10040
8533
8947
10523
12055
14292
7860
10303
8238
8030
8451
8955
9480
7630
8676
9317
9521
10409
9141
9607
18100
10649
9181
8055
8051
8876
9476
7915
7910
8290
10985
10200
9242
15522
9160
7828
10025
10875
9033
8374
8399
8192
8006
8094
7642
8516
8194
8384
7678
10169
7634
7864
8171
7828
8476
8590
8092
9564
10602
15226
11955
7911
8997
8726
7996
8328
13132
9280
9930
15387
11427
8998
9026
9139
8168
9312
7575
9830
8816
8203
9740
9052
7700
9612
20325
9374
8410
7748
9369
7687
10264
15929
14990
8959
8987
7778
8418
9371
14196
8147
7553
8900
8026
7585
10182
8479
11227
14787
10583
9702
8405
8889
9133
10282
8890
10227
14927
11336
8466
11671
8676
8269
7749
9288
9252
9197
8835
8949
8832
10162
18304
11408
8016
8041
8522
9121
8399
9265
9940
11133
14450
10176
8954
9400
8538
7924
8414
8600
9199
7899
8573
7718
8373
8172
8287
8969
7472
7758
7572
9034
9203
7997
8170
7958
8174
8498
8718
8931
7820
9340
8459
8706
8525
9264
16040
11557
9747
10605
8779
7609
7903
9298
7470
8875
7964
7593
8432
8931
7589
8015
7761
8606
7802
8282
17495
13433
9389
8435
8179
7895
8896
11192
8625
8338
8639
8017
7663
9002
9291
10139
10346
18361
8964
9077
9423
9034
8061
8153
8256
8252
9358
8261
8513
8374
7794
10025
9607
12979
15841
9166
7964
8412
9611
8841
7813
9704
8035
8511
7666
8177
7936
11700
8484
10482
14937
9369
8358
12907
14143
9302
7854
9492
7377
8851
8333
7790
8253
10645
7831
7396
7626
7765
8150
8474
7813
7607
7743
8588
8042
8051
8370
8308
9267
8013
8257
8551
8325
172118
8782
9249
9098
8051
7858
9414
9124
8286
9312
7439
14612
14869
10906
9138
8655
8210
10505
15280
9616
9581
23227
14051
9252
9202
7916
8569
8738
10441
9657
10661
15588
9359
8449
10153
8631
8003
8164
8430
9494
8091
8522
8177
8492
8987
8343
7886
7712
8320
7807
8233
8689
7824
9347
7938
8955
7841
7906
8405
8529
10855
9443
15170
10809
7875
8364
8602
7820
8705
9199
7867
8623
9124
8333
8938
8665
8841
7856
8768
8173
8598
9146
7853
8442
7802
9189
9202
8223
7989
9240
15387
12225
11607
9037
8047
8293
8787
9379
7604
16964
15211
10000
8198
9176
9430
8413
17488
13253
8961
10127
8714
8190
8188
14444
10541
11733
13800
8947
9218
8015
13959
7853
8617
10072
8819
15715
11311
13975
8946
8748
9051
10798
18453
10501
11579
7724
8438
7897
7657
8123
8960
8960
8013
8777
10449
10434
11695
13260
9546
8272
9112
9419
8840
8658
8075
7933
9822
7825
9226
10050
11320
15714
9805
9467
8114
8121
8423
7877
7962
8056
9614
8805
7871
8459
7670
8161
10032
7742
8056
8980
8138
7862
7600
8117
9153
8236
8938
7906
10543
9775
10807
14205
8917
8548
8923
8776
8193
7980
9541
8513
8705
8074
7712
8156
7569
14790
14201
15733
10043
7809
8540
8564
12820
9988
12718
12354
9319
9003
8613
8903
10303
8064
8147
8855
7951
8655
9176
8193
7977
7692
15465
14296
8974
8456
8261
9338
7980
14331
10384
10549
8918
15169
9802
9032
14446
7723
8396
7738
8730
10663
13673
16251
10496
7409
8179
8646
8100
8574
8223
9287
8552
8696
9517
9983
18687
9774
7594
7923
8796
8215
8157
9439
8028
8856
8220
7864
9593
8928
9251
8613
8930
8793
9656
16446
9600
8468
8958
7757
8933
9421
7600
8709
141636
11046
15903
13936
7844
7853
8585
8496
7704
7590
8259
8274
8647
8526
9343
8256
8041
9913
10112
7839
9833
13230
13087
10694
9238
8025
7541
9142
7631
8497
8795
14987
14445
14310
7984
10298
7982
8678
8995
9407
8051
8069
8015
8295
10619
10235
15184
9810
11903
9657
9594
8244
9712
9227
8232
9663
15739
10489
8830
10654
9232
7692
8558
8515
8262
9107
7848
8528
8261
7946
7651
8798
9543
10300
14758
10902
10072
8017
8480
8728
8148
7650
8800
8186
8170
8812
8409
8784
8859
7873
9343
8576
15258
16481
8282
13668
8005
8078
9059
8402
9851
8717
7795
10643
15575
8932
14053
8235
8750
7698
8364
7683
8001
18035
14013
8764
9518
8424
8769
8885
13709
13238
14133
8435
10532
7792
8051
12246
8439
7500
8293
7835
8960
8897
8051
8023
9819
8640
11024
18755
7770
10386
9034
8796
8145
9231
9689
10221
10232
13826
10498
9568
9124
9601
9204
7763
8168
7840
8901
9066
8114
8597
8923
8492
8328
7755
8693
8122
7983
10214
9410
9878
12730
11830
8047
10162
9863
8993
8023
8387
7870
8784
8533
7553
10241
8117
8644
8209
8511
7941
8798
8154
9322
8493
8879
10201
14338
9166
11242
8263
8399
7851
8092
8065
8763
9678
7772
8939
8831
8224
7979
8408
8352
7542
7842
8260
17902
15603
8425
11446
8001
8378
7518
19338
13637
8194
9396
8126
9118
9221
15694
12185
13938
7754
8439
9482
8717
15592
10858
15512
7502
11811
8844
7727
13748
8110
7936
8384
10194
10954
18280
14883
11344
15133
10004
8815
9336
8782
10702
9214
7774
8872
7821
7984
7978
7972
8290
7779
8723
9057
7666
8786
9087
9389
8106
11143
15682
11286
9379
8152
8615
7884
8881
9072
7575
8846
7876
8533
8583
9301
8558
8499
133718
9106
8687
8220
9194
7947
9994
10204
15745
8996
8317
8835
8092
9096
8365
8007
7973
9548
9280
7769
9053
9954
8846
10040
15215
10016
8984
9194
7981
8200
8677
9534
7887
8452
9197
7841
8841
8327
13989
15473
9798
9117
9429
8898
9514
10328
8962
7783
9237
9837
9539
11307
16985
9080
7912
8517
22071
14288
7723
15635
10143
8051
8992
9282
9257
8862
9097
8798
8172
8310
8303
7936
8494
8653
8531
8306
8191
8176
7805
8366
7591
7958
8411
9129
13067
16051
10174
8096
8615
8215
7564
8490
8417
8169
8312
13877
10009
9641
11641
13954
10780
8119
12666
7333
7635
7789
9067
7589
7389
8464
9230
8530
8273
16194
16477
8023
9799
9162
9520
8206
17990
12636
8290
8989
9350
8219
8149
13892
9936
11313
9302
15284
8153
9896
12813
9286
9938
8425
10117
13876
11429
11406
9105
7635
7790
8305
8314
7870
11205
8338
9022
9477
8753
18704
11844
8359
9302
9271
9881
8044
9771
9056
9365
15887
10444
8376
9379
9684
9056
9183
9051
8033
9225
8625
7863
7836
8592
7610
7436
8548
8278
8613
8521
10627
16004
10614
8887
8251
7935
9779
8784
9255
7759
9363
9099
8402
8163
7830
9116
8036
8988
8539
7482
8201
7545
9076
8113
7770
8999
9005
10303
13763
13223
9461
8956
9225
7753
9215
7870
8883
7808
7893
8576
9179
9057
8897
9258
9803
12070
16270
11740
9674
8630
8895
8074
10157
18248
12505
8992
7998
9113
8415
9307
10069
20089
9285
7807
9977
8882
7751
7851
12207
7873
8774
9284
11170
13988
11915
11418
8452
7836
8414
8106
7992
8492
9503
8489
8672
7789
7553
8843
7657
8209
7771
7884
8266
10767
10357
15806
9787
9487
7793
9392
9041
8179
9197
9195
10159
13324
13670
9331
9045
111586
12433
9447
7899
8046
7797
8521
8389
8058
7933
24715
8412
7927
9235
7926
7805
9491
9343
8747
7690
9778
9187
8647
9598
9584
10109
13825
11133
8311
8154
8040
8922
9430
8849
7835
7851
7825
8163
8818
8676
8172
8252
8137
8875
8592
7358
9126
8245
10923
9782
8793
10569
15284
8115
8343
9358
8277
8032
8246
8306
9335
9071
7856
9393
8583
7775
8261
16543
14401
10087
8303
11208
8750
8456
17464
18179
9292
9632
8830
9512
7600
18415
12277
8313
7794
8715
9280
7819
16198
9348
10919
14250
9405
10661
7759
11881
7553
9458
8164
8335
9278
8222
8143
8371
8000
8676
8244
11219
9200
16066
8830
8041
10575
8355
9390
7659
8658
8361
8446
9061
8888
7736
8607
8139
8348
8893
7733
9199
7689
8672
9409
10791
18311
9367
9058
8382
8800
8314
9127
9312
7835
8704
9864
9444
15958
11012
9211
8833
8423
8896
8707
7632
8441
8402
9266
7784
8629
8275
8394
9165
8625
7882
8259
8400
8011
8180
7969
9079
9758
10295
15449
8598
9830
7767
8092
8572
10946
8484
7775
8418
8194
8930
7826
7322
7506
9066
8572
9067
13445
15210
12057
9569
7800
8320
8528
13516
7641
7882
8437
8247
10010
11063
8994
18453
8835
8297
9119
9012
9820
9030
8143
8266
8671
9978
9764
14847
11643
7842
9006
7894
8741
7666
9341
8258
8128
8599
8009
8074
7734
8141
8853
7872
7467
8671
8208
8861
9867
10080
10031
10094
17302
8899
8049
8423
10622
8754
8428
8375
8028
8835
7857
7328
9086
7926
7951
8401
8274
9412
8284
9207
7552
7957
7851
7915
10733
9074
15704
9941
10039
9317
9020
9006
8220
15522
15200
11071
8348
9639
8630
8195
11034
7887
9340
9340
7850
9305
8284
7786
9556
10010
18998
13294
158179
9408
7995
8651
10722
16217
9961
8233
10833
8548
8204
8652
11056
9416
10285
18584
10386
8351
8266
8377
8161
7953
8113
9420
7964
9002
8083
8692
9721
8928
9829
17936
9228
8672
8510
7750
8253
7831
8143
7559
8235
9983
8746
8449
8960
7564
9284
7790
7959
8415
7622
8719
8168
12209
9440
10171
14861
10220
9158
8449
9175
8796
8264
7648
9073
9083
8154
8239
7784
7892
7490
15850
15685
10183
8784
8967
11140
8349
17312
16948
7584
8009
10897
9129
9926
14045
14461
10469
10033
9053
8020
8275
11447
8800
7995
8603
9028
8153
9240
10719
15922
7825
10025
8851
7672
8389
9504
8563
8790
9225
8592
8127
8373
7951
7952
8540
8514
7710
7985
8465
7965
8660
8536
8456
8195
8514
10176
10440
13317
10618
9985
7661
9657
8137
9188
9266
7978
8562
7625
8332
10538
7994
8665
7791
8017
9257
8102
8018
8200
9801
10663
18558
9863
11021
8419
7471
7983
8278
8616
8679
7838
8532
7564
19462
10471
8883
8279
10594
9049
8751
10891
8616
8562
9449
9678
12420
13292
14320
7705
7672
7495
8328
8210
8206
7810
8319
8640
9600
17871
12925
7948
8977
8302
9772
8678
15393
11127
17423
11757
8859
8714
8729
11478
10531
13235
10456
7800
9602
8012
12430
7599
7382
8864
7735
7972
8906
7750
7947
8457
7910
9067
9253
7955
9197
8381
8639
11023
16215
9208
8695
8694
8841
8130
8396
8894
8876
8463
9238
7912
7984
9138
9021
7482
8304
8169
8020
8215
8652
8259
8205
9811
8661
10865
15123
9737
8594
8753
8574
8506
8412
8212
7996
8225
7784
7978
8314
8926
8852
11360
8239
9223
9984
9030
17386
8611
8011
9800
9435
7989
9038
9701
8234
8938
8030
7943
7743
7850
8995
8383
8247
8916
8143
181188
10656
15779
8696
10316
8977
8337
8021
9620
8400
8707
8861
7492
8805
9379
23020
11399
9104
9086
8787
8420
9516
8095
8424
9121
10900
14802
11242
8547
9682
8021
9614
9041
7832
7700
8373
8615
9177
7841
8843
9211
9220
9281
9739
10246
14982
10384
8192
9620
8587
7868
8215
8031
8131
7771
9593
8047
8816
9378
7564
8191
8728
8255
7892
8782
8996
9186
10462
15657
11783
9615
8832
9436
7741
8738
8078
9140
8193
14035
18538
9168
9664
9914
8682
8431
17354
13262
8202
9188
9423
9030
8349
10825
8597
7564
8133
8698
8754
7813
8379
7722
7943
7993
8549
8582
8143
8377
9907
9342
9886
14425
11089
8938
8259
19762
15633
9134
8142
8082
9358
8802
7688
8269
8424
8369
7507
8877
9455
18069
11015
8969
7771
7851
8935
17306
14579
9720
9350
7506
8199
9138
37695
14216
8669
9030
8162
7746
8489
8986
9338
7764
9071
9090
7606
8907
21540
14517
8156
8550
9340
9403
9456
8967
10706
14976
11182
9098
8685
10602
9094
7925
8002
8225
8174
8470
7668
7647
8930
7450
8260
8212
8269
7749
8833
7758
8771
7912
9739
9628
11507
16532
8158
9477
8545
8247
8848
9137
8705
8162
8251
8020
7733
9419
7990
8128
10070
15524
11958
8735
8920
7902
8503
10228
7356
8070
9203
8930
8364
7744
16636
17233
9382
7700
10559
7972
8375
10441
8261
7895
8169
9128
10608
17887
8999
10864
8305
8176
7984
9630
8983
8556
8485
8339
7610
20901
10856
8777
9540
10312
8892
8033
14900
15805
8595
7836
9134
8190
8033
15095
7995
7394
8507
8787
8225
7990
8030
7889
8466
9197
9352
10487
15144
10204
9209
9179
7979
8049
9014
9119
8731
7563
7993
8046
7859
8681
7752
8323
8040
8259
8262
8008
8826
121617
17799
10292
9139
11355
8117
9013
8185
9345
10814
14736
12369
8724
9373
8600
9196
9302
12433
9032
8056
8416
8337
8774
9094
8388
7775
8570
8584
8184
8570
8469
7993
9949
9874
9315
14523
10295
8014
8825
9203
8745
9079
8797
7974
7610
8234
9157
8497
8804
7978
7625
8191
8251
12731
9025
10283
15785
11149
7825
7714
14165
8212
7995
9977
9026
16265
9580
9664
9953
8646
9076
8854
8576
8170
8178
7944
8580
8620
16689
16062
9997
7952
8784
9464
8722
19942
10909
8647
8244
8594
8972
8543
12780
8983
7765
7956
8437
8203
7983
7737
8800
8750
10406
10441
15037
9839
11648
8761
7541
9405
9318
7813
8605
8239
8854
7983
8835
9515
8794
14725
12491
10002
8816
9118
8333
8093
9429
8894
8391
7933
9054
8252
10923
18276
9749
7875
9844
8715
8025
9789
8995
20112
10947
8148
9035
8362
7841
8364
11305
8311
8441
7789
8613
8292
8699
8760
7936
8297
7979
8897
7748
8243
7490
7751
8262
8707
8748
9882
11226
15143
10297
8012
9201
9266
9112
7487
9137
11061
9194
9851
9777
13994
10694
9267
9044
8203
8617
9499
9493
9338
7414
7556
7752
8164
7893
10724
10071
8322
10105
10924
16562
10231
12690
9138
7380
9585
10823
15058
10164
15545
8348
7446
8353
8379
8085
8437
8845
9360
8677
10025
14103
11873
9259
8356
7874
8177
8462
9339
8815
7794
7985
8587
8595
8555
9216
9271
8016
8165
7972
8210
10099
9644
13466
13672
8984
8646
8153
9087
9317
9229
9200
9482
10218
10100
10889
14099
10594
8130
8646
9141
9082
8173
8938
8325
8261
7784
8490
7775
7916
8803
9567
9023
8358
8176
7623
10191
9786
11183
16121
8974
9353
9037
8494
9170
8099
8099
8525
7682
8688
7777
7853
8889
171898
12898
7907
8415
14199
15101
10103
8491
10158
8662
8235
11262
8252
7969
7970
9402
8858
8422
9500
7866
8742
7775
7679
9487
8831
8633
8147
9433
8422
8781
9597
10661
17842
9148
8237
8278
8015
7961
8160
8032
8348
7983
9359
9233
9358
7890
8321
7641
8133
8955
8364
9073
9041
12416
15647
9762
8777
8621
9040
8670
15864
11682
17258
9446
9239
8060
9448
10013
9079
10786
15412
11116
9245
7955
14297
8277
9318
11148
15369
9400
8895
9356
8763
8657
9277
8369
8600
8687
8091
8454
8839
8138
11929
17207
8967
10367
11804
8530
8712
7977
8404
8518
8814
8194
7806
8026
8348
8009
7406
9134
7534
9139
9209
8565
9783
17343
11628
9653
9095
8924
9092
9374
10137
9517
14930
10507
9231
8736
7774
7952
8364
7834
8671
7990
8466
8718
8527
8193
8054
8592
9033
9356
7984
7631
8305
8254
7594
8144
8539
8558
8044
9077
9158
9931
10886
15170
9340
7774
10611
8432
10536
7941
7752
8849
8576
8322
7721
8659
7728
8225
13918
15802
11978
8677
8139
9143
9717
11092
8662
7724
10073
10217
11729
15611
9644
8030
9559
8926
8073
8895
8085
8132
9524
11448
14141
16387
8748
8237
7538
8786
7846
8153
15794
16248
9144
9607
8613
9313
8948
15494
14030
10663
10397
8716
8259
8291
13910
9791
10422
17571
10948
9513
9273
14758
16673
9567
8663
8706
9149
7807
10569
7573
8717
8454
7585
9233
8669
8166
7711
7430
8991
7543
8102
8704
10028
10914
14743
10464
9630
7744
9865
8397
8685
8738
7764
7867
8161
8893
8072
7571
8368
7986
7979
8655
7543
9745
8427
8702
7949
9102
8074
8163
8543
9979
9483
10110
15480
9056
8999
7912
9557
8402
8935
8890
7971
8365
8001
8207
10215
8025
7926
9137
142835
16693
10584
8504
12118
8105
9447
10313
16586
8707
8829
15123
7610
9189
9813
8003
9014
9268
9153
8861
9702
8221
8692
8497
8428
8642
7931
8164
9542
9666
9231
12515
14610
8114
9426
9451
8564
8475
8564
9245
7507
8886
7766
7820
8748
8241
8328
7834
7943
7753
7999
8870
7562
16994
14164
8527
8778
9579
8015
8005
15705
12531
13638
9995
9215
9215
7984
9184
7823
8934
8833
8435
7753
8471
8605
8433
7729
8937
16156
17141
8135
9618
7878
7935
7936
9440
9029
8132
8462
8733
9653
10737
8502
16437
7621
8594
8151
8377
9420
8796
8777
8300
9560
9235
9134
8971
7782
7960
7936
8483
8355
7662
8712
8425
9266
9820
10385
16506
9676
8225
9592
8566
8400
8559
10779
8657
8377
12677
16393
9722
8961
8435
7833
8282
11564
8433
7732
8909
8738
7948
7654
8559
8590
8287
8235
7766
9556
11432
18040
9639
8273
9440
9051
8515
9000
7794
9152
7627
8713
8883
8193
9302
7876
9334
10534
15315
9149
11385
9589
7555
10108
7420
7937
8742
9301
9384
8811
9019
8471
11218
15770
10191
8762
8854
8950
8658
9375
8338
8771
9286
9098
9892
10271
13887
12131
8118
9138
7917
7750
8379
8646
8936
8648
7975
8526
9276
8128
8576
8635
8352
9418
7570
8325
7790
8713
9220
9353
9640
17994
10602
8953
8084
8503
10691
8371
8327
8439
7554
7886
7696
8087
8923
7931
9291
10115
8736
10417
18252
9215
9077
8896
11052
9572
11203
15420
9196
7755
9167
8400
8468
9345
8220
10453
8204
8544
9261
9461
8056
7926
10063
20687
9701
9418
8897
7869
8758
10606
7835
7984
8716
9611
9666
9743
11041
16476
8383
9601
8677
8870
8456
8395
7866
8624
8964
9039
9201
9628
9661
10769
16699
8201
12954
156235
8109
9138
8479
8076
8083
8657
8262
9335
10353
9405
12399
14683
11166
7832
8600
9162
8074
8452
8576
9437
7551
7697
7668
12323
8161
8720
9898
11103
15652
9265
11414
8618
7743
8832
8107
7715
8162
7860
7873
8237
8608
7957
8395
7801
8687
8408
8068
9207
10759
11162
14502
9394
9009
8537
8228
8079
9814
7973
8605
10058
7628
8332
9230
8015
7711
8003
8374
8213
8233
8791
9342
8138
8607
9609
9058
10071
18041
9369
10417
8575
8901
8847
9166
7958
8858
10986
15194
15586
9445
9174
10388
7574
10854
14724
10987
9167
9261
8333
9505
7945
8041
8139
7980
9292
9192
9297
8506
7736
8474
8351
7887
7961
10481
11132
15275
8510
9307
8402
9434
9568
8077
7536
8737
7675
7821
7763
8256
8826
8708
8819
10044
9317
7794
8315
8323
8723
10225
9347
18923
9550
7848
8120
7796
11844
8655
7711
8302
7856
9618
7981
7853
10002
9559
9617
15305
13661
8461
9247
8753
9679
8094
8306
8181
8012
9546
8757
11358
15288
10520
7723
9444
8192
8425
14722
9373
10487
9019
15360
9065
8465
9585
8161
8795
9017
9337
8917
8774
9220
7918
8287
7641
7457
9174
9893
10485
18176
12086
8476
7902
8097
7876
8056
7892
7892
8602
7801
8996
9456
8676
9699
9038
10223
10633
13367
9523
10141
7779
8297
8242
9638
8328
9360
9279
7915
8010
7729
8442
7728
8137
7680
8877
7898
8998
8022
8399
9094
8914
9518
10140
16276
9581
8293
8453
8685
8335
7888
8300
8188
8571
7797
8828
11751
8075
8087
7478
8351
8262
7783
8615
8080
9077
8841
17416
13868
8876
7888
8507
8135
8313
10251
7634
7907
7730
7712
8735
8700
7724
7688
8385
9731
9298
10684
19185
8620
7820
9131
9407
9391
8475
8284
8984
204221
16506
8771
9026
9000
8777
8042
9157
9234
7779
7828
8112
8717
8095
9352
8334
8266
9504
9287
8516
9764
10431
19365
8973
9717
8892
7613
9008
9237
7830
8516
9213
8415
8148
10464
14451
12071
9460
10579
8502
8320
8781
7764
8282
7791
7719
8817
7410
7762
9109
8939
9288
11317
9933
14972
10015
10372
8731
9097
8165
8394
8416
9322
8906
9100
8123
7791
7788
7865
7645
7676
9338
8889
7994
7729
8789
7982
8230
7962
7812
7683
9068
7413
8354
8376
7973
9006
7536
9260
8993
10222
13747
10825
10461
8662
8779
9530
8305
7971
7656
7780
8065
8681
7758
8398
8705
9634
7953
8718
8696
8699
7769
7742
7972
8223
8177
11711
10431
19107
9174
10012
9209
8190
8015
11880
13482
12941
9167
8923
8861
8901
8063
9348
8980
8091
8426
7813
8151
8396
7863
7712
7772
9242
8619
8969
7735
8614
9546
8946
11297
15531
9292
9641
9394
9574
7784
7952
8192
8189
8039
16903
12058
12183
8883
8691
9506
7934
16932
10786
16262
7698
11090
9289
8181
17353
14551
9746
8066
9117
8519
10836
10035
8574
8302
8215
7861
8289
8237
9035
10107
9666
14931
10934
9419
9014
7938
7576
8802
9596
7709
8185
8159
8835
7790
8286
7776
8816
8062
8692
7886
9154
8800
9019
8155
7912
8393
11679
12609
13218
9035
7797
8039
8712
10623
8653
8545
8233
7606
8158
7853
8297
8247
7775
7616
8961
8305
7493
7874
7953
7496
10568
7933
8996
7843
10615
19172
8692
10376
8874
7892
8913
8071
13514
10039
10607
19299
9907
8800
8565
16416
14174
11827
7774
8408
7937
8247
16927
10097
16170
9220
9381
9375
8679
9362
7559
9322
8595
9050
9117
8369
7656
7743
8456
8217
19046
12073
7749
8962
8239
8413
9075
16271
159107
15337
9958
8871
11998
7511
9147
8212
9500
7861
8224
8199
8142
8051
8808
8893
16011
13006
8523
8537
8029
8794
9075
9361
11476
9431
10369
17392
10950
10471
8267
11758
9482
10460
15373
9821
8058
9636
11234
8394
8357
8662
8402
10206
10507
13005
14210
8790
8614
8985
8049
9298
7686
9239
7742
8625
8932
7698
8859
9961
13037
13720
7746
8413
12026
8076
7904
7843
7605
8938
9283
8601
7994
7343
8817
8013
8897
9271
8828
8010
10800
7841
9949
17692
10282
10425
8410
8584
8917
9911
8394
9846
9750
14950
11781
8288
9440
9127
7634
10044
8993
8299
8143
8352
7798
9096
8328
8871
8523
9209
10959
15460
10625
9020
8164
8408
9097
8544
8193
8569
8787
9026
8635
9052
8604
8420
7927
7835
7631
7865
8279
7990
8079
8707
13758
15566
11413
8764
7945
9371
8318
12573
9953
9640
20121
8937
8418
8876
9892
7879
8543
7661
7893
8475
7591
8946
9664
7443
7671
10371
10061
13660
11417
8371
9241
8178
9422
9475
8107
8385
7772
8199
8948
8926
8166
9202
8076
17743
12502
9082
8717
9527
7782
8405
9279
8369
8738
8186
9888
7648
8276
7752
7978
8517
7651
8003
8608
7644
8593
8134
8499
9244
8957
10675
9674
15930
9213
8053
8222
9408
7579
7912
7711
8835
9057
9024
8123
8176
8658
9297
9205
8868
9446
10696
18856
9076
9681
8208
9553
8900
8569
9219
9640
8568
13499
14278
8699
9356
8644
9054
8001
8258
7628
8755
7652
8364
7351
8416
9179
8229
9302
7305
8933
8269
8644
8143
8709
8409
8594
22968
8622
9594
8571
8435
9120
7613
16421
14197
9311
8131
7943
8755
9085
10833
8187
7835
8151
10621
8410
8123
9056
7574
9066
10393
19466
9677
8415
8177
7879
8715
7988
8781
161437
10587
10740
13917
8266
11302
8202
7705
14902
7567
8302
9282
8226
8112
7709
8857
7860
11874
9506
7738
8215
8765
9594
8053
7614
7939
8523
8594
9558
8282
9106
8102
7531
8272
7753
9257
8672
8070
7751
15713
15742
9005
9175
8978
10789
7808
7835
8594
8150
8490
8631
10434
9854
8136
15188
9566
7795
12149
7961
7759
9185
9321
7752
8830
11610
9400
14861
7963
12413
8474
9974
12803
8001
7951
7938
9000
9712
9650
7749
9794
15594
10303
8063
8290
9407
8210
8067
7791
8789
8539
7882
8769
7992
8343
7834
8814
8595
8220
7994
8879
8673
7932
7915
9143
8732
7542
9247
8410
10362
9037
9735
18568
9413
11908
8663
8116
9435
7509
7646
8194
8095
7887
7663
7994
7876
8690
8010
8606
9789
9478
10112
14804
11274
8733
8215
10432
7555
7848
8507
9056
8685
7425
8685
8097
8062
8307
7873
7800
7323
8965
9090
7794
7715
8681
7708
8025
7982
7941
8863
7779
8518
9050
7886
9058
8734
9458
10830
15774
8433
9962
8805
8917
10807
8215
9175
7767
7551
8319
8458
7457
8381
8708
7745
7847
8575
7545
8445
8034
8032
7762
7948
9103
9489
8833
9139
8509
11843
15102
9083
9541
8982
8697
8331
8558
7682
8810
8000
7770
7961
8776
13014
7825
7494
7954
8253
7813
9206
8958
8854
10215
17758
11010
7988
8082
8670
8626
7772
8113
20682
11882
8639
7981
8277
9654
36307
7969
10964
10523
15477
8163
8885
9571
8133
8639
8984
10367
8509
8243
7970
13996
11936
14619
10041
9931
7841
9093
12423
10446
13537
8776
10510
8548
8956
8198
9020
8514
9076
8251
8982
7952
8927
7996
8568
7804
8875
9454
8124
8889
8307
8189
8735
9850
15610
11092
8501
7876
8797
9487
8076
8274
7897
9409
203317
14694
15201
8642
10708
8312
9353
8806
17301
15231
9404
9299
8180
8053
8034
12396
8698
14565
9015
8345
8581
8714
9024
8167
8015
7781
8147
7684
8470
8134
8857
8635
7794
8717
9061
10463
10458
17311
10985
9574
8464
9030
8605
8093
9240
8041
9984
10106
14123
11089
8767
9464
8765
10282
7815
7593
8333
9640
8093
7897
8568
8453
7988
7673
15637
15233
9898
9141
8788
8030
7791
18729
18037
8146
8595
8731
9276
9423
9635
7590
7543
9215
8113
8595
7640
8182
8353
8646
8873
7678
9289
9343
8191
10415
17171
11096
7865
7912
8517
7928
8938
7716
8550
8399
8567
8749
8441
9712
8794
10435
11755
17209
9297
8790
8144
8477
9580
9290
9036
7802
9585
8143
9893
10206
14655
10556
9565
9461
8231
7502
9091
8184
8093
7957
8583
8229
8536
8808
7856
8267
10025
10629
14281
10470
9176
9657
8266
7994
7930
8390
8335
9523
8204
8851
9156
8154
9779
8150
8361
8466
9823
10533
16092
8465
8751
9058
9000
8854
8438
7433
8558
8364
8707
8710
10923
7964
7764
7984
7709
7527
9087
8094
8077
8587
8958
9036
9175
10148
14693
14157
8545
9297
8427
8248
8007
8104
8178
8197
8235
9492
10820
8425
13800
14202
8965
9242
7761
8323
9395
8384
7778
8666
7976
7933
8895
9030
10605
10020
9388
9900
15307
9288
8871
11691
7967
7752
7600
8799
7953
8793
8464
7643
8499
8573
8592
7903
9056
8191
8864
7487
9225
7993
8736
9842
9737
19031
8497
8272
8877
8012
8566
8605
15148
11651
16829
9158
9636
8589
8989
19868
14200
7998
8694
9650
9871
7388
17110
14059
9729
9393
7738
8922
8446
15917
15410
11661
9712
8490
9662
7938
12113
8937
10489
10595
17313
10005
9256
16174
15733
9674
7989
8830
145387
12288
14907
7769
8433
8887
9529
8871
9276
9366
8866
8459
8656
8092
8482
9613
10830
14612
8323
8604
8843
7424
8974
8396
8102
9169
7388
7853
8215
7763
8070
8448
8641
8711
9092
8632
10564
11008
11519
16141
7670
10426
9065
9664
7692
8488
8091
8287
8678
9886
9211
14671
11920
12512
7811
8314
9164
9075
7754
8128
8638
9244
8373
8957
15837
13711
8176
7821
9076
9353
8032
10208
8022
8569
8579
8438
8187
8535
9068
8194
8185
8108
7937
8471
8050
9439
10144
10195
15666
9438
8170
9442
9010
7783
7491
8815
9062
8125
8712
9162
10206
7720
9087
8135
8889
9497
10006
17789
10227
8856
9405
8553
8894
9269
8219
7843
7670
8222
8322
9676
8885
11720
13926
10512
10652
7964
9263
7751
116702
7750
19786
11218
9576
9260
9798
7886
7693
16368
10063
15924
8574
8153
8784
8456
9357
8244
7939
8225
11893
7979
7662
8250
8334
7846
7887
8710
8244
8699
9310
7788
8899
7656
8232
7589
10452
8790
14007
11991
9449
8578
9228
8462
9109
8565
8068
8760
7953
8123
7784
8235
9102
7673
7828
8244
8111
7512
8852
9068
8092
8909
7887
9307
7691
7674
9091
8566
9482
9441
18839
11808
9508
8134
8164
7844
8493
9153
7828
8522
9295
9475
11117
14969
14739
8792
8953
7856
8363
8010
8707
17293
13307
9149
9354
8875
9220
8143
12261
7705
12146
14748
13484
7944
8243
8983
8013
9008
9239
8159
8626
8712
8032
7854
7997
8483
18192
12885
7824
8365
9873
9941
8441
15865
11676
16428
10868
8394
9615
8280
14228
13468
10232
8083
10201
8919
8406
11557
7631
8343
8904
8408
8354
9099
7550
7775
7949
8627
8375
10045
11104
15317
12917
8595
8465
7728
8131
8888
8415
8794
8512
7653
8636
8085
90537
9866
8183
7749
8494
8287
7800
8325
9377
8632
7772
8187
8616
8215
7907
13820
15511
18271
7817
7972
8775
8369
7860
7838
8651
8833
8769
8394
8984
9056
8765
7846
9603
9307
10962
15594
9270
8035
7960
9377
8797
9322
8419
8364
8153
7976
11265
7841
8543
7842
8395
7922
8654
8126
8194
8397
8039
9958
10096
15218
10781
8769
9096
8713
17534
18279
8816
9426
8382
7878
8728
24410
8514
8810
8596
8115
8226
7892
13897
8538
9036
11071
15522
9441
8409
13926
7931
7512
8022
8604
8820
7779
8043
7610
8002
8137
8852
8349
9080
8825
7948
7406
7852
8555
8148
8997
7740
8051
8739
10468
10045
15757
9088
8342
8507
8066
9582
8368
8053
7902
10948
8825
8764
7715
9440
7941
7940
8346
13256
12526
14499
9428
9456
8224
9179
10697
15277
10767
10250
9041
9151
8010
8412
7971
8109
8393
8412
7878
7878
8154
7847
8193
9276
7752
8604
8400
16962
14946
9377
9083
9216
8638
8376
7892
8688
9306
7533
8597
8897
8554
9138
8232
7835
8198
8533
7965
8153
7792
8251
7962
7769
8765
10105
8375
11205
15184
9448
9703
8363
8579
8102
8907
9014
8164
8376
8780
8872
8564
9165
8115
10478
9801
17822
12073
7691
8636
8207
9573
8733
10159
8405
9971
15630
10632
9728
8659
8815
7581
8712
7866
8778
7935
9149
10982
8299
7840
8372
8640
8268
8518
7967
7786
8622
7543
7853
8572
7609
7748
8934
8471
10271
10013
14730
10019
8903
9615
8354
8894
7913
11293
7590
8153
8307
8379
9136
8800
21845
9035
8982
9420
7909
7891
8418
14372
9343
10660
15945
9468
8615
9215
11622
8013
7654
8110
8205
7562
9030
8331
9415
7453
8705
8087
8869
8048
7656
7815
7603
9015
7735
9604
7568
8774
194904
7938
8651
8861
7610
9117
8501
8550
8587
8407
8715
7815
9470
9978
13263
16234
7985
17991
7799
8087
8513
8349
9165
7693
8861
8639
8870
9420
11610
14896
11924
8324
8615
8779
8816
7955
8933
9287
8111
8066
7816
7869
8174
8687
7697
7924
14598
10659
16173
8934
8196
8916
7889
14456
8811
11176
18569
11925
8376
7800
17048
14699
10922
8128
8454
8171
8933
7613
7610
8213
8544
13246
8467
7369
7886
8888
7855
8384
20759
9635
9046
8643
8727
8593
9034
17421
15408
9948
8430
7859
9425
8065
16753
11915
16325
8784
8787
9484
8134
14270
16270
9706
9652
9062
7984
7953
12028
8518
8625
7681
8965
8658
8417
7998
9620
10341
9752
15882
9765
9015
8476
7895
8024
7978
7959
8203
9041
8654
9575
8638
8206
8945
8134
9068
8163
8622
8711
11082
10068
16409
8710
8854
9216
8207
7969
8173
8475
9499
9471
8405
7998
8126
8529
9393
8786
13153
18369
8580
10184
10224
8840
9067
16382
11890
9202
8917
8176
9321
9682
11515
7802
7537
8933
7936
8625
10380
10457
14590
9446
9965
9006
7849
8913
8012
8225
8764
8821
7949
9153
7781
8049
9484
8475
7772
7811
18173
14033
7840
10040
7682
9057
9194
9304
7872
8059
8487
7633
9017
9092
10779
10387
9067
17942
10763
9181
8523
13812
14925
12539
9420
10535
7906
7686
8107
9324
8889
9357
9592
9942
10898
14661
10302
8006
8738
8883
7967
8352
9595
8047
8463
8376
7878
8314
8402
9482
8316
8475
7964
7854
8188
7917
8826
9035
7934
8370
8825
8838
9221
8933
9806
15666
9658
8712
8616
9417
10278
7729
7626
8308
7996
8604
8477
7369
8153
7762
8740
7615
8875
9220
8136
8052
7810
8422
8328
7905
10680
10741
15967
7928
7874
9530
9638
138732
8717
8774
8527
9579
8112
8633
9097
22153
8204
9133
8193
7710
8837
9326
16888
14497
18151
7917
7928
7896
7950
8837
9567
8974
8027
7753
9451
8735
9046
8397
7964
8014
8746
9047
8610
8900
8467
8587
18556
10632
9601
7998
8250
8328
8523
13886
9317
10061
15368
10876
8414
8878
8624
7904
9274
9821
8189
7633
8056
8261
8377
7984
7791
9011
8972
8507
9118
8351
8548
8390
7564
7895
8071
8174
8262
8766
10652
12645
16158
8014
8325
8854
8498
7985
9107
7961
7823
8458
8164
7897
8384
9999
9580
7491
8550
8198
9188
11265
21321
9626
8220
8230
9423
8415
7638
14209
14763
8802
9914
8846
8838
7988
8558
8639
7657
9268
9508
8331
7820
8748
8637
8774
7579
7556
8936
9235
8633
10591
16068
10989
8393
8887
9308
7800
7914
7813
8840
9429
8736
16151
14786
11776
8894
8938
8569
9441
8799
8515
16745
15386
9964
9884
8571
8228
8276
18782
12116
9288
7677
9105
8845
7748
8560
8082
7774
9511
8958
8301
8111
8882
7482
7792
8262
9119
9314
7924
8732
9154
8443
9108
8589
8604
9992
17111
8687
8643
9561
9479
8353
8669
7495
8545
8326
9345
8204
8693
8107
9175
8052
8400
8363
7791
9105
8579
10176
12394
14064
9435
10430
8192
8297
7960
8316
7908
8300
7572
7774
8111
9200
8832
8045
9208
9870
9216
7831
8555
11217
18056
10409
8611
8452
7839
9287
8000
9528
7564
7667
10138
7942
9209
8458
7539
8257
8379
7556
10053
10256
21177
9553
8590
9410
9829
10786
15584
9389
14565
8234
8494
7729
8382
8121
8035
16764
13782
10119
9287
8896
8478
9518
13822
10143
14766
9612
10436
9082
9638
15657
12186
14858
8617
10615
9006
8817
9999
10092
8784
8375
9574
14627
10322
11445
149566
16849
8898
8565
9202
9049
8407
10085
11140
15002
8855
8319
8389
8672
9565
8244
9696
14663
11850
8458
11228
8797
8036
7520
8011
9200
8009
9223
8898
8853
8226
7720
9275
8486
7627
8153
9297
11507
15389
11939
7743
8058
8195
9066
9558
7834
8619
7577
8964
7611
7923
7608
7635
9064
7873
8192
8935
9414
8035
7711
8538
8623
9261
8349
8445
10614
10088
15730
13583
9161
9176
9112
8556
7615
8275
7871
7571
9086
8046
8309
8825
10444
9458
17997
13013
9304
9661
7995
11143
11261
13589
9512
9352
8325
9222
8647
9118
8789
8241
9779
9223
7693
8066
8327
7525
8405
7567
8394
8507
8578
9940
10852
15787
10086
9369
8342
8035
9251
7803
8369
8397
8242
7609
8558
8391
7870
7462
8476
8466
8637
9133
7548
9076
7847
8385
7528
8602
8446
8404
17544
13091
9281
9465
8630
8379
9251
12778
9724
20561
9395
9769
9276
7805
18352
12488
10213
8162
7954
8874
9195
12251
7826
7379
7858
9245
8297
8937
8924
8957
8887
10654
15017
8998
9150
11080
8577
8821
8837
8010
9172
9055
8205
8065
7915
8697
7736
8213
7757
7812
8748
7394
8752
8215
7971
8298
8169
7579
8563
8091
7841
8092
8624
8084
7771
8964
10975
9902
16044
8797
8761
9575
8467
8106
8594
8683
8590
8774
8802
7311
7956
7531
18231
14506
9963
8862
8143
8046
9041
7743
7796
8678
14709
14888
8704
55666
7764
8206
8464
8002
8590
8480
9616
8714
8287
7709
8254
8317
8641
7548
7572
9220
8564
9024
9564
8909
9343
15173
11267
8160
13945
7302
8213
8017
8533
8480
8515
9418
8394
9677
8757
10971
17116
9805
8526
8153
8955
11850
13469
15519
8138
9673
8989
8021
7963
13516
8646
7473
8530
8567
7925
7961
8430
165031
17923
8875
8642
7949
8198
7875
8393
9311
8056
8786
8148
7838
7967
9102
8386
9516
9898
16164
8614
10002
9405
8441
7813
8844
8536
8734
8467
9202
8171
8813
7566
8388
8144
8639
8476
8042
8723
8624
8779
9728
9954
16200
10510
7782
8570
7842
7817
10102
9464
12764
9914
10664
8507
14507
13714
8456
10589
9802
7589
8774
10149
18143
11317
10582
9527
8409
7861
7494
8133
8738
8832
8093
7666
7909
8849
9239
8314
9156
10140
15344
9958
8435
9257
7747
8948
8305
8456
8245
8596
8189
8594
9130
8979
8808
9007
8617
7769
8040
10410
8000
8352
9278
8076
8316
7989
9585
7871
8517
8877
7958
8317
10325
8447
8476
7476
9307
8841
7940
8767
9415
16241
9759
9771
9298
7805
7791
8083
9388
7777
8427
8215
9630
8900
7970
11697
7221
8030
10142
10058
17211
12146
17826
14846
9394
8186
8287
9051
8909
8848
9247
8010
7981
10217
8558
8329
9067
8357
7844
9807
10486
16258
9599
8082
8920
8149
9458
14461
9639
8619
7708
9037
12371
14781
13832
9371
8359
8648
7514
7870
9297
9228
9578
9621
18882
9165
9127
8325
8779
9289
7501
8571
8714
9707
9059
10825
15317
9725
8880
8534
8902
8324
7802
7962
8833
9151
8437
7931
8215
7997
7770
7582
8769
8728
9383
8970
9229
7897
8958
10064
10219
16272
11024
10581
8790
8674
7762
8573
9321
9015
7739
7925
8749
8251
9720
8741
10784
14081
11458
7963
10089
7722
8209
8947
7455
8916
8480
8394
8020
8125
8610
7811
7920
8736
8493
9287
9474
12392
11446
9882
11656
8117
8553
11214
9227
8435
7997
7606
9132
8695
16379
18784
8819
7813
8180
9810
9669
23302
9318
8151
8315
9322
8584
7730
15646
17005
8753
7529
11321
9054
8905
10683
141456
8163
9762
17230
10268
9262
8568
7553
8211
8711
9202
9015
11134
10357
15564
11197
8630
9256
10521
14493
10293
10938
9748
7806
7513
7608
8195
7951
9041
8124
8993
7472
9644
8431
8437
7671
9528
8877
7435
7584
9223
7757
8015
13270
16048
8529
9164
9102
10682
8286
11665
8861
7460
8325
10183
8550
9634
8881
15947
8578
7971
10261
8548
8183
7753
8111
8897
9280
7943
8426
9074
8107
7875
8202
9306
7630
10360
7840
9939
10388
17970
9866
9554
9044
7801
9690
7656
8294
7682
7660
8835
8651
9007
7792
8011
7723
8614
8213
8472
7724
7814
8382
8465
7710
8412
8355
9165
11216
14521
11808
9211
9377
9003
8470
7713
7497
8762
8148
8220
8610
7729
7874
7615
8497
8298
8252
7575
7482
8866
8143
8982
8601
9174
7653
7592
8849
8628
9338
7692
8521
10589
15564
9507
8726
7664
10228
7755
8360
8796
9219
9074
8254
7818
9182
8031
7756
8511
8378
8297
8913
7878
7538
7988
9381
8403
8534
8102
7824
8121
9059
10041
10285
15820
9574
8873
7745
8061
8467
8466
8094
9003
8352
19649
16572
9005
9903
8899
7648
7933
8207
8026
7959
9194
8487
8253
8426
11742
9614
14572
10482
9110
9317
8937
15404
11796
15564
8964
9784
8381
8738
10039
7665
8102
8200
8808
8862
7752
8524
8243
7953
8261
14697
16235
9398
7917
9056
8646
9541
14948
8615
10245
17889
10836
8307
10772
9993
10769
17728
9557
9406
8829
8017
12477
7833
9965
9235
10037
15669
8545
12743
7656
7438
9039
8074
9311
8790
8662
7747
8195
7967
8477
7831
8056
8385
9575
8151
8813
9779
11641
15547
9605
8069
9105
8572
9489
9471
8620
8482
7798
7752
8373
8295
8366
8302
9298
9308
8149
9700
8874
11468
14214
12193
181279
8126
8377
7401
9162
7748
8328
8386
7948
9384
9358
9708
9664
12589
13315
7849
8912
7973
9339
8442
7991
8142
9214
9638
8649
16146
11066
8347
9728
8483
8840
7647
9331
8157
8251
8391
11254
8063
8526
9340
13218
14752
10847
9051
10355
8492
8810
8654
13151
11403
15369
9734
7630
8163
7832
9141
9267
14940
18492
9312
9446
8003
9010
9028
11692
10912
9908
7934
14561
11214
9441
11427
8421
7996
7797
8384
9168
9026
7563
9566
8156
9690
9266
14779
12614
7964
8832
8966
8548
9276
7869
8877
9452
7491
7715
9231
8785
8636
8360
8470
8923
7536
7948
7502
11923
10313
14155
10474
8328
9615
8844
9455
8177
11139
8192
7920
7814
9215
7552
8417
8225
8634
8984
10893
12165
16063
9702
8720
9280
7780
9171
8340
9559
9194
9156
9450
15456
10547
9118
8173
9313
8184
9482
8364
9037
9420
9030
9210
8821
10388
14728
10793
8355
8015
8777
7827
9275
8994
8239
7851
9401
7974
8133
8200
7900
8726
7625
15097
18187
8850
9476
8856
9025
8517
12271
7596
7799
8487
9488
10733
11328
9427
14592
10457
9449
8315
9225
8029
8120
8351
8356
8661
8417
9462
8964
9549
15947
9618
9661
7824
8986
8974
9292
7635
8489
8089
8440
8088
7675
8243
9507
7912
8921
8038
8578
8642
8764
11200
9810
15644
11425
7818
8841
9251
8899
7691
7580
7795
8410
8414
7362
9018
11177
7863
9431
7913
7842
8205
7758
8377
9150
8646
7758
9912
10524
14719
9820
8112
8169
10283
8640
8056
13643
7392
8573
7821
8355
8140
8435
7731
8394
8266
8547
9484
13095
13919
9175
7917
9464
8751
8030
8213
7653
9003
7589
8009
7971
7772
8075
8372
8904
7641
9143
8695
8307
8882
7755
7548
8317
7824
8010
9567
179206
9101
9093
8848
11951
14397
12610
7772
7911
7946
8061
8455
8338
8028
8569
8738
8906
8578
9457
8367
7989
8198
7773
8094
7953
19490
12239
9013
9514
8734
7640
8051
14805
9363
9499
15666
9874
9409
8560
10225
7836
7852
8670
8551
9246
7543
8590
8100
7887
8288
16882
14732
8858
7795
8434
7887
8051
12716
9000
7517
9307
7518
8451
8594
9367
9906
8416
15072
11610
9401
8135
8775
8636
8136
8867
7974
8134
7998
7645
9343
7472
8480
8123
8653
7640
9348
10863
13446
12569
8754
7856
7975
9961
9646
7935
8201
8372
8317
8040
9210
8936
7934
8775
7995
7818
8159
7892
8455
8035
8543
9181
8019
8818
9587
10683
15020
11025
9674
9274
8815
8510
9206
8175
7553
8793
8547
8601
7501
20657
10191
8937
10044
9961
8243
7962
11138
7657
8656
9646
8592
8666
10273
8415
18961
11022
7825
8707
8231
8020
7872
8361
8106
9326
7889
7795
7461
8241
7907
8654
9424
8376
10473
10242
14462
10701
8871
9723
9389
8349
8413
7443
8847
8051
9108
9334
7578
8841
7744
7620
8969
7872
9338
10424
9436
9631
15159
10530
9538
8435
8193
8478
9639
9542
8864
7913
14260
16015
9605
8238
9487
8320
7843
8652
9088
8226
8858
8073
8050
8294
8765
9008
7657
8093
8744
8418
7998
8755
7814
7572
8383
7557
8610
7992
7549
9302
8273
8387
8913
23282
9044
8444
9483
9498
8976
11336
13333
17230
8255
10011
8993
8710
9018
13491
14416
8487
7755
8662
9077
8005
14507
8416
8699
7890
8146
9650
9600
8450
10623
14729
9932
10237
8478
8710
9505
8026
7547
9081
7675
8157
7954
8218
8517
8299
8546
8607
7623
8766
9255
8574
7391
8688
8369
8262
9374
10764
16092
8832
8930
9271
9561
8213
8331
183688
9965
11077
15324
8834
10842
8683
9211
7857
8505
7828
7779
8979
8015
8376
9795
8533
8566
9723
8535
9338
8032
9001
7874
7762
9831
8726
15879
11203
9777
9567
7832
19499
14967
9335
9232
9215
9543
7906
17753
13871
10643
10201
8749
9311
7989
11244
7972
8928
9979
8399
9671
16924
12858
7794
9426
9884
10171
8520
8859
10026
15107
9768
8952
8508
9097
7674
8946
7803
7633
7961
13942
8616
7707
8605
10129
10806
15790
13828
8874
7712
8862
8076
8155
8146
8161
8012
7772
8174
8197
8417
7855
9348
9163
8410
10883
17774
9766
10061
9294
8179
7835
9000
9296
8552
8904
7986
9419
9400
9039
14534
15062
9045
8800
8728
8194
9297
8524
9412
8702
9912
12957
13206
8264
8608
8152
7812
10958
9173
7667
8620
7890
8861
8893
7440
9008
7299
7696
8042
8455
7685
8359
8579
7346
7845
7810
8917
7648
7978
11928
8269
8372
7856
8002
8450
8169
7976
8194
8439
9537
12561
15487
9235
9430
7939
8214
9174
8826
10384
7897
8310
9143
8411
7786
8393
8338
7983
8236
7688
8033
8073
7631
8693
8569
9205
9299
9351
15718
9251
9938
7933
9437
8185
8804
9015
8461
7569
8698
8087
8112
7889
7950
8112
8051
8355
8466
9409
8862
9134
7552
7850
8319
7804
8079
9192
8579
7702
8050
7959
8941
7813
8305
7655
8467
11691
18128
9648
11974
8973
8817
8364
8964
10487
8230
9588
21303
8617
8685
8117
9117
8492
8935
15666
13972
7656
9246
8544
9110
8197
14215
8769
7981
8593
8662
11063
15739
14446
8363
8678
8021
8403
7801
8165
8698
9171
7402
9035
7543
8050
8734
9072
10824
10861
13719
9544
8568
8514
9266
9518
8470
9139
8077
9240
9143
7791
7959
8076
7756
10186
19004
9380
9480
162202
9446
9558
8980
12198
15486
9521
9625
8594
9184
8777
7843
8580
8201
7814
8995
9180
7934
8018
8050
8104
8272
8447
8481
7779
7631
9019
9656
8216
8817
8164
7579
8544
8416
8962
7579
7682
8122
8337
7995
7590
8724
9211
9097
9537
9029
10952
15030
9666
8620
9427
8697
7719
9153
7587
7645
9570
7951
8925
8123
9933
7780
8420
7936
8780
8682
7892
8623
7594
8626
8594
7435
7979
7876
8194
8803
8176
8717
8045
10146
14841
12682
9637
8307
9130
8165
8682
8292
8325
7656
9130
9348
8176
12516
9430
13748
14929
8194
9345
7901
18727
13431
9193
9265
10651
8948
7668
9864
7351
8568
8585
8509
8672
7897
9287
8702
9317
10169
16629
9707
8406
9070
8358
8234
10025
15382
11074
13620
8859
10021
7979
9200
16212
9543
18134
9811
10294
7997
8193
13740
14035
12774
9353
8782
8074
8584
9824
9178
7602
8659
8951
8091
7774
8667
7527
7755
8377
8410
8616
8622
9363
9220
7920
8451
9524
10540
15550
9220
9679
9116
9418
9227
8185
8759
8883
8447
7427
8165
7721
9415
8625
7809
8173
7436
8835
7686
8966
9805
20180
9977
8825
9446
7743
7856
9828
8364
8744
8008
9011
8662
9760
19013
9105
8728
9158
9127
10728
8702
9225
9195
11251
14108
10230
8442
8987
8621
8767
8558
8675
8536
9422
8405
8475
7442
14860
12348
13317
8327
8733
8738
8372
13414
7715
9169
7697
8258
8253
8849
11309
15569
10369
10083
8223
8611
7866
7994
9016
8995
9297
15319
18712
9001
16203
15895
11261
9138
8784
8934
8234
17280
15676
11288
8428
9533
9028
8625
17428
13489
9841
8177
9199
8169
8630
11515
8849
9140
9611
11189
17515
11610
17073
14839
11308
9720
9125
7930
7753
8492
8216
8937
8738
8706
139664
24466
8053
7671
8482
9408
8645
8923
22392
7943
7735
9561
8032
8981
9057
16334
15937
9962
8430
9022
9114
9275
8477
14587
13412
17280
9430
8670
8189
8805
9538
7497
23838
7941
7763
9640
9091
8839
7633
14886
11331
14898
9467
8900
8399
7977
9958
8038
7795
8943
8173
9030
7422
7742
8714
9136
9300
16389
13753
8323
9651
7852
8215
8733
10915
7653
8390
7826
10384
11625
18923
10743
10827
8367
9697
7670
8487
10251
8353
10534
13799
11461
9468
8143
9386
8814
7818
7720
11637
8451
8782
7856
9082
9721
9910
11895
14210
9962
8616
8738
9085
8013
8901
7588
8683
7574
8389
8167
7574
7935
8865
7912
8989
10250
9296
8683
10660
13553
12061
10376
10927
7725
8756
7748
8988
7893
9107
8245
8379
8074
8917
9994
9051
19036
10386
8058
8937
9652
8374
8194
8221
8468
8474
7607
7835
9005
8618
8145
7825
16823
13235
8454
11895
8707
7638
7555
14345
8184
7991
9602
14292
13317
8623
16312
9147
9565
15369
10773
9579
8396
9206
8162
8384
8564
8092
8584
8119
8034
9262
8958
7782
17610
15798
8888
8506
9524
8417
8923
19414
12467
9178
8585
9067
9552
8984
14981
15536
9278
8920
8220
8633
9382
14059
7748
8316
8645
10243
15832
11072
14517
8256
8812
9261
8342
7776
9301
9906
18994
7735
10301
9012
9209
9584
11044
10831
14297
10455
8795
7746
8659
8978
8653
8371
7632
15656
16251
9637
8377
9033
8899
8394
8396
9687
7821
8471
8228
7917
8851
7733
7887
7575
7628
9120
8773
8892
8516
8117
8676
8273
8215
8338
9133
7872
8216
7662
14871
15335
8402
7991
8839
7939
9518
8138
8234
8508
9077
10342
8736
7951
8715
9982
7713
7955
8808
11430
15040
11163
8343
7816
10240
8938
9140
118545
16223
14662
9916
9540
8208
7864
7975
10089
7753
8506
9459
10043
10365
15630
8175
9081
8268
10599
8610
8387
8715
8289
9594
8452
8299
7495
8144
7793
15856
18237
11022
20324
11612
9601
9200
8930
7940
7963
16632
9845
15548
9848
10063
8631
8617
10414
7897
8710
9158
8173
9122
9144
7709
8353
11040
11767
14758
8253
8594
8841
9351
8563
8231
10523
8134
7421
9064
8717
9195
7579
8813
10114
8873
13068
16184
9354
9327
7908
7937
7802
8001
7866
8717
8297
9189
8646
7794
8846
9890
11364
15799
9640
9825
8403
8981
8997
8512
9147
8769
9013
7767
7569
7850
8490
8652
9045
9899
9363
15329
12630
9484
7951
12503
9606
9237
12738
14794
13890
8671
8238
7584
8233
9164
7915
8143
8020
7735
8733
8044
9503
7802
8172
10739
10534
19367
8976
9438
8997
7938
8998
8535
9452
8414
8325
8357
8493
11117
14964
12131
8205
7556
8165
8568
9143
7730
10974
7728
8433
7912
8614
9034
8303
8356
7840
8805
10301
10964
14892
10719
10012
9187
8095
8435
9143
8603
9124
8476
9256
7809
9361
10593
14980
9951
9569
8957
8415
8348
7828
9576
8393
8590
9082
8508
7924
9269
8031
8558
7872
7664
8991
8771
9797
9677
9577
18817
9272
8425
9426
8512
7762
8700
8123
8055
8748
8887
13607
16172
8863
8526
9267
9241
9222
11697
8353
8363
8142
8040
7984
7801
8028
8969
7826
8330
8691
8305
10010
11456
13726
8907
10893
8744
8707
8150
9790
9118
7497
8358
8492
7776
8808
7508
16991
13490
11669
7922
8887
8826
8160
8872
9198
10258
9006
13317
17178
11540
13722
10481
14620
11133
15753
9144
8817
15458
10783
8678
8505
9661
9511
8706
14351
10602
14200
11859
9010
7940
8826
10152
8433
10420
8267
8103
113125
8574
7945
7946
8810
8170
8456
8394
9161
9854
10518
15491
10450
7743
9427
8233
11376
10597
10297
8051
8018
8990
8694
8416
8879
8267
9014
8436
8251
14917
12029
12328
9179
8501
9319
8096
13516
8741
7396
8486
8455
9834
10564
7544
12492
12710
10795
9164
9050
8945
8938
8956
7769
8489
7769
7771
8665
8366
9084
8949
7562
9533
10102
9931
18453
8988
8301
9014
8615
8437
9396
8227
8239
8614
8585
9882
10394
15805
10063
7914
11436
8710
9168
9308
7690
8882
8520
7591
7716
8472
8518
8176
8509
8112
8306
7911
7661
8451
7888
8466
8394
7431
8236
8534
8591
10405
8518
16815
9570
7983
9013
9994
9815
7384
16256
9663
12856
12640
7724
7767
8656
10600
7908
8035
8593
9179
8698
8739
8122
7852
8570
7808
9557
8297
7533
8595
8354
7892
8005
8052
9191
8492
8276
9645
18959
9891
9415
8240
8594
9469
9000
10271
9806
15636
9143
7919
10335
8562
8775
7558
9333
8260
7634
8283
8340
8358
7776
7831
8472
8045
8152
8576
7728
8327
11613
7938
8656
9558
11753
15897
8138
12029
7989
7887
8861
7621
8594
7609
8168
8129
8271
7968
7926
8203
8938
8665
8220
7981
8752
7909
8234
7956
8728
8484
8352
8876
8186
16908
13278
8321
8066
9656
7796
9235
13536
9174
9925
12599
16497
9461
8397
14183
9211
14099
7897
11666
8254
7832
13910
7754
7521
7733
7976
8645
8178
9377
8810
7663
8644
7599
8454
10689
8575
10181
13273
13615
7789
8381
8422
8373
9097
7903
8000
7702
8810
9297
9135
9167
7805
8726
9092
8072
8492
8127
7973
7857
8214
7921
8282
8712
8807
9952
15668
12544
8800
8580
9292
8064
9083
7730
9651
7963
7571
8754
7584
8175
7250
8857
8205
8164
7853
8303
195273
12488
9064
7562
9138
9289
7810
7943
7954
9197
9687
9579
17753
8641
9418
8070
8311
13761
14651
7360
7630
8189
7953
8333
7851
7920
8465
8443
9343
19820
11476
9433
8945
9138
7791
7933
15396
15985
11442
10220
8250
9236
8333
10164
10223
8190
8920
10770
18365
9753
18726
14051
8651
8087
8586
10802
7612
9245
8780
8590
8148
8039
7726
8030
8157
8475
8587
7586
7615
9093
9018
8546
8128
8213
8303
8010
8830
8823
8447
10446
9350
9904
16051
9677
9128
9071
8097
7528
8438
9024
9400
8310
8903
9391
7660
8693
8059
9205
11176
18714
8686
9035
8872
8887
8671
8418
8514
9021
9670
7862
8493
8393
7945
7947
7768
7638
8553
7856
8989
8487
9532
14138
15353
8922
9414
8065
8284
9018
11867
8067
8123
9095
9841
15669
9643
8832
8615
9383
7995
12412
8676
7350
7721
7551
8797
8427
15756
14755
10092
8978
8164
9048
7772
14760
10845
12600
12180
9551
8427
8499
13358
8404
8321
9175
10110
8974
18050
16317
8805
8026
8252
8893
12205
15537
9991
7977
8107
8322
7931
8609
9198
9288
9037
8049
8953
9226
8612
8203
10246
10425
10302
14266
9018
8940
9267
8712
9618
8166
8393
7951
8966
8652
7643
8797
8787
9219
8209
8599
10117
9218
7631
15750
9953
9607
9764
8946
9825
9207
8716
9257
8358
8373
7817
13315
7565
18783
9425
9680
8579
8050
12619
14599
12368
8907
11596
10046
10906
11419
15652
9417
9176
7743
10768
8412
11813
11025
8646
11179
14774
12187
9353
9821
8207
7989
8558
8453
8422
7532
8202
9007
8316
7632
9015
7723
9179
7671
7807
7517
9149
8441
7653
7597
8588
16195
13114
8871
9354
9459
9363
8451
9112
7426
9148
7633
9504
7579
7459
8071
8461
8147
7589
8948
143036
15303
8765
8852
7769
9524
8068
8782
9987
7840
8615
7850
9388
8837
7674
8950
8995
14103
14485
8729
7660
9168
8810
10431
9861
9158
14517
9856
10836
11015
8957
7389
9082
8808
8447
9103
12652
15599
10022
9422
9430
8607
9183
12982
9628
14438
11387
9963
9353
9377
9372
8631
7530
8779
8174
8476
8796
9035
10221
9539
12373
15181
9097
9604
9971
8398
8002
8254
9323
9012
7987
10757
14716
9897
7814
9791
7579
8977
9379
9125
8694
7910
8310
9193
8254
8695
8824
7579
7919
8574
8150
9338
11038
15569
9600
9678
9540
7912
8590
9018
8568
7994
8103
8132
9587
8014
8489
8181
7947
8407
7611
8882
9287
7384
7538
7497
8162
8991
8470
8421
7441
14583
15370
8728
9189
9907
8132
8364
10299
7828
8326
9386
8676
9179
9035
9005
14133
16096
8678
11641
7851
8693
8733
10000
10487
15724
14640
8974
7515
8556
8701
7669
8348
18456
12732
9389
7812
9438
8531
8951
12933
9061
10128
14159
12455
8730
8235
9575
9379
10492
8342
16885
12943
8579
8707
9304
8667
8763
9080
11047
15569
13278
7554
8334
7804
7687
8696
9213
7766
9168
8443
8471
7663
9987
7697
9975
10804
14784
11530
9434
10012
8571
8587
9261
7713
8378
7980
8407
8327
8579
9158
8513
8511
11190
16302
9531
8225
9802
7625
7768
8190
9237
9031
8774
8172
7978
8225
7564
9169
9169
7980
8056
8487
7814
9655
7775
8155
8420
8400
7719
8855
8441
7816
8313
8119
8140
8290
8069
7777
8209
8189
8917
9017
9412
15418
11075
11679
7903
7862
8790
9117
8797
8183
13400
20769
9214
8420
8704
7861
9247
20277
12088
8778
7745
9358
8294
9313
16090
9661
15020
10985
7694
9239
8843
12389
8062
7414
8021
8393
8390
9630
7815
126584
13498
7935
7784
8194
9483
9598
8579
8585
8113
8463
9738
10042
9398
14809
10400
9080
12087
16583
8153
8252
8358
10328
9047
10188
7872
14251
10549
8004
10700
9272
8131
8640
9954
8707
9182
21379
8333
8592
9420
8605
8548
9445
14863
18830
10279
9056
7785
10128
8179
13351
9987
16175
9168
7697
8003
8108
14215
8287
8444
9664
9631
9810
15102
13276
9728
8641
7621
8646
8083
7954
9351
8476
7912
8011
8193
9214
8778
8831
10148
9841
9261
15633
9841
7753
9316
8728
8269
7588
8309
7882
7764
9400
9220
8769
8789
8946
9240
8191
9200
12520
17069
10179
8755
9625
8995
8769
8855
7494
8256
7755
9422
10315
17590
9846
7745
9870
7731
9018
7753
8690
9260
7393
9583
9564
7989
8756
7709
7810
8400
8729
7589
9332
8615
7675
9774
7337
10021
10969
15266
9788
7792
11615
7841
8936
7948
9347
8630
7945
8303
8555
8338
8164
17104
13658
9271
7993
8030
9415
8317
15283
11045
18115
10720
10861
9059
7718
14253
14200
8803
8890
10102
9618
8607
12512
8332
8275
9035
7997
10656
16636
13115
9183
7409
8330
7693
8314
7773
8084
8738
7499
8586
7959
8023
7615
8336
9077
7688
7989
7888
8609
8000
7985
9424
7732
8383
7905
9266
7638
8226
8143
8470
8015
7840
8234
7510
8664
7547
8126
9271
9020
9345
10472
9525
15691
8815
9023
9993
11001
8383
7753
7813
8190
8506
8815
7852
8143
7581
8210
8138
9001
8877
8153
10078
8588
9504
9468
19017
9262
11233
9568
8143
8825
7833
8860
9167
10100
14496
11399
8880
9631
8776
7597
11436
8658
7448
9219
7695
9476
8806
8400
10496
14539
12456
8220
8463
8241
8717
7969
8676
8485
9056
8829
8496
8801
8074
7424
8742
7757
8615
9218
7664
155431
8021
8740
8623
7748
10874
13071
15555
8700
8245
8301
8676
8640
8489
8395
10523
9075
13448
10183
8339
9516
9410
9022
8784
7689
7606
8146
8943
8455
13766
8952
13608
14999
8912
9671
8955
9761
8005
7483
8237
8384
7983
8783
7687
8321
7614
8588
7738
9175
10105
10578
15221
10005
9455
8568
7811
7932
8206
8862
8627
7933
9301
8461
7691
10728
8366
8608
8319
8457
8261
7944
10202
8646
8961
15532
13015
8333
7820
12574
9139
7976
8502
10398
15365
9712
12340
7717
8397
8747
7991
7943
9447
8183
9138
7572
7779
8380
8279
8810
8689
9232
8805
9274
10021
17312
11060
9217
8764
9138
7772
8998
9010
9174
9522
22248
8056
7866
8005
9117
8584
8344
10227
7573
7800
7593
9292
8096
8030
10078
7675
8491
7908
7853
8412
7760
8940
7555
9087
8137
8506
7810
8490
9129
10731
15776
10037
9348
7983
9096
8139
9325
8246
7591
8710
8421
8599
9035
8280
8571
7553
9206
7902
8677
8861
9757
8855
9846
17994
8946
7661
7903
9117
9030
9300
7933
8101
8415
8223
8473
8486
8635
7923
8399
7564
8636
8391
7863
9076
7815
17299
15610
8394
11964
8348
8666
7446
14766
14790
9386
8384
8518
8815
7963
11196
8002
9164
8394
8816
8664
7948
8919
8035
7852
8143
17974
12115
9435
8579
9237
8205
8069
10483
9076
8462
9185
9640
10660
16378
10097
8902
7833
9361
7833
7965
9297
8973
8597
7951
8544
8174
8744
7796
8443
8754
8264
8317
8378
8768
7713
8578
8598
7487
9328
9401
9257
18187
12132
9184
7788
8274
7910
8645
8076
10255
8799
8206
7717
9208
7816
8835
8344
9900
13110
12529
8932
8264
9527
8511
8348
8082
9370
9117
8378
9039
7907
7753
8573
8213
8064
7736
8204
7764
187703
13872
10645
8913
8047
8578
7931
8053
8329
8520
7469
8015
8081
7820
8635
7946
16234
15166
10137
8305
9268
8525
8089
9379
8810
9282
8138
8407
10325
7817
9631
7861
9379
10655
15164
9863
8511
9458
7665
8584
8143
8807
9565
8573
7993
7430
9038
9240
8170
8461
8636
7816
8205
8679
8820
9298
8956
9541
9517
14605
10170
8943
7674
9308
7992
7810
8952
9592
8504
9018
8820
12535
10982
17903
11430
7792
9374
8564
13110
9522
15593
9343
7830
8235
9579
11033
9066
7741
7911
8688
8092
8577
10053
7877
7418
8661
8043
8038
7687
8454
11056
10356
15860
10609
8525
8238
8789
9156
7683
9160
8593
7954
9055
7448
9041
7758
8774
9198
13989
15733
7835
8955
10065
7816
9431
12038
8372
8569
9369
7912
8101
11386
9852
17153
10123
7578
8815
9153
8645
9310
8256
7965
9142
7914
7929
7573
8644
8907
9320
7953
8393
10712
15633
10055
9092
7993
11337
8737
8605
9013
7994
8117
8378
8408
9472
10210
9618
14756
10449
8206
9975
7953
8243
8876
9384
7714
7527
9204
8033
8094
8353
8371
8825
7837
7545
7998
8138
8831
8455
8714
8495
8248
7593
8225
7989
8520
14500
15707
9427
7851
8813
8802
8176
9760
7784
8059
9476
9399
7559
7417
9292
8213
8107
8533
17492
13700
7899
9352
8302
8702
7897
11247
8675
7603
7607
7938
8229
8451
9005
7511
7504
9265
8850
8571
10007
14594
12024
9121
7858
8764
8697
8220
9036
8161
7785
9661
7953
8415
8470
9410
8354
8100
8715
9318
8153
7710
8396
7966
7776
9133
8118
8172
8502
9575
8997
18026
12088
8009
7963
9310
8965
9427
8425
10263
8770
11662
14506
8425
9737
7953
7643
7956
9012
8685
10815
8750
9044
7902
8471
8102
9267
7928
186277
14236
8678
9195
8255
8841
7784
9022
8517
8466
7938
9044
8856
9374
8784
8743
8837
8318
10544
15707
10723
8433
12256
8897
9095
9452
9138
9552
11164
14510
10242
8230
9585
9243
9613
8976
8946
7755
7934
8600
7975
8256
8333
9035
8220
7692
8215
8908
8746
7858
9709
8764
10382
15725
9243
10158
9834
8321
8615
7861
8938
8030
8965
8637
9405
8369
7420
8506
7912
8375
7966
22068
10285
8337
9581
8630
9701
8290
16929
13064
7912
7988
8607
10112
8425
10820
8907
8531
7809
8356
9451
8100
8512
10073
8898
10969
16104
8528
8360
9370
7991
7657
9362
8272
8738
8570
8683
7778
8170
8594
7979
8870
8617
7970
8811
8210
9451
8317
17010
13082
9883
9275
8109
8814
7999
14457
10828
17232
10743
9228
8205
8214
16025
13847
8749
7792
11573
8579
9422
9010
9045
7973
8873
9134
7687
9397
7994
7822
8525
8403
7794
8148
7779
9612
9197
8787
16021
11446
9689
8919
8210
8376
8184
8540
8206
9389
8825
8219
8146
8185
8401
7657
9119
7560
8802
8983
7822
8193
10087
9948
15482
13138
7955
8874
10430
8000
9473
8879
12791
10411
17046
10207
8768
8466
9723
13793
15216
10238
10354
9046
8321
9323
12920
10892
15323
9765
8581
9520
8747
12507
8347
7629
7781
13372
15498
11247
10044
9124
7606
9300
9165
7923
9167
8928
9919
18517
11203
9192
9671
8923
7830
10906
8828
9185
11070
14543
8169
7560
10221
7910
9284
7865
9113
9318
7622
9561
7792
8661
9966
8026
8842
8313
14641
13215
9215
9972
9154
7960
7977
8454
9070
8659
7586
9478
10208
8339
8424
8241
8415
7907
8031
7942
7764
8375
7855
8189
8698
8394
8166
8343
8621
8651
11113
15354
9674
9512
8264
8919
8855
7734
8617
9356
137461
8056
8053
7605
8640
8461
7671
7786
8482
7712
8410
9035
9079
8018
9061
8456
10957
9883
8752
8520
18272
10733
13761
9398
9141
7772
9496
18803
12812
9780
8412
8371
8305
8240
8080
9244
7796
7736
7230
7789
8324
9414
7873
7718
10206
10817
10678
13840
8717
8245
8497
7933
8364
9536
8194
8753
9184
9917
8328
8409
8434
8015
7973
9170
8457
8312
8179
7655
8580
8437
8191
11106
10183
15702
9844
9564
8414
8998
8560
8386
8469
8970
9098
9215
13548
14663
9014
8297
10651
10158
7810
9295
7328
8246
7451
9081
8053
7970
7713
8468
13212
8446
9972
11886
17351
7688
8362
8171
8498
9124
7970
10655
11093
10418
15294
8341
9229
9214
10639
7952
8349
8794
7543
7822
8320
15985
10204
15725
9754
8741
8704
9615
11942
10446
9328
9347
15485
7934
8384
14744
9068
8651
8815
7712
7664
9264
9310
9569
17622
9027
7910
9026
8800
8666
9315
8005
7826
9069
9334
7538
10353
8776
10092
15763
10259
9478
7553
8651
8367
8186
7985
7612
8629
8404
7922
8191
8612
9058
8153
9026
7907
9753
7882
8388
7810
7686
9307
7799
8175
7691
7923
8132
7719
9059
7926
7677
9135
7565
8191
9328
8511
10215
9117
9999
15184
9808
9665
8818
9016
7868
9283
7976
10137
9337
7651
8191
7550
7558
8548
8579
8783
10580
10874
14914
11185
8456
8525
9068
8032
8404
8574
8656
8939
7612
9202
7920
8214
8133
7808
8417
8181
9358
9692
10965
13562
14933
9185
8762
7991
7844
8025
8889
9523
9157
9542
10886
14965
13069
7841
9524
8767
7820
7841
8784
8235
7912
8272
9312
8992
9137
8920
7682
8532
8741
9106
9754
16800
11371
8032
8513
8251
8340
9099
7584
7348
8209
7931
23458
12740
15894
7942
12169
162367
17514
10927
8306
8772
8071
9439
8985
9051
8353
8762
23394
10897
9498
15108
8688
8253
8074
8438
8403
7749
8689
7732
9568
9176
10461
15130
10061
8487
7639
10148
8358
9637
8210
8713
8026
8887
8623
7535
8363
7964
8386
8772
7672
7600
8791
8605
9159
12312
15660
11927
8371
9048
8643
8600
7833
8188
8461
9189
8816
8666
9256
8384
8455
8774
10010
9674
16324
9262
8782
7585
9136
9287
8466
7917
7806
9052
7508
7748
8355
7812
8371
8265
7924
9137
8498
18175
16022
10774
8073
7847
9361
7618
19426
12010
8300
8143
8634
9202
8015
13696
8217
8555
8320
8256
10056
8656
10117
16071
9449
8221
8147
10497
7711
7924
8492
8735
8854
10651
7689
8554
8916
8150
8887
7740
7611
8077
7787
8511
8672
7972
10243
10842
16006
9013
9865
8876
8122
9024
8737
8091
8506
9781
9154
8794
8497
7641
8103
8193
8187
9804
9280
10161
18746
9903
9018
8115
8957
9212
10107
11318
15446
8133
9766
7897
8776
8764
10246
8782
7759
8980
7615
8928
7508
7403
8613
9871
8502
8160
9975
9035
10323
14499
9572
8748
8213
9202
8898
7953
9022
7790
9760
8705
9341
8163
8464
8718
7942
7735
7677
9496
7990
8448
7955
8246
8150
8032
8536
7829
8343
7842
8347
7973
8083
8691
8427
7692
9917
15220
11287
12010
8430
8897
7753
9470
7663
7697
7792
7640
8577
7558
8554
8227
7613
29679
8046
8013
8551
9123
9117
10495
10179
10187
20113
8753
7651
8398
8025
10071
9107
8418
8575
7799
9182
8051
7666
11089
9795
15334
10603
8208
9123
9150
8241
8738
8238
8536
10092
8766
8706
8574
9316
10436
9560
15626
9280
9867
7916
8117
8186
7938
7987
8235
7714
8785
9377
8418
8429
8763
7782
8483
7830
181324
7971
8196
8025
8834
8151
7894
7620
7933
8846
7964
8327
10805
18479
9059
8733
9584
9198
8558
8294
9523
9846
9094
15360
10010
8962
7896
8908
9586
8092
8492
8630
7804
8715
9194
8183
8312
8025
7602
7683
8771
8151
7802
8370
7963
8513
7898
7863
9068
7613
8568
8979
8177
8637
7867
9241
11083
12931
13739
8993
9367
9369
9326
8987
7436
8326
7353
9208
8753
9333
7724
7868
8192
7543
7923
7620
10747
9624
14200
12771
8068
9626
8710
8265
8577
7789
16019
9571
18025
7969
11507
9269
7522
19987
10598
9407
9371
8390
9094
7749
15345
10827
15585
10970
9478
8969
8153
9353
8713
8753
9407
8193
7769
8195
8414
8295
8518
8773
20760
9456
8482
8509
7785
9135
7811
10319
7969
8410
8730
7662
8201
9219
8616
7901
8214
8415
8023
8605
10382
10660
17450
8693
9487
7682
9144
8869
8246
7953
8609
8410
8525
8857
8272
8513
7760
7384
8815
7548
8389
8030
9713
7607
8417
8358
10047
9668
13314
19056
8131
7769
7802
8396
9075
8028
7733
9084
8605
7781
8837
7673
9136
8038
18240
9621
10987
7897
8949
7992
8137
8495
7551
8358
9038
8338
8966
8775
7943
8247
9088
7847
13005
10334
15265
8926
8446
7987
8262
15354
8284
8169
7813
8723
7786
8518
8364
7572
8268
9257
10694
12934
13646
9415
9015
8646
8762
9061
7801
8620
7635
8996
8024
8717
8029
7759
15692
18947
8343
9031
8751
8409
8102
8362
9587
8628
7957
8124
8891
7943
8372
9091
10251
11981
14179
9987
8759
9466
9281
8661
8414
8910
9098
8911
10052
17455
9737
9176
8525
8948
10243
7899
7687
8109
8577
8157
9639
7829
7835
7946
8421
8222
8418
8295
7829
8829
8434
17340
13002
8862
8356
9992
7953
8134
183649
7912
8421
7617
9622
11461
13717
12020
9142
9507
8102
8398
8388
9655
8340
8801
7572
8915
8425
7708
8670
7687
8313
7849
7885
9392
7571
9041
8176
7961
7651
7551
8251
9282
9020
9035
10488
17327
8101
8257
10230
8331
9174
8405
9397
8216
8451
7989
8431
8212
9465
8527
9317
9931
15184
13619
7971
10938
9177
8786
9243
7575
8854
7891
9029
9842
9638
15734
11410
8922
8899
8172
8036
7912
8509
9451
8757
7552
7948
9117
8102
7917
8983
7527
8421
7549
17260
15971
9964
9820
8707
8796
7717
19919
11030
9158
7707
8707
9423
8528
16002
8189
10989
14963
12794
9044
7802
12920
8971
11103
15997
10674
8052
8774
9861
8598
9005
7758
7855
8393
8944
8393
7508
7910
8339
16953
17584
8595
9580
9480
8425
8123
25594
9138
8142
8099
9339
8568
8769
21628
10219
8770
9076
8150
7772
8703
13615
8602
9086
8756
9718
15146
10829
13730
7712
8515
8625
8224
7554
9010
8228
8158
8138
9631
7585
7663
7972
8371
11548
18187
12807
8338
9736
9007
8012
9701
10132
9553
15783
9298
8077
8604
9194
8671
7786
8212
9613
8974
7651
8335
7765
8155
7722
8845
9087
8374
8701
8167
8215
7770
8114
8358
7483
8334
7981
8089
8443
8712
9128
8766
7593
7576
8379
8573
8756
9507
9317
13479
11987
10010
8433
9331
9479
8525
16420
14354
11420
8203
9396
8794
8187
10328
9749
7652
7879
8870
8607
7440
9217
8368
10235
9243
18215
8193
8851
8682
8276
8530
8215
8550
9197
8601
8174
7556
8878
7733
9078
8544
8238
8359
9358
8551
10201
10560
17801
8940
7994
12561
8974
8039
8552
9876
10574
15023
11698
9340
9573
8587
8134
8112
7753
9223
8434
9099
8865
8106
8059
10616
15665
11974
9114
8130
131328
12682
7885
8125
8107
8867
8140
7996
8259
9242
7772
8356
8758
8473
8343
8192
8134
9052
8764
9061
8793
9618
8168
9237
9373
11215
14630
9676
9329
9478
8006
7621
8687
8105
8169
9555
8722
7592
8707
9073
8022
8929
7535
9041
9093
7863
8082
8788
7994
8318
8203
9477
8409
8990
15861
11218
9015
12292
9034
8153
8948
9000
9999
9733
18054
9262
7794
7929
11471
8718
9388
8175
7806
7592
8988
9191
8086
8394
8978
10938
17943
10625
8011
9262
8471
8492
9397
8034
7787
8018
8708
7937
8660
7569
8472
8164
10169
13133
14317
10400
11146
8115
8513
8411
8493
8275
7357
8171
9122
7892
9301
7921
8172
8686
8092
7620
8995
7594
8102
7708
8635
9906
9153
10452
15440
11519
8200
7576
8230
8208
8413
9491
10119
7897
7902
8635
8120
8194
9195
8702
7825
7618
9364
7576
8767
7707
7783
8555
8814
10053
11770
14081
8792
8993
9101
8837
8512
9300
8449
7590
8733
8415
8662
8312
7651
8996
8533
7461
17155
16197
10087
8888
8020
9489
7968
21907
9613
9000
7960
10296
7830
8354
10036
8678
8598
8112
7608
9132
8140
8215
7597
8463
9166
17039
14198
8194
10562
9496
8251
9032
17774
14497
7956
10028
8060
9661
8975
15863
12784
14736
9324
9037
8770
8648
15305
15778
7832
8732
8230
7835
8325
13594
8366
8021
8312
8354
8073
7871
7889
8406
7699
9336
9527
9201
9962
8882
15933
8354
10038
9103
7990
8464
8374
8068
7693
8379
7580
8564
8689
8004
9029
8591
8365
8441
9423
7594
8008
8649
8446
8051
9969
9228
9169
13588
13856
9795
7814
8403
9675
9194
8234
8522
8218
7629
7810
8376
8467
7892
7847
8199
8211
7991
8251
8694
8784
9215
7594
7577
8247
9189
7619
7443
196343
8421
8401
7735
8013
8635
8253
8066
8075
9937
8102
7601
7765
9015
7574
8500
7827
10508
9605
7951
9818
8159
9464
8903
10130
10142
15068
9197
8489
10241
8582
7605
11106
8348
8193
8192
8887
9205
7955
8050
8957
9974
8381
10665
15011
9222
8685
10302
9547
8918
8011
8364
7575
8795
7820
7789
8364
10764
7638
8368
9244
8735
9198
8423
9446
16191
10606
9411
8389
9700
8577
7971
8109
8616
8508
8594
8992
7974
8589
8348
7722
9035
9841
9277
9799
18428
10005
9010
9184
9760
8507
8276
7623
8590
7400
8383
12020
14797
11434
9487
9337
9084
9552
7573
12097
10538
12185
8216
14711
8856
8106
12189
9041
8897
7647
8743
7943
9548
8000
8009
8953
7619
7954
8211
9880
8997
8996
11332
14169
10477
8537
9179
9286
7912
7362
8530
7761
8738
8821
9341
8033
8533
8192
7737
8550
8294
8859
7810
7539
8783
9381
8099
9800
13629
15904
8656
10420
8602
9292
7528
14061
11392
12854
9242
8219
7958
7792
8748
7727
7953
9087
8887
8528
7792
7332
8758
8193
8459
9220
8526
7773
8045
9768
8219
8479
8586
7710
8532
8726
9728
10530
14231
12872
8152
9836
8490
7915
7793
8104
7956
10061
8402
8498
8993
7738
8852
8411
7572
8824
8307
7698
8232
8834
8730
7593
9019
9196
11051
11102
14460
9995
9272
8013
8444
8781
7595
8265
8353
8627
8852
7401
9216
8606
9014
32077
11059
16507
8831
8771
7814
10015
8410
8093
8619
7853
7872
9336
8407
8303
9243
9835
9980
13382
12296
8099
9425
9748
9256
8684
8841
8369
8250
7650
8174
8516
7462
9386
7895
8255
9062
7748
8377
7414
9182
7818
7758
8299
8674
8999
9508
10793
15868
9603
8216
8140
8586
8538
8973
10811
10362
8271
8923
192220
8624
8596
7673
8931
8692
9818
7698
8052
16487
14919
9807
8632
10234
9117
8707
13476
9906
9107
8940
9194
8311
8764
9058
9163
8271
9733
9728
15969
14915
8565
7423
7892
9298
8821
7620
8950
8825
8595
7916
7867
8126
8345
7469
8203
7851
8435
9021
7588
9057
18270
11189
9184
9102
9335
8548
8742
11043
7841
7781
11294
11385
15651
10332
12512
8616
7837
7531
7591
7634
8528
7640
8797
8168
8087
7783
9087
7694
7947
7887
7969
8524
8576
8792
8412
8173
9348
7511
7599
9125
16142
15148
9812
9562
8412
9603
7810
17302
12815
8717
9455
8464
8786
8772
15587
9979
11667
8819
12548
8158
7982
14070
7985
7573
8156
7811
9010
8302
9363
8370
7785
8549
8277
7727
12512
13446
13031
8286
9489
7784
8464
7969
9217
7800
7438
9484
8001
8075
9246
8373
9140
8717
9139
8019
7874
9266
9397
8503
9042
9447
18786
9065
8717
10624
9306
7715
10246
8732
8789
9850
18423
8734
7483
8712
9365
8389
9309
7456
8910
8009
8875
8234
9413
7505
8246
8789
7839
8969
7692
7831
8124
8108
7842
7493
8796
7572
7468
8158
8776
7610
8005
7750
8442
8819
7561
8735
9047
8575
8641
9363
9123
10146
15138
9882
8615
9237
8800
9586
8108
7749
8040
8220
8248
8121
8614
9261
7926
8423
7764
8166
9158
7842
7602
8660
9140
7662
8644
8219
19092
10974
8822
8420
8396
8872
34225
9305
9369
10512
17787
11174
9569
9963
8036
7892
8808
8603
8027
7659
9473
11413
15304
9230
9656
9636
8413
9886
9336
8044
7639
8766
7873
8761
9608
8448
8463
7749
7725
7912
8908
10142
9281
10035
14986
9697
7912
8548
9361
8756
9185
8309
8825
8042
8010
8527
8595
8776
8714
8962
8002
9195
7679
8207
197743
8088
9116
8095
7871
7597
7780
8907
8425
13793
13731
10964
9612
9440
8976
8574
9893
12734
10046
7839
8911
9182
7615
8024
10402
7979
8743
9954
10428
15187
10171
8169
9473
10117
8086
9359
9139
8393
7726
7909
7508
7800
8184
8573
8159
8459
8379
8983
8593
10141
18974
9526
7432
8417
8719
9233
7791
8725
8924
8774
9071
9652
8589
9148
7425
8600
9577
10299
15008
11388
8538
8132
8887
8660
8350
8328
8133
7872
7454
12661
7601
7733
9431
8974
8631
8960
9482
8835
20579
10745
9418
9476
8967
8548
8815
10984
15385
15251
8283
8113
8079
7718
7979
8641
15720
15567
7977
9211
9418
8997
7809
13716
8051
8851
9558
8681
10898
15509
14123
8663
8744
9236
7840
9261
7545
8215
8444
8186
7632
8674
10105
18851
14166
8638
7851
7826
9201
7641
8747
7753
7826
7920
9000
8201
11117
13095
13745
7834
8349
8213
8824
9548
8829
8934
8915
7907
8403
8235
8618
10091
10605
15522
9186
8925
8625
8034
7953
10179
9649
8269
7997
14293
9523
9212
17014
9358
19914
8277
8415
9398
7850
10296
9020
7914
10535
8516
8138
8146
17847
15766
9218
8718
8686
9244
9963
9193
9207
7670
8709
8674
7633
9169
10189
9859
14653
10919
18420
12425
17291
15201
10406
8406
9102
8217
8133
7796
9174
7756
8688
7767
7489
8384
8749
17287
13772
9461
9218
7805
8487
9592
8138
9017
8743
7596
11959
8492
9182
10323
15870
7966
10845
9057
8107
8431
10254
9225
8354
9156
8465
8031
8352
8601
7606
7407
9610
9261
10182
15065
9501
9094
8917
9393
8480
8798
8622
8031
13316
8446
9414
10328
17677
10133
7497
9675
9041
7891
7943
8890
8433
7756
10428
9478
8624
10561
18151
8482
8758
9235
7846
7905
8629
15544
99358
12572
10262
9161
9062
7980
8109
7811
8384
7818
7982
8585
8124
7700
8624
12275
9717
11743
8960
7955
9591
8279
7716
8333
8486
9540
8377
8472
8798
7956
8022
7748
8756
9474
10605
11057
14924
8065
8513
9282
8281
9306
8805
9317
7866
8032
7928
11359
8000
9637
8103
8094
9353
8894
8049
7929
8816
7789
8554
7333
8872
9205
8992
7606
8430
7683
8037
8339
9355
8381
8522
8568
19379
10177
9018
8602
8445
9181
8440
14257
10128
19178
8251
7938
10899
8794
7692
8065
7854
8481
9356
8850
7819
7992
8933
8758
11025
21907
8852
8593
8737
8013
8148
8318
16666
14373
7750
8182
9594
7955
9435
14508
8266
8113
7787
8324
12633
15150
9598
9637
8180
8946
7758
8271
7930
8227
8776
8321
9617
8641
8766
8697
9095
7593
8123
7656
8564
8466
9466
7729
11282
11629
17274
8908
7865
7994
8464
8035
8107
7605
8625
8661
9215
9951
8646
8629
10214
10413
16130
8651
12602
8598
7735
7701
7887
8567
8215
8533
8669
7344
8717
8197
8835
8153
7209
7926
7410
7694
8432
7822
11310
7989
18307
11861
8784
8559
18853
10023
15188
11230
8417
8148
8873
8582
8586
7975
12812
9891
10038
11625
16061
8500
7602
11936
7754
8915
8450
8357
8764
7512
8893
11570
15866
10176
16033
10096
8442
11691
14455
9517
7820
9728
8641
8152
8682
8591
9196
9076
15723
14088
9443
9178
9180
9230
9428
16141
15764
9187
9482
8597
7987
7977
12651
9058
11520
8317
8807
9680
17640
14081
8686
7846
8116
9629
9019
9499
8487
12615
13603
8125
7899
7887
9609
8656
9982
8526
9339
8066
8610
8117
8593
9294
8304
7931
7900
8694
10282
8740
10161
15576
9536
8785
7909
9620
8049
8197
8795
9001
8915
8210
9104
8326
157391
7655
9075
8364
8552
8255
9261
9002
17410
11169
9281
8971
9076
7821
8992
11532
12111
12592
8195
9930
8597
9400
8674
7967
8525
8272
7964
9030
8901
8563
8338
7626
7651
8646
8111
7558
9344
9200
8104
7870
7991
8060
7749
7573
8826
7398
8504
7936
8268
8377
8169
8687
8093
9127
9408
9136
9669
15297
9350
7377
9673
9541
8551
7810
7531
9056
8410
9004
8574
12716
10983
10916
9028
19080
8994
8262
9231
8410
7571
8912
9380
12916
15178
11808
9241
7769
8143
8705
7955
8893
8461
9961
10134
14572
12030
9097
9046
8737
8203
7351
9368
8880
7943
8984
8073
9371
8453
8183
7668
8186
8637
7881
10029
8632
10786
15030
9262
8508
8233
9394
8279
8939
9454
9307
8987
8813
7684
7437
8517
7678
8832
8413
12126
10813
15183
9552
7610
8793
9297
11627
8824
7791
8112
7693
10361
8256
9271
10864
9612
19118
9979
7926
8884
8566
9086
7908
8135
8731
10385
8827
9378
9958
14868
9258
10237
8786
8666
7472
9507
7994
8193
8546
9441
7703
8292
9110
8257
8692
7791
13113
14904
10006
8638
8582
7967
9242
14162
9368
8375
9214
10605
14837
10944
11958
8013
8456
7569
7700
9127
8724
9316
8723
7555
8733
8095
7563
9138
8042
10794
11270
18276
8528
9655
8098
9487
8311
8630
8373
7556
8327
7712
9403
7533
7571
7589
8868
7897
8200
9620
10100
10036
15735
9814
8901
19553
14988
9825
7965
10564
9661
9169
7953
8097
7818
9290
8499
8803
8187
8371
13659
15500
8918
10011
9041
8030
8552
11861
9246
7573
8184
9020
8799
8450
8964
9663
10067
18672
9140
9689
8073
8241
9049
9086
7674
8374
8682
9100
8722
8678
10185
16145
9287
10946
7558
8401
11866
8333
7633
8113
8362
9161
7522
188033
12712
8875
8051
8523
8241
8571
9639
7967
7956
8092
8569
9476
7942
9145
8221
18093
14130
9256
8155
7805
8786
9409
8743
8261
8523
9481
8847
7580
8392
8684
9006
9711
9056
9338
18003
10259
8912
8873
8832
9598
9088
7737
8648
9600
9020
9478
9620
15741
9080
11364
8244
8194
8434
7977
8649
8156
7800
7590
8786
9801
8456
8130
7659
7882
9304
7951
7856
10401
8738
8290
8337
18673
10051
9085
8493
8374
7987
8117
10541
8583
8317
8765
9691
8355
8438
7869
7912
7864
7676
8647
8287
8516
10764
9908
15362
9691
9236
9531
7908
8004
8233
8416
7999
7910
8045
8551
9407
11467
8779
10065
10228
18869
9866
8596
8403
8512
7750
8363
9269
7755
8588
8594
8276
8933
9552
9567
15385
11521
9742
9305
8584
8993
7748
8717
9349
8095
7910
8198
13799
15978
10122
8748
7808
8957
9510
12005
8985
7447
7705
8444
7899
8317
8490
8711
7575
8768
8205
8420
7856
7429
8712
7437
8743
8002
8386
8573
8995
8860
9740
9618
14452
14104
8279
7939
8394
8488
9087
7967
14803
18817
10138
9714
8700
8257
8564
14964
16229
8520
10272
8277
8430
8034
11074
8679
8003
8256
8724
7583
8602
7663
7850
7394
7752
7733
8289
7561
8844
9188
9181
9806
9670
9543
15518
10789
8517
8856
9287
8033
8408
8989
9054
8641
7642
7671
8588
7733
7817
8774
7565
8186
8401
8372
8363
27265
9594
10582
8146
8162
9717
10711
17968
12936
9006
8261
8201
8937
8222
9421
12105
14480
9523
8743
9817
8879
8976
7815
9256
8117
8897
8809
8156
8010
8430
8087
8708
9169
8260
8385
9513
8744
11138
14507
9747
8417
8317
9051
8014
15166
10093
10320
15601
11312
8063
8280
10761
8442
8835
9035
9662
10178
18229
178803
14851
7897
8848
9039
8375
7671
8625
13674
13727
7905
9709
7764
9039
7590
7712
8225
14210
10901
9252
8750
8941
9257
8220
7969
8356
7813
8290
9009
7590
7558
7782
8482
8946
8567
9246
8051
7569
8532
9064
8950
8646
10858
19101
8596
7350
7964
9360
8949
7736
8112
8390
7612
8391
8127
7533
8475
7753
9969
7690
8635
8355
8122
8614
8583
9296
9267
11115
14225
11386
9142
8110
13133
9231
8436
8265
13253
18651
9197
9394
8324
7853
8633
9883
8033
7757
7772
8666
7850
7876
8578
8690
7523
8986
8399
8167
9829
9630
15421
9857
9206
8951
8906
8678
8728
8194
7969
8615
8580
7625
8241
8536
7785
8584
7743
8164
7750
8203
8212
8025
8532
9220
8358
8853
9123
7552
9103
8487
9923
11139
15805
10106
8379
8968
8304
9498
10030
8832
8087
8538
8523
7735
9343
7979
9917
8952
10041
16570
7814
10344
8292
8369
8393
7626
14454
9141
10949
18341
11852
7583
8395
15936
14764
10209
8378
8033
9579
9225
13877
9657
10820
14599
10155
9668
8012
9683
8759
8430
9408
7615
8979
7500
9046
7473
8066
8638
16783
13774
9746
8736
8907
8117
8317
13628
7600
8497
9237
8815
8674
10942
9476
16179
8644
11179
9511
8722
7617
7987
8051
8198
8037
8301
8030
8572
7970
8795
8425
9201
9220
9360
14594
11009
8255
8574
9615
8205
8212
7744
8918
8677
8718
8192
7619
9190
13068
10678
15794
9407
9630
9408
9050
8736
9866
8541
8455
9063
7893
7687
7671
7451
8033
7851
8666
8409
7796
9419
8234
9950
9446
9784
15785
9207
9193
8262
12128
8497
9159
9366
7533
8625
8346
22558
8728
8637
8670
9991
8200
8386
15908
15603
8796
11170
7996
8585
7446
14400
7885
10404
11351
14167
9284
9373
168271
14050
10702
8205
9712
8816
9115
8661
7555
8143
7891
9194
8133
8007
8430
7964
7719
15684
10106
8838
9226
8220
9266
8466
8553
8442
8767
8137
8471
8598
7859
7581
8627
8502
8067
9148
12984
18640
8548
9008
10263
8413
8406
10517
10105
9295
15248
13679
8456
7736
8555
8692
8597
9991
7797
8406
7846
8375
8757
7428
7487
8571
7890
7968
7633
8979
8316
10517
12432
16197
10483
8577
9646
7710
9046
9383
8425
8569
8474
8099
8796
8194
7750
9676
10925
14621
8284
11307
7773
8374
12753
8634
8137
8597
8992
9254
7882
8235
8557
7360
10253
9932
18311
12273
8130
8249
8020
8077
9119
9056
9838
9240
10721
15102
12068
8405
8646
8776
9310
9112
8220
8158
7739
8886
7920
8151
7843
7830
8451
7725
8929
8211
7995
7833
8728
9273
7816
8027
8119
13395
15503
8548
11214
8423
7654
8413
7549
7901
7800
9068
8984
8866
8843
8489
9063
7383
8714
7876
8821
8272
8784
20665
8865
9359
11221
8707
8215
8357
12609
9599
11119
17038
7778
7654
8625
12061
8715
8291
9354
10507
9586
14559
16138
8733
7891
7635
8533
7651
8470
7615
8293
7572
7872
17287
13762
10523
9620
8172
8013
8592
14182
11261
14402
11843
8142
8610
8524
12086
9480
8190
9289
9708
9922
18559
13868
7712
7816
8455
8385
7774
8310
9339
8121
8008
9681
9021
10456
15788
8205
7835
8246
9100
9445
8974
7801
7691
7591
8645
8317
8282
7850
8603
9301
7835
7813
9425
7580
8528
9135
8116
8180
8640
7917
10271
9035
9658
17261
8954
8748
8733
9241
8503
8118
7902
8050
8571
7594
10185
8455
7818
7493
8820
7549
7758
9077
7950
7810
7950
13174
9767
12200
12795
9261
8414
8486
8314
7553
9609
8285
8357
8794
7864
193021
14368
8383
8630
8543
8899
8392
9296
8478
8545
7957
8194
9833
9629
10230
14512
11069
15509
9798
8247
8551
9600
8066
8290
7748
8485
8373
7602
7994
9372
8818
9025
8604
8646
8156
8210
10682
7553
8495
7831
10107
8694
10125
15169
9579
9461
9398
8155
9395
8451
8558
9039
8164
8520
8214
7969
9026
8308
12437
15888
10009
8702
8390
8271
10021
8184
8674
8241
8908
8035
8197
8466
9133
8164
7775
8837
18716
14542
8998
9066
8836
8234
9632
15408
16629
8448
9515
9125
8276
8801
11901
7706
8738
10119
10099
15607
9890
14276
9302
8282
8112
7693
8356
8626
7862
7772
8733
7609
7976
8774
8502
10086
10475
14790
10498
8728
9378
8154
8981
8279
8574
8717
8588
8265
8774
7605
8197
8403
10441
9625
10087
13191
12389
8732
8709
8205
8638
8652
9183
9184
8856
8527
8056
7996
8631
8803
13674
17038
10637
9077
8102
9477
8004
13071
10754
14405
10561
9041
9927
8825
11165
9593
7418
7787
8966
7986
9456
7765
10049
9525
15190
10892
9811
8561
7747
9783
8300
9494
8539
8887
7885
7476
10898
8103
9712
10210
15527
9461
8756
10278
7390
8842
10347
9137
8454
7553
8750
7790
8057
9158
11716
14880
11548
9095
9164
8611
7996
14551
8202
8358
8505
8855
9064
10792
8263
18200
8615
13317
9180
8995
9259
9906
15564
8355
8369
7866
8353
9287
8487
8452
8403
7953
7958
8022
9057
7947
9005
8376
8311
9173
8420
7702
9248
9107
8322
7938
9050
7519
7670
8109
8910
8345
7771
7783
7888
8780
16020
13891
9119
9166
9538
8634
7530
7921
9330
7445
7579
8115
8195
8408
7389
9643
9469
7653
7640
8130
8266
7513
13672
9353
15117
15471
9005
9272
7907
7604
8356
8110
7968
7693
8298
8189
189789
14157
8768
8096
7797
8782
8817
8366
7957
11872
7959
8414
10045
10823
15242
9184
10544
10384
16066
8876
8855
8051
9943
8550
7741
8053
9045
9258
10966
8863
7654
7737
8857
8747
9718
11275
14336
11085
7770
8219
8351
9298
8181
11352
8033
8676
8406
8450
7937
9062
7737
7579
7364
8603
8557
8242
9155
7595
11756
9608
14614
11389
9203
8201
8951
14304
10303
9488
16698
11246
9394
8644
8538
7632
8546
7723
8693
7835
8352
8647
8639
8131
7953
19248
11055
9856
8551
7751
8859
7980
14981
8594
12127
9461
13906
8674
10219
12893
8905
8472
7765
8790
8833
9582
9036
16223
9838
10093
8044
8916
8535
9491
9265
8451
9235
8921
7798
8124
7964
8655
8510
9509
9266
12664
16824
8615
7951
8859
8954
8438
9635
7846
8611
7882
7443
8841
8341
9274
9025
10817
15847
10394
9147
8194
8095
9372
8373
8449
8538
8332
7693
8194
7709
7794
8829
7710
8591
7571
8832
8161
9230
10984
15246
10707
11664
7815
9391
8733
8574
7936
8498
8354
7680
8682
8557
11856
10065
15704
8857
10403
8856
8220
14873
10393
18471
9584
8917
9693
8331
12731
10194
15148
10530
8494
9644
7584
8597
8781
8454
8957
8514
7671
7844
7962
8221
8722
9294
15354
15903
8388
9306
8205
9548
8007
13734
8343
9044
8989
8505
8608
18615
13009
8197
8707
7715
8876
7924
8371
9243
8667
8425
8319
7743
7830
9018
9231
10397
17523
10305
10640
9543
8675
8210
8651
7625
9364
8820
8893
9406
16317
9442
8837
8120
9239
8538
9601
8504
7846
7980
8141
7581
8340
8727
9960
8272
7550
7946
8794
8401
8089
12051
8328
8948
10289
15206
9861
9656
8205
9564
7533
9661
8045
7657
8541
9035
7577
7832
7550
8593
9208
8145
8182
164362
15393
9830
9027
9521
9435
9269
8246
7710
9262
8574
9323
7851
8342
7919
7470
8148
8697
8033
8314
8162
9900
9415
10464
14909
9201
10267
8571
8489
9513
7671
8480
8270
7752
7524
9135
7863
8353
7360
9138
7779
8537
7590
7751
8377
7822
8345
8988
7928
9079
7756
16794
17753
10471
9017
9299
11787
14762
12205
8610
9019
9452
9332
8031
8735
8584
7877
8553
8415
7957
9199
7876
8691
8421
8716
10558
19536
9564
7982
8030
8635
8406
9825
15399
9537
15566
8201
9478
8769
9166
16099
10981
18767
8840
8341
8678
8181
18512
14302
7998
9830
7778
9093
8023
12810
8759
8596
9197
9809
10445
15569
11739
9454
8255
7963
8669
9370
7656
8497
8271
10520
10809
9828
15784
9781
9104
9119
7548
9106
9696
7812
7600
8566
8462
8685
8873
7818
9034
7841
8974
7764
8487
9943
9251
10586
17762
10417
10604
7568
9155
8142
8687
7791
8209
7652
7979
8101
9174
10057
10391
15050
11124
7955
9604
8427
8442
9162
12448
8315
8835
9203
9699
11537
12994
12850
8592
8063
8946
8371
8620
7823
7970
9228
7763
12421
16731
10567
8961
8654
9332
8415
8374
7469
8117
9053
7775
9320
7684
9561
8765
9743
10954
10206
7814
18014
8767
9079
9305
9398
7804
8962
8640
7600
8323
14241
14441
9181
8614
8527
8203
8615
14719
7595
7722
7798
8815
8840
7859
7750
8739
8374
7611
8738
8393
9744
8411
10204
15155
10106
9088
8886
8041
9179
9001
8520
7602
9241
9169
10100
10263
15395
12021
9824
9255
8756
9286
9826
9328
9425
9496
18185
11776
9625
8583
8392
7732
8236
8560
8062
8308
8360
8819
8412
8544
8462
8205
8919
15808
12422
8405
8615
10427
8760
8169
11972
11181
9211
15828
10134
9352
9476
12255
125861
14507
9900
8263
8225
9245
9334
10268
10039
17362
8539
8476
9271
9030
9253
7377
8646
8293
8579
9888
17793
9802
9700
8846
8960
8842
7816
9025
7611
9336
9045
7560
8826
7979
7601
7837
7427
9276
7770
7582
7555
8143
8600
7756
8388
7682
8338
8424
8893
8151
7756
16091
14496
10901
8913
8699
8096
8194
10341
8424
9033
8138
8572
7588
8998
9092
7561
8912
7680
8794
9779
9408
15936
9071
8433
9028
8742
9292
7973
9136
9219
10722
17609
8194
10856
9013
8929
7966
8857
8994
8375
9514
9939
15584
10200
8442
7990
8169
8410
8502
9629
8286
9460
7574
8485
8179
7931
7976
9187
7671
7851
8513
9189
7761
8579
7758
8556
8154
9786
7662
8338
8366
12703
16362
9577
13126
8615
7492
9000
8620
8976
7646
8294
9030
9023
9401
9922
16006
10534
8592
8215
7751
8360
7877
8132
9521
7542
8508
10255
9005
8148
7555
7541
7635
7904
7301
8564
9323
19496
15015
8217
10283
8656
9333
9246
12257
14923
9269
7618
9807
9454
8517
10973
8752
8337
8230
7747
8323
8187
10150
8054
8205
9411
8024
7486
9017
7887
8063
9476
10578
15992
9486
9036
8512
7844
7951
8540
7730
8797
9459
8030
8435
7453
9162
7580
8446
9076
8207
8979
8772
9030
8361
10700
10328
18308
8624
8415
8025
8192
8008
8131
8584
9676
7789
8075
8408
7970
7609
8291
9288
8214
9096
8051
8515
47307
11122
9054
8663
8597
12862
14337
10913
12982
8628
8569
7768
8133
9440
9187
9577
15574
9932
7871
10465
9122
7993
7838
8550
7943
9517
7948
9195
9251
7588
9073
8509
8950
8923
8438
10706
9865
18133
8456
8846
8124
10027
10888
9007
9837
9784
14005
11551
10688
8615
8394
9203
7585
7653
7739
10594
8915
8173
176734
7662
16165
14997
10659
9682
7873
8660
7979
10629
9079
9016
9303
8622
8199
8830
8822
8201
10197
10220
15465
12244
9207
9630
7748
7796
8811
7781
7603
9067
7775
8656
7692
7574
8674
9767
7410
8416
7324
8415
8216
7931
8743
7487
7973
8351
8153
9398
9071
8239
8425
22415
13295
8882
10078
9986
11648
13991
12913
8083
9421
8032
8757
9085
7815
14022
14441
10842
8436
9468
8136
8321
11999
8052
8211
7811
8964
7642
8081
7793
8081
8187
8199
8155
8637
8191
9219
8952
10161
15593
8599
11120
8108
9202
9237
8154
9628
8066
7964
7490
7995
8815
7609
8098
8531
8441
7629
8756
8011
7631
7748
8779
10047
8128
9097
8198
8830
8431
8169
10017
9420
9563
17067
10764
9613
10320
8747
8827
10313
10493
15003
9028
11081
9182
7752
8183
8245
8784
7788
8092
8280
7405
8593
8112
8449
8630
7805
9416
8199
7554
8197
8717
9005
7810
9864
9226
9235
15390
11969
8881
7728
8870
7851
8655
8536
14541
9212
8964
11299
14723
10810
9203
12552
8275
9974
9324
14357
15689
9105
14500
9398
14387
10738
7820
9859
8587
10196
8200
7530
8001
8266
8615
7954
7953
8173
8183
7758
7857
8420
7695
8892
9005
8153
8707
9079
7712
8283
9098
8348
7813
8385
8374
8225
9295
10030
9631
14702
11034
9055
9588
8993
8158
7760
8687
8436
7740
9040
8707
11312
7966
7974
10043
15494
9105
12065
12275
8840
8283
8793
8248
12282
18343
14015
8558
7793
11709
9609
14764
10956
12330
9323
7409
9102
8914
8224
10630
9370
15799
9048
9951
8268
7914
9302
8585
8977
7503
9749
8145
9102
8656
7619
7676
8343
9082
8420
8929
8529
7530
9842
7392
8750
11047
14158
11292
8940
7629
7838
9377
9107
14021
8340
7391
161979
15523
9258
9446
7876
7657
12424
7820
8073
8740
7886
9292
8292
8285
7760
8782
10101
8949
9378
9507
8805
7953
8310
7860
8611
9588
8727
9779
16003
13897
9155
8323
9201
8838
8932
8662
8883
7697
8976
8430
14610
13255
7799
8978
9664
8107
8179
8100
7953
9712
8584
9308
8057
8298
7742
7915
8499
7532
8717
8312
8150
7613
8695
8207
8133
8134
7825
7564
8312
8582
7709
7864
8997
9136
8932
7774
11206
13238
12327
8706
9035
7892
9013
8831
8322
8014
9441
8554
8180
8933
8152
9137
7976
8141
8687
7801
8449
9975
9362
8873
10654
18694
9992
9148
9682
8124
8543
8647
9427
9635
10271
16849
11057
7876
8774
8112
8133
8453
11431
8507
8374
7999
8184
7990
9001
8407
9374
8872
11871
14007
9344
8010
8956
9389
7369
8333
9558
9152
7547
7578
10667
7656
8892
9400
9207
10187
12331
10076
12090
8595
9769
8697
8314
8305
8256
8703
9465
7775
16805
17234
9057
9097
9292
8952
9348
18340
12417
8808
8887
7895
9667
7669
13618
8089
8594
7667
8435
7615
7506
9289
7813
8383
9441
8194
9037
10644
15791
10762
8386
7845
7834
8768
8795
8154
9336
8092
8174
8367
9089
8135
8995
9158
8164
9961
13446
14030
10085
9559
9783
9129
7532
8466
9358
9045
10002
10445
18267
10363
8178
9639
8676
9026
7932
8569
7764
8464
7602
8584
8303
7991
7760
9005
10586
8755
19220
9942
9420
8162
8266
11642
9107
7549
7599
8312
7423
9370
8362
8952
8164
8686
11364
18035
11447
8395
8782
8718
7994
17292
13091
9286
7723
8551
9384
8217
13907
8419
7495
8559
11526
9646
14410
11725
8786
8404
9036
8728
8620
7975
8980
8452
7857
7717
17357
14894
8483
8224
9250
9628
8875
14902
10543
16581
172156
16833
10005
8174
7570
9596
23430
11491
9128
9028
7948
7591
8205
9264
9041
7802
12253
7853
8583
9781
9058
9213
8772
8127
7455
8533
8262
9264
9588
9677
15268
10221
8312
8263
9233
8944
7634
7914
8157
9310
10439
9209
7923
7810
8978
8727
8698
7688
8471
8376
8569
10149
9102
15690
11468
8550
9583
9749
8162
7649
9101
8684
11205
10666
15687
7811
11006
9311
8205
11701
7606
8580
8998
8041
9211
9983
8405
10931
17406
11772
11179
8015
8617
8612
7601
7851
7840
8576
7684
8334
8463
8355
8364
9471
9169
10160
14292
11063
8032
9082
8903
9107
9355
7794
9943
8158
8276
7868
8130
7846
8456
9317
9778
8497
9367
11009
16162
9513
8220
8823
8872
8263
9271
8056
8193
12517
8800
7866
11034
16512
8974
9625
11635
8579
7832
7564
8998
8300
8829
7824
8485
7564
7968
9370
8543
7940
7740
10903
9440
9572
18065
8594
10390
8009
12360
9401
8523
14852
12086
10204
8186
12984
7451
9235
7971
8818
7549
8407
11459
9473
15139
9943
10448
9738
7389
8786
7418
8015
8475
13104
9434
10062
14226
11247
8343
9461
11503
7887
7524
8891
8026
8075
8635
8564
7770
7653
7799
7601
8992
7778
7798
9022
7753
8718
9102
8574
8808
10800
18029
10659
9235
7989
8296
7914
14374
12502
7433
8171
8943
8156
8045
8603
9271
8137
8855
7843
8509
8731
20560
11751
7999
8736
9661
7775
8296
16880
14433
9204
8833
8278
7615
8758
14992
8415
8711
8962
8747
8909
8271
16415
13778
8368
8676
10648
8786
8615
8177
7991
8471
7904
7890
8087
8596
9570
7752
8422
8235
8133
7749
8347
8055
8455
7432
9389
8814
8536
8401
7990
7964
7385
8195
8910
8181
9451
8894
8657
10041
15066
9564
9437
8987
8891
180612
7334
8340
8193
10551
10009
11682
17420
8851
7981
8046
8737
8312
8475
7832
8600
8941
9138
7704
8375
8328
8753
11759
8805
9132
7526
10052
13943
12803
11452
8392
8594
8671
8138
8513
8827
9298
8053
7550
9841
9312
18609
9945
8102
10659
7781
9671
8977
8414
7471
8433
9024
7680
8057
8010
8557
8324
8675
7755
9166
10825
15005
12066
8722
8736
7994
8599
8470
9569
9795
8244
8507
8208
8273
7679
9226
9181
9503
9839
14259
10901
10167
8710
8147
8856
8166
8720
7820
8656
7802
7811
8139
8177
9234
8548
9198
8340
8913
9171
7471
9036
9780
16364
11383
9776
8640
8803
9027
7944
8728
7989
8066
8882
7708
9004
7617
9006
8824
18688
14313
8928
9196
7712
8870
9241
12170
16079
10620
8455
10606
9389
8616
16832
15594
8837
9529
9589
8533
9128
10395
9018
8215
8755
9306
10244
15865
12887
8784
7555
8935
8892
7482
8611
8058
8324
8089
8210
10230
10186
16987
10738
9016
7943
10574
9590
7844
8368
7831
7813
7859
9301
9747
7949
8897
9892
9508
14728
9917
9805
9659
8624
7783
8856
8867
9060
8714
13608
14742
10058
8098
8115
9102
7566
15014
9299
8325
10848
9233
9556
15484
11815
9225
8222
7738
9124
9228
8916
8877
9964
8887
18484
11357
8061
8508
8936
9243
8087
8726
8415
8379
8835
9160
10916
13112
12834
9466
9180
9246
8997
8706
8169
8416
8789
9201
7616
7794
8999
8141
9209
8491
8823
10928
15567
10143
7708
7892
9475
9452
8552
9558
9067
7471
9005
8456
8456
7973
10371
10278
9551
15948
11222
9317
7995
9582
8831
8248
9083
9855
11182
15803
13915
9177
7764
8260
8519
8720
8621
7688
8476
8078
9245
9888
9594
18440
10781
9759
8795
9033
8624
9348
9258
8777
138226
14323
13494
8002
8975
8487
8373
8089
8554
9256
7526
8760
8523
13448
16586
8196
8800
8639
10827
9079
8614
8085
11618
8338
8610
8169
7721
8763
9803
8186
10215
11306
15405
9765
8879
8556
7837
7724
8457
8414
8862
7727
7943
7880
10611
8184
8289
8152
7866
8753
7676
8616
8323
10243
10004
19298
9184
8800
9572
7639
8275
8577
19849
11707
8599
8198
8573
7816
9383
14557
8196
8665
9738
10367
15827
8678
15241
8049
7901
8662
7779
8570
8133
9078
7966
8982
9855
13067
13579
7961
10529
9521
7492
9164
7948
7989
11095
9337
8450
8266
9547
9585
19282
10244
9800
8775
8819
8909
7563
8754
7887
9279
8933
7462
10331
10040
16264
9990
8405
7714
8825
9036
8200
9702
8845
9114
7702
7847
8015
9223
8307
8876
12134
9919
14158
11521
8719
8979
9035
12107
10323
8696
11088
15981
8096
9441
11409
7762
7964
7623
8520
8446
8615
7471
7601
8181
8250
8615
9297
8504
8496
8878
10262
18638
10605
9590
9809
7954
9000
7849
7958
7889
8005
8675
7717
8151
8594
7982
9284
17343
11926
8244
9989
8976
8940
8441
14700
13979
11902
9406
9076
9382
9406
10692
7616
8743
7752
7783
7994
8311
8315
9276
8462
9274
8589
10499
12812
13878
7989
7938
9217
7997
7831
9240
9164
7966
8364
8036
8026
8336
9274
9071
9281
8849
13786
18577
8373
7929
8309
9280
7955
8384
8134
8051
7779
9521
8142
7789
8538
8057
8833
8567
7581
7780
8801
8277
10049
10110
10041
17141
11315
8312
9404
9164
9676
10805
16244
10656
9156
9239
9901
8656
9247
8264
9315
7864
8944
7564
8258
8136
8626
16129
13221
9038
8542
9450
8588
8374
10739
7575
8274
8891
7783
8016
7661
8365
8453
9411
10423
20227
8038
9667
157002
8066
8257
8324
9475
8042
9663
8845
8118
9066
8841
7902
9220
9027
9430
10588
14358
8191
9925
9312
8847
9220
12003
8957
9225
9008
17919
10111
9831
12461
7974
8396
7844
8541
7712
8695
8441
7946
8947
7748
7589
8141
8383
8237
10989
15172
10800
8928
7887
9481
7664
7960
7834
9245
8738
8125
8097
8515
7856
8516
10523
8988
17193
15988
8582
9558
8608
8878
8317
18641
13169
7991
7769
8824
8904
8492
14646
8085
7810
7839
8752
7858
7661
8275
8160
8166
8826
9381
10542
15311
9509
9767
8402
9014
8437
9531
8112
8426
8573
8340
7525
8099
8020
8000
8610
7958
7987
9337
8964
8262
9317
7912
8569
9912
10492
15762
10471
9781
10003
9231
8625
9045
8383
9263
12498
21324
8225
8731
7573
8262
7913
9543
14128
14728
10076
11039
9025
8571
8448
11625
8968
7670
9729
9055
9853
15312
8511
9092
8796
8564
9601
9554
8990
8586
8548
7892
8976
8316
9148
8030
7530
13664
16280
10819
8587
8490
8863
8497
17108
18178
9010
8090
9471
9096
8316
8397
8969
8408
7800
7955
8639
7959
8981
7448
8302
7820
22542
10326
10760
9431
8411
9220
8220
10617
8820
13284
13745
9146
8804
7981
14003
10092
10471
15473
10612
8836
8791
10396
7590
7807
8290
8179
8265
8546
9802
9051
7364
8134
9037
9240
10239
10943
18301
9194
8969
7943
8573
8662
7806
7868
8282
8528
7833
8988
7811
8202
8379
8618
9002
8459
7547
7894
7942
8984
8605
9624
11221
17687
10445
8347
9657
9097
11337
10518
15138
10220
9056
8682
8350
9223
9123
8558
8423
11252
10221
9970
15972
10444
8877
9403
12089
9264
7742
8475
9205
10363
15749
12492
9345
7882
7668
8317
8023
8815
8022
9237
7895
9287
8800
8333
8163
8047
140125
18296
11946
7693
9111
9379
9937
9850
9979
12980
12707
8322
9925
14110
8169
8177
8553
13507
9437
8908
8631
8072
11114
9604
11712
15240
10828
8609
9430
11935
8353
7599
9199
7856
8429
9082
9167
9608
15645
10802
9296
9087
8261
7943
8860
8444
8273
8206
9595
8815
8589
9379
8445
10123
10273
15536
9683
8998
11156
8794
9075
8213
7703
8083
7751
7916
8898
9141
8657
23778
10644
8999
8369
8779
8528
8234
21740
8589
8733
9287
7938
8892
8056
14618
10319
10078
15956
9004
8128
8303
12203
8162
8194
7653
8929
9112
7836
8310
7653
8755
8151
7887
8799
9574
7800
8785
9695
14204
11656
10040
8172
8473
8891
8703
7682
8813
8354
7851
8792
8912
8854
9229
8865
10102
14056
15966
7948
9041
8780
8981
8144
9067
9398
10413
9276
9590
15153
10066
8958
9480
9302
7508
8676
8822
7988
8769
13572
10511
16352
8591
7800
8935
10794
12465
8051
7534
9094
8887
14985
12566
12571
7621
8146
7932
9088
7610
9328
7625
7770
7558
8174
8981
9084
9262
7851
7860
8795
8391
7691
8033
8055
9491
8936
11785
17309
10723
9710
9398
7818
8995
7728
9435
9851
19015
9450
8796
9667
7486
8979
7707
13785
9528
14991
12600
9175
8578
8072
14315
7960
8451
7922
9576
9479
11532
16394
8644
9556
8091
8820
8598
8694
8517
8115
8620
7792
8558
7674
8339
8219
7805
7483
8641
7900
8571
8084
8210
7991
8728
7551
9153
7617
9239
8421
10416
18092
12087
9819
8669
8956
9043
7900
7581
8059
8957
9251
11358
16464
8724
8009
9068
9546
8202
7821
8536
8372
8217
9257
9570
8457
9232
7411
8706
7941
7810
8782
7912
8743
8615
15764
13235
10788
7934
9179
9037
8147
17002
14702
10886
9392
8507
9701
8124
145383
15420
9005
8423
9528
7871
8777
9420
8210
7944
8102
8889
7574
14194
9149
9922
16123
12419
8843
9533
8396
9199
8000
8010
8176
8719
9038
9160
8847
8189
8394
7210
8702
8793
8251
10367
8989
19281
8172
9335
8277
8613
8102
7383
10730
7521
7621
8125
8553
7651
8053
8265
9415
9175
7634
8989
8548
7441
9276
8380
7844
8677
10253
9763
12315
15606
8329
8805
8953
8285
8059
8077
9458
8720
7674
8363
8735
8934
8631
9449
10708
15189
10180
8558
8794
9053
8377
9318
8520
9235
9121
9029
8083
8397
7975
7788
8949
9743
8986
10133
15282
10625
8718
8832
10376
7788
7524
8804
8328
8200
8002
7457
7585
8960
8170
7818
11084
8400
8090
16874
13281
8103
7530
9250
9142
7787
9082
7900
9191
9121
8571
8658
9341
8134
8535
7825
9296
16554
15733
8596
9199
8406
9369
8108
18525
13781
8605
9701
8320
9257
9044
12261
8000
8002
8392
10842
15964
9884
14216
7708
7933
7758
9242
8727
9115
9287
10645
14592
11644
8164
8193
8055
7968
7963
8623
7616
9085
9074
7765
7938
10968
7605
7821
9009
9097
8352
9282
8897
10058
9357
13140
16244
8667
8941
8767
8407
8539
8764
7765
8613
8943
10302
8986
11194
14765
9087
8507
9456
7514
7880
8999
7769
8436
8015
11117
8614
7668
7530
8816
9245
8928
8620
9432
7393
9395
9041
9209
10669
14733
9338
8842
8945
8337
7966
26948
7866
10474
7743
9010
8451
9354
7528
7832
8221
10882
9137
7806
8022
8772
8749
7730
7379
7517
8243
8997
8805
7456
7812
8197
9235
7610
8232
7556
7502
9041
7779
8045
8475
7971
8168
8487
8251
7543
8687
10204
11159
19066
9483
8687
9384
8518
8775
10405
10975
15183
10159
9678
8496
9096
7616
9260
8642
202028
8836
8713
7939
8475
8176
7827
8133
8203
8410
10087
8459
11838
14872
8048
7865
9191
14417
10869
9203
8495
9548
8728
7646
7815
8329
8333
8130
8117
8109
8399
7700
9076
7789
8153
7758
7463
9026
8562
8976
8035
9199
9158
7834
8557
10263
11126
18606
11307
9661
7400
9279
10264
12167
16070
9351
8137
8413
7794
8145
8465
9386
7701
8192
8019
7875
8684
9141
7562
7872
7809
8351
7640
8158
8530
8512
9349
8183
7666
8595
10938
7579
7767
9011
9641
8536
10165
12437
11719
7752
10247
8818
8206
8374
9236
9174
8692
10873
8794
7784
8872
9800
10323
16594
11556
9532
8984
8923
8719
9035
8988
10543
19294
9757
9774
8658
8152
7976
8607
9294
8676
9311
8538
11117
15222
10124
10066
7754
9138
8021
8977
9251
7928
12179
9373
8056
9150
10371
15589
10193
8533
8464
9596
9179
10372
9407
7497
8937
8178
8149
9709
9593
16791
9384
10076
7800
9724
8839
12684
7724
7798
7660
9651
9263
9159
7769
10280
17993
8456
8606
10594
9520
9410
7564
7693
7916
8405
8158
7486
9216
7706
7739
7753
8779
8676
8791
7754
7961
7406
7876
8485
8230
8045
9256
10124
10480
14769
10363
8153
9924
10307
7793
8005
8191
7795
8476
7978
8336
11183
8235
8361
8037
8461
8875
8062
9388
8793
9605
11424
13930
8856
8377
8738
8792
8272
8613
8716
7648
8807
17282
14364
10446
7755
8347
24910
14933
10348
8343
8398
10299
9374
9323
10025
14814
11266
9687
8494
9551
9063
8111
8066
7688
8215
8552
8296
8097
8324
8084
7389
9295
9161
20247
10060
9541
8902
8182
8577
9543
14747
15671
10710
9501
9130
8000
8005
14861
9633
8211
8846
10203
17194
9726
14060
9368
10133
8879
14601
11975
8163
9081
9097
8813
155883
8800
9437
8995
8936
8106
7773
8995
7736
8179
8312
7967
8108
8948
7914
8183
8902
14594
10831
9199
8650
9000
8235
8378
8177
9375
8805
8056
8773
8409
9452
7793
7853
9384
8220
10792
11082
14197
7668
11066
8706
9311
8196
7521
19118
15302
10051
9805
8275
9235
7856
9338
7933
8856
9044
8516
10287
18427
12097
8932
9579
7865
10866
9632
10162
8655
14979
9400
10126
7996
8907
8093
9447
8604
8196
8094
9273
8590
8160
8420
7795
7549
8673
9238
8182
8059
7692
9069
7588
8434
8930
9004
8396
9600
11145
15304
8164
9093
8790
8516
8444
9741
8117
8502
8694
9127
8327
9259
10553
10061
11027
15544
10048
8177
8969
8429
8467
9576
8006
8577
8778
8568
9020
8828
10849
12415
16534
7964
8807
8491
7922
9159
7792
8394
8201
9315
7846
8107
7940
9200
9046
7544
8779
9921
11237
13863
9831
10132
7654
9215
7841
10242
9182
8795
17620
13157
9411
7904
10095
9618
8181
7776
8600
8194
8452
12651
9044
9231
8524
15193
10766
8307
14340
9555
8133
9280
11028
17387
10446
10876
8455
8866
8600
7994
8615
7976
7636
8765
7837
10374
7812
7584
9423
10471
14845
8681
12114
7961
8046
9564
8917
9342
7790
9577
9014
9900
9025
11000
14785
8796
8595
8394
8274
8466
8143
9296
7668
7794
9029
9512
7917
9229
7560
8148
8461
7877
8938
7580
11930
10607
9590
9459
13720
8452
12085
12194
9645
10164
9485
17816
11009
8182
10893
7629
7926
8598
8818
10359
8855
14494
11548
8179
8451
8609
8669
8861
8798
8194
8344
8792
8835
7677
8088
8613
8515
8456
8521
9317
9174
8239
8701
10016
10004
15190
11274
9611
7899
7893
10623
8123
7579
7629
13664
8520
9130
8285
15588
10882
9375
10956
8721
7545
149835
11975
9623
7515
8826
8476
9177
9096
11203
10201
11628
14046
10536
9107
8692
8806
7738
15252
9684
9511
8878
7922
8142
8409
8106
7640
9656
9008
8353
7621
8451
8406
8764
8240
9260
7711
7732
9259
7618
9587
10940
10389
17631
11055
9269
8065
8833
8295
14630
14533
8941
9770
8323
9168
8035
11848
8615
7723
8917
7749
9333
8622
8193
7702
7708
8656
7891
8748
7854
8364
10003
8555
15607
12882
8445
9160
9225
8159
8005
8745
7480
8122
7527
8968
7693
8185
8635
8341
7994
8114
9240
8416
8184
8786
7825
9210
8238
14389
15850
7672
8799
8799
8454
9384
7688
8527
8195
8539
8377
9479
7589
7825
9301
8491
7534
8133
8649
8334
7948
16717
16772
9709
9430
8085
7847
8935
17449
14119
8359
8837
9811
9207
7380
16155
8964
9484
17138
9633
8369
7989
11149
7348
7686
8599
8187
7613
7573
8997
8781
8871
7841
17081
14057
9157
9119
8944
8691
8735
9794
8626
7722
8813
8197
9013
9122
9279
9450
11284
17958
10912
8670
8884
8749
8879
8860
9451
9944
14239
13322
9380
8803
8380
9240
8159
8302
8151
8174
8555
8958
9150
8723
9456
10345
15153
10523
8262
8467
9204
8812
8876
9259
9317
8386
9016
8209
8579
7643
9821
9333
10108
16060
9456
10487
7544
9635
8555
7851
7960
8459
9417
9251
14440
15702
9667
8693
9027
8333
9259
11712
8988
7737
8372
7975
9394
11214
15149
10883
8580
8259
9425
9811
7814
7381
8973
7836
8509
8106
8245
9361
7994
17189
17079
11999
9422
8191
8804
9461
16193
11454
8259
9032
8056
8502
7782
13319
8575
8082
8693
8796
10127
8848
8857
12472
14442
8939
9235
7968
7957
9671
7988
8974
9070
13768
15302
11678
7931
7713
7875
9920
16082
8958
11973
161333
10509
10074
9497
9718
8266
8589
9123
7475
8374
8539
7612
9277
9299
8979
8561
10805
15271
10730
8512
9262
9182
8598
8435
7534
8529
7840
8230
9076
7443
16333
18089
10989
9256
9007
10024
12994
14783
8128
9764
7884
9391
7870
8769
8676
8525
9435
9014
7838
7995
7618
9419
7983
8405
8197
12728
14504
13917
8986
8394
9290
8634
10664
9020
8289
8245
7692
8564
10030
8605
13153
13384
7923
10403
9215
9138
8902
9233
8069
9348
8616
8472
7586
8636
10498
9261
9658
18839
10689
8496
9494
8759
7470
7684
9087
8372
9465
9572
13838
11905
11102
8432
9156
8984
7604
8523
7573
8391
8238
8180
9067
7966
9102
8145
8214
7765
7569
8188
10338
8235
8494
7575
8434
7854
8112
7992
8422
8435
10210
8608
9817
15869
8744
9459
8576
9014
8198
7769
8163
8969
11135
8348
8383
8041
7756
9558
8635
8555
8839
10827
15721
12543
8542
8854
8283
7374
7856
8782
10200
9116
7544
8435
9026
8457
11191
8362
17948
8408
9648
9319
8474
9479
8127
9294
9963
8896
9882
15343
9615
8575
9594
8989
8682
7542
8803
8675
8140
8446
7302
9062
8785
8011
9261
9230
8282
7532
8715
7811
8678
7784
9420
8518
9107
10864
14368
10327
9380
9608
9189
7966
8544
8005
8349
8817
8133
8861
7520
8538
7813
7744
8868
7859
7968
8544
8173
7777
9028
8317
11557
18337
9010
8169
10050
9430
25069
11630
11625
8092
8994
9620
7774
9773
8879
19802
7737
9587
8383
7794
8009
8384
11620
8165
7859
7912
8985
9222
8000
8774
7638
8649
9396
9490
10633
15138
9410
7671
8438
7709
9415
9415
7945
7835
8196
8792
9624
8296
8366
7477
7974
8177
8558
9623
8338
8093
7441
8558
7896
9493
8756
7764
8218
7783
197090
8084
7693
8628
8569
7766
7571
8374
8449
8245
8317
7770
8370
8228
8855
8584
8565
15548
10795
8254
8239
8472
8953
11386
8550
9073
8034
9463
8424
7403
9121
8256
10067
9157
10389
14991
8744
12749
7377
8703
9104
7587
8758
8144
9326
8033
9297
8071
20701
12764
8681
7861
8174
8983
8619
12476
8673
10311
18814
9147
10803
9132
11704
10910
15308
8580
10046
8533
8139
12902
8861
7833
9218
7940
8177
9662
7769
9168
9939
15766
9642
8692
9784
8555
9471
8184
8570
8201
8628
9247
8529
8246
7717
9316
8353
9206
11224
15991
9394
8534
9450
7994
8876
7718
8315
9438
8223
8557
9149
8539
9162
7769
8899
8169
8101
8779
9241
11096
18969
11495
8886
8265
9097
8629
8636
10163
9400
14800
13768
9779
9046
8053
9337
9167
7522
9217
7654
7605
8647
8612
8133
8169
8232
8514
9466
12262
15471
8292
8296
8071
8185
9702
9136
8701
9654
8561
8203
7951
8830
7712
8369
8041
8406
9102
7938
20969
10196
8025
8672
8374
8073
7875
14840
9424
9382
12456
16902
9571
9061
14971
11855
12774
7507
9138
8612
9682
13343
8270
8128
8649
9940
8610
11739
10079
13597
9021
9435
7925
8053
7923
8034
9075
8159
9015
8575
8592
8807
8251
9324
8548
8995
9928
9638
11830
14134
8575
8152
9463
8600
8938
9315
9107
9112
10161
8146
8094
10090
13245
16972
8600
8985
8574
8396
7643
9003
8245
8198
8102
8022
9602
8772
10337
10446
14328
9695
9056
9262
9276
8897
10632
8511
8143
8328
9028
7628
8995
9905
10684
10993
14635
8311
8420
9395
8082
10390
8061
8181
7904
9258
7974
7738
12169
8344
9333
9743
15160
11335
8345
10924
8128
8338
8655
9427
7898
7774
8797
8479
8149
7799
13470
18358
10682
148833
14148
11271
8582
9238
8628
9492
8725
8697
7819
8102
7751
7779
8811
7794
8836
9299
8408
11175
13677
11319
8743
9328
8413
9125
7807
8588
9451
10843
8174
8218
7502
8600
8234
8945
10075
9494
7723
18584
10683
8830
10861
8278
8274
8660
8662
10497
13325
16542
8925
8034
7991
8212
8025
8994
17603
15446
8871
9620
7813
8535
7964
14987
9523
9487
7737
9517
16010
8919
13747
8213
8756
9018
7620
8158
8291
8688
8696
7448
8102
9900
10615
18076
17974
15364
10625
10196
8687
8485
8072
8146
8023
7876
9128
7791
9313
8306
9019
9180
9220
9420
9969
16080
9138
9229
8095
8505
9000
8976
8915
9162
8574
8097
8805
8973
7721
9106
7560
8621
7802
8921
7564
9889
8803
15237
12133
7912
7794
9948
8673
10360
8191
9186
8194
8460
7922
9040
9040
8377
8355
20897
8788
9529
8131
8878
8388
7515
8809
7943
9540
7662
8348
8943
7719
9726
7454
11239
11653
18637
11480
8581
15969
14323
9757
10261
9193
8900
7964
9462
8107
8807
8712
8040
7652
7542
8098
7879
8548
8195
14832
15092
10642
9455
7851
9016
9213
11088
9794
9866
7698
10839
15604
10037
14774
9176
8551
9157
12582
17249
8575
12814
7728
8598
9121
8092
10206
9441
10389
14572
7802
8379
7794
9799
8837
9020
9579
7842
8956
9235
9584
8976
9687
11192
14974
12048
9652
8411
7931
7979
7769
7563
7796
9450
8230
9305
8109
8374
8671
9296
7815
8113
8724
7716
9692
8040
9866
13054
13073
10925
8841
9178
8451
8403
7858
7665
8010
9511
9109
8577
7772
8008
8761
9503
9121
15786
10351
9688
9231
9236
8275
8290
8154
7999
8952
8010
8717
8810
7649
9701
8415
7558
8614
8938
8200
9736
11127
17306
7957
7933
8604
8210
8321
141678
8471
8312
8083
9107
7793
7629
8687
8888
9736
9876
15564
11260
8222
8615
8240
9039
8900
8049
8677
7994
7668
8456
16980
13429
8365
9258
8546
7779
8798
9567
7403
8041
9483
8057
8787
7711
8056
7390
8492
8043
7794
8555
8446
8955
9219
9234
8154
8069
10000
8565
8208
9964
9671
14027
10135
9169
8095
8345
8230
8215
9384
8384
8015
8743
8665
7980
8101
8168
8531
7847
8398
8258
9056
7816
8326
8261
8138
8678
8478
9667
8384
9553
10326
13461
11095
8800
8171
9885
8504
7954
9019
8671
9111
8716
8646
7973
8063
17771
16393
8877
8111
9020
9277
7945
8777
7967
7981
9281
8075
10415
9658
8367
9707
15984
8215
12730
8660
7718
7753
10148
8418
8594
21083
9945
9066
9337
7707
8481
8185
15156
9320
9702
7774
15203
10226
9042
14748
8728
9001
9376
9960
17878
10953
11176
8575
8211
8165
9854
8235
9020
7562
9529
10194
17578
9272
8567
9323
8206
8360
7747
8241
8131
8800
9078
9248
9343
8174
8885
7869
7605
10328
11409
15337
8804
8177
9259
8636
8192
9611
8405
8019
8304
8315
11268
7984
7768
8476
8093
9183
8009
9276
11295
16550
10815
8147
8240
7864
8140
7676
10777
9061
7581
7533
8338
7657
9215
8077
9216
8353
8023
9195
8145
8543
8854
10796
18377
11010
9097
7903
9525
7870
12543
10441
15499
10625
8646
8358
8243
9184
7392
7547
8125
8405
40569
15243
10047
8726
8502
7928
7942
8126
9242
9587
7412
9550
8794
8590
10525
7586
22731
8929
8697
8203
8968
9222
8465
19461
12135
9193
9192
8377
9266
8353
8358
8373
7599
8166
8777
9413
7453
8278
8637
8238
7790
8379
8251
8186
7702
7812
8456
8512
9089
8677
7307
8760
8303
7828
7624
8833
9327
9777
177946
10313
10241
14796
10411
8757
9443
8400
7958
7757
8022
9378
7882
8360
8213
7548
8352
8000
8569
9088
10013
9599
15426
13297
7533
8840
8623
9682
9126
7899
7774
7377
7810
9157
8727
8104
7964
7637
8884
8473
7902
8176
8748
7798
8652
7979
9241
7671
8033
7932
8297
8151
7758
9563
7559
10013
9631
18199
10164
8913
7888
8292
7953
8327
8691
7686
9282
9155
8856
8553
8389
7487
7871
9120
9097
9835
16912
9267
9776
7879
8595
8393
8234
11465
11476
8344
7817
10680
12022
13502
12998
8886
8713
8047
8494
9075
7855
7461
8595
8034
8233
7899
8256
8185
7943
10482
9693
16194
8868
10441
8996
7574
8920
8765
8202
8676
8943
7939
7437
9094
8301
8135
8327
14338
18707
9521
8795
8839
8441
8777
17898
14820
8967
11321
8173
7756
8071
10406
7688
8050
9138
9059
8266
8234
7979
7815
8332
7694
10431
10900
15249
11753
9215
8584
8879
7538
8861
8990
8408
7733
7879
8032
9098
7876
8393
8786
8637
8056
8656
8805
7865
9361
9467
11128
14294
11020
9471
7564
8246
8450
8676
8594
8176
7902
8876
8325
11955
8294
10006
11069
17238
9040
9542
14273
14480
9811
10271
8719
9456
8944
13482
8392
8948
11230
14880
10501
8622
12473
9337
8185
8502
7811
10232
8815
9842
14438
11057
9615
8486
8717
8660
8000
8978
7749
8892
8121
8385
8057
7467
9423
8080
8871
8606
9183
35505
16955
9784
9259
9407
8733
8451
8957
7791
10081
10175
9394
14569
12061
8215
9079
9051
8569
8458
9421
8591
7557
8555
16697
13116
10398
9007
9214
9261
7651
13840
9548
11021
15868
8425
10430
8774
15261
9399
10108
18435
8382
11072
8988
13841
15049
10031
9354
8764
8973
7655
8072
8833
8342
8599
9876
7523
8448
142667
14932
11446
7850
9471
9142
10535
8455
9308
8879
8395
9271
11005
9343
17015
10561
9790
8516
8715
8189
8779
7925
7558
18193
12941
9859
7926
9385
9423
8635
9520
7989
8171
8794
8461
7770
7563
8592
8900
7794
9097
9111
10319
12648
16839
9211
9571
8833
11404
10468
9364
15302
9409
8589
8103
7708
8323
8657
10026
8099
10708
8180
8184
8639
9073
7754
7769
8117
9241
8670
7476
8065
8938
10556
9773
16064
9095
9180
7971
8789
9249
8957
7692
9784
8730
7334
8492
9045
7593
7890
9739
8800
9509
11175
10131
15220
8998
10139
9062
7744
8665
8066
9389
8578
8487
9049
8611
7717
7735
8215
8737
8005
13165
15800
10434
7882
9112
8538
8093
8358
9628
8898
9016
8670
7638
7538
8078
8338
8604
8194
18005
16317
7468
7669
10635
9628
7873
15787
15973
7790
8360
8993
7992
9045
13668
8634
8989
8746
9629
16817
10053
14842
9288
9415
7939
9010
8836
10058
9152
14469
8423
9162
8514
10122
9373
8107
8984
8525
9058
7678
8515
8218
9369
8077
7544
8959
13195
18195
9661
7910
7676
7521
8300
8376
8194
10013
8136
7939
8597
9219
9511
9360
10092
16005
11164
8104
8004
8800
9342
9606
9164
9338
7385
8995
10140
9010
8299
10782
16228
9922
7641
8029
9812
8039
10113
7625
8814
8406
8220
8200
9270
7494
9279
7441
8707
7976
8066
8338
7393
8753
8648
8961
9340
8855
12415
14576
13104
7993
8692
7517
8527
8185
7966
7792
8636
9109
7748
15417
17259
7507
8374
9918
9579
8960
18425
12270
8334
8057
8809
9272
8539
14196
9564
10607
8653
15807
8762
8218
14207
8073
7907
8112
8466
8185
8896
8993
7772
7471
9035
8014
8441
7548
8781
9507
9538
15711
11699
9724
9227
9193
7853
8276
160067
7666
9035
8201
8107
10655
16365
10938
9885
8744
8456
8283
10480
9815
8103
8194
9279
8027
8517
8205
8355
9288
8697
7998
7841
8185
9302
12260
13516
11144
8801
8374
9156
8277
14453
7973
7563
7808
8415
8574
8174
7625
9532
9218
9505
18802
11487
9572
8821
9227
8571
8157
7540
8956
9416
9093
9442
15331
11251
8189
9912
8335
7829
7773
8564
8370
7605
9092
8984
8415
7708
9015
9296
7965
8896
9420
10785
10725
15087
9936
8715
7792
8073
9168
7827
8259
8999
9243
8607
8089
12912
8856
8739
9681
14645
12840
8612
10374
8585
8013
7754
8346
7557
8997
8459
7685
8681
7645
9503
9242
8344
9052
8440
10350
18051
12129
8112
8723
8876
9423
8093
8655
7769
8989
9241
8703
11026
14280
10349
9415
12061
9509
8191
8521
8234
8471
7600
17116
12707
9584
10744
7743
9098
9465
12745
12726
13513
7916
8414
9743
9294
14000
8074
8179
9158
7829
8074
7889
7965
8080
8527
7555
10203
10910
18185
11307
9353
8195
8377
8071
7816
10023
8232
8725
9380
10292
15245
9992
9235
8792
7933
8758
9277
8248
7768
8775
8013
7780
7783
8935
7972
8017
8916
8859
9024
7853
7897
7690
7748
8415
13247
16890
9318
9980
9950
8979
8208
11417
9444
8312
9147
15767
9671
10839
12743
8671
7711
7554
9136
8890
9779
8676
10148
17435
10674
7856
10422
9402
9266
9761
9838
10023
13502
7630
11574
9128
9448
8801
8631
8536
8379
7619
8536
16430
14470
12972
9167
9141
7622
7506
9278
7841
9241
8128
8861
7769
7660
8392
9020
9411
9804
11040
15579
9007
10390
8564
8494
8071
17466
18931
8513
7533
9031
8936
9435
10292
7758
8365
7753
8354
8530
8558
7634
7487
9157
10187
10253
15566
9337
10722
7785
7629
155867
11047
9810
9144
7988
8942
9683
7641
8975
8543
9220
10292
15912
10041
7996
9385
8334
8544
9171
9328
9168
10787
10275
19672
8504
8928
9133
8700
8459
7753
8483
7400
7661
8553
14282
9592
14603
8519
9707
8533
11548
11244
8794
8353
8201
8323
8195
9918
10257
13792
10051
9367
9475
9287
8384
8178
8950
7967
9438
8605
8876
9020
9416
10787
12974
16608
8044
10362
8476
9190
7994
7482
8439
8842
8332
8062
8784
7683
7437
8061
7679
9658
8814
10756
9379
14045
10554
7743
8931
7972
7912
9988
8877
9231
7755
9271
9203
8625
7877
7776
9215
7950
7733
7693
10567
10295
10936
15517
9467
8801
9796
9217
8610
8346
8125
7634
8653
7873
7932
10897
7451
7974
8965
9114
11312
15114
15785
7920
8612
8457
8993
8100
9318
8387
7717
10530
19058
12257
9637
7935
9488
7790
8441
7910
16263
14110
8148
8209
8194
8197
8378
16066
8978
7648
7661
10481
16175
11214
15184
7962
8042
8876
8117
7754
9523
8159
10235
12206
10819
10530
8543
8820
8735
9334
7630
8608
7686
8794
7517
8177
8230
8058
8037
7601
7979
8835
8148
9073
8260
8994
8646
7931
9086
8543
7990
7715
7831
7710
8852
9978
15323
14887
7956
8254
8425
8009
7653
10458
8454
8411
8502
8024
7975
9414
8641
8969
8017
10065
10816
13269
11763
8751
12472
8088
8793
7892
8765
9128
8025
12870
15328
10374
11462
7938
9402
7782
10382
8776
7759
8372
7673
9430
8442
8320
8135
11165
13998
12658
9235
8054
8533
8769
8211
8354
9639
8813
7901
9061
7400
8995
8635
8795
9575
9620
19039
9628
8695
7979
9237
8762
8967
8097
8707
9137
8186
7733
9629
9371
9290
9921
15457
9487
9702
8180
7575
9538
8110
8154
9038
8409
8407
8250
181209
8569
8461
8374
10825
9325
9641
14605
10695
7830
8523
8213
7995
8842
8130
8369
8835
8496
8458
8435
8757
8952
9024
7955
9270
9222
8921
15600
15369
8359
8597
9417
8653
8451
15400
10266
17138
11676
8737
9279
7989
14292
16497
11387
8723
8972
9190
7613
8448
9120
8562
8227
8496
7757
8196
8184
8149
7705
8049
8476
8294
8120
7645
8072
8051
8741
9272
8430
12528
15726
10472
8985
9236
7630
9144
9179
9030
7861
7746
7724
8383
7962
7992
8953
7943
7407
8370
7746
8302
7574
7430
9523
8043
8124
7676
8748
7654
7358
8477
9152
9192
8061
7903
8947
8211
7800
8144
7794
8006
9191
8987
8123
8212
7572
8617
9980
7836
8357
9570
16194
10419
8183
8847
9382
7598
8799
9442
9041
7854
8284
7808
7671
10431
7916
8396
8926
8849
10371
8727
9833
18850
7776
11790
8707
7621
8786
7771
7789
9461
7836
8371
8002
7888
7566
7805
8200
10239
9218
11246
15443
10229
9229
7939
8211
8286
12184
7993
7733
8266
8462
8729
8204
8365
7589
8264
8035
8989
8357
7557
8112
11221
8197
10033
15520
10615
9360
8468
7920
8294
8851
9229
8306
7970
8018
7652
7750
10112
8835
17153
14779
8698
9184
9081
7907
8994
9600
7842
8352
9300
9185
8754
7592
8710
9743
10362
18647
10082
9766
9068
7925
8333
8072
8838
8179
8235
7652
8225
8858
9082
9061
8394
9842
14782
11066
56979
7940
11319
10028
9497
8262
8252
9383
8505
9323
8594
9773
10020
14540
9231
7944
10022
8378
8627
8676
10056
8012
7789
8483
7771
8346
10953
9262
8591
7772
9872
10995
15739
9907
10703
8897
8224
7647
8730
7848
8218
8085
7997
8555
7548
8235
8728
7915
7998
9091
8041
7969
8693
8015
8826
8344
9046
8000
179846
8996
9415
16179
10789
9657
8014
8173
8889
8554
9080
7733
8390
8922
7960
8755
8466
14720
9591
9073
7968
9108
8695
8984
8500
10199
9592
18851
7969
8372
7763
7600
11519
9020
15907
14974
8643
9231
8889
8575
7924
14258
7864
7544
8794
7810
8230
9115
7808
9803
9480
16283
10724
8468
7562
8526
7938
8564
8687
8158
7938
9287
8632
8833
8254
8990
8264
8574
8895
8719
8634
8015
10205
9798
19252
12980
9094
7667
8107
7915
7815
8205
7849
9766
9071
10625
18024
11005
9422
8485
9765
8476
8338
8140
7712
8958
10908
16597
8062
7845
8721
9338
9474
9612
11515
8352
8452
7764
7639
8978
9866
10728
15425
10020
9515
8005
9277
8158
8787
8564
7811
8655
8129
9090
8731
7403
9252
8082
9182
8600
8819
7538
7685
7578
8600
8726
10000
11274
14755
9118
10139
8001
8158
8984
7744
8325
8153
9568
8245
8250
8060
8797
8322
8765
8826
8591
8031
7797
7883
7750
10011
9973
10264
18657
9560
9275
8398
8424
9318
9171
8106
8126
8792
7702
8834
7790
7454
9017
9393
11468
15570
11002
8714
8848
8051
9400
9705
8482
7663
7761
8475
9600
7777
7692
8577
7990
9196
9223
7789
9774
10010
15830
9490
9007
9121
8487
8580
7562
10882
8178
8175
8790
9309
9149
9172
9107
10281
15933
8795
9735
8656
9279
9577
8564
9871
7713
13279
18274
9659
8305
8593
9234
7761
8838
14074
8749
9166
9993
18319
8996
11572
8343
8338
9380
10886
9479
14681
10205
9042
8359
9655
9439
7532
8421
8605
9150
8248
8766
8012
9107
8736
7841
8017
8252
9707
9446
11230
15430
10180
9177
8178
7828
9458
7990
8490
7610
8379
8693
9434
8519
7864
8041
8358
7626
8413
8435
7834
9177
12080
12637
10107
9708
87524
8877
8507
9003
7809
8061
9510
8215
8184
8639
9155
8806
9118
9102
10104
8596
10165
15883
7910
10754
8611
8342
7466
8529
8205
8045
9189
12360
17127
8758
10000
8847
8450
7748
10225
8944
8571
7815
8867
7953
7937
8755
9046
7474
9020
8576
7984
8164
8316
8344
9163
9072
10989
13743
12151
9290
9104
8327
8753
7624
8920
9083
8180
9423
8158
8210
8497
8350
9023
11251
15631
10924
8561
8720
7813
8254
9838
8314
7776
9344
7882
8174
8553
8030
9084
7472
9637
7792
9237
9356
7725
10569
15159
11952
8775
8588
7928
8765
11955
7717
8271
9124
8041
8751
8654
9419
8784
13501
16220
9160
9585
8544
19861
13283
8394
8878
8592
7948
7784
8389
8837
8773
8119
11603
12365
15348
10420
8225
9947
8376
7928
7908
8174
8784
7671
8217
9227
8131
8703
7839
8839
9107
8341
9130
9070
7621
7630
9078
7753
8907
8400
9956
9869
15061
12702
10450
9641
8157
7599
8215
7493
8233
9052
8384
8892
8455
9851
10643
10386
17437
8618
8499
8531
9200
8579
7671
8441
7965
7954
10298
8254
7596
8554
7595
8615
10088
9956
16407
11435
8594
7772
8451
8397
8594
9880
7446
9371
7887
9394
8591
7948
9440
7337
8194
8063
8075
10242
9384
8766
15777
10281
9448
9408
8996
8359
8754
8174
7907
9148
14964
16758
7469
9927
8547
8364
8002
16121
9133
9696
10854
16868
9091
8962
7892
12148
8880
7486
7600
7667
8815
8639
7719
8912
9372
10342
19109
8589
9308
9138
8322
8290
7494
10263
7688
9845
14642
11715
9509
9645
8071
8589
8838
8046
8502
8434
7827
8325
9079
8825
8265
7410
8797
7389
7712
8900
8811
7713
8751
8886
8112
9056
8840
12497
15528
9157
8253
8164
8351
7939
11825
7587
7984
192946
11561
9282
8658
8415
8085
8728
9678
7614
8887
8195
8003
9254
10000
8805
8004
7657
18052
9933
8214
8035
8546
8745
9276
12490
13963
9635
10187
7642
8266
8012
8425
9241
8993
10647
8235
7773
9229
7866
8395
8499
7962
9250
9255
8806
13645
13615
7696
7830
8835
8407
9420
8259
7957
8256
9280
9112
7533
8497
8287
8430
7975
8028
7573
8754
7646
7783
8928
7594
9660
9257
8007
9317
8124
7890
7964
7571
9040
8928
7572
9861
10615
12320
11887
9168
8631
8777
8944
11594
8565
8175
13614
16864
11254
8567
10421
7976
8599
8638
7701
9018
8474
9750
9005
9066
7749
9685
16127
10951
9034
7671
8683
9124
8293
7843
8602
13117
8803
9635
10699
15714
9973
8994
9940
8915
7407
9051
8538
7775
7838
8800
8809
8067
8321
8838
8189
8598
7717
7786
10205
10282
11131
14952
8740
8483
9092
8406
9219
8967
7741
9371
9052
8812
7958
7770
8857
10134
8527
10097
17966
9418
9013
8498
9497
8154
9028
9192
8214
8364
9423
8391
8664
10210
15863
8531
9401
9426
9261
9434
11869
8164
7460
8815
10060
8862
8656
9509
14619
10646
9133
7771
8340
7752
8737
8800
8553
8242
8081
8297
8379
7764
13496
7920
8157
8493
8034
8056
8254
8136
9016
9179
10476
15964
9841
8715
9247
10386
8626
8768
17432
17192
8477
9211
7614
9183
7620
16814
14681
9143
9480
8196
7833
7813
8712
14528
8230
10377
10988
15719
9288
14113
8998
8808
8093
10341
10000
13448
15999
10175
8006
8089
7430
8984
7658
9235
7546
8392
7793
9065
8717
9460
10881
18881
8349
11398
9332
8579
8687
8522
10616
10864
15302
9037
9942
8597
9412
10102
8771
8896
7851
11345
11083
15918
9589
8188
7907
8062
9163
8364
8132
8149
8384
159365
8084
9201
8350
7825
7909
8815
8567
7784
9184
8084
8374
10499
10220
15445
9682
8705
15261
10687
9256
8694
8451
8435
8252
9243
8492
7582
8681
7725
7625
8977
9168
9054
8894
9078
10094
10494
15292
9338
9282
8908
8642
8105
8832
9010
8682
8776
7779
9138
8360
7693
8482
11259
10803
18096
10038
8509
8068
8414
8362
10212
7974
8867
9229
8192
7973
9327
7902
9007
12629
14266
8998
9022
19623
16558
10770
9019
9134
8255
8203
8169
8707
7762
10263
9558
7649
9012
7841
8112
9210
8102
7967
9441
10179
15875
10692
9026
8556
8838
8548
9404
8824
8699
7944
7302
8479
7962
8750
9137
9332
7941
8018
9470
9070
10967
19410
10137
8948
8269
19994
9803
10849
8443
8586
9198
9182
17541
15117
8459
8632
7973
8975
7701
10029
9041
8491
7613
8186
8643
8803
7715
9336
7890
8821
8567
8471
8597
9084
9532
16015
10849
9164
8071
8555
9620
9741
7873
9445
8429
8405
7796
8084
8813
7581
8150
8735
7709
7470
8203
8446
9148
8131
8297
8882
8322
8478
10320
13394
12779
10166
10596
8833
8269
9228
8495
8302
8669
8996
8550
10059
9944
18364
10144
13017
8789
8828
11030
14399
12272
8101
10542
8308
8108
8805
9045
8193
7830
7804
9379
7237
7913
7790
7740
8880
8194
15259
15259
9909
8097
9405
9734
7952
8564
8078
8933
8814
8643
8542
8611
9292
7708
8737
7921
8476
10890
13532
8334
12681
8234
8901
15917
10075
9671
7794
13585
10827
9412
11234
8954
8430
9041
7553
8485
9716
9092
16229
10148
8331
8143
9815
7803
9354
8783
8615
8253
7987
8381
8473
7810
8734
8106
8916
8003
7871
8174
9519
8841
8865
7558
8833
8013
9424
14706
14579
8602
8328
8914
7907
8431
9705
8972
8597
152782
8849
8133
8214
7676
8792
11310
9013
8046
9804
10071
15489
10338
13682
9293
8095
11952
17748
9465
9034
9359
9085
8533
7600
8391
7666
8395
7611
8897
8502
9202
8808
10847
15121
10565
9610
8800
8268
7516
9138
8635
8881
9148
7522
8620
8051
8973
8892
8451
8036
7974
8334
8445
8337
8242
8165
9579
8787
10912
15346
11468
7994
8198
8136
8619
9481
9309
8350
8918
9060
8164
7768
8194
8633
10072
10502
12065
12253
8566
10685
10629
9140
8261
7940
9117
8775
9236
10416
11040
17355
8832
10781
8841
9403
7528
8474
8167
8364
13276
15213
10379
9235
8730
9004
7861
12630
8649
7912
10467
10389
15615
8697
14421
7810
8998
7540
8654
7937
7502
8854
7775
8909
7671
9876
7592
8174
8977
7471
9202
9774
7749
10739
15507
10725
8572
9637
8928
8979
8374
8244
8825
8768
7709
8834
10499
9519
12572
16370
8196
10054
7972
8769
8543
7492
9280
9041
7886
8682
8030
7912
7836
8614
7933
8432
9240
10447
11712
13505
9544
7835
9477
9343
8736
8580
8295
9739
8559
8235
8344
15032
14673
10216
9241
8785
8611
9215
12035
7532
7446
8179
8790
8769
7692
8623
7691
8557
7869
7755
9689
8657
10435
17285
9689
9652
8474
10519
8292
7733
15838
18051
10695
8618
9168
8894
8443
10054
10664
13474
13297
7974
8408
7987
9158
8201
7594
7753
12749
8616
8550
7936
8394
8490
9138
8635
9620
8818
14928
12810
9000
8475
16381
9799
14727
8217
10148
9109
8756
14134
8214
7955
8482
8780
9538
10703
9130
18038
8995
9616
8500
8551
8866
8551
8412
8754
10567
9738
15283
9400
10915
9381
7387
8927
11088
9015
9224
11023
15431
11166
9622
8602
7751
9073
9598
7866
7625
7984
8148
9079
9940
7626
7997
8098
157876
8686
8470
7610
8608
7929
10000
8762
10166
9342
18564
9383
9564
7634
8292
8959
9164
18783
7723
10196
11457
10241
8913
8056
9425
15199
10084
10904
8767
8118
7932
8512
8148
7871
9351
8832
8616
8009
8314
9261
9543
10277
9863
14352
12710
8708
7991
7781
9323
8363
8095
8152
10443
7631
8033
8435
7912
7954
8179
7658
9135
8605
7730
8097
7993
7629
8437
8835
8605
11592
9841
11604
13333
7755
9531
8059
12869
7656
8435
8597
8994
9538
9815
11854
16544
8603
11007
7975
7973
9620
8082
9316
8198
8056
7603
8907
9638
7432
7557
8161
8237
8894
8779
10642
14649
15679
8153
8602
11338
9874
13592
13240
14199
8127
9056
8837
8096
8062
7891
9035
8032
8342
10029
18050
11360
8623
8184
7424
7846
8092
14761
9988
9835
7614
13691
15379
9343
14854
15690
10276
12013
8010
8975
9363
7882
8143
8443
7714
8262
8219
8495
8521
8016
8651
8589
8308
9038
10304
9044
9467
16000
8531
10493
8369
8092
8357
7733
8614
8953
8194
8451
8348
8986
7572
7801
7635
8035
8347
9365
8848
9846
10400
16247
8408
8892
8065
10360
8169
8194
7724
8525
7910
8312
12118
8636
8186
8854
9190
9652
12698
20088
7919
7973
8071
12010
9289
9748
17313
10102
8926
8869
8917
9245
8635
8111
8121
7610
9084
8505
10483
14978
11445
7965
8550
8809
7751
9461
7885
9002
8882
7680
8990
9410
9223
8368
8739
11411
10209
15737
9364
11071
8835
7806
7953
7960
8627
8151
15005
14128
14946
10193
7780
9527
7921
11177
9708
9622
15992
8859
8912
8441
14526
7729
8856
8170
8518
8614
11223
17545
11338
8338
7818
7815
9203
9187
8854
7574
7472
8427
8025
8480
8720
8246
8964
7421
8831
8193
8728
7739
9389
9434
7768
160986
15420
10605
7820
8424
8958
8435
10261
9166
8603
8424
8553
8220
7815
7661
8391
8069
10074
10165
11608
7665
13249
8679
9917
8364
9646
8207
8600
8503
7961
9065
8298
9499
8877
8632
10436
12324
13996
8292
8403
9079
8071
8876
8377
9630
8468
7978
8294
7654
8302
9001
8795
7830
9032
7581
9405
8915
8538
10508
9492
16839
11746
9209
8430
8991
9733
9321
10065
9804
16480
9999
8520
11592
9177
9435
9002
9828
11247
13518
11866
9530
8393
9358
10973
9409
7422
8922
9460
10176
14924
13336
9207
7567
8336
7594
8020
8321
7885
9700
8574
9131
8112
8195
9285
7613
9851
7481
8707
9745
12183
16897
9771
17392
15293
11108
8454
8255
7671
9087
14666
8824
11832
15128
10938
9584
8161
10861
8005
7799
8193
8373
8948
7813
8075
7485
7983
10842
8949
11167
15640
8780
8794
9241
7570
12076
9256
8134
8526
9118
9364
11263
8353
18041
8041
10661
7715
9459
8774
9426
8477
9496
9560
10035
17159
8842
9465
8476
7695
8094
7501
7783
9299
9246
7607
8140
9079
8445
9416
7814
8364
8958
8063
8800
9000
7748
8496
7946
7774
7800
9127
8433
7555
8600
10362
13181
13266
9261
7751
8903
9605
12934
8594
7855
8738
9199
10765
15430
12496
8313
8372
9214
7822
7707
7598
8658
8601
8709
9540
8399
11097
18093
11572
9414
7977
8205
8717
9388
7676
8333
18644
10401
9278
8543
7813
9772
8660
10282
7703
7723
8396
10468
8809
7461
7921
8102
7594
9193
18598
13336
8731
8211
8760
8059
8133
14975
10793
15716
9825
7379
8856
8155
15492
7902
8647
9128
10164
13329
14579
12287
9231
9143
8322
15643
10841
7571
11802
9304
7498
8049
8846
7938
8679
7712
8131
8641
8762
9389
9606
9645
8851
14296
11290
140219
9414
9118
10697
11189
16744
10564
9903
9441
7870
9284
9346
9261
9417
11240
11027
15024
8775
10576
18950
19937
13994
9040
9530
8305
8468
7977
13028
8960
7451
8766
7882
7931
8430
8425
9478
11423
12889
17050
8727
8717
8685
7690
7353
8812
7630
9427
8544
8838
7734
8712
11063
9580
15252
10141
9071
8657
8143
8331
7707
8902
8372
9109
7913
8015
9178
7737
8086
9221
8775
7946
7579
8995
9261
8870
7995
10093
14848
15042
9538
8543
8951
8193
9794
7591
8557
10206
9922
14960
10228
12282
9665
8022
7798
8463
9025
9277
7569
9974
9612
16396
9778
9056
8729
8228
7949
8379
8053
8794
8025
7634
8492
12510
9589
9814
15515
10984
8191
8205
14165
8352
7596
9018
10634
10061
9717
8861
17579
8473
7930
9174
8087
8437
9645
8515
8896
8798
20138
9850
8374
9574
8794
9164
8853
11102
7545
8599
8512
10218
9690
16217
14943
9150
8597
8574
8415
8593
8351
8304
7660
8216
7802
8940
9244
16307
13837
9850
8679
7941
9178
9074
7692
8282
7744
8050
9565
8815
8046
8424
7931
7955
7422
7952
9125
8114
8126
9784
9078
10298
18939
10457
8497
9454
8753
8000
9448
9128
10317
9816
15459
9192
9570
9035
8944
8349
7863
8764
10541
9338
8893
9307
11318
14874
11918
8840
7900
8107
9500
10297
7928
7707
7415
8108
8634
8091
7691
8856
7769
9332
8567
7752
8922
10358
8532
8598
10969
8487
14041
9656
9440
8299
8264
8145
9158
7789
8097
8997
9707
8018
8165
8582
7571
7766
8621
8729
7827
8233
7952
7801
8697
8203
8354
8065
8437
9033
8303
9049
9502
9572
9810
18005
9415
8224
8957
9081
8461
9600
7984
8707
9808
8779
8787
15416
13494
8009
8083
8079
9646
8762
9631
8608
7991
177595
9458
9481
9788
11511
15848
10246
9816
7471
9446
7537
9123
9256
8353
7552
8862
7546
8688
8419
8016
9472
10198
9435
15575
10196
9518
8733
9626
7703
8377
8837
10161
9902
7615
8335
9284
7490
7686
9108
9882
10467
16245
8633
8646
9574
8494
8024
9648
7750
7971
8810
8333
9004
8323
8422
9087
7868
7863
9488
7708
9723
9643
12092
14416
9279
8320
9478
8405
7948
8002
8241
8133
7780
9552
9379
8956
8287
8133
7683
8384
8962
8570
8624
7440
17161
14932
9837
9317
10379
8734
7775
10393
10162
16039
9502
14556
8944
7902
7616
7345
7945
8188
8011
8976
8015
9100
8525
7764
7702
8957
7753
7499
8507
8917
9077
9257
13276
14540
8599
7991
9373
8438
8557
9076
8636
7723
8788
8113
11108
8204
7890
8585
8105
7753
8519
7607
7979
8805
8191
8143
8443
7728
8436
10328
12683
14758
9055
9310
9158
9134
9153
9373
7553
8691
7712
8874
8775
7733
8381
10104
8997
18292
13003
8720
9189
8710
9402
9018
9180
9867
15845
10372
8712
9164
8482
8853
8381
7782
8926
7610
16866
15578
9205
8606
7769
8050
9121
10659
8201
8558
8215
7764
11205
7451
7671
8607
8330
7633
15227
15163
8448
10739
8129
8516
8050
16038
8887
14239
15469
8184
8782
9489
15981
15662
9071
7948
7785
9610
8116
10189
8261
8103
8152
8958
8733
7628
8733
8302
8276
7603
8594
8069
8360
9436
23571
7708
8974
8437
8518
8947
8494
8282
7756
8608
8861
8074
8387
9164
7841
7400
8919
9137
8714
8255
10082
8704
13348
13661
8715
9664
8331
7646
9561
7422
9135
8441
8653
7897
9910
7764
8112
8200
7578
8635
8062
8112
8154
8053
8401
8376
8500
8871
8159
24031
9480
9303
8288
9230
8177
8384
16329
13572
195871
12989
8994
9343
8196
9023
8432
7597
8572
9002
9451
7692
8516
8750
8573
8298
8128
7840
8230
9337
8534
8156
8716
7589
7851
8768
7785
7650
8994
8959
10085
15356
9622
9246
8674
7709
8637
8044
7990
8856
8670
8307
8058
7442
9237
8440
7691
8294
8953
7971
8220
9162
9281
9114
10655
16810
12605
8034
9825
8336
8937
9008
8577
8985
8453
8431
9021
9814
15475
9066
12284
7652
8454
9204
8619
7865
8635
9358
8211
7972
8418
8311
7969
8397
7864
7729
7969
7980
14594
15544
11428
9295
10912
9135
8092
9891
10506
10503
16048
8471
9366
9036
13284
9000
8714
10513
10004
18934
9381
10073
9023
8209
8579
10252
10730
15082
11563
8662
8587
9203
8164
8183
9225
10108
8862
7512
8706
7752
8172
8634
9169
8564
8977
10755
14925
10214
8816
8754
8523
7440
9063
8161
8028
9329
8260
7962
8513
8165
7604
8866
9138
8545
8344
8713
7959
8934
8972
7988
10671
9691
15779
10174
7933
9528
7970
9800
8600
8564
8561
7667
8274
7964
8755
8368
8375
7634
9069
8107
7970
7559
11711
11711
16903
11021
7769
8776
8804
13323
10294
14839
11369
8782
8072
7374
15726
8633
11374
16208
7994
10179
8560
8028
8292
9433
8375
8092
8306
7510
8251
7623
8375
8365
15041
10593
14960
9664
7512
8384
8635
14533
10218
7752
9186
11123
18714
8908
14357
10528
15073
7871
9705
9577
9213
9315
8514
8117
8939
8505
9180
9380
9185
8146
8358
9707
8676
10379
16156
9759
9637
8030
9230
9309
7687
9220
9357
9125
7448
9210
7906
7954
9407
11266
16179
8794
10692
8189
9616
7852
8982
7578
7471
9123
8388
7661
8886
7887
8848
8107
8431
7762
8908
7774
9138
9227
10282
10173
12394
16164
9018
12302
9507
9919
160512
16649
10259
8553
8614
7989
11053
9984
9434
15380
10093
9409
9666
11315
8184
8195
8103
9666
9032
8576
7957
8532
7836
8297
8011
9185
8420
7567
10080
10280
10123
14882
8485
8926
9882
8278
8546
9271
7569
8061
8175
8152
8075
7913
9241
9051
8846
8214
9153
8074
7562
9343
8982
7820
9946
10590
16979
9584
7938
8194
8480
8225
8283
7795
8231
8113
9347
8575
7583
8505
10663
8205
10389
9452
8751
10439
14680
9795
8517
9137
9500
8477
9497
7492
8261
8204
7996
9280
16594
17528
8505
8692
8495
7805
9354
16806
14358
9638
9090
8623
8703
9858
12446
7841
7733
8756
8186
7943
9745
7990
9177
9955
16282
11129
7756
8473
9836
8105
8475
8297
10774
9301
10737
10874
15453
9497
9969
7839
9432
8915
8560
8456
8753
7962
8240
8364
8227
7646
8410
7559
8554
8199
7863
7787
9276
8984
8482
7496
7957
8911
8581
10739
18949
10402
8384
8260
9002
9448
11660
10866
15153
10789
8837
9052
8724
11451
8765
8387
9222
7501
8329
7905
7447
7566
8317
9053
8349
7996
7807
8348
9443
9401
10313
14881
11241
9319
8331
13957
8656
9000
10621
15637
9184
7925
13964
8128
8556
8857
8604
8149
8290
8320
7487
7682
9153
16606
13015
9032
9073
8555
7989
9061
16981
9933
17168
10153
7953
8371
9247
18570
14497
9000
9657
7918
7964
9034
11876
8828
8928
9384
10022
15446
10644
9347
8635
7911
8154
8435
8594
9018
8651
7897
8392
7844
7672
8825
7800
7677
8600
8280
7659
8112
8534
9286
8895
9824
11243
15976
8171
8051
8869
8240
9376
8970
8595
8286
9349
8297
9390
9194
7459
7673
8969
8309
7662
10633
8849
9918
18348
9488
9398
8799
11029
8232
7357
7885
7729
8666
7962
8364
8224
8389
185284
16629
9723
8425
8850
9446
12015
8012
9428
10024
11245
13816
8123
12262
7964
8584
7769
10025
9393
9442
9996
9466
9971
10871
15974
9509
8383
7681
8957
8301
9080
8844
7670
9305
8809
8712
7844
7998
7777
7615
9162
8645
7515
7875
8102
8496
9016
8953
7989
8415
7651
10374
8777
10977
14557
15542
7968
7972
8192
8538
9271
8374
8067
9425
9815
11603
14774
8146
8815
8192
9374
8205
7958
9429
9005
8124
7579
8385
7699
9005
8997
8403
8985
7909
10260
8600
8471
10233
19380
8870
9112
9599
8266
9551
8017
19072
11612
9509
8497
8978
9236
8271
15687
14194
10692
9902
8569
8596
8144
15805
8605
9200
9688
14954
10684
8319
13092
8774
8563
7576
7461
7786
7758
8976
8145
7598
8704
8212
9386
7852
8299
7767
8070
8278
8284
8245
7955
8546
8038
7842
8713
7486
9807
10261
19022
9765
7625
8554
11784
8352
8050
8542
7937
8063
8387
8788
10092
10385
15308
10718
8887
8260
8540
8430
9625
11906
10348
8397
10947
14742
9891
9004
12032
9095
7541
8862
7732
9076
9896
9853
12752
12612
9345
8769
8615
8584
8087
7720
8193
8777
7861
8713
8565
8471
7763
7573
8302
9436
8092
8032
8429
7877
8275
8614
8842
8953
9045
8361
10365
10030
11720
15189
11537
8204
8505
9263
7813
8312
7873
9054
8763
7746
8213
9215
9006
10922
16041
8317
9189
7745
7492
8692
7574
8909
42139
15277
9839
8446
8598
8460
9614
7838
7601
8755
8429
8430
7865
7672
8361
8794
7968
9030
8697
8466
8102
9035
8253
8633
7589
8759
7854
9338
10123
9625
15734
9544
9490
8717
8256
7856
8429
8438
9435
7963
9179
11461
11910
12337
13260
8627
8046
9348
12300
9246
7933
7760
7968
8277
7562
7774
8381
8137
185072
15754
10185
9644
8587
7761
9622
8822
8136
9477
7558
7641
9201
7724
9155
8733
8666
9205
8277
9279
8382
8071
8034
7808
7515
8757
8963
9477
8441
8661
9165
9759
10046
15921
9657
8643
7994
9018
9347
8133
9527
8012
8141
8266
9177
7530
8411
8113
10624
9406
8698
18875
11029
8143
7820
10841
10171
8282
7919
8989
11299
15645
12858
8634
8897
9218
7508
8788
7533
7874
8355
7804
7897
8032
9018
7653
7825
14851
15187
11265
8762
9222
9088
8163
9480
8614
7949
8448
7955
7864
7856
9165
8021
8977
8169
15984
14339
7565
11166
8375
9491
9121
24266
10104
8758
10465
8218
8154
9218
20255
11539
7944
11768
8108
8177
9032
8953
9184
7619
8759
7796
8846
9822
7892
10430
9724
15676
8943
9653
8712
9897
8213
8193
7816
8176
7615
7944
8348
9000
8564
9859
8963
8214
7546
8558
8143
9061
11412
15062
10816
8782
8577
7997
9190
9468
9155
9306
9097
9085
10055
9113
9622
18229
9010
8829
9600
9456
8577
8597
7904
8432
9115
10484
9418
9493
14772
9380
7893
8545
9220
9243
7488
8373
9384
8334
7831
8549
8377
7620
8364
7671
8907
7661
7677
12080
9645
10200
15645
10565
8110
8985
11307
8692
9316
8177
9175
10500
9912
10466
13176
10394
9758
8148
7600
7988
8394
7410
8893
9539
17843
17004
8353
8744
9321
8764
8353
19621
13789
8417
8994
7956
8126
7918
7816
9014
8830
8514
8677
8794
7910
10375
8941
7564
9074
7757
8633
10355
10041
15712
9042
10307
8995
9784
8225
7670
7728
8689
9784
7926
8586
8190
7510
8177
8079
8599
7675
7997
8712
9388
7976
7564
9550
10418
9782
16138
10238
8405
8173
8801
8641
9473
8697
11810
8739
7995
9675
18405
12227
8687
11710
9096
9189
151200
7328
8591
9070
8953
8574
8023
8413
7740
8988
7687
8241
9940
8394
12812
17874
11494
12165
9978
7627
8564
8681
7892
8592
8914
8918
8224
8393
7589
8158
7652
8580
9339
9620
10743
15861
8353
8438
8132
8942
7917
8997
9495
8445
9005
9039
7825
9007
11190
9691
9095
10384
15882
9010
9995
11568
7514
8215
7912
8978
7915
8738
7515
8200
8187
8033
7516
9464
8748
7426
20517
9127
8377
11080
8970
9064
10928
12531
17487
12520
8955
9297
8984
8062
9158
7699
7785
8251
8415
7620
7999
8465
8341
8490
8338
19679
10140
9620
8355
8094
8241
8385
8100
9338
8376
8977
8387
9221
8799
8557
8849
8777
9695
10252
13859
12082
8113
9415
7753
8404
8217
8158
8791
8808
7992
8176
8403
8134
8846
9036
8044
8295
7409
8619
8986
8012
7607
9195
8897
8300
12736
14853
10405
8781
11603
8807
8212
7805
8606
8631
8336
8473
8186
8498
9128
10546
10723
18601
8880
8163
8228
8610
8335
8433
10020
8694
7795
7418
8149
8065
8164
7913
8241
7892
8289
7551
8458
11372
10474
14284
14017
8291
8752
8429
12687
10081
9532
9292
14319
11147
7812
13197
8584
8777
8401
8312
8298
7949
8775
7920
8620
10273
9461
15792
10826
8646
9112
8994
8134
8415
8572
7616
9297
9283
7544
9073
8527
7632
8810
8487
10001
10604
14722
12055
9163
8994
9170
8133
8144
7940
8003
9010
8878
7932
42034
13470
9864
9487
8856
9138
10287
11128
15882
9157
8312
8126
9661
8068
9122
7767
8092
8101
8004
8162
7887
8066
8748
9477
8154
8892
7589
9204
7791
8482
7770
7830
7736
8153
10937
8935
7984
8536
7589
9617
10896
14333
13754
9725
8650
7523
7831
8352
8146
7573
8114
8738
9261
8780
7673
7950
8515
7876
194648
9055
8819
9381
9687
7983
7946
9952
8634
9219
8107
8656
7939
8103
22147
9548
9759
10965
8091
8221
8010
9205
7510
9286
9220
8065
7679
8947
7493
7462
7831
8042
8465
7981
10070
9324
10544
12398
12710
8461
10869
7972
8900
8532
7775
8098
8183
9334
7469
9228
8830
9338
8502
8211
8411
8124
8416
9102
8441
9931
15482
11140
8038
16101
9523
8444
8945
15608
11679
8091
9000
8417
9053
9228
8790
9527
8659
9893
8834
10725
18287
11032
8846
8996
14417
14724
10086
8592
10389
8404
8158
10434
7701
9152
8335
8284
7789
7818
7847
7875
8911
7770
8328
8634
8072
8362
8919
11001
16032
8698
9210
8590
7823
7824
7765
8789
9459
8647
8161
7707
8486
8232
7981
8312
9217
8603
8185
8693
7625
8195
9332
8684
7570
8763
8196
8726
8706
9047
8777
7872
9502
10443
14337
11101
11516
7943
8107
8696
7995
8335
7651
8368
8482
8127
7930
8320
7871
8241
7410
10405
7387
8806
8220
8495
8694
7632
7452
8282
11000
10622
20164
10710
8608
9076
7514
8505
8126
15181
13959
9140
8677
7944
8463
10425
13880
7994
7861
8737
7556
7733
8776
7839
7650
8520
8255
9520
8583
10456
9505
16547
9970
9528
8194
8753
8945
8701
9433
7565
8425
8449
7762
8007
8336
7902
7408
9229
8168
8410
7927
9774
9358
10415
14891
8959
11331
9015
7592
8084
7651
8849
9078
9846
9953
8892
53032
14967
11875
8220
8379
9180
8665
7741
8692
9595
7513
8351
7997
8437
8896
7595
8011
7735
9094
9160
9487
8747
8577
7642
9381
9607
14933
15623
8824
8554
8184
7717
8677
8412
8328
9247
8791
8610
8574
8251
7939
8382
8659
7440
8043
9863
9578
18666
10650
8245
8646
9146
8874
8216
8907
7996
7788
8844
193897
7929
9235
9237
11661
8282
8194
8979
8292
10124
10335
15104
9982
7495
10523
8504
8232
10531
8149
8882
8881
9259
7394
9304
9063
7458
8175
9337
8258
8638
8235
7815
7947
7854
9789
9499
9699
10887
15184
9976
9584
8532
9723
8225
8143
8515
7650
9361
8050
8193
8010
8972
8235
8389
7728
8492
8282
7847
9204
9577
10565
18652
9184
10553
8647
8421
7846
8407
10871
9605
10211
13691
11785
7972
8663
9415
9141
8436
8030
9003
7695
10425
9230
8345
7964
7867
8807
8292
8255
9283
7816
11149
15345
10529
8774
7670
8419
8206
8102
8119
9720
8123
8259
9645
7782
8061
8697
8153
9215
8998
9266
8510
8212
7943
9633
8845
10122
16242
8490
9010
8312
8310
7668
8777
7810
8733
8087
8723
7904
9405
11686
9251
11128
9867
17810
10271
8697
12199
8086
7563
8421
7572
8791
8296
8192
8505
7640
8102
8910
9849
10271
15138
9846
7769
8263
8110
10066
9201
7595
11934
8340
7723
8839
9001
9963
8201
7704
8089
10237
15020
14481
8546
8365
7990
7570
8933
8290
10460
9159
8233
10008
8457
11005
13897
8456
10378
8616
7896
7572
7978
8579
8313
8085
8589
7715
7836
11470
9006
8675
8693
7572
7809
7629
8088
9309
7874
8356
8308
8931
7558
9015
8219
8394
7951
7812
8771
7721
8122
8561
8394
7675
7640
9084
7559
8538
7753
7758
8194
8287
7757
7624
9191
8400
8498
89787
8441
8855
9217
8693
7659
8666
10027
8251
11507
14476
9804
7871
10289
8666
7566
7995
8435
8202
7953
10297
8851
7331
8041
8249
7553
11447
7820
8763
8592
8698
7671
8003
7933
8225
8876
11121
9661
15784
10666
8972
8570
15569
18242
11731
8405
9741
8982
7366
8283
7829
8378
8825
9265
7981
7467
7743
8890
204694
11059
14239
8545
8733
9170
8213
9002
7920
8564
9207
7919
7904
7871
9168
7410
7924
9077
9580
8396
7996
8778
7958
7923
8495
9236
9232
7685
7873
8114
7786
8128
8417
8393
9986
7635
7924
8724
10099
9382
11917
17051
8370
8610
8292
8029
9037
9367
8596
9067
7358
7779
8154
9351
8092
8983
7909
9682
8704
10128
18446
9496
8986
16106
14641
10647
9800
8570
9622
8791
8822
8132
8816
9322
9093
8673
9635
10854
15434
9358
9649
8712
9041
7543
9484
7964
8176
8143
8415
7773
7958
8733
9189
8656
8764
9396
13446
14907
10010
8584
8024
9205
8810
8371
8405
7697
8924
8993
8794
8678
9276
7627
7775
8517
8380
9060
9468
8287
10177
17494
10775
10527
9598
7673
9573
8128
7843
8699
10099
9465
10485
9139
8748
8400
8799
8205
7680
8071
8274
7969
8009
7733
8656
7780
9773
8456
7538
9322
8070
7825
8901
8071
8277
8617
7991
9351
8028
7829
7587
15889
13432
9273
8237
8193
9423
8378
13636
7364
8136
8554
8442
10145
10599
9702
14224
8718
8642
12841
8928
7462
8184
7800
8974
8410
17333
17020
8100
10893
8444
8456
8840
17609
12015
8215
9620
8239
8645
8116
13683
8158
7569
8858
8467
7638
8711
7815
9567
10167
15825
10650
8752
9642
7623
9009
7384
8353
7871
8695
7822
9043
8351
8938
9285
8932
10344
7647
9338
8902
9477
10527
15258
9600
7966
9795
21508
15142
8665
8402
9992
7769
9224
7751
7576
7710
8020
9850
8848
9622
8555
10215
10194
13928
8926
9823
8553
10463
10121
8435
8630
8563
9352
7969
9564
9559
11092
14614
10020
7932
11538
8153
7721
8604
8224
8111
7866
8006
7902
8374
8659
8088
8111
8653
8849
9175
9521
7830
7869
7711
9884
7358
7740
8451
179457
8205
11342
15365
10532
8861
7808
8197
8198
9620
7814
8816
8930
8251
8373
8075
7490
15080
9387
8712
9508
8353
7983
8350
7917
8903
9779
8664
15081
11981
8776
8206
8334
9677
9262
8250
8115
8338
8015
8490
9033
8592
8953
8995
9035
7944
8571
9328
9676
12458
13979
8499
7743
9203
9964
7714
7891
8093
8524
9487
9977
8435
7446
7897
8189
8874
7773
8953
7802
8603
7721
7558
8035
8157
15871
14971
9646
8061
8768
8730
8351
15741
9626
9401
8992
17498
11666
8384
13762
15810
8538
7825
9600
9295
9236
8809
8897
8220
8000
7843
9138
7644
8769
8584
7438
7881
7859
7943
8702
8902
9141
7630
8887
8645
8995
7722
8598
7792
8196
8451
8776
9014
9166
13758
15023
9226
8066
8342
9736
8331
9250
7773
9070
7634
9182
8847
8044
9647
8165
7789
8550
19483
9026
8589
11707
8553
7322
8627
8494
8919
7527
7937
8368
8356
7831
7592
8498
8676
8494
8890
7676
8722
8127
8116
7878
8333
8429
9590
10661
12533
15766
9342
8762
8836
7815
8400
9041
20826
9641
7808
10698
8813
9066
7597
16912
15574
9474
8774
10884
9588
7592
10397
8240
8715
9076
8570
7552
8071
8156
17190
14583
8350
8495
8517
9314
9000
9222
8294
8278
7512
8710
8536
8594
9029
7459
7845
8953
7655
9621
10727
13769
13976
9616
8643
8227
8517
9217
9022
9107
8671
10691
15286
11102
9342
25887
11527
8996
7811
7815
8051
8189
8468
8639
9346
8200
10128
7925
8685
9071
8679
10543
10843
13746
9177
9174
9296
8628
7940
8109
7821
8614
9411
9166
7875
8957
11664
10646
14134
12923
9990
7293
8107
7605
7948
8000
8107
7790
8568
9662
8545
8288
8657
8836
12217
8187
10374
18641
11501
7735
8682
13210
9435
176119
7919
9432
9231
18556
11450
8278
9541
8541
9193
9779
9706
8996
13296
13213
8805
7736
17787
8788
8913
9543
7870
8803
8204
10664
9379
8482
11066
14745
9161
8605
8256
10157
9005
7892
9301
8485
7697
8403
8388
8581
8360
8216
8508
8623
7621
8818
9284
7512
8857
7904
8859
10536
10820
15549
10560
8316
8572
8033
9219
8953
7912
8015
7571
8451
7856
9100
11143
10803
14381
9596
8153
9438
8037
9015
8681
8031
9102
8449
9539
7622
14495
11959
14876
8300
9509
9446
8005
16730
14743
9971
8553
8577
9332
8970
10409
7589
8956
9020
8814
7634
9587
9030
9991
9140
12833
11810
9186
7772
10127
9416
7833
8288
8113
7869
8896
9447
8459
8541
7811
8415
7923
8886
7659
7571
8360
7675
7723
8859
8740
8798
7545
8513
8456
7522
8636
9078
11512
14873
9479
11421
8139
7668
8061
12972
8552
8798
8236
9219
8674
11846
21658
11353
9934
14747
9651
10731
8985
10463
7646
8649
8931
8518
7851
7701
8384
8471
7887
7820
9590
8145
8222
7605
15338
14897
8186
8605
8333
8613
7867
10058
7761
8079
10597
8825
8899
7423
8727
7899
8133
7949
17489
13426
9682
7747
8022
8289
9402
16177
8594
10009
18426
8865
8792
9512
14424
9643
15974
11379
8737
8897
8677
11502
10710
10202
13922
12001
8367
9348
10076
7687
8181
8167
8181
8199
8576
9184
8608
8651
8737
8492
7793
8856
9297
9251
9377
10855
14857
10674
8464
9521
8177
8451
7812
7718
9149
9124
7569
8338
7773
8205
7529
8580
8141
9028
7775
7802
8979
9279
8769
7588
9656
11045
18398
9902
9624
9676
8530
10101
10785
9639
15698
24488
9436
10664
9980
15584
10276
8658
9002
9932
8108
7951
8010
7752
8352
20603
16106
8928
14369
10676
7920
122891
8143
7913
9507
9910
7702
8392
8651
8111
8226
15652
9013
9398
19487
12334
9080
9383
15002
9485
9555
9056
9233
8182
7739
8702
7797
7980
14736
8844
8737
8596
8732
8450
8327
18230
8977
8467
8056
8737
8430
9662
8536
9576
7451
11678
14877
11256
9592
8639
8196
7770
8258
10573
8655
8836
9294
9178
7957
7815
10005
9538
17154
13495
9390
8605
8774
9308
9035
9513
15467
12013
9458
8899
8241
9463
8405
8701
7861
7807
8491
8131
8374
8980
8953
8078
8148
8658
8922
9429
10325
17071
16870
10162
10800
16522
8071
8841
8191
11019
8445
8562
7666
8107
8348
7766
15099
15748
11330
7654
9001
8310
8459
9500
7909
8657
7601
10464
7915
7450
8505
7751
7812
9335
7883
8627
8050
9051
7600
8576
7951
8030
8754
8141
8084
10153
8687
15482
11928
9097
8814
8046
9659
8755
9002
8095
8042
7771
7532
8323
9012
9138
7830
9391
8654
10045
9662
12970
15764
8235
8415
8506
9403
8305
7951
8194
10676
10764
15697
11597
8756
7789
8677
10668
8775
8433
9410
9441
7589
9195
8246
14485
12295
9482
9235
8778
8814
8270
8755
7748
8278
7980
8234
7824
8024
9207
7534
8484
8782
8744
7947
7786
8733
8056
8213
7771
15760
15202
10039
8112
8800
8456
8482
14264
11435
18466
8956
10079
8150
9718
13089
15942
10102
9619
8186
8173
9028
12272
7911
8039
8859
7779
9005
8315
9620
7878
8594
10060
9893
15308
9638
8141
8137
8848
9604
10495
7753
9206
8117
8505
8333
8536
9291
7586
8783
9580
8787
10273
15759
9864
9770
8639
9579
8203
8113
7777
7902
8806
8670
8633
8609
7964
7863
8449
9136
7656
9952
10782
9143
18067
10740
8716
9501
10362
8614
7667
10304
10414
15018
10984
11924
9246
8314
142810
17171
11267
9261
8869
8084
7676
8711
8266
9595
7876
8297
9694
7474
19400
9194
10813
11066
18579
10784
8743
9784
7484
8073
7816
8571
7960
8461
8359
7518
7792
8983
8048
9737
11338
13787
10443
9232
8462
7934
9275
11845
8033
7923
9020
8230
8817
7680
7793
9953
8334
9005
15792
12658
8685
8738
8115
7897
8456
9030
8591
8591
8608
17108
14395
9209
9435
8528
9615
8590
10858
7938
8974
9357
8953
11487
17393
12831
7597
7953
10655
8533
8299
7841
8714
8394
10215
16016
14049
8259
8110
8560
8458
8083
7878
15153
9550
15046
10180
9222
8895
7865
12452
8153
7744
9470
10184
9061
16578
15188
8587
9002
8968
7763
7610
8808
7801
9199
8394
8031
8118
8215
7821
7695
8495
8199
7648
8083
8637
9641
10625
17425
9969
8938
7797
9002
7933
7977
9644
9092
9037
8594
8815
7792
11342
9928
15598
9984
8441
9328
7792
9175
8593
8882
9369
7919
8821
8317
9071
8614
8397
7748
10404
13129
13465
11711
8807
8606
9298
7927
7887
9336
8015
8357
8316
8233
8937
10465
9349
9429
16714
8274
8784
8976
7618
8379
9158
8650
7620
9436
8187
8734
7932
7963
9010
8148
8270
8394
16677
13676
10613
9187
8037
8548
8876
17347
18515
9980
22712
11122
8379
8661
9535
8498
8041
9379
8542
9195
8284
11416
9447
10211
15505
12182
9294
8499
9409
8753
7905
8783
8123
8693
7563
9328
9562
10684
15734
10618
9768
8596
8282
9648
7716
8179
8235
7863
7642
9515
8604
7475
7653
7973
8558
9063
8445
8152
7775
8767
9248
11609
10181
15559
9399
8211
9567
8685
7871
9167
7673
8307
7953
8028
10535
7671
7980
10112
9750
8033
9797
10097
18488
10323
10844
9010
8136
9705
9735
9933
15994
13103
8492
7260
133075
8455
8699
9417
8669
9424
7491
12456
8889
11375
18380
10624
9132
8791
15085
15246
8761
10546
19035
10888
8308
7994
8436
8720
7801
8892
7981
9560
10040
9275
9646
15075
10368
8774
8145
8817
7937
8196
8433
8441
8984
11888
8015
7459
10334
9155
9875
16647
11447
8115
7969
9149
8259
8454
7934
8633
8199
8744
8061
8953
7772
8784
7507
7985
7887
9195
7795
9097
7578
7809
9362
7489
9120
7606
8606
7933
8372
7751
7979
8840
8282
7712
8823
8387
9458
9576
15183
10544
8743
7830
8521
10020
9267
8404
9370
8632
7763
7948
9360
7484
8397
8646
9126
7644
8490
10319
12974
17064
8595
9194
9018
7835
8354
7989
7548
8395
9175
7731
8796
9311
9044
12000
14443
11512
8534
8389
8338
8595
8149
8955
8429
17386
13669
10693
9235
8859
9367
8506
8395
8394
8221
8704
8802
9928
9616
10430
11682
13486
7967
9661
9127
8275
8889
7409
8687
8108
9641
8644
8369
8548
7848
9516
8554
23334
10908
8000
8182
8355
9651
9256
10643
12466
14799
10302
7871
9316
8602
8899
8605
7610
8112
8571
8831
9246
8809
10208
8400
10958
14917
9962
9662
7743
8545
8016
8299
8331
9128
9136
7635
9568
8250
8331
9283
10130
11733
15946
8707
8316
8543
8794
9579
9107
7989
8076
7924
9555
7899
8917
9223
8748
8673
7466
8466
8615
8794
7773
9217
11062
18356
10307
7993
8227
8840
7874
40428
17476
10965
8607
8798
7837
7698
8898
8782
9949
10687
15188
9828
8673
9547
7754
8317
8662
9261
8184
8248
8280
7805
7792
8780
8099
8133
8528
9257
8046
8342
7888
8828
7661
7984
8723
8432
8749
7830
8172
8592
7557
8651
8876
9918
9468
10633
14865
9968
9121
8743
9564
8041
15082
12871
12841
7594
8958
165311
7956
8201
8452
7917
8163
8251
7977
13132
14567
10440
9310
8675
8372
9158
8420
8512
8902
10428
9060
13472
15270
7855
8471
8123
9200
9438
8208
7984
7906
8247
9526
8708
7777
14733
15281
9933
9379
9609
10289
9593
8315
7690
8234
9075
10418
10774
15632
7471
11197
8283
8558
8074
8129
9317
8354
8311
8613
8694
8352
8829
8154
8753
16846
13397
8156
10422
8231
9419
7543
14191
9369
11097
19817
8955
8867
7814
23861
8390
9716
8358
9437
8603
7712
8948
8128
9166
8758
8451
9147
7845
8575
7886
8511
7926
20616
10433
7572
10356
8707
8635
8263
15435
10100
14288
11841
9000
8263
7697
13960
7819
9538
8826
10614
17950
9165
16386
10250
14805
11317
8887
8321
7897
11653
8752
8538
9267
7709
8254
7964
8397
10179
9150
13964
12210
8404
10477
7912
8394
7866
9543
8383
8250
8330
8006
9601
7550
9259
8821
9717
8329
9534
10777
15663
9557
9200
9459
8635
8119
7841
8395
8163
8997
8679
7528
7403
9029
8937
8599
8299
9040
7790
8081
9071
8215
7968
8040
8268
9960
9374
9615
17333
9828
11388
9105
8293
8719
8377
8215
8702
8425
10495
9921
15367
13098
7471
7979
8207
7851
9199
10469
12065
10461
13968
11119
8133
9034
7936
15794
10011
10705
15733
10640
8369
8998
12710
9013
10866
9551
17317
10130
8993
8973
8721
9644
8136
8831
8804
7625
7836
8663
8710
9203
8430
9015
9507
7935
10615
14974
9565
11659
9258
8515
8265
8538
8603
7975
9287
8619
10515
15328
9600
8907
8323
10343
9316
8215
7871
8113
8578
7712
8366
7922
8287
10573
7632
8403
8625
8541
8013
7462
9286
8767
11227
9823
14271
11654
7626
9164
9117
9046
8815
9457
7725
8725
8186
7458
9037
8757
9338
9170
9839
137651
15489
8973
9360
9337
8998
8533
7962
9176
7657
7639
7851
7972
8253
9593
8637
9010
9435
9336
9316
9572
15764
9400
9194
9542
8003
9348
8092
8674
8533
8336
9241
8126
7833
8294
8230
8713
9577
9519
9887
16226
8983
9052
8631
8920
9697
8158
8985
8014
8967
8396
7646
7730
8831
9307
7631
24224
8480
8810
8301
8497
8233
8926
11098
8576
8139
9359
10841
15245
8833
8768
8805
9230
8226
10378
8051
7942
8498
8688
8559
8482
8475
9067
7432
7993
9038
8173
8453
8149
8174
8396
7910
8596
7485
8274
9961
8490
9045
9781
15570
11055
8131
9220
9850
8246
9220
8142
7892
8580
8231
7758
7846
9164
9008
8957
9647
9538
15328
10451
9013
9247
9012
8346
8446
7751
8239
9417
8335
8450
9410
7856
8950
8617
7931
8056
7675
8615
8931
10019
9235
18230
11260
8021
9302
8905
11224
9797
11861
15013
8583
9748
8167
7819
8198
8193
9666
10580
9246
7331
8445
7502
7811
9525
20978
9425
7709
8170
7992
9054
8011
16347
7556
8150
8557
9256
9375
10271
7967
16151
7579
9425
7994
8959
9054
8937
8458
8753
9081
9225
9317
8286
8517
8432
9088
11071
17715
10643
8006
9854
8303
8193
8177
8039
9125
8897
7730
7731
8596
8396
9470
10343
10162
13347
12487
8179
8578
7985
9034
7973
9002
8909
8306
9190
8784
8154
7656
9793
8461
9797
9925
10042
15866
8404
11619
38749
11299
13785
10214
9176
8134
9241
8046
7794
8416
8456
8053
8537
10304
8174
7841
8585
8438
8034
7752
8618
8553
8192
9758
18747
12626
9438
8184
8950
8164
8649
9400
8353
7984
8569
20514
7831
8347
7789
10143
8020
8150
10302
8066
8078
8031
8706
8385
7440
8051
7682
8739
8201
15199
10466
15066
11244
9702
160260
8071
8584
10606
9053
15768
10138
9223
9448
8102
9453
11056
8825
8155
7753
8192
7695
8061
8385
8644
10007
16179
10380
9965
10334
9312
8584
8528
8855
8377
8997
7887
8688
8340
14547
14248
8673
8475
8794
9713
8377
7753
9228
8410
9312
9649
8059
7992
7471
9217
7999
9323
7649
8658
8497
8705
8495
8323
8622
12112
17312
8671
7974
9730
10524
8171
8137
8569
10112
9176
7992
10065
15220
9599
12710
9303
7704
8235
9381
9015
9389
8475
10723
14026
12493
9372
9016
9037
8173
8150
8596
9697
7758
8476
8123
8711
9124
8462
9065
10415
9821
12405
13577
9415
7948
8631
9589
8043
8869
8226
7895
8694
8279
8682
9217
7548
7616
7866
8475
8644
8745
9335
11475
18633
9539
8959
8897
8924
10767
8548
11948
15667
9882
9608
8160
8871
9902
9108
9729
7935
9770
8003
8979
10155
18256
8135
8951
8528
8756
8593
7543
8171
8687
8630
8807
7618
9046
7579
8350
8184
7785
9774
7903
8054
7861
8279
8196
9081
7752
8285
16989
14087
8087
8682
7851
9343
7852
15348
7608
8564
10008
9456
18552
10472
15889
11739
14027
11127
9118
9270
7649
8347
10482
8482
7914
8323
8656
8939
8841
9047
9980
14800
13064
8863
8278
8363
8861
7892
8156
7852
7912
8603
8414
7800
7782
9007
9373
8026
9148
8570
8497
8309
8413
7873
9877
9992
14625
11980
8684
8691
9308
8968
8010
9045
16420
15068
10358
9532
8707
8405
7733
8412
8254
8861
7934
8169
9133
8056
7670
8652
9257
8257
8025
9256
7787
8536
193889
9096
7985
8599
9616
8876
7790
11097
9286
10250
14761
9550
8967
9415
8072
8081
8333
7925
7731
8800
8068
7939
8326
8363
7569
7976
7972
8789
7793
8631
8375
9119
7796
9743
8238
7829
63743
10591
10805
8835
8974
8279
10020
7776
8326
8307
8321
7796
8384
7613
7702
8311
8888
9318
8374
7835
8958
8410
8165
9607
9084
10856
14994
14969
10099
8714
7928
9312
10079
16010
14724
8782
7692
8271
8214
8523
8902
8133
7591
8679
7593
8800
8466
8348
8236
8296
8273
7947
8538
9785
9441
9606
17866
10164
8354
10470
9333
8966
7483
8751
8210
7808
8128
14649
14283
10663
9687
7533
9696
8301
14276
9841
9197
8793
13799
10328
9150
13784
9779
10014
9887
15066
10484
9524
8919
8958
8595
9128
9179
7904
8567
8847
9016
8318
9536
8889
10102
18620
10319
8696
9089
7895
7968
8444
8140
9399
8778
8230
7688
7651
8586
7616
8329
8415
8346
10414
10542
12866
14078
8918
9800
7650
8604
7873
7700
8586
8230
7996
7882
8497
7947
8796
8837
10241
8589
9016
9426
11064
12271
13482
11572
8886
7800
8580
8719
7916
7661
7769
8215
8259
8503
8478
11102
11028
13927
11828
8381
8620
9097
8887
7548
8178
8543
8874
8646
8676
8330
7652
7902
8973
7888
7765
7964
18289
17224
7711
8478
8943
9528
9333
13523
15528
9389
9871
10042
9434
8135
10984
9118
8694
7835
7581
9335
9658
8796
9578
12513
12420
9861
8187
8016
10199
7583
8107
8859
8854
8817
7794
8560
8543
7542
8282
8668
9120
8815
8773
11241
15513
9867
9971
8016
9236
9348
8589
7394
9194
9528
8592
8632
8001
12049
18236
11030
8448
8130
7991
8809
9666
8112
8640
9419
8240
7770
8763
9665
8907
8851
9511
15918
9285
12386
8707
7732
8792
8984
9065
8576
7542
7970
8468
8386
7812
8638
8628
7771
17274
12676
9674
8371
8733
7970
8398
10242
7378
9454
8207
8979
9164
7742
9000
11251
14903
12252
11015
7585
7544
8538
8148
171333
11801
10226
8717
8681
7797
8196
11074
8512
7615
8815
14538
15523
8913
9213
8836
9105
9155
8871
8786
9378
7693
8687
8774
8552
7887
9263
7913
8435
8179
8393
10529
11079
16490
8169
9320
7697
8928
9169
9317
9256
7840
12490
10432
17275
11959
9699
9000
9123
13578
15025
9921
8000
9977
7976
8418
13743
9359
8064
9822
9656
15522
9042
8992
8237
10246
9441
8986
9303
7815
8035
8281
8147
8324
10949
9286
9769
12892
11679
9362
9880
12048
9294
7759
7645
7861
8728
10049
9386
10827
17776
11926
8628
7666
9523
8979
7886
7769
8280
8430
8051
7808
8612
9184
8610
8436
8537
10774
14469
10884
9526
8128
8212
8353
8438
7923
8216
9743
8283
9181
10361
8464
8158
9177
8664
8010
9960
14931
12912
9031
8593
7900
7893
8739
8582
9289
9158
9718
9591
7909
9600
10526
14886
10561
11509
9224
8518
7690
7825
8181
8245
8701
8846
8749
8429
9324
10198
12892
15528
9215
8552
8632
8317
9172
8061
9320
8117
7849
9841
8856
10784
9426
15541
13568
7469
8049
8652
8353
7682
7795
8856
8302
8182
8002
14414
13984
10441
8405
8830
9411
8676
14139
7841
8574
9255
8841
9611
13918
12494
9708
8906
9344
8986
8233
8758
7780
7789
8740
7664
8224
8342
9148
8674
9364
9029
11241
17880
9044
8321
9598
8456
7766
8850
8049
8480
9399
8598
8738
7989
8027
8417
9870
10972
8059
16774
10119
10669
8255
8332
8446
8453
9359
8378
7946
8683
8015
8813
8041
10223
9558
15246
11292
9685
8386
9623
8687
8233
9156
9444
8209
8165
7918
9729
8384
8567
10905
15758
10388
9238
7930
8286
8696
9040
9199
7571
8252
16071
15481
10251
10231
10824
7796
8158
10112
7415
8231
8608
8087
8442
7582
8312
8353
166082
14198
9234
9618
8359
9267
7712
9241
8564
9058
9015
12733
15172
7914
9094
8200
10445
8767
8774
8797
10475
7958
7701
9219
7589
7600
8813
7687
7969
8362
8579
9235
8382
9438
10723
15805
10610
9024
7931
7830
9148
7872
14218
7621
10073
10237
9640
18401
10679
14115
12454
13720
8410
8576
7913
9026
8603
8996
8153
9722
9411
8912
8426
8597
8252
9428
10279
15797
11905
8473
9482
8319
9741
9457
13111
16110
9903
8550
9087
8578
8392
14418
8583
7870
8499
7834
9827
8794
8221
9268
17882
13614
9401
8213
8923
7982
9928
9784
9610
14891
10202
9708
9613
8565
8281
7881
7814
8895
7615
8988
8593
7943
9356
9276
8043
9076
11008
15823
8568
10941
8923
8158
9646
9247
9308
8858
8826
8172
7733
8997
7703
8365
8192
8896
9458
10459
15594
9378
8934
8062
9156
8882
8150
8214
9597
8446
8741
7574
9875
9260
10129
8489
8899
18034
10935
7904
8678
8769
8328
9635
7982
9257
8538
8428
8133
8003
11898
10194
15409
8370
9018
7994
10382
9637
7804
8146
8956
9062
8307
7649
8213
8575
7967
8045
15025
14033
12036
8983
8615
8588
8230
13494
7589
7683
8379
7959
8672
8397
9235
10403
15853
9330
9259
9579
8271
9440
8165
7788
8971
7558
9096
9200
11569
11461
11347
15579
9487
10061
9440
9004
8399
8539
7797
9989
11052
15380
9235
9607
9089
8459
8602
8300
9589
8930
9419
7513
7964
7941
9506
9837
11045
13734
10406
9371
8014
9470
8053
8726
8111
8600
7642
8716
8087
9076
9878
8938
7953
8174
8939
9107
7560
7980
8446
8368
8859
7860
8297
9915
8502
11052
14449
11210
8935
9053
8811
7530
17886
15029
10232
8719
8846
8174
8158
12992
9696
9184
18723
11757
9582
8379
18938
13108
155061
10210
9455
8888
8533
9856
8697
9945
8615
7693
8844
7931
8609
7731
8798
8018
8159
9341
8940
9421
10833
7578
7533
8820
8978
8212
9488
8538
10849
15221
9971
9351
8426
9416
9025
9027
8616
7715
8620
7891
8486
8501
16419
16705
11500
8541
9251
8623
10004
8020
8692
10902
15970
9761
8366
8008
15168
8847
7943
7584
8641
7740
8791
7805
8210
8319
8133
17764
12353
8641
8754
7767
8792
9238
14085
8613
9972
12443
13009
10439
8389
14666
8638
9424
8561
12589
15630
8436
16488
10041
15384
11412
7662
8535
8173
10748
9217
7709
8840
8178
8289
7778
7830
8435
8329
7768
8200
8676
9615
8781
8471
7821
10512
14943
10250
9223
8194
9451
8452
8478
7486
8184
8585
8491
8987
7774
9036
7607
8435
8410
7691
8056
7573
7706
8899
7666
9135
9186
7953
7921
8943
10900
16082
9600
13243
8729
7763
8010
7916
7707
7715
7524
8617
7455
7628
7691
7795
7644
8447
15493
12282
16917
8144
9188
7918
7933
20738
12496
8160
8430
8353
8163
8976
14790
8622
10379
18193
9953
9606
8628
9485
8700
8397
8072
8075
8987
8422
9328
7438
9153
7692
14865
14425
9462
9587
8555
8524
9360
14195
13528
15345
9804
8370
8867
9342
13646
15259
10891
9993
8788
9512
8275
11319
7579
7671
8264
7930
9450
7735
8195
8074
8322
8708
9338
9613
16296
11087
8676
8425
8427
8009
8497
9356
7856
8193
8730
8205
8053
8209
9239
10435
7774
8778
9369
8800
8673
9968
15893
10425
8041
9643
8059
8589
8805
8431
7907
8150
8213
7832
8429
9256
9174
9567
8231
9981
10260
15743
8772
13512
8956
7895
8747
8813
8909
8737
8034
7974
7489
7679
8379
8560
9634
10655
18770
9360
9261
8515
8055
9410
8118
10841
8703
141948
14344
10873
8328
8497
7857
8287
8241
7909
8372
7708
11124
10571
7542
9158
8425
9722
9892
9602
9220
13109
8107
8551
10030
15265
11532
9584
11930
9108
8830
7882
7532
8837
7813
7672
8635
7767
9215
9479
9096
9644
17374
9841
9412
9136
7923
9618
8797
7529
21108
9737
10469
8797
8942
8465
7611
12251
8354
8447
10388
11063
15605
7538
13489
7410
8215
8187
8743
8092
8167
8213
8001
8051
9210
17646
13906
10821
9606
8082
8574
8913
16103
17290
9613
9015
8922
9746
9270
15836
14119
8692
9044
8045
8993
8620
12774
8117
8533
8210
8680
10335
10159
9968
13656
10688
9093
8572
8479
9801
9234
8997
8186
9064
8366
8656
8050
9918
15267
11792
9783
9567
7964
8980
9359
8857
8310
8764
8330
8614
8857
7692
8297
8707
7792
10235
10482
18233
10765
8751
8377
10184
9324
8323
9642
9835
15359
14994
8713
8909
8233
7959
7847
7854
7726
9542
7704
9149
8588
8194
8439
8996
8932
8299
8656
10063
18012
8598
8129
9206
8018
7814
8573
8214
8733
8575
8478
9157
9290
8005
7494
9088
7785
9480
9088
9721
12912
13506
9215
8605
8009
8494
11676
9275
8391
7522
7472
8232
8200
14902
19425
8224
8983
8135
7771
9225
16874
14167
11497
9341
8807
8455
8818
10077
7876
7678
8170
8868
9149
8280
8283
9701
9725
10202
14790
11441
8615
8726
9476
7958
7826
8138
8836
11383
9740
8599
8797
9176
9264
8938
9416
9971
16892
9119
9489
8765
8674
8968
8682
7994
7655
7851
8652
8906
8554
8019
9158
7567
8809
8029
8890
8861
7999
8015
8185
7705
10002
11103
18444
9936
8846
8962
9054
8807
8287
8103
9090
8368
7876
11129
14730
11096
9732
10376
9278
8547
8164
8391
8079
8827
8278
7569
7849
154674
7710
8157
8843
8895
8143
8717
11589
10383
10061
17482
11023
9142
8534
9560
8614
8795
17054
8495
8058
8951
8611
8562
9356
8671
8596
8695
8078
9296
8585
9033
8173
10065
12412
14490
11953
8574
8482
8085
8394
9926
9641
20205
8873
8841
9289
8444
7897
8194
19691
11384
8679
8410
9419
8107
9028
12112
8383
9159
10061
9258
10455
15226
15148
7405
7886
7860
7889
9424
7661
8677
7672
8771
8586
17858
13832
8009
8554
8835
8417
8070
9714
8877
7397
8412
8375
9420
8640
7690
7842
7575
9007
7999
8480
8291
9061
8200
9037
8442
9143
10240
17191
11461
8883
10200
9413
8587
9398
8643
10845
16063
8708
8446
9677
9009
7568
9197
8772
8166
9599
8616
8083
8867
7877
9099
7791
8435
8176
8568
9924
12155
15856
9025
8801
8422
10401
7923
11965
9642
8570
9258
17033
11461
8720
11001
7725
8444
8377
7967
8655
7654
8300
8651
7514
8436
7560
8841
8134
8360
8069
8559
9261
10451
9576
18446
8213
10362
7682
9709
8643
14290
11287
14825
9724
8930
8866
8353
9448
8134
8587
8333
7856
7572
8964
8116
9240
8594
7977
7521
8975
7641
8748
8092
8251
7803
7664
8796
9629
10686
16343
10228
9458
9405
9192
7653
9009
8699
7696
8964
7999
9051
8031
8807
7753
7594
7748
8553
9095
8200
11237
15446
12390
9126
8609
8313
9419
9955
7987
7627
9152
9220
9895
20758
8450
11718
8735
9045
7607
8030
8072
7368
8897
7905
7706
8973
7709
8995
8396
10563
9274
19198
11280
9243
8543
8148
9240
8373
9238
8557
8809
11075
15164
12039
9789
9350
9222
8671
7768
7771
8095
7518
7852
8200
12790
11071
13578
8545
9900
9702
8813
14846
10018
8961
14645
11283
8815
9000
10236
8594
8927
8276
7861
165915
15209
11038
9230
11415
8296
7454
8816
7729
8200
7980
8462
7743
7654
8472
7690
8850
15922
11359
9437
8000
8862
7462
8553
9168
9299
9221
8605
10974
14339
12133
8359
8362
9440
8165
8377
8757
8122
7551
8447
7817
8709
9894
8644
7551
8717
8773
7666
8742
8979
8800
9217
11100
11030
15551
8560
10723
9596
8192
8274
8462
8434
7549
8192
7742
8792
7952
7916
10340
9400
9870
17052
10148
8025
9441
9122
7397
8109
9017
8061
9165
7744
8014
7995
9226
9591
7917
8112
8571
7642
8113
8253
8237
7610
7715
9706
10045
9040
10128
16548
10145
8179
8853
8275
8644
8255
9598
8855
9239
8584
10121
9976
14658
11835
9661
7744
8020
9441
8569
9358
7806
8961
8602
8651
16825
15153
12022
9081
8143
8497
8164
14305
16026
8913
10179
9328
8883
8305
8860
8155
8947
8720
9010
7547
7961
8740
8251
7693
8839
15432
14265
8562
9067
7861
8191
9008
13735
8914
8018
9226
8731
14619
14316
14216
10065
10664
18168
8812
9125
10121
10648
9199
8188
8860
10654
16405
8928
10637
9037
8629
8478
7669
7817
8302
8568
9025
7812
7589
7993
7871
7794
9198
9480
7866
8898
8598
12384
9746
15361
9194
8713
8261
8968
8466
8441
9615
7883
8673
7998
8315
7735
8010
8312
8384
8090
7952
7828
8774
7982
10030
8644
7589
7778
7974
8436
11432
18308
11343
9687
9363
7734
8846
8030
8138
15603
16527
11635
9482
8838
8179
8579
9578
9743
10247
14782
10479
8958
8351
8889
8175
7564
9151
8444
9056
7932
11731
8152
8177
8393
9487
12309
13397
10536
8275
7987
8666
8353
8170
7698
8907
9012
7714
8312
15265
15268
10066
9984
9068
8816
9669
16443
17974
9063
11059
8353
9009
7610
9420
9276
8272
7830
8306
153305
9302
7742
9039
9212
9100
8398
8625
8338
10297
10163
17479
10040
8779
9760
8063
8283
11200
18769
8818
8470
9379
8530
12837
19698
10123
8984
10251
15300
8785
10272
9137
10758
8890
10112
10261
10005
12528
13290
9454
8746
11827
8055
8374
8211
9000
7466
9128
8025
7798
8168
8175
7974
7591
7514
8472
16039
17082
10689
8674
8379
9618
7718
26693
9017
7909
8382
8495
8794
8164
14960
14979
9906
9200
8205
7581
8296
12944
8569
9079
8535
8591
8991
9641
9216
12331
13271
7961
8619
9377
7751
9000
8896
8475
7970
15794
18507
10225
10580
8789
9269
8842
17134
13533
9834
9643
9239
9159
8906
9410
7875
7891
7693
8698
9317
10794
9208
15753
8819
8762
8394
9008
8966
8814
9035
8703
7901
7561
7977
8145
8000
8000
8065
7830
8409
8584
9260
7725
9410
8393
8944
9938
8639
9801
11912
14302
7646
10221
8236
9557
8076
9532
8176
7854
9040
8368
8451
8119
8682
7550
10241
10037
10844
17635
9928
13099
9925
8405
10812
7610
7968
8217
9901
9146
8585
7793
8977
7634
9439
8008
9059
10302
15407
10066
10041
7964
9123
9205
8235
8238
8333
8813
7895
8681
10410
7822
7585
8533
8211
8234
7713
8576
7948
8251
8603
16597
12379
7962
10512
7711
8800
8219
8609
8668
8313
8425
7856
8052
9017
7737
8115
8077
8283
7675
9304
7550
8758
8578
7857
8942
7585
7582
8620
9169
7633
8176
9217
8192
8150
8144
10056
9809
9458
15102
10355
9099
8664
9774
10121
7707
9195
8630
8023
9141
7625
8213
8088
8353
9886
9425
13410
15463
8976
7752
8192
12290
9042
10464
9263
9605
14617
11911
7976
8670
7887
8940
8865
8292
8473
7889
8617
9482
8987
16847
13134
10354
8856
8436
10098
7672
7881
7491
153319
8492
8597
8494
10998
9080
8312
9188
7848
9015
7594
7932
9287
7718
7856
8877
8558
12158
15743
8310
8900
8561
8169
7994
8836
9353
8916
7841
8373
8832
9450
8993
8230
7554
8255
8262
8178
8879
11175
18742
10174
8783
9598
8856
9808
9452
19682
8733
8580
9783
9088
8769
8523
12556
8005
9636
7668
8525
11116
15887
15775
9778
8252
8686
8898
10160
12034
15422
10107
8519
8173
8612
7552
9102
8816
8138
8583
9382
8635
7743
7729
7916
9356
8877
10011
19056
12107
9482
7870
8641
8321
9385
9051
10358
14548
11892
7824
8148
9182
9002
8091
8778
7946
8562
7804
7830
8525
9394
7709
9076
8846
8232
9261
8791
8341
10163
12475
14143
8559
9364
9102
8415
7644
10146
10942
7999
9728
8251
9515
9122
8081
8536
7808
21658
7810
8216
7779
8589
9948
8598
15931
11959
8061
9577
8107
8252
8585
7915
8737
9164
8462
10946
9231
9220
9558
9722
15761
10248
8659
9555
8044
7929
9700
9046
8850
7517
9635
7478
7707
9001
9459
10180
9199
17768
8679
10199
9106
8975
9271
8312
17270
16715
11138
8228
7845
8939
8071
9098
10836
15514
10829
9302
7833
8933
13856
8056
7752
9219
9970
10382
15265
15696
8553
8184
9348
7927
8064
8448
9180
9173
11487
13411
13316
9210
8526
7779
7520
8850
8230
15702
18543
9108
10840
7966
8361
9401
15433
14051
9075
10159
8215
8003
8142
9192
8644
8340
8471
8567
9476
8381
8852
8446
8527
8248
9081
9751
8813
8034
15562
10642
9297
9615
10587
8859
8478
8556
8733
8815
9618
10021
11670
14196
9423
8328
9268
9224
8581
8179
8651
8363
8148
7976
8074
7632
8420
8134
8314
7696
8445
7561
8344
7697
11892
9791
7958
8160
11007
16033
9319
12252
8194
7572
123112
10884
17615
8235
7882
8245
7704
9398
9068
9380
7751
10988
9512
10383
7933
16325
8766
9110
10843
15384
8154
10146
8777
9429
9108
8794
9123
8413
14143
12138
16128
8077
8766
9154
8888
9510
8595
8179
8778
10336
8690
9610
15053
8857
11290
8236
9801
8113
8436
8194
8388
7728
7953
15523
10339
15010
8056
8285
8523
9752
14482
8084
7552
8934
7615
7611
8336
8466
8036
7282
8695
8479
10130
9019
9476
15866
9355
8880
9723
8889
9339
7969
8977
8135
9240
8074
7565
9106
12881
10379
16709
11744
9001
8554
9548
8437
7550
8613
7607
8328
8122
7993
9117
9871
8800
9638
15364
9742
9018
16368
10953
11179
14742
7867
10569
7948
9012
7978
9092
9866
8482
8292
7938
9434
7697
7528
9297
7588
8635
9282
8893
11581
14762
9785
8712
8662
9648
8226
9399
7856
9298
9071
9419
10728
18229
10523
8977
9166
8803
10055
10189
10666
17878
8923
8808
8961
8801
8805
8013
8678
7823
8986
9150
8846
8633
8671
8401
8446
9803
15334
12209
9267
8071
11001
8648
7923
9617
8898
8411
8364
7558
9046
10020
10727
9358
13682
8818
10469
8652
8987
9394
8005
8953
8625
8537
8565
8807
8584
9109
11033
11259
17374
9878
7989
8438
7787
9505
7450
9333
9065
9532
10578
14760
10808
8560
8092
11086
9454
8825
8968
7817
8377
9037
8196
8533
7947
8682
7648
8746
9656
11191
14994
10466
9890
9396
7737
8366
7759
8917
9277
8171
7814
8574
8729
8277
8396
8277
9640
7889
8041
8559
8434
7851
7570
9197
17404
10875
9043
9786
7976
8347
8045
14163
7478
8166
8814
10210
10526
14426
8669
8956
9016
9298
10313
9614
7910
8608
7327
7967
8584
19347
15521
9408
8456
8610
8990
7899
23525
9256
9667
7943
8967
149285
15467
8464
7832
17758
15161
9021
8796
8868
8898
9693
13510
8051
9086
8299
9688
10476
8929
8357
8153
7962
13728
17369
10904
8226
8738
9006
7504
13416
9720
15531
10014
8491
8516
7749
11054
7995
9144
9269
9620
8091
8671
8987
9230
10932
15045
12056
9347
8393
8341
7719
8279
10817
18696
12444
8594
7665
9045
9626
9490
17608
18175
8948
7979
8679
8045
8585
13630
10627
15198
9446
8002
8621
8098
12504
8342
8410
8375
8720
7953
8213
8955
8606
7692
7956
9277
8523
8876
10088
10482
15179
9383
8462
8696
8805
8519
9613
8266
9363
7529
8861
8232
9399
9105
7430
8045
9135
7881
8117
8255
10010
10360
10943
15031
8609
8994
9484
7676
8336
8792
7892
7740
7653
8369
8914
8479
8834
8284
8203
8651
9348
10671
17079
12031
9011
8893
8782
7552
9157
8589
8189
7783
7630
9116
8078
7622
8026
8498
10345
10446
15377
8722
9017
8051
9129
9738
8708
9529
8913
9412
8184
7574
7587
9510
7633
7528
8328
8867
8835
9010
9178
11285
15153
11186
9460
8333
8988
8594
7839
8887
10125
9228
8344
8074
10770
12552
13469
10248
9028
8523
9297
8379
8135
8142
8543
9141
8723
8349
9317
8405
9061
8082
9355
10358
18217
10002
8959
7601
8934
8421
8512
8910
9130
8085
8338
8161
8144
8133
8455
19283
11400
8221
8641
8377
8056
8976
11263
8968
8616
8906
7849
8854
7698
7960
27701
7562
8474
7944
8738
9425
8483
8374
7924
7790
10927
9926
14606
9789
12261
8532
8981
8579
9270
8856
8545
15856
15806
9243
8198
10122
8504
7953
20229
11061
8803
9386
9478
9348
8738
8903
9028
8149
8220
8831
8891
8104
8390
8272
7730
10246
15378
12809
8424
9028
8221
8455
9328
15163
10344
13061
10506
9395
135707
8305
10049
8004
8769
7833
7973
8040
9455
8133
7921
8791
8394
8046
9202
7710
10219
9134
8195
7761
7554
8974
8636
8348
11133
15717
11727
7756
14417
8326
8993
10301
16106
10384
9129
14789
7932
7992
7988
8733
7850
8153
7969
7797
7896
8425
16431
17338
9569
8786
8276
9697
8894
17553
11678
9772
9598
7677
9197
8408
15748
9463
12350
14047
7784
9058
7665
16313
13698
12523
8795
8854
9320
8058
17189
19384
10649
10333
7749
8761
10329
8902
8152
9625
10164
15149
9441
8645
9158
8586
8993
8772
8011
8987
9164
8871
7748
7993
8215
8144
8525
7899
8124
7892
9922
7777
9190
9396
9775
10032
13769
9289
10738
9424
8579
9274
8743
7648
7704
8935
7670
8794
7758
8057
9251
8378
8185
7868
7961
8349
8980
8696
7895
8874
9179
11427
15366
13379
8300
8770
8641
8098
7720
8155
10400
8243
8590
9365
7882
8474
9029
8870
18804
10142
10723
9612
9179
7830
8263
11907
13512
12482
7812
9229
8749
8249
8997
8717
8056
9358
9419
8277
8029
9288
7389
9613
11798
16112
11697
9008
8774
8165
9280
9666
14032
10918
13994
9451
8559
8454
9000
13846
7779
7559
7642
7712
8234
9258
7728
7637
7848
9220
9557
8092
9475
9571
18718
9018
10715
8479
8512
9236
8648
8101
7974
7919
9174
9742
11276
15788
8942
9460
9570
9034
8212
8407
8209
7760
8830
9274
7625
8892
7703
9592
9052
8129
7825
9380
9262
8615
16468
11777
8353
8764
9372
8704
8034
9656
8254
7471
9115
8170
7557
8085
7958
9003
8141
8082
8758
9338
7619
7381
9076
8224
9960
9594
13745
12481
7998
16383
7444
9021
12733
18247
8379
8918
13402
7533
9637
10355
13303
11344
9014
14018
7863
7883
8169
8176
8097
7870
7816
8681
144225
17559
9886
9532
18717
13357
8219
9260
8164
9395
8288
16669
10277
14671
9696
9445
9580
9042
8876
8404
9010
11452
18412
10562
7702
7843
10005
8309
26271
7842
8416
8040
7691
7959
9198
9347
7856
7827
8196
9440
9049
7928
8678
8709
9287
14635
14249
8580
8979
8928
7738
8456
7959
10042
8796
8230
8134
7835
8008
7593
8607
7781
7968
8087
7594
9128
7679
7713
9287
8595
8994
8990
10257
9902
16539
9511
8167
9558
8610
8627
8796
9333
9120
8370
9308
8275
10135
9928
15923
11686
8376
8653
7910
8496
9400
9421
8955
7466
8756
7774
8948
8656
7768
8100
8614
7627
8184
9205
11307
17023
10421
8909
9477
11164
8265
7840
8887
12769
15124
11271
11358
8876
8642
8382
8317
8634
7697
8444
9451
7714
8097
8292
10258
10204
15682
10348
9323
8966
8596
8630
8723
7623
10169
8258
7347
8755
8435
8137
8423
9239
7974
8690
10401
15946
11234
9123
8590
8640
8782
9202
8389
8390
7635
8139
8783
8757
9297
9026
8438
7870
7710
9068
9665
9639
18908
9958
10035
8535
8793
7453
9664
7708
8640
8346
8207
8046
8107
8103
9051
7868
9525
10944
16211
9212
8495
9217
9740
8998
9630
7973
8722
8212
7816
8471
7780
8565
8024
7627
9039
7850
8353
8651
8508
8384
8989
10166
10530
14306
10705
8785
8794
8414
8518
8411
9013
8281
7601
8378
7466
9097
8278
10741
8794
7936
65455
8247
10044
10179
8266
8958
8634
8276
7709
9163
8650
8060
10028
10455
14701
9455
9638
9169
8778
8454
8210
9600
8779
7738
8282
11425
8917
9456
8388
11247
15823
10396
10692
8794
8121
8369
9029
8521
8637
7942
7810
7818
8518
8156
8294
7568
9426
8253
8384
8808
8584
10984
17061
10797
13813
9562
10104
15464
174475
15801
10865
7716
10476
8345
8352
9980
12991
14400
9603
9523
8199
8046
8307
9445
9017
8984
8415
9297
8791
8687
9548
12779
17341
8785
9699
8548
9648
8061
7965
8782
10271
11029
14384
9382
9977
8999
9425
8117
7928
9074
7582
8775
7918
8374
8299
9138
8236
8865
7605
7797
8441
8204
8170
7690
8458
9171
8660
8015
8599
10062
10225
15763
10785
8995
9169
8008
9348
7594
8151
9092
10343
7648
7781
7603
8169
8322
8654
9064
9182
10235
8685
9818
15847
9583
9877
8145
9975
7657
8168
9284
8844
9249
8399
7646
8364
7652
8921
7974
18020
14502
7733
9301
8196
8164
9830
9836
8472
7689
13256
12751
13071
8164
7996
10240
8161
15571
9899
16134
10268
8404
9622
8719
7826
8377
9100
7968
8454
8005
7651
8543
8709
8224
9420
14881
16929
8472
9398
7755
9157
8194
13274
9803
10832
9741
16394
10158
8066
13051
8771
7906
7869
8549
10444
9565
10313
14430
8984
8382
8246
8605
8379
9846
8112
8030
8348
8226
7991
8253
7968
8084
8499
7791
7834
9271
8201
9595
7551
7542
8828
8811
8800
8234
9815
10064
9580
15569
9409
10205
8271
8086
7958
8626
7933
7787
8047
8446
10605
9046
10016
9544
10525
14122
12281
11459
8456
7449
8899
7890
8616
8892
7902
8624
8332
7832
8361
7824
8091
8195
10817
8972
8673
9105
10562
19358
7999
17811
15384
8563
9569
9051
9643
8590
23189
12423
8816
8379
8985
8446
8937
8537
8008
9786
7938
8734
10014
14293
14420
7720
7993
8799
11611
8815
8571
8964
8425
8821
10264
10125
15809
10762
8881
8432
9490
7644
8708
7615
7689
8774
9061
9113
7944
8325
8030
9499
9917
9733
14722
10515
9334
9174
8682
8440
8569
9432
8660
8355
8215
8682
7974
7571
159668
10064
9574
15626
9313
9611
7794
7973
8589
9098
8900
8646
7678
7656
9480
9114
8317
9264
8251
8651
7981
8558
8107
9278
8179
12361
7660
8982
9175
10942
18619
9060
14864
10271
14297
11477
10471
7711
8126
9086
8374
8115
7541
9056
8618
9379
7746
8477
7937
7950
8408
7569
7921
8031
8313
7709
8885
8066
7956
7615
8320
8306
8705
7617
8049
8642
9050
10377
11476
15710
9700
8326
9476
9476
9164
9250
8123
8743
7615
9020
7656
8261
8778
7893
8185
8455
7553
8685
8427
7748
8246
7895
8000
8185
7851
8123
12650
14686
10805
9587
9200
9707
8179
13634
10173
12521
15155
12932
7822
8354
14312
14548
9087
8577
7909
7984
8876
10191
8251
9262
7695
8411
8434
7958
7991
8146
8411
9388
17610
14324
7382
8960
8004
8417
8307
10302
7948
8144
9771
8419
8848
9225
9384
8134
8702
8639
11474
16198
11720
9180
8871
7382
7909
7784
7857
8977
7682
8846
8716
8924
8114
8218
9262
8334
12106
16981
11831
9473
8628
9083
8257
8523
7923
7692
9348
7964
9446
10846
15593
10092
9405
9168
8104
8217
9368
8250
8358
8018
8725
8019
8072
12671
9468
8945
12360
14138
11084
9240
8356
7596
8769
8805
8989
8041
7768
7787
8738
7787
8948
7771
7948
8256
7479
9101
7619
8733
7618
9219
9178
7941
7926
7582
8693
7691
10098
8804
9742
14841
12748
8435
8671
9722
8067
7774
58787
15053
10382
8203
9605
9487
7958
11697
8056
8707
9099
8193
7630
8575
7704
7976
8275
8926
17235
11090
7848
11395
8008
8205
9482
15259
10333
17762
9680
9065
8666
8358
14585
16328
10400
9112
7805
8543
8369
12930
8614
8175
9099
10024
10833
15912
11047
9310
8004
8966
7805
8313
7996
9258
9230
7824
7694
8450
161072
9166
10786
15302
9394
8011
8150
8110
9463
8087
8191
8616
9079
8736
7792
8177
8009
8550
11635
7709
8447
9706
7983
9295
8010
17508
14515
8958
7909
7994
7861
9524
14883
10476
9817
8186
14319
12508
8197
13635
7789
7771
8995
7983
7735
7740
8858
7796
8556
9056
10775
17537
11369
10144
9304
8512
8398
8114
9191
7989
7748
8633
7928
8976
11928
16635
9028
9406
9388
7562
8352
8855
9025
8435
8218
7874
8051
7583
7622
7957
9261
8979
8736
8497
8892
7992
8290
8838
11060
15405
10006
9306
8657
9552
7914
8378
8403
7591
9852
7640
7456
9105
7863
9530
8056
8610
8035
7544
9178
7790
9246
7970
8946
8471
8031
10038
10512
8319
14790
9811
9502
9159
8806
8099
9484
8582
9292
9065
17566
14826
10365
9298
8426
8436
9046
18909
11230
8034
8884
8583
8947
8110
14764
10041
10162
16291
8828
8651
8225
15584
9671
10238
10194
14791
10574
9001
14746
11689
17597
10067
8559
8328
8611
11333
7699
7853
7972
8594
8251
7785
9167
9566
9021
16026
10562
10103
8114
8474
7716
7974
7912
8034
8633
7769
9603
9430
7463
8179
8261
8433
9238
8779
9975
8405
13391
13017
9389
9562
9101
9297
8114
8174
8087
7721
9517
8977
8752
7782
8573
8602
8278
7702
10863
9046
10221
15512
10445
9188
7991
10588
8912
8895
8656
8312
9078
9582
12899
16979
9271
8718
9642
8010
8712
7890
9590
7636
7953
8275
8054
8214
7764
13579
15612
11370
8706
9553
8206
8433
11029
7627
8815
7571
9881
9156
8589
10682
17483
9003
8346
8758
7853
8511
9313
7810
8259
8534
16345
13077
11258
7970
8258
9194
9243
13215
9455
8219
8882
9114
8686
11462
9484
18224
9395
8348
7851
9458
7891
10284
16572
12887
9126
9333
150369
15304
8584
9220
8984
9534
8077
8404
8866
8764
10266
9571
14499
12007
9463
7923
8413
10127
10504
7908
8136
8969
9042
9202
9028
8827
7935
9943
19841
10685
8743
9833
23813
10405
8245
7878
7697
8326
8629
14742
9655
8997
14611
10572
11088
8987
14154
9968
9461
14497
10430
10170
8558
9521
7688
7853
9333
8200
9462
7915
18931
15582
8270
9153
8003
9610
8800
7795
8089
8083
8308
8806
8293
8498
9473
9523
9361
9813
15740
9279
9632
8415
9548
8594
9338
7823
9310
7686
8111
8718
8777
8327
10307
10065
9586
14075
10817
9240
9100
7976
8452
9367
9920
8573
8536
7620
8696
8596
9312
10662
10063
15970
9138
8208
8335
9025
9210
9376
8013
9020
7870
8553
9180
8570
8415
8431
9182
9351
9837
14117
13948
11492
8117
7834
10124
8209
8075
8820
8312
9845
10678
14346
11046
10016
8685
10705
8682
8368
7866
7825
7615
7956
7746
7916
8960
8935
13342
9795
15646
9803
8618
9184
7869
14154
7871
8034
8916
8198
11070
14700
15665
7589
8565
7735
8075
7712
9445
8239
7950
8502
8826
9303
8572
8523
10039
9802
13555
15032
10687
8624
8404
9312
9514
8676
10162
15228
10602
8159
9769
8400
7495
9179
7495
9278
8552
8763
8169
7504
9071
8998
8644
9286
8336
7777
8734
7610
8302
8104
8107
8776
11126
13052
14226
9881
8294
9010
8603
9467
8788
8203
9321
8658
7850
8579
9820
10726
15917
10610
9007
9347
7936
7955
8635
8131
9016
8349
9250
8312
8033
8244
8943
9068
9690
8912
18228
14005
7851
9259
8183
8463
8474
9369
8045
8013
8787
16776
15702
9027
8514
9458
7430
7614
8477
16020
14033
8519
8295
8171
7994
8788
14783
8730
8149
9032
11366
10034
15889
12794
9379
7914
8824
8702
143129
14608
9446
7941
11489
7921
8006
9472
9219
7849
8539
9014
8181
8386
8762
9018
11068
11772
8256
10393
8182
9620
7593
9206
9228
17663
13865
9188
9690
8877
9105
7831
15646
15347
12158
9322
8030
9415
9498
16045
18308
8174
8578
8554
9695
8002
15784
14710
9898
10296
7913
7818
8064
13419
8780
8811
10868
10143
16106
10383
8738
8064
7753
8784
9178
9217
9463
8354
7615
7733
8271
7957
8743
8223
8633
7791
8652
8006
8774
8200
9189
11310
14572
9302
9671
9265
7941
9025
8394
8991
7911
9395
8376
8333
8911
7809
8500
8610
8427
8302
7749
9361
10062
8605
10298
11026
16492
8940
7665
17207
14249
10400
8330
8984
8138
8515
10666
9798
7830
9210
10312
10780
15652
11340
8294
7840
7946
9214
8684
8614
9129
8517
7922
8420
7630
8275
8240
7941
9480
7892
7641
8310
8596
8952
8315
8797
9466
12420
13772
11323
7973
8840
8597
7528
9455
8855
15823
17312
12102
8512
8271
8154
8217
20658
11969
8157
7693
7621
8955
9033
14081
8601
9005
7990
8696
8792
11208
11078
13723
8698
9241
8018
8816
9112
10128
8311
7425
9315
7829
7857
8156
7585
8600
7623
9551
7850
7969
7482
7965
8194
8076
8001
9026
8415
7733
8185
7610
7594
8400
8585
8092
9155
9619
10225
15313
12518
9599
8213
9083
9666
8023
7762
7657
8984
7734
9256
9013
7593
8639
9138
10682
13115
15669
8100
8494
8731
8913
7658
8618
8522
7971
16999
15367
10203
8928
8977
9051
8823
17653
12571
9439
8958
8836
9195
8719
9589
8525
8462
8182
8768
9376
9509
9133
10135
15457
9060
12471
7728
8564
8256
8021
8486
9062
17375
13877
8410
9416
8839
9239
8196
14170
10061
9647
17512
11687
8445
8417
14358
9591
13926
10771
9459
137339
8914
9740
7849
9794
8034
7840
8364
8615
9831
9678
9000
18685
9671
11041
8538
8697
12569
8143
9435
10650
8133
7558
8621
8049
14658
9539
12831
14128
8404
8718
8004
10494
8663
8290
8501
9099
9079
8786
7992
10547
18057
11281
9902
8087
9387
8746
10263
8458
15926
10762
10159
8736
9263
8472
8093
8297
9259
8129
8306
8971
10248
14994
10912
7628
8887
9532
14665
9763
10626
14629
10597
10034
8300
9218
9859
11686
15543
8174
8056
10620
9367
9076
8678
9267
7892
9152
10466
14903
10312
8530
9220
9037
8584
9137
8033
8547
8220
7671
7676
8912
8073
27453
8295
7845
8025
8220
8189
10807
9051
7748
7738
8219
9089
8156
9231
9164
9682
8573
9517
15688
11818
8208
9323
8587
7550
9706
9169
8250
8010
8182
9171
8456
9422
10861
13675
13262
9396
8918
8775
9237
8258
8594
7673
8948
8665
7948
8507
10354
9615
14318
12404
8636
8815
8804
8394
9257
9149
8889
9295
7976
8579
8398
14639
13523
9569
9432
9014
9224
9041
13906
8785
8597
9354
9478
11203
13536
13224
8485
8333
8405
7600
8861
9195
8328
8855
8760
9640
19150
10203
10576
9277
8313
8669
8696
8015
9532
10162
9956
15854
8649
11006
7774
8556
9378
7967
8041
8195
8856
8964
8585
8296
10285
8742
10245
10040
15666
11164
7986
8990
9937
8465
9124
8383
8542
8559
8032
9017
8720
10278
15779
12324
9979
8816
8693
8633
8721
8144
8657
7941
8204
8003
8312
8427
8056
7725
9035
8299
8330
7526
8976
7966
8075
8185
9112
9847
13635
15764
9010
8372
8237
8953
14375
9596
15636
9958
9812
9200
8610
9622
8316
8236
7702
8851
8375
8163
10290
8142
9881
9969
11312
14381
8666
9061
8821
9559
7891
12175
9998
10486
15418
9509
144704
9820
10410
14768
14957
9119
7784
8917
7573
9341
7788
7690
8633
7930
7851
9197
9194
17276
7887
9035
9278
8137
8623
9420
7758
7943
8237
8456
8519
9219
8764
11025
9257
15020
10394
9260
7852
8994
9020
8838
8051
8077
8362
7858
9139
8921
8012
8236
9725
12717
15450
8885
8858
7927
8318
8413
9637
8201
8654
8543
9386
8235
8548
9015
8123
8955
9609
16774
11025
8747
8138
9118
9374
8396
8923
9261
7981
8974
7711
8056
8350
8706
9339
8840
11473
17848
17314
15564
12160
7774
8158
9649
8821
8471
8214
12209
9142
8807
9530
10159
10102
15402
12441
8563
8101
8517
9442
9373
8683
7775
8594
8755
12644
15954
7880
8117
7633
9957
8373
9333
8026
8879
7703
7933
10468
8463
8992
8244
8143
9001
7369
7835
8760
9179
7629
8241
10074
10258
17953
10685
7940
9458
8754
9051
7728
9387
8655
8208
8206
7964
7998
8755
8210
9412
9616
15570
11741
9900
7633
7911
8023
8409
9209
8117
9629
7373
8820
8882
8344
8307
9021
9579
9612
10896
15923
11410
10381
8589
9000
7535
9094
8103
8087
8168
9451
10018
9631
10285
15124
9484
8264
10645
8912
8689
8126
9224
8391
9416
7805
7973
8837
10177
10684
17508
12805
14000
9598
14994
9102
10443
9543
8979
10410
8389
8218
9148
8182
8204
8515
9663
8789
9015
11517
14265
11136
8215
7991
8261
7373
8479
9693
8532
8713
8704
16265
13989
11432
8976
8152
8182
11143
16589
14940
8552
8144
9888
9743
8552
8294
8239
9170
7573
8097
8798
7614
8977
7990
9242
9410
10399
9660
18049
10834
8328
9363
8156
8437
9592
8495
8097
8244
9769
10640
9206
18935
8569
7980
9598
8171
9238
8571
7902
7601
9037
8881
8869
8850
9897
9543
15938
10406
8132
162405
8369
9302
7989
8979
8123
9073
9967
10082
16786
8454
9717
11110
7680
8220
7809
8131
17875
12211
8331
7876
7828
7418
8312
8117
9300
9214
7610
8736
9430
10262
16452
9113
9681
7900
7999
10300
9396
8734
8215
7574
7979
8397
8292
8435
8997
7877
9127
8056
8093
8005
8588
10562
9591
15880
9672
8559
8717
7851
8181
9690
8656
7913
8430
9531
8769
9281
10112
9565
10414
16223
9670
9412
8999
9479
8513
10919
8179
9550
10502
12588
19879
9107
8566
8759
9477
8838
9923
14680
9321
8871
8958
10383
9339
8577
10858
8710
8396
8048
7979
8174
8590
7572
9802
9457
10517
15326
11267
10852
8772
8930
7501
8779
9360
8082
9335
9388
10391
14829
12145
10228
9077
8962
8026
8502
7665
8788
8551
9073
8317
8254
9845
9001
18314
11388
11620
8522
7430
9285
7568
11998
9598
10042
14941
7907
8225
7827
8980
9107
8558
8646
7426
9260
8594
8582
8317
8269
9108
8524
8259
7639
8620
7661
8764
7553
8141
8444
8380
8050
7936
7792
8893
7559
8376
9234
8588
8023
9998
11194
16346
9306
8605
7968
8654
11297
9220
9138
7803
8417
8537
8513
7543
8314
8650
8543
7776
9818
10427
14140
12789
8743
8168
8232
8207
11308
8316
8848
8766
7787
9082
9493
10948
18287
18542
15843
10243
8470
8279
9179
8620
8839
8476
9309
8848
8279
8494
8186
7866
8214
8466
7683
17212
13998
9082
20867
15519
11154
8022
8637
8051
8023
9317
7519
9612
9338
10811
7519
7852
8211
8828
9994
14461
10202
11530
8242
7919
9074
8960
8672
8498
9557
7917
8895
8305
7754
7662
9216
8140
10688
17721
12340
9047
8920
8579
7944
8731
7793
8892
7951
7815
7653
8602
8707
10115
8704
10604
12058
13370
8351
8141
9210
8254
179699
8806
10038
8450
9235
9389
7420
8165
9076
9086
10961
14458
11418
8051
8192
8482
9464
11760
12828
12331
9071
7895
9019
8895
9390
8214
8155
8603
10052
8794
10907
15393
11964
8703
7904
9471
7994
9421
7819
9460
10130
9283
9412
16320
11112
9432
8750
9274
8379
8364
7531
8753
7877
8357
7819
8566
9365
8339
8024
8216
8055
8283
8517
8000
9085
9221
10774
15449
10304
7804
9500
9974
8574
7743
10506
8597
8158
8155
8735
8317
9041
7815
8976
7482
8482
8917
9134
10745
17046
12919
8076
9981
11397
16266
13214
8100
8917
7607
9087
9016
9340
8467
7869
9494
10100
9226
11296
15015
9461
8971
11794
8499
7661
9397
8007
8689
8423
8794
8420
8215
7724
12917
16137
8835
8374
7848
8713
9842
13016
8600
8307
8000
7945
8353
10341
8004
13994
15246
9651
12222
8080
9677
9462
9942
14736
10450
8133
8184
7995
10195
8045
8186
9214
8369
7955
8546
8824
9235
8085
8336
8117
8509
9081
8577
8299
8135
10448
9940
17588
8664
9595
9826
8208
9038
9240
8471
7846
7714
8203
7857
8984
9226
9400
9415
13292
14247
8996
7869
9801
8585
8783
9712
8995
8113
8024
7789
8617
8876
8066
9268
9649
11000
17058
10753
12845
8835
8815
10251
10007
15646
9555
8370
8184
8426
8405
8610
9181
8564
8040
8266
16090
15064
11352
9284
8497
9587
8330
7791
8250
8484
8071
9537
9273
8517
8441
7958
9413
10866
16268
9056
8173
8861
9083
9354
7936
13813
8230
8512
8056
10105
9362
14598
15569
7730
8002
8141
9758
9388
9100
8659
9883
10065
18795
9312
8389
8872
8934
8266
8787
8774
8671
7767
8893
8933
9658
10512
15812
9269
9950
7889
8312
8140
8929
9219
8374
7767
9230
8507
8837
8147
9025
9064
173013
11653
8784
8723
12438
16358
9430
8257
8202
8043
9934
8765
8214
7492
8673
7935
9013
10040
8943
17220
10241
10807
9100
9405
8813
8878
10529
14520
10084
8633
8154
9720
8671
9099
7562
10038
8094
7702
7643
8236
7975
7730
8428
7892
8785
7817
8476
8774
7891
9021
8457
9221
8158
8388
7570
7712
9138
8061
8339
7985
9188
9861
10237
16453
8553
8912
9461
9009
10048
8550
8434
8473
8425
9065
7510
8093
9534
7800
10415
9681
12534
12231
11006
8312
8189
9377
7621
8231
7506
14583
8805
10112
17848
10478
9460
8990
24308
8264
7964
8325
9758
8018
7964
11846
7593
8597
8191
8051
7733
8564
7977
8826
7584
9194
14260
15744
7961
9416
7535
9657
8638
10869
7697
8985
9239
8831
9081
8897
8771
10199
14600
11771
10736
9142
8247
7979
7832
8239
8656
7584
8612
8847
8412
8318
8017
8785
7804
8372
7721
7917
8352
7671
8451
7889
8671
7804
8870
9378
9450
10232
13024
16753
8814
8102
8801
8205
8944
9202
9349
9722
14816
12459
9171
9235
9605
8445
8015
10224
8093
7900
9161
9192
10495
10731
19417
8646
8645
8948
11066
7893
8136
8457
7841
7496
8792
8819
15943
9542
8638
8597
7377
8967
8109
9068
9143
8687
16115
9484
11866
16471
8160
9000
8825
17065
14747
8755
8189
8642
9201
8239
8439
9009
8984
8417
8274
8095
8345
7954
8243
8456
9141
9260
8725
8374
28965
8571
9083
9992
18458
8802
8801
8297
8303
9361
8344
14553
7953
10101
10402
14810
8704
10403
13235
8800
8101
8880
8005
7841
9329
8070
11089
17677
10405
10455
8102
8211
8343
9496
8143
9371
9732
10265
14680
12619
7759
8709
9543
7902
8972
8461
9433
9059
8068
8945
8541
7843
8346
8070
8001
7707
8215
10001
167152
12917
8035
8537
7978
9461
8584
7724
9367
8471
8469
7746
7938
8250
9373
8255
8374
13354
8066
14034
9902
9035
9177
9302
9248
9210
7641
8802
9220
7782
8466
9119
12290
15789
8190
8754
7641
9591
7815
7932
9390
8752
8135
7529
9267
9319
7629
8326
7803
8579
8416
7823
8912
20721
11450
7860
8994
7964
9353
8515
9312
8842
7861
8189
7905
8831
9005
9476
8624
8096
8845
7576
8195
9308
8897
10763
18515
9532
14276
9945
12361
16818
8394
8369
9246
9015
8671
8077
8740
9229
8253
8058
8015
8707
9885
8806
17359
9386
8445
9428
9358
8177
8221
14071
9440
9895
16375
10205
8786
8888
13211
8081
8367
7627
8478
7782
7768
9471
7642
7739
7962
17473
14703
8879
8964
8611
8455
10374
23047
9465
8596
7887
8685
7927
9024
15545
10005
15582
8641
9171
9626
9052
14210
9531
10484
8456
14894
9887
9448
10132
8196
7372
8707
8525
8428
8774
9436
8261
7781
8722
10098
10539
18443
11172
9077
8029
8616
7893
8861
9528
7936
8475
7789
7656
7844
9148
8293
7775
8596
8580
9793
9840
15276
11494
9825
7986
8527
9230
9499
9126
8667
9395
9427
10020
14941
11123
9565
8759
8449
9603
7933
7892
7612
9276
7989
21822
11141
18835
8683
18567
11932
8995
9123
8002
7960
8723
9353
7642
8358
10032
10774
10743
13215
11489
11081
9205
9054
8529
8842
10462
9416
15225
11232
9360
8796
7701
9505
8312
8891
7941
11143
10528
10220
12471
13333
10043
8426
10774
8544
8166
8627
7853
9059
8328
7718
11135
11744
14748
8994
9011
9670
7525
8010
8149
7823
9578
9190
8352
7717
17068
17856
9099
9456
8813
8997
7889
19979
9814
9615
10210
8795
9257
8397
13581
10318
10452
15466
9504
11009
8805
8820
8671
101602
14741
8484
9924
10845
8046
8107
8194
9005
9033
9015
10758
12059
14186
9194
8000
9125
10724
7898
14015
12019
8724
7737
8035
9017
9408
8712
8287
9594
7839
8620
7661
8264
7861
8137
8400
8194
8155
7634
8139
7671
8430
8455
7777
8960
9036
10375
8813
8948
10230
17488
9344
9360
8253
8504
7749
7704
8792
8230
8903
15423
16021
9704
8052
9301
8764
8163
11523
8171
7491
8871
9153
9276
7783
7978
9112
9486
19196
9821
9805
10023
7791
9059
8576
8636
8517
7733
8219
8938
8804
7280
8943
9378
10264
14385
10685
9682
8223
7976
8779
10692
9140
7962
8225
7596
9082
9287
8932
9830
10118
16294
8963
9116
7682
9671
8485
8277
9169
8997
8220
8526
7989
8138
8433
8039
8640
8177
7990
10158
8599
10196
12279
13002
9416
8518
8997
9263
7953
8352
8256
7994
7933
9198
7590
7892
8138
7602
8138
8183
8170
9494
8245
8218
8788
8656
9297
8206
10232
9897
18374
8768
10486
9199
8361
9420
8103
8073
9268
9265
11086
14692
10929
9396
9246
8615
9217
7961
8167
15845
15638
10333
9745
8217
8269
8411
12470
7549
7745
9975
9103
9312
8797
16523
9638
9625
9365
8687
7958
7979
9820
7371
7892
8616
12469
9851
10005
9635
17341
11472
8632
13733
9754
14696
7939
9732
9675
9651
9154
8917
9428
8772
8824
9191
7984
9385
9704
9548
15369
10122
9235
8302
8297
9682
7593
31982
7819
8751
9138
7745
8700
8046
8821
8405
9982
10622
8812
14201
9763
10851
8210
7986
9028
10502
9148
7872
7769
8625
8690
8578
9595
10380
17994
10026
9057
9625
9790
8979
7618
8502
8369
9169
8728
11281
11340
14020
9115
9600
8926
8537
9417
9454
7753
8354
8032
9424
8590
7997
10579
13951
12750
10806
7794
166120
10161
14878
9172
8882
10558
7783
7976
8523
8596
8918
8514
7778
7532
8291
9158
8065
9584
8602
15774
11530
9092
8010
8178
11284
8697
9152
7894
9614
9358
8003
9026
14059
14177
8916
8479
8428
8368
8012
8091
8379
8026
7976
8742
9282
9405
7752
9015
8509
8071
7482
8181
8769
8537
8190
8600
8208
8297
8220
8841
11422
18473
9000
9048
8797
8070
8951
11453
8093
8415
9841
10089
15668
7605
10970
9727
7989
8435
9304
8943
9461
8126
7823
7662
7595
8795
8822
10302
11815
14346
10067
8938
8414
8168
8374
7759
11433
8605
8625
8196
9070
7975
8036
9279
7956
10313
13497
15276
8655
8898
9035
7984
10348
8292
8016
8814
8565
8800
7832
10030
9979
17605
13118
9177
9046
8769
9138
8395
8621
9949
10930
15328
8656
8183
9415
8714
7857
8394
9748
9543
8456
8131
7913
8374
7618
8505
9220
9016
7812
8105
7858
8770
10833
10095
15094
10732
8314
8877
7902
9402
9056
8081
8337
9684
7772
8215
8311
8278
9251
8193
11820
12703
13366
10828
9434
9727
9104
14411
18548
8980
8563
10198
8275
7946
12536
11013
10270
14481
7986
10117
8594
12089
7528
8176
9067
8503
7630
9245
7540
7915
8265
8512
7621
7871
8093
7509
17313
12943
8626
10721
8674
8481
7568
10122
7716
7900
10981
8059
7637
8513
8535
8657
8196
8549
8946
9189
8732
9857
11022
13629
8302
9297
8600
8574
31044
7681
7764
8841
9456
7892
8637
9358
9100
8430
7710
8011
8195
8353
9622
11131
16120
10266
9859
10261
8693
8229
7592
9357
8556
8882
9419
9128
8451
9251
12041
16384
8399
8454
8697
8944
8846
8348
8177
7916
9358
7871
9205
8451
9081
8010
12302
14369
9908
10688
8235
9357
8983
8582
7631
7933
8554
8928
178346
9312
9132
8794
9617
10832
14576
10861
7773
9189
8730
9418
8986
7866
9193
7830
9430
11666
7715
10164
15756
10079
9441
9732
9738
8357
8507
7445
9256
8499
8078
8011
8170
8303
7369
8205
8633
8743
8416
8001
8584
7437
9174
7770
8916
11347
11176
13534
10370
8470
8718
7946
9494
8110
7740
7623
8419
7772
9007
9020
7598
9554
7620
8361
9189
8044
9664
8966
9917
17472
11162
10336
9059
8726
7734
8835
7625
7906
8252
9566
8060
7835
9262
10565
15107
11194
9735
7934
8789
8129
8172
9001
9189
12950
8956
15697
9244
10682
9594
9648
12891
11274
9378
8928
14674
8372
10801
10019
7630
9006
9273
8723
8365
7691
7837
8539
9923
7829
7954
7620
9116
9155
9016
9726
18157
11405
7662
9765
8389
8215
8127
8570
8906
8156
8023
8375
8194
8400
8384
8748
8490
9794
16527
12225
8255
8755
7841
9255
8569
12887
8340
8364
8184
9251
7928
9000
8043
7917
8296
7954
9478
8716
9316
7865
8357
8630
8440
7942
9357
9567
7566
9586
10779
15482
9799
8207
7951
9234
8046
7711
10533
8278
8997
7603
8582
15392
9237
18810
8838
8363
9699
8713
19330
12062
9355
9415
8833
7894
7852
16200
12229
13060
9677
9438
9406
8177
9209
8042
8816
8234
8589
8262
8728
7666
8243
9435
8288
9717
8415
15348
12557
7783
8928
9639
10691
7984
7519
9051
7571
7662
8501
8749
7710
9017
26454
8868
8692
9449
8672
8617
8081
9272
15311
9345
11402
8086
7917
8854
9119
9721
9958
16156
8410
9398
8989
9606
8261
7579
8425
8739
9399
8779
7651
9179
9263
8333
7948
7831
8595
8205
9095
7946
7552
8192
8161
9635
9160
10672
15786
11395
9446
8268
8430
8172
8860
8883
8929
9466
9701
10710
14224
11815
164731
10425
9853
10635
15663
8541
7825
9195
8295
8648
8879
8666
9257
7765
8779
9245
11807
10059
7908
9019
8013
8174
8162
8825
9405
10553
15552
10249
10230
8097
8998
8403
7523
8210
8480
9035
7995
9272
8141
8029
9205
8349
9258
7982
10663
9364
9610
15593
8211
8710
9456
8636
7812
10481
7962
8580
8149
8482
7955
8256
7428
9432
7984
9256
7775
8458
9320
8762
23298
10160
8730
8384
8902
8699
7826
11871
10814
14931
10021
9026
10518
8712
8246
7443
8511
7862
8820
9093
8334
8113
7800
8191
9048
14733
13919
10104
10024
9381
9304
8889
13558
8643
9884
14418
11802
9429
8537
11428
8223
8996
7861
8051
8374
8415
8167
7720
7813
8861
7952
8161
7953
8474
8299
7608
7615
9307
7806
10186
10645
12332
12655
8775
7924
9497
9180
7849
8353
7672
10100
7858
8395
8123
9143
9301
10530
11015
17849
11464
9778
8171
8213
8364
9235
8092
9123
11116
15133
12112
8545
8557
8426
8443
8483
10116
9058
7836
8824
7915
8746
7837
9045
8601
8269
9520
12200
14872
10193
7633
9715
8229
9158
10006
8806
9260
8158
9570
7480
8220
7637
7927
8768
8768
9140
10160
11968
13834
11043
9200
7414
8574
8492
9637
8394
17549
15846
8266
9325
8983
11893
9725
17615
10994
9187
10443
7776
7649
8358
15911
15157
11131
8986
8105
8978
8614
16472
15205
10030
8576
8010
9413
9258
11225
8895
7503
9820
7774
7927
9101
8351
8170
7741
8192
8286
8041
8504
8436
7634
7774
8292
8118
8838
8179
10148
10465
12418
14967
8601
8575
9720
8507
8199
8272
9180
7977
9007
10646
8809
9702
15712
9649
8252
8010
8256
9507
8797
8705
8507
8530
8172
9289
8864
10235
10256
14901
9200
10662
9360
9460
9194
8576
8826
7916
179848
8743
8030
7763
8229
8071
8194
8357
9749
8516
10112
12522
12074
7789
11313
8675
9533
8145
7890
8773
8941
9055
8625
7630
7726
7716
8806
8714
8871
8736
7928
8328
7833
8129
7893
7992
8865
7968
10088
9615
9605
12050
13293
9337
11507
9282
9500
8311
8782
7630
18247
11451
8936
11120
8045
7468
7826
8778
8398
8942
7728
8256
7556
7814
7943
8429
7774
8532
10333
8907
7983
8254
8430
7766
8164
10930
11261
18358
9958
8793
9195
7871
9061
7529
9729
7833
19861
9846
9037
7653
8256
8759
9538
9210
7996
8907
8720
9130
8505
8247
9307
8228
8692
7974
7666
8808
7868
9044
10393
15714
11443
8101
9544
8759
8109
8177
8190
9011
7405
8083
7863
8917
8230
8187
8861
7729
7747
7830
8583
9188
8311
8231
9290
9816
11128
16002
11873
7953
7950
9305
9576
7671
12205
7945
7951
7533
8545
8768
8353
8273
9410
10179
19200
8564
10100
9489
8661
9071
8099
8108
8346
7789
9000
7851
9329
8820
11188
14622
12169
8520
8503
9365
10990
7997
9221
10149
11184
16103
7896
10256
8825
8625
11829
7817
8456
9115
8496
7870
8068
7880
9034
8282
9973
11104
15272
8855
8003
8292
9088
8194
8403
8425
7937
8998
8615
8769
8169
8476
7994
8079
8710
8203
8410
8672
8382
8687
8763
9379
7956
9081
8184
8800
10997
19119
7970
9698
7769
8117
9150
8335
8133
9008
9540
7887
71381
8151
9708
9543
11179
10025
14203
10944
8845
9503
7601
8892
7950
7568
9220
9103
8491
9317
8856
10501
8719
11494
18281
8420
9054
9740
10343
7600
9576
9241
10382
15719
11823
9407
8705
9310
8265
8214
8241
8284
7753
8572
7826
7953
8896
8806
8475
7953
7989
8750
10150
9423
10050
18083
8137
9137
8891
9489
179968
8122
8184
8407
8880
8668
9328
11133
17379
8973
9156
9558
9405
8214
7711
9225
9329
8308
8529
8194
7562
8668
7850
8285
9237
8516
7841
8172
8133
8194
7974
8225
8919
9213
7466
8836
7755
9056
9230
9005
9268
8554
9115
15576
12581
8962
10423
9517
8706
8179
8086
9371
7640
8876
10848
15386
10560
10211
8881
8795
8762
8109
8513
8769
8973
7687
8888
7557
15121
17476
12827
9660
12083
16419
10061
10075
8603
8442
9501
8475
9135
9866
21128
7728
11351
9420
9312
7908
8111
8762
9111
7739
8348
9273
8727
8819
7576
8282
9574
10441
17069
11726
8666
9617
8639
7717
8156
14128
13565
15168
8393
9292
9620
9433
14996
15025
7695
9797
8597
9471
8205
11260
8810
7790
8355
8825
7925
9037
8622
10086
9991
15748
8896
9618
8935
9927
11632
8405
8895
8348
8139
8874
11229
15043
9477
10239
9467
7933
9117
8475
8719
8178
7951
9353
9286
8284
8245
9054
7934
7773
7718
7558
9010
8471
10310
8445
13474
16196
9831
8502
9270
9082
8613
8491
10101
10808
15594
9564
9682
8854
8373
9583
8236
8052
8859
8928
7533
7759
8855
8914
9258
13929
15778
9517
9507
9659
7662
8613
7912
8906
7903
7682
8656
7600
9202
8016
8477
7999
9929
10332
9447
14317
9620
13102
8612
9132
9027
8846
10472
9743
19228
8247
9650
9576
8343
8351
7983
13482
9131
15368
10553
9536
7928
8746
10307
8064
9266
7949
15630
14903
8674
8183
7943
10945
8827
9928
9018
7564
7930
7602
8384
7582
8630
7725
8420
8010
8451
9176
8150
8248
7774
7794
8973
8667
10697
10728
9658
15410
9950
9402
8028
9264
8612
8077
8843
7856
7751
8686
8092
8320
9275
7628
8503
8023
8955
7667
8020
8305
8861
8392
9398
10855
171074
9023
8119
10262
8446
8676
8776
9334
8731
9644
9615
17441
8535
8989
8597
8676
7623
11967
8262
9439
9118
8784
8721
7870
8871
8917
8225
7913
8935
8147
9005
9379
15064
8188
8333
8405
9162
8133
8342
8784
7909
7773
8213
7846
8261
8370
10184
9569
8129
8883
11488
9499
15150
11752
7831
7641
8600
9488
9082
9089
7491
8551
8450
7772
9396
8605
10035
8386
20428
13467
8362
9014
7672
9244
7866
14661
13655
11776
9201
8301
8560
7698
9379
8073
7718
8780
8167
8374
7761
8246
8635
9278
7651
8568
8394
7623
9713
10978
12570
14878
11523
7648
8452
9171
8280
7591
9301
9177
7782
9987
8983
10054
15517
11573
9369
8374
8715
8523
8910
7851
7861
9165
7775
8411
8836
8310
8757
9123
8981
9321
18583
16341
10245
10787
14723
10730
8615
8666
9527
8857
7786
9219
8050
8106
8416
8593
7671
7764
8806
8415
7973
8085
8546
8020
8728
8748
8166
8616
9184
9076
15027
12392
9542
11551
10676
7546
8215
8404
7712
8337
9068
11238
14643
10855
9061
8444
8389
8762
9443
7518
9028
9388
8009
7912
8474
8410
7743
9135
8916
9695
10928
17919
8004
10251
8529
9129
11647
8723
7977
10092
8512
15948
11149
10122
8065
8492
9441
8651
7912
7926
8261
8356
7568
8179
7829
9234
9241
8793
9205
7833
7960
8534
8169
7880
8432
10089
8507
11046
16512
9969
9771
8792
7636
8530
44181
10974
8607
9020
8410
8315
8199
8641
7741
8577
8943
9407
8057
8333
8325
9111
7630
8757
9466
9973
9828
18375
9621
8845
9115
8983
9518
7720
8979
7621
8523
8654
7893
7593
8807
8360
9890
10754
14899
11223
9015
8633
8215
9594
7919
8204
10602
9037
8200
8410
9461
11158
14523
13266
7990
8398
8928
7993
173080
10250
9787
8974
8642
7649
8310
8184
8727
8069
7758
8855
8942
8394
8439
10033
10589
9847
7898
9380
7891
9357
9507
9174
9180
7832
8242
8871
8870
7958
8927
9985
10317
15848
9925
9760
8445
8157
8076
9832
7808
7415
7657
9299
9235
8600
8322
7791
8848
7684
8668
9083
9713
9079
11179
15109
9480
10123
8432
8311
8168
9024
7718
8493
11118
8054
7853
7508
9302
7932
7959
8060
7847
7974
8486
8224
8638
7953
8808
7663
9318
8230
9020
9154
11896
17040
15914
10527
15140
9813
8296
8118
9411
8786
8122
9208
8945
8222
7794
8933
7912
7743
7743
8618
8110
8252
7952
9323
8492
8200
9849
16023
12259
8915
7909
8770
7930
9820
7835
9070
9240
8624
9385
8659
11380
9738
15502
10044
9015
9404
7758
9346
9943
8702
10642
17607
11490
9163
7942
8028
8635
9016
9671
8867
9348
10862
16882
9558
8135
8994
8360
7776
9256
8305
8733
9012
12001
9020
10343
15143
12199
8036
9247
11033
7702
8770
7683
8152
7918
9174
8679
19282
9420
8473
9652
8676
8471
7945
7722
7779
9271
8233
7773
7872
8476
9437
8820
8498
7892
10002
9230
8352
11515
9265
17421
10998
11143
9411
7492
8523
7705
8195
7887
7902
7733
9020
8197
7784
7969
8659
8165
7968
7528
8022
8424
7834
8331
7966
7734
8422
8176
8333
8363
10696
14835
13414
8515
9220
8073
8011
7553
8809
8136
7770
65215
16387
9536
8974
9124
8733
7747
9000
7596
8387
8153
8487
10315
9850
14803
11425
9351
8332
8027
8325
8119
7882
10131
7610
8485
7808
8613
8256
8486
9005
8838
9201
7958
7803
8492
8872
7792
7797
9558
9225
14359
13909
9659
8380
9692
8424
9872
9061
7867
8184
9454
9723
9870
14468
12491
7749
9671
8446
174640
8603
8443
10244
9365
9153
7586
8667
8176
8271
8374
8185
7896
7641
8728
9051
8410
13141
8716
8258
8186
8113
8959
9194
8628
9317
8221
8149
11615
10789
17758
14393
7748
8214
7430
8613
8021
9476
8655
10974
15999
9601
8434
8184
7998
8392
8650
7784
9198
8344
9349
9344
7982
10402
7912
7775
8215
8976
9156
9384
10200
9958
16670
9235
8808
7965
8752
7825
9010
7673
9274
8800
8635
8748
8606
9348
8415
8582
7584
10615
9829
14581
8535
8707
12090
8992
11283
8141
7917
8355
8603
7800
8824
7633
9387
7476
7749
8317
8774
8981
8148
10334
17785
11673
9295
8917
9397
8410
8176
8391
9306
8632
8562
10242
15605
11145
10292
9477
8762
7854
7727
8369
8761
8589
7880
8296
8267
8143
7992
8523
7545
8343
8237
8374
9624
9256
10175
9717
10554
14561
10041
8657
9594
8108
7635
9140
8615
9116
8496
7569
8182
7891
8562
10584
9246
10107
17615
8892
8023
7980
8927
8269
8786
7915
8940
7636
8874
8173
8268
8076
7755
7931
8423
7998
8754
16902
18578
9810
7777
7692
8395
9459
23405
10649
8188
7981
8055
9697
9154
14965
13736
12715
9253
9002
9338
7980
11091
8752
8235
7708
7793
8968
7984
8601
7790
7958
9352
9507
10721
15307
12676
8876
8233
8215
8594
8118
8447
7722
7964
8181
10989
9165
10877
10250
18832
8114
8354
8851
8891
9882
9496
8932
10262
7872
43677
7969
8289
9302
7664
9148
7884
8495
9321
7952
8341
9209
8410
7834
8547
8216
9018
11279
16097
9769
7995
8597
8302
8263
8410
8118
7512
8725
8163
7983
8126
7594
10414
8873
8089
7964
8007
8958
9134
10922
7983
7779
7914
9613
8241
10225
18134
11394
8605
8410
11678
10674
10225
15275
9723
8132
10205
8334
158159
8087
8720
9261
9013
9179
8020
7769
8574
8672
9138
8918
22269
7780
8473
8273
8317
14588
9063
7986
9779
8364
7607
7886
8984
8571
7763
8161
8455
7813
8191
8104
8818
8815
7805
8923
7833
8756
7530
12242
10085
14691
12605
9080
9623
7825
12710
10174
9825
9860
20181
8200
8317
11043
10200
10676
16902
8966
8479
9387
10640
7835
8041
8278
9846
9003
9740
17483
8610
8443
8719
7765
8839
7614
8615
10437
8189
7695
7572
8820
9412
7815
16994
14076
9366
8281
8577
8220
8210
9407
7838
8030
8813
18548
14985
10199
10135
7809
8902
8269
7749
9296
7665
9401
8352
8467
7661
8806
8030
7985
8485
9361
8559
7636
9459
9129
9819
9583
19781
9726
10858
9028
9053
8938
16129
11365
9551
8184
8176
8203
8000
9584
7964
8397
8242
7932
8379
8653
8565
8405
8791
7907
9116
8360
7770
8696
8431
8044
9635
10028
15358
12169
9813
10003
9449
8623
8841
8488
8591
8661
8005
9882
9641
13325
12697
8812
9620
7725
8095
8939
11621
8695
7866
9293
9202
11166
12008
18735
8994
8033
9447
10992
14307
11099
11277
7807
7903
8569
8213
8165
7438
8355
8350
7412
9092
7712
9006
8600
7884
9579
7392
8412
7812
9356
9279
8404
7707
8215
7971
8442
8962
9377
8600
15502
11466
8257
7701
9697
8325
7988
8420
8403
8158
8131
8914
8182
7542
7896
9316
8378
8150
8435
7928
7960
43512
14258
9813
8155
8849
9559
7793
8907
10235
10031
13015
12956
9507
8683
10439
7643
7994
7666
7724
9225
7969
7841
8085
8669
9030
8517
7999
8666
7543
8335
8416
9329
10649
9065
10078
15122
10763
8243
9480
8577
9815
7525
8268
8576
8501
10445
13270
14008
12612
9404
9441
8424
8312
13307
10132
17910
11547
9323
177319
8005
8450
8553
9251
8015
8384
9343
8868
8425
10116
8651
9863
15461
10030
8218
9246
13676
9643
8616
10261
8758
7789
7745
7808
8160
7975
8031
8040
8499
8472
8159
7857
7956
7388
8806
9056
7574
9066
8093
8397
8634
7611
7708
8020
8757
8639
9582
9588
9248
9148
19174
11164
8887
8017
7556
8189
7832
9251
9629
9964
10789
13805
11465
8588
13097
9123
7560
8091
7497
8616
9427
13814
16068
9605
7871
8153
8303
8901
13734
8520
8241
7721
8791
11458
16142
14728
8287
7303
8580
7557
9254
8730
8006
8856
7665
7529
9133
8845
8389
9020
8165
8376
8138
11105
18218
12044
9379
8179
7635
8082
9287
8194
9567
10088
9988
15015
10134
7853
8174
10185
8614
9502
8615
8298
9017
8933
9358
8475
9994
10666
15338
10076
7805
8538
8446
9344
7773
8829
8515
8340
8612
10321
8010
7959
8350
8464
7611
11470
8148
9615
9785
12502
13229
8399
8338
9500
8215
8826
9394
8046
8129
7742
8200
15151
9428
13297
14760
8616
8188
8369
11239
8015
8770
8947
10427
13211
12767
15536
7533
9189
8323
9176
9920
10445
17036
8615
9571
8302
8034
8098
8143
8579
8391
8999
7812
15143
15272
10842
11085
8005
9221
8588
10245
8507
7822
9042
8908
7654
8586
9292
10840
19643
8699
9478
8887
9278
9743
11425
14718
11774
9581
8710
9103
8216
8825
8096
7603
8104
8302
8292
8046
9444
9076
26866
9486
7923
9610
9704
9424
10797
15343
9266
10030
11410
9421
13192
9020
9574
9418
9416
8497
9257
8823
8527
8856
7758
7819
8174
7938
9381
7673
8471
8738
8491
7737
9839
8465
9357
13063
14035
9530
9345
8857
8698
8709
9741
10687
17205
11057
8855
8159
8780
9200
8094
8942
8760
24751
10818
15409
10455
9516
130874
14137
8548
9580
8625
8101
8493
9157
8165
8098
9535
11259
15712
9999
8353
9090
9392
14800
8717
8135
8983
8230
7810
8954
8436
8173
8883
8591
8008
8169
7743
8098
10415
8589
8597
7893
8240
8272
8195
8348
8459
7966
7690
7874
8592
7518
7692
17041
17772
9901
8161
8177
9559
7838
16979
13651
9276
8423
9988
8986
8638
9928
7589
8174
8012
9836
7821
8675
8032
7817
8551
8579
20577
9499
8412
9254
8376
8297
8755
16634
15129
11538
9015
8586
9719
7704
13068
8649
10624
14138
10604
8685
7847
15009
7783
7512
9022
8603
9035
8005
8337
7992
8960
9847
11068
18295
9763
10000
9057
8833
9250
9522
17087
11078
9791
8186
8110
9478
8190
8558
7933
8199
8456
8130
8432
9008
9247
8996
8232
7887
7601
8594
8183
7568
8671
7982
8920
9317
8913
10541
15591
9132
20649
12414
12062
10444
7870
8615
9651
7994
8805
8728
8793
8796
18902
12311
8360
8087
7891
8449
9233
8433
8856
11078
15605
11887
9214
8477
8745
9420
9651
8099
7210
9341
7647
9262
13546
12668
13400
9635
8620
8008
8566
8016
10459
7614
8531
8193
7621
8789
7610
7364
8454
7470
7905
9277
7788
7661
8819
9093
7390
9435
9191
11446
15803
10357
10081
10070
10551
8033
11407
10000
9438
8370
18074
11137
8170
8741
7753
8433
9218
7755
9463
8436
8917
10846
13732
12820
8012
8389
9461
8854
9306
7487
11549
8630
8912
8459
9196
9082
11927
16533
9472
9568
9118
9102
8112
7961
9510
8229
8687
8215
8993
11024
15533
10894
8974
8584
8830
9183
8841
7554
9086
8138
9378
9364
8075
9507
10279
15232
11603
8000
8338
7759
8379
8649
9144
7800
8317
8133
8648
9239
7901
8735
8090
8443
7710
8317
7839
8210
8820
8187
170732
11005
8443
9626
7765
7869
8194
8613
10772
7983
9347
7938
10701
8602
9769
8623
10036
15027
9409
9523
8235
8377
8036
9568
8535
8189
7608
8482
8934
9142
7824
8532
9717
8357
8948
11056
13764
12152
9852
9924
8690
7558
8534
7874
7928
8260
8200
8589
7733
8126
7879
8491
9199
8233
12491
9769
12997
13286
7923
9491
8157
15569
10102
10414
18825
9195
9227
8815
12193
9178
13190
14037
9712
8707
9013
8559
8104
7836
9526
11378
15433
9471
14497
8534
10133
10920
14881
10353
8428
9607
8755
8165
8212
8056
8025
7984
8940
7943
8917
7808
11030
9438
8596
8211
9451
8975
10639
7713
17865
9363
8435
9399
9238
7766
9194
9489
8464
7735
8448
10251
11243
15587
8983
7810
8548
8212
7975
8272
10791
9290
7906
7633
8056
8610
7847
7699
8091
7842
9563
9289
11390
9277
8907
9602
15969
10817
8496
9017
9659
8148
8014
7830
8194
8539
7832
8141
8902
7923
7589
9287
8548
8338
8061
7415
8760
7984
8314
8046
9444
8112
7502
19774
10415
8574
10442
7806
9305
8389
15349
12692
16145
8400
9425
8565
8818
8452
7666
9097
8182
8951
7566
8190
8964
7774
7945
8596
19316
11449
8830
9244
8224
8463
8838
15367
14216
9105
8401
10314
8272
8169
14923
7902
7877
8353
8466
9974
15992
15561
8494
8327
9040
8842
9903
8846
8399
10304
13120
15085
9765
8066
8937
10094
8006
8764
10517
15917
11759
9150
8958
9280
8148
8461
7637
8434
8079
8144
8446
8118
7729
7985
8349
7743
8632
7911
8866
7698
9117
8908
9097
8008
8955
8374
10566
16011
11581
8693
9564
9021
9945
9078
7903
8789
8433
9334
7774
8794
10066
10247
14587
11136
10000
9662
7953
8214
7671
8520
8254
8176
8121
8226
7773
7743
166923
15005
9403
9420
8785
8407
8893
7768
11194
8718
7952
8127
10739
10828
16158
12959
7994
16311
10707
9538
7872
9507
9255
8240
8271
8693
8733
8054
9121
7984
8154
9755
16087
11103
9143
8230
8561
9395
8623
9728
9088
7663
8724
8986
9068
9004
13797
16910
8234
8982
7945
8271
8993
11072
10012
9148
10959
12912
11791
8847
9191
9249
8808
8994
8707
9390
7530
9040
8536
7425
8054
9203
9783
8892
8759
8963
13163
13438
8611
9301
8023
7943
7970
9066
9428
8134
13119
10897
12253
14157
8348
9200
8333
14620
9421
8790
10143
18287
11430
8276
15172
16046
9193
11287
10745
7911
8158
8073
7969
7851
8593
8435
8292
9113
8364
9972
8672
10994
15724
8793
9627
8399
8598
8527
8922
9215
7924
7575
8625
8020
7826
9334
8338
8384
7895
10000
10477
9358
15119
11143
9349
8979
7974
9740
7875
9046
7794
8268
9195
8391
8050
8085
9675
7849
8173
8271
8885
8795
7944
9797
8656
9881
17451
14676
8854
7930
8284
9246
11271
10749
16635
9400
7862
8418
8936
8176
8570
7514
7872
8615
8585
9339
7779
8066
7496
16322
15153
10000
8527
8043
9519
8540
11976
8870
8555
10501
10566
16090
8282
11971
8137
8874
7589
8866
8301
7538
7888
8564
7670
9379
14783
17964
9872
9781
8431
8564
9261
16922
13607
8194
10011
8574
8811
7992
13033
9384
9594
8102
8450
8607
11489
10435
14639
8553
8765
8174
7765
9230
8274
7905
8489
7964
9054
8822
8869
9141
7948
7741
8899
10800
10064
15637
10138
8051
8551
8527
8304
10014
8861
8737
7787
7715
7950
9507
9083
8298
8615
9047
7485
8678
8428
8497
7702
9394
10244
12652
14241
9278
9355
9333
9630
8868
8056
7564
8604
7928
7978
8113
8807
7411
7713
8035
169308
11317
8507
9532
11129
8964
8231
8755
9137
9718
11049
15942
8495
9620
8916
8032
8810
9598
9786
15528
9282
8595
8209
9858
9761
9265
8943
8796
9200
8406
8335
8600
9228
8926
9533
13979
13780
9885
7917
10142
7993
8910
7898
8230
9068
10378
8782
10846
17950
11501
8685
9574
7895
7902
9467
9410
9177
12762
14299
8328
7832
9624
8346
8644
9458
7628
8594
9601
10897
7737
7942
8250
8772
10400
9249
11238
14488
11516
8606
8551
8779
8702
8441
8401
7835
8202
17572
14158
9158
8286
7830
9276
9225
14962
10565
17766
11970
8543
7969
8221
17153
14136
7760
8934
8498
8215
9330
13930
8198
8405
8333
8605
7734
9022
7781
9569
10581
15621
9560
8668
9454
9597
8361
8090
8486
7829
8241
8137
7651
9317
8830
8904
7758
7810
7822
8148
8247
8876
9982
15241
12058
8231
9547
8635
7862
9336
8000
9003
8892
8515
8173
8789
8600
8652
8910
8369
8862
9188
9154
19765
11083
8813
8352
9072
8046
7631
9319
7732
7931
8583
8112
7640
8390
9019
8082
7592
7618
8749
20970
7670
9883
9792
9339
8108
8524
13677
9599
10324
12323
12590
8205
8697
8066
8733
8573
8833
10692
8030
8361
9184
8334
7810
8507
16500
14641
8820
7769
8917
7867
8263
10394
7783
8601
9215
8371
8049
8558
8332
9071
8169
7983
8197
8393
9429
9578
10431
12612
15998
10929
9738
9284
10165
15854
7688
16333
9270
7992
7612
7884
8382
7515
9254
7626
8499
8454
10236
11372
15458
11047
8348
9410
8308
8793
7678
8052
8186
8303
8264
8876
8828
10575
8302
10088
8826
10141
15383
8575
8713
7605
8720
8974
9837
7729
8625
8957
8671
8663
7552
8293
8879
8484
8192
7767
7911
8422
8614
9039
7546
7841
7367
8717
8041
185915
15454
10504
8507
9021
9327
8442
9266
8872
7749
7918
7733
15453
13086
13513
7733
7713
8423
8598
8225
7623
8370
7762
8754
9148
23793
7875
8553
8871
7568
8584
8601
10725
7812
8798
8210
7770
8097
9097
8176
8940
10020
16151
11646
8275
8995
8819
8423
8423
9209
8553
7912
9088
8671
16329
15943
12279
8779
7906
8537
8409
18344
10743
9688
8516
8847
8231
7753
8103
8682
9558
7682
8367
8197
7584
7622
9341
8632
8663
7706
7927
8783
8478
8734
7572
8897
7688
8202
8171
8314
9440
8226
7656
8817
10338
8895
14980
13899
9299
8934
8384
9419
8346
9388
9300
10010
9379
15466
9753
9680
8599
8014
8479
7747
7585
8010
8196
8080
9459
8452
8917
9463
7968
8624
9128
9167
8792
7552
13364
17061
9863
9199
7973
8751
9687
11736
7915
8214
7764
8838
8433
11345
12089
15422
8213
7865
8784
8364
8510
7752
9237
8681
7893
9008
8829
9798
8164
8405
9599
10664
17382
9070
10159
7849
9201
7870
8253
9056
13313
9977
15102
9352
9053
8204
9553
13075
9152
9501
8447
8656
10441
17865
14545
7566
8695
7910
8808
8175
8589
8454
11043
15764
11613
9118
9182
9364
9087
9479
7859
8309
7836
8758
7888
8989
9848
16899
9863
9381
7973
9594
8870
8836
7674
8851
8323
8110
8887
9161
7978
8665
7838
7804
9020
9884
11041
15354
9946
9951
9472
7954
9627
8209
9112
8795
35980
18635
11640
9589
7718
9472
9219
10470
9780
15106
9461
8858
8524
9199
7595
8791
9679
7950
8394
7700
8750
8913
8015
8548
8907
8533
8786
8336
8199
7929
8099
8597
10194
9611
9430
15334
10211
9219
8699
9180
8100
7868
8292
8569
7784
7864
8153
8117
8938
8805
7608
8772
9044
8152
18982
10752
11698
8264
170850
13803
8875
9509
7708
9045
9126
8400
8071
8776
8324
8577
16207
13566
9835
10757
8254
8239
8682
7834
8418
7763
8282
7572
9420
10592
9454
11256
13879
8548
8335
9906
8604
8853
8625
9137
10401
15869
9037
11584
7954
8066
9226
8534
7887
8631
7534
9128
8730
8099
9319
8898
9741
8936
10676
17770
10191
9212
9641
8022
9524
10790
14781
11275
9230
8055
8301
8093
16451
9858
15525
10172
9215
8916
8092
15702
10646
15969
8066
11092
8555
7580
8958
7995
9430
9512
8657
9219
8187
8639
8675
7685
10209
23714
9643
7528
7998
8382
8397
9236
20320
12052
8602
7955
8736
9217
8674
15195
15234
10178
11464
7827
9716
8241
14620
15985
9405
7872
9213
8794
9680
13816
7512
8545
10323
10002
9711
16897
14209
9085
8100
7594
8183
8224
10040
8567
8597
9620
15336
10476
8298
7869
7912
8852
8282
8036
8659
7866
9605
9193
9056
8093
7673
8655
8892
8969
8253
7780
8815
7495
9099
7737
8652
10109
9705
16194
13030
8986
8979
9165
9093
7631
7527
9056
7674
9123
7897
21741
10713
9357
8184
8726
9543
8348
9510
9123
8800
7979
9258
10051
10046
17512
11729
8646
8503
9471
7840
8773
13455
13644
10102
8766
8624
9078
9341
11930
7578
7969
8129
7830
8600
9379
7408
9870
9140
9013
12695
14110
8720
8688
10967
8215
8518
7801
9018
7779
8813
17560
13969
8314
7876
8920
8707
8010
8697
8250
8092
9150
12306
8912
7769
8610
7588
8786
9199
8785
9047
9011
14541
13660
9330
8277
12170
9350
8226
9229
10346
14592
10306
10085
8149
7843
9356
7850
8178
8015
8020
8584
7766
9314
8501
9420
8936
7649
7675
7580
9349
7841
8410
7984
8260
7704
7543
10092
11548
14978
11958
8269
9661
8067
8714
8235
154959
13276
9220
7943
8997
7964
8609
8057
8596
7864
8787
9707
8679
8439
10116
15047
12106
8608
7953
8783
9458
8513
7933
8114
11736
12848
13664
8859
9220
8370
9071
7919
11491
7961
8612
8912
23954
8048
8302
11535
8160
8338
8643
23966
9897
8957
9558
8898
9003
8224
19316
11249
8102
12125
8113
7825
8085
8180
7848
9033
7745
9461
8764
8153
9123
8497
8223
8934
20444
9114
7887
9558
8154
8480
8164
9326
8239
7702
8661
8153
7760
7784
8838
7589
8604
9177
9132
7606
9901
9095
8997
9642
17187
13752
8771
7970
8074
8179
7961
8063
8851
9461
7390
8370
8707
8429
9958
10346
15167
10511
8741
9005
8794
9409
8826
7897
8476
9333
8466
8994
8594
7993
8146
7909
8114
8196
8827
7910
7784
7947
9071
10220
13415
12938
8902
9430
8884
8615
7957
9445
8999
8952
13108
12773
14082
8519
8098
8678
9192
8640
8929
7522
11622
8297
7980
7600
7471
10136
8192
9797
10986
19312
9443
8200
10616
7476
8621
9264
8929
9264
8931
8584
10158
16132
9633
11028
8071
7788
9039
7830
9209
9063
14426
16328
10461
8014
8159
9060
9232
8831
9187
8639
8685
8682
9310
8514
7818
8291
7756
7577
7917
9237
9425
9953
16502
8760
10830
8174
9254
9095
7868
8026
8483
8153
8738
7691
10307
9325
8203
8985
11290
18516
9770
9639
8773
8688
7799
8455
9461
8615
7923
8654
9826
7649
33810
15132
10030
10031
8061
9376
7841
8773
7597
8208
8456
9000
7834
7444
7836
9309
8871
9117
9685
10131
9616
14636
10485
10071
9798
8295
9343
8537
9097
8364
9156
10103
11000
17421
9675
8882
7828
8653
8835
12333
9762
10061
16050
9569
8472
8423
10494
8770
7458
8846
9066
9041
7652
7802
7619
8455
9389
9664
153254
8416
8389
8431
8569
7798
7604
8513
8692
11402
19111
11002
10555
8039
8808
8626
9120
8289
8064
8572
8659
7928
9076
7665
8183
13076
18728
10497
8169
8754
9167
9868
13343
15362
8649
9293
9521
8593
9405
11081
8121
8418
7592
9308
8502
7748
8287
7841
7759
8876
7631
9652
11108
15905
13115
8861
7697
8441
9324
8183
7810
8364
8258
8607
8746
13286
15542
9523
10650
8597
9056
8716
10772
8414
8082
8455
7389
9063
8697
7912
7744
7767
8255
9504
10688
18033
13400
8597
7802
8981
8214
8975
7716
8620
7835
7728
9312
10351
10887
14717
9700
8279
8948
9138
9455
9091
8689
11624
15068
7542
10825
8712
7811
7877
8189
8350
10014
8153
8044
8801
7853
9881
10106
15687
10023
8377
8097
8560
17267
11610
7923
7859
9417
9396
8681
7744
8167
7665
8450
8751
8812
7819
17597
12590
8185
9248
9106
8990
7994
8538
8420
7588
7610
8010
7720
9455
11323
7689
8294
8615
7758
7769
7877
7539
8035
8139
8570
7625
8413
8165
7697
8175
8535
7850
8598
17800
13365
7645
10205
8887
10624
8056
12511
10039
15420
11818
8150
7644
10360
12814
8326
8040
8437
7672
9046
9471
8996
10297
18137
12071
8330
8975
8630
8738
8454
8496
7700
7597
9744
8594
10023
10874
14237
9416
8070
8338
9177
8769
7879
8725
7939
7593
8318
8281
9264
8422
8133
8366
8560
8351
9373
8246
7968
8697
31160
7538
8938
8594
10357
11291
15409
10032
8216
8019
9332
8620
7814
7672
9105
8209
8672
7632
8297
7882
8116
8210
7933
8369
9082
7902
8979
8575
8401
10653
10619
16770
7961
8719
10266
9155
8100
9296
8727
7484
8622
8651
7950
8203
7784
7752
7765
8579
7600
8912
8099
10119
8712
7671
8801
10032
14161
15990
191558
15984
11112
9475
8124
9412
8095
9281
9216
10964
15776
8766
9035
8059
9379
7876
11164
8436
9261
7789
8196
8133
8859
8728
8221
8948
10119
8887
8497
11166
18374
11674
13053
10746
14774
10908
9466
8663
9230
11822
8112
7952
9866
8348
21305
9385
12513
8176
8108
9200
21539
9651
9107
9280
8576
8788
8431
9395
9032
9864
9415
18855
10400
8925
7860
9366
9727
8587
17025
12397
9940
9533
8898
8308
8460
9744
7554
9288
8386
8907
10467
8449
19418
8600
10811
8011
8351
8249
9486
15010
9883
15708
8620
9781
9620
8216
9664
7735
7785
8215
8593
7631
7988
8433
7984
9272
8077
10422
7798
7978
7920
7512
8960
7605
7943
9032
8294
8682
10082
11348
17515
9943
9682
8088
9220
7955
9517
8323
7751
8088
8391
9356
7756
7955
9348
10795
15587
9200
8458
8731
8266
8663
8072
8948
10472
8788
9223
8528
8669
8839
8360
7479
9322
10252
8361
9507
10161
15145
9594
8941
8507
9312
8754
12735
9562
10061
15568
8602
9459
10179
11893
7913
7574
8478
7928
7771
9023
7657
7854
8115
8103
8984
8049
7921
7748
8635
8112
8135
7804
14434
10845
16205
9170
8102
9825
8785
14573
15778
10612
15557
8152
8056
8274
8698
7679
8526
9016
9728
14878
10149
9733
9266
8428
8358
8262
7697
8258
8154
8608
8388
7689
8498
8831
8410
8092
8787
7812
7595
8293
7857
8322
8790
8635
7969
14665
14981
7870
9140
9404
9355
9012
8494
8259
8353
8028
7728
9097
8578
9462
9215
8190
8692
10441
9719
15041
9220
8155
11080
8730
9695
7976
8032
8285
9258
8523
8149
7861
8154
7997
10418
20800
11810
8574
8037
8288
8418
9484
9041
8779
7796
7640
17082
13264
8867
11988
8614
7662
8300
9651
7967
8251
7995
169637
14748
8240
9608
8974
8074
7497
9594
8793
7766
7622
9439
18799
10687
10113
8464
8168
9094
9346
7716
8395
8234
8358
7620
7823
8154
7978
7508
7903
7931
8916
8943
8292
9757
9398
11461
18035
7995
9230
8786
19607
13150
8582
10432
9362
8453
8467
15287
15015
12692
10988
8416
9394
7897
8240
7584
8215
9211
8744
8194
7642
9428
7624
7787
7692
14624
15605
8397
9819
7795
8196
8987
11887
8921
8116
8713
8925
9178
9466
9161
18512
11049
9698
7590
7964
8599
8254
9739
7808
8005
8473
8478
8121
7936
7591
7952
8312
9514
8404
9737
9282
9840
15023
10328
8927
8779
9639
8978
10383
8794
8260
7861
8292
8072
9476
8975
9836
14428
11989
8638
8488
9065
9096
8634
8065
8525
7993
8014
9871
8922
7928
8174
9536
10048
10038
19263
8512
7640
8723
9091
9110
8060
8000
9015
8394
8816
7985
7785
9139
8569
8476
8829
7843
8145
7591
7661
8140
8227
8192
8596
10401
8931
9465
18647
9869
7465
8261
9579
9632
7974
7710
8795
10187
9671
10617
8637
15796
8671
8042
8457
10440
8380
8027
9363
7533
8854
7774
7742
8635
8075
8076
8671
8120
8701
8994
7752
8808
9397
8680
7734
7642
8640
7591
8833
10271
9094
9819
13753
11761
8445
8736
7659
8897
9822
8800
7914
8588
7515
8379
8628
7851
8317
9378
7957
7872
15846
14978
9459
8789
8241
8816
9090
9517
8523
58705
14958
11235
8789
9581
8156
8136
8091
7593
9107
7517
9368
7923
8562
7855
8314
8837
7936
9892
7538
8735
10502
8943
9558
12882
11756
10671
8388
8185
9750
9117
8692
7498
7998
8214
8323
7897
8552
8162
7629
8999
8198
7803
8850
9501
10087
9748
15609
15351
8697
8660
7673
8234
8148
8195
9148
9521
8423
192164
9030
9620
9208
8377
8839
7579
7946
10205
14055
19000
7498
11205
8620
8010
9209
17997
11101
10784
8143
8088
7505
7848
9395
9399
8364
7786
8157
8158
8934
8223
7958
7574
16670
17159
9431
8384
9096
8691
8898
18960
11132
8473
8952
8160
9221
8092
9843
7571
7979
7818
8988
9429
8587
8397
7796
8856
8507
9696
7663
8623
8241
8371
8214
8172
7904
7714
8242
9662
8606
9356
10182
17852
8796
8451
9219
8403
8610
9337
8675
8264
8597
9005
8672
9631
10462
15401
11589
8792
7799
8837
9314
8481
9229
8685
8291
7630
8472
9277
8872
9308
8373
8359
11025
18332
8558
10805
7750
8395
8225
8193
9443
8868
8941
12587
15201
8870
8490
9004
10021
8819
11087
8373
8356
8097
9328
7671
8943
8372
9245
10558
16010
9890
8032
8317
7948
9016
7535
7928
8448
8337
8293
7956
15148
12237
14337
8459
8965
9027
7857
9869
8815
9265
8656
8834
7604
7570
7666
8082
8355
9016
8597
8415
8025
8978
10473
19224
10831
8734
8056
7950
9410
8448
9383
8574
8767
9884
10567
15011
10714
8406
9368
8623
9398
8118
7933
9241
9343
8717
8012
7690
7993
7610
8746
7914
8371
9169
8597
8000
8127
10193
8770
10906
15607
8969
9255
7940
8859
8841
8945
9600
9457
7622
8581
8184
8578
8878
12625
9757
15287
8773
8575
8307
7975
8083
9272
7723
9585
9615
8744
9260
8565
10064
8363
59126
14757
9550
9273
7925
8467
8707
8343
7931
9613
7856
8235
9456
8025
11354
15672
10439
9654
11175
8206
8898
8302
9174
8695
8581
8035
10144
9801
15937
12047
9538
9059
8915
9294
7526
8462
7937
8725
8422
8231
17149
12666
9021
8597
9220
9384
7808
14556
8216
9758
18877
9078
8206
12990
8582
8769
8230
7725
168088
15432
8919
7714
8356
7972
8687
9502
8423
8013
9751
7768
9241
9261
9855
15321
12668
8224
12492
7688
7984
9080
9259
9273
8452
7504
8533
7591
7774
9025
9256
9798
8648
14897
13880
8819
11914
8866
8296
8123
18474
10754
8909
8934
8753
8215
7791
14116
8015
7743
8409
8194
8587
7952
8020
8609
10168
14105
13923
7963
8287
8136
8800
9518
8899
9418
8578
8348
8451
8398
8472
9299
8052
9179
8517
9164
9932
14492
12200
8384
7955
8794
9615
7575
9230
8273
9144
9194
7354
9467
8764
9923
8915
10122
17707
9569
8945
8135
8196
7702
11022
9355
7502
8349
8855
8461
9815
8773
10878
15223
9265
9204
8914
9543
8276
8554
7925
8204
7994
8274
8836
11201
8594
7511
8680
9758
10719
15948
13514
8207
7873
8049
8404
8635
8537
8282
8492
7801
8298
8015
8373
8051
8143
8189
7551
8801
8285
12158
9611
14835
7610
10779
8261
8196
13697
8716
8956
7958
7344
9073
8408
8516
8471
7605
10394
11255
18841
8688
10247
7960
8435
8996
8752
8288
8351
8843
9807
10220
14982
9432
10477
9215
9183
7955
8276
8396
7858
8731
8276
7856
7753
8213
7813
8183
8054
8842
8143
8154
7477
7663
8435
8660
7912
9202
7985
7492
7740
9338
8934
8548
7969
8816
7641
8551
9675
9148
8798
9482
10220
14120
9476
11063
8430
9274
7952
15529
13297
12848
9921
7958
8618
8174
9882
7541
63430
16037
8728
9400
9534
9317
7835
8254
7870
8192
8208
8555
7843
7992
8330
8860
11246
15690
14697
8114
8253
8574
9095
8766
7821
8883
11017
15545
10866
8546
10261
9446
8105
8532
8584
7713
9026
9191
8805
7589
7704
7754
8605
7779
8529
8127
8116
9041
8686
10486
10248
11275
13748
8918
8636
9293
8453
8748
173896
9236
9738
8801
8271
9815
8635
8211
8817
8755
8871
8338
7852
7965
8801
7981
9506
10489
10866
9366
8566
8434
7615
7846
8937
8423
9213
8751
9621
11163
17969
10020
8133
8538
8666
8281
8546
7686
9628
8653
7999
8309
8184
7835
10884
10860
15486
8572
8903
8339
8080
12634
9292
7765
7871
8529
8274
9451
9282
9133
10684
15725
10069
9007
8943
8558
9120
7419
8074
9009
8888
9092
9014
10357
10164
15789
8041
11153
7779
7940
8333
8882
9146
9029
7539
8937
7914
8803
7991
7712
9059
7767
8929
8069
9024
8281
10605
10318
12337
14975
10584
8712
7835
8217
8228
8430
8478
9298
8188
8267
9924
7693
7643
8994
11650
11470
12317
9253
7851
10351
8404
11127
8584
7532
8779
7998
9233
9230
12966
16209
9041
8562
9151
9055
8587
8245
9655
8186
8997
7779
8517
8025
7445
9220
7410
8395
8425
21057
9209
8800
10829
8444
9625
7697
14738
10557
17590
10641
7997
10694
9110
8413
9540
9886
8358
15566
11237
7714
11441
8910
7751
8164
8889
8454
8698
8338
7552
8241
8245
8122
8012
8317
9140
7979
7933
8696
8493
8866
8649
9036
8830
12836
14596
10063
9113
9037
8233
7974
8353
9179
8237
8990
8401
9094
8915
8557
10773
14181
11237
10219
8946
8090
7780
9313
8032
8235
7935
9660
8547
8318
8466
8495
8134
7572
7865
8842
8313
9077
8195
7702
8252
7947
22338
9232
49494
8210
8535
9502
8278
8282
8424
7934
9438
8692
8453
9938
8890
8091
8836
8419
10805
9856
11911
13975
8568
9208
11138
8153
8064
7701
7733
7927
9238
8523
8186
8670
7531
7573
7672
8814
8312
15646
13635
9705
9868
7720
8964
9520
12683
10335
9873
9170
18063
9268
8237
13079
10400
10423
14966
9004
8974
7871
170326
18953
8291
9339
8600
9646
8559
9266
8200
7892
8158
9558
8876
8167
9333
9506
8615
11694
12190
8319
7603
8908
9031
8535
9061
8315
13102
17821
13306
9120
7755
9100
8615
9717
10536
15129
9950
8021
8280
7710
8899
8179
7986
9216
9376
8751
8687
8133
8005
9318
8108
10634
9282
9858
8445
14660
12740
9157
10687
7752
8794
9405
8079
8153
7810
9015
7726
8279
8906
8374
9664
11257
14653
10205
8989
8566
9337
9738
7572
8292
8198
8736
9389
8212
8696
8389
9136
8342
8053
7564
7939
10020
10993
10613
17054
9859
8972
8819
7810
8038
9399
9216
8778
9066
9533
10083
15994
9709
10325
7882
9237
7805
8951
8996
8324
9379
7533
9225
8419
8603
10668
10815
13857
9507
10662
8884
8348
7769
10712
8838
8447
9019
8276
9220
8414
8039
8108
9259
10131
11127
14179
8407
8025
15700
8905
10179
10065
9734
17983
9219
8274
8225
8404
9745
8032
9394
10093
10435
9967
15131
10003
8136
9035
8935
10512
9018
8474
8733
9471
7622
9607
8646
10644
15471
10260
13331
8393
8743
9218
7711
9399
10025
11189
15430
9393
8971
7641
9611
10220
9187
9603
7624
10066
8260
10513
18876
9163
8456
7692
10102
8641
8563
8404
8107
9331
8057
8841
7964
8032
8329
10249
9045
15304
11671
8528
7834
7919
9935
8483
7552
11674
8663
8735
9203
10158
11567
14748
10842
9282
8230
8015
8494
9812
7871
10846
8483
9044
11482
14670
12345
8911
9051
9028
9008
7876
8755
8540
7665
8759
8978
7817
9230
9327
11258
13293
12124
9478
8730
8161
11345
8986
7707
9239
7984
8250
7766
8856
9830
8738
18765
11105
9836
9246
7825
8924
8194
8656
12265
10620
15031
10067
7922
8732
8753
9090
7687
9341
8528
16000
13779
10931
8022
147328
17188
9802
8517
9030
18906
14071
9077
8112
9646
8416
8541
14215
9859
9123
15063
11443
13807
11998
7618
8912
7807
9122
9008
8751
8806
8517
8468
8393
9931
10924
18394
8410
15509
10241
15963
9728
8543
8209
8382
9407
8800
8621
8404
8536
7839
7484
8650
8394
8276
7917
11612
7953
7472
8901
7723
11235
10921
7773
12742
10961
11222
8875
8447
9092
8864
9017
7822
7739
9608
8355
9378
8364
8633
8005
10332
16646
9068
9827
8141
9023
8400
8737
9025
8432
8850
8326
9276
8656
8665
8394
8341
8190
7733
10658
9813
18016
10720
9183
8745
8987
9307
8339
7748
8417
7747
8684
9218
9627
9473
9410
14640
10767
7800
13130
8465
8746
8399
7600
7753
9882
12755
15230
10237
8718
7821
8671
8933
8786
9457
8340
9479
9188
8250
9214
8334
9885
10302
13376
11969
8276
8762
8733
8599
8676
9404
8587
9172
8715
8133
9100
7731
9487
7831
16435
16137
8207
9063
9279
8909
9049
15943
14823
9138
7651
7451
7833
9353
15038
7739
7697
9006
8805
10493
16194
15585
8673
8450
8254
8315
7675
7807
8576
7794
10113
7634
8446
8825
9830
11225
15584
10231
9520
8419
8094
8732
7843
9323
8584
8048
9184
8129
8052
8591
8716
8085
10166
10917
18257
9340
9468
8825
8750
7937
8772
10678
9764
9960
16287
8569
10022
8706
7958
8105
8050
8174
8596
9382
8805
7778
8318
9288
8517
8471
20089
15970
9163
9579
7595
8644
7716
8352
7995
8482
7755
15897
13346
8100
10399
8988
8249
8441
12312
8735
8524
8466
7808
8666
7512
7445
8730
8230
7720
8618
8001
7615
7814
8579
7814
8672
8456
17666
12924
9256
8517
8127
8346
9502
15520
12674
12099
9521
8447
8846
8276
14396
10071
10115
9176
18523
9260
9443
172201
12237
9080
8054
8687
19948
12856
8156
9667
8123
8055
8324
13781
8367
9046
8048
8431
14644
7704
11451
10232
7796
8977
8676
9235
8760
8586
7770
8330
9729
10992
18115
8825
10244
8849
8114
9284
8684
8644
7792
8336
8069
9533
8950
18753
9498
8871
8926
8705
9461
7742
12994
8188
8373
9320
10451
13310
13480
14732
8819
9551
9188
15201
10008
8783
12287
9214
7471
7934
8307
7666
7748
7947
7767
8594
8034
7991
9228
8738
9441
8979
8488
8559
8435
11048
19548
9842
8788
7837
8136
9620
7927
9180
7835
8636
8545
8411
8406
10108
10421
15590
8936
9009
9735
20638
14844
9064
8970
8544
8752
8157
8820
8861
8600
9396
8028
8112
9021
8638
7543
9328
10197
8733
12583
14460
7800
8958
9623
8778
8246
7590
8404
8555
8510
8579
11861
7866
7772
8874
7877
8536
7593
8880
9248
8589
8947
10102
17690
12273
9189
8343
8712
7835
17879
13564
8842
7753
7711
8288
9320
8424
7971
8024
8279
7968
7421
8342
8225
17469
12420
13083
8648
8918
9717
8359
13149
10015
10334
8591
11385
13388
10332
11201
8714
7734
8974
7752
8271
7909
8298
8892
7406
8545
8740
8205
7998
9155
8625
8669
10213
10013
18314
10839
8948
9436
7807
8815
7996
9283
9676
9974
14836
8874
10071
8425
9343
8646
7672
8702
7441
8616
8422
7914
7902
8807
8514
8365
8691
8054
9364
8546
8183
8139
7642
20896
11476
8752
9481
7979
7971
8457
8275
14430
8566
8028
8792
8450
7405
7966
8128
8528
8802
11441
7707
7855
8774
8638
9526
7640
7663
10322
10044
12903
12091
7967
7946
7994
10417
7716
7888
8507
10707
7917
8133
8789
7721
10592
8671
16208
17025
8957
9698
8291
8216
8991
22302
8456
10010
9125
7661
9784
7779
165710
18461
10690
9223
7793
9415
7803
7711
8389
13224
10374
15168
8731
9977
9169
9725
9777
14194
8153
10003
8155
8638
8353
7727
8458
8692
10106
8811
8020
8470
8568
9100
7698
8566
7617
10241
9202
21764
9720
8634
9039
7913
9225
7787
18918
11666
7760
8463
9446
8207
8588
11134
9000
8767
8158
9045
7766
8653
9370
10286
9461
15867
9339
9435
9517
9477
8659
7593
8388
8049
7907
7742
8427
8375
7957
8061
8779
8973
8225
8902
9235
9003
9888
15693
11299
9637
9174
9390
8185
8156
9320
9018
9263
8568
7715
7876
9064
9506
11046
15589
9789
7716
8453
8536
8476
9598
8546
9256
9241
8536
9220
9288
13564
17364
12161
8635
8428
8971
8476
7601
8163
7423
7650
7592
9558
8077
8757
9558
8876
20512
7935
9566
8362
8531
9034
7847
18134
14986
8336
8769
10286
8397
7611
17621
15525
11037
9509
8670
8064
7486
12670
8211
7839
8933
9643
9361
10041
10923
16157
9620
8013
10841
9143
8734
8329
8162
8796
8372
15958
13117
8400
7903
9336
9288
9145
13831
12616
14389
8756
9263
9692
8097
15011
8995
8792
16534
9455
8086
8760
13260
8547
7792
7581
7692
8836
8622
9542
8900
9720
10329
18428
11650
8519
8664
9435
7964
8384
7964
8404
8292
7723
9378
8261
9649
8684
13330
13633
9825
8250
8553
8799
8855
8917
9456
7857
8271
7950
8693
9369
8858
10576
10256
15414
8118
11733
8946
7799
9435
8764
7813
10280
7764
7590
7984
8714
8860
8405
8025
8817
8020
7714
7895
13543
16329
7912
8397
8927
9221
9056
7682
8160
8403
7902
10707
9256
7830
8658
12697
18276
15942
10498
11127
14743
12913
8766
7629
8568
8072
9100
8720
8606
8507
7377
8295
7658
7668
8968
7771
8442
8783
9259
8137
160288
10143
17349
10482
9610
20628
12310
8272
9719
9446
9269
7652
19908
13508
8617
9200
9112
16462
10748
11207
9300
7799
8186
8102
7992
8815
9663
8743
8288
9304
7745
10358
10848
8927
17590
9412
10962
9456
8214
7523
8532
8095
7983
8517
21384
8953
8946
9010
8604
7579
9625
16122
9559
14825
11040
7890
9210
8728
14989
9500
12697
13182
7920
7925
11492
13635
7851
9041
8789
9297
10258
17792
14136
8127
8223
8163
11651
10021
15199
11733
8076
7768
8118
8913
9460
8451
9222
8344
7970
8271
7748
9226
9255
8125
7572
8002
7912
8034
7802
8702
7997
8726
7697
8252
8327
7919
9784
11323
15143
10886
9288
8651
9015
8888
8483
8159
8367
9200
8372
8994
10395
10421
11550
13315
7809
8603
8651
9640
10370
9288
7907
8658
8119
8994
9278
11697
13779
14396
10399
8898
8716
7937
13440
15154
9312
9639
8820
8200
7861
12618
8436
8184
9324
9298
10391
9916
15022
8496
8200
11507
7812
8818
8977
8603
12280
9350
9967
16529
9463
9430
7615
9471
8522
8460
8543
9346
7961
8240
8390
8528
9228
8368
13425
18733
9857
7961
8548
9533
10018
13035
15562
10629
9235
8924
9431
8158
9641
8512
8002
8174
8195
8175
8455
9533
12979
15470
8666
10188
9358
7657
8820
8385
7441
9082
8769
8369
8829
8656
8312
7460
7629
7912
7701
7717
8002
8793
8488
8979
8551
7723
8208
9308
7786
8977
10060
9663
16576
10623
8830
8458
8307
9115
9313
8216
8133
9600
7938
7410
9061
9064
9101
10482
18071
8197
8948
10887
8376
9454
8646
7697
7615
7435
7772
8873
8652
8121
8138
15807
18882
9308
9938
9135
9482
7712
11882
9891
15767
11589
8762
8888
8841
11415
7774
8534
8410
9994
8494
9759
10242
14235
11069
8189
146757
19014
11554
9501
7989
8885
8555
10076
10272
13650
11904
9051
8402
8898
8074
8018
14112
12593
14394
10190
7682
8044
8233
9376
9098
8017
16547
18081
10781
9649
8194
8400
7696
23049
8348
9412
8202
9661
8574
8671
17518
15259
12202
9381
9248
7889
8154
11615
8366
9642
11189
14384
11501
8806
9789
8191
8176
8724
9273
7805
8306
9418
8128
8293
7727
18066
15918
8433
10060
8377
8549
9888
13799
15942
9391
12092
8369
8267
8175
8815
7563
7460
8483
8144
8292
8163
9733
8661
7989
7823
7998
8201
9710
7567
11030
15202
12066
8891
8100
8174
9138
8476
7531
9184
9368
8510
8987
8631
9644
9000
8466
9326
16030
8867
9723
9482
8513
7887
8802
8256
8191
8210
7910
7768
7815
9062
9194
9477
9444
8692
7974
7740
8466
8872
9958
22102
9200
8557
8645
8978
9137
8784
12854
15342
8858
9619
7799
8017
8798
8368
9422
7979
8041
7811
9424
7892
7788
11536
7536
8954
8001
8169
8214
8393
9374
7428
8612
10164
21380
8804
9177
8315
8372
7755
8225
9478
8720
7824
8779
8832
9794
10948
8263
15931
10912
9499
8169
7990
8912
8176
8880
8222
7630
9006
8184
7734
8188
9097
8112
10018
10498
10840
15964
9773
7932
9192
9164
9363
8975
8995
8837
8020
9441
8283
8686
7677
8181
8784
10608
13995
13866
8815
9496
9771
8408
9722
7589
8109
8497
8425
8960
11051
17574
8540
16188
9295
9302
15976
13641
7815
10075
8724
7719
8071
7822
8899
9011
8390
8325
8891
7641
7733
7608
9418
7606
9174
10041
13293
14220
7887
9387
8614
9498
8372
8331
7615
7847
16697
16034
9630
8759
7913
8897
8576
15528
10262
18359
10965
9610
8102
8776
22664
9761
9601
9372
8269
7958
8617
8189
8733
9573
9314
143830
16870
11753
9098
11353
9924
15624
9600
8102
10549
8887
8843
7964
7812
8591
9175
14478
11446
15312
10456
9175
8809
8885
7659
8212
8572
10020
7440
8312
9026
8994
9098
7943
8215
8483
7620
9471
7871
7676
8836
7545
9800
9379
18410
10249
9216
9204
8492
9286
8586
10251
8604
8841
10672
15471
9572
9569
8958
7983
9161
8623
8285
8460
8449
7938
8390
7787
8252
9673
10133
8800
12788
14210
9711
8813
9307
8371
8096
8665
8445
8551
7610
9187
8629
9395
9688
10266
16018
9785
9208
8632
8774
7955
9620
9098
8067
8297
8558
9410
8130
11231
10556
11079
16653
9001
9088
9574
9585
7873
8446
7919
22514
10310
7829
9445
9697
7600
9435
18510
14092
8557
10282
8292
8644
8952
18911
12058
9097
11919
7796
8087
9046
16402
18414
9230
9750
7661
8634
9246
10427
8245
9417
8553
7795
8756
8015
12505
8943
8670
23411
13984
8811
8250
9207
8882
8733
15047
18782
8973
9254
8411
8559
8276
13623
10044
8238
9100
9204
8290
8290
8528
8025
7564
9194
8677
8108
10133
16310
13087
9012
9758
8457
8133
8327
8717
8236
7977
8803
7871
9401
8847
9666
10829
14508
11066
9163
9923
8293
7693
9425
7970
7710
8164
8101
7830
7918
9228
7989
8492
7759
8517
7651
8821
7886
7238
7832
8896
8292
9126
7738
8769
9425
7902
8836
9635
10190
18220
10066
9280
8936
8419
8033
8537
7744
9292
8128
8595
7655
7868
7825
8194
9101
7743
9259
8205
8546
7902
7493
8518
8134
8856
10128
10302
17901
9793
9635
9123
8745
9441
11051
17256
9518
9412
9012
8757
9374
9158
7538
8502
9357
8438
7953
9317
14200
14785
8958
8466
9144
8255
7951
8405
7983
8158
7869
10726
7876
9338
7884
11490
7615
8939
9439
136877
10641
19734
9333
7773
8532
8695
9137
9046
15180
15497
7842
10666
8736
7771
8264
16740
9455
7593
8989
8545
10681
18035
11359
9657
7886
19480
12536
9230
9415
8949
9041
10892
7994
7856
8015
7956
8517
8477
8505
8927
8491
10497
12993
14423
8164
8840
9422
8728
9619
9164
8152
7904
8824
9312
7594
8980
9116
9374
9727
9738
15415
10579
9179
9317
8758
8302
8527
8882
9146
8462
8061
9638
11346
17941
10355
8222
7974
8199
10126
8305
7981
8613
9194
8100
8065
8275
8594
8571
9056
8245
8588
10632
14552
9894
8444
10917
7997
8870
7751
8319
8005
9071
8107
8403
8455
7794
13091
8205
8292
11257
16446
10046
10599
10491
9321
8451
8830
10256
9987
15688
14377
8974
7705
8935
8401
8938
8454
7758
10242
10150
18405
10606
8736
9255
7896
9475
7520
9056
8552
8901
10445
10545
19665
7749
9728
7974
9253
8995
7664
9448
7564
8291
8455
7715
9341
8886
8298
7934
9467
18303
9584
9522
8774
9460
8607
7667
8461
9254
10435
8417
9200
9583
15475
10584
11371
8166
8153
9541
8624
7775
9098
9514
7891
7641
8729
9238
8356
7983
9029
7948
9762
10351
18053
12073
8430
9358
8574
7727
8655
7888
8021
10687
9595
15535
8743
11526
8096
8472
7974
8164
8408
8174
8027
8143
9220
9041
7989
9119
7622
7654
9077
7631
8566
11465
10663
9992
14763
9830
9630
8450
16375
8651
7671
20212
8996
9530
9219
9555
9219
7826
7771
8209
8857
8212
9822
8497
9866
12215
15871
9258
9087
8978
9053
8863
8314
10031
8834
9103
14879
15225
7893
8748
9416
8855
7866
8943
17296
12417
8949
8786
8954
9369
8169
14979
8573
10205
16028
9779
8470
8805
16016
10633
18238
9929
8764
8193
9253
21495
8176
9310
10748
137402
7944
9021
7823
8787
8505
8989
8792
8787
17600
15586
8121
8485
8114
9174
9153
19771
8748
7819
9246
7414
9337
7880
14713
16154
9037
9010
9299
9184
7994
14682
10540
15495
8405
7834
10902
9334
10006
9058
8458
9240
7766
9665
10203
9661
11870
14711
11041
7977
8219
9548
9546
10113
9600
13635
12371
9014
9056
8312
8414
10800
8635
9027
7971
8054
8172
8174
7852
7930
7912
7610
8498
8796
8174
8614
8609
9241
10308
10331
16384
8890
7881
9630
8384
8074
8428
9272
8734
7980
8446
7979
9748
7790
7794
8480
8427
8532
7521
8569
8236
13446
15409
10020
8980
8318
8407
8820
8777
7595
7774
8738
8859
9620
8983
8746
10916
8375
11013
20137
10066
8262
8956
10766
9574
16284
11628
8851
8552
7980
8553
8439
8420
9194
10613
7908
8833
9241
7575
8975
9397
12271
15417
7957
8657
7731
10325
8631
14200
10175
9226
8971
15574
10881
9386
11989
9150
8749
8467
7576
7586
8176
8476
8885
9959
8915
12003
17620
8970
10607
8276
7757
7548
8869
8376
7551
8133
8313
7835
7595
9158
8373
9424
9216
10908
14515
10201
8014
8185
10928
9356
9146
9052
7754
8186
8176
7784
7666
8288
8457
8091
7623
9354
8752
8893
8815
7752
7561
8411
7810
8168
8444
7737
7777
9165
7753
8495
10774
11723
14454
9800
9093
9431
8393
8006
8969
8041
8522
8656
8578
9355
7795
7537
8281
7930
57395
18747
9256
7893
10364
9351
7893
8310
10828
10335
12801
16542
8450
8293
9358
8927
9513
9620
20460
8179
9097
8576
8426
8589
8048
7545
7782
8015
9418
9341
9239
7691
8444
8352
7666
7925
8324
8846
8332
9432
8872
8221
10521
11038
14359
8275
8123
9425
8575
8611
9348
8570
9230
8066
8487
9005
9091
9785
169816
8748
9082
9902
7723
8025
8210
8131
7819
8358
8181
7574
8994
7530
8996
8902
8987
9994
8377
7882
7959
9514
8773
16538
14600
7749
8817
9297
9603
7861
16627
15782
8748
10934
8902
9632
9128
10384
8849
8225
8172
9102
9328
15507
14746
7730
8259
8569
8603
8476
8515
9179
9090
8325
8328
8948
11458
19402
9338
9191
7703
8178
8657
8116
9341
8696
8425
8978
8428
10307
10646
14263
10623
8195
8372
10040
7641
8304
9378
8253
8181
8139
8339
8114
8579
7650
8580
8648
10071
8738
8671
7568
8203
9569
9855
12413
13394
9574
8253
9433
8559
9323
8676
8182
7667
8271
8239
8256
8856
8188
7924
9830
9348
8533
8387
11433
9259
8689
12243
9706
10543
15405
11381
9619
9080
9356
8990
8580
8228
10481
10102
9901
16705
8410
9250
9430
9372
9084
9407
7663
7794
8355
8589
9389
9071
9692
10104
18207
10476
8957
8613
9167
10507
8690
8075
7939
7811
9906
9401
16226
8568
8859
8224
10531
8193
10492
8235
7459
7914
7544
9147
9387
7971
8874
8166
8394
7849
7763
7979
8210
8840
8706
7795
8965
8235
8276
9589
9558
14358
13293
8286
8486
9214
8013
8333
8288
8521
9260
8403
9540
7848
8737
7792
8047
9038
7764
7592
9187
8480
8017
7651
8525
7883
9369
11744
12637
10361
9521
8907
8558
8327
8564
9943
7854
9136
8882
9445
9166
10108
19497
8694
9532
8893
49160
7714
8420
7985
8117
8933
8092
8082
7912
9691
7904
8146
7738
8884
8542
9480
8041
8192
7564
8585
7789
8735
9752
8381
14742
12156
7999
7981
11002
7738
8732
8659
8303
8624
8558
15173
9792
12768
9230
12614
9360
9641
13119
9036
10015
8382
15114
11128
9971
8712
9097
7994
8857
7905
7809
8739
7639
8152
8595
8613
8353
8225
8620
7934
9035
8934
10066
9904
14394
10267
9625
7764
8483
8915
9258
8368
8292
8843
9267
8097
7657
7590
8390
7975
7564
8267
8256
8629
7916
8850
9023
8271
8567
7856
8434
8220
10456
10643
17864
9415
8731
8866
8645
8211
7594
8559
9218
8140
8334
7812
8434
10743
7909
18640
11452
7876
8638
8876
8497
7651
7962
9089
9980
7682
8434
8558
8225
8724
9000
9178
9221
7646
8294
8000
10502
17865
11644
7943
8612
9005
7643
9182
10212
8468
10078
8032
11195
13975
11125
7993
9058
8425
9102
8020
8760
9084
8082
7902
8625
7926
8234
7969
8532
7872
8611
8745
9178
7657
8955
7979
9073
8930
7508
7844
8143
9692
7536
10625
14594
12472
8572
8904
9137
9636
8074
8444
8032
10299
9159
7633
7733
8651
8944
7634
7894
21188
9638
9214
8577
8111
8625
8409
7837
8515
8841
9358
8005
7765
8612
7748
8553
8543
7692
11394
7568
8437
7790
7513
7934
8809
8225
8915
8070
9345
9893
17716
11470
8959
8284
8041
8563
9482
7738
8544
8825
8159
9235
10777
15384
10041
8601
8260
8115
7661
8908
8906
8747
8093
9604
8899
7780
8501
8677
7873
8997
7794
8746
8144
9020
8707
8592
7752
8007
8401
8507
9612
9256
10929
15800
11959
9092
7879
8008
8316
7966
8533
7572
9200
7453
9374
8444
8407
7703
7493
16674
14446
10361
8959
7983
8236
7866
9717
8947
40569
16910
8712
9161
13075
8542
10364
16217
9310
14733
11456
8967
8726
8209
8942
9239
9083
7930
9189
9019
9389
8405
9034
10275
14920
12206
10798
9143
8117
9241
8731
8474
7941
9557
8176
8719
10218
10650
18743
8246
9215
9535
7846
8447
7959
8205
8123
20540
10819
9614
7917
8739
7783
8925
9952
7986
9216
7692
161704
10059
14543
13472
9600
16201
14730
12990
8296
9224
8205
8407
10041
7392
8913
7606
10757
7714
7805
8779
7645
8218
7929
17249
14298
8567
8701
9661
8729
8501
17539
13953
8407
10884
8981
8589
8428
14974
10326
17843
10386
8232
8050
8590
16269
16625
8794
7756
8302
9510
8487
11615
9256
10626
8985
10362
16484
8753
9936
9199
8254
8594
7691
7558
8550
9765
9204
8825
7611
7780
8418
8220
9025
8853
7805
8222
10504
8294
10141
15733
12343
8909
8974
9296
8320
9004
9000
7993
7695
9069
7724
8294
7944
9691
10429
18813
9998
8739
8098
8876
9338
8183
7587
9247
8478
8646
8391
10130
9739
15977
10215
9137
9133
9357
9485
8714
7585
7942
8948
9209
9077
13498
14451
9263
9952
9278
8890
8353
12951
9150
9950
10148
15428
9671
9630
10232
9144
8520
8988
10950
9800
18442
13905
8033
9542
9319
14922
11892
10588
9005
9043
8409
8515
8641
8854
8978
7583
8818
7892
7773
7942
8400
8178
8010
8595
7426
9214
9803
8994
15995
10097
8410
8682
10122
8351
11898
8379
8793
9051
9740
9702
15976
13092
8415
7758
8128
8765
9462
7705
8346
7894
7734
9533
9260
7776
8212
8044
8316
8596
7825
7697
8853
8636
9180
9631
9570
17841
11467
12027
10297
10578
15816
8295
10897
8137
8419
7713
8195
8413
8836
8604
8227
8810
9006
7773
9240
7453
8667
8988
7793
7882
9868
9476
8729
11051
15329
10707
9020
9065
9049
7665
9045
9287
8096
7594
12625
8758
9916
13699
11193
9806
8454
11461
8601
8403
8123
8758
7700
8240
7498
8538
8389
9199
8219
10313
10753
15463
12350
7696
8379
9414
8353
11589
7680
9126
8587
7673
9259
11226
17511
11164
8001
9005
8612
10788
12101
15485
8782
10313
7803
9007
8841
162558
8687
9632
10747
13120
8952
13979
9317
9081
8748
9483
9734
10445
12764
14243
9481
9174
8897
8024
8174
8599
8270
9124
7671
9074
8876
8748
9641
9611
10805
8011
15079
8626
9016
7955
8559
8414
8061
9744
8346
7976
7884
8471
10399
9399
8110
8262
7856
8857
8152
9287
8756
7794
7936
7803
9605
9703
10181
14636
10875
8398
8866
8733
8613
9257
8547
8189
8816
8917
9098
9303
8590
11422
17802
9984
10524
9782
9071
7963
8188
10425
10176
15989
9917
8010
9501
11948
8800
7411
8838
9213
7879
7953
8610
8958
9668
14489
13156
9194
9206
7402
8750
7785
8605
9179
10015
8414
8604
9419
8945
7948
10346
9635
15863
9826
9621
8889
7910
9822
10581
8197
8394
8364
7553
9293
8973
9188
10251
17068
10815
9492
8132
9441
8379
8765
8615
9015
9963
10705
11769
13166
8369
8564
8001
8126
9719
8163
8047
9330
8526
8021
8056
8789
7954
9600
8929
8169
9077
8013
8400
7682
9000
7558
7728
8373
8596
8158
7753
7628
8368
8818
10841
13603
14042
9148
9850
7802
8169
9241
7722
8324
9607
13679
14717
11055
9716
8600
8908
10791
14805
13319
14415
11143
8042
8832
9420
8573
10439
10598
14937
10908
8142
9338
10460
8687
7471
9128
7768
8139
8955
8124
9269
7430
7671
7897
9588
8468
7560
8556
8614
7867
7641
14959
14614
8158
9030
8574
9625
8416
13611
7815
8571
7774
8379
55008
18417
11707
10022
13537
15312
10339
9124
11853
7912
8974
15256
14471
9005
9821
9645
9281
9394
10025
8813
8561
8070
8032
9256
10707
14909
11751
9132
9284
9095
7913
8729
8355
10201
7739
9238
8517
8475
7579
7321
8266
8394
9153
9626
21236
11626
8818
8856
9002
7836
8291
14042
14917
9096
10000
8309
8507
9389
157111
9233
10107
9620
8562
9020
8999
11907
19053
12235
10202
9799
8935
14069
10781
9482
8859
7943
8357
8000
8985
9078
9317
7885
8013
8367
8585
7492
8174
8953
9032
8787
7836
8323
7942
7876
8604
10190
11206
16679
10810
9406
8693
9227
8415
7827
7764
8374
8453
7780
8333
8881
8796
7404
8663
8615
9659
9214
16451
11864
9106
8089
8538
9496
9660
7699
7615
7533
8668
8038
7584
9056
12390
17834
10294
8136
10470
8549
7862
12495
11226
15544
10453
9391
9519
8391
9310
8005
8577
8053
8574
8853
7729
7839
9596
8795
10241
10985
16226
9348
7811
11617
7487
8917
9380
8396
7809
8364
8635
7676
8273
9313
13431
15412
10654
8413
8957
9659
9394
8881
9343
7799
9014
8918
11071
14574
17159
9042
8343
8675
8300
8016
9526
9200
9835
15127
10748
8745
8628
8810
7699
8030
8858
9328
7456
9218
9510
8236
9384
8764
7849
7512
8863
10090
10764
15853
11109
8676
8424
8294
8892
8728
9243
8377
8152
8523
8471
10071
9876
9866
15765
11869
8073
7956
9441
8317
9232
8803
7643
9420
7940
7953
8046
8593
8244
8282
8827
8568
10846
19054
9780
8848
9158
9610
8125
8176
13067
10140
15320
9881
10734
8535
8637
32005
8384
8798
9360
10063
9770
14528
10543
8606
8466
9584
10474
8155
8839
8391
8497
7937
8613
8140
9215
9155
8869
9872
13013
16818
8544
10575
8543
9315
10746
8148
22194
8381
8683
8325
8046
8465
8624
9302
7797
9153
7601
7420
22095
9238
10603
9424
7947
8404
7446
14311
9152
11415
14523
10057
9844
8579
13838
7421
8658
9323
17702
10403
9162
10203
8675
8858
8122
8663
7636
7820
8272
8636
8180
8375
17191
16979
7940
8959
8459
9444
8863
23270
10473
8356
8608
8030
7991
9212
156750
8249
15038
11142
18441
11287
8754
9660
7801
11398
10452
14696
10634
8666
9853
9199
8267
7871
8454
8910
7742
8369
8665
8998
7874
7550
8231
8276
8329
7778
7783
8204
8600
9256
8353
8433
9767
10352
15955
10650
9102
8616
8257
9321
7893
8032
8285
8814
8413
7651
7766
8185
8299
7753
8478
8110
7856
7570
9434
9456
8765
7981
8225
7650
8006
7712
8760
7560
8731
8171
8714
9972
7910
9953
16101
10105
8165
8825
9355
9158
15041
10758
11226
19202
8557
9236
8813
13713
15635
8907
10651
9977
8963
8419
8769
7451
9157
9374
10093
8588
16377
13143
8797
9429
7988
8750
9345
7555
8415
7537
7852
9138
17849
13514
9574
8814
9320
8455
8047
12471
7549
7440
8356
8357
8107
8535
8200
10363
10192
18660
8815
9229
9705
9454
9582
8782
9548
10394
14712
10815
9305
8761
9359
8154
9458
9384
7856
8645
8665
7753
9300
7992
8931
7712
8206
7747
7965
8197
8802
7974
7572
7611
7871
8427
12169
9739
16289
9533
9016
8343
8379
8174
10395
8193
9379
7816
7971
8187
8348
8248
8484
9210
9195
9224
10322
16245
8542
7989
10985
8584
9037
8205
8194
9220
8929
8788
8433
13850
10680
16400
11492
9838
9697
7630
15834
12979
10005
9696
9030
8008
8790
13439
10343
15066
11918
9420
8215
8697
12402
9384
11420
15368
9524
8638
8690
8112
9083
8589
11353
8800
9209
7623
7605
8481
37867
13561
10948
8112
8053
9214
8561
8591
7614
9225
7892
8818
8175
8225
7727
8657
9319
8953
8739
10394
9829
18590
10835
10227
8224
9671
8415
7800
8861
8552
9466
12916
12262
8995
9794
8606
7901
8494
7948
8343
8489
8584
8712
8063
9079
7771
8041
8211
9222
7780
8644
9620
8610
8409
8600
10894
10403
15777
167548
15349
10165
9654
8205
8179
7797
8967
9024
8377
8666
7468
8144
8709
7948
7794
7964
13002
8333
9674
8323
9608
8020
8502
9276
7933
8239
7946
7642
7590
7753
9337
7794
7719
9029
8586
8313
7943
7656
8316
8009
7598
8494
8189
8850
7912
8249
7559
8589
7615
9548
8929
8571
8066
10336
10587
15656
9336
11687
8586
8255
9384
8622
8622
10490
8192
10590
9450
16001
9190
9641
8736
7881
8975
8896
8029
8817
8935
8785
7553
16091
17523
9406
11733
9302
9812
9782
21101
7693
8488
9396
7907
9338
8519
14327
13317
13083
9057
8400
9551
8175
11971
7811
9057
10196
11257
15747
9434
12280
7774
9245
8142
8830
9147
8595
8337
9599
9586
18656
11256
8312
7632
9264
8027
7809
8486
16191
15924
10144
8770
8830
7589
9009
11648
8172
7758
8837
7390
9400
7773
7789
8194
7838
8420
8602
9917
8527
10822
15574
8360
8582
8498
10420
7769
7970
8604
7999
8254
9281
10014
8989
8169
9264
7533
9118
10331
11024
13370
10667
9199
9261
8748
8010
9636
8601
7746
8701
7491
8976
8548
8876
9005
8242
8113
7369
7750
8243
8234
8803
8420
7974
7403
9745
9892
10500
18475
8433
9164
7866
7946
9477
9698
8804
8737
12711
15014
11362
9718
8510
9456
7932
9290
8573
8695
8305
8133
8673
8220
7787
7588
8431
9202
8630
9892
9427
10302
15348
9463
7570
7565
9469
8667
8493
8641
60781
19193
10782
9738
7823
8148
8336
7743
8564
8336
9311
8274
18813
9004
9656
9044
9996
9197
8635
15217
12355
14472
8953
9650
7774
7944
16167
11524
13472
10135
9543
8359
7648
13661
7935
7570
8174
9171
9379
8291
9313
9830
17298
11498
8100
9630
8815
8553
8689
8386
9761
19683
9194
9021
9579
8081
8000
8173
124825
15833
9957
9584
8396
9495
8142
8384
9073
8149
7969
8505
8361
8343
8723
8766
8607
14687
8030
8685
9025
9206
8823
7948
9141
7739
8966
7895
9335
9187
8195
8701
7467
8133
7522
8086
8294
8204
7676
8460
7969
8215
8408
7815
18066
14503
9000
8217
8724
8250
9421
7845
8637
7723
9143
8070
7707
8520
8997
8789
8816
7719
9181
10244
9395
15425
11169
8173
8492
8425
8732
7902
9025
8966
8056
8517
9005
9203
9250
8368
7635
8747
7784
7958
7996
8914
7707
8376
7870
8105
8679
10096
20605
9335
8374
9793
8793
8256
9014
9184
9087
9523
8240
11044
14781
9682
8722
9143
9178
8041
8117
8356
8265
8153
8820
8779
8573
7610
8151
8235
7875
8297
7916
9467
7882
8410
8625
7937
8033
7893
8262
8537
8156
8528
9405
9205
9475
10144
15282
12008
8706
9353
7971
8440
8857
8222
8912
11760
11065
15141
9439
8389
9057
8189
7964
9441
10020
9000
9397
8956
8317
8080
10858
10401
18217
12307
8044
7979
8657
9602
8712
8475
10368
10917
14601
10902
14702
7897
8354
7920
7964
8596
9277
10432
15412
11747
9211
8584
9823
7972
8366
8028
8343
8148
15435
14446
10308
8477
9140
8128
8280
12021
8156
8670
8397
8340
8051
7788
8969
8404
8373
8196
7719
7617
9234
9275
8805
7885
10507
18656
9656
8491
8625
9526
7773
9225
7462
8128
7912
7578
9276
7773
7754
9800
87586
8231
10310
8408
8644
7976
8524
7654
8592
17534
16048
8565
7572
10599
8506
8070
17759
14286
9642
8006
8956
8271
8528
12159
9206
7717
8823
7550
7981
8673
8389
8060
9053
10499
12210
14146
9322
8917
7590
8443
9258
9389
8619
8448
9550
9503
10041
8499
11542
15402
10635
8569
9720
7906
8136
8785
8879
9238
160365
9930
15769
11902
7820
9162
8609
8532
8472
7842
8495
7794
8068
7975
9378
8545
9356
12812
9190
8394
8225
9740
9288
9835
9764
8022
7855
8522
9799
9419
10651
14958
10735
8935
8485
8257
9382
8558
7804
8796
7908
7665
8172
8878
9384
7685
7789
8195
8283
8838
8598
8181
8637
7712
8041
9006
8354
8459
11546
15958
9081
8765
9511
9082
9641
9294
8293
8292
9102
9040
8211
7601
7982
10003
7503
10220
10645
12633
13694
9866
9656
8325
9621
8431
7775
7872
7976
21168
9618
14376
9974
8938
11095
15125
8039
10800
8781
8631
9574
9461
7972
13420
8687
10383
10646
13772
8716
7441
13246
7849
7835
8189
7799
7978
8588
8613
8257
8569
7855
11425
9698
10489
16385
8605
10198
8856
10774
9097
8398
8430
8133
9055
8190
9461
9763
14761
15897
7994
8744
9403
9538
8156
7413
8665
9600
9387
10307
15407
10822
8782
8358
8256
8622
8112
8741
8625
8873
8082
8624
7800
9187
7868
8476
7743
8635
7868
7957
9184
9024
8159
8660
9341
9009
10469
15277
9516
7903
9067
9098
8767
8011
8024
9179
8172
9202
9024
8355
8266
7552
8063
8585
8146
7877
8417
9245
8546
7616
16070
14332
9767
8689
8592
9332
8418
9661
7993
7983
8753
8316
10115
8435
9261
8623
9151
10038
13374
13103
7885
9725
8215
8215
8148
9251
8600
7464
8476
7902
8282
8584
7770
8205
8218
8699
8012
65971
10512
12549
8678
9042
8981
8800
11601
14353
14125
7717
7394
8731
8047
10874
8726
16291
18444
7896
7786
8588
7581
8619
14754
15172
10389
8640
8062
9807
8852
12933
10554
8384
9194
12089
18246
7923
13116
10813
9829
8029
13487
9818
8795
11056
8884
8717
8304
8331
7569
9356
7630
8604
7881
9196
9042
9382
10235
148236
10121
8494
8077
8431
9792
7633
8162
8739
7972
8172
8072
8533
8843
8977
8156
9073
15547
9367
9545
10304
7609
7723
8026
8215
8333
9406
7892
9810
8858
10041
9358
9368
13250
14905
10222
8774
9461
9128
9519
10985
15803
10086
9479
7892
8877
8259
9005
7697
8840
9164
9059
9444
8369
7775
8230
9040
9068
9455
10480
13938
11653
8912
8972
9208
7904
8257
7498
8646
7611
9167
9221
8646
8981
8134
8749
8606
7873
10286
13781
14237
8492
8266
9357
10257
8172
8308
7929
7773
8200
8945
7979
8582
8576
8857
8646
8518
8010
8933
8779
7871
8275
9015
10885
17136
12390
8309
7413
8600
7776
9007
8434
9349
8282
7970
8936
10041
9257
9602
15556
8529
8102
10753
8134
8625
8159
9020
8804
8225
7758
9193
7652
7597
8179
8546
8131
8143
8497
9456
8331
9028
13564
12674
8521
8433
8993
9475
15744
9435
7478
9058
9064
8288
7753
8492
7887
7939
9197
8864
20347
13602
22446
13013
8158
8191
8858
8127
8203
8986
9112
8713
7505
7920
8914
8989
14720
9539
8071
9164
8108
8871
9514
10943
16586
8546
10748
9294
9206
8575
9271
11918
16251
10740
7843
8182
8092
8795
8753
8257
8777
7509
9523
9025
9041
9011
9902
15283
9813
10333
7885
8988
9470
10643
7914
7781
8158
8908
11428
10488
14629
10650
9866
8009
8303
12087
8900
7459
8719
8009
7991
8517
8671
9940
8305
11317
17268
7999
8312
8053
13917
7873
9118
8374
9032
9359
10437
14414
10521
9793
9461
8338
9403
7768
8697
7584
8696
7989
14441
15979
10158
9217
8989
8180
8013
13965
8113
7950
8293
8487
7959
8665
8538
8909
9926
9630
18307
12109
8758
9230
9435
9688
13081
13838
8285
9244
10174
8642
24741
8575
10644
14956
9695
117149
9138
9490
9119
7587
8144
7983
7984
7882
8791
7855
8043
8889
8961
8094
8133
8370
16929
8702
8793
10118
8761
8800
8287
8494
8446
8497
8191
7673
9257
8335
8579
7825
8613
8047
7825
8614
8144
7355
7934
7582
8383
7689
7902
8198
8213
7661
8123
9286
8051
8635
10045
8377
9006
8882
18256
11631
9642
9017
9370
7482
8181
10471
9834
16312
11638
9629
8148
9395
8273
7719
7774
8594
7973
8511
9256
7613
8644
9324
7849
8902
8805
11051
14982
11599
8661
8674
8605
8235
8168
8961
11771
7709
7784
10357
10507
15001
10296
14748
7969
8512
8897
8278
8512
9200
9274
13289
15140
8681
10412
8769
9594
8523
7895
8551
10261
10947
14944
9842
7957
9700
8435
8233
8444
8531
7869
8426
8140
8821
8516
8298
8348
7671
8294
9251
8625
7912
8446
7871
8029
9290
9057
8789
7954
9702
8777
10685
14719
11306
8737
8768
8264
9939
9017
7971
8728
7858
8693
8183
9592
8445
12496
15164
9402
8593
9878
8678
9042
11533
8923
8571
10090
18600
9574
9661
10181
9721
8546
8938
8373
10841
14943
12673
9282
8372
7811
8457
8941
7765
8890
8501
8250
9042
9193
7792
8355
9044
8765
9328
10184
14792
11775
8608
8401
8507
8093
9435
7958
11945
8406
8997
11173
14873
10881
8143
13918
7629
7717
8353
7584
7608
8592
7794
8152
8540
8898
8535
7841
8774
8195
8075
8364
8379
10549
61915
7936
8384
8148
8843
10543
9558
9394
8861
8887
8307
7752
8300
8384
10142
8683
9265
15583
10003
8988
9877
8442
9327
8133
8186
8476
8092
8119
9397
8676
8913
10251
10872
16778
9888
9778
8594
8996
7789
9058
8915
7867
8684
9563
8977
8031
9482
10952
18416
9741
8029
8431
9640
8548
9403
7964
9201
8916
160907
15167
10465
9210
8061
9104
8817
9017
9088
7596
7810
7933
11335
7938
9284
9958
13100
9189
7425
9209
10061
16813
11320
9453
7909
8881
8915
8505
9322
8266
8663
9395
9451
10657
17988
11087
8995
8195
8198
9062
9414
10440
10527
15925
11756
8671
7542
8182
7814
9080
7648
7902
8412
8540
9271
8769
7709
7832
9536
8631
8639
7714
7773
8577
7692
8510
9384
9000
11126
10102
14871
11145
10964
7898
7937
8000
9123
8595
8133
7695
9810
8419
10462
14813
13057
7960
8861
8201
8358
8613
7961
9412
8943
8177
8174
8080
8826
9176
8430
9518
9731
8224
18303
11753
8694
17553
14544
8477
8908
9118
9457
8666
8774
9362
7952
8316
8867
8273
8810
8538
8458
9408
10548
10507
15617
10221
8515
9472
7806
8939
7671
8676
7842
8113
7943
8054
8577
7933
8369
8408
10830
8487
9019
11245
12286
13080
9459
9176
8820
8958
9399
8686
7893
7667
8134
8654
12587
8235
8254
8823
9389
9897
8158
8387
8044
7927
8651
9120
11180
13085
12258
10192
9008
8499
9196
7610
8786
7717
7977
8949
9380
8757
8074
8160
8269
9017
9094
9879
15120
13630
7697
8742
7915
7663
8267
8116
8193
9027
7974
8095
8844
8850
9391
9835
11194
11302
15789
9356
9310
7666
8034
8161
7386
8819
8955
14434
11461
17564
7999
10702
7971
8827
12064
7752
8765
7991
8271
8769
8813
9204
16022
9420
8151
8546
38817
11833
17010
10303
7876
11958
8510
8305
9193
8888
11589
15778
14699
7915
8615
7810
9840
9143
8042
7612
8553
8005
7873
17926
14743
9117
10733
7708
9235
9242
23109
8095
9029
9223
9841
8266
7773
14742
15305
12067
8615
8062
9273
9144
11552
11538
9815
8365
14381
11023
8823
12118
9150
7852
7646
8714
8249
7693
126824
13444
8177
9958
8949
9597
7676
8268
9361
10363
10833
14612
9205
10702
8282
7670
8796
8752
7748
8256
8246
8134
7779
8376
9369
7638
9628
7997
10205
9635
15363
12422
8648
9034
8040
8982
7958
7622
8641
7792
9184
8405
7633
7980
8392
7935
8225
9196
7984
8261
9600
12754
17324
9730
9479
7950
8435
9380
11467
10030
8028
10638
14984
11278
8534
12450
8798
8521
8332
8156
8476
8092
9000
10102
10001
15710
9327
8576
8216
9399
9723
7795
7975
9230
8780
8765
8164
9047
8794
8830
8770
13963
14527
9866
9058
8149
8675
8584
15097
19093
11625
9646
7964
9515
11448
11175
15376
10402
10507
7923
8562
7623
10749
8125
8305
8908
8830
7817
7695
8252
9112
7823
10447
9486
14579
11528
9942
7979
8532
9268
8272
8837
7969
9154
8508
7888
8621
8266
7951
8537
7667
8954
8163
8786
8833
11239
16153
10182
9575
9527
8256
8121
9630
8254
9143
8577
8381
8393
8021
8847
9810
10461
18789
9375
9821
9680
8293
9600
12102
14385
10744
8602
9237
9332
9344
9220
10211
7616
9148
9011
8104
10446
16123
11789
8639
7960
9217
8820
9536
10276
9451
8574
9019
10246
16455
9226
11868
8702
7830
8340
9376
7774
8332
7457
8005
8881
7897
8454
8715
10042
10607
8420
17804
10310
9542
9195
8687
8637
7990
7800
8851
8323
14185
14995
8496
8405
7628
8056
9712
11994
8817
7793
11600
8253
26072
8297
14763
15485
8200
8186
10752
9109
9873
9235
9376
8828
7770
8196
7809
9159
7989
7974
7532
9515
9439
8937
14059
13484
8439
7933
9800
8267
9148
7584
8724
8369
7825
8123
8537
8129
7782
8520
7831
8819
8620
8021
9610
8774
8778
9015
9357
13711
14057
9797
9419
8533
8395
8646
8303
8466
7810
8269
167333
13643
8691
9576
7958
7846
7819
8349
9497
8512
8379
8398
9179
7605
7659
8236
8475
10561
10091
15478
12392
9412
8110
9494
7781
7405
8606
8803
9184
9005
8691
8162
7762
8204
8794
10205
10776
17851
9356
8071
9030
8587
8716
8636
8981
9293
8868
8184
8867
8737
8539
10969
15317
8367
9503
7937
8677
9265
9474
8709
8542
7579
8046
8727
7648
13441
8823
10578
18005
10218
9182
8615
9919
7843
7825
8363
9266
9002
8111
7787
18645
10589
11057
8009
9051
9415
7394
8189
7753
8591
8464
9097
8590
7848
8851
8375
8748
8677
22129
11871
8884
8460
7879
9564
8453
13902
14225
9918
9782
7597
9235
9577
14537
9311
9830
9033
14282
10432
8837
12271
8806
8373
8835
8523
7913
8595
7933
8133
8278
10108
10661
14943
11297
8511
8497
8138
8392
9143
8806
9217
8610
9336
8297
8663
9962
10924
17552
10845
8304
8239
8114
9169
9521
8334
7592
8008
8373
8355
9660
9841
15697
12030
9348
9634
8817
8292
7634
8775
7691
8346
8630
7831
7513
9014
9071
9412
8305
7512
9122
8607
8416
9765
11088
13314
11029
9758
9348
8540
7782
11708
8996
8146
8312
8748
8748
10906
18898
8078
8131
8310
9441
9421
9110
7773
7955
7819
8368
9268
7693
8220
8196
8151
8650
8154
7614
15765
18678
9121
8112
8274
8704
8788
16067
16189
8874
10827
8878
8161
8583
14223
16036
11489
8502
8266
17238
8694
9972
15297
10049
9621
8697
9400
8684
8628
8323
8472
8212
8866
9197
8328
9024
10882
9516
16265
8471
9476
9741
7871
8573
8395
9125
8415
9328
9420
8584
9895
10357
14268
13179
9801
9851
7862
8041
8818
9389
7693
8482
8678
7851
7922
7854
9399
9611
11507
15766
8564
8205
7752
9200
9488
8547
9343
169559
15400
11044
7975
8618
8050
7983
7774
7950
9659
8451
8492
8441
8273
8066
7758
8749
8969
7477
8523
10076
9466
13849
12705
8210
8355
9123
8944
7787
9248
8602
8331
9069
8788
7576
9076
9028
8739
9361
7872
10606
18928
10616
7626
8764
7912
8148
9489
9136
9158
7788
8774
7731
8157
8116
7816
8142
9144
14914
13687
8831
7987
8614
8594
9642
9223
8782
8185
8619
9348
8144
8383
7887
16507
14194
9666
10786
8115
8264
8727
12191
7910
8651
10246
9895
15886
8656
13870
8583
8103
7910
9442
8192
8769
7591
9661
10722
13728
17726
9261
8749
8593
7592
8917
8964
20214
7974
8284
8638
8160
8402
7948
16212
7712
9374
7670
7411
10218
9977
7837
9587
14938
11242
8846
7993
9341
9030
8513
8156
7996
7614
9364
8400
8850
9196
8686
8147
7697
8272
9859
11031
14642
8521
9866
8051
9094
9194
8517
9629
8116
9384
9256
7595
8664
7769
7933
8641
8961
8418
8196
13576
17084
10434
8286
8765
9779
9019
8989
10275
10686
14742
9832
8956
8907
9821
7784
9141
8220
8583
9230
9026
8626
20137
12106
8204
9383
8587
9098
9862
9283
8030
8186
9329
7730
7960
8567
8633
9487
8855
13179
14663
8884
8796
8479
13865
9351
9786
18538
10895
9369
8421
9816
7782
7975
8676
8255
7647
7849
9255
7542
7835
8414
25180
8855
9135
9100
8196
7919
8000
10599
9667
12876
13543
8755
12298
8723
8431
9343
7849
7970
7964
7988
8798
7866
8307
8399
9978
11073
16186
10228
10179
8210
8230
8723
7533
7691
7930
8654
8333
7908
7655
8992
8053
7900
8166
8559
8733
8360
8897
8422
9097
8511
8841
9384
10302
15561
10159
9259
8328
9422
7431
8776
8220
9501
9358
8341
7971
8335
9945
7923
7751
8053
179005
8946
8856
9947
14900
10859
9502
9035
8386
9031
9189
7984
8010
8216
8036
7962
11651
7987
8809
8238
8624
8787
9210
7581
7813
8776
9224
8865
8399
9235
9489
16085
10413
11005
9279
8174
8966
7803
7678
7488
8539
9229
8734
8334
8759
8174
7550
7938
8255
8140
9077
8610
8287
8374
8356
9196
7668
10369
9687
19597
10705
9770
8232
8953
11569
13191
18391
7872
8694
9803
9087
10615
9653
16092
9118
7964
10201
8843
9323
7974
12983
9178
10444
15852
10205
10037
8431
12033
7752
8202
9390
7976
9737
9742
19053
9194
9519
9429
9116
8788
7831
9199
7690
8369
7888
18760
11574
7953
8043
10020
8855
7728
11260
7788
8764
9134
8400
8913
7835
8174
8416
8449
8071
10403
14155
14604
8371
9186
7958
9139
7579
9636
9036
9317
8817
8451
8355
10228
16293
10729
9519
8887
7902
7922
8110
8135
7991
8188
8144
8629
7935
9241
8130
7911
7809
8419
7611
7971
9455
9385
8957
7733
9307
8720
10753
8384
10440
17310
13633
8997
8016
9049
9885
8615
11155
17976
7979
8982
9086
12894
8647
9610
9579
9514
7961
9301
7825
7577
9213
11264
15487
9798
9776
9543
8657
9499
12804
10345
10502
18762
9030
9882
7743
11094
9579
10098
9700
15829
9949
8180
10729
8866
8750
8619
7975
8882
8926
8993
8408
7752
10898
9819
14110
10466
9399
8582
8609
8145
8262
7752
8494
7646
10655
8374
8310
9476
21346
10089
9123
7944
8052
8542
9241
12686
9266
7508
7686
7917
8072
8362
8405
9991
11836
14855
9195
9824
9382
9670
8531
7821
8335
8398
8415
7586
9087
8402
8138
8890
9948
9698
15127
11439
9235
8735
8493
9204
7953
8181
9166
8215
8234
8763
7568
7733
7844
9470
7647
8405
7651
9001
7718
7648
173966
9717
9259
8953
7886
8493
8102
7785
8948
8913
8576
8379
8488
7882
9375
8289
10382
8899
8497
9142
8507
8569
8635
7944
12418
12723
15393
8886
8875
8997
8695
8437
9179
9970
8960
10571
15893
10797
8919
8398
9709
7960
8640
9095
8533
8318
7718
8248
8314
8650
8575
9116
8531
7984
7962
8153
8060
8552
7641
9573
9682
9796
18328
10434
9290
8856
8395
7732
8661
9540
10230
15302
9893
14164
9179
9154
7837
8452
8161
8156
20868
10283
9732
9838
7676
8880
8035
9876
11062
10348
16488
9564
8981
7803
13717
8742
8386
8458
9805
10620
13882
18239
8741
8117
7733
7989
8617
8592
7870
8201
7984
9477
17235
10232
8954
8394
8985
8559
8928
16513
15492
12312
9721
8138
9289
9381
13939
15829
9962
9846
8226
8802
8212
13054
8797
8820
7533
7957
8361
8456
7742
7899
8372
7813
7779
9787
8854
8030
11115
18471
9421
9222
9251
7964
8087
7692
8578
7791
8666
8485
9657
10562
14794
10761
8452
9441
7782
8261
8569
7895
8200
8015
8028
8610
8092
7832
8123
8410
8265
14497
11227
8895
9479
7942
8458
9036
8400
7815
8366
8343
9228
8000
8902
8598
8999
7712
13012
14106
11427
9709
9392
8979
7824
10518
7756
7690
9256
9092
8570
7939
8666
7939
8962
9759
10665
18016
10104
8745
10666
8457
8128
7753
9458
7798
8180
8595
10257
10345
15033
13290
8693
8228
8783
8717
10313
7941
20502
9035
7672
10827
9097
9424
8012
14083
10324
15684
8832
10328
10722
9150
9944
8775
8212
7675
7588
8042
8129
9007
8580
9697
9821
16980
11938
8653
10202
9379
8011
7620
8066
8667
7496
9065
7791
7563
8638
9130
7574
9195
8770
11625
15600
9439
9204
8135
9575
8975
8708
7687
9102
8697
8282
7769
146710
15328
8373
8553
9307
9643
8250
7965
9235
9001
8163
8426
9279
9092
17204
10142
8774
9574
7420
9337
8977
9099
7930
7620
8192
8250
8066
8032
7573
9001
7902
7777
8052
7854
9116
9284
8961
8841
10460
9215
9592
17836
10491
8241
11323
8045
8645
7684
8890
7660
8317
8017
9692
9030
9541
13538
12589
8771
9158
12000
7365
8014
8388
8974
8517
7410
8733
7678
8691
8097
12240
10649
15266
10812
8176
8225
9169
11711
8302
7620
9156
8629
8487
8242
8191
7763
7692
8912
8438
7772
8390
8155
9579
10274
14345
12059
9861
8600
9241
8126
7651
9453
8377
9001
8176
8054
9083
7600
7958
8725
10023
9021
9941
14254
13104
9154
9407
8268
8536
9487
8506
8346
7630
8189
7810
8789
10562
9224
10728
15789
8610
8849
9355
9018
8857
7424
9194
7619
8866
7831
7747
9776
7706
8271
9194
8228
7537
7756
17835
14590
8784
10620
8434
8415
7439
10651
7529
7733
9096
9023
9174
8168
8456
9756
10123
13059
14176
9227
7781
8937
7449
9437
7730
9131
8368
9094
8393
8148
9239
8686
10553
8174
9757
17878
10223
9169
9468
9456
7845
7772
8869
8357
7691
8565
8031
7864
8830
8291
7670
8538
10320
9856
16086
9399
9863
8808
8710
8692
8692
9010
7679
7764
7899
9073
7594
8965
8580
8190
7810
8982
7912
8899
9022
8153
7453
9099
7774
8655
8809
7668
8460
7614
7806
7690
102617
13693
9773
8117
7682
8827
7830
7570
8344
9800
10707
8448
9412
8043
10420
15625
11990
9200
9384
7865
9643
8074
7994
9138
9266
8871
8861
8425
7870
10354
8750
10072
18171
9744
9369
9595
9589
7769
9240
9680
10766
15507
9490
8412
9358
8441
8336
8551
8339
8007
9211
8104
9087
8317
8990
9000
9030
7999
189133
11870
7911
7810
9133
8492
8624
8733
7818
8600
9204
8163
8891
7855
7841
8910
11122
8662
8877
9453
8006
8385
8938
8347
7511
8582
7711
8715
8205
7866
8903
7569
7814
8765
7940
9172
8990
9910
8510
9122
10294
14459
12136
8621
10606
8417
7822
9061
8435
7982
8928
8401
8466
7829
9241
8769
8757
9517
10368
8830
13013
12632
8531
9216
8095
8046
8569
8817
9254
8177
15300
18901
8797
15098
9875
14596
11692
11134
7793
8654
9093
7584
8501
7916
8616
7887
7553
8664
7621
8574
8178
7948
9154
7883
7570
8426
8916
7656
9166
8130
8776
9424
8637
10887
15846
8780
8043
9321
9630
8534
8320
8478
8113
8658
7490
8584
8035
8123
8014
8615
7584
8754
8707
8903
8089
8020
8865
9189
8852
9795
13312
13704
9350
9158
9287
8855
7943
8132
8576
8492
7622
9928
7993
8959
10420
9797
19418
9643
9861
7736
9501
9558
8101
7734
8589
15061
13954
10100
10256
7801
9418
7789
17982
15104
9782
9507
8816
7925
8712
11861
8788
8716
8205
8169
9232
10465
9979
14961
8635
9351
10283
8858
8353
7717
7964
9245
8022
15564
18737
9301
8262
7641
9229
9589
15743
15845
8576
7770
8631
8602
9620
14071
7688
7645
8752
7841
8602
8209
11913
12774
12687
8831
8209
8551
9204
8390
8072
8692
9882
8172
8455
8343
9382
9338
8464
8132
9189
11308
14839
10638
8478
9221
9518
8926
37178
15135
9429
11361
7823
9489
8894
7986
7682
8901
7953
7523
8800
7784
7943
8443
7753
8978
8647
7898
8253
8782
8097
8123
8180
8336
7908
7778
8091
8129
8357
7570
7840
9108
9633
9194
9719
10229
19892
8617
8321
9676
8217
7978
9294
8497
8078
8353
9004
9011
14943
15365
8340
7452
9229
9376
8616
8051
189297
14128
9412
9035
7613
9246
8397
8523
7623
9275
8394
7619
9184
8411
8026
8231
8517
11534
7747
10462
7528
8758
8104
8237
9686
9010
8856
8506
8412
7861
7676
9092
7521
8805
8256
8651
7556
9917
7671
8897
7739
8329
7793
9734
10143
14757
11622
8576
8822
8121
8893
7958
11429
8771
7790
8435
8560
8108
7420
8884
7609
8358
7917
13840
15331
9838
8647
8952
8422
9382
10647
7939
7809
8372
8794
9322
9609
8738
9623
10578
17818
11436
7978
7731
7827
9394
8452
9302
8454
7914
8317
8112
7753
8492
8276
7809
7892
8166
8728
8061
8400
8018
8466
8204
10661
15971
11105
8788
10051
8777
8887
7689
9128
9323
7752
8146
7852
8512
7861
8323
8380
8667
9181
7729
9800
10192
9390
10825
13923
8980
9458
8081
7856
8316
7651
8547
8244
9498
8851
8112
7749
8121
7584
8097
8754
11978
7753
7926
9341
8986
9713
11608
10213
11805
8157
10403
8222
8569
8182
9056
8200
8374
7770
8033
8242
8821
8938
8340
7956
8074
8217
8682
10242
10030
10392
11023
16547
10279
8876
8152
8819
8467
8838
7682
8341
8403
7908
9273
10020
9397
14626
11174
9922
8468
8213
8243
7644
8578
8432
9442
7794
8584
8613
7980
9554
8353
8077
7702
11501
10852
14356
11019
7965
7992
9446
8177
8844
8820
8256
9544
8707
8301
7569
16067
13748
11332
9797
9441
8721
7553
12996
7492
7615
8950
111234
8974
10886
9480
8867
10661
19266
10169
8327
9508
8683
8194
8211
8020
8579
7712
7913
7868
8439
7773
8599
8485
9478
9560
10655
14604
10354
8115
8570
7834
9995
8114
8412
7641
9804
8474
8061
8206
7782
7894
9282
8542
8861
8977
9107
8443
8747
10220
10017
15506
9594
11966
8723
8813
8787
10425
7676
8051
185199
15493
9543
8444
7639
9265
7846
8874
9005
9517
8122
9042
8183
9440
10853
14809
13279
11838
8653
8096
8341
9200
8514
8987
7928
7891
8715
8092
8827
9200
8453
8631
8390
8582
7990
8789
7695
10775
9341
15042
11626
8835
8384
8745
11637
7997
8205
7994
8182
8143
8025
8052
10744
9504
9940
15445
10561
8602
21106
18465
8182
8411
21977
12430
8437
10069
7715
7526
8918
7545
8848
7961
11106
9293
8614
9097
10822
10920
14133
8141
9871
9010
8200
9615
8628
8333
7552
9783
8503
9216
7971
8571
8389
7472
9216
7666
8781
8354
8784
8854
9961
16205
9676
9397
8213
10384
9175
7787
7748
9084
9422
8662
8557
7687
7671
8089
8213
8969
7723
8534
7571
8530
10362
10062
11232
16430
8883
8255
9217
9949
9302
7706
7490
8667
7691
7634
10103
8825
10230
10095
12512
11648
9744
7761
8489
8842
7989
8400
14377
8348
10849
16471
10206
8937
9199
13357
8413
8830
7993
8589
10045
10935
14279
10030
9561
8685
9742
8257
10348
8195
8433
8071
9641
7836
7634
8081
9619
8240
8807
12490
16389
10351
8051
17118
15876
10127
7744
9225
7635
9194
8569
8363
8376
7982
8360
8193
8216
7679
7645
9027
9482
16132
15465
7984
9404
7701
8651
9546
17685
16310
8866
8397
8443
8900
8852
13143
9123
8799
9221
9257
12292
17108
12449
8148
7707
8497
8387
10264
9262
9295
15646
10015
9631
7975
11612
8435
9520
8870
7661
8683
7516
8226
10486
10741
15973
10041
9441
8611
8635
8187
9373
8233
8607
9473
9126
7707
8259
9618
7629
8629
10224
19460
9201
10464
9045
8712
9049
8013
8355
7779
7965
8033
8996
8071
7778
8336
8634
9873
9847
15903
9462
8446
10794
8054
8313
8863
8401
8222
8838
9168
8259
8516
173955
10384
9243
9739
8467
8712
9501
7824
9615
9588
9321
11568
14117
7649
8399
7826
10907
11830
9176
8135
8261
9798
8625
8655
8276
7982
8784
18473
10348
8132
8455
9225
8536
8010
8579
8231
9164
8769
7994
7846
8477
9693
8339
11289
15170
9770
7910
8334
8025
8597
8356
10984
10436
7586
8824
7592
8311
8048
8197
8379
8860
8765
9693
10682
10020
14353
9582
10080
9359
8668
9179
7775
7761
9020
7698
7761
8424
17584
13861
9842
10927
8328
7854
8580
13909
10382
13965
8892
13739
9082
7852
21126
12695
7871
7906
8235
9372
7964
14777
8825
10334
8451
9938
9547
14712
13353
8131
8033
9515
7601
8075
8219
9551
9395
8254
7741
8874
9577
10054
12282
12500
9612
8150
9448
9387
8295
7793
8035
7662
9658
8477
9499
7817
8089
7914
8094
7872
8379
8546
8215
9348
8767
8407
9537
11307
17606
8865
9518
8152
8544
9530
8012
8964
8700
16484
14468
8797
9597
9181
8656
7753
9538
8784
7810
11186
14363
11582
9811
14371
9948
8982
8391
7772
9698
8754
15210
8470
9033
7865
8914
9117
9439
15102
11911
8012
9426
9066
7684
8574
11079
15337
9185
8605
10999
7984
9581
22847
10460
8795
9440
8643
9578
9011
9338
7758
7974
8878
9203
9343
11087
15401
13200
9123
8733
8575
7866
8025
21056
11520
8880
7942
7989
8990
9654
18202
9195
8708
8747
9871
7856
8823
7692
9282
8503
8592
10282
10915
15331
10816
8279
9138
8111
8038
8786
8364
11073
8358
8261
8903
9538
9098
9635
19103
8932
8128
8567
9134
8863
8740
8444
8801
8763
7967
7892
8313
8079
7935
8020
7497
8967
8815
13006
15697
9870
8433
8309
9120
8150
12847
9213
8165
8160
8185
8384
7784
8174
7842
8112
8945
10163
10238
18972
121728
9724
9859
15382
9515
9070
9278
9158
9108
8192
9342
8422
8871
8244
8912
8512
7712
15282
9443
8727
8375
8757
8981
7794
8591
8035
7800
8598
8022
7780
8394
10651
8331
7884
7512
8517
7797
8139
8841
8422
9168
10241
9292
18842
9851
8930
8536
9721
9497
8981
9802
9784
15624
9864
8850
8205
8986
9410
9194
10574
8455
8230
7760
8194
11211
9060
9393
15552
10736
8319
9717
7804
8177
8733
8637
8434
8141
10717
8013
8927
9043
8765
7851
9389
8812
15147
11665
8780
8446
8295
9511
8070
8010
8386
8593
10500
9964
7851
8603
7978
8448
8686
9466
8973
10594
18414
10323
8676
7883
9261
8297
8557
9476
9766
10037
9819
15424
10509
8433
8899
7641
8807
10284
7697
8748
8656
9116
8999
8854
8589
10085
11035
14744
9405
8452
9603
9143
8455
7567
7779
9876
8585
8965
9036
8270
9411
9360
8148
8373
8021
9261
10487
15455
9289
8540
8635
8140
8656
8232
7952
8307
9013
7950
8484
8962
9243
9762
7784
7441
9208
7434
9386
8273
8968
9816
10267
13535
13976
8676
8477
11057
8934
7561
9281
7860
8396
7830
8164
8167
7534
9179
9267
11656
15728
9278
8170
8289
7885
8697
9615
8489
9378
8151
8942
7871
7594
8736
9071
8372
9179
7685
8709
9107
8571
7756
17705
13067
8718
9172
8418
7999
9178
7811
7734
8405
8107
8033
8292
8758
10656
8738
7856
8914
8663
76798
15446
9038
9678
7933
9906
7574
9186
7830
8090
8461
9342
9245
9012
9317
10051
9702
13955
10179
9905
9297
8841
10815
9185
9229
7788
8713
9510
10523
16145
9981
11847
7905
7891
7814
7986
9546
9700
9420
10282
8440
8692
19010
10471
8394
9471
8849
8244
7762
8454
9420
13867
15594
10206
9646
7742
8631
9604
173562
12082
8480
8283
7733
9158
8516
8055
9533
9390
9474
8937
8818
10651
15863
9297
10709
14615
9124
8225
7693
8547
9241
9110
9671
7771
8744
8646
10095
8398
7912
8946
7749
8636
7417
7598
9339
11568
18373
11431
8859
9630
8377
8880
13866
14992
8145
9701
8138
8333
8933
8464
10591
8109
8451
9654
8444
9258
7893
16389
13155
11162
9374
8333
9018
7725
14918
15314
10907
9712
9257
9582
8234
14297
10396
18076
11244
8492
8514
8425
9239
8051
8122
8437
8717
7814
7560
7748
7382
8854
8271
17352
14003
8549
9545
7458
7712
8676
9375
8546
7994
8209
7821
7960
8295
8339
7702
8274
8664
8317
9250
8537
7966
9300
7773
8989
8238
8379
9194
8853
10542
15731
10507
10486
9425
9457
8001
7748
7902
7671
8888
8213
8194
7950
7784
7558
9078
8539
8455
7783
9212
7713
8103
9201
8232
8060
9005
8930
11364
15125
9392
9474
7891
9031
8574
9158
9118
9093
8121
9410
13544
16128
8544
9030
9033
8628
8556
9371
7598
8565
8680
9312
9049
16211
12250
8507
10782
8221
7717
8708
8502
9331
7782
8199
8740
8570
7598
9026
8760
7774
8455
8175
7770
8850
9680
9209
13693
13635
9832
8692
8175
8443
8785
8193
8174
7844
7854
9256
7991
9226
7820
8174
8901
8500
8565
9365
11271
15747
10010
7708
11748
9386
9268
9217
7902
9255
9200
9047
10764
18502
10003
8753
8555
8562
54519
10422
15928
10529
8686
8913
9276
8350
8651
8528
9384
7900
8654
8656
8434
9102
8125
8835
8171
7904
8701
10050
15730
11204
9286
8824
8071
8023
9490
8153
9691
8994
8495
8496
7848
8251
8594
8140
8112
8318
8100
7651
8675
7932
8027
7830
8276
8231
11191
11179
19301
9566
8279
8595
9450
9139
7617
9805
186738
14297
9151
8159
8412
10081
8005
9005
7897
10867
9413
9883
15774
9037
7817
8137
9841
15667
10596
10349
7838
8301
8233
9009
9952
7675
7827
8230
8904
8656
8541
7854
8117
8379
7573
8639
7955
8153
8727
8198
9125
7784
8636
8203
7584
16277
15200
10020
9439
9127
9688
8058
19881
9800
11367
7863
10535
9326
7582
15642
14108
9987
10042
9176
8027
7449
12878
7801
8326
9114
8136
7902
8066
8992
7878
8148
10071
9612
16038
9508
9374
7933
9554
8957
10203
8585
7556
8653
9419
9336
8446
7796
10041
10143
18472
9043
9022
9820
9168
9587
8068
10201
8933
10343
15258
9295
10548
8743
7682
7795
8612
9229
8364
7994
7754
8599
8644
9743
7789
8285
8369
8620
9490
8302
10084
9115
13230
12444
9661
8926
8866
9233
8860
8172
7971
7905
7830
8605
8559
9299
9425
7745
8114
8114
7853
9251
9431
8424
8359
9261
10142
16218
8835
8683
8635
8569
9062
9219
8271
8351
7907
8018
7882
8504
8866
8731
15010
18974
8379
8958
8722
8852
9456
13022
16279
10090
8724
8774
9223
9405
10114
8728
7572
9417
8495
8671
8051
8169
9903
10559
16577
8926
8958
7892
7992
8964
8569
8006
7800
9384
9078
8147
8180
8180
8142
8402
8173
7838
9292
8532
8457
7978
8317
8621
7893
9148
7995
7926
7659
7583
8898
9194
10162
10731
15312
10903
8666
8051
8265
9279
8683
8337
9464
8535
71659
8961
9358
7808
7789
8995
7786
8272
8153
7553
8946
9729
11231
15938
10270
8897
8332
8857
8333
8215
8851
7734
9379
8535
8153
8310
8399
7872
8629
8968
8410
8246
8290
7559
8547
8876
7676
7845
7703
7443
8204
7569
7734
8041
8953
7737
7702
9437
11998
10107
15690
10140
8750
8479
8969
7952
14561
10071
197329
9158
11063
17801
8825
9325
8478
7632
7891
12443
8714
8153
7747
7608
8774
9941
8969
12696
13513
9659
11193
7834
7865
8455
8143
7996
9087
9237
8469
8652
7786
7923
7804
9229
9266
9871
10051
14967
13015
9280
8943
9466
9476
8035
8368
9553
9109
9937
14495
10701
8194
8995
9402
8597
8023
9707
8253
8217
8556
7615
8174
9403
8135
10628
8012
8564
7959
9490
8878
10317
9277
14445
10319
9567
8648
9196
8542
7745
8178
7686
8835
9123
7794
8958
10570
12510
14679
8988
8687
8375
9485
7739
8352
8863
7735
7971
9257
8605
7851
8810
9022
9075
10166
11139
18218
8961
8612
9058
9440
9056
8488
8897
9498
9229
8483
10290
11355
14062
9497
9002
8523
8053
9098
7833
8310
8386
8750
8210
7964
8810
8050
8712
7893
9794
8357
7928
8169
7974
8020
7868
8730
7974
7558
8192
8043
8986
7782
9436
9028
9198
12331
13663
11574
7589
8366
7986
7751
8817
9592
10003
8026
7813
7892
7672
8372
8782
7630
8782
8338
8112
9187
8319
10135
10162
14551
10196
9017
8717
9183
10168
9533
8920
8246
9409
9640
11103
18110
10190
7884
7661
11070
7914
7945
8579
8127
8841
7518
7871
8030
8158
9083
9178
7572
8123
8796
7782
9328
9722
10041
11676
13094
8533
11135
9666
8750
8988
8774
7819
7752
7835
9205
8494
7918
8753
7394
8560
8198
8992
7785
8053
7959
7527
7695
9302
103286
11835
8856
8764
8233
8394
8310
9369
8348
9474
9257
8501
7764
9027
9058
9758
10164
10233
13706
10715
8121
9090
8599
13251
8908
9390
9700
8703
9569
8898
8502
8776
8528
9160
8400
8672
8838
14225
15774
9784
9000
7888
10533
9609
8153
9391
10052
15133
11406
9241
7974
9060
9341
8041
7613
9170
8180
9409
168641
15095
8657
7761
9149
7968
7830
7781
8917
12306
9509
9906
13191
12794
9631
8219
11830
11087
15260
10003
8671
7911
8195
8996
8176
9243
8634
8676
8328
8150
9732
9256
8574
8796
8654
7835
8555
7907
9340
9754
10429
18177
8515
11606
7882
8087
8671
8807
10176
22552
8357
7797
9209
8119
8837
7835
9246
8882
8639
8632
7394
7733
8523
9235
8089
7434
7707
8494
8630
8805
7769
8527
8810
10863
15916
10692
9766
8483
9492
8492
7873
8458
9413
8996
9398
9026
7593
8617
9846
16521
10644
8059
8779
8094
9451
8045
8601
9322
8613
8558
8728
8233
8296
9158
9047
7796
9010
8386
9729
10699
17875
10476
10343
7966
8392
8778
9018
7988
7811
10254
9974
10132
15666
8991
8197
8255
8589
8766
9517
9298
8187
8450
9071
9790
8482
7773
8353
8186
8503
7874
8729
20981
8878
8977
9805
8195
7693
8274
14133
7984
11195
10501
14882
9610
7813
14022
8175
9142
9195
8794
10154
9409
8797
17022
9805
9836
9070
8598
8512
7897
7875
8143
9197
23396
8544
8803
10312
7906
7876
7710
12220
10189
10725
15714
8775
7839
9058
12894
9245
8509
9320
8299
8955
11268
11282
13696
8809
9015
8584
9296
8334
8456
7935
8470
8433
7966
9415
8223
7940
8184
8054
7702
9042
10320
7855
8426
9932
8747
9983
17885
10144
8516
8367
7974
8387
8974
8126
9199
9273
8778
7805
7907
7966
8641
48348
8526
8332
8233
7716
7716
10733
7724
9359
10185
14020
11696
10766
9117
7822
9160
8334
7993
8198
9166
9670
10813
14962
8878
9630
8254
7840
7676
9565
9469
9044
8357
8369
8203
8675
8395
8617
9789
10049
9617
18872
10523
10367
9943
10335
12706
13195
10619
10046
7969
9641
9919
8748
7524
9215
9249
8513
10349
148800
8380
8357
9100
8626
8984
9555
7898
8431
8810
8594
7610
15315
14977
8099
8603
8646
8028
7548
9504
7620
9815
10830
16339
9077
8938
8393
9228
9574
9120
8441
7699
8491
8389
23044
12229
9646
25152
9153
7924
8595
8657
8165
9497
11279
9355
9609
8594
11246
15405
8834
11486
7933
7550
7835
8138
7988
8351
8599
8017
8766
8470
9121
8291
8958
7612
7710
7755
8580
9240
9243
8197
7948
8805
8418
8129
12585
10690
14260
7625
9484
9063
9253
9528
9051
8335
8376
7611
8506
8226
8975
8925
8662
7438
10041
10786
10739
17020
9601
9133
8596
8903
8494
8462
8517
10152
8335
11329
16038
8617
8235
9322
9770
8436
7650
8880
8523
9321
8635
7861
8294
8723
9021
8603
7648
8192
8533
7629
8383
8650
9931
8947
12215
14450
8041
7899
8821
9420
9256
8675
12377
9194
9238
8967
12867
13937
9359
12247
9020
8566
7752
8733
9476
10495
22036
9010
8538
7641
8368
8534
7784
8114
8317
7891
8511
9349
10158
10088
14597
7532
10071
10192
10361
9582
8772
8555
8213
8617
8189
8805
19887
10820
8533
9308
8352
8213
8213
13195
8230
8941
10433
10764
15788
8463
14317
8094
8278
8764
9420
10795
18979
13310
8497
8688
10082
9462
10083
15200
11815
8207
8505
9383
8650
9344
7891
8313
8133
8687
7991
9224
8579
7653
8127
7610
8412
8037
8209
8379
7730
10057
10192
9619
15812
8612
21572
14972
9405
8403
8603
7972
7820
7800
8736
7992
7834
8751
9388
8523
8523
9031
7782
9404
7851
7955
7946
9456
7866
9183
8906
7802
8637
8605
7873
8180
9230
9376
10176
16215
9692
8190
8812
10082
8379
8476
8390
9260
8254
9348
8865
10222
10767
17769
11697
9682
8412
8335
11894
12534
13584
9117
10168
8064
158723
8838
8273
8138
8535
9334
8655
8932
8794
9082
10633
17616
11066
8463
8880
8699
8809
8607
8492
8568
10376
14818
11332
9184
8015
8876
8389
9440
8049
9204
9677
9312
8664
7823
10066
18465
11863
11568
10150
10085
15453
9488
8821
9631
11629
8204
8317
8441
7533
8711
7618
8458
8255
8168
8110
8277
10014
8288
7815
7756
7920
8106
8050
20593
9806
8666
8013
7918
8623
8850
14330
7774
9213
10312
9975
16416
10442
14317
10045
9871
9026
18576
10485
8369
10449
8021
7871
8041
9126
7385
8502
8162
10187
10369
11743
13094
7940
8406
10867
9620
8109
8641
8248
9671
9148
8328
8767
8622
10707
12783
13601
8786
10132
8161
8656
8907
8271
7594
8200
8211
8384
7603
8805
7920
8096
8370
7717
8100
8279
9392
8632
7778
8200
9167
7885
7788
8977
8656
9773
9064
16456
10348
7612
11026
8435
8356
7660
10465
8098
8066
9158
8512
7821
8593
8562
23811
9256
9123
7833
10873
9266
7825
14023
14112
10507
7797
9758
9082
11023
8051
7625
7630
9073
9256
8062
7873
7810
8165
8376
9087
14889
14722
8422
9712
8101
9439
9602
10230
8486
7550
8484
8682
8083
9185
8270
8151
8423
9934
9448
13962
12165
9668
8359
9179
7795
8230
8356
9184
19133
16949
8786
7776
9435
9160
7685
7820
8879
8594
9382
8014
10510
9956
15732
9377
8365
9806
9071
8794
9448
8437
8777
8638
10087
8143
23612
7709
8973
8361
8194
9218
8557
8841
8021
8359
8410
8123
8173
8227
7829
8156
7885
7715
8576
8569
10044
10595
12758
12861
9758
8405
9673
7550
9442
8356
11402
7933
7515
8391
9025
7600
10083
9795
16712
10346
9625
8418
8734
8124
8144
12861
7994
9627
12517
17620
8194
7909
18009
14600
9819
10284
8522
7710
169092
17574
14054
8381
11529
15941
10651
10943
9354
7848
7706
8420
8155
8294
8342
9603
7820
9494
7446
8828
9098
8695
8358
13367
15873
8543
7933
10000
8864
8714
12344
7963
7523
8010
8221
9871
12790
20643
9148
8830
8875
11338
9466
9333
17570
8931
8435
7994
8234
8398
9417
8494
14347
10324
14678
10498
10439
9491
7437
9480
8297
9280
8545
8389
8798
8843
8363
9510
16281
12431
9679
8589
7655
9985
7527
8153
8497
15343
19366
9133
8758
8225
7975
7994
15947
9679
14719
8891
8985
9203
7930
10979
7668
7872
7795
8153
7974
9322
8214
8687
8882
8702
8340
8188
8292
9133
8931
9167
9529
10164
15733
10142
9741
7860
8102
8386
8021
9574
8365
8729
7695
8888
8860
8612
7917
7882
7779
8393
8302
8368
8194
8464
10290
9334
10474
15210
9370
10326
9190
9195
9189
8823
7622
7561
8334
9271
9181
10393
10424
11651
16794
9257
9459
9141
10641
7987
9069
9444
9902
15092
9744
11324
7829
8081
8799
8407
8153
8031
8153
15646
12673
13458
9820
9295
8646
7474
8635
9033
8223
8356
8422
9250
8449
8331
8512
9569
7912
13148
15432
7914
9624
8053
8997
10322
13807
11069
18419
8564
8987
10475
8730
15829
13420
9795
8657
8534
9389
9381
11343
8674
8651
8003
7827
8765
9510
8292
8940
9512
9418
15292
10000
9873
9131
9677
8733
7843
8606
7960
8191
8216
8651
7662
8490
8092
11175
10351
10825
14646
9305
9318
7879
8861
9261
8743
9205
8326
7647
9015
8237
8555
8066
8182
8240
9436
8867
11254
14430
10920
8214
8366
11743
8323
9087
7631
8717
8628
7943
8271
8760
8218
8180
8056
8758
8384
7940
9147
11136
18989
14585
8247
7476
9184
9376
8754
10343
19082
8209
8583
9125
8752
7852
9215
168338
14170
10901
9682
8452
8082
8434
10676
10289
18863
9121
8725
8312
8637
9441
8323
8605
8796
8058
8506
7866
9038
8945
7589
7829
8267
8894
7849
9005
7853
8054
15179
15675
8421
8010
9394
8612
8194
9386
7545
10145
9040
9469
8838
7532
9062
8182
10148
9473
14076
15516
7796
9660
8858
8163
9515
8469
7715
7513
8831
8031
8553
10261
9759
16191
9389
11019
9097
8128
9278
7742
7974
8769
8616
7857
7907
8812
8871
9210
8343
7630
8315
9269
9321
9800
9695
15641
8505
8082
8505
9769
7838
8986
8376
9456
7855
10325
7688
9272
9310
9031
9794
10030
15504
9591
10128
8774
8028
9642
8780
8984
9261
10925
8558
8895
9425
15778
11588
9154
8974
8003
8195
8482
8060
8479
8072
7558
8916
8078
9016
9102
8386
8120
7385
8786
8543
8591
9661
11029
17938
9521
10615
8738
8635
7979
14346
11553
12804
8596
7821
10633
8136
9769
10127
7541
8415
8543
9001
8614
9439
14414
8076
9789
7620
9184
9410
9858
8037
8476
8004
8646
8213
9427
9962
9478
10112
15234
9446
9796
9439
9330
8233
8000
9459
9130
8566
7592
7741
8370
8205
8819
8264
8324
9963
11041
18523
9548
9736
8955
9017
8233
8323
8036
8384
8962
10100
9137
16197
11869
8667
8541
9169
8533
8329
9171
8877
9165
9014
10143
8696
10138
15801
9065
10047
9779
8077
8945
7998
8239
8878
9520
8232
7565
7974
69161
8102
8697
8365
8523
8640
8656
8673
9367
8853
9599
8755
9640
15903
9964
9403
8377
8656
8334
8160
9140
10406
9600
10043
10431
15076
12748
8787
7750
8269
8626
9010
8458
8897
7571
7567
8345
11789
9630
8426
10205
18054
10012
8988
11106
7524
8455
7568
8963
8941
10123
9957
12160
11764
10975
8933
8214
7632
170667
17129
11667
7740
7847
9418
8156
8611
9470
7553
10846
16123
10343
8671
7652
7646
9017
8958
8666
7816
8392
7765
8655
7515
8292
8100
9307
9550
8271
9251
8589
11161
15018
12540
9095
7649
8235
8071
16322
9723
18784
8846
8876
8388
7951
16270
15247
11107
9723
9308
8764
8009
14535
8814
10028
16285
9561
8549
7774
12693
9872
9361
8646
10966
16410
8692
8784
9019
8828
9758
9112
7983
8415
9388
7903
7798
7646
13770
19024
9300
11630
8318
9382
7758
15521
14459
9115
9010
7887
9641
8146
12907
8209
9020
9397
8774
10319
15689
14980
8589
8447
7882
8192
7686
8240
9276
8737
8537
10253
8794
15203
11155
9342
8988
9075
7921
8587
8094
9421
9429
7773
8368
9160
7609
9559
10412
9931
9474
18049
8766
8454
9257
8703
7960
9478
7812
7632
7663
9016
9230
8954
8264
7682
7835
8800
7693
7583
9046
8180
7553
7591
9584
8195
10078
9758
18407
10828
9260
8023
8653
9748
9446
7668
7522
8667
9771
9565
15784
12596
8152
8989
9355
7609
8832
9499
8287
10922
7948
9430
9159
17651
10646
9005
15512
9299
10729
15405
10128
9655
7948
8366
7493
8569
7965
8005
7760
8683
9464
8753
8384
8636
14122
13106
13918
11716
8109
9233
7596
24202
9030
8683
9355
8298
9312
8999
10077
7781
8585
8373
8983
10815
14803
10001
9582
8398
9611
8103
7631
9809
8157
8824
8707
9226
9219
8548
8302
8225
7751
8365
8461
10039
11030
15218
9564
8378
8555
8144
9144
8754
9460
8635
8887
9574
9106
7586
8824
8791
8979
11015
15479
9824
9519
8693
9342
8360
8307
7859
9363
8743
8010
8380
8003
8146
7985
7745
7944
7668
8229
12230
10241
9293
18212
10588
9216
8753
11333
9328
10022
15272
11193
9772
7752
154932
12069
10688
8851
8670
9443
10347
10087
13594
15499
7740
7741
8225
9082
8348
8577
7536
8531
8332
8938
8474
8837
8654
7958
11245
8416
8461
8965
7864
8698
8385
10847
14236
12593
8772
8444
8969
8857
7753
8325
7763
8233
14014
8870
9672
8652
18104
10064
9746
10482
8477
7594
8456
7911
7994
9635
8242
11262
10223
14880
9963
8162
8709
9778
8246
8060
8130
7928
8170
7994
7953
8142
8506
8112
9269
8643
7934
8430
8355
8713
8718
8687
8140
8553
10045
9504
9338
15000
9821
7911
8705
9447
8176
7786
7600
7691
8284
9161
7616
8528
7572
8571
8578
7630
8687
12757
10640
14994
10629
10080
8320
7873
10820
9459
8361
9165
11091
10322
11938
18678
9137
8441
9393
10063
9111
15524
14400
8107
8535
8294
9247
8687
8378
8806
8092
7513
9292
8100
8007
8186
8498
7608
8414
7754
9671
12481
15170
8984
8624
8466
9615
8948
20382
14791
8453
8517
8841
9170
9201
10022
8567
8660
8983
7615
8357
10450
8866
12037
16709
8745
7726
9299
9676
7925
9803
8599
8019
7993
9025
8194
8834
11229
15565
10661
11051
7864
8058
8248
8158
7547
8240
8715
7874
9121
8707
8536
7463
8717
7865
8313
8261
7748
8170
8775
7673
7534
9013
8221
9473
7997
7851
8017
8282
8856
9036
12671
15520
8873
7731
8845
8436
8225
7851
9708
8146
8454
9539
8218
8106
7787
15652
14183
12019
9605
60548
15766
10271
8907
8256
9002
7578
8883
7776
7897
8102
8873
8803
9406
9315
8429
8661
7727
7771
8416
9040
7841
9819
9451
15866
10763
9358
8292
9318
9431
8007
10067
8615
9195
9164
8877
10061
8736
10033
14635
9529
10328
9009
9503
7969
16551
18178
9420
8734
9301
7919
7743
9531
8157
8133
9116
8154
8339
163393
16347
8216
16190
8043
8496
7835
10537
10984
18452
20289
14546
10173
8769
8425
7749
7980
11110
8553
9174
7970
8647
8635
7461
9015
8377
7683
8271
9295
7992
8618
7648
8417
8796
8663
18974
10927
8723
8809
7611
9592
8720
12974
7550
7886
8805
9202
9097
10690
10275
16974
9558
9400
7861
8295
9719
8635
9078
8013
9881
8801
16560
10688
9730
7811
8379
8272
8192
8024
7962
9465
9133
7887
7643
8863
7639
7613
8497
8626
8715
8858
8379
8610
7647
8201
8158
7862
7623
8671
9062
8774
7770
8021
7907
9058
7759
8520
8336
13660
14755
8548
10402
9242
8888
8594
11743
8334
9799
9539
10070
14420
10208
11465
8390
8733
7961
10363
8415
9126
7630
9320
8425
8046
9961
10204
18489
9841
17061
14634
11851
7993
9544
10532
8173
8541
8768
7610
9589
8184
7933
7411
8969
9222
9435
10315
16960
9288
8789
8866
8402
9689
8444
14858
15485
9392
8958
7891
10555
8416
13795
8744
9376
9148
9749
18048
7935
18981
13828
9466
10230
7511
7712
9517
9381
8186
8343
9046
8873
8638
9297
11547
16089
10810
9788
9084
9133
8243
9396
10421
8452
8612
9814
9535
15528
10779
7590
9005
9753
9455
8830
8563
8604
9207
7985
8090
8823
7981
7633
9015
8625
8445
17571
16916
8600
9230
23923
13145
11239
9576
7800
7959
7860
8110
8243
8715
9720
8248
7685
8131
8330
8537
7380
8419
8364
11758
8817
10607
15561
11887
8803
8418
9171
8512
8105
10963
8760
8101
9804
10659
14948
11441
7896
8787
8220
8548
9046
9663
8004
8646
7943
8136
9444
8953
7827
8973
9061
8286
9400
10531
16609
8767
10745
9140
8133
8323
7833
7854
8150
7523
8139
8784
7895
8535
7984
8358
8189
7780
8629
9139
8076
7969
8364
174306
9625
7909
12743
8638
9128
7974
8452
7618
8392
8016
8389
9984
16205
10861
8973
9215
13505
9241
8594
7526
7848
9170
7496
7777
8665
8958
8537
9056
8579
7366
7998
7964
8157
8383
16234
13961
8895
9638
7796
8995
9410
15384
16494
10420
9615
8870
7990
9221
15948
18870
10441
9349
7791
8550
8600
10902
9685
9340
7706
9707
11558
14153
9802
8992
8341
8848
7613
8725
8189
9426
9487
8774
8733
9000
9040
8814
13524
12984
9348
11183
8389
9201
9091
8948
8828
8367
10011
8464
10048
15949
10805
8066
9128
8994
8162
8600
8051
9459
9075
8405
8755
8603
7650
8391
10264
9017
10378
18346
10976
8513
8928
9295
9170
7992
8587
8395
8416
7892
17261
11566
8549
8979
8867
8895
8500
8632
8502
8661
8833
8246
9015
9324
11270
9560
13893
11343
10021
8848
9601
9152
8207
8003
8364
11576
11212
11143
17402
8574
8273
7856
7760
9107
8267
8836
7992
8185
7594
8818
8322
8686
7871
7791
7811
8618
9182
10796
9255
18389
10166
10143
8967
9625
14688
14554
10685
8784
8334
8634
9984
9630
7980
8574
8405
7784
8383
9246
7893
8789
7684
8798
9998
10309
12081
13338
9989
7787
8856
9193
9261
7985
9030
8738
8606
9341
7684
9681
8150
17575
10071
8229
9758
8375
8418
8189
9649
8001
7548
9270
8389
8630
9189
8311
8405
7526
7600
8426
8423
8574
7928
7938
8694
8423
7779
45568
9375
9748
8270
8559
9077
8521
9406
7873
8377
8189
8217
8344
10333
11205
15519
9184
7993
9598
8967
7817
8662
8133
8497
7861
8815
8890
8010
9087
9076
8603
12590
9828
14108
10092
8415
8997
7511
9262
8974
7762
8885
8014
8984
7826
8753
8655
9454
9148
13764
18276
11307
8917
8063
8356
8667
11465
10367
173027
7620
7949
17851
13720
8743
8213
7982
9657
8537
14692
7830
9599
9777
15593
10668
8989
13931
8588
9522
8022
9748
7921
8225
8177
8777
7569
8427
9835
8947
8625
8195
8244
8696
8406
14478
16191
9667
9033
8544
9116
8093
20564
11675
10005
8294
8073
9377
8152
15323
10647
15404
10025
8610
9693
9222
13364
9963
14976
10382
9257
9758
7938
13769
8079
7494
8602
8147
9447
9400
9337
10133
18664
8985
8330
8211
8846
8980
9333
7876
8351
8140
8061
9644
8078
9942
10211
14461
11725
7719
9254
8515
9620
8261
7871
8765
9282
8815
8555
8374
7430
7598
8734
9251
8603
10434
10020
12289
14128
10189
9313
8332
8492
7757
7866
8157
9463
8231
8775
9029
7796
8642
8137
8230
8674
7807
10133
9319
10846
16040
9565
8424
9218
10217
8382
8551
9215
7796
9035
9799
9403
10482
17682
10866
7929
9247
8814
8543
17307
12953
11278
9323
7928
8361
8041
8337
7933
8234
7598
8139
7812
8794
7661
8028
9298
9275
21320
12105
8253
8721
7841
9687
10580
14425
15603
8970
7813
8632
7971
9065
13471
9111
8881
7781
9219
11682
17512
14611
8191
8696
7822
8329
9904
10346
10085
13801
8934
10582
7958
8639
8892
8969
9310
8396
8600
8026
8559
8293
8090
7743
7676
8933
7589
8194
9041
8737
7984
7390
9231
7793
8875
7701
10641
9940
14079
12960
8411
8974
9441
9996
8702
8392
7629
8363
25511
8074
9302
7946
8748
7763
8205
8656
7600
7683
7820
8210
8937
9090
7816
9632
8400
10020
14330
12164
9712
9072
8883
10073
8637
7482
9152
9098
8426
7956
7759
13967
17970
10174
8571
9248
8789
7649
12726
10749
9461
15384
8595
7898
7850
8861
8379
9204
8193
9622
8369
8655
7769
8464
7716
8169
12721
10707
159174
18736
8074
11066
8197
7963
9625
11410
18184
8852
9637
9420
9634
9021
9185
7897
7689
12837
7897
8673
7882
9533
7825
8223
10733
7503
7715
8347
8227
8251
7892
8584
8630
8733
9564
16466
16837
9088
8990
8864
9360
8094
20197
10974
8783
9075
7406
9054
9356
15905
9543
12479
13516
8146
9217
8090
13920
9379
9676
8757
15763
10528
8900
11897
8647
8371
8397
8176
7517
8463
8856
8553
11503
9702
17238
10785
9718
8734
8351
8363
9242
8835
10027
10851
12942
15160
8046
9598
8025
9400
8612
7845
8080
8155
8800
8006
8143
8841
8603
8394
7718
8419
7569
8679
8175
8211
10779
9235
15595
11629
8958
8994
7743
7708
8736
8866
7850
7635
8022
8111
8570
7618
8410
8600
8979
9063
9641
9226
9540
10097
11945
14030
8740
10941
8153
8118
9967
7698
7764
8296
8194
8093
8624
9182
8635
8891
8073
8915
8568
8452
10866
17174
10825
8101
8682
9711
8484
9584
9395
23672
9571
8143
8297
8027
7949
7753
15791
15762
9025
10446
8322
8278
9378
14355
10430
12854
13487
8996
9606
9451
11282
8958
7428
8917
9486
9045
10385
9423
16662
8288
10225
9061
8034
9049
9600
8845
7767
9757
10866
15514
10257
10220
8403
8184
8193
9289
8532
7991
7801
8711
8052
8825
9013
8141
9423
8819
7958
7530
9049
11322
13177
14535
8504
8872
7859
8291
8467
9599
9067
7887
8420
8817
8271
8825
21624
9521
9425
8220
8842
9684
7538
8680
9478
9240
8785
7584
8564
8343
8325
8354
9271
10911
10971
15353
11330
8471
8239
9999
8406
7989
8151
8239
8081
9397
11170
18411
7964
8855
8546
9184
9047
8076
9368
8805
8684
9201
7646
8261
8234
7852
8777
8203
7656
16570
13254
8214
9840
7650
8415
8156
11285
9286
170226
10687
8992
8658
7824
9517
9589
14574
10002
10419
9546
12920
10201
9290
9994
9178
7785
17904
7892
8572
8164
9024
9336
8068
8983
7519
8590
9339
9127
10188
10143
8924
14789
11033
9095
8794
10528
8266
9047
7810
9380
8232
17171
12814
9549
9036
7902
7951
9248
12476
8281
8691
10045
10134
18454
10076
17214
15856
7763
8707
9146
9488
9358
14958
10671
11390
9002
12974
8015
9574
12737
7610
7584
9007
7780
8922
7693
8892
9680
8210
7579
9382
9193
16169
12531
9229
8258
8256
7977
9638
7817
7917
8337
7965
9215
8133
8678
9058
9014
7591
10299
11114
17713
11907
8074
8002
8934
8483
8844
8448
9680
8385
9583
10134
15342
11369
7996
9057
9506
8185
8544
8735
9050
9456
8561
8112
8072
7728
8165
8172
7969
8889
10462
11908
14506
8353
8820
8250
8571
9341
10682
9073
7984
9534
10296
11168
16250
10780
7914
7548
8383
8203
7917
8877
7657
10781
8512
9133
8706
7742
8380
8038
8730
7866
10300
12435
17483
9440
8691
8494
8533
7837
8375
18584
10996
7918
8579
9856
8813
7872
14881
9464
9411
7772
9915
15826
9328
14340
9241
8379
9387
8938
10575
15712
14251
7736
8145
7573
8665
9023
8401
9226
7735
8182
9294
9596
11410
17435
11347
9101
7696
8132
8945
8936
8209
9012
8692
9698
9648
9264
15786
9399
8757
9414
8675
8779
8414
8737
10507
8571
8434
8543
7600
9022
8492
10923
15599
11189
8543
8237
8032
9133
9500
7571
9034
7762
8353
7600
8204
8368
9114
8331
7411
8702
9398
7789
7986
9378
8428
8586
10257
9687
15784
10456
13165
8793
8107
8738
8584
9199
10747
9862
17434
8710
11290
7833
9056
8344
7571
13444
9718
9564
14195
10482
9396
7555
14337
7753
8953
9017
9830
10402
154098
11244
15797
13843
8843
8032
7676
8391
7989
8513
8369
8773
8953
8173
8509
7612
7907
16617
8288
7906
12325
7945
7844
8766
12116
8949
11247
18853
9718
9573
8800
17836
13656
9441
8977
8093
8305
7919
15508
7952
9968
15967
10994
10144
8560
14540
7997
10973
16981
11670
8609
8655
14108
10269
19184
9359
9375
7907
7783
17692
14078
9466
8714
9697
10248
8075
8481
8508
8316
8872
8994
9009
8815
10238
9205
9611
15744
10269
8374
8655
8530
8023
7962
8241
8128
9368
8537
8618
7760
8379
9394
8252
9027
7524
8753
9017
7828
7999
8978
9882
11047
16366
8487
9388
8114
8717
8431
8230
9107
7968
9174
9298
8598
8021
8323
7823
8584
8582
8672
7881
8455
7453
7607
7553
8850
8822
8135
8594
9600
10098
17467
11395
8631
9608
8801
7902
8877
8861
7893
8016
8671
9330
8464
8795
9733
15764
9204
12085
8975
8400
8976
8553
8021
8656
7661
18035
12646
9225
9538
7697
9082
8337
14487
8810
10007
9681
14654
10836
8847
10870
8143
7707
9144
8046
9427
8529
7630
7841
9113
9083
12112
17344
10747
9600
8746
9661
8435
14445
14994
8579
9059
8273
10393
9338
11002
8356
8292
7984
8352
8672
8254
9490
9475
15492
12251
8856
9053
7940
10763
8923
7726
8574
8369
7689
8059
8834
8946
7414
9323
7597
8279
8561
8665
7769
9008
9498
9992
14099
11371
9352
7997
9015
8073
8174
9589
8795
9076
9161
8584
9478
10604
10539
13922
11184
8845
8792
9357
8272
7659
8112
8995
7493
7960
8847
7664
9878
9759
8475
9081
8132
8306
10985
9596
18716
12789
10790
10389
15844
10342
8841
8747
9259
9399
8733
7943
7798
8736
9347
9150
9518
8531
10249
15544
8738
10660
8709
9282
8983
8257
8747
9241
7587
154634
8963
9177
8758
7698
9450
10158
22409
7821
8717
9491
7897
8374
8321
14312
10531
11607
18847
8080
7556
9624
8517
7962
8186
14764
11604
18498
9646
11020
9516
10654
16430
10097
9324
7975
8154
7949
8697
9649
7900
8033
8223
8133
8015
8446
8187
8125
9386
8616
7915
7937
7550
8392
9046
8839
8796
7965
7925
8637
7896
7869
8446
7755
8205
7939
7471
8783
7846
8011
9434
7910
8225
7832
7933
7616
7800
8402
9883
10033
9367
15754
10875
8797
9595
9126
10834
7644
9404
9459
10914
11866
14189
9112
8456
8163
8594
7774
9046
7802
8963
7792
8068
8793
7728
9098
7818
8169
7514
8630
7724
8055
9339
7616
7994
7931
8435
9571
23551
8532
9412
8215
8136
8335
9353
23873
8121
8184
8897
8304
9403
8632
14169
9210
15950
12299
8764
9708
8111
11252
8442
7874
8153
8306
8317
8567
8840
11182
15189
11932
9107
8240
8383
8574
8838
8061
9019
10594
10179
11001
18446
9369
8840
8179
9046
8185
8333
8149
7793
8833
9423
8423
7647
8115
8776
7932
7793
8265
8853
10183
10636
15795
9630
8805
9572
9661
8674
8774
10294
8856
8347
10737
9824
15158
9839
9539
8574
7590
9255
7668
8323
8322
9020
7833
8174
8768
8381
8102
7620
9881
7758
7764
9318
8358
8661
9222
10217
10383
14232
10498
8136
12938
9223
8785
8322
8061
8524
9045
7987
10249
9555
8292
9225
18657
8840
52712
7712
8548
8663
7540
9220
8025
8038
8104
7867
8115
8435
9480
10564
11112
15438
8665
11607
9652
8293
8861
8994
8226
9597
10462
17590
11071
9543
8675
9047
8462
8872
7415
7917
8155
9400
9661
10193
9261
14931
11559
10040
8630
7632
7882
8597
8166
9071
8569
9221
8955
7862
8615
8398
7855
7640
8181
8744
185483
14930
8114
8021
9192
8800
8073
9127
9153
7800
8594
8476
9341
8269
7651
8343
7965
11142
14264
10890
9482
9371
8806
8040
16890
15158
10161
9374
9665
9365
8372
9752
9136
8574
8346
9376
9655
14624
7262
12276
9225
7945
9071
8316
9386
8569
7443
9135
8421
8851
16103
12010
15357
10460
8584
9452
11506
10752
13594
11699
7954
9682
9017
10300
8426
7641
8383
8742
9362
8373
9351
9180
9866
16364
9684
8229
9578
8410
8777
7943
9635
10086
8494
7611
8723
8010
7750
8164
8418
7935
8115
7735
8378
7532
9003
9219
8492
7789
8242
8178
8871
9745
9941
16452
11164
7602
8461
8909
9390
8196
8491
8036
9962
9028
7865
7870
8185
8176
9066
8800
10933
18626
11057
9460
8876
9604
7963
7843
8434
7735
7912
8579
7765
8030
8077
8641
8860
8756
18815
11789
8339
8138
7919
8516
7915
14984
9790
10082
9571
13887
11594
7948
12151
8311
7782
8964
7712
7880
7856
7971
8297
7751
8475
8114
7851
8399
8818
9378
8394
8187
7574
8228
8103
10087
12471
13615
12231
9669
7651
9317
8715
7932
8146
8180
10598
9468
8653
10195
18487
9261
9704
8617
9435
10095
9854
9015
9107
15875
9650
9195
9234
8641
8527
8165
8240
8297
8071
9425
9299
8835
8051
8115
8175
8263
7608
8983
9181
7450
9334
9257
10672
17584
10579
8225
9194
7970
8133
8492
8613
8610
11176
9025
9245
14526
42900
11874
23059
8443
7539
9439
7833
8418
8507
8852
9258
10489
15368
10124
10566
9140
8922
9122
8091
8005
8841
8989
8651
13127
15405
9631
9737
9004
8647
8519
12559
10026
10669
15220
9883
9425
8785
12750
8554
7926
8491
10422
10484
18815
13214
8836
8997
9916
10169
12576
12943
11530
8535
7871
8346
8810
8374
7866
157073
8147
8820
7650
8235
7929
8836
9342
9303
9768
8807
14851
13932
9756
10264
9079
8610
10452
9519
9300
14722
9878
8225
7651
7990
8606
7592
8393
15026
8655
10026
8195
12875
14779
9239
10841
9154
8436
7759
7989
8160
7701
7581
8399
7972
8446
8168
8195
8371
9179
8613
7615
9733
8656
10337
14121
11885
8383
8371
9207
7858
8094
9117
7975
8764
7789
9215
8726
8992
7773
8596
8231
8493
8167
8696
8752
8016
7954
8422
9056
8308
8497
8064
9978
21038
9579
8774
10047
8017
8355
8278
11164
15225
11045
9605
8222
7887
9103
11620
8795
8315
7641
8719
8538
9182
7784
11461
9605
16400
10344
9495
9581
8261
11611
8614
9101
10625
12796
12446
10047
9908
7574
8646
9159
8623
8625
8560
7781
8344
7769
7560
10528
9020
8137
8235
9490
11050
16571
10788
10338
9098
8741
7892
8908
9304
8815
8169
8388
12532
15354
9038
9308
9020
8778
8085
8578
7650
8455
8331
7768
8032
8577
8396
7859
8596
7964
7861
7896
7876
8203
7874
8758
7691
8348
8495
7590
8582
8250
7769
8871
9020
7774
7662
8481
7625
8271
9216
8174
7815
7869
7998
7692
9690
8258
8870
8988
9415
10620
13728
12461
10545
7980
8325
8451
8213
7795
13510
10189
10064
15802
8204
9894
9267
11984
8648
7605
8185
8386
7874
7614
8732
8475
8567
9342
9056
8383
12564
17729
8912
8053
8979
8256
9262
9148
89243
8181
13175
7692
8040
8965
10280
11594
16912
13155
8791
7861
8907
8723
7997
9330
12708
13681
7986
9661
8617
7846
7783
9098
9687
8564
9553
8908
7818
8774
7912
8138
8117
8412
8453
10441
8367
8441
9679
10251
15132
10503
14780
10066
9537
8612
11270
13940
9720
11922
8717
16897
7882
10282
11912
8958
10383
11252
137680
15288
8081
9820
8673
8639
8929
8952
7656
7712
9230
8076
8280
8653
8333
8318
8859
9345
8270
10496
14503
12779
9065
8751
7970
8077
8000
7563
14682
9998
10563
13559
8849
8607
10355
13546
8567
9000
9294
8395
9130
15588
14504
7572
8947
8223
7509
8151
10487
8194
8821
7902
8235
8916
9476
9257
9416
10311
16900
9519
8605
8636
9204
8366
10563
7810
7982
7840
7591
8018
8619
7874
8419
8110
8072
7963
8818
10035
9780
14970
11676
8871
9065
7831
8300
8661
8779
8963
7672
9063
9420
8528
8055
7776
8214
7502
7610
8904
10712
10218
10543
15532
10415
8782
9137
10774
9158
8329
8620
10585
16078
10067
12127
9317
8231
8292
8110
7818
7553
8161
15392
18280
9120
8347
8569
9119
8630
9133
7644
9918
11244
15800
9707
8564
10119
7727
9020
7996
9340
9231
8282
7571
8177
8699
7994
15801
14888
9919
9488
9902
7662
8842
13937
15688
11063
9904
7811
8969
8365
10926
7713
8710
8856
7973
9372
8598
8897
7579
8271
9092
9122
10041
10717
11859
13907
8928
10322
9259
7994
8030
8135
8466
7762
8058
8030
8634
8697
8137
10442
10245
15416
9629
8956
9620
9675
8158
7828
9048
8245
9018
7969
7669
7868
8492
8215
8186
7702
8045
8600
8524
8157
8144
22770
10586
9279
9792
9122
8046
8979
7685
8139
8177
8987
7928
8046
8708
9628
7613
8096
7467
12056
15115
10543
9199
48381
12580
9248
9544
7733
9230
11260
9542
14998
8943
8284
7893
7945
8624
10005
8633
9318
8112
8827
7585
8029
8713
7687
8758
9502
7857
8281
8656
7966
8995
8010
7968
8833
7774
8226
10338
8674
9882
14763
10098
9849
9584
12711
9677
7369
8007
10231
10384
14782
13666
9301
8554
9168
8314
8489
8400
7822
9302
159763
8774
9680
15524
8522
10260
9057
8994
8854
7679
8442
8808
10688
9055
10401
14943
12081
9171
8285
7968
7807
20087
10656
9076
9242
7732
8243
8723
16676
9565
14764
10626
9004
8445
9383
14501
9520
10012
9460
14138
8854
11430
11615
10502
10184
9153
17574
11433
8478
11471
7738
7572
8360
8529
8478
7761
8482
8875
8082
8902
8175
8657
10786
15980
11071
8349
9233
9679
8158
9613
8103
8676
8348
8154
8729
11197
16799
10466
9518
8097
8456
8420
9538
8656
8230
9201
7567
7912
7891
9341
8128
8932
8981
7565
8884
8214
10228
15550
11236
8801
9046
7953
8885
7791
8312
9135
8809
9934
8978
9167
9041
10323
9850
19910
8152
8692
8799
8885
9635
10043
7688
7536
8024
7817
8394
7766
8001
19444
11484
9584
8387
8312
7893
8791
9410
8287
9235
9035
8167
10024
10972
8692
15905
8993
9660
9213
9174
8106
7644
7972
9029
8492
14910
13422
11483
8942
8013
9656
8210
14098
9201
10851
18086
9881
9058
9690
14130
15979
9538
8032
9357
8826
9728
8835
8842
8094
9122
8749
8883
9197
8305
7797
8135
7675
8288
9212
7723
10283
11220
14674
11346
9353
8876
8428
9333
8688
7768
8595
7812
8394
8355
7712
7812
7780
9088
8695
7703
8026
9220
9216
8487
9286
9678
9635
14963
8615
9230
8570
8857
8553
8728
9195
9131
9338
7538
7603
8687
7933
8840
8973
9000
8256
8720
7987
37720
14723
8512
9740
8479
8058
8165
8213
8811
29938
8941
7809
8818
10022
9320
16242
10958
8385
9025
8618
8332
9538
8092
9709
8201
7726
8472
8619
8350
8352
8514
9588
7496
8362
11913
12458
13328
9065
9261
8461
9189
9099
9399
9471
7780
8683
8769
9863
9794
18030
12310
9000
9185
8571
10645
10589
14986
10610
149753
15962
7780
13799
7456
7810
7920
8333
8800
8679
8675
8307
9256
7739
9127
9487
9907
9212
8410
7969
9624
7827
8423
7881
8056
8531
10458
10824
8235
12426
12088
8348
9757
8233
8794
9195
9050
8389
7815
7738
11194
8607
8452
8054
8095
8157
9910
8519
10688
16792
10003
8885
9451
7791
9041
9066
8903
9001
7819
8967
8392
8406
7872
8075
7659
8712
10358
9739
15053
10061
9584
10904
10166
7775
7696
7982
8846
9635
8165
7900
7873
11575
8082
9157
8582
9260
7990
8857
7940
7656
8614
7853
7944
8335
7999
11148
10774
15462
8497
10501
8611
7813
8978
9368
10757
8378
9123
8314
8391
9387
11478
15855
7851
8039
8998
8589
8012
11916
8371
7632
8222
8244
8173
8035
8174
8144
7495
8784
8247
8194
7849
8112
8210
8153
8225
7634
8534
9320
9535
9222
7769
7609
8581
8195
7717
9173
10015
10625
15913
8220
9347
8275
7843
7998
8174
8777
9305
8403
9640
7841
8650
7972
8512
8051
9039
8603
12019
10138
16763
8673
9739
8931
8856
8633
8092
7852
7927
8246
7798
9117
7353
19361
11076
9114
9041
9808
8186
7964
12296
7605
8615
7779
9018
7772
8455
7635
8500
10074
8972
13162
14061
8759
9543
8405
8229
9466
16284
14226
10195
9018
8998
9587
9128
16429
15283
9094
10785
9188
8139
9390
15403
18223
10402
10004
7750
9624
8425
20502
11083
9072
9241
8983
8974
8675
71514
8468
8528
9199
7740
8810
9200
8384
8653
10254
10810
17416
9304
8892
9929
9275
11209
9337
9841
16010
9640
8420
9529
10577
9037
8200
9117
7856
8972
9195
9507
10712
14880
12107
8230
9000
9377
8191
15692
15247
10745
10361
9432
8716
8158
8707
7660
7595
9010
7798
8912
8229
7787
7533
9265
8892
8052
9060
137393
11232
13876
12800
11421
9900
8787
9691
9537
10964
16526
8902
10143
8748
7892
8800
7426
8623
8263
7830
8056
8635
8084
7494
8984
8975
8831
8392
8880
10221
9675
15185
10786
9762
7964
10305
9386
7552
7989
8297
9213
8974
8205
10242
9635
10265
14051
11810
8768
8872
9329
7550
7969
8535
8409
9459
8397
9326
7603
9147
8506
7807
9240
9937
9682
15378
9372
10312
8948
8400
9715
7656
7859
9039
8815
7839
7552
9549
8642
8189
8223
8576
8465
9396
8843
8958
9864
11452
16267
8631
8414
8383
9802
8686
9523
9625
9618
10017
15261
14553
8467
9157
8415
9243
8451
8958
11261
15090
10372
9945
9125
8297
7998
10430
8318
9521
9148
9693
10045
10005
15194
7965
10392
8175
9719
9228
7914
8498
8276
7613
7831
7943
8982
8032
7990
9068
8153
8476
7707
8656
7692
8194
8398
8510
9111
9212
8083
8025
8472
9818
8775
10647
17820
9342
8477
8372
9076
9066
8463
9373
8173
8393
8044
9033
10052
10150
14473
10677
8810
9492
8784
7840
9558
8649
7791
8338
7598
8080
8454
8301
8912
8813
8014
8291
8299
7922
8251
7966
12884
9582
15346
11937
8528
9279
7952
14488
10597
15841
11075
9213
9712
7946
8928
7543
8602
8661
8374
8918
8024
9055
7737
7639
9690
23669
8780
10128
9501
8317
10380
9418
19829
8473
7941
9315
8054
9248
8559
14251
13155
13979
9328
8155
8580
9437
63687
16766
16936
16295
8069
9067
8160
8326
9918
21787
14185
9364
9864
10899
15674
11016
18113
18836
10641
9298
9505
9354
8634
10301
9963
12720
13436
10125
9154
8153
8241
8515
8100
7987
9450
8851
9000
8965
8216
8148
10045
10275
10796
14697
8728
9015
8270
8962
7661
7877
7726
8535
8123
8065
8271
7678
8293
7778
127120
13097
7830
8223
8807
7944
8195
14303
8816
7553
8816
8275
8550
7692
7714
8737
8930
9828
8328
8115
7784
8630
8221
8351
9479
9580
9011
10614
15176
10408
8961
8851
11648
7963
8846
7825
7907
7965
7644
7593
7681
7741
8851
8781
7621
7979
7684
8638
8507
9759
9448
7467
8875
9367
10822
15434
9986
9597
9216
8797
8039
8314
9160
8541
8261
7580
8994
7967
7671
8325
9289
8341
8113
8465
8008
8240
7775
7455
8325
8172
8312
7703
7934
8012
8758
11174
10215
14645
11806
10654
8579
7495
14410
10503
18914
9022
8353
9027
9038
7970
21021
9094
9714
12837
8129
8967
8446
7398
7863
9041
20024
11583
8273
8803
8409
7689
9446
11087
8976
7411
13500
14237
10412
10916
10894
9158
8509
8112
15142
18415
8204
9521
8232
7781
9017
9001
9438
8358
8950
9901
8836
13481
12891
9103
9068
8344
8377
8803
9009
9379
9100
8819
9175
8366
9176
9562
10400
15237
9582
10464
11161
8083
8874
7914
8917
9692
8451
7962
8630
10375
15865
9758
8552
8633
8333
8795
8210
8493
8862
9212
8680
7848
7910
8342
7811
9291
8976
7812
7814
7367
7702
8616
7723
8733
7885
8890
8275
9202
8852
8845
7628
9153
21556
9302
8256
8897
9071
8788
8095
14974
14797
11140
8689
7812
8100
9097
9480
8070
7993
8517
8933
7713
7535
9214
10042
11476
9532
15297
11349
9117
8457
8308
7738
9035
70013
9482
9616
7983
7833
8976
8367
8501
9582
8601
10481
8355
9846
9025
15369
10967
10707
8476
8511
9271
8815
9548
8937
18677
11026
7773
9096
7743
9268
8602
7770
8046
8041
8407
7952
9220
7764
7543
11978
10416
16200
9317
11147
8394
8801
15218
11769
17281
8726
10224
9264
7797
14864
14494
11693
8434
11801
9163
139137
9794
14482
13305
9026
9768
7667
12933
9306
8761
9475
17902
11616
8805
13708
11049
14371
13594
8055
8345
9202
12561
14505
17424
8146
7557
8924
8907
8363
8115
7901
9196
8054
7655
7702
8384
7586
7538
8244
8724
8223
9004
8014
8985
7551
9384
7997
7844
8005
7844
8400
7582
8336
9045
9728
10233
16396
9192
8321
8220
9332
9065
9608
9235
7887
8574
8697
8303
9200
10916
10642
14312
10108
8641
9056
9348
8096
9437
10399
7793
8117
7441
9073
8738
8259
8843
8402
8198
7947
8196
9472
10278
8807
18812
8984
10434
8844
9067
8169
11041
10540
16013
8682
8235
9481
9080
14961
10901
15964
9949
8914
9421
7810
15497
10712
13498
11071
8454
10974
7748
11064
7574
9086
8394
10855
10203
18291
13923
8603
7667
9098
18020
12486
12238
9636
7851
8949
9139
7812
8494
8824
10523
8589
8354
10092
14247
10754
8590
8384
7977
10426
8856
9382
8670
8165
12276
9394
13153
12526
9660
8905
9119
12147
8807
8335
9488
15774
14892
8696
11704
7834
9169
7653
21302
8996
8798
9942
7891
8912
8872
11620
10205
8821
15965
10666
10220
9654
13263
12044
15495
8061
9320
9658
7897
11072
9020
9660
8717
9003
8673
7938
9886
10794
18276
9353
10984
13192
10026
15725
9415
8259
8917
8316
9072
8575
10653
7937
7897
9083
8926
8810
8022
8547
10426
10090
15962
9320
10359
7650
9017
9489
7882
8520
7618
8493
8052
8278
8364
8129
8205
9202
8405
7760
8936
9289
9075
10334
17256
10091
8827
8415
8265
15952
10027
8755
9897
8810
9794
10250
14705
11923
8766
9341
8068
8377
8279
8613
9034
8077
8255
7945
7710
7788
8322
8996
8826
7693
8946
7972
8594
9719
8603
8610
8632
8054
9133
8030
8318
7615
7978
9062
8147
50289
9161
9008
9169
8413
12017
7994
15455
8575
7847
8688
9114
8293
7912
8526
7981
8618
8014
8197
7492
7610
8016
8335
8530
9504
7520
8578
8051
8115
18320
8238
8071
7725
8391
7584
8148
7785
7817
8096
8219
8665
7674
9091
8056
8496
9080
8020
8074
7730
7745
7688
8177
7875
8456
8934
7805
8356
7661
7977
8420
8140
8300
7756
8268
7708
7832
9497
7622
8092
10579
8395
8757
7973
8778
7671
8365
7868
7974
8599
7451
8543
7929
8421
7531
7736
8967
8523
8197
9399
7934
8126
8051
7539
7777
8215
7741
8930
7800
8172
7856
8874
8173
8066
8213
7815
7513
8981
7603
8073
8724
7790
7584
8543
9194
7671
8552
8109
8649
7733
9097
8749
7591
8160
7683
8112
8010
7584
9258
7589
8117
8033
7649
9129
11272
8677
8563
7854
7568
7721
7994
7616
8609
7482
8056
7615
7672
9513
8147
7780
7591
7709
7751
10164
8373
7695
8253
7664
8353
7578
8127
7817
7788
8792
7690
7903
7697
8374
8096
8194
8488
7651
7639
7564
8893
8287
8056
8598
7768
16343
7870
8185
8956
7846
9138
9230
23474
7807
8722
9076
8496
8073
8825
8716
7805
8289
8540
8452
11502
8006
8175
7676
8211
8753
7777
7670
8184
8000
7661
7645
7716
20633
8358
7581
7833
8440
7964
10885
7744
7868
8549
8304
7810
9470
7654
8436
7770
7857
8497
7886
8123
8476
7751
7484
7650
7938
8918
7892
7919
7907
7610
7730
8268
8120
7715
8502
9598
18469
7541
8479
8215
7783
8266
7715
7644
7702
8826
8995
7623
8693
7424
7866
10622
8351
7840
8900
8412
8300
21771
9538
9434
7705
7658
7965
8226
7938
7621
8578
7754
7892
9419
16635
23251
8325
7655
8028
7808
7620
7748
8010
7685
7973
8394
9502
21017
7840
8746
9190
7430
7605
9691
9603
8338
7612
7763
8944
7569
8668
7760
7821
19592
9143
7403
9603
8093
9082
18083
24019
8718
8780
9044
8764
7576
8387
23299
8998
11256
8525
8156
8641
7785
9067
8007
8251
9106
8491
8538
8685
7641
7994
7739
10048
8748
8856
8872
8102
8024
7982
8253
7788
8287
7791
17953
8198
7728
8341
8064
8653
9821
8824
8369
8318
8594
9962
8733
7930
24505
7679
8002
7858
8933
9051
8181
16369
8070
8136
9425
8384
8948
8075
23887
9168
7515
8921
8846
8009
7795
23958
8209
7860
10687
8428
8068
9549
17956
8441
8374
9262
7957
7558
8076
9861
8633
7517
8744
8669
7537
8092
9237
9843
9020
8830
7711
8180
7864
8344
8465
9719
8812
8411
9032
7878
7965
8285
8138
7569
7750
9248
8779
7946
9021
7400
9125
9004
9416
8656
8664
8375
7605
7864
7805
9362
8357
9249
8223
9079
8440
7985
9302
8092
8148
7797
7892
9318
24002
8224
7789
8294
9251
9085
8132
8423
18829
8497
7872
7646
8127
8876
7682
8247
8061
7818
8476
10154
9297
8010
23023
8844
7576
8048
8187
7630
9039
8106
7864
8387
7590
8106
8109
-------------------------------------

