EAL: Detected CPU lcores: 20
EAL: Detected NUMA nodes: 1
EAL: Detected shared linkage of DPDK
EAL: Multi-process socket /var/run/dpdk/rte/mp_socket
EAL: Selected IOVA mode 'VA'
EAL: Probe PCI driver: mlx5_pci (15b3:1015) device: 0000:03:00.1 (socket 0)
TELEMETRY: No legacy callbacks, legacy socket not created
Count core: 1
Number of queues: 1
Connecting to port 0 with 1 queues
ip: 192.168.1.1
server port is 8080
Expect the server to change the location of timestamp by 20 bytes
sending ARP requests
mac address for server 192.168.1.1 received: 9c:dc:71:5e:f:41
ARP requests finished
-------------------------------------
11059
17787
9700
9777
14600
13358
9385
9261
8646
9750
8328
12143
9429
8495
9620
10142
10205
8632
11554
9623
9104
9054
8311
9897
9191
8294
10092
9268
9810
8749
11337
12023
9656
9546
9787
9221
8953
8036
9312
8468
8686
12097
8575
8341
15149
9817
8960
8595
8813
9271
8100
9355
9646
8197
14550
8800
10339
8830
10028
9345
9298
10055
8826
10788
14805
9034
10617
8214
9854
8498
10323
9168
9901
9499
14738
8773
8743
8555
9369
8846
9482
8826
9750
8679
9041
8247
9074
9988
9007
9328
15923
9546
9067
8133
9178
9338
9854
8465
8930
9184
15112
9526
9941
9928
9402
8776
8833
8604
9643
9539
13476
8457
9469
8339
8829
9361
9439
8432
8929
9230
10390
8266
9469
16978
9409
9479
8959
11123
9022
8158
9883
9848
8254
19014
10041
8573
8777
9141
9579
9671
9475
7915
9800
13677
9207
9105
9043
8800
7835
8942
8551
8754
9885
8944
9156
8266
10350
8170
10189
15256
8640
9879
9280
9379
9327
8515
9121
8343
8083
9340
8789
9305
10671
7911
8172
14244
7928
8010
9725
8883
8299
9645
11089
9380
9531
8247
8977
9355
10923
8850
9775
15022
9666
9208
9740
8410
9370
9074
8708
9124
9064
14568
9257
8804
9308
9362
9392
9433
9409
8067
7793
8205
8647
8799
9509
9053
8541
9643
8270
9539
13789
8041
9042
11871
9348
8356
8607
9520
8725
8329
8766
7591
8116
10109
9210
9154
9212
8713
9596
14076
8074
9256
11858
8467
8389
8192
8368
8210
7975
8162
9038
9130
8406
8805
9446
9084
8206
8279
9144
8087
8588
8766
8676
8179
10830
9100
7994
15593
9343
10015
7907
8690
9027
8053
9211
8802
9333
11242
69384
10703
12747
8779
7954
8435
7595
16736
8429
9533
7899
7943
8794
8330
8272
9615
9461
9112
7422
8757
8233
8041
8221
8808
8077
8219
8173
8097
8842
10202
8034
8981
14644
8955
8225
8359
9312
9114
8099
7429
8066
8851
9283
8756
7897
7933
8032
8112
8422
9246
8410
8420
8169
7659
8366
8912
9347
7885
8152
7695
8194
8924
7722
8266
8045
9216
8677
8095
9240
11305
7767
7851
14742
8337
8455
10338
8373
8111
8693
8597
7909
8767
8378
9228
8172
8290
8281
9341
8625
9886
8332
8516
8717
7514
8140
7406
8817
9769
7876
8687
8323
8271
7702
11019
8729
9723
12692
9338
9179
8915
8422
8525
8266
9241
7709
9306
9243
9033
9869
9117
9368
8211
10138
7944
7610
10065
8590
9922
14729
9891
7866
8751
9463
8627
8082
8128
8410
7994
8630
7738
8033
9230
9923
8735
7915
8305
7830
8533
8184
8518
10143
8302
8788
14791
10943
8940
7976
10134
8762
8328
7859
7319
9039
7779
8478
8605
8959
7969
8697
8179
8180
9283
7582
9258
9266
8664
9905
8758
11585
9522
7870
13244
8046
9143
8901
7802
7591
9225
9974
7872
10185
9139
9911
9133
8243
7612
7750
8797
8387
9092
8534
9110
9058
10830
9414
7660
12933
8000
7725
8836
7666
7919
9181
8672
9005
9052
7933
8668
10150
8391
9117
9368
9210
9022
7563
8350
9528
8954
10420
11409
8475
14636
9217
8958
8414
7773
7877
8997
8032
9150
7466
7960
7570
8874
8564
8578
8994
7905
8936
9018
9461
8634
8635
13257
7978
7851
11497
7768
7982
9136
7747
8139
9464
9220
7448
9404
7792
7574
8064
8352
7590
7353
8370
9225
8596
9280
8887
13082
8656
8497
7909
14794
8475
7857
8776
8363
7678
10974
8201
8718
9203
8554
189470
17439
7428
8699
10911
10833
12803
8940
8412
9419
7687
7330
9567
9290
8353
8015
7666
8251
8294
8063
8432
8851
9007
7994
9143
7317
8744
7599
8094
7597
9538
7876
8366
7916
7759
8051
9018
9458
7905
7246
9067
9348
8697
8514
8592
13343
8029
7804
9996
8510
8776
8708
14287
8676
8789
7640
10658
7556
8456
8951
7692
7938
14819
8337
7730
8308
8343
9334
9195
10053
8501
8999
7717
7503
7580
8347
8661
8440
8794
11090
9041
7902
8188
8690
9757
7831
7973
9893
7546
8609
12543
7531
8249
12300
7912
8126
10436
7533
8027
9425
9002
8466
8774
8892
9040
8364
7482
8495
8587
8432
7832
9034
7772
8638
7482
8121
7600
7985
8388
8513
10072
8014
8023
8056
8712
8912
7642
7829
7956
7667
8887
9545
8693
16910
9372
8318
8353
7994
9540
8294
8865
7778
7781
8678
8577
9074
7878
10904
7854
8546
8756
9048
9246
8316
8418
7563
7420
9418
7754
7828
8126
8477
8926
8024
11390
9141
9492
15384
7258
8869
8917
7780
8528
9313
9101
8020
8000
9072
8854
7791
8330
8086
7391
9196
8186
8992
8574
8714
13425
14232
8097
8110
11070
8608
9227
8174
7269
9940
8315
7980
9073
7785
9222
8820
7679
7741
8801
8526
8781
8907
8523
9276
9142
7692
8102
7633
7983
9008
7654
8241
9014
10263
8685
9753
7976
8572
12405
8976
8109
9016
9405
7491
8974
8044
7676
9370
7758
9154
8337
8087
7819
8852
8332
8506
8359
7847
8107
8729
8577
8597
7792
8914
8398
8153
9789
8302
8131
7674
9046
7545
8219
11611
8741
9333
8455
7722
13887
8459
8825
9793
7800
8274
8022
7989
9225
8759
8324
9277
9252
8795
8594
8430
8415
8495
7620
8075
8992
8917
9071
7471
7655
7694
8617
8136
9049
8903
8733
8022
9591
8175
8374
8310
8134
8882
7700
9041
8466
9225
8212
8391
9198
8234
7614
7610
8800
8507
7789
7912
7898
8538
8193
7752
8392
8369
9019
9548
9533
9038
7794
9451
7949
8769
10612
8439
7504
14391
7516
9532
9864
8281
7584
9041
7738
7707
8478
7522
7738
9884
8606
8238
8576
8617
9227
8475
8552
8504
8641
10035
7755
7774
7554
9212
7769
10266
8090
10973
14984
8009
9356
9006
7676
7595
8675
8040
8629
8015
8594
8015
9459
8154
8034
7793
8472
9380
8883
7959
7970
8676
8912
10194
8880
7676
8856
7888
10377
8285
9156
16334
8347
9103
8797
8616
8249
8548
9020
7808
8874
7677
9233
9370
9197
9221
8796
7836
8339
8353
7493
9011
7600
10092
8314
8851
10141
8738
8554
14634
8846
8126
8243
8356
9279
8567
8048
8017
7974
7755
7579
9849
9043
9071
10845
8834
7377
7523
7770
9419
8674
8846
7607
8694
10049
8133
9033
13889
7608
7917
9927
8501
8076
9007
8253
8084
8929
8276
7672
9297
9002
8025
7547
8328
8093
8141
8263
8631
8761
7858
7523
9106
8697
8874
8680
9440
7497
7825
8514
8599
7905
9461
8845
7642
8000
8041
12317
12897
8092
8319
8332
9272
8754
8475
7610
8010
8374
8258
9198
8060
8557
8429
11662
7828
8336
9138
7511
9054
9200
8230
8772
7960
8954
7748
8193
7517
8515
8241
9252
8413
8776
10462
8663
7602
17213
7724
8079
11720
7845
9177
7314
7932
8794
7576
7852
8871
8300
8468
8205
8282
8009
8902
9975
7922
7194
8255
8905
8856
8102
9215
9128
7432
8036
8835
13517
13103
9415
8614
7646
9261
8056
10481
7966
8215
8013
7452
8497
7646
8712
8600
9784
9216
8697
8874
8425
11335
8516
16265
8625
203662
16808
9283
8974
9482
7872
8664
10663
8452
7757
16749
7828
9117
8919
8651
8616
7992
8431
8239
9897
7570
8539
8728
8082
8908
7499
7821
9651
9414
8774
7742
7495
7318
7655
9260
8799
8238
8784
9742
7329
7602
7880
14750
8957
12599
8427
8584
10338
8773
8205
8892
8751
8708
7189
7570
7798
10964
9274
8077
8682
13349
9077
7731
9685
8742
7794
12917
8415
8682
8819
8035
7526
9975
7659
7749
8271
8661
9168
7443
8401
9056
8546
7923
8437
7628
8737
8051
9094
8626
9158
8700
10076
8543
7288
9532
7317
9377
10743
8949
8176
12361
9207
8377
9952
8814
7897
8897
7610
8636
8293
8513
9257
9592
8615
7739
8405
8937
8114
7593
7615
7828
8618
7813
8345
11590
9594
7589
7810
8314
8666
8066
7594
8846
9135
9021
7394
8415
17395
8997
8256
10641
8794
8327
9312
8071
9256
9240
13486
9279
7872
13642
8282
7876
10206
7851
8797
8153
8471
8998
9138
8915
7999
8971
8214
8092
8944
8898
9286
8117
8752
7832
9455
8552
8561
9158
10548
7894
7555
9595
9488
8632
14363
7241
7726
9682
7853
8279
8307
9356
9115
9041
8803
8071
8680
8893
8859
8238
8862
8200
8822
8673
7893
8969
8093
9375
8654
9273
8234
9289
13266
7566
8542
10797
8812
7817
10256
7826
7337
8595
8723
7723
8013
10061
7887
8301
7805
7913
7271
8896
7602
8810
8213
8746
9660
8104
8418
8617
8823
8075
8694
9229
7867
8153
8432
8144
7849
9393
7695
7916
10258
8237
9048
18419
8610
9230
9652
7898
7906
8579
8960
9158
10244
8083
8387
8698
7943
7569
8637
7825
7569
7599
8528
7605
8476
8518
8776
8247
8516
7379
8445
8736
7559
8630
10060
8063
7432
10279
8543
8476
15176
10434
8025
201497
8191
8446
8417
7522
8133
7961
9140
8685
7908
9081
7981
9070
8588
7839
8985
7887
7720
9425
8634
8251
15069
8977
8853
11241
8003
8290
8016
9150
9219
7862
12697
8222
7958
8921
8175
9202
9558
8424
8181
7924
7822
8096
7805
8413
8338
8419
8071
9184
8810
7839
8617
9246
7246
8112
9035
8189
8506
7584
8584
8009
8032
7776
8878
7707
9317
7735
7358
7856
8972
7576
9194
8853
7834
8048
8697
7705
7685
7494
8521
7589
7374
8276
7973
8694
8284
8049
8657
8861
9776
7933
8112
16218
8901
9054
10851
8175
8252
8447
8769
7619
8641
7567
8636
9510
8958
8595
8635
8463
9092
7531
10128
8616
9110
13866
8046
8062
11548
9064
9320
9508
7725
8622
8254
7938
8042
8273
7774
8120
9242
8836
8345
7803
9010
7852
7815
8535
7622
8994
7480
8675
7755
8759
8174
7468
7589
8774
8365
8812
8600
7913
8127
8952
7455
7794
9279
8633
8133
8104
8551
7953
8676
9012
10728
8461
8418
10887
8307
7400
12731
7878
8653
10149
8072
7817
7813
8616
8138
9716
7593
8451
8543
8697
8728
9408
8507
8755
7850
7893
7382
8384
9181
9215
8615
7970
8630
8658
11123
8621
8487
14281
8173
7623
8938
8635
7776
8353
8127
8303
8456
8246
8101
9310
8821
9250
8433
9882
7738
8994
8613
9165
8329
8595
9253
8113
7797
8857
7514
9502
8234
8867
10020
8528
7701
11689
7932
8415
15647
8110
8458
8113
8216
7461
8525
9206
8061
9017
9757
8359
17160
11548
8170
8832
9714
9070
8458
11044
7278
7737
8695
9053
8656
7893
8796
8231
8614
8702
8815
8338
9301
8364
8211
8213
8142
9046
9474
7836
7782
9796
8194
11908
12040
9242
7991
8928
8125
8011
8795
8705
8776
7369
8897
8288
9203
9148
8773
7736
8441
8288
7353
9222
8851
8230
8800
8421
8035
8612
7752
8558
8095
9862
9369
8060
14485
8573
8399
9457
8614
7607
10260
10254
8240
8152
8223
9274
8543
8458
9013
8534
7794
8456
10059
8819
8172
8942
9919
8433
7571
13981
8210
7989
11887
8520
7736
8703
8535
7744
7810
8056
7820
8449
8644
9240
10052
8738
8685
8840
8055
9233
7819
7771
8521
8472
8266
8425
8270
8291
7415
9743
10074
8618
7740
9124
8818
7761
9284
8597
7574
11731
8230
9509
9804
8783
9302
8396
7694
7921
10000
8774
8818
7915
8703
8355
7764
8028
8780
9267
9013
8153
7474
7347
8408
8679
8590
8110
7928
9151
8610
10463
10743
7747
9019
17392
7985
8671
10114
8552
9001
8677
9555
8306
7826
9334
9196
8277
7611
7575
8558
8092
8147
8272
8411
7723
8025
10013
8504
7920
10553
8976
9448
13589
8601
8415
8076
8128
8874
8656
7571
7469
8816
8852
9121
8337
8942
7335
8960
8663
8102
9032
9113
8264
7373
8389
8037
7995
8021
8736
8930
8246
7745
8985
8474
10860
8856
9938
8476
7827
13620
8041
9051
11460
9425
8378
8038
8916
8610
7959
7855
8737
8015
8676
8328
8749
7833
9075
9015
8416
9021
7561
9104
9174
10655
11123
9096
9320
11725
8014
7615
8387
8405
7285
10170
8355
9247
8501
8008
8261
7933
8979
8235
8568
7625
7982
8832
8624
9075
8556
9023
9020
7286
9401
15873
7946
10746
9199
9059
10486
8352
8839
9269
10485
9346
8158
8465
8942
9031
8665
8307
9625
9196
8375
8146
8112
8878
9112
7649
7579
8437
9369
8432
9437
8352
8651
8641
7705
8794
7798
12307
13103
8374
8484
8627
9207
8948
7931
8885
7781
8587
8391
9038
8420
7871
8739
11430
8682
189264
12358
7969
8894
8892
9017
7726
9179
8362
7969
8713
8220
9414
7719
8654
9745
17262
9552
8719
9314
8339
8040
8041
9189
8846
8003
8613
8179
7897
8915
7630
7771
7569
8267
9104
7719
7861
8663
8546
8356
8945
9027
8420
9180
9056
8778
8287
11591
8372
9409
12573
8646
8933
7517
8305
9034
9573
7792
8688
8053
8096
9158
8646
9034
7730
8201
7926
7914
8196
7574
8411
7815
8169
9339
8358
9092
8663
8839
8194
8637
8527
9302
9006
7951
14179
9278
7719
9859
7468
8512
9015
9259
8310
7829
8812
7708
7770
8689
7672
8348
7831
8381
8856
8194
7674
8554
9195
8003
9117
8200
9640
9218
7708
7497
8441
9126
9139
12612
10279
7673
8790
13548
8403
8863
9867
8575
7960
7751
8229
7889
9834
9154
8586
9600
8478
8429
7604
9214
9546
9280
9034
7721
9128
18836
7953
8814
11594
8439
9190
9117
9105
8461
8019
7755
7997
7609
8384
8799
7973
9467
8424
8445
10033
8897
7594
9935
8574
7533
12548
7572
8435
12234
8424
7569
10538
8943
8846
8549
8461
8109
9043
7569
8132
8018
7922
8222
9005
7867
7690
7861
8336
7717
9557
8198
8273
8817
7478
9219
8913
8688
7556
7913
10743
8523
8415
14492
9054
11334
9138
9007
8594
9000
7975
7467
7984
8170
8112
8410
8256
7961
8186
7455
8519
7774
8070
9236
8206
9151
9061
8655
8442
8569
8464
9636
7552
7646
8683
9169
8594
10407
8347
8555
14014
7956
8219
8856
8209
8026
10042
8115
7661
8605
7773
7728
9454
9393
8866
7610
8596
7838
8792
8700
8158
8594
8652
9061
8600
8878
9197
7783
8239
8814
8962
10415
8475
8806
17824
8516
9741
8859
7468
9424
8025
9990
8857
7744
7929
7783
8962
7994
7641
7837
194681
7658
9033
9126
10085
9623
7708
9443
8316
8208
10207
8746
8841
8415
9302
7905
8391
7682
8521
9026
7813
10580
8025
8969
14015
8605
8307
8875
7830
8404
9938
8104
8376
8887
8531
8892
8705
8856
8513
8138
7922
8071
8002
9020
9177
7493
8597
8635
7853
8527
8458
8928
8085
7713
8117
8468
8844
7679
9765
8777
7432
9188
8380
8015
10910
7348
8807
10513
8294
8484
13061
8261
8295
9637
7485
8553
9578
8540
8664
7827
8478
8128
8427
9237
7787
8153
7921
8989
9345
8712
8348
7827
7591
8093
8845
9206
8682
7692
8056
8271
8193
8082
9297
9288
9884
8974
8920
17343
8135
7673
10465
9129
8759
7615
8408
9772
8103
8892
8773
8010
8425
7569
7605
8445
7969
7687
8349
8507
8767
7815
8693
7753
7937
7870
7733
7490
8126
8584
9306
9389
7410
7773
7831
7706
9610
7885
7875
8003
9039
8251
10031
9285
8412
13974
8333
7835
10065
8418
8574
8641
7691
8276
9591
8687
8737
9300
8108
8661
7369
8041
9267
11111
7695
7574
7615
7292
8762
8068
8242
8081
8108
7756
9026
8864
9232
9168
8411
10343
7932
7338
13632
7996
8377
12078
9355
8980
7753
8177
8745
8246
8603
8174
7590
7764
7874
7705
8997
8795
8514
8421
8637
9198
7988
8247
8376
8253
8327
8274
8158
9305
9258
8647
8810
8558
10788
9205
8814
13912
8633
7466
8780
7775
7792
7785
9258
8353
8588
8317
8366
7605
9016
8795
9819
7814
9286
9026
7570
8165
9118
7977
8300
8550
8174
8742
8856
10683
8600
8260
15290
7988
7931
7841
8194
8931
7317
7615
9489
8338
8885
8202
8787
8628
8134
8871
7790
8728
7293
8971
7704
8374
7816
8650
8535
7648
9161
8018
8495
8288
8409
8015
7556
7484
9239
8823
8398
7564
9459
8278
8633
8497
10240
7969
8197
7771
8553
7828
7535
8107
8941
8248
8565
8254
8846
9015
8815
8261
7733
8798
7693
7753
8247
7809
8895
8062
13420
13997
8456
7527
10877
7935
9276
13938
9046
7779
8785
10281
7626
7986
8030
7529
8220
8909
7952
9290
8271
8891
7552
7801
9190
9538
9137
7878
8985
7323
8015
8400
8434
8511
10439
8338
7583
7930
9270
13369
8827
8618
13021
7401
9003
8638
9041
7977
7780
8569
7617
9315
9222
8553
7724
8202
8426
8678
8315
9201
8852
7892
7483
8866
9050
8138
8483
8140
8185
8654
10546
8943
7962
8958
8804
8639
12767
7584
7645
15654
9214
8399
11741
8402
8184
8267
7952
8209
8574
7841
7697
8980
8312
9132
8837
9924
8054
7944
9487
8196
9183
14125
8223
10692
7825
7893
8895
9181
8215
7813
8209
8456
8847
7492
7796
8543
8234
8167
7586
8174
7373
8043
7824
7249
8846
8032
7615
7980
9164
9204
8542
8735
8902
8647
10128
11094
8112
8436
9470
8427
8623
14291
10134
7717
7638
8405
8923
8625
8808
8794
8626
8996
7715
8527
9466
9463
7936
9046
7853
7986
8030
7810
7574
9041
10461
8506
9944
9998
8276
14580
9515
8249
7733
8086
8904
9455
9666
8040
8627
8461
8881
8482
7594
7780
9666
8395
8157
7666
7793
9033
8070
8634
8875
8399
7880
9302
8860
8930
8233
9226
8638
8620
9274
17626
8967
8549
8345
8010
7818
8630
8892
9439
7287
7853
8174
9256
7712
8102
7885
7728
8227
9028
8369
8389
8860
9094
7505
8142
8286
9051
8380
11520
8280
7317
11065
8211
8137
12685
8548
9350
8218
8302
7426
11674
9441
7976
9021
8857
8151
9044
7595
8198
8241
8000
8617
9112
8182
8026
8907
8550
8669
206901
15990
8262
8604
9600
10389
8591
8943
8419
7690
7504
7994
8528
8494
8789
8850
8723
7768
8012
8391
9103
9345
8819
8212
8897
8176
7791
8281
9116
8356
8743
10476
8410
7809
12306
8318
8034
15779
8746
8038
7788
8696
9108
8294
7795
8502
8052
8395
8428
8117
8158
8965
9263
8116
7921
7658
9312
9250
10259
10669
8391
8350
15041
8933
9066
7602
8074
7668
10191
7592
7973
8495
8143
7971
8454
9212
8999
8000
8353
7569
9259
8605
9332
7637
7574
8706
7977
7825
8034
8600
9132
8877
7554
7936
9054
7663
7708
9076
11127
9047
7682
8294
10302
8113
8841
14334
7599
8313
10616
7789
7753
8793
7572
7842
7716
8064
8047
8394
7800
9029
9201
7697
8264
9430
8823
8059
11682
8738
7415
7653
9679
8279
7572
8655
9223
7960
8084
8297
7747
8426
7908
7902
7826
9041
9200
11028
7728
8644
10866
7392
8076
13331
8512
8093
8312
7807
9005
9502
8684
8897
8344
7503
8676
9034
8353
9217
8671
7764
7400
8015
8635
8434
8851
8658
7562
8490
8462
9083
13062
15858
9076
9149
7577
8833
7894
17140
14240
9519
8222
7674
8646
9300
10023
8669
8856
8980
9653
9217
7738
8257
8417
9341
8493
7641
8780
7588
9187
8810
16739
8387
7601
8357
9624
9328
7805
7354
7674
8831
7953
8753
9057
8744
8270
8780
8020
8136
8849
8373
7596
7823
8271
8392
8046
8984
8405
8792
8413
7767
7591
23412
15724
8786
9626
8583
8794
8559
7910
9089
9105
9257
7364
7712
8133
8589
9008
8288
8882
9251
8738
11967
9376
7813
8364
8479
7783
8410
8331
8367
8699
8583
9177
7798
8205
8779
9055
14238
7733
8133
8359
11162
8824
9127
9280
12621
9059
8087
8671
9443
7682
7456
14874
9160
120445
9196
18487
7625
17000
13207
8308
9107
8678
9311
7763
8504
9088
7580
7809
8011
8397
8590
8141
7862
9061
8189
9047
9050
8038
7919
8263
13093
7572
8011
10434
8834
7542
8705
8402
8730
8444
7564
7594
7438
9092
7572
8805
8567
9139
9193
16955
8538
8714
12626
8936
7685
9329
19598
7874
8289
12517
8297
9058
9439
18485
8314
10823
13886
8993
8624
8632
17456
9006
8154
10099
8736
7558
13297
18046
8279
7799
7615
8201
8168
7402
8642
8713
7457
7729
7570
8147
8138
7582
8312
8697
8765
8963
9235
8828
7422
8738
8049
9901
8189
8599
10425
8301
9016
16945
9135
8794
7616
8364
7439
10837
9257
8024
8753
8613
8819
7949
8116
9126
8829
10128
8504
8624
14549
7748
8335
11346
8404
7824
8408
7578
7689
9344
9230
8796
8464
8202
9698
9928
7761
8524
14102
13928
7949
8658
11208
8679
8573
7593
7818
8837
8446
7965
8462
9011
8578
8468
7651
9080
8614
7806
7980
9223
8431
8345
7594
9242
8593
8720
7931
7632
8080
8603
8358
8546
7729
8633
8379
8679
11417
8598
8914
13865
9047
8169
9315
8782
9202
9085
7530
10498
8394
8220
8400
7608
9185
7753
7605
8470
8693
9235
8886
7762
7777
8034
9320
8993
10624
9212
10716
14619
8925
9042
9502
7806
8840
9627
8251
8230
8193
9274
8222
9411
8610
7789
8979
10443
9155
9337
13607
7573
8732
9738
9320
8528
8783
7851
8338
8262
8600
8964
7650
8031
7708
7597
8865
8697
9303
8678
8379
8219
7724
7431
8739
10642
9405
8063
7953
8053
8759
9855
7752
10000
12118
7325
8235
12830
8175
8744
8097
8312
8594
9037
8876
8128
9116
7808
8517
8572
9036
8104
8505
7721
8357
14192
9723
8329
8536
13795
8479
8123
12289
125766
9380
13329
7794
7878
8354
7512
17319
8680
9351
8922
8297
7832
8678
8605
8273
8241
8024
7778
7906
8167
8958
8666
8889
8702
8184
13468
8223
8932
13647
9021
8655
8554
7547
8494
8232
7911
7794
9516
8601
8831
8005
8694
8717
8051
8394
8374
7964
9064
7944
8794
8411
8856
8017
10111
8753
7627
8164
8411
8268
8687
7959
9101
10568
8493
7410
14048
8894
8799
9832
8730
7787
7832
8821
8051
7571
8036
8110
8686
7681
8303
8512
8213
9187
8923
8325
8066
7633
7712
8671
9582
7763
9201
8672
7960
7480
8568
8986
7612
10154
9569
7925
8202
9883
8356
7441
9198
7645
9028
13088
8099
8253
11353
7707
8438
8529
8417
8508
9355
7717
8968
7814
7892
8596
7696
7596
7872
7951
8621
7774
8897
9198
7753
7795
7718
8697
7900
9450
9207
7581
9047
8167
7759
9066
9192
8559
10067
8089
8160
9195
8635
9020
17002
9041
8450
7916
7436
7610
10118
8714
8187
8600
8951
9453
9503
8413
9476
11811
11943
9174
9025
10910
7907
8794
10063
7911
7914
7971
9236
8096
9394
7633
7327
9153
8986
8884
8371
7741
7951
7818
8830
8242
7567
7575
7726
7572
8178
7751
8116
9385
8380
7656
9197
8441
9357
8518
7794
9195
7970
8044
8571
8505
7914
8875
8554
8558
8602
10261
11717
7836
12891
8208
8379
8526
8719
7745
9285
9215
8781
8365
8778
8422
7487
9017
9150
10172
7851
9136
8263
7754
8997
7846
9046
7400
8635
10133
9238
8989
7868
9412
8615
7998
8231
8741
8656
8871
8397
8636
7820
7722
7629
7970
9615
8551
7679
7511
8969
9112
8261
7791
9220
8158
8511
7811
9244
8655
8955
9121
7880
17492
9044
8988
12082
8560
7751
8478
9399
8234
8369
7693
7720
7817
7449
9144
7461
8899
8101
8384
9064
11488
9549
7492
7831
8261
7859
9298
8941
8989
7989
9101
7590
7750
8937
8661
8201
8615
8322
8599
8231
8471
8625
8108
9397
7502
7671
8010
8256
8262
8862
8969
8819
8562
7933
9769
8410
9033
13261
7900
8649
13873
8604
8856
9371
8760
8630
7955
10009
8150
8130
7952
9360
8361
7975
8774
8296
9824
8653
8355
14143
8797
7338
10605
8092
8752
8110
8612
9153
8436
8200
8849
9700
8766
7682
8093
7389
8339
7734
8858
9214
7740
8222
7804
9434
8994
9124
9162
8456
8179
7686
7764
7953
7723
9617
8772
8439
9798
8925
9217
14559
8674
8100
8884
8615
7492
9389
8137
8265
8686
9338
7842
9773
7504
7738
8028
7687
7753
8377
8189
8042
8623
8134
7877
8807
8597
8599
9121
8494
7586
7532
8591
7738
7832
7906
7858
8878
8500
8092
7568
8728
8684
7682
7730
8657
8477
8682
7814
7776
8542
8740
8405
8737
8985
8113
8958
16255
7537
9217
8405
8161
8027
8111
7377
8792
7564
7929
8996
7789
8926
18681
13461
8709
9200
9421
8230
11552
8514
8235
8215
8227
8910
8700
7834
9707
8302
8744
9507
7597
9022
13400
8496
8622
9600
8669
8376
8482
7541
8809
8385
8743
8900
8600
8204
9527
8640
8410
8698
7751
7820
7369
8112
7752
8118
7605
8538
7653
8099
8636
7622
8938
7887
8272
8503
7719
8432
8407
8508
8039
7627
8577
7511
8123
8638
9244
8632
8702
8074
7515
8803
10682
7994
11012
8104
7869
29523
14449
7483
9202
8996
9115
8766
8268
7755
8388
7727
8243
8806
8905
7974
9873
8896
7530
9215
9647
7753
8027
9028
8030
8258
7650
8013
9220
7550
7590
9276
9105
7952
7392
9172
8057
8364
8446
8578
8918
7288
9898
7826
9138
17583
8527
8829
9097
15125
8145
8815
9360
8217
8964
7909
8134
8194
8605
8829
10095
7656
7279
8113
9051
9430
8864
7894
7781
7705
7673
8434
9295
8246
9315
8072
7327
10359
8382
9030
13573
8506
7794
8462
7721
7484
9441
8734
9334
9779
7984
9298
8469
8920
8576
7647
8133
7868
7768
9007
7578
7498
7505
8409
7902
7995
8600
8714
8108
7750
8656
7800
9233
8998
9235
8488
7389
8768
8424
7857
9119
7948
7633
8656
10349
9086
11193
7642
7503
10758
8400
8016
12315
8441
9157
9263
8655
7794
8899
8095
8052
7685
9392
8638
8039
8000
8215
12514
7993
7935
8256
7394
7813
8938
8209
9339
8076
7610
7550
7859
8359
9279
8779
8173
7989
7446
9856
9203
8691
9560
7816
8140
17690
9221
8145
10469
8075
8331
9201
8723
8455
7624
8722
7979
7673
8220
8361
7712
10620
9355
8287
10440
7996
9437
14523
7218
9144
9698
8161
8294
9515
9212
9307
7754
8587
7642
8187
7760
8231
7851
8533
7943
8437
9199
8726
8097
8976
8228
9139
9021
8593
8780
8106
8189
7887
10159
8137
8387
13616
8183
7684
13617
8179
8663
8036
7803
7929
7950
7987
9204
8470
9191
8218
9381
8254
8148
8893
8000
7739
9035
7978
9036
10633
7987
7369
9236
10685
8656
8121
12964
8105
8746
10776
7565
8497
9600
8234
8377
9590
8598
8930
8741
8995
8190
9072
7723
8091
8742
9269
8622
7825
9273
8561
10138
9480
8430
9207
14488
8307
8101
11138
8045
9396
7993
8414
7876
9484
8174
8632
8407
9400
7620
9112
7914
7871
8924
11707
7693
7290
8812
8054
8015
8528
7930
8341
11569
11064
8205
12384
8262
7467
9415
8403
8710
8286
8128
8412
8300
7567
8927
8005
8629
9070
7959
7882
8325
8650
8755
8465
9140
9079
9059
9111
7450
12912
8971
8972
8698
8154
7640
8357
7688
9341
8768
8458
7870
7953
8650
7933
8173
9291
8796
7747
9177
8710
8511
9302
8398
8835
14476
8571
9035
9447
9182
7741
9716
12689
7651
8837
11621
10527
7551
8975
8635
7779
8857
8798
8454
9032
9001
8013
8635
7968
9135
8423
8671
7837
7994
8199
8292
7616
9190
8482
8026
9440
8271
8096
11087
7782
7750
14099
7752
8856
8110
7964
8418
7950
7856
8564
8589
8179
8197
7967
8615
8835
9335
9212
8745
9292
7545
7656
7649
8759
8506
8196
8832
7444
8120
8065
7600
9020
8800
7971
7443
10137
7914
7841
7780
8676
8620
9241
22435
10351
8621
8845
8823
7549
7908
8164
7851
8732
9015
7863
8025
8800
7820
9116
8599
8812
8415
7979
9046
8097
7942
9275
8727
8876
7251
9079
8731
7953
9251
8160
7750
8221
8473
7934
8320
7850
8403
8816
7987
8331
7646
7896
8335
9141
8802
7508
8910
7594
8576
8285
9935
9455
7414
14428
7863
11575
9310
7651
7887
8215
8291
7956
18038
9769
8450
8052
12874
8823
8815
10882
7993
8799
12800
8511
8820
8003
8070
8871
9112
8736
8389
8179
9149
7977
8998
11189
9178
8774
13633
8596
8762
9576
8427
8927
8172
9420
8227
8770
9240
9480
8536
8688
9275
8143
12138
8187
8270
12937
8025
7870
10235
8138
9224
8130
9000
8887
9065
8381
8417
9376
7730
7569
7489
7613
8707
7588
7811
8726
8128
8015
8392
8299
7887
9279
8587
9440
7641
9237
10634
8210
7833
13764
8957
8851
9969
8987
7983
12521
8098
7692
7675
20605
8298
8986
9985
8236
7845
11442
7757
7850
9235
9068
7241
9892
8764
8606
9280
8592
9259
8613
7938
7487
9059
9404
8801
8794
156789
14122
8684
8963
13737
8092
9815
9080
7974
12629
8684
8562
10920
8834
8446
9587
7703
7493
7852
9108
9270
8412
8835
8400
11988
7385
7595
7610
7563
9235
9102
7711
7901
8959
8228
8191
8169
8290
9611
7672
9610
8860
8947
16348
9217
8696
8532
7825
7801
7830
9260
9803
7913
8656
8702
8536
9016
9165
7403
7738
8154
8383
7882
9220
8555
7613
8415
7217
8436
7584
8740
11790
8077
8834
11521
7607
8475
12619
8184
8600
8805
7787
8545
9690
8024
7579
7980
9173
8059
8269
8427
7926
10780
8536
7710
9015
8236
7588
8613
9196
7466
7802
9723
9310
7562
8881
9260
8041
10420
9194
7963
14866
7639
8081
10675
7915
8145
8691
7913
9439
7889
8861
8910
8091
8786
9047
7853
8496
7831
8097
8025
7914
7950
8718
21528
8150
9158
8315
9180
7882
8542
8010
7363
7774
7491
7465
8269
8564
8548
8312
8359
8717
8556
8871
7611
8387
9089
8370
8966
7594
9015
8677
9390
8906
9502
7646
9818
10392
8128
8361
14955
7776
8594
10262
7982
8094
8655
8238
8328
7594
8481
7764
7692
8154
8271
7980
7671
8215
8501
8187
8412
9119
7551
7627
8382
9217
7632
8229
8755
11658
7490
8418
9111
8533
9605
8450
8535
14043
8394
8807
8820
9090
9162
8803
7678
8128
8484
8407
9023
8323
8476
7892
8110
9843
8753
8534
8476
8799
8414
8044
8630
8973
8108
7975
8123
8278
8669
8139
8441
9314
8317
11086
8039
8297
12943
9044
7732
10864
8335
7974
8544
9331
7579
9040
9018
9143
9279
8614
8591
8156
8027
9194
8258
11214
8212
7990
9499
7800
7938
9714
7998
8324
13976
9553
9153
7787
8173
9046
7710
7558
8161
9421
8864
8678
8194
8639
9290
8785
9174
8428
7907
8194
8312
9702
8965
9130
7682
8928
11146
7910
9096
14824
8621
9356
8096
7930
8646
8789
8832
7933
8517
7883
8281
8622
8591
8818
8929
9282
8055
8765
7895
7601
8556
9080
9442
7934
9931
11164
8557
12794
9405
8216
9217
7672
7456
9099
8587
9019
7896
8422
7759
9245
8366
7781
10867
7943
8589
7950
7906
8755
8108
7441
7819
8563
9279
9035
8980
9474
8784
8335
8475
7627
8220
10763
10125
7917
13641
7875
8451
8593
8914
8819
8157
8527
7890
7991
8953
8498
7430
8138
9111
7490
9009
9014
7929
8225
8531
9321
8113
7736
8579
11119
7738
8242
8794
7914
12905
16748
8155
8655
8565
7912
7586
9902
8155
7671
10343
10238
7963
7643
7712
8708
8927
8068
9226
8411
9645
8012
9018
10483
9349
8456
13629
8537
8711
8856
8748
7603
8284
8600
8548
7831
8440
7813
8516
8657
9019
7985
8117
7902
7574
9016
8867
7820
9504
8327
7792
8108
10282
8733
8312
8215
8339
8915
7694
9232
14070
9277
7507
10682
7569
7664
10208
8794
7885
7774
8717
8553
7827
8782
7606
12753
9310
7974
8695
7784
7876
8100
8717
7964
8292
7835
7884
8715
7847
8166
8735
8486
8052
8676
9589
7551
8659
8357
7544
8322
9562
8246
7556
9830
9177
7352
14594
7398
8234
9877
8367
7622
8465
7704
8722
9316
7726
8451
10167
8304
8164
9579
8962
9942
7656
8571
7387
7452
9140
8494
7938
8855
7687
8340
8392
9000
9410
11073
8353
7467
16630
8154
7619
13557
7795
8198
7779
8636
8082
8737
8915
8736
7505
8417
8849
7959
7651
8907
7524
8475
8425
8086
9057
8765
7815
7779
8671
8246
7602
7921
8202
8580
8595
8554
11176
7943
8137
11500
8254
8517
12438
7882
7933
9712
8145
7595
9017
9820
7554
7685
8292
8592
8318
9035
8246
9517
8251
8653
8872
8131
9717
8383
9330
15931
8567
8628
9624
7767
8299
8561
8605
8733
9102
9373
8758
8898
8034
8743
10011
15046
7650
9020
10687
7753
8317
8270
9130
8841
9286
7339
8438
8523
8005
7536
9297
8131
8515
8651
9209
8726
9196
12329
7985
7670
10309
8293
9285
13887
8313
8175
8840
9580
7803
9071
8869
7614
8177
8156
8671
7546
7589
8635
7687
8827
8071
8161
8625
7814
8962
7779
8241
8650
7764
9101
8818
7515
8049
7422
8916
9122
8916
7831
9856
7671
8655
8731
9245
8421
9227
9220
9183
8637
9113
14078
8035
8448
10626
8091
8261
8097
7755
7830
8888
8798
7680
8774
8497
15691
7916
9612
9117
8732
17200
7973
9220
10680
8502
7604
7834
8671
8708
8694
8411
8639
7551
8579
8554
8256
8615
7485
8097
8126
8018
8113
8897
8952
8356
8039
8778
8297
10974
8178
8113
12982
7476
8504
10729
8620
8010
9779
8394
8413
9241
8470
8533
8957
9081
8958
8403
8202
8205
8811
8003
8200
7635
8108
8705
8072
8876
8323
8902
9141
7871
8329
9612
8117
7710
9801
8503
9301
14011
7693
8468
8595
10254
8584
8266
8297
7627
8385
8271
8441
9580
7947
8252
8016
8937
7589
7402
7825
8557
8468
8387
7954
7989
8950
7604
7286
7593
8319
8236
8225
8341
8712
8118
8345
7698
8987
8523
8164
7850
8626
9047
7555
8810
14497
14230
7738
7516
11161
7723
7748
8923
8435
9201
8171
29219
10849
7758
9238
12436
8745
8166
18176
10462
8278
8056
11405
7707
7876
27930
14552
9415
8556
7558
16835
8775
8933
8536
13653
8558
7577
8653
8071
20074
8212
13363
9219
8120
11173
8213
7485
8342
8748
9687
10289
8413
8683
7586
8994
7931
8992
101943
17269
7352
8789
7803
8062
8314
8764
8334
7844
8825
8626
7855
9125
8812
10659
9251
8885
12122
7795
9041
9381
8130
9077
8385
10367
9141
8660
8610
8964
8920
7533
8020
8709
8561
8362
9266
10040
8743
7534
10642
9455
8066
16986
8790
8341
8494
8619
8699
8776
8946
10658
8435
7933
7811
7612
7589
9257
7815
8575
8384
8898
9348
7579
8483
8347
8889
7944
8884
9479
7927
14064
7398
8853
9533
7594
8904
9622
7687
8448
8152
8153
9021
9358
7764
8727
8391
7861
8570
9155
8609
8312
12664
9881
8041
8425
13514
8399
9056
13477
8690
8299
7578
8626
7507
9605
8717
8276
8625
9563
8323
9325
9622
9092
8026
14377
7924
8035
10664
8235
7620
8237
8938
9233
8930
7923
11274
9337
7366
8434
8140
7897
8748
8408
7763
8302
7970
8764
8558
8496
8543
8822
8662
10756
8096
9251
16641
8537
8630
8629
9241
8016
8112
9217
8354
9369
7646
7670
7829
9420
8348
8662
8031
8817
8615
7507
8089
9255
7974
9269
7856
8866
9102
9142
10443
8323
8851
12820
8144
9235
7976
7681
7663
8779
8799
8920
7938
9042
7620
8012
8546
9447
8273
8113
8262
8000
8405
8272
7653
8112
8321
7262
9071
7252
7585
7545
8016
7891
8495
7816
8693
8135
8145
9533
8621
8073
7917
10165
7484
8256
8947
7520
7559
8433
8974
7985
8922
8591
8747
8058
9263
8098
10343
8455
7476
7854
7698
18946
8898
23155
8751
8259
8110
7872
8337
8488
17130
9200
9426
15203
7661
9306
9137
18507
7612
8082
11067
7665
9172
12892
15657
9098
7741
7613
8663
8509
10100
21852
8194
9446
9189
7255
8509
8435
8184
8005
9058
7651
19157
11559
7938
11702
8162
9242
8683
17240
17144
8708
7956
9541
9353
8951
120708
8726
7394
12285
9006
9195
8110
7583
9074
8128
8035
7896
7916
8293
9174
8779
7858
7682
8198
9134
8924
9582
7822
9646
8405
7369
9315
8790
8479
14533
9011
8436
8517
9056
8491
7771
7521
7958
9460
7620
7927
9727
8368
8195
8479
7852
7349
9697
8720
7948
8391
7915
9089
10544
8758
7771
8811
9264
7558
8878
9160
8251
8998
9684
7570
8402
14988
8638
9132
8737
9034
8429
7577
8519
8295
9030
8711
10021
8581
7649
8214
9019
9237
8774
8856
8301
8513
9117
9918
7509
8845
14573
9121
8287
8877
8599
9258
8235
9156
7650
7951
8223
8051
7887
7505
8995
7943
7644
7669
8957
9123
7805
7628
9173
7429
8051
8502
9676
8813
7932
8605
7794
9039
8933
8313
8593
8646
8870
7357
8758
8832
8444
8354
7861
9697
8944
9092
16603
7835
9189
10580
8897
8608
7577
8548
8222
7953
7637
8657
8375
13860
8498
9072
9266
7717
8050
8400
7627
8280
8653
9226
8307
8140
9182
9201
7795
8859
7830
7751
8719
9038
14153
13676
9174
8882
9363
8492
8359
8226
8886
9107
10794
8232
7989
7558
7852
8199
9876
9210
8692
9058
8614
8558
7721
8517
8265
8330
9719
7600
9170
14953
8034
7704
9553
8977
8834
9652
8947
7441
7834
7948
8832
7809
8357
8023
7779
8580
9200
8874
8769
8878
7553
7438
9197
8007
8813
7887
8364
8101
7393
8621
8522
7775
8125
10333
7557
8327
8456
8171
9336
8299
8220
8608
8763
8070
10329
10147
13939
9560
8328
10046
9222
9241
13259
8672
9364
7497
7497
7917
8486
8964
9039
8888
10045
7952
8555
14311
8499
8602
12830
9143
8177
7607
7697
9459
7421
7526
7843
7500
7895
8038
8362
8550
7886
7851
7791
8147
8068
8501
7810
8434
7964
199430
9608
8435
8198
7845
7915
7532
7640
8652
8354
7882
7951
9078
9033
8871
7713
8314
9717
8076
10706
8235
9014
16206
8776
8871
8871
8795
8394
12578
7769
8361
7956
8664
9113
7552
8748
8436
8206
10302
7792
9036
14787
9353
8694
21319
13045
8035
8662
10815
8828
8234
9319
7823
7751
7850
8779
8805
7770
8246
8177
7920
9358
7671
8934
9533
7917
8010
7971
7853
8108
7656
8932
8403
8574
7943
7388
8071
9087
7740
8126
8096
9220
8944
9164
8094
9432
7374
7705
10262
8833
8019
15157
7746
7714
10648
9156
9104
8377
8319
9021
7630
8917
8723
8076
8989
8461
8695
8540
8918
8254
8185
7589
9892
8432
8360
8490
8999
9315
7574
18492
8789
8614
10171
8415
8864
8440
11574
9297
7802
8647
9300
8741
10704
7273
9183
14083
7726
8533
9144
8573
8245
9668
7628
7510
7682
10143
8215
8174
7832
8389
8154
9281
9219
8392
8078
7815
8102
8331
8994
7589
8113
7473
9145
8105
8838
7685
8940
8805
7369
9056
7779
8748
7897
8733
9051
9050
9069
8298
10586
8174
9088
13589
8658
9080
9226
7771
9005
8293
9071
7963
8258
7953
9194
9251
10443
8939
8501
9713
8334
8122
9528
8066
8371
10481
7584
8932
14306
7712
7770
11035
8565
9185
8415
8415
8082
8533
8935
7974
16881
15686
7831
7546
11282
9033
7567
7943
9062
7430
8200
7909
8912
10051
7768
8061
8436
7950
7678
9259
8350
7645
9017
7823
8955
8367
8929
8196
9205
7503
8216
8258
7738
8897
9227
10826
8645
8991
14672
7333
8430
9459
8172
9430
9278
9192
8358
8122
7784
8717
7600
8432
10425
8567
7889
10082
8564
8771
8472
7734
9326
8666
8335
12900
8579
7704
12944
8373
8512
9001
7515
7804
7827
7788
179960
8128
7207
10001
10271
9967
8835
8767
7959
8102
8088
8379
9308
8175
8565
7620
8779
9179
8897
8613
7440
14947
8168
8840
10441
7471
8543
8527
9081
9571
7948
8695
8808
8550
9123
7779
8527
9569
8229
8260
7807
8178
9252
8487
7841
9887
9024
7584
7777
8997
8123
7996
8812
8638
8389
12397
7526
8892
12232
7953
8715
9367
7800
7790
7917
7684
8023
9016
8052
7544
10787
9219
7949
8725
8800
8635
8807
14275
8502
7174
15906
7971
8630
8994
9133
7705
8394
8840
8175
8943
8095
9073
17223
10807
8357
8901
8590
9072
7733
8823
8686
8593
7419
8482
8550
7743
8361
7292
8362
11832
8949
8597
13440
7772
7661
11911
8838
9258
8815
9415
9194
8652
7909
8564
8479
7548
7407
7994
8065
8805
9167
7994
7591
7814
8415
7715
8592
8476
8958
9184
8483
8992
8303
9996
8179
7810
14352
7189
8399
11695
8799
8924
8836
7514
8604
8843
9259
9183
8972
8168
8066
7789
8806
8899
8725
8036
9061
11239
8703
8856
8213
17484
8930
11048
16687
12958
8205
7825
11948
7604
9241
8989
8341
9214
8793
8258
8215
7728
8208
7049
8566
8876
8711
7984
9053
8485
8009
8618
7530
8315
7902
8949
9721
7915
8720
9369
8277
8276
8528
7737
8072
7873
7793
8206
7966
7332
8051
8374
8882
8584
8395
10029
8039
8930
9081
9603
8200
12191
8375
8470
10949
7563
9203
7946
7912
9217
8198
9782
7761
7957
8857
8757
7435
7995
8379
8527
9341
9129
8887
10769
8705
8100
14244
7972
9131
9578
9173
8081
9428
8114
7492
8312
7816
8492
7920
8753
7497
7983
8687
9578
8195
7943
7971
7752
9148
7583
7541
7921
8518
8256
7790
8009
8155
8553
7911
7873
8893
8598
8000
8026
8522
7879
194106
8335
9267
7761
9133
8776
9048
8733
9539
9925
11541
8574
8096
8148
10398
8660
7727
9111
8401
9287
12897
8166
7576
10194
7933
7594
9538
8832
7888
8700
8682
8531
8040
9060
8022
9151
8625
8508
9207
7523
9094
8957
8133
9203
8102
8634
8915
7824
8415
9461
8117
10682
8284
8012
13319
9189
9240
8523
8518
8879
7586
8265
7514
8723
8707
8112
9155
7986
8115
9114
8730
8242
7419
10572
8768
9201
8179
8005
7513
8499
8136
8134
8802
8293
9016
7619
7563
8479
7682
8918
8015
8817
9048
7749
8032
8351
8658
8934
9179
8328
13707
8994
8846
9396
9065
9020
9010
7808
8182
9085
8407
9136
8455
8646
8048
8254
7847
7591
8625
8508
7684
8727
8459
9212
8960
9495
7568
8461
7974
9000
9271
9383
8337
8143
16924
7815
8283
12332
9565
8273
8053
7939
8461
8395
8827
8428
7593
7369
8685
7787
7569
8959
8456
8846
8263
8696
8615
8297
8564
9788
7782
8712
8546
7650
7594
11117
8389
8256
15150
9374
8462
9056
8989
9355
8683
8358
9025
7803
7748
7979
8364
8648
9012
8426
8302
8476
7835
7554
7728
8579
8408
8637
9013
8409
7487
7894
8118
9036
10051
9030
7591
9626
13989
7962
8362
10282
7948
7904
8518
7552
8366
8046
8025
8210
9349
8093
7536
10085
7855
8320
8267
8933
8543
7563
8404
9833
8005
8597
8558
9479
7823
8532
8416
9153
9290
7747
8917
9001
8328
10736
8943
10086
13082
7793
7606
9210
8634
9179
8489
7805
7573
9282
7573
8252
7742
7830
7592
8068
7507
8245
8755
7491
8141
8562
8154
11476
8620
8469
8501
8637
7515
8134
9102
8994
8551
11915
9289
8344
8113
9892
8706
9193
12471
8084
8377
10369
7597
7989
9030
8818
8324
9623
7786
8739
7919
9034
10100
7944
9707
8589
9220
7897
9034
7891
8098
8063
7728
9359
8648
7829
8837
7833
8846
9013
17917
11329
8284
8362
8748
9369
7994
10015
9155
8753
7784
8319
8980
8974
8071
11492
8952
11324
8845
8439
11344
9392
8052
10409
8135
8459
8912
7853
8445
8721
8124
9175
8746
8390
7868
7606
8997
8823
8713
7477
9206
8131
7887
7790
8513
8770
8041
9458
10866
8794
8027
14123
9225
7790
9235
8174
8314
9300
8339
8897
8936
8593
7790
8198
8448
7517
8665
7569
8646
7933
7861
8905
8212
8856
8935
12965
10904
8316
9228
17749
8082
7922
14617
9608
8091
8848
9497
8798
8214
7809
7841
8584
15273
8106
9487
8277
8676
8777
11114
8933
7531
8912
9225
7713
9065
8271
8057
9603
10368
8194
7934
11819
7452
8638
12896
8200
8245
9041
7899
8269
7994
7612
7974
8603
8797
9241
8996
8820
8236
9440
8145
8646
8317
8215
8041
8032
7725
8552
8956
8742
7597
8151
8841
9466
8013
8769
7916
7708
10864
8678
8214
13435
8422
8514
8534
7891
9262
9254
8210
8996
9405
8087
7851
8897
7966
9138
8994
9142
7646
8856
9656
7776
7533
13166
8462
8147
17608
8977
9119
9838
11219
9177
8630
10735
8138
9043
14460
8384
9007
8410
8057
8229
9114
8286
7943
8094
7794
9227
8936
7925
8317
8476
8113
8389
7623
8080
8072
10666
7959
8073
7653
8493
8024
8983
8596
8478
7701
8458
7772
8589
9183
9199
8381
7652
8275
8317
10224
9138
8087
14020
8599
7940
10888
7794
8605
8301
7379
8909
8930
9223
9117
8611
7447
7714
8843
7956
8956
9227
10314
9020
7663
8819
8769
9175
10691
7574
8304
14008
8849
9312
9000
9232
7842
9934
8517
9425
8946
7900
8720
7671
7901
176316
8612
7901
8820
9335
8343
8305
7732
8695
7696
8497
7302
8727
8289
9379
7768
9154
8738
8566
8994
8959
8415
9014
8506
10161
8586
7560
10456
8270
9179
13579
8935
8401
8825
9238
8292
8112
10891
8739
7656
7590
9210
8047
8368
7917
8012
8001
9415
8395
8208
7506
8497
9030
8569
8395
8532
9148
9107
8947
8479
7752
10437
8727
8153
18399
9063
8269
7794
9224
7512
7651
7737
8487
8849
8032
8912
9194
8866
9112
7623
9926
8472
8060
10741
8888
8297
12734
8397
9174
10116
7988
8016
9196
8586
8209
10425
10525
9004
8743
8891
8728
8706
10964
8472
9262
14531
9237
7370
8030
8794
8523
8963
8858
8242
7825
9080
7833
8869
8618
8601
8378
8347
9260
7580
8949
8698
7467
7628
10804
9096
8275
8427
7611
8123
7866
8213
7954
8954
8974
10496
7959
7682
13753
7533
7945
10487
8928
8404
8214
8555
8899
8343
9852
8869
8097
9186
8297
7651
8463
9197
8450
8613
9033
7602
8465
8562
7727
8257
7528
9038
7497
8880
9267
7879
7758
8688
8311
8187
9395
8792
8345
8355
9801
8010
9487
16785
7734
8007
11024
7560
8713
8382
11304
7835
8446
9223
8424
8176
8195
8465
7810
9620
9030
7699
9523
8299
9095
14668
8586
8016
8237
8032
7911
8053
8184
8212
7792
8055
8974
8684
7729
7569
7549
8745
10082
8836
8631
8615
8668
8468
9044
8237
9318
8989
8208
9409
7799
8694
10235
8302
8596
15701
7551
8507
10358
9017
7584
8835
7744
8789
8195
7999
8667
9074
7472
8184
10831
8062
9096
8659
9015
8514
7338
8784
8666
8094
8529
8815
7849
7844
8737
8434
9018
8754
8525
10052
8520
8851
12563
8057
7571
10254
8408
7994
8412
8672
8136
9377
7833
8193
8466
8967
8153
9166
8854
8499
13140
10187
8848
8829
9255
14758
8452
7565
7904
7785
8384
8836
14998
8324
8979
9058
7906
8122
19619
10448
9331
7767
13448
7593
9156
18925
8815
8130
8411
8235
7771
8400
17099
7902
8084
12979
14510
7936
7611
11852
8574
8599
9092
8319
8769
8514
7757
9169
9002
8142
7346
9205
14641
8490
7763
8831
7877
8623
8368
10403
8694
8741
15242
7691
8330
9183
10738
8757
8152
16046
8414
8538
9969
9313
8294
9031
7974
8727
8005
8805
9044
9480
8754
8389
8092
8160
9195
7520
8193
8174
8478
14141
8266
7588
10753
8248
8738
14262
8945
7663
8867
9189
8768
8814
9035
8521
7351
10199
8506
7856
14338
8564
7596
9892
8100
8433
9158
8206
8123
8957
8836
8238
9020
8990
7738
7728
8886
7854
8800
8184
7821
8247
7867
8344
8633
8835
7959
7867
8127
8097
8212
9246
8429
8366
8693
7877
7320
9128
7910
13476
13737
7896
11666
8317
9280
9065
13310
8656
8175
8885
9553
7816
8984
8697
9090
8088
16764
8364
8451
10204
8165
7566
11341
8697
7974
7571
8172
8187
8776
8927
9419
8639
9718
9723
9457
12946
7579
7818
11082
9162
8169
9241
8675
8535
8906
8415
8368
7594
9338
7660
7964
7597
8495
8048
8226
8452
9149
8463
8834
8333
8424
9188
8060
7753
8080
8770
12461
8076
8571
12025
9196
7287
11748
8749
9162
9079
9290
8868
7452
8633
9161
11340
8614
8997
8478
7548
7846
8176
9032
7829
9263
8762
8021
7602
10470
7925
9020
19552
8619
7713
8411
7644
9010
7790
8717
8501
7905
8276
8343
8123
8196
8424
8234
8679
8182
8305
8707
8708
7297
9177
7454
8348
7816
8735
7564
8418
9243
8271
7990
9971
10723
16769
7969
8120
11366
8615
8169
7889
8557
67177
12048
7731
8837
8504
8127
12738
8851
9203
8375
7642
7781
9832
8655
9066
7912
7978
7674
8572
7836
8123
7960
10303
10008
8595
8712
7769
9273
10998
9186
7889
16411
8182
9241
8361
8208
8673
8813
8522
8906
8819
9195
8356
8130
7758
9417
7408
9035
8908
8470
10735
8469
9028
13897
9992
9169
7975
8476
8323
8085
8241
8137
9184
7685
9005
7932
8920
9262
7901
8042
9219
9100
7406
9086
7822
8210
8414
8094
7733
9595
8073
8480
8743
8003
9871
8432
8628
12518
8217
8514
12610
9309
7786
8013
8635
9046
9496
9009
8130
9258
8635
8232
8857
8943
8008
9105
7438
7423
9382
9280
8371
8841
9113
7907
7772
10734
7860
8990
13189
10005
8649
8366
8630
7542
8608
8338
8061
8411
7987
8265
8164
9034
7678
18621
12758
8493
8872
13841
8508
8930
7528
7572
8060
8151
8954
9063
7528
7298
8901
8257
8176
8420
8402
9055
7748
8876
7789
8431
8601
8087
8278
7824
7690
7741
16110
14285
8876
7866
9218
8124
8000
9860
7758
9054
9412
9400
8008
9076
7800
8969
9068
8201
8224
11527
9218
8241
8418
16586
7871
7487
9630
9766
8046
8268
7782
8832
7581
9237
7754
9438
8197
7277
7851
7720
8009
9037
8012
9174
8632
8429
8604
7968
8581
9091
8004
8422
8177
9018
9110
8870
9087
10744
8164
8894
13979
9357
8627
8620
8127
8533
8394
7757
8098
8925
9362
7877
7218
8636
7666
11786
7784
8107
8843
7889
8972
8581
9078
11719
8256
10051
8618
8233
15878
8055
7496
13234
7855
7499
7768
8618
9151
9165
8091
9527
7981
8903
9155
7479
7374
7378
9043
9003
9113
8989
10241
8995
7467
14941
7749
8209
9527
8754
8695
8733
7758
7743
8029
8042
8349
8065
8456
7594
193057
7552
8717
13538
8957
12921
7735
7651
8496
9323
7440
8179
8070
7923
12600
8915
8057
8483
8088
9641
8018
9016
9200
7838
13680
8389
7865
11528
8123
8254
9119
8064
7775
8061
8075
9233
8775
7201
8692
7734
9198
8603
7950
8307
8297
9059
8241
8197
8367
9058
7963
8018
7569
8323
8484
8841
8059
8707
7534
7560
7583
7605
7773
9261
9259
7942
9059
9184
8625
8432
8794
8154
8649
10909
8718
9010
12935
8695
9420
8385
8205
8202
10543
8965
8306
9270
7184
7635
7717
9080
8450
9181
7887
8230
8057
8676
8836
8579
13172
7940
7804
10080
8450
8644
15553
7573
8697
8880
8263
8355
8147
8076
8697
9738
9081
9307
8004
7713
8454
7562
8684
8363
8241
8753
8959
8767
9061
7612
7549
9017
7885
8834
9322
8035
9256
15200
8983
7816
9485
7641
7448
9240
9100
7622
9228
9196
7649
10110
8842
9057
9210
7844
7478
8572
7210
8177
7794
7809
8199
8441
8377
7957
9239
9020
8877
8213
9659
9182
8195
9294
8756
8263
13241
8525
7551
10625
8136
9107
9835
9496
8243
9004
8318
9365
8548
8310
7505
7622
7517
8445
8971
8256
8597
8801
7250
8205
7615
8777
8708
8025
8815
7440
7650
7870
8451
9323
8495
7615
8479
8520
8364
10180
10144
8254
8624
13527
8215
8550
9725
8182
9229
9660
8114
9259
7541
9753
8452
8569
8051
7364
7569
8939
8917
8192
9438
8798
7598
7763
7731
8463
7882
8476
10264
7925
8392
8385
8225
8378
7381
9667
7553
7822
10246
8487
9245
15094
8836
8129
7933
7858
7584
10825
8579
8021
8848
9236
8506
8846
8794
7605
9225
8468
8888
7995
8818
11324
7964
8825
8885
8917
13784
7591
8343
9256
8045
8414
11100
8559
8423
9187
8156
9116
8523
9157
8127
8394
8184
8594
8870
8144
16249
8361
7917
8876
7231
8599
8611
9238
8284
8933
8128
8604
9104
8355
9215
7725
8414
8414
7384
8675
9041
8829
9915
10080
9224
13863
8648
8573
9671
7618
7771
8163
8588
8009
7964
9052
9126
8234
8651
11148
8902
9165
8272
7933
7579
9037
7578
8415
9421
8574
10435
7898
9352
12628
8341
8880
9907
8495
7918
9213
8934
7535
8000
9057
8593
7657
8124
8153
8059
8124
8355
9426
8897
7877
8917
8817
8248
7558
8953
7965
7524
8776
8241
8829
9482
7901
7521
8792
8152
8912
9638
10411
8177
14369
9020
9458
9425
8289
7894
8641
8782
8395
8687
11055
9297
8669
7629
7334
7701
9302
8132
9115
8588
8767
8068
8033
8952
8981
8634
8175
7852
17490
8081
9446
10444
8111
7660
10478
7754
7883
9217
7783
8162
7755
8256
8932
8404
9706
8133
11694
10623
7499
8271
14823
7572
7835
9198
7395
8377
8859
8610
8574
9682
8121
8583
8898
7822
8768
8091
8573
8102
7800
7866
7806
9321
8697
11661
11140
10193
8768
9067
13846
8437
7708
8294
8220
7694
7895
9078
8403
8218
9019
8174
8251
9076
8334
9209
8905
8568
8189
7612
7558
8881
7897
7917
9348
10574
7815
9802
10054
7638
7351
9353
8033
8076
10167
8432
8161
13367
9097
8645
8177
8224
7670
12694
7905
9075
8797
9052
8195
7586
8302
8372
7872
8010
8164
7743
9508
7844
8210
8446
8453
7726
8810
9383
7802
8670
7964
7611
9599
7556
7653
9766
7451
9184
15984
7858
8928
10178
9232
8145
9027
8010
8263
8531
8482
8974
8620
8769
9115
8265
8254
7553
9350
9406
7744
8379
10953
8078
8226
14331
7747
9238
9458
7995
8504
8296
8697
7984
7663
8809
8631
8535
7931
7887
7853
7773
9241
9402
8746
7889
8812
8474
8973
9090
10001
8915
7726
8643
9123
7712
7542
8774
8153
8506
8119
7793
8230
8010
7827
7517
8057
7579
8798
7593
8282
8257
7917
8558
7854
8498
8005
7911
8056
9195
8446
9993
9667
9174
10533
7592
8047
17369
7768
8620
9844
8199
7776
8805
7853
8097
8828
8747
9117
8061
8456
9007
7780
8436
9184
8460
7490
9236
8302
7720
8912
9137
10438
7938
11808
12755
8798
8482
7473
8420
8544
7853
8252
7706
7663
8894
9323
7767
9077
7781
8293
8012
7597
9237
8569
7594
8375
9071
8684
8110
7823
8581
9093
8442
8715
10245
8150
8505
8537
9016
9215
7969
8510
8551
8815
12031
8699
9224
10841
8277
8717
8646
8138
8014
9110
7587
8694
9051
9034
7829
9097
8202
7940
7579
7639
7626
8860
8431
10292
7936
7529
7398
8034
8747
7788
8788
8738
7471
22784
10453
8847
8858
8285
9000
8682
7838
8188
9049
7506
9007
7871
7852
8146
8677
9112
7978
9020
11485
10640
9516
9339
16006
9234
7803
7751
8033
7758
9186
9361
8892
8878
7400
7636
7573
8560
7868
8349
9212
8440
8943
8638
7867
8364
8853
8382
7282
9075
8274
8035
10833
7991
7965
15958
8343
9185
9048
8632
8237
8531
8034
8944
8538
7725
9070
7859
8298
7579
9497
8789
7964
8433
7773
8941
16713
13892
7575
9064
8565
9451
8184
8066
9117
8621
8652
7969
8502
9410
7517
7914
8484
8595
8622
10271
8810
8779
8009
7605
7938
8401
8339
8630
7468
8107
7892
9205
11027
7995
9108
12973
8253
8753
10475
7596
8635
8406
8413
10882
9201
7585
7571
8324
8178
9223
7581
8397
7880
8077
7768
7631
8384
24737
8700
8450
9184
9738
8994
7584
10233
8062
9013
13826
7502
8838
194505
9250
7969
14110
8012
13324
9100
7599
10983
8932
8156
7520
14276
8575
21342
8800
14205
7896
7649
10863
7758
8190
8236
7714
8024
8187
8497
8516
12230
8177
8374
9247
7573
7938
9030
9110
7538
11025
10856
9046
8038
9593
8018
8235
20678
9443
8251
8507
8323
8504
8953
13948
7829
7702
14369
8768
8853
8766
8007
8054
7992
7952
9090
8368
7947
8039
8381
8215
8537
9140
8329
8400
8550
7856
8622
7524
8525
7887
7523
8179
8799
9139
9198
8050
8092
9388
7771
8994
8818
9261
9008
11069
8133
7631
9298
8608
8328
13989
8586
8455
9037
11594
9149
8698
7818
8800
9130
8333
8515
8491
7698
9244
8200
9711
7340
8790
10927
9369
8166
12987
8367
7395
11675
8696
9037
8577
11112
8817
8402
9197
9432
8448
8515
7774
8892
10462
9354
7517
17584
9111
7731
7768
8241
9223
8580
8873
7572
8623
8597
8358
9247
8476
8629
9377
9001
8049
7469
8952
8399
7589
8330
8422
9210
14631
7552
9769
9288
8210
8009
7964
8230
7551
8000
8573
9249
7488
8717
9249
7856
7835
8509
8527
8091
8553
7782
8277
8978
9060
8102
7853
7753
7429
8978
8856
8717
9098
8764
9001
8384
8897
9178
8634
8796
13910
9044
8575
9743
8922
8245
9060
7528
8954
8598
8699
9228
8041
9029
8274
8020
7599
8617
7774
8338
9311
8636
7807
7580
7592
8769
10482
8692
10269
8495
7990
12109
8733
7899
12815
8009
7712
9035
9213
8243
8657
8800
8800
9198
8925
7986
9025
8416
8857
8940
8076
8405
9234
7840
8191
8683
8123
10563
10020
13272
7692
8418
14164
8188
8809
9546
7871
7528
8891
8977
8804
9205
8181
7553
9292
8014
7602
9046
9011
7576
7284
8896
7472
8042
9854
7752
8799
9527
8297
161846
10541
10408
8613
9246
8475
9103
17172
8181
8831
9535
8535
7917
8442
8000
7712
8934
8939
9128
8119
8154
8872
8548
8829
7794
8590
8885
8717
8082
10442
8028
8071
15809
10264
8582
8018
8519
8547
7528
7730
9282
7591
8016
9208
7605
8699
8602
8482
9061
8958
7834
7733
7750
7407
7846
8169
7958
7871
7721
8246
7836
7618
9065
7869
9826
10210
8174
8969
8466
8880
8748
8227
8176
7817
8238
8210
9037
9213
8174
7578
8912
13407
8632
9495
12592
8025
7682
7788
8983
9415
8137
8392
9046
8061
7753
8779
8840
8625
8620
7636
8219
8317
8497
9593
8624
7379
8434
8679
8308
7848
8525
8514
8120
8621
8506
11064
8281
8971
14567
8697
8298
9175
7748
8932
8417
7793
7546
8640
8617
11532
9158
8435
7820
8213
8641
9095
7587
7901
9339
8211
8562
8032
7932
9915
7833
8892
8006
8602
9066
17647
8999
8815
9823
8843
8400
7792
7810
8809
8517
9232
7792
8773
8166
8209
9421
10084
7426
7959
8830
7796
7537
10327
9173
8576
14262
8504
9276
9389
8563
8137
8203
8758
8505
7979
8606
8398
7603
8802
8446
7829
8158
7691
7572
10741
8543
8388
9236
8507
7500
8999
9454
7756
8220
9109
7650
7523
8772
12461
13363
9066
8812
10317
9438
8497
8386
8003
8346
8057
9232
7812
9015
7768
7315
8456
9095
8353
9243
9802
8855
7726
11381
8182
9037
15030
9273
9150
8375
9102
7929
8494
8210
7543
8419
7733
8205
9277
8874
9049
7455
8333
8143
8052
7673
7953
8133
8373
8051
11159
8894
9233
8892
11071
8596
7863
14047
9562
10200
9054
9100
8320
8351
8574
8907
8597
9211
8252
8128
7984
8084
8153
8176
8736
11829
14285
8828
7588
12938
8885
8613
11666
8056
7590
202006
8252
7549
8028
8586
7956
11932
9126
9246
11273
7659
8131
9369
8014
7798
7777
9580
7692
7774
8273
8661
8461
7862
9955
8800
8175
8919
7770
8394
11158
7700
7591
7398
7820
7714
8689
8163
8242
8388
8252
7553
9186
7901
8663
8375
8509
7557
8979
7553
9229
7716
7495
9215
7774
9233
10267
7784
8221
9885
9038
8665
17650
7674
7753
16188
9980
7851
9078
9621
7501
9014
11123
8196
8036
11025
8262
9235
8830
8967
7620
8955
8949
9110
7764
8714
8565
9090
7603
8329
7688
8127
7859
7529
9977
8264
7602
15112
8781
9720
8497
7653
8726
8830
7953
8428
8554
7774
8071
8787
8980
7643
8811
8156
8866
7737
9088
7994
8591
8401
8318
9030
8294
8537
8401
8228
8041
7498
8189
7471
8228
8354
8189
8023
7996
9164
7562
9016
8433
7708
8818
8300
7671
8740
8549
7814
8131
7736
8144
9907
9051
8920
11535
9722
8002
12262
8173
8723
11035
7681
8217
8860
8742
7599
9400
7466
7922
8120
8595
8092
9133
8109
7779
7615
8215
9207
8744
9314
8005
8127
7512
8280
8573
8635
8385
9116
8385
8945
7861
11418
9433
7916
16421
8057
9137
8827
8446
8215
8230
8887
8530
8630
7788
9155
8099
7765
8417
7569
9060
7439
8548
7723
8127
8319
8424
7711
8869
8518
7468
7548
7610
7603
11112
7355
9295
8037
8744
10165
8172
14164
8639
7904
11208
8227
8222
9015
8122
7701
9625
8157
8057
8584
7933
8198
8158
8478
7710
9231
8000
8454
8363
8374
8302
9384
9374
8239
7876
8743
7602
8407
8194
8586
7552
7224
8149
7537
8676
7520
8171
7791
8736
8130
8976
9084
8420
8372
8809
8247
10784
8481
7630
15386
9071
8990
8584
7894
10467
8076
9088
9199
9260
8088
8018
7430
9368
7829
8243
7533
7836
10187
8643
8358
14653
8745
8271
8254
9059
8525
8292
8043
9609
7633
7354
8669
7600
9555
8775
11878
10517
7869
8071
10017
8765
8376
13967
7504
8605
11057
8241
8153
8893
8529
8856
8428
7646
8622
9215
9257
7271
8718
8271
7932
8438
8867
8538
7416
8634
8415
9190
8415
11338
7668
9872
7626
7531
10306
9082
8497
12650
8677
8987
8187
8435
8975
9021
7400
8675
8379
8974
8710
8338
7874
7879
7977
9501
8039
10649
8513
7819
8586
8958
7927
7930
8302
8571
8404
9863
7825
9273
11338
9071
8815
18731
8640
7917
8882
7650
9315
9039
7689
8770
7779
8574
9216
7833
9807
7353
8333
8758
7855
9245
14725
9080
8509
11769
7598
8538
9367
7615
8656
8527
7630
8319
8105
8207
8335
7671
7897
9169
7682
9746
8656
7576
8242
7646
8195
7795
8360
7663
8722
8444
8264
7996
8408
10339
8406
8835
7993
8070
9201
9160
9497
9037
8545
15184
8326
7725
8237
7550
7963
12898
7716
7586
8857
7897
7609
8823
8354
7802
8496
7913
8092
7748
8215
8005
9134
8128
8567
10415
8217
8624
7874
8955
8559
7601
7777
9933
8164
8410
8260
7965
8457
7756
7566
9336
7732
7656
9835
9462
8958
15085
8404
7298
10975
8846
7772
8416
8232
8810
8584
8331
8618
10632
8774
8371
8815
7379
9049
9299
9096
7620
9231
9272
7345
8429
12012
8369
9076
17892
8902
7405
9266
8246
7994
8258
7892
8168
8462
8835
7529
8625
7552
8764
8517
7791
8449
7558
7798
7811
7812
9015
8707
7705
9281
8348
8800
8763
8865
7829
8693
8685
7540
10061
8351
8264
14962
8003
8000
9764
8692
7368
8398
7785
8144
9261
8230
7914
8875
8123
9118
8251
7538
9340
8229
7969
8942
8789
9048
8628
8191
8348
7413
9466
9097
9096
7494
9040
17199
8621
8415
9264
7866
8650
8970
8838
8111
9923
10465
8046
9040
13856
8487
8073
11270
8011
8537
9371
10526
8334
7573
8954
9099
9294
9392
7350
8739
9378
8268
8423
8824
8893
8181
11041
8378
8713
12671
7504
8525
7841
7811
8672
9225
7624
9114
8254
8120
8226
8061
8500
7611
8282
8506
8382
9555
8789
8810
8942
9097
8746
8022
7962
7502
8502
7844
7575
7739
8546
9312
9260
7895
9175
8608
8551
8141
7678
8415
7741
7552
7679
7772
8055
7892
8205
8697
7782
7711
9120
8297
9047
8702
8420
9021
8413
13912
7787
8980
13765
8820
8824
7382
7789
9366
9080
8668
8454
8882
7693
8218
8433
7799
8112
7651
9008
8415
8372
7589
9226
7574
7597
7793
7774
7619
8455
7752
8897
7814
7965
8064
9005
8638
7563
7860
9041
8454
10023
7584
8478
9172
8032
9981
9265
7291
17328
8567
7593
11708
9041
9018
8179
9079
9153
8370
9097
8157
7623
9550
7796
7981
9630
9247
8317
14675
8868
7687
10233
9650
8920
8024
8619
8548
8301
9075
8721
8778
8345
7459
8535
8224
7795
7680
8392
7630
8967
8635
8466
7798
8976
7775
8087
8151
7596
7812
9062
8932
7693
7820
7898
8538
10774
8760
8630
7609
8958
7813
9504
8148
8152
11325
8551
8053
12730
8679
7601
9699
9226
8082
7834
8986
8199
9059
7741
8241
8574
8191
8082
7920
8954
9217
8031
10460
8977
8558
8159
7635
7838
8205
7607
7611
8337
9447
7409
8218
8205
8095
9310
8797
9057
10045
8997
7962
14502
8390
7611
9401
7967
8661
7773
8664
8792
8779
8852
8960
16258
17497
9825
9127
8233
8808
8597
9000
8148
8092
7974
8143
9283
9245
9199
8448
8051
7523
9034
8052
9636
8464
7548
9792
8200
9045
7835
9281
8200
7815
8357
9461
8306
7691
11623
8035
13901
8391
8045
11678
7794
8299
9305
7885
7625
8283
7912
7955
9107
8505
8031
8884
7807
8793
7793
7734
8483
7574
9253
8892
8879
8789
7331
8162
10534
9204
7530
8255
7571
8705
8290
7849
8912
8090
7934
10220
10062
8290
8010
18697
10183
7689
12832
8125
9056
8964
9544
7917
8256
9189
8092
9208
13651
8857
8861
8786
7975
8220
8589
8606
7998
7814
9236
7815
8008
8988
8441
7953
7442
7967
9190
8531
8011
7649
7935
8155
8049
8194
8533
9292
8155
8888
8105
8256
8059
7373
8023
7869
10577
7841
8351
9200
8084
8285
8330
7924
8812
8472
10317
8095
8860
11753
8737
7562
12441
8539
7426
10865
8989
8635
9506
8370
8119
7737
8744
9283
7797
8622
7289
8399
9353
7773
7481
7658
7810
8609
8930
7815
9117
7774
10750
7571
9548
8761
8015
10519
8307
8625
13342
7392
8292
10441
8328
7768
7520
8838
8424
8457
9197
9256
9287
8282
10449
8158
7471
8197
7794
9365
8668
8794
8625
7882
7598
7454
8108
7733
8526
9080
7574
9177
7942
8246
7975
7854
8841
9605
8984
8202
8254
8136
9100
11283
8108
8812
15625
8238
8136
9384
8276
8597
8817
7624
7984
8437
7567
7711
9716
8224
9605
7697
7725
8720
8378
8949
8539
7966
9053
7986
7939
8704
8538
8016
8259
8816
7444
8541
9861
7544
13839
8082
8440
8999
7788
7539
8970
9601
7771
9968
7752
7969
7639
8533
7651
7790
8988
9546
9141
8785
7912
9194
7319
8475
7960
7842
9157
8197
8999
8405
8223
8023
8089
8526
8975
8984
8446
10761
8797
8698
13947
7951
8002
9414
9234
7807
8716
9338
10302
8209
7775
8758
9035
7637
7975
8405
8702
8263
8711
9101
8198
9072
11136
8015
8778
9028
9205
13763
8230
8577
10319
8157
8103
8989
8034
9379
7290
8801
8596
8736
9219
9240
8228
7337
8595
7643
8369
8795
8369
7721
7778
7790
8737
9836
7923
8213
8176
7810
8990
7530
9176
25343
12783
8303
7828
8435
8393
7969
8994
8548
8598
7577
8126
8057
7652
9230
8174
8229
8739
8013
8983
8814
8896
7994
9198
7714
10440
7897
8749
7977
9039
8132
8288
7532
8463
8650
8590
7813
8619
8774
7942
7840
8764
8256
8174
9127
8535
7860
9259
8884
7734
16948
8605
8270
10231
8553
7700
10097
9548
8443
8284
8639
8040
8594
8789
8216
8614
9733
8832
9007
10030
7601
8347
14703
7945
9193
9434
8047
8012
8569
8017
8059
9236
8099
8909
8704
7323
8904
7485
9317
10651
8074
8626
7826
8276
9123
9287
8876
9095
8596
8545
13130
9271
7957
10724
8892
8321
7955
8646
7627
8594
8428
8832
8206
8377
8193
9296
8790
8831
7992
8092
8791
8841
8402
9401
8446
7562
8497
8566
8174
8830
8686
9562
8196
8493
9136
8999
7469
12833
9082
8506
10564
7437
8532
10663
8469
8437
7775
8839
7860
9005
7718
7526
8482
10101
7692
7994
9300
8335
8996
8095
7309
8772
7797
8338
8716
8273
7770
7564
8040
7828
12810
12309
7835
7655
15322
8550
8260
16984
12733
8127
8194
12213
8949
8893
16203
11329
8466
8751
9196
7651
7855
10113
8041
7569
14771
8787
8799
8641
7710
7693
11179
8075
8298
8241
7997
9077
9356
8630
7973
7753
9000
8885
9360
8174
7676
7559
7803
11258
8856
13032
7613
7985
16768
8365
8861
8087
7639
9128
8355
7753
7665
8512
8430
9102
8917
7431
8107
8548
8768
7737
8871
9229
8333
7836
174584
8600
9420
9097
7650
10060
8291
8373
9162
8465
8953
7589
8435
7439
7736
8625
7390
8591
7727
8809
8161
8667
8391
8634
8595
7390
8553
8195
7858
7516
8077
8810
7663
7776
8531
8630
8430
10168
8861
8640
9759
8547
8292
16211
7752
8015
9846
8396
9378
8394
8139
7873
9240
9408
8593
7620
8171
9518
8105
7653
8434
11108
10097
9112
9368
11938
9051
7811
13173
10415
9001
7692
8394
9123
7916
8492
8268
8025
7891
8098
8932
7661
7811
8738
8202
9306
7941
9840
8882
9210
13692
7399
8106
8579
9139
7938
11254
7980
8244
9470
7537
11260
8736
7794
8856
7413
8074
7656
8917
8907
8551
8958
7412
8409
8402
8457
7734
8425
10614
8261
7595
10035
8801
8402
14076
8917
7296
9250
7575
8234
10110
7874
8638
8425
8861
8133
8774
7681
8986
8022
8420
8322
8351
8426
7850
8057
8771
7765
8153
7861
8531
7821
7369
9024
7373
9179
9255
8065
8615
8475
9136
9726
7801
8705
10932
8917
8506
13818
7605
8592
7901
8889
7852
9266
7992
7528
9007
7619
7787
9251
7764
9480
9164
8107
7636
8785
8362
8651
8883
8943
7594
7876
8367
7617
7202
9410
8346
8314
7709
7740
8715
8576
8070
8938
8276
8172
7974
7915
7618
8220
7794
7744
8778
12792
8189
7355
9542
9230
8666
12312
8586
8973
7587
8848
7763
7804
7535
7379
9806
9743
8712
8410
9203
9242
7612
8789
7371
7600
7664
8434
8174
8595
9203
7613
8994
8990
8076
7969
8410
9080
8553
8132
8603
9606
8307
7661
11364
8031
8632
15011
9052
8297
8203
8092
8102
9316
8534
9041
8643
8435
7964
8422
7794
7652
8042
9264
7716
7693
7974
8187
7781
8273
7712
7947
8847
8649
7953
8856
8581
7736
8215
8117
8379
12031
9575
8680
10565
7884
9950
8246
9205
8834
8806
8224
7779
9382
8919
7733
8112
8517
8598
8400
8037
7863
8190
8825
7868
8879
7730
8261
7618
7648
8444
7699
10313
8206
8961
8825
8030
9307
7428
9057
15090
8643
8584
8803
9063
8539
8431
9039
7829
8786
8608
7627
9000
9237
7756
8671
8366
7989
8375
7244
9180
9261
8036
9249
7815
9864
7896
7753
7574
7665
7533
8336
7668
7371
9133
8097
7775
8745
7560
8974
7835
9182
8855
7974
7450
8535
7602
8145
8615
7884
7654
8511
8155
9058
7910
9207
8921
8258
17553
7750
8073
11844
9015
7922
9052
7898
7418
9147
8279
8156
8132
8905
8646
8496
8421
9164
7911
7843
9288
9213
7830
8575
7789
9698
8774
9066
7758
8404
8219
16254
8878
9456
7430
8692
8441
7837
7977
8021
8308
8190
9017
7451
7507
23383
9100
12078
8107
8078
8663
8102
7542
7904
8748
7605
8692
7430
8837
7756
9421
8613
7491
9425
8123
7605
8366
9227
8786
7861
7929
8477
11628
8189
7561
13946
8180
7804
7830
7984
8841
7803
8257
8105
8333
8784
21186
7515
17619
8957
8435
8788
9466
9305
9242
9502
8494
7269
7921
8902
20739
10257
7599
8472
8201
7743
8893
8587
11891
8332
9381
9116
8185
7597
8531
8939
8205
9230
7423
9115
8148
8550
7556
8982
9294
7752
7613
9471
8086
9005
9116
9187
8485
8102
13420
8659
9144
9266
8270
8431
9093
8697
8745
8337
8320
8023
7390
7596
9010
9040
7963
8859
7829
8190
9339
8327
7851
8899
8322
15677
8936
9277
8361
7953
8853
8635
7890
8920
8528
7782
8452
9367
7992
8977
7581
8320
9326
8718
8157
7699
8035
8601
8257
8179
9361
8849
7390
8432
7753
8849
9261
9394
9140
8733
8290
170632
9136
9181
9388
8835
9430
8913
9497
8953
9228
9035
8451
8465
8722
8287
9031
8189
7871
7690
9080
9401
9119
8815
10061
9277
8415
13555
7473
11381
8415
7271
9239
7916
7643
8036
8360
8919
7632
7920
8158
8637
8766
9252
8003
7384
9214
7685
8589
9320
7676
7758
7319
7893
7922
9117
8743
9230
9385
7261
7963
9056
9144
8723
8954
7575
7394
8983
8446
8609
10928
9204
8671
14115
8580
8571
9126
9293
7870
9276
8744
8415
8097
7995
8158
7674
9089
7567
7671
8896
7712
8791
7923
9678
8451
9434
8384
7805
9850
8359
8212
13830
8902
8070
8975
8160
8025
9220
7981
7794
8567
7916
8030
7358
8627
8000
8259
8024
8347
11507
7827
7636
7845
8908
8216
8412
9311
7520
7931
9160
8337
8112
8259
9214
8390
8393
8421
8866
9266
7658
8741
8750
8886
8129
7768
8403
7512
8235
8415
7727
11042
8590
8105
17333
8502
7903
10425
11390
9159
8722
7478
8698
7408
8369
7471
8252
8501
8456
7983
8214
7974
9208
8871
8342
7482
8537
8868
7707
9942
9502
8399
12328
7466
8799
10787
8443
8588
9581
8336
8764
8632
8020
8543
7836
8740
7628
8435
8329
8941
8102
9088
8552
8668
9383
8019
7821
8091
8200
7526
7364
8153
7559
7626
8777
7311
8313
7703
8071
8625
8654
8017
8646
7919
7410
8775
7814
8658
8965
7243
9218
8157
8416
7946
7841
8909
7191
8717
8415
8103
7624
8094
8394
8226
7830
7612
8997
8405
9233
8656
7357
7853
9621
8755
9400
12707
8893
8602
11679
7589
8631
7724
9470
7536
8224
7574
8280
9492
8538
9440
8266
7998
7508
7503
9089
7535
8012
8335
8269
8977
9208
7533
9034
8048
9146
8505
10039
7463
9235
7512
8700
9515
9730
8134
8731
16830
8995
7825
11216
7635
8049
8497
7715
8798
11144
7844
7320
7953
8625
7582
8014
7865
8782
7381
8231
8022
8195
9460
7900
7675
8400
9188
8102
8174
8014
7487
8633
8364
8538
17383
8088
8812
8125
8412
7453
10877
8508
9048
8393
7641
9194
7471
12832
8954
8711
8678
8007
8814
9278
7746
8741
7673
7830
15854
9236
13927
15618
9073
7645
9092
7314
9117
10819
23750
8353
8202
15882
8433
7882
10007
7615
7974
9038
7789
9717
8771
8172
9074
8941
8892
8703
8446
8911
8502
7795
8835
8989
7933
9287
7531
7751
14552
7415
8805
8603
7741
8829
10262
7951
9196
8958
7534
7700
9101
8925
8597
8050
8191
8590
7763
8875
9143
8061
7572
9913
9228
9436
8173
7912
13714
9086
8654
8015
8730
8633
7600
7655
7741
7319
8978
9122
7680
8540
8362
7672
7500
8677
8516
12835
7908
8971
8011
8167
9242
8095
16805
9418
8612
8018
8664
7939
7799
8135
7575
8215
8779
8138
9493
8687
7804
8677
10284
8006
7343
7448
8837
16124
11832
7833
7811
7688
8599
8147
8283
8123
8742
8896
13635
10165
7886
9056
8108
8487
9010
8013
8198
8956
8268
8193
9334
8421
7508
8143
9217
7871
9219
8709
8245
8020
9179
8634
8191
9194
7913
9123
9294
9333
8530
13075
7889
7564
10893
7686
8820
9428
8185
7579
8276
8986
8375
9209
8250
8349
8105
7940
8942
7974
9192
8831
7601
9018
8671
8953
8222
9158
8092
9035
7565
8469
8070
7660
7832
11289
7917
9201
10211
9072
9213
13573
8213
8914
8371
7652
7677
8530
8616
8672
8912
8733
7560
8945
7671
9538
7783
9140
8561
8320
8000
8425
8237
8964
7338
8601
7883
9240
8397
9461
8855
8108
10410
7809
8748
14117
8823
8014
8275
9257
122946
8653
7945
8722
8829
9577
7496
7649
9067
7646
8016
8560
7621
9020
7839
7642
7653
8938
7562
10035
8451
8379
8748
7505
8374
7360
8999
8457
8174
7845
7406
9129
9251
8331
7582
8869
8087
7391
8358
7897
8402
8528
8365
8928
8740
8296
8701
8701
10153
9344
9082
16041
7534
7808
10502
8210
9191
8137
7916
8622
8014
8399
7483
8405
9084
7347
7692
9439
8618
8756
9673
8553
7427
9241
9060
8565
10888
8440
8475
13256
8553
9097
8354
11110
8675
9429
7743
8959
7934
7850
9253
7867
9032
8205
7531
7637
8832
7952
8484
9426
7675
8071
8341
8589
8320
7513
8860
8794
8416
8183
7935
8430
7671
9254
9466
8659
14595
8169
8200
9903
8471
8477
9198
8042
8445
7910
7820
9043
8496
8735
8884
8771
9199
7664
8805
9224
8351
8997
8109
8748
7815
9076
8661
7987
10044
7811
8412
12256
9167
8074
13146
7969
8208
8391
7933
7605
8360
8612
8075
7605
8803
8188
8210
8353
8593
8933
7843
7639
8993
8651
7973
9209
8576
7245
9018
9123
9549
9217
8938
8735
7448
7809
8775
7725
9500
7458
13338
16400
7533
8405
10824
9003
8415
8223
8161
9317
7531
8251
9167
9051
9338
7784
9051
9000
8227
7655
9435
9145
8615
9895
9186
10836
10905
9343
8358
7851
8974
8205
8200
7634
8118
8254
7601
8386
9231
8986
8403
7997
8165
7592
8631
7622
8517
8397
7964
9322
7914
8413
9200
8674
8616
7338
9264
10902
7930
8927
9654
8193
8305
13273
7998
9371
10061
8403
7785
8000
7885
7830
9582
9198
7753
8354
8271
8718
7772
8506
8589
8941
7994
7780
8851
9442
9133
8857
8000
11334
7374
10177
8453
7794
9936
11407
7918
12871
8918
8678
8088
9153
7763
8374
8450
8370
8572
8463
7569
7684
8101
8181
8978
8369
11171
8098
7892
7877
8407
8479
9299
8117
8112
8039
8893
7311
8758
7789
8412
8108
7861
8617
19583
19355
8707
9204
9158
7949
8217
8177
8283
8109
8789
8004
8452
9082
7901
8204
8789
8516
7569
8566
9712
10818
8516
12597
7852
8228
8811
9144
9083
23289
8306
8166
8022
9025
9002
8569
8807
9256
7603
8490
7294
8047
7998
7567
7507
9400
8041
8547
8866
9278
8767
8317
8736
9235
8025
9899
7891
7805
9872
9445
9158
12296
7943
7898
10590
8914
8543
9215
7836
7993
9216
8881
7910
7850
8094
7707
8995
8790
8934
8454
8616
8631
7994
8528
8405
10770
10679
8394
8748
13257
8595
7557
10143
10050
8939
8425
7389
7834
9144
8157
8979
7919
7692
7633
8052
7949
9233
7772
7679
8376
8365
7787
8299
9352
8473
8452
8645
8557
8468
7733
7697
7974
8148
8630
9175
8908
9607
9010
9251
9625
7848
8692
10707
8439
11178
10660
8038
8035
8278
7809
8829
8888
7797
7334
9528
8496
8428
7753
8643
10520
8112
9066
9187
9070
9143
8114
8656
7371
8877
8801
9407
7802
8449
9742
9161
9218
16610
8316
8222
7690
8159
9244
7964
8825
8579
8646
8092
8011
8758
7790
7810
8727
9210
7912
8667
8703
9131
7546
8528
8433
8455
10290
7945
8486
14345
7863
7611
11828
9107
8859
8372
7625
8933
8420
8062
7744
9501
8203
8385
8216
8323
8785
7617
8233
7969
8847
7742
8322
7522
8623
8340
7943
8857
8546
8517
7851
7728
8747
7753
8675
7298
8258
8887
8456
11015
8958
7848
14643
8355
8700
8917
7528
7877
8755
8702
8871
9387
8828
7652
8741
8251
8157
8279
8824
7989
7583
7950
8294
7638
8196
8146
8269
8653
7965
9008
8062
8823
8172
8835
8597
8182
9601
8615
10088
13051
8374
8119
10921
8876
8292
8652
8161
8209
8464
7581
8364
8476
8966
8414
8164
9607
7315
8122
7571
8384
7783
8111
8380
7309
8543
8209
8593
7984
8985
8888
10001
8712
8093
14912
9825
9076
9479
7448
8957
7560
7502
9211
7915
8602
8252
8188
8796
7821
8188
9430
8753
7419
8955
8918
9674
9122
9048
8268
9175
7831
8476
7724
9300
8651
15102
8947
9800
9418
8859
7962
8318
8774
7319
9577
9201
9034
8225
7461
8594
7464
9160
8206
7596
8110
8039
8666
8068
8711
7639
8336
7781
7618
8801
8806
7743
7862
8679
9184
8440
8076
8738
7911
7920
8806
7446
8190
9281
10240
7884
8166
10051
7610
7712
9769
9426
9115
12273
8399
8974
8085
8743
8626
8468
9248
8361
8654
7794
7862
8717
8985
11087
9769
7491
8294
8655
8374
8894
8785
10382
8275
8595
18037
7676
7933
9082
8630
8910
8865
8393
8758
8896
8040
8636
7577
7990
8184
8400
8662
8352
8420
8883
9453
9050
10246
8750
8317
12884
8774
8535
9212
8102
9052
8813
7713
8087
8538
8808
7842
8449
8056
7751
8582
9240
9455
9005
8245
8280
7416
8455
8460
15122
15351
9194
9090
11370
8976
7743
12116
9528
9135
9045
22065
8797
8099
11056
8895
8117
8678
7901
10358
7751
23234
7886
8443
9189
7989
7805
9359
9006
10384
7400
7735
16473
7585
8712
10512
9041
7651
9537
21936
7676
8594
12313
8689
7904
9451
22272
7564
8201
16560
7695
9120
9017
9445
9148
7920
15790
8483
8555
7711
10694
9250
7984
9253
8747
8231
8356
13058
10389
8055
18092
10351
9204
9602
14354
9282
8346
8888
10442
8880
11189
12557
8407
8181
9635
8133
8173
13333
7769
7514
9087
8457
8445
7980
8400
52098
7852
7534
7613
7458
14927
9045
9258
8023
7741
7512
8000
8223
7572
8205
8613
7479
10168
9451
8489
7684
7788
8011
7546
8985
7810
7691
8685
7817
7791
7756
8414
9529
7966
8738
8268
7532
10153
8218
7546
8230
8312
7900
8677
7772
9677
8733
8935
9052
9236
7602
9221
8163
7833
9838
8841
8771
14440
8092
8610
8590
9128
8714
8483
8228
8641
9147
7569
7944
8843
7370
8000
8614
8074
8798
8651
7875
7569
8202
7370
8351
8153
8513
8190
7594
8117
7901
8535
9013
7485
8335
7435
7497
8425
8051
8345
9451
8676
7538
8018
8220
10115
9035
8205
9044
8239
8401
7485
8868
7715
7754
7632
8405
8833
8129
7570
8293
9415
7756
7873
8724
10394
8442
8804
18294
8767
8542
8688
8478
8979
8569
8291
7853
8460
8091
8469
9949
8239
8174
8838
8579
7971
8213
8089
8512
7502
10166
7588
9039
10165
7667
8158
13313
7773
7443
14014
7928
8973
9816
7769
7618
8901
8165
7726
9338
8487
7700
7618
8068
9049
7672
7829
8756
8478
7870
8214
8339
7923
7991
7632
7456
7957
8281
8782
8756
8368
9287
7393
8864
8353
8533
7839
17160
8556
7396
10698
8337
8872
9622
7708
9097
8278
8118
7665
9111
7820
7892
9399
8212
8328
8097
8797
9030
7418
8342
7993
8240
7691
9126
9203
7621
7642
8079
7904
8169
8128
8548
8246
9494
12830
8469
7772
14338
7830
8411
11067
8369
8162
9264
8328
7586
8730
9078
8279
9045
8411
8292
8970
7307
7808
8943
8669
7844
8189
8972
8051
8001
8988
8020
8812
10502
8753
8379
9133
8291
8985
17073
8099
7974
9692
7681
8923
8756
8884
7653
7810
8646
8811
8436
8712
8666
7561
8183
8281
8964
7833
8825
7530
7729
8285
9169
9440
8025
9920
9199
8231
8891
15369
9215
9454
16553
8841
7867
8456
7249
7623
7764
8153
7651
8794
7948
8399
10413
8478
9041
8593
7703
8641
7605
8053
8421
8112
7990
7822
10307
9297
9066
8627
8973
8545
7770
14842
8427
9192
9150
8511
7841
8870
7770
8605
9347
7653
9422
7855
8423
9275
7792
8173
8362
8035
8015
7723
8564
7704
7821
8275
9676
9251
7521
8851
8210
9390
8064
7975
7744
7811
9320
7885
8918
8089
7319
8103
7782
8784
7956
8357
7557
7885
8933
7822
8193
8251
8334
8051
8415
9208
8123
8275
10292
10052
8673
7713
11468
8544
7529
13339
8839
8400
7555
8615
8238
9061
8179
8152
9024
8174
8516
8210
9193
9097
8765
8432
8570
8081
8732
8457
8810
7834
7682
8282
8047
9942
9196
12233
8348
7498
12651
9173
8112
8509
8052
7153
9681
8502
7630
7800
7774
8157
8019
7647
8395
9047
8964
9431
9121
8152
7746
7682
22692
9018
8789
13466
8545
8035
8630
8007
8792
9102
9299
7761
8553
8211
8371
9019
8014
7899
8057
9497
8839
17167
7692
9827
8767
8583
15263
8881
7639
8376
8228
8347
7491
7969
9207
7914
8837
8839
9558
9286
8246
7960
19284
7757
8565
8803
9768
7844
8683
17985
8155
8563
9604
8613
8383
8557
14745
8815
8273
9718
8035
8675
12302
18913
9133
8073
9058
7811
9152
13770
7794
7519
11764
7569
7753
11179
7494
7886
8940
9241
9260
8153
8480
8015
8594
7900
8597
7489
7372
9189
7996
7733
7988
8250
8193
8844
9347
7858
7779
7538
8856
11469
8584
9784
8456
9360
10730
7383
10673
12391
9866
7521
8233
8053
7813
8933
8650
8620
8842
8125
8046
7717
7953
8740
7806
7666
8887
8124
7389
8336
8348
9298
8869
8312
8976
8725
8732
164985
16271
8989
7749
9600
8382
14554
8662
8061
8417
8613
7823
8765
8441
8030
9433
8043
8875
7577
8096
9327
9038
8576
7904
8015
7983
8516
7958
11141
9214
8010
8176
8900
8595
11041
8808
7568
15705
8686
7777
12748
9126
9410
8854
7383
7866
9126
8173
7615
8051
7702
7834
7883
9168
9030
9341
9972
7630
7847
10469
9226
8311
14694
9311
9130
8174
7592
9235
8790
8841
9210
7425
7400
8857
8795
7964
7937
8096
7897
7367
8763
7919
8442
7782
8415
8420
7326
8914
9010
8194
8602
8457
9227
8900
8262
7513
11308
7592
8217
9524
8953
8476
13482
7862
7768
8602
9030
9016
9415
8256
8766
8407
8137
8195
8537
8717
8818
8178
7575
20415
7930
13158
9221
9140
8902
8199
7535
8145
7510
7972
7893
9067
8013
7481
8917
8340
7894
8492
9037
9072
8043
8355
8986
8080
9212
10883
10404
7968
7651
12682
7955
9162
13174
8041
7541
10304
10603
8282
8009
7808
8192
7404
9035
7433
8888
8436
7994
8584
7926
8275
8524
8491
8906
8124
8776
9471
8309
9336
9061
7558
13502
8438
8399
11929
7580
7866
7914
8776
8175
10067
8131
7521
7884
7944
8072
9051
8273
7687
8880
8672
7728
7792
8271
8909
9197
7601
8082
8548
7450
7946
8995
9416
8367
11937
8440
8733
9071
15330
8473
9215
10092
7745
7589
8158
8935
8548
8682
7971
8111
8194
7984
8989
8263
8938
7379
8855
8224
8798
7646
8882
8236
7290
9219
9244
9242
8161
7743
9131
8256
8553
8416
10230
9607
7788
12493
7374
8092
13257
9083
9102
8987
8471
8213
7764
7600
8371
9438
9250
9450
8198
8031
9225
12129
10684
9199
8320
12415
9022
8025
13993
8523
8928
7631
9518
9646
8784
7810
7523
7810
7740
7856
8097
201721
7812
8434
10827
8113
15758
8941
9016
8400
7413
8112
8069
7915
8025
8642
8964
8731
9142
7930
7456
8923
7700
9134
8512
9541
8558
8810
9056
8994
7857
8350
8058
8007
8583
9043
8593
10231
8143
8184
9234
8367
8394
16928
9263
8192
11162
9072
19155
7529
13469
7527
8138
9322
8698
7671
8777
11450
8575
7789
8179
7820
8705
9298
7603
7639
7429
8477
8123
8033
8335
9047
8794
8030
9116
8487
7597
9222
8383
8861
7666
8569
9062
8237
9237
7236
8538
10071
8636
8270
13441
8123
7967
11283
7878
8513
8061
8694
9215
8674
7810
7535
8907
8575
8773
7926
7488
8841
7517
9118
9463
9073
9075
8245
7892
7671
9007
9217
10635
8349
8224
15891
8362
8071
8892
8246
9350
7632
7733
8298
8821
8579
8013
21800
15051
9180
8456
8852
8566
8786
8248
7963
8034
8210
8206
7794
9665
8003
8555
9409
8365
20761
8539
10059
14081
7505
8743
9671
8617
8333
7678
8054
8213
7931
8883
8614
8596
11501
7759
8143
8154
7907
9101
7863
8114
8476
8115
9201
8164
9437
8657
7720
9000
7734
9217
11955
9411
7818
12324
9143
7678
8165
7725
8741
7748
7294
9311
9436
8935
9141
8663
7572
7389
7801
7611
7674
8389
9035
8847
7367
8466
8391
9171
7711
8133
8438
7785
9150
7666
8865
8281
7641
8153
7863
9422
8780
8545
8581
9137
8580
7380
8857
7490
9334
8488
8446
9228
9904
7851
8488
17553
8642
7886
9492
8220
9253
8569
8565
8307
10662
7697
8212
8122
7597
7896
7773
8543
7556
8109
8920
8305
8094
8220
7615
8958
9418
8359
7870
7834
8998
7767
10734
9186
8068
7876
7832
8789
8084
8536
9376
7953
9071
8398
13907
9885
9253
8353
14431
8361
7552
7976
8015
8702
169267
8557
14383
8496
9005
8846
7673
10855
7624
7430
9429
8076
7512
11839
9022
8697
10607
8601
7467
10068
8774
8182
7796
7512
8806
7927
8692
8387
9200
7748
7445
8206
7639
7839
9205
9040
8917
8420
9380
9200
9117
9213
8376
9176
13899
9598
9226
9346
8641
7432
9157
7673
9665
8794
8236
9109
8178
8000
8182
7634
8382
8603
8837
8256
7509
8387
9282
8194
8265
7752
7290
7579
7702
9081
7780
9206
9255
8604
8597
7856
8764
9463
7789
9195
13430
9058
8276
14548
8922
8846
8353
7463
9398
7974
8439
9076
7908
9214
7900
9159
7897
8431
8702
9925
7835
8661
9201
8759
8288
10382
9166
7772
12553
9245
8610
10509
9420
8835
8121
8556
9003
8351
9236
8215
8112
8374
7735
8331
7613
8189
8071
9230
8088
7935
8553
7916
8258
8570
8041
8794
9861
7974
7563
9279
9282
7978
13977
9139
9312
10244
8578
8792
7583
8801
7858
9033
9153
9273
7789
7421
7702
8613
9346
8599
8211
9302
7311
8966
8717
7804
8398
8133
7975
8464
8868
8632
10891
9397
7749
10743
12893
8184
8955
8307
8466
7966
10100
8235
9036
7901
9180
9065
8198
8376
8191
8411
9662
9215
9218
10814
9110
8483
16230
8826
8791
9417
8956
9217
8015
8455
9061
9423
11103
10191
8605
12218
8147
8294
9212
8806
8005
8021
8208
8487
8216
8042
7912
8240
8404
8414
9237
7438
8914
9252
7312
7923
8844
7554
9036
8093
8041
8084
8745
8305
10259
9532
9391
8671
7181
7876
8908
7775
8967
7586
9203
8519
8813
8272
10648
9017
8898
8212
7839
9138
13299
8571
8295
8702
8868
7758
8378
8112
9818
7968
8820
8237
10087
9182
7995
8440
7704
11946
8938
12535
9097
9491
13257
9095
10769
8750
7612
9193
200377
9164
9437
10718
14366
8987
7637
9029
9241
8425
8619
7466
9930
8557
8220
14300
8893
7753
10012
8316
8857
8049
8001
8382
8424
9216
7970
8598
9222
8985
8031
7900
8147
8315
9205
8728
13517
11677
9487
8215
12744
9200
8261
9207
8258
8191
9034
8510
10794
7553
9216
7278
8000
8347
9221
8560
9019
8459
7436
9546
7762
8455
9159
9055
9511
10912
7888
8148
12340
8130
9953
8213
7421
8268
8718
9152
7579
8600
8438
7770
9377
8259
8979
9041
8072
7593
8163
8611
7933
8775
7593
8403
7641
8220
8877
9157
8192
9383
7603
9194
8277
7666
8492
8577
8082
7951
9020
8702
10982
8933
8013
16421
10683
8717
9041
8807
7600
8910
8355
8268
9641
8684
7814
7954
8733
9228
7266
10890
8957
9231
12759
8303
8275
7764
8432
9163
9839
8394
8814
8873
8010
9323
8117
7734
8678
7369
8579
8852
8608
8459
8569
8196
7373
8498
8337
8472
9017
9197
7573
7580
9245
9289
8917
7699
13785
8573
7959
13000
8565
8789
8279
8850
8998
8339
7795
7815
11562
9215
8626
8394
7693
8408
8288
8788
8605
8071
10304
7846
8536
9568
8598
8654
14577
8712
8476
9285
8530
7869
7800
8431
9144
7316
7612
8948
9578
7548
9269
9401
9097
7936
8758
9205
8953
10709
17426
7451
9156
9846
7589
8740
9878
8057
7452
9276
9269
9155
7984
8497
8123
8273
7612
7556
7951
7566
7316
8832
8032
7772
8564
8459
8457
8397
8696
8999
7952
9443
9194
7590
10247
8074
7786
14252
7980
8113
10829
7709
7953
8126
9030
8858
9240
8907
7744
9028
7835
9261
7601
7880
8518
8298
8980
8819
9210
9096
8190
8505
7372
8011
7539
8067
9252
10065
9328
7631
7863
9808
8381
7942
10510
9316
7267
13961
8525
8096
9079
8629
9338
8634
8876
7663
7649
8341
8187
8794
10510
7794
8716
10032
7606
7671
7921
8525
9112
10438
8666
8015
14198
8916
7635
9241
8807
8218
9304
8151
7771
8415
7905
8067
8107
8430
7622
8405
7772
7668
8173
9279
9165
7241
7766
8080
8981
8840
8092
8454
8211
8039
9089
9244
7849
11132
9121
7380
8420
9246
8895
7615
10307
7713
8058
9638
8189
9076
15744
8866
8044
7372
8915
9080
8544
7891
8128
9247
8426
7857
8597
8373
8274
7764
8115
7458
9517
8907
8169
7720
8573
7641
8437
9138
8901
7744
7794
7556
7727
8181
8996
8809
9023
9466
8537
10897
9710
9679
12564
8481
8112
8778
9276
9116
14742
10635
8335
9249
13487
8939
8762
8451
8092
7795
8441
7548
8613
8584
7659
8138
10884
8608
7767
9258
8959
8521
7730
8497
8979
8555
8126
8618
9140
8379
7875
7572
8532
8891
8127
8122
8451
7794
7551
7789
8385
7994
7581
8792
8806
8672
8192
7612
8182
8940
10667
7691
7521
10416
7867
8956
14204
9142
8676
9307
8497
7630
8683
9416
8111
8301
9258
7892
11996
7606
8782
8566
7603
8840
8838
9241
8199
8620
10907
8360
8966
16834
8835
8910
9891
8438
8107
8389
11527
8536
8210
9297
8542
8246
11938
7897
8185
13161
7844
9152
8963
8613
8006
7923
8737
7905
9214
12526
7923
8020
11485
7997
8582
8218
8756
7695
8637
7547
9244
8272
8012
7879
9379
7866
7913
7827
8333
8098
8619
8117
7864
7543
7609
8168
8120
7866
8595
8887
8974
8857
8646
9884
7648
8376
8035
7984
9051
7800
9015
8466
7571
8345
10993
14352
9154
8616
12123
8217
7838
11326
8396
8469
9123
9032
8454
8875
13033
9081
9248
12440
8496
8476
10569
8123
7820
8892
8503
208041
8205
11322
7970
8508
7791
7758
9447
8064
7915
9063
8226
8076
8104
7737
8155
7764
9437
7861
9761
8663
8179
10525
8600
8233
12502
8151
9403
10195
8251
8343
8754
9314
7506
9230
8315
9158
7494
8194
10742
8680
9222
7646
7763
7384
8452
8706
9440
8395
7697
9948
7466
8380
9146
8434
8773
14620
8316
7480
11128
9158
8292
8302
8903
8895
7474
9113
8984
8272
9088
8729
8121
8113
8312
9182
8287
8120
7358
9180
8164
7545
8149
8903
7754
7970
8824
8868
8166
8735
8191
7594
7796
8357
8093
8158
8175
7815
9168
7882
9835
8415
8007
9876
11072
8552
13690
7574
7735
11510
9066
8871
7759
8420
7795
9518
7922
7893
8948
7725
7784
7937
9401
9317
8435
8307
8064
8002
8944
8728
8333
9741
7454
7960
8053
8346
8977
9442
8416
8395
13547
7994
8558
9466
7678
9078
8656
8943
7406
8016
8538
7812
9086
8423
7712
7839
7784
8057
8841
8076
7608
8977
8826
8874
8609
8330
9229
7640
8597
8384
7608
7625
9110
8035
8258
7676
7888
7769
8316
8391
7816
7948
7802
8995
7830
8183
8613
8855
8009
8484
7554
8400
8815
7731
8521
8697
9314
8584
12746
8609
8476
14083
8271
8939
9218
7728
9051
8146
8473
7955
7805
8416
8312
7753
7474
8584
8485
8276
7835
9126
8797
7651
8917
8402
8327
9160
9139
9236
7908
10304
9174
8958
15355
8295
8138
8256
7555
8064
8938
8915
8348
8946
8477
8878
7941
7968
7478
7973
8490
8590
8919
8476
9158
8750
8353
8242
8406
8738
9025
8465
7767
7821
9195
9939
9121
8850
12531
8253
8024
14593
7418
7591
9338
7698
8687
9247
8760
7410
9783
8633
9093
8020
8082
8231
7948
7570
8073
8155
8121
8173
8820
8972
9091
7804
9011
8112
10825
9218
8203
9465
8085
7943
8447
8121
8414
8197
8470
9259
8164
8312
7692
8111
9390
8651
8091
7808
8674
7893
8104
8873
7662
7697
9205
9259
8447
8337
7607
11116
9932
8835
9350
7492
8037
14365
7743
8527
8508
7591
7523
10071
8456
7676
9185
8005
9189
7751
8208
9107
9348
8845
10015
9364
10368
8807
8057
13514
8055
8246
10712
9179
9504
8964
7715
8064
8495
9496
8609
8595
8686
8727
7548
7265
7581
7856
8272
8216
9443
7656
7622
7641
9143
9434
8508
8513
9422
7614
8661
9322
9153
9829
9323
8458
13598
8772
7820
9011
8590
7928
7956
7938
8838
8907
7816
9217
8584
8995
7846
8334
8718
7926
9220
7778
8835
7394
8065
8620
9233
7894
10179
9032
9074
8355
8457
10391
10070
8297
12235
7973
7865
10192
8989
8416
8435
9216
7853
8698
9031
8833
7817
8605
8035
8040
7695
7805
7640
9064
8131
8925
8649
7730
8084
8349
8152
7314
8112
9201
7834
7696
8487
7891
8547
8914
8916
8193
8479
7929
9550
7704
8661
9298
8518
8805
17784
7753
8658
10446
7936
8461
7982
8023
8217
8905
8838
8429
7615
7584
12406
8920
9587
8334
8839
9638
7417
7775
9415
8449
8791
11439
8696
8733
10651
8625
8346
8037
8876
8287
8811
8328
8104
8855
9000
8130
8890
9039
7333
7602
9092
8754
7984
7830
9226
8113
8989
8192
9232
8586
7710
8952
9138
9256
7755
9804
8907
8331
9486
7769
8076
13780
7531
8584
10197
8869
8143
8691
7524
8407
7929
7720
7595
8425
8390
8933
11160
8538
8837
7455
8257
9038
8729
8545
8856
7958
7723
7760
8014
7712
8912
7932
7649
8870
8616
9634
8430
8791
10408
8213
8112
17572
8886
8256
8412
8739
7689
9760
7955
7795
8036
8382
8839
7738
11226
8126
9277
8814
7934
8061
7784
8276
8336
9116
8590
10031
7931
8655
9194
7842
7965
9192
9292
8161
13885
8001
8820
10847
7965
7483
11989
8196
7490
7913
8436
9198
8331
8801
8009
8958
7982
9223
8802
9184
8653
8497
9978
8441
7891
16011
8134
7981
10699
8177
8408
8424
8591
8911
8384
7410
8989
8022
8549
8954
7493
7827
8150
9138
8643
8997
9021
8604
8013
7588
7750
8624
8150
9264
7842
8519
7671
7971
9151
7492
8711
7974
8224
8615
8892
10384
8322
8406
14220
7672
8515
9249
8337
7851
7871
8226
7726
9264
8481
8950
8789
8309
7754
9142
9296
8102
8107
7776
8245
8244
9035
7609
7728
9108
9094
7811
7723
7707
8535
7950
8552
10983
9727
8041
8380
9641
8811
8047
13729
9242
7533
8998
8815
7726
8389
8297
8507
8502
9195
7917
9015
8396
7856
8428
7404
7610
8163
9159
8579
7329
7712
8600
8162
9192
11091
9378
7893
8501
8075
9002
8569
9200
9629
7323
8697
16554
9300
9379
7864
7532
7532
10327
7775
8351
7974
8143
8421
8296
8764
8623
9278
8944
8695
9233
7788
9373
9707
9184
8984
8841
13550
8262
8984
10284
9075
8309
10965
8786
8170
7794
8497
7887
7843
7937
8477
7851
8145
7945
8259
9089
7792
8814
7570
7923
7492
8775
7609
7411
11541
9358
7771
7815
9380
8620
8217
8700
7711
9079
8046
8671
14469
8423
7759
11530
8482
7567
8017
9141
8076
9016
8846
7954
8338
9496
8123
7558
9053
8276
14217
12266
10560
7814
11675
8109
7962
8210
8236
8962
8048
8276
9230
8704
8009
7769
10665
7649
8284
8358
7800
8780
8928
7492
7579
7607
8453
8758
7750
8838
7810
7517
8014
8653
10445
9770
9313
7953
7741
7581
8298
7898
8269
8565
7652
8503
8344
9232
7895
7890
8486
8039
8692
7697
8235
9271
7984
8586
8635
8015
8805
7568
7904
8155
7958
9204
9482
7516
8115
9088
7832
7554
8263
11437
9016
7808
12876
8656
8338
7370
9525
8866
8131
11005
9478
8749
8735
8000
9315
7976
9280
7835
8531
16859
8801
7671
11795
8132
10781
8332
19497
7519
9238
11866
8355
8748
9461
20517
9051
8253
14325
8780
7916
7833
7618
8296
9386
8211
9076
9636
7803
8510
8765
8140
8590
7960
10195
8271
7439
9160
8482
9030
9619
7387
7569
9020
8413
8469
10129
7963
8672
15088
8150
8649
8282
8046
7676
9640
7766
8171
9559
9964
8611
8113
7729
7579
8605
7654
8312
8496
7596
8096
9830
7931
8660
8656
8106
8249
7379
7969
7588
9317
8328
7549
8230
8093
7719
8507
8911
8406
9230
7607
7383
9071
9151
7580
8070
9378
8441
8205
10065
7538
8292
10949
7998
7597
17022
9078
8615
8572
8895
7613
7978
7371
8666
8473
8459
7670
7783
7494
8436
10487
8384
8307
9038
8393
8592
7818
7990
7568
8535
8620
8698
8139
8450
8405
10964
10725
8017
7429
14229
8292
9035
9292
9825
9120
7951
9212
8456
9013
8612
8753
7881
7539
8016
8844
8012
8093
9031
7839
8056
7675
8027
7837
8954
8438
7616
8394
9250
9199
8567
9451
8036
8156
7917
8951
9300
9923
7903
7317
11384
8681
9224
11597
9397
7784
8497
8753
7794
8057
8763
8589
10543
8615
9353
7970
8699
7748
7887
8601
9778
8205
7728
8544
9587
8236
7620
7819
9579
8671
8625
12983
8287
9137
10271
8679
8126
9881
7947
7770
9167
8502
8228
8443
8419
8305
8882
7748
8451
8440
8805
9025
8268
7817
9000
7924
8725
8865
7543
8994
7668
8912
8625
8056
195402
7849
9177
8813
8287
9123
8399
8288
7533
7535
7642
9241
8917
9451
8011
8994
7704
7972
8158
8619
8103
9013
8389
7300
9230
8451
7733
10092
9008
8973
16432
8927
7707
11000
8434
9186
8430
7400
8634
8010
8250
8053
16906
8912
8153
8474
14128
8043
9269
7944
8722
8678
8148
9112
8411
9396
7820
8578
7721
8921
8705
8518
8079
8422
9054
8758
9241
9281
9340
9066
8539
13603
8013
7633
11575
7565
8042
8714
8113
8604
8699
7679
7493
9006
9902
8998
7548
9019
8564
7670
7560
7943
8194
8050
8145
9148
9099
8420
8133
8080
7577
8117
9176
8594
14137
14616
7605
8661
11143
8538
8836
11256
7981
7941
7880
8988
8226
7704
9012
8338
7895
7650
7881
9087
8826
8594
8712
8564
8675
8408
8189
10617
8577
10178
8007
8126
16492
9076
8546
9001
8480
7749
9430
8970
9112
7361
8436
7376
10247
8767
8997
8353
8561
9146
7695
9045
9098
7625
9528
8323
8195
13420
9412
8080
9229
7467
7587
9928
8644
8595
8284
7805
7992
7909
7662
9159
8414
8593
9040
12379
10218
8617
7709
7977
9134
8957
8439
7549
8839
10310
8593
7915
13333
7650
8743
12105
7836
8435
9343
9326
8413
8769
8679
9181
7992
9377
9243
8089
9075
8244
8982
10894
10524
7673
12871
7410
7887
9441
7676
7739
8251
8488
7495
9822
8712
7784
8837
7276
9127
8343
7868
9231
9016
8174
7358
9538
8160
8160
9038
7848
8151
8130
7981
8679
8437
7875
8845
7987
8415
7624
8615
8071
8125
9035
9392
8046
7935
8300
9261
8793
10934
8917
8694
13784
8519
8152
8886
7707
8437
8314
7576
8282
9173
8442
11250
7670
10223
9583
8179
9218
8721
8502
7692
7630
8976
7411
8764
7543
7441
8816
8413
7926
9029
9297
11831
8883
7771
12677
9323
8748
9223
8122
8014
8097
8615
8677
7558
9412
8338
7545
8143
9091
7995
7848
8410
8836
8799
7864
8208
9305
8489
8797
8866
8753
8576
8579
8975
8866
13487
8640
7760
12314
7681
7689
9091
7692
7512
9959
7569
7899
11189
8263
7960
9009
8435
8114
7466
8750
8777
8486
8200
8600
7787
9222
7974
8692
9993
8336
7333
8630
7635
7708
9026
8044
7862
7961
8802
8618
9294
8627
7851
9235
7796
8912
17351
8866
7869
8866
8338
8420
9203
8288
8589
9010
7563
8122
8153
7753
8836
8206
7708
7407
7841
7974
7651
8554
9236
8424
8647
9154
8293
8497
8086
8956
11294
8692
8698
8826
10498
8270
11762
11224
9175
8412
7846
8206
8251
8811
8979
8740
7635
8386
8054
8143
8761
8318
8692
7993
8938
9121
8299
8348
8450
7720
9053
7906
9117
9235
7626
7538
7893
8654
7712
9065
7837
7523
8523
8139
7547
8927
7928
9057
7742
8278
10501
8760
8157
15161
8418
7712
9141
7997
7676
10063
9689
7976
8608
7761
11119
7545
7733
8194
7670
8016
8736
8260
8415
9238
8042
7789
7493
9136
7651
8125
9000
7519
8475
8153
7673
8977
7789
8459
8033
8333
8212
8897
7777
8334
8847
7648
7873
8164
7591
7960
8858
8979
8415
8243
8623
10107
8533
8650
11275
8301
7689
13396
7706
9184
7992
7647
8247
9524
8448
7784
8868
8714
7844
8173
7909
9090
8133
9370
9381
7766
7796
9217
7453
9057
8283
8250
8426
8346
8169
8702
7933
8230
9699
8547
8254
14300
8856
8148
9655
8180
9248
8156
8934
7552
8615
8452
7781
7800
7593
7975
8669
8728
8945
7565
7877
8043
8412
9209
8492
8124
7613
8862
9159
7833
8174
9199
8201
8011
8512
7517
8740
8076
8045
8263
7661
8499
8522
8372
7819
7682
8501
8173
10660
7593
7979
7740
8717
8124
8723
7553
8594
8091
7869
9158
8589
7453
9010
8926
8527
7965
8383
8605
7841
8443
7932
14256
9823
8585
8615
13417
8973
7822
8876
8724
8689
7840
7789
7904
8559
8371
7693
11489
9072
7896
8231
8360
9251
9000
7325
8721
8314
8271
9127
8774
7445
7754
7651
7414
8243
9129
8856
9148
8611
9215
8691
8291
16998
9496
8958
8073
8514
7941
9168
7834
9056
8262
8372
9030
9115
8994
7805
9200
7892
8420
7855
7953
8291
8179
8864
9045
8399
9074
8280
9150
9080
9246
7544
18174
10045
7594
13068
8164
9238
8687
9362
7760
7830
9442
7728
8464
11868
7903
8488
11348
9362
8558
9905
8609
7393
9204
7773
8849
9180
7994
9146
7379
8407
7800
8157
9242
9431
7594
7353
8688
8194
9143
9283
8348
10190
7887
7892
12316
7795
7791
13563
8957
8399
8614
8174
8636
8695
8327
9107
9358
9225
9056
9138
8965
8662
8947
9230
10041
9301
14178
7917
7352
10524
9201
7809
9032
8825
7580
8534
7880
8887
8705
9075
7868
8370
9634
9162
8843
7580
7999
9411
8357
7641
7563
7812
8518
7958
7706
8137
7834
11125
7610
9019
10928
8635
8011
13319
8881
8032
12512
7723
7629
9800
8371
9254
8460
8736
8264
7357
8999
8137
9218
8947
8728
9497
9307
7713
8146
8827
9085
8528
14014
8316
7605
11312
7971
8527
8416
8276
7678
9635
7497
8328
8134
8043
9078
7380
8352
8257
8675
8778
8739
8273
7600
8634
8621
8635
8276
7974
8626
7424
8235
8579
8313
9975
13533
8953
7335
9540
8967
9172
13061
7467
7893
9298
9177
7611
9381
7957
7810
10102
8960
7828
8061
8764
9007
7992
7844
7556
8399
8802
9015
7820
8013
8980
8411
12296
8532
8760
7915
7435
8701
9354
8410
8979
8294
9358
8234
8953
7651
7923
8639
8266
7774
8428
8787
9034
8394
9379
8251
8536
8279
8821
9256
8619
7895
8083
9456
11130
8086
16425
7850
8216
8465
9309
8433
9619
9810
8339
8776
8333
8937
7860
10148
8695
7603
9905
7912
8341
14003
7753
8481
9539
8348
8615
8189
8543
7931
9587
9459
8398
8565
7775
8026
8273
9353
8833
7702
8312
9276
8448
8011
8828
8358
8800
8675
8420
7567
8999
9088
10719
7939
8504
11569
8333
8288
12153
8828
8090
8492
7889
8454
10595
9434
9009
8620
8375
7473
8704
8653
7585
7635
8111
7957
7779
7853
7648
8923
9124
8794
8317
8061
7800
9004
8835
8215
7552
8607
8677
8714
10597
9075
7889
16250
10182
8469
7770
8505
7910
7550
8869
7937
8399
8009
8835
8624
8398
7794
7692
8907
9466
9053
7464
7533
7444
8998
7791
8605
8918
9084
8292
8847
8843
8656
8372
9276
8366
15874
8230
9222
8431
8596
9070
11626
7851
8633
8198
8822
7576
8994
7820
7412
8542
9238
8313
9207
9441
7950
7971
14786
8967
7758
8375
8897
8154
7682
9147
8946
9237
8175
7513
8964
7912
8619
7458
7562
7773
7938
9227
8170
8273
7787
7986
8140
8276
8984
8314
8705
8881
8455
8878
8498
8251
8014
8229
9272
9753
7805
7977
10306
10229
8184
12194
9104
8915
8608
8605
8814
8681
7593
7569
12554
7632
8766
9206
8618
8219
8456
7904
7872
9060
8337
9245
7968
8734
8497
8021
8640
8857
8656
12071
10106
9419
8694
8056
8420
10183
9205
8802
9235
7377
7916
8062
7812
9139
7659
9144
7773
8524
7596
8131
7773
7610
8208
7788
9052
8014
8131
8656
8021
7751
7785
7803
8455
10600
8516
8628
8822
8394
9031
8212
12829
9025
7755
9723
7798
8605
7507
8350
7981
9057
7706
8299
8293
8415
8205
12410
7441
7856
9400
9379
9058
8193
7773
8215
10320
14843
7574
7629
12328
7945
8338
8329
8974
8043
9461
8335
7920
7973
8668
8278
8768
7998
11476
8981
7830
9192
7578
8646
7987
7989
8333
7960
8585
8024
7733
8718
8835
11284
8511
15225
9189
8641
9199
7215
7975
8503
9251
8637
9171
8505
7298
9255
9136
8497
9179
8257
7921
7704
7657
7514
8779
7620
8997
9502
8451
9176
9603
9122
9700
8287
8822
8314
9270
15729
8415
8393
8370
9129
7478
10244
8497
9127
8812
9257
8563
8386
8480
9193
8803
10070
8847
8129
12781
9194
8555
10939
8708
9267
9416
7997
9239
10145
8938
8842
7500
8553
7401
9230
7595
8174
7986
8017
7820
7960
9434
7548
8315
8733
7260
8494
7825
9133
7507
10099
9007
8447
11940
8825
7951
12051
8231
8231
8837
8594
8321
9520
8961
8800
12184
8092
8655
8590
7782
7655
7910
8685
7712
9143
9446
9077
7452
11107
9188
7548
13265
8554
8564
9005
8452
8800
9253
8615
8665
8380
7993
10509
8389
7338
8136
8071
8876
9269
8531
7701
8303
8528
7951
8815
9030
8981
8179
9793
9797
8214
9116
16648
8089
8897
7874
9036
8818
8472
8133
8343
8724
7521
7666
8534
8187
8238
8485
8558
8819
8925
8941
8359
8660
7318
9310
7602
9007
8519
8799
9851
7645
7551
9878
7782
9220
14362
7955
7662
10413
8029
8526
9467
8969
8786
8115
10350
7517
7715
8550
8495
7806
7769
8831
9057
7555
8988
8184
9275
7506
7816
9252
8252
9238
8191
9215
8339
10600
9194
8363
13245
7753
7720
9882
8056
8179
8949
9018
8625
8413
8196
7719
8422
10007
8794
7941
7705
7779
7766
16008
8005
9428
10755
7775
9175
7610
8472
8756
7779
7728
9241
7879
9085
8483
8557
8779
8906
8604
9587
7801
10066
10630
8547
7317
14495
9127
8212
11139
8347
7661
8031
8156
8880
10235
8313
9489
9051
7783
7716
8765
7485
7865
10499
7884
7742
8975
8172
7810
7916
8083
8075
8384
8380
7750
8317
10705
8059
8857
14367
7584
8330
11122
8872
8459
9009
8621
7803
8820
9558
7814
7512
9197
8436
8961
7937
7617
8895
8357
8781
8234
9451
8885
7909
10148
7841
8025
13907
7549
7623
12717
8209
8395
9544
8135
8558
8211
8175
7940
7630
8295
9178
14374
11226
7788
8051
16686
8580
8358
8671
9017
8430
9142
7664
7804
8523
8292
8123
11801
7873
8725
8834
8779
9108
7911
8206
8702
7364
7608
7760
7768
9103
7779
9400
9715
8818
9112
10482
7567
8020
14266
7556
8150
8192
8158
8261
9397
8271
9537
11000
7876
8390
8600
7979
7697
8432
8329
8192
8244
9481
8435
8313
13677
8789
8386
10371
8939
8568
9082
7830
8998
8568
8569
8791
8153
9226
8762
9655
8359
8206
9071
10041
9009
8808
8394
8685
7998
14729
8518
7770
9079
7553
8756
11105
8152
7400
8702
8071
7571
8042
7611
8919
7666
8394
9035
9234
8137
8208
9091
8785
8723
8420
8259
10828
7453
8658
7894
7915
9471
8748
9260
9028
9452
8149
16110
8672
8615
9419
7508
7694
8413
8297
7938
8035
7564
8554
9115
8121
8241
8979
7743
8359
7636
7710
10324
8758
7554
7723
8334
8356
8123
8336
9523
9209
9436
9459
7342
8653
10010
7570
8471
12810
9174
7873
11932
8892
9323
7474
7936
9301
7871
8369
7972
8211
8211
7421
9309
11051
9716
8928
7895
7702
7788
8700
8085
9233
194601
7635
9535
8414
8724
10594
9226
9065
12679
7798
8376
10363
8553
8085
7864
8135
8493
8048
9091
8685
8525
9040
10338
7605
8338
9413
9329
8495
8577
8971
10099
7960
7610
9489
9238
8370
13846
8652
8379
7800
8897
7975
9784
9099
7584
7949
8077
8889
9053
7842
8192
7553
9172
8614
8400
10332
7321
9081
7577
8581
7738
9102
7741
8631
8563
7635
9173
10536
7665
9045
11352
9010
8693
12210
8743
8810
8594
8166
8116
8636
7892
7682
8094
7451
7410
8541
10035
9399
8365
8224
7671
8045
7523
8361
8517
7977
9153
8042
7245
8123
8506
8139
8276
8871
7806
8476
9020
7553
9415
7379
7381
8354
8086
8204
9196
8146
9236
8066
8804
10483
9281
7563
10178
7923
8537
17405
8941
8973
9672
8329
8059
8625
8634
8002
9619
8970
8251
8969
8958
8952
7702
10543
9158
8458
13687
8350
9023
8471
8815
9444
8987
8563
8255
8445
9029
7570
7615
8311
7995
8311
8205
7723
9248
7550
8498
8482
7901
8426
8969
7824
8191
8760
10029
7816
8105
9099
7564
8539
8468
8051
8489
8877
8877
10038
8981
9236
8975
7810
8340
8200
7794
9546
9531
9212
11091
9061
8189
13251
9043
8184
8158
8493
8365
8596
8196
9243
8637
16191
8673
7908
9601
9061
8693
7764
8687
8772
8056
8653
7890
7973
7839
8128
7748
8867
8696
8733
9431
8710
8124
10894
8151
9183
14767
8997
7756
10118
9279
8978
7693
8403
9130
8128
8787
8539
8119
8848
8285
15537
12852
8596
8208
9348
8817
7890
11187
7384
8153
9105
7911
8224
9117
7773
7358
8850
8998
8864
7989
8715
8930
8482
8240
7760
8651
7702
8410
9362
7478
8958
8620
9058
8556
8492
10670
8375
7703
15569
7830
7711
11307
8054
8748
9881
193994
7651
10666
8510
8507
8858
8092
15617
8759
8441
8083
9522
8891
9592
8589
7770
7433
9082
8141
9322
10885
7798
12522
12056
8619
8634
9569
7773
8386
9990
7625
8093
8436
8353
9348
8050
8344
7444
7641
8466
8472
7692
8108
8912
7973
7733
8364
7790
9181
7610
8678
7865
8713
8956
8429
8885
7781
8527
7613
7976
7660
8805
8550
7619
9043
8076
10061
8712
8415
10309
8071
8497
13657
9431
9188
9006
9281
8168
8207
8899
8917
8748
9290
9459
8382
7806
8162
8271
8964
8003
10564
8466
8918
8374
12963
8396
7703
12517
8724
8177
8750
8797
8054
8030
7676
7972
7600
7741
8754
7586
9082
8649
8136
8618
9010
8385
9062
11273
8414
8406
8322
7801
9016
7575
8183
8046
7366
9272
10158
8915
7942
11143
9135
8195
14642
9082
8494
8958
7651
8205
7682
8718
8040
9728
8856
8364
7950
10121
8973
8500
10607
8856
8856
14295
9249
8774
9344
9231
8925
7256
8856
8513
8143
8824
9425
8323
7948
9215
8295
7796
8494
8869
8689
8159
8779
9942
7854
7896
11105
8938
8105
14303
8847
9119
8666
9274
9178
8313
8814
8374
8598
8432
9216
8158
8616
8638
8061
8011
8329
8633
8302
8393
7751
7673
8253
9205
8379
9128
8487
10861
8707
10639
12310
7913
7831
8548
8884
9066
8798
8996
8030
9158
8413
8253
8998
9082
9420
7859
8293
8724
9098
8732
8923
7538
7794
7776
8638
7747
7728
8250
7979
8036
9254
9911
8748
7787
9620
8896
7338
15938
8388
9405
9667
8234
7750
8885
8589
8738
8265
7812
9168
8221
8208
9010
9083
8813
8717
7635
9176
7665
9121
12317
9978
8442
10893
10080
8328
8852
9420
8404
8186
8425
8347
7712
7610
7916
8561
7582
8564
8154
8810
8675
8133
9122
8986
7641
8343
9193
9424
11809
8075
8841
8082
8012
8892
8649
8589
8339
8238
8260
8249
8630
8112
7816
8404
7619
8469
8350
7926
7872
8378
8436
9143
8376
8856
9200
8666
9220
7834
7548
7804
7625
8778
7563
7803
7789
7809
7379
8891
12026
7982
7764
9807
8227
7640
9527
8139
9016
16784
8886
7804
8964
8875
8394
8767
9256
9017
7794
7799
9225
8537
8427
7645
7889
8696
9326
9122
11213
8169
8215
14399
9504
7875
8210
9205
8970
8137
8235
8058
8609
9195
8601
8394
9110
8988
8457
8179
7953
8892
8600
7974
7564
8297
9136
8415
8865
7900
8906
7487
8941
7451
8216
9176
13668
12996
9022
8169
7810
8261
8125
8595
9488
8313
7869
9166
8388
8054
8312
8652
8222
8190
7797
8621
8532
7471
7559
8165
8160
8462
7886
7479
8213
9345
9097
8925
9137
8471
7772
7843
8484
8094
9056
9209
8042
9743
7964
8594
9854
8210
8185
14092
8726
7923
10190
8577
7604
9276
8419
7938
8488
8134
8805
8552
8126
8287
8739
7469
10922
7515
9249
8297
10196
7739
8433
8433
10381
8735
8804
16770
7731
8074
11492
8860
8940
8803
7460
8492
7939
9173
7515
9309
8796
7778
9263
8531
7970
8810
10008
7638
7605
9499
9093
8554
15174
7831
8733
8194
8805
7605
8775
8241
9097
8746
8580
8896
8880
8129
9307
7558
7705
7593
8866
7764
7965
8779
7893
8293
7891
8247
7673
9979
9097
7988
8877
8515
8671
8568
8074
8656
9451
10230
8611
7833
14225
8475
8492
11613
7815
7350
8981
7564
8669
8420
8350
8228
8624
8371
9338
7666
8441
8504
8600
8624
8692
9322
10659
9090
8174
15543
8610
8440
8542
8210
7788
8637
9332
8394
8250
8771
8205
9493
8271
7750
8179
9010
7629
7896
9258
7824
8816
8345
15632
9246
8351
7912
10187
7929
7687
9152
7829
8707
8794
7648
9020
8435
8218
8510
9103
8181
8570
9047
7843
8715
7743
7656
9376
7360
8283
8578
9211
8164
8911
9384
8605
8623
14790
7774
9014
11394
8080
7921
9339
8840
8346
8551
7733
7913
8385
7689
8130
8478
9484
7955
8835
8033
8157
8984
9256
7623
8698
7753
8675
7588
8327
8053
8492
7717
7920
8650
10902
7556
8999
13523
7543
8071
12692
7953
7591
8005
7694
7270
10290
9226
8730
7990
8210
7610
7580
8460
7809
10455
7512
8925
8640
8574
7969
7679
7672
7708
7760
9190
7571
8655
9334
8061
7614
8157
8428
7410
8943
8656
7947
7732
7904
7732
7965
7853
8101
7697
8487
8237
9366
8682
8615
7868
8707
7561
8247
9425
8466
8656
8340
8802
11215
7692
9060
17472
7986
8121
10445
9227
8482
8178
8588
7989
8042
8812
9045
8361
8859
9122
8723
9919
8951
7533
8595
8445
8598
10443
8620
7851
14337
8014
8974
8796
8577
7686
9745
8608
8092
8315
9312
9801
8875
7702
7563
8517
8471
8618
8128
7730
7720
8556
7865
8331
8134
7570
9185
8538
8805
8118
8574
7974
8859
9219
8696
7850
11498
13878
7679
8461
8195
8421
9439
9225
8053
9044
9482
8544
7595
7805
8671
8387
9020
8425
8920
7328
8986
9290
8116
8640
8775
8428
7413
7698
8271
9906
8128
9177
8845
7820
8235
13106
8607
9169
11265
8784
7570
8438
8548
8784
9728
8265
9170
8851
8390
8741
8789
7595
7579
9256
7969
8258
7804
9116
9045
7553
9117
7580
8327
7939
11817
9748
13848
8645
7814
11713
7733
8462
8756
7804
7841
9169
7606
8037
8061
8118
9820
8979
8665
8719
9056
8191
9047
8394
9064
8796
7953
9686
8996
9200
12801
8777
8184
9487
9052
10707
9338
7649
15992
8253
9358
9654
9150
8788
8302
8685
9373
8014
9415
9256
8214
7786
8348
8375
8003
9139
7579
8184
8707
8854
13984
8779
8778
9597
11186
8918
7789
9368
8710
8837
7641
8157
8707
8458
7533
8031
8180
8379
8392
7430
9495
8997
9088
7748
8401
9583
7974
7764
10223
9174
8492
11058
8430
8734
11763
8023
8328
10143
7555
8974
8882
8221
8347
8856
9061
8279
8956
7900
9379
9068
7936
8913
8358
7551
7940
8175
9088
9243
12594
14010
9379
8876
9269
8072
9241
12583
8689
8917
11061
10520
9036
8226
7828
8615
9024
14621
9028
7991
8409
8353
8502
7974
7576
9004
9682
9052
8844
7594
9072
8822
9349
8214
9903
7597
8646
7572
8881
9996
8948
8611
15268
7776
7927
9206
7887
8915
7904
8143
7446
9447
9338
9338
9147
7774
8954
7516
9583
8661
7870
8399
8415
8894
8480
8741
7892
8858
8861
7390
11156
7714
9005
14538
8158
8153
8128
9085
8776
8696
8683
8826
14520
9459
8579
8124
11686
7545
8192
8425
8656
8025
12879
7829
8838
7994
8281
7631
8730
9058
8497
7955
8134
7595
8896
8217
8740
7852
8715
11741
7685
8569
9470
8687
8325
7682
8043
8357
8221
9000
9232
8820
8492
16636
8443
8682
11805
9029
8169
8251
7633
8136
8774
8665
9066
7539
8203
7879
10207
8753
8098
7616
8589
7948
8065
8661
8107
8091
7949
8008
9269
7497
9296
8578
11099
7808
9161
14941
7445
8118
10902
8484
8575
9153
8813
7823
8117
8133
7866
8456
8888
7821
7914
7654
8127
7947
8253
9220
8793
8360
7572
8456
7892
8538
7422
8948
8006
8388
8387
7589
8022
7925
8383
7482
9315
7466
9129
7780
8646
8568
8059
8990
206496
17977
8988
8888
8262
8180
8479
7890
8396
8861
7640
9249
10840
9213
8573
7821
7610
8856
12493
7892
8407
10184
7759
8314
8420
7648
7773
8395
7954
7623
8957
8035
8974
9320
9194
9897
8989
7815
7663
8456
8833
8333
8871
8450
8173
9393
7594
8174
8413
7627
7996
8385
9051
8830
8664
8473
7667
7465
9000
8288
8815
8871
9179
7727
10093
8466
7899
8581
8341
8175
7978
9056
8632
8428
11023
8061
8833
14313
9064
9111
23195
7919
9120
8425
8226
8702
8072
8152
8572
8062
7927
8212
8027
9124
20729
9080
8192
8513
7799
8216
8662
9319
7770
9326
7976
7443
9238
8602
7647
8633
8378
9199
8174
8938
8117
9296
9180
9295
8320
10151
7878
8589
17343
8538
9249
9024
7594
7845
11264
8491
8835
10143
10071
7397
8553
14821
7686
9081
8757
8837
8052
9574
7803
7872
9210
8380
8175
8485
7876
8159
9437
7621
9270
8227
7754
7945
9238
8214
8394
8236
9259
8617
8596
7804
8706
9276
9296
7606
7676
10849
7663
8015
12174
7394
8106
14690
8169
7839
8256
8536
8484
8696
9453
7999
8251
8421
8474
7810
8043
8398
14857
13800
11569
8404
9082
7559
8615
8999
7440
7777
9204
8687
8959
8038
7951
8697
10887
8093
9783
9216
7810
8753
9261
9661
7970
8636
16953
7573
8381
10625
7312
8378
9456
8437
8024
9061
8748
7370
9056
8169
9090
9218
8012
8739
8517
7993
7582
8193
8684
9390
9240
8797
8151
8512
11006
8568
8494
12641
8383
9213
7993
7751
8328
8526
9268
8180
8266
7744
9056
8120
9223
8892
7680
8045
8907
13577
9461
8163
7790
9904
8075
8352
9601
7999
9041
12581
7715
8855
9012
9014
9023
9640
7991
7395
8611
7522
8550
8261
7567
8249
8142
8871
170388
7946
8616
12528
8456
8276
8069
8994
7697
7841
8423
8626
8551
9083
8933
8629
7635
9145
9189
12635
11465
8088
8301
8671
8945
7664
9244
8558
11325
9663
8309
8316
8256
9086
7905
9463
9308
8606
7799
10483
8560
7977
14152
8868
8743
9837
8871
7741
9197
8864
7923
7890
8967
7783
8234
8093
8693
7941
7747
8252
9664
9468
8816
8301
7578
8218
7611
8758
8502
8537
7996
7545
7531
8854
7789
8410
7674
7676
8809
8082
8535
8543
8578
7960
8615
10162
7910
10560
14107
8411
8566
9515
9259
8143
13478
9682
8430
8141
9548
9056
8030
7806
8665
8001
16740
8172
9493
7771
8577
8613
10468
9059
7776
9297
9358
8856
8217
9460
9215
7788
10465
9200
8866
13188
8358
7765
8536
7548
8301
8601
9236
8113
8076
8131
8541
8004
9231
8651
7740
9066
8461
7602
7558
8427
7764
8635
7563
9185
7697
7701
8374
8398
7384
8481
7792
7907
11573
8407
7601
8643
8538
8313
9146
8417
9055
7881
8528
7747
7650
7702
9205
7801
10688
7939
9000
9539
8815
8363
16349
8071
7928
8831
8224
8814
9104
7674
8800
7402
8309
7799
9031
8164
8292
7729
8236
7607
7703
8251
8938
7501
9274
7977
9302
8905
7856
7723
8601
7703
9035
7612
8107
8868
9078
7600
8011
9380
8350
8717
8658
8261
10873
12337
9038
8805
10243
8713
7597
8572
7814
9169
13420
7762
9266
8815
8876
8476
8828
8435
8714
7642
11030
8114
8374
17753
8919
8557
10223
7832
7837
9136
8496
9559
8078
12981
8367
8352
13753
8973
7673
9036
8805
8984
7410
8809
8378
8461
7711
7779
8615
8477
8772
8176
7855
7857
8790
8075
8461
8600
8413
8902
8997
7448
7763
9120
10466
7827
9265
8974
8464
8634
9508
8071
8647
13635
8553
8738
10751
7835
9709
9169
9029
8603
7984
8466
8619
8344
9009
7887
9132
7465
9118
7823
9436
8381
8280
9527
9823
8926
15469
8785
8579
10390
8290
9899
9184
9212
9035
8185
10247
8631
7793
9380
9399
8974
13463
9007
7525
8134
7755
8081
8614
7922
7873
8292
7854
9025
9252
8532
10805
7758
8815
8295
9121
8712
8985
8631
8482
7558
8014
8221
8584
8422
7889
7936
9232
10154
9512
7659
14661
8151
7308
11406
8800
8328
8989
8588
8499
8946
8871
8443
9483
7724
9241
9203
8436
8587
9212
8616
9224
8083
9355
7818
8835
14378
8996
8721
9494
7625
8402
9441
7525
9059
7473
9958
7881
7774
9264
9065
9046
7654
8386
8232
9446
8251
8232
7768
7933
8088
7788
8597
9229
7674
9107
8638
7388
9277
8517
8142
9086
9169
12279
8242
9227
14640
8071
8743
9118
8490
8235
8316
8771
7871
7652
9037
8516
8717
7637
7842
8951
8348
8114
9294
8132
7969
8242
8434
8221
7850
9077
7633
7920
8622
8169
8438
10100
8397
7594
9553
9270
8013
10865
7572
7994
12782
8590
8238
10618
9103
8677
8331
7933
8096
8444
8066
10209
7436
7799
8284
8705
9020
8419
9068
7948
9219
7535
8496
7801
9121
7571
8362
7993
8830
7580
8272
7609
8369
7610
8430
7980
8254
8143
9198
9262
8694
9297
8941
12271
8143
7567
11605
7490
9026
8264
8870
7893
9612
9028
8818
8435
8644
8527
8977
9428
8714
7615
7692
8157
7804
9084
8345
10090
9018
8596
9104
10776
7835
7921
13256
8066
8789
9384
9178
8133
8303
7892
8214
9107
9065
7954
9037
8583
9306
8508
8287
9257
8424
8157
8483
8394
7608
9251
9051
7946
8635
8216
7876
8740
9092
8962
8237
8518
16523
9334
8161
10179
7830
8733
8369
8143
8917
8894
8403
8121
9015
13112
10203
9384
8498
12995
7548
9351
9278
8254
9489
8825
8176
8090
8815
7727
7968
7595
8357
8859
7610
8173
9187
8717
8775
8056
9182
9178
8252
8252
10500
8723
8785
16571
9125
11010
7667
8436
9230
7571
9059
9141
8581
8837
7921
7752
9471
8501
8348
10560
8907
8349
13333
8469
7704
9981
8697
7920
8798
8681
9022
9061
8259
8612
9288
7957
9299
8315
8411
7906
8256
8380
8533
8168
8081
11442
9546
12484
8258
7855
13815
7856
7953
10005
8682
7608
8119
8674
9169
8194
7892
7374
7875
8225
9212
7849
8574
7574
8251
7944
7855
7809
8143
11964
7651
8247
9272
8274
8447
8532
8493
10097
8917
7758
9537
8117
8800
14561
8988
7568
9338
8819
8226
8892
8672
7585
7999
8737
8641
7727
8642
8133
8919
9081
8788
8227
8603
9506
7810
10107
9248
9320
10793
8385
8581
15627
8579
7769
10415
8070
7726
8264
8650
7717
7713
9119
9143
8478
8636
7694
9261
8574
9163
8548
9428
8979
7410
10666
7871
8344
9657
8634
8815
12657
7819
9150
10875
7616
8912
9039
8876
7712
7558
8906
8201
8000
8193
8758
8833
8285
8487
7824
8126
8815
7508
8288
8369
7620
7717
8014
9132
8142
7986
10697
8200
7812
8126
9106
8335
7659
7847
9317
8965
9332
7872
8912
10153
8634
8193
12443
8003
8885
10079
9367
7804
8834
8715
7454
7789
9298
8190
9392
9215
8214
7951
8082
9169
9212
8646
9325
8698
9535
8775
7584
9056
7564
7928
10464
7379
7995
11055
8269
8961
12030
9211
7654
8196
7792
8391
7784
8605
8919
8169
10277
7883
8638
8839
11188
8435
8756
8248
9143
7793
7718
7448
9244
8717
9184
8370
9260
8617
12676
8697
8625
13517
193200
8939
11235
8413
7695
8052
8959
9960
9343
7629
7690
8175
7953
8126
8542
8800
10419
9061
8973
7587
10306
8910
8446
9378
7874
8589
14963
9625
9270
8698
8665
8392
7806
8113
7897
7685
8463
7562
9313
7675
8412
7938
8321
8165
7711
8679
10124
7671
8025
8394
8734
7902
8106
8909
9233
8220
8427
8927
8560
7859
7702
7805
8531
9179
7565
7892
7861
9023
7835
10855
7294
7879
13105
8148
8573
12909
8412
8257
9605
8897
7792
7940
8172
8620
7575
8402
9278
8532
8601
8492
8281
8355
8524
8517
9207
8251
11292
9838
7528
7579
14269
7869
8051
9602
8212
8202
8848
7560
8515
8415
10081
8415
7851
8800
9213
7754
8358
8073
9069
7308
8636
8957
9381
8370
7723
8465
7804
8808
8799
8394
8536
7343
9076
9166
9048
9215
7609
10563
8473
8840
14854
9247
8994
9138
8398
8554
8820
8907
7952
9579
8357
7773
8692
8284
9210
17850
11207
8046
8600
7276
8455
7863
8410
8255
9476
8311
8130
9241
8599
8779
9106
10420
8237
8934
11610
14824
8035
7764
13538
9083
7969
8715
8328
8668
8130
8238
8184
8024
9153
8676
7682
8919
7964
8758
7831
8189
7614
7693
8396
7372
8302
8360
9515
8850
8713
8142
8076
9235
9046
9348
8691
8427
13975
8497
8828
10295
9056
8507
8838
9141
8264
8433
8335
8401
8052
8348
8468
7143
9105
8007
12887
8025
7953
8410
7975
7695
8035
9038
8655
9250
16996
8143
7568
10571
9191
8142
8282
8975
8361
8543
7610
8672
8131
8633
8094
7846
7653
8032
7923
8149
7879
8402
8036
8579
7577
7568
9016
7536
8133
8403
9336
8585
9435
8921
8180
8231
8947
9080
7555
8855
9892
8141
7822
14435
8560
8386
9643
8610
7573
7959
8840
9054
8402
9564
9236
8670
9176
8935
9048
8291
8671
9004
10123
17600
7957
7575
12536
8798
9240
8244
9499
8642
7789
9158
9239
7873
9487
7730
9302
10091
8292
7964
13964
7406
9077
9935
9051
8872
9218
8369
7516
8424
7954
8205
8638
7813
9379
7825
8045
8092
7624
7999
7755
8877
8030
9235
7912
8438
8998
7461
7897
8021
8555
8992
9456
8486
7984
9005
8055
8538
8467
8002
7554
8276
8623
9337
10620
7673
14350
8188
7509
12541
9153
8791
8292
8533
8243
7809
9169
8418
8652
8940
8992
8008
7980
8348
8433
8712
8144
7694
9360
7606
8774
8455
8052
8112
15579
8800
8633
11680
8900
7724
9285
7828
8979
7759
8190
8581
7646
8851
7830
9237
8553
8600
8560
8563
8900
8558
9005
7984
8015
9379
8628
7743
8914
8157
7764
7625
8992
8030
12476
8094
8891
16416
8787
8757
7759
7661
8608
8338
8658
7577
8326
8358
7593
9051
9167
8264
9260
8436
9212
7717
7712
8266
8619
7953
9067
7741
9262
8014
8559
9890
8542
8265
10232
7958
8871
13933
8383
9333
10124
11171
7894
8593
8735
8230
8954
7875
8364
8371
8450
8526
7831
9112
7769
7451
9156
8631
7840
7514
10323
8705
9595
8405
10070
13097
7993
8419
8543
7398
9278
9235
7774
8410
9033
8900
7325
7559
9242
8953
8600
8906
8439
8300
8250
8780
8854
7718
8437
9635
7801
9121
8410
10034
9199
7600
10940
8319
8655
13721
9173
8609
9419
8153
8651
8835
9080
8328
8895
7805
7917
8841
8475
8213
7964
9157
9657
9259
9504
9199
8854
17758
8240
8456
9611
8384
7738
9461
10259
8500
7853
8287
8577
8692
9134
7553
9179
7661
7884
8266
7732
7824
7770
8167
8925
7893
8886
7610
8334
8759
8605
8002
8212
8124
9008
10545
8251
9149
13181
9220
9261
9635
9225
8024
13414
14428
8684
8650
9487
9009
8532
7738
7492
7937
9364
8338
9004
8917
8292
8619
8210
8855
7716
9308
9381
9276
8005
8984
7860
8342
8482
8106
10423
8968
8474
8211
17574
9158
7847
9653
9558
7771
8309
7586
8796
8641
8983
8551
8584
7764
8027
9174
8320
9199
7991
8215
7729
8651
9881
7512
8290
9579
8118
8482
14783
8054
7412
12059
8626
8835
8797
8562
8283
7940
8456
8385
8981
9222
8634
13927
12001
9097
9064
12326
8090
8181
13173
7385
8422
7751
9202
8183
9443
9220
8466
8556
13355
7912
9084
13717
7662
7449
9539
9037
8171
8957
7733
8736
8433
9204
9158
9170
8158
11579
8892
9298
9381
8297
17252
8095
7717
11706
7625
7823
9998
9189
9276
8364
9390
8404
9029
8586
8215
9250
9989
9194
8700
14381
8169
8705
9406
7831
7760
8223
9070
8148
8369
8609
8517
8937
9000
9180
9033
8909
8708
8194
9114
7731
8306
7882
10007
8755
13635
8194
7810
11244
8450
9155
11365
7779
9136
7713
8909
8729
9195
8328
7903
8285
8469
7979
8212
8420
7812
8377
8456
8358
8809
8835
9324
9128
13482
9511
9053
8496
9033
9130
8185
7619
7787
9165
7830
8169
8245
7698
7917
8590
7508
8688
8514
8143
8821
7982
8947
8154
8629
7800
7833
8602
7782
9178
9275
7684
8025
8580
10342
7893
8250
8004
8153
9456
8200
8600
8109
9276
8190
8743
10120
8416
7621
9049
8617
7953
14854
8886
7547
8719
8418
9241
8192
7890
8419
9409
9049
9092
8779
7833
7912
9241
8581
8672
8414
8566
8597
8767
8803
7392
8414
9997
7889
7897
9939
7712
8241
14150
8191
8584
9596
7797
7850
8208
8789
8842
8472
8920
7998
8507
8613
9235
180577
9990
8453
7743
7776
13890
9435
8258
9216
7366
7933
8671
8303
8926
9449
9413
8014
8332
9882
9241
8229
16334
8600
7669
10092
9195
9002
8280
8427
7758
8519
8658
8314
8841
8191
8012
8012
8394
9062
8699
8306
8958
8186
7803
7666
8542
8329
7862
7980
7523
7863
7719
9051
7984
7986
10139
7718
8008
9012
9000
8635
11579
7884
7839
15705
8467
7915
8603
8994
9103
7477
7707
8745
8835
8169
8215
8656
7574
7576
7833
15606
8231
9361
13794
7703
8698
10706
9201
9500
9538
8756
8420
9296
8420
8055
7933
9000
9023
7401
7951
8830
8497
8630
8893
8471
8134
7848
7985
9020
7811
11844
13149
8554
8511
10379
9317
7955
7883
8404
7448
9277
9157
8986
7712
9382
8887
8245
9177
10540
8557
7564
7887
8914
7415
7804
9033
10118
8918
8099
10174
7813
8532
17402
9198
9365
8687
8399
7568
8433
8645
7584
9005
8455
8150
7558
8627
8522
7999
8174
7376
9504
7674
7892
8350
9241
8697
7819
8244
8019
16548
11433
8892
8946
8382
7710
8457
8651
9133
8019
9221
8247
8391
7825
8412
7975
11657
8384
8627
8088
7771
8258
8259
10946
8788
7994
9325
9116
8895
13340
7658
8138
10271
7907
9291
8599
9225
8210
9059
8533
7564
8760
9133
8272
7434
8821
8379
8794
8654
9380
7972
8735
7642
8153
8834
9418
8037
7843
7687
7664
8256
8864
8023
8213
8315
8393
9183
8200
9080
10061
8652
8987
12925
9212
7635
9511
9256
8605
9164
7684
8720
9000
8826
8523
8488
7641
7983
9040
8522
7669
7912
8442
7797
8663
8235
10210
9101
9701
8337
9220
13838
8686
9263
9343
8724
7535
8404
7774
9255
9024
8231
8567
8035
8377
8933
8918
8115
8191
9221
7770
8783
8351
8525
200096
7979
8358
7787
8169
8495
8641
8610
9325
7364
9101
8819
8594
10062
8835
8184
20413
8370
7856
15194
13591
8040
8226
9261
8739
8378
12825
8323
10184
8271
7673
8871
8774
9358
8384
8774
10427
8906
8376
12352
8589
8165
13420
8086
8828
8382
9143
7649
8513
7410
9300
8785
8605
7498
8447
7974
8464
8414
8238
7712
7832
8485
9129
7718
9210
8204
7578
8641
8395
8959
9106
8435
8533
10947
8790
8866
14271
7705
7842
8615
8207
7635
10441
8124
8566
8717
8814
9165
7674
8277
8196
8307
9721
8767
8250
7764
8253
7571
8025
8566
8976
7696
9178
9169
9469
7392
7753
8602
9200
7942
18363
8153
8446
9415
8408
7574
8203
7461
8490
8752
8011
9048
8569
8117
8312
7595
8003
7945
8659
8789
9647
7722
9339
7550
8352
8367
8795
8473
8445
8890
9266
9384
8202
7656
14612
7734
8633
12232
8622
8463
8049
7707
8410
8644
7668
8212
10672
8362
7984
8413
8450
7876
9136
8640
8780
8977
8288
7646
8143
9150
8314
8766
9991
8112
7866
12127
8671
7600
13230
7861
7852
9276
7810
8222
8896
8238
8840
8735
9021
7897
9107
8192
8692
9054
8099
8220
8379
8627
7642
8608
9056
8194
8777
8586
8383
8811
9465
7796
8637
7991
8848
9500
14205
7351
8441
11584
8467
7783
7828
8999
9847
8435
9005
9477
8369
8544
8636
8242
8758
7876
7897
8297
7789
8987
7933
8022
8721
9112
8307
9158
9970
8968
8639
7963
9241
8787
16717
8057
7380
9039
7922
9076
9366
10897
9316
8204
9758
7984
7780
7914
8436
8614
9155
9078
7599
14456
9202
7715
11701
7846
9297
8189
8227
8768
7976
8499
8158
9028
9338
9088
7512
7770
8066
8644
11226
8333
9275
7914
8164
9369
9014
8013
194461
8112
8247
9008
7753
8482
7966
8172
7991
7817
7610
9477
7854
7897
9244
8560
8013
8792
8808
7564
8295
10609
8733
8618
10506
8430
8168
11197
8517
8454
14181
8882
9392
8369
9246
8361
8852
7649
9215
7983
9423
7825
8282
7711
7353
9398
9229
8013
9369
8060
8108
7535
9479
8148
8897
7573
10727
7968
10765
7912
9157
16110
7779
8615
9928
7926
9235
9017
8929
8325
8594
8623
9270
8807
7784
7648
15275
13156
9259
8232
9473
8675
8478
7992
7753
7980
8156
9276
8969
7609
8238
8616
7604
8218
8685
8758
7856
7952
7738
7579
9338
8623
8737
8265
9251
8557
8013
8383
9979
8266
7733
7658
9208
8547
8859
7623
7730
9765
7779
8828
17045
9253
7770
8854
8263
8854
8631
8318
8711
7548
7599
7795
9020
8176
7510
9426
9672
8381
7367
8785
7487
9005
8414
7733
8407
7886
8364
8230
8758
8841
7775
8944
8288
7595
8236
8460
9415
8092
8539
7528
7859
9008
8818
10394
8060
9216
13099
8195
7562
11308
8902
7986
8947
8110
8880
8618
8482
8725
7473
9228
7629
7749
8917
7924
10696
7403
9102
8178
8451
8449
7744
8616
9719
8053
8817
8871
7896
10561
8417
7938
17473
8215
9286
8261
8117
7702
7733
8589
7732
9159
8163
7552
8817
8457
8760
8310
9562
8652
8566
8645
7445
9143
8733
9079
7809
9947
7977
8365
13976
9023
8431
9847
8158
8556
7821
8215
7856
9773
7639
9013
8148
8094
8608
9067
7703
8259
8528
7704
9087
8766
8156
8476
8569
7794
8387
8022
9234
8717
8081
8867
7743
8065
9088
9034
7930
7748
8258
8628
8416
7931
7908
10121
7698
10046
14181
8232
8942
10370
8212
8271
14461
7703
7891
8745
7666
8894
8117
8556
8038
8624
9879
9013
7999
10241
8203
7659
14666
7593
9351
8613
10248
9107
8805
8416
8690
9152
8337
8839
9278
7847
7687
7803
8343
8667
8687
9219
11570
8437
8051
13355
9225
11810
9263
8338
7896
8984
8094
9219
8141
9289
8016
7924
8207
7907
8022
7449
8627
7970
8533
8991
8667
8819
7498
9028
10851
9061
7835
14375
9056
7752
8949
8365
7671
7800
8663
8840
8697
8907
8502
8133
9095
8126
8976
7263
8594
9358
8565
8980
7492
7751
7741
8017
8656
7970
7900
8370
10910
8179
10148
9389
9003
11814
8700
7533
11687
8172
8326
9036
8737
10497
8276
7954
9660
8410
7737
7528
7617
9366
7605
17453
17451
8989
7938
7579
9077
7794
10466
7598
8284
8047
7751
9023
7967
8620
8019
9799
8625
8172
8673
8599
8973
9184
9820
8065
8372
14843
9085
8088
8356
9200
9238
8853
7836
8113
8170
8394
7666
9202
7876
9517
10384
9142
8619
7663
7946
8299
8133
9121
9128
9213
11187
8413
7799
15008
8192
8866
8479
8032
8543
8195
8874
9025
9558
8386
8307
8625
8578
8981
9235
8403
8173
8338
9482
8271
7967
9779
9293
7569
9860
7856
7677
13702
8661
8010
10784
7998
8954
8215
8054
7646
9416
7911
8003
8557
8476
9097
8870
8806
7716
7854
7621
9204
9148
7872
11323
7846
7687
9287
9533
10261
7854
8679
16853
7344
8262
11379
9434
8194
9420
8760
7601
7558
8143
9097
8835
8475
7575
8017
7830
8841
9329
8665
9056
9339
10213
8786
8625
14420
8513
7612
8674
8173
7736
9241
9083
8132
7493
9312
8233
7789
7856
8895
8800
7485
8747
8419
8938
7851
8569
8085
8547
8005
8204
9063
8981
9258
8966
7570
10164
7682
7805
10096
9240
8688
13646
8418
8404
216197
14061
8851
8934
9604
8203
7410
8141
8187
7528
7715
8071
7706
7882
10444
9600
8150
7669
8398
7681
9728
7633
9275
7912
7447
7694
8687
8216
9216
7296
8070
8203
8614
8668
8034
7989
7892
7513
7580
7992
7542
7907
9580
8040
8277
8539
7552
8107
7865
9217
8387
9096
9020
8594
7670
10343
8215
7477
7604
8677
8546
8400
8413
9479
8274
8455
9239
7587
8936
16186
7733
9850
9257
8806
8515
8222
9230
7943
7819
8000
8354
10128
9169
8615
7605
8885
7577
8060
9287
9225
9431
10581
8237
7754
14429
7686
8096
8836
9277
8975
8204
8562
8574
8446
8438
7600
8579
8953
8454
8333
7794
7292
9251
8518
7566
8825
7611
7770
7321
9923
8487
8285
8589
8050
8505
7656
9113
9143
7833
8617
7587
7599
8124
8198
7507
8197
8362
8608
8965
8258
8098
7753
14138
14300
8195
8543
9842
9218
8478
8450
8153
9397
7792
7607
7992
8228
8155
7785
11106
8258
8048
7787
8210
8065
7876
8631
8812
7434
8000
8384
8846
8827
7413
8714
7439
8480
7902
8502
8564
8545
7921
8979
7836
11770
8189
7961
12287
8876
9261
11424
9187
7851
8756
7917
9229
8660
8193
8676
8305
7961
8476
9025
7864
8005
8733
7808
7748
8496
9245
8075
13197
9810
10328
8863
13215
8794
8394
11373
8821
8382
8451
8564
8701
8030
8150
9419
7841
8153
7505
9018
7915
8549
8465
8128
8175
7410
7587
9231
9199
10333
9607
8755
12496
7911
7933
11530
8131
8663
7609
8283
8236
7593
8120
8624
8805
8828
8223
9233
7763
7968
8106
8175
8766
8789
8927
7558
9012
7824
7892
7824
7894
7976
8354
8772
7791
8020
8830
9294
9679
10861
9017
8093
12728
9406
7605
14711
8784
8354
8933
8606
8759
8734
7679
9061
8540
8853
7380
7773
9228
8467
7431
8615
8560
8256
10119
8618
12937
7704
9246
9044
8078
11648
9177
8866
8608
7549
8141
8571
8138
8422
8127
7710
7538
8215
7918
8772
8251
8962
7607
8190
8148
8071
8265
7871
9313
8785
8175
9861
7902
8718
14022
8727
8369
9456
9221
7776
7722
8172
7625
10036
8177
8871
8402
8823
8379
9284
9138
8051
7829
8998
8989
7941
7995
8331
8651
8425
7882
8150
8052
7549
8174
8573
7495
8651
8170
10722
8678
9923
8359
7428
10758
7927
8897
17487
8315
8459
10379
8448
7768
8410
10585
8940
7401
8052
8114
7683
8188
7995
8467
8135
8538
8012
9143
9380
8630
10940
8253
8001
13275
7782
8394
10994
8563
7976
8435
8454
7689
8200
8534
8435
9080
8273
8683
8425
9211
8745
7827
8072
8791
8612
14615
8290
8543
9143
7794
8384
9007
15116
8354
10954
8834
7906
7785
8800
7820
7774
8486
7643
7466
8316
7897
8097
7746
7827
9226
8687
7566
9018
8412
9220
8577
8244
7656
8146
8578
8445
9190
8704
10484
8474
8192
17449
10573
8436
8619
8205
8841
9275
9034
7379
9325
7401
8499
7854
8258
8227
7431
7622
8656
7592
8940
9462
8285
8312
8348
8397
9193
8249
8409
9375
8612
8214
9643
9038
8685
14030
7989
8484
10230
7642
8961
7977
8712
7723
7239
8447
8544
8662
8605
8437
8758
7441
9255
8119
9010
8090
9351
8432
9838
7918
7924
7751
9256
10218
8296
7941
8794
7876
8906
11928
10572
8861
8950
8799
7820
12667
8150
8466
8852
7734
8413
8038
8609
9246
8283
9789
8456
9158
10002
9008
8201
9139
8821
8388
15927
8871
9267
8779
8410
7831
8555
9036
8762
8978
9260
7407
7841
8380
9134
7613
7850
8130
7521
8930
7948
8867
8753
9267
7829
8571
8060
7607
7566
8765
9029
7813
8155
8902
10160
8638
7968
12122
9207
7691
9317
8197
7562
8394
7752
8316
8295
8899
9046
7836
8060
7640
8644
8527
9151
8394
8587
8242
7634
9210
8546
9284
8355
8624
8136
8465
8750
10164
9164
8081
8276
9865
7572
8346
14488
9603
7674
10385
8826
7886
8109
8073
9044
9576
7594
8938
7668
8950
7800
7870
9071
9292
13322
8607
8238
9226
16848
9180
8009
16535
10199
8017
7528
9840
8708
8629
14026
7698
8848
10332
9212
9034
8153
8804
8127
7999
7831
9025
8930
8663
7850
8137
9035
8905
8477
8719
8235
9023
8537
7609
9217
15096
9295
8486
9181
8265
8933
9615
8215
8420
7599
8204
7447
8031
8087
8257
9108
8224
8697
7863
9174
9102
9215
7988
7589
7965
8459
7760
9209
9075
9096
7877
9795
9300
9292
10631
7737
8182
12962
8724
9083
10086
9316
9141
9403
8653
8004
7691
9179
8057
8572
23747
9374
8018
8995
15429
7745
8414
9367
8495
8202
9335
7872
8568
9180
9804
8322
8153
7734
8930
9033
9174
7886
8419
14700
7600
7784
10943
8419
8883
8866
9050
7964
8174
8046
8826
9116
7442
9199
8564
8087
9112
7588
7614
8341
7713
9585
9297
8390
7480
7548
8758
8400
8863
7589
8438
7619
8292
7379
8302
9231
8947
8653
7989
7771
8855
8434
9901
8671
7502
14217
9226
9027
9633
8082
8821
10430
8448
9056
10605
9746
7997
8958
7718
8308
9088
9478
8437
7792
10404
8900
7969
16400
9004
8214
8435
9294
8052
8625
8065
9130
8745
8346
8732
8272
8022
8758
8391
9240
9089
11794
14711
8358
8296
10581
9098
8320
7808
8236
8843
8485
8379
8958
7615
8364
8996
8479
8973
8534
8794
8574
8215
9062
8398
9440
8240
10471
9356
7994
15222
7713
7953
156793
10984
8780
8785
8533
8292
12449
8147
8203
10352
7601
9353
7999
9003
8447
8240
7353
8528
9235
9186
9256
7984
8877
8707
8894
8123
8933
8708
7374
7830
7437
8861
7851
8478
8568
7463
8447
8051
7749
8586
7774
8279
8185
7977
8497
9212
11968
8093
8999
13507
8967
7710
10816
7707
9032
9452
8100
7901
9378
8210
8387
8888
8719
7902
8010
10880
9239
7678
10107
9276
7964
13897
8564
9120
12240
9409
8585
7712
7671
8446
8167
8120
8077
8795
7406
9493
9284
8322
8292
10364
9495
8228
9229
17430
8366
9015
9303
7882
8331
7548
8237
8168
8732
8593
8798
8276
8820
8844
8574
7956
7977
7960
7849
9241
9027
8774
9316
7734
7523
8907
8174
7760
8729
8834
9160
8938
9603
14263
9184
10293
7736
8415
8366
8250
8494
8510
8590
8142
8190
9002
8538
8407
9265
8109
9027
7564
8245
8353
14559
12027
8021
9086
10221
9159
9141
9235
7981
9443
8075
7739
9058
7690
8226
8192
11153
7876
7888
8187
8871
8189
8579
8586
8819
8645
9656
9178
9177
14963
8616
7816
8410
9517
8373
9148
7624
7454
9429
8059
7634
8996
9298
8571
7939
10774
8795
8774
8403
8184
9160
8483
9388
8574
10813
8657
9113
16128
7755
9030
7945
8834
8619
9300
8343
7543
8033
8396
8112
9430
7787
8661
8528
7996
9025
12671
9988
8452
9401
12628
8378
7709
12633
8436
7792
8996
9020
9033
9807
9093
9301
7815
9770
7459
8190
8134
8205
8940
9580
7693
7682
10111
8591
8267
14085
7443
7888
10571
7746
11143
9415
9187
8564
8704
8369
7528
8846
8895
8093
8221
9548
8093
8923
8788
8307
9095
16917
8297
7685
11014
8635
7728
8351
8205
8005
9323
7710
8433
8479
7536
7367
8751
7816
8809
197799
7989
9153
8454
9381
8780
7957
8625
14310
8053
8568
9927
8128
8209
11064
8948
8394
7919
8182
7906
8851
8837
8624
8542
7591
8465
8599
8517
8485
10286
8615
8827
7514
9971
7845
8139
14789
8475
7932
10223
7989
8567
9262
8058
8118
8092
8346
7994
9035
8526
7809
8384
7608
9324
9211
9036
7933
8642
7759
8011
9030
7979
9089
7969
8563
7714
9375
8397
7756
9177
10407
8310
8636
10034
9020
8437
12946
8569
8892
8601
8837
9019
10021
9165
7611
8456
8686
8868
7863
7849
8871
7773
8855
8615
9107
16894
8724
8491
8724
7661
8616
10623
8801
7366
8067
8317
7957
7966
8739
7673
8528
9319
8056
8148
8894
8410
8500
8282
9047
7727
8820
8881
9303
8654
9065
7779
14446
8287
8933
9679
7584
8385
9477
7730
8695
9207
7780
8315
8287
7702
7931
9090
8364
8685
7877
8674
8323
8305
7805
8031
8720
8839
8794
8330
7712
7841
8593
15056
8285
7767
12657
7912
9333
8773
8287
8982
8851
8176
8482
7794
7628
7817
7796
8793
8236
9415
8413
8235
8071
8110
8205
8282
8589
7625
9027
7801
8116
9087
9017
7846
8958
8185
8108
8548
8323
7978
8907
9360
8194
7482
8815
7672
8088
7956
7866
8594
8219
8449
8559
8820
8807
8007
9629
8344
7671
11989
9205
9215
12219
7804
7823
11382
9137
8830
8785
10713
9007
7759
8541
8137
9148
8044
8585
9222
9346
7887
9222
16906
8240
8419
9419
8744
8233
7986
8866
7567
7377
7774
8558
8129
7546
7788
8767
8148
8178
8406
8625
8603
8369
8901
7907
9283
8806
7594
8048
8558
9246
8421
7931
8310
8271
8846
8195
8428
8052
8838
8089
8857
7560
7990
10331
8280
8930
13182
9005
10683
8741
8443
8589
9256
9212
8189
8607
12300
8524
7801
8209
7748
9372
8936
15425
9543
8855
8457
8376
9049
8394
7866
9127
8302
8202
8294
8231
9755
8525
8712
9773
9436
8847
14099
9022
8083
8880
8482
9202
9074
7973
9123
7703
8535
7720
9036
9281
8813
7542
8675
8818
8600
8067
7774
8126
7964
8487
8507
8734
9160
8780
10210
9005
8080
12539
9112
8036
11749
8788
9016
8158
8451
7794
8506
8192
7605
7991
7776
8458
8245
9209
9028
8974
8302
8585
8388
8354
9297
8392
9170
9056
7509
7890
8292
8287
10540
8049
8218
10385
8007
8809
13595
8948
8707
8811
7959
9030
8578
9156
7678
7652
9154
7553
7550
8998
8041
9060
7557
8757
8364
7648
9256
8940
7813
8621
8012
9410
10145
8641
9730
8986
7955
9378
8671
7985
17468
7902
7602
9641
8708
9123
9091
8728
10279
17071
11686
9005
9059
9185
9133
8724
13636
7251
8781
7811
8969
8658
8028
7978
9090
8544
10499
9067
8144
15123
9087
7572
7896
8733
7798
8481
7633
7618
8195
9252
8856
9656
7990
7385
8526
7597
9283
7798
8348
9132
7504
7766
7825
8127
8810
9383
11619
8316
8836
8354
11310
7915
7666
11431
8553
8433
10771
8540
8771
8470
9110
8860
8974
8839
7930
8271
8656
7537
7580
9056
8830
8097
8307
7774
10658
7627
8378
9017
9413
8203
9014
8962
7662
7650
8588
7932
9246
8875
9246
7751
10690
8632
8915
16082
8898
8634
7417
8180
8563
8609
7853
11014
8819
7753
9037
8212
7851
8539
7625
8708
10992
7971
9432
8332
8554
13960
8139
8687
10801
7583
8052
8800
7444
8376
7772
9067
7719
8231
8964
8491
9374
9251
7702
9138
7670
8803
7251
8092
9117
7997
8406
9159
8176
8473
7581
8784
8267
8651
8952
7979
8336
8043
8109
9175
208646
12879
8953
7955
9269
8502
14478
8301
8270
8904
8256
8880
9737
9005
8200
8440
8611
9215
8364
7835
10805
7667
8210
8455
8164
10405
9033
7561
15682
8686
7373
11872
8922
8030
7881
8488
9276
8398
9030
8637
8210
7577
7812
9180
7832
8415
7810
8615
7537
8948
7769
9287
8802
8178
7808
8116
7829
8829
9080
8375
7840
8516
7935
8645
7725
9313
8618
8986
14784
7961
8528
10621
8785
8175
9128
8514
7578
9451
8278
7948
7673
8025
8697
8181
11271
8153
9042
7603
7786
7803
8574
8433
8384
9244
8005
7915
7820
8614
7582
7587
9496
8874
8046
7635
9048
9409
7785
8455
9934
8543
8644
14202
8235
8351
9023
9228
8060
7727
7888
8729
8831
8515
8786
12342
8603
7595
8810
7589
8411
8583
9275
8020
8615
10070
9078
8729
14167
8059
7466
11090
7661
8878
9408
8394
9158
8595
9382
7768
10709
8012
8858
8756
7558
8133
8096
9142
8856
8110
7891
7702
8822
10461
8530
7620
17611
9020
9063
9399
8095
7887
8334
8113
7933
8299
8556
8585
8228
8465
8093
9726
7900
7941
8555
8069
8596
7856
7745
8236
9162
7857
8072
7579
8215
7585
8415
7966
8010
8726
9168
8195
8973
9016
8248
9163
9893
8041
7615
10851
8680
7932
13540
8907
11361
8344
8877
8707
8879
8132
8109
8041
8436
8237
7801
7770
8033
7561
8996
8437
8198
7868
9019
8820
7561
7579
8476
8830
7928
8595
7579
8265
8999
7625
8952
7671
8131
7932
7302
7793
8119
9199
9015
8010
8200
7781
7796
8164
8070
8789
8997
9253
8576
8914
10049
8318
9078
13489
9115
8013
8377
8504
9086
8764
10341
8265
8385
7978
11424
12633
16771
9011
7784
7783
7811
8615
9553
8903
9483
8924
8134
7605
8028
9568
8241
11245
8876
7816
7676
9892
9131
9051
9264
14148
7835
8230
12469
8612
7712
12953
9306
8640
8030
9420
7717
9019
8070
7745
8051
9626
7857
8879
9618
7857
9079
14540
9027
9077
7469
8943
8482
9142
8613
8340
8624
9015
7762
7427
7928
8872
8647
7480
11625
7811
7428
8373
8071
7946
7811
7799
8158
7959
7697
9446
8696
7854
8215
8013
9279
9083
8338
12089
16069
9181
8292
10263
8338
8496
14501
8852
9056
8593
13648
8234
8325
11636
7618
7876
8579
9629
9180
8143
8960
9100
7770
7913
8553
7734
8251
8164
7796
7732
7513
8576
8449
7764
8395
8372
8222
8219
7320
8957
8007
8213
7609
7963
10154
7443
8638
9230
7609
7656
8311
8511
9333
9269
9309
7646
9600
7479
8754
14129
8615
7912
11145
9657
7749
9308
8686
8927
8401
9430
8497
8127
9061
7774
8915
9265
8149
8642
9279
8788
8160
7772
9030
8533
13814
7803
8342
10020
7892
7512
12265
8164
7628
7954
8212
8162
8717
8397
8786
7551
8895
8533
9166
8251
7797
8230
7911
7664
11629
8048
9317
8117
7810
7473
8168
7648
8586
8660
8956
8431
8761
10520
8402
8669
16765
8478
8866
8923
7791
9007
8006
9150
8563
8233
7656
8012
9593
9402
8456
8448
9410
8226
8610
8051
7851
8979
8937
7990
8251
12784
8625
7848
12498
7369
8018
8555
8696
7796
10748
7937
7583
8552
7831
8488
7994
7932
7632
7943
8659
8235
7958
8816
9543
7795
7369
8630
9170
9249
9158
7813
8184
8446
8095
10630
7810
8974
13564
9084
8400
10243
7532
7663
8825
8091
9155
8509
9039
7614
9498
8635
8526
9186
9132
8184
8284
8038
8584
7549
8859
7603
8712
7893
9205
8876
8246
7783
8641
9697
8082
9240
16767
7682
7877
12543
7965
9236
9134
9276
8737
9379
8084
9333
8341
9183
7940
7727
13098
8496
7762
14381
8345
8238
8441
9017
8807
8670
8415
8558
8255
8204
7728
8071
7888
8770
8025
7795
7826
8377
8733
9465
8235
7601
8014
7519
8496
8626
8133
8415
8192
8974
8276
8010
8635
8197
8479
8542
8551
8680
9037
7902
9297
8917
9338
9000
8210
14565
7917
8861
10573
8106
9020
9179
9021
8034
8952
8353
7307
8018
9182
8754
10648
10446
8837
8042
9734
8584
8248
13406
7818
8848
8805
9271
8019
8620
8984
8243
8743
7852
7566
8846
7640
8097
8066
8626
7561
7492
7994
7712
9713
7903
8092
8728
9012
8200
8400
7929
8698
7810
9188
8205
8440
7634
8272
8153
8118
8609
8211
7760
8184
8369
8569
8326
8748
7785
9194
7814
8684
9645
8307
8027
9276
8210
10199
8461
11316
15661
8749
8989
9286
7991
7969
7852
8168
7589
7745
8952
8533
8857
7861
8671
8140
9154
9087
7478
8702
7776
8474
9372
8855
8297
7775
8123
7888
7810
8410
8330
11127
7977
9025
13933
7970
8320
9371
9287
8129
7938
8697
8401
8542
9030
7805
7416
7774
8792
9357
8885
7949
8205
8425
8292
8252
8543
7890
8887
8205
8887
8948
9207
11390
8527
9636
8860
8161
14539
8706
8393
7994
10153
8740
8220
8793
8777
9262
8276
8091
9076
7557
7653
9050
7562
8592
8313
9257
8553
7587
7745
8253
9159
8295
7751
8005
8396
8633
8415
9435
7823
9217
13544
8671
7674
13133
8679
7547
9272
7647
7787
9001
8355
7971
7492
9059
8163
9210
8569
9258
7789
8065
9117
9006
8095
9128
7793
11186
8194
9148
16839
8741
7570
10459
7482
8299
9975
9397
9231
8425
7722
7571
8608
10709
8874
8410
8804
7871
7748
8445
8222
8539
10620
8062
7542
13594
8383
8220
10806
9667
10179
8810
9178
13306
7557
8235
11267
8410
8015
8198
8561
9322
9625
8354
7738
7598
7696
8337
7871
7923
8179
7710
8600
8846
8025
9610
8846
8115
7691
8196
7610
10457
7815
7550
7825
8896
7365
8553
8600
9841
7495
8175
9188
7964
8464
9048
7619
7792
8869
7748
8417
7735
7669
9017
8080
11533
7625
7516
13509
8190
8753
12934
8210
9816
8805
9109
8578
9046
7914
12519
9145
9142
7569
8597
9815
9010
7646
14151
8477
8631
9792
8193
7906
7980
8399
7582
7809
8212
8037
8502
7923
7640
8556
8602
8379
11445
8131
8153
8105
9140
7717
7583
8390
9145
8312
7456
8995
8936
8902
7983
8536
7830
8425
8604
7935
7600
9097
9225
8558
8945
14272
8189
8180
11146
7555
8614
9349
9115
9092
8476
8509
7939
7948
8934
8298
7613
8981
10502
8619
7753
7583
8222
9236
7740
7328
7897
7676
7895
8735
9233
7975
8441
8720
8133
8507
9041
8730
8365
8034
8585
12254
8995
7598
11173
8779
8547
8855
8548
9054
8864
8057
7946
8473
8098
9314
9050
8176
8595
11916
8615
8158
8416
8780
8134
7970
9480
8025
8647
17820
7725
9502
8507
8051
8446
9227
8614
9215
7850
8958
7599
8430
8107
8906
8651
9381
8784
8418
7985
8746
7653
8026
7784
7476
7819
8417
8152
7819
9335
7797
7531
7948
7523
9943
10211
8199
9558
8650
8104
13557
7767
9020
8410
7974
7752
11566
9003
8656
8696
8714
8917
8195
9296
8619
8613
8582
9440
8835
8600
8365
8195
8900
8927
8414
11430
7736
9433
10975
8297
8257
11123
8808
8535
9140
9250
8981
8889
9251
8399
7551
9232
8959
8074
9256
7731
8635
10035
7692
9000
9677
8553
11465
11067
8574
9116
8005
7953
9419
10543
9333
8496
8898
8685
8706
7870
7375
7933
8465
8770
8553
7878
7937
7770
7833
7382
8792
8291
9374
8657
8224
7956
7358
7611
8191
8906
9228
7999
8155
7667
9176
7963
8312
9245
9143
9444
8643
9779
9132
8810
12938
7708
9254
9341
7974
7691
8066
9210
8708
8637
8579
9104
7540
8845
7774
7353
8852
8092
9251
8802
8099
8274
8176
10312
9278
8248
9067
10405
14128
8436
7916
9009
7869
8867
7056
9456
8171
7528
8041
8755
8594
8665
8159
8446
7988
8154
9065
7524
8077
9243
8206
8996
8248
9149
9034
7976
8794
8837
7671
8133
9067
8367
8013
7756
9062
8000
7912
8434
8808
8338
8342
10880
8907
9035
14736
8918
8584
8405
7664
8916
8635
7956
8461
8636
8612
8996
10241
11948
8743
8456
17222
8251
9078
8405
9123
7735
13916
8504
8478
8093
8533
9195
8945
9519
8012
9128
11805
9077
8594
10796
9005
9090
8647
7769
7989
9349
7394
8546
8465
8861
8272
7845
8655
7328
8256
7412
7875
7749
8224
8620
8060
8150
8863
7722
8786
9010
7641
8627
7962
8388
9198
8035
8617
8901
7428
7970
9287
8915
8073
9219
8456
10446
13523
8225
8376
12738
9505
8753
8486
7581
8413
14578
10287
8950
9034
13400
7717
9060
9739
8774
8425
10444
7407
7865
8738
8168
7595
9847
9187
8374
9188
7495
7952
8181
8413
8964
7210
8756
8683
7817
9003
7368
7825
7586
7936
8235
8505
8693
7637
7772
8078
9030
9002
8088
7848
7747
8119
8648
7793
7658
8614
9178
7654
9135
8219
8422
8086
8826
8814
7828
9163
8923
9370
12017
8544
8998
10695
8741
8609
14152
8779
7691
8207
8524
8513
8996
8089
9186
9021
10772
7787
8378
11938
8272
8048
14527
9583
8861
9215
7601
7851
7770
7984
8286
7832
7840
8217
8432
8972
7646
8688
7841
9630
8615
8205
7850
7310
9227
8424
8657
8598
8873
8345
7943
7802
8415
8281
7739
8891
10029
9430
9406
8382
16415
8155
9050
8603
8262
8071
8321
7961
8717
9143
8904
7791
7856
8576
9195
7967
9320
8328
8481
7848
8797
9251
9418
8310
7511
10528
8267
8464
12246
9529
8311
10791
8100
7855
9037
8471
7944
9632
8693
7401
8795
7764
8835
9125
8056
8600
8092
9133
7907
8784
8672
8000
8104
8677
7997
7817
9048
7702
7406
7819
9625
7877
10887
8266
7676
12087
8532
7455
12303
7914
9204
9518
7428
9337
8452
8444
8554
8415
9040
7894
9314
8630
9238
8585
8819
8378
8033
8143
7574
8441
8174
8527
8755
7953
8644
7864
9773
8794
8410
9751
7788
7981
14781
8569
8475
9219
9015
8543
8087
9446
7896
8431
8035
9216
8748
8538
7654
8682
8748
8205
8784
8646
9063
9307
12231
8661
7991
17403
7772
7728
10100
9059
8671
8747
8474
8630
8701
8902
7688
8051
7424
8791
9421
7884
7981
8768
8615
7445
8825
8106
8290
9316
10946
7813
8635
13419
8435
9204
9210
8641
8011
9032
9123
9120
8839
7603
8133
9123
7841
7738
7610
7965
9437
8171
9107
8230
8052
7537
8589
7826
11017
8234
7426
8288
8083
9413
7600
7863
11321
8726
8772
9233
13503
9129
7576
11540
7962
9074
7970
8033
9205
7634
8271
8370
9185
8676
9134
7594
7984
8976
8889
7651
7709
8324
8574
7851
7641
8877
8440
8497
9164
7903
7900
8297
8399
7532
7827
9290
7600
7780
7912
7529
8916
9262
8275
10207
8758
7875
9202
8660
9053
13930
8798
8411
8671
8628
9032
8394
10057
9627
7753
9210
10715
7979
8179
8418
8415
10000
9102
7977
9654
8473
8786
14539
7608
8042
10907
8578
8713
8236
9449
8589
7980
9035
9194
8070
8092
8486
8600
8846
7856
8227
8414
8221
9089
7779
8558
8015
9603
10435
7654
9448
15063
8686
8979
8863
7783
7964
9567
7933
9333
8354
9081
7827
7292
8779
7870
7526
7790
7805
9378
8758
8800
8994
8832
9059
11097
8059
7714
9266
9973
7876
8195
16283
8054
8317
11320
8173
8202
9041
9296
9189
8871
8595
8076
8132
7561
8384
8034
8285
9960
8474
9546
8583
7890
9466
8282
7557
10763
8861
8235
11887
7979
8530
10779
7848
8507
8830
8512
8656
8437
7887
8232
8200
7794
7655
7830
8153
8418
7893
9229
8711
7486
8194
9559
8133
7841
8978
14612
14317
10973
8685
8576
7562
9037
13561
8005
9219
8164
9260
7816
8917
8564
7582
8310
8820
9225
9599
14396
9088
7954
9217
8661
8137
7933
8229
7638
8835
9352
7830
8593
8626
7709
9225
8015
8003
7614
7780
9205
7827
7623
7803
8259
8517
9593
7912
8100
8903
8112
7929
8409
9024
8420
8306
7851
8215
9249
8179
8757
7627
7362
7632
8375
8115
10164
8802
12020
10420
8585
8890
15397
8766
9653
11250
8190
8844
8999
9881
9066
8666
9298
7665
7759
10868
8469
7527
13319
8886
8282
8623
8433
9013
9259
9439
8961
8050
8366
8239
8188
8368
8046
8794
8674
8128
9131
9008
9107
8089
10207
8700
9270
14047
7871
8584
8814
8356
7442
9810
7974
8753
8781
7752
8436
9029
8646
9288
8368
9270
10933
8625
9509
8031
8800
10618
8405
8459
13737
8817
8118
9225
8582
8935
8665
7685
7935
7775
8435
9276
11914
8612
9360
9102
8287
9351
9030
8732
8510
8737
11518
9276
8906
14409
8158
8716
8780
8541
8838
8663
7933
8171
7339
7704
9281
8482
203103
8160
7598
8818
8464
7752
7906
10538
8758
8625
9012
8217
8817
7773
8351
8474
8169
8841
8880
8637
10337
7325
7748
9748
7652
8263
10816
8829
8721
13082
7973
9115
8059
7882
9142
7907
7786
8450
7890
9127
9004
7857
8007
8661
8400
8758
8257
8850
9133
8307
9147
7642
8120
8282
8225
7975
7363
7927
7980
8819
9429
9392
8093
7359
8800
8758
8123
8613
8119
9405
8673
8938
14687
8227
7667
9152
7861
8777
9420
7718
7773
9451
10079
8545
8472
9443
8340
8989
7628
7599
7569
8416
8982
8923
9089
8374
7331
7830
9055
7595
9173
8613
9638
8738
8907
8454
15358
7571
8938
10958
20703
8217
8461
15800
9361
9347
9200
8666
7972
8538
28743
13543
8352
8053
8602
7723
8457
8224
9287
8292
8305
13715
7666
9013
8391
9226
7948
8615
7355
8631
8223
23697
7856
9038
8199
7953
11705
9413
13428
7594
8610
12851
7569
8836
8844
8788
8515
8448
7939
7630
9227
8493
14826
8092
12087
7943
8530
8065
8687
17658
8666
13542
7765
8006
7877
8811
9052
8758
8940
7794
8215
9358
7707
8866
9256
8396
7963
7929
8993
8728
8554
9065
8622
8585
8035
8929
7836
8410
7479
19447
7788
7528
12934
8855
9208
9349
8640
7785
8065
9406
10486
8415
9030
8555
7713
10123
9020
7717
14025
7933
8215
10327
8262
9538
7998
7975
7790
8461
7769
7835
9221
8978
8877
7490
7875
8620
8314
9220
9235
9157
8523
8350
9180
8856
8999
8244
10589
8016
8404
11671
9034
9302
10246
9357
8562
8656
9081
8316
8700
8030
7958
7853
8189
8246
8162
8594
8821
7929
8015
8137
10185
7700
8652
7652
12897
9441
7979
9794
8624
8153
14354
7874
8747
9383
8044
8201
8762
9077
8143
9192
8743
8123
105035
8865
11605
8500
9017
9401
9743
7806
8562
8809
8832
8656
8877
8246
8668
9083
8137
8115
7846
8142
9056
8014
9132
8632
8230
7780
7661
8545
8492
7793
8014
7871
9072
7874
10901
8933
8656
16978
8234
8958
8596
8780
8738
7812
8433
8902
10369
9350
8722
7610
10007
7769
8853
8519
9781
8061
13799
7774
8411
15368
8651
8224
8475
8405
8636
8370
9410
8278
8732
11066
8332
8673
14051
8174
9205
12389
7931
8946
8633
7735
8626
7976
7789
8104
8044
8394
9203
8888
8195
8778
8871
8276
8945
7600
9398
8128
8636
9184
8025
8830
10005
8223
8164
13597
7701
7671
10415
7768
8777
9559
10123
8558
8197
9051
8006
8785
8367
8610
8915
7890
8579
7920
9276
8408
7657
8483
8044
8014
8177
7846
7632
7581
8546
8704
8017
9006
9213
8846
8389
8334
13403
8188
7752
15927
8399
8417
8851
8783
9038
8497
8627
9206
8013
8914
8372
9220
10655
8327
8362
14353
7855
9347
10860
7770
7986
8994
7399
8800
9264
7792
8797
7836
8353
7438
11703
8102
8509
7558
8605
7893
9320
7789
8049
8770
8590
7589
9117
10663
8572
8325
14859
8488
8256
8718
7948
8454
10569
7601
7710
8424
8652
8512
8453
7572
8886
9332
8461
9241
8190
8134
8633
8629
7984
8599
9357
8567
8950
8297
12192
7945
7737
13974
8112
8066
12262
11022
8804
7775
8260
7989
8440
7676
7571
7827
7872
8455
9409
7988
8493
7820
8738
8161
8879
9634
7891
7523
10765
7707
8683
14597
9146
8696
9350
7822
8766
8676
7809
8353
8129
7569
8274
8593
9174
8273
8345
8688
7558
8386
7565
8405
8693
9276
8717
8092
8594
9229
7712
8476
8585
9082
9354
8635
7769
10938
8311
7717
14055
7589
7900
13112
9218
9205
203547
9055
7799
8108
7561
10644
9149
8241
9266
8576
11706
8151
7909
7519
7583
9444
7958
8153
7499
9313
8238
8380
8772
7393
7813
7573
9240
9101
8309
8215
7661
9343
7735
10345
9006
7832
9963
8625
8979
13177
9150
8851
8676
8994
8972
9015
7738
9199
7712
7459
9371
8471
7912
9064
7960
8738
9367
8082
7710
9100
7923
8377
8302
7902
8825
7997
8487
8703
8753
9340
9877
8338
8102
16843
11123
8600
8937
8597
8600
7786
9596
8210
8215
8115
7993
8950
9377
9123
8997
10349
9323
7827
12370
7924
8533
10121
8584
7897
9094
8393
8483
7937
7815
8395
8956
8414
9133
7913
8755
7480
8627
8312
8912
9015
8800
9241
8359
8662
9027
7794
7925
8200
8512
8311
9077
8069
10004
8707
8280
15075
7882
8271
10188
9224
8159
9015
7865
7957
8230
8915
7917
8973
8092
8285
7587
8183
8818
7521
8399
8369
7422
8374
8341
7854
8619
8571
7731
8635
8814
8425
7978
8427
9088
9359
7840
7742
7724
8597
8712
7851
8402
7752
7714
8907
9282
8234
9155
9297
15425
7952
8616
9732
7538
7874
9516
7610
9288
9318
9231
9341
8698
7559
7833
9007
7643
8690
8352
9538
10035
8557
9684
8982
10051
16430
8155
7635
8727
8373
7575
11216
7464
8076
8190
8713
8529
9621
8087
8674
8517
8302
7407
8154
9112
8611
8758
7641
9423
7753
9013
8291
7929
11194
8052
8115
11027
8158
9155
12247
9180
8553
8831
7597
9237
8916
8488
8435
7523
8896
9197
8862
8669
9048
9877
7348
9144
8917
9792
9018
8692
9163
8189
8355
14108
9393
8226
8799
11389
8487
8615
8846
8334
8784
8010
8194
7531
7641
8780
9010
7762
11300
8374
8441
9440
8034
14339
8451
8466
9631
7438
8385
9420
8724
8862
8283
8069
8513
9179
7961
8802
7650
12309
9178
7897
8557
7789
7773
9559
7563
8281
8118
7623
9200
8349
9400
8220
9418
8922
8310
7460
7731
7797
7880
8219
7867
8553
8085
8811
8775
8170
8169
10280
8635
8455
8677
8929
7736
8832
9307
9780
9261
12915
9292
8341
7892
7627
8012
8585
8149
9296
8615
8309
7635
8803
7980
10804
8220
8734
8052
8225
8387
8424
8624
9287
7991
8100
8459
9286
8220
9849
8313
7450
10002
8213
7853
13076
8182
8391
9906
8164
7892
8594
7805
8495
8148
8922
8650
9219
9242
8152
7399
9278
8784
8153
7849
11490
8528
8775
7763
8223
8615
8728
8704
8778
7342
7512
9799
9041
7768
10035
8051
8330
11451
8134
9171
11048
9091
7819
8042
8977
7783
8639
8005
9451
9126
7596
9300
9585
7840
7712
8194
7597
8644
8338
8740
9285
8824
7810
7635
7666
7715
8060
7790
8944
8486
8014
7555
8165
8865
7836
8407
9733
7971
9028
7906
10407
8492
9579
16897
9620
8753
8736
8752
8032
8113
8662
8825
8111
8288
7570
9136
8051
8278
7591
9543
8596
8169
10682
8825
7405
14565
8835
8969
7594
7740
8167
8872
8836
9126
9515
8865
9512
8290
8466
8059
7490
9234
8745
7423
8992
7971
8840
8452
9181
7754
8865
8172
8620
9431
8106
9307
10321
7557
9396
12349
8806
7565
9390
8761
7656
7877
8717
9494
10589
8716
9211
8311
8494
9223
9258
7540
7948
7650
7774
9244
8580
8589
7876
8734
9489
8610
9020
9340
7669
7915
17502
7769
8356
10182
8407
7601
9842
8154
8082
8402
9392
8032
9539
7657
9372
8264
7558
8333
7874
7718
8866
8297
9296
8177
8522
10686
9080
8134
13710
7596
7445
9999
8546
8390
8846
7530
8256
7777
8752
7770
8507
7656
11016
9349
7603
8846
9358
9377
12095
7723
8215
9810
8537
9012
9225
7582
7210
8394
7528
8907
9528
7864
8185
8758
7471
8415
9572
8202
7565
8458
7885
8273
8347
9314
9564
7563
9225
8438
8674
8380
9194
8415
8870
7551
8183
7982
8923
13214
15993
8768
7588
8097
8405
8680
9372
7866
8676
9379
7422
7612
8379
8122
9067
10871
8945
7725
11352
11872
8173
7601
12611
7501
8451
9532
7924
8465
7915
8296
8719
8010
8026
8143
9272
8672
7294
8210
7367
8138
8872
8403
8064
8718
9275
7882
8383
8966
7904
9167
8701
8102
7388
8419
7938
9124
7895
7917
8785
8664
8810
7733
9057
9071
8559
10135
7850
9015
9565
9200
8041
13153
8189
8282
7910
8096
8538
9964
8673
7856
8442
8559
11425
8852
7555
8820
8431
8221
7884
7702
7524
7881
7687
8548
9029
9091
8923
7837
8937
8810
9090
8819
10451
8581
8609
14084
8928
8312
8905
8516
8061
7635
9378
8691
8540
9046
7667
9037
7596
8993
8863
8409
9199
7591
8461
7320
8764
8871
8957
7700
8351
8482
7874
7514
8940
10819
9263
9123
8001
11073
8232
9109
10042
7672
8969
12963
11128
7574
9523
8871
8995
8394
7558
7763
8190
7813
8852
9082
7335
8368
8146
9618
9523
8065
14850
7825
7999
10842
8375
9218
9036
7590
8439
8976
7974
9189
8432
8833
8175
7746
8072
7836
8807
9322
8808
9021
7379
8220
8735
8799
8925
8164
10011
8266
8580
8777
8247
8580
15139
8734
8358
11066
8328
9195
8215
8239
7714
8881
7728
9265
10853
9445
8400
9234
8749
8278
9324
11107
9070
9329
11675
8174
8533
9367
7580
9324
10544
8121
8249
9058
8961
8176
7918
7481
9120
7309
8009
8073
9197
8212
8112
8504
8251
9195
8189
8353
8052
8181
10395
7581
7948
8916
12209
8304
7825
8735
7791
9153
9747
9474
8584
8661
7709
8697
8936
8213
7567
8261
8094
8934
7586
8541
8807
8643
11674
8968
8155
11529
8688
8389
13637
7643
8210
9061
9168
8852
9398
8531
7755
8161
8230
8403
7691
8142
8462
9199
7898
8444
8365
9326
7977
9099
9517
7420
9255
9834
8043
8354
9878
8740
8073
17797
8013
7993
12052
10402
8059
7895
9287
8966
7939
10675
8251
9198
13542
8629
8318
9267
8404
7276
8666
8543
7968
9868
8353
8432
8828
8220
8861
8477
9006
8557
8382
8066
7553
8816
8031
8393
7923
8154
7417
8926
8348
9160
8409
8885
7761
7780
10443
7711
9000
9352
7707
7738
14274
8368
8425
9745
9220
9153
9240
8322
7652
8743
8169
8606
8224
8447
8395
8568
9239
7986
7497
9044
8133
7902
7871
8394
9087
8664
7663
8024
8027
8667
7590
9128
7972
7856
8413
8137
8535
9358
11123
7634
11665
7815
8446
12934
8348
9472
7965
7958
8989
7974
7973
9074
9708
7671
8556
7672
7717
8487
7576
8009
7655
7610
8220
7978
9315
8333
7815
9223
7402
8953
8008
9049
8577
8466
7858
7953
8635
8727
7577
9092
8248
7707
7739
8755
7697
8901
7651
7445
9341
8267
8812
8337
8707
9158
7401
8966
7523
7662
11002
7874
9147
17120
11419
7757
8000
9269
7543
8076
8425
8847
8545
8193
8435
8069
8903
8470
7986
8379
8666
9328
7786
8697
8187
9961
8847
8650
9334
8266
8958
13269
9243
8471
8621
8929
9281
8272
7993
9090
9157
8635
8605
9179
8469
8405
9226
9797
8456
8694
10682
7831
8322
14380
8114
7835
8833
8298
8796
9302
8799
7783
8226
8161
8212
8972
7811
8395
11421
8502
9220
8641
7676
8313
8615
8382
7873
8986
9207
9158
7517
8957
8948
8575
8350
12107
9224
7457
7810
8245
8523
9805
8350
9165
8292
8277
8416
8370
7540
8028
8424
8363
9366
9288
8433
7975
8409
9548
7814
8404
8775
9020
8453
7912
8874
8595
10451
8419
9198
8271
8044
8599
13883
7642
9061
8236
9589
8274
9169
7981
8887
8701
10726
7546
7759
9012
9156
7996
9216
11102
8376
9444
8175
8414
13348
8138
7672
11122
8705
8448
7933
8978
9651
8200
8625
8019
9626
7923
7809
8493
7728
8153
8732
8228
9492
8551
7520
8226
7657
8383
8414
8346
9082
8964
7349
8955
9446
8615
8592
9091
9731
15646
9246
9033
9441
8545
8195
16883
13130
7563
8944
11171
8101
7967
10770
7339
11792
7875
8495
8889
9292
8118
8262
7810
7600
7770
7968
9297
8554
10203
10979
9400
9093
13798
9315
8005
8903
9194
8746
7607
7798
10260
8410
8333
9502
9287
8307
8677
8595
8425
8562
8335
8944
9024
7764
10421
8476
8182
14698
7887
7954
8928
8072
8143
8887
9071
9138
8213
8352
8137
9117
7864
8005
8582
8151
8014
8113
7960
7969
8432
11163
8351
8358
7220
7795
8941
7987
8656
8686
7442
7880
7780
8593
8776
7805
9389
7781
7833
8992
7600
8681
10004
7752
9155
17007
8785
8777
10147
7754
9622
9210
8384
8215
8131
9258
8406
8452
8161
7967
8266
8541
8430
7955
7300
8077
7911
7956
9249
8652
8337
7348
8224
8516
8539
7978
10085
8117
8605
10096
9475
9100
12723
7671
8443
10241
8037
8446
7912
8985
7834
8071
7361
8417
9144
9249
7600
8430
8584
7896
8515
8420
7723
8567
8817
8924
7974
8593
7906
8435
9086
9133
8183
8051
7833
8330
8661
9276
8596
7812
8854
7568
10015
9480
9092
13858
9107
8690
8935
8617
9020
8984
8466
8707
8013
7788
7676
8622
13156
8035
8292
8338
8815
8668
8248
9006
8079
8763
7534
9585
8492
8066
8462
8144
8220
8007
8492
9297
8570
9177
8821
9017
8671
8424
7791
7589
8974
7952
9447
10816
9080
9017
14993
8996
7386
9153
8696
8261
8658
8375
9358
7749
8233
7628
9158
8036
7778
8502
7466
8405
8174
9123
8088
8148
8740
8137
8406
9751
7533
8574
8641
7629
7589
10175
8439
7591
9228
7339
8024
9476
8558
8882
13019
10895
8553
8789
7643
8312
7884
8710
8519
7448
8407
7621
8938
7544
8936
8511
8414
8718
9220
7771
9152
8588
8895
7492
8261
7907
8205
8401
7810
9214
7442
8704
7630
9002
7579
8374
8373
7745
8277
9235
8211
7812
7594
8775
8400
8052
8105
8637
7793
9169
8049
8644
10521
7786
8707
10775
8037
8735
11223
8654
8378
8895
9205
8559
8999
10784
8789
8944
8837
8812
8415
8501
7594
7611
8842
7610
7466
7776
9281
8158
8428
8685
9009
10152
8646
9383
14051
8293
8367
9469
9215
8160
9502
8861
8320
7836
9389
9172
7712
8853
8590
14840
16807
9063
7602
9410
8231
8112
7795
8191
8744
8477
8195
8285
8076
8823
8834
11692
7575
8382
9387
7611
7984
9048
8213
8677
7378
10426
8092
10723
14156
7597
9174
8687
7757
8635
7768
7882
7717
10505
7741
9148
7837
7900
7574
8965
8461
8667
8516
8991
8808
8105
7710
8983
8204
7912
7639
8206
8117
8952
7723
9205
8535
8285
8392
9229
7459
7845
7623
12331
9378
7730
7396
9688
7971
8910
8397
7902
9096
14402
8332
9196
8461
7608
7753
11496
9186
8043
8762
9498
7730
8645
8756
10568
8674
9880
8391
8249
17813
8728
8542
7773
8870
9004
8331
9218
7377
8440
7515
8278
7774
9174
7630
8819
8696
7808
8981
8476
14830
9077
7774
9468
8022
7574
8784
8136
9002
8080
8997
7492
8979
8624
7784
7757
8298
7579
7812
8233
8543
7695
8617
8146
8842
8754
8269
8682
8333
8968
8023
9244
9000
8854
8655
9292
8404
10076
9429
11408
13137
8094
8658
8949
7409
7810
7581
8070
9017
8780
8967
8710
7771
7617
8933
9377
8647
8291
8181
9067
8900
8825
9992
7749
9214
16890
8955
9197
9279
8105
7553
10953
8918
7615
8990
8194
7652
7987
8133
8817
8831
9180
9248
9365
10160
8558
7638
9386
8383
7989
13113
7792
8126
11463
9259
8769
7948
7791
8207
9234
8846
8029
8623
9900
8495
7824
8305
7605
9132
8698
9434
8882
8765
9076
9041
15141
9156
8413
9430
8643
8791
8794
8148
8394
9016
7889
8632
8697
8437
8171
7858
8758
7774
7728
7676
7809
8075
8855
8415
8153
7972
7808
9259
8382
8904
7912
9097
8387
8896
8164
9173
7975
7630
8738
8098
9417
8614
8385
10746
7636
8986
13132
21749
7867
7709
9912
8435
11583
15127
8448
8364
10013
7638
8333
7871
7540
9169
9641
8840
9342
8419
8861
9519
8047
9023
9276
7617
13625
8445
7896
12492
9119
8833
8016
8174
7979
8595
9082
8090
8372
8225
8421
8069
8636
8600
8897
9623
8030
8593
7997
9279
8339
8957
7513
8033
8540
7684
7569
8202
8215
7360
9458
7513
7845
7989
7740
9248
8107
8214
8784
10000
9870
8632
12527
7481
8617
10762
8518
8068
9559
9052
8666
8955
9076
8107
7441
8337
8033
8220
9148
8240
8185
9197
9312
15123
11618
8942
9314
9439
8106
7886
8352
7915
9646
7982
8091
8614
8294
9248
8112
8753
9286
9149
8992
7777
8920
7775
8004
9179
9330
9207
7409
7805
9877
9482
8994
13513
197050
8086
11260
8634
9117
9209
8855
14443
10068
8397
9395
7768
7668
9446
8807
9512
7844
8887
7902
9249
8321
7789
8859
8721
8136
8025
9312
7579
7348
7705
7590
8598
7725
8416
13553
10079
8615
8428
13827
8579
9247
7933
7868
8766
8701
9056
8276
8225
8382
8656
8675
9220
8560
7802
9400
8325
8374
9023
7805
7665
8585
7935
8142
7757
7871
8768
8836
8496
7494
8610
8760
8197
11708
8572
8354
15099
8493
8512
11590
7672
8148
9195
7374
7817
8452
9059
8091
8727
8194
8311
9271
9003
8514
8420
8757
8836
8402
8246
7927
8697
8812
8172
8666
10446
8225
8193
15282
9102
9376
9466
7629
8524
9130
7864
9233
8789
7810
8620
7765
9138
9433
8097
8651
8797
7446
9354
7632
8175
10218
10991
8082
12996
8337
8775
10859
8524
10511
8483
8684
8138
8044
9452
8566
7723
9257
8466
7574
8891
7924
8900
8008
7939
8062
9421
8832
7958
9035
8343
7864
9369
7908
8539
14960
8593
7490
9650
7707
7864
9244
7654
9415
7856
7552
9071
9270
9647
9219
12892
7759
7569
8201
7609
9089
8469
9226
8022
7989
9707
8936
9061
16784
8004
8717
9442
7467
8507
8819
8655
7791
8661
11462
8983
8551
8963
9748
8381
13826
8597
7622
10030
8705
8071
8679
8766
8018
8961
8446
9603
8296
8404
7599
9197
8589
8795
8795
8238
8163
8240
8343
8266
8105
7884
7579
7782
9208
8258
8512
8629
7797
7771
8162
8017
8134
9555
8426
8188
8361
7948
8362
9846
7551
7835
8359
8605
7969
10487
8144
8441
15251
8908
7396
10275
8497
8656
11434
7909
8194
8721
8702
7700
8266
7556
7953
7996
8601
7923
9332
8439
8717
7569
9567
7997
8146
8492
9138
8857
9266
7918
8548
13633
7692
7876
11337
7913
8162
9171
9495
8224
7702
8480
8644
7973
9178
9297
9223
16586
8797
8479
9343
9238
8813
9199
8303
8690
7466
9192
7894
8635
7988
9020
9188
7830
8988
9381
9785
9082
8760
13262
10568
8517
7856
8186
8496
9418
9331
7718
8758
7822
8908
7886
7904
8925
8379
9079
9468
8672
7690
7670
7894
8294
9051
9017
8071
8945
7872
7828
7500
8586
8150
7835
8987
7347
8405
8704
9436
7890
8616
13574
7538
8999
11319
7857
8476
9381
8134
8035
8005
7832
7990
10167
8353
9192
8482
8717
7725
8727
7759
9027
8496
8718
8896
8979
11892
8601
8979
14824
7943
8092
10984
7594
8260
9495
8542
8193
8022
9046
8006
8389
7783
8547
8274
8440
8971
8271
8400
8395
8193
8758
9437
7579
9035
8517
8189
9035
8813
8997
10644
8196
9400
15622
9225
7369
10041
7820
9254
8311
8458
7584
8813
7719
8376
8930
8451
7985
8450
7631
9332
9218
7643
7788
7883
8093
9346
7533
9084
7932
10505
13114
8348
8815
11545
8329
8075
9064
8435
9246
8591
8909
8171
8770
7634
7966
7533
8979
8143
7969
7928
7722
8531
8813
9276
7581
9083
9050
9385
7995
8239
8278
9496
8533
11969
13440
7700
8615
8815
7987
9166
7960
9418
8769
8052
7704
8761
8698
7833
8558
7973
7834
8060
8123
9100
7899
8195
8193
8529
8486
8757
9215
7585
8768
11587
8016
10560
9201
8229
14261
7635
8800
11184
8523
8056
7956
8135
8136
8883
9238
8215
9558
8918
7702
9235
8206
7612
9364
8310
8052
7752
8153
8104
16453
13057
8796
8326
7975
8553
8746
8871
8991
8630
7502
7801
8209
7902
9080
9045
10789
9061
7683
8753
8573
9374
8190
8857
8537
8555
9861
8862
9261
11728
7660
7929
9368
7972
8895
11793
9058
8452
9201
7457
8167
8409
10360
8990
7783
13484
7351
9240
11495
9061
8177
8120
8569
8820
8672
8604
8241
7638
8149
8998
8707
8834
8463
8573
7730
8695
8436
7998
8592
9322
9495
8564
7774
8018
7884
10345
9717
8915
9287
14936
8675
7707
9747
7755
9538
7840
8242
7876
9295
8799
8440
8372
8283
8446
9401
8377
9012
7949
8661
10138
8492
8614
8883
8114
14852
8313
8777
8876
8625
8387
9387
8182
7983
7975
7753
8858
7910
8103
8754
7860
7716
9249
8238
8579
7938
8818
7712
9005
7985
8148
8264
8087
9171
7757
8205
9189
8517
8800
8144
8137
7858
8189
8865
8961
8071
7944
9035
9009
8737
8653
7856
8702
8856
13913
8150
8169
12130
8652
8937
10184
7981
8416
9235
10256
8673
8950
8256
8938
8846
10977
7554
7805
12310
8005
8579
11339
8148
7896
8938
8719
7361
8835
8277
8340
8657
8414
8462
9591
7701
8395
8121
8906
7774
7531
7749
8058
8221
8562
9039
8005
8332
8457
8901
8665
8133
7576
8692
7974
8420
8132
9074
9732
10183
8423
9374
9012
8541
8754
8867
8046
8344
15789
8764
8209
7713
8049
8776
11714
8112
8296
9318
8129
7887
9076
7538
8247
8819
8432
8364
8415
9252
8585
8233
13946
8196
8553
11599
8236
8075
9638
7974
8698
8112
9211
7577
7587
8212
8312
8894
8666
8903
7730
8391
7743
8780
9139
8405
9070
7819
7314
7996
10464
8002
8029
9451
8054
7990
8130
8751
9032
10786
8108
8577
13776
8566
8793
9195
7849
8643
9773
7938
11364
7991
8172
9145
8831
8225
8173
8841
8813
8948
7759
12833
8386
8541
16246
8702
7766
9825
7285
8453
8194
9143
8964
8758
8413
8233
8956
7414
8910
9390
9600
9011
8272
8686
7914
8831
10366
8468
8394
13505
8253
7623
10873
9328
8693
8841
7733
9398
7553
8567
7825
8404
8374
7307
8334
8372
9155
8624
8615
7733
8425
10286
9435
8015
14631
9590
8165
8731
8295
8733
8619
8799
9097
7581
8606
8259
8629
8909
8864
8372
8796
8676
7953
8134
8145
8523
8972
9234
7438
8796
8579
7716
10549
9600
8384
13894
8075
9092
9389
7984
7651
8741
8624
8678
8533
8073
9177
7472
7758
8508
8579
7691
8872
9240
7896
7825
8512
7908
8481
7753
9225
7646
7558
8278
8759
8731
7921
8495
8917
9166
9089
8790
10051
7600
8501
15435
7628
8194
12321
9226
8369
8364
7253
9239
8996
9042
7979
8510
8608
9680
8796
9779
7609
9203
13134
7588
8215
12697
8013
8555
9127
11242
8586
7915
8717
8487
8585
9385
8155
7559
7890
9096
7743
8807
8272
8520
8783
8550
8568
11046
8200
8389
14560
8562
8554
9639
8404
7633
8799
7911
8251
9189
10220
8979
7848
11013
7553
9376
13414
7753
9310
10345
7797
7969
9019
7961
7584
9071
8402
7748
8344
8329
9194
8958
12082
8204
8662
8072
8026
9237
8637
11613
7729
9256
7575
8204
7732
19716
9804
9192
8816
12243
9240
8256
9618
9387
8962
11702
7888
9278
8595
7969
8812
7899
7832
7233
8413
9251
7597
8737
9555
9474
7430
10979
7769
9018
15382
8487
8788
7927
8818
7745
8206
7650
8487
8500
7802
8980
8641
8276
7584
7396
8693
7470
8215
9021
9198
7832
8056
8882
7611
8050
8395
8879
8188
7960
8617
8364
9382
8239
7990
9202
8437
9178
8557
9297
8465
8810
9075
8206
7593
8175
8165
9837
8615
7596
8061
8425
9857
8673
7953
11022
7877
8185
11888
7809
8266
11349
8709
8193
9933
9292
9053
7953
7795
8386
7722
7593
9251
8297
8960
183942
9522
8743
7678
13280
9621
7926
7721
10335
9205
7945
9445
8559
7619
8583
8835
7912
9073
9565
8309
8648
10328
8902
7631
14266
8907
7620
9175
8497
9093
8423
8451
8234
8225
8102
8364
8299
7933
9050
8620
8717
8285
7984
9159
8521
8238
8917
9537
9340
7774
9099
7508
8674
9907
7989
9189
8424
7589
14362
8768
7781
10601
9283
8136
8241
9256
7989
8764
8596
7908
7404
9294
8922
9213
7586
7778
8637
9742
7895
8770
7600
7634
7461
8865
8129
8286
7690
8271
9254
8627
9178
9162
9013
8438
7970
14956
7462
8234
12075
8193
8286
9738
7733
8383
8820
8092
9951
8825
7973
9182
7737
7753
8543
7871
8111
9584
8890
10862
8535
8269
8142
7897
7394
9725
8074
7847
10464
8133
8140
16755
7863
8791
9925
9039
8820
8152
8198
7833
8605
8454
8697
8728
9065
7716
7578
7996
7984
8764
9277
8312
7635
7705
8917
9080
9639
8769
9230
12543
8189
8804
11940
7854
8450
7915
8175
7822
8454
9251
8917
9041
8672
7785
8943
9087
8476
8165
9217
8509
7594
8271
8940
9936
7722
8230
8435
8815
8208
8506
10482
10382
10111
13292
7788
9299
9183
7979
8849
8543
8800
7529
7754
7675
7696
9015
7455
9143
8919
8186
7585
9334
8230
7601
9261
7923
8415
9271
7534
8629
8324
8379
8478
8758
7753
9023
9178
9910
9167
7835
15548
8244
8758
9400
8312
9047
8945
8575
8370
7766
8134
8246
8472
8339
8618
8794
9528
11697
8133
9199
7933
9322
17595
8711
8820
8030
7633
8815
10590
8092
8855
9309
7418
8415
7964
9371
8302
10897
12197
8472
7563
12195
8649
8635
8645
8663
9558
9065
8153
9073
8200
7802
9101
7715
8556
7729
8071
8384
8553
8775
7482
7779
7707
8565
8018
8669
8396
8838
8619
9164
8348
7560
10245
9102
10215
9133
8765
8289
8110
7558
8816
10735
10036
7776
7891
10867
7490
8682
13555
7920
9220
10029
7830
7971
9169
9379
8273
8600
8624
7712
8232
9082
9155
12356
10782
8634
8009
17192
8155
7820
12509
8254
7948
8579
7692
7700
8092
7835
8522
8455
8584
8181
7815
8219
7630
8451
7730
8369
8401
9345
7829
8307
8649
8582
7536
8257
7659
8666
9090
8625
7359
8174
8166
8090
7810
10748
8355
10488
7740
9093
13859
8858
7630
9624
8675
9430
9043
7929
7882
7749
7724
8280
7783
8397
8994
7979
8441
8895
8319
7692
8949
12100
7709
8839
7937
7717
8574
9351
8215
8010
8152
8434
8583
8609
9001
9449
8373
15543
9162
8112
8315
8132
8473
8712
7876
8391
8875
8651
8687
7662
8230
8047
9101
8392
9939
8013
9653
8801
8193
12716
8033
8969
14343
7964
9256
8753
9226
8835
8824
8375
7984
9022
7717
8195
9292
9322
8620
9100
8393
7701
9051
8466
8420
8805
11079
8173
8565
16513
7741
7676
12215
8593
9166
8744
8139
9050
9069
7579
8097
8092
7798
8226
8827
8168
9104
8959
9797
8428
8969
11592
7824
8425
15526
8588
7810
8185
7748
7584
8626
8574
8732
8086
8056
9943
8835
7719
8205
8592
8123
8165
9138
8823
8605
8343
9030
7397
9022
7935
9037
9033
10474
8145
7821
12089
9320
8358
10425
7693
8272
7949
8854
9138
9691
8445
7529
7669
8954
8997
8600
7666
8345
7558
7865
8923
7917
8712
8056
8554
7430
9183
8343
8614
8876
7980
8131
7882
8200
8327
8018
9197
7686
8600
7530
9461
8716
8921
7961
10487
7541
10092
9322
8595
15848
8605
7783
11829
8490
7806
9307
8798
9334
8413
9605
8076
8099
9475
7805
8939
9279
8998
8059
13687
8689
7995
9393
7410
8415
10154
9194
8475
9200
7892
8559
7964
8907
9600
8342
8069
9199
7651
7912
8205
8705
8963
9410
9148
9719
8580
7998
12949
8974
7963
12767
8258
9005
8784
8700
8799
9210
8544
7992
11539
8736
7928
8294
9214
8996
7333
10604
7891
8579
13751
8692
7874
9180
8179
8838
10335
9084
7854
8719
7631
8899
7584
9030
7598
7370
8797
8828
9054
8584
8811
9176
7823
8385
8622
9261
8425
8317
10673
8327
8701
17140
7617
7792
11836
7716
8432
8558
8844
9189
8392
8849
8196
8686
8837
8502
7676
8079
7613
8369
8664
8719
8350
11333
11801
8639
12673
8199
8290
7717
9082
8287
10459
8146
10876
9137
8094
9529
7449
8876
8665
8372
10418
7557
7979
14842
11175
8878
8362
8437
7615
8389
7759
7593
9613
7875
9151
9273
8994
9194
7426
9220
8133
8216
9205
7651
9019
8635
7851
7492
8825
8060
9160
10267
7455
8431
9382
9014
8161
13033
8697
8016
10965
8945
7957
8719
9046
8416
10743
8676
8111
8264
9276
7760
14158
16051
8787
8943
9668
8559
8245
7888
8029
7749
8519
8536
9020
9267
8797
7656
8461
9189
8188
9196
7771
8573
8145
9341
7681
9105
11384
10984
8650
12025
8256
8144
8593
8451
8775
8235
8352
8492
9693
9211
8841
8024
8148
8344
8060
8528
9241
8687
8339
7591
8230
9238
8559
8309
7979
7673
8784
9800
10210
9161
12571
8400
7521
8065
8989
8074
9390
8830
7758
7871
8292
8120
8578
7841
8620
12872
7573
8297
8235
8533
7561
8266
8498
8946
7568
7923
7625
8036
8679
8999
8577
8358
7811
8076
7804
7431
7912
8076
7998
8344
8642
8343
8026
7897
7793
8210
9300
8914
9220
9084
8430
8364
16636
9337
7799
205180
8312
8184
8051
8161
14496
8028
9099
9384
7821
9031
8956
8333
9328
8138
9084
8813
8480
8659
9289
14866
11332
9184
8860
7765
7549
7608
13823
7590
8210
7592
9080
8897
8052
7835
8519
7713
8962
8132
9220
8019
8172
8209
7808
8146
8056
8821
11589
7954
9736
8150
7812
13218
8997
8278
10242
8099
9056
7846
8393
8372
8039
8364
7592
9639
8980
8955
9174
8239
8194
8585
10295
8211
8188
8007
8794
7791
8084
8718
9134
9061
8248
8608
11102
7912
8833
13597
9712
8789
7840
9270
8203
8582
8711
7836
8379
8389
8497
8039
9227
9311
8331
7856
8867
8574
7623
7666
7551
7930
8256
7972
9177
8415
8209
8080
8689
8154
7750
9377
9298
9533
8875
7744
9950
8353
7788
12130
7593
8359
13923
8239
7851
10592
8152
8548
12111
7742
8897
7661
8601
8947
8315
7714
8446
7623
7564
9071
7603
7749
7830
8172
8998
8414
8637
10979
9277
7960
14073
7856
8110
9413
7978
8647
14303
7642
8422
8126
8252
9132
7686
7712
8256
8845
7612
9884
7992
8315
8556
8214
8202
8179
7764
7820
9792
8912
9436
8014
8294
9693
7934
8639
14476
7760
7600
10937
9220
7959
8097
8501
10373
9253
7591
8384
7971
7391
8335
8059
9358
8224
9296
8911
8115
8957
7546
9228
9194
10933
9046
7384
14143
9198
7809
10010
8092
8601
8000
7601
8365
8446
7898
8902
9723
8359
9006
8494
9150
8185
9277
7970
8145
8317
7986
9163
7535
9120
7765
8936
9842
8736
7565
9140
9261
7673
15238
7591
8235
14282
8378
9214
7574
7774
9317
7868
10017
8741
7842
9159
8453
9012
9010
7942
8602
13416
9047
8065
10358
7974
8977
9504
8625
8400
7856
8037
7881
8065
7916
8574
8621
8153
8328
9230
8163
7756
8835
7711
7992
8058
7989
8544
7811
14119
9521
7813
9002
8220
8285
7731
8200
8169
9561
8678
9016
9262
8825
7933
8037
9059
8725
8594
9124
9192
7476
9781
9306
8213
10031
8983
9950
12835
8461
8131
9893
9155
9454
8414
9142
8005
8712
8161
9036
7971
7948
8773
8617
7612
9050
8787
8526
8841
8231
9597
8933
8708
16728
7342
7801
10838
7907
9126
9086
8551
8661
9507
8084
8513
8040
8318
7775
8477
8844
8918
8597
8226
9010
7718
8001
8860
7584
9918
8804
8793
9362
8625
8261
14707
7835
8583
9954
7931
8020
9636
10815
8406
9139
9102
9253
7393
8863
8861
11521
11034
8985
9230
10446
8447
7493
8082
8615
8796
9921
8202
8502
9151
9005
8403
10446
8274
8675
8428
8484
9338
8442
8027
8670
8058
9236
9259
8107
13817
8307
9225
10443
7576
7555
8401
7821
7367
9482
7611
9179
9204
8591
9046
7815
8512
7752
9279
8479
8326
7715
8666
7881
8784
8621
8125
9872
10425
7794
7562
10688
8647
8746
17374
7719
8283
9318
8620
9097
8429
9154
8242
8445
8005
7758
17107
13671
8008
8153
9477
8958
8651
11880
7656
8349
7671
8170
9180
8855
8297
9009
12692
10906
8266
9234
12798
8308
7896
11696
8384
8107
7676
8712
7721
8261
8482
7756
7882
9199
7998
7568
8020
8324
8415
8811
9318
8788
9200
8094
7563
12574
8384
8404
14735
7832
8187
8777
8815
7379
9497
9019
7970
8815
8432
7592
8887
8156
9260
9448
8664
8035
8596
8973
8769
7994
8325
8209
7486
8382
8261
9215
9641
9727
7780
10136
8292
8066
13198
7700
8317
13452
7902
9082
8727
8483
8755
9273
8216
8948
7992
8458
8397
9084
7923
8774
7933
8900
8697
8430
11369
7916
7973
13326
7598
10735
10543
184471
8385
9221
8441
8652
8400
17392
7808
8714
11399
9250
8205
8187
7611
8323
8077
8279
8366
8625
9388
9158
8505
8134
9241
8154
10105
8422
8646
11427
7611
8179
8135
8965
9194
8497
8388
8358
8480
8166
7978
8113
9276
7928
8336
8111
8355
7606
13194
9349
8563
13556
7598
7886
10888
7492
8386
7616
8366
7804
7887
8376
7394
9981
8235
8960
8671
8047
8000
7764
9087
8735
8662
7602
8112
9172
7730
7728
8846
9004
8672
7788
7898
8907
8711
8562
8359
8859
8764
7601
8435
9621
7820
8213
10441
8840
8732
13434
9097
7909
8509
8088
9248
9077
8503
8573
7841
7974
8843
7974
9059
8208
8537
9025
9102
9051
11243
8385
8690
17170
9152
8351
10322
11606
8702
7691
7692
11512
9158
14712
8049
8923
10043
7662
8092
9537
8628
8350
9032
7773
7790
7916
8807
8502
7999
9135
8705
7726
7598
9172
7827
9586
8933
8010
9242
7665
8676
8069
7757
8841
8829
8576
9278
9413
9214
7753
9682
8403
7672
15023
8690
8245
8622
8578
7658
9544
8414
8615
9023
9097
7915
9108
8811
7737
8231
8968
8273
9138
8745
9057
8783
14634
8739
7569
13264
9126
8189
8569
8592
8451
7821
8700
9420
8801
7789
8668
8897
9710
8610
8523
7827
8184
7338
9239
8030
8391
7789
9200
9541
9920
8562
8274
17205
8613
8058
9408
7995
7589
8066
8800
8833
8712
7840
7745
8543
7557
8451
8742
8579
8791
7611
7743
9049
8676
8812
8675
9243
8813
8427
9225
10466
8053
7538
9017
8359
11290
11946
9690
8787
9076
8276
7955
8933
9493
8744
8800
8110
9086
8032
7713
8592
8403
7841
8174
9230
9001
9055
7859
9526
8502
8241
13202
8565
8781
11005
9256
8182
8712
8862
7432
8392
9452
8375
201477
8363
7945
7704
8093
9709
8956
8494
13672
7640
8246
10448
9400
7427
8230
8633
9287
7910
8896
7868
9614
7868
7834
8658
8670
7803
10441
8707
8901
8418
9205
9080
9430
14261
9238
9268
8210
8789
9351
9437
8572
7902
8919
8833
8661
7892
9281
8586
8141
8476
8384
8435
7969
7948
8211
9051
8823
8902
12066
8651
7963
15603
8817
8379
8189
9028
9152
8727
8433
7531
9044
9036
8114
8344
8707
7949
7831
7733
8431
8145
8441
9368
7865
8787
9194
8969
10367
7548
8537
13174
8834
8665
9610
7858
8641
14205
8029
7694
8970
8492
8683
7953
7589
8278
9056
9676
9000
7722
10738
8405
9892
12739
8091
8387
8582
8133
7697
8825
8189
7831
9282
8314
8305
8591
8859
7965
9064
8393
8108
8033
9133
8455
9190
7861
8505
8835
8388
8553
8229
7649
7573
7727
7456
8621
9186
7878
8539
7666
8353
7917
8738
7830
8034
8130
12171
9255
8579
13428
8146
8387
10326
8063
9082
13729
8415
8495
7492
8461
8679
7974
7830
8223
8640
7979
8800
8805
9864
8176
8171
9038
7974
8835
11473
8095
9205
13503
9093
8212
8994
7865
9866
8054
8566
7606
9437
7784
8976
7841
8255
7815
8839
7904
7952
7676
7305
7662
8194
9281
8427
8145
9732
7511
8338
9203
8236
8064
8316
7553
10750
10431
8864
7583
13709
8803
7930
8771
8731
8929
8235
9417
8790
8798
7866
7954
9594
7533
8087
7641
8415
7845
9499
8543
8475
7702
8430
7813
8140
7620
7560
8635
8819
11364
8483
8311
7846
8479
8847
7857
8435
10065
7411
8235
14932
9195
7571
9686
8121
7820
10423
7863
8047
8076
8020
7914
8902
8191
9130
7980
8400
7933
8653
7877
10524
9061
9218
8635
7873
7779
7702
7810
8257
7972
8782
9007
9120
8537
9540
7963
7831
8474
9259
7788
8551
17523
8301
8247
9422
8005
8174
9271
8153
7629
8648
7939
8617
8437
8720
7951
9441
9272
7778
8871
9170
7613
7613
8106
9211
7813
8353
9257
7943
7608
9175
7645
7632
7531
9021
13473
8337
7851
7586
8333
8896
8627
8543
7620
10366
8675
8888
7709
8517
7851
7682
8620
8249
9063
7506
8075
9219
8425
9002
8250
8947
7827
8194
9357
9212
9000
9840
9365
9810
12574
8174
8758
8690
7560
8424
9864
9435
7772
9570
9016
7617
8210
9310
8545
7558
7874
8552
8702
8848
7996
8736
8557
8539
8186
8625
7590
9061
9097
8010
7313
10224
8114
7797
12388
8194
9117
12051
7740
10251
9584
7986
8401
8006
8008
8420
7546
8007
8391
9249
7765
7569
8957
8202
8042
9890
7684
8420
8651
9039
7939
7757
8589
8267
7994
7655
8916
8346
7943
9020
7602
8353
7420
9099
8466
8711
8207
7866
8035
8467
8794
7958
7996
9738
8216
9523
17152
8480
7761
9401
9141
7868
9259
7797
8236
8983
7576
7791
8553
9058
7720
9255
9033
11207
9542
10303
7682
8700
11788
8994
7732
11521
7979
9218
8006
8434
8566
9574
7633
7804
8946
8622
9030
8010
8374
9020
8579
9047
7862
9055
8846
8615
7926
7855
8579
7760
9932
9239
7912
12449
7864
8733
13340
8928
8916
8892
8276
8052
9110
8492
8310
8758
8429
8720
8546
8878
7933
14509
14393
9107
8389
7702
7692
7789
9215
9070
9016
16458
7954
8973
9238
8821
9206
8761
14338
7719
8669
8497
8701
7545
8854
8889
8504
7753
8528
7961
9040
7394
8180
7792
7866
8152
7857
9230
8497
9390
9676
8578
7849
9519
8198
7481
8076
8386
8700
7916
8657
8396
8861
9685
8450
9056
8768
7815
13680
8064
9151
11200
7725
9159
8993
9827
7953
8943
10771
8857
8393
13251
7915
7311
10953
10960
8428
7917
9340
8243
7342
8230
8312
8893
8833
8571
8162
7691
7788
8325
7626
9303
8914
8195
7510
7583
9207
8684
8531
20887
8358
8111
9443
8772
8583
7996
8698
8109
7621
9105
7654
7771
9112
8029
8983
8646
7884
7958
8984
8982
7313
9117
8017
7736
10032
9215
7593
9861
8102
7933
10323
9420
9218
11616
8266
9279
8616
7835
7944
11630
9635
7754
7764
8501
8487
8673
8999
8215
7730
11890
8123
8455
9550
8002
7968
8263
8776
8447
10905
8835
8151
7873
8782
8210
7567
8405
7969
8816
8770
8458
7583
8954
8393
7512
8305
7943
7441
7581
7699
9406
8634
7455
7951
8482
7769
8351
8990
8002
8538
8579
7402
8753
13292
8271
7917
8419
8943
7651
8820
9089
9110
9230
8273
10604
7461
8292
8999
7713
9232
7526
9025
8152
9015
8776
9410
7593
7805
8636
8206
8641
9482
8232
9076
17586
8155
7620
9785
8068
8982
8988
7964
8451
7802
8670
7746
8553
7655
7628
8166
7771
9119
7764
7405
8153
7810
8511
8162
8787
7792
8424
8397
7394
8425
8174
8809
7612
8600
8375
8762
9052
9200
7733
8586
8152
7636
8361
8878
10468
8979
15603
7758
8151
10506
7608
8940
9785
7652
7720
8449
7821
8369
7849
8630
8925
7610
8993
9026
8718
8492
8502
7963
7380
8998
8493
7964
8303
7907
8502
8466
9254
9198
9102
8182
11997
8062
7793
14120
9065
7622
8604
8374
7911
8979
8902
9010
7851
8296
8502
8227
8446
9302
7575
9338
7589
8092
7730
8020
10351
8407
7919
7794
10204
7603
9123
9374
8866
7667
8995
7361
8781
12936
7674
9131
16215
8195
7367
8941
7898
7815
8262
7970
7751
8490
7579
8429
9727
8441
11261
8061
8236
10878
7533
7649
13476
8894
8415
8737
8207
8979
8230
7538
9181
9092
8141
7550
9269
8555
7453
8406
9569
8192
8515
8876
8271
8938
9839
9223
8588
10243
8607
7606
13560
11226
9015
7779
10741
7494
8333
9038
8012
7693
7438
8256
8761
9008
7830
7678
8878
7359
7687
7604
10459
8136
8266
8195
7854
8817
7954
7771
9206
8456
8898
8447
8770
8949
9523
9205
8198
9989
8704
8679
16627
8996
9066
9057
8011
9256
8796
8253
8748
16390
12127
9037
8405
8733
7454
8974
9750
8063
8319
9389
8755
8256
9153
8203
8252
7789
7560
7666
10924
8511
8133
8401
7571
8024
7701
8616
8887
8775
7979
9029
8615
8947
8136
7767
9197
7703
8669
12930
7625
8135
14664
7661
8156
7981
8090
8738
8255
8019
9300
8132
9557
9013
8653
7955
7810
9211
8186
8889
8155
7855
8403
8688
8171
9039
7534
8205
9041
13117
13502
9020
8395
8831
7833
8757
8138
7952
8609
8259
8187
8596
8439
7571
10825
7755
8442
8790
8205
7650
8876
8087
8335
8792
7880
8731
7483
8099
7748
8048
7956
7974
9043
7713
7661
8418
8396
8284
8147
8010
8502
8302
7534
8802
8140
9159
9138
8240
8515
10122
8775
7904
8912
8916
7600
9852
7971
8130
17876
9249
8914
8568
9000
8435
9185
8129
8576
14784
13312
7730
8765
11312
9049
9448
11721
8015
7909
7823
12502
8995
9309
8685
8267
7805
12326
9800
8054
11605
9225
8102
7817
8487
8335
9590
8907
8271
7492
7792
8601
8942
9336
8825
9550
13235
7923
9251
11015
8877
7440
9580
8097
9281
8558
8413
8367
8353
8839
7370
9241
8192
9171
8005
8674
7889
7574
8256
8397
8824
8432
8197
8957
8834
7808
8865
8169
7853
8596
8631
7790
8179
7563
8937
10285
10942
8108
8398
13547
7840
8419
13289
8123
9282
8059
7903
8471
8815
8424
8412
8846
8992
7789
8374
8295
7743
10497
10726
8496
9124
12606
8717
9285
8615
9228
7873
8033
8112
11760
9041
8125
8199
7715
9335
9235
8481
8458
8676
7702
8548
7825
7831
7388
8104
7289
8102
8351
8483
8326
8275
7990
8636
8170
8624
8033
7627
8471
9280
11417
9625
16762
9823
9482
8553
8052
8778
9161
8510
9433
8160
7840
9314
8336
10112
7560
7576
8117
8315
8650
9018
8851
8949
15646
7764
8164
8707
9006
9022
9189
8551
8271
9529
8105
8348
7684
7895
7969
8195
7599
7977
8989
7600
8561
8299
8177
8175
8189
8179
7856
7882
8554
8031
7717
9132
7911
8598
8731
8152
8394
8733
9476
8173
12635
8336
7574
11938
9366
9078
8805
8509
7914
8215
7938
9261
8798
8802
8594
9489
8164
8034
8515
8990
7549
8427
7521
8264
8389
8347
8076
9099
7893
7924
8106
8702
7875
7652
7661
8435
8140
8622
8978
9079
9611
7957
7993
8400
8437
8594
7686
8790
8876
9165
8150
7598
11338
7762
7630
14354
8133
8066
8546
7756
10104
8580
8552
8056
10207
8632
7938
7839
8567
8568
8400
7546
8516
8772
8697
7668
8656
8223
8665
8666
8600
8030
8111
8417
7323
8359
7792
9000
9276
8953
8518
8111
9667
8134
7835
10825
8428
8899
16311
9256
7595
10303
8395
9210
8449
8454
9381
8603
8211
8523
8324
8407
8745
7786
10954
7847
8348
13940
8785
8460
11489
8948
9662
7767
8400
8056
7610
8372
11679
9399
9676
7497
7670
8374
9142
9052
8687
8714
8082
14664
8598
7753
10087
8601
9139
9109
8221
8918
8910
7403
9338
9176
8026
9503
8294
8494
8700
7589
7782
8507
8956
8020
7631
7552
9439
9195
8113
7989
8098
8736
8601
9501
9751
7863
10784
8912
11451
11969
8960
9060
7830
7635
8758
7671
7734
9016
7937
7835
8114
9213
8502
8389
13195
9032
7984
7866
8738
9112
8557
8415
8817
9185
13067
8403
8244
10412
7318
9337
9904
8088
8956
8685
8299
7881
8076
7783
8016
7812
8144
8385
8000
8059
8151
8892
9578
7789
8491
8054
9378
8876
9276
8492
8887
10020
7376
7958
11101
8807
8533
14497
8256
8380
8193
8212
8764
9145
7758
8177
7560
8523
7830
10181
8281
8758
8044
7792
11564
8090
8124
9158
8967
9708
7456
7930
7851
8581
9032
9759
7639
7499
9864
8552
8707
16015
7694
9177
9280
7592
8934
8232
8918
7815
9317
8485
9365
8081
8837
9147
8361
8696
8781
8143
9191
7578
7499
8550
8720
8903
11155
8108
8311
14515
7583
8148
8451
8523
7948
8928
8954
8980
8056
7793
8791
9266
9075
8251
7584
8159
7748
12708
9057
8590
9154
22761
7868
8706
9293
8389
8741
7815
7754
9071
9051
7634
8472
8279
11163
8315
7769
14431
8507
8753
12182
8774
8333
9134
7516
8352
7573
8349
9354
8792
8871
8216
8182
8697
8018
8971
9421
7925
8819
10124
8875
7439
16888
7488
9190
9864
8910
8857
8546
8611
8612
9286
8312
9018
9085
8883
7992
8825
9682
8144
8814
14052
8869
9589
8427
8231
8353
8352
9251
7560
8289
8467
9441
7975
8204
9379
8116
8581
9312
7849
8736
9232
8117
7433
7815
7753
8537
7605
8415
8399
8618
7598
8990
8787
7764
8087
7783
7891
9077
7884
8253
8794
8441
7533
9553
8399
7779
9767
7706
8480
13667
7885
9153
11223
8477
8317
8284
9240
7637
7704
8555
9457
7973
8193
8923
8097
11818
8229
9154
9887
8874
8143
15129
7981
9269
9076
8523
8288
8343
9138
7767
8392
10015
8211
7277
7769
7915
7902
8815
8801
8552
8410
8011
8627
8766
9038
8899
9054
8666
7830
8787
8411
8398
19781
8018
8333
10525
9156
8644
9594
11553
8317
8030
8189
7977
8764
9788
7933
8415
10532
7833
7929
13508
9025
8012
10015
7810
8418
7541
8051
11289
8714
7810
7915
8003
7793
8070
8900
8389
8254
7770
8243
8967
7745
8816
7654
8776
8203
9461
8655
9571
7948
8015
9035
8295
9331
10251
8787
8212
14458
7677
8992
9636
8555
8697
8200
8574
9183
8576
8635
9086
8803
8335
8010
8005
7744
8270
7986
9148
8378
8625
9215
7898
8368
7559
8629
8646
8443
7589
8142
10307
8804
7366
11098
10207
8075
13291
7707
8680
7717
9241
8372
9029
8200
8275
9461
7942
7602
9025
8446
8828
9257
8543
8403
7928
8743
8221
7991
9690
7902
8194
8851
7784
8415
7815
7761
8296
7533
7699
8464
9246
8836
7672
8672
7361
8880
9974
9008
8194
17715
7736
8111
9621
9207
8130
7897
9888
9011
7519
8364
9045
8350
7574
7685
9178
8444
8260
8662
10139
8526
8120
9478
8630
9013
10019
8394
8503
12798
9000
8635
9620
9136
7830
7844
8458
9170
8579
8014
7822
8143
7684
8500
8189
9194
7814
8910
8135
8894
8400
8753
9167
8875
8092
8435
12866
12592
7769
8243
11985
8068
8598
7958
8430
8303
9308
8046
8584
9455
8980
7653
8549
8988
8272
7810
7731
9225
7420
8414
8687
8437
8764
8200
10494
8779
9100
8697
9741
7953
8433
16106
9293
8414
10094
8714
7888
8128
9253
7528
7708
7644
8258
8137
8290
7774
7691
8323
8876
7798
8013
7958
8678
8394
7935
8445
8476
8802
7940
8062
8062
8871
8530
8009
17078
12500
9595
8092
9201
7974
8012
14148
7989
9115
8009
8746
9266
8537
9235
8602
8071
14987
8618
7776
10397
8281
8163
8256
11013
8012
9243
7980
9238
8498
8476
8719
8082
7867
7786
8420
8414
8650
8922
9890
8646
7972
10910
7436
8082
14242
8907
9000
7207
8799
7602
8509
7837
9020
8986
7340
8878
7892
8054
7948
9273
7580
8021
8656
9244
8312
9205
8899
8604
8212
9234
9186
9372
7700
7607
9420
8661
8974
9095
9949
8314
8867
8164
8106
8657
16430
7627
7719
9242
9215
7425
7594
8733
8588
8605
8224
9244
8123
8977
8815
9358
9327
8087
8664
14801
8523
8481
9897
9241
8454
7758
7533
7911
9591
9230
9090
7496
8138
7446
8810
8657
7869
7851
7780
8944
8353
8808
8256
8335
8806
8221
8109
8275
9439
7994
9413
8735
8265
9156
7986
8896
9521
9297
8077
13775
9216
8702
8977
8548
8092
13302
7918
8471
8980
9026
8243
7948
8198
7917
7906
8843
9031
8303
9239
9025
7892
9320
8677
7834
14525
8763
8728
8953
8635
8066
9114
8482
12430
9134
8420
8006
7843
8639
8318
8017
8037
7748
8114
7578
8171
8100
8035
9194
8112
7977
7815
8209
8178
8446
9106
8495
8848
8474
10507
8813
8388
17598
7789
9222
9217
9092
8748
7677
8389
8251
7595
11344
9269
8815
9543
8353
8974
15125
8849
7661
12355
8097
8082
8695
9141
7550
7697
8514
7860
8376
8666
8978
7817
9376
8245
8206
8915
7564
8477
8041
8928
13938
14273
8176
8520
11445
8963
9280
8881
7915
7814
7612
8215
8776
8008
9199
8300
7689
9189
9241
7589
8394
8338
8102
9292
7598
8717
8541
7657
8087
7414
8567
8823
10283
9028
10467
15724
7368
7995
11810
8556
8095
8107
7832
8185
8405
8746
7822
9040
8142
7545
9360
8953
8397
9153
7756
8022
8470
7590
7591
8893
8305
8888
8024
10065
8704
7536
13667
8579
8415
10456
8217
9158
9179
8596
7732
8451
8669
8801
8339
9240
8352
8281
8412
7504
8631
9424
8403
7905
8521
7750
7561
8175
8547
8735
8083
7301
9130
7982
10076
7852
10994
8171
8238
12406
8417
8538
11382
9600
8119
8286
9300
8254
9308
7699
9182
7613
7389
8387
9641
7749
8061
7574
9613
8164
8822
8440
9341
7823
8791
7800
8206
7928
8522
8878
8015
9349
8936
8465
9013
9017
15365
7916
7953
9195
8064
9580
8389
8074
9123
7839
8148
8499
8978
8235
8572
9009
7692
8322
8613
8379
8155
7805
11112
8522
9010
9566
8551
7655
9854
7945
8032
17041
7965
7594
10825
8622
8030
7791
9943
7890
9589
7784
8114
8184
7668
7929
8014
8194
7830
8792
8924
8111
9322
8115
8777
7791
7950
9275
8508
9506
8025
14035
12269
8633
8927
8620
8069
8435
9802
8238
9014
8352
8054
8007
7560
7635
8231
7333
9282
8506
8536
7981
7740
8195
7280
8574
10707
8965
7606
8906
7584
8261
7543
8080
9210
8573
8700
8308
8245
10604
8074
8657
12959
8571
8123
9459
7889
8775
9476
8500
7856
9404
7951
7579
8466
8895
8181
7845
8482
7329
7984
8645
7827
9146
8583
8192
7490
9164
8655
11434
7948
8825
8188
7728
7816
8153
8307
7838
10912
9358
8022
9319
14323
7940
8801
8812
8851
8205
8509
8607
8750
9578
7748
8113
7416
7655
8183
8358
8523
8072
8051
8058
8683
8006
8553
8251
8594
8504
9527
9078
8596
7594
9135
7299
8558
8011
8029
9176
9098
8544
7994
8320
10994
8454
7654
17718
7630
7502
11887
9158
7794
8480
9498
7889
8055
8011
7791
16020
14466
7880
7381
10707
8704
8195
9989
8786
8887
7807
9504
7492
8444
13031
7919
8853
9138
7948
8475
8958
9249
8574
9365
9934
8019
8071
14337
7724
8523
13083
7633
7774
9199
8216
7759
8742
7689
7777
8418
8801
8809
8645
7635
7521
8676
7671
8390
8463
8455
8368
8641
9221
8446
8327
7618
8637
7600
7507
8111
7742
8890
8847
8148
8029
7653
9003
8516
8755
7964
9621
9024
7831
10798
8046
8458
16800
8942
8169
8265
9176
10603
7857
8796
8620
7581
7812
8372
9117
9175
7730
9174
7873
7604
8589
7551
7756
9492
7662
7507
7923
8459
7777
7956
8379
8326
8298
8370
9241
7794
9738
8280
7194
11019
8648
8293
12858
8084
9005
8807
8381
7706
10059
8169
8691
9579
8074
9219
8523
7503
8978
8758
7610
7602
8791
8182
8611
8001
8648
9113
7944
8269
8465
8033
9120
11189
8723
11901
9380
7682
12051
9158
8000
9076
7469
9061
8801
9280
7844
9497
7579
8332
7818
7845
8400
7995
7969
7548
7407
8396
8281
8715
8785
8569
7749
7384
9126
9707
8231
8702
7963
8373
7374
8964
8470
9194
9040
7804
8263
8694
10216
8743
8998
13535
8505
7532
11226
7571
9241
8836
9117
8283
9241
7753
8846
8144
8916
9377
8169
10536
8046
7587
8801
9114
7892
8988
7551
8589
8950
9280
8205
17238
8376
8624
9097
8495
9230
9318
8671
7494
7892
9032
9297
8056
10125
9142
7630
8741
8213
7814
8646
7546
8096
7517
7509
7945
9905
7992
7312
9616
8087
7868
11055
8617
8054
10240
9048
8561
13353
8353
8613
9999
8579
7605
9340
8552
8240
8695
7826
8974
8430
8574
7833
11495
8975
7670
7964
9282
8774
9178
9676
8280
7589
13535
7911
7906
11470
8165
7625
8919
7491
8470
7962
9063
8784
9320
9078
9729
9118
8753
8742
8084
8943
8723
8191
9369
8376
9176
8548
8655
7569
7992
8662
8964
8617
8063
8888
8958
8294
7813
8969
9136
7906
7562
9176
8924
8895
7633
7391
7957
8385
7825
7359
8953
9038
9069
8581
9382
7775
7971
9296
9166
7659
14659
8583
9047
8842
7947
9240
8817
7794
8061
9143
9275
9289
8929
9278
7649
8606
8137
7595
7871
8167
8786
8820
8715
9428
7992
9298
8109
8704
7822
7310
7816
10405
8662
7987
12491
7774
7833
12759
7542
8397
7568
8367
8660
8756
7829
8541
8919
8316
8061
9502
8414
9023
7726
8433
7630
8188
9344
8531
9143
7804
9466
8917
9090
8756
7614
7969
8720
8214
10176
8321
7935
9974
9248
8869
15102
7656
8179
10051
8742
8379
8051
8149
7989
8663
8497
8851
8595
8596
8001
17262
13297
8143
7812
8688
8984
8977
10866
7420
7733
8069
8040
8997
8205
9113
8645
8499
9268
8512
9215
10610
9061
8753
14258
9086
8036
9465
9230
9308
7481
9117
8689
10017
9858
10441
7876
9291
9212
7801
14938
9036
7349
10235
8266
9152
8447
8692
8473
7326
8336
7996
7681
8094
8520
8064
7293
8917
8042
7989
8137
9298
7854
8128
9496
10109
9998
8872
10259
8355
8355
8819
8451
8458
16535
7800
8917
10925
8635
9007
8102
8077
8112
9564
7812
9253
8629
7658
9447
9339
9864
8560
8526
12872
8632
8403
12174
9983
9223
8400
8607
8456
7887
7845
9220
7371
8913
9080
9140
10273
8925
8582
13727
8147
7835
10802
7969
11683
8684
8636
8527
8714
8149
8460
7861
7957
8734
7790
9381
7751
8875
8528
9152
7428
7790
8651
9000
9447
8601
8279
9439
7898
8400
17128
7977
8350
11507
7813
7601
9643
8207
7953
8849
8984
8051
9197
7989
7637
203303
8415
7871
8219
11059
16695
9128
8176
9424
7594
9243
9099
9537
7979
8227
8910
7579
8977
7614
8723
8805
8315
9671
8040
11059
8684
8187
13671
8739
8272
9369
7850
7977
8805
8179
9701
9011
7888
9165
8483
7795
8384
7799
8296
8153
8252
9058
7376
7565
8416
8835
8756
7707
8995
7307
7601
7692
8329
8580
9156
8069
8132
8442
8494
8459
9302
7810
9358
9552
9186
14774
9251
9220
7928
8841
7845
8300
7793
7845
9543
8663
7803
9600
9073
7644
8130
7993
7611
8205
7989
8968
8029
7904
8616
7196
9184
8395
7682
8210
9443
9297
7822
9213
8142
9150
7687
9049
7600
8164
9244
10999
7953
8394
14916
8388
7635
9832
7558
7854
8996
8188
7772
8836
9224
8636
8210
9087
8192
8104
7785
8339
9026
10174
8680
8456
8365
8280
8125
7865
8922
9071
8815
9011
7948
8916
8612
7622
11557
8575
7695
15900
7867
7702
10707
9017
8516
7812
7980
9288
9440
8825
8601
7771
9749
10213
7764
9892
8976
8564
11308
8955
9358
11774
7902
8938
9531
8035
8844
7400
7810
8770
9037
9280
7749
8703
7851
9505
8500
7749
9076
7728
8938
8476
8852
9609
8986
11375
13035
8455
8522
8034
8777
8435
8961
8323
7556
8870
8719
8644
8588
7523
7651
8015
8990
7831
7711
9153
8883
7588
7888
7746
11050
8450
8758
8992
8717
8384
8846
9621
9370
9466
13977
8339
8475
7963
8189
8829
8590
7791
7680
8626
8823
7573
9020
8958
8864
7985
8468
8364
8413
7978
8622
8521
7456
8820
8941
8652
8001
8276
7827
10333
8293
9256
8686
8137
9594
8205
9015
14197
8558
9030
8982
7850
8840
8537
9283
9200
8708
8605
8592
7873
8640
7660
9312
8156
8013
8054
8779
7475
14670
10107
8316
8295
14410
8778
7590
9132
7933
8923
9384
12851
9348
8584
15677
14648
8062
8967
9168
9483
7512
14205
8161
8301
9200
8625
8994
7983
8354
8656
9180
9665
8353
8039
14289
11523
8136
10947
7589
7420
8318
8493
9071
9158
8205
8454
8285
8207
8991
8871
8798
7779
8748
7471
8811
8020
8613
8396
8282
8081
7460
7914
8256
8006
9283
7996
9482
8683
12951
8388
8858
12532
8158
8162
8066
8592
8262
9562
8683
7203
8000
9415
8993
8243
7970
8037
8422
7589
9020
9573
7569
9143
7837
8216
8200
9138
7649
8301
8774
10739
7748
9179
10427
8652
8921
18658
7752
7614
10083
9653
8115
8830
8526
8803
7991
7790
8091
8528
8754
8335
7698
8179
8061
8518
8573
8261
8164
9128
8241
9307
15530
9759
7568
8861
8797
8358
8537
7838
8005
8443
8574
8199
8200
9115
8382
8410
8218
7371
8816
9256
7569
7569
8746
9379
8663
7574
7632
9000
7777
8270
8131
7992
10153
8345
11466
9109
8278
12874
7812
7490
9755
8596
9182
9018
7708
8698
9438
8046
7948
8815
8071
7772
8348
8689
8241
8631
8463
8767
8580
7841
7747
8768
8046
7394
8122
8819
8716
7780
7914
9292
8335
8456
9144
9058
10704
7821
8451
13761
7512
8593
10041
8095
8729
9838
7876
8795
9202
8825
8276
8706
8938
8486
8323
9051
8111
7908
9079
10418
8590
10035
9077
8988
16825
7776
7599
10339
8200
7593
9629
8311
9016
9514
9132
7478
7579
8236
8538
7600
12681
8398
7507
10600
7776
8163
13398
8605
8787
8713
10739
10071
7791
7929
8575
7605
7712
7767
9457
8973
8258
8153
8600
7505
8487
7813
8615
7765
7805
8794
7661
8254
8254
8232
8375
7946
8156
8350
8814
8474
7558
9222
9748
10320
8528
9033
12057
8275
7779
11767
8534
8064
9341
7981
9214
8360
8356
8697
9210
8210
9395
9412
7550
8252
8835
8515
7607
8684
7850
8298
7475
8334
7856
9008
9689
9410
9193
10234
8193
8002
17029
7553
7610
11691
7791
7897
10225
8652
8719
8057
7979
7607
7548
8230
9050
8117
8439
8865
8226
8450
7779
9054
8880
7923
9241
9629
9514
9304
13558
8174
7976
10685
7743
7787
8664
8191
8948
8139
8531
9238
9092
9241
9218
15105
11702
8724
8898
11714
8757
8707
7604
8155
8460
8436
8852
8371
8748
8940
8847
9460
8471
8734
8832
8414
8576
7400
9356
8656
9066
11023
7365
8376
14549
7651
8432
9699
8564
7604
9036
8689
7932
9237
8513
9074
7724
8454
7420
8430
8728
8947
7629
10371
8148
7773
8197
8900
9136
8887
8519
8902
11029
7616
8565
16687
8329
8438
10614
9493
8303
8917
7818
9189
8726
9217
8748
8600
8588
8136
8366
8697
7792
9153
10308
9035
7938
8794
8288
8228
12514
8376
7726
9982
9015
8405
7829
8834
9134
8011
8830
9382
7753
9117
8698
8750
8082
7466
8644
8633
8181
9109
7769
7605
8574
8776
8516
8674
9213
8502
7792
9471
9463
7490
14358
7498
9250
11718
7331
9076
8553
9061
8698
8638
8294
8608
9258
9345
8232
8332
8424
7803
8600
9550
7779
9396
8488
7735
8540
9409
8992
7862
9538
7792
7617
8680
8077
8066
14579
8395
8353
8562
7951
7414
9557
8156
8526
9117
8174
7747
8923
8027
8376
7662
8152
7690
9471
7439
8674
9062
8126
10684
8580
8172
8386
8765
8246
8293
7893
8567
8309
8263
9635
7815
7793
7765
7763
8876
8463
7892
8995
9388
8820
7960
17234
8133
8865
10020
9398
8893
8836
7949
9092
8071
9138
7528
9549
7770
8207
8998
9003
8746
7991
8280
8461
8451
9240
7989
7696
9671
9261
8079
14390
9439
8117
8576
8317
8543
7449
9299
9421
7910
8373
11112
8581
10082
7547
8035
10404
9051
7388
10044
7644
8806
14261
8899
8225
8878
9302
8443
8349
7631
9244
8767
8344
8693
7972
7557
7582
8876
8686
8034
7753
9251
9197
9256
9252
8362
7896
9066
9017
9066
10603
8888
8716
16057
7591
8135
9875
8562
8020
17138
9282
8466
8396
13894
7579
9280
9556
7728
8703
9256
9199
7928
9433
8021
8410
7859
8736
8185
8294
9434
7548
8293
7965
8280
7815
8666
8118
8953
8171
9129
8882
9928
8207
8370
14342
7563
7888
9845
8398
8915
9015
8819
7760
8779
8856
7959
9196
7928
8955
7512
9174
8035
9295
8974
8364
8055
8476
9016
7830
7880
8330
8323
8412
8148
8089
7871
8891
9418
7989
9066
8809
9923
8093
8475
14734
8183
8538
8130
8161
8331
8125
11394
8105
8473
7581
7626
9533
8707
8589
7995
8722
7499
9303
7590
8377
8616
7758
8475
8938
7627
7815
8377
9056
8588
7808
9118
7752
7467
8307
9095
8937
7814
9817
10547
12421
7490
7979
14628
7951
8606
9075
8371
7430
9153
8196
8256
9388
8540
7882
7793
8966
9352
8875
8493
7612
8489
7681
8567
8574
7747
8945
8296
11047
8616
9097
14723
9470
9719
9816
9657
8285
8355
8604
8983
8252
7756
8756
7476
8774
9117
8675
10099
7906
8930
14694
8286
7713
10272
8422
7733
8996
8195
8266
9591
9051
7991
9053
9397
8205
7969
9223
7703
7834
8231
8484
8437
9006
8820
7556
8174
7542
7641
7563
8639
8335
9251
7612
8429
9138
7818
8975
9218
9215
8882
9233
8111
7418
11643
8799
11758
12027
7820
7517
10229
7520
9109
8406
8055
7760
9533
8447
7632
8578
9431
8282
8077
8971
7651
8870
8974
8084
7723
9719
8036
8718
9000
8080
9687
12911
7783
9832
8723
8647
8153
8296
8379
7404
9555
8639
8379
8635
7779
8356
8268
7767
8958
9048
7963
8543
8412
8372
7895
8115
8780
7764
7502
9328
8418
8398
7833
9095
8061
7411
11439
8201
10789
8962
8437
14502
7994
7846
9029
8555
7627
9027
9205
8413
9229
8236
7933
8123
7879
9253
7555
8592
9579
11706
9892
7910
8150
10475
8340
7552
8384
9277
8454
13914
8049
8875
8066
8243
8367
8386
8838
8297
8769
8148
8259
8744
7405
9141
8476
9450
7953
8607
7916
8184
8739
7540
7533
7564
9328
8735
7351
8155
7873
8978
8771
9155
8294
8476
8759
8446
7986
9128
7709
9265
7763
7875
9679
8917
8493
18058
8599
7590
10598
8675
7624
9370
8674
8910
8482
8847
8807
14656
12520
8010
9702
8046
8775
9227
13658
7969
8646
9180
7975
9177
9428
8508
8822
9574
14266
8123
7707
11355
8150
7639
10613
7943
8020
9379
8402
7959
8256
8635
8960
8297
7608
8461
8435
8075
10793
7998
7676
8217
8205
8979
8733
8626
7507
7519
7594
8400
9230
8596
9994
8405
9158
10039
8853
8789
12303
7635
7928
9160
8343
8514
9373
8215
7310
9512
9143
9062
8930
9342
8456
8044
8680
7954
8716
9153
7672
9080
9147
8450
8546
9321
8283
9235
17400
8842
8825
9256
9067
8575
8198
8300
7605
9317
8415
8189
7627
8801
9201
8103
12552
9037
7905
12824
8788
8164
9709
9175
8475
8394
8353
7985
8158
8661
8487
8769
8509
9036
7746
7774
8731
7824
8003
8791
7598
8613
9254
9125
8417
9266
8557
9750
8676
9039
10845
8288
9271
12805
8240
7747
9661
8164
7592
9034
9424
7566
7231
9512
8839
8034
8379
8452
7977
8153
7558
9503
9437
7750
9385
8112
7999
8604
9810
8325
9194
15364
7976
7676
9757
8764
8168
9338
8753
8743
7269
7972
8780
7626
9082
7334
8316
7507
8970
8778
8933
9037
8084
7612
8347
7505
7776
9453
8844
7796
9315
8591
8615
8702
7673
9431
7384
7688
7892
9245
9030
10030
8538
8054
16032
9212
8995
8254
8384
9425
7763
8878
7965
7937
8935
8939
8896
7313
8157
7558
8219
8773
9054
9252
10299
8793
10610
7948
7836
14641
8287
8355
9923
9176
8790
9316
8107
7953
7753
8192
9638
8999
7841
8810
7714
8334
7542
8124
8647
9163
8584
8288
8020
8079
7706
10116
9637
8953
8192
8046
10317
8766
9158
13736
8301
7885
8035
8419
9252
9370
8219
7579
8463
8298
8996
8632
8213
7551
7590
8204
8261
8589
9251
8882
7902
7923
8413
9152
10370
9044
7553
8517
7712
8931
8677
8355
7894
9453
9294
7390
9833
7583
8071
14742
8182
8684
8829
7912
9105
7949
8981
8551
8432
7377
8343
8691
7702
8192
9041
9731
8537
7871
8070
9117
8694
7319
7581
8717
8514
8807
7928
9063
7997
8633
7598
7933
8014
8634
7884
7692
9174
7612
8071
7704
8334
8574
7472
7935
9158
8373
8671
8005
10881
9202
9430
16928
9066
8589
8859
7568
8209
8694
8213
7891
9103
11830
8443
7784
8196
8436
8395
9449
8393
8800
9456
7870
8902
15107
9274
8719
9642
7610
8962
9281
7978
8553
7440
8980
7443
9382
9075
8558
8605
8590
8151
7580
8117
9317
7973
8230
8594
8413
9066
8451
8554
11262
9002
8580
14247
7743
8369
8938
8298
8374
8222
7629
9999
8368
8682
8316
9180
8121
8828
7750
8827
7748
8471
8360
9637
9255
9414
9456
8692
9800
7786
8476
11964
8264
8383
15007
7753
8957
8396
9144
9030
8052
8820
9728
8778
7343
8619
7661
8426
9400
11082
8582
13189
8425
7752
9650
7974
8723
7872
8351
9010
8031
9437
7794
8594
9225
8498
7587
7924
8640
8974
8539
9197
7502
7845
8541
9293
9157
8615
8434
7829
8440
7928
8673
8876
8654
10937
7845
8620
16566
8579
8835
9092
9130
8102
8795
8391
8179
15764
11222
8128
7574
13182
7548
8799
7989
7837
9179
8823
7687
7999
8367
7820
7291
9355
7459
7669
9621
8803
8595
7851
7949
8275
8635
9060
7749
8205
8378
9276
8138
8855
8262
7966
8197
7612
8764
7907
8825
7849
7765
10481
7768
8585
9267
7991
10185
7385
7928
10406
8766
8721
14112
7856
7863
11792
8959
8290
9395
7717
9238
7824
9180
7740
9040
8563
8316
10627
8382
8210
8036
9220
9258
8769
7809
8130
9209
14596
8352
8397
10210
9084
7810
8833
8030
7996
8171
7769
7975
7577
7861
7533
10389
8671
10923
7764
7470
9053
8174
8356
8355
7531
7504
8035
8995
10682
7705
9102
7565
8366
8506
8096
8774
9341
9237
8594
9217
17038
8579
8116
9451
9297
7825
8138
7587
8089
9205
8164
7869
9031
7605
8205
9251
7937
9071
9322
9576
8309
8654
8997
8356
7671
8358
7840
8020
8496
9081
8258
8584
10378
7370
8069
12802
8210
8092
9436
7764
8253
7830
13140
7931
7993
9381
7816
8055
10479
8246
8866
8487
10556
7861
7928
9220
9177
8563
8797
9088
8559
15986
8152
8272
10096
8966
7723
8453
8651
9049
8494
8578
8933
7590
9137
7591
8203
8291
8215
8425
7456
8968
7955
9193
8659
8512
10531
8512
7712
13665
8349
7784
13196
9195
8615
8780
7828
9038
8700
8367
9515
7881
8097
8806
9155
8160
7917
9112
7358
8839
7590
8611
8544
7865
196257
8538
10330
7415
8540
8630
8743
8676
9323
8624
8649
7552
7787
9635
8756
7675
11082
9323
8424
14401
7941
8024
9287
9158
7561
7882
7511
8799
8733
8599
8935
8488
7548
9269
9784
7994
9029
8038
8543
9237
8449
9691
8163
8830
11704
9012
9217
10792
9358
9148
8451
9163
9284
9197
7640
9191
7997
8827
8832
8409
7937
8287
8075
7904
8756
9030
12073
9201
8268
13531
9194
8133
8629
8231
7569
9457
9194
8538
8327
8178
9194
8312
8245
7755
7973
8576
8418
8496
7728
8789
7629
8779
8383
7961
7680
8123
8436
9042
9102
9301
8699
7980
8071
7620
9098
7671
7910
7987
7791
7896
7651
7950
9138
8173
7815
8405
8123
7989
8272
7547
8209
8961
8707
8881
9175
8606
9011
9840
9265
8414
15546
8615
8859
9087
7907
7743
7515
8646
7942
8669
7616
8130
8352
8635
8030
9363
8476
7589
7788
8735
8555
8517
8927
9058
7564
7767
9195
7568
8839
7589
8952
9508
9154
8664
10262
8760
8280
16043
8339
7432
10306
7651
8169
8912
8525
8685
9075
8330
7997
7977
9070
9479
8364
8355
8898
8743
9320
9355
8868
13539
7663
8474
10774
8907
11341
8198
8314
7671
8517
8341
8332
7836
8641
8378
8561
8822
8677
13876
12803
9101
9538
10255
9224
7822
8315
8328
8308
9435
7550
9018
9366
8384
8427
10308
8394
9358
9066
10177
8471
9157
11299
8983
7967
12053
8687
8869
9376
8188
9227
8555
7931
9183
7818
8701
8608
8535
8476
8499
7533
7850
7815
7685
8217
9036
8215
7595
9251
8783
8581
7962
8187
9501
7594
9159
7953
7784
8712
7610
8325
7961
8238
7943
8403
10121
7996
8630
13885
8315
8682
12308
8608
8906
17235
9915
8998
7573
14336
8783
7962
9835
9058
8633
9225
9687
7779
8031
8952
8553
9522
9265
7919
9006
8131
7931
8216
10276
8564
8065
9561
8155
8902
14700
7514
8399
8067
8635
8493
9328
9347
7960
8076
8167
11308
8964
8820
8824
8586
8188
7600
7605
9923
7866
7771
7284
8514
8934
8712
8399
8939
12776
8347
8303
15717
8324
8159
9848
7630
8214
9249
8513
8138
8460
9435
10103
8524
7994
9104
7908
9244
9055
8364
9316
8417
7916
12179
7550
8923
11730
8226
9346
7750
9145
7809
10419
9187
8359
8647
8387
8633
8340
7882
9186
7956
7968
8687
8907
11747
8293
8656
13766
9319
7942
8634
9024
8197
8215
7969
8673
9361
9213
7990
7464
8302
8432
8883
9088
8066
9220
8526
7676
7502
9236
9197
7989
8462
7920
8476
10016
9819
7855
10412
8682
7349
14753
7911
9128
8410
8015
8418
8968
8779
9258
8579
8346
9295
8975
8646
8862
9020
7940
9178
8093
8509
7905
8599
8914
8697
8834
18213
9214
7952
9692
8501
7669
8835
10574
8867
7601
7872
8451
7589
8332
7363
9002
8066
9338
9015
11064
8847
8456
11321
7488
8017
12307
8614
8201
7788
8259
8339
9118
8471
8752
9494
8336
8211
8204
9619
7949
9029
7618
8183
9080
8369
8368
8666
8997
7615
8295
9289
8249
8885
10915
8835
9051
13051
9215
7714
9762
7912
9246
8857
8108
8908
8803
10517
8725
9094
8099
7660
8909
8294
8233
9256
10482
8802
8514
14368
7562
9072
10047
9843
8756
8184
9235
7412
8683
7568
8665
9579
8600
7820
7814
9247
8717
8004
9565
9482
8803
8896
8599
8326
8792
7871
8294
14644
8183
8328
9342
8492
7606
8536
8288
8331
7973
8169
8862
9497
7656
8260
9259
8995
7804
8565
8259
8394
7887
9149
9255
15358
14418
9534
7958
9158
8366
7830
202464
9018
9121
7866
9120
10655
8252
7852
8657
7553
7765
8564
8476
7965
8200
8418
7642
7568
7944
8618
8425
8423
7710
7558
8841
8553
8653
7515
9358
9438
8412
9379
9482
7389
7725
7713
8836
8083
8917
8704
7993
9130
9360
8288
8033
9028
8394
8351
7955
8476
9230
8092
8309
8332
7712
8530
7814
12962
9444
8926
8787
8436
7889
11816
7728
7959
8375
9101
7928
9316
9089
8895
8580
8595
8826
7530
8770
9403
8839
9199
7571
7758
8012
7635
9181
9160
9228
8071
10212
9538
9215
16468
8612
8362
9276
8814
7586
7593
8714
9658
9548
7625
8071
7357
8055
9089
7617
8210
8125
9307
8480
7587
7685
8194
7540
7711
7599
9049
8670
7615
9010
10400
7847
8837
8161
10850
8929
8676
9085
7706
7459
14434
8974
8883
7784
8179
9481
8554
7760
8718
9110
8307
9000
7373
8348
8011
7687
8060
7811
8762
8184
7994
8855
8637
8882
8130
7701
7725
8105
8729
7960
7869
7970
7593
8244
9132
8446
8056
7862
8682
7671
7774
8468
7576
9347
7600
7599
8442
8023
8525
8524
8027
12829
10372
9225
9218
13716
8793
8474
9325
7652
8880
8235
8677
7907
9451
8474
8601
7816
9184
7815
8786
8528
8092
8148
9258
8172
8282
9068
7400
8200
8703
9071
9257
10629
7850
8538
13925
8166
7775
10242
7827
8911
8579
8749
7433
9294
8950
8800
8180
7610
7565
8466
8983
9111
9274
8672
8494
8293
8263
9256
8917
7792
7750
7643
8643
7578
8578
9827
11683
9651
12933
7904
8040
10298
8547
8903
12215
7491
8599
7810
7714
8318
8234
8405
7388
8988
7636
7947
7831
7764
7792
8224
8834
8131
8200
9246
7415
8079
8270
9976
9599
9399
8376
7268
9028
8693
9530
14878
8090
8170
8084
7966
8045
9476
8774
9113
8479
12484
8174
8515
7711
7686
8246
9210
8661
7810
8336
8833
9432
8792
7923
10169
11321
8644
12335
9429
8555
9282
7900
7804
7613
7779
7584
9377
8455
7369
8461
9200
9334
7832
9000
8798
7562
7899
8301
7688
8490
8803
9695
8136
8268
7811
8728
9769
9876
8877
8731
8352
14928
9097
8313
9538
8653
7932
7992
8715
8596
8589
8877
8905
9861
7600
8123
8259
8379
7793
8333
8695
8750
7778
8685
7719
8179
8822
7757
9551
15676
8074
8885
10526
8092
7339
9036
9061
8552
7777
8554
8608
7408
8051
8852
8852
9061
7584
7942
7849
8156
8070
8187
9073
8745
9016
8098
8928
8153
7694
8900
8648
8942
8680
7792
8971
7607
7720
7460
7600
7806
8730
7600
7835
9021
7755
7631
7751
9102
9060
7916
7642
7938
8257
8762
9038
8585
7347
7838
7748
7622
8448
8465
8635
11465
7671
7275
9303
8607
8179
17117
8789
9225
8439
9641
8175
8670
8333
8122
8920
7707
8344
8437
8397
8191
7765
8188
7892
9378
8998
8035
9380
8251
8584
7881
8795
8677
8415
9805
8445
8447
14994
8131
7801
10980
7851
8612
8730
8912
7734
8907
8286
9191
7730
8728
7735
9126
9117
9400
8977
7670
8265
9210
10315
7521
7721
10002
8541
10435
12861
8362
8963
8543
7623
7805
9056
8723
8755
8036
7754
9054
7400
8661
8934
8030
8759
7338
8233
7572
8069
7833
8073
7893
7800
7662
9086
8868
8179
8082
9448
7621
8895
8627
7531
9222
9266
8753
7444
7990
9039
8371
8704
10041
8072
8176
10629
7533
7784
14653
8145
8096
10633
8693
8794
8097
7994
8734
7810
7692
8949
7953
8391
11328
7823
8705
8297
8477
9116
8922
7690
8234
7762
7569
9300
8343
7574
8958
8189
8775
7912
8077
7892
9193
9038
8234
8117
7349
8848
8099
9102
8424
7984
8822
8667
8216
8857
7934
7896
7629
8931
8569
8952
8436
7830
9350
8427
7848
8354
9372
9305
8498
8336
8251
8476
9037
10943
8523
8608
13775
8243
8969
8120
7646
9306
9287
8413
9964
7697
7427
8339
7608
7746
8134
8073
8171
8841
9654
9116
9163
8584
8113
8615
9384
7666
8918
9449
9346
7519
7749
8798
7662
8663
11780
8810
8141
16325
8463
10425
8312
8295
7823
7769
8624
8167
7994
8423
7329
8876
8573
7929
8272
8549
8957
8364
8953
8414
8971
9420
8207
8332
11970
9220
8497
12058
8046
8511
8269
7395
8259
9917
10246
7706
8795
8670
8178
9317
7461
7917
9465
9456
8177
7656
8696
7908
7798
9293
9460
8054
8628
9024
8535
9514
7570
8261
13656
7516
8420
10561
7863
8590
12717
8748
8425
8784
7789
7811
8391
7394
8476
8405
7615
7984
7808
9096
7879
8592
8473
8957
9631
8859
9076
7902
8870
7998
7575
10056
9295
8238
13548
7784
8355
11671
9090
7534
11456
7793
7969
8615
9225
8579
8265
7552
8569
8256
9150
8508
8760
8339
8152
8336
7896
9488
9240
11215
9513
7701
15459
9598
8178
11240
7711
8389
8907
7735
8596
9072
7765
8771
9206
7444
7973
8830
9376
7921
8448
8879
7693
8138
11065
8065
8829
14541
7776
7912
10262
8892
8361
8794
8679
7459
8555
8156
9056
8358
8009
7597
8417
8109
9684
8399
8933
8877
8917
8876
9257
7809
7738
9168
9067
10608
7883
7532
12916
9594
8149
11025
8561
8259
8333
8795
8840
8868
7809
7927
7891
8420
7607
8376
8805
8838
9108
7600
7897
7748
8916
7674
8234
7923
7694
8491
8740
7605
7649
7903
9084
8033
9372
7883
7907
7688
8742
7808
7847
7695
8358
8150
8986
7619
8851
12407
9281
9198
9421
9264
8123
8837
9679
8804
7937
14302
8521
8313
10702
7692
8901
7801
8135
8446
8320
9144
8387
7767
8435
7944
8788
7469
8295
8940
9124
8378
8227
9200
8577
8301
8815
8586
8377
8810
9484
8313
10134
9014
9228
13525
7950
8640
10769
9363
7517
9496
9189
9219
8695
7745
7676
9028
8569
8702
9196
7563
8469
8194
8856
8432
8503
10240
11424
8235
12979
7945
8694
10830
10425
8353
7734
8697
8157
7845
7961
8561
8211
7478
9035
8501
8372
8779
8372
7975
8175
8071
9197
7530
8774
7598
8473
8348
7823
9262
8901
7512
8400
8698
7692
9133
8920
9440
7751
7642
10164
7742
8422
16887
8025
9032
8824
8397
7831
9655
7869
9111
7860
7725
8773
8354
8295
9343
8792
9014
8405
8436
10094
8241
7760
10794
8923
7917
14260
7715
8052
9779
10703
8681
8338
8368
8596
9076
8425
7928
7857
8500
7936
9200
7584
9284
7560
7845
8200
8335
8264
8250
7500
9240
8980
7411
7796
8629
9258
7610
7689
9020
8997
8312
8276
9538
8295
8558
9055
8599
8767
14573
8661
9324
8880
7755
8486
9317
9102
7794
8752
8241
8223
7727
8053
7654
10399
8764
8761
9398
7974
8753
8754
9204
8221
7584
8925
8628
8271
9900
8400
8073
14472
7827
9140
8965
8941
8224
9611
8022
9255
8331
7840
8553
8255
8334
8005
10086
9172
7472
8153
8169
7884
7439
8337
8984
7653
8923
7504
7733
9102
7748
8843
7784
9057
8546
9292
8868
7637
9946
9035
8036
11833
7610
8850
15607
9228
9139
13952
10056
10648
9743
12855
8687
7909
10385
7618
7932
7887
7804
8393
8751
7944
7744
8456
8705
7897
8020
8282
8108
8557
9107
8296
8195
8025
8459
8614
7794
8993
8618
8544
9005
8610
10548
7779
8047
9385
8432
8563
7797
8820
7399
8201
8292
8401
9032
7597
9242
7878
7803
7666
8516
9093
8541
8276
8737
8667
8287
8717
8208
8437
9000
8121
7947
8208
9320
10984
9758
8460
8133
17029
7628
8445
12223
8444
8656
9036
9432
8986
8282
8055
7787
7794
8422
7984
8609
9692
7894
8498
14511
8772
8481
8685
7939
7804
9107
8631
7952
8676
9076
7563
9025
7553
7712
9490
8470
8579
7389
7864
8153
7893
8143
8982
8955
7630
9197
7818
8758
8886
8696
8012
8171
7811
8111
8943
8184
7551
9106
10323
8292
8581
8600
10241
8747
9105
13782
9387
7924
9521
8165
7670
13031
8051
7773
8695
9229
7961
9104
8813
7748
8934
7861
7843
8091
7869
9327
8661
10259
7702
9070
14477
9017
7584
9440
8928
8907
8992
8276
11110
8964
7815
7924
8472
9455
7729
7442
8778
8578
8640
7994
8977
9015
8454
7673
8907
7911
8374
8202
8635
7654
8328
9192
10533
9143
17374
9966
8131
8776
8220
7759
8815
8564
8098
8558
8333
7774
8959
7671
8102
9192
7564
8979
7672
7615
9167
9048
8825
8610
8855
8704
8067
8706
9619
9651
8215
12154
7953
8515
7737
8702
7827
8815
9020
7589
8945
7613
9797
8446
8210
7669
8186
8311
8512
8522
9187
8679
8860
8222
7788
8809
7389
7764
7630
7846
8558
8990
10446
7815
8390
10405
8709
8282
14389
8856
7387
9702
8029
8224
9013
8437
8698
8302
7973
8427
9153
8595
8675
8203
7765
8010
7615
8718
8655
8016
7879
7682
8817
9052
8538
7655
8994
8765
7598
7670
7696
9015
8937
8686
7970
7936
7798
9159
8781
8451
7609
8216
7523
8586
9487
8738
9293
11103
9284
7464
12694
8774
9365
7925
8159
7786
9921
9160
8277
9080
7712
11143
9301
7680
9225
7744
8692
8000
8705
9439
8677
9141
8199
7873
7983
7771
9292
7819
8176
8179
7611
8413
8164
8212
7580
8938
8265
10326
9661
7786
7789
8413
10152
7711
7572
10471
7492
9307
13968
8630
7800
10005
8470
7476
10913
9267
8876
9022
8812
9220
8443
8978
8303
9241
7531
9579
8800
10336
9178
8340
11411
8031
8964
13697
8640
7857
9464
9020
8734
12155
8512
8265
7953
10280
7588
8107
10089
8497
7883
13937
8958
8215
10246
7983
8589
8347
9236
8383
8251
9328
7587
9638
9158
8295
8732
8680
9502
8316
10041
8264
9025
14335
7875
9086
8409
9239
8528
8275
7814
8897
7952
7729
8726
7933
7839
9357
9596
8775
7641
8594
8458
7667
7482
8126
11730
7186
7692
8395
13210
10376
9259
8938
12544
8642
8837
9615
9061
8795
8566
8719
8812
7765
8641
8170
8288
8170
7574
7553
8866
9354
7610
8301
8652
8196
8292
8927
8277
8969
7256
7749
8160
7761
8839
7951
7723
8482
8225
8173
8395
9056
9010
7561
8802
9056
8405
9489
8068
7794
17596
8369
8641
10084
8925
7449
7815
8940
8466
8787
11205
9291
8204
9138
8089
7509
7651
8797
10420
15150
8311
8315
9447
8599
8389
14383
8289
8500
8224
7582
7610
9113
7774
7562
8431
8644
8593
8584
9019
8226
8391
9936
10365
8758
13078
7579
8762
9461
7316
9246
9337
8209
8616
8923
8600
8512
9156
8448
7697
7835
9169
8371
7723
8671
7616
9321
8888
8232
8776
8156
7794
7568
8649
8613
9803
8978
7211
7958
8199
8666
10040
10042
7553
7386
9260
8025
8104
14432
8436
7815
9066
8621
7953
12085
7570
8682
8173
8574
7795
7815
8514
8571
8771
9266
8294
8710
8394
8850
7555
8283
8984
8516
7490
9540
7591
8045
7892
8711
13167
8390
7512
9851
8463
8066
9266
8508
7697
8406
9149
9219
8745
8088
8502
8806
8509
7789
8354
7334
11206
8543
8646
7548
9175
14570
8390
8659
10148
8005
8537
8230
9105
7531
9245
8034
7994
7768
25487
7886
7933
11092
7935
8235
9379
8523
9358
7573
8186
7697
8135
8896
9390
8776
8369
8803
9102
7664
8856
9480
9939
8698
9017
14652
8448
8682
10673
8686
8604
7824
7948
8269
8266
7670
8675
8043
8878
8194
8994
7650
8859
7824
8801
8223
11144
8905
9106
8337
7738
8176
7753
9615
8836
8807
9867
8055
7521
16890
8415
8630
11228
8569
8383
9297
8966
7596
7806
8975
8106
9138
7575
8331
7695
8868
7728
9370
10328
8000
9037
12538
8553
8419
11282
8863
8786
9411
7781
9022
7584
7367
8764
8066
7719
8423
9297
7758
8658
8984
9135
7755
9307
10865
8519
7671
8047
8270
8381
10178
8446
7605
13236
8495
8093
10802
8274
7930
9017
8219
8031
8979
9300
8794
8351
8433
8386
8128
7829
8030
7928
7770
8255
8383
9181
8404
8194
8841
8013
7580
8169
9505
9335
8077
8296
7668
8970
7837
8037
9642
8091
7731
7870
7805
8727
8333
9000
7738
8262
8428
8956
10494
8454
9138
13168
8082
7778
10562
7975
8010
9477
12015
8623
8681
9212
8190
9242
7815
7510
8639
9441
8083
8190
11181
9041
7359
16890
7762
8456
11405
9535
8299
8304
9295
8437
8389
7647
8446
8487
7917
7701
7694
9268
7697
7612
8938
7820
8441
8428
9192
8059
10445
8980
8574
13554
8154
9398
10264
8450
8627
8716
8968
9072
8891
7955
8311
10331
7549
8389
9307
8967
8990
7863
8493
8316
7589
9930
9112
10179
14797
8025
8465
7979
8025
9200
8575
9499
8172
8011
9207
8607
7788
7528
8074
8317
8200
9230
8622
7590
9222
7813
7934
7925
8645
8756
7949
7589
8661
8127
9097
8235
8108
7922
9058
8298
8446
8615
7789
8487
10263
7883
7665
10794
8236
9051
17144
8656
9001
7883
8463
8502
9208
9010
8130
8993
8496
7799
8298
8007
7606
7719
7971
9919
8849
8616
8784
9288
9813
9002
8530
14738
8237
7753
10189
8886
7979
8232
7999
8389
7682
8012
7614
8399
7385
7723
8069
8919
8507
9113
7682
8137
7912
8351
8856
8238
7513
9572
7658
8482
8106
9072
8398
7714
8634
8059
7572
8460
8699
7913
7810
9410
7871
7938
7764
8205
13789
9497
8758
7867
14946
7907
7852
9991
8124
9127
9546
10979
9198
8215
8299
8217
8861
8739
8609
8556
8693
8001
7671
10561
8896
8546
14158
8923
7758
10041
7697
8424
10132
9193
7897
8759
7778
8159
8385
7885
8783
8005
10104
9390
8150
7758
8838
9212
7271
8706
8213
9618
7532
7742
9462
7625
9137
10312
8364
7866
17624
8738
7702
11220
8733
8887
8408
9236
8913
8174
8258
8953
7684
7786
8782
8433
8616
8079
8979
11057
9210
8646
9846
7750
9034
11209
8135
8629
9436
8378
7574
9494
8820
8163
8448
9056
9162
7405
8779
8827
8907
8461
11116
8272
8469
8648
8788
15043
7779
8143
11355
8533
8851
8155
9203
8977
7861
9011
7936
8861
7731
9216
7893
7938
8933
8697
7866
9307
7810
8862
8392
8948
8825
8648
8796
14380
7776
8521
13794
10684
8270
9110
9614
8369
7532
7828
8245
8779
8812
7942
8584
8650
9276
8009
8231
8725
8190
8531
8346
8764
14201
8920
8072
11128
9002
7844
9313
9198
9292
9168
10478
9485
8556
10365
8851
7734
14430
9169
7684
8763
7873
7953
10971
7711
8481
9184
7416
9442
8479
7753
7899
7617
7573
8297
9523
8676
7723
9294
7427
8663
8689
8265
8884
10623
9161
7311
7597
8448
7598
8738
8000
8727
8342
10557
8384
8494
14686
7803
7541
10077
8823
8977
9451
9458
7960
8626
8179
7844
8615
7669
8740
9143
8529
8473
8664
9412
8856
8515
8952
8220
8130
10802
9093
8963
16849
8733
8015
8868
8206
8917
9261
8842
8109
8838
8178
8200
8378
7641
7605
7834
8170
7974
7998
8065
9111
8132
8208
8398
7472
7744
8348
8410
10022
7716
7739
9851
7776
7632
9359
8878
7776
13130
8581
9374
9089
7567
8336
8953
9219
7646
8811
9366
8594
9305
8413
8617
7919
7645
9319
8913
8493
7978
8555
7822
9152
8642
8758
8826
7795
8795
7854
8606
10654
8990
8614
13685
8102
7564
9150
7710
9297
9315
8485
7597
8894
8938
8007
7412
8712
8552
8879
10546
7494
8875
7702
9010
7552
8523
7704
9133
8565
8460
8969
8584
8635
8433
8565
8822
8820
10247
8440
8258
12827
8252
9303
8124
8317
8958
9444
9109
9192
8315
8969
9417
8926
8697
7926
8421
8231
7945
7591
9292
7798
9001
10102
9097
8246
11850
9314
9035
13692
9418
8231
8308
8249
8205
8769
8776
8876
7728
8423
9060
7611
8253
8655
12917
14174
7820
8916
10714
8076
7776
7660
9035
8220
8770
8960
8424
9345
8176
8719
8329
7641
7830
9384
8676
7301
8098
7813
8359
9056
8637
9106
8271
8840
7564
9895
11206
9352
9085
14452
9115
9302
7803
8885
9169
8384
8222
7823
8364
8838
9041
8528
8815
8057
7921
7986
8113
7861
9281
8748
8249
8584
8092
11862
9183
8038
7962
15894
8975
7928
8805
7545
8302
8786
8353
8649
9509
8428
8763
10122
8164
8376
8586
8605
9254
9183
7373
7564
8303
8227
8543
8848
10241
8105
8605
9440
7982
7579
17412
9938
8296
8427
7390
8974
8897
9020
8358
8241
7851
7713
8717
9430
7633
8290
8044
9323
7594
9353
7834
9057
8437
7723
8645
7979
8051
7987
8560
9035
7446
7796
8179
9800
15448
8450
9099
10633
8604
7813
12891
8979
8603
8063
8762
7873
7584
8435
9340
8004
8112
8523
8600
9349
7869
8715
8698
7840
7865
10194
8260
7710
14631
7684
8266
10176
8024
7589
8089
9100
7818
8600
8644
7821
7810
8753
8030
7953
8220
8610
8470
8736
7790
8945
8436
9308
8456
8494
8138
9237
9525
7704
7621
8211
7750
8779
8100
8913
9724
10087
7993
8514
9887
8960
8849
13383
9515
8096
11641
9170
8600
9271
8176
8180
8507
8988
9029
8189
8445
7353
8757
8511
8479
7790
8756
7595
8596
8002
8295
9336
13317
8432
7604
14718
7592
9412
9571
8664
7961
7968
8841
7708
7975
8723
9145
8266
8815
8400
7738
8018
8015
8575
7782
7594
9025
8251
8785
8572
7837
8692
7948
9658
11143
8256
14902
7517
8048
12091
9389
8583
8425
8598
8178
7451
8176
8674
7527
8769
9193
8354
8545
8783
8363
7652
9201
8371
8382
8182
9241
10469
9393
8191
16420
9220
8686
7809
8172
8012
8133
7726
7685
8251
8441
7737
8802
9423
7776
8578
8789
8160
8441
8978
8311
7958
9231
8794
9259
12354
8472
7593
9371
7520
8717
9601
8177
9048
10335
8974
9597
8336
17252
8420
8091
14155
8756
7879
9429
7836
8530
8253
9544
8077
8616
8786
9500
9198
14264
8865
8417
10165
9112
8769
8303
9284
8838
8629
14649
8812
19776
7693
9611
8042
8361
10950
7656
7655
14783
7984
8093
9315
9280
8994
9578
9101
7921
8538
7871
9001
8825
9225
9233
8661
183249
7867
13594
7399
9378
8920
11133
8757
9157
8685
8266
7642
8135
8564
8228
8506
8933
7625
9383
7405
8220
8553
7610
8347
8389
7601
7393
8155
9588
9195
8353
8989
7769
8482
10418
7666
7708
10839
7646
7866
17040
9158
8406
9541
8592
7999
9783
7302
8747
7690
8775
8245
8168
8379
7467
8121
8358
9020
9010
7933
9174
7492
7812
8761
7548
8191
8174
7749
8456
8630
8181
9367
10324
8620
14685
7538
9302
11060
8209
8511
8688
7955
8533
8174
8635
8667
8117
7692
8299
8271
7865
8092
9410
9030
8092
7670
8211
8958
8184
9210
8041
8158
8668
9220
8632
10633
7970
8639
13575
9282
8510
11384
8893
7733
8901
7287
7754
9122
8335
8727
8183
8492
9716
8854
7635
7531
7594
9180
7789
8202
7995
9400
7507
7869
8603
8191
10430
9057
8300
8640
7608
7349
8092
7430
8279
8155
8812
8479
7390
7580
7472
7571
8537
8844
8331
8668
7639
8332
8194
9061
8332
8039
8051
9474
9276
7487
10209
9665
8555
12974
8135
8050
9183
8400
9136
8187
8605
7485
8569
7750
7892
8736
8949
10099
7874
8994
8516
8200
8800
8369
8323
8291
9148
7936
7917
8122
8242
7441
7735
8834
10743
7672
7632
9769
8236
8178
8957
7774
8051
8742
7815
7558
9658
8978
8791
18051
8235
7533
8664
9346
8620
8025
8338
7326
8594
8815
7538
8438
7815
8230
8560
9244
8794
7764
7840
8333
8042
7432
8625
9077
7524
7760
8174
9206
8594
8425
7769
8080
8263
8192
8898
8545
7582
8835
9015
9613
7349
7748
10169
9168
8172
14419
8979
7731
11186
7892
7775
7808
7552
8656
8312
8795
7416
9118
7598
8866
7612
7795
7808
7488
8203
8442
9420
8636
7354
9286
7500
7635
9022
9251
8590
7996
7744
9287
8167
9898
8855
8733
9390
9152
7949
10107
8791
8923
12297
8476
7723
10917
9000
8362
8473
9600
8345
8390
8948
8049
9388
7772
8432
7645
9626
7752
9417
9117
8528
8874
9820
9054
8276
9769
9097
7561
13967
8044
8143
8868
9774
8675
7981
7945
8135
7574
8820
8983
9010
8219
8580
8633
8257
9117
8145
9164
8888
9097
8121
7754
8161
8393
8741
8066
9626
8257
8580
10269
9353
9044
15154
7779
8361
9261
8798
7911
9466
8210
8180
8550
8835
8564
8682
8337
8496
8768
7676
8963
8513
8189
9423
8523
8948
8569
8819
13969
10241
7930
9960
9028
7676
9310
9124
9071
7724
7960
7675
9004
8582
8929
8311
8861
7932
8654
8096
8236
8616
9015
8128
7995
8515
9172
7645
10782
8234
7558
9620
10161
7870
14761
8928
9038
8415
7763
9234
8140
8694
8498
7681
9142
8767
7961
8130
8764
9355
8108
7941
7537
8274
9116
9071
9143
8655
9034
9874
8798
7932
14807
8553
7425
10772
8241
8109
8304
9212
8922
8531
7833
8977
8201
8946
7556
8634
8056
7792
9057
9074
8518
8916
7642
7288
9138
7811
9207
8994
9081
9139
7630
10180
7793
8932
17373
9321
9005
8764
8934
8515
8733
8585
7914
9200
7489
7591
7980
7633
8549
7952
8436
8424
7607
8996
8600
8395
7970
8903
8553
8505
7572
8086
10162
8733
7984
9157
10595
9455
10824
8990
8516
7933
7451
8996
8942
8977
8304
7563
7809
8826
8961
8769
8698
8533
8712
8914
8461
9189
8175
8659
7536
7362
8847
8029
8816
8165
9091
8682
7400
11133
8324
8288
11206
9470
9202
8869
7789
9035
7772
7783
7797
10570
7591
8941
9334
8456
8812
8691
8353
7477
9315
9299
9516
9529
7629
8164
8138
9423
8030
8758
10595
9979
8373
13557
8720
8283
8603
9005
7674
8093
17063
8242
8323
8377
8775
7856
9807
8673
9343
9001
7644
7728
8499
8890
8658
8786
8194
9231
9227
9460
8139
8650
15857
10584
8383
8163
8034
7684
8235
7769
9205
7813
9095
8721
8403
9272
7593
8562
8605
9107
8333
8631
8511
11916
12441
8592
9266
10801
8110
8200
11125
9587
9378
9243
8758
9575
8168
8333
8010
9015
9246
8001
7589
8392
7912
9323
8607
9046
7693
13404
8701
8591
11669
8533
7653
8198
7828
9269
9054
7878
7411
8872
7999
8584
9308
7704
9293
8841
8507
8348
8033
7600
9243
7717
8646
9051
8402
8004
8719
7706
8122
7835
8714
7964
8456
8419
9841
7653
8413
9166
8930
8247
9729
7942
8801
17794
8297
7918
16622
15644
8307
8826
10356
7912
9165
15122
9208
8569
8056
8959
8660
7815
7954
8452
9102
9737
7397
8389
15376
7569
8666
12125
8069
7792
9273
7688
8615
7907
7763
8675
9701
8349
7586
8435
8935
8464
8907
8216
8332
10194
9743
7879
7694
10313
7463
7605
15273
8942
7825
10609
8614
7948
8874
7989
9239
8820
7896
8251
7840
8170
9163
8014
8400
10026
9065
8099
9239
7886
9558
8403
7652
10466
7664
8297
9739
7753
8105
16779
9430
8860
10192
8830
8762
9018
7410
8228
8274
8691
9199
8154
9223
7990
7613
8993
9131
8733
17023
7955
7785
10458
8779
8205
8242
7353
8143
7833
8433
8613
9084
9015
7584
8166
8646
9061
8857
8603
7921
8195
7932
8717
9199
7957
7614
8741
7782
8002
7624
10379
8297
9253
10314
7727
7755
9295
7986
9006
14294
8808
7387
12200
8975
8477
8648
7740
8561
7930
8198
8442
8879
9415
8149
8374
7351
7687
8950
9307
8153
8836
8355
9329
8538
7790
8589
7581
11994
199414
7730
9594
8294
7577
8939
8733
8134
9159
10061
7891
8682
9892
8383
7871
14079
8861
8754
9097
8275
8092
9141
9390
8879
7745
8201
10064
8979
9257
7630
8548
8940
8405
8514
7944
7552
9214
10241
8523
9133
16653
9296
7856
10522
8185
7610
8617
8389
8190
8017
7574
8018
8699
8493
7401
8117
8992
9692
9158
11861
7721
7374
8298
8777
7842
8682
8630
7710
10118
8107
7676
13751
9001
7558
11401
7587
8653
8661
9271
8440
8545
8989
8656
9221
7620
8851
7733
7476
9202
8098
10961
7736
7571
8199
8330
7620
8090
8631
9307
7587
8994
8253
7616
8936
7751
7777
9097
9199
9394
8680
8032
14060
7650
9090
10095
7538
7835
9984
9099
8201
7590
8635
8366
9207
8964
7854
7566
10936
8696
7328
8802
8884
7802
8541
7925
8960
7707
7938
7612
9025
8089
8090
7528
7685
8745
8537
7993
9215
7682
9225
8750
11312
9210
8304
12924
7321
7444
9116
7643
8927
8895
8213
7933
9505
7820
8673
9138
8225
8969
8152
8966
9267
8199
8999
7749
7993
8294
9117
8480
8794
8205
9205
7789
7835
8920
11046
9179
7760
17541
8743
8578
9672
7953
7887
7933
8809
8557
8492
8700
8666
7607
7686
7292
9252
7898
7698
9044
8333
8477
8156
8004
8546
8287
7756
8335
8497
7912
9139
10562
14497
9038
8060
10164
8497
8116
8102
8955
8158
8435
8590
7571
8845
9347
8809
9102
8336
8417
7507
8894
7774
8408
9002
8437
8130
7225
8662
9050
8939
7789
10310
8455
7712
9145
10487
8067
7965
15724
8675
7507
9046
9594
8818
8832
8386
8655
9369
7651
7356
9656
8563
8179
9033
7827
8171
7330
8932
8661
7894
8781
8112
7592
8399
10923
7739
8221
8147
9006
8984
7595
7852
7861
8401
14835
16930
9017
7647
8367
7855
9217
7832
7901
8056
7664
8716
7915
7490
8816
9075
8933
7876
8507
7374
8725
9069
9598
10621
8009
8859
13635
8066
7456
11034
8841
8410
10382
7333
7714
7904
8807
9190
9232
7783
8271
8861
8195
7718
8875
8703
8425
8646
8648
7509
9296
8395
7352
8108
10744
9354
7739
10446
9035
7780
13953
8007
7610
10459
7553
8345
7433
8586
8181
8816
8010
8924
9016
7607
8917
8724
8387
8835
7811
8907
7383
7924
9157
8758
8432
9542
8010
8343
7771
8092
8469
8875
9090
9266
7426
7577
7551
8773
9026
8181
9470
8456
7814
9831
7712
9333
17386
8845
7271
9092
8816
7488
8981
7619
8410
8596
7597
7545
10753
8511
7452
8307
7882
8189
9018
9096
7780
8314
9195
7308
7712
8133
7807
8683
7325
8293
7831
9092
7956
8815
8088
7670
8368
7761
7656
8605
8313
8671
7528
8873
9546
7890
7549
7904
12976
13519
8681
8724
9486
7548
7906
12902
7487
8013
8517
8831
8993
8589
7795
8057
8909
8107
9116
8836
9150
7969
8004
8953
9335
8601
9400
8680
8617
14671
7708
9179
8138
8232
7612
8536
8453
7841
8918
8418
8613
8115
7970
7810
9551
9297
9131
7668
8683
9130
7497
8684
7690
8621
7880
7451
9410
7729
8256
7593
9585
8900
7795
8536
9123
7758
9295
7800
7609
7953
8882
8263
9163
7972
9177
8803
7917
9308
14842
7806
8051
10197
9229
7949
9400
7869
7765
8030
8346
8637
20630
15940
11010
8318
7901
9215
8895
7763
8005
8810
7792
9143
9046
8510
8786
7551
9015
9840
9022
8430
14907
8342
8093
10074
7815
8053
7832
8679
8126
8457
9254
9621
8539
9178
9782
7539
7771
9246
7646
9174
7779
8348
7670
7613
7972
8072
9093
8333
8446
8417
7806
9348
9225
8276
7566
9298
7387
9008
9231
9242
8601
8235
8297
8966
8454
9977
10963
9430
15775
8124
7784
10410
8265
7739
8610
7832
8451
8364
9353
8164
8514
8774
7625
9585
9183
8488
8947
8031
9416
7998
10537
9021
8152
13773
8470
7657
9344
10075
9600
7688
7810
8940
9480
7983
8013
8789
9020
9225
8430
8159
8368
7569
9296
9037
8707
9654
8635
8205
10980
8868
7736
13911
8297
8745
7755
7809
8095
10348
8631
8774
9387
7743
7949
8788
8936
8692
7464
9175
8190
8835
10025
8851
8181
9389
8361
9036
13799
8547
7936
9418
7856
8656
8802
7559
8123
9603
8155
8134
8560
8421
8013
8652
8454
8205
8303
9253
8605
14358
17829
8174
8066
8748
8597
8413
9653
9200
8708
8005
7961
8879
7712
7809
8482
11834
10066
7784
8774
9323
8207
7570
11484
8575
7808
12381
11548
8270
8297
8523
8487
7871
7592
9175
7782
9200
7340
9148
7520
8261
8110
8956
8093
7327
8116
8821
7797
8256
7948
8120
8846
9098
8826
7756
9209
8800
7791
9172
9041
9416
9325
7581
15005
8298
7543
9582
8104
8683
9168
7856
7671
7460
8015
8321
10138
7845
8246
8517
7888
8497
8712
9006
8085
11207
7851
8702
9241
9905
7740
9210
15005
8109
8379
12340
7596
8601
8752
8438
8738
7322
8096
8794
9509
7869
8287
8100
8268
8021
7333
8856
7512
8343
8073
8448
8471
9040
8001
8564
7492
9162
7612
9844
8368
8563
8665
7412
9078
8025
7874
8869
9537
9268
7707
9602
9266
8404
16960
8022
8578
9208
8751
9010
13347
9197
8313
8872
14063
7739
8280
9925
7611
8973
10893
8578
10110
7887
7585
9187
7757
8471
7805
8374
8565
8829
7671
7805
9228
7567
8424
8158
7814
8113
8456
8635
8417
8616
8204
8453
7724
8489
7717
8223
8595
8643
7998
8807
9097
9153
8431
14140
8989
9017
8845
8174
9067
9058
8532
8396
9012
7576
8472
8317
7884
8112
8510
8858
8767
8292
9247
8866
7974
8432
9388
8800
7598
7864
8600
7600
10052
8933
9584
8415
7821
17635
8892
8939
11625
9564
8553
8617
7976
8394
7763
7489
8570
8200
9000
9205
7702
7957
7886
8074
9802
9125
8942
13570
7860
7953
10907
8686
9499
7959
7888
7714
7719
7696
7503
8711
9019
8675
8017
8585
8594
8374
8473
9366
8711
8377
7356
8855
8579
9030
9035
7910
8255
7339
8934
8830
9238
7559
7793
7556
10989
7748
8462
8570
8417
9283
13845
8457
9143
9301
8077
8032
11571
8919
8023
8897
7535
7619
9272
7461
8623
8406
9441
8126
8217
9190
7838
7973
8286
8722
8720
9820
8904
8030
8900
7562
8073
9784
9394
8657
12670
7743
7988
10523
7595
7607
10446
8405
7607
8201
7786
8338
8615
8636
7755
8577
7996
9306
8538
8989
7676
7532
9208
8085
9882
8120
7691
7897
7405
7588
8542
9257
8846
8476
9466
8809
8214
10463
8631
8982
18028
8981
7358
10704
8879
7661
9441
12530
7820
7829
9348
8496
9273
15483
7589
9662
8006
7738
9251
9188
8523
8103
8215
8589
9158
7537
8231
9235
7515
8637
8179
8437
8984
7709
7671
8557
9296
9029
8656
8186
8175
7974
7792
8410
8958
9186
8227
8224
11312
8283
10275
7597
8711
12301
8383
8723
9080
7651
8527
8092
8082
7686
8164
9022
8279
8399
7738
8446
8571
7964
8276
7956
8455
7933
7712
8276
7721
8894
7893
10076
10260
9188
8670
7654
8110
7564
8523
9119
8312
8262
8908
7733
8766
10261
8200
9006
9387
9246
8286
12163
8572
7689
9510
8102
8584
8046
14561
9456
9028
7876
8559
10085
8351
8456
9317
8489
8280
8164
8025
9059
8894
7730
10368
7907
8258
14586
7923
9214
8165
8863
8793
8571
14553
8608
8189
9901
7743
7769
8097
8576
7779
8756
7842
7794
9246
7752
8747
8802
8579
8562
8441
9072
7408
9242
8199
7612
7639
7728
7712
8639
8708
8952
8963
7594
7770
7573
8032
9220
8705
8832
8672
8513
9234
8566
8836
7755
9446
7993
8164
7582
8197
10275
9145
9083
17386
8547
8002
7912
7685
8530
8389
9594
7622
8965
8685
7998
8589
8759
7866
7481
7846
9102
9399
7746
7829
7957
8223
9221
7828
8090
7651
8309
7820
8623
8371
9057
9400
8189
8285
8235
7910
8815
8728
9097
14179
9302
8379
8636
7893
7635
10702
9082
7734
8008
8198
8687
7718
8124
8667
8540
10553
8745
7728
8192
7983
8399
7801
8535
7462
8394
8956
7791
9275
7795
9255
7782
8588
9225
8378
8955
8041
10605
8848
8988
14540
8848
7840
9177
8460
8347
7821
9240
8931
11660
8466
8735
8019
8907
8576
8395
8984
7410
8395
10484
7695
7822
10222
7775
8364
14843
8965
8191
10847
8779
8454
8445
8542
9091
8987
7646
9041
9278
7703
8481
11355
10485
8666
7369
11090
8339
7600
15071
8262
7972
9056
7572
8322
11441
8697
9092
7844
8120
8251
8042
8425
8745
8595
9010
8618
9107
10828
8966
9299
13301
8558
8394
10690
7609
8899
7938
7611
9256
8597
9046
9466
8415
7558
8401
12483
7752
9096
8400
9540
9506
7925
9943
7506
8233
15615
8776
9358
8834
7942
7821
8496
8581
8595
7848
10360
7621
8514
9325
9308
8102
7901
8775
8991
7564
8887
7520
9432
8882
7788
10788
7574
8558
13999
9015
8338
9849
8117
7410
10082
8323
7868
9029
7991
8431
8022
10224
7955
8067
7761
8338
8875
8518
8919
7876
7624
7803
7933
8819
9275
9340
10139
8713
9233
14112
9246
9099
8408
8500
9054
9089
7939
9069
9284
8739
7741
8738
8544
8436
9137
8744
8754
8072
8146
8885
8043
9685
8958
9213
12812
8903
8193
10875
9031
8203
9454
9324
8575
8683
7561
9179
8895
7553
8723
7872
8394
8010
8897
8597
9140
8586
7911
7652
7718
7978
8830
9017
8542
7646
8620
8328
9100
8846
9534
8370
8405
10724
8459
9134
13730
8290
7735
10517
7845
7779
8730
7656
7932
8263
8512
9084
9079
9015
10260
8096
7855
8166
9000
8038
8977
8304
10747
7742
8812
13755
8448
7632
10379
9406
8885
8292
7908
7786
9245
8486
7787
9215
7820
8739
7974
7871
8964
7412
7712
8651
8638
8179
9010
8041
7950
9285
7584
7949
8013
8834
7775
7859
7980
8397
7564
7969
8237
8634
7758
9251
8205
9255
7712
8192
7916
8652
7740
7553
7993
7833
7589
7713
10566
7565
9255
9387
7541
9246
8615
8464
12725
7838
9293
11073
7966
8061
10104
8718
9063
9416
7690
8000
8166
8640
7579
8204
8246
8032
8307
8000
8320
7675
9091
9690
9692
7356
9148
7902
8328
8353
8830
10209
7451
8364
10471
8594
8541
14412
9036
8323
10050
7450
8304
8207
8247
9314
8549
7650
7698
7714
8380
8234
8646
7954
8986
10332
8678
9539
8067
8424
8320
7832
10065
9053
7558
18042
8775
8451
9514
8702
7664
7892
7895
8656
8114
7929
7806
7989
7979
9011
8994
7793
8626
8146
8451
8160
7651
8291
8590
9034
8511
8071
8384
8545
7883
7995
9198
8772
8912
9956
7810
9277
14280
7648
8821
9013
8357
7430
11693
8290
9237
8989
7923
9075
8056
8375
9381
8941
7765
9398
11560
11598
7983
8070
12697
7883
8003
10340
11672
7646
8865
8667
7945
8284
9352
8373
8842
8258
8163
7575
9199
8733
7794
8322
7571
9644
7944
7796
8876
7895
8011
9061
17267
11132
9391
8865
8689
8617
9260
11892
8824
7905
8574
8432
8519
8838
8651
8400
8491
8917
7559
8812
13505
8789
7779
15850
9001
8071
7961
7724
9013
9228
8409
8585
11044
9025
8349
8284
14641
8394
8197
10730
8856
8085
8656
8357
7619
8974
8116
8889
9088
8934
8197
8547
8080
8390
8128
9072
8625
8450
7399
8425
8102
7813
8208
9636
11082
7753
8632
10374
9376
9300
15916
9241
8635
8626
8627
8010
7616
8115
8032
7251
8595
8856
10497
8764
9027
8274
9022
8364
8268
8328
8056
9251
10445
8647
8409
13540
10051
7564
10393
9133
7718
8723
7711
8329
8995
8399
7501
7371
8430
8012
8136
8038
8364
8194
7458
8950
8004
7956
8246
8396
8001
7866
9238
7524
7867
8177
8221
8664
8369
9147
7847
8395
8819
8444
8135
8427
8480
7531
8008
8911
8543
8921
8437
7813
8875
8813
7861
9457
8719
8702
9630
9187
9235
11706
8915
8282
8395
7605
9179
9458
11207
7746
8377
8436
8814
8018
8606
9123
7907
8610
8739
7583
7834
7805
7717
8213
8200
7623
8243
7692
7632
7878
7872
8491
9106
8356
7590
8351
8156
8283
8659
10293
9459
9602
8038
7635
11902
7676
8374
13362
9020
8290
8723
8828
8911
7902
8223
8532
8268
8874
7883
8896
7590
8731
8615
8317
8479
7512
8677
9260
9637
9264
8137
9144
15314
9259
9007
11470
7573
7593
8680
9197
8077
8435
7857
7991
8658
7998
7835
8523
8987
7471
8374
7725
8684
8839
9108
9101
7784
7570
8203
8103
8020
7750
14623
14026
9420
7785
10027
7810
9271
8171
8575
9215
9123
8102
8856
7828
7961
8427
8502
10769
8346
8974
7847
9117
7417
7833
9282
7550
8820
8435
8543
7939
8092
8022
7867
8143
11723
8684
8736
8132
8608
8348
9021
9300
8126
8198
8798
10666
8253
7721
17215
8179
7492
11242
8758
8491
7606
10821
9276
8251
9056
7684
7625
8101
7805
8103
8274
9960
9517
11076
7886
8212
14301
8040
8512
13968
8813
7641
8453
9203
7513
8317
8498
8064
9457
8292
9325
7953
10266
9101
8622
13151
7311
8051
13643
7619
8955
9536
8778
9212
10218
7988
8384
8826
8887
7834
7353
8723
8867
7631
7753
8753
9177
7431
8358
8511
8159
8230
9101
9300
8013
7984
10426
9072
7673
13820
8097
7595
10464
9071
8712
9266
9901
8115
8244
7867
8914
7891
7708
7358
7944
7833
9469
8433
8204
8492
8507
8914
8425
8560
8545
7786
9231
7340
8201
8156
8697
7576
8947
9719
8051
8671
9489
9133
10312
13289
9144
7466
10203
8156
8180
9229
9107
7995
7755
8574
8065
8054
8514
7977
16590
12228
9210
8656
8594
8960
8414
14219
8682
9333
7601
7957
8475
8750
8835
8542
8395
13994
8632
8696
12488
8554
8734
8342
9055
8610
8825
8199
7552
8032
7573
7654
8954
8644
8103
8757
8404
9206
8698
8799
9128
7558
10101
8451
8906
9844
8402
7721
15526
9579
8205
7998
8736
8343
9602
8622
8663
8303
8820
7829
9199
7986
7617
7989
7730
8410
8229
8827
9213
7630
8748
8797
9160
9351
7851
8092
7871
8912
8165
10727
7851
8724
8388
8067
8233
17028
7956
9129
8348
8984
9565
8171
9126
8741
7928
8396
9133
8723
8501
7846
8809
9873
11256
9230
11971
8122
8131
11235
8841
7827
8227
7532
10176
8374
8409
7595
7609
8563
8262
9312
8217
8618
9255
8282
8307
8704
9102
8074
9049
7797
7481
8141
8855
8348
9215
9492
9220
7517
14019
8602
8261
11108
8411
9548
7957
8820
8818
9128
8628
8636
8222
8756
8866
8245
9357
8369
8910
10188
8046
8437
10665
8033
9196
13932
8538
8670
9266
9379
8446
8636
8875
7515
7773
9038
8566
8182
11494
8828
7845
7750
8733
7695
7727
7571
7949
9215
8254
8455
9620
8456
8483
10289
9413
8170
16610
7738
9264
7944
8396
7532
8084
8103
7605
8145
8271
7383
11258
8820
8011
7947
7973
7510
8886
8392
8890
9174
8159
8993
7655
8142
7467
9332
8335
7917
8946
10505
8764
8983
13611
9270
7555
10644
8052
8293
8138
9533
7876
7777
7648
8889
11107
8786
8559
8095
9345
9040
9056
8187
8190
8000
8076
8269
7762
8954
7737
8861
8012
7624
7495
7663
7752
7389
8649
7576
8209
8797
7326
9093
7273
9111
7763
10551
8324
8636
10528
8200
8061
10900
8061
9054
12816
8089
8207
9664
8596
7974
11909
7898
9265
8111
8094
7770
8833
8798
8226
9057
8120
9037
8920
8810
8457
8417
14634
8436
7905
10660
8144
7443
9444
7482
8166
10665
9101
7712
7792
7384
7730
7568
8651
8925
7912
8664
7664
7724
8613
7613
8000
8143
9128
7688
7540
8938
8754
9145
8026
7532
8394
8459
8876
7995
7543
7228
7498
7573
9277
9000
9258
8538
7975
8869
8513
8095
8714
9232
9217
7657
7600
7953
8292
7702
8187
9203
7389
9319
9107
7792
9665
8556
8553
13773
8636
7832
11934
7594
8929
8882
7992
9119
8613
8915
8781
7479
8251
8316
9534
7787
8712
7692
8801
7999
8558
9082
8291
9000
10946
7540
8343
9109
8789
9720
9539
8081
8526
8390
7312
8136
9256
8839
9259
7944
8779
8015
7696
8664
8148
9041
7344
8393
9029
15862
8363
8554
14540
13090
7842
8049
10644
8651
8726
8684
8440
8611
11676
7775
8520
7713
7913
8095
7888
9242
8097
8003
10593
7778
8548
12701
8753
8449
11650
9155
9295
8005
7660
9428
9982
8818
8295
7993
8642
9216
8300
7885
8198
11517
16516
8378
9095
9961
8657
8157
8661
8081
7784
9233
8462
7668
9066
7958
9004
7479
9489
8034
7830
8979
8585
8029
8574
8986
8553
8484
9017
7274
7957
8452
7589
9896
9839
9096
12861
8764
7871
9400
8980
7990
8861
8364
9340
8981
7881
8097
8387
7559
7725
9470
8612
7792
10461
9388
8256
8228
8455
7772
13922
16762
7830
7832
9656
9438
8743
15483
9345
8547
8666
8479
7816
7724
13808
7910
8899
7978
7517
8420
8343
8112
8680
7661
8748
8518
7996
9472
7869
7533
9251
9406
8401
14401
9331
8609
9741
8327
11206
8389
8225
8931
8102
8867
7727
7580
7951
8408
7558
8221
8108
8035
8825
8066
8175
7527
8898
8728
7539
9017
8604
8118
7702
7942
8804
7861
7467
8339
8434
9025
10398
7511
8484
9443
8785
8835
13925
9240
9085
8114
7547
7970
12943
8804
9476
7701
8974
8663
8062
8211
9049
8350
8195
8570
8230
7852
7811
8938
8287
8414
7341
10075
10077
8005
17439
8095
8669
8803
7629
8535
8825
9466
8225
8973
8306
8787
8316
8289
8736
7992
8083
7471
8962
8616
8560
8216
7358
8779
7810
7849
8985
8069
9522
9203
8807
9631
8795
8677
13706
7751
7569
12310
8497
9328
8053
9221
8956
7810
8891
9425
9220
7986
8847
7687
8696
8169
8960
10438
8036
8853
14743
7700
8476
8031
7573
7575
14227
7960
8198
8282
8731
9112
8873
7692
7892
7588
8415
7556
8630
7962
7892
8403
8610
8219
8951
8639
8722
7913
7948
7578
7822
8056
8073
8171
8560
9300
7612
9005
8697
8630
10337
8538
7574
13546
8518
7774
11128
8271
8615
8900
8692
8967
9201
9558
8695
7812
8141
7654
8014
8594
7555
9073
8369
9498
9099
8487
8083
8625
10524
7381
8434
14506
8430
8000
10625
7999
8430
8428
9205
8909
7964
8213
8427
7751
8601
8020
9092
7706
8251
7534
8071
7730
9355
7849
7752
8697
9125
8670
9082
7714
9266
9079
8405
8192
7299
7851
7875
8528
7776
8071
9158
8348
7546
9017
9379
8046
7982
10219
8841
9040
14023
8156
8225
10872
8611
9025
9463
8795
8648
7591
8251
8345
9117
8995
10172
8476
8352
8232
8509
8153
9351
8333
11051
8782
8493
17100
9253
8763
8671
10164
7852
7873
8879
9127
7949
8653
7898
8268
7728
8287
7810
8375
7989
7777
7817
7793
8000
8333
7784
8035
7621
8263
8847
8580
8473
9035
8100
7914
8000
9001
8565
8570
11216
9318
7397
13123
7882
9299
10865
9395
8480
8332
8059
8408
8753
9212
8656
7491
9749
9307
7598
8824
9077
7994
7933
8396
8097
8028
8851
8964
10484
8174
8333
11259
7851
7503
13604
10865
8374
8478
8370
8258
9177
8363
8512
8269
8403
9264
8086
10325
8374
8548
9944
7742
7810
10756
8837
9197
12812
8741
7478
10449
7772
7849
9468
8033
7621
8553
8155
8820
8867
8517
7490
8635
7856
8054
9204
8862
8375
7866
8542
7557
11569
8799
8435
8776
8865
7803
8666
8995
7765
7960
8415
7805
7913
11057
7849
8712
17108
8370
11658
8787
8149
7898
8935
8191
9203
7495
9194
7794
8463
7925
8066
10210
11063
7997
9195
13107
7733
8928
9523
7390
8998
9213
8105
8697
8143
7996
8484
9048
7994
8414
8737
7637
9257
8423
8178
8410
8557
9369
8123
9202
8448
8511
7977
7746
10175
8859
13511
8598
8790
8839
8664
8205
8354
8591
8181
9077
7632
9230
9440
8109
9195
8437
8394
8374
8370
8876
8231
8422
8186
8613
7548
9454
7720
8217
9012
8717
9740
14918
7840
8765
13505
9039
8407
8595
8605
7680
8605
7948
8049
7575
8596
7744
7638
7670
8511
8001
8000
7499
8194
7731
9086
8218
8762
7610
7854
8802
8354
8137
9981
8037
7901
7710
9300
7341
8905
8726
7888
7760
7600
14044
14885
8235
8640
9847
7760
8612
10754
8319
8131
8310
8714
8096
8395
9020
9021
8480
9283
7850
8412
9041
8785
7989
9641
7983
7826
7902
11245
9231
12897
7697
8098
12099
9309
7760
9473
7803
7562
9158
9006
8043
7966
8455
8691
7963
8377
9037
7863
8384
7851
8621
8487
8138
11079
10242
8431
9107
13760
9180
8065
9940
8297
7718
8793
9033
8797
7670
8128
7550
8287
8018
8109
8619
8625
8093
10824
8579
8021
7841
8406
7737
8812
8428
7658
9987
9129
8553
8671
10230
9042
8463
9667
9196
9036
15520
9215
8975
8307
8833
7786
8664
9276
10205
7893
8728
8920
7933
9651
9155
7592
15204
7391
8390
9969
8841
8133
8951
9767
8784
9317
8874
8755
8324
8594
8658
8531
9114
7701
8234
8705
8546
8978
9289
8218
7912
10178
7692
8314
9614
7638
8007
13523
9090
8295
10479
7620
9219
9516
9553
9382
9251
8022
7808
9248
8774
8524
7862
9553
7315
7814
7906
9222
7977
8577
8658
8062
8599
9008
8995
14991
8375
9008
8125
9140
8319
9984
8763
11174
7529
8384
7805
10734
9158
8418
8220
8194
7548
8078
7540
8599
7537
7947
8399
7393
7999
8620
9033
9810
7377
7582
7831
9041
8983
10030
8423
7418
17542
8374
7769
10049
8620
9397
9914
9789
8209
8036
8235
8406
8294
9047
8457
9096
14500
7964
9093
10429
8895
8320
7794
9033
8500
9255
8091
7986
8405
9267
8774
8257
7787
8775
8254
8422
7729
9232
9013
8653
8999
8431
7774
8413
7886
8466
7753
10650
8578
9128
13738
8111
8838
8617
8379
7801
10297
7951
7784
9194
7634
7882
8808
8055
8788
9471
8951
7848
8828
7374
8377
8446
8189
9326
8338
8212
8106
8815
8976
8827
8677
7738
8647
9218
8415
8792
9093
13635
7445
8020
14403
7875
8168
8533
8995
8337
7743
8595
7869
7800
8210
9261
8240
10723
9240
7704
8456
7752
9054
8567
8889
7874
7908
8767
7343
8972
8215
8441
8394
7982
9025
11295
8783
7839
13748
9239
8574
8271
8702
8421
7917
9554
7956
8796
10308
8854
8986
8650
7589
7862
7914
8201
8669
9141
7837
7800
8738
8889
8210
9685
8606
9458
13637
9224
8659
7774
8398
8390
9647
8628
8216
8640
8338
7290
9398
8040
8312
10704
8221
8814
7848
8639
8646
13914
13923
8194
9037
9236
8420
8412
9022
7913
8753
8646
7551
8207
9048
8092
7770
8280
8254
8148
8859
8849
7597
9198
8021
7972
9225
9114
8841
9047
10022
7873
8849
11028
8325
9251
15902
7672
8023
11901
7431
8729
8656
8991
7579
7877
8979
9142
9584
8241
7572
8810
8005
9492
7576
9841
7988
9294
14711
8366
9535
7605
9235
7789
8285
9349
7351
9455
9441
9022
8476
7903
9058
7658
8797
9302
13241
13908
8050
8933
8092
9081
9276
13205
7807
7955
9128
7777
8862
8237
7730
8171
7882
7662
7382
8840
8595
8731
7624
7972
8145
7640
8435
8618
8695
9279
8112
8480
8353
8618
7770
7882
8132
8378
10241
8635
8785
17300
9373
7810
8221
9171
9507
11348
8989
7995
7946
7513
7588
8945
9249
9195
8155
10532
8475
7547
12100
7749
8619
13605
7671
7879
9983
7723
8596
9508
9009
9133
7820
8435
8027
11929
9340
7993
10010
11980
8846
8749
13491
7760
8390
8704
8275
9292
7989
7603
7943
10118
8122
7824
7825
8614
8404
8542
7906
7607
8702
8003
7974
9061
9081
7284
8266
8633
7793
9084
8853
8905
7405
7933
7339
8369
8219
7753
7832
7499
8791
8956
7992
8967
8958
7615
8352
8098
7712
9078
7612
7769
8172
7632
7780
9072
8189
9340
8235
7903
9506
8001
8651
8479
8328
7661
9338
8713
7725
11098
8323
8070
15716
9205
8234
7654
8513
8535
8883
8517
9147
7329
8538
8723
8517
8843
8568
9027
8774
7655
8020
8357
8178
8454
10345
10634
8955
16009
8055
8626
7965
8869
7533
8066
7943
7600
9535
8544
8241
8954
9040
9036
8462
7612
8225
8497
8474
7823
8494
7906
7966
8496
7553
7896
9441
7962
9059
8787
8961
8290
7860
9317
8901
8820
14261
11634
8954
8403
8197
8902
8117
8889
8194
7592
8388
8813
8323
7373
8297
7568
8604
7828
8457
7623
8567
8409
8648
8793
8797
11206
8467
8312
7566
7964
8800
9078
8633
7921
8116
8445
8362
14558
7810
7753
13100
8210
8498
9066
8923
7661
8927
7811
7952
8856
8263
7584
7569
8923
9007
7611
9362
8981
7973
7914
8065
8046
8792
8625
8550
8498
8418
8456
9322
8542
8802
9602
8893
8936
16132
8281
8218
9283
9126
7657
9203
8396
8162
8285
8395
8499
8371
9147
8130
10049
7410
9117
8815
10098
8818
8194
9605
8668
8120
16431
8404
7589
9800
7738
8575
9099
8377
7638
7687
7743
9015
13565
7967
7609
9403
7868
8085
7918
8158
7856
9071
9717
8856
8502
10603
8130
7928
14232
8033
8873
9227
8891
8533
9306
9074
8774
7963
9077
8195
8784
8302
7913
7652
9200
7247
8192
8104
8856
8954
9358
10263
7820
7833
16810
9737
8592
8082
8563
8532
8353
7741
8211
8071
11272
7876
8232
8107
9043
7944
8665
8242
7972
7829
8625
7687
9934
8266
8273
10390
7779
8594
11974
8713
7688
16188
10187
8314
9051
8817
8090
9169
8212
8358
7537
7773
9236
8302
9806
8327
8341
10765
8855
9082
12822
7752
8717
9241
9000
8396
9544
8774
8075
7497
7572
7919
8707
8764
10747
9692
8306
8584
8232
7789
8051
8717
7961
8859
7608
8231
9023
8493
9724
7882
7821
10061
9285
8871
13598
9697
7768
8989
8770
9302
7611
8107
8444
9230
7953
10256
8459
8145
9037
7838
7628
7569
8556
8324
8165
8764
7802
8457
7769
8623
9441
8812
8022
7912
8705
7991
9015
8177
9872
7889
7721
10392
8361
7772
14071
8854
8317
8237
9061
8224
8558
9235
8309
14741
8753
7763
7945
10380
7656
8237
17150
8624
8464
9393
9038
7801
8192
8018
7966
8870
8575
9079
8226
8551
8203
8871
8707
8755
8413
8328
8667
8796
7477
8566
8074
7689
7633
7893
7653
8051
8890
8608
9145
8857
8557
8737
7656
10363
7569
9496
13153
7717
8688
10199
9000
8013
8775
8775
8665
9317
7974
8211
9807
8851
8945
8136
8204
8523
8845
8205
9035
9148
9648
9321
7898
14673
8346
9076
13458
8252
9260
7752
8576
8220
9075
8784
8222
7559
8471
9034
7613
8411
8316
9275
9947
8610
7985
14783
7585
8988
9659
9199
8283
9173
8429
7784
8696
8054
8880
9061
7664
7877
7377
7845
7931
7933
8333
8696
9423
8695
8101
7824
8538
8053
9175
7788
10353
8590
9200
8772
8924
10636
8006
8194
17532
8860
7734
11248
8034
9625
8168
9054
8792
8057
8129
8656
8629
8256
9213
8425
9123
8030
8148
9347
7651
9419
12949
8805
9144
10696
8195
8369
8756
8987
7545
9640
8653
8352
7429
9828
8173
7720
9303
10738
8839
8302
8278
7784
8078
7972
8420
8137
7861
8396
9257
8526
7529
8723
8390
7502
17112
7909
8798
8353
7446
8826
9235
8922
7635
9421
8321
8556
8870
9149
8631
8924
9438
8761
8292
8464
8003
8720
8041
8297
8092
8402
7979
7733
7881
9219
7812
10250
8826
7923
9705
8311
7713
17090
8931
7721
9704
8145
8278
8162
8471
8887
8115
9233
9167
8171
8336
9378
8796
8527
7605
8813
8417
8475
7623
8656
8936
8157
10367
9184
10778
12084
8886
8636
9261
7865
7582
7937
7496
9078
8779
7704
8822
7997
8084
7739
8431
9407
9222
9225
7988
7814
7862
8683
8102
8476
8020
8328
7759
8713
8261
10298
8794
8754
9298
10043
9019
8676
14169
8270
8522
10971
8105
8464
7938
8456
7656
9582
8520
8566
8464
7555
9087
7576
9277
9369
8826
7826
7740
7981
8670
9000
8076
7551
8912
9032
10231
7552
9017
10220
8917
8552
13407
8097
8235
10161
8538
7918
8679
8922
8833
7927
8883
8148
8016
8251
8514
8536
8092
7679
8433
8619
7526
7615
9198
8596
8019
8926
8414
9062
7609
8169
8580
8645
7970
8712
7590
8118
8754
8480
8032
7369
7821
8536
8723
10010
8623
8075
10143
9148
8174
17020
8884
9432
8357
8195
8153
7871
10254
9020
7502
9669
7994
7709
8491
8786
8748
7581
8771
8496
9794
8634
7634
14799
8173
9636
8214
8130
8753
9514
7577
8212
9208
8666
9219
8382
9133
8439
8143
8876
9020
7629
9119
7826
8667
8343
8132
7786
8615
9064
8092
9316
8699
8346
8604
9207
8216
14405
8765
7384
11511
9404
8451
8178
7853
8722
8275
8972
9062
9366
7702
10195
11594
8385
15050
8844
9059
9228
9389
8424
8579
8486
8737
14266
13330
9128
8345
8160
7637
8192
8431
8958
8265
9287
8215
9043
8575
8943
8585
11604
8993
7596
7825
8928
7825
8700
7400
8869
7844
8012
8235
7951
9404
8375
8693
8138
8860
8171
10106
8152
8260
14087
8519
8629
9648
7852
7674
8929
8794
8651
8909
8087
9000
7496
8637
8898
10239
10079
8542
8190
17911
7864
9117
8381
9423
8254
8536
7808
8364
8274
8165
8806
8635
7856
8360
7643
7651
8794
12696
10942
7826
9410
12307
8312
8179
13698
8403
8171
8834
7695
8596
8411
7893
7613
7769
7629
8821
7961
8466
9207
7837
7526
9164
8651
8635
8557
8598
7496
8194
8735
8262
9219
7545
7895
7914
7745
8603
7731
9107
8421
10266
8169
9758
7571
7638
9973
7990
8207
13393
7364
8418
10089
7666
8692
8194
9540
8473
8691
8626
7694
8227
9394
7982
8374
7813
8649
8225
8250
7816
8178
8639
10281
8309
9620
7789
8627
8119
7555
7663
8157
9259
8230
8512
7801
7774
8452
9213
8790
8912
8303
7814
9964
8625
7550
17670
8037
8148
8820
8324
9039
7812
9279
8155
8112
11105
8082
8086
8713
8099
9097
8103
7772
8645
7687
7493
8830
9055
7663
8338
8651
8358
8362
10804
7552
8280
13605
7519
9309
11063
8338
7953
9297
8657
7755
9420
10318
8133
9038
8005
8626
8768
7810
7784
8748
8374
7692
9435
9223
7716
8579
8020
8535
8444
9923
7754
8115
10852
8658
8543
14812
9255
7614
8952
8121
7831
9476
7573
8738
11143
8359
8295
7487
7552
8800
7805
7563
7600
8876
7605
8312
9521
7670
7554
9319
7814
7578
7746
7795
9370
8015
8461
8538
7635
9099
8205
8533
7934
9660
8650
8918
9202
8344
7841
7580
9007
8433
7625
8574
9224
9273
8230
8970
10738
7364
7523
14439
7729
8231
10624
9104
8266
8651
9278
8815
8539
8359
8615
8666
8038
7912
8851
9187
10774
8179
8752
7985
8864
9116
8863
8086
17073
7935
8267
10784
8107
8974
7970
8875
8395
8276
8964
8453
8479
8238
8545
7825
7988
7456
8949
7533
7829
7686
9025
9885
8296
7974
8082
8638
8178
7924
9078
7548
7604
8169
8578
7599
8216
9242
9020
8475
8918
7597
7581
9040
8170
8391
10276
7760
8666
11208
8035
8411
12421
8374
9006
7633
8831
8046
9174
8810
8601
8858
7772
8993
8539
8069
8920
7252
9076
8508
8675
9020
8998
8136
9446
9222
8481
11161
8265
8649
13104
7999
7783
10697
8260
8475
7864
8878
8843
8540
8483
8775
9112
8348
8852
7743
8134
8747
7590
7917
8088
7733
8315
7793
8376
8412
8435
7692
9102
7358
7647
7767
7605
9061
10423
8089
7713
9067
8929
8773
11830
8907
8735
13281
9243
9032
8292
9465
8410
9144
8270
8204
9016
8626
8378
8430
7742
8485
9160
7617
7794
8918
7507
8018
8589
8137
8882
8630
8783
7772
8668
9678
10136
8475
17453
8112
7422
10059
9035
9138
9153
8522
9097
8241
8805
8646
9256
9767
9261
8234
12317
7486
8123
12357
8012
8461
8600
7347
8647
9060
8133
7466
9490
10323
11235
7779
7809
8048
7546
9060
9046
7879
7991
8876
9050
8799
8257
8553
8185
8191
8984
9026
7699
7804
8487
7938
8740
9614
8967
8191
14169
7752
7397
11535
8272
9757
9174
7416
8463
8397
8461
8033
8393
9201
8561
9218
8437
7836
8809
7692
8033
8707
9148
8033
7961
8521
7771
13837
15094
8567
8997
10483
8843
8748
17220
14178
8615
8093
9869
9357
7748
11068
9067
8775
8696
8920
9020
8851
7962
7440
8461
10645
7775
8562
14535
8043
8002
10082
9002
9345
7855
8845
7708
7749
8707
9147
7969
9026
7894
8215
8001
8823
8560
8715
8284
8244
7731
7733
9151
8176
8997
8092
8476
8726
7482
8799
9015
7727
9728
7742
7934
8519
7589
7984
8535
8379
8395
10571
8974
9310
12807
9444
10858
7394
9257
7545
9019
9189
8265
10426
8723
9144
8498
8538
7650
8388
7590
8433
8646
7629
9082
9180
11127
8978
9307
15082
7813
8787
8290
7810
8700
8928
9037
9161
9800
8117
11100
8895
8063
8738
9000
14638
7937
7430
11274
7727
8857
8179
8430
8322
8233
8439
8348
8255
7974
8638
8045
7833
7603
8171
8799
8112
9494
7858
8047
8818
10065
8821
8600
8113
9199
7864
8149
8059
8503
9253
8636
8750
7692
8330
9127
9594
8805
9217
10019
7666
9248
13533
9358
8071
8518
7543
7414
9466
8435
7753
8460
10538
9159
8596
9252
8599
7630
8320
8782
8302
7334
9203
8340
9075
8554
9155
10087
8480
8944
13359
8357
7540
8693
8205
8007
9779
8271
8097
8830
8633
8575
8258
7789
9810
10249
8190
7810
7573
8463
9157
7733
8695
8845
8164
8646
7574
9015
7792
9217
7957
8868
8958
7635
10462
9189
8856
7567
8039
9110
16109
9164
7528
8694
8826
8572
10112
9383
8717
8897
10418
9048
7566
10132
8644
8928
13740
8557
9107
8093
7717
8099
9925
8460
9053
8857
8001
8274
7682
7964
9213
7869
8005
8134
8054
9241
8211
8900
8283
10463
7748
8807
8461
8082
7835
7728
8456
7341
7748
7483
9242
7607
7526
8335
8943
7720
9020
8953
8609
9867
7681
7911
8700
7591
8350
9991
8031
8497
14568
8157
10065
10176
8214
7466
9232
8405
8668
8717
8953
7601
7579
9018
8809
9425
8815
8594
7830
7795
7811
7800
7842
8743
8029
9008
7596
7590
8608
7865
7630
7707
7552
7843
8892
7770
9158
8608
7982
8422
7986
8918
9302
8374
8096
8058
7732
8871
9400
7922
8990
7841
8125
10334
8718
8654
10516
8597
8981
14015
8654
7508
11688
9344
8471
7911
7702
9112
9026
8217
8639
8138
8011
16846
9261
10553
8638
7702
10290
8535
8465
7993
7594
8097
8639
9333
8883
8302
9228
9177
7872
9372
7975
8042
8618
8610
7874
8874
9175
13897
12838
9044
9221
8102
8675
9132
8973
8273
7966
8723
8439
9003
7835
7726
7623
8505
9337
8502
8848
8116
7261
8949
8442
8167
9235
8155
8242
7846
9161
8897
9075
9282
8284
9098
14025
8343
9418
9198
8533
8843
8677
7386
8637
8600
7813
8177
8010
8378
7403
9294
9035
7963
7704
8914
8898
8352
8741
7592
10697
9440
8390
8323
8241
10563
8941
8584
8251
7943
10944
7717
7748
15523
7644
7511
10128
8985
7533
9820
8757
9292
8584
7987
8151
7909
7575
7912
8712
8351
7676
9223
8436
7616
8227
9451
9833
8421
10774
8203
9320
13453
8414
9205
8615
7715
9201
9355
9135
7728
8807
7683
9061
8539
8658
8707
8025
7954
8235
8223
7534
8527
8554
9359
7998
8123
8892
8296
14048
14697
8334
8717
8639
8110
7509
9959
8384
9074
8598
7408
9215
7555
8830
7594
9992
8897
8354
7812
10087
8476
7666
10738
9111
7951
14344
7822
9046
10027
8040
9160
7736
9457
8610
8690
9010
7719
7633
8522
8229
8876
8090
8984
7363
7643
9210
7633
8179
9416
8379
7474
8388
8113
9034
8765
7989
8453
8414
7819
8213
8062
8914
10579
8860
10523
17041
8175
7692
7969
8886
9236
7628
8789
7963
11480
9223
8018
7779
9185
9623
7619
9753
9203
9321
9236
8758
8020
8665
8275
9151
7857
10505
8454
8093
13969
9471
7948
12511
8782
7753
7631
8800
8809
7615
8418
8594
7429
8206
9458
9158
7598
8497
7626
8678
8887
8121
8731
7588
7375
8562
8038
7600
8846
7718
7797
7503
7690
8594
10360
8661
8795
9282
8692
9196
10206
8604
9038
15672
7907
8659
10916
8733
9026
8165
9353
9187
8172
8542
8853
9041
9027
9589
9201
13859
8223
8597
9517
7949
9605
9951
9934
8550
7796
9219
8133
9077
8287
7814
8517
8549
8441
9158
11991
9348
7635
11910
8400
8134
11570
8393
8387
7688
8476
8569
8197
9235
8584
8421
7391
7833
8373
9430
9684
7363
8456
8041
8934
8601
9218
8579
8753
8402
9030
10038
8907
8882
9285
7618
7724
13835
8509
8712
8821
7814
8738
8882
9340
9010
7454
8732
8234
7751
7817
9907
7772
8736
7901
7776
7937
8675
7574
8173
8490
9164
8784
8676
8792
7975
8629
8445
13515
7951
7351
9505
7653
9013
17200
7557
9093
9605
8092
8493
7931
8441
8244
9116
11305
7766
8007
8395
7813
7533
7815
7338
8261
7801
7588
8826
8251
9290
8090
8442
8095
8635
7635
7471
8126
8927
7774
8169
8924
9175
7339
8828
9235
7635
8841
10222
8753
13389
8887
9327
8599
9006
8738
9717
8589
8261
8655
8742
8400
8900
8604
7933
8292
8553
7707
8820
10873
8466
7309
7596
7576
7550
8839
8717
8993
7999
7729
9259
15384
8584
8405
10953
8555
7805
9584
7592
8889
7506
7891
7609
8741
8708
8820
8546
8443
8466
9143
7624
8792
8861
7994
8545
8012
8815
8936
7615
7542
8507
7468
8042
9404
8384
8634
8998
8535
7953
8871
8817
8197
7772
8585
8032
8772
8087
9205
23062
13805
7671
7897
9129
9007
8120
18122
11386
8298
9572
12340
9025
8685
19556
10385
8742
10148
8250
8317
8800
8841
9066
7867
17517
11822
8559
8587
8869
9040
8755
12651
7374
8126
9308
8231
8079
8153
9178
8738
8951
9586
9040
8697
11022
8646
7338
12882
9143
9597
8164
8357
9205
8205
8430
8215
9435
8997
11019
8223
8082
7657
7923
8313
8499
8210
7783
8010
7990
8069
8210
7788
8374
8220
8064
8614
8335
9099
11025
8558
8505
16063
8897
7569
9431
9094
7543
8458
8535
7619
9281
7625
9155
7910
7991
9256
9017
8917
8295
10870
8353
7927
8481
7768
8820
9157
10536
8738
7722
16752
7936
7717
11464
8360
8198
8847
9123
9059
7825
8596
8913
7399
8318
8735
8472
9116
8528
9158
8470
9512
9113
11525
8899
8497
11629
7425
7834
9168
8473
8028
8028
7630
7870
9635
8940
9411
8895
8746
8153
7369
9714
8432
7875
9671
8587
8647
12090
8428
7615
12777
8087
7691
9338
8801
7894
9691
9362
8666
7744
8844
7795
8015
7812
8788
8189
9190
9206
8913
9377
8707
8690
9276
7355
8740
13882
8429
8374
12659
8195
7472
9048
7625
8773
8839
8270
8908
9825
9320
8317
8289
7572
8378
8764
8584
8205
8672
7688
8068
7682
10966
8546
7834
10188
7560
8381
10037
8420
7784
17348
8640
8935
8538
7365
9164
8061
8613
9000
8232
7834
8406
8924
8653
8956
7661
8610
9031
8314
8466
7594
8479
8735
7986
8986
8044
7853
8430
8298
7471
9000
7553
7514
7623
7643
7933
8892
8391
8949
7406
9029
8746
7646
7590
8601
7850
8201
7720
8052
8273
8281
8297
8111
7643
8244
10944
8190
8977
14014
8333
8024
9837
7985
8234
8656
7534
8148
9377
8737
8314
8237
7792
8223
181302
7534
7968
8622
7784
8576
18210
8124
8018
9481
9221
7742
8435
9656
8293
7987
8409
9298
8010
8749
8425
7771
8176
8267
7369
8174
7353
8063
9120
8471
8538
8512
9038
7387
8921
7890
8288
9229
8317
9092
9763
8132
8633
14322
9110
7728
11702
9531
9381
9127
7764
9142
8607
8999
7982
8220
8378
7571
9273
8996
7610
9047
10674
9000
7671
14900
8512
8088
8230
8135
8866
9216
8325
8456
9128
9124
8618
10272
9169
7839
7389
8810
8076
8191
8353
8427
8001
8334
9087
9086
7662
7936
8013
9871
8112
8994
14797
8594
8258
8595
8637
7372
10019
8564
9222
8193
7754
8476
7553
7719
10683
7712
7613
7594
9109
8621
8320
8633
7548
8995
8694
8901
8002
9107
8956
8316
8841
9514
8346
8125
10400
7953
8577
16638
7867
8723
10323
7968
8116
9559
8020
8683
7988
9251
8488
8065
9010
7803
7779
7953
7833
7631
8537
8587
8278
8015
8476
7842
8474
9118
8160
9233
8634
9019
10545
8940
7984
11685
8381
7435
13071
9026
7872
8975
7550
9089
8192
9092
8636
8211
7564
8427
8657
7861
8255
9246
8370
7609
8016
8299
9133
8552
8237
8801
8036
8139
7942
8061
9257
7550
9177
8224
7649
7911
7589
8042
8143
8245
8748
8510
10029
8877
9170
11932
8350
8525
10215
8940
8798
7870
8579
7764
9589
7796
8443
7923
8340
8943
8634
9359
8456
8902
8817
7528
7565
7808
8078
8174
10378
8286
9314
8400
7401
9362
15539
7689
8640
12430
8915
7878
9435
8128
9268
8243
8410
9347
7965
8799
9086
9377
7870
7571
8218
7617
7590
7590
8841
8574
9207
8677
7856
8471
8117
7866
7854
9426
7771
8002
8756
9483
12349
15956
8496
9352
8592
9145
8175
9238
8128
8094
8742
7328
7784
8014
7524
8836
10322
9381
10954
8492
8707
8694
9984
8255
12925
7656
8420
9107
7825
8788
9964
8804
8693
8476
9217
8575
8029
7951
7855
8374
9003
7774
7635
8912
7383
8615
8227
8797
9026
9837
8207
8356
9317
9276
9145
13287
9318
8707
7980
7830
8207
8336
9102
9252
9107
7358
8507
9175
8227
8630
9042
8958
8113
8976
9000
8631
8923
10127
9076
7852
10003
7663
8352
16596
7667
9494
8778
7856
7933
12749
8856
8387
8797
10825
8731
7924
9032
8214
9666
12696
8969
8953
9040
8625
8871
8708
7616
8355
9275
7831
8775
8341
8492
9225
8777
8812
8132
8674
9584
8802
8537
9900
8351
8898
13300
9062
7410
10164
8035
9046
8888
7955
8351
7824
9430
8497
7792
7579
7779
9332
8235
7536
9258
8853
9137
7635
9264
7938
9293
8507
10955
8830
10643
8092
7518
14538
7772
9078
7953
9442
9203
8655
8420
8592
9400
9299
9029
9194
7569
7651
9325
7779
7581
8896
8295
7948
8791
8569
9211
7601
7803
9845
9130
8687
8178
9196
16199
7571
8325
10753
8754
7793
8168
7769
8082
8998
8415
8315
9035
8685
7553
8237
8415
7529
8579
8477
7619
8453
7512
8095
8906
8533
7781
9235
10105
8381
7808
8398
7832
8594
7727
7592
8407
9079
9159
8115
9947
8489
8494
13801
7631
7890
11881
7686
8371
8804
8581
8467
9439
8525
8940
8948
8453
8293
7609
8732
7830
8952
7912
8985
8487
7985
8819
8194
7556
8369
8958
8106
8089
9327
8723
7973
7600
9416
8008
9012
9832
9047
8969
14226
8545
7827
8419
8426
8839
9166
8442
9282
11260
9187
8917
8294
7710
8073
9117
7842
8839
8974
10620
9333
7614
16550
8791
7669
9845
9157
8536
8758
8392
7739
8595
8205
9320
8522
8635
9287
8352
9017
8410
9358
9845
7797
9208
11909
7681
8254
9359
8960
8137
9133
8960
8738
7521
7728
7991
7918
9322
8823
7742
9198
8082
8561
8676
7934
9335
8381
7784
7799
8440
7870
9229
8599
10000
7571
8947
8925
8113
10548
8769
8612
13288
8437
9306
8195
9112
9401
8948
8592
8237
7894
8088
9069
8025
8165
7579
8476
9022
8877
7892
9203
9176
7632
7533
9966
8544
8082
7593
7992
9399
7954
8026
10250
8521
8020
12379
8113
7784
13261
7856
7702
8923
7375
7995
8418
7717
7803
9818
8535
7903
8756
8011
8636
8244
9136
8398
8671
9251
7252
7691
8488
8605
9240
8163
9003
8631
7654
8105
8851
9026
8397
8654
9919
9182
8202
17863
7828
7851
11062
8712
7542
8546
8980
8400
7793
8071
8041
7955
7585
8960
8930
7687
7917
9015
8097
7502
9018
9164
8134
8654
8438
8763
8339
8872
8060
7756
9024
8587
7834
7689
8737
8384
7405
7964
8758
9488
9138
8443
10097
8057
7681
16023
9369
8375
7413
9215
7250
8173
8005
8189
9110
7808
8172
7975
8909
8796
7974
8988
8203
9259
7621
7864
8512
8455
8371
8553
8719
8558
8732
8987
8211
8333
9069
9487
9133
10042
8775
7793
13593
7547
7638
10348
9190
9178
8187
9024
7426
7878
8724
9024
7949
8370
7631
8773
8397
8973
8415
8835
7413
7768
8396
9217
7500
8950
7902
9916
8193
8146
7563
8314
8607
8370
7610
8311
8071
8830
7752
9251
9202
7896
8923
39619
8606
8039
7599
9422
8728
8473
7404
8433
8358
8046
9169
7669
8015
9027
10050
9777
8900
7773
8717
8384
8547
8799
9834
7696
10953
12178
9241
8830
10015
8000
8800
9034
8433
8724
9592
7811
9295
8849
9244
7691
7909
7771
8991
7670
8481
8759
8369
15510
8292
9210
8638
8379
7554
7641
7761
9215
9071
9714
8114
9022
16549
8079
8301
12132
9041
10642
7673
7408
9295
8343
8268
7884
7690
7854
8712
8364
8841
8506
8662
9234
7573
8013
9422
8094
8753
14066
8442
8978
9245
9158
8594
9058
8140
8539
9104
8611
8181
7484
7766
8831
7529
8215
9441
8049
9272
7774
13476
10259
8452
7920
15128
10513
8492
9230
7393
8797
9154
8385
8830
7951
8700
8607
8841
8041
8416
9029
7945
7810
8126
7656
8117
8689
8825
7932
7854
7660
8123
9156
8208
8164
8292
7732
9097
8127
8652
7789
8608
7682
8082
8396
7990
7699
8070
9177
8430
9039
8320
8383
7866
10880
7710
8646
13119
9067
8708
8497
9076
8707
8010
9003
9191
9400
7767
8641
7738
10786
8957
7882
8537
9281
8173
7637
8480
8938
7875
7571
8726
9953
8314
7549
9201
8205
9195
16794
8426
7632
16024
8510
7633
8996
7432
7943
9029
7837
9307
7577
10249
8200
8200
14560
8558
7871
10986
7686
8610
9396
8841
8508
8262
8881
8174
8415
8133
9394
7911
8808
7692
9253
7604
8588
7790
8217
8387
8695
7671
8056
7548
8749
8487
11370
11008
8908
8616
12929
7589
9227
11888
8864
8103
8060
8457
7909
8677
9023
8150
9242
7676
7960
7589
8194
8469
8707
9056
8354
8133
8482
7802
7672
8323
9213
9919
8522
9052
9089
8492
8113
7769
9781
8095
8091
14507
7578
7586
10407
7574
8216
9253
8951
7885
7769
7960
7998
10904
7859
8728
8523
7968
7820
8784
8053
9153
8861
7609
11001
8254
7781
8156
8219
9154
9150
9062
10412
7957
8195
9761
8121
8690
16352
8165
7672
9447
7767
7559
8316
8702
8501
9471
8900
8863
7902
9284
7820
7892
7658
8840
9051
8158
8302
7989
8513
8528
9280
10579
8313
10187
13545
9168
9260
8619
8953
8910
9449
13386
7383
7907
8195
9200
8300
7669
8553
8054
9555
8451
8637
9326
7676
7753
8319
8501
8162
8267
7733
8634
7368
7353
8285
8184
8412
8934
7591
8425
9074
7675
8253
8254
7676
8112
8746
8796
8815
8948
9082
8213
7409
8185
8490
8613
13733
13292
8784
7332
11709
8126
8620
7941
8941
8410
7495
8159
8415
9495
7953
8924
8437
8678
9020
8134
8830
9194
11424
9407
8682
8132
17401
7828
9168
8661
8975
7492
10394
8217
10734
8444
8215
8215
8042
9384
8851
8393
8798
7380
8441
8538
8896
8200
14244
9297
8915
9306
8164
8629
8844
8178
7940
7813
9074
8203
8526
7592
8413
7631
8024
9415
9782
8200
9000
9076
8194
7871
8178
9363
8269
8171
9056
8592
7674
8207
9001
13064
15012
8087
8662
8915
9226
8598
13937
7735
9405
8983
10125
9234
7930
9317
8968
8897
15485
8012
9312
7661
8791
8597
9852
7669
7920
8973
8447
9199
8358
7854
8859
7839
9321
9038
7669
10006
8089
7935
8198
8854
8768
17307
8736
8200
8878
7586
7789
12247
10326
9319
7227
8785
7843
9241
9962
7973
7580
10442
8802
8029
13705
7964
8287
12037
8816
7621
8094
8368
7747
8717
9085
8241
9267
9008
7871
8661
8035
8363
7368
9615
9942
9014
14453
8970
8455
9113
8924
7822
12466
7558
8220
9336
8896
9353
7710
9076
7779
7831
7588
7796
8309
8985
9077
7803
8303
7466
8531
7646
7912
9327
9128
8077
9461
7981
7620
8133
10284
9008
8220
9691
8453
8982
15570
8580
7598
9037
7895
8895
8194
8190
8270
7866
8178
8010
8497
8476
9032
8915
8491
8238
9357
7981
8297
8354
12111
9189
8233
9588
9559
9101
13333
8254
8117
8308
7619
9278
9366
9311
7940
7673
7896
8827
7545
8158
9087
9225
8460
8671
7654
7411
8955
8042
8438
8205
7492
9196
7842
8875
7876
7350
9135
7682
9302
7712
7831
8408
8397
9271
7816
8565
8015
8345
7669
7507
7454
9241
7974
9185
8449
9730
7459
7780
8986
8356
8076
9423
8401
8035
17264
8816
8791
9580
8239
8905
8517
8043
7719
7769
8789
8928
8564
7606
9425
8275
8581
7869
8804
7712
7390
7832
8164
8176
8151
7778
8635
7872
9215
8614
9037
10840
10000
8592
13076
7466
9035
9093
9128
7410
8334
8170
8717
9134
7795
8519
8306
8791
8615
8532
8816
8271
9235
8591
8795
9041
7553
8523
8774
8537
7809
7416
7620
8945
9651
11418
8604
8656
16827
7899
9012
9613
8994
7810
9064
8470
9415
8024
8149
8018
8403
8275
8933
8406
8633
9148
8670
7936
8051
9262
10509
8862
8270
13515
7774
9771
8248
9253
8805
7871
7412
9236
8414
7846
7569
7946
8257
7991
8634
8095
8471
9783
8532
7984
8070
7716
8496
9079
8126
8492
8996
7990
7638
8125
8819
7554
8278
7758
11280
8394
8233
8179
7733
9028
8809
7338
10236
9151
8529
13589
9317
8112
8717
8165
9470
9492
9225
8622
8349
8272
8835
8818
8858
7590
8553
9635
8140
8264
9235
9629
9538
14756
7834
7553
11830
9050
7597
8157
7682
8271
8432
7656
9435
8608
7568
7855
9697
7451
7569
8212
8648
8745
8078
8915
7611
9475
7595
7556
8805
7426
7760
34391
9479
8931
8086
8543
7777
8816
8663
8361
8881
9413
13234
8325
9044
9393
8069
8536
8887
7563
8702
9391
8092
8261
9519
7950
8615
8050
7845
8277
9162
8194
8842
8958
7723
8150
9213
7712
9204
8207
7579
7745
7710
8776
8217
7986
9108
8795
7382
8323
7653
7885
9127
8358
8928
8809
8530
7641
8998
7829
7786
8576
8264
8480
9059
7979
9957
7690
8714
8018
8157
11010
7606
7579
13783
8260
7389
11063
8557
8667
9365
7835
7822
8702
7892
7687
8709
7838
8568
8565
9237
9323
8455
7997
8713
7635
9001
9761
9197
7733
8146
11989
10278
8380
8375
16321
7862
8726
9234
7385
8101
9969
8777
9209
8650
8799
7857
7902
8705
8814
8416
8814
9015
7811
14815
8916
8702
9594
8185
9051
9764
9463
9246
8194
8789
8447
7785
8262
8992
8927
8314
8167
8465
8871
8525
8400
10288
8133
9420
13264
8784
7349
11969
8312
8212
9020
7682
9230
8205
8835
8052
9693
9006
7783
9023
8268
9002
7899
7886
8165
8261
9430
8252
7764
8803
8215
9349
10513
9207
8051
13455
9128
8106
12909
7705
8217
8657
8430
8136
9094
7598
8187
8150
8531
9287
8662
10283
7938
8789
9563
8796
9071
17688
9278
8813
8932
8569
9165
7866
8589
9432
8897
7868
9043
8565
8845
8194
8430
10168
8061
8699
14151
9034
9027
8398
9357
8033
8433
8872
7794
8743
8427
8104
7735
8533
8805
8641
9127
8096
8400
8561
8476
8687
8877
7995
8456
9039
9334
9059
12752
8353
7714
12421
8456
9261
7902
8476
8160
11397
7950
9079
9025
8778
9069
8110
7870
8202
8652
8412
8310
8985
10374
7752
8002
8557
9003
7770
10317
7815
9058
14067
8590
8287
8589
7910
11310
9417
7425
9205
9658
9536
8615
7347
7696
8735
8526
8876
8862
8358
7411
8797
8646
10334
8553
9061
14566
8563
8617
8722
8838
8538
8122
7591
8132
9461
8726
9301
9306
8714
9082
8317
7635
11290
7608
10331
7822
8466
13950
8501
9116
10644
8312
7933
8287
8174
8182
8866
8876
8181
8228
8279
8317
8012
8615
9075
7715
8941
8253
8172
9050
8925
8053
7639
9893
8551
7409
9408
8435
8979
8203
8276
9688
8706
7915
9634
8633
8351
13935
9285
8166
8169
8051
8877
9169
7379
8395
9010
8360
9119
8387
7593
7602
9225
8097
9022
8901
11062
8840
8439
8685
7589
7775
7832
8569
8143
7431
8117
8006
8927
8901
9110
10179
7918
9042
17096
8043
8803
8546
8800
7911
7812
9220
8128
7838
8028
7975
8619
9382
9459
8252
8790
9139
8075
7474
7829
8435
7928
9077
7569
7972
7859
7758
7993
8160
8192
7338
8061
8998
7629
9124
8061
7938
8104
9097
8120
8042
8532
8347
8950
7812
11247
9146
8356
14706
9116
9208
8912
8619
9843
8126
8864
8715
8092
8622
9004
8724
9119
8214
7692
8061
8211
9248
10423
8089
8266
10182
7960
8067
13571
8538
7905
11266
9362
7651
7694
7713
7888
7970
8090
7825
8712
8498
8485
8333
8605
8400
7729
9552
8307
9017
8652
8109
9241
8089
8994
8712
8599
9307
8716
11048
8035
9079
13411
9504
9425
7964
8687
8518
7856
8439
8119
9501
8522
7512
7934
9225
8282
8615
8932
9230
9041
7456
8314
8548
9566
8829
7860
7897
8032
8667
9684
8895
9037
17434
7762
7924
10263
8323
7556
10833
8441
9164
8523
8947
8422
15601
13291
8936
8979
8432
7789
8986
7851
8240
7910
8304
7579
8579
9053
8195
7580
7669
8060
7887
8553
8295
8791
7868
11114
8215
8135
9143
7903
9251
8961
7696
8916
7817
8333
7618
8977
8825
7376
8058
7613
8162
7941
7809
7564
8153
9018
8100
8979
7593
8646
9327
7355
9233
10856
9087
8779
13514
8401
8045
9218
8662
8707
8956
9207
8280
8443
7801
7846
8178
8403
9454
7909
8507
7787
8950
8853
8937
8303
8156
8266
8290
8096
8940
9218
8994
8477
8642
11370
7884
8416
7520
8254
9070
8131
9012
8637
7789
8615
7245
7686
8366
8492
8994
8144
9054
8502
8300
7753
7990
10856
8037
8739
12376
8737
8021
11840
7959
8893
10663
8452
9179
8159
9641
7593
8617
7789
7217
8635
8129
7663
8759
9153
9215
7420
8512
8643
8479
8704
8574
7970
7534
8035
8903
7995
8778
9255
9219
8990
8080
13946
7896
9478
10548
8218
8227
9190
8201
9169
8992
7995
9185
7578
8075
8146
7811
9017
7482
8789
7527
9241
7501
8712
8092
8536
8057
8605
8800
10476
8218
7608
9197
7816
8306
9923
9063
9035
14486
7412
9111
8801
8238
8023
8165
9074
8307
9184
8928
8031
8662
9574
7594
7814
8226
8445
10449
7840
8365
8841
8092
9150
8415
9158
7723
8933
9828
10230
8568
13916
8647
9197
11861
9179
8059
7871
8512
8938
8278
7696
8205
7803
8087
8533
8252
8583
7610
8601
8328
8911
9216
10798
8584
8044
12793
7748
8170
11460
10283
9473
9097
9227
8101
7758
7888
8725
8899
7634
7752
9229
9238
9224
8003
8307
7730
8565
10124
9440
8011
14871
9293
8301
9016
8800
9046
9143
8441
7577
7649
9238
8243
10047
9441
8484
9020
7814
8156
8676
8453
9205
9056
10948
8676
7613
13940
7589
8379
11329
7956
7788
9039
8328
8554
8098
8546
8841
7469
9342
9237
8620
9205
7824
9482
8304
8706
9046
8798
7654
8162
7748
7906
8148
8144
8513
7882
8600
9195
9080
15023
8758
8144
10539
8221
8758
7834
8177
8519
8649
8241
7531
8910
9068
9220
8090
8633
10892
8747
8112
9036
8810
7569
8417
8095
8541
9083
8320
9235
9143
8530
9643
8923
8450
12476
8390
8876
9654
8726
7694
8510
9687
9136
9134
11067
9337
7451
7708
9692
8835
10044
8256
8225
8740
8696
7837
7955
7968
7415
9432
7802
7976
9241
7887
9328
8212
8627
7893
7869
8630
8172
8339
8600
9527
8024
7709
9200
8210
8033
8797
8584
12317
8695
7845
16911
7958
8107
9888
8774
7752
9262
8766
7669
8164
7655
9184
9282
8784
7980
8324
8234
7830
7671
8611
8958
9192
10625
8255
7815
12557
8073
7846
13435
10781
8740
8076
8826
8409
8873
8283
8437
7750
9264
7608
8528
8044
8225
8676
7964
7830
8075
7941
7982
7605
9018
7359
7630
8758
9077
8724
7792
7610
7785
8533
9031
9866
8798
7808
8820
9683
9246
7529
14385
8297
8201
8979
9302
8360
8455
8414
8787
8433
8718
8013
8819
8881
7948
14189
9223
9199
8716
14171
7920
8238
8522
7979
8943
9345
9223
8640
7920
8674
10885
9043
8970
9320
7750
8753
8625
8084
8800
7761
8497
10450
7411
8394
10648
8971
8067
17345
9082
7743
9499
7579
9165
8400
8382
7953
7638
9995
7867
8910
8210
9420
9111
7469
7671
7826
8969
8405
8124
7862
8000
9081
9961
7808
8252
9497
8805
7610
13836
8377
8110
9476
8475
8897
7594
8719
7604
10404
10339
10555
12111
9133
8989
9217
14554
7650
9252
9312
7674
7695
7775
9179
8483
8728
9208
8428
9158
8406
8953
7641
9118
8711
8683
7630
8583
8508
7589
8509
7580
8605
9109
9174
9646
8155
8205
10445
7663
8619
11675
8600
9179
10492
8980
8097
8744
8740
7776
9607
7854
8989
7648
9190
8834
9192
9105
7928
8425
8413
7696
8087
8778
7692
8962
7935
9154
8512
8245
7679
8394
8000
8171
7676
8389
7758
8590
9242
7451
7930
8381
8907
8717
10844
8649
8227
14958
9158
8664
9035
7999
8123
8633
9691
7812
7557
7574
11765
7644
8717
7822
9267
7714
9215
7887
9208
8315
8714
8663
8750
9028
8154
8384
8682
8796
8119
8319
7791
7784
8537
8477
8435
7841
7800
7757
8491
7764
9020
8247
8548
9178
7917
7947
8036
8380
8217
8396
8147
11289
7600
9000
9238
9000
8615
8236
9761
7241
8019
9861
7607
8243
11080
8707
7613
12380
8216
8501
8363
7909
8365
9198
11401
8210
8531
8593
10483
7993
8591
8753
8936
9513
8837
8624
9428
8526
9158
17131
8774
9172
7661
7938
7915
8364
7881
9157
7961
7338
9015
8622
8316
9151
9054
9748
8804
7460
7792
7981
8096
8754
9065
7594
9266
9194
9051
13911
7596
8256
10982
8323
7993
8589
7646
9186
10498
7318
8616
8697
9175
9057
8343
7928
8374
9313
8156
9374
9748
8162
8302
7619
9807
8195
8009
9981
8812
8812
13300
8361
8044
12267
8245
9445
8071
7933
7887
9066
7794
8328
7894
7665
7415
9205
8917
8508
8021
7753
7794
8914
8148
9225
8812
8144
7635
9164
7462
9098
7770
8473
7551
8600
8506
9195
8420
8984
9198
9266
10476
7690
8542
13719
8389
9055
9064
7830
8364
8157
9137
8839
7688
8432
8015
9065
7743
8625
7559
9051
8382
8601
7742
9057
8072
8328
8014
7716
8144
7916
8163
9097
8293
8290
8179
8441
8814
9041
8566
8194
9476
7600
8728
8574
7569
9296
18297
8468
8075
9247
7733
9203
10030
9235
8230
9033
8078
9217
8936
8104
9193
7446
8208
8791
9041
11727
7899
7556
10746
8984
10026
10101
7567
9195
9428
8171
8251
7708
11632
8014
9060
8161
7808
8916
8415
9176
7997
7970
8615
7451
7769
8615
9015
8637
8271
9222
9230
9352
7866
12967
9260
9136
9920
7282
7810
9830
8375
7992
8182
9910
8812
9571
9502
8881
7490
7560
8332
7563
8173
8251
8349
8796
8270
7870
8549
11365
9408
9353
9043
7558
8824
7719
8555
9112
8393
7812
7399
8110
8165
9124
8004
8041
8378
7410
9800
8702
9102
14683
8769
8633
8341
8379
7805
15518
8580
8874
9197
10282
9400
8552
14923
9162
8974
8806
8486
9179
8958
8089
7698
9295
8076
8759
7707
8947
8399
9024
8092
8748
8154
8605
8934
8314
9226
8759
8364
14175
8503
9355
14065
8063
8640
9187
8312
8394
7293
7867
7663
9595
8625
7600
7816
8596
8739
9025
8005
8784
10550
8894
8169
9288
12343
8524
7551
14767
7630
9454
8345
8051
7418
8793
7394
8770
8764
8276
8601
7485
8005
8738
8707
8409
8023
9141
8207
8894
7656
8599
9198
9701
12512
8737
7882
12948
7994
8936
9671
9272
7755
8682
8015
8999
7571
9271
8369
8700
12507
8056
8490
8728
7945
8778
7971
8301
8246
10133
8090
8552
8670
7750
8297
10114
11032
9376
8620
9037
7980
8400
10366
7547
8794
17335
8257
8093
8478
9241
8855
7963
9055
7984
7337
7608
9240
9021
9273
7328
8398
7771
8091
8520
8020
8104
8303
9963
8447
8338
8333
8229
8773
7273
7817
9200
7744
8012
8590
9550
7415
9025
10766
8589
8548
17639
7569
7979
9123
8155
8777
8502
8626
8082
8100
7767
8082
9543
9438
9279
9266
12327
9242
8563
11256
8863
9377
7743
7280
9356
8016
7833
7777
9685
8897
8161
7935
7974
8863
8522
7628
8300
7798
8449
9201
7707
8317
7330
7602
7800
8647
8482
9288
8428
7960
8540
8449
9296
7956
8873
9328
8785
8556
7845
10497
8765
8230
15030
7972
9005
9250
8198
7774
9456
8834
8374
9235
8755
9176
8455
9282
8885
8827
8874
11169
9160
13996
8186
8752
9533
7965
8943
7714
8155
7590
8345
8434
7728
9717
8655
8520
8420
8766
8106
8814
8519
8612
8598
10945
8600
8574
7598
7795
9203
9622
9278
9021
11102
7654
8737
16124
8113
7365
9240
8706
8724
8645
8239
9137
8132
8212
7528
9036
7956
7571
8015
8456
8643
9194
8410
7819
8564
8331
8484
8053
8777
9142
7626
12648
9509
7753
12532
9307
8952
7554
7979
8254
7998
13687
9266
9037
8970
9068
7795
8185
8810
9245
8337
8994
8832
8067
7891
8935
8945
7834
7981
8068
8466
8533
9584
10495
8011
8198
14559
8836
8095
11238
8856
9155
9271
8041
8111
8295
7923
9219
8877
7766
8456
8756
8742
7932
9079
9358
9563
7857
10041
8748
9196
16678
9197
9231
9011
11134
8822
8157
7569
9215
8785
8505
9119
8201
8533
7582
9013
8854
8215
9380
11551
8559
8607
11902
8445
8066
9504
8112
9066
9057
8220
8606
8666
9224
8103
8164
10267
8567
12303
11475
9249
8527
11632
7742
8388
9259
7410
8210
9057
8586
8757
9397
9220
7770
8278
8405
8958
7860
8764
8432
7871
9333
9234
7646
8918
8316
8574
7479
9318
10142
13976
8198
8566
11321
8388
7743
8271
9171
8386
8719
9287
8145
8374
9251
7650
7891
7948
7882
7712
9076
7987
7691
8020
8731
8487
8093
8758
8866
8691
8517
9492
8015
9272
8672
7675
7851
8821
9612
9087
9020
16451
8517
7471
16203
7926
9320
8226
9500
7655
9416
8421
8492
8728
13948
9218
8281
10026
7657
7484
11322
7527
9276
9156
9642
9027
7696
8846
7690
8133
8282
11752
7485
8795
8592
7732
10117
9246
9588
14757
8443
9369
8421
7776
8895
7990
7730
7400
9309
8666
7892
9052
7687
8344
8439
8092
7806
8416
8471
8206
8827
8989
8434
7548
8125
8395
7493
9276
8161
7582
9086
8318
8100
8811
184736
16177
9252
8378
9210
8718
7667
10716
9478
7578
8877
9082
8220
8575
11148
9200
8369
8482
9048
8327
9682
9223
9400
14027
7254
8260
10205
8215
8198
9713
8365
7826
9363
8173
7761
9219
8811
7594
8058
7548
8189
8846
8969
8247
11459
8486
8784
8477
8282
8022
7711
8547
7844
8180
8029
8876
8976
9713
8112
7794
14439
8794
9159
8595
8352
9246
8702
8583
7593
9430
7715
8379
7737
7892
7718
8537
8071
7612
10182
8884
7405
7721
7475
7744
8133
7359
7800
8218
7795
7888
9504
9234
8182
8906
9235
8997
8601
8809
8014
7590
9204
9279
8693
8273
7902
9287
10495
8557
8004
10835
9815
8256
16478
8262
7757
7861
9358
8948
8135
7940
8430
8492
9475
7984
9004
7748
8203
7671
9192
8133
9239
11025
9022
8256
12093
7953
8682
10303
7940
8523
10592
9478
9559
8182
8202
8252
7800
7618
7384
8378
8968
8205
7948
8652
8216
7558
8341
9258
9235
9262
7349
7753
9777
8512
8272
11635
7876
7515
14130
8309
8634
8000
9243
8235
7848
9125
7812
8273
9286
9276
7922
7815
7615
8784
8541
8845
8835
9256
7425
7897
8882
8348
8726
7898
8960
8266
8239
8358
9062
9753
8328
8366
9723
7903
7631
9538
11733
7794
12413
8082
9121
9338
9105
8998
7994
8625
7903
8295
7612
7786
8074
8493
8497
7583
7728
8837
8194
8828
7743
8579
8801
7646
8392
7786
8422
8162
8574
9879
9446
8240
8953
8000
9476
8979
8328
12112
7900
7773
15768
7744
9104
8728
7991
7476
8994
8399
8637
8981
8384
9266
8841
8937
7600
9258
9155
9220
9313
10360
9498
9813
11715
9471
8970
8612
7843
9645
8552
8203
7814
8536
7758
7957
7271
9120
8717
9297
8005
8198
8019
7742
7620
8465
8998
8395
8025
8615
7994
7555
8884
12127
7545
9246
10992
7925
8614
7523
7666
8525
8624
8161
8071
7967
8425
8239
8994
8434
7537
7940
8880
8517
7829
9059
8874
9155
8384
9759
7520
9172
8817
8955
8685
8447
7975
11898
9725
8875
13489
8241
8371
8579
8435
7565
7801
9067
9361
9008
8749
7910
8212
9117
9364
8705
8344
9172
8237
8393
7902
7930
10625
7684
8438
9786
8096
7952
12748
8790
8130
12193
8775
9174
8639
7503
8030
7633
8953
8697
8123
8986
7253
8775
8173
7581
7589
7864
8372
8125
9218
8657
7893
8532
9148
7688
8284
8888
7603
8651
8073
8108
11396
8608
9079
14092
8475
8616
10882
9180
8554
7635
8908
9077
8132
7870
7952
7822
8082
8036
7720
8753
8110
8276
8661
8403
8678
8790
7537
7840
8517
8018
7703
10357
10789
8361
8532
7651
8427
10037
8835
8798
15189
8618
8145
10100
9034
9272
9430
9066
7837
8639
8473
8315
7689
9099
8135
8141
8494
9015
7800
7715
7705
8979
8360
8865
7782
8595
8995
7769
8615
7353
8922
11189
9232
8989
15866
8723
7481
9636
8992
9237
9224
9000
7953
8758
8827
8605
14082
13379
9279
9143
8527
8949
8964
14961
10421
9177
8632
14500
7901
8872
10513
7719
9313
9413
8000
8948
7618
9284
8832
9000
7951
7844
7787
8748
9717
8204
8409
8389
7812
8492
7795
8942
7876
8189
9140
8301
8814
8763
11949
9118
8517
13042
7501
7979
8360
8600
8980
7749
7839
9145
9234
8211
8591
9756
8337
8376
8179
9492
9349
8851
8400
8038
9256
10661
9045
8767
14892
8583
7521
10444
9437
7576
8525
7907
8060
8167
9261
8578
7909
7570
9415
8799
7930
8918
9060
8004
9117
9324
7779
8069
8442
8372
8251
8199
9770
8806
8673
9893
9202
8120
12661
10066
10964
9111
7825
8210
9257
8091
8209
8598
7728
9060
7759
9036
8475
7553
7928
7834
7646
8466
8945
7951
7401
9155
8805
8620
7600
9142
7943
7481
8182
8435
8414
9424
9794
7617
7854
9346
8800
8878
14886
8598
7994
7636
8399
8376
12564
8608
9038
8584
8208
9022
8485
8149
9054
8780
8885
8707
8676
10575
8266
9220
19137
7522
7427
8491
9861
9240
8097
7774
8335
8738
9100
8235
8715
10447
7692
8294
14581
8006
8353
9253
9405
8060
7897
7711
8998
7919
7498
9066
8887
9054
7938
9183
8878
8130
8718
8256
9465
9304
9297
8697
8010
7719
7874
8680
10032
7788
8367
10304
7726
8569
12825
7594
9194
11786
9015
9075
7887
8274
8297
9180
9015
7781
9237
7639
7754
7784
9174
8165
11063
8148
8592
7752
9462
7751
8961
11276
7893
8204
14690
8593
8733
8274
8136
7841
8312
9305
8166
9238
8423
7989
8400
8513
7768
9229
7784
9241
8547
8241
7559
9902
9204
7712
8513
8278
9320
8141
9358
8031
8771
8997
8317
7656
10851
7991
8939
17614
8678
7336
8882
8411
8979
9297
9143
8127
7810
9122
8901
8989
8489
8569
8605
10789
9203
8232
13068
7958
8228
11871
8374
8835
8756
7984
8333
9088
8894
7868
7947
8616
8614
7792
9615
8817
7802
7800
9259
8947
8194
7997
8605
9041
8825
7810
9471
8122
7993
13300
8230
9425
11671
8543
7657
8806
8619
7348
8984
8608
9363
8260
8380
8141
8323
8591
8099
8267
7950
7550
8492
8292
9277
8030
7999
9215
7785
8835
7898
8856
11107
8553
7861
9898
7914
8636
13671
8222
8368
10861
8646
8900
8434
7524
7798
9739
8882
8574
8109
8879
9272
8289
9165
7960
7986
8710
9148
7948
8834
8176
8792
8556
8488
8776
9275
7558
8005
10666
8728
9146
12954
8272
8310
7603
8617
8450
9007
8998
7764
9397
7743
8091
9287
9093
7648
8675
7590
8096
7583
7575
9456
8025
7758
8567
10106
8832
8212
8791
9018
9020
7777
8159
9680
8714
10547
9153
9212
8372
7574
8840
12497
9019
8787
8249
7625
8013
9341
7823
7860
7568
9974
8844
8774
9061
7838
10168
8424
7584
9117
7990
8416
9011
8916
7758
8615
9034
8374
9040
10603
8648
8116
13830
7976
7515
10760
7971
8729
8992
8234
8957
8045
8636
8856
7973
7981
8724
7604
7901
9496
8942
9138
9204
8511
8208
9164
9210
10218
9214
8096
11949
8971
8220
13676
7883
7887
8112
7707
9122
9479
8312
8997
9524
7752
7353
7949
7943
7769
7817
8357
7613
9195
7810
8834
9202
8623
7668
7591
8512
7800
9299
7687
9276
8650
8809
8918
8523
9920
9165
8501
11825
9158
8246
10860
8935
8574
7805
7376
8815
8221
8235
8743
8434
10348
7559
8194
7783
8197
8861
8614
7985
8232
8244
7844
8553
9287
8815
13535
14195
8355
9182
9298
7769
7969
12730
8582
8684
8755
8755
9111
8233
8294
8440
8921
11102
8189
8539
13698
7856
8676
11420
7784
8344
8413
8882
7943
8954
7907
8813
9125
7553
8225
8686
7492
8397
8310
7764
8394
8121
9099
8619
9250
7553
9182
9035
7413
9115
9890
10184
7980
7656
10812
8552
7661
16387
7717
8676
10112
7563
8177
11057
7600
9004
9419
8352
7858
7748
8717
7702
8413
8348
8850
8206
8062
8063
8418
8310
7863
9020
9772
8245
8018
9563
7877
8918
9625
7574
8963
14364
7920
8531
9280
9291
7538
7799
7626
8967
8879
8532
7744
8215
7769
8315
9572
8056
9007
7999
8595
8158
7624
10097
9733
8625
8568
9253
7917
9525
9287
8416
16913
7831
9067
8332
10576
8866
8663
12960
8663
7594
9029
8810
8027
8631
9004
7742
8256
8802
7908
7594
9071
8053
8343
8106
8265
8824
7624
9369
8197
8299
7964
8043
8258
7836
8853
8894
8372
7606
7701
9289
8969
8989
8418
8434
7631
8365
7596
10449
7662
9337
10024
8487
7620
10485
8614
7577
13405
9229
7611
8091
8183
9127
8810
8476
7494
8920
8184
8315
9056
7943
7906
8001
8174
9153
9029
8883
7712
8396
8583
8853
7789
8193
9420
8271
9068
8766
7951
11367
9378
7861
14099
7632
9458
9717
9342
9178
7902
8777
8137
8374
9702
8602
7589
8187
7815
8414
9324
8163
8992
7815
9100
7951
8969
8885
9041
11226
9339
9420
16281
9240
10454
9835
10646
8393
8030
8577
9172
8157
12768
7892
10382
12072
7912
7861
8687
9274
8379
8466
7538
8410
9215
8608
7817
8087
7769
8913
7809
8331
9233
8764
8312
8536
8625
8232
7585
7777
8175
8238
8526
9157
8891
7758
11298
7911
8806
10855
7690
8307
14018
8505
8955
8172
8287
7755
8441
8968
8881
8382
8803
7466
8379
8429
9116
8099
11644
8834
8640
10086
7906
7831
12271
8212
8353
12923
8111
8173
7755
8958
7996
9066
7843
8353
9385
9214
9075
8171
8437
8600
9240
7791
8135
9210
7955
7811
7545
9902
8876
9220
7693
7553
7579
8432
8835
9155
10632
7654
7940
9841
7695
7696
11494
7850
9169
14646
7753
8324
9330
7595
8882
8518
8696
8750
9205
8881
8849
8613
8014
7851
10929
9521
8291
9136
15195
9136
7305
10984
8664
7486
8923
7979
8422
7417
9058
8885
14514
8658
8384
8784
15042
8568
8425
9317
8633
8307
9579
8736
8013
7938
9312
10083
11848
8103
8435
8466
10426
7733
9271
17069
7778
7769
12020
8651
8538
9605
7590
7712
8693
7788
9259
9119
8459
8262
9137
7630
9282
8174
8693
7675
7661
8367
7912
7673
10469
8683
8863
11874
9058
8793
10807
7790
9420
9113
8350
8584
8013
7798
8019
8323
9076
7705
7657
7543
7651
8635
9183
7817
8189
7958
7493
13543
9343
8199
8656
7682
8250
9352
9500
8894
9059
9841
7282
7947
13627
8343
8778
13928
8882
8632
8630
8840
9212
8174
8374
8416
7611
9288
8297
7922
7481
8081
7766
7417
7992
8589
8439
8564
10307
8757
7770
9293
14845
8839
9113
9328
8438
7696
9500
8994
9574
9276
7834
8095
9403
8820
8929
8446
8043
8630
9320
10120
8769
8405
12281
9415
8617
12443
8405
8917
9626
8778
7876
9028
8287
7893
7846
8897
9358
7634
8018
8131
8200
9220
7912
8217
8413
8626
8394
9769
7622
8220
8835
8415
8225
8799
7956
8349
15410
7734
9027
10338
10258
8995
9037
9125
8072
8071
8485
8152
8490
9250
8164
7399
8656
7719
8752
8788
8929
9357
8474
9226
8755
14015
8788
8931
11051
7547
7872
8249
8766
8637
9042
9228
8576
8133
8632
8946
8681
7852
8360
8594
8124
9109
9009
10502
9366
7775
9862
8169
9102
12904
9120
7489
9887
8091
7821
8208
7617
7671
10120
8773
8441
8009
9028
8268
8314
7953
7533
8120
9026
8785
9215
7542
7861
8622
7354
8992
8333
7764
8871
7955
8685
8350
9247
9644
8031
8001
9080
8746
8682
17269
7658
8662
9927
7764
8405
8496
8628
8528
7588
8003
7520
9528
7574
8040
9032
9000
8081
8512
8113
7652
8657
7703
8430
8194
7623
9176
8922
8765
7552
9291
8488
8329
9223
9398
9307
8383
11305
9311
10421
10163
8244
8471
8323
7702
7494
9037
8436
9031
8112
9055
8416
9042
7465
8635
8397
7993
8798
8662
8978
8009
7797
8754
8392
9128
9770
9062
8579
14580
8694
9471
8979
8503
8315
8980
8046
8452
7824
8957
8258
7742
7976
8879
8434
8934
8374
8283
8719
8066
8229
9097
8412
7553
8078
8503
9148
8141
8020
8777
7625
7847
8536
8533
11629
9400
17600
8494
7573
10246
8202
7674
7884
12012
7758
8350
7610
7634
9179
7559
8394
8299
8738
7733
7871
8647
7569
8603
8159
7907
8471
8665
8818
9246
9114
9828
8656
14920
8194
8175
8398
7245
8757
8923
7771
9046
8820
8158
8848
9679
8773
8999
8492
8569
9035
8614
8842
8229
8498
7770
8051
8349
8442
9381
9407
8731
8072
8953
16472
8617
7548
9164
9237
9080
9012
7936
8261
8191
8052
8407
9118
8241
8825
8109
8264
8938
8012
9090
7275
8637
8414
9248
9198
9034
8728
7393
10613
7307
8939
15646
9485
9218
7940
8646
8364
8590
8463
9956
8339
7496
7690
8127
7816
8174
9249
8199
8612
8697
8913
9066
8844
8021
8744
8383
10712
9212
7564
17444
8596
9164
8908
7953
10955
9091
9018
8733
15356
12739
8778
9238
8319
8309
8811
14517
7570
9458
7598
8825
8371
9256
8475
7292
7610
9560
9311
8627
13712
7569
8104
10696
9128
8189
9251
10732
8339
7659
8323
9087
9015
7529
7507
7913
7765
9009
9242
8690
8846
8539
8460
7953
8056
8225
8838
8548
7797
8674
7574
7561
7754
7882
8516
8276
8609
7542
8050
7689
11143
7564
7532
10013
8307
8154
10092
7956
9048
16323
8662
8051
9497
8761
8608
10211
8353
7815
8619
7753
9292
8618
9323
7504
8820
8198
8589
8813
11476
8018
7544
15446
7777
7666
9820
8798
7714
8264
9258
8441
9196
8199
7376
8825
7781
9071
9199
8317
8332
8674
7561
7327
8894
7605
8384
7816
8410
7800
8325
7694
8014
8972
9077
7815
10904
13870
8110
7905
11122
8074
8393
8341
8692
8676
8447
8852
8112
8164
7612
8153
8851
8524
8074
10427
8548
9121
8296
8194
7471
9034
8301
8012
8416
8670
7953
10366
14839
9013
8642
12282
7921
8916
8415
8348
9337
8657
7804
9251
9291
8535
11466
8379
7360
9037
8004
9415
8079
8258
9951
7704
7871
9377
9018
8891
12909
8433
8695
10564
9801
7754
7936
8242
8162
8793
8665
8042
8518
8884
7481
8371
8856
9293
7591
7601
8056
7488
9137
8173
8434
8994
7661
9217
8872
7610
8455
9799
8454
8348
9451
8713
9271
13476
8312
8998
10233
8765
8304
7914
7882
8853
8578
9246
8210
8577
8406
8729
8194
8364
8545
8503
8003
8297
8113
9054
8186
7602
8343
8194
9354
9714
8669
9215
13671
7773
8273
11310
8287
7698
8515
8189
8504
8044
9198
8764
9124
9098
7653
8890
8543
7769
7874
9178
7794
8930
7711
8882
8970
10302
8631
7439
9604
8175
8456
16732
8307
8324
11261
7874
7800
9065
8643
9340
8882
8301
8026
7623
8739
7575
8130
8817
9222
8225
8883
8654
8221
10723
9048
7641
11846
9071
7934
13682
9094
9395
8110
8417
10690
9002
8133
9451
7476
9247
8394
7969
7526
7867
8364
7202
7989
8489
7613
8903
8973
7715
7871
8794
7428
8733
7441
8429
8107
7847
8601
7962
8829
10164
7702
8612
14374
7861
8873
11229
10130
8560
8343
7794
8726
8578
8172
7620
9293
8548
8625
8658
8327
7948
9087
9403
8920
8512
9224
7769
8015
9080
9056
9020
12435
8583
9043
10529
12068
8566
7973
7891
9043
8715
9275
7641
7498
7487
7971
7590
9256
8820
7715
8690
9146
7411
9015
8643
9242
9932
7680
8973
9670
9117
8097
14315
9329
7802
8040
9505
8347
9215
9923
8687
8421
11384
8056
8456
12797
9232
8996
8252
8785
8417
8660
8386
8428
7714
7697
8562
8041
9030
8389
8912
8229
7705
7951
8564
9242
7850
9517
7988
11017
8958
7554
13536
12334
9018
9176
7989
8413
8756
10548
8304
9295
7592
7932
8628
7959
8781
8262
10923
7843
8313
8600
8119
9237
8254
7851
7803
8451
9191
8185
8567
8804
8287
7687
10139
9472
7992
17233
7739
7769
10454
8425
7795
8806
8742
7713
8461
8408
8797
8526
7722
8576
7976
8410
8118
8616
8950
9102
9604
11318
7676
9186
14923
11364
9246
7594
7595
8123
8445
7869
7771
8917
9258
9218
7630
8461
8107
13362
11076
8702
8321
13769
8772
7820
10789
8964
9310
7774
8201
9343
8490
7732
8859
8979
9117
8955
7757
8754
8712
7625
7415
7831
8630
8426
8956
9031
8723
8213
8803
9471
8115
8076
13937
7753
8184
10722
7764
7724
8333
7659
8302
7896
8620
9172
9394
8330
8044
7731
8017
8253
8276
8732
8929
8216
8069
7977
8581
7635
7831
8875
8656
9003
8512
8156
7528
12183
7883
8700
9011
9846
8994
8294
7646
8300
9377
17075
8465
9201
8827
9478
7983
9573
8642
8253
7913
8835
9102
8553
7739
7809
8164
7837
8238
7874
8987
8151
7869
8294
8409
9303
10687
9270
7962
11937
8387
8651
10466
8131
8846
7674
8113
10668
8887
8310
8910
7589
8224
8415
7749
7852
7653
8470
8250
7385
9650
8250
8374
8730
8663
8560
7538
8500
7914
7973
8082
9556
9241
8396
7882
8311
7989
8122
9692
8841
8098
7878
9344
8893
8510
19169
9338
7829
9466
8338
7610
7714
8667
8757
8627
8871
8405
8650
8191
7376
7605
8027
9084
9137
8174
8077
8275
8076
8097
8630
8156
11773
9561
17413
9251
7773
9616
9164
8930
8671
7323
8359
7800
8138
8451
8733
10549
7450
8964
14805
9067
7713
9836
8403
7807
9099
8974
8189
7818
8724
8362
8150
9199
9073
8414
8861
8600
8323
7679
7614
9005
8779
8622
7907
8303
7528
9153
9698
8692
7933
13196
7788
8166
13296
8328
8201
9394
7865
8624
8350
8414
7870
8556
8094
8577
8392
8067
8506
9047
8842
7753
8233
8512
7474
8750
8052
9240
9169
9450
9281
8562
12171
7931
7911
12722
8174
8760
9077
7999
8809
7714
7601
8520
8800
9035
8640
8896
8306
8601
8005
8677
7844
8376
7693
8542
8191
7607
8138
8912
8512
8092
8246
9048
7368
9048
7553
8140
8577
13928
9330
7521
17468
7859
9205
9323
7763
7533
8978
8026
11599
8389
7584
8434
8319
7958
9092
8026
9492
8680
8557
9830
8210
8214
13610
8148
9125
10846
9062
8835
8668
7748
8892
8518
8064
7587
8965
7588
8043
9099
7562
9078
8254
8605
8611
8636
9155
9211
8480
9242
8614
7743
9477
9015
8984
14280
8898
8062
10405
9497
8928
8917
8861
9363
8919
9304
8078
9198
10063
8043
8786
12083
9540
9041
13470
8004
7707
8716
7600
9022
7915
9855
8414
7903
7910
9227
8739
7713
8367
7613
8601
9229
8914
7974
8517
7394
8948
7722
8055
8110
8834
7857
7322
7657
7604
8834
8696
9213
8795
7687
8958
9117
8355
8604
11231
8727
7508
15984
9351
8170
7855
8010
7595
8874
7808
8805
8614
9104
9505
8589
7764
8943
7882
7834
8787
7554
7784
10225
10027
8938
7852
7842
9129
8835
7985
10298
8395
9177
14178
9699
7758
8732
9155
7814
9415
8438
8006
8154
7762
9134
7969
9610
8596
8390
9192
7846
9364
7656
8497
10210
9065
8375
8817
9315
8355
8151
14157
7893
9315
8610
8543
9396
8399
7975
7495
9615
8822
8723
7922
8192
8538
7389
8829
8912
8153
8584
9092
12932
15600
8138
8432
10127
9433
8457
14679
9706
9055
7769
22160
8515
8529
8273
7582
8345
8883
9212
8605
9070
7564
17545
9030
10496
16338
8229
8811
9481
8456
8235
8973
21534
8839
9175
10020
20939
8254
8525
23165
10490
9483
7841
8231
9256
7726
20848
12633
7746
8854
8516
8478
7979
9671
8600
7997
7866
7892
9410
8018
14836
7714
8465
8633
8968
8764
8051
11026
8055
10441
8876
8379
8445
9282
8176
8255
8102
9538
8507
8456
8426
8948
7614
8178
8355
7841
7999
7781
9813
9133
9230
8806
8608
7677
8171
9016
8323
10343
12892
8032
8449
10827
7961
7569
8427
9108
7564
9594
10071
9269
7973
7369
9261
8015
9117
8476
8692
9349
7700
7841
8112
7811
7545
9503
8824
7789
10483
8985
8595
14005
8434
7527
14023
10783
9279
8834
8635
8593
8671
8140
8417
7676
10082
9208
9078
17658
7943
7658
9707
8753
8276
9687
7688
8043
8611
7655
9416
8657
8790
7699
8082
7804
8049
14964
15932
9885
8904
8678
9492
8656
13291
10111
7888
7958
8983
8829
8386
9262
9420
7977
12949
7410
8776
10323
7611
8592
11718
8928
8144
7905
9228
7797
8614
8283
9321
7476
9269
10662
8345
11078
7605
8605
13238
9193
7380
10705
8065
7896
9082
7996
8574
8248
8598
7894
8276
8340
7873
7994
8975
8420
7738
8288
7847
7835
7976
8436
10162
8820
8754
9512
8978
9306
8728
10880
8842
8171
14319
8861
8387
8409
8954
8165
8471
8928
7899
10961
8308
8089
7644
7699
8444
8956
8185
8521
7928
8385
7409
8133
8072
8703
8714
9316
9437
7390
10245
8170
8033
13702
7582
83526
8636
8184
8991
8656
8501
8727
8053
7636
7476
8687
7943
7703
8296
8441
8215
9194
7574
7809
9076
8203
8892
8473
8998
8559
7537
8113
8595
8827
8464
8408
8661
8131
7606
7948
8235
8738
8041
8170
8668
8579
8995
7400
7633
9196
8641
7789
9087
8227
8365
8205
8877
7552
9084
7561
7752
12976
8015
8276
13206
8159
9249
8096
8821
8297
9203
8913
8394
8603
9062
8579
7381
7894
8947
8871
7542
8061
9056
7604
7720
8567
7629
7603
9009
8311
8623
8425
9718
8959
8435
8202
8430
8335
7900
7719
9236
9629
8044
8259
13248
9258
7549
14868
8660
7650
9591
7502
8902
8596
8635
9146
8799
9091
8036
8446
8831
8820
8284
7900
8535
10013
10481
8689
8817
12940
7816
9134
9538
9036
8094
9553
7748
7347
7887
8508
8533
7989
8610
8478
8294
9120
9257
9177
7766
8558
8039
7347
8907
8666
8776
7953
10199
15304
7994
8968
11679
8150
7794
8378
8504
7667
9173
8828
8741
8655
8722
8601
7593
8060
8908
7589
8717
8147
9164
8399
8197
7550
8409
7811
8456
8441
8107
9493
9417
9359
8307
9016
8648
8550
9635
8353
8530
13966
8685
8106
8813
8810
8381
9084
7732
7788
9205
8594
7992
8409
8635
8964
8641
8526
7630
9134
7492
8746
7767
8393
8982
9305
9980
7803
8248
17046
7502
9240
10362
8533
8846
8092
8899
8613
9378
7853
9548
8877
9620
8053
8687
9368
9067
13246
10713
7995
7762
9600
7846
11665
12731
8771
8457
11882
14656
8635
9038
13722
8534
7673
13113
9373
8294
9315
8499
7908
9413
8830
7753
8753
12309
9153
9138
11538
8992
8482
8667
7652
8001
8605
7429
7951
8488
8735
9848
8688
7586
8017
8076
7794
9161
9179
8360
8205
8513
10189
8437
8071
9739
8142
8889
16201
8113
8452
8462
8556
9299
7568
8557
8855
7579
7819
7962
8553
7844
8676
7995
8926
8501
8629
9355
8317
8032
7919
8072
10180
8072
8507
9102
8854
9085
8818
8016
8642
9358
14392
7532
8662
9217
8596
8916
9660
7674
8269
9476
8082
9137
7702
7608
8333
8492
7696
8355
9194
8724
8594
8250
7431
9169
7490
9150
8574
7508
8181
8333
9234
10085
8297
7639
9737
8144
8962
14321
8488
8485
9104
8651
7579
9317
8592
7610
10052
7841
8194
9178
8020
9017
8214
9299
8314
8261
7862
8194
9602
10051
8422
7868
7901
8715
9126
8695
8266
7931
9411
8318
9178
13118
8200
8391
12574
9133
8803
9035
9004
7774
9074
8742
8559
7876
8121
8762
9056
10046
8223
8074
8803
8538
8070
17082
7975
7402
12554
7464
7852
10869
8166
9062
8581
8957
7475
9161
7814
8992
8086
8577
9256
7799
9927
7841
7939
13445
7509
7709
13125
9299
9082
9287
8293
8828
8909
8902
7944
9619
9454
9010
7452
8828
8798
7843
9682
7697
8617
8019
8184
7651
9599
9463
8891
14872
8767
9622
8483
7953
7584
8727
7970
7847
8646
8237
8343
7924
7805
9009
7416
9157
8102
8992
7774
7907
9212
8302
7648
9201
9284
8011
8454
8541
7515
8478
16562
8701
8009
8828
8225
7377
10245
7651
8992
8246
8097
8179
9278
8919
7578
8094
7911
7456
8497
8103
9203
8613
7995
7553
8076
7972
8698
9084
7699
8559
7589
8019
8340
10094
8830
8502
8166
8678
8534
8620
8061
7768
8346
20538
7955
7797
9897
7787
9323
8984
7276
7609
8988
7948
7760
8227
9179
8641
9270
8356
9098
8351
9077
8543
9686
9937
8597
8205
11771
8726
9261
10635
8612
8015
9219
7843
8005
8200
8197
8415
9061
7913
9082
9321
8704
8334
8679
10840
8497
8251
9350
8214
8564
7646
8442
9479
9805
9174
8825
7830
7702
7876
9035
10074
9200
8981
10730
8583
7792
13071
8238
7948
9015
8123
7624
10085
8707
9169
9327
9133
10233
8769
8073
7751
9205
8746
9310
9323
17625
9456
7671
9966
8036
8009
8641
8549
9248
8049
8979
8020
8082
7476
7885
8446
8969
8433
8617
8670
7501
7655
8422
7726
8236
7302
8887
7750
9034
7907
9161
9460
8884
8856
10646
8989
7854
11564
9226
8210
11394
7536
8143
8620
8078
7712
9110
7655
9349
9168
9404
7793
11929
7710
9103
9343
7659
9189
9018
7523
8130
8195
11026
7990
10974
13202
9584
9517
8781
7629
8092
8738
7812
8533
7334
8052
9007
7926
9478
8604
9660
7540
9038
7421
9322
8745
8638
7582
7520
9189
8075
7841
8885
8382
9185
8433
11287
8338
8892
14326
7312
8282
8434
9224
8618
9294
7600
8082
8856
7531
7665
8503
8473
8143
9231
8615
8025
7820
8043
8339
13346
8012
8645
9015
7604
7682
8893
7683
9846
7726
9465
7567
7781
14158
8411
7486
14274
8025
8528
8506
7878
8531
8765
8410
8466
7954
8443
7777
8424
8583
7961
9469
8200
8135
7817
9257
7476
8110
8130
10141
8040
7210
8878
8625
8821
8541
8991
8810
7353
8129
10641
8087
8215
11839
8291
8330
11715
7683
9103
9436
7553
8837
8431
7819
7974
8764
8620
7948
12719
8264
9275
7996
9582
9328
8167
8091
8375
8265
10097
8090
8779
13942
9041
8393
10297
8397
9030
9215
9094
8980
8428
8559
9147
9324
7551
11310
7669
10075
8243
9421
12898
9217
7455
9219
8626
8222
8828
8194
7700
8278
7681
8225
8129
7810
8093
9562
8087
8978
8222
8213
7805
7784
7917
8020
8393
7440
8379
10881
8967
8644
7372
8507
9296
7766
9317
8767
11639
8607
8994
8908
7555
7595
8622
8845
8865
8383
9113
9334
9061
7836
13534
7295
8844
10703
8009
7963
11125
9118
7475
8400
8233
8025
7738
8062
8253
8821
7559
8586
9667
8626
8846
8153
8080
8116
8079
9095
8041
7865
8797
8534
8044
8204
8876
8871
8333
8527
8294
9321
7615
8176
8764
8507
8579
14324
9280
9177
9074
8964
8113
7972
9822
8329
8394
7933
9100
7682
9030
8671
9135
8447
8654
8593
7239
7772
7934
8653
8387
8469
7909
8391
8772
8973
9140
8027
9504
8584
8353
10030
8749
9220
16526
10041
8328
7795
7700
8513
8867
9230
8587
8569
8139
9664
8062
7666
8054
8572
7855
7953
7790
7636
9193
8601
7192
8749
7892
8066
7793
8733
8682
8003
8056
7877
8290
9060
12825
7842
7840
9221
7822
8000
8695
8102
8141
8865
9172
8620
7927
8088
7697
8563
8266
8573
7649
8117
8076
8353
8917
8605
9058
8958
8899
8800
8774
8074
7930
8738
8123
8753
9020
8405
7796
8980
7770
9068
9600
8778
8759
14407
8470
8353
9537
8315
8281
8430
8601
7806
9278
8098
7975
9006
8822
9266
8641
7824
8798
8836
8483
8543
11800
9933
8007
8031
13430
8744
8026
11583
7984
8677
9028
7922
8493
8238
9000
8250
8569
8747
8222
7815
8381
8395
8955
7970
8405
8749
8783
8515
8997
7753
8010
9044
10610
7603
7472
8574
8363
9129
11616
8221
9299
14080
8339
8789
8459
7777
7846
8571
8003
8028
8553
8032
8908
8071
7624
7688
7966
8918
9013
8003
8964
7501
7374
8405
10744
7938
8051
8042
8533
8656
9167
8258
8276
9250
7774
8675
7984
8753
8937
8972
8159
9634
8543
8317
13337
9128
9095
8521
7890
7868
9624
7916
8717
8004
8808
9219
7911
9096
11727
9041
9027
8858
8184
8829
9042
8610
8074
8215
7978
8011
8938
7807
7679
8090
8748
9004
8114
7750
7605
14400
17095
7993
8023
8854
9196
7571
8433
7635
10547
8449
7665
8358
8241
9038
8225
10651
9577
8066
8717
9216
8132
9117
10039
9235
7800
13877
7781
9037
9147
7489
8395
9003
8658
8103
9246
7772
8059
8419
7923
10507
9423
7812
8941
8283
9762
7871
7564
8294
8945
8482
8090
7899
7856
7553
9464
8834
8382
8828
7737
12348
8457
7955
13589
8910
8560
8245
7479
9223
8302
8917
8702
8702
10512
9205
11450
8573
8830
8143
11856
8276
7998
8459
8940
8015
12971
7459
8572
9232
7585
8878
9475
8529
8441
8630
7748
8256
9761
7360
8669
7831
8951
8267
7935
9001
7651
8096
8427
9292
7555
8168
8680
7519
8897
7601
7949
7574
7936
9003
8114
8977
7731
8498
7879
8247
8267
8515
7678
9624
8196
7783
10003
9235
8067
12991
7982
8867
14167
9060
8964
8047
8437
8421
10462
13861
9287
9179
7789
8128
8297
9269
7575
8843
8258
9511
8673
8060
8319
9378
8081
8663
8143
8032
8179
8112
8410
7379
8638
8035
8213
7956
9227
8877
8553
9184
7535
8581
7693
7720
7723
8341
8158
7920
8041
7771
7646
7761
7785
8784
7789
7634
7912
8810
8519
7310
7601
7678
8959
7538
7829
9345
10971
7798
8893
8905
9025
8818
8634
12241
7758
8935
13228
7610
9235
8591
8086
7752
10873
9018
7841
7901
8523
7957
7728
9089
8174
8712
7805
7575
7589
7680
8064
10154
8116
7814
8190
8402
8889
9156
8050
8756
8230
9846
8071
8198
10253
9330
8998
11818
8648
8864
9539
8529
7628
9138
8251
8626
7800
8830
8716
8711
8847
7720
8000
8225
10632
9024
8666
8757
7705
9258
11656
7990
7662
8810
9236
7311
7840
9238
8974
8404
8474
9179
8348
8853
7571
9018
7769
8235
9035
7692
8573
7643
9416
7620
9051
8800
8034
8315
8945
7847
8365
12727
9188
8215
14502
8144
7651
9376
8032
8818
8391
8039
8184
7873
7728
7415
9262
8135
8131
8991
8571
8576
7882
7925
8241
8488
8581
8011
10279
8430
9214
9077
7765
8213
7972
7973
7320
7900
8739
7566
9134
7634
7844
8471
8215
7893
9248
8102
7946
8175
8860
7609
7895
7921
8521
8338
10965
8179
8719
17577
9312
8195
8089
8791
7574
8816
8345
8786
8845
10687
8184
7778
7815
8746
9368
7792
8188
8097
8955
8867
8189
9640
7566
7549
10876
8048
8759
14640
8349
8488
8224
8337
10847
8480
8604
8502
8075
7656
8354
7785
8904
9182
8353
8923
7948
7566
7615
8215
8712
8374
9176
7661
8376
9287
8931
7806
9089
8394
9969
7939
8150
15025
8408
9640
8598
7814
8432
9600
8948
8195
8388
8087
7403
7800
9141
8197
9017
11307
8724
7808
8077
9128
9245
7582
8052
9023
9275
7710
7697
8584
8320
7666
7757
7405
8687
7528
10805
8678
11350
8794
8100
13026
8464
8310
8955
8164
8179
8651
8001
8487
8154
9217
7770
8907
8210
9015
7803
8333
8876
8368
8163
8923
8189
9253
8011
8636
8497
9435
8274
7878
7876
9198
9204
8397
7851
9821
8833
8994
16107
8163
7562
10924
8226
8895
8250
9037
9148
8055
8644
19672
8141
11450
10292
8056
7751
8395
9229
8113
7564
8330
11522
8427
9036
8133
8234
7539
8640
7835
7769
8644
7956
8619
8818
8960
9264
7789
9255
7626
8581
12847
8180
9016
11414
8608
9323
8382
9225
8646
9157
7980
8674
8635
8739
7712
7913
8153
8106
9017
8343
9194
13495
9240
8245
8206
8917
12233
9206
8743
8271
7526
8025
10605
8762
8314
8492
7400
8595
7861
9333
9246
8630
8030
7982
9035
12722
8387
8376
14563
9210
7938
8270
7723
8716
9022
9325
9102
7858
9099
8245
7810
9355
7750
8053
8394
9094
7592
8390
8694
7925
9117
8040
7801
8353
7644
9133
9035
9245
8760
9891
7969
7842
8739
8246
8316
9751
8810
8303
14415
8174
8574
8492
8873
7808
9075
8980
8600
7902
8692
7851
8782
9297
8726
8829
8133
8892
8269
9056
8121
9079
7943
7386
7641
8384
8173
7569
9354
8582
8558
8010
8192
7861
8556
11333
8328
17302
9272
8312
9333
8223
7930
8018
7620
7973
9490
8556
7779
7586
8682
8736
8813
8828
9524
8904
8001
9142
7469
8651
9154
9263
9478
8096
8170
13986
8601
8151
11949
9160
8564
8009
8517
8497
7657
8106
8533
7427
8438
7647
9233
8166
8835
8759
7517
11948
9221
9723
7594
8906
14134
8656
8332
11234
8476
7574
9231
8826
7627
8792
7688
9102
8009
9471
9019
8368
7808
8425
8650
7522
9322
7753
8112
8212
8925
8373
9872
7953
9686
7749
8662
10451
8205
8424
14560
8153
8375
10523
8748
8273
9070
7358
8158
9050
9276
8841
9170
8794
7580
8176
8714
7948
9048
8203
8231
7392
8813
7994
8629
12347
8253
7950
9728
8810
8412
18164
8457
8346
9281
7389
9001
8807
7605
9137
8609
7687
8227
8952
8399
8121
8684
8615
7827
7560
7582
8642
7637
7767
8189
7622
8639
9276
8193
9119
7641
8073
7972
8506
7867
10050
8646
9077
14268
9138
8580
8979
8413
8605
10282
8020
8542
7528
8212
8556
8208
8195
8260
9178
8700
8010
7766
7948
7841
8953
9199
8365
7608
8114
8613
8649
7889
8738
7772
8326
9154
8267
9379
8200
7917
9092
12953
9148
8083
8633
7750
8092
8272
8489
8805
8556
7907
7334
8362
8358
9115
9591
8229
7801
8133
8128
7888
8431
8192
9305
9028
8412
9113
8602
8005
7705
7978
7884
8352
7563
8676
8000
9116
8073
7805
7482
7682
7981
7733
7594
7320
8011
7815
10476
9197
7586
7705
7461
8215
8815
7623
7573
7792
8598
8189
7813
8824
7504
7771
9131
8867
8648
8041
7752
9077
7507
8533
9331
7260
7615
8539
8080
9159
9179
10171
18316
9489
8056
8823
7593
8874
7943
7716
8419
8175
9170
8478
9096
8737
8158
9636
8148
8600
8394
8702
8171
8035
9321
9227
8031
10874
7348
9543
13180
8117
8348
9502
10118
7887
7707
7955
8215
9113
7830
8611
8146
8088
8067
8140
7723
9251
8076
7915
8434
8917
9414
8288
8713
9216
8133
8512
7507
7713
8108
8615
9108
7788
8915
9620
11031
14399
8614
8346
8212
8455
8005
7587
8244
8673
9055
7857
8785
9372
8582
8606
7837
8438
7781
8113
9071
8210
8968
8353
7641
7789
8402
8422
9232
8719
7922
8755
11073
8585
9196
10633
9030
8460
13302
8355
7789
9281
8051
9038
7746
8528
8798
7876
8299
8586
7579
8066
7810
8797
8556
8841
7442
8192
7794
7842
8743
8192
9397
10095
8194
8306
9125
9010
13976
17854
7732
9216
8400
8915
7965
10005
8099
8152
8881
7961
8369
8085
7805
7994
11884
7575
7604
9343
8504
9014
7731
10125
8789
8012
12874
25951
11579
8133
10175
7910
8770
10589
9004
8707
9282
7380
8271
7573
7584
8957
9232
7969
8112
9192
8697
8107
7821
8169
7902
7388
7918
8961
8239
8977
8441
9120
7410
9700
11065
9851
9238
8431
12856
7848
7965
10564
8518
8225
9109
7563
8241
8458
8888
8416
9733
7817
8990
17843
13422
10865
8894
8892
12825
8889
7435
8303
8636
8501
9609
8865
9687
8265
8861
8707
8815
8718
7983
8070
8407
9003
7829
8196
9421
7700
8456
7957
7984
9649
8071
7571
9319
9297
7733
9681
8004
7570
13384
7922
9343
9060
8940
9305
9816
7814
7399
9056
7450
7686
9052
9231
8726
8015
9214
7682
7751
7940
8071
8215
7466
9243
7514
8491
8417
9177
8476
7779
8192
9035
8027
9211
9336
8523
8492
9273
9942
8244
16697
8872
8473
8455
7796
8238
10143
8190
9234
7910
8099
8624
7733
7831
8015
11267
8567
8482
8353
8200
7694
9131
7476
9015
8322
7892
9366
8373
8825
9488
7702
14885
8169
8396
9441
8740
7945
9642
7781
9030
7993
8406
8010
8625
7831
8806
7902
8848
8114
8241
8235
8686
9008
8826
7958
8445
7774
8540
7710
7901
9025
8090
11454
8279
7610
9840
8195
8027
9531
9183
7772
13206
7533
8475
12005
9473
8458
7990
8032
8253
8633
8748
9271
9245
8759
8646
8641
8775
9636
7672
16905
8176
8937
11599
8485
7690
7659
8479
8564
8965
8288
7887
8223
9047
8213
9461
8234
8512
8436
8458
8815
7979
8805
7968
9173
7790
8030
8356
8211
8717
9071
10438
8256
9092
17960
8841
9625
9242
8836
9188
7860
9220
8004
7633
8178
8192
7553
8415
8056
8359
8201
7852
9035
11026
7799
8066
12215
9267
8958
11364
8430
9174
7923
8348
8827
8246
8577
8544
8696
7801
7583
9051
8105
8933
8508
9942
8045
8431
7956
7780
9217
9004
8204
8630
8213
17266
7869
10242
9275
8043
8314
8020
8549
9208
7993
8866
7594
8525
8484
9330
11004
9662
9291
8372
8480
7374
7588
7544
8651
9733
8103
8536
9923
9460
8936
15600
7563
7771
11456
8489
7764
9276
8208
8376
8037
7446
9455
8506
14503
8824
7940
11269
9175
7734
7773
8516
8573
9208
8824
9085
9375
9117
7888
8452
8761
7430
7677
8901
9704
8041
9965
8120
8079
9377
8001
8353
13922
11328
8781
7675
8753
8138
8424
9817
9492
9261
8772
8541
8634
9298
7571
7348
9177
8619
8814
9820
8871
7765
9205
9297
7742
14282
8279
8907
8415
8015
7861
8321
7791
7743
9045
8069
8984
9567
7827
9861
8218
8154
8039
8746
9192
7571
7866
7602
7652
12998
7810
8308
7782
9003
8184
8615
9338
7860
9071
9986
9111
8935
15734
9128
8298
8942
8415
8574
9194
7841
9178
8597
10912
9668
9642
15598
8782
7749
10263
8196
8984
8256
8492
7708
8299
7832
8270
9077
8473
9119
8396
8397
7460
7532
9091
9194
7814
7740
9046
7834
9242
9065
9166
8571
8672
7835
9825
7572
8458
11046
8820
8630
13884
8287
8564
9681
8365
8643
8707
7741
8182
9118
7651
7849
12601
7579
8635
7951
8434
8792
7703
8505
7442
8456
7952
9328
10394
10881
8231
9793
13260
8187
7632
9638
8579
8317
7655
7571
9096
8884
8044
7641
9405
7752
9094
8268
8435
8796
7397
8085
8124
8682
9302
8992
7639
8253
9000
8592
8460
8529
9297
8800
8781
8603
9084
7660
8047
9854
8153
7893
9730
7585
9026
17228
8399
8679
7675
9268
8630
8506
8369
9235
12407
9999
8157
8631
13944
8640
7804
10058
8762
8857
7841
9036
7762
8139
9104
8560
8413
8574
9305
8384
8673
9808
10588
7621
7680
8497
7603
8589
9107
8737
7829
8659
9824
9179
8012
13915
7527
8666
10381
8415
9441
8578
8841
7968
8967
8024
8907
8505
7879
7912
7512
8265
8355
8456
7982
8763
8696
8212
7777
7712
7542
9199
7479
7706
9288
7588
8446
9000
9222
8549
8605
8185
16548
8720
8961
8854
8656
8622
8608
7846
7656
9015
8211
8583
7702
7581
9210
8917
9140
9148
7559
7936
8227
9087
8761
8381
9247
7936
8071
7750
8649
8307
8500
10132
9398
8302
18025
8120
7670
9467
8680
7832
9365
8415
7589
8659
8192
7747
8994
7794
7973
9556
8383
7882
8761
8283
7615
7874
7926
8959
8192
7941
9308
9134
9298
9271
10228
9644
7589
9269
15023
8174
9015
9025
8368
8311
7667
8786
7850
8064
8530
8304
8987
8600
7805
8779
8249
8492
7764
7571
7914
8833
7919
8292
7802
8110
9098
8992
8753
8630
7770
7681
8312
8356
7800
7665
8377
7620
7574
7517
9238
8935
9200
8607
8676
8561
8223
7794
7795
7769
8394
7991
7611
8348
8092
8005
8836
8337
8254
8756
9178
11607
8835
8567
11671
7733
7692
9480
8476
8256
9304
7564
7485
9578
9256
9379
9043
9336
8060
8347
7895
8979
8960
8360
9081
7933
9050
7971
7680
7943
8426
7373
9668
8436
8312
8844
9071
8149
13630
9205
8250
11076
7749
8087
8904
7693
8362
8650
8183
8505
8764
8959
8230
7538
8660
8935
7732
9241
8888
8311
8671
7514
8758
7932
11400
8425
8502
8074
9017
10160
7554
7620
17281
8415
8262
11378
8854
7746
8194
8963
7713
7800
7844
8796
8856
9369
7517
8256
9097
8753
8123
8503
9441
7651
7410
9456
8174
9003
8666
11450
12050
7807
9235
8226
9204
8446
8597
7805
7736
7974
20092
9076
8672
15010
8914
8337
10260
8792
7798
9380
8097
8956
7411
9347
8041
9252
8113
7506
10364
8860
8379
9142
9256
7570
7847
11038
8235
8940
14685
7952
8191
10027
7590
8092
8279
9140
7668
8844
7602
7742
8699
7784
8904
9253
8955
7508
7991
8194
9420
9897
8902
8696
8408
8983
8624
8635
7756
10194
8612
8024
10697
8771
8795
13108
8621
8482
7925
7685
8803
8979
7924
8392
7696
7715
8997
8941
8586
8952
10934
7684
8421
8808
10269
7600
7973
8208
8786
7647
9105
9194
8488
10717
7492
8693
13943
8993
8133
9635
7603
8134
8355
8212
7886
8645
8575
7815
8352
8930
8607
8000
9193
9053
8092
18338
10078
8209
8764
8468
8563
8666
7399
8215
9281
14301
8184
7543
9681
8502
9285
8806
8770
7528
7600
8667
8978
9037
10712
8846
7902
14391
8221
8010
10190
8425
8449
9815
9561
8558
7286
8535
8078
7749
8423
8923
8225
7377
9216
8116
7568
8138
7915
9717
8525
8688
8234
8909
7715
7272
7590
8370
8043
8030
8167
9063
7661
9106
7588
9338
8768
10179
8755
8656
11924
8087
7728
12612
8532
8167
7984
8148
7776
9247
9213
9450
8589
8566
7771
8113
7989
8975
7751
8024
8345
8056
8611
8569
7805
7951
9058
7983
9448
8883
8169
7594
8202
8784
7484
7826
9271
9198
8497
8025
8897
7797
8016
9027
8174
8420
19479
8446
8529
9248
9037
7962
9465
8632
9307
8607
9846
8805
7664
10744
7853
7939
12102
8494
7974
12966
7913
7622
9031
8399
9184
8444
9029
8377
7796
9162
8977
8657
9091
8954
8564
8205
7811
8061
7564
8916
8250
8309
8156
9030
7571
9416
10631
9361
8603
7803
14962
8226
7787
10448
8153
8029
7589
7789
8849
8953
8045
8348
7988
8577
8934
9212
8707
7569
8635
9116
7882
8895
7790
7730
9017
11395
7468
9141
9916
7665
7945
14058
8293
7590
10153
9153
8129
9115
8792
8222
7790
8465
8477
7712
8010
8974
8489
9141
8076
7947
9212
8603
7572
8312
7858
9003
8986
9197
8907
7898
10621
8559
9827
7556
7807
14963
8269
8091
12102
8583
7630
9379
9331
7551
7743
8273
8251
8582
8570
9235
12743
9394
8212
8063
10105
9039
8892
13383
7954
9249
9585
9675
9563
7769
7810
7387
8594
7810
8575
8056
8897
7586
7402
8897
8418
8500
7992
7364
8573
8830
7573
8618
8374
7677
7792
7924
8670
8003
9028
8087
7902
7789
7766
8977
8335
8041
8504
8584
8516
7760
10694
9276
7742
14609
8174
8210
10184
9282
8187
7762
9405
8194
7746
10203
8201
8626
17644
8633
8008
9603
9241
8468
9227
7973
8583
9087
8760
7851
8158
7806
7533
8597
7580
7843
9428
8594
8789
8975
8510
9236
8384
9435
8266
8716
14158
11479
7995
8119
8607
7527
7781
9234
8584
8884
8642
9179
7810
9396
10712
8445
8297
7893
8254
8113
8805
8584
7862
8287
7800
8173
8073
8132
7869
7896
7810
8271
7739
7957
7598
8071
8403
7671
8543
8994
8092
8189
13347
14626
8153
9469
10871
7554
7569
9457
8045
8777
8127
8959
8064
7547
8938
8514
8538
8500
8520
8803
7656
7751
8475
8129
8367
8876
7790
8260
8225
7593
7858
9386
8773
8096
7558
9268
9010
7975
10909
8759
7779
14183
7586
7548
11912
8471
7673
9095
7807
8567
7809
8538
9465
8624
8894
7872
8620
8993
7584
8825
8826
8011
7230
7751
8684
8374
8406
9249
11450
9448
8726
8500
26489
8015
9017
9441
9605
7888
8164
13710
9066
7568
13880
8394
8507
8833
8610
9358
8348
9267
8819
8391
8850
8054
7794
8996
7608
8538
10561
8789
10319
13482
8335
8323
8706
8779
9340
8556
10105
11720
8696
7671
7798
8379
8112
7722
7410
7432
8930
7878
8783
7849
7510
8642
8725
7726
8754
7800
9032
7747
8558
10082
10610
9621
9022
9522
9337
8450
8210
9020
8596
9331
10979
9405
8396
16230
8158
8588
8589
7753
7993
8041
8132
8024
11298
7528
8695
11567
7448
8496
8814
7778
8985
9355
16871
8218
8564
9533
9312
9276
8815
8200
8613
7770
8056
8999
8817
7915
9358
10218
8391
7835
9240
7699
8705
8462
8284
7570
7991
9332
8997
7853
10569
8043
8274
14236
8579
8638
7871
7628
7430
10350
8143
8767
9051
8572
8432
7795
8856
9248
8001
8077
7732
8606
7574
9192
7565
9008
7526
8621
8522
7685
9071
8557
8992
8862
8277
9021
11357
10261
7952
7766
14315
8471
8651
8723
9225
9178
7876
7622
7444
8783
8275
8251
8421
8959
8478
9957
9439
8745
8007
8575
7996
7738
7567
8497
8355
8892
8780
7328
7692
7532
8982
9078
9336
8956
8599
8982
8079
10268
8891
7775
16315
7691
7664
10365
8768
8986
8972
7774
8640
8685
8348
7975
8714
8749
9059
7912
9159
8774
8188
9750
11143
7988
13375
8313
8016
10902
8139
7976
8253
8391
8135
7656
9043
8392
8508
8167
7611
7613
8917
8413
8123
8154
9069
7542
9450
7893
8716
14539
8574
8955
9877
8674
8693
9230
7882
9347
9641
7928
8648
9110
8060
8037
7328
8201
8247
9082
7984
8954
8612
7904
7568
8412
9176
9283
8897
8714
8312
8714
8649
8330
8891
14800
8940
7371
10291
8204
8705
9019
7627
9171
7287
8329
8756
7652
7833
7610
8534
7841
8098
9415
8413
7613
8148
8802
20093
7937
17256
8574
8613
9401
9323
7938
8558
7697
8415
8556
9026
8842
7461
7886
9184
17557
11327
7835
8475
8442
8963
9095
9547
7763
8014
8676
7835
9400
7844
9037
8664
10799
8415
8733
8178
7915
8931
7828
9582
9880
8679
10663
9577
9239
7928
8753
8363
7864
9169
7611
7799
8823
8380
8742
7347
206202
7813
7925
7846
9060
8997
7754
8553
7865
8929
8706
8503
9334
12951
13967
7801
8884
8021
8623
8134
7991
9351
9000
7933
8212
9166
8796
8066
7596
8341
8398
8408
8419
8885
8155
8640
8141
8957
7409
7886
8920
7676
7755
7472
7621
8392
9239
8672
7984
8646
7774
10512
8592
8268
9259
8951
8246
9127
7871
8535
10448
7748
9234
13726
7896
8043
9265
10339
8081
7810
8286
7581
7928
8049
7912
7992
8926
8950
7882
8147
8373
11251
8076
8108
8210
8621
8907
8285
8297
7651
11590
12570
8493
7805
13676
8610
8279
8355
8318
8007
11716
8558
9191
9719
7810
8115
7951
7892
7590
8287
8117
8587
8807
7341
9201
10405
10831
7631
7564
14802
7823
8958
9203
9264
8789
8292
7954
8914
8287
8514
9282
7909
8402
8063
7594
7811
8387
9022
8697
7832
8467
8729
7660
8957
9109
8303
8323
9390
8205
10828
9996
7754
8496
13902
8635
8844
9379
8094
9254
8545
7795
8828
7892
8935
8093
11135
9397
8123
9016
8376
8150
8394
7330
8322
7830
8374
7883
9026
7877
9799
7528
7730
9434
8600
10831
8151
7956
11505
8085
8132
12231
8208
8587
8925
8093
7868
9402
7956
8866
8399
7592
7964
8445
7935
7730
8190
8115
7876
8013
7815
9704
8985
7800
7600
8656
8456
8587
12180
8271
8861
8384
9505
8548
8102
8361
8669
8269
9753
7837
7740
13103
7894
8115
15840
8650
8061
8431
8233
8506
9419
7497
8071
7797
8574
11102
9066
8854
7352
8011
9543
8210
8251
9705
8402
8756
13937
7981
8882
9738
8089
9046
7371
8235
8969
9237
8861
9020
8225
8228
8340
8038
8594
9069
8866
8280
7773
8090
8639
8895
8637
9945
8276
8503
9569
9179
7872
12451
9445
8612
8474
7889
9009
11906
9098
8466
8630
7777
9533
9084
8212
8632
8359
9097
7752
8382
9345
9169
10640
9051
11130
7453
8187
9933
8432
8100
15158
7861
8538
8617
8656
7947
8419
8409
9380
8247
9237
8211
7866
7832
7929
8384
8531
7945
8348
7495
8394
8078
7544
8358
8555
9041
9132
7910
8305
8285
9000
8246
8365
8953
10625
9162
7885
14570
7795
8557
10448
9066
7661
9218
7964
9235
8224
7701
8494
8396
7912
7488
8966
9305
8060
9290
10476
8707
8438
9118
8803
8793
9586
8323
9448
14257
8352
7579
8810
7717
7832
9571
7466
7761
8547
8195
7785
8875
8210
8513
8809
7592
7577
7912
7514
9185
8016
8371
8309
7622
8254
7952
9067
9118
8276
8777
8438
8996
8795
8907
8111
9225
8936
8519
8233
8512
8456
7935
9679
7595
8045
10954
8881
14787
12245
8736
8718
8746
8181
9066
11467
9623
9030
8412
13768
8194
9238
12462
7578
8808
9012
7608
7854
8921
8669
7758
8158
7590
7496
8304
7875
8439
8841
11466
9282
8692
7992
9234
7813
7592
7796
9190
8637
8129
7472
9666
7671
7384
7526
7687
8484
7890
9111
7509
9237
9260
8101
9846
9419
8697
14061
7672
9241
9367
8387
7608
8471
7639
8515
8395
9184
9831
7536
8876
9170
7888
8610
9243
8333
9249
8446
8573
14296
8844
8533
10446
9122
8307
9067
8369
7963
9419
7856
7536
9252
7662
8739
8372
7770
7792
8295
8395
7702
8078
9420
7601
8304
8153
7707
8084
8795
8429
16611
12584
8195
8094
14562
7358
8049
10564
7857
8490
7797
9463
8542
7653
8276
8718
8398
8774
8274
7569
8253
8784
8376
8275
7990
9152
12404
8934
7548
13525
7791
7379
11849
8025
9174
9649
8864
7893
8769
8805
8612
8171
8912
7688
7571
8707
7715
8380
7648
8630
8315
8030
8459
7917
9554
8153
8836
8771
7807
8138
8311
8594
8794
8040
8337
8132
7690
8717
7948
7820
8635
7512
8625
8013
9475
8234
8515
8808
8086
8375
8072
9143
8235
7981
9183
8285
9221
8251
9445
7975
10323
13697
7373
7878
10590
7804
7611
10445
9156
7769
7874
7543
8240
8480
7806
7641
8605
8313
7794
8718
8722
8105
13305
7584
7559
9228
8200
9046
8917
8797
8242
8430
13412
7589
7562
17712
7774
8541
9250
8372
7810
8765
8479
7796
7730
7676
7964
8939
7574
8256
9175
8436
8996
9141
8683
7958
8645
8414
7943
9241
11047
8353
9138
12719
10347
8376
9466
8463
7911
8084
8483
8794
7463
7806
8147
8427
8985
8424
8935
9160
8596
7663
7923
8365
8634
7895
8362
8253
8657
8564
8436
7297
8237
7683
9204
8283
8811
8131
8497
8909
10550
9258
8355
14357
8112
7499
12647
9042
8755
8355
9210
8666
8183
7679
8168
8772
8429
7485
9199
7825
8254
8034
9584
8557
8205
7731
8071
8615
8135
8720
9207
9588
7618
7613
9252
7666
8930
14328
7310
8214
11318
8184
8759
8358
8332
8578
8072
8453
8726
8284
8968
9061
8604
7943
8736
7577
7928
8010
8889
8423
8635
8089
7912
8178
8266
7571
8384
8856
8333
7487
8538
9073
8739
8650
9253
8015
8370
7702
10044
7574
7432
7867
8237
7633
7652
8046
8979
7574
8881
7583
8009
9386
9090
7757
7858
9359
7629
8838
9728
7795
8468
17178
9235
28917
8810
8798
7394
9038
8738
8217
8052
8084
7993
8498
8483
8641
9113
7641
8087
8956
8466
8774
8244
9084
8735
9285
8297
10193
8949
8736
14482
8098
9194
9030
7841
8452
9121
7690
8784
8199
9252
7658
7820
8297
8236
9020
8943
8117
8471
9000
8550
9094
8651
8035
8465
7309
10691
9483
8913
8990
8321
8654
7672
7624
10365
8045
8956
9400
7930
7984
7871
8867
9214
7789
8278
7719
7645
8992
9269
8594
8347
8138
8408
8604
10585
7938
8697
14580
9076
8769
9246
8825
7758
8016
7810
8579
9194
7745
8135
8403
8333
7964
8153
9561
8284
9257
7569
8796
8839
8634
8828
8596
8443
8564
8647
10038
7608
7655
9761
9455
11465
12680
9143
7309
8778
9651
8772
9474
8994
8671
8189
8430
8461
8198
9169
8826
8535
8262
8615
9007
8200
8332
8328
10831
8460
8140
17765
9038
9312
9757
8045
7424
8916
8245
8649
7892
7668
8112
7818
8279
9168
8390
7789
7348
9338
7900
9451
8301
7906
8714
7857
8494
8301
8633
8014
7973
8634
9881
8678
9143
10864
10096
8516
11577
9299
8613
8590
8580
8299
8399
8241
7867
7902
7986
7524
7770
8225
7961
8668
8462
7917
10907
7584
7849
8323
8921
7806
7948
9058
9095
7807
8912
7589
9004
8215
9052
8906
9459
8917
8066
15024
9349
8411
9003
7426
8769
8851
7781
7850
8136
9438
8125
7876
7415
9136
8463
7991
9188
7415
8820
8849
7948
8420
7637
9259
8538
8038
7719
11098
8422
7745
7845
8625
8482
10116
9258
8846
15385
8103
7892
9657
8728
9102
8534
9510
9140
7693
8919
8935
9436
8350
8983
7833
7911
9090
9185
8877
8733
8587
9886
8907
9214
15570
8476
7688
12926
9034
8069
7610
8026
8628
7626
7824
7933
8661
8559
9025
7850
8403
8594
9261
9579
8051
8679
12749
8039
7640
14902
8564
7816
9015
9427
10553
8706
8304
9153
7669
7698
8279
8812
9201
8215
8642
9165
7791
7644
10210
8407
7831
9989
9070
7807
14756
8187
8490
7820
16056
8866
7656
11173
8460
7943
7669
9259
9634
9205
9246
8842
7800
7644
8653
7893
9398
7872
8968
7786
7465
7552
8496
8398
7712
8728
7370
8449
8810
9178
8874
10698
8569
7832
14207
9123
7890
7931
8372
8430
9749
8646
9077
8125
8397
7668
8678
8260
8592
7574
7649
8174
7995
8624
8015
8028
8809
8409
8701
8248
8634
8348
8022
8232
8156
8257
7816
7615
8754
8827
9062
8997
8542
7712
7946
8743
8744
8317
7982
7883
7814
9110
8664
8430
7957
8015
10864
8254
9219
14005
8267
9386
9506
9017
7583
9466
8605
8473
7641
8800
9258
9235
8174
7535
9092
9163
7487
7964
7787
9230
8774
7605
7572
8074
8920
7508
7972
9931
8192
8925
9717
7771
8854
15151
7960
8051
11146
7338
7846
9136
8369
9153
8249
7582
7615
8965
9436
8656
7983
8270
9055
7954
8841
8800
7586
7736
8456
8149
7594
7990
7916
8603
8882
7952
8247
7836
8328
9013
7690
8559
7822
8377
7564
7834
8639
8608
7774
7430
10846
8512
8699
8531
11455
8844
7715
17895
7565
8237
9557
8230
8817
8950
9308
8074
10190
8933
9148
8136
10665
7568
8577
15222
7925
8856
8867
8405
8060
7812
7635
9084
9878
8513
7325
8507
8500
8616
8818
9011
7683
7623
8867
7991
9417
8586
9061
8787
7786
7553
8907
9331
9340
7717
10801
7793
9284
12966
9298
7762
12121
8663
8537
8488
11353
9221
8958
12548
9552
7368
14803
8055
9330
9249
8185
8004
8014
9274
8026
8336
8673
8110
8604
7470
7950
14302
8952
8400
8284
9644
7993
8632
17482
7675
8555
8792
9486
7800
10404
7481
8598
7754
7355
8787
8209
8273
8613
9670
7971
8123
8734
8678
8468
8220
8715
8716
8153
8425
8068
9176
9487
8189
8474
13958
8043
8591
11774
7739
11902
8251
7561
8998
8602
8241
8580
8461
8402
7599
7814
12646
7893
7539
9798
9167
7679
7800
8408
8948
8096
10526
8774
8922
7828
8282
7895
9005
8751
8847
8071
9271
8831
9713
9063
7876
10139
8456
7945
12538
9538
8678
8304
9238
8384
8159
7587
8740
9400
7692
8944
9317
8580
8796
8980
8676
8447
9157
7500
7852
7612
9382
8422
8507
11608
7508
8994
18077
8135
8783
7740
8819
8702
9457
7854
7511
15451
12288
8883
8046
12107
7754
7933
8251
7793
7863
9800
7676
8846
7975
9316
9200
9461
8802
8762
8075
8996
9037
7323
7551
7625
8014
8099
8200
8400
8168
8885
8340
8871
8068
7528
8594
8674
9237
8078
8626
8856
7634
7991
8580
10594
8120
8809
13910
8189
7520
12664
8486
11490
7837
8734
7346
8607
8673
8858
7588
8446
8815
8521
8477
8584
8237
10324
8750
10407
14539
7784
8546
9055
8117
8293
8215
8158
7851
8445
7610
8694
7861
17817
8166
9209
10235
8846
9371
17651
7574
8205
8805
7794
7640
8364
9354
8330
8475
8596
8980
7567
7489
7871
8846
7538
7735
8825
8216
7887
8035
7910
8535
8898
7795
8559
8374
11117
9907
8206
10081
8593
7994
14348
7558
9970
9960
8731
8076
7951
9181
8007
7591
7807
8230
8123
7797
7717
8706
7569
8113
9058
9019
8493
10706
8288
7538
7410
8794
9208
7785
7844
7794
8109
8607
8973
7909
8936
7569
7374
9115
8209
8918
9317
12025
9182
13882
8454
8994
8113
7692
7866
9472
8071
9007
8022
8003
9247
7803
7694
7981
10476
8696
9168
8179
7763
8035
8158
9292
8874
8164
8597
8014
8456
9621
8781
7553
8272
9336
8026
10200
9075
7534
17642
9062
8737
8866
9273
8394
8230
8826
7580
10206
8178
7925
8374
9235
7601
8083
8746
8123
8410
10428
8816
8052
9446
9398
7462
13235
8233
7535
10410
9566
8440
8405
8683
8839
8118
8800
12112
8559
8456
8881
9143
10420
8882
7407
14134
8333
7629
10743
8903
8922
7912
9220
8333
8980
8713
9151
8153
8032
9189
8054
8804
9214
7633
8396
8607
9016
7948
8784
8901
10177
8082
7860
10054
9113
9471
13162
8246
8512
8230
7543
9228
9189
8720
7710
7904
8194
8096
9418
8312
8659
7823
7756
8465
8846
8487
9192
7630
9200
9023
8119
7546
8764
7841
7881
7726
8574
9367
7733
8838
8578
9041
7578
8830
8577
8232
13643
8969
7871
13789
8874
7270
9030
7822
8492
9340
7630
7829
7818
8992
9402
9473
7410
8638
8768
7958
9080
7604
8533
9361
8545
8876
8445
8118
7916
8976
9439
14030
7876
7588
11941
7615
8034
8524
7569
9548
9434
7611
9329
9275
8117
8048
8011
7813
8451
9428
9357
7822
8206
8068
7578
11524
8301
9060
7707
9327
9213
8133
9889
9816
11591
11046
8035
7607
7986
9249
9162
8811
7596
7841
8851
9446
8542
8486
8227
7753
7930
8112
8829
8315
8759
8344
8648
8016
9376
8456
8707
8493
7364
8120
8617
9058
9644
8913
7923
10345
8825
8608
14411
8121
9092
9138
8259
8480
8774
8449
7782
8151
7957
8096
9115
8194
8517
9038
8707
10102
8056
7692
9158
8979
8866
8381
8880
16085
7909
7512
9133
7815
8056
11101
8200
7765
8683
9179
8969
8252
8370
7861
8353
8069
8174
9170
7749
8558
7388
8133
9022
8571
7601
7446
8926
7866
8137
8787
8001
8454
7361
8659
9233
8345
8500
9209
8257
8764
9469
8283
10479
8536
9138
13163
8386
7815
8400
9047
9104
8330
7573
7882
7992
10466
7646
8148
8172
7851
7361
8336
9492
11902
14117
8458
9151
9488
8361
7920
9117
7997
8818
9625
8623
8062
7838
9102
8905
7940
12915
7675
8120
8234
8794
8621
10339
8103
8020
8631
8419
8769
7576
7865
9193
7980
9216
9413
8866
11175
7877
8918
14020
8248
8924
9723
7922
8421
8565
8133
8133
8204
9188
7961
8234
8923
8308
8023
9039
10212
8944
8478
9141
8698
7645
7752
8625
10289
8161
7786
9779
9311
8304
13818
8297
8636
9008
8655
8529
8848
8839
8753
8441
8876
9238
13107
10992
8144
8225
13957
8209
8635
13258
8928
9736
8789
8081
7911
8843
8010
8216
7697
8650
7657
8656
8914
7974
8733
7813
8985
8425
9046
7767
9025
9731
7342
9184
15611
10360
7471
10425
8076
7292
11862
7621
8667
8292
9129
8503
8333
8786
8528
9041
10810
8689
8936
13566
8332
8326
9107
8318
8394
8510
7435
8237
8244
7952
7605
10573
7610
7225
8226
9152
9031
8884
8358
8436
7971
7632
9740
7790
8267
7928
7504
8703
8066
8276
9108
8576
8065
8218
7590
9027
8076
7988
8958
7776
9215
8120
9241
8064
8963
8362
8656
8685
10046
8418
8974
14305
7631
7410
11020
8361
7830
7417
8772
7728
8962
7764
7791
10432
8205
7712
8978
8213
9220
8856
7591
8043
9192
8800
8482
7805
9230
8270
9316
9041
9040
8035
11175
7791
8061
13922
9205
8451
8850
8830
8757
9521
9181
7755
8817
8217
9436
7955
8702
8898
7611
8796
8502
8957
7420
8945
8913
7903
8487
9009
9680
8189
7911
9219
9643
7564
17463
8293
9107
8674
8297
7772
8755
8237
9241
7812
8372
7964
8615
8505
8357
8717
8268
9103
7752
8483
8720
7907
8769
7747
8951
8015
7807
8008
8778
7531
8282
7745
7579
7473
7912
9111
7810
8496
8205
8247
7356
8194
8487
7920
8041
9379
10159
7533
7587
8770
9079
8337
17312
9246
8425
7838
14138
8215
8941
9537
9066
7745
10738
7558
7727
8034
8472
8148
8241
8646
8933
8416
8008
7537
7859
8112
9302
7722
9443
9189
7413
8346
8271
8878
9607
7808
7532
7242
8293
9142
10425
8607
9159
15488
8082
8346
8064
9375
8051
8246
9189
7992
8780
8090
8792
8495
8138
7514
7411
8344
8508
9038
8882
8337
8714
8386
7586
8333
7558
7803
8212
9133
8241
8043
7871
7934
11333
10510
8148
8331
11044
7916
8860
16529
9583
9311
8213
9200
8849
8646
9177
8605
7577
8652
8869
7808
9076
8173
8135
10312
7908
8800
14178
8757
7921
9253
7825
7399
10405
7621
8384
8984
8059
9080
8587
18969
8302
8182
14184
7448
8579
10437
8969
9167
9287
9398
7759
7620
8400
8864
7666
8115
8612
8428
12093
8353
7748
7737
16361
8163
10078
9860
8620
8461
8211
8585
8473
8514
9005
8207
8010
7653
8335
7892
7596
8200
8574
8073
8222
7883
8673
8041
8562
8050
8050
7548
8791
8594
8153
9995
8381
8292
14338
9640
9095
8902
8859
8696
8900
8425
8413
8876
7627
8129
8682
8343
8630
7741
8582
7406
8487
9116
8226
9183
7875
9216
8586
7626
8386
8404
8779
8280
9264
10594
8453
7794
14182
7613
8553
9497
8559
8372
8437
8171
8612
8418
8081
7723
8775
7670
8784
14351
8889
9202
8997
9543
8496
7709
8517
7479
8640
14781
8970
7702
8912
9457
7636
7833
9178
8829
7826
9380
7792
8333
7794
8382
9491
8808
8681
9107
7614
8810
8505
8352
8898
7396
8132
8197
9094
8322
7612
8144
7953
8447
8312
8310
8587
7773
11508
7337
8525
9563
8419
9212
13993
9364
7633
10138
9259
7729
8674
8205
9183
7442
9237
9021
9215
8145
8304
13061
9471
7528
8105
12725
8883
8723
14167
7376
8420
9033
8413
8603
9331
8447
7558
8465
7554
8887
7926
8056
8179
8442
8041
7774
8282
9241
12101
8201
9805
8681
7948
13769
8743
7485
10846
8391
8304
9733
8237
8159
7587
7984
10005
8069
7893
8028
8190
8482
8905
7380
8874
9219
7589
8188
7641
7571
9154
8918
8704
8076
8035
7769
9250
8524
7798
7863
9019
8953
8787
8921
8547
10688
8998
8882
8746
8504
8582
14183
7853
8101
10688
7707
16943
8100
13443
8413
7961
12337
8696
15176
8318
8578
8814
7550
8402
8512
7461
10476
7900
8361
14788
8510
7856
10644
8266
7541
12136
8701
9259
7565
8148
8673
8459
8779
8076
8025
8487
8407
9114
9217
8211
8444
8888
8034
7911
9347
8336
7752
9919
7794
9213
12130
8164
8735
11000
8747
8569
9511
8664
8046
7712
9160
7934
8540
7835
9025
9533
8426
8814
8438
8388
9348
8664
17898
7965
8348
13092
8217
8143
9077
7547
9051
8938
8826
7924
8216
8886
8564
8002
8898
8317
8351
8714
7788
8880
8099
7902
8641
9478
8010
9051
10820
7959
11473
12589
8748
7927
8526
7989
9437
7925
9075
7918
7649
8364
7774
8569
8461
8228
7979
10163
8641
9712
8984
8733
8821
7597
9022
7558
10164
8251
8014
10951
9415
7734
12946
8419
8528
8099
9261
8820
9188
8693
7584
8144
7482
7591
8447
8830
7503
8323
8551
8611
8121
8996
8969
7635
8830
8200
7411
8860
8471
8977
8876
8574
8823
8267
8627
9143
8255
8235
7979
7925
8251
8205
10663
7673
8931
16671
8201
7914
11965
7707
7653
10019
7840
9306
7856
8153
9012
9247
8215
7860
8987
7846
7939
9017
7673
8471
8199
9168
8296
9319
10979
8394
8055
14080
9215
7795
9205
9108
8748
8275
8617
8528
9140
9015
7956
10766
9295
8198
7686
8870
9235
8804
9030
8178
8396
14407
8952
8261
9633
7981
9359
8010
8707
7735
14174
10243
8161
8411
10196
8610
9122
9270
7962
7808
12071
8415
8580
9014
7805
8531
10389
7940
7582
9212
8210
7641
8733
8136
9097
8142
9123
9150
9218
11113
7840
8996
17149
8912
8702
9025
7836
8294
9328
8022
8790
8661
7547
7919
8316
10643
8841
9572
9782
8846
8975
14077
7879
8318
11409
8678
8808
9123
7725
7979
7752
9292
9196
7824
9258
8517
8757
9135
7899
7680
8974
9218
7323
8879
8444
7953
7948
8046
7641
8385
8276
9049
9146
9245
7674
10242
8185
8740
14218
8114
9086
10876
8911
8160
9296
8434
8171
9238
7871
8323
7564
8072
8417
8213
8560
7923
9009
7697
7700
8435
7910
8576
8525
7789
8271
8044
9058
8353
8817
9500
9017
8961
13675
7620
9396
8876
7848
8056
7842
9075
8558
8759
8430
8676
8267
8400
8139
8265
11425
8676
7965
17133
7738
8342
10102
9318
9141
8033
8365
8656
8115
7573
9459
7779
7410
9000
8015
9018
9306
8985
8518
7817
9253
9975
7887
8130
17315
7651
7671
9625
8859
8492
9036
11215
7691
7811
8161
8629
9217
9305
8482
7539
8512
9020
8552
9307
7835
8273
8819
9584
8556
14460
7767
9343
8972
9213
8622
8824
8502
8195
7502
7748
9117
9349
8445
8646
7652
8074
8598
7844
8595
7743
7620
7720
7983
7795
8112
9172
8175
8379
9454
8791
7756
9299
8157
8480
8784
7830
9958
8276
8167
12966
9327
8883
15059
7823
8255
11947
7652
9071
8064
13404
8194
8814
13936
9948
9180
8422
8397
9140
7637
8946
7608
9089
8603
8589
7813
8371
8790
8615
8240
7923
8501
8338
7885
7600
8324
8440
8228
7701
8305
7781
189679
8364
12874
9038
7572
9037
8820
7773
9860
9249
8154
14050
9299
8856
8812
8135
8923
8087
7897
9146
9360
9158
7495
9174
7838
8378
9287
8589
8917
9599
7582
8701
8095
9944
8821
8878
15926
8064
8524
11328
8774
7610
8815
7803
9021
7723
8013
8247
8569
7527
7302
8235
8358
8871
8989
8635
8587
8394
8782
8857
8987
8274
8569
9161
8703
8915
8441
9918
7781
9362
12824
8767
7851
11128
8121
8358
9334
7906
8347
9261
8087
8147
7777
8835
8634
7761
8848
9024
9215
8357
8576
7865
8528
10918
8564
9855
7755
7912
11463
7389
8376
12065
8471
8855
8424
9189
8284
9523
7802
7923
8201
7600
8658
8411
9279
7495
9384
8485
7397
9349
7482
7590
7857
8208
7883
8647
8667
8817
9092
8087
7971
8607
7785
8643
7762
8890
8327
8516
8082
8032
8801
7932
8748
9137
12379
7980
8353
13732
8203
8953
9009
8287
8803
8046
7732
8642
8802
11552
8164
8907
8261
8601
8988
7598
8799
8569
7894
7970
8191
7377
7549
9248
8596
9692
7769
7564
9275
8206
10662
8092
8050
17669
9185
8901
8257
8956
7981
8473
8463
9434
7648
7764
8412
8212
9046
8540
9158
8255
9250
8476
8644
8025
9333
9784
8070
8215
10061
8111
9303
13288
8082
8542
8810
8879
8602
8219
9218
8714
9018
11073
8896
10384
10266
7588
9042
9787
8082
8995
12676
9155
9026
9147
8214
7748
9062
7778
8693
8638
7627
8358
8089
8514
7567
8024
9045
8799
7932
8313
9179
8418
8894
8102
8816
9418
7651
8695
8515
8353
8407
9056
8909
8695
9246
7614
8871
16611
8174
7657
10979
7652
8896
9448
7600
8193
9410
7251
9293
7851
7484
8824
8147
7653
8136
8717
8581
10466
7979
9015
8927
7682
9423
8115
8836
11286
8605
7573
12921
8178
9579
8526
10514
8332
8681
13942
7609
8006
10137
7929
8559
8818
8124
9323
9109
8673
8102
8071
8835
8112
7851
8369
8170
9008
8323
8061
7870
8084
9182
9039
7957
7317
7541
7583
9312
8823
8807
7974
8271
15229
8374
8910
9011
9529
9312
7910
9325
8664
18912
17399
7916
8576
8460
8227
8792
7779
8180
8924
9092
8167
8832
8467
8985
8058
9294
9148
7473
7513
7814
7794
9061
8025
8708
10456
8035
8242
8368
8946
7712
8063
8534
8627
8520
8366
7820
11418
7666
10205
8370
8577
14577
8133
8268
10085
7569
7514
8060
9073
8133
7755
7769
7492
8740
7825
8662
9209
8556
8741
7902
8404
9326
9050
8033
7328
7789
10103
9194
8197
9158
8391
8637
9440
9198
8215
9888
8514
7830
13190
8210
8334
11201
9675
7917
7956
7851
7673
7954
7807
7812
9271
8149
7720
8189
7863
7749
8683
8735
8902
7998
7831
8748
8680
9177
10865
8215
8582
8339
8394
17852
8938
8274
10952
8496
7807
8155
9071
9009
7485
7941
8596
9322
7584
9159
8422
8075
8067
7988
8428
7616
10081
10512
8445
8643
14148
7672
8711
10799
9764
7387
9146
8588
7594
7591
9088
9019
7636
8652
7932
8446
8168
9027
9033
8458
7598
8441
9217
8830
8156
8834
8044
8097
8615
8579
8233
9153
8757
8820
10606
8699
8959
13336
9012
7950
8672
7775
8170
9552
9167
10983
8020
7754
9425
8545
8384
8586
8211
8035
8564
7692
8179
8565
9015
9296
10488
7470
10159
7909
8476
13041
8175
7795
9483
7570
8761
8869
8241
7748
8395
7857
9002
7615
8494
9148
8204
8824
9015
7931
7801
8184
8897
7571
8148
8414
8820
8400
8820
8646
7594
9089
8186
8569
7641
7859
8880
9700
8647
8802
7899
8072
9301
8493
8406
8956
9517
12514
7768
7511
15022
7364
9008
8799
8646
8004
8413
9303
7379
9254
8903
7943
8622
7869
7677
8410
8466
8334
8338
8215
8189
8924
8153
8852
7933
8628
7819
7435
9071
8869
8917
8780
7610
7543
9346
8515
8313
10794
8254
8912
12924
7757
9060
8948
7517
8153
9651
8833
7385
8497
7533
7847
8003
7969
7943
8672
8965
8170
9918
7555
7971
7762
8437
9760
8877
8799
7638
7687
8940
8542
8196
8099
8079
8702
8794
8550
8424
9011
7869
7747
7983
8502
9314
10271
8932
7810
14266
7548
7974
11286
7752
8897
9115
8323
8278
7807
8731
7830
9513
8333
8970
8049
7418
8833
8186
7803
7950
8835
7826
8651
8456
8605
8230
7520
9596
8885
7316
8949
8327
7603
8720
9274
8015
7589
7531
8808
9317
8532
7820
9783
8659
9207
15446
7650
7760
8636
8303
8336
11507
8498
8043
8580
8292
8782
8030
9358
8652
9208
7713
8394
8320
8843
7909
9028
9791
7851
8587
9073
7982
8554
16733
8745
9185
9260
7847
8795
8635
8144
9251
7797
8495
8660
7855
9064
10002
8298
9218
8138
8927
7753
8874
8580
10925
8919
7461
13532
8665
8259
9221
8670
8996
8129
8527
8479
8251
8235
8605
9479
7739
9338
9194
7782
9961
7713
8040
8642
8267
7528
8805
8181
7627
7769
8068
9136
8299
7710
7641
7461
7944
7351
8607
8942
9164
7733
7394
9218
7763
7489
8316
9389
9283
8392
8432
7809
9979
36098
9297
8201
9400
7559
8997
8728
8380
7775
8210
8453
8943
8134
8696
8153
7870
7996
7860
8547
8211
7602
8727
10680
8296
8443
16721
8625
8958
9425
7959
8765
9082
9235
7795
16058
10887
8795
8342
8428
9103
8541
14620
8884
8332
7553
9261
7902
8641
8717
9341
8548
14261
8546
9219
8546
8886
8518
12673
8454
7892
8702
8697
8155
9457
7346
8653
7950
7633
8756
9000
7580
8109
7720
8195
9289
9123
8737
8656
7225
10164
7892
7627
12533
7745
9022
12538
8407
7723
9040
7576
8091
9356
7720
8884
8779
10218
8011
8298
8697
8138
7592
8462
7816
9237
9007
8594
8101
8550
7662
9958
8049
10579
8281
8549
8892
8875
8579
7756
8495
16950
8075
7830
9883
8957
8808
9830
8035
8153
7845
8599
7972
9238
7585
8125
7350
8914
7742
9252
8147
8471
8298
7608
9291
8432
7604
7986
7630
8372
8628
8584
7695
8607
8713
9251
7840
8456
10507
9033
9021
15314
8682
7610
8598
9163
8364
8293
8983
8677
7805
9041
8303
7808
7907
9075
7436
8543
7974
8417
7543
7795
8625
7623
9374
8892
7590
9371
8293
10743
8610
9256
13533
8865
7736
11302
9168
8756
8502
8543
8841
7658
8354
7989
7376
8125
9199
8238
7974
7492
7653
7951
9535
7420
9411
7755
7430
8176
7849
7561
8968
8063
7508
7738
7900
10410
7876
8613
8102
8893
8245
7501
8788
7649
7503
8269
9232
7438
14762
7976
8034
12694
8748
7679
7389
8709
8654
9378
8297
8687
7897
7479
8227
8015
7870
7558
8430
8413
8353
8459
9088
8328
9109
8446
8999
8325
7675
7897
9077
7707
7791
8939
7461
7732
8234
8169
8805
8366
9463
8294
9005
17411
8371
8978
8730
8950
7959
8830
9241
9420
7625
7992
8024
8402
7738
23019
8171
9136
7558
9435
8523
8956
8557
8122
9306
7729
22920
11660
7613
7643
9798
8536
7617
8775
8073
8631
8305
14602
8128
7394
8823
8237
9192
8782
7824
7772
7680
9601
9033
7671
9017
8420
9281
7954
8336
8882
8350
8903
9148
7589
8000
8837
8210
7971
8962
8808
7794
7439
7963
8335
8095
8197
8138
10283
9916
7689
8299
12040
8035
7589
13057
8632
8316
8586
7825
8068
8545
7579
7410
10936
9147
8939
8008
8110
7563
8910
9249
9041
9205
8035
8335
8445
7760
9005
7964
8743
8689
7471
8984
7622
8998
9101
8131
8764
8492
8239
8292
14074
10379
9064
8429
7946
8940
9583
8205
7610
8207
8941
8457
9482
7702
7861
9121
8458
7870
8570
9855
10415
7726
7842
8840
9178
9518
8348
8591
12755
9279
8553
10756
7615
9025
8589
8979
8895
7821
7765
8574
7693
9118
8071
8973
7862
7946
7952
8412
7498
7875
8652
8256
9352
7512
8275
7794
8881
9241
8181
8617
7608
7805
8251
9054
7903
7697
7690
8307
8185
8717
9037
8896
8933
8673
7763
9014
9097
10882
8354
8554
16788
8431
7586
9337
10540
9247
8336
9044
9046
8134
9177
7846
8976
9298
9066
8543
14364
8731
7487
11233
7409
8506
9656
8054
8622
8727
8588
8681
9000
8789
9076
9265
9043
9000
7749
8633
8426
7553
7824
8841
8760
9115
9209
9222
15042
8045
7902
10059
8623
8425
8298
8195
9222
7876
8723
8350
9422
8987
8615
13415
10522
7974
8579
12402
8938
8135
9846
7820
9023
8986
7972
7779
9275
7951
8003
7999
7640
9021
7498
8565
8302
7720
8515
7835
9317
8755
7820
8800
8257
8621
8564
8663
9038
7433
7532
8284
8029
8388
8221
7786
8713
7875
8552
17133
7861
7687
14748
8174
8450
7617
8220
8375
8991
7809
8120
8239
8369
7571
10176
8701
9193
7919
7601
8556
8688
7596
8603
10645
8219
8918
8296
9912
11264
7543
13532
8366
8821
9282
8688
8979
8692
8651
7956
9056
8421
7787
7543
8785
8955
8551
8337
8010
7776
9266
7810
8430
7761
7819
7875
8900
8435
8524
8860
8840
9420
8446
8523
8194
7781
8302
7692
8632
8894
7802
8994
8702
9019
8528
7610
7622
9610
10426
8321
8838
14387
7753
7471
11458
8299
8338
9548
8420
9018
8689
9195
8217
9951
9178
7571
8354
7623
7574
7969
8559
9594
7859
9057
7811
8634
8255
8461
8631
10225
8340
9378
8333
8808
8064
9814
8394
8856
8597
7786
7859
8457
8460
8140
8377
9682
7793
8118
8899
9077
8358
10002
7630
8373
13563
8302
7916
11580
8347
8140
8117
8225
7553
8591
8605
7605
8215
8259
8758
7857
9185
8194
8086
8763
8430
7904
8935
9244
7666
8250
7560
8055
8317
8172
9336
8428
8820
8982
8273
8988
8303
9674
7875
8086
8292
8289
8299
12961
9422
9261
11105
9088
16704
7615
10022
8796
8400
13427
8138
8612
11861
8000
8087
7986
7795
8073
8000
8897
8285
10711
8116
8053
8887
7783
9381
8824
7562
7761
8021
9144
8531
8751
8003
8116
9100
8401
8783
8091
9156
9193
8553
10072
8097
8842
11851
9215
7862
13589
8712
8057
10051
8144
8146
8456
8406
7600
8626
7630
7540
8410
9283
8758
8917
8341
8728
8447
8151
7535
9258
8533
8699
8827
9528
8169
7764
9839
8912
19508
8615
8614
8755
8518
8884
8497
22323
9730
8882
9080
8825
8869
8417
7799
9187
7689
10141
8697
8613
9232
9360
8985
9283
8695
8358
8879
14233
8654
7635
8904
9097
7943
7789
7780
8025
8168
8789
8066
9350
7843
9214
7377
8147
8247
8555
8492
7753
8189
8445
8990
9263
8378
8960
8005
9023
9154
8935
9581
8953
7924
10010
8486
8298
13990
7561
9096
9457
8758
8615
8762
7809
8710
8006
7800
8066
9107
7995
8830
9157
10076
8628
7571
9159
9209
9160
13825
9040
7577
9065
7990
8207
11198
8046
8457
8652
7369
8402
8889
9237
7930
11506
8195
8557
9149
10035
8241
8505
10712
7815
7856
13954
9220
7954
8578
8616
8357
7796
7688
9200
8552
7840
7765
7602
8495
7653
10060
9382
8276
8191
7569
9293
8149
8739
7784
7612
7492
9476
9105
8287
8199
8118
7670
8345
8626
8226
8798
8635
8988
8654
8559
10436
9401
7998
8171
9284
9995
8592
9018
8189
12793
13482
8023
8400
10462
9117
8054
13670
7911
9232
7753
8534
8132
7504
8466
9001
7954
9145
7497
7609
9424
9099
8367
8790
8622
8515
14208
7694
8374
11383
7700
8554
8447
8317
7779
9459
8627
8336
8442
8204
9055
7932
8892
8150
8597
7868
7662
8137
7872
8513
8102
7860
8344
7851
7632
9156
7835
7991
8214
8002
9912
9228
7828
8590
8407
8441
12853
8013
8966
9353
8313
8346
8693
8009
8818
9471
9600
8969
9228
8647
8461
8774
8569
8390
7907
7600
7983
8578
10267
8148
8006
9308
9576
8015
15714
8001
8256
11179
8311
8998
8983
7767
7535
9253
8604
7863
9599
7385
8525
8035
7562
21920
8275
9025
8801
7648
8856
9175
8476
8295
7874
8688
7720
10147
10076
8526
7788
7764
7825
9705
8777
8721
9079
8573
7644
9286
22373
8997
8189
8984
8762
8632
8377
22300
9115
7768
14520
8455
8816
8964
9335
8846
9161
8623
7336
9337
9721
8161
9190
12613
8839
7486
9237
9159
9177
8812
13938
8379
7450
10282
7995
8205
8290
9355
7546
7413
8570
8476
8467
9138
8434
8900
7667
8805
7565
7850
8907
7552
11015
9918
8866
7996
8274
7957
8978
8476
8895
10905
8603
8917
16710
8020
8216
8737
8866
8056
8361
8010
8724
8679
7376
8895
9221
7570
8528
7892
7641
7931
7890
8169
8687
7853
7937
7787
8654
159266
7990
7608
8713
8811
8113
11534
8686
7913
9877
8174
8188
7818
7993
8560
8245
8464
8769
8253
7974
8776
7694
7817
8825
8316
9139
8023
9436
7990
7999
7617
7839
8815
7494
8880
8591
7769
8302
8485
8744
7879
8209
8381
9347
8667
8092
10367
7471
8372
14611
8372
8014
9279
7664
8094
11109
8996
8512
7654
8335
8933
8689
8541
8116
8020
7870
9350
9189
7803
8396
7619
7964
9230
7611
9016
9446
8614
9413
8071
7890
10731
8123
8798
12751
8093
7661
11270
8894
8179
7692
7686
9275
8175
8374
8097
8186
9082
8400
8456
8436
9109
9223
8856
9075
7307
8517
7968
9058
8123
8781
8346
8711
8639
7871
9671
8472
8851
9541
8682
7862
13907
9034
8204
9719
7518
7561
10501
7564
9038
8924
8076
8717
8292
7552
9230
7777
8866
7743
9107
8645
8215
8912
8354
9032
7982
8142
8482
7519
7721
8020
8024
7595
9412
8846
9899
10257
7564
10180
7885
9188
16475
7787
9428
8517
8915
8210
9082
8011
9143
7973
7671
9178
9627
8328
7761
8979
10136
8444
7378
10333
9166
8635
14543
7874
8479
8797
8304
9740
7908
8784
7952
8820
7834
8427
8821
9154
7858
8343
10463
8697
7961
9231
8185
7684
7864
8122
8801
7615
8013
8242
9834
8702
8355
9974
8214
8394
14807
8176
7739
10779
7549
7770
7870
8338
8505
8525
8328
10119
7861
7623
8221
8856
8112
7651
9487
7746
9047
7569
9086
7852
7983
8821
8470
8686
34853
9400
9306
8540
16453
8626
8779
8186
7748
8420
8346
9101
8274
8668
8875
7871
17155
14172
9250
9389
8892
7916
8496
8741
7881
9015
8785
9261
9037
7525
7821
8360
7994
8043
7923
8533
9206
9143
8521
10607
8884
7651
8579
7974
9243
9227
7637
9052
15015
8367
8498
9339
8230
7868
9229
8008
8038
8057
8420
8628
8723
8814
8230
8596
7445
8205
8311
8107
7876
9174
8310
8421
8809
7882
9241
7623
9035
8365
7301
9221
8601
9175
8898
9237
8382
10153
7916
8967
13779
8622
8023
10769
8195
9247
8026
8989
8274
7986
8628
8044
7981
8635
7931
8208
8897
7877
8404
9051
9007
9215
9943
12133
8199
14328
7644
8115
10240
8174
7914
8289
7684
7732
8144
8701
7813
8696
7800
7831
9461
9102
9041
8093
7733
8797
7501
7917
9059
8397
9175
8118
9109
9823
8932
7771
10093
7692
8185
13912
8928
8474
8177
8501
8588
7638
8196
7611
19872
8259
14545
7750
8146
10557
8097
8727
7787
14927
9077
10184
8391
8346
8789
8744
8844
8717
8573
9210
9887
8505
7983
10803
8232
8598
8641
8797
7722
7569
8273
7980
7912
8436
7775
17205
11898
7611
8779
8666
7932
8451
22944
16328
8770
7799
8117
8533
8939
8667
8762
7812
7792
7742
8525
9205
15667
8805
8809
14019
7874
7630
8666
11800
7957
9055
11212
8246
7865
9382
10330
7838
9342
14570
7586
10682
9217
8860
8215
9416
7654
7846
9043
8734
9109
8178
8259
8776
8690
8448
7929
10992
9003
8387
8438
9576
7571
8433
8259
9145
7802
9221
7912
8646
15628
9176
7591
11579
9046
8182
8564
7654
9360
8317
7483
7874
8180
8936
7712
9210
9220
8386
8879
9044
9215
8166
9455
8865
8366
14279
9232
7620
9563
7594
8618
7680
9365
10586
9242
9918
8164
9135
7294
9195
8612
10165
8920
9051
14302
7851
7674
10707
8962
7491
8111
8583
8250
8253
8600
9648
9669
9400
8199
7469
7533
8964
8591
8933
8313
7776
7580
8232
8638
7955
7610
7789
9236
7817
9148
8244
8256
8793
7803
8922
8610
113306
8719
7576
8959
8233
9130
9212
8371
8635
8399
8205
7636
9457
8348
7824
7698
8994
7473
8728
8041
7851
9235
8733
8391
8824
8072
8573
8393
8446
7746
9222
8596
8910
8615
8312
9007
7887
8748
9649
9221
8238
14151
8407
8353
10020
8077
9254
8724
8498
7938
8011
8264
7550
8419
8194
7825
8191
7995
8156
8246
8733
7564
7861
9187
7635
9103
7532
7773
8400
7738
7953
7858
7805
8443
9111
9057
8005
8533
8297
8764
8380
9036
10112
8115
7853
8434
8052
8548
7996
8348
8032
8487
8174
8085
8519
7789
7562
8034
8190
9098
9429
7954
10318
9119
8333
14585
9058
7640
8078
8552
7991
10251
8471
8590
8389
8376
9261
9020
7763
7665
8769
8185
7459
7351
8436
8845
8456
8707
7980
7615
8825
9042
7694
8343
9055
7985
8441
8363
7620
8476
8632
8796
7984
8015
8614
7487
10714
7654
8724
8923
8544
9173
8408
8661
17661
9186
8943
8368
7714
8393
8808
8205
9002
9071
8431
7679
7872
8881
7712
7802
9148
8828
8204
9324
8978
7887
9311
9388
8464
14153
8752
8797
9399
8404
8210
7780
8618
8524
9130
7553
8656
7989
8030
7935
7870
8208
8125
8160
8177
7581
8135
9360
8374
9314
7907
8466
7903
7872
8823
9127
12025
9112
8597
13194
8192
7700
12200
9092
7721
9357
7718
8917
8538
8424
8377
8726
7509
7972
9200
8911
9235
8206
8581
16990
7687
13916
9210
7540
8053
7587
7743
9268
9408
8585
35005
9010
8056
8680
7758
8042
8818
8355
10239
7712
8352
9556
8781
8274
13738
8199
7690
10267
7598
8256
9286
8485
9364
8300
8644
8157
9285
8640
8082
11584
12441
8669
8688
13441
8534
7703
11906
9143
8606
8011
8390
9109
8353
8252
8726
8675
8981
8413
8892
7705
7420
8219
8171
9035
9546
13619
8618
8574
7815
7669
7966
8958
8246
8710
8984
7715
7509
9102
7502
7575
8581
7885
9008
9569
8016
9260
8261
8989
7403
7546
7464
7747
8420
8800
9185
7976
9254
8798
8410
10712
8770
9035
12860
8005
10806
11445
8122
9379
7916
8671
9179
8381
8122
8157
9156
8704
8092
8299
7777
8729
10214
9385
8619
8441
14922
8614
7626
11020
8553
8112
8797
8547
9119
9003
9215
8692
8625
9058
8661
7791
8131
9246
7614
9596
8553
7865
8332
8189
7514
12717
8938
7671
9557
8133
9328
8727
7993
7981
7710
8228
8863
8395
7397
16166
8693
10172
8614
8576
9519
8114
8121
9521
7751
8141
8974
9278
8794
8546
8916
14252
8316
7923
8102
9176
7387
9212
7726
23646
8547
7607
8833
8169
8958
11728
8167
8646
8182
9029
7315
8282
8712
23321
9454
9220
7797
8066
8305
7979
7764
8206
9158
9010
8079
10698
8745
9193
9377
7612
8476
7725
7674
8174
8195
9322
8238
14432
14351
8090
8029
11400
8303
8769
10501
7987
9065
7512
7929
8793
8194
7772
8216
8520
7788
7911
7520
8251
8917
7878
7613
7558
8349
7868
7392
8347
7620
9140
9235
9033
7579
8107
8945
7784
9136
8900
7989
8881
7776
7607
8579
8594
8680
7588
8578
7770
8897
7739
7746
8057
8117
8802
7383
9049
7641
8665
8519
8429
10188
8905
8471
8982
13082
7603
9266
18459
7940
9199
10464
10015
7817
7765
7641
8198
8704
9960
7582
9441
12753
8502
8174
10364
8155
9022
7558
9222
8426
8246
8820
8124
8438
8158
8427
8588
7418
9433
7873
8372
8336
8076
8323
8466
7812
7783
8011
7726
7799
8022
8376
9169
8177
7506
7764
7774
7814
7972
7761
7397
8816
8864
8117
8851
9179
179849
9099
9020
9280
9010
12532
7755
8146
8157
10198
7435
8611
7511
8289
9320
7646
9086
7790
7743
9198
8411
7620
8251
9322
8314
10087
8940
7982
7785
7578
8665
7625
8312
7892
8936
12710
8239
9115
8654
10518
8858
7789
13260
7671
8929
7932
8048
8597
8355
7728
8209
7789
8552
8573
9210
10528
9086
8512
8334
7972
8892
7933
7764
8319
8768
8288
7672
8773
8444
7846
7507
8075
7666
10461
8066
7575
8497
7960
8618
8418
7592
8653
8299
7867
7545
7780
9391
8473
7897
7795
7983
8532
9032
20275
12244
7995
8312
8897
9274
9380
8681
8189
7948
15483
12598
9098
9119
9054
7743
8594
7941
8215
8795
9319
9233
7811
7518
9291
8633
7789
7829
9098
8092
8627
7962
8443
8835
8508
8213
8461
7973
9095
9653
8497
9197
13757
8186
10019
8717
8534
9205
8723
9192
8146
8071
9213
8095
8426
8986
8853
8962
7334
7638
8050
7561
8028
9216
8835
7866
8397
7852
8315
7509
8010
8205
7902
8321
7517
8107
9053
8850
14300
9632
8855
7548
13596
8661
8919
8348
7391
8349
8774
7769
9087
7874
7642
8897
9376
7801
9329
8550
8632
9556
8285
7900
7589
8030
9104
8621
8221
17029
10085
7343
8874
7714
7928
9153
9270
8831
8541
9087
8758
8558
10748
9435
8156
13466
7986
8205
9836
8803
7995
7928
8487
7663
9749
8393
8712
9318
7563
7684
7439
8892
8616
8885
7784
7702
7460
7635
7511
9316
7988
7961
7640
8356
8194
9090
8574
9238
8414
8988
7666
8032
8671
8410
8789
7635
8587
8007
8366
8881
7970
8407
7212
9039
10025
8106
7801
8330
8035
8093
9789
7592
8633
9652
7572
8368
13523
8466
8937
10528
10292
8978
7892
7420
8136
9009
8394
8115
8381
7882
7589
36458
8450
10042
8196
9234
9387
9049
10587
7430
8016
8827
8285
8789
9098
8114
8437
8151
8130
8705
9103
7733
8397
7233
9220
7939
8916
7730
8588
9015
8652
8882
9231
8112
7975
8185
8658
7789
11610
8981
8600
8997
14580
9026
7384
10628
9816
9097
7534
8977
9141
8675
8225
8907
9248
8536
8856
7548
7390
8942
8255
8630
9178
8070
9389
8686
7989
10551
8838
8342
13334
9217
8423
9825
7885
8349
9044
8192
8193
7289
7722
8921
9355
8340
7913
8084
7702
7637
9057
7854
7635
7566
9032
8720
7694
9368
9471
8810
8653
7756
8897
7948
8866
8194
8789
7644
9177
10485
7588
7528
10928
8591
7460
16714
7570
8666
8348
8846
8980
9076
8226
8604
8453
9348
8041
9020
8072
9283
8998
9713
8415
7669
14224
7529
8813
11266
8007
8617
8395
9000
8100
8247
8625
7917
9202
7855
7704
8133
9297
8791
7766
7960
7558
8806
8292
9153
8505
7993
9076
8004
7560
8229
7931
8119
8227
8415
8564
7669
7624
7955
8846
7744
8468
8013
8160
9270
9220
7550
9245
7784
7490
8440
8066
9400
9903
8113
9083
11567
7659
9183
13448
9323
7800
9159
8736
7873
8247
8963
7769
7451
8748
8016
8050
7789
8812
9451
7491
8617
7882
7809
8337
7892
8656
8416
8074
8420
8802
7576
8159
7576
7651
8926
9041
8650
7534
9058
7854
8030
8346
9082
10780
8061
9256
8777
7957
8616
11685
8309
9129
12472
7774
7430
10148
8534
8873
25265
11993
7594
8261
9901
8578
8778
8136
8235
8211
7862
9189
8959
10137
8152
8883
7743
8200
8877
7753
8415
8565
10050
9711
7531
8832
14644
8025
8719
7738
8959
8484
9153
9423
8794
8277
7461
8251
7793
8835
8256
8510
8950
8304
7770
8031
8394
8089
8643
11551
7541
7871
8931
8887
9012
15461
8960
7433
10195
7443
9340
8144
9401
9092
8358
8826
7753
8010
8625
9094
8792
7638
8130
8051
7569
8430
8209
7626
7501
8032
8544
9918
8942
8146
8443
7617
9680
8675
10920
13641
9090
8304
9050
9220
9298
14576
10338
8592
9293
14228
7733
9160
12349
9244
7805
8799
8418
8633
8651
8352
8373
9120
7736
10775
8430
10362
8942
8221
16548
7935
7830
10281
7960
8111
8940
7431
8646
7974
7536
9148
7690
8725
8301
8657
8355
9139
8870
9399
8150
8051
7777
8712
8801
8738
7995
9097
8153
9045
8892
9494
8823
8887
16506
7735
8488
9651
7789
8755
10267
8389
8522
8172
9478
8761
7835
8794
8596
7739
8112
8125
8904
8379
8122
7738
8134
8978
8591
10852
9205
9045
13502
9590
9295
7995
8608
9302
8181
8512
8336
8618
8082
8699
8826
7748
9000
7750
8183
9082
8569
7676
7784
7615
7775
8810
8800
8755
8999
7366
9596
8883
7613
9610
8574
8661
12905
7397
8673
23028
9736
9008
7796
14078
7794
7588
10217
8837
8258
8882
7689
8362
8363
8286
8879
7927
7856
8414
7610
8218
7332
8357
9248
10868
8066
8523
7600
8861
7940
8425
9166
8480
8455
8557
8880
8259
9191
11208
7968
9715
15523
8830
8463
11044
8343
8118
8056
8205
7688
7815
8390
7839
8460
8164
8659
8107
8114
7894
8815
8384
9035
8754
8507
8882
7619
7661
8127
8235
9218
9266
7707
7307
8302
8425
10173
8768
7729
9452
7432
8092
14378
8413
8201
11666
8130
7917
9177
9904
8549
9087
8190
8195
7538
8923
9155
9728
8540
7902
8608
7725
8996
8289
9931
7733
7842
10350
7702
8433
13518
7725
8190
11145
9024
7381
9753
8815
8898
8835
11844
8921
8483
7653
7846
7548
9383
8336
8055
7369
8407
8524
8915
8378
8506
8985
8465
7552
9858
8194
8391
12336
8231
7541
13695
9078
8690
8839
7995
7673
8511
8306
7713
8934
8169
8127
9236
8120
8476
7789
9280
8174
8085
7663
8603
7557
7819
8197
7794
8128
8121
7677
8865
9232
7930
8948
8521
8569
8597
8909
7800
10241
9230
8168
17492
7991
8491
11266
11470
8750
8295
9027
8996
9235
9818
7765
8666
12120
8558
7861
12297
8032
7905
8753
7673
8133
8105
8108
7996
8425
10043
8400
8039
8200
7710
8878
7701
9483
7793
8650
8938
8029
8544
7551
8225
8835
8012
7769
7776
8533
7382
7899
8455
7981
9009
7821
8056
7589
8636
9225
7949
9101
7956
9179
8356
8435
9092
8333
8439
8317
7569
7497
8306
8866
8247
8523
8810
9121
9436
8307
8327
10244
7774
7448
15185
8470
7665
9484
8612
9214
7520
8895
7762
7849
8116
8712
7784
8201
9267
8883
9212
9861
8717
8287
7646
8078
9137
7711
9077
8010
7619
7763
8293
8410
7564
8355
7869
8594
8779
8979
7791
8525
7671
8774
8707
7734
8777
9503
8395
8870
12712
7913
7883
12835
8294
8993
9580
8437
7753
8397
8682
7866
9092
8741
8713
9038
9610
9003
7571
10011
8441
8041
10117
8759
9150
16201
8205
8743
8106
8897
8046
9271
8997
8773
8846
9804
9246
8464
8133
7971
8386
9676
8727
8766
14615
8056
8312
10871
8576
7306
9919
7812
8835
8784
8254
8000
7373
9238
8439
8353
12864
8298
10641
9284
7676
8994
14560
7795
9225
13115
7898
8620
7724
8505
8202
9262
9451
7391
7927
8405
8247
8880
8465
8882
7890
7648
9175
8844
9226
11027
7834
16858
9201
9139
8408
8802
7575
9948
8650
11569
8581
8775
7570
8119
7781
8492
9013
10845
9050
8724
12917
7953
8137
10666
9478
7939
9258
8433
8641
7956
8530
7581
8224
9210
7523
7598
7480
10439
8805
8815
8328
8075
8861
8740
9259
7553
8427
12683
13845
7680
7844
10866
8614
7554
12351
7782
8835
9290
9000
7570
7697
8950
7736
9098
7593
7690
9081
7849
7833
8707
9804
7972
9030
15279
8305
7651
9235
7772
9037
8293
7836
7750
9198
7622
8189
8523
8894
7751
8728
8989
8430
7965
7597
8466
8436
7583
8277
8107
8774
7917
9431
8871
8476
7910
7969
9261
8764
7589
7626
8378
8055
8200
8593
8871
7752
7932
8635
9357
7899
9173
8874
8255
8171
7418
8676
7838
7750
8960
8394
8856
8394
8829
8217
7805
10370
8069
7779
19081
9582
8266
8283
8856
10392
8195
8172
8919
8435
8946
8234
8317
11056
7370
8834
14462
9922
8605
8636
8979
8538
8087
7480
7960
8827
7641
9041
7351
8012
8346
8905
7732
7832
7970
8190
9247
8683
9089
8748
7810
7835
9097
8802
8220
8486
7796
8661
9017
7798
8628
8635
7985
8445
8477
8971
7769
7902
8222
8447
8763
9143
9359
8139
9347
13582
9767
8340
8084
8635
9039
9731
9691
9075
9026
7748
9245
7640
8136
8376
7695
8800
7868
9214
8536
8694
8928
8758
8707
8677
8486
7706
8245
12080
7330
9086
13627
8977
9620
8231
7592
8400
7989
8236
7958
8502
9120
8319
7698
9210
8469
7649
8275
9610
8564
7482
8622
8754
8907
8699
7816
8474
7766
8354
7597
9011
27444
8938
9162
7820
8082
8552
9012
7807
7753
8605
8054
7559
8389
8039
7615
8858
8713
7507
9012
8741
7883
9200
7328
9548
8186
9066
9719
7933
8792
13345
8193
8223
11345
9124
8035
8133
7949
7832
7684
8531
7667
8225
9268
8050
8044
8235
7694
7609
8029
8628
8184
8661
9539
8056
8521
8601
7502
8309
10905
9503
7634
14014
9234
7951
7800
7456
9163
8693
7520
9255
8454
8653
8215
8126
8948
7542
8815
8338
7316
8450
8969
8205
8651
8857
9350
8698
7578
8742
7850
8662
8702
8821
8574
9241
8969
8296
7749
7649
8048
8376
9289
9146
8638
8605
12307
8856
8351
14387
8099
7878
7690
8432
8396
7886
7671
8316
7988
9240
7304
8800
7816
8414
8196
7951
8025
8560
8205
8806
7835
8275
9128
9216
7872
8965
7651
7969
7923
9455
8475
7430
8363
8226
8897
8577
8190
9268
7954
7552
8171
16383
12196
7997
8758
7912
7870
8250
7812
9208
7860
8858
8548
8816
7994
8357
7523
8012
9294
8068
8788
8380
7743
8359
7676
9270
7553
8153
8030
7804
8538
8220
8235
8103
8097
9320
8178
8324
8729
7709
7638
8628
8302
8760
9026
8625
9926
9206
10873
7728
8148
15082
8447
9004
9142
7872
7575
9255
9095
8538
9054
9334
8410
9187
9410
8867
7846
8603
9251
11841
11810
9003
8433
9549
8302
8487
9349
8403
8485
9064
8135
9056
9256
10392
8343
11018
8036
8129
7643
8222
7849
7707
8120
8776
7485
8994
9153
8977
10002
8285
7698
16868
8177
8620
10770
8336
8700
8769
8647
7687
10720
8606
9196
8294
7968
7427
7556
8077
8349
8417
7696
8738
7741
9021
8602
7692
8837
8444
8887
9164
8204
8419
11922
7948
8258
13517
7830
8392
8090
9348
7761
7995
7814
8235
13148
32444
7960
7760
8183
8368
8044
9094
7952
7971
9001
9484
9389
8594
9060
8153
7782
13651
7679
8809
9323
8825
9005
12426
8606
7815
8419
9204
7748
9026
9634
8251
8024
10436
8414
7640
12500
7416
7890
14758
9202
7912
8089
9487
8070
9258
8643
8992
7907
7621
8205
8657
9203
8235
7978
10508
7869
8699
9558
8347
7987
13537
8698
9256
8405
8326
8131
8811
8317
9056
9306
9128
8492
8656
7583
8822
9117
8977
8531
7676
8844
8057
8949
7787
7624
7516
8112
8224
9138
8771
8532
8471
8498
8533
10961
10020
8007
8999
16205
9152
7773
9512
9183
8478
7734
8237
7781
7369
8637
7649
9106
8788
8646
7788
7763
8661
9165
7667
7867
8000
7575
8056
9091
8738
9176
10157
8558
8978
7703
10641
8083
7588
17261
8616
7494
10127
8533
9018
8459
8043
7583
9055
8358
8325
8502
9338
9056
7843
7655
8384
9161
9036
8215
9142
9748
7780
7862
10242
10941
7955
12492
8081
9133
9565
9300
8312
8623
8153
8072
8769
9243
7840
8575
7994
9274
7903
8697
8564
7773
9154
7774
8232
7803
7696
8182
9569
9157
7593
7669
8187
9684
11101
7958
8085
13867
9374
7220
10199
8292
8892
9348
7282
7778
7641
9231
7677
9474
7810
7415
9256
8841
8227
7983
8589
9438
7810
7549
8486
7731
7534
7706
9015
9822
8275
7757
8975
7707
8992
8620
8160
9077
9154
7776
9220
9728
7552
8559
14919
8712
8966
9589
7815
7610
9607
7900
9132
8415
7594
7546
9034
8034
9220
9095
8459
8908
8410
8415
8408
8173
9012
8811
8594
7551
9102
9198
7835
8053
8282
8251
8435
7548
7822
9143
8954
9970
7568
7260
9939
8962
8974
16001
8391
8307
8532
8039
8847
10435
9108
7785
9370
8420
7911
9267
9085
25651
8287
9646
7421
8187
7782
8816
9213
8554
8102
9571
8472
9652
8230
8974
14961
8943
8509
9846
8398
9147
7854
10396
8746
8423
9149
8582
8358
8007
8011
8907
7407
7809
8880
8951
8201
8102
7794
8519
8075
9155
7763
7789
8618
7608
8235
7796
8890
8430
9953
8436
8058
10684
8610
9483
8553
11641
8001
7952
14929
8466
8636
9619
7821
7747
10717
8880
9252
8711
9453
8582
8143
8394
8173
7796
8450
8634
13846
13257
8917
8801
9902
8835
9209
10648
8374
8837
8203
9352
9220
8827
8317
7763
8463
7531
8010
8008
8191
9185
8154
10605
9606
8893
12821
8651
8879
7371
8956
7530
9359
8434
8574
8184
8369
8610
9423
8617
7552
7810
8357
11092
8958
8777
9092
8932
9972
8164
7362
13183
9036
9101
13120
7662
8003
8997
8477
7682
7930
8311
8448
8764
7880
7576
9741
8594
7750
7764
8846
9219
9153
8257
10254
11071
9912
8337
8031
12805
9944
9340
8270
7974
7482
9869
7577
9072
7990
8047
7819
9246
8748
8615
7985
8628
8018
7920
7711
8576
9075
8656
7625
7595
8077
8420
8662
10161
8608
7955
7832
7768
8507
7335
8733
8649
7601
7533
7416
7550
8657
8312
8053
7771
8341
8495
8492
7517
8188
8573
8059
8681
8423
7543
8559
8917
13184
13823
8359
8930
10071
9026
8847
9832
7834
8943
7506
7965
7774
9092
8944
7251
8528
8399
7594
8170
8856
8510
7471
9034
9071
8179
9388
12311
10226
13995
8756
8066
8714
8193
8676
9416
7617
7789
8214
8549
8851
7496
7641
8056
8907
8681
7729
9047
7353
9068
7834
8993
8746
9216
7846
8078
8072
7671
8365
8079
8496
9139
8195
9714
8056
8839
8754
9056
8236
16399
8759
8584
11140
8998
7771
13054
8700
8338
8789
9500
7589
9193
7831
7578
7843
13910
8628
8425
11255
8384
7611
9021
9059
8031
8348
9474
8857
8266
8780
10376
8288
8061
9233
8374
8252
7585
8317
9439
8833
7319
8002
7441
8854
8091
8537
9040
8789
8931
8268
15215
9071
7832
9215
7890
7969
7759
8805
7542
10735
8648
8172
9463
7553
8110
9542
7894
8450
7354
8964
8777
8605
9138
9091
7654
8255
8345
8308
9713
8826
7712
10948
8524
9241
12999
7871
8594
9146
8761
8218
9030
8712
7552
9664
10940
8181
7733
9248
8730
9302
8326
8071
9400
9160
8768
7586
9555
8154
7380
9469
8798
8791
17171
8580
7555
8456
8323
7604
9072
9014
8159
8398
8304
7934
8214
7851
7787
8363
8997
8400
7758
8187
8991
8317
8952
9164
7503
7809
8743
9054
8574
8598
8043
9828
8504
9148
13600
8064
9097
10553
8358
9205
8379
7897
8406
7728
7603
8778
10061
8931
7570
7902
7904
8567
8194
8031
8965
9116
9229
8722
9249
8425
8182
7572
8069
8477
7870
8434
7579
8840
10241
9222
8568
9887
8891
8820
11940
8871
8937
8271
8213
7687
8218
8839
8225
8754
8856
8001
9567
7831
7652
8325
8062
7673
7849
8976
8614
8396
9209
8550
8895
12183
8127
8634
9170
8736
7594
8989
8271
7625
9177
7523
8906
9233
8411
8131
8113
9353
8087
8694
7784
8075
7824
7539
9230
11810
17161
8303
8865
10858
7840
9219
17850
14185
7661
7773
8495
7773
9206
8779
8835
9618
9393
8861
9228
8657
9141
8835
11466
10898
8504
7567
13634
9154
7751
7428
9439
8415
8958
8866
9069
8355
7441
8564
7846
8335
8354
7455
9529
8446
8282
7301
8066
9200
9017
7564
8387
8835
7776
9040
9207
7921
8405
8687
9265
9181
9856
7989
7956
11021
8854
7952
14241
7820
8536
10266
7815
8356
8514
8964
9026
8461
8299
8274
7656
8982
8367
12722
9630
9248
7360
10297
9046
8097
8292
8371
8417
15525
7686
7921
12149
8183
7815
9109
8553
8112
8259
7533
9050
8330
8051
7943
8272
8549
7476
7956
8554
7630
9329
8290
9999
7471
7793
9214
8705
11559
8802
8630
15067
8924
9029
8348
8083
8388
9212
9441
8957
7748
8083
9076
8973
8781
8075
7620
8037
8040
8032
8806
8607
8887
9578
10252
8575
12637
8191
9009
11242
9482
7574
7778
7452
9344
12926
8968
9438
7462
8516
8045
7491
8811
8808
8582
7815
8280
8352
9609
7668
8744
9030
8641
8342
11641
9152
9232
14046
8984
8409
7574
8272
9220
8995
8173
8666
8593
7387
8828
8362
8834
8757
7482
9564
8748
8432
9805
9278
9015
14015
7896
8239
11654
8014
8645
10629
8566
8889
7779
8566
9087
8566
8391
7791
8300
7963
9274
7761
8325
8923
7190
7571
7781
8946
8801
8507
8262
9861
8212
7801
13215
7905
9182
11565
8657
7577
8153
8295
8523
9630
8878
8877
7751
7799
8190
8830
7983
9176
7585
8214
8248
9194
8189
7635
8237
8775
8905
8860
10030
8435
7801
14174
8574
8209
11297
8393
8336
8641
8638
7420
9237
8776
8439
9626
8461
7653
8293
8939
8815
8205
8072
8350
9285
7522
8601
8244
7749
9179
8101
9250
8829
9014
9680
8591
8064
10989
7893
8887
16143
8357
9113
9502
7563
7626
8561
11185
8355
9542
7531
7904
7746
8715
9350
7519
17850
8042
7993
9880
7771
8392
9479
8466
8467
7862
8178
8194
8200
8477
8022
8650
8354
7583
9263
9035
8758
8235
8762
8577
8082
8666
8856
7599
7565
8724
8767
8328
7617
8727
7613
7534
9225
7769
8015
8897
8610
9256
7839
8169
7519
8642
7845
8351
7912
8837
9107
8692
9551
8342
7997
10366
8333
7912
13317
7491
7794
10054
7713
8700
8211
9089
7871
8844
8686
8921
8776
9051
9264
8108
7696
7373
7737
7589
8748
8939
8127
8358
7824
8029
8046
8997
8552
9440
8027
7777
9125
7553
8971
8136
9281
8117
7575
8969
11136
9015
9371
8749
9430
7760
9277
8082
8064
9562
8834
8885
8547
9408
8185
8448
9692
8943
8042
13125
8154
10451
9249
7788
7827
10815
8460
8141
9146
8394
8379
8314
9209
7819
8108
8328
8418
7979
10688
7889
7450
8441
8123
8129
8102
7544
8889
7508
9037
7589
7994
7574
7995
9441
8382
7722
8344
8161
8892
7334
7849
8807
8801
8848
9308
10666
8282
7527
14683
8047
7625
10838
8985
7414
9450
7415
9199
7504
8951
9000
7416
8616
7751
7998
8813
8373
7712
7622
8215
9132
8933
9229
8423
8846
8384
9186
8053
9206
8841
11274
9281
8141
14566
7679
7737
9549
10153
8005
8806
8912
7540
8974
7784
8039
8990
7820
7831
8576
7497
8620
7657
7906
8543
8297
7584
8906
7931
8538
9075
8844
7551
7986
8553
8277
8194
8041
9052
9113
10052
8415
9306
7605
8024
8542
9715
9981
8856
8476
15643
10520
8573
9054
7589
9048
8779
7390
7886
7757
8303
7711
8421
9107
8656
8796
8153
9292
7541
7654
7562
7830
9075
8752
7653
7621
8388
7574
8037
8295
9007
8964
9397
8156
9845
8441
7626
9610
8713
9077
12635
7974
8271
9322
8928
8117
9562
7761
7602
8184
9234
8794
9257
8207
8214
8434
7866
7933
8039
8231
8999
8432
8697
8525
8036
10082
8596
9235
7858
8724
7630
7609
9204
9517
8090
7818
8999
10724
8389
8165
14276
8885
8527
8410
8399
8438
9394
8235
9155
8614
8995
9131
8158
15828
9980
8820
14833
8929
8166
9381
9099
7790
8295
7630
8722
8293
8030
7553
8372
8569
8107
8449
8776
7757
8620
8274
8155
8523
7503
8469
7802
8102
7512
9030
8646
9220
7912
8875
8397
10897
9584
8077
8233
13106
7720
8853
10172
8865
8183
8516
7555
8098
10461
7995
7603
8196
7989
8378
8091
8249
8025
9134
7929
7810
8988
7673
9227
7815
8517
8033
9220
9195
8410
8592
8282
9195
8030
7629
9218
11303
8177
8777
17736
9326
7586
9316
7786
8928
8314
7914
9043
8812
8414
10808
9082
9466
7705
7830
14662
9198
8850
9937
8721
8995
9046
8394
8378
8305
9123
7693
8788
8394
7632
7789
8138
9006
7824
9076
9310
8728
8600
8610
9178
10280
8431
9187
12000
9582
7339
10443
8809
8053
9461
8914
9479
7688
8634
8032
7596
7757
8797
10769
7356
8515
8887
9441
9179
7580
8842
8818
9249
10522
9024
8383
12894
9138
17761
8429
9707
8642
9284
17192
9427
7506
9492
8636
8977
11424
8954
7734
7662
7979
8907
7814
7556
7790
7595
7996
8215
8394
8099
8153
8743
8092
8580
9215
8239
7570
8105
7984
8540
7704
8862
8850
7992
10951
7512
8601
11146
8124
7771
14407
7677
8199
9194
8752
21943
8931
12710
8435
8464
8168
8614
8904
8112
7746
9035
8610
9235
8128
8245
8595
8205
7801
8400
8832
9088
7913
9038
7916
7746
7948
8915
9789
8375
7975
10284
8352
7441
14198
8829
9374
8893
7810
7948
8405
8190
9097
9425
8734
7758
8444
8571
8089
8721
7887
7757
7601
8173
8102
7916
9194
9954
8304
7842
8504
7708
8543
9106
8025
8140
8373
9106
9351
7757
8822
10410
7630
8247
18266
7433
8207
9051
7761
8015
9862
8752
8882
8558
9434
7934
15225
13140
7605
9267
10277
7774
8798
14286
8450
8435
8717
8615
8779
9046
8088
8500
7922
9586
8618
8030
10021
8955
8130
14776
9180
8583
8497
8255
9143
8295
7848
8222
13753
9835
8850
8733
10534
8422
8430
9421
8041
8362
13384
7464
8444
7879
8317
9297
11829
9037
7358
7979
8901
209902
8922
13645
9180
8227
8882
8206
8515
9374
7566
8929
7623
8338
7882
9245
8876
8920
8600
8815
8528
8386
8364
7849
8230
8835
14765
15140
7764
8404
7802
8557
8003
8782
9126
9336
8407
7414
8852
8999
8456
7753
8270
7952
7613
8057
9609
8287
8943
8562
7558
7792
8008
8261
8600
8670
8248
8154
7424
9184
7794
8846
8856
8717
8267
8415
8832
7698
9251
9280
9379
7771
8727
14519
8295
7610
10455
8646
8111
9507
8818
8453
7866
8097
8345
9038
8092
7812
8193
7897
9107
7752
8167
8218
14035
8274
8139
7751
9552
8890
8925
7671
8203
8682
17232
7766
8958
9140
8788
7596
12252
9219
7776
8259
9239
8452
7554
7472
9047
7684
7562
8441
8287
9398
7729
7892
7828
8173
8070
9375
8221
8200
7812
8025
7809
7874
8470
8060
8103
9157
8797
8487
8219
7904
17655
8095
8676
8941
8377
9256
8038
8555
9520
8584
8823
8181
7534
9678
7651
7616
8798
8146
14605
14541
8168
8753
9680
7738
8357
13537
7899
9239
8255
10112
8733
7822
8544
8066
9148
8171
8241
9229
10398
7765
7935
16779
8528
7841
10304
7777
8211
7861
8070
8870
8009
9210
7585
7683
7917
7597
7992
8281
9012
9253
8097
9148
7246
8781
11049
8861
8409
8683
8183
9135
8366
7689
9972
8211
7754
9371
7728
9000
17626
8361
8595
9082
8554
7728
8967
9121
8307
9390
8652
7575
8621
7741
8215
8177
8640
7818
7806
8762
8092
8706
7502
20492
9405
8207
7989
7810
8784
8413
7491
11928
8615
8221
8874
9098
9261
8792
8636
8047
8196
7801
8594
7786
7879
7943
8835
9010
8254
8853
15579
7695
8637
10864
7623
8218
8320
9231
8728
7723
9203
7915
7594
8984
8733
9132
7980
7701
8973
8557
7738
8197
8134
8504
7652
8780
8064
8517
11309
9193
8260
9235
8847
8011
8633
7717
8799
8246
9292
7988
7571
9041
7608
9410
8015
7913
7512
7873
8312
7692
7815
8283
7605
7907
9242
8607
7956
8066
7969
9226
9261
7976
10229
8213
10241
13529
9138
8472
8570
9271
8013
8486
8606
8032
7849
9336
9087
8015
7969
8230
8372
8892
9087
8786
8070
9507
8664
8884
8993
8776
9710
7397
7604
11200
9351
9907
13035
8150
8616
9285
8399
8215
8133
8632
9267
8172
8456
9176
8317
8738
9569
7999
8643
8635
8017
9608
9257
8377
8261
7688
8548
10118
9017
8727
13678
8328
7989
9059
10069
8977
8969
11389
8158
8596
9242
9256
9973
13255
8571
8538
13256
8162
8615
8793
8089
7729
10264
7993
8431
8369
8265
8375
8405
8105
7587
7902
8016
7897
8250
8099
9061
8374
9334
8431
8807
7533
7816
7814
7867
9315
8442
8596
8772
7493
8241
8309
8981
8849
8805
8081
9035
8903
8357
14107
7932
7862
9440
8425
9200
9439
7611
8198
10260
7598
8093
8908
9584
7632
8404
10482
8638
8436
8487
8541
7815
8513
8124
7922
8507
8158
8706
9737
7519
8212
9124
8654
8683
14353
8491
8733
7666
8091
8482
9253
8541
9220
8717
7575
8766
8268
8093
8590
8678
8861
8338
8143
8323
7912
8225
8648
7748
7607
7841
8389
8206
9038
9276
8715
7430
9017
7874
8425
8249
8771
8936
8584
8877
10252
9191
7836
11826
9025
7851
12297
7814
8738
27856
12139
9121
8753
8955
9063
7775
8564
8138
8057
8579
8427
9227
8052
7550
7991
9029
8521
7710
7485
8073
8857
8000
7500
7976
9201
8838
8466
8731
9491
8478
7568
9844
7572
8030
15046
7650
7938
9999
8965
8153
7851
7850
8333
10081
8835
8009
9082
7894
9307
8131
9287
7799
9085
13472
7789
8584
8471
8534
8356
9435
9308
7948
10401
8256
9370
7667
7726
8253
8561
8451
9353
7531
8379
8396
7705
8109
9228
8533
9953
8182
8944
12490
7825
8815
11800
8031
8112
8505
7512
7896
9129
7908
8107
9430
7687
9277
7844
8260
8942
7851
8030
7568
8129
8385
7506
8383
8512
8900
8854
9121
8646
8861
9138
8212
8635
9352
8263
10434
10879
9045
8259
16642
8115
7532
9094
10112
8297
8312
8109
7756
13029
8445
8899
8136
8975
8584
8800
9320
7814
8655
13740
9174
9365
9483
8533
7394
9361
8374
8343
8194
8144
9344
7308
8216
8087
8411
7602
11070
8626
7594
8733
8316
10704
8530
8107
10104
8570
8846
13898
8899
8225
8524
8033
8256
7774
8633
7918
9025
8254
7734
7620
10468
7794
8853
8996
7731
8200
7584
9035
7601
8802
8789
7780
9166
7656
8892
8413
8769
10246
7889
8137
7708
9680
9181
8186
8627
7317
8102
9674
8491
9215
13507
7917
8939
10387
7528
8434
8474
9017
8317
7415
8767
8304
9031
7919
11553
8966
7422
8005
8825
8605
8624
7923
8641
8323
8267
8833
8258
8873
9928
7704
8681
17102
9110
7635
9843
8180
8020
8664
8405
8194
7954
8539
8256
8673
8868
8787
7994
8324
8024
8599
9407
8246
8371
10633
9101
8323
13801
9189
8265
8881
7777
9300
8462
7293
8026
9538
8909
8021
8422
8777
7588
9589
8587
8814
7974
9193
8248
7934
8384
8995
9042
18554
8684
7670
9215
8112
7921
10556
8923
8646
9289
7748
8420
8454
8414
8752
7267
8318
9617
8452
8558
7562
8176
7398
7873
7962
8388
17823
7950
13786
7445
9357
8025
8172
8871
8066
9200
8523
8944
8418
8205
9192
7773
7984
8656
7630
9162
8528
8964
8615
8071
8074
8695
7579
7453
8786
8364
12207
7953
7788
9839
7643
8246
9753
8887
7357
7658
7545
8489
8353
8251
7846
9367
8505
8288
8443
9102
9598
9115
8133
7988
7461
10309
8570
8349
10313
8779
9014
13853
8926
9420
7513
9143
7705
8627
8001
8278
8914
8362
8011
8715
7501
8492
9243
7953
8164
9470
8339
9018
8276
8647
7944
7331
8326
8758
8135
8075
9166
9038
7841
7755
8415
8267
8543
8024
8957
7712
7673
8706
7736
7573
8620
8302
7873
8287
8202
8411
8128
8296
9182
8635
8146
9044
8951
9239
10492
13889
7778
8416
7997
7793
8010
7812
7543
8412
8671
8000
9220
9374
8588
8857
7460
7533
8102
8008
8761
7760
9059
8197
8346
8004
9126
8980
7298
7970
8767
7659
8220
9215
8908
7469
7823
8979
7812
9118
7609
8165
8097
7530
7820
8164
8015
8964
8240
7574
7912
8117
8799
7851
7816
8496
7695
9075
7586
7779
7712
11814
14843
8143
8994
9054
8477
7492
8907
7821
8586
8758
7491
8728
8476
8054
8487
8302
8105
9021
8474
7774
7811
7702
8421
8862
8303
8672
7548
7999
9005
8854
8739
7915
8160
7573
8077
8473
8652
8430
7361
8590
9821
8222
8816
12808
8813
8794
10887
7974
8595
9485
9092
8075
7569
9280
8793
7336
8048
8676
8106
8697
8691
9080
8213
8091
7571
7848
9443
8717
7912
8080
7948
8683
7594
9179
8233
7873
8324
8799
8404
7775
8311
7926
9168
7752
7650
7589
8867
9147
7882
9562
8775
8194
12056
9049
8836
11252
8938
8707
8929
9245
9431
8236
8207
8215
7517
8857
7511
8051
8162
7618
9025
8715
8714
7830
8569
7420
7619
9093
8741
14106
10139
8318
8781
15975
8816
8761
10340
8409
9004
9260
7634
11505
9674
8322
8024
9480
11469
7737
8528
12647
9673
7934
15446
8653
7803
11649
8650
8620
9157
9126
8328
7718
7794
9026
8633
7710
8031
8607
7597
8010
8129
8640
8635
8786
10413
7379
268781
12121
9651
8005
9546
7971
8709
7526
7773
7735
8507
8528
8463
8717
7829
8382
9518
7633
8473
9311
8122
9080
7556
7793
9361
7611
8664
9280
8887
10249
7938
8958
11156
9195
8320
13197
7979
8174
8003
7704
8823
9425
8755
8154
9158
8901
7777
8942
8286
7536
7437
9023
8148
7629
7603
7995
8427
7837
8143
8133
8533
8071
7912
9227
8051
8788
8820
8532
8164
8043
8754
8435
8422
9109
8275
8060
7260
7715
8600
8867
8183
9462
9305
7897
9534
8641
9235
14538
8379
8183
9200
8537
7722
8722
7950
9020
8336
8220
8221
8184
8251
7601
9020
8773
7267
7976
7581
8444
8143
9208
7914
9101
8761
8432
8794
7822
8518
8370
8655
8635
7523
8301
8178
7928
8131
8861
7822
7450
8855
8706
7257
8605
7732
7663
8337
8266
8502
8320
8807
7579
7953
9077
7882
8938
8072
8270
7743
7988
10031
8317
8998
16166
8478
8052
11671
8153
7748
11973
7632
8333
8718
8926
7910
8955
9479
7553
8269
10004
8088
7568
10725
8506
8195
14388
9133
8536
8695
7702
8312
10036
8098
9153
8056
8220
8379
8778
8677
7571
8866
9161
7996
7534
8046
7344
8348
7801
8216
8798
8408
9239
7329
9330
8440
7945
8394
8358
7875
7433
8170
13246
10063
8298
7862
9255
8475
8308
14158
7815
7718
7868
9260
10978
9173
7567
8815
7787
8316
8778
8933
9200
7929
8816
8595
7465
9053
8994
8245
8136
10261
9621
7866
17709
8010
8141
10649
7601
8117
9143
8869
7785
9661
8086
8630
8368
8469
8014
9024
7748
7567
8225
8385
7962
58313
7477
8471
13438
8713
13670
9408
8942
9096
8293
8405
9460
8410
8143
9199
7602
7574
7494
9196
8306
8305
7914
7259
10021
8441
9333
7569
9224
8697
8277
9528
9049
7810
9354
7694
9116
17277
8194
9215
8612
8527
8171
8408
7989
8061
9623
8194
8369
7875
8301
7684
9762
8412
8071
8725
8612
7769
8269
8584
8605
8430
8743
8284
8974
8665
7954
8450
9074
8382
7296
8967
9332
8021
14542
8050
7525
10584
8306
7839
8334
9005
8617
8941
7858
7820
8472
7581
9851
8597
7723
9254
9117
8125
8876
8777
8830
8379
8580
9798
8198
7642
10266
8120
8056
10082
9356
8456
13075
8430
7936
9611
7772
8048
8400
8882
7808
8970
9128
8035
9134
8554
7631
8775
7413
8633
8511
8463
7629
8029
9338
7772
8733
9042
9140
7856
7723
8720
7928
8256
8924
8276
7573
7576
12941
9904
8948
8049
14067
9136
7948
7969
9579
7564
9489
7929
8326
8574
7616
7762
9216
9266
8010
8153
9479
8214
7339
7548
8702
9111
8025
8606
7796
7931
7581
8612
7593
8242
8446
8595
8173
8498
8965
9051
9432
7500
8898
8125
7605
8783
8093
9602
7576
7472
10807
7733
8861
17728
7738
7947
10439
8694
9238
8578
8423
9200
7708
8001
7599
8448
7994
7604
15969
8982
8244
8055
15659
8142
9199
14106
7347
8672
9138
7993
9988
9177
9234
7717
8853
14681
9081
8997
10836
9470
7241
8389
8742
8502
9159
9179
7862
8326
8646
8533
7764
23578
7826
7817
8424
8423
8017
8588
7651
8734
8067
7882
9620
9219
7791
8302
8069
8471
7440
8533
8035
8755
9089
8810
7788
8264
8276
8661
8696
8414
8041
8397
8076
8668
8721
10142
10843
7686
11301
8646
9164
12900
8037
8191
10300
8686
8516
9613
8863
8372
8499
8395
9157
7565
7705
9031
8179
12888
8151
8462
8314
7831
7815
10475
9261
7763
9187
9093
9768
8008
8395
8191
8156
8371
8076
8818
7856
9220
7568
8375
9077
7748
8209
7841
8398
8384
8215
9345
9116
7698
8179
8502
7591
7307
10256
8994
7902
14835
8623
9043
9463
8477
9147
8379
8820
8552
9210
8394
7773
8317
7733
8634
7538
7651
7586
8596
7810
8857
8676
8138
7800
8793
8564
7964
8727
8876
7559
8939
10265
8172
7671
12358
8882
7441
12251
7871
7644
8594
7982
8330
9235
7895
8094
8932
8918
10042
8824
7758
9054
8474
7914
8780
7319
9138
7779
8188
9256
9067
7779
8003
8901
7831
8641
9568
11078
18022
8457
8403
8593
9037
8898
7944
7957
7428
9015
7810
8800
8726
7895
7483
9523
9066
9058
8745
8798
8966
8396
8806
8394
8512
8608
9239
7755
14441
8281
7942
10847
8572
8269
9028
7438
7611
9391
8597
9368
8455
8656
8041
8206
8962
9454
9021
9106
8282
8313
9959
7946
8120
8900
9017
8170
14563
8124
7791
10651
9102
8402
8070
12046
8591
9031
7644
8725
8539
7753
8196
9023
8139
8497
8665
7960
8266
8969
9634
8891
7917
10277
8071
8354
14383
8580
7984
9001
8953
7788
8597
7634
8009
9577
7989
8697
8999
7598
8073
8462
8746
8773
9284
8673
8456
7556
8421
8327
8699
8600
7560
7914
9639
8796
7888
10582
8075
8184
16253
7847
9041
7888
8281
8493
11124
8083
7692
9356
8754
18546
7786
13871
8247
8161
8769
9052
8223
7990
8554
7452
8267
9329
8931
8753
7760
8143
7310
8866
8366
8250
7532
8425
8919
8076
8876
8284
9890
7616
8885
8112
8983
7899
8366
7837
8071
8329
8179
10394
9264
7676
9135
9945
8615
9211
14066
8271
8861
9204
7876
7305
9020
8740
9037
8106
12784
7689
8525
16625
9758
8651
7573
8225
7525
7812
8574
8009
15817
14101
7922
8117
10817
8977
8274
11862
7661
7956
8212
8405
8894
7471
7582
8591
8116
7894
8731
8415
8860
8793
8107
8549
8154
7616
7605
8159
8250
8290
7932
7955
7595
8196
8533
7569
9160
7989
8130
7818
8661
7854
7999
9066
8237
7709
9071
9632
8654
8639
11677
7782
8103
13867
8881
9251
8654
8809
7542
9489
8218
8596
9432
8286
8597
7582
9195
8696
7860
8701
8964
8290
8784
7974
13571
7645
8517
7831
15074
8202
8392
9036
7675
7718
11292
8061
7531
7971
7722
8539
8081
8304
7635
9085
8598
7490
8501
8746
7995
8813
8360
8674
9320
8162
8317
8174
8924
9067
8593
7720
7738
7955
8056
8339
7774
7853
8358
9225
9005
7276
7577
9283
8343
10727
10055
8171
7293
13456
9032
7696
14235
9651
8060
9114
7583
9162
11796
11035
7851
8542
12671
7579
8051
13223
8454
7748
9249
8617
7850
8531
8643
7729
8232
8398
7876
8778
7574
7595
8485
8295
9219
8750
8827
9109
9018
7553
8094
8131
8520
7936
8047
9073
8611
7627
8759
7384
9262
7732
8937
7697
8142
8050
8016
8111
8671
7570
8874
10056
7845
13142
9328
7951
11522
7793
8404
9025
8709
9059
8375
8545
7651
8059
8867
8830
9012
7628
9174
9160
8866
7610
7703
7883
8644
8987
8011
8291
8927
8424
9155
9179
9357
8909
7837
9394
9061
8848
30917
17253
8559
7804
8979
8109
8956
8811
11888
8416
7918
9166
7830
7564
8805
8227
7629
10053
9205
7693
14905
8896
8512
9470
8183
8860
8755
7806
7655
8223
9316
8137
9189
8452
8801
7458
7823
8779
8397
9116
7663
9459
8164
8282
9197
8671
8096
7940
9328
8845
8534
14557
7573
9215
8402
9292
7969
8072
7820
8490
9296
8555
8990
8942
7504
8621
9301
8338
8800
8414
7678
7544
9015
8877
7605
8928
11146
8357
8657
9856
8808
7987
13652
8572
8308
10837
8389
7907
9677
10530
8354
8466
8032
9204
8959
7633
8117
8238
7969
8158
8794
7932
8676
7997
8541
9013
8901
9626
8704
8666
10713
7892
8610
15382
8979
8394
8669
9072
8663
8561
8421
7966
8756
7644
7734
8994
8020
8634
7645
8305
8908
8013
8421
8056
8099
9076
8490
8955
8184
9270
7538
9231
8149
7757
10041
7684
8759
13608
9253
8105
10105
9620
7511
10453
8686
8102
8392
9409
8661
8153
7794
10810
8115
9016
8787
8264
10446
8846
9034
12019
49663
14640
9395
7707
7818
7483
7450
10410
8777
7389
9595
8320
8147
8104
8675
8997
8721
7948
8046
8456
9958
8417
8099
8693
8678
8030
8014
8271
8972
9893
8717
8657
13897
8034
8162
9573
8708
8412
8607
9061
8595
8993
8129
7527
7331
7994
8642
9400
9486
8817
12890
8867
9228
8814
12462
9397
7655
9278
7771
9243
9719
8601
7818
9781
8512
7347
8628
8256
7961
7610
8941
7805
8238
9052
8570
8166
8794
8075
9230
8522
8261
9214
8217
9255
8007
7922
7432
8758
8103
9216
7737
7670
8971
7902
7680
7594
8838
9063
8820
7655
9368
9054
8030
9663
9624
8380
13734
9224
7898
9325
7892
9505
8044
7614
8669
8948
8745
8793
8133
7954
8953
8282
8158
7766
7805
8030
8647
7711
8408
8891
8553
9020
8428
8292
8994
9009
9203
10834
9234
9232
12096
8832
7592
11159
8507
8954
8779
9037
8204
8788
7815
8815
8195
8057
8841
8114
8594
8410
8429
8457
8174
8240
9115
8111
8772
10356
7709
7608
9743
8288
9261
14456
8413
7746
11107
10084
7629
8833
8563
8967
8574
8478
8046
8170
7743
7851
9830
8333
8919
9119
8170
9250
7541
9638
8451
8251
9336
8792
9210
14050
9497
7753
9533
7698
9430
9240
8356
8524
7822
8255
8655
7956
8389
10878
7622
7823
8968
7835
7938
7628
8133
8175
8200
8946
8102
7574
8587
8702
7736
8030
9031
8046
8618
8104
7646
9173
9477
8637
7788
19857
8164
8165
8825
9133
9358
7849
8509
8913
8137
7734
7496
7996
7698
8779
8123
8576
8947
8504
8635
7601
7789
7970
8396
8838
8000
7576
8394
9432
9059
8905
7908
8639
8832
10402
9025
8338
14421
9314
8553
9524
8558
9254
7564
7380
7706
8183
8099
8299
8521
9003
7654
9271
7554
8191
8305
8149
8553
7760
7554
8187
8698
9210
7390
11105
8829
9236
8576
7784
7682
7807
9131
9457
7692
8934
8617
8736
13765
7920
7454
12438
9380
8270
10196
7635
7658
8788
8214
8544
8276
8544
8143
8237
10102
8850
9358
9114
8639
7569
9036
8098
9323
10338
8199
7731
14493
7591
9120
10578
7981
8834
8745
8292
8713
8616
7851
8939
8128
7768
7474
9010
9175
8161
8513
7820
7968
8647
9261
8595
8893
8911
8622
7648
9571
9228
8080
17448
7928
7779
9632
8061
8774
8846
8032
8577
8000
8235
7808
9131
8425
8869
8322
8101
8533
7671
8051
8200
8177
9176
8111
7769
8471
8210
7523
8779
8974
7770
7858
8707
8362
7995
9197
9199
10586
7548
8810
14931
8430
7898
10379
7717
7874
8761
9135
9267
7744
8013
8220
7935
8878
8646
8444
11043
9141
8037
9182
7845
7579
8586
7758
7627
7877
9099
8868
9424
8938
7641
9552
8690
8386
14580
9266
7579
8267
8966
9050
9300
8897
8760
8637
8164
9413
9080
8655
8152
8577
8396
7441
9047
8876
9239
9475
10317
8776
8302
16889
8081
8873
9972
8469
8700
8209
8853
8949
16485
12697
9041
7985
8352
8455
9100
10076
8151
8827
9094
8641
9917
8111
7796
7981
11544
9820
8760
8313
15778
9748
9256
8031
8985
7650
9168
8947
7945
7734
7709
7813
7596
8827
7527
8640
9302
8322
8648
7865
7549
8769
7634
9080
7564
9156
7903
7989
7670
7528
8823
7712
7666
8635
8034
8231
8999
8642
7548
8083
9190
9017
7574
9077
7902
7438
8878
8967
11031
9899
8097
9240
12563
7591
7952
9150
9038
8391
10875
8578
8595
9222
9067
8053
11829
9411
7439
8046
8666
8787
9012
9600
9102
8353
11931
8958
7634
13292
8073
8176
9146
9124
8456
7895
8903
7373
8294
8682
8210
9199
8692
7712
8691
8866
8632
9235
10846
8302
7839
9246
9278
8918
12764
7535
7647
10507
8536
8350
9062
7793
9025
7976
8815
8285
9437
8315
8144
8359
8307
9219
7952
8714
9199
10408
8103
7805
8888
7526
8438
9006
9613
9495
8456
14538
8583
7969
9415
8568
8416
10676
8904
7788
8354
8358
8865
8363
8616
8062
7601
8487
8811
9333
9015
7850
8774
7433
8078
7994
8497
7894
7369
7823
8442
8615
8206
7909
7451
7544
8247
8399
9055
8113
9136
9397
7704
9458
9502
8271
8423
11346
7537
7404
13778
8422
9369
8847
9478
8152
8608
8524
8901
9614
7618
7782
9018
8282
8631
8312
8453
8326
8353
7971
7773
8159
8282
9014
14869
18962
8738
7712
8225
8897
8853
7707
7741
9010
8198
9257
8041
8949
10698
8803
8825
14379
8144
7718
10749
7693
8764
10030
7990
8235
8198
8533
8981
7415
8413
7815
9054
8967
8592
8293
7360
7963
8784
8034
9276
8206
10655
8765
8350
9457
8606
8057
10590
9051
7702
12895
7934
9133
10633
8112
8257
7994
8820
9189
9198
8983
9066
8476
7769
9183
8587
9316
8482
8536
7971
7569
7934
8315
8415
8786
9570
7856
8235
8065
7937
9149
10851
8577
8568
13986
8423
7552
10121
8641
8224
8423
7870
9216
8537
9611
8503
7506
7651
7943
8136
9142
8649
8190
8819
8548
11420
8531
7587
7728
9538
8604
7528
8369
7567
8417
11160
8317
7728
15952
7931
8877
10288
7743
8024
8860
8017
7952
9701
8993
8162
8030
8410
8600
9202
8052
8757
9330
8477
7973
8085
9524
7878
8195
15240
7721
7750
13296
8933
7620
8392
8591
9154
7548
7619
8343
8449
7543
7646
9448
8737
7461
9056
8544
7505
8623
7953
8754
7671
7566
8317
8948
7581
7851
8368
7866
7625
8351
8010
7430
8785
7555
9045
7510
8052
8938
7504
7841
8976
8196
7413
8302
8234
8627
9057
9917
7769
9180
8671
10020
7982
8106
10382
8692
7713
13625
9266
8160
8845
8748
8400
8670
7320
8890
8570
9269
8984
7938
9056
8022
7935
8032
8103
8922
8766
8577
8664
8435
20010
8915
8572
7644
7542
8610
8648
7385
8792
7584
8020
7643
7852
7525
10223
7482
7873
10335
7915
8751
7990
7566
9715
9546
14972
9216
8373
9341
8728
8794
7512
12264
7815
8102
10007
7696
8226
9117
7840
8053
8000
8891
8814
19141
11323
8814
7985
8092
8548
8990
8435
8583
7769
9272
8173
7477
8980
8377
7706
7903
7838
10030
7659
7771
8228
8311
8010
7452
7621
8558
10438
7643
8516
8029
8547
7604
9011
8707
8171
7749
7989
7830
7563
7733
8371
8162
8204
7482
9014
7323
7794
7789
7946
7764
8302
8403
8134
8066
8620
8050
8001
8469
8177
8455
8279
8574
7919
9040
8499
8538
7424
9075
7908
7470
9343
7665
7628
8381
8543
8214
8570
9047
7703
8854
8461
8213
9164
8432
7953
7656
7990
8630
8413
9176
9510
8005
9471
7913
7583
9874
7538
8133
15194
7871
8064
10522
9221
7927
8144
8985
8964
9050
7679
8172
8625
7680
8348
7884
7892
9030
8097
7577
7728
8135
7772
8515
9371
8585
8619
7210
8820
7866
9169
7595
7886
14498
8810
8703
8472
13882
9022
7586
10072
7830
8055
10566
8289
8804
9098
8352
8831
7976
7789
8134
8155
9051
8814
8520
10310
8678
7944
9316
7984
7780
9431
8231
8939
10176
7719
7787
14466
8665
7854
10178
8112
8840
8666
8743
7432
8358
9247
8789
8216
8083
7718
8000
8459
8691
8715
8906
7793
8275
7564
7653
8967
8285
9279
8111
9035
8302
7522
8117
8708
14322
15833
7779
8620
11474
8293
8688
9645
8850
7741
9215
7566
8820
7995
8267
8263
7560
7774
7964
10071
8954
8924
7364
8349
8454
9035
8976
11635
8810
12603
7750
7577
9661
8948
8310
8107
9723
7794
7930
7605
8315
8097
8198
8532
7893
8472
7523
8140
7475
9117
9028
8530
7899
8153
8145
8106
8033
8396
7846
8849
7697
8631
8200
7497
8134
9348
8132
8382
9020
8078
7954
7655
10266
8358
8781
9360
8682
7737
14947
9313
7681
7745
8649
10102
7741
8203
8834
8233
8636
9034
8735
9264
10293
8697
8725
10600
8574
10430
9056
9623
11723
7896
7733
10574
7537
8071
9194
9153
8296
8569
7572
7931
7887
8022
9216
33202
7864
8511
8353
8015
7802
7986
7822
7851
9134
8533
9099
8597
7828
7578
8163
8579
7494
8041
8684
8398
8222
8365
10020
8142
8071
9787
8653
8212
13512
8122
8023
10133
10878
8339
8461
14489
7654
8923
9651
7727
7945
10110
8040
7659
8135
7813
8093
9564
8215
7352
8436
8977
8102
8490
8606
9145
7743
8789
9126
8690
8861
8785
8446
8690
9135
8479
9711
9121
8327
15847
8084
8856
8421
8659
9017
8405
7682
8284
9236
8158
9060
8413
8155
7771
8039
8785
9169
9138
10573
7974
8899
9587
8743
9300
13112
9152
7941
8563
8570
8377
8668
7816
8105
7852
8214
7542
8347
9261
9312
7966
8071
8306
8131
9000
8672
8802
8459
8184
7462
8794
10297
8683
10523
8888
7349
14929
7890
8307
10538
9222
7882
8015
8337
8937
8412
9210
9478
7543
8794
9280
9020
8092
8307
7722
8256
7292
8209
7876
7982
9219
7379
7579
8131
7981
9125
7610
8994
7453
8662
10722
7783
9125
13227
8925
8312
11674
7367
8647
10200
8242
7881
7287
9026
7739
9041
8929
8471
9037
8617
8041
9189
8691
9308
8377
8041
7899
9162
7914
7713
9359
8449
9661
8383
8835
8394
8853
9575
7889
7794
17203
8876
8593
8098
8011
9241
9565
8394
9447
7851
8605
8740
7279
8734
8507
8990
8774
9156
8624
10108
8787
7641
11614
9015
11498
8799
8718
9527
8553
9101
8130
7684
9876
7826
9036
7412
9269
7450
8115
9128
8424
8282
9154
8163
8682
8336
7851
7822
7532
7841
9164
9177
8814
10435
8343
7737
10344
7719
9043
14276
9644
7371
8891
7821
9208
8444
8153
9209
7345
8476
8584
14545
8324
9107
8671
11388
8340
9218
8395
9438
9484
10362
7985
8366
9565
7526
8158
9086
9018
7804
8048
9036
8261
25577
10999
8240
7480
8830
7882
8472
9039
7976
7929
8498
9223
9148
7585
7818
8201
7705
7953
8646
8051
8452
8252
7663
8302
8128
7481
8353
9570
9037
8682
8804
7856
9248
8755
9256
10423
7631
8413
14309
7737
7563
11320
8984
8298
8447
8537
8213
8053
9017
8598
7846
9276
10129
9012
8964
9413
7675
7771
9121
8791
7969
9099
9358
9380
8348
8996
12907
7768
8681
11582
8364
8271
9637
8513
7815
9071
7476
7530
7713
8964
9600
7865
8776
7660
8042
7665
9174
7590
8794
8423
8414
8635
7595
9015
8928
8374
8374
8625
8846
9241
10041
9151
7608
15563
7604
8080
12933
8289
8600
7906
9015
8465
9330
7926
8406
8641
8978
7570
8054
7830
8153
9497
7735
8011
7723
8415
8476
9109
8493
8975
8933
12333
7622
8995
12802
9214
7994
11042
8921
7862
8410
9077
8143
7960
7607
7766
7397
7609
7733
8164
8623
8333
8164
7508
8209
9049
9375
7911
7804
8257
8578
8588
9206
7623
7973
8097
8788
8652
9094
8875
8603
9837
8202
7793
8849
8579
8634
14111
7910
8539
10046
7741
7934
10553
8150
9241
8374
10364
9209
8841
8586
7825
8435
8060
8901
8918
8133
8615
8871
9691
7933
8325
9629
8479
8135
17188
8155
7894
8609
9165
8193
8894
8292
8825
7365
7804
9121
9112
8138
8819
7717
8380
8641
8196
8930
7897
7475
9296
8029
8432
9211
8375
8206
8858
7884
9008
10874
8624
9224
17620
7993
8379
8650
8187
7839
9696
7501
7800
7884
7605
17765
8493
14100
8480
7359
10794
9175
8664
9642
9528
8401
7873
8165
9046
7726
8051
7866
8468
8114
8503
8704
8096
8996
8717
8973
7672
8697
7801
7770
8926
12586
8683
7394
15130
9199
7850
8118
8500
8469
7566
8660
7905
8815
17953
8555
7714
10338
8117
9003
17271
8979
8159
10071
8046
7583
8576
8735
8982
8146
8778
8210
8126
8778
8368
9118
14098
7977
7813
12218
8061
8376
9653
7420
7871
9639
7889
8511
16419
12851
8913
9643
8658
8994
8393
8765
8597
8035
8027
7790
9049
8983
8600
8999
8471
8154
7610
8730
8618
8842
13527
13998
8661
8993
8127
9450
7641
8955
7907
8938
9152
8968
9225
8323
9041
7370
8545
8744
7781
9020
7825
9160
8407
8741
8415
8278
10207
8502
9304
16512
10783
7996
8867
7742
7951
8337
7549
8294
8818
7982
9193
7919
7752
7426
8318
9270
9697
8034
8236
9002
8407
8226
9223
7866
8377
7356
7528
8733
8431
8319
9458
8654
8076
9392
8220
8975
14190
9209
8362
8733
8684
8815
9535
7719
7748
10092
7235
8762
8273
8606
8902
8394
7892
8764
9226
8296
9128
8899
8153
8520
7953
8958
8421
7919
12168
11805
8683
11748
7971
8189
8969
8122
9072
9304
8087
7871
8214
8129
8184
7770
9001
8374
9440
8291
9038
8944
7641
7615
7490
7666
8290
9010
9075
7472
8335
8423
7915
8025
8206
8066
8663
8397
8764
8193
7624
8394
8190
8377
8768
8493
7798
8205
8227
10615
8914
7605
8383
8810
7819
9309
9293
8461
8533
7543
7743
7805
9569
8071
9696
10807
8946
8572
16734
8728
8475
7747
7794
8205
9204
8172
7659
8194
8183
9244
9016
8278
8815
8623
8856
8692
8487
8950
8989
8377
9247
8824
7810
8655
7954
8326
9703
7534
7770
11225
7671
8129
13197
8502
8480
10600
8896
9131
8824
8170
9228
7887
8384
9246
8971
9160
8564
8391
9385
8751
7933
14661
8301
8669
11148
9000
9030
8593
10698
8364
7632
9819
8197
7469
9006
7784
7517
9041
8361
8651
9271
8468
8482
8136
8866
7923
8295
9254
8094
9871
8036
8605
15077
9589
9044
9535
8114
9179
7533
9015
8594
8576
8975
8377
9118
8548
8632
7390
9081
7599
9147
9637
7451
7668
9129
7762
8760
11282
8136
7718
17030
9518
8389
8815
7837
7803
8579
7737
8216
8092
8525
8840
9438
8276
7531
9205
8632
9352
8333
8517
8049
8234
8255
7573
9364
10893
8383
7970
13998
10268
8783
9381
8623
8148
8257
7606
8591
9461
8615
9536
8297
7972
8974
7975
9246
8945
8635
8804
8292
8507
10047
9196
8062
11968
8388
8522
12646
9831
8574
9382
8320
7521
7964
8191
7949
7761
7821
7461
8638
8699
8479
8624
7756
7521
7751
8462
9908
9020
7961
8515
8036
7620
9099
7463
9151
9241
8190
8727
8576
8856
9459
8851
7915
13619
8512
8675
11621
7712
8829
7656
7887
8180
9164
8502
7769
10271
8063
8671
9015
7343
8020
8190
7649
7587
8348
8836
8679
8042
8933
8216
8341
7431
8323
7382
8548
8256
7837
7851
8195
8189
8623
8374
7793
9085
7810
7980
8988
9037
8887
8500
10868
8928
8456
9057
8163
9447
8034
9153
16788
7515
8955
8650
8155
9017
8810
8396
7741
9074
8314
8695
7641
7724
7636
8432
7805
9183
7968
9235
8657
7610
7815
8026
8225
8210
8492
7810
8074
8189
8425
9015
8444
8584
7420
8764
7665
8609
9236
8427
10237
7932
8068
14563
8557
9068
9199
8428
8313
9620
8584
8090
7956
7731
7454
8630
9531
8018
8817
7780
8112
9091
7892
8276
8755
7765
8575
9131
8565
8235
7998
8213
8997
7435
9328
7886
7472
7975
8471
8318
10033
9530
7712
14178
8152
8083
11092
8812
7933
8219
8094
8427
9042
8574
8120
8136
9284
7981
9031
8707
7580
7920
7471
8887
7374
9317
8835
9216
35837
15140
7611
8576
9473
7593
9172
9225
8221
8026
9103
8610
11049
8976
8273
7816
7564
7991
7998
8281
9194
8585
8645
9882
8644
8121
9059
9333
8573
13179
8898
7777
11097
9116
9276
12102
8168
9478
8443
8631
8365
7830
8323
8034
9401
8189
9036
8018
10284
7831
7985
7887
8880
9378
14700
7960
7603
8363
8481
9176
10211
8622
8406
9125
8363
7751
8495
7529
8810
11065
8531
7851
9208
9331
7841
8018
14007
9378
8504
14697
8350
9353
7811
7411
8917
8232
7568
8415
8897
8158
7361
8944
8066
8637
7560
8981
8841
8218
8608
9042
9110
10107
9245
8216
9400
8699
9424
14635
9280
8789
8386
7771
8697
9446
7591
7782
8886
8276
8544
7610
7738
9156
8595
9188
9462
7892
8167
8538
9235
8274
9006
8318
9759
7623
8328
7856
8149
8956
14980
8161
10299
9629
8848
8934
9737
9240
8307
8206
8294
8577
8425
7774
7791
7378
8009
9040
8810
9155
7403
7953
8005
8256
7572
7598
8827
8237
8747
7815
8313
9152
8652
9013
9338
9250
8428
14697
8431
8920
9128
7630
8692
10085
8851
8420
8742
8485
8425
7717
8988
8972
7984
8089
8011
8214
8512
8717
7749
7534
8107
8466
8695
8343
8887
8074
8887
8635
8975
8188
8672
9733
8214
7570
10353
9171
7839
17126
7607
7966
9684
7929
8648
8433
8215
9077
8614
8104
8659
9122
8324
7991
8497
9237
8782
8008
10087
7549
8292
8210
8307
8297
9607
8281
7890
11682
8579
8937
13687
8333
8656
9079
8519
8757
8518
9359
7903
7954
7861
9233
7977
8579
8194
7328
8102
7610
9275
8974
8195
9487
8580
8398
9025
10415
8084
8377
14477
8281
7749
10482
8752
8364
9755
8758
7639
9423
9353
7713
8325
8328
7781
7607
9050
8414
7815
12194
8256
9015
8038
8024
8392
9881
8676
7312
10162
7577
8369
14435
7789
7536
10385
8631
7845
9017
8235
8620
8371
7322
8506
8405
8331
7792
8789
8444
7390
8489
7782
8236
7800
9337
9268
8426
7647
8139
11615
8606
8682
8282
7700
8420
7594
8979
8801
7908
8078
7815
7594
9507
9068
8531
15485
8919
8315
8698
8511
8158
7780
7643
8837
7740
9035
9007
8098
9652
8582
9410
9258
7636
7783
10167
8696
8830
13933
8010
9401
9536
8789
8886
8249
8126
8276
8533
7588
8668
7751
8374
8179
7797
8181
8053
8594
7758
7731
8718
8038
7773
9123
9282
10853
7342
8289
7768
8200
8235
8208
9380
7890
8041
7985
8495
7887
9164
7387
8035
9158
9063
7830
8305
11126
8589
7975
14769
7907
8758
8497
8386
8003
8371
7649
8161
9131
8420
8217
7964
7439
7666
7992
8777
7682
8322
9349
8300
9809
8234
8391
7943
7832
8230
8543
8650
8420
8477
8572
7967
8816
7951
8656
9030
9255
8876
8050
10270
8861
7393
13921
9057
8322
10536
7618
8513
8733
8636
8133
8469
7682
8215
8225
7708
7588
8436
8012
7989
8194
8858
8619
8267
7689
9322
7444
8155
7621
8384
7579
8062
9406
7605
8998
9180
7829
8233
7850
9213
8071
7671
9025
9242
8523
7412
8415
8626
7645
7748
7961
7572
7458
9225
9225
9449
7765
9959
8492
7311
10115
8041
7801
17545
10913
8352
7671
7764
7751
10282
9015
8926
7656
8396
8082
7984
9477
9198
7567
9008
8517
8001
10355
8717
8381
13745
7781
7364
12933
8871
7982
8657
7730
9636
8200
7525
7975
8149
9087
7601
8014
8235
8133
7985
9156
8289
8661
7622
8053
8506
7471
8400
7768
8436
8148
8302
7938
8481
9194
8663
8168
9100
8396
9348
9333
7773
8853
8176
11400
8622
8311
11266
7572
8804
12153
8790
9810
7807
9160
8474
9137
8261
8410
8824
8564
8705
9069
7996
8547
7784
7946
7592
8733
8173
9239
7916
8672
8596
9260
8495
7743
8803
9651
7661
9140
17455
8856
7449
9928
7355
8589
8892
8411
8645
7611
8371
8068
9297
7550
8584
13547
7845
8225
8695
8290
8994
7754
8816
8661
8690
7770
7651
10568
8064
8592
7878
8185
8131
8630
8422
8384
8092
8141
8223
7375
9074
7548
7692
9168
8689
7780
7673
7748
7980
8794
7487
7388
8416
8186
9050
8422
8974
9538
8647
8742
7810
8599
9116
7593
8274
8192
8057
9750
9092
8215
16408
9214
8635
10043
7629
8146
9964
7796
9182
7939
8897
8996
8490
7851
8562
7730
7574
8328
8560
7805
7985
10041
9009
7932
8391
8236
9235
8160
9362
8409
7976
14497
9506
8156
8888
7501
8699
8769
7624
9456
8941
8024
7897
9885
7681
9560
8590
8820
8660
7609
8502
8031
8656
9278
8789
9189
7856
7593
7857
8468
9306
7533
8276
8197
9100
7920
7887
7629
9010
7470
8448
10237
7540
8006
10707
8600
8548
12734
7946
8335
9880
7953
8003
9478
7978
9338
7695
7948
7809
8473
9182
7394
8603
8825
8031
8593
7478
8005
8455
8374
9269
8223
8680
8564
9029
8596
8153
9186
8251
7753
8456
8842
8225
8516
9964
9492
9065
13830
8105
8235
10592
9163
7627
13452
8250
8798
8635
8494
9088
8535
7563
8384
8656
11066
8347
8438
18002
8244
7830
10559
8353
9146
8975
7927
8721
8655
8989
7962
8230
10695
9381
7500
9117
7877
9261
15256
8794
8843
10369
8889
7671
9181
7721
8752
8030
8755
8241
7634
9411
8227
8335
8133
8825
7787
8832
9059
9021
9034
7403
9135
8897
8855
9182
14798
38122
8169
7959
8474
9127
8897
9036
9712
7504
7631
8254
7818
7775
10015
8476
7712
8533
7579
8180
9917
9022
8606
12022
8064
8342
17816
8784
7739
8353
9652
9421
8827
10860
7769
8410
8777
8050
8244
14177
8490
8545
8537
8341
7532
8124
7681
9247
8946
8000
9226
8284
8216
8134
7815
9175
9459
8086
7981
8759
8398
9235
8212
7542
8569
8800
8191
8249
8386
9075
8161
9619
8494
9384
7602
9055
15074
7768
9078
8384
8585
9202
8439
8389
8303
9301
8303
8086
9097
8534
8026
7852
9262
9388
8994
9980
9195
8747
13437
9098
9138
8866
7935
9060
9400
8796
8415
8696
8199
9188
8715
7550
7441
8000
8830
8138
8694
7733
8727
7738
8837
9197
12527
18062
9070
8717
8778
9064
8166
16304
14369
7745
7588
10713
8405
8835
10407
7691
9317
9030
8664
7981
9035
8042
8907
8884
8528
8082
8931
11278
8512
7982
11406
7958
8425
12413
9323
8169
11753
8823
9226
7731
8845
8009
7581
8851
7493
8261
7923
8405
8151
8696
7561
7303
10446
8331
8213
8166
8215
8014
7579
8657
7603
9609
7502
9005
10759
7750
8507
9537
8959
9011
12491
7537
7897
10002
9369
9035
8037
9167
9065
8652
9193
9076
11914
9715
7803
8465
8949
8210
9060
9301
7729
9030
16534
8623
7616
9551
8710
8842
9833
8503
9961
7509
8986
8645
8447
18486
9119
8419
9917
9551
8942
9229
7625
9462
8163
8797
8499
7382
8751
8215
7791
8129
8174
8235
8169
8333
7434
8810
8839
7574
7654
9912
9551
7794
7759
8671
9882
7691
9248
9695
8272
8795
14026
8547
8614
7906
7939
7820
10193
9046
9051
8235
7771
8184
7189
8983
8950
8570
8089
7714
7478
8497
8421
9004
10223
8591
8644
8558
7473
8146
8639
8631
8817
8015
8262
8602
10962
8674
8882
16219
8578
9263
7953
8635
8076
9429
8403
7394
7777
7543
7571
9682
9574
8976
8117
9179
8616
7892
7573
8301
9159
7622
8753
7826
8190
8030
8710
7748
8137
8446
7553
8828
7784
8667
9395
8533
9024
8376
7613
10038
7681
8803
14100
7562
7615
11460
8354
7667
9620
8408
8208
9191
7568
8175
10661
7615
8774
7992
8884
8412
8542
8626
7600
8051
8317
8584
8330
8969
7534
8172
8459
8577
7974
8071
7917
7410
8994
8077
8302
8880
8149
8082
8937
8396
8685
10476
7841
9111
14285
7643
8366
8395
8970
8421
8258
8152
8604
8484
8668
8169
8143
9380
9088
7605
8985
7887
9121
8105
8305
7890
7698
7845
8364
9446
8276
8432
7691
8016
8074
9073
8091
9247
8266
8524
7509
8205
7979
8278
8692
7430
8044
8790
7909
8490
7858
8835
8666
8272
7947
7558
8679
8548
8595
8413
8445
8811
14799
7754
9260
9600
7594
8672
10041
8241
9118
8179
8512
7557
7882
8784
8330
7762
9680
8598
8261
8598
8218
8148
7974
8214
7460
7865
8118
8471
8337
8253
10771
8753
7903
8727
8820
9337
8147
12743
8978
8419
14335
7800
7550
11537
7977
9016
8014
8606
9115
8405
8661
8412
8844
8661
8999
7646
8056
8974
7458
9867
7735
8056
9948
9271
7982
13277
9130
8205
10269
9176
8725
8219
7409
9002
8025
8023
7699
8016
8635
7261
9481
7712
8394
9172
8202
8020
7358
9318
9230
7647
8810
9061
7861
8639
11648
8874
9214
7880
8163
14337
7391
7753
12236
8430
9222
8953
8702
8615
8030
8575
8415
8634
7957
7451
8995
8034
8597
8586
9085
8348
7897
7484
9874
8097
8796
9167
7669
7594
7383
8399
8233
8682
7951
7744
9086
7565
8246
8755
8639
18100
8125
8964
12892
8050
8664
8712
9214
8615
8004
9041
8200
9215
9831
8395
8256
10427
7892
8471
14223
8626
9198
7995
8584
7988
8756
9054
8821
9067
7604
8183
8841
8231
8318
8225
8445
8080
9208
8357
9155
8193
8831
9013
8123
10333
8000
8211
14785
8557
7614
10383
8097
8135
10723
9905
8358
8721
13758
7608
7961
11174
9040
8659
7785
7712
7915
8979
9248
7676
7791
7889
7727
8304
8715
8185
9020
8094
9323
8266
9075
9194
8587
9239
9223
7606
10716
7729
7566
8710
9019
8314
12969
8687
7869
13331
9210
8560
8891
8452
10073
7986
8799
8583
16102
13096
8314
9220
10269
9033
8230
9300
8776
8421
7993
8443
8485
8207
7592
8455
8768
9531
8138
9054
8598
8416
8164
8006
8455
7938
8394
7321
9235
7768
8195
7887
10600
8700
8294
13587
7782
8627
10832
8763
8777
8279
8957
8432
11564
8815
9048
8582
8547
8430
8326
7742
9507
8980
9088
7702
8296
10046
8010
8388
15092
8267
7380
9759
8935
8081
9061
8758
8197
7863
7610
9225
8962
8763
7904
14020
10912
8217
8036
17512
8652
7992
8302
7909
9159
8420
8853
8220
7622
8919
8633
9243
8872
8173
8929
7930
8162
7999
8942
9269
8588
10893
7847
9094
13958
8785
7830
8050
8834
8755
9103
7540
8465
9260
9312
8097
8700
8067
8914
9037
8843
8649
8763
8609
8017
8734
8086
7548
8052
8806
8594
8226
7660
9146
9222
10338
7756
8143
9584
8953
8618
12971
8547
8826
8827
8083
8746
8697
8946
7615
14073
8771
9341
9137
8391
7804
8496
8297
8123
8826
9656
7994
8678
13266
8692
7641
8615
7998
9564
8890
8225
8690
9148
8519
9110
8557
7665
11005
9021
9037
7584
7936
7654
7574
8130
8615
8085
9381
9825
8239
9097
11641
8437
7387
16259
8838
7935
9470
7437
9215
8976
8147
9268
7925
9286
7377
8463
8097
9380
7955
8531
8271
7365
9223
7560
8249
8984
8006
7779
9216
8535
8153
11048
7946
8955
14966
8473
8410
9040
8609
8895
9148
8052
7328
9291
8851
9030
8399
9022
8659
8528
9001
7788
9092
10928
8170
8425
9396
8993
7652
11948
8762
10770
9567
8425
8676
9005
8994
9247
7609
8689
8097
9260
7902
7775
9189
8161
9394
8205
9363
7620
9007
7971
7564
8844
8851
7717
8097
9580
8740
8235
9655
7480
8789
13696
9061
8394
8830
9141
8687
8791
7558
7585
8442
8348
9080
8290
8907
7692
8749
10094
8353
8039
8457
8166
9191
7870
7600
8661
9435
7797
19990
8355
7954
8394
7688
7687
8172
8883
8491
8592
7503
7600
8656
8264
9263
8105
8063
9262
7379
7780
8961
9158
8272
7716
9020
8538
9900
8939
8496
13961
8251
7925
8068
9536
8473
7589
8459
8346
9338
8386
8507
9158
8292
8378
8283
7733
7804
9014
9062
8662
8073
7343
9024
11153
8531
7980
8389
10064
7430
8032
9723
9243
8035
14791
9287
7396
10129
8445
8362
8454
8596
8824
8063
7770
8743
7676
9317
8492
8970
7635
8508
8953
8348
8107
8616
8958
8171
9102
8128
7666
7566
8584
8455
8166
8251
8376
8657
7856
8010
9158
7454
8397
8463
9639
8773
7405
8875
8535
9060
15011
10207
8605
8058
8521
9087
7895
7887
8672
8558
8400
8599
8810
32348
11279
8236
8635
7592
8031
8458
9866
8653
7919
8563
8515
8878
8986
11399
9132
8521
12716
7492
9559
7942
23443
8478
9420
7911
7474
9738
8005
10964
7705
8859
17650
7507
9594
11085
12502
8181
8683
9578
7414
9241
8355
9260
8637
7720
8511
8368
9652
8302
18413
7910
12385
9280
8401
8217
7573
7956
8423
8877
9900
7789
8833
7738
8605
9032
8030
7989
8162
8816
8995
7812
8720
7892
8147
8487
9908
8112
8253
8172
8584
8838
7769
8741
7851
8976
11073
7480
9153
17285
8215
8055
9621
9107
7394
8172
7860
7934
9199
161284
8406
8194
8194
8296
9283
12645
8651
8307
15782
8968
8722
8287
7488
9241
8098
9054
8288
8342
8685
8036
8106
7594
8747
8082
10367
7800
7612
8373
8523
7851
8798
9041
10130
9813
8858
7531
15222
8914
9198
8135
8583
8532
9016
7839
7615
9365
7997
7992
8395
8093
8953
8622
8569
8294
7726
8101
7929
9876
7627
8938
8251
9742
8215
9086
9172
9335
9010
14251
7605
8172
9456
7728
8193
11414
8875
8238
8493
9077
8051
7866
7379
8638
7790
9415
8695
8133
8892
8608
9881
7854
9517
7619
8006
9019
7800
7814
7800
7495
8410
8075
8989
8112
9064
7804
9012
8885
8095
13017
8027
9365
12208
7819
7564
9331
8415
8553
8107
8847
8920
8982
9761
8084
8240
16243
8365
8211
8836
8921
7592
8284
8857
7768
11371
8323
8329
7800
8391
7614
8351
8658
9091
9179
10888
8502
9098
13543
8376
8619
11528
8842
7581
8276
8073
9328
8589
7390
8880
7980
8656
9041
8533
8219
8833
8630
7621
8555
7581
8115
9246
7931
7636
8630
8962
7632
8989
9048
9058
9148
8637
13425
8462
8131
10225
7592
8717
7991
8361
8712
8210
8264
7692
9713
8375
9092
7574
9226
8162
8401
9229
7723
8414
7791
9152
8803
8179
9254
7988
8481
8832
8681
10327
7359
9233
10077
8594
8143
15608
7851
8051
8715
8613
7685
7910
8189
8837
8307
8512
8938
7994
8256
8298
7656
7609
9210
8396
8430
9216
7364
7969
7444
9020
9166
8171
26410
9055
7573
7585
8017
9419
8939
7835
7626
9108
8308
9129
9284
8738
8108
7823
8262
8490
8433
8196
8810
9155
8570
7524
8399
8400
10059
9341
8728
13692
7647
8359
11085
8642
8861
8804
8031
11049
9447
8265
8151
8410
8075
7374
8234
10246
8604
9504
10145
9400
7343
14192
8071
7612
9588
8182
8461
8773
9000
7634
8565
8051
8281
8338
8336
9033
8916
8703
8920
8136
7832
7827
9096
8896
7746
8955
8132
8133
8589
8189
9097
8609
10003
8558
8175
10372
8477
8212
17289
7940
7967
9338
8349
7569
8554
9097
8392
8203
7668
8420
8854
11594
8648
7658
7710
8095
8574
8579
7835
8295
8820
9820
7615
8921
8555
8391
10295
7954
7933
14374
8220
8828
8732
11115
8495
7777
8707
7853
8452
9339
8153
8186
7592
9162
8899
8597
8235
8418
8035
8091
9305
7808
9575
8937
8665
8176
8675
12242
8210
7785
13646
8902
8057
9289
7750
9038
8022
8241
7531
9008
8714
8288
8594
9394
8846
8270
7810
9050
8247
9965
9215
7887
14761
8196
8338
10119
7889
8220
8892
16762
7928
9276
8047
7892
8000
15969
9240
9076
8075
12654
9454
8996
11505
7777
9515
8361
9394
8628
8192
7886
7610
8236
7754
8666
8169
8866
7923
8601
8709
8521
8635
8865
8776
9300
7443
7591
8527
9138
8558
8537
10477
7519
7585
9574
9061
8430
13919
7657
8956
11174
9432
9080
7975
8265
8246
8817
8698
8805
8997
7777
7634
8647
8748
8332
8310
8426
9877
7912
10385
8506
7893
9767
8439
9128
13683
8794
8097
9077
8765
7848
14103
9382
8593
8174
8532
8419
9030
9046
7600
8765
10500
8254
9190
17057
8891
7760
8540
7751
7793
8776
8192
7478
8974
8392
8799
8554
8020
10342
7859
7584
7723
9078
9299
10694
8874
14825
8258
7996
11266
7583
7994
9283
7757
8718
8067
8723
8837
7582
8634
8837
7500
7852
7974
7843
8839
7929
7851
9279
7937
8625
8020
8391
7481
8851
7797
8838
7662
8739
7843
7730
8505
7953
7769
8641
9021
8665
7315
7626
7662
8796
7587
7990
7702
7426
7748
8008
8629
9057
8184
8937
7796
8051
9158
8472
8558
7964
7865
9685
8144
8221
8307
7805
7780
8225
8795
7789
8105
7879
8395
8635
8065
7758
8246
8584
8711
8112
8317
8974
9198
8208
8904
8090
9318
9960
7938
8417
14569
8816
8915
9820
8727
8627
8207
8286
8287
9110
8033
7416
8534
7885
8811
8815
7833
8832
8174
9229
9028
7974
7851
10609
8529
10414
8534
8555
14248
8741
7808
8799
8415
9282
8337
10605
9019
8192
8744
8699
7564
9027
9241
8765
7742
8848
7513
7653
8644
8998
9710
7331
7582
10132
8929
8176
17808
9245
7574
9884
9154
8672
7995
8474
7808
8364
8259
7813
8494
8557
8979
8297
7964
8178
8096
8974
8615
7990
9454
8875
8929
11412
9431
8492
9240
8836
8564
8411
8622
8628
8997
8869
7738
8266
8560
9067
8658
9696
8758
9892
13294
8757
8291
10545
8588
9097
7547
7740
8738
9074
8947
8697
7635
9739
7794
8777
8098
7711
7519
7828
9112
8679
8138
7700
9028
8436
7796
8782
8763
8296
9027
9169
9045
7683
10395
7981
8577
14296
9047
8802
7442
8127
8032
8007
8114
8656
9033
7450
7742
8102
8170
9028
7997
8112
7809
9983
8538
8489
9316
8446
9431
7687
8174
10525
8871
7909
9407
8635
7501
9055
8545
9296
8394
8365
9849
7684
7585
13133
9102
7490
13123
8136
7695
9035
9170
8473
9347
7654
8184
8312
8723
7502
8473
8205
8044
9389
8331
7945
8078
7572
18394
8045
12904
7425
9212
8774
8584
8577
8725
9160
8000
8328
7917
9087
8941
7585
7635
7923
8851
9241
8176
7663
8620
8041
7521
7589
8845
11431
9436
7750
7795
8504
8132
10107
8119
8003
8740
7648
8036
8451
8876
11116
13185
7957
8109
9213
8007
8434
8793
9132
8020
8111
7712
7883
9509
8811
8333
8641
8334
9300
9032
9769
7813
8476
9338
7758
7502
10475
8707
8307
17778
8641
9296
8056
9218
9408
8406
8715
8833
8615
10699
8848
9157
13834
8756
7907
10271
8809
7783
9637
8343
9050
8855
8233
7619
15144
9378
7643
9058
12615
7784
7530
11997
8117
7835
10143
7915
9455
7676
8730
9229
7579
8654
8010
14014
9530
8319
7799
9241
9213
7831
7938
8868
8415
14419
8081
8598
10352
7726
8990
10887
8353
8029
8455
8286
8299
9161
8602
8514
8160
8838
7764
8589
9984
8047
8435
9553
9292
8995
16766
8009
7591
10020
8136
7708
10849
7702
7596
8815
8005
7538
8139
8924
8031
7574
8171
7615
8172
7859
8386
9601
9066
8358
7711
8568
7705
8390
8815
8841
7350
7855
8565
11500
9118
8800
8381
10182
8686
8414
7980
8039
7969
13551
7922
7754
8846
8468
8616
11184
8184
8594
8020
9006
8286
9200
8464
9193
8418
9270
7909
8265
7784
8048
8008
7978
7795
9025
8258
8375
10893
11493
7821
7542
13718
7994
8697
9516
9717
8355
9338
8902
8721
8489
8735
9164
8237
8842
8719
8897
7613
8125
7584
7902
7958
7573
8370
8397
8076
8639
7695
8379
9210
8798
8010
10042
8953
8515
9119
7756
9415
13849
7668
7612
11317
7627
8271
9158
9140
7570
9357
7672
8675
7874
7603
8968
7753
8230
8871
7575
9107
7801
8499
7794
9637
8587
8933
8638
7820
8330
7394
8410
9062
7591
21508
8639
8862
8594
8370
8763
8696
8406
8130
8506
9268
8809
8528
7855
9054
7914
8407
7943
9326
7811
9281
9020
7796
10011
8112
8533
11979
9035
9005
11136
10262
8910
9095
8573
9474
8885
7371
9461
8943
7510
8314
8632
8967
8613
7675
8025
8435
8671
7980
8855
8558
8817
7451
7832
10276
8573
8753
14129
8035
8025
10517
9233
8195
9632
7779
7905
9377
8258
8143
8556
9328
7752
8851
8133
7641
9220
7381
9041
8654
9183
8374
7838
8916
7290
7651
7513
8354
8673
8507
8237
7881
9251
7522
9061
8587
8398
7804
8866
8524
8806
10460
8335
8952
16376
7921
7671
9257
7528
8824
10665
8608
8581
7712
8144
9142
8170
8128
8358
8810
8652
8235
8114
8798
8028
8374
8132
9100
8405
10705
8781
8393
13538
8107
8516
10296
7813
8292
8743
9248
8231
8815
9114
9174
8544
7579
8995
8307
7738
8697
7763
9179
7835
8841
7631
9329
7690
8473
8431
8341
8630
8418
8253
7522
8297
13224
28129
15047
8614
9087
8165
7684
8276
9369
7793
8943
8078
8323
8112
9217
7840
7940
7894
10702
8964
8262
7553
8145
9239
9129
9296
8916
10102
7997
8840
9847
8894
8874
17059
12284
8385
8160
8395
8818
9315
8885
7265
7805
7959
8821
7824
10266
7931
8205
10179
8454
7787
13415
8708
8753
8256
7731
7512
10578
8031
8483
9950
8272
9215
8851
9458
8726
8719
7810
7958
8025
9184
9095
8033
8334
7800
8499
9253
9000
8196
10016
8937
10414
14053
9544
8695
8289
9377
7635
10048
8608
8562
8457
9389
7858
8200
7497
7915
7486
8698
8075
9005
8221
7886
7942
8373
7789
9027
7535
7420
8691
8197
7702
7630
8705
7936
7971
7735
8071
8390
8633
8102
7769
8033
8037
7577
9235
7650
8135
26120
7896
8777
8454
8694
8751
8896
8300
7922
8244
9055
8789
8005
7835
9401
8374
8430
9205
7446
9639
7842
9351
16616
8106
7430
10358
8898
8031
9242
8558
7994
9213
8656
8141
7466
8736
8400
9189
8618
8782
8553
10418
8891
7187
8917
7812
9193
12472
9421
8497
10004
8807
8273
8215
8122
7324
8710
7435
7743
8838
7585
8894
8479
8220
8571
9635
8374
8386
8697
7850
8373
7813
8184
8613
8024
9010
7985
9369
8630
7793
9382
9808
7907
7533
8892
8753
7569
8184
8415
8205
8663
8146
8215
9441
7822
7969
8194
8545
9574
14684
7933
9035
9338
8117
8109
8876
9243
8657
8983
9490
7892
7896
9389
7862
8464
8819
8324
8725
8235
8884
8065
8637
8891
7688
9089
8859
8812
10266
8113
8646
13765
7752
8092
10907
8495
7835
8779
8754
7560
7884
9150
7996
8184
9276
7699
10333
8140
7856
8585
8517
8121
7329
9362
9526
8131
8579
8051
9069
8697
8976
8693
9113
8161
8880
8364
7978
8343
17456
8292
7653
10171
9133
8202
8208
8117
8754
8709
9379
7933
8262
8374
8409
8643
10236
8742
8456
9807
8116
8635
13856
9063
7597
10911
7758
8413
8522
8950
8529
7837
8146
8424
7561
8425
8889
7535
8049
8474
7872
7977
9568
9175
9201
8497
7963
7594
8865
8919
7801
7917
7494
7856
8011
7594
8451
9220
8707
7666
7894
8317
8549
8813
8857
8996
7789
8030
9244
8471
8132
13949
9076
8269
11600
8636
7800
8491
8016
8176
9050
9241
9215
8011
9014
11099
8172
8809
9500
9215
10048
8584
8196
14017
7820
7743
9954
8306
7584
9255
7673
7560
9411
8124
8517
9399
9444
7753
8403
7860
7872
8695
9100
8322
8730
9239
8630
8196
8007
7981
7328
7870
7514
8938
7722
8471
24187
7984
7601
9139
9497
8897
8850
8195
7372
7861
7815
8945
9692
9037
8446
7406
9498
7679
8830
8471
8398
8710
7780
7612
8208
7975
7804
9062
8478
8837
8268
9077
10022
9271
7384
13519
8727
8280
8805
9016
7610
8605
8212
7367
11648
8808
8704
8272
7583
8996
7897
7692
8039
8456
11561
7973
7912
8533
8532
8032
9143
8030
7474
7861
9073
8153
8208
9002
8048
8019
7867
8917
9267
7666
7742
8639
8925
8329
8831
8125
8782
7699
7953
7332
7546
8141
8900
8770
9337
8269
7885
9337
8101
8977
8425
7812
8845
10398
7591
7829
9738
9290
8112
16625
7633
8574
8404
8060
11256
8465
8796
7375
8245
8963
8320
8939
8941
9158
7272
10534
8344
8451
13354
8306
7753
11306
8084
8513
8593
7885
8594
8110
8717
8677
9194
8463
8585
7713
8901
8784
8256
8584
9021
7781
7569
9102
8163
7951
8010
8759
9006
8839
8488
7972
9205
8253
7953
8455
7291
8746
9046
7673
9474
8259
8598
13074
8890
8297
12125
8168
8735
8927
11071
8377
8543
8738
8214
8549
8477
8121
8038
9001
8210
8013
8117
9007
7485
8828
7918
8340
7856
8423
8993
8800
8194
7550
8899
7592
7738
9641
9301
9394
13879
7983
8840
8833
9319
8560
9104
7562
9236
7895
7599
9281
9638
14802
9041
9141
17248
7470
8351
10690
8534
7642
9974
9158
8551
9039
7663
8399
7799
9060
9015
8647
8259
7589
14770
12200
8286
8103
8887
8965
8707
11132
9194
8608
8296
8157
8346
8616
9200
7682
11621
10092
8390
8687
13276
9321
9246
7368
8830
8383
8611
9419
8918
8544
7786
8348
8465
8053
7800
9235
9220
7372
7769
8388
8454
7487
9102
8306
7928
8644
9013
7691
9198
8408
7748
7904
8147
9244
10842
7984
9311
30435
13220
8287
7846
10482
7525
8876
10723
8046
7668
7971
8292
9138
8651
8107
8475
9313
7973
9211
8758
8972
8585
7704
9877
8956
9113
10964
7974
8882
12702
9199
7613
12973
8553
8671
9037
9599
9282
8215
9486
7873
8966
10694
8472
9204
13471
8921
7719
12005
9119
8426
7728
7629
9261
9800
8717
8079
8392
8092
7531
7861
9097
7743
8599
7569
8460
8348
8474
8764
7452
9365
8299
8466
9840
8071
8235
8656
9321
8158
17378
9543
8535
8466
7625
8564
8392
7787
9271
9431
8444
8605
8186
8868
7938
7854
8286
7771
8358
8348
7576
8010
8163
8779
8224
7558
8276
7951
8728
9379
7787
7615
8082
8047
8470
8770
7715
8420
8678
8545
8210
8660
8907
10489
8516
8641
14323
9363
9389
8912
7850
7639
9517
8528
8277
8009
10484
8056
8425
8874
7410
8037
7534
8880
8902
8638
8270
7938
9174
7650
8406
7873
8338
9000
8182
8621
8415
7953
7958
8658
9943
8139
9118
13486
8633
8215
10476
9176
9398
8325
9297
8311
8294
8282
7759
9398
7481
8787
9765
8088
8659
7826
8030
9469
8042
8615
7921
7425
9288
7692
8789
9820
8092
7556
8547
8088
9010
15723
8415
8277
10440
8429
8555
9142
8026
8057
8778
8738
8467
8291
8555
8834
8860
7329
8639
7803
9436
8456
8530
8420
8324
8478
8748
9029
7758
13107
8568
7639
8746
8912
8472
8527
8354
7841
8266
8705
8497
8860
8846
8816
8164
8503
7986
8740
8425
7816
8601
8876
8113
9087
8599
8605
8430
14911
8174
8292
12448
8441
8753
8189
8220
7806
8652
8564
9620
8010
8615
7763
8663
8553
9308
7616
8156
7782
8406
8079
8435
9014
10050
7541
10106
10075
7706
8577
13131
7986
7682
10664
8558
8666
7955
8656
9364
9268
22328
8041
8369
11485
8953
8304
8753
7922
8683
8805
8416
8671
8368
8035
9362
7457
8548
8459
8174
8203
8297
8930
8346
9340
8164
9219
7716
8675
8767
7783
8866
7821
7832
8384
11879
9329
7743
17372
8695
8715
8235
9985
10463
8327
8347
7974
7887
8757
8610
8657
7403
7733
8979
10382
9003
8673
14071
7883
7749
11291
8994
7830
8333
7579
8071
7746
9120
8428
8111
7574
7876
9413
8223
8511
8710
9177
8151
9242
8184
8878
8647
8693
7974
8265
9485
8753
8626
9507
8336
11269
12501
8856
7835
10928
8882
8892
8564
7861
11146
9123
8410
8196
7809
8428
7718
7641
9030
7601
7470
8717
8315
7420
7598
9072
8915
8324
7435
7592
8240
9248
8351
8025
8876
7608
9291
8091
14635
12786
8133
7856
9441
7577
7989
9678
8790
8451
8157
7792
8654
8061
7911
8282
8011
8823
7753
8834
9250
8010
8611
8370
9180
8101
8581
9010
7996
8114
9367
8343
7678
9350
8708
10030
9651
8687
8007
7931
8040
15165
7721
8757
9078
8107
8033
8080
8775
9201
8051
9153
8274
8564
7989
8257
8740
8192
8913
8039
8491
8082
8508
9216
7995
8187
9605
7497
8980
8521
7936
8827
11288
7728
8413
12475
8836
9299
9187
7298
8150
9141
7655
8186
8424
8441
7375
8607
8675
8978
8744
7995
9240
7369
7874
8618
7758
8315
9269
13986
12482
8896
8266
12068
8504
8516
8043
8594
8591
8595
8692
8091
8305
7718
8630
8902
9425
8110
8800
8009
8748
8502
7615
8377
8678
8648
7353
9330
8193
8014
8666
9763
9007
8347
8752
7982
8835
13692
9390
8060
9704
9205
7371
8558
8702
8172
9492
8175
8605
8152
7814
9224
8430
8455
8034
8217
9008
7954
8997
9236
8869
7251
8761
9444
11613
17532
9392
21543
7642
14568
7936
9038
10097
8725
8800
8523
8775
7768
7776
8393
8133
7833
7794
7507
8440
9133
7651
8124
8324
7973
8729
9502
8397
7747
8908
9102
8217
8934
8003
8511
8488
7974
7891
7520
8815
8349
10574
8619
8334
15243
7815
9236
9351
9011
7669
9014
8311
8136
7802
8180
9179
9092
7990
9199
7558
8235
7907
7860
9416
8785
8760
7638
8776
9097
8168
8280
8514
7958
7928
7705
8769
8282
9151
7789
8243
8095
9482
7799
7594
7582
8511
8856
9305
8999
8538
8853
9063
8581
8553
8121
8175
8361
9163
9289
7387
8156
8050
8607
8340
8880
8778
8358
7661
8115
9219
9069
7683
10461
7692
8355
13483
8303
8387
9461
8369
8476
9865
9271
8940
9241
7891
9144
9821
8102
8623
8461
8835
8433
8375
8816
7680
8241
9618
8480
8552
14400
9220
8847
9486
8860
7625
8250
9492
9086
8115
8529
8646
8376
8161
8038
8433
7823
9234
7852
7692
8482
8212
7631
9534
9128
8956
9215
8277
7475
8739
8456
10664
8463
8524
14249
8613
8399
10258
7951
8916
9087
8554
7790
9416
7913
8675
8132
7579
7737
9236
8013
10606
8813
7681
7801
8353
8377
7815
8807
9122
8456
8496
8043
9217
9023
10421
8395
8416
11639
8569
8850
13803
8929
8755
7491
8156
8392
9282
7690
8650
8880
8038
8800
8729
8815
8433
8826
8548
7838
8031
8192
8010
7968
9209
8081
8354
10109
7552
7712
8842
8060
9148
9203
8054
8469
15501
7593
8065
10332
8599
7611
7871
8572
9591
7519
11626
8810
8969
7738
8155
9115
7925
8881
8773
9680
7631
8841
10232
7977
7585
14121
9452
8135
9394
8902
8338
9068
7802
7986
8594
8829
7738
7705
8746
7624
7856
8192
8390
9020
7600
8784
7758
7752
8524
9619
26402
8442
9129
8671
8335
8276
8182
8484
8387
8159
8498
8262
8522
8087
9153
20733
10941
8168
8458
8312
7762
8861
8039
9235
11768
14094
14184
9389
7780
9231
8537
8973
10832
8805
8228
8035
7630
8635
9179
9009
8637
11512
8555
7447
7992
8882
8114
8246
8950
7843
7779
10561
7809
7988
15077
8514
8612
8087
7991
8131
8645
8774
7772
7867
8170
7925
7702
8215
9384
8051
8215
8122
8821
8385
7804
8598
8301
9163
8132
8235
9468
8816
9121
8251
9135
9348
8666
7952
13167
7723
7326
11288
8106
7886
7882
8174
7991
8958
7971
8812
15120
10949
9198
7943
13604
9329
7791
12316
9197
7997
8174
8276
7951
8871
8776
9005
9578
7960
8674
9476
8650
7935
8052
9555
8358
7721
11709
9106
8696
12727
8013
7790
8960
7716
8749
9051
7925
8038
8097
8538
8217
9294
8431
8172
8180
7656
8209
8008
7833
8115
8221
7382
10152
7797
7687
9246
8415
7502
7712
8210
7805
7738
7809
8247
8813
8104
8679
9447
9058
9730
9081
7769
8474
9339
8716
8812
7586
9343
14743
8519
8975
8515
7906
7718
12692
7605
8193
9398
7656
7968
8019
7779
7859
7349
8979
7509
9130
8818
8261
7523
7684
8129
8706
7983
7635
8527
7861
7709
7836
7843
8028
9160
8194
7850
9166
7871
11502
8266
7604
8404
8335
7865
7662
7969
9415
8851
7227
8418
8661
7728
7887
8205
8078
7917
8336
7518
7567
7781
9277
8430
7809
8188
8978
7469
7707
8383
9095
7605
9370
8550
9030
11134
9682
7855
15297
8497
9003
8158
7555
8296
9636
8403
8972
8660
8002
7541
8941
8143
8225
9200
8737
8860
8037
8128
8077
8981
8505
7497
8169
9461
9400
8186
10320
7819
9160
14774
8779
8359
8289
8860
8851
9184
8479
25252
7966
9588
7888
8610
8879
8646
8336
7823
9247
7865
9360
8548
8514
7600
8636
7789
9111
8466
8375
7750
8039
7962
8068
8743
8654
8646
7750
7429
7464
7473
8940
8111
8871
8044
8586
8010
8452
8765
7697
9074
7631
9005
8299
8876
9792
9028
7573
8894
8099
9150
14670
7710
7748
9394
15137
8171
8393
10888
8148
8212
7820
7659
8206
8743
9232
8206
8035
7902
7762
9394
9081
8405
7970
8657
7759
8056
7750
9118
7888
8061
8870
7732
7861
7867
8574
9313
7894
8792
10464
7884
8818
15246
9227
8313
8021
9005
8087
9406
9383
7870
8623
8548
7732
8384
8150
8074
7605
8232
7328
8803
7697
8150
7623
9027
10069
8197
9123
7437
9052
8148
7948
8096
8577
8255
7982
9325
9421
7573
7767
8051
8055
8943
7892
7548
8379
8446
8396
8074
7933
9225
9641
8615
9041
12679
7974
8481
12123
8235
7651
9042
7853
8207
8998
8430
8105
7857
8742
7454
8027
8777
7846
8757
10370
8255
8141
7608
7577
9035
9577
8056
7631
7387
9226
8950
9783
8937
7438
10985
10756
8159
13076
24459
9259
8688
8676
14420
9233
8863
10472
8477
8835
7683
8668
8266
8343
8456
7861
8593
8064
8568
7872
9083
8011
8217
8535
8235
8223
8411
7994
8871
8391
8612
7602
7991
9153
9206
8435
8128
8431
8195
8686
7545
9870
8216
9071
12089
7807
9046
12249
9446
8076
8883
8615
8689
8002
8508
8159
9288
8008
10104
7833
7938
10738
7569
9241
7539
8426
8528
8897
8136
9267
8431
8499
10221
8934
8328
12749
8113
8691
10853
7492
8259
9008
8757
9147
8312
8148
7902
8128
10624
9070
7953
16609
9043
7618
11051
8902
8079
19872
12084
8610
8153
8440
8173
7689
8876
7601
7794
8697
8275
8507
8861
9248
7492
8260
7770
9195
7601
8823
8692
8192
8643
8779
9746
9016
8662
9722
14002
8538
8759
8513
14192
8160
8997
8489
8635
7921
22994
17167
7694
7582
9210
7997
8692
8430
8495
7600
8995
7382
8023
8428
8302
7733
10051
8256
7731
8452
8753
8528
9335
193695
8228
8655
8278
7934
10737
7955
8058
14105
7656
9052
8445
8979
8174
7917
7775
8328
9461
8503
7435
8664
8789
7984
8233
8486
7805
9243
8638
8456
9391
11562
8660
9301
7620
7242
9106
10703
7743
8701
14608
8676
8312
8407
8324
8025
9395
10384
9128
8567
8909
8210
7630
7931
8499
7995
8444
8395
8817
8464
8761
8558
9082
8213
8011
8839
7742
9249
8337
9296
7492
10953
8397
8938
16041
7665
8876
10723
8478
8493
7891
8082
8278
9378
8061
9251
8231
8789
8214
8121
9235
7820
8518
10180
8340
10179
12907
8365
7610
11902
7813
9161
11052
8788
8307
7651
7931
8184
8215
7627
8301
8471
7673
8794
7748
9377
7771
8426
8717
7769
9222
8864
9481
9018
10557
7841
7560
15146
8883
8641
8805
8194
7507
8888
8648
7645
8344
8040
7802
9435
7567
8165
7969
8022
9016
7613
9258
8288
8911
9525
8801
8653
8392
8792
8052
7947
8703
7564
8376
8883
8176
7974
8399
8340
7994
7931
7660
7706
8561
8579
7589
7808
8491
9143
9242
7933
9212
8209
7300
9448
8706
8878
15374
7790
8625
10043
8980
8987
8573
9457
11885
7894
8133
8817
9227
8842
8162
8629
9330
8614
9584
17635
7730
9138
9377
7758
7933
9630
8435
7811
7917
8268
7778
8500
9135
8030
8765
9200
7643
7594
8428
7975
8139
9228
8748
7379
8011
8910
8480
8883
9313
8026
8923
8673
8151
10194
9328
8112
8126
8610
8818
12121
8900
8566
8973
28939
7967
8533
8941
7647
9138
8962
7538
8206
8976
8839
8072
7620
8255
8117
9263
7895
7835
8738
7678
7815
7709
8495
8718
8690
7753
8025
7969
8848
8129
8369
9102
9312
7629
8259
8816
8056
9154
9044
8656
10068
7937
10335
15725
8396
7582
10345
8073
8010
8343
8085
8309
7609
7858
8725
8357
13893
7441
9617
8551
7975
8073
8923
8109
8392
7791
7558
8523
9296
8543
8092
7744
8007
8782
9194
8836
7902
8815
7753
7798
8032
9129
8374
7651
9122
8265
8139
8034
9142
7615
8309
8431
8417
8554
8061
7825
7832
8499
8049
7953
8953
8126
7989
8697
8645
8681
10016
8408
8392
8169
8275
10002
7833
9225
14577
8943
8433
9193
8167
9220
8610
8916
8177
8605
7533
8820
9280
7911
9136
9201
8112
8656
9005
7836
8987
9254
11025
8533
9450
13077
8454
7727
11178
10218
7440
8457
8794
8172
8802
8070
7536
8377
8863
8871
13842
10061
9166
8011
15909
7787
7515
9822
9047
7754
9237
7482
9138
8509
7753
8015
9628
8381
8223
7656
7940
8901
8184
8021
9239
7610
8651
8710
8295
9359
8009
8336
7650
9083
8420
10400
8947
8594
14430
8516
9387
9076
8201
7517
7770
8375
9123
8786
7820
8059
9417
8133
7527
7945
8876
7740
9020
8006
8401
7571
9230
8336
8832
8528
9374
7800
7836
8428
12902
9846
8432
7594
13813
8155
7814
10104
8217
7730
8419
8323
9651
7901
8769
8184
11284
9041
8573
8191
8075
8966
9140
8827
8336
8120
10738
8369
8014
13616
8440
8410
10285
9052
9126
8673
8246
8615
7539
8416
8431
8137
8964
9000
8869
9025
8003
8152
7660
9000
7732
7847
8706
7929
7554
8220
8282
7835
8053
9234
7794
9046
8661
10430
9030
8244
16958
8012
8489
10629
9198
20361
7328
13198
8004
8512
11967
9649
9006
7641
8506
8310
8635
8273
7791
7578
9596
7731
9239
8416
7544
8695
8804
8615
9200
9215
8711
7651
9900
8473
8418
13657
7954
8917
10913
7541
7681
7780
8744
8036
8787
8605
7945
8714
8737
7954
9225
8327
8239
7488
8295
8529
7815
7725
7842
9586
17035
7980
8556
10261
7797
8887
9283
8294
8138
8003
8219
9259
9333
9070
11173
7938
10611
8429
9122
14300
8370
7821
8937
8679
8158
8451
8876
8140
7549
8733
7956
9600
8020
7811
8974
8464
8282
8900
7813
8431
9045
8076
7994
7594
7871
7805
8434
7689
7567
7818
8608
9240
7600
8263
8588
7569
7703
8056
8871
7695
9156
7676
7952
7349
8470
8184
7643
8942
7674
9260
8467
8410
9312
8506
7564
7471
8644
7970
9438
9032
9663
8624
8717
13235
9297
8999
10697
8859
9015
8459
8619
9160
7643
8405
9599
8166
8893
8228
7739
8709
8318
8188
8826
7582
7787
8050
8966
8182
8405
9005
7810
7783
9085
8413
8543
8112
8214
9246
7680
7875
10666
8596
7964
14416
7994
7785
10020
7867
8166
9098
9189
8610
8169
7996
8835
9176
7650
8165
8461
8456
7664
9089
8401
7724
7888
8088
8072
7844
8401
9013
8005
9412
8559
7569
7730
8549
7729
7675
8215
8631
8954
8399
7975
8420
7640
9253
8471
7933
7764
7620
7857
7572
8948
7809
8927
7935
8649
7844
7792
8402
7702
7928
8323
8493
8786
7997
9610
9335
8000
9174
9182
8947
9210
16543
8463
9245
9440
7429
9051
8558
14397
8180
8576
10109
7523
8642
10518
8678
9125
7526
9505
7881
9056
7827
9180
7548
11536
7604
7779
9675
8413
8173
8837
7672
8110
8109
7743
8636
9122
8148
7615
9238
7784
8062
8589
7948
8512
9256
9707
7684
8571
8455
8620
8343
10698
7569
8025
9631
8947
9159
9596
8682
8247
16415
8338
9021
9058
9598
8494
9501
8587
8759
8194
8138
7682
8486
9302
7681
7610
8595
11371
8493
9615
8217
8617
14362
7579
9057
10342
7484
8471
9502
7711
8427
8777
7559
8507
8937
7507
7978
8545
8109
8679
7482
7949
9238
9384
8668
14496
8875
7731
9823
9717
8859
9299
8846
7857
7921
8199
7801
8424
7774
9089
12548
8870
8374
8631
10601
8526
8825
7812
7910
9085
17669
7920
8262
9829
7577
8179
8199
9507
8360
9058
9511
9956
7593
7701
8476
8987
8979
8559
7630
9233
7573
8055
14584
8787
8659
9955
7801
9415
8197
8795
8146
8077
8195
8504
8212
8851
8831
7790
8238
8358
8014
8355
7652
8465
8380
8214
9247
9070
7574
8635
7569
7813
8223
8458
7882
8465
7784
8046
16535
13622
8740
8432
9592
9272
7635
12863
7512
8968
9307
7595
7762
7846
8740
8348
8379
15035
7771
7669
12844
9250
8661
9034
8098
9225
8375
8407
7676
8548
8990
8876
8661
7940
8343
8055
8829
8450
9205
10410
8886
8301
17107
7752
7971
10302
8015
8696
8323
8071
8248
9170
7827
9076
8557
8223
7570
7627
9228
9195
8384
7437
8575
8537
9143
7825
9046
8794
8828
7684
8144
7528
8461
9020
8312
7579
7756
8812
8764
9120
8757
11602
13918
8848
8448
8655
7988
8414
7953
8376
7728
9037
7897
8564
8165
9456
7976
8517
8123
8002
8200
9237
11893
7614
9020
7792
7887
9218
8009
8030
9261
8726
8513
13104
7725
8430
10500
7807
8687
8649
9047
8752
7833
8453
8964
8092
8272
7917
8009
9043
7693
8697
8857
8977
8232
8132
9322
8317
8353
7660
8175
7594
8593
7638
8448
11692
7791
7997
8404
7596
43677
7961
8383
9259
9138
8983
9093
7756
8603
9077
9187
8851
8204
8556
7480
7950
8205
8051
7849
7910
8938
8416
8322
10370
7799
8538
14928
8717
7466
10119
8096
9010
11669
9000
7779
8024
7758
8471
7717
7660
8897
8171
8565
8630
8919
9421
9020
7953
7895
8528
8626
8907
7912
8585
11051
8546
8569
13742
8353
10579
9114
9443
8401
7830
8697
7957
8048
8566
8405
7600
7854
9204
7997
8035
8614
8608
7801
9043
7995
9441
7577
7641
7619
7815
8940
8287
9245
7997
8818
8825
8412
10113
8016
7822
9921
7827
7476
10010
8932
8931
17634
9215
8323
8856
7775
8046
8807
8160
7552
8637
9187
7369
8578
7534
7856
8404
7620
9041
7784
8052
8934
8537
8666
9397
8003
7353
8497
9148
10325
8534
7362
10506
8810
9330
13557
8543
8900
8538
8833
7935
7871
9007
8385
9037
7403
7789
9200
7802
8916
8578
7490
7760
7794
8084
9354
7789
9171
9265
8073
9422
7769
8260
7503
9212
7674
7548
8939
8535
9319
8458
8550
10267
7767
8853
13152
9126
7771
11164
7744
7764
9863
8066
8967
8824
7706
8831
7875
11056
8887
8015
8855
8344
7848
7635
8570
9250
8596
7612
7402
7643
7539
8238
7956
9896
8533
8289
7663
8234
8257
8309
8038
8163
7441
8875
7531
7888
7931
8471
8471
10178
10400
7570
7831
11938
8091
8452
13568
7933
8286
8376
7743
8394
8828
7855
7933
8271
7957
7975
9052
8691
8377
8630
9220
9119
8702
8348
7984
8634
9021
8635
8916
12219
8462
9155
12195
9181
8948
12956
7992
9631
8038
7530
7628
8936
8785
8996
7835
9287
8191
9062
7792
7779
7691
7371
8323
9175
9045
8549
9195
8717
7553
8816
8816
8384
8082
10786
9496
7923
13326
9241
8819
10046
8979
9307
8819
8790
7610
13561
10537
9155
8664
12522
9075
8362
8035
8438
9259
9784
8225
8599
8930
8758
8184
10424
7697
10922
8588
7580
8854
8030
8407
9194
7624
8938
7803
8191
8861
8216
8137
9404
7609
7543
17454
8071
8020
11769
8102
9476
8342
7889
7675
8063
7961
8451
9222
8154
8845
8807
8407
8424
8047
9400
8795
8900
10063
7579
8315
11750
8979
8369
12946
7622
7960
10530
8793
9446
9194
9258
8091
8563
8712
7873
9579
8044
8088
8673
8876
7902
8013
9066
7892
8788
14250
7600
8945
10365
8820
7487
12298
7860
7813
8035
8965
7655
8815
8017
7633
7471
9071
9023
7731
8663
8428
9271
8303
8433
7682
8717
7942
8619
8251
8553
8447
8112
7746
8449
9382
7733
9135
10899
8757
8410
12766
8519
9028
8477
9297
7872
8493
8997
8040
8503
7576
7949
8912
7793
7914
8494
9203
7656
10256
8112
7876
10786
8397
8388
9322
9210
8538
9360
17403
7357
8575
12650
8453
9269
8394
7794
7415
9256
8732
7910
7895
7502
8579
8592
8325
7942
7774
8206
7370
9296
8564
7619
8572
8663
8625
8010
8158
7634
8316
9138
7899
7632
8169
8517
7801
9928
7934
7784
8645
8285
8025
10147
9091
7588
14456
8270
8065
11788
7833
8888
8360
8764
8234
8009
9329
11429
7864
8779
8764
9197
9266
9143
7755
10082
8769
8431
14632
7531
7775
10073
9358
9237
8399
8060
8225
8328
8230
9254
7487
7915
8341
8161
8594
8531
8269
7841
8340
7882
8609
7902
8463
9029
8416
7577
8881
8214
9151
8995
7725
8866
9034
9021
8958
10252
9134
9286
12574
8134
8584
8836
9016
8018
9250
7589
7874
8180
8386
7988
9323
9974
8354
7311
9576
9515
8615
8252
8757
7682
10083
8511
8173
8912
7967
8697
8252
8225
8447
16709
8815
7633
11876
9319
8276
9443
8773
8245
8392
7883
8355
8105
8052
8363
7748
8255
8599
7956
7393
9135
9211
12403
8916
7778
14131
8601
8376
10138
8999
8582
8112
7701
7886
9002
8913
7905
8095
8311
8859
8608
8035
9023
8404
8235
7692
9068
7795
7589
7611
8755
8582
8303
8453
8676
8444
8835
8807
8157
8264
10215
8215
8033
10415
7606
9041
12958
8846
8492
8600
7599
8671
8800
8232
8680
8204
9200
7822
9146
8261
7345
8827
7779
8433
8225
10711
9204
8005
7888
8590
7913
8093
7959
9040
8496
9018
7509
8400
9117
8397
9690
8205
7611
9520
8221
7584
11358
7478
7939
16973
9702
8164
8959
7599
8325
8366
8848
7420
8537
8686
8132
8085
9050
7652
7893
8236
7894
7365
8123
9020
9179
7545
8168
8802
8126
8982
7779
8488
8359
7788
7570
7797
8224
8149
8966
7556
8261
8370
8597
7605
7851
8237
7516
7422
8395
7833
7781
7953
8255
8494
8097
9266
7767
7992
8307
8394
8007
7713
7853
7512
7712
7802
8244
7541
11014
8512
8423
8460
7774
9538
8525
7558
10967
9324
8215
13681
9093
8334
10098
8926
8294
7607
8092
8112
8225
8185
9035
9205
8744
9218
8856
9010
7784
8671
7974
9405
9169
9737
9031
8362
14200
10166
8052
10767
11342
7842
8227
9100
8605
8284
9100
8403
7852
8484
8894
7523
8669
8135
7273
8489
7712
8200
7674
9434
8018
8592
9261
7472
13521
8438
8703
13307
7682
8806
8261
8066
8897
9454
7574
7949
8876
9039
8074
8399
8814
8179
7615
8498
8374
7781
8857
8317
10487
7682
8389
8847
10350
9144
9101
7704
8153
7859
10476
7919
7656
17215
7704
7435
11864
7932
7642
7817
8124
8080
7946
9220
8032
8917
9138
7341
7920
7711
7861
9472
8393
7602
7979
8917
7600
9102
8714
8210
8878
8822
8041
8455
10846
9193
7809
13692
7526
8861
10621
9035
8154
8495
7902
7460
9210
8835
7557
7860
8990
9000
7460
8781
8910
8619
8030
9315
13814
9069
8983
9214
13774
7882
8595
12862
7439
8447
7502
8985
9102
8679
9488
8044
7663
8861
8203
7782
7564
9039
7992
8637
8887
10184
8424
8631
14897
8424
8926
10133
8638
8388
8812
8335
10081
8610
8913
8276
8410
9080
8379
7531
7762
7892
8255
8284
11891
8887
9259
8329
9231
12569
7554
8616
10311
8410
7938
8589
8475
8844
7549
8076
8634
9479
8805
8153
8756
7900
7613
7554
8849
7662
9174
8004
7592
8585
8360
8093
8164
8373
7821
7313
7518
9180
8637
7910
8627
9200
8430
7640
9090
8517
9482
7718
7871
7758
7811
8259
9379
8994
7618
8815
8533
8287
8425
8710
10779
8915
7959
14145
7574
9077
9282
7511
8184
8672
7783
8989
7933
7652
8779
8091
8358
8002
8090
7577
8692
9056
8332
9058
7791
7584
7564
8614
8974
8340
8993
7635
7758
7964
8529
8355
8253
8293
8598
8257
8805
9015
9227
8564
8102
7586
8413
7988
8853
8491
8097
8524
9116
8115
7549
9292
9549
9430
11410
8780
7963
14766
8155
7767
8447
8513
8148
10465
8134
10817
8896
7765
8529
8695
8816
9087
7387
7592
7487
8770
9760
8931
8184
13345
8965
8502
11230
8482
8816
7994
7856
8015
8571
8513
9141
7808
8204
8374
9338
7527
8934
7938
8252
8820
7393
7652
8049
8530
7456
9117
9502
7723
9181
8071
8475
9207
9177
9404
8441
8703
12943
7835
8191
13521
7514
8002
8938
8046
8331
7860
8453
7892
9097
8824
8010
10430
8422
9243
8984
7389
8532
8485
8416
8605
8164
8269
8744
8782
7974
8653
8358
7691
8219
8040
7918
7844
9012
7996
8562
8001
8654
7988
7796
7654
8600
7574
8232
7640
9623
9191
8815
7672
9457
8119
8009
10099
8958
8012
13981
7302
8774
8719
8300
8001
11540
8102
7854
9406
8617
9111
8505
7671
8238
9402
8511
7492
7769
8726
8832
8511
9019
8378
8907
7558
7933
8688
8594
7633
8820
9001
7615
8943
9309
7784
8000
10648
9408
8004
16670
8350
7760
7801
7579
7854
10041
8638
7871
9450
7896
8232
8436
8338
8818
10876
7984
7580
9260
9126
7820
8800
19017
7676
8592
8457
9207
9215
9374
7429
10321
8113
8173
8189
8112
7863
8258
7911
9169
7871
8204
8829
9523
8084
8394
9082
8801
9030
8066
7533
8072
8883
8216
10985
9302
8230
13350
7992
8085
8698
8477
8779
9839
8178
7866
9800
8658
8316
9188
7808
8825
7615
8015
8000
12308
9448
9158
7856
9430
9230
9041
8191
7585
9231
12763
8528
8051
8625
7592
8325
7712
8188
8620
9029
11203
8056
7955
7717
8409
8536
7606
7843
8374
7941
7902
8959
7787
8005
7905
8707
8193
8577
8993
7570
9100
8994
8384
7640
7347
7764
8094
9377
8428
8851
8401
7892
7716
7817
9248
9141
8324
7600
7884
8747
8229
7841
8815
8859
9160
9442
8560
7702
8153
8359
7674
11874
8514
8668
14512
8626
7618
11610
9025
8488
7964
8418
9169
8541
9067
8846
7803
9556
8016
7923
14676
7916
9131
9484
7944
7777
7856
8348
8415
8298
7794
8591
8621
8141
7836
7908
9012
8905
7735
8440
9031
8976
7684
8661
7471
8079
8380
8574
9384
8564
7694
7916
9099
8937
8738
7706
8424
7866
8839
8793
7893
8148
8517
8879
7824
8438
8181
8102
7933
7946
8006
8369
7935
8293
8121
7804
7736
7942
12654
7961
7764
14323
8632
8665
9429
8603
7581
7788
7979
7714
9730
7579
9183
8995
9010
8373
8145
8197
8085
8918
8695
8789
8823
7607
8599
7595
8577
8696
8033
8909
8787
8517
8332
8252
8887
8560
8259
7548
7874
7542
7800
8640
9216
7486
8074
7856
8846
8293
8200
8586
8289
7989
11192
8704
7650
8793
8566
8835
8821
8282
8777
8394
9938
8651
8753
9184
8778
8071
8973
8835
8890
14263
8763
8265
10605
8115
7691
8852
8856
8553
8757
8600
8218
9298
7811
8551
8020
9225
9181
7769
9037
7782
7905
9864
9013
7613
9114
7993
7880
8857
7769
8618
8946
8152
9197
8345
8110
7748
7651
8344
8513
9129
8304
7984
9478
7656
7795
9187
8031
7276
9057
7890
8902
9031
8738
8985
8840
8883
8376
9199
17892
7760
9150
8934
7952
8761
9681
8551
8506
9080
8065
8666
8885
8511
8834
9062
8959
8217
9223
10260
8446
7600
14902
7781
7431
11153
7802
8174
9736
8721
9015
7447
7945
8250
7707
7490
8536
8489
7501
8915
9216
8148
8328
8143
8055
7772
9430
8897
8076
9100
8357
8880
9079
8984
7745
8957
8039
7643
8338
7820
9214
8258
9121
8266
7368
9456
7968
7682
10917
8892
7932
12331
8092
7802
11429
8519
8729
8971
7488
9146
7710
9392
9018
8127
8799
7389
7875
9126
9075
8199
9984
8297
8337
8414
7832
9009
8615
7771
8111
7733
8978
8107
8956
9210
7849
10251
7622
9423
13424
8092
8317
13933
8528
7415
7672
7462
8412
8291
7640
7615
9184
8525
8184
8515
9292
7744
8440
9166
8822
7830
9092
8902
8346
8479
8502
9215
8497
9146
9022
17194
9284
8575
8969
8236
9171
17439
13325
8073
8555
10862
8873
8928
8736
8033
8044
9487
9247
8574
8165
36902
16843
8112
9079
9900
7929
7611
14123
9196
7564
8507
8718
7970
8608
8407
7295
8377
9478
8506
7998
14032
9165
9271
9592
7997
7623
8024
8605
7584
10933
9036
8719
7891
7713
7469
7774
8197
10123
9133
7592
8819
7425
8246
7990
9098
9156
8199
8092
7969
9058
8395
9445
8262
7927
7884
7336
8933
8035
9150
7678
10479
9400
7307
9558
9009
9006
12894
9440
9329
7310
7574
8366
8572
7539
8886
9216
7794
8643
9119
8036
8699
8866
7650
8500
8351
9052
9130
8375
8205
9317
7646
8979
8025
11488
9663
8976
8943
13448
8608
8934
8791
7892
8584
8914
7681
8743
7882
8817
7933
7595
7544
8600
8300
9014
9129
8432
8021
8183
7451
8323
8543
8851
9307
7889
9066
8422
9429
8233
8877
8841
7994
11125
8605
8478
15369
8374
8383
9779
8801
7912
10183
9179
7997
8800
7783
8836
8066
8769
9220
8494
8832
7427
9249
8256
8025
8476
10514
8710
8160
14247
9197
8104
7952
8917
7662
8847
9326
7879
8756
8928
11353
8667
8414
8590
8419
7905
7499
8684
8017
7481
8971
8376
9173
8292
9041
8721
8261
15387
7910
8006
10963
7578
9108
8900
8268
9100
7564
9020
7333
8094
8190
9212
9268
9198
7579
7398
7609
8595
9250
8094
8497
8053
7665
8475
8779
9194
8455
8981
9902
8617
7746
17741
8937
8517
7864
8256
8019
7781
7789
7717
9245
7757
7844
8001
8158
7710
8557
9835
10658
8752
8517
7717
7470
9162
7797
8619
7611
8150
7835
8863
8023
7716
7694
9241
7971
8766
7605
8029
8388
7594
8428
8005
8443
8984
8643
8526
7531
8774
7791
8629
7494
8306
8523
8237
8055
8394
9162
7804
7829
7797
7652
9043
8350
8132
8615
13013
9733
8312
16432
8817
9216
7830
8869
30015
9595
8358
9302
8655
8976
10188
9138
7874
14848
7581
7994
9296
8671
9050
7775
9173
7446
9341
7792
8452
8615
8471
9227
8796
8511
8395
8600
9747
7985
8241
9325
8172
8256
7511
8401
7435
8323
8868
7718
8092
8178
8774
8395
8671
8358
8758
9112
7414
10574
8302
9157
17050
9158
9468
7733
9660
8619
8254
7755
8798
9291
7774
7759
7700
7826
8711
9146
9205
7433
8029
9245
9189
9192
11487
8105
8420
12073
7629
8385
9158
8131
8817
8625
7622
8813
9328
8132
9875
7833
8666
8049
7815
7976
7861
8391
7938
7411
8184
8638
8487
7996
8522
8343
7984
7811
8419
8190
9174
8435
8152
8194
8889
9013
8561
7567
7497
9011
8154
8671
8816
8653
7728
8516
8769
8994
9029
7605
8033
9556
7621
8680
9662
8155
8873
14662
9175
8298
7702
8210
9126
7855
9287
7556
8597
8734
8606
8357
8239
8194
8005
7381
9262
9028
8579
8620
7920
8818
8015
7605
8358
8405
8709
8398
8555
7985
9022
9159
7710
9921
8258
8639
10784
7871
9150
12890
8816
8643
8071
7775
8013
8764
8585
7994
11324
8160
8646
8164
8443
8158
9087
8142
8932
8983
8347
8838
7819
8826
8517
8261
11189
8640
7855
9429
8212
8153
11391
7875
9307
12620
8005
9382
7830
8450
8492
9756
9148
9558
9417
7711
8915
7992
8565
8658
10181
12876
8380
7727
12502
8558
8912
7817
8607
8495
8734
9251
7948
8025
8676
8763
8031
7795
8341
8139
9238
7867
9147
8516
10776
8293
7930
7651
8235
9511
7556
8419
10261
9672
7719
9656
8656
8117
14162
9094
8715
7931
8343
8927
8138
8960
8201
8517
9096
7450
8216
9107
8819
8129
7833
7610
7496
7993
7897
13893
9871
7812
8429
11682
8073
8224
9050
8987
8672
37017
19342
14587
9234
8400
8531
8737
9019
8162
13503
8444
9247
11325
7974
7713
7525
9855
8410
7948
17529
9596
7976
8506
10610
7682
7635
11613
7939
8189
12199
7765
7749
10767
8929
9384
8584
22603
8297
8835
10528
8266
9518
7811
7555
7893
9085
9062
9982
178631
7978
8620
8417
8559
8187
8489
11228
8217
7858
8389
9070
8834
8303
11102
7851
8534
9894
8681
9109
7757
15591
7717
20663
7615
10488
8450
7781
14413
8138
8428
8990
7825
7894
7762
9499
8580
8033
7590
7568
8958
7855
8196
8594
7691
7715
10097
8912
8747
7937
9167
8894
7981
8000
9164
7569
8410
8445
8400
10423
8473
9205
14363
8215
9179
9556
8577
9086
8225
8833
8700
8461
9473
7508
8175
8598
8596
8056
8275
7764
9177
8305
8605
8838
8385
9121
7651
7551
7358
9309
7493
9299
8766
8376
9051
7436
9371
8036
8975
15676
9133
9695
9400
8058
8712
9494
8224
8063
8105
8122
8475
8143
8453
9007
9235
9080
7885
9214
7577
8507
7632
11616
8956
7410
18259
8061
7887
11020
7649
8957
7502
7915
7711
8671
7731
7802
9841
7933
8288
8456
8326
8241
8016
8850
7322
9292
8139
8519
8274
7362
7742
8314
9161
8571
7848
8191
8262
8484
9248
7846
8512
9938
9319
10971
14098
8536
7866
8212
8840
8096
8494
9814
9330
8120
7642
8965
9214
8770
8045
8226
8597
8908
9099
8845
8759
7791
7569
7651
9185
9543
8969
7864
12294
7739
7752
14201
8699
7631
7848
7942
8540
8637
9233
8616
9117
8105
8771
8238
8799
7638
8139
8533
8632
7914
8164
8128
7551
8125
9330
8877
8862
7600
8191
8965
8011
9104
8768
9874
7533
8866
8335
8044
9101
8155
9225
15127
9215
7759
7985
7602
7661
10183
9159
8160
21540
14625
7752
7538
9396
7596
8977
9606
7868
8761
8114
9333
9036
8998
8984
9350
9305
7892
8937
7844
9296
7540
7867
7955
8054
8469
8713
8072
8976
9403
7649
7626
8605
7596
8581
9799
8907
8201
13708
8735
9117
7685
9218
7807
8652
7535
9263
9158
7728
8310
7551
7890
9159
7851
7894
7277
9144
8098
9151
8427
8999
9027
8534
7715
8015
9106
8031
9251
8567
7639
8453
8420
8232
8908
9067
8468
8237
7527
10364
8053
7951
11341
7841
7716
14333
8176
7953
9366
9254
8635
8468
8597
8700
8733
8304
8306
8480
8608
8102
8882
9093
8977
7990
7846
8558
8057
8001
8018
8141
8500
9230
9425
10399
8107
8326
9594
8398
8517
17561
8611
8018
7754
7404
8589
8230
9217
8662
8778
9349
9650
7373
8355
9164
8130
7520
8772
13536
14014
8837
8796
10263
8979
9107
11027
8015
7623
9218
9388
9142
7902
8709
7840
7814
7993
9249
9099
10980
9332
7946
13851
7711
8046
10667
8835
7758
8914
8379
9084
8222
9148
7445
8323
8706
8016
8965
11544
8459
8605
8825
8736
8677
10892
8789
8907
12404
7769
8067
9364
9305
8595
7793
8626
7561
7792
8720
9230
8406
8182
7553
9212
7797
7644
8433
8835
8126
8112
8230
8497
7858
9253
8093
9951
7698
8338
8980
8278
8394
9031
7923
8270
8619
9434
8349
8805
10079
8266
8160
16852
7950
7463
10912
8892
8750
8685
7548
7597
8432
8533
7635
11876
7574
8796
7587
8669
7535
8429
9158
8227
7593
8525
7627
8174
8615
8887
8439
8597
9386
8040
14516
7616
9384
8794
9051
8909
9333
8156
8278
8313
9167
9256
8912
8538
8606
8073
8481
8093
8467
8483
8439
12733
8384
8288
8917
9315
9141
7835
8863
7881
8159
12319
9555
8837
8784
16445
7817
7854
7586
8133
9205
8632
9323
9022
10775
8276
8317
12671
8666
9211
8786
8434
7533
8632
8060
11983
7435
7569
9495
8174
9421
9158
7864
7851
8433
8267
8820
8779
8592
9522
7777
8743
16952
7559
7635
11415
8030
8164
7933
7719
8319
10708
9051
8282
7850
8044
7580
7878
9069
9461
8708
7763
8811
8917
14617
8009
7569
9588
8090
7918
8315
8990
8575
8130
8286
7625
9065
8605
9398
10709
8075
8492
8211
8353
8414
7934
8994
8305
7543
8861
8729
8825
10090
8979
7840
14160
8654
8749
9433
9170
8374
9248
7779
8866
9239
8809
7564
8343
8557
7930
7955
8477
8131
8204
8805
8057
8213
8134
9028
9089
7512
7828
7989
9711
9237
8400
10795
7984
7241
10804
7984
7896
9562
9245
8333
13595
7721
7785
9433
8441
7651
9478
8392
9935
7892
8115
9234
9138
7825
7813
8833
10346
9091
8043
9993
7933
8426
10531
8968
8042
16486
8922
8138
9130
7796
8676
8564
8817
8814
9510
7497
7795
8073
8317
9239
8545
8779
8234
8079
9304
8272
8137
7856
8881
8284
8896
7803
7602
8369
8205
7820
10256
8800
9234
13982
9091
8302
9799
7671
8681
8196
7867
8346
8160
9053
8701
8996
10222
8575
8416
7292
7789
7700
8589
7708
8347
9110
8592
9436
8116
8301
9106
10182
8898
7609
10897
7997
8166
13946
8897
9109
7980
8561
8735
7528
9042
8145
9466
8378
8180
8224
8452
8170
7231
7569
7610
8066
7717
7954
8215
7789
7555
9062
8929
9000
7826
9035
7774
7936
7774
8752
7625
9163
8021
7292
8669
7985
8086
8401
8941
8199
9020
8066
9108
9252
7794
9135
10032
7303
7574
7816
8237
7983
8956
8937
8287
9272
8733
10358
13548
9415
8601
8006
8390
7628
8861
8082
8697
30364
7430
7390
7461
8516
8501
7708
9888
8203
7557
8839
8361
8647
12101
7618
7761
7874
8521
8551
9094
7583
8554
7811
8820
8793
8917
10169
8465
8737
13606
8790
8178
11481
7657
8413
7794
7604
10938
8965
7711
7958
8476
9179
8204
7577
7958
8425
8641
7975
9090
8998
8612
8451
8189
9155
8678
8367
8966
8856
8019
10565
9095
7447
13074
9108
8253
9357
8217
8462
8020
8538
8906
14157
8283
7896
8654
7948
7797
8436
8282
7811
10153
9126
7583
8545
10944
9422
8317
12552
9178
8045
9333
8734
7666
7620
7569
8287
7307
9009
9106
9226
10188
7200
8456
7963
7835
8381
8348
8998
8561
8488
7932
7586
7717
8451
8902
7789
7964
7465
9216
8323
8256
8564
8374
7729
7517
7832
8627
9777
8636
7474
9305
8512
8928
7391
9038
8594
9411
9082
8757
8401
8615
9220
12151
8191
8106
12108
8051
7679
12852
7897
7379
8876
8801
7723
8877
8244
9579
7970
7605
8059
7550
8042
8892
8294
9885
8828
8021
8749
7954
7338
9105
7946
8394
8825
8678
8406
9266
8114
9117
14820
7902
9285
7747
8046
8528
9147
7551
9035
7858
7600
8171
9178
8671
8646
8498
7809
8069
8418
9157
9399
8310
8122
8025
7476
7373
9038
9150
8087
8891
7797
8071
8380
7994
7548
8610
8011
8324
9059
8403
8949
7748
7894
8389
8039
7818
7782
9232
8343
14076
7566
7835
12494
7315
8116
9400
9110
8618
8843
8757
8646
8774
7948
9136
8160
8112
8053
8244
8813
8198
9452
9035
8053
9120
14220
8732
7769
9297
8974
8487
9175
8017
7610
8394
7783
7990
8636
8646
7792
9395
8455
8227
8141
8376
8918
9018
8856
8358
8388
8109
7859
9136
7495
8779
8399
8000
8412
7542
9274
8208
7964
8386
7784
10362
9179
8211
9217
12990
7588
7397
12943
8535
9056
7833
8314
7751
8577
7962
8051
9870
7764
8692
8312
7808
7554
9206
8562
8888
8810
9138
8456
8456
8750
8210
7620
8614
9139
7269
7872
9057
8779
9392
8233
8523
9016
7886
8738
12127
9722
9167
9417
9628
8607
7825
8189
8096
8934
8859
7387
7900
8681
9380
7800
7584
8415
8662
9182
20140
8615
8296
8635
8720
8355
8780
8645
8867
9158
9917
7612
8246
8373
7811
9417
9348
7703
7825
8175
8125
7620
10878
8933
8532
12066
8340
7894
12933
8849
9440
8628
9883
7378
9360
7876
7753
8446
7538
7661
7954
8851
7590
8997
7889
7938
9271
9365
8122
7987
8833
9225
8545
10210
8826
9130
13845
7868
9269
8507
8166
7380
10076
7993
9971
8066
8380
8917
8704
7914
8697
7992
8587
8676
8600
9046
8135
8877
9658
9406
8012
8553
7920
8096
9317
8444
8152
10101
7650
8123
14151
8234
8433
9399
8794
9321
8784
9276
9229
7933
8297
8107
7663
7554
9154
7566
7839
8144
8046
8948
8355
8408
8441
8313
8688
7666
9433
8210
8250
8093
7876
7651
7943
7679
9058
8477
14671
17322
8528
8578
8854
9078
8133
10903
8036
7943
7854
8974
7973
8026
8009
7585
8205
8798
8944
8656
8856
7620
7802
8561
9209
7692
7522
8266
8693
9018
7750
7743
9964
9121
8215
9898
8573
7798
14196
7870
8689
7946
7962
7493
9202
8079
8747
9902
8318
8485
7871
7606
7498
9198
9088
8126
9236
8824
8972
8255
8107
8815
8243
8411
8800
8458
10797
7989
11233
12538
8213
8415
11828
9059
9230
9197
7656
8476
8346
8048
8391
7626
9050
9717
8299
8298
8515
8096
8094
9080
7804
9261
8789
8457
10235
8194
9260
13885
8649
9085
9153
8010
8288
7789
7804
9741
9952
8069
7798
7626
9254
7621
9620
8902
8772
8060
8554
7959
7752
8312
8367
9471
8159
7472
8364
8103
7577
8363
8431
7426
10687
8183
9179
8453
10623
9135
8871
12347
9489
8666
10338
9146
8856
9616
7589
7812
8651
8753
8067
8632
7849
8702
7889
7792
8491
8411
9056
8849
8632
9197
16503
8912
8081
10241
7997
7874
8820
8760
8180
7767
9181
7966
8883
9138
7501
7777
7583
7263
8747
7839
8769
9415
7699
8564
8544
8077
7384
9811
8000
8782
8538
7564
8635
8080
9916
8024
8125
10841
8151
8969
14039
9020
8312
10107
9618
7821
9697
7553
8179
7555
8450
8605
7863
8029
7640
8827
8195
7782
7912
8317
7957
8471
8060
8590
9200
8387
7929
8313
8694
9130
9147
7712
8864
8698
9994
8653
7566
10069
9417
8214
12958
8778
8000
9051
9160
7812
9363
7905
9016
9505
7664
7431
8726
9070
8203
8953
8826
8407
8535
8140
7476
8610
7971
7605
8595
7812
8382
8556
10130
9119
8921
14259
7841
7279
11581
9156
8666
7945
9254
8987
7403
8954
8717
8128
9093
9159
8276
8005
8759
8699
8552
8839
7550
8856
8253
8102
8093
9001
7992
9835
8333
7822
9635
7540
8628
17530
8176
7855
9317
8630
8818
8193
7598
11481
7938
7743
7681
9471
7609
7632
8297
8442
11288
7512
8241
7592
8504
7794
8851
7695
7902
9281
8367
9564
7892
9281
13917
8001
8782
12084
7541
7911
7935
7805
9173
9544
9290
7794
7594
7533
7615
8712
7876
8671
8977
7543
8051
9448
9104
8605
7564
8212
8127
7776
7986
8820
9081
8928
7592
7616
8186
7919
8653
8569
9729
8041
7495
8090
8383
9256
8887
8736
10343
8078
8165
14361
11237
8640
7775
7983
8639
9234
8276
8698
9880
8127
9160
8616
7921
8901
8845
9362
8722
8616
9649
9158
8471
11695
8769
8510
15478
8746
9145
8697
8867
8458
7309
7886
8768
7669
9169
9190
8893
7740
8268
8574
7866
7853
8766
8171
8527
8254
9229
9140
8702
14560
8766
7649
11502
8954
8411
9250
9253
7856
9627
9246
8789
7843
8794
8107
9849
8887
8753
8796
7669
8925
8718
8553
8235
8030
8997
9351
9069
7386
12213
7599
8056
13082
8326
7491
8656
8901
8398
8045
7810
9189
8654
7781
7606
8171
7584
8337
9178
9656
7773
9117
8028
7711
8811
8025
9097
7490
8456
8546
8860
9210
7612
8022
8015
8253
9334
8271
9055
9014
8407
8702
8153
10551
8276
8461
16883
10496
8194
8465
10638
8868
8152
8997
7947
8277
9128
8677
8961
9951
8209
7992
14494
9133
8232
7945
8389
8670
9222
8264
8398
9517
9328
7576
7865
9366
8662
9065
8093
7697
7771
8229
9651
8623
9049
7933
8050
7810
7784
7822
7575
8164
7711
8196
9327
7701
9178
8255
9202
9338
7854
8357
9389
8131
8269
8834
9041
8681
13310
8292
8085
11296
8488
8044
10300
9283
8170
7994
9177
9358
7649
8948
8284
8401
8283
7962
13035
9547
7706
9116
14281
9517
9236
10592
7810
9247
9328
8667
8064
9134
9230
7893
10048
8191
8087
9816
18627
9389
8802
12074
8674
7526
9038
7606
8653
9090
7791
8000
8196
9236
7868
7513
7932
8476
8235
8828
8751
8664
8759
8284
7729
10087
7965
9376
13367
8569
7802
10312
11687
9186
8964
9122
8772
8005
8112
8425
10122
10697
8899
8650
14993
7530
8236
9497
7970
7856
9179
7805
7646
9927
9016
7675
8215
8453
8914
8415
8878
7933
11288
8406
8986
9301
7408
8635
8184
8014
8187
8205
8609
7541
8303
8860
9080
7660
9770
37099
8184
9184
9306
7799
8420
10246
8371
8407
8174
9107
8335
8492
20113
9084
7654
10739
10000
8047
8661
8127
8041
8087
9597
8815
8877
9246
8132
7656
8222
9205
7584
8406
8517
7971
7753
7753
9095
7834
7986
7682
7889
7781
9045
7605
8996
9189
8456
7742
8379
8283
7750
7899
8526
8674
16821
12242
7594
8375
8634
9042
9163
7851
8201
8737
9338
8405
7861
9133
8000
7590
7394
8184
8465
9562
8819
7769
8244
9241
8826
7942
20744
8497
8017
10503
8092
9061
8041
8177
9316
8325
8702
7939
7674
7589
8393
8648
8557
9053
9041
9158
8343
8598
7965
7362
8869
9521
8450
9276
14049
8147
8782
9926
8697
8717
7792
8157
8859
8661
8885
8178
8708
9524
9057
8198
8292
8813
8354
9610
8402
8447
7820
8496
8158
11538
8600
8696
13368
7808
8615
11061
7607
8517
8610
7871
10117
7794
8193
7566
8404
9402
7980
7825
8436
8057
7558
11872
8245
8575
8998
8825
10205
15237
7873
8191
9668
8917
8309
8167
7970
8011
9910
8195
7943
8860
8900
9153
8794
9247
7903
8314
7905
8207
9235
7199
7698
7871
7803
9197
8774
8293
8466
8147
7589
9440
9077
8413
8967
7421
8370
8520
8716
10023
8573
8074
11189
8064
8050
16326
9934
8511
8595
8893
7820
7912
8174
8290
9509
8177
7591
8820
7574
7630
7760
8684
7810
8128
8451
9366
8691
8004
8212
7771
7794
8615
8789
7609
9215
8616
11206
7835
9275
14143
7780
9167
9357
8565
8106
9574
8763
7758
9540
8958
7594
8675
8243
7820
7710
8426
7712
7811
8594
8856
9015
8073
8928
7521
8622
8324
8476
8583
9276
9309
12674
9503
8507
13354
8877
7815
8574
8184
7864
8356
8957
7866
8476
8999
8182
9228
8206
8099
7618
9593
24811
8619
10419
7586
9075
9176
9112
8749
7553
9099
9456
8286
10061
8265
7860
8447
8787
8826
14202
8578
8790
9586
8101
9120
8921
8722
9226
7411
8094
7739
8734
8608
8463
8013
7992
9275
7925
7897
7589
7794
8515
8163
7553
7882
9343
7644
8437
9185
7703
8844
8861
7682
9025
8555
9733
7619
8495
7737
7834
8353
8912
8609
7886
8354
7815
8315
9076
9550
8279
7317
11163
8105
8984
14328
9337
7974
8524
9154
8143
7574
8683
7435
8618
7594
7781
7772
8251
7723
8407
9071
8609
8330
8656
8658
8179
7659
9379
8242
8576
8999
9073
9133
7983
8282
8370
8590
8264
7734
9651
7843
9960
9253
9058
16038
9334
8201
8837
7605
8661
9622
7509
8819
13862
9001
8914
9056
14820
8504
8654
9297
8441
7817
9147
8871
8406
8365
8663
7526
8779
9155
9012
9135
8670
8571
8626
8181
7884
8714
8636
7810
7929
7804
9201
7900
7548
9237
7947
8471
8751
7790
8668
7562
8011
9167
7775
8574
9924
8319
8849
13523
8792
9394
9751
8655
8555
8046
8118
8303
8393
7775
10417
9318
8916
8086
7419
7726
7666
8363
8332
7906
8404
8118
8266
8975
8538
7872
8483
7739
8641
7767
8837
8777
8674
8429
8753
8661
10426
7850
8774
9466
8454
8920
12748
8506
8884
9402
8596
7992
8592
7605
7789
9087
9037
8395
8436
8152
7972
8194
8224
9165
8796
7985
7807
8356
8570
9309
10082
9441
8658
9156
9412
7602
8835
16036
7751
8115
11830
8775
7692
16400
10459
9138
8826
13439
8116
7615
10681
9179
8064
7718
8114
8156
7797
9252
7832
9571
8304
8866
8800
9136
8916
9232
9461
8235
7882
9722
8409
8411
9689
7773
7430
13658
7569
8771
11643
8425
7877
7810
7605
8833
8135
8295
11624
23806
12528
7825
8005
10341
8443
9152
8830
9420
8099
7887
8558
8618
8018
10970
7677
7696
12288
8048
8831
10573
9046
8256
9459
7944
8630
8634
7794
8396
8522
8874
9173
10282
8880
7994
9123
8435
7969
9396
8717
9040
7710
9958
8803
7577
12376
8393
7981
11595
8379
9538
9047
7839
9097
9448
8731
8321
8649
9249
8748
7881
8818
7464
9283
8816
8295
8837
8327
8178
7566
10548
10794
8231
12026
8446
7774
10100
8365
9579
9375
8737
9194
8661
8266
8453
8699
8165
8961
8430
10125
8276
8725
10043
8566
7736
16262
7681
7925
11863
8480
8167
8966
8964
9218
8625
7571
8979
9419
8038
7336
7859
8376
8966
8097
8593
7556
7771
7807
7810
9097
9138
8592
9327
8769
8699
7417
10246
9225
9025
13320
7576
8211
11112
9447
8920
10337
8760
8137
9202
9129
7756
8123
9977
9633
8435
12121
8008
7581
12933
9167
8357
8842
9087
8707
14584
9588
8517
8512
14011
8355
8955
8276
8646
7668
10961
8594
8120
9352
7621
7748
7413
8451
8573
8820
8941
8015
9184
8513
9137
8285
8495
9057
8774
7860
8590
8646
8154
8035
9197
9838
7728
7671
9928
7372
8173
11122
8154
9015
15938
10002
8370
9051
8841
8976
9213
7421
8634
8069
9273
7884
9230
10021
7343
8173
10903
7707
8523
15037
9144
7435
9787
9085
8189
8476
8332
7634
8191
8647
8574
12471
7852
8969
9086
8602
8317
8493
7881
8066
7733
7856
7835
7842
9093
8412
8623
7773
7852
8492
10455
9000
7752
9558
7535
7728
13603
8335
8568
9909
8738
8095
8362
8237
8159
9470
8812
8096
7828
8818
7938
8458
8610
8598
7817
8233
8406
9215
7871
8692
8226
9400
8600
8554
7768
9251
8728
9789
9138
8585
15876
7511
9170
8278
8127
9256
8293
8562
9049
10382
8845
8018
8843
8435
8534
8594
7680
8153
7764
8758
8671
8554
7752
8695
8998
8214
8070
8650
7734
9530
9312
17805
7300
8031
11465
8961
8115
9509
7929
23759
8039
10435
8189
8214
9216
8971
7820
8034
8174
7991
8665
8192
8129
194835
9229
8693
9207
8293
9906
8778
8101
8406
8189
9283
8632
8741
8320
8953
8733
8150
8618
7597
8592
8259
9784
8494
7681
9323
8553
8584
16457
8779
8535
8850
8721
8406
9344
8431
8320
9157
9161
8994
7779
8517
7972
7774
9026
8015
8143
7846
8395
7598
8694
10866
7574
8993
8353
8423
12398
8882
8195
12813
9728
7261
9251
8400
7588
7820
8937
9018
8255
8212
8790
8022
8822
7985
7821
7488
8207
8457
9281
8438
7971
8019
9208
9215
7536
8616
7918
7588
8296
8600
9079
8064
8913
8063
7481
9169
7765
8717
7726
7592
8043
7835
8762
7984
9255
9554
8873
8242
9134
8158
7532
14183
9115
8845
8733
10425
9137
8559
8069
8658
9163
8814
7276
7564
14261
8341
7573
10886
9302
8602
8451
9245
8618
8160
7743
8294
7619
8782
8430
7586
8353
7945
8381
8907
8547
8423
8793
8023
8833
8433
8302
8726
9301
8735
8805
9394
8627
8488
13271
8497
8620
12809
7882
8410
9738
8555
8246
9317
8801
8092
8536
7723
8619
8128
8990
8444
8617
9058
8184
8973
13735
8150
7762
9629
8720
8704
8833
8578
9162
8026
7831
9443
8807
8077
8564
7789
9048
7382
8823
9171
9374
7712
8405
8191
7733
7682
8155
9289
9183
7862
8887
9430
8202
8789
11492
8303
8356
13304
7725
8310
10001
9160
8794
9579
7824
8574
8789
9333
7871
7874
7973
9372
7526
8495
7839
7950
7883
7741
8383
8572
8088
7907
8216
11830
7246
9095
8507
8331
11168
8199
9214
16307
8496
8283
9038
7589
8252
8422
8331
9169
9683
8963
7651
8349
8831
8184
9262
8102
8848
8758
8871
9031
7357
10900
10415
10171
11882
8574
8949
8935
7780
7845
8018
7941
8590
7874
8561
8988
10300
7814
9319
8816
8094
8757
7584
8238
8128
8211
11752
8096
8700
8570
9754
9082
7774
11265
10080
9166
7628
8189
7577
9620
7387
8216
8230
9076
8726
13533
7649
7351
12341
8497
8393
8671
7592
8241
7477
8417
7410
9463
8414
9014
8834
7810
8321
8084
8362
7758
8277
7733
7800
9047
8127
7522
7980
8299
8063
8539
7875
8594
8211
8631
9215
8836
8200
8859
8210
8097
8220
7502
8374
8724
8697
9208
7961
8663
8433
8693
8733
8050
9235
9004
8574
8611
7683
10015
9026
8605
16371
8742
8594
8354
7634
8387
8515
8296
7610
7924
8939
8607
7995
8526
9042
9180
8440
8269
9118
7861
8065
7556
8964
7827
9283
8125
8363
7542
8143
8392
7477
8744
8071
8435
10007
9391
8341
14241
8980
9292
9676
8421
9336
7587
7577
8920
9459
7770
7524
8461
9164
8278
7950
7533
8658
9249
8205
8902
7299
8600
8097
7789
7952
7613
8979
8077
8171
8875
8602
9184
7406
8097
8192
8294
8365
7635
8533
8517
7683
8413
8675
8557
8565
8238
7420
8742
7874
8431
7869
9266
7605
7748
8079
8015
7876
9017
8231
12601
13947
8470
7737
10118
8031
7792
8133
7486
9225
8005
7607
9231
8518
9032
8302
7848
7938
7911
8336
11929
9030
7952
9287
10074
9215
10666
8590
7820
13356
7835
7958
10906
8882
8263
8644
8376
7575
9046
7615
8942
8024
7859
8226
8209
8173
8855
8205
8403
8275
8243
7997
9209
9390
8042
8586
7763
8697
7994
9256
8797
8357
7651
8234
9017
8114
10220
9057
11071
13043
8133
8266
9236
7672
8780
13410
8005
8819
9184
7867
7970
7649
9169
7456
8892
7591
8938
8251
12182
9668
7316
14416
9389
7749
8696
8511
8734
8521
8536
8689
8467
8123
7735
8238
7975
7592
7764
7718
7933
8079
8497
8175
8610
11923
8003
8139
11588
9469
12575
9155
8532
9785
7938
8502
8301
8277
9160
8071
7634
7854
8435
8239
7876
9104
8649
9414
8019
8638
8550
7690
8742
7961
8665
7835
7399
7586
7800
8858
7408
7587
8846
7385
10554
8513
7891
8054
7870
8270
7407
8273
8182
8083
7775
9220
8106
7591
8308
8808
7797
8159
9727
8592
7945
7671
8189
8091
7691
10862
8256
9397
9674
8272
14100
8841
8386
8576
7687
9126
7817
7811
8404
8598
8751
8351
7840
7573
8670
7793
8465
8510
8676
8011
8000
8605
8188
7962
8220
8661
9259
8183
9121
8893
7851
7575
8285
8695
9939
8839
8225
9314
8425
8072
10489
8644
7933
13015
7607
9502
9612
8119
9147
8216
8594
8646
7538
7575
9157
8576
8208
7689
8464
8227
9103
8330
8853
12025
8836
10347
8510
7941
16385
8576
10804
8471
7548
7594
9051
8214
8216
8060
8970
8068
9428
9169
8658
7584
7797
7572
8238
9107
8938
7542
7735
8018
7633
8988
7708
8612
7842
8075
9579
8743
8239
8990
10402
9311
8933
13423
7681
8646
13331
8850
7582
9004
7437
9177
9048
10105
9216
8426
10049
7696
8221
14348
8414
9134
10833
8051
8438
8099
8123
9383
8788
8617
8046
7370
8968
7592
7827
8976
9234
9177
8049
7753
7531
8274
8791
8112
8688
8608
8217
8199
8014
7773
7859
8350
7586
7769
9056
7789
9034
7796
8423
8078
9448
8688
8819
8358
8304
9092
7587
7794
8912
7985
8495
9018
8080
9241
11071
8371
8765
15161
7774
8168
7811
8453
8157
8371
7588
7664
9278
8635
9179
7594
7783
8513
8313
8605
8945
7557
8646
9018
8164
7574
9213
9242
9231
9000
8408
7758
7709
8789
10784
8990
9138
15487
8940
8549
8991
8800
9271
9238
7932
7854
8333
8209
7835
7612
9576
7320
12468
7431
8282
9343
7820
8739
8341
9242
8255
8326
7572
9058
8826
7571
8235
8404
9019
9004
8412
8222
8155
8140
7410
7798
8810
8660
9157
7802
8450
7843
8913
8033
8838
7615
7753
8100
8676
8009
8215
8702
7565
7641
8874
10008
9255
8107
17256
9192
8697
9200
7823
8410
8986
8220
9205
9864
8020
8625
16749
13180
8750
8707
9348
8142
9061
11484
9382
8604
9282
10385
9076
8372
9107
8696
8009
12562
7344
9179
8617
8194
9197
7605
8871
8178
9249
8218
8008
8819
8199
8377
8033
7773
7586
9017
8587
7328
7708
7758
8254
9411
9020
8521
8393
9219
8498
8607
8645
8376
8528
8624
9260
8240
9256
7563
8526
10523
8123
7814
12663
8875
8157
10948
8401
7337
8215
7841
9936
9316
8751
8086
8563
7890
8354
11638
8225
8132
8991
10384
8720
8399
8495
8178
10586
17423
7670
7989
9872
8765
8124
9250
7934
7556
8047
7774
8466
8340
8181
8072
8469
8323
8664
8764
7514
8279
8554
8676
9014
7553
7776
9034
8100
8480
7553
7671
8364
8361
8389
8300
8441
7753
8633
9036
8748
8436
8474
7736
10025
8733
9438
14627
11487
7765
8198
8033
9282
8513
9092
8497
9201
9105
8206
8225
8720
10510
8307
9941
8224
8157
9004
8189
8806
13740
7594
7707
10820
9216
7532
9728
7789
7467
7489
7561
8551
8579
7277
8364
7953
9218
8994
8965
7809
8462
8882
8783
8367
8969
8502
8029
8606
8733
8592
8594
8888
7938
8198
8839
8400
9125
10940
7910
7980
17611
8364
9066
11712
7795
8771
8010
7802
7799
7934
8927
8709
9250
7871
8496
8226
8644
9087
8314
10279
8613
8037
13103
9267
9447
11282
7938
8813
9041
7441
8861
8958
8329
9029
9177
8109
8338
8833
9405
8561
7945
9444
9048
8632
12998
7888
7871
9446
8096
8774
7990
8846
8174
8832
7792
8059
8424
7794
8917
8709
8084
8607
8254
8112
7420
8871
9259
9743
8466
7299
8445
8629
8253
8138
8586
10128
7879
7851
10315
7974
8274
14780
8860
8193
8923
9041
8249
8255
9410
8034
7592
8913
8061
8917
7531
27123
7902
8464
8312
9359
8489
8225
8699
8711
7340
8479
8846
9174
7785
8025
8215
8237
9157
7573
7944
8900
12074
8856
8419
9597
9608
9278
12994
8092
8305
8512
8964
7582
9151
9353
8586
11649
7994
8667
8120
7647
7812
7526
9194
7872
9093
9328
7553
9097
9876
9574
7661
11164
7569
8533
16138
7420
8208
9631
9151
8610
8471
9232
8441
8995
8582
9410
8232
9072
8760
8632
10323
9170
8394
14380
8053
8210
9456
7682
7788
9599
9999
8886
10011
8450
8438
8747
7864
8142
8600
8011
8417
8435
8459
8478
8075
10934
7915
8578
9206
10166
8545
14710
11031
9228
7413
8898
8098
8763
7523
7350
9013
8039
7670
8110
8746
7569
8403
8823
7894
9353
8157
8495
8747
7271
8558
8744
7615
9087
8187
8297
8266
9222
9410
7797
8079
9813
9562
7256
9652
8999
8394
13123
8311
8246
9620
8794
8406
8810
9157
8246
8792
7586
7986
8273
7914
8940
8755
8153
8168
8067
9318
7924
9254
9320
9199
8025
8269
9261
8336
10706
7840
8059
16032
8167
7510
11323
7994
7353
9738
8380
9414
9001
8415
8471
7984
29336
8482
8253
8283
8764
7974
8322
7691
8230
8260
8361
8446
7942
8287
9155
8523
8618
8531
9184
10038
8182
8322
14088
9334
9082
8106
9425
8066
9235
8736
8239
8261
9020
9520
7651
7974
9140
8577
8745
9020
14115
15232
8967
8370
11512
9061
9176
11097
7850
8846
7583
9375
8348
9446
9424
8622
8616
14350
7692
8912
8174
7843
7363
10261
8115
8215
9394
9354
8845
7619
7851
8311
8132
7688
8058
8793
7369
8857
8796
8408
9343
7295
9215
8633
7791
8148
9257
8693
7975
8174
7444
8834
8054
8713
7730
7702
8143
8114
8317
9191
9353
9152
8295
9767
8135
8427
15442
8580
8499
8402
7609
8712
9192
8221
8641
13312
8092
8523
8748
8922
7696
8910
11083
8401
8751
17184
9069
7506
10095
7767
7889
8905
8846
9069
9152
10058
8854
8379
12398
9235
8782
8854
8689
9005
7887
8147
8165
7909
8800
11735
8876
7733
8245
8114
9462
8803
7689
8611
7447
8758
7877
9100
8748
8084
8647
7372
7765
7695
8211
7777
10722
7551
7452
9160
8205
9435
7839
8389
11564
10273
7680
13343
8942
7952
8328
7973
7758
7774
8042
9027
9448
7589
7975
9492
9440
7675
8112
8867
7832
8032
8841
9610
9394
8356
8295
9320
10125
8758
8473
15041
8094
8155
8984
8953
9209
9017
7785
10477
7894
8638
9151
8353
7704
9158
7594
9184
8667
9188
9056
8589
8434
8074
7662
7341
12975
8582
8757
17031
7806
8800
9593
7821
8789
8191
7597
7661
9410
8327
8855
8997
8275
7944
8335
8697
8329
9158
8482
9542
8316
8887
9228
8480
11240
9318
9447
11205
8777
7639
9610
7902
8314
8722
9286
7708
7893
8713
8553
8073
8689
7619
8226
7534
8846
7533
8153
8230
7846
7575
9120
8665
7592
8044
7913
16134
8118
8777
9821
9222
8823
10259
8661
8551
8436
8020
8276
8876
7395
7561
8933
8359
7513
10111
8913
7779
9261
8635
8974
8696
8549
8436
7815
7995
7964
7834
8172
8303
8218
8303
8334
9037
8154
8935
8984
10301
7753
9035
9440
7928
8254
14017
8312
7383
13087
7784
8998
9660
9184
9052
8654
8428
8004
7581
8743
8898
8435
8552
8371
8897
9235
9215
11144
15386
9800
8564
8929
7772
8576
8235
9225
8490
8955
8624
8231
8368
7195
8969
7613
7632
9901
9098
8298
7620
9119
7747
7669
9093
7608
7552
8189
8405
7716
8898
8254
8371
8887
8620
8378
8243
10338
9053
8212
14425
8274
7825
9685
9256
8363
7714
8666
8233
9128
8969
8630
8021
8841
8717
8608
7576
8518
14005
10123
9132
7808
12419
8558
8796
12576
9178
9113
7543
7414
7765
7934
8147
8336
8521
8982
8564
8408
8535
8656
7810
8765
9237
7438
7640
8173
7749
7994
8237
8422
8088
9100
8579
10139
9282
8456
17151
10333
8400
7892
8710
10471
8351
8383
8594
8632
8034
7673
8010
7968
8722
8888
8069
8856
8335
8707
8123
8082
8839
8353
8394
9241
8866
7324
10443
8476
9056
14886
8611
9414
8645
7566
9055
14226
10158
7881
8935
12328
8569
8260
7676
8361
7943
12360
8583
7953
10266
8594
8330
11000
7856
7400
7815
9110
8305
9241
8364
7922
7517
9071
7534
7812
8585
7639
9214
8115
8870
7676
8390
7561
8322
7631
8138
7612
7776
8074
8343
8013
8791
9083
8718
8201
9278
7752
8093
9282
11567
8095
8115
15178
10186
8451
7851
10651
8506
7707
8447
7551
8456
8506
7608
10756
7578
7666
7794
8312
7917
7769
7619
9328
8689
8558
8472
9597
9208
8638
7648
7700
9135
7529
9813
9092
8920
17211
7379
21899
8721
14815
8383
7636
9419
8291
8565
8312
8716
8189
9125
8323
8605
7983
8723
8333
7566
8208
8712
7536
8292
7641
9141
8619
8253
8786
8490
9099
8614
9078
9217
11441
14324
8508
9229
8545
8418
9082
8534
7609
8465
8986
9034
8846
7928
9430
8064
9908
9180
9027
9252
9629
7663
8820
10020
8901
8564
16847
9121
7793
9721
7912
9269
9683
7804
7735
7554
7934
8588
9501
8478
8565
8619
7353
8155
7723
8496
8540
7956
8194
7232
8997
8233
7767
8574
9352
8091
8270
9441
8476
8554
11318
8889
7873
12512
11567
7893
8179
7501
8717
9199
8095
7521
9736
8456
7795
8811
8415
7376
8005
8664
8415
8169
8776
7512
8394
8230
8758
7663
8182
9312
8201
8559
8436
8482
10082
8118
8810
13943
9001
8856
10290
8796
7735
9975
8465
8502
9076
8912
9214
8215
8718
9266
8177
8109
8308
8010
9422
7234
7741
8647
8247
8637
9571
8881
7441
8785
7928
8558
10281
8898
8333
13260
7695
8039
11772
8178
8871
9060
7941
8006
9280
8150
8174
9394
8093
7598
8218
8108
8115
8771
8797
8596
8447
8647
7559
8830
9269
9214
7544
9773
8378
7731
10720
8287
7501
17857
7564
8407
8309
7574
8346
10862
9164
7448
8412
8875
8161
8342
11527
9221
7588
9017
7910
7986
14482
9624
8384
10764
8736
7927
9139
7674
8610
8638
8132
8629
8770
8449
8414
8227
9117
8707
8316
7621
8054
8495
8414
8178
8073
8543
7651
8251
9169
7775
8896
9376
8047
10210
12819
8705
8407
9742
9014
8238
9410
8681
8219
7562
7514
7733
9558
7649
8552
9027
8016
7847
9010
9003
9035
7744
9346
7844
7851
7923
7892
8716
9251
7633
7753
8206
9226
9047
10143
8482
8135
9672
9663
9070
12590
8221
8457
27487
13140
8087
8001
9442
9033
7374
9516
8238
8328
8329
9312
8553
8291
7682
7513
8333
8606
9450
9002
8420
7615
8545
9839
9073
8760
14598
8727
8284
10383
8011
8212
9317
9210
8393
8440
8494
8449
8160
9167
10351
7597
8673
8601
7912
8927
7727
12547
9632
7600
7594
11976
9210
7583
9248
7856
8384
10570
9110
11328
8013
8978
7637
8263
7983
8555
9052
8794
8115
8170
8440
7502
8121
8222
8138
8278
7981
9050
8749
9196
9254
8066
9497
8725
9273
14515
7704
8133
10313
8253
8883
9096
8435
9195
8655
8062
7697
8246
8091
9094
9108
8824
8198
8809
7951
8497
8066
9348
8420
7994
8654
8830
7727
7648
9017
11734
17251
7532
8332
10984
8408
8493
13917
11351
8111
8396
13238
8803
8482
13312
7812
9025
9081
8116
8879
7914
8008
7411
7538
8410
7691
7579
8269
8255
8227
8771
7991
8878
8169
7341
7990
7485
8972
9034
7808
9380
8343
8892
7440
8897
9079
8815
8573
9638
8800
8397
11753
9119
7792
13205
8595
8997
9019
7542
9199
8530
8698
7593
8453
9000
8383
8767
8957
9366
9034
8943
8671
8974
10695
8575
8213
13420
7553
7794
11062
7887
9057
9738
8038
7630
8405
7555
8163
8848
8229
8571
8635
8212
8057
8992
9073
7944
8307
8080
8809
8351
8697
11088
7808
7614
8889
7733
8235
9261
7364
8397
7801
7904
7857
9327
8660
8697
7740
8184
11374
7856
9102
16536
7953
7822
7810
8835
8564
8356
8889
7430
8789
7583
7715
9706
9246
10196
8267
8251
8037
8871
7915
8688
8415
7543
7674
8557
8811
8707
8966
9745
7537
10051
13800
9153
7512
10063
8065
7669
9353
8525
8277
9029
9061
8553
7985
8655
7651
8498
7502
10827
9015
7714
8394
8196
7859
8279
7751
13975
7500
8235
13128
8029
7865
11831
7743
8116
9274
9005
8196
9603
7451
8394
8807
9271
8733
7870
8396
8044
7755
10564
8767
8606
8067
7553
8260
7917
8939
9020
9629
7789
8492
9547
8364
7461
8392
8362
8636
9291
8155
9100
13620
9044
8164
8896
8253
7492
11875
8676
8499
8579
8687
9568
8797
8027
8015
7762
8443
8609
8333
8230
8457
7777
8711
8102
7512
9158
8277
7943
10123
9020
7723
9294
8547
8226
13604
8153
8646
9900
8497
8553
8615
8172
8745
10185
9102
8507
8546
8812
7895
7581
8798
8764
7893
9134
8082
8974
9540
7481
7749
8835
8497
8747
9561
9097
8145
11523
7358
9001
12760
8617
8308
8892
7808
8500
8559
8299
9153
9187
8653
8486
8156
7869
7599
8374
9162
9047
8884
7812
8396
8184
8794
8309
7891
8025
7494
8014
8696
9215
8909
9398
7747
7298
9594
8035
7741
10888
7659
8742
13485
7925
7569
9133
8061
8549
7733
8658
8779
8575
8813
7824
8415
8936
9326
7613
8995
9138
8045
8477
8685
8439
7858
8349
8374
8523
7794
8611
7792
7533
9159
8283
7675
8205
10826
8056
7979
16207
7670
7668
8887
7687
8343
8623
8068
8369
9235
8553
8782
9731
24618
13348
8596
8101
8264
9920
8266
9703
14443
8734
7562
7512
7870
10890
14382
10511
7636
7532
10439
9059
8189
7588
9015
9367
15989
8615
8405
9180
8756
9880
8754
8823
8695
8332
7735
9127
8721
8815
7779
7917
10962
8385
8940
14860
7812
8165
9051
8984
9599
8289
7530
8580
9751
7712
8391
7559
8209
8154
7901
7544
9379
7850
9676
7974
7769
7953
9265
7542
8995
8792
7600
8436
8559
9157
8808
7743
8382
13635
9832
8723
12437
8075
7817
7757
7954
9133
7331
8266
7742
12969
8848
9023
8427
9425
8023
8404
8215
8293
8744
8053
8686
8739
8841
8107
9015
8628
7711
8625
9994
8680
8990
16259
7643
8536
8987
8330
8342
8976
7819
7697
10363
8280
7861
8555
8282
9286
8363
8214
8276
7585
8646
8082
8896
8579
8043
8618
8572
8672
7587
8529
9045
10314
11475
7813
8205
12493
9286
8478
7784
7544
8435
7984
8797
8381
8285
7568
8055
8934
8460
7953
8562
10196
9400
8570
8221
7560
8765
9070
8373
9069
8794
9476
8384
10763
8281
7321
12344
8096
9139
10974
8107
9369
8589
8166
7942
9194
8113
8236
8061
8579
8548
9106
8265
8161
8293
9178
8364
8835
8300
9125
8984
7792
8052
7924
9714
8965
8010
9854
8306
8305
15107
8953
8517
9636
8328
7753
9505
7557
8256
8152
9421
8292
7977
7697
8617
9200
9062
9056
7951
7534
8282
8630
7835
9176
8666
8981
8426
9369
8864
8845
8351
12149
7554
7862
17099
8408
8594
8097
7720
8545
8778
8577
8849
8437
8196
7671
8996
8153
9159
8818
8456
7482
8035
8776
7780
8558
8072
8933
9010
10671
8093
8681
14755
8145
9099
9415
7513
8049
8394
9015
8530
8393
9186
7689
7955
9348
9342
7882
8274
8282
7952
7472
8994
8389
7847
9249
9005
8241
8090
7599
8159
8463
7591
9156
7391
7631
7547
7707
8890
8087
8716
7846
8179
9220
8247
8543
8291
9182
8375
8917
8454
9674
7866
8010
8462
8662
7550
9703
8755
7646
9005
8196
7956
16827
7980
7900
7806
8506
8882
9104
7750
8410
9439
8617
7602
8632
7994
8979
8462
9167
9107
7605
7895
7520
7912
8752
9157
8596
7935
8415
9076
8153
8633
8433
10205
9257
7835
14196
8735
8696
9965
8594
8158
8532
8810
9016
8631
7504
8060
8431
8698
8355
7806
8846
7769
19737
13917
9371
8841
8200
7609
7573
9571
8160
8646
9259
9009
10513
7735
8197
7815
8032
9432
7688
7995
8266
8167
7927
7712
8589
9148
7993
7912
8126
8415
9235
8549
8887
8663
7334
11427
9161
9137
12020
8931
9252
8071
8101
7789
8348
8376
9035
9358
8543
8405
8180
8270
7943
7985
8007
8460
8136
7814
8005
8007
11612
7641
7740
8435
9230
7534
8355
8213
7999
7830
9040
7532
7833
8036
7555
7558
9515
8093
7868
8614
9040
9857
8879
8641
11720
7632
7775
12413
8353
8825
8398
8774
7783
9077
8757
7803
8384
8606
9254
7613
9167
7971
7241
9025
8063
8153
7760
9207
14405
9095
8125
9277
12074
8676
9183
8092
21235
9034
7592
10482
9180
8313
8780
8030
9287
14380
8811
8000
9225
7672
10135
7888
7938
7842
8597
9192
8139
7461
8735
8409
11718
11254
8057
7578
9561
8434
8239
13704
8146
8055
8775
7803
8012
7886
9007
8842
10145
7774
8078
8671
8172
7825
8378
7822
7856
7794
8832
7882
8094
8210
7333
8225
7941
7574
8698
8145
7318
8646
8794
8288
7767
8230
9047
13599
8525
9521
8724
9918
8012
8513
8284
8176
8061
14388
7572
8328
10779
8394
9938
8279
7816
9040
8610
9205
11056
8444
8315
8331
8996
9756
8403
7943
11199
8718
8004
13801
8326
7386
9843
7890
9376
8620
9058
8175
7971
9324
7879
8696
7490
8599
7560
7947
8317
8529
9112
8389
8510
8474
8451
7541
9100
10276
8330
8744
9437
8207
9079
8945
8037
9487
7639
8033
16904
9000
8800
10543
9167
7951
13170
9830
8717
7489
9610
7896
8641
8420
8512
8959
12694
9657
7962
9354
8127
8206
9093
9042
8582
9142
8093
8579
7616
8272
7711
8511
7956
8614
8073
8354
8298
8079
7608
8407
7681
11047
7798
7442
7764
7870
7420
7294
8838
7770
7983
8264
7941
8222
7691
9139
9133
8933
7636
7746
8638
7328
9028
7732
8476
7870
7668
13405
9329
8333
8345
14365
8245
8329
12906
7810
7651
8102
8030
7836
9476
8410
7763
7864
8820
8191
8600
7593
8030
7793
8591
8231
9091
7527
7550
9010
8756
8512
8811
8066
7558
8581
8250
7810
9258
7289
9170
9346
8087
9425
7460
7953
8637
9163
9042
8639
9411
8615
13480
8500
8324
10585
8958
8357
8181
8501
8104
8010
9548
7730
7802
7617
7770
8437
7783
7594
9187
8615
8430
7943
8169
9087
8536
9640
9670
8414
7640
7595
13367
10230
7811
8487
14314
8107
8100
9775
7782
7964
9578
7768
9480
7960
9192
8913
12432
7616
7598
8594
7765
8909
9397
7730
7764
8169
8112
8215
8390
7891
7634
7527
8287
9193
8404
8522
8641
8600
11185
7678
7879
11609
7632
9230
14412
8046
9086
8521
8348
8938
9143
7362
7856
9013
9255
8191
8447
8983
8156
7747
10883
8928
7606
9301
8897
8479
13300
7584
9553
9688
8660
9035
8454
8173
9247
12689
8221
8587
8394
9426
9098
8316
9257
7996
8941
14358
8599
8848
10659
8388
8128
10550
8575
8475
8528
8596
8845
9056
7765
7892
7848
8630
7935
8797
8182
7585
8271
8169
9281
7492
8794
8786
7463
8435
7587
8364
8656
8405
9140
8203
7759
8887
9403
8575
10498
14349
8438
8447
9579
8686
7918
8656
7792
8084
8598
8584
8155
9178
9162
8477
8176
8991
9117
7610
8212
7952
7806
8400
8623
8661
9207
8753
9051
7846
8185
7750
7781
8730
8897
7875
8740
8395
9082
8015
9189
17336
7713
8478
9571
8352
8538
8527
7702
7605
8818
8160
8609
7894
8524
8865
7689
7667
8118
9211
8516
9256
9043
7601
9964
8035
9136
8156
9237
11189
8591
7856
12729
8611
8538
9307
8420
7770
9015
8876
8811
8200
7790
8953
7615
7993
8235
8689
8465
8599
8292
8575
8708
8625
7971
8835
8752
7719
8071
7672
8117
9439
7928
7538
7769
7720
8502
9457
8636
8118
152661
7876
7979
8786
7733
8485
8756
8473
8392
7694
8696
7432
8271
7684
8721
8783
8128
9233
10084
9056
8966
8312
11226
8289
8685
13790
9011
9123
8739
8799
8704
7899
7753
8184
9068
9432
8574
9279
8997
7429
8574
8839
8651
7993
9010
8837
7358
8791
9461
14220
12651
7985
8393
9048
8006
8616
8695
8736
7692
8769
7758
7576
10123
8404
9041
7402
8093
8826
9198
9085
7704
7533
7376
8625
7781
9470
8202
8915
9005
8395
7691
8537
11116
7541
10616
9042
8070
12928
7352
7974
12163
9188
8064
8620
7596
8178
8794
7598
9251
9208
7489
7557
8471
8772
8958
9083
9225
8369
8197
9076
8620
8753
9292
9004
9195
16283
8154
7492
11928
10029
7761
7984
8245
8182
16446
13765
8333
8030
10445
8598
9318
9542
9303
8200
8737
7377
8408
7847
8406
8933
10476
8362
8618
8210
7561
8232
10046
8625
8318
8431
10661
9096
8764
14137
8086
8085
8211
9318
8475
8172
8203
8584
9487
8751
7665
8854
8810
8738
8010
7797
8334
9316
8730
7579
7890
8566
8924
8518
8045
8548
8017
8198
7692
7600
8838
9013
7952
9026
7914
7391
7740
7583
9753
9934
8122
8976
9642
8339
8494
9074
8705
9098
12717
8616
7793
10542
8425
8655
11592
9138
9253
8685
8014
8725
7862
9897
7935
7613
9279
9159
8294
12905
8015
7791
14125
7876
9247
9635
8092
8071
9097
8416
9536
7506
7783
7537
7339
8958
7933
9378
8252
9261
8660
7318
9942
8167
7932
8510
8089
7892
8487
9029
8967
7733
7892
10995
7814
7528
9577
9005
8995
13164
8575
8358
8679
8835
9082
9472
8921
8087
9243
8376
8679
7850
10570
8052
9261
9873
7964
8320
13014
8790
8930
14591
8584
7569
8933
7671
8546
8195
7656
7729
8592
7668
7504
9084
9151
8469
9281
8412
7471
9003
8654
7555
7612
9153
8756
7800
8411
8083
7832
7793
8439
7723
8370
8927
8354
10130
7820
8716
10680
8151
7652
9183
8104
8259
9241
9008
8696
9301
10242
9211
8442
8557
8816
8447
8207
9843
10358
8820
9120
9476
8365
8156
13528
7793
8083
9742
9208
22484
8804
16963
7682
7387
11592
8767
9203
8255
7630
8389
7336
8846
9358
7667
8430
9424
7802
7401
8693
10349
11204
7660
8846
13739
8374
8341
10836
8630
8025
9177
8236
7827
8003
7817
8143
9064
9764
9114
7757
7935
7907
8286
7908
7291
7679
8215
8182
7744
9381
9316
7533
8436
11158
9057
10036
9098
8010
9203
8896
8276
14323
9162
8462
9280
8123
9030
8787
9162
7512
8558
8865
7831
9098
8679
7625
7758
8435
8664
8574
7997
8137
7574
9509
9160
13274
13934
8091
9137
9305
7578
9210
8759
7530
8482
8784
8013
9127
9178
7825
10291
8914
8821
8616
9247
7953
7784
7683
9386
8455
8586
8983
7418
9003
9656
8712
7588
15838
7606
7620
10505
8543
8572
8821
8651
8959
8283
9177
7808
7694
8541
8388
9099
8542
9133
7720
7787
8380
8261
10758
8655
8209
14703
8997
8041
8472
7968
8090
8142
8716
8869
8183
8696
8987
8660
8976
8748
8528
9174
8599
12746
8125
9246
8579
9350
8863
8953
9332
7796
8173
13193
8978
8449
8735
8320
7997
9652
9117
9007
8975
9618
11147
8010
10569
8959
8132
13158
7863
8002
13745
7882
8338
8749
7541
7984
9072
7607
9307
7569
7549
8625
8443
8374
7789
7893
8464
8471
8726
7584
8858
9164
7841
8797
8593
9108
8613
7521
8638
8010
7941
7693
8931
8154
8784
8558
7626
8276
7891
11827
12159
7692
8496
12758
7972
8611
12548
8640
8940
7907
8071
7895
8916
8116
8452
7556
10594
8234
8220
8980
7672
7953
8664
8864
10262
13687
8986
8010
10615
8098
8909
8817
9566
7685
8765
8584
9167
8315
7589
9118
7675
9374
7473
8336
8848
8039
9006
7609
8687
8517
9094
9140
8735
8478
7352
8937
10364
7659
7835
13353
8121
8526
12000
8493
8452
8091
8087
8303
8145
8193
8801
8226
8322
8394
9969
7390
7814
8473
9214
9056
10388
8007
7610
7664
8113
8616
8072
7577
8534
7420
9116
8340
8355
7627
10688
8938
11338
9153
7443
17035
9200
12554
8491
7835
9216
8502
7825
9192
8529
9589
7762
8294
14353
7781
9061
9906
9155
7747
9871
8371
7979
7871
7512
8803
8733
7648
7853
7993
9037
8734
7860
9010
8879
8358
9240
8536
8561
7563
9120
8010
8412
8656
7680
7814
9248
7910
7748
7827
8974
8266
8432
9055
9462
8990
9220
13969
8292
7702
10526
8076
7748
10593
8121
9096
7680
9296
8331
8394
7819
9960
8313
7385
9220
8770
8475
7794
8106
8582
8697
9397
8025
9377
9290
9761
8490
8564
11788
9158
7734
11892
8220
8184
8857
9215
8728
8611
9276
7699
7850
8271
8115
8995
9282
8636
7781
9085
8634
8389
9605
8446
7756
8138
8797
9235
9244
8819
9225
16770
8316
9185
8011
9059
9179
8851
8192
8586
8281
9201
7943
9281
8848
7911
8169
8113
7940
7822
9411
9153
9245
10454
8207
8488
14172
8575
8474
8965
7815
7914
10045
8327
9377
7584
9000
8281
8992
8231
9102
9261
15720
9114
8136
12591
9148
8907
8544
8215
8080
8988
8250
9342
7970
7791
10245
8171
7542
8290
8341
9106
9544
7455
9210
8955
8955
8124
7749
7908
8216
8665
9212
10679
7564
8451
16809
8738
8718
10502
8820
8117
9436
8430
7671
8200
8979
9216
8720
9871
8752
7547
11186
8095
11869
12876
9207
8618
8183
8299
9635
8829
9171
8010
7829
7948
8138
8600
9043
9070
10835
8968
8582
8298
10182
8707
8354
13738
8441
8424
10444
9374
7841
8487
8333
9011
7728
7656
8115
7604
8163
7996
9076
7738
8912
8397
9579
8475
7985
8736
8782
7705
8994
8006
7752
8173
8089
7878
9276
8398
9011
10745
9218
9077
14538
7717
8900
8466
7738
8606
8001
8962
9035
7629
8500
9256
7641
8601
9183
12958
8491
8717
8628
10707
8140
8651
7661
8579
8870
17625
9400
7795
7884
9374
8263
10239
7862
7292
8437
9071
7550
8215
7559
8935
8836
7523
8682
8599
8833
8499
8745
13161
8936
8782
11605
8697
7513
7750
8411
8658
9365
8420
8122
8334
7700
8594
8215
8056
9188
7648
7319
7740
9073
8610
7764
8800
8194
8622
7645
8583
8843
7870
9735
9133
7234
9060
8696
8703
9464
9025
7912
10150
8633
7805
8819
7671
9109
12963
10635
9050
8393
8689
7686
10874
9325
7265
7696
7633
8387
9046
8184
7657
7358
8413
10056
7517
7956
8416
7774
8440
7914
8493
9181
7563
8419
8253
7723
7793
9046
7794
8003
7839
8605
7387
8211
8468
7641
7497
7702
9272
8247
8809
8827
7947
8804
8504
8625
9234
8472
8400
9238
9162
14017
7810
8191
14374
7546
9358
8579
7427
7956
7981
11184
8095
8057
8946
8456
8641
8795
7577
8693
7344
8285
7974
7566
8815
9319
7868
7852
11128
9641
8295
9275
16843
7961
8355
8415
8100
8779
9025
8452
9343
7878
8448
8443
8907
8111
7692
8541
9374
8881
7830
8851
8804
8994
10025
7238
8929
14452
8269
8539
10647
7497
8047
9322
8219
8975
9137
9325
8529
8293
8877
9238
8181
8193
9020
9295
8323
9029
8333
9299
8291
9070
9551
8400
8266
14584
8195
7487
11735
7966
7434
8779
8766
7813
8771
8017
8504
7839
9528
7550
9052
8871
8074
8074
7763
8246
8092
8413
8436
7291
9223
8874
8057
8390
8657
7983
7806
8026
7295
9294
8616
9110
9440
8608
7564
8496
8721
7704
7805
7494
7565
9251
9702
9232
8815
7820
7551
7394
8822
10561
7956
17136
7899
8833
7931
10446
7676
8928
9510
8681
7919
18582
11216
9496
8531
13405
8471
8754
7447
7591
8979
8053
9087
8979
12297
23673
8171
8782
8736
8797
8601
10785
13059
8607
8815
13630
8618
9153
10031
7319
8956
8904
8175
8682
7846
8446
7832
7471
8871
8577
8463
8536
7683
7712
9178
7639
8435
8155
8388
9300
8446
8361
8066
11307
9323
7994
13275
8433
9217
9435
8806
9014
8422
8237
8553
7852
8203
8392
8548
8020
7446
7639
9168
9243
8174
9172
8153
8079
7729
8669
7581
8993
8804
8053
7651
8503
7903
8995
7667
12828
13744
8988
9025
9913
9318
8383
8633
7839
8697
9363
8475
9216
8144
9079
8432
7704
8317
8677
8913
9217
8592
8314
9092
8399
15764
10757
8839
11740
7955
7641
8714
7706
8655
8133
7555
8193
7592
8311
8995
9038
7763
8102
8367
9148
8281
8328
7497
8523
9215
8407
7935
8573
9193
7958
7736
9176
9800
7610
9358
18439
9503
8318
9340
8457
8284
9137
8328
8264
7695
9046
8225
8317
9148
8853
10675
8917
8102
9199
10292
9317
8956
13117
8261
7584
8621
8620
7906
8476
7575
7598
10284
9682
8523
7887
9682
7855
7850
8438
8174
8534
9167
8266
8993
8010
8632
7528
7608
8573
7316
8300
8714
7914
8076
8509
7517
8302
8856
7513
8567
8109
8100
8425
9679
8800
10651
9015
8565
14335
7649
180226
9317
7897
9297
7656
8865
7960
9770
7453
9229
9434
8637
8413
7921
7615
8700
9475
8853
7887
9041
8583
8813
8411
8374
8097
8034
9376
9026
8953
11493
7984
7742
13028
9183
9261
9618
8567
8550
8884
7962
9226
8465
8536
9093
7723
8174
7640
9066
7728
7592
9075
8440
8116
8333
7743
8333
8328
9446
8302
8975
8379
8634
8954
10312
8117
7416
9432
8659
8125
13620
7620
7620
10145
8543
8657
8169
9040
7966
8465
7964
8102
8828
9360
7457
8968
8674
8142
8242
7822
7935
11293
8027
8552
8377
7870
8177
9040
8635
9219
8993
8874
8220
8081
12630
7981
9037
8586
9483
7611
13362
8532
7860
8878
9199
7931
8592
8424
9264
9270
7693
8174
8961
7990
7911
8625
9396
8323
8704
10142
8938
8563
13798
8525
8051
10191
8026
9176
8707
8193
8174
7613
8883
8769
9147
8375
9289
7525
8179
9044
8533
9276
8207
7602
9064
9742
9097
10699
8878
9168
13959
7554
7872
10646
9619
9103
8040
9413
8901
7721
8753
9306
8507
8882
7802
11029
9909
7578
7445
9698
8396
9231
7674
7656
7592
13241
7723
8872
12230
8616
8277
9292
9174
8833
7785
8635
8323
7996
7972
9230
8816
8312
8333
9386
8095
9117
7790
7761
9293
7733
8174
8642
9031
10727
7942
8120
10433
7873
8685
15925
9082
7870
9835
8065
8222
8990
8045
7822
8785
7791
8225
9223
7608
8780
8796
8152
8805
8712
8353
7610
8975
10356
8512
9609
13866
8716
8188
9741
10261
7769
10194
8789
9153
8362
9146
8482
7691
8046
8097
8402
7965
8564
8654
9089
8498
8615
10837
8805
8619
13632
9262
9211
8063
7768
8800
8801
9834
7461
9015
7707
8014
8361
8214
8839
7956
8239
7851
7954
7743
9115
9169
8455
9320
8511
9241
8135
7965
8626
7441
9434
12253
9536
7851
8269
8296
8892
8427
9261
7917
9418
9172
7713
8110
7757
7605
9452
7569
8634
7784
8506
7687
8286
8030
8668
9144
8476
8040
7907
7912
8492
9410
9471
9035
7331
9599
9252
8196
11092
8176
8292
11266
8257
8781
8836
7709
8226
10938
7788
9116
8286
7615
8230
8120
7839
7988
9477
9144
7601
8822
8314
8116
7652
8031
9203
8748
9105
8355
7570
7692
8111
8420
7943
7814
7611
8419
7810
9218
7522
8385
9250
9054
7584
9179
8658
7953
8295
10651
8571
7830
14561
8672
7885
9035
9195
8277
8827
7753
9251
8942
7940
8004
8610
9227
8138
8818
8383
9461
8980
7675
8300
7705
11256
9447
7797
10600
7700
8095
10565
8266
8200
11570
8106
7932
11667
9007
9273
8128
8621
8476
7619
8354
9267
8553
7644
8193
7590
9207
9179
7601
8630
8807
8323
8785
9333
7583
7620
8999
9175
8309
7600
8317
8707
8193
9180
16882
8365
7822
11268
9097
7844
9605
8626
8375
8496
9066
8700
8625
7800
7561
9577
10702
8790
8312
9494
8538
10635
12938
9641
8210
9958
7419
8830
8392
8386
8085
7726
8023
7844
8179
7737
8867
8607
8359
9455
7988
7302
7851
7744
8657
7682
9235
8078
7709
8871
8164
8051
9235
9517
8490
7732
9279
8560
8168
10361
8498
7736
9548
9005
8444
12712
8402
8835
8386
8412
7630
9235
7866
9056
9113
7748
8056
8275
8073
7466
8107
8616
9866
8569
7915
8842
9143
8293
8937
9222
9048
7870
8499
9158
7591
7495
10782
8808
9220
12712
8099
9346
9574
8038
7553
9916
7735
9202
9029
13086
10460
8390
9000
9146
8403
8496
8335
8360
7830
8696
8586
8472
8132
8390
7844
8001
8814
8162
9535
7497
7647
9994
9352
8292
13456
9015
7865
10043
13316
8420
8130
9461
7792
8806
7614
8834
7854
7534
9287
11122
8385
8292
7745
9169
7666
8309
8794
8335
8340
7863
8380
8262
9141
9053
8630
9239
10421
7895
9149
16689
8300
8212
8832
7830
9013
17023
11764
9227
9144
9082
8314
9129
13098
8901
9225
8185
7518
9343
7681
9264
8240
8035
7800
8442
9003
7702
9007
9057
10111
7938
7602
12669
8337
9037
11459
8358
8784
8264
7697
7514
8415
8281
9133
10579
7984
7604
8836
8429
9148
8188
8959
9291
9102
8774
8182
8838
9168
8607
8103
11071
8525
8531
13612
8224
7758
9115
8603
7458
8289
9162
7343
9318
7433
8892
8035
8293
8189
8529
8113
8987
12554
7704
8685
8516
8778
8453
8957
7822
8336
7895
9681
8132
8843
9840
7652
9039
18898
9115
7988
7850
7755
9152
8514
8025
9225
8572
8641
10413
7691
8438
7253
8194
7481
8445
8615
8837
8502
7665
9886
8784
8473
14824
9291
8200
7919
7799
8173
11733
9261
8000
8836
8256
8490
8666
9035
7972
8437
8292
7622
9317
8531
8518
8133
8891
7592
8449
7880
7987
8493
9590
8625
8058
9223
9206
8272
13145
9192
9379
10825
8179
7572
7793
8571
8319
9800
9221
7560
8188
7829
8490
8548
9697
9260
8640
8262
8674
8148
8969
8575
8620
9129
9201
8005
8984
9033
7520
9686
7736
7810
14819
8772
9238
8425
8843
7831
8706
8543
8846
8837
8619
8837
8555
7628
8016
9107
7549
8393
18898
12928
9368
8453
8593
7609
7978
7729
8017
8274
9045
7929
8190
7635
9058
7733
8687
8009
9243
8743
8607
8056
7774
9077
9538
8805
7576
7671
9937
9239
8330
9114
7660
7714
8614
8112
8760
8204
10241
7385
7703
9721
7788
8107
14738
9133
7743
9358
8112
9338
9209
8874
7790
8044
8297
7807
8325
7490
8168
9041
8191
8356
7900
9419
8359
8475
8111
8744
8093
8336
9121
8313
9066
8623
7395
8791
7919
7652
8142
7670
7906
7574
9160
8307
9163
8630
7856
9017
7580
7730
8446
8625
10962
15643
8210
8095
10663
7571
8174
8130
8097
8861
7995
8687
7527
9294
7554
8635
8805
7631
9213
8395
9345
7682
8536
9217
7979
9168
8516
7800
7753
7334
9317
8010
10220
8856
8369
9860
8676
7610
16770
8327
8073
9420
7976
8545
9686
7921
8879
8726
9521
8605
7789
8225
7959
8617
8312
8708
8733
7548
8543
8155
7528
9107
9323
10791
11319
9143
13112
9383
8446
9112
8615
8316
8483
8974
8777
8462
10405
8747
8107
8107
9225
7606
10348
8363
7938
11707
8861
8343
12610
9177
7361
8043
8566
8860
8516
9891
9751
8654
9121
7901
7832
8442
8513
8830
8713
8622
8581
9612
7856
9177
10314
7794
8344
13451
9148
8218
10464
7871
7436
8186
9270
8786
7991
8451
7804
8963
8009
8076
10052
7796
7681
7783
7791
7890
9042
9205
7535
8819
8212
8137
8675
8499
8982
8579
10389
8023
7552
10811
7705
8326
17536
10405
7562
8825
8719
9353
9660
8758
7743
9343
8319
8432
9059
8168
8211
8386
9723
8692
9209
13174
8955
8263
9447
8657
8256
9395
7634
8840
8014
8004
8561
8958
8870
7570
8685
7741
7333
8076
8364
7987
9198
7830
11552
7299
8080
8214
8166
7470
8805
13948
9463
7690
8137
15184
8676
8810
7878
7567
8948
10219
8815
8754
8855
7702
9502
9132
8949
8697
8118
8967
8265
8261
8720
10057
10243
17508
7944
9261
7574
8434
8777
7851
7541
7565
10276
8282
10694
9060
8495
7358
8204
8987
7403
8439
7629
7939
9226
8697
7838
7543
8407
9407
7523
8162
7534
8501
14598
9902
8153
8086
8441
7511
8174
8431
10001
7532
8134
8455
8227
7671
8774
11849
9458
8436
8628
8478
9030
8356
11343
8466
8613
9405
7538
7522
13897
8656
8349
7955
8223
7384
8539
8377
8466
8938
8818
8006
8555
8246
8423
8441
8254
7684
8961
8460
8211
9061
8951
8414
8507
8841
7941
9166
9258
8058
8019
7641
8307
8104
10056
9000
8867
11477
8053
8997
12028
8900
8627
8524
7638
7618
7963
9051
8847
8624
8989
9205
8575
8501
9117
7603
9076
8135
11037
8707
7813
9160
8639
8798
8875
8071
7672
8861
16550
7981
9186
10298
9202
7743
8984
8294
7689
7892
8353
8133
8540
8355
9000
9297
9123
11674
8487
9451
8815
7763
13048
9228
7450
9990
7406
7994
8006
8617
8400
8722
9828
7718
8285
9241
9098
9117
8249
8900
8597
9185
8586
9193
9158
8274
7664
10050
8173
8932
9840
9072
8185
14066
8699
9320
7932
8194
8238
8717
9050
7782
7476
8401
8747
8490
7994
8040
8466
9276
8996
8122
9259
8583
8563
8645
7610
7725
8276
8515
7632
8030
7561
8806
9111
9395
8282
9020
8645
8399
10421
9139
8574
13925
8552
8013
10041
7625
9230
7724
9011
8618
8254
8353
7642
8198
8015
9287
8051
8031
8528
9150
8523
7538
8184
7630
9506
9201
8761
8287
8543
8678
7907
7670
7948
7646
9090
8629
8744
8833
10572
9041
8367
16472
7369
8405
9671
9053
8805
9176
7931
8084
9389
8668
9429
7591
8923
8276
8565
7630
9064
8708
8460
9642
7805
9258
9225
7543
11505
8168
13641
8958
8302
8067
7627
7751
9175
7748
7874
8307
8234
8876
9354
8157
8489
7728
8203
8560
7574
8267
8481
8312
8702
8739
7792
8264
8118
7950
7685
8814
9133
9977
10373
8215
8307
10571
12950
8795
7818
8822
8980
8305
8828
7574
8200
9197
9036
8476
9048
8923
8880
7452
7949
8940
7609
7593
7487
8053
7972
8104
8343
8048
8252
7609
10287
7917
7586
8026
9263
7521
7434
8831
7552
8330
8122
8578
8374
7943
7978
9146
7709
8055
7989
8768
7810
9215
9000
7625
8367
8540
8515
8837
8991
8507
10174
9742
8695
16987
7551
9003
7897
8492
7578
8069
7783
8269
9220
9015
8631
9369
7228
7815
8499
8895
8553
8878
8176
7458
8743
7796
8692
9013
10205
7814
7370
10184
7661
7649
12631
7958
8856
8822
8514
9333
8978
9067
7976
9251
7820
7750
8164
8908
9250
8773
8230
8163
7571
8846
8635
7823
7507
9231
7905
7957
8451
9309
10230
7960
7765
10149
8572
9253
14140
8353
7643
8685
7690
8384
8976
9060
7602
8969
8400
8480
8548
8482
8651
9192
8360
8005
8465
9158
7921
8797
7993
7549
8130
7788
7702
8275
7947
8595
10823
7570
8934
14645
13951
8987
9344
8758
9244
7716
7853
8318
7723
8398
7594
8430
9131
7894
7605
7752
8261
8601
8434
8684
8011
7715
8469
9120
8779
7890
8272
8269
9381
7433
7819
7762
9231
7715
9296
9234
7720
7841
9340
8125
8422
9215
8886
9038
8535
8702
9858
8676
8187
16850
7761
9199
9250
8801
8035
8558
7600
7820
8625
8004
10959
7522
9143
8476
8149
9044
8197
16569
11931
8687
9022
8674
8611
7580
13757
8080
9780
7878
9259
7944
7841
9223
8871
9382
12723
7970
7747
9482
8646
7954
8148
9492
8430
8201
8680
7608
9560
7533
8312
8107
8092
8548
9108
8418
7810
7534
8463
8200
8353
8014
7737
7295
8897
8408
9453
8332
9275
7857
8030
7714
7628
8572
8165
9030
9125
7866
7576
9062
7946
8597
9655
9131
7709
9494
8602
12702
8693
7766
8490
7869
8996
9985
8851
8886
8771
8843
7825
8519
7695
8389
9133
8656
7577
7453
8763
7988
8759
8936
8966
7438
8455
8076
8483
7610
8637
9260
8290
8101
8774
10413
7647
7693
9061
9302
7456
9451
8870
8565
12725
8075
9024
7953
8822
9262
8613
7916
8607
8751
9401
8114
8710
9010
7794
8045
8980
7254
7735
9277
7766
7850
8004
7525
9186
8517
8782
7410
7510
8052
7530
8209
8643
9339
8261
7597
7614
8037
7783
8374
8426
9477
9561
8622
8452
9035
9433
8171
7737
8182
7585
8430
8764
8364
7876
8608
7990
8925
9507
8453
8226
14917
7690
9122
8581
8626
7738
9171
7738
7489
8974
8074
7787
7900
10339
8645
7774
7528
8241
8967
9076
8621
8745
7870
8806
8635
8957
9228
8271
8200
7310
9036
9707
8812
9009
11524
8235
8575
14943
8748
7585
8015
7721
8155
10130
7771
9117
8992
8810
9410
9255
9468
8555
8520
9297
7912
8068
10818
8539
8065
13956
9189
8158
11084
8924
9015
7671
9157
8531
7654
8067
8244
7989
7974
7572
8770
7769
8096
9829
7492
8357
8066
8663
8152
7390
7782
7814
9246
8726
7574
7624
8482
8459
8220
8430
8179
7630
8754
8623
8553
8377
8538
7645
9871
8176
7733
9156
9035
8369
14132
10413
8883
7751
7718
8071
9571
8982
8753
8345
7524
7994
8916
7732
8031
8577
8473
7188
8975
8334
9282
7806
7428
8466
7414
9113
7876
8476
9145
8353
8101
8005
10137
10726
9902
8429
8123
10615
7533
8048
11033
8582
7598
12015
7591
8614
11308
7572
8748
8630
8000
7843
7625
9241
8528
8607
8102
7574
7492
8910
8213
9137
9299
8763
8649
8775
8671
8206
8878
9160
8251
7414
9430
8998
11103
9005
7994
13776
7554
8633
9685
9179
9728
16044
8210
7389
9456
8274
9255
8978
8840
8139
8241
9451
9279
8687
9922
8825
9453
12992
8579
8843
9209
8842
8659
10624
7578
7681
8530
7779
8074
8564
7732
9539
8328
7502
8597
7933
9307
7779
7341
7760
8369
8045
8394
8462
7938
8456
8436
8253
9218
8313
8230
8519
7562
9313
8427
8840
7642
7215
8774
7862
8446
8385
8240
10178
7267
8223
7950
8918
7701
8957
8423
7984
10628
8260
8483
13425
8789
7474
8895
11828
7769
7589
9210
8091
8897
8292
8620
8095
7805
7841
8247
7697
8897
9527
9297
8832
8441
8800
8763
8412
8476
7852
8815
8526
7771
8744
9828
8750
7751
13528
8895
8003
10347
8354
9233
8001
9194
7802
7789
8527
8331
7871
9148
9100
9107
8575
9001
7357
7790
8182
7765
7975
8533
8163
8043
9069
8747
8410
8714
7794
8953
8031
8981
10584
8147
8639
9178
8678
7564
17092
8923
9916
16241
9739
8904
8019
14923
7992
7967
8953
8457
8020
9529
7922
8099
8748
7507
7446
8462
8443
7971
8574
9254
7498
8104
9365
8394
7971
7682
8556
8961
7639
7948
9362
8512
7511
8537
9038
8387
9148
9341
9168
8117
9105
8653
7288
8092
8886
9082
9721
8012
8952
13294
8796
8243
9517
7547
9178
9080
8280
8940
7897
7805
8448
7612
8842
8145
9094
8518
7750
12416
8124
8076
9525
10282
8934
8889
13237
8469
8960
9589
8235
8343
7944
7598
8262
8847
9221
9451
10918
7670
7555
7803
7887
8374
9047
8776
10642
7701
7507
8991
8438
7892
8003
7728
7982
8506
9336
9582
8084
8068
8604
8783
8641
14266
8784
8835
11429
8547
8287
8233
8880
8229
8130
9183
7899
7618
7708
7995
8005
8075
7605
7953
9162
9265
8215
8131
9335
8504
8390
10184
7825
7789
14816
8954
7753
8432
8138
8923
8148
8862
7816
10884
8871
7951
7558
8618
9240
7836
7831
7586
8340
12781
19279
7573
9215
12877
20594
9641
8087
21833
9024
9247
8094
8137
7522
7918
7643
7963
9358
8131
7978
8467
10210
9494
9874
13432
7557
8308
8663
10079
7617
7794
10000
8259
23946
7999
8104
7886
8571
7761
8553
18857
11132
8038
8603
9167
8382
9313
20002
13923
9417
8609
8974
7756
7897
8280
8295
8540
12690
7823
7956
7531
7497
8191
8971
8748
7578
9468
7676
7504
8893
8189
8387
9015
7430
8379
8473
8569
9046
8417
10562
8249
9081
13230
8846
7439
11103
8923
9938
8706
7733
8693
8181
7873
7708
8610
7866
9242
8989
7448
8424
8158
7896
7755
9286
8399
7821
7756
8921
7712
8440
9103
8993
7846
8344
7849
7374
9146
8659
10574
8759
9369
8785
17127
9280
9128
13907
8758
9317
8420
9425
8634
9445
10263
8780
8528
11766
8025
7836
10681
8605
8862
8874
9023
8307
7770
9100
8539
8214
7214
8182
8135
11391
9216
8359
8966
7670
7551
8399
7831
7533
7902
9025
8062
7600
8413
7941
7834
8756
9088
10407
8136
8180
14855
8384
9296
8473
8388
8048
8225
9292
9082
9233
8766
8064
7961
8660
8417
7982
8466
8820
7755
7735
8146
7561
8071
8440
7842
8432
8348
8190
8232
7543
9087
7620
8179
9048
8676
7685
8841
7830
7552
7412
8953
8433
7607
10033
8406
8236
13705
7751
8206
9153
8820
7492
9201
8176
7589
8427
8247
8034
7569
8649
8272
10323
8667
8643
9196
8448
8021
9179
9037
8220
8115
7902
7410
8795
8037
9184
7893
8136
8195
8153
8501
7502
9392
8046
8430
8594
7928
8511
9280
8543
7702
7603
9925
8307
8109
9763
9527
8377
19898
8027
8651
7622
9030
7592
8936
8306
7979
10281
7994
9224
9121
10510
7637
7552
13641
9024
8768
9399
7819
7959
8482
8546
8673
9321
7558
7493
8097
7716
7428
8412
8764
7933
9303
8150
9020
7982
9202
8614
9020
9215
8604
7902
9272
8151
7808
8991
8266
7267
8545
8364
7668
8487
9078
8217
9441
7913
8036
7612
7484
8518
10986
7853
8191
12897
8866
8058
12937
7490
8388
8577
8152
10305
7551
8198
9092
7532
8212
9151
9033
9271
7930
8126
7920
7907
8814
7501
8174
7690
8441
8410
8861
7441
8091
8474
8647
9340
8944
10119
8259
7826
12273
8382
9029
11871
7958
7573
9077
8145
8181
10274
8190
7666
7981
9598
8628
7447
8863
9257
8137
8787
8474
8366
7842
8089
9161
7495
8037
9058
8035
8199
7956
8712
7910
7442
7983
9650
8596
22335
8928
8119
8365
7530
8242
8675
8911
8235
9312
9100
7553
8004
7366
8189
7811
8661
8779
7338
7830
8578
9189
8323
8174
9082
7840
7769
8220
8515
8746
9457
10251
8025
8393
13554
9202
8380
13379
8748
8148
9507
8405
7613
8597
7708
8209
9004
7859
7575
8138
9338
8349
9501
7409
8190
7846
8447
8073
9235
8571
7393
8893
9100
8876
7992
11682
8793
8076
15366
8634
9192
8191
7210
9422
7981
7928
7558
8452
8245
7757
8376
7362
8879
9013
8997
8220
8410
7854
8396
9118
7904
9159
8604
8037
9458
7902
7982
8232
7602
8601
7631
21540
9951
7678
8054
8306
8383
8030
7839
7743
8565
9182
17364
7558
8808
10075
7780
8029
8830
8353
8851
9021
7614
7613
8808
8582
9462
8206
8440
8157
7588
9020
8898
8831
8199
8212
7734
8159
7606
8183
7663
8142
8053
8476
7504
8509
7457
8109
7520
7884
8194
8908
8010
8159
7752
9120
8936
9018
10508
9350
8409
13114
8024
8179
10187
8306
7798
9298
8102
8863
7883
9215
8393
9230
8233
7321
8080
8996
7642
7595
7620
7730
8432
8762
7770
8122
8220
7706
9194
8275
11292
9229
9179
8307
8589
9016
8156
8298
10825
8205
9015
12227
8907
8706
9588
8701
9060
8829
8521
9017
7552
9182
7932
8638
9051
7419
8495
7553
8415
7896
7576
9297
8517
9029
8533
7749
8832
9630
7589
8738
8533
7864
8802
8184
8154
7996
7995
8706
8491
8693
8350
10277
9188
8182
11732
8010
8578
12082
7582
8260
10233
9257
9215
8618
11124
8374
8123
11570
7755
8531
9220
8984
7846
9829
7250
8832
8609
9171
9206
7903
7722
7703
9080
7529
7665
9104
9147
8651
7961
8380
7819
8244
7618
8183
7574
8635
9582
7608
9236
8858
8204
7909
8244
8414
9921
9052
8783
8856
8425
7688
14021
7942
8193
10697
7822
8661
9078
8483
8652
8356
8297
7677
8170
8512
9087
9798
8133
7613
8533
9233
8876
9118
8083
8726
8194
9580
7516
8891
9099
7682
9026
8224
7615
8322
9561
9135
9063
13157
8103
8365
9923
9179
7668
8898
8995
9133
7906
8396
8715
9561
8802
7883
8677
7851
7943
8647
8758
9105
7772
10320
8123
8815
9928
8583
7750
16447
9216
7999
10138
8658
8840
7890
8309
9227
7570
8825
8851
8558
7967
7271
8411
8139
11200
8601
9103
8202
8257
10025
8826
8478
12530
8430
8853
7806
18510
8830
8839
8431
10055
8070
8261
8219
8900
9278
9038
9120
8272
7480
8135
8731
8730
8184
8516
8830
9000
7406
9839
8164
8318
17738
8383
8025
10953
8956
8419
8135
8051
8832
8213
8960
8283
8798
7937
9476
8815
8227
7969
8165
8070
7511
8384
9143
7649
7756
7826
8232
11916
12041
8809
7593
12730
7822
7583
8063
8315
10282
7874
9097
8651
9113
8800
8415
8112
8800
9293
8066
8405
9658
8562
8393
8840
8671
9456
7948
8015
8532
8276
8164
10142
8701
8259
13272
7561
8179
11276
8474
9015
8332
8136
16415
7610
8848
7628
9230
15706
8465
8376
9962
7600
8092
8211
8026
9169
8046
8165
8038
8048
8815
8492
8602
9589
8178
7866
8505
8960
8618
8355
8035
8639
8579
9192
8081
8764
8605
7871
9035
9365
8843
9684
8145
8961
16600
9316
7592
8928
7998
7956
9773
7795
8175
8180
7575
8483
8728
8670
8522
8662
8444
7952
9521
8297
8177
8210
8435
9116
9151
10414
7656
9306
14097
9012
9327
9113
7571
7781
8798
8039
8935
8680
8330
8953
8682
9165
8342
10202
8579
8295
7595
7999
8528
8836
7988
9001
7324
8517
8928
9461
9854
9153
8538
11567
9085
7933
11958
9402
8471
7976
8160
9128
8163
8922
7738
7951
9016
7741
7917
8222
8845
8738
7921
8482
8240
8114
9348
8578
8425
9210
8337
7486
8307
7820
9248
8153
9036
10169
8698
8067
9809
8824
9178
14805
7513
8437
7629
9419
9286
8759
9539
9402
8370
16780
8095
8712
7808
8877
9105
8166
8062
7820
17636
14429
8790
8149
8641
9014
9198
15140
8194
8594
8795
10682
7773
7639
7983
8518
7681
13566
8158
8613
10288
8797
8554
8646
8614
7422
8295
7698
9129
8183
8193
9258
8060
8753
8986
7631
9247
8124
9483
7852
8234
7506
8137
8844
8224
7803
8153
8623
7754
8634
9057
8673
8143
10302
8676
9076
8037
12443
8025
9250
11846
7635
7733
8815
9025
7912
8358
8887
7796
8885
7931
8001
7843
8111
8120
13829
8153
8556
8538
8538
8902
8689
8877
8902
9742
17366
206528
8136
7912
8013
9001
8860
9279
9239
7861
8691
8394
7275
8414
8497
8851
9200
8990
8667
7882
9086
7805
16323
10984
8412
9055
8256
9199
8118
8602
8425
9224
10947
8173
9131
7706
7929
8412
7754
8282
7913
8866
9000
8604
8471
8229
9294
8101
9063
9306
7871
14584
8271
7615
11171
9215
7678
8228
8396
8602
8684
8010
8528
10503
9451
7738
7322
9287
8455
8601
8515
8750
7861
8605
9259
8382
9601
7881
8615
9981
7892
8789
14320
7840
8577
9876
8589
8215
9309
7719
9079
8449
8246
8600
7443
7809
10011
12510
13039
9097
9228
12452
8338
7733
16931
10230
8389
8087
15517
8763
8398
14540
9026
9186
7771
9953
8810
9000
8016
8881
9154
9870
7972
8062
13843
8857
8984
11451
9565
7458
8593
8189
7790
8453
7405
8232
8076
8646
8264
8361
8836
7774
8743
8514
8082
7933
8033
9476
8402
9289
8023
9034
9340
8611
7600
10317
8272
8385
15056
8485
11232
8649
8598
8738
7612
8123
8446
9067
8211
7414
8948
7672
8574
7619
8186
9321
8810
9378
8340
7981
8815
8263
7652
8717
9005
8507
8576
8577
9109
11654
7757
7780
15667
8007
8735
11067
7766
7974
9000
7808
9189
8683
7933
8394
7981
9333
8356
9183
7704
8106
8796
9435
8693
8912
14897
8296
8587
9630
8597
8798
8444
8668
8734
8699
11489
7885
8272
9098
9317
8795
8885
7930
8891
8645
8391
8626
9556
8398
8438
11261
8136
8292
12651
8874
7523
26793
11812
8654
8927
8286
9200
8376
8431
8692
9044
7578
8656
8476
8256
9179
9067
9713
9828
7591
8313
10271
8415
7692
14656
9439
8252
9960
21951
7792
8200
13318
7467
9330
8068
7410
8102
8670
9188
7555
7984
9077
7578
7883
10630
8273
9054
12116
9076
7838
9439
8252
8984
13556
7630
7700
12410
7697
8190
9658
7799
7812
9163
7435
8051
8495
8360
8694
7610
8122
7371
8933
8158
9006
8728
8512
9766
8343
9168
8535
8680
9161
7492
8698
7971
7488
7565
9266
8197
7994
9239
8413
8476
9030
8999
7964
11025
8108
7921
16677
7834
7507
9287
16717
7589
8371
8516
9000
9719
14439
8563
8539
10528
7684
8285
8795
7779
7576
8517
8134
8796
8430
9146
8439
7980
8687
8404
9022
8229
7533
8912
7722
8699
8799
8656
8360
8396
7815
7712
8452
8884
8795
8680
7368
8915
8711
8022
9107
8598
10815
7700
7911
14942
7569
7523
10133
8622
8435
8242
8072
9179
8448
8476
8340
8892
9437
7794
7757
8296
8025
9707
7852
9759
8435
8456
8979
8661
7555
8242
7612
7751
7965
8357
7871
7542
7629
9380
8225
9330
9504
7603
8284
9295
9148
8709
13846
9056
7965
11728
8400
7826
8255
8084
8452
8265
9005
7405
7731
9202
9241
8582
7694
8759
7788
8822
9115
7538
8242
7329
9024
8146
7635
8227
9298
7675
8519
8494
7777
7862
8364
8046
8959
8178
8917
8944
9280
11153
9621
8116
7774
8681
16036
7957
7594
11637
9223
8072
8978
8769
7856
7830
8594
8814
8243
8133
8230
9036
7882
7769
8878
8473
8952
8200
11295
8615
8554
13419
9043
9792
8755
8625
9063
7426
8966
8845
8200
8415
7974
7630
7610
8784
7620
8398
7796
7955
8501
7662
9066
9255
8918
7873
7579
9262
8600
15350
8123
8966
13956
8669
9539
10264
7992
7841
8191
8975
7852
9803
8004
7841
8600
7943
8072
8148
8037
7853
8973
8482
8267
9174
9412
9035
8597
9996
8507
8794
17661
7962
7822
9651
8244
9015
8593
8365
10198
8273
10774
8050
8646
13752
9126
7718
9522
7738
9411
9379
8385
7834
8518
7704
8280
9276
8133
7911
9076
8375
8446
7568
8588
8140
7867
7603
7656
8895
7591
9206
8842
8194
8205
8165
7715
8805
8989
9203
8575
8196
9940
7771
7748
14778
8995
8806
10764
8181
8193
9362
7490
8620
8376
9118
8545
9057
8928
8408
8587
9038
7534
8277
7594
8169
9088
9448
8752
8875
8795
8111
7849
12943
8175
8071
12472
8640
8687
9237
8017
9036
7375
8198
7569
8812
7928
9227
7794
7825
7554
7888
8458
8440
9080
10411
8333
7574
8173
8657
9379
8070
7768
7970
7997
7651
7555
8701
7755
9553
7942
9249
9270
7671
8805
8769
9967
8446
8411
10682
8450
8825
15796
8614
7393
9177
8896
8945
8416
8682
8973
8029
8989
8570
7635
8405
8810
8856
9456
9252
8577
9482
9327
7410
12861
8301
8732
10239
9200
8346
8476
8801
8600
8540
7975
8717
8993
8432
8141
10523
9230
8085
8292
7821
7800
8011
7533
8433
8647
8707
7556
8065
8822
8084
8758
8841
8020
8865
10211
7745
8035
9860
7956
10140
14370
8482
9038
8307
7494
8637
8546
8067
7761
8244
8252
8418
9418
8117
7423
8625
8378
8784
8795
8141
8013
8159
8615
9057
8534
8723
8594
7584
8646
7947
8995
8646
8133
8993
10067
9441
8435
13327
8763
10806
8653
8513
8764
8227
8615
9229
7515
8456
8600
8524
8109
7822
8153
8137
7890
8487
7578
7839
7761
8594
8256
8535
7876
8032
8351
8430
8699
7738
9071
7277
31409
8694
8435
8279
8838
7573
7689
7710
8762
8658
8230
10870
8748
7469
11769
8134
9478
12374
7652
7719
7772
9130
7652
8344
8482
7742
8696
7750
7849
7859
8695
8444
8220
10366
7666
8090
9171
8748
7465
8635
9018
8328
7748
9076
8402
8405
8201
7574
7778
9116
9005
7766
7681
8039
8310
8588
8635
8117
7989
9343
7712
9353
7670
7842
7499
8978
9066
8023
8891
10400
9016
8364
15100
7620
8459
10280
9118
8016
8567
9295
8310
7312
8207
8822
8776
7808
8585
8394
7861
9161
7441
9174
9037
8579
8618
7298
7917
8534
8071
8698
7604
8043
8027
8585
7715
7873
9021
8386
7709
8307
7912
8809
7887
8832
7467
7643
9237
8276
10787
7604
7777
12945
9168
9215
13389
8592
8297
8144
7943
8594
8950
9216
8084
8529
9014
7250
8980
9087
8646
8116
8824
7656
7383
7874
7641
7914
7757
8331
8203
8332
9441
7873
7697
7732
7748
7777
7473
7563
8558
8636
7739
9937
7603
7943
8956
9222
7583
10003
7903
8381
9575
9013
7628
13887
8636
8103
9518
7971
8410
10249
8612
8667
8333
9203
7749
7671
7946
8329
7429
8487
9347
8688
9120
9372
8240
8052
7310
8595
8441
8463
8182
9320
7891
8671
11076
7905
12086
12414
8092
8808
8712
8378
8812
8014
8844
8946
8629
7311
9043
8096
8294
7632
7852
7875
7520
10579
7456
9038
8709
8125
8256
7363
7789
7703
7634
7717
7712
8605
8172
8930
8113
9098
9216
7524
8014
8060
8253
8984
8203
8856
8092
8570
7665
8575
7953
8671
8936
8315
8022
8084
8778
9144
10844
8604
7671
13925
8429
9052
10642
8415
7872
8114
7939
8858
8169
8339
8568
9259
8184
7611
7551
7676
8141
7328
8897
8315
8731
7555
7834
8841
8156
9043
7550
8846
9085
9029
9106
8241
9000
10283
8620
9225
17210
8589
8275
8339
7429
8005
9924
9235
8719
8666
8145
7519
8822
8361
7811
7955
7789
8908
8053
8317
7569
8481
7538
7964
9863
9104
8754
8287
9019
7538
8353
8220
9211
12371
12745
8574
9444
8027
7601
7807
8351
8255
9476
8676
7682
12641
7957
8697
8502
8389
9475
9883
8339
9078
9392
9036
9055
8017
7709
7844
8611
7632
8316
8158
7861
8582
8372
8887
7661
7692
7561
8717
8586
10832
9230
8779
17558
8338
8332
8962
7944
9146
8653
8614
8579
7723
7364
7754
8468
8636
8420
7679
8758
8615
8721
8261
8104
8046
7970
9414
7913
8794
8773
9005
9404
7384
7898
9644
9043
9196
13898
8868
8014
8826
8032
10219
8393
9483
8252
8333
8164
8948
7927
9990
8261
7523
8238
8121
7650
9011
9342
9036
8459
8682
7945
9188
8512
7895
9341
7795
7769
8653
7741
8536
9507
8487
7948
14031
8831
8378
8142
8096
8547
8995
7391
9164
7774
8435
8613
7997
8388
8011
8616
7766
8415
9246
8628
7785
8676
8560
8917
7678
8816
8396
8955
9027
8974
7886
8937
9534
8126
9555
9200
7764
14418
9359
9236
8117
8954
9210
7774
9147
7974
8243
9630
8193
8461
7512
7692
16712
9660
7612
9175
17056
7968
8996
12716
7698
8600
9128
8817
9366
8400
7572
7487
7943
8770
8992
8294
11073
7569
8592
11661
8249
8912
12851
8093
8061
8185
7596
8610
8704
8671
8763
8435
8985
8414
8792
8475
7635
8945
7514
8063
8963
7653
9066
8507
7574
8643
7493
7511
8786
7992
8789
7994
7310
7545
9153
8134
7929
8674
8386
7773
7483
8326
7581
8583
7909
7953
7401
8035
8094
7619
8017
8338
8246
7410
7795
7752
8876
7779
8104
9336
7717
7748
8733
8014
9000
8157
8630
8299
8854
8880
8154
8676
9444
8350
8342
13128
8704
8090
12287
8418
8028
7758
9238
8233
10454
7757
7268
9557
8679
8436
8480
7882
9235
8445
9134
9450
7669
8501
7903
7352
7695
8933
8743
8425
7450
8414
7753
7817
8987
7779
7865
7739
8056
8694
7796
9332
9693
8131
7803
8142
9988
7794
8419
9128
8645
8962
7512
8699
8664
8257
9281
7928
8855
10122
8299
8256
9994
8758
8237
14771
10905
8525
7436
8589
8034
9049
8996
8587
10375
7317
8010
9023
9151
8738
7810
8008
7679
7552
8370
8210
7642
8162
8992
8487
8188
7589
7648
7788
8496
7798
8585
9433
8384
7588
8231
7412
7779
9017
8777
9676
8851
10463
16738
8858
8245
9314
9314
8939
9627
7464
8358
8654
7944
9261
9016
8366
8993
8733
8842
7583
9063
14274
8453
8584
11004
8395
7694
8518
9097
8272
8275
8345
11206
8576
9384
7769
9299
7825
9302
8879
9557
8912
7738
8411
7476
7656
8998
8318
8903
14263
8495
7683
11279
7740
7596
9237
9259
8204
8364
8220
8936
8736
7852
9314
8154
8459
8574
8938
9310
8039
7593
8847
9010
7753
7712
7713
14425
13713
7928
7812
10758
8122
7885
15040
7512
9369
8651
7787
8055
8098
8601
7833
8155
9291
8129
8825
10612
9007
7335
17536
8770
8636
9197
7835
8194
7573
9397
8585
8695
8705
8066
8033
8385
9236
9002
7610
9318
7984
8492
8143
8612
8864
8136
8969
14250
8801
7638
10529
7694
7946
9068
7581
9424
7986
8132
7549
9752
8059
8282
9092
7770
9207
7589
8240
8150
8612
7845
8140
8901
8983
7987
7940
8001
7559
7843
7574
9153
8126
9000
8918
9934
7790
8033
8641
8404
9255
7561
8903
7682
8138
7989
11142
9189
12625
8236
9271
11921
10600
8052
9046
8796
7950
9073
9188
8031
8082
7882
8014
7797
8334
8279
8925
7990
7579
7440
8440
8418
7957
7400
8468
8015
8336
8010
8193
8635
8840
7792
8673
8405
7796
7679
7891
7920
8688
9040
7499
9148
8861
8656
8325
8553
8785
8709
8490
10283
13527
8955
7979
7929
16917
8739
8353
11543
9836
8220
9060
7974
9068
8293
10389
7989
8560
9840
8644
8938
13328
8594
8471
10190
8436
7358
8655
9191
13333
9002
8702
7876
8999
9262
8756
8011
9529
8495
8919
14365
8339
7984
8758
9222
8391
8055
8044
8597
8493
8106
8119
7956
8033
8020
9357
9087
8027
9305
8288
8407
7440
8318
7839
9502
9220
8118
8902
8505
8502
8347
7537
8497
7488
9154
8897
8853
9038
7549
9234
10574
7974
7538
15074
8153
8191
9016
8024
9282
8743
9375
8289
7405
8502
8423
8694
9558
7794
8115
8626
8269
8846
9101
9067
8926
8058
7511
7655
7600
8171
8323
8203
9364
7967
8794
8946
7470
10041
8040
8351
9744
9430
7930
17676
7774
8283
11153
7697
9400
9535
8822
8060
8416
8319
7780
9329
7698
8177
8599
8463
8320
8650
10956
8525
8997
13844
7323
8868
9014
7992
8817
9971
7551
8042
8287
9138
7872
8962
8688
9189
8215
8207
8105
8958
8712
9209
8916
7328
8287
7974
8731
7874
8343
7970
7451
9346
8072
8635
8334
7460
8845
8072
8880
7591
8634
9280
7853
8928
9168
8120
8412
13407
8591
8168
11108
7800
8962
9358
8517
9220
7497
8201
7755
9148
8718
9016
8390
8359
8972
8691
8822
8237
7876
8579
8580
8854
9828
8354
8164
10212
7756
8658
14390
9211
9230
8706
8923
8585
7284
7735
9220
9717
8815
9065
8904
8065
7910
8466
9147
8443
7947
7546
7449
8846
9153
8876
8640
9586
9205
8252
11322
8101
7578
12956
7881
8010
12194
9165
8604
9328
9157
8344
7799
8211
7882
7712
8382
8826
8000
8491
8377
8954
8791
8918
9014
9702
7702
9287
14810
9459
7832
8010
8948
8925
10837
8059
7687
9328
8376
8507
7512
7942
8274
7770
9772
8282
7816
14166
8303
8272
9527
9452
8031
8061
7664
8345
8216
9131
9317
9205
7584
7719
8690
8212
9096
7457
8541
8888
7573
8614
10730
8057
8200
8482
7877
8075
8496
8526
7503
8526
7556
7710
9261
8636
7672
8882
8596
7589
8822
9061
8246
8982
7795
9467
8897
7800
17761
9291
8347
9369
8161
9875
8090
7891
8749
8520
8286
7490
9379
7473
8278
7833
7921
8242
8130
7745
8576
15650
13871
8665
9125
7676
9381
8885
12474
9233
8406
7490
8751
8928
8008
9240
9130
8215
14048
7409
8351
9398
7815
7774
8651
9222
8453
7964
8747
8087
8409
7982
7774
7693
9124
7910
7692
7558
8281
7723
7503
7632
9424
9249
8759
8179
8468
7762
8374
8610
9062
8809
7431
8800
9205
8570
8885
8748
7776
8241
8354
8435
9098
8414
8630
8102
8213
9848
8733
8943
13641
9810
8374
8361
8925
8433
13651
8000
9018
8389
7408
9360
10507
8841
7547
9187
9203
7380
7935
9770
8615
9259
19841
8174
7921
8334
8973
9256
8625
8447
8794
7778
8647
8115
7593
9268
7837
8143
9066
8654
7483
10598
7986
8441
14097
8164
7655
11895
9355
7793
7630
7850
7989
8174
8735
9134
7621
8498
7825
8333
9247
9187
8479
8641
8164
9044
9035
7779
8672
7754
8806
7430
8103
9203
7616
7471
11030
8074
8774
8579
9031
9676
8105
9230
12560
9000
9412
8876
9544
7631
9675
7681
8642
9112
7795
7944
8441
7549
7808
8421
9431
9276
8307
9286
8656
8174
8223
8947
8675
7968
7601
8723
18015
9695
8547
8493
9037
8805
7333
8070
8302
9449
7902
8863
7687
7308
7651
8622
8913
8527
8917
10382
7456
7981
9856
7890
8983
13463
7219
8076
12110
7839
7695
9056
8583
7569
8046
8366
8393
8465
9220
7932
9242
7339
9523
8156
13938
8968
9091
9179
8033
8597
8344
8202
8403
8635
8868
8021
7964
8544
8178
8667
8232
9153
8275
8355
9041
8594
8272
8431
9370
9078
7666
9085
10483
8523
8221
13714
8977
8102
10394
8917
8348
7738
8619
7850
7620
8802
8382
8622
7978
8376
7913
8287
9497
8265
7821
8165
8686
7678
8637
7769
8814
9240
7548
8941
9323
22941
8600
8204
9367
8307
8839
9102
19976
8459
7813
8214
8961
8690
9119
8748
9235
7887
14327
7882
9912
8464
9433
8115
8371
7732
18516
9230
8186
12740
9160
9199
9266
16447
7514
8991
20103
13642
9107
9101
7734
7669
8863
17646
8994
9225
7954
11077
9138
8942
21812
9806
9912
7882
8510
8251
8870
8573
17235
8834
8646
8179
7601
9007
9626
7568
8311
9035
8585
7663
8421
8349
8772
9191
8233
8193
7920
8392
8857
8482
8566
9524
8437
8380
8606
7652
10221
8856
9380
13129
9359
8854
9036
8046
11420
9067
7989
8958
8996
8154
8320
7360
9035
8428
9028
9166
8049
7536
7610
9566
7494
9425
8078
8095
9507
7538
10390
10644
9051
7970
12164
8124
7820
9410
7648
8947
8646
9355
9084
8117
7487
7676
8267
9459
8969
7485
7792
9357
8797
8256
8372
8058
8605
7995
9200
8113
8020
10288
9546
8636
8000
10044
7553
8599
12675
8517
8554
9047
9199
8001
10251
7717
9939
9346
8798
8200
8832
8148
9000
8042
9202
7395
8800
7845
7581
8415
7389
8415
7492
9471
10193
7687
8212
8606
7608
8317
9240
8477
10012
8049
7758
17442
9423
8952
9179
9138
8271
7400
7891
8492
9353
8000
8294
7846
7799
8599
8682
7972
8682
8864
8497
9269
9015
10295
8387
9022
13550
7994
8593
10941
7597
9177
9461
8434
8571
171038
8118
12991
8132
8474
8406
10857
8928
9061
15371
9215
8609
8035
8959
8152
9248
10326
7615
8658
16496
9092
8255
9664
9161
7962
7848
8778
8651
8343
8019
8033
9119
7983
8743
9312
7817
7456
7748
9180
7783
8393
9441
8082
7978
7813
8019
7802
9025
7521
9103
8196
8511
8176
9048
9071
8153
8417
8903
7401
10177
7763
7996
9423
8092
9258
12819
7944
8824
10979
8158
8215
9941
7422
9072
8856
8985
8241
8992
7572
7790
8801
9096
9053
11461
8892
8288
8723
9338
7603
7709
13817
9090
7951
8872
8609
8607
7955
8660
7666
10461
8796
9180
7856
8970
8538
7295
8738
7397
8214
9069
7607
7893
8170
8589
8032
9214
8661
9195
9099
8553
8526
10323
8704
9107
16103
8935
8524
12174
9001
9040
7990
7586
7900
7304
8513
8939
8585
9176
8888
8634
7328
8109
8278
8560
7571
8389
7633
9862
9010
10464
8495
7573
14088
8827
8594
10043
9259
8766
8194
8250
7879
7745
7859
8067
8364
7539
10906
7655
8175
9238
8405
8415
7792
7792
8909
8674
8420
11209
8447
8897
9517
9271
7389
14314
10046
9016
7926
8278
9338
7574
8694
8835
8736
9581
8327
9250
8527
7569
8996
7828
9178
7241
8786
7591
8125
8341
7961
9240
8062
8811
8059
12055
9155
9071
12751
8557
8620
8384
8424
8465
8584
9400
8957
8521
7567
8224
9059
9061
7573
8237
9174
9087
9113
8968
8632
8523
9059
8903
7789
9651
7929
8074
13741
8252
8334
14203
9183
9266
8600
8656
8117
8702
8907
8614
7524
8656
8568
8641
8593
8597
8994
11386
7492
8666
15117
8679
8070
9251
8998
7621
8697
8535
8415
9030
9033
8838
8693
9096
8659
8437
8639
8820
7379
7446
8657
9155
7762
8162
8275
7832
7643
8613
8019
8629
8573
10312
8825
8153
10774
8034
8578
12859
7834
7815
11063
8258
8716
9478
7564
9222
8993
8065
7587
8615
7549
7971
8204
8839
7559
8439
8000
7764
8805
8188
7530
8015
8476
7541
8835
8543
8066
7974
7660
7580
8955
7828
9060
7403
8531
8446
7991
8033
9125
8692
7387
8135
8609
7800
7823
9368
8233
7391
8605
7482
8584
8050
8918
7646
7400
7900
7850
9258
8230
9445
8480
8384
9020
8634
8839
7741
7840
9437
8227
8750
17065
8074
8002
10344
7540
8437
8919
8010
9149
7951
8347
7979
7543
8612
7524
8885
9083
8497
9100
7792
7822
8412
8614
7600
8009
9130
8622
7600
7821
11282
8178
7599
8376
8794
11125
8205
9247
14177
7316
8374
10058
15055
9050
7980
7989
7597
7627
8451
7734
7779
8853
9174
7347
7583
7606
9821
7723
8517
8669
8656
9236
9248
8261
8538
11085
13351
8720
8860
9338
8172
8563
8555
8847
8418
8235
7842
9011
8841
8655
8992
7815
8233
9056
7552
8793
7626
8212
8174
8426
8947
8496
8676
8547
12783
8839
9304
12679
8141
8411
8630
7663
7498
8512
9135
8177
9009
7832
9163
9062
8375
8543
8317
8150
7845
9162
8451
8873
8957
8220
8902
7728
9009
7613
12748
12343
10352
7654
12924
8058
8148
10461
8566
7688
8014
8203
7684
8928
9010
8613
11270
7617
7975
7743
7994
9112
8553
9317
7529
8237
9776
8867
8589
14707
8505
8715
7795
7656
8820
8363
8915
8030
7721
7843
8352
8858
8188
8907
8311
8741
8697
8943
7562
9282
8150
8195
7574
7717
8455
9200
8085
7741
8295
8985
8365
8500
8846
9672
8978
7398
8559
8800
9224
14538
8805
8641
8192
8966
8442
13932
8792
7525
7633
8097
9586
9075
8665
8722
9392
18196
8030
7895
9723
8795
8944
9584
8253
7489
9069
8704
8094
8818
10598
14737
8466
7487
9566
8548
8936
10942
8967
7690
8195
8780
8679
9184
7772
7854
9512
8743
7791
8820
8625
7684
8787
9891
7558
8184
9280
8720
8489
9225
8378
8907
13251
7503
8960
8408
8594
7340
9977
8024
8073
9628
7794
7687
8468
8220
9245
9015
7760
7242
9284
7943
9259
8956
8235
7764
8161
8921
7899
7739
7592
8014
7502
7535
10540
7490
8501
8910
8415
8404
8268
8249
8898
7645
8296
7882
8840
7701
8400
8351
8690
7925
8407
8692
9874
8373
9086
17983
7815
8180
11475
7798
8075
7674
8534
8814
8383
7523
7324
9378
8694
9326
8633
8226
8887
7743
8449
8394
9215
7633
7525
8517
9301
8410
8013
8014
8394
7423
7934
8794
7495
7809
8593
7535
9170
8826
8690
23190
9784
7606
7582
8112
8446
9019
8785
8006
9334
8511
7797
8571
9738
8759
8655
17702
21253
7449
8373
14798
9066
9124
10005
7511
7584
8938
7535
9275
9090
7919
7828
8843
8821
8159
9073
8558
7934
8299
7994
7725
8571
7800
9134
8363
8120
8502
8468
8527
9063
8948
8677
7807
8966
10906
8066
7503
11814
9474
7570
14328
8114
8400
8774
9301
8638
9218
7846
9181
7958
8208
7897
8707
8755
8677
8640
8400
9205
9124
10069
7614
8568
14656
8400
8055
10646
7587
8236
9374
9127
7533
9155
8692
8867
7990
8517
8487
8141
11287
8992
8405
8174
7825
8983
8918
7974
8799
8867
8998
7869
11107
8982
8211
12533
7732
8118
8539
7836
7895
9331
8932
7414
8671
9242
8749
9186
8086
8074
7502
10799
8788
9102
7530
8647
7964
8005
8973
8707
16582
9037
7383
14384
8806
8364
7574
7981
8555
8103
8182
8432
8956
10828
9112
10392
11877
9077
7829
10097
8851
8137
8402
8736
8089
8800
7593
8415
8052
9169
9073
7834
9257
8255
9442
9159
9076
7510
9635
8308
7601
8660
8490
8103
10386
8639
7803
14872
8973
7770
7856
7945
8186
8459
8196
10506
8420
8784
7627
8616
8605
9358
8645
8010
8036
8561
8934
8220
8191
8889
8387
9605
8246
8938
7485
10005
7564
8268
10666
8071
9112
13220
7608
8816
9712
7621
10383
10384
8651
8276
13728
8660
8352
8200
9584
8303
8484
8821
7936
8933
16086
8316
9117
8492
8920
8556
8575
8099
8733
8223
8446
8956
8078
8797
9261
7883
8955
8457
9761
11403
8230
9210
13373
8963
8019
8516
7676
9113
9523
8169
8235
7874
8994
8587
8861
8484
8415
8979
8653
8848
8564
9024
8434
8609
8757
7502
9026
8023
8617
8578
10461
8227
7447
9604
8999
8071
13323
8313
7442
8717
7879
8285
10880
7957
7790
10714
7465
7877
8998
7578
8999
7471
7526
7673
7774
8587
8482
9176
8584
8230
8373
7807
8014
9368
9287
10317
7994
10303
8515
8221
13353
8278
8405
9867
8185
7483
7797
8122
7835
8425
8004
8403
11026
8828
9181
8656
7994
8132
8374
8768
7557
8938
8376
8405
8098
9199
9225
8784
8792
7763
8618
10958
7799
8811
12452
8618
7533
14460
9460
8748
9320
8818
8377
8610
8041
8952
8707
9289
8752
8772
11112
7395
8845
14659
9087
7797
9212
11574
8313
8263
8215
9021
9069
7781
7753
7841
8132
8261
8826
8600
9439
7580
8719
27902
10270
8621
8739
9174
8435
10052
8200
7596
14954
9169
11762
9013
7831
7917
10043
9163
7785
8446
7579
7906
8940
8557
9007
7482
7511
7894
7758
8008
8317
7829
8247
7983
8093
8323
8637
9323
7890
7622
7399
9275
8906
7665
9040
7805
8835
8084
7910
11105
9617
8839
8958
15382
7852
8327
9651
10061
7749
8652
8430
7541
8435
8873
8665
8564
9449
8826
7769
7788
8238
7626
9505
8246
8739
8856
8562
7732
8393
9335
7771
9891
8374
8818
13775
7623
8687
8908
8830
7809
7854
8237
8553
7926
7287
8027
9078
9338
8785
9097
8315
8462
7451
8433
9036
8921
8847
8439
8181
8004
7882
8856
9011
9235
8347
7675
7917
8506
8233
8578
7611
9193
8055
9043
9661
8838
9314
13432
7777
8601
11526
9770
8793
9046
8830
7954
8282
9173
8698
9562
8908
8216
7780
7303
9401
8784
8154
7734
7284
7563
8119
7490
8446
8369
7799
8013
7549
7893
7913
8090
9215
8597
7403
8948
8262
9322
8286
10139
8020
7809
9639
9223
7797
13087
9060
8785
8966
9074
8175
8487
8903
9022
9097
7225
8620
8271
9090
8015
8571
7805
7442
8548
9989
8334
9298
17917
8672
7248
10452
8340
9050
9005
8102
8221
8595
8835
7998
16402
12217
9417
8106
8150
8686
7998
7601
9017
8687
8121
8002
8605
9200
7734
8256
8789
7692
9165
9240
8706
8589
8908
8391
7605
7587
9214
8764
8730
9761
8261
8228
9239
7584
9946
13913
8495
8113
10056
7538
9253
8798
9040
7531
7653
7651
7509
7938
8300
8434
9548
7827
8960
9049
9079
7539
8031
9169
7393
8243
8043
8413
8628
9212
8438
7984
9849
8052
13619
11789
8234
8360
10769
9281
8020
9046
8574
7898
9157
8359
8066
9464
8036
8381
11790
8117
7461
23697
9853
8656
8611
10384
7936
8082
9163
8186
7667
8172
10290
8962
7589
8209
8836
7806
10264
7846
8312
12250
7881
7490
13502
8452
8580
10410
8897
7966
8836
8191
8848
8159
7656
8732
9225
9456
8471
9147
8215
9036
8579
12002
8642
7620
14451
8148
8453
9528
7852
7712
8130
7693
7948
10356
8927
9122
8255
8225
9021
7834
8238
8389
11301
7711
9123
7595
7959
8675
9176
8392
7699
9343
8276
8647
11558
13918
8576
8784
12027
7660
8369
8568
8402
8755
7781
7850
7560
7744
7898
9267
8166
8955
8307
8341
7383
7968
8696
8517
8957
7756
9271
7440
8833
7806
7621
9707
7774
8682
8407
7756
8547
8695
9686
8577
8062
9692
7569
8156
17271
8651
7396
10817
8606
8467
8610
8005
9042
8633
7804
8584
7900
9205
7758
8659
9031
8602
7979
8685
9463
7863
12674
7897
7876
12734
8727
7569
14674
7556
8153
8636
8794
7830
7701
8399
8554
7556
9226
7696
8859
9115
8338
7566
7840
8071
7564
7589
8060
7384
9228
7657
9190
7581
9136
8206
8097
9242
8131
7643
7693
7709
8781
8140
7908
8798
8158
8969
10424
8683
7835
12719
7451
8454
12837
7778
9222
7915
7669
7769
8913
7938
7704
9996
11010
8110
7671
7625
8936
8472
9186
8615
8630
7943
7830
9068
8374
7553
7994
8895
8656
8812
8338
7593
9294
7435
8718
7659
9569
8895
7557
10260
8409
7641
14025
9651
8468
8185
8241
7885
8876
8163
8033
7923
8646
9195
8705
8357
8653
8826
8134
8581
7771
8089
7786
8338
7784
8180
7408
8328
8776
8348
7975
7955
9050
8501
8145
8571
11446
9128
7420
8465
7373
9071
10076
9302
9398
18194
8941
7602
7950
8037
7739
7996
8054
8336
7815
7806
8651
8429
9181
7614
9534
7698
8311
8714
8628
9457
8112
8534
8527
9219
7968
8404
9082
8087
9080
8914
9122
7517
8292
10042
8688
7651
14171
8951
8887
9578
7451
7723
9523
8425
7572
8576
8468
7597
8366
9047
9027
8154
8352
9048
10567
7825
8279
7872
9475
8149
9271
9655
7990
8584
13467
8470
8974
12175
7917
7925
8266
9187
9075
7615
11000
7614
7985
8184
9286
8553
8064
7535
8976
8702
8807
7885
11625
8850
8533
16640
7689
8374
10332
7763
8030
10407
8630
8895
8775
8561
9035
8443
7495
8418
8033
9359
8634
8644
10021
7474
7540
10241
7770
7829
10158
7875
7610
14357
10281
9052
9150
9140
8720
7534
9314
8803
8236
7875
8520
14701
9378
9125
9210
13538
8977
8484
9504
7361
8205
8348
8724
8805
9253
8588
7352
8444
8359
9399
8611
9395
8839
7816
8413
9001
7835
10159
7748
8764
10231
8976
8889
12639
8620
7785
9846
7753
8197
9528
8779
8446
7748
9051
7559
9497
8961
7609
8621
8169
8018
8654
8568
9072
10241
9224
8584
9157
8528
8966
8642
16948
8030
7535
11586
8378
8733
8080
8134
9369
7897
8824
8192
9177
8902
8437
10293
9358
8805
7773
12036
7905
8747
8755
7428
9251
11873
8348
8170
8747
7933
7979
9774
9059
8933
8036
7890
9328
7369
7834
8143
8053
9586
7401
8003
7938
8420
7515
7901
8813
7783
8394
7746
9019
8313
9010
7769
7610
11430
7855
9201
8622
9238
8511
8482
8247
10745
8821
7609
13268
8412
8042
13266
7830
8131
7569
8425
9052
7785
7643
8369
8194
8179
8150
12292
7863
7972
9067
8618
10255
9241
9581
8840
7614
10717
9161
9316
11192
8860
8559
9317
7900
8990
8046
8857
8558
7599
8622
9009
8814
9025
7782
7856
8051
8510
8934
7762
7732
8554
7820
7965
8151
10556
9204
7791
10198
9037
8596
16646
8766
7825
10328
7731
7991
7792
8935
9300
7969
7775
7379
8755
8435
8679
8032
9182
9085
8372
8366
9080
7625
7872
9276
11719
9802
8261
8425
13328
8676
8836
12770
7359
8465
8984
8857
9187
8393
7826
8250
7726
7819
8414
8884
9440
9033
8010
9879
8529
8612
10648
8583
7560
14430
9378
7984
9711
8800
12732
8654
7808
8617
7660
7829
7743
8210
8182
7594
7983
7877
8205
7780
8451
8605
7405
8067
9026
8687
7797
8361
8375
7830
7831
8899
9408
8289
7656
9395
9000
9340
16123
8205
9080
10174
8479
8292
9521
8325
8398
9531
7532
8194
8053
8182
9266
7928
8437
7409
8172
8053
9279
10220
9560
8040
9963
12931
8585
8775
9190
7684
9025
7974
11307
8583
7614
9058
10433
8391
8142
8414
9209
7741
8905
8124
8687
8537
8800
10842
10053
7937
13817
8835
8575
9288
8548
7651
8625
8517
9274
8254
8192
9316
7704
8226
8603
9136
8342
9318
8362
8692
7612
7297
8106
8586
8857
8958
8248
10361
9239
8625
9254
12590
7681
8786
10943
7317
8866
8190
8005
8984
9179
9102
8477
9235
8619
8444
11650
8605
8124
8186
9167
8333
8660
10559
9485
8056
15487
9186
7891
9780
7767
9676
8116
7384
8789
8484
8458
9097
8826
8463
7589
7576
7790
8816
7584
8666
8723
7665
9406
7993
7856
8784
7661
8035
8475
8865
7590
9183
7831
7374
8809
7683
9240
8647
7986
8436
7853
8002
8848
10897
8932
8586
14507
8179
8623
9469
8920
9079
7676
7782
8835
8015
8774
8117
8040
8930
9055
7867
9157
7383
8313
7743
8871
8493
9227
8545
7814
7916
8181
7535
8294
8391
8431
9039
9140
7664
7553
9041
8794
8233
9173
7874
10623
8091
8027
14117
9302
8338
10676
9287
8549
7638
8835
7589
8814
8411
8578
7765
8738
8015
8855
9220
7812
9220
8012
8421
8231
8352
7784
8674
8568
7246
7985
8050
10017
8540
11147
9170
19082
8671
8092
8714
9270
7676
8426
8102
8228
8346
8423
7581
9316
8980
7663
8600
7927
8592
8773
7995
8619
8526
8474
9884
8825
9196
9044
8266
9208
7990
8125
8096
8646
8283
7892
7448
7778
8717
8550
8174
8606
8656
7567
9380
9057
8247
9018
8610
8833
8237
7737
15013
7955
8388
9456
9243
9348
9201
7702
8537
9865
8230
7943
8421
7635
7957
8654
8194
8614
8585
9197
7836
7702
9492
7550
8169
8533
7716
13777
14722
8895
8338
8054
8153
8419
8255
9020
8556
8417
7791
8161
9575
8849
7620
7369
9205
7550
7996
8470
8415
8785
7358
7560
8325
9605
7991
7917
9548
8110
8921
7482
8293
8046
7769
9433
8393
8683
7953
8846
8314
9051
8436
7841
8313
9193
9298
7753
8821
10238
7544
8189
13682
7615
8818
11407
8220
9084
7810
8854
9018
7953
8649
8758
7904
8748
8598
12268
7813
8641
7581
8958
9054
8868
8309
8534
10461
17626
8915
8832
7847
9142
9359
10085
8839
8002
8209
7877
8087
8651
8165
8808
7845
9691
9176
9218
14253
7843
8692
8997
9162
8200
9529
9092
8335
8772
8376
7801
9688
10961
9035
7411
8655
8194
8457
7851
8678
8434
8725
7775
7874
8574
8983
8990
14944
8729
9241
9216
8411
9595
7793
9034
8260
9304
7567
9160
7605
8297
9020
8605
10373
9140
9320
8327
9577
8292
8405
8251
7434
8752
7986
7675
10384
8492
7766
14049
9050
8069
12188
8703
7891
8605
8158
8721
9018
7542
8060
8441
8578
9056
9060
9142
7407
8784
9989
8540
7656
17181
7833
7672
11666
7830
8720
9096
8975
7621
8073
7940
8169
9686
7712
7725
8679
7343
8785
8687
7981
7885
8279
9224
8097
8359
9186
8051
9383
9037
9061
8205
9479
8609
7707
13314
7783
7712
11088
8655
9167
8769
8036
8334
8071
10452
7989
7793
8211
7866
8070
8697
8601
8533
8483
8215
8150
8639
8594
8158
13006
11212
8673
8404
7853
8234
8414
7658
9292
9075
7693
8490
9015
7932
8822
8205
10383
9165
7899
10228
7859
7610
16379
8658
8505
9720
9259
8538
7996
8865
7974
8503
8074
8968
8374
9158
8099
8472
8117
8071
7610
8748
9297
9212
8636
8515
8520
8935
7983
9058
14310
8834
7839
8853
7815
8206
10398
9377
8120
7891
7633
8997
8410
7695
8815
11424
9475
8625
8213
7726
8747
8800
13358
10100
8546
12533
8625
7786
8540
7654
7548
8761
8107
7558
8756
7769
8583
8006
7846
8394
9400
8594
7468
8573
7991
7807
9420
8252
8568
7825
8376
8095
9445
8093
7530
8830
9010
7902
7733
7510
7906
7998
8957
9399
8034
9193
7705
8366
9021
8968
7593
8314
8364
8784
7833
7953
9169
10070
7449
9138
10061
8045
7818
15189
7517
8430
9355
8329
8492
7850
7900
7515
8080
8418
9188
9505
7711
8117
8411
7564
7588
9169
8444
9002
8419
8507
7496
8211
8183
7713
8262
8731
7600
8774
8704
8386
9042
8046
8543
9001
8461
8094
8680
8438
9324
8435
8207
9037
9149
9831
8571
8079
16210
9322
9238
9273
9753
7707
7666
7480
9302
9960
8008
10371
9278
9146
8666
8774
11078
9277
9113
11807
7853
7272
9188
7649
7530
10704
7725
8863
8635
9220
8066
8560
8097
8579
8246
8215
8005
7574
8183
7970
7818
7809
8638
7930
8274
9471
9284
8733
7776
7482
7429
8740
8497
7536
7669
8788
7852
7728
8221
9075
8404
7260
7514
8656
8333
7507
7806
7709
8535
8813
8028
7564
7969
7460
8196
11237
8619
8663
7951
8720
8023
7976
7368
8525
8505
8628
8157
7895
7841
7884
8600
8975
9113
8008
7232
8867
7329
8594
8356
7915
7799
7459
8043
8026
8285
7507
10251
11208
8063
8397
14160
7968
8926
10129
8926
7964
8029
7383
8716
9222
7492
8356
8140
8074
7707
9409
8640
8251
7814
7770
8150
8232
9090
7938
8238
8702
7693
7790
8090
12149
9282
8810
8999
7841
9198
8312
9039
8677
7608
10184
13735
9157
8336
9946
7496
8207
9326
7493
8950
8440
7887
9173
8969
8380
7641
8878
7567
8164
8242
8184
8616
7824
8279
8183
7794
7997
8605
8039
8158
8461
7538
8052
8756
7362
8942
7735
8240
8236
8569
7647
7528
8633
8688
7844
7532
9206
8895
8214
8155
9034
8950
7772
8855
10746
7350
9438
8384
9234
16845
7836
7857
11067
7500
9335
8440
12893
8378
7764
9090
9173
8112
8195
7759
8209
10675
7686
8253
7892
8398
8544
8230
9305
8116
8351
8736
9176
8793
8260
9278
8325
7753
7861
7573
8997
10878
8884
9215
8808
7953
12862
7710
7631
11191
7806
7784
8460
8410
7597
8853
8838
7656
9511
8447
8496
8708
7661
8472
8374
8950
7716
9061
8589
7348
8666
9200
8597
8222
10022
8631
7716
9257
8623
8261
11522
9214
8726
10152
9230
9093
9048
7610
8819
11488
8430
8653
9256
9203
7948
8896
8615
7372
9020
7721
9117
8899
10219
9069
9962
16353
8191
7567
8188
8087
8708
8685
9220
9086
8905
8204
11839
8896
9138
8280
8348
9579
8127
7268
9696
7382
8514
14581
11209
9059
7522
8924
8517
8715
8881
7667
8135
8322
8081
8635
8410
9055
9236
8369
9227
8477
9584
8397
7853
12805
8241
7855
13475
8529
7616
8457
7524
8562
7612
8014
9326
8788
7614
9149
9018
8011
8915
9051
9200
9042
8720
7543
8279
7774
8907
9311
7808
9397
7861
9897
8578
8121
8909
10165
9342
7779
12523
7882
8379
13824
7872
9933
11548
8646
9234
8849
8632
8996
8450
9564
9318
8088
15074
8512
9216
9114
8820
7944
7637
8379
9220
8711
8509
7854
7343
8840
7846
7725
7635
7569
9056
7774
8372
8138
7894
8601
8217
8600
7733
7540
8851
7797
7534
8266
8374
8071
8562
8587
7704
8336
7401
8836
8277
8979
8168
8739
8194
8489
8495
8901
7874
10547
8101
8251
9482
9256
10833
12054
9266
9468
8717
8252
8361
7940
9225
8610
8012
8456
8192
8397
7734
8426
7614
7698
8370
7401
8691
8651
8590
9278
7823
8910
7977
7734
7779
8551
9138
7951
10271
8475
8724
10121
9011
9369
16867
7721
7856
9429
9160
7875
8599
7739
8434
8082
16011
8679
9065
13844
8024
8292
9446
18023
7842
8043
9111
7633
7800
9315
8748
7850
17147
9574
8003
8245
9904
22821
8861
7805
8157
7379
8216
8900
9238
7878
9284
9020
17732
10299
7584
7755
8437
7763
8335
8572
7981
8591
10205
9243
7766
7755
7334
7954
8734
7595
8508
9008
8693
7915
8636
8893
8874
8829
8223
8138
8525
8323
8210
9393
9707
8138
8223
7782
9342
8825
10420
7837
8672
13726
8358
7739
10911
8593
8609
8037
9162
7774
8258
8687
7836
7776
8482
9066
8099
8613
8617
9119
8568
7961
8115
8391
7958
8859
9020
8802
7425
7908
9006
9677
9818
8727
9098
15983
8708
8381
16990
8261
9226
9542
9304
8857
8196
7933
8536
8969
14303
8524
9167
9160
8636
9283
9830
9100
8625
8982
7605
8636
7817
8546
7600
8388
27311
8030
8981
7595
7533
7728
7296
8119
10312
9113
8751
7634
8734
8391
8201
8198
9828
8194
8541
9079
7953
8654
9950
7728
7897
12272
8720
8888
10820
8072
8073
8364
8305
9459
8917
8618
8959
7842
7873
9695
9697
7711
8357
8472
9238
7974
8584
9381
8577
7902
7864
8870
7689
8044
9518
8290
7972
9214
8668
14435
7379
9021
9279
8769
7861
11569
9107
8073
8030
7788
7990
7659
10271
8196
7590
7771
8755
10389
8301
7718
8030
7640
8721
7576
8846
8017
8128
8487
7410
8393
8753
8030
8934
7744
7840
8021
9516
8198
8030
8276
8402
8900
10717
9053
10579
12967
7745
8150
8743
8560
8235
8892
8835
8845
7610
9039
7682
8095
9161
8725
8993
8616
9068
8814
8852
7943
8653
7580
7596
7802
7558
7628
8665
7789
8003
8467
8851
7758
7810
9474
7382
7753
9287
7733
8692
10266
8489
8623
13912
7877
9436
8979
7891
8924
8553
8409
7838
8701
7641
8872
9852
7789
9107
8486
8068
8746
7909
8619
7852
8230
9181
9092
8917
9077
9244
7501
10071
7806
7650
10564
8733
8142
15604
7846
8417
10402
7483
9092
7788
7794
8665
8794
9079
9182
9251
7696
7851
8451
8933
8366
11784
14794
9131
8294
10925
8309
8777
7993
7575
7876
8074
7588
9041
8854
7621
8003
9927
8307
7628
8746
7832
8702
8202
8091
8205
9169
8380
8741
8101
7917
8991
8931
8968
7766
7849
9253
8445
9067
9348
8300
8231
10543
9116
8417
13999
9119
8015
7738
8533
9100
9008
8825
7453
8176
8634
8440
8811
8435
8819
8917
8557
7933
8393
8184
10713
8899
11159
8348
8318
14649
7470
8605
10351
9789
7690
8022
8388
7557
7598
8316
9268
8007
8436
7900
8009
8431
7591
9214
8260
7801
8802
8296
8505
8530
8317
9456
8748
8577
7779
7882
8787
7942
7548
8065
7423
9329
8647
8894
7934
7807
9040
7588
7731
7678
8529
9140
8087
8499
8170
9288
8743
7664
8444
7560
8371
8373
7872
9456
9118
7815
8979
9230
8248
8375
9136
8692
8137
8014
8648
7620
8001
7940
9037
8866
8423
8005
8739
8748
9481
13184
9112
8514
9642
8345
7623
7682
7907
7720
8207
8794
8255
8555
8073
8976
7451
7271
7873
7830
7666
8843
8855
8163
7787
8289
9078
9256
8261
8740
7635
8576
8318
8205
9224
8295
9061
7620
8552
8068
9237
8368
9112
8989
10039
7772
8241
9903
8790
8114
14353
8760
7591
8814
8288
9055
9129
11897
8646
8544
7799
8847
7606
8352
8350
9199
7784
9022
8638
7979
7788
8715
9507
7494
7764
7598
8981
9152
8846
8888
8632
12882
7993
7625
14519
8613
8077
9396
7584
9651
8200
8841
8292
8430
8400
8586
7926
8370
8556
7608
8617
8111
8219
8035
9246
8232
7990
7598
11241
10440
8130
9316
8200
7333
8450
12464
8980
8526
9559
9071
8343
9080
9238
8435
8232
9353
9049
8445
8892
9235
8832
8496
7290
8791
9437
7781
8298
15286
8075
9456
8505
7885
8784
9469
8364
8328
8882
8789
7304
9217
8882
8618
9115
7709
8230
7415
8406
7527
9060
8651
7743
8805
8609
7814
8268
8265
8518
7813
8738
7770
8468
7574
10723
10851
14146
9594
8399
9733
8966
7685
14555
8172
7515
7550
8373
9200
8380
7502
8298
8528
8163
9351
8061
10201
8074
7542
10522
7768
7825
11780
11466
7787
12612
9378
8996
8813
8358
7457
8461
8344
9045
8276
8917
7834
8392
8546
7795
9100
7942
8407
8959
8597
9088
8187
10097
8909
8972
14590
7874
8032
9232
8576
7610
8960
7817
7397
10815
8072
9470
8005
7969
8317
7897
7980
8251
8839
9020
8913
8502
7425
8738
7619
9681
8957
8284
8561
7410
8131
13153
8446
7961
13412
8349
7746
9103
7615
8334
9881
9669
8170
7586
9154
7731
8753
9291
7787
9050
7554
8241
8298
8285
8202
8220
9287
7571
8135
9178
8891
8379
8767
7979
8275
9302
15489
7841
7688
11249
9253
8465
7836
10230
7608
7795
7789
8375
8466
9411
8213
9139
14063
7719
7667
10691
8456
7897
9141
8353
8404
9215
8639
8399
9256
7830
8416
8338
7738
8480
7591
7634
9115
8837
7743
8451
7466
9270
8289
8250
8158
7876
9079
8181
9205
8285
9386
8554
9712
9133
8663
9001
14748
7764
8902
8212
7544
8172
11635
8082
10276
8014
7382
8385
8186
8415
8352
10228
9133
7864
9238
8918
8393
7884
9060
8390
7619
9679
8166
8371
10293
7724
7694
14443
10111
9037
9314
8975
8134
7834
7840
9060
8605
8229
8557
8225
7823
9278
8666
9200
8670
8234
8599
8726
8121
9014
8446
9451
10587
7474
9038
17050
8795
7994
10642
8815
8663
9211
7790
8203
8203
9045
9077
7320
9269
8576
7846
7753
8932
8977
8449
10505
8653
13719
7997
10235
8834
8394
8522
9586
9055
8523
8102
7831
8156
7876
8147
8203
8169
7893
8983
7579
7974
8650
8997
7641
8088
7865
7924
7673
9005
7764
8261
7918
8216
9017
7648
9240
9022
7686
8021
9358
9269
9354
8476
8538
10824
7992
9113
13239
9199
8806
9061
9388
8600
8951
8082
8534
8357
9676
8381
8077
8130
8253
15080
14020
9019
7740
9542
7762
8593
8859
8328
8382
8073
7757
8381
8231
8030
7745
9051
8497
8604
9075
8697
8141
9082
8020
7893
7963
8831
8265
7717
8515
8358
8655
8174
9086
7551
8089
8216
7473
7732
7989
7995
8482
8518
8117
8131
8163
8638
8194
8679
9032
8328
7389
9379
9897
9216
8372
14104
8176
8274
10964
7859
9252
9087
7771
8378
9430
8041
8444
8042
8195
8384
9216
8420
8259
7882
8413
7561
8676
7751
7646
8591
8933
8869
8837
7635
9010
8595
8634
8846
7994
8897
7985
7997
8256
9246
7739
8190
10091
7548
8157
14200
8428
7816
11672
8380
7733
9540
8610
9220
8796
8124
7882
8175
7615
8541
8959
8088
8892
9051
7276
7769
7613
8823
8604
7812
8660
8556
8576
8702
10425
8992
9205
9043
7804
11409
7892
8140
16057
8361
8227
8856
9129
7559
14883
9708
8324
8358
14456
8543
7866
10433
9387
8251
7767
8214
9317
8746
8197
8774
10973
8383
7937
7729
8288
8422
7933
7597
9293
7934
8498
9274
7933
8261
7905
8535
8203
8832
7446
10432
7617
7814
10466
8132
8157
13937
9033
7560
9548
7569
8313
8540
9503
7951
11642
8687
8601
7751
7922
9316
7870
8610
8172
7942
8544
8504
9124
9210
8837
7874
10158
9229
8634
13656
9319
8281
7653
8786
8460
10298
9000
8179
8727
9089
8805
8758
8175
7567
9220
10061
8520
9165
10800
8420
8851
18827
8163
7826
9296
8130
8438
8309
7377
7970
7414
8194
8657
8411
8772
7271
9132
7510
8117
8213
8638
8907
8258
7887
10815
7716
10435
9253
8861
13120
8354
7916
9596
8206
8142
8646
8162
7838
8998
7919
8715
9128
7560
7446
8944
8062
8067
8258
8402
8374
8632
8764
8635
8379
8038
10331
8977
8789
7659
7584
8376
8705
9137
8539
7897
8743
10394
8815
9242
17865
8981
8231
8676
8595
7846
7692
7827
8605
8113
7771
9045
7624
8187
7990
8844
8326
8895
7973
8721
9220
7844
7820
8636
7694
9643
7712
8912
9869
9236
9140
7821
7854
7861
12095
8165
8027
11589
8794
8605
9236
8619
8214
8140
9083
8451
8352
9198
8576
7905
7671
9392
9173
9071
8128
7568
7704
9003
8189
8425
8189
8014
10852
8469
7831
11787
9068
9340
15702
7685
7459
9606
8328
9093
7912
8651
7629
8607
8011
9209
8632
9412
8085
10584
9530
9606
9314
12304
8375
7584
8663
7404
7806
11290
8552
7676
8907
9128
7865
10338
7732
9017
8968
7677
8041
8475
8405
8398
8363
8061
8394
8584
9302
8717
9059
10635
8199
7230
13029
9059
8209
12498
8646
8157
8492
9194
7629
8823
8758
8087
8216
8675
9227
7873
8544
7791
8297
8409
7600
8174
8154
8309
7899
10042
8317
8432
7740
11544
8935
9704
7348
8439
14240
8456
9551
10759
8045
7345
8133
7905
7678
8614
9258
7927
7435
7642
7314
8085
7571
9039
9287
8304
8214
9315
7417
7804
8952
8551
7865
8620
8226
8938
8374
7821
8146
7823
8875
7902
9092
7957
9019
8961
19864
8816
9180
12050
8257
9330
7977
8032
7830
9254
7936
7617
7851
8425
7773
8799
8189
8852
7641
11208
9738
8155
10300
7789
8752
13848
7543
7824
10430
9383
8062
9476
8409
8336
8020
8434
8111
8389
9259
8794
8189
8935
8148
8369
9192
9719
9141
8894
9849
8375
13776
9800
7815
10974
7993
8964
8533
8235
7853
8820
8145
7946
9084
7671
7928
8190
8994
8777
7820
7671
8708
8322
8864
8214
14520
9338
10249
8985
14620
8354
8214
9706
7954
8974
8656
8899
7717
7747
8077
7548
7822
8117
8686
8984
9199
8636
7740
8453
9164
7866
9381
8266
7813
7635
8129
8610
7994
8865
7939
7587
7905
8635
8842
7667
7854
8629
8615
7433
9323
8437
8413
10285
7755
7843
10916
8499
8067
16518
7563
7709
10603
7931
8893
9226
8840
7911
7911
8979
8499
8854
7753
8392
8353
8578
7517
7759
8210
10300
8512
8367
8727
9006
9141
8238
8800
14985
7619
7802
12041
7822
8916
8324
7987
8417
8367
9102
9215
7930
8535
8834
8494
7499
9313
8801
8014
8015
7717
8759
9081
9286
7670
7683
7875
7539
8425
7744
7929
10446
8175
9316
17649
8720
8516
9130
8943
8467
8456
7944
8485
7713
8284
7784
8111
8809
9122
8490
8597
7726
8226
9046
9010
10714
9097
8229
9163
13493
8451
8407
14429
7759
7704
8941
8777
7830
10266
7955
8628
9259
8817
7769
8115
9209
7372
9010
9923
9196
8113
14981
7721
7830
11174
8754
9442
7933
8192
7468
8393
9125
9358
9016
9309
11671
7911
7559
8989
7616
7785
7541
7815
8373
7756
7472
8326
8285
9232
8001
8743
8289
9828
9255
8287
13826
8605
9030
8746
10306
7968
8834
9202
7573
9591
8378
8892
8749
8511
9186
7966
9185
8860
7553
8263
8105
8051
8601
7976
8892
9022
8389
7802
9244
8373
8803
13538
8533
8394
13455
9107
8508
8702
8974
7746
7795
8235
8354
8958
8875
8695
7574
8764
9618
8056
7625
8596
8184
7928
8083
8107
7912
8700
8012
9256
8372
8946
9075
7878
8658
9851
8916
8049
13941
8358
8888
8879
8936
9382
8900
8481
8038
8186
8717
8335
8661
9067
9379
8165
7633
7613
8134
10252
8834
7562
9219
7876
8320
14830
7917
8056
11287
8017
7539
8754
8917
7517
9530
8579
8517
8795
7574
7836
8038
8763
8175
8485
8550
8960
7953
8650
8238
8938
7418
8200
8434
8991
8593
7411
8756
7430
9010
8333
8779
8913
9389
9268
9682
12862
8372
7692
12822
8373
7574
8320
9018
8599
8974
7629
7678
8348
8920
8470
9116
9476
8405
7381
8556
8938
9157
8834
8302
8555
7270
9357
8277
7966
8817
9407
17656
7642
8417
11538
8459
7484
9099
8159
7699
9972
7860
8294
8580
8263
9160
8124
9388
8035
9390
7873
9372
8466
9037
7800
9071
8938
8423
7749
14435
8911
7893
11076
11472
9061
8854
7508
7998
9116
8528
8412
9820
7724
8976
8475
8669
7911
7825
10047
8212
7751
9443
8190
8246
14171
8318
7551
11312
7953
8868
8825
7980
8197
7910
8085
9218
9482
9254
9240
7815
7328
7997
8933
8299
8474
8928
9163
8590
8255
10132
8934
7774
10443
8250
8659
17473
8325
8506
9762
8735
7792
8433
7612
7489
8039
7451
9384
9086
8016
8055
7932
8900
8050
7851
7815
8161
8822
7774
8674
8487
8715
9326
8235
9026
9038
7993
11270
8114
8641
13400
8334
8586
8999
8452
8600
10134
7435
8055
9306
8649
9196
7503
7848
8185
8691
8127
8767
8312
8257
8256
7802
8868
8115
7898
8122
8439
8213
7663
8022
8020
8217
8961
8743
9301
9400
12970
12927
9270
9123
8119
8963
10493
14461
8695
7923
8876
9056
8631
7685
9254
8996
8226
13355
8594
8864
8147
9174
8448
8018
8256
8539
8097
9175
8095
8294
7515
8399
7407
7845
8258
8291
9079
8532
8475
8589
9271
8442
7594
7969
7945
7802
8154
7761
9059
8185
8355
8133
8512
8116
8384
8938
7587
8898
8044
7591
9173
8454
8344
7951
8813
7770
9029
9124
10765
17112
10915
8577
7533
9343
8215
15984
14703
8605
8015
9437
8636
8624
13423
8082
8272
8084
7682
9143
7719
8199
9035
8161
7504
7971
7599
8211
7931
7751
7691
9358
8354
9051
8661
8424
9641
7963
9185
9820
7874
8211
14951
8989
7966
9431
7815
8170
9693
8353
8514
7750
8076
7675
8751
8371
7782
7660
7984
8860
9200
7791
9167
7570
7636
7841
10097
8635
9579
8546
8076
8451
8017
8704
8880
8384
9605
8022
9058
17456
8226
9443
13537
8343
7974
8477
8239
7673
8037
7666
7968
8950
8924
8211
7935
8738
8618
8698
8119
8676
7963
10605
7846
8204
15102
8478
8320
9423
8288
8720
9497
7941
8016
8589
7400
8991
9022
8763
9054
8119
7608
8813
8097
9528
8359
8356
8857
8934
9148
14103
10588
8663
8578
8236
8721
8559
8230
9095
7732
9417
7540
9292
8941
8364
7683
8223
8597
8001
7541
8204
8580
9006
8900
7739
7841
8845
8125
9254
8894
9420
12468
9241
9540
11052
8172
8657
10686
8418
8167
8574
8240
7618
7569
8538
7657
7376
7572
8615
9389
7653
7411
9396
8010
9323
8524
9161
8841
8116
8810
7912
8186
8175
8670
7932
11046
8132
7719
9584
8757
8491
14630
8595
8758
9207
8370
7912
7912
9001
7832
9860
8506
7682
8292
8514
7529
8214
8879
8875
8592
8130
7943
9203
7926
9056
8284
9952
8538
9222
14113
8630
8721
9628
7785
9194
10269
8000
7993
8919
8938
8148
8133
8096
8882
8614
8815
9188
9050
7617
7330
8346
8314
8798
7809
7677
8954
7323
8541
8716
9977
9382
9035
7432
14722
8834
7394
9854
7913
8266
8016
7753
8338
10184
8779
8893
10359
8949
8245
8600
7868
8733
9235
9083
8816
7410
8027
7790
8848
7846
7715
8238
7876
9562
7740
8274
8954
7784
8881
7539
8146
8275
9066
8574
9442
7970
8434
9220
8377
8803
7684
11048
7833
7732
8877
9187
9115
9412
7774
9155
16841
9255
9198
9576
9963
8538
9163
8433
9387
8254
7887
7661
9500
9738
8683
8338
12937
8871
8013
11046
8983
8697
8283
8676
8728
7690
8527
7558
9078
7715
8456
8245
8000
7564
8799
8983
8830
7624
10885
8435
7390
14447
8107
9014
10051
7826
8192
8579
9116
8172
8971
7459
8211
9484
8595
7624
8600
8976
8231
8549
8279
8544
8723
8522
8052
8132
8835
7944
9497
9564
9136
8348
14662
7308
8126
12008
9136
9220
9343
8524
7806
8388
8317
8600
8057
9008
8794
8474
9243
7933
8270
9034
7879
8148
8625
8728
8312
10099
8157
9173
17435
8466
9517
8180
8919
8176
9256
7516
7916
7794
7788
9238
8988
9425
8984
8798
8103
9132
9267
10757
8871
11065
12010
8532
7914
8897
9200
8228
12180
7430
9356
9219
9469
7693
7806
9199
7712
7770
8366
8236
7696
8754
7748
7943
9298
9338
9081
9259
8188
8246
14319
8374
7504
10304
7861
8591
9446
8071
8232
9199
8206
8876
7348
8133
9443
8222
9490
9239
7934
8475
8713
8235
8775
8615
8659
9025
7524
8636
11130
9365
7991
13416
8084
7873
10588
7848
7472
8282
7731
7864
8637
8492
9190
8156
9133
9218
14267
8984
8589
8827
8952
8958
9249
9069
7902
8672
15776
8125
7655
10630
8968
8446
8783
9016
8517
9149
8810
8253
7837
8793
9051
9117
10933
8776
7723
14047
8759
9408
8178
7580
7428
9386
8667
9002
9039
9031
8780
8201
7610
8715
8688
7851
8261
8937
7713
8607
8416
9175
7834
7773
8593
7856
8185
8427
8666
7569
7927
9212
8361
8154
10984
7986
12817
8799
7974
9004
8861
7725
7930
8193
8651
10204
8158
7867
8595
8438
9000
8437
7681
7289
8468
8143
8755
9040
8828
8364
7558
8240
7735
9235
9521
10615
10705
13512
8789
8416
10158
9246
7791
8964
7867
8830
8751
9146
8421
7410
8035
7954
8693
7532
9278
8891
8226
8503
7381
7885
8993
9338
8996
7982
7599
9171
8038
10287
19685
7978
7589
10646
8239
8801
8956
9095
8775
8234
8305
8071
8856
8136
8466
8398
7828
9400
8771
8494
8518
8629
8849
7935
9325
12934
9041
7393
12533
7676
8210
9240
8492
8225
9561
8613
8893
8014
9224
8356
8975
8912
9460
8716
7430
8640
9017
9757
7853
8235
9822
8404
8771
13186
8244
7667
11281
7712
8291
7758
7688
8758
9000
7288
9740
7874
8452
8875
8736
9045
7601
7771
8675
8427
8934
9296
8559
7778
8881
8697
8125
9252
8892
8132
9979
8179
9039
17352
8738
9211
9060
8404
7733
7801
8189
7924
8070
9241
8578
8859
8354
9091
8897
9532
7844
8200
10079
7776
8871
11448
8523
9246
11746
8214
7935
8266
8258
8679
7987
8567
8352
8764
8202
8794
8287
8899
7968
9036
10981
8760
8557
7765
8636
8406
8918
7828
8082
7738
8241
8745
8322
8400
9306
11343
8863
7941
13136
8251
9153
9438
8300
8374
7552
8918
7743
8635
9106
8191
8835
7751
9514
8020
9260
8803
7707
7651
8205
8819
8626
9000
8665
8075
8651
8098
8316
8306
9008
10769
9022
9117
13143
8252
8251
8956
9276
7793
8365
8856
8174
9300
8588
8753
10858
9203
8513
8830
8476
7626
8025
8033
8875
8335
8418
9175
9078
10837
8022
9199
17225
7687
8460
9418
8061
8538
8812
8600
9070
8157
9233
9038
8039
7751
8415
8596
8441
8233
9169
8530
8033
8274
10688
8892
8596
13589
8563
7894
10867
8430
8635
8358
8018
8571
7678
8575
9376
9258
9427
9120
8363
7541
8311
12621
14299
8963
8623
8932
9078
8799
10487
8211
7951
8928
7680
8978
7943
8591
8191
9914
8876
7887
8012
8097
8121
8968
8215
8656
8031
8451
8755
9256
9369
8211
9160
12422
8186
8061
12992
8141
8907
8758
8013
7755
8399
8017
8747
7430
8206
7831
9321
9012
7880
9610
7808
8533
8015
7833
8164
8594
8513
8561
9302
8143
7503
8995
8912
8281
8006
8789
9218
10909
15542
8887
8662
7543
8723
7890
14670
8729
8215
8358
7282
7805
8380
9004
7964
8588
9057
8134
8995
9894
8603
9044
13722
8743
8302
10564
8887
8563
8662
8107
9046
8279
9568
8656
7955
8767
7666
9320
8109
7892
8731
7949
8211
8174
9048
7571
8167
8851
8532
8917
7226
8282
8719
9425
7807
9243
10870
7400
7735
15048
9112
8201
8841
7953
9670
9000
8244
9461
8320
8836
8675
8097
9246
8522
8499
9021
7988
7970
8058
9193
9076
8393
8936
9342
10146
7353
8171
16881
8031
8180
12882
7631
7572
8370
8234
7711
8548
8036
7865
8407
9081
9235
8790
9436
8109
7699
8239
8547
8798
9521
8914
7773
10804
7897
8435
14899
8992
8084
8441
8957
7821
9158
8011
8954
8056
8670
8093
7599
11553
8905
8922
9015
7770
9241
11073
7834
8444
13185
9074
8002
10808
8719
7807
7874
8479
8017
8851
8565
7670
9117
9496
8754
8353
8266
8246
9200
8527
8721
8199
8658
8230
7738
8925
9159
8761
7377
8629
8519
7882
8332
8989
8821
8456
7561
10470
8814
7545
14616
7940
8794
9513
8492
8061
7793
7930
8367
8472
7573
7854
10143
7878
7740
11394
8479
8661
8191
8648
8802
9013
8314
8512
8798
8830
8984
7864
8526
7559
7842
9205
8576
8274
9381
8496
9547
16179
8325
8147
9940
7672
8315
8120
7958
8363
10429
9732
8995
8997
7953
7827
8074
8315
7641
9073
15024
9384
7963
12805
7572
8594
9340
8614
7712
8436
7912
8055
9276
8342
8652
8796
8253
8680
8603
9131
8615
8365
8782
8591
8911
14219
9367
7635
9642
8646
7793
11062
8758
8589
8036
7738
8641
8409
8537
9207
8933
9194
8020
8931
9062
8800
9012
11446
9245
8013
16388
8183
7645
9054
8071
8476
8462
8232
8435
9531
8404
9156
8695
7637
9028
7912
8046
8393
9207
8343
7856
7887
8686
8638
9287
9819
8654
8660
10299
9308
8974
15379
10492
7819
8707
8907
8540
10665
8463
7793
8900
7718
9279
7738
10320
7785
8187
10024
8528
9161
14135
8940
8697
8735
8121
8198
7783
7599
8982
7763
8259
7961
7630
8590
9221
8140
8416
7621
7996
9623
9230
8179
8373
8471
7418
8150
7855
9231
8630
7670
8575
7892
9097
7574
8935
8124
8254
7601
8504
8229
9788
8233
7578
11069
9379
8621
12755
8082
7897
10974
10651
11097
8256
8555
8752
8846
8414
7935
7639
9246
7610
8356
9244
7963
7434
8708
8381
8820
10299
8711
9105
12607
8445
7491
11062
7953
8265
9240
8404
8594
7620
8173
8198
8434
9154
8393
8792
9062
9384
8657
9281
8509
8403
9584
8407
8446
10851
9166
8198
8987
8487
9243
8627
8691
8029
16028
12797
8472
8742
19391
13734
9262
8990
8766
7812
10914
20144
13506
8895
8455
10487
7738
7969
22438
16553
8010
8780
7596
8176
8800
10297
9338
9112
8193
8111
8951
8413
8584
9271
8939
10633
7953
9080
13251
8615
7666
11879
8820
7477
8609
9037
8805
9220
8481
8175
8450
8150
9246
8858
7751
8788
8977
7630
7994
7984
7612
8710
8470
9108
7984
8780
9635
9043
9214
10338
9239
7352
13312
8936
10861
8814
8328
7752
7820
8846
9057
9191
8121
7766
7694
8287
8129
7805
9698
7978
7730
7992
8474
7688
7693
9111
8302
7612
8868
8668
8963
8277
9031
8282
7928
8547
11131
7651
7845
15123
7996
8516
12393
8035
9135
8079
8631
8369
7837
7977
9150
8233
7627
8377
7984
8670
7938
8457
8390
7882
8275
8466
7344
8502
8107
9210
8427
7738
11147
8776
11295
8713
8129
14077
8094
7903
9345
8796
8739
7933
8568
8436
9493
8197
7813
8970
8631
8999
7798
8883
8625
8488
8098
8201
9142
8654
8708
9036
7814
9714
8717
8400
8483
7804
9294
9400
9199
14562
7946
8072
8212
9235
8769
8812
9414
8326
8707
7962
7963
8174
7860
9255
9041
8389
8362
7439
8577
8025
8379
8226
8132
9216
12247
8404
7671
13792
9194
7523
12610
8276
8688
8205
7770
8117
8431
8002
8160
9036
7797
8279
8104
8028
8439
9002
8418
7569
8419
8605
9712
8172
8321
8892
7907
9358
8994
8516
8276
8124
8076
10592
7427
9114
10060
8339
8483
16886
8993
7401
12147
7819
8031
8651
8897
9027
7530
8559
8384
16106
10635
7938
7734
8762
7917
7656
9234
7914
11194
9444
7451
9556
7648
7851
8482
7865
9577
7618
8886
7686
9271
8794
8215
8648
8271
7814
8151
8139
7888
7447
9313
7633
8751
8962
8614
8255
8251
8964
8011
8609
8763
7502
7897
10066
7989
8729
13892
7705
8046
11703
7517
8811
8217
8756
7503
7944
8989
7485
8441
9225
9286
8773
8838
8321
8122
7888
8419
14971
13341
8270
8381
9188
8550
8760
9506
8578
8216
9157
7610
7620
8244
8731
7720
7892
9020
8272
7583
9194
8339
7582
7394
7573
7964
8528
9269
7569
7587
8042
8355
7577
7842
8913
8580
8846
7538
8287
8093
7594
7962
7912
9015
7358
8111
8350
8633
8776
9072
8732
8310
9331
8741
8194
8671
10185
7636
7906
9419
7848
9533
17244
8655
9368
7624
8434
7861
17221
15600
9785
9827
8452
8446
8463
12226
8945
8976
8611
8049
7786
8699
8480
8491
7762
10783
8703
8276
14721
8306
7671
8233
8925
8487
8574
8453
7524
8008
7958
8419
7785
9320
7754
8993
7832
7712
8209
7725
7875
9543
8840
7795
8902
8127
8576
9419
7872
9766
7849
7771
7640
7737
9070
8517
9338
8804
8630
7890
8626
8628
8301
9729
7955
10699
14303
9592
8278
9874
7832
8152
8211
8680
8880
11687
8501
8515
8546
9503
9318
8333
8302
9201
9428
16488
8754
8276
11745
8707
9072
8999
8581
7408
8287
8030
7890
8559
7832
8230
7636
7883
8137
8621
8661
7991
7975
7593
8158
8458
8561
9251
7984
8784
8420
7615
10081
9252
8828
14220
8846
8765
11127
9150
8340
8604
8103
8382
7452
9421
9179
8407
7919
8142
7576
8119
9248
8994
7883
8703
8499
9196
8687
7767
8486
9390
9000
10007
8476
9040
14364
8083
9648
7889
7800
8992
8651
9230
9806
9235
7574
8168
8821
8820
8851
8255
8740
8989
7721
9744
8656
8973
11829
8650
7769
11774
8205
7777
11343
8605
8360
8734
8410
7745
8454
7828
7634
8000
8122
7558
9364
7656
7808
9965
7859
8227
8322
7980
7614
8016
8377
7820
8004
7490
8298
8037
7755
8583
8447
9128
7444
18425
16832
9089
7784
8007
9442
8659
8658
11625
9215
8669
10697
8809
8768
9332
9400
9166
8931
8624
8994
8713
8594
9015
9169
8468
7782
8369
8440
7974
8737
13876
7942
8452
12561
8056
7992
9772
8471
7969
8797
8693
7492
7670
9397
7467
9322
9787
7508
8865
8797
7476
7510
9309
7483
7816
8945
7553
8807
7784
8036
7558
8675
8247
8958
7489
8402
7712
7730
7970
9219
8492
8864
8092
8171
8063
8170
7840
8939
9418
9186
9282
9104
13347
8705
8987
10252
7408
7677
8617
8090
7928
8710
9015
8209
9451
7409
8712
9179
8366
8138
8113
8032
8496
7487
9088
7530
8301
8405
9641
8187
10284
8471
7793
8000
7803
8056
8654
8545
9225
9230
7816
8435
9523
8079
8712
17778
8063
7576
10668
9437
8441
7851
7514
7783
7799
8571
8569
8274
13355
8974
7891
9343
8117
7584
8020
8435
7574
7594
9061
8289
8147
9027
8932
10124
8517
8977
8113
9056
8548
7465
9233
8338
7808
8663
8735
8492
9401
8343
8231
11075
8768
8702
13862
11753
11069
7966
8986
7995
9113
7832
8144
9087
7802
8454
9183
8155
8815
8403
9501
7630
8548
13122
9176
7521
14911
8621
8215
7938
8291
8507
7958
7247
8708
9651
8009
9417
8479
8123
7210
9328
9174
7953
7787
8194
8633
7774
7629
8528
13241
15517
9516
8215
7848
8079
9420
9462
8144
8148
8071
7740
8535
7573
8725
7918
8779
9821
9276
7685
8232
8455
8040
8517
7652
8604
8208
9184
8229
8415
8213
8887
8221
9115
7679
9523
8942
8015
14902
8153
7841
9028
9254
7792
8657
8764
8170
8356
9219
7592
9042
8270
8115
7403
8506
7553
7712
8814
8357
9053
9103
9000
9184
7795
8682
7363
9161
8206
7994
8200
7910
11584
9900
8416
7554
9876
8318
9035
8496
7735
7517
13054
8718
9462
9866
8732
8614
8869
7953
7880
8497
7712
7956
7882
9253
8192
9340
8402
7502
8784
8964
9161
8282
9096
8002
7697
8379
7558
7830
8025
7563
8482
7550
8418
8563
8611
9314
8356
9047
8391
8117
9053
9138
8154
9641
8015
8290
16210
7974
7702
10413
8983
8080
8132
8637
8697
8418
8717
8136
14328
8884
9282
8056
14218
9108
9214
8958
7683
10244
9015
7491
7987
9005
7793
7756
8495
9841
7881
9124
7616
8382
7501
8366
8361
7829
9231
8195
8835
7963
7858
8748
8273
7980
8426
7581
7753
7549
8673
8323
7784
8592
8001
8328
28981
8222
7766
7591
7361
7618
7593
8963
8123
8599
8473
7349
9188
7994
9239
7938
9067
9120
7260
8517
8000
7481
7938
8784
9503
7851
7559
8030
8419
9320
7564
9097
7759
7482
9961
8405
9269
16346
7808
7494
12584
8501
8855
9014
8880
8988
7561
9069
8544
9173
9298
9144
9068
9162
8652
7689
15252
8125
7810
8969
8255
9017
7998
8565
8028
7635
8558
7848
7933
7656
9232
7854
8132
7680
19161
10220
9155
8717
13017
8607
8514
8279
8408
8948
9267
7682
7722
7464
8093
8357
7755
8073
9086
9805
7670
7990
7579
8606
7784
7957
8205
8600
7642
7789
9312
9184
9968
7467
8843
7800
8471
7840
8246
8784
8252
8650
7619
9194
7687
8209
8446
8683
8319
7785
8620
9037
8417
9208
8418
8611
8456
7966
7815
7993
9056
8577
7912
10893
7558
8989
16950
8689
7981
8969
8292
7634
9199
7784
7551
8716
9034
8153
8210
7810
8503
9112
8442
10629
9276
8309
9225
8493
9315
7882
8104
11090
8994
8398
11374
8743
8071
9598
8170
8416
9206
8313
8006
9420
7610
7477
8662
8143
7983
8468
9045
8428
7936
8789
9504
10234
9044
9293
8087
9412
8215
8018
9235
8747
8775
15064
8088
10103
7998
7734
8292
9210
8995
7605
7355
8018
8192
8795
7535
8476
7569
8312
8502
8856
9152
9220
10705
11876
9133
9096
13465
9256
8613
9443
8793
7779
8752
8250
7778
8066
9241
7636
8047
8076
8093
8813
7682
7948
8234
7371
8300
8357
7818
8124
9276
8213
7836
7917
10306
9040
7712
8148
8868
8261
8450
9125
7610
7860
8946
9153
7641
7657
8625
7568
9017
7723
7830
7452
7933
8438
8758
8029
7316
9054
8815
8016
8467
8619
8458
8753
7954
12895
7690
7514
17553
8655
8151
10917
7450
22191
8537
10866
8253
8291
9216
8440
8750
9565
8297
7751
7955
8185
8413
8055
7700
8613
8071
7419
8389
8304
8270
8383
9894
9125
7533
7426
9328
7643
8318
9210
8709
7415
8317
9184
12986
14317
9148
8859
8473
9000
8247
11277
8165
8661
7540
8224
8036
7888
7824
7895
8209
8942
8655
7964
8513
8666
7654
7499
8372
7570
9102
7652
8505
8402
8405
7805
9671
8189
8252
10491
9019
7523
14975
8271
8972
9101
8226
7605
7760
7800
8993
8639
8156
9363
8278
8500
9206
8881
7612
7866
8179
8352
8466
8030
8243
8370
8278
8688
8402
8290
8411
8217
13317
9551
7826
7584
17441
7974
8800
10705
9047
8375
9486
7717
8017
8708
7960
8035
11830
12343
8133
7916
14023
9293
7988
7865
8393
7521
9035
7633
8997
9409
7760
8734
9200
10352
8392
7853
8394
8574
7455
7519
7627
7626
8334
8286
8199
9041
8765
8104
7530
9148
7903
7758
9179
7487
7733
8671
7695
8442
7972
8809
7512
9656
9324
8043
8635
7579
8362
7894
11570
12561
9735
8244
10510
7915
8330
9807
9322
8078
8173
8500
8545
10085
9245
7749
9958
8899
7820
8293
7888
9218
8352
7399
8693
7902
10071
8458
8910
10067
8398
7661
14336
9231
9077
9317
9138
8625
8712
8437
8194
8923
8667
8358
7343
8696
8949
7676
7708
8913
8947
8642
7607
7827
8367
7773
8428
8112
7482
8758
8510
9121
7900
9337
8781
7811
10133
8184
7707
16716
7952
8137
11391
8390
7957
14529
8418
9241
9144
8456
8273
8467
10234
7615
7851
11103
8402
7983
12511
8526
8071
11063
8404
7796
9232
7791
9093
8404
8103
7772
7589
8354
7567
8285
9194
8421
8429
7380
7580
9464
7481
8685
8235
8169
8412
7907
9020
8210
7573
7772
7862
7965
10324
9400
8586
9819
7853
9039
10151
8055
8697
12929
9247
8390
9220
8738
8944
8430
9562
7848
7379
10059
8413
8147
8373
7832
8101
9248
9154
8735
8374
8117
8808
8794
8153
7568
9456
8140
7551
7592
7996
7521
7535
8273
8389
9262
7847
9233
7971
9193
8081
8773
8884
9102
16486
8392
9268
8779
9238
8576
7617
7930
8828
9077
8271
8758
8800
8490
8315
9378
9098
9297
7632
8161
8275
8861
10406
9073
7564
13979
8589
8010
8743
7548
9035
11926
8979
7716
7938
8919
9449
7870
8788
9391
9051
8136
9502
8495
8574
8777
9184
14869
8045
7700
10892
7754
8757
12250
8620
7649
9134
8909
8167
7476
7373
8053
7448
7807
8256
7856
7591
7916
9178
7514
8005
8586
7594
7535
8641
8082
8036
8615
9155
9188
8123
8265
7745
8388
8150
8184
8296
8437
7878
8430
7858
7829
7812
8249
7780
10553
8261
8897
8581
10164
9035
9654
13384
8177
8471
10477
9228
8892
7979
8328
8702
8640
8204
8018
8213
8203
7794
8571
8458
8863
8805
7827
8599
7409
8431
8176
10312
10602
7756
8789
8497
8165
8020
10283
9348
8314
16790
8044
7545
11579
7784
9000
7615
9248
8348
8055
8411
8615
7610
7767
9161
7639
7823
8933
7902
8105
8143
8474
9524
9338
8762
8328
7734
7884
9362
8836
8373
15335
9238
8882
8007
8645
7731
9164
7504
8586
9245
8341
8835
8905
8758
8418
7970
9026
7369
8462
9451
8215
9349
12841
9564
8520
13948
8441
8086
8934
7709
8798
9057
7750
7991
9442
8616
7619
8394
7839
7745
8800
8968
7793
8435
8396
7861
9060
8652
8589
7512
8559
9117
8858
7784
8445
9197
11405
7790
8400
14464
8648
9158
9450
7834
8168
9225
8791
9304
8370
7815
9395
8205
9307
9152
9076
7741
9042
9064
8113
8254
9015
10005
9124
7831
8618
8543
8653
7910
9297
8887
9000
8157
7415
9063
7422
8763
8513
9039
9105
7988
8470
8273
7557
7907
7725
8206
8230
7790
8255
8329
7864
8559
7803
8667
9183
10741
7861
8021
14251
8208
10504
8323
8162
8672
9230
8143
9122
8563
8941
8347
9177
8933
8001
7714
8082
8702
9671
8515
8176
7394
8455
8816
9239
9447
8594
7563
9590
8472
7473
14821
9257
9093
13532
7523
7933
7804
9227
8859
7543
8679
8960
9306
8337
8425
8877
8573
8231
7585
8010
8437
8149
9634
7754
8817
10384
7751
8102
16508
8643
8374
10394
8208
7814
9182
10521
8979
7166
9118
7911
9128
8194
8158
8270
9004
8999
8104
9759
7857
8093
9839
8092
8220
13788
8135
9017
10579
7575
7733
9427
8400
9123
8040
8784
9057
7544
8743
9320
8455
9326
7953
11062
11220
8461
9141
13552
8898
7608
8519
8289
8605
9006
7863
8755
8547
7671
8575
8640
8994
9300
8762
9424
9279
8566
7569
8294
9253
10056
11170
9841
10189
9155
8967
9217
8333
7597
9073
8132
7950
7627
9006
7994
7447
9405
8034
8803
9441
8632
7709
8697
7733
8774
8079
9140
8232
7595
8525
8158
8986
8909
7794
7845
9485
8361
10233
7692
7954
12820
9311
7754
15070
8362
8042
8492
8444
7619
12220
8488
9047
9092
10503
8222
7585
8035
7992
7671
9768
7471
8222
10020
8565
7953
13980
9437
8487
9354
7651
9001
8817
9041
8171
8074
8533
8528
7694
8341
7763
9400
8610
7887
8037
9326
8069
7995
9130
8188
8215
8330
7991
7799
7555
9133
8425
8861
7420
9392
8230
8748
7674
7859
7523
8416
8702
8147
8511
9781
8196
9131
12743
8652
8922
12664
8565
7972
9297
8283
9165
9114
8794
8354
7803
7580
8666
8363
7565
8308
7929
11132
9222
7637
8410
8677
9369
9460
9092
8328
17088
8979
8096
8245
8359
10471
7707
8229
7546
8136
9159
9279
8329
8615
8261
8982
8510
8517
7468
8616
8538
8673
12318
10241
7669
14026
8392
8026
8944
8815
9441
8766
7610
8449
8553
9308
8254
9384
9241
8462
7500
8558
8717
8633
8055
8871
9218
8584
7658
8118
10098
7795
8858
9735
9837
9811
11094
9810
8823
7965
8553
8350
8713
8854
8687
8440
9238
8369
7997
9415
7797
8549
8733
9257
7558
8429
8423
9112
9665
8680
7692
10125
7970
8915
13197
7776
9068
9201
8393
8434
9488
7800
8138
8049
8123
8602
7911
7903
8261
8349
7876
7577
8556
9005
8357
9131
8392
7600
7772
8066
7786
8763
8671
9174
7818
8149
7543
8849
8891
10722
9109
8206
8403
7597
8033
7850
8133
10276
7611
8766
10105
8651
8500
15277
10441
7752
8104
12953
8767
9156
11360
8538
9100
7527
9050
7745
7990
8156
8818
7712
9760
8343
8153
7905
9049
7385
9351
8531
8959
9042
9558
8682
8569
9250
8416
9568
8306
8176
15394
7455
8897
8513
8742
9102
8864
9187
8263
7992
8547
8354
8115
7601
7712
9021
8846
8708
8834
8936
8138
7721
7565
7913
8114
8578
7623
7791
9287
8660
8716
9362
8547
8235
9045
9323
7825
14777
8055
8859
9801
7777
9361
7928
8477
8624
8041
8521
9068
9211
7242
7741
8947
7695
9177
7547
8395
8482
9355
8740
7891
7800
7758
9297
7535
8806
7661
7526
8841
8063
7755
7390
8305
8482
8180
8177
7956
8798
8533
11827
9615
9681
8330
17169
8272
9209
10466
7803
8133
9269
8176
8137
8905
8287
9038
10251
7580
7350
7844
8426
7897
8848
10305
8810
7617
10818
7897
8762
12143
8017
7556
12314
8951
7792
7630
8488
8982
8930
8723
8203
8871
8889
9147
7485
8328
7854
8250
8225
7989
8379
7596
8535
8432
9128
8416
7644
8974
7397
8964
7815
8797
7645
9184
10493
8303
10425
8900
9200
13113
8208
7706
8192
8759
9112
7814
8532
7831
9945
7910
9117
8786
7929
8175
7593
7821
8682
7875
8435
7523
7764
7786
8899
8586
8987
8889
11258
14179
8109
8071
9461
8646
8070
8543
7675
8584
8520
8228
8526
9038
8384
8615
11097
7643
8625
7972
8962
9255
9251
8784
8233
7915
9753
8190
9350
16430
8751
8887
9771
8393
9269
9602
7630
7611
9364
8486
8374
8335
7605
8323
7893
8282
9363
8923
8406
8625
9131
7214
7526
8500
8416
8574
8789
8800
8675
8234
15250
8812
7986
10925
8561
8854
9491
8394
8433
8204
8239
7693
8405
7845
8487
10528
8732
7816
8547
7938
7913
8113
7995
8358
8297
8131
7779
8416
9241
9921
8551
10340
8352
8605
14635
8142
9172
9866
7397
8015
7804
8170
8414
8805
9102
8573
8647
8074
9046
8369
8222
7827
8956
7851
8215
8696
8490
7781
7800
7728
8376
8211
8151
7850
9257
8189
8241
8912
8881
8666
9237
8933
8088
8005
10748
8405
8196
13683
8194
7564
19962
7753
9181
8215
7614
9430
7578
8155
8728
8207
7682
8329
8177
9964
7936
9100
17610
8293
9206
11146
9439
8474
9180
9044
8870
8608
10383
9194
8420
13543
7607
8415
10663
8194
9097
7861
9410
9000
7974
8415
7400
7876
7582
8393
9271
9209
8997
7948
8087
7454
9256
9498
8936
7420
7788
8671
8200
9251
8379
9011
8263
8379
7882
10384
8152
7881
9514
8300
7302
12384
9061
7712
12129
8032
8306
8185
8453
8045
9261
7752
9084
9276
8147
9215
10829
9478
8565
9485
10160
7334
9260
12457
9069
7754
13755
7848
7733
9087
8811
8592
8091
7783
8140
8677
7945
8584
8083
8723
7913
9236
8195
9435
8225
7807
9220
9722
10584
8415
7953
17372
8177
8965
9764
8137
7660
9637
8700
7984
8582
8414
8498
9051
8810
7568
8794
7994
7474
9630
8430
8279
8778
8372
7820
8527
7535
7533
8086
8477
11874
8115
11322
8380
9251
12546
8117
8060
9574
8603
8731
9363
8324
7922
7535
8730
8041
8487
9057
8748
8239
12277
8146
8253
11102
8551
7884
14408
7890
9067
10102
9984
10804
9199
8473
8696
8090
8119
7567
7670
8591
7987
7764
8495
8077
7636
9252
8326
8223
7582
8733
9090
7870
8485
8655
7799
8193
8459
9824
7655
10124
9313
8214
8566
14179
8014
8294
8434
8092
7716
8820
8195
8420
9294
8594
7629
7810
7998
7803
9469
7892
9210
8926
8009
8387
7733
7753
9213
7639
10246
7794
8624
9338
8503
7738
10372
8519
7610
9858
8753
9032
15723
9248
8456
7851
11323
8085
8512
12785
8784
7744
9220
8093
9001
8858
8148
7870
8362
7809
7342
8817
8225
7930
9189
8579
8104
7791
8333
11387
9302
8634
8410
7784
8937
9278
7889
10042
8700
8312
14276
7878
9143
10440
8595
8949
8982
7901
8684
7645
7910
7590
7893
7361
8806
9087
8194
9180
8757
8594
8577
9259
8038
7933
9000
9959
7777
7376
9873
9014
7564
10068
8160
8029
12919
7766
8732
12283
8156
8304
8751
8554
7575
8019
8848
8560
8358
8075
8170
8394
7805
8667
7874
9805
9044
8153
7928
8831
8858
9138
7750
8916
7730
8897
7680
8853
8082
8123
7733
7720
8556
7531
8103
9248
9131
9035
7777
10913
7770
9214
7984
7912
8840
15824
9184
8000
8490
8399
9018
8395
8918
8716
8623
9008
8641
8556
9062
7802
7825
8141
7470
8958
7744
8098
9183
7568
7612
7870
9397
8638
8823
8796
8416
7702
10189
9038
8172
15194
7949
8666
7797
8356
8878
7720
7646
8996
8799
7726
8302
9125
7794
7622
9014
8009
7755
8191
7884
8389
8343
8813
8377
9573
8230
7490
8828
9482
8492
9107
9842
16538
9008
8379
8843
8767
9017
10482
7362
8081
8580
8424
9216
8180
9028
8037
8356
9813
7589
9238
10420
8448
7733
13841
7593
8793
9143
7994
8759
8594
7911
9657
7805
10456
7486
8333
8798
8512
8736
8317
8225
8084
8734
7377
9282
9251
8717
8556
8643
7560
7913
9118
8814
8708
8457
7682
8436
8411
8749
9001
9538
7992
8192
12916
9255
9146
8936
8403
7861
8445
9540
8394
8149
7789
9087
8497
7679
7640
9391
8654
8240
9321
9448
15528
9145
12551
7779
8177
12418
8843
8616
8661
8974
7630
8788
9040
8193
10933
7693
7622
8834
7784
8669
8738
7505
8231
7590
7729
7813
8246
8953
7851
8977
9822
8051
9188
9616
8297
8153
16828
8529
9175
7987
7753
8464
8877
7971
9400
8050
8114
7778
8853
8408
7589
8497
9164
9045
7619
9223
8915
8276
8463
7671
8686
9410
8074
8490
15548
7656
8933
9925
8183
9200
9441
9310
9253
7931
8047
8162
8765
7707
11744
8103
7813
9077
9046
8304
9007
8761
9461
9176
7653
12863
8509
9401
11580
8079
9480
9037
8451
8051
8435
8656
8633
7995
7509
7323
8084
7573
8185
9005
7646
9911
8256
7940
7798
9028
9279
9097
8162
8913
9056
9247
8377
8614
7758
10157
8155
8461
10883
8344
8450
14257
7609
8858
8656
7760
8646
9420
8071
8062
8287
9159
9264
8192
11338
8892
7957
8005
8756
8669
10760
8056
8379
16943
8378
8741
7703
7761
8164
9596
7834
8692
8387
7516
8904
7989
7730
7573
8482
8175
8094
8352
7981
7537
9071
9147
8979
7814
7981
8425
8195
7615
8595
7616
8082
8228
8607
8323
9230
9302
9594
9073
7473
10409
8344
9456
13966
9181
8256
8795
7837
7775
9263
8566
8465
8634
8784
8973
9420
8725
9342
8270
11262
8309
7673
14360
9078
7789
9423
8954
8682
8172
9092
9352
9489
8612
8936
8502
7841
8266
9713
8161
8878
8760
8053
8128
8692
9416
8641
10872
16645
8512
7688
9041
8897
7794
7982
8895
7819
9659
8590
9295
8766
7394
7633
7371
8793
9064
8615
7523
7828
8595
8013
8597
9095
8545
9191
8325
8420
7744
7845
8016
10538
8174
11893
8094
8325
12919
8107
8987
9909
8358
7893
7999
8555
9389
8799
8860
8548
7480
8705
9015
8094
8218
8247
7671
9034
8933
12582
10892
8753
8051
13013
8298
8010
9503
8309
9092
8765
7581
7876
8560
8765
8646
8808
8046
7419
8861
8820
7534
8441
8644
8394
8619
8981
8171
7874
8206
8620
8795
8029
7727
8235
9302
8415
8270
9834
8364
7753
9776
8407
9251
13334
8415
8007
15505
8035
7997
7610
8580
8197
7498
12010
8806
8401
13532
8226
7858
11075
14276
7511
8804
8497
7369
8037
10041
23167
8400
9257
8597
8323
8897
7584
8835
7638
7860
8551
8550
8355
10276
7744
8462
8850
8095
7435
8619
9219
18135
8335
14438
8116
8078
9543
9149
21879
7497
9374
7789
7834
8861
11005
8194
9024
8830
7796
8695
9112
9097
8779
8497
7925
9020
8658
8823
7813
8980
7974
8711
9206
7363
7764
10302
9060
8097
15212
9139
8644
8937
9367
8065
7823
8423
8189
7975
7620
8807
8992
7596
7974
8034
7903
7797
7784
7584
8439
7788
8410
7764
9788
8807
8869
9151
7590
8615
8784
20364
9218
8278
10925
7786
8656
7597
19039
8421
9300
8937
7961
9020
9453
8172
8657
7979
7507
8249
7787
8374
23469
7805
9235
8420
7558
7809
7978
7994
8764
7998
7869
7415
7874
8164
8836
7756
8207
8463
8020
8527
186533
7642
8305
13960
9188
8805
9184
9282
7991
7670
8815
8889
7809
9430
8974
8463
14063
8471
8237
8188
9436
8613
7640
9159
8600
8794
8559
8666
8860
9018
7426
9118
9307
7742
9160
8517
8010
7640
8735
8705
8913
8556
7814
9220
10264
8636
7892
13370
8564
8400
9673
7733
7666
10419
7610
7539
8825
9002
7362
9282
9091
7786
9138
7604
8433
8203
7958
8604
7584
7795
7629
8626
8103
7784
8181
9196
8499
7347
8917
8981
8134
7475
8414
8120
8161
7543
9087
7825
7993
9024
8456
8549
7654
8785
7855
13134
21369
9676
7748
9239
7999
7957
7661
8011
8223
7710
9439
8210
8537
8463
7948
8473
7715
7574
8795
8914
9451
8500
7861
7400
8108
9702
8450
7792
7966
8425
8266
10717
10536
8631
13329
7523
9204
9401
8465
8275
7668
7994
8183
9267
8600
9078
8154
9444
7950
8201
8112
8207
9382
8851
8150
8205
8137
8889
7784
9095
8404
8450
8635
9012
10195
14182
7712
7564
12152
8877
7885
9693
7917
7563
9379
8425
8701
8210
7992
7987
8456
7961
8767
8194
8444
9041
8638
8157
7497
7292
7753
8359
9024
7748
8815
10319
11743
8804
8734
14761
8114
8655
8846
7487
8348
9797
8866
9497
7955
8389
8182
8815
9251
7748
8491
7724
8857
7907
9380
8779
9028
8176
8934
7884
9625
10092
7695
18548
8830
8378
7920
8264
8652
9249
8692
8891
8445
9185
7574
9295
10321
7830
8041
9757
8419
8656
13692
8995
8242
9200
11482
7980
7338
8308
8996
7551
8211
7792
8625
8413
8364
8396
9014
8438
7374
8631
7455
8259
8893
8556
7663
8364
8180
8697
7863
7738
8473
7954
8139
8775
7579
8212
9011
9041
8195
7415
8414
8404
9064
8788
8225
11806
15668
7993
9405
8118
9080
9452
8426
8342
8364
9030
7886
9304
7866
13932
13789
8512
10140
9482
7922
9209
12373
7701
7532
8583
9260
7589
8190
7646
8569
8989
9014
7872
8377
7789
8630
8576
10057
7865
8949
9581
7913
7553
13967
8757
7781
10256
9215
7640
9830
8404
7811
9398
9277
8376
7677
8350
7941
8436
8591
8696
8153
7447
7517
8409
10644
9343
9010
10304
7562
8983
10106
8257
9849
13445
8030
8116
8832
8848
8362
8583
9251
8897
8452
8321
7577
8377
9469
8981
7825
7377
8271
8817
8819
8171
8851
8194
8725
7925
8153
8225
9017
7891
7603
8393
9056
8376
8446
9411
11240
8430
15951
8197
8002
11625
7597
8478
8758
7842
7585
8343
7857
8630
8162
8774
7474
8376
8784
7675
9338
7911
8078
7489
7833
8661
9120
8521
8064
8813
8656
17218
7697
11954
8530
7441
8773
8419
19727
8779
14566
8153
20722
8789
9830
8025
8937
9064
8096
7427
8526
8900
9256
7697
13095
8738
7600
7827
7962
8231
8307
15190
7965
7866
7835
7776
7870
8104
8544
8987
8683
9582
8876
14857
9789
9101
7786
7887
7659
8594
9026
8094
9298
8751
9947
8539
7938
8345
8732
8484
9514
8661
8466
8862
17393
9117
9434
16397
7978
7490
9805
8415
8261
7774
7547
8524
8216
8372
7864
8297
8408
9157
8970
8610
8314
9854
7763
9472
7662
7690
8801
7586
8453
9224
10080
10882
7312
8554
14732
7963
8932
7906
8596
7892
9642
8210
9247
8328
8343
7810
8000
8789
8938
7518
9281
8215
8546
8707
10783
8579
9551
8831
8733
10030
7552
8812
13103
7639
8723
11320
7823
8599
9625
7660
8386
8353
8433
9378
8524
7957
8814
8995
7549
7884
9188
7934
9302
8776
8421
8010
8717
8682
7624
11063
9707
9003
8392
14252
9292
192573
17438
7589
8918
9256
8971
8897
8782
10459
7642
8200
14276
8070
7531
10823
9025
8245
8836
8375
9157
8503
9374
7668
10279
7614
8970
9073
8651
8775
8397
8823
8656
8866
9130
9215
8411
12414
8718
8294
12970
8528
8173
8464
8400
7458
9008
8543
8730
8334
8166
8584
7803
8430
7533
10583
8866
7736
9100
8375
9325
8311
9449
8617
8261
9249
8446
8362
13522
8005
8476
8271
9246
7977
9455
8670
8902
7889
8241
8302
8897
8394
8421
7938
8865
7754
8622
7974
11394
8766
8294
7876
8756
8516
7667
9209
9718
9247
9187
12492
8656
7998
11475
8175
7737
8344
7604
7793
8910
8810
8353
7635
8956
8383
8793
8662
7804
8242
7969
8740
7702
7936
9244
8087
8508
8477
7995
8446
8928
8382
8800
8919
8139
8133
8646
8475
7507
7788
8476
8092
8263
7794
8614
8811
8718
10212
7335
7691
7964
8045
8517
8212
8199
19396
8010
9338
8443
8698
8355
8044
8185
8752
7967
10502
8209
7992
8702
8332
7586
8044
7826
8666
7334
8752
7674
8756
7570
9223
9092
8918
8676
7548
8026
8770
9368
17695
8234
8923
11086
8173
9065
7729
7832
7420
8982
8406
8346
7876
8937
8839
8395
7503
9209
8751
7947
9290
7815
7770
8000
7981
8461
8517
8695
8225
7573
8296
10563
8028
9119
14777
8148
7883
12088
8386
9251
8235
7670
9104
7676
9282
8314
10422
9238
10033
8799
9482
9038
9236
7831
7514
8900
15165
8533
7807
8895
9358
7610
9487
8116
8375
8041
8313
9228
8923
7287
7871
7602
7920
8979
8484
7772
8381
9153
8858
7791
8207
7621
7999
7995
7852
8564
7933
7723
8670
8789
7808
8449
8953
8950
9088
11632
10546
7676
8938
11532
8543
8946
11202
8726
8371
8276
7841
8353
8573
8446
8984
7374
7642
7528
9189
10788
8252
8106
16171
14393
8078
8052
10784
8352
7771
8516
7601
8010
12292
8862
9416
7793
7574
8201
8676
7770
7744
8618
8976
8498
7575
8174
9136
8003
8291
8194
7379
7769
8804
7564
8803
8483
7630
8101
8426
8039
7796
8907
8616
9138
8323
7979
7830
8701
8926
9182
8536
8094
9645
9109
9031
13297
7969
8206
10485
7829
7976
8851
7674
8314
8933
8247
7994
8794
9035
9020
7641
9062
9001
8139
9034
9623
8555
7702
9217
8955
9256
8816
8391
14757
7579
9012
9451
8144
8783
12195
7612
8955
8881
7714
9087
9546
8440
8106
8114
8267
8466
8391
7712
7310
8122
8443
8689
9376
9823
8471
7640
10425
7409
7659
11375
9005
8460
14382
7501
7742
9236
7548
7580
11346
8138
9108
8142
9279
8555
9051
9148
8620
8807
7571
7491
8099
8315
7732
8799
8562
8629
8751
9085
7798
9406
10644
8624
8269
13150
8016
7739
8394
7375
8815
9128
9071
8326
9863
7564
7398
7989
8494
8548
8461
7353
7637
8620
8634
7835
8612
7933
8847
8687
7413
9241
8336
8841
8036
7929
9215
7442
7592
7450
8299
7451
7851
9378
8858
8957
9036
8155
8273
8703
7836
9825
7530
8274
8856
8807
8253
9689
9539
8492
14321
8843
8997
8087
8303
8966
9441
9061
8386
7630
8186
7750
7928
9579
8157
7802
8800
8455
9278
8426
9133
8635
8253
9016
7380
9654
8049
9235
9046
7995
8178
14748
11739
9810
9436
8524
8503
8941
7492
7644
8477
7764
7589
8235
7613
8635
7957
9155
8299
7776
7435
8492
7931
8737
9271
8948
8235
7924
7545
9000
8659
7672
9465
10266
9780
13778
8835
8934
10298
8492
7728
8784
8799
8966
7933
8928
9255
8373
8013
9122
8020
7896
9204
7878
8124
8030
9071
8306
9411
8994
8536
8655
7624
8561
8096
10146
11348
9315
11917
8231
8706
16059
8789
9438
9843
8508
7794
9352
7856
8805
7669
7896
8921
7479
8795
8960
8174
9871
8025
7521
8800
8710
8659
14696
9037
7492
9794
9304
9441
7535
7950
8615
8378
7587
7907
8354
8071
8175
9215
7941
7861
8815
8190
8459
8352
9047
8291
7720
8558
7656
7758
8191
7895
8009
8265
8203
8067
8675
8423
8218
8126
8862
7826
8912
7727
8041
7964
8691
7934
9446
8282
7705
11125
7592
8016
14520
8519
8455
9216
10666
7523
8100
8589
8374
9323
8775
7569
7758
7994
7586
8440
8555
9261
8015
8825
8607
8432
7940
7558
7806
8014
7636
8781
9033
8395
9114
8443
7380
8374
8229
9089
8383
8073
7574
8001
8209
8171
8871
9565
8158
11689
13598
8161
9330
10071
8933
7932
13521
7863
8596
7739
7830
9046
7797
8684
8499
7803
8456
7973
8738
9372
8456
8114
9192
8777
9404
18046
9184
7815
7651
9312
8427
8514
7607
7962
8766
9065
9180
8121
7900
8284
8110
9069
7915
8789
8057
8379
8171
8659
8110
8682
9195
8415
7664
10774
8311
7530
14271
8771
9037
8976
9021
8716
8155
7868
7747
8564
8446
11671
7480
9816
8322
8493
8471
8515
12603
10282
10253
7659
13641
7862
9193
8164
8015
8393
9302
8575
8610
8051
8360
8301
9287
7572
9143
7806
8171
8888
8430
7805
8893
8174
7836
7897
8652
7446
8656
7912
7794
8895
8470
8956
7861
8010
8233
9097
7527
7431
8856
8346
9143
9160
7643
7760
7917
7635
8575
7866
9263
8499
8625
8425
9096
10165
8832
17408
8206
7838
7593
8159
8422
8444
9174
7637
8185
7358
7826
7782
8257
9400
9613
8525
8727
8957
8085
8522
8630
8436
9143
7911
9128
8384
9165
8896
8458
8908
8002
8112
8256
8093
7919
9407
7535
8504
8424
7503
9138
7741
8977
7953
7755
8415
8371
8050
8157
8656
8471
8368
8589
10057
8853
7749
14584
9277
8353
7946
7698
8778
9441
7327
8912
8600
7557
8575
8419
7969
8634
9250
7914
8010
8358
9222
9244
8766
8958
9148
7552
8723
8769
8606
7292
7635
8800
8045
7656
8118
8040
7656
8938
7661
8195
7568
9256
8909
7697
10250
7779
8292
17140
7883
8958
10550
9180
7903
9697
7999
10887
7913
7409
8841
8341
7502
7578
8722
8905
7962
9183
8625
9250
8286
7568
11412
8222
9592
8741
8565
13564
7379
9359
9117
8390
8126
9256
7820
7242
9446
9160
8672
7594
8951
7892
7361
8035
8235
8594
8229
8990
9183
8049
8082
7958
9220
9493
7733
9610
7380
8655
11068
8325
8900
14743
8343
7835
10587
8347
8062
9445
8820
8105
8066
7590
8269
8631
8620
8738
8542
8270
9102
7968
9091
9557
7905
8964
8457
7982
11313
8205
8563
12381
8566
7625
12918
7623
8871
9301
8343
7519
8834
8092
7474
8314
8778
8442
9234
8138
9091
9200
8531
7890
7442
8655
8705
7952
7590
8790
7798
9225
7670
8633
8168
8627
7838
8338
7389
9028
9257
9202
7607
10082
8365
7539
9601
9076
8839
17783
8394
7794
8858
8451
7525
8852
8015
8796
9014
7917
9449
9086
8430
7757
10351
10129
7572
9095
14240
8995
8869
9031
8847
7969
10301
8411
9175
9027
7425
7769
8780
7906
8438
8115
8713
8000
8643
8379
9343
8565
9036
7793
8553
7544
8102
9379
12141
8624
8275
13252
8553
7700
11528
8562
8054
8605
8445
9177
7455
8185
8798
8633
7995
7307
8891
8051
7560
9025
8769
8159
8471
8226
7512
8026
8838
9010
8450
8358
9862
8846
7626
11333
8616
9253
8575
8185
8415
9634
7754
8197
9260
7527
8439
8230
8004
8548
10553
7575
7348
8394
8835
7639
7655
7390
9015
7852
7555
8196
8383
9167
8660
9217
8834
8841
8583
11721
9175
7673
12371
8536
8112
8353
8722
8884
7638
9097
8077
8833
8905
8296
8461
8060
7487
8424
8902
8503
8427
8595
8536
7779
8252
8479
10328
9615
9012
7810
10077
8548
8887
14542
9132
7661
8225
9079
7726
10281
9190
7964
9645
9630
7933
8634
8056
8093
12374
10415
8215
8628
13978
9220
8411
8900
7659
8490
10239
8710
7504
8351
8374
7855
8580
9353
8799
9142
8178
8334
8266
8961
7856
8795
8216
9003
8199
9011
7420
9121
8208
7484
8339
8435
9025
8912
8970
8417
8723
16867
9569
8926
8607
9274
8170
8487
8598
7308
9216
9165
7733
8313
9638
8949
7443
8243
8016
9330
8096
8329
9000
9188
9097
8290
7751
8279
8291
15003
8369
8376
9035
9486
9164
11115
8989
7527
8571
8138
8700
7943
7358
8509
8273
7552
8966
9215
8233
7964
9219
7803
8596
8996
8671
7630
8400
9770
8867
7848
12389
9056
8346
11032
9228
7628
9636
7817
7548
9700
7988
7824
8348
8936
8623
7600
8677
8520
7512
7892
8401
8174
8350
8506
7846
7824
7789
12456
8878
7733
7564
9540
8611
7539
8544
7770
8931
8471
8025
9217
8791
8984
7540
9278
8751
8077
14718
8163
9414
8853
7951
8889
9005
8014
9097
9106
8340
7789
9521
7646
8435
8675
8223
8378
7983
8113
8393
8088
8395
7856
9220
7965
7962
8702
8651
8744
8555
7494
8326
8656
8895
9153
8637
11275
8584
7790
14012
8806
9290
7709
9319
8512
7965
8373
7920
8556
7595
8546
8153
8102
8928
8615
8006
8425
9454
9127
7548
7673
8177
9412
8582
9511
8063
8394
7635
7991
8446
8821
8014
8394
7795
9034
8824
7564
9242
8483
9309
7625
9007
7579
8558
9157
8492
8551
9861
8786
8279
15818
8732
7348
12166
8772
8057
8615
8695
8698
8471
7725
7807
9516
9098
8384
8173
7602
8040
7935
8021
7574
7847
8364
7624
7812
8042
8837
8887
9034
7964
8635
8325
7705
8892
8074
8512
7759
9481
8669
8025
9369
9227
9001
14830
7614
9538
9324
8113
8807
8215
9402
8882
7741
7864
7764
8334
7846
8198
7348
8805
8251
10505
7774
8706
7494
8576
7795
7707
8044
9076
7956
8315
8480
8629
7796
7826
9135
8825
8011
7804
8606
9062
8497
7697
7528
8274
8606
8175
7722
7899
7628
8565
9617
9438
8582
15029
9305
8635
9707
8061
8278
9635
8843
7870
8074
7948
8362
8979
8656
9277
7565
7774
8033
8198
8435
8471
9076
12129
8918
7588
9541
7906
7797
13497
7297
11230
7533
8593
8384
9252
9047
8059
8141
8758
7468
8862
8911
8471
8578
7701
8215
8899
9018
8569
8113
7502
8564
8071
7769
8356
8128
7692
8430
9194
8400
8395
8459
9346
8237
7698
8815
9171
7975
8415
7848
7451
7217
8177
9028
10338
9115
8092
9615
9114
8275
17329
8912
8916
8900
8170
8874
8839
8806
8617
8355
8131
7881
8040
8188
8168
8410
10715
8296
9285
13148
7794
8606
10051
9190
8596
7937
7686
9220
7961
8238
9223
7194
8671
8086
8570
8343
8892
7520
8202
7829
9228
8840
8010
8994
9219
8147
8606
7952
9207
9007
9609
8585
7634
10482
8568
7739
15600
8164
7510
8935
7559
9317
8770
7813
8407
8656
7230
7812
8274
8111
8205
9679
8869
8135
7726
7916
8259
9384
10281
8450
7571
8678
8582
8569
8157
8466
8122
7736
9273
8394
8732
8487
9181
7956
9533
8253
8032
8796
9040
8909
8607
7400
9133
8042
8567
9048
8552
8804
7891
9379
9178
9474
8978
7880
12238
8817
8234
12898
8469
8542
8068
9554
8671
8573
8618
9492
7854
8015
8812
7561
8475
8608
8216
7955
8225
8633
9049
8569
8134
9082
8655
7946
13404
7996
9292
16815
7774
8395
7746
8922
8737
9312
8374
8251
12077
7381
8640
7789
9278
8571
8076
8256
8255
8310
10753
8479
8640
14753
7480
8163
9059
9015
8035
7810
8241
7965
8607
9246
8337
9309
8106
7993
9425
8233
7563
7880
8538
8367
7657
8162
8003
8254
9040
8425
8346
8044
8600
8154
7647
8079
9033
9101
8702
8415
7676
8589
9260
8832
7723
7424
9631
8398
7935
8518
7536
10174
9265
8651
8022
14309
9085
9279
9798
8174
8804
8800
8625
8874
7770
7850
8385
8342
8607
7893
8024
8853
8081
7272
9434
8660
7862
8164
10721
9011
7546
7461
9000
10163
8688
8568
12988
7936
9077
10944
8810
7971
8076
9313
8726
7652
7514
7785
9439
9692
9025
7527
9070
7934
8888
7787
9097
7717
8310
7490
8193
8500
7823
7614
9022
7942
7647
8225
9020
9214
7789
8654
8893
7622
8940
9174
7915
8342
8292
8195
8568
8537
10621
8586
8810
13860
9192
9079
10363
7751
8092
8891
8167
8800
8494
7498
11682
7507
7403
9096
8266
7865
9010
8349
7921
8354
9159
10102
8632
7994
8432
8138
7978
11164
7635
8516
13514
7569
7796
9434
10451
8867
7832
7911
7366
9435
7592
9252
7754
8122
8520
7724
9278
8983
7773
9049
9461
8276
8628
8864
8115
7730
8868
7576
7840
8445
8526
8638
8721
8286
9256
9155
7909
9888
9080
7609
13926
8514
7480
9620
8433
7929
10599
8748
10075
8355
7703
7589
8426
8840
12541
8420
8205
8947
8110
7920
9211
9028
8515
8377
8580
7993
7969
9158
12189
7870
9423
7360
7709
8806
8597
9248
14158
7589
7340
11749
8594
8766
8260
8013
8821
7743
7790
8435
9536
8117
7480
7638
7975
7593
8147
7852
8174
7600
8834
9203
9503
9173
9150
7881
7326
9064
7988
7612
7620
8994
8117
8102
8882
8600
9256
9205
10281
7948
8276
9141
8293
9020
14977
8014
8509
10343
8534
8594
8425
8058
9032
10112
8906
7574
7693
8110
8371
7415
9087
8487
7710
7993
8712
8948
8688
8445
8394
7782
7739
7658
7735
8465
9199
7411
9037
7812
8828
9205
7872
10172
7870
8152
10674
9456
9305
12106
8784
9151
7849
7651
8769
8664
7680
7818
9643
9228
9306
7830
8411
8005
7659
7957
7758
8161
8979
8444
7385
9231
8443
10266
7984
7825
8416
7450
8088
8518
7961
8518
10813
17794
7976
9126
9183
8047
8412
7593
8430
7312
8934
7550
8194
10242
7824
8684
8698
8297
7744
7820
9235
8466
10004
10026
8716
7612
9235
7702
8604
9458
9480
8817
13210
8096
7596
9246
9185
8135
10474
9458
8333
8211
8073
7776
7896
8748
8447
9585
7602
8579
8663
9329
7600
9283
8699
8615
7290
7817
7870
13251
14835
8794
9892
7496
8479
9047
11169
7671
8983
8801
7600
9348
7836
9194
8625
9794
8082
8353
8697
9771
8213
8394
10324
7534
8601
14456
7699
8446
9104
7738
7687
7955
7582
8915
8789
8986
7573
8450
8415
8372
9427
9294
7832
7995
8861
7794
8651
9026
8090
7569
7906
7835
9235
9341
8877
8647
8162
8052
8337
7848
7609
8957
8013
8737
8373
8097
10371
9754
18005
9439
8830
8739
7971
7650
14735
9670
8451
8715
10083
7912
8750
7829
7690
7996
14752
8594
8353
8774
14612
9212
7934
9208
9678
8635
9052
8819
8429
9486
9702
7754
8237
10177
9457
9186
19382
9096
7882
8753
9066
8417
8769
7358
8418
7982
8091
8177
8205
8090
7389
7851
7325
9061
9182
7625
8172
7246
9349
8066
9255
7549
9477
8602
9467
8173
8419
9572
8545
8086
12343
7271
8835
10610
8890
8738
8196
7575
8143
8579
9210
8232
8006
7734
9076
8026
7699
8730
7861
7578
9161
7677
8676
8538
7710
8167
8723
9130
8808
7573
8574
8548
7869
8338
8200
8597
7747
7784
8485
9263
9179
7357
8624
8432
8060
8109
9095
9351
8029
10344
7575
8975
9653
8349
9078
12872
9390
8196
8453
9019
7630
9054
7420
8099
7769
8666
9063
8789
8164
8462
8092
8605
8192
8228
9453
8558
7882
7538
8086
7990
8410
8334
7755
8478
8640
8427
8442
7901
9434
8218
8425
9160
7761
8833
8850
8193
7584
7618
9358
9089
9056
10207
7385
8169
12119
8291
9051
11348
8022
8255
9336
7385
14179
7984
8113
9299
8315
8409
8088
8514
9583
8162
7971
8205
8380
8531
10150
8978
8492
14564
8252
8861
8517
7615
7655
10779
7906
7710
8453
9268
8172
8657
8421
9009
7686
9270
8091
8057
8157
9277
7799
8333
7972
7828
8840
9028
8466
8572
7481
8716
9200
8107
8124
17088
8203
8010
9459
8684
8708
7810
8133
8470
8416
8194
9052
9455
7683
7720
9091
7520
7998
7882
8632
7867
10365
8286
7680
8303
9005
9225
8538
8812
9149
8620
9723
8705
9328
13461
8502
8118
10133
8302
8641
8099
9256
7424
9541
7728
7757
8676
8251
9193
8635
8094
7519
9683
9133
7672
8733
7625
8054
8717
9207
8589
9147
7553
7533
8051
8169
8835
8156
12036
8097
7822
12328
7745
8095
16019
8142
8002
8784
8158
7904
7703
9133
11616
7651
9831
10078
8958
8627
7786
9031
9217
7413
9238
8900
8508
7592
8717
7608
7614
7969
7654
8991
7733
8147
8319
8739
8081
8619
9140
8213
8209
8035
8627
8361
8270
8717
8913
8717
9285
15046
8454
9065
8196
8979
8528
9239
8763
8726
8210
8351
7943
8717
7945
8084
7875
8112
7618
14829
7680
8058
7792
7829
9054
8553
8880
8411
8433
10260
8718
8405
14550
7771
7322
10161
8353
9212
8550
9275
8412
8424
8506
9182
8678
8241
8647
8358
7535
7592
8117
9153
9233
8569
10659
8230
7992
15005
8616
9155
7614
8460
8578
9343
7715
7764
8732
7922
7779
9020
8104
8656
8617
8350
7493
9405
9043
9580
8899
8815
8565
8066
8737
9030
8191
9762
8166
8328
10051
8443
8034
14969
8928
9203
12409
10890
8466
9397
8251
9258
7884
10805
7777
9060
13564
9302
8010
9239
7771
8773
8052
9564
7899
9419
8170
9375
7713
8417
9211
9112
7975
7796
8996
8472
7732
8667
7801
8392
7350
8604
8422
8066
8966
7610
8081
7960
8215
7969
9100
8619
7976
7592
8138
9012
10135
9131
8010
10729
9126
7387
16090
8362
7589
8912
9841
8554
8442
8471
9274
23639
9015
7620
9287
8206
8605
8986
8329
9603
7846
9685
7648
9282
8207
9327
8695
8407
7950
7874
9117
8515
9396
8394
8307
8365
7779
9162
8992
7591
8815
8509
8081
8695
7835
7472
8462
8971
9080
7928
7798
7896
8467
9558
9056
8753
14623
7751
8993
12353
9010
9345
8608
7619
7369
8389
7876
9134
8242
8303
9107
7591
8942
8066
8786
9095
7782
7944
7614
9262
9005
8488
8987
7649
10335
8484
8415
14379
8579
7932
9088
7854
8024
10035
7775
8699
8477
8226
9287
9049
8774
8801
7829
7994
7513
8812
8492
9578
8946
8397
8316
7290
9165
8574
8651
8511
8307
8442
8773
8358
8410
7808
9857
7749
12050
7625
8658
14099
8087
8632
8394
8086
7379
10319
8041
8601
8953
8158
8212
10150
7934
8995
9121
8577
8799
9241
8123
8697
8972
10583
7868
7600
14203
8558
7982
10679
8518
9256
7754
8008
8898
8200
7725
7682
8786
7984
9104
9030
7811
9239
7650
9039
8387
9024
9116
8114
8537
7989
7721
7763
9079
8579
8406
8450
9222
7743
7758
7531
8567
7728
7956
7861
9343
7463
9121
10572
8210
8793
11894
9238
7564
14429
7935
10338
8843
8389
7652
8725
8317
8302
8034
8339
8042
9310
7780
8058
8404
8566
7604
8303
8696
9245
8010
8494
7573
8530
9005
7668
9190
9271
8734
8924
9921
7881
9364
12574
8015
7448
10227
8368
8594
8844
8527
8502
8618
7910
8547
8948
7694
9380
8712
8672
8727
7773
7309
9369
8542
8476
8798
7388
8265
8336
7857
8139
8180
7762
8835
10607
8626
9256
7594
9451
9792
8317
8670
13928
7953
9075
8378
8349
7760
9090
7502
8539
8883
8719
7547
8623
8363
8264
7949
7774
7852
7719
8620
7674
8400
8364
9423
8239
7578
7625
9235
7549
8425
8795
9410
9264
8553
8121
9410
13979
14141
8194
7674
8401
7671
8837
9191
8031
7807
8615
8498
8455
8979
8226
7559
8106
8918
7676
8430
10013
8411
7549
8415
7831
8375
7896
7606
8918
9169
7723
7887
7834
7993
8368
9471
9006
7992
8941
8083
8414
8565
8852
8561
8158
8131
8310
7594
7861
8289
7994
8843
8559
8568
7857
8945
9026
8814
7329
9891
7610
13053
12618
7805
8293
8719
9058
8357
9774
7812
9095
7778
8011
9202
9249
9165
8474
8596
8706
8726
8846
9166
8313
8648
14069
8537
7378
9071
7635
9353
8251
9305
16093
8213
8878
8913
8956
9480
11000
7907
7862
9175
8671
8547
8625
8996
8187
8486
9242
9030
8130
13676
7451
9057
8985
9421
8254
9039
7911
7794
9071
8103
8634
9087
8754
9037
7792
9239
7668
9112
7641
8811
7589
7695
8066
8796
8656
10397
9332
10331
8906
8126
11898
8987
7504
13075
8782
8588
10417
8641
8312
8314
8433
7718
7297
9240
8621
8779
8396
9256
8425
9455
9230
7780
8365
8077
7998
8788
7841
9353
10184
9356
9186
15512
7599
7555
9223
9343
8274
8384
8171
8654
8231
8288
8157
7790
8909
7779
8000
7392
9394
8661
8327
8161
7203
9102
8819
8876
7694
8254
8660
7996
9020
8800
8827
8205
8437
11049
7920
8153
17512
8933
10125
8815
7709
8430
7854
9226
8461
8347
10384
8430
8225
8534
8927
8401
9298
8954
8646
12862
8395
8434
10543
7760
8964
9013
7257
8914
8372
7729
9235
8940
8607
8294
8124
9270
8603
8015
7415
9087
7874
9042
8997
8981
8876
7593
8176
8766
8549
8466
8617
8953
7492
10157
9072
8365
14369
8328
8863
9057
8856
7583
9251
8384
8828
8820
9751
7887
7776
8543
8202
8674
8646
7441
8225
8433
8987
9232
8640
8262
7844
8972
7730
7509
7974
9397
7905
9476
8593
9119
14276
7938
7893
11818
8598
8716
8815
8614
8958
8416
9010
7826
8096
8059
8554
7874
8329
7636
7462
8237
9079
7753
7983
8174
8231
8022
9273
8511
8688
8692
8337
8172
7390
8819
7896
8400
8405
8002
9247
8029
11487
8776
8062
17818
7441
7980
8966
8073
8603
7884
8104
7294
10123
8395
8651
8984
8902
9230
8605
8158
8480
7697
8044
8234
7815
8209
8564
8193
8277
8001
9531
9743
8201
8534
10094
8407
8589
15580
9158
8072
9223
8838
8870
8758
9783
8507
7884
14937
8197
8670
10168
8600
8179
8815
8011
8671
8979
7948
7367
9075
8235
9040
8581
9036
9680
7323
9241
8209
7905
8641
9023
8889
9553
9071
8517
12590
8556
7671
11862
7561
8451
8355
7907
7884
8528
8407
8250
8013
7839
7424
8379
9310
9072
7674
9246
8125
8229
8032
8238
7966
8066
8357
9214
8871
8307
7977
7550
7517
9304
8280
8245
7509
11085
8588
8274
8066
8314
7792
9232
8183
8702
7602
7769
11753
17617
7553
8219
11667
9718
8000
9317
8886
7800
8365
9177
8092
7819
8957
8088
7914
14095
8260
7989
14092
9017
8958
8406
7719
8802
8621
8781
8016
8394
8715
8073
9076
7629
9494
8712
10032
8394
7741
8396
7487
8988
9101
8941
11920
14123
9361
7531
9870
7651
9035
9255
8241
7586
9422
8020
8374
8892
7869
8143
8413
9229
8952
7636
8666
8783
8189
9030
8105
10631
7899
7383
8322
7875
9108
7498
9744
9341
7655
10045
7564
8094
11835
8840
8763
10396
8408
8164
8758
7806
8671
8163
8435
8779
8215
8548
8416
8712
8167
8436
10297
10035
7872
8347
9340
7993
7722
7702
8698
8097
9030
8343
10707
17626
7549
7623
12641
8039
7626
16824
8613
8987
8885
14774
8678
8953
8255
8338
7641
9392
10008
7757
8902
8977
7986
8709
8174
9215
9060
9296
8082
8528
14369
7543
8397
11604
9125
8386
8573
8805
7620
8435
9175
8301
8017
8227
8354
8412
7752
7739
7792
9235
7367
9410
8415
9029
7573
8600
8051
7857
9032
7651
8642
8170
8069
8204
8445
9199
7973
9126
8939
8611
8904
7919
9425
10682
8896
8698
15802
8013
7928
9660
8425
8036
13728
8364
7435
11537
11165
7728
8533
14115
7758
8628
9046
8933
8712
8511
7471
7750
8834
7448
7710
10582
8189
8948
7702
8939
7644
8323
7810
8164
7428
8615
8337
8663
9093
8086
8257
7848
7866
9134
8509
7862
7593
8462
7551
7588
8345
8960
8859
8877
8348
8165
8713
7605
9261
8358
8615
8308
9722
9282
8524
13810
9174
9011
9170
8697
8537
9259
7594
10927
8750
7617
7536
7911
8665
7912
7711
9248
9426
8112
7904
8200
8035
9379
9013
8409
10089
8381
8800
15011
8953
7799
9278
7798
8374
11333
9158
11688
8741
8097
10083
8152
7831
7661
8459
7791
7369
7805
8015
7992
7938
7482
9102
7673
9523
8656
8387
7853
7948
8623
9907
7769
8917
10292
7746
8412
10719
8251
8968
13540
7932
8365
8770
9887
8902
9624
8769
8056
8473
7523
8677
9135
9255
9041
8638
8836
8856
8337
9275
8551
8106
14779
8667
8786
8082
7764
8656
9879
8781
7937
8442
7638
7775
9611
8565
10177
8981
8025
9198
7676
9302
8425
7283
7890
7941
7548
8454
8416
8422
8103
7456
7800
7948
9120
9271
8334
7239
8633
8245
8196
8917
10446
8266
8688
14168
8745
7955
10065
8816
7452
7880
9102
9264
9012
9303
9125
8704
7461
9020
7638
9359
8263
8969
9186
8450
8816
9610
7516
8371
10126
7703
8082
9326
8694
8835
13154
7693
7714
9350
8789
9159
8307
7753
11006
8810
8502
8768
8448
9219
7755
8261
7842
7913
7491
9176
7640
7589
8201
8015
7979
8856
8519
7515
8077
8444
8229
8743
8193
7690
9019
8990
10897
9869
8234
8574
11820
8214
8966
11308
8594
8230
8671
8413
8967
8876
7504
8855
9270
9089
8102
9280
9122
7954
7758
9152
7800
8492
8435
8695
7431
7936
7974
9726
7997
7994
8752
7438
8155
8231
8429
7739
7587
8579
7833
9402
7552
7697
8383
7300
9583
8499
10085
8885
8946
7684
10007
17768
8383
7743
10309
7776
7981
7386
8170
8252
11424
7514
7744
8435
8353
9401
7369
8794
8911
7682
8371
7446
8048
7846
7582
9087
9726
7984
8366
7481
8930
9161
7458
8118
8030
7539
8183
10015
7815
8472
8329
11265
8768
8597
14733
8485
7568
9036
8730
7741
9586
9315
9261
7457
9115
8653
7500
8035
8079
14205
8984
8793
8457
13317
7630
9010
8630
7572
9078
9615
8528
8595
9420
8198
11465
10884
7774
8580
8716
10372
9180
8651
13733
9198
7974
10077
8864
7667
8035
8668
9139
7810
8010
8012
8007
8165
8123
9240
7277
7433
8468
8517
8030
7725
8271
8692
8310
8037
8505
9280
7842
9137
9015
8665
8484
8106
8022
8653
8634
8139
7620
7409
9223
9004
7411
7776
8959
13446
16158
8584
8622
9667
7964
8652
16251
13071
8996
9198
9138
8674
7672
14322
8757
8693
14905
14145
8256
8102
13691
8565
8221
9693
8089
9016
8923
7747
8665
7725
8861
8432
9483
9803
8450
8800
16661
8970
7343
8735
7559
7966
8200
8522
7699
8649
8990
7468
9252
8494
8555
9423
8569
8032
8568
7961
8314
8500
7633
8473
8441
9253
8755
8664
7963
8657
8401
7997
8766
8287
9304
8077
8617
9538
11571
8999
15156
8205
8558
8938
7916
8656
8656
9440
8644
7768
7639
7695
8942
9179
9452
7728
7733
8600
8051
9123
8537
8613
10580
7620
8631
14092
8908
9175
12351
8254
8936
9131
8286
19994
9133
13256
8539
8600
7642
8237
9254
8382
7832
7800
7774
7667
8261
9280
7756
8758
8294
8266
8435
7564
7831
8596
7428
8889
8332
8980
9075
7935
10789
7759
8352
8434
8623
8263
8478
8650
9320
7820
10277
8186
8846
13790
7733
7891
10241
8847
8594
7842
9095
8314
7731
8703
8526
9057
8919
9340
7692
8508
7917
9220
8183
9104
8651
7714
8658
9245
10674
8646
8112
11075
8433
8578
14982
7877
8489
8977
8399
8790
8041
9132
7670
7758
7969
8012
7846
7764
7753
9387
7841
7933
8830
8910
9121
7988
8415
7648
7806
7732
9107
7969
8779
8803
7827
8886
7266
8712
9443
8314
8469
8458
7880
8465
9384
8611
8665
11488
9043
8006
11912
9007
8230
8619
8415
7897
9082
7813
8205
8343
9205
8458
8816
7790
8196
8799
8234
7621
7536
10850
7620
8387
9358
7586
8657
10851
7615
8663
14277
8046
9266
9761
8318
8286
9022
8317
7623
8297
10078
7933
7982
8337
8324
8656
7980
9108
8376
8231
9267
8570
8817
8291
8374
9373
8305
8446
9218
8227
9160
10425
8430
8414
13633
7692
7591
9987
8990
7553
9333
8594
9018
7794
7704
8537
7653
7338
9021
9232
8236
8651
8923
7687
9266
8775
8077
9119
7695
9059
8443
8010
8137
7584
8622
8193
8647
8038
7654
7871
8147
8307
8035
8300
9839
8457
8392
8085
8935
8907
9953
7725
7774
9674
8005
9004
15755
7600
9118
9647
7835
8158
9632
7947
8528
8178
9166
7589
8472
7669
7746
7334
8646
8365
9106
8696
9197
8307
8592
8789
7923
8400
7712
8206
7794
8800
8595
8554
9309
9194
9846
9056
7813
11060
8539
8299
12291
11042
8348
8423
8418
9138
9118
8808
8604
8156
7597
8037
11319
11266
9204
8000
14256
7634
7812
10362
8333
7935
8343
9022
7586
8677
7915
9318
9546
7794
7810
8534
8235
8475
8148
7620
7317
9456
8611
8377
8152
8517
8334
8810
8278
7851
8148
8045
7655
10758
7322
8901
8988
7551
8332
7553
8112
8917
8353
7400
7624
7760
9176
7810
7814
9242
8856
8847
10352
7846
9069
16840
9060
8882
7728
8579
8822
8356
8682
8973
8255
9058
8748
8276
8810
8562
8203
10235
7753
8936
10346
8294
7817
13048
9126
7603
7834
7417
8133
10492
8190
8471
8408
7643
8010
8427
8149
10216
8389
8426
7597
8575
9015
8645
8318
9683
8646
8189
8071
8277
8691
7859
9207
8025
9176
8674
8384
9854
8641
9065
14231
9233
9835
8097
8797
8387
8855
8002
7494
7639
9758
7984
7585
8293
8649
8594
7692
8638
8988
8181
8418
7394
8629
7367
7591
8405
9171
8289
7821
9229
8525
9516
7891
8703
10389
7963
8119
14864
8175
8978
9302
8988
7886
8655
8173
9035
8446
7915
8436
8216
9037
8937
8798
8940
9243
15046
16839
8825
9262
8329
8000
8815
14668
14595
7890
8405
12364
9234
9189
9134
7731
8489
7954
9306
11569
8308
9031
7574
7637
8836
8450
8353
9472
7670
7733
8258
8880
7997
8558
8533
9142
14761
8378
8760
10487
7953
7801
7789
8298
7928
9278
8410
8676
8313
8717
8096
8645
8293
8347
9184
8716
8859
7387
9210
7574
7666
8394
8014
7793
8530
8014
7876
9410
9145
8337
7835
8538
9246
9507
8578
8164
13855
8138
9124
11016
8326
9153
11894
9471
8361
8814
8314
7553
8861
7461
8210
10233
7774
8680
7637
8757
8668
7666
9605
7476
9159
10087
7778
8084
17151
7534
8649
12499
9297
9020
7628
7478
9294
7630
8374
8466
7636
8706
7602
8125
8123
7634
8546
7819
7992
7292
8293
8533
8232
8330
7721
7956
8807
8538
7612
8012
7811
7790
7932
7748
8858
8717
8718
8069
7352
8405
8737
9976
7963
8649
9204
8611
9008
11332
8966
9220
11550
7547
7726
10435
8687
8615
9027
8415
7498
8020
9188
8900
8186
7973
8652
7733
8423
8331
8738
9111
8271
7574
8251
8133
8767
9138
8603
8498
7370
7721
8248
8414
8485
8308
9263
7812
8220
7374
7721
8898
8908
9424
8072
7860
8589
7707
7492
9603
9184
8259
17026
8837
8326
11032
9287
9416
8452
8611
8196
8930
9035
7651
7928
8395
8235
8014
7928
7672
9185
8035
8358
8625
9471
8436
7776
12364
8251
7605
13661
8550
8005
8195
7753
9208
8654
9241
8587
9240
8012
8293
8991
7953
8195
7631
9376
8543
7317
8501
7871
8702
7651
9625
9140
8342
9189
7698
8311
8648
7950
8106
8057
8534
8725
7693
9087
11059
7929
7770
9662
10122
7698
12520
9617
8820
7430
8041
7935
7843
9420
8690
7857
7633
8164
8877
8527
8543
8939
9236
7748
7674
9162
8261
9044
8533
7804
8688
8503
9268
8417
9268
9485
8303
8480
7946
8869
7892
7808
7635
10819
8234
9253
13748
8296
9083
8445
8814
7715
9035
8316
8426
8893
8562
9218
8558
8745
8698
8642
8551
8020
9143
7739
8793
9025
12596
8086
7314
11284
8615
8010
15261
8890
8078
8286
8447
9243
7761
8209
8105
8350
7778
7650
8677
9015
9163
8061
8724
8369
8320
9159
9379
9106
10012
9125
8035
15777
9978
9410
9046
8460
8569
8522
7636
9123
14194
14141
7971
8215
8637
8584
8092
9614
8164
7754
9949
8424
7973
9627
9091
7934
7822
8633
7884
8500
8641
8475
8895
9066
9969
7632
8580
9121
7769
9569
8581
8142
9143
9200
7596
11800
8302
7758
12774
8605
8534
9487
7742
8596
9864
8266
8332
8708
8594
9000
7762
7509
8958
8364
8760
8675
7809
8436
7863
7579
7835
9035
8779
8307
7994
8359
8909
8807
10475
13881
7732
8456
10844
8189
9046
14690
8846
8581
7588
8232
7887
8181
7954
8285
9097
8929
7605
8323
10310
8988
8353
13087
8466
7624
9559
9000
8381
7849
8149
8261
8497
9000
8352
8431
8848
7741
8050
8364
9061
7750
8941
8517
7942
8767
8635
8646
9054
9430
9131
8579
8541
9215
14796
7957
7691
9282
8058
8273
8235
8066
7620
9102
9039
7698
8028
9044
8829
9471
9455
8319
7280
7738
7609
11471
8666
9496
7971
8691
8352
8856
8793
7907
9688
9698
8497
7748
17845
8360
9390
12126
9032
8602
9121
8282
8355
8595
10440
7593
9298
11974
8507
7637
12611
8381
7831
9248
8799
8620
8074
8650
7948
8944
8342
8715
8846
8062
8610
8240
7609
7381
7951
9112
9191
8928
8356
8301
8348
8794
8846
7972
8094
7875
8345
8214
9226
8646
8766
7671
7600
9802
7458
8266
13259
8802
9190
9880
11588
9099
10221
9204
8641
7591
8004
7784
8647
8441
8072
8683
9260
8401
8958
7420
9231
8619
12655
7738
7583
13766
8815
8425
9705
8492
7651
8528
8707
7514
8431
7812
8661
8595
8208
8041
8920
8518
7610
8541
8934
8339
7660
8617
8005
7539
8401
8864
9185
7593
8499
7870
8294
8148
8365
8265
8908
8419
8106
9031
7711
7690
9062
9230
12519
9173
8833
17071
8364
9026
8420
9217
8753
9100
7870
8114
8449
9654
8193
9237
10521
8162
8541
11327
7805
9166
12520
9192
7924
8531
7591
8155
8404
8614
8041
8138
9010
8832
7565
7659
8169
7646
7955
7614
8748
7842
8413
8100
8979
7972
8933
9357
8965
8378
7309
8615
7629
8633
8872
8980
8024
7343
8841
7740
8679
9284
8546
7825
8606
10241
7905
8613
14805
7927
7812
10647
8467
8660
7935
7462
8826
9200
7919
8020
8779
8641
9278
8676
8688
8452
9232
9424
8115
8901
13880
7718
7810
9208
8420
9075
13720
7446
8770
9971
8784
8663
9176
7953
8434
8600
7919
7851
8433
11366
8128
8017
9093
7798
7963
8364
8359
7735
8354
8364
8330
7978
7643
8978
8647
7964
8249
8804
10064
7833
7583
7953
8640
8651
8402
8778
8857
10046
8537
7820
13328
9148
8958
9311
7598
8052
8407
9243
9243
8425
9247
9171
7976
8057
9075
9081
7628
7773
8941
9121
8801
9256
8511
8517
7553
8506
9469
7323
9454
8414
8192
10393
7497
7859
12070
8733
9141
12740
8467
7651
9304
7830
8686
7539
8177
7924
8265
9135
8287
8772
8431
7824
10797
8065
9246
7656
8474
9391
8828
9449
8165
8600
10312
8041
9446
14158
7725
7731
9169
8031
9280
9266
9601
9070
7417
7698
8798
7830
7813
8594
10844
8113
8768
9113
7805
9169
8209
8384
7861
8136
10208
8634
7614
9801
7812
8163
16235
8108
9066
10502
9039
8310
8717
9199
8805
8447
9230
8151
9064
8196
7899
7665
8636
7934
7964
9567
9737
8133
9861
8387
8234
14211
7715
7958
10048
7613
8267
10430
8220
7748
8037
8463
8857
8250
9642
7184
8623
7770
7570
8697
8187
7948
7964
8651
8840
8046
8535
9426
14428
10059
7712
8083
15088
7601
7785
9044
8066
9166
9548
8906
7795
8117
9088
8045
9582
8189
8615
9198
8396
9025
7571
7607
9032
8552
8042
7917
9087
7911
7584
8423
9077
8397
8856
10209
7625
8446
14842
9459
9238
8095
7923
7449
8655
7745
8686
8357
8431
7590
7831
8549
8096
8484
8515
7353
8723
7972
9056
8446
9173
8406
7414
7590
9297
7574
8281
8215
7539
7992
9015
9046
7567
8224
9157
8128
7704
7973
7575
7784
9501
8132
7974
7677
8973
8213
9133
7918
7948
8826
8331
7809
8405
9015
8415
8284
11492
8512
7935
10050
7464
8576
16932
8796
8323
8914
8810
8412
8464
7740
8400
8660
9461
8606
8010
8015
8560
8097
7438
9388
9245
8261
8343
8224
7650
7488
8492
7913
9638
8997
7379
8837
8412
9426
9028
8644
8599
7965
7616
9283
9051
14605
8928
8175
11199
8789
8405
8374
8087
7762
9871
8419
7600
8656
9000
7917
7868
8759
8283
9449
10491
9361
7738
8207
7924
7393
8402
7988
8763
7736
9294
7867
7428
7635
8741
8086
7624
7276
8920
8707
7953
8383
7638
7962
7732
9338
8503
7601
7617
8271
9216
8414
8853
8834
8135
9011
10524
9085
8030
16972
8042
9078
9348
7957
7624
8463
8162
8391
8439
8760
7651
9034
7395
8760
7890
7905
7893
8974
8517
8097
9241
7754
7567
9316
9919
7864
7790
9076
8387
8907
8500
7891
8827
10065
8496
8991
14956
8485
10343
9328
8082
8761
9065
8574
9276
8372
8405
7912
7986
7764
8009
8582
8695
8076
7389
8863
7803
7682
8384
7984
7787
8684
8351
9050
8613
8580
8286
9855
7895
8570
14645
8523
7747
11498
8661
7852
8093
9102
7825
8163
7697
8584
8164
9357
8567
8856
8600
8454
9066
8806
8164
8820
8244
9037
9210
7953
9258
8788
8659
9067
8019
9190
8024
8061
15030
9037
9780
8969
7808
8001
8815
8821
7846
8018
9187
7421
8746
7785
7654
8792
8417
7572
7628
8993
7692
8677
7945
8379
8521
8348
8566
9082
8055
8128
8037
8369
8917
7562
8219
8411
9166
8397
8318
8079
8638
7475
7929
8750
8266
8800
8835
8234
10356
8528
7815
8020
10146
8157
9056
14672
8245
7791
7510
9035
7562
8748
7939
10928
9429
7771
7835
8225
7571
7572
7562
7528
7779
8293
8093
9362
7778
7748
8453
9179
8497
7811
8093
8092
7677
9077
7549
7604
8304
8656
8035
8706
7925
9106
9127
9234
8329
8538
7487
8560
7926
7748
7950
8467
10723
7439
8000
8378
9435
9338
8211
9081
10661
8251
8835
8463
7470
7975
8591
7426
8616
8097
8635
9238
7733
7890
8528
8718
7805
9032
9066
8328
10132
8005
8441
14317
8453
9235
8007
8124
7646
8487
9004
9682
9554
7918
7979
7419
7820
8569
13862
8228
7970
8536
8015
8010
8268
8948
9038
8891
10041
7994
7907
14617
7741
8797
8893
8428
7921
8287
8695
9429
8029
8373
8998
7494
11303
9161
8949
8173
8231
8525
7806
9098
9102
8678
8072
8270
7514
8435
8412
7955
9014
8639
8799
7774
7913
10422
8553
7726
16869
7701
8514
9240
8850
7830
8487
10244
9060
8483
7569
9097
7875
9215
7495
7910
8235
7589
13249
9220
8672
8954
14002
7810
8414
13734
8017
7811
8344
8661
9066
7917
8899
7759
8558
8193
8415
7869
9015
8138
9374
8076
8709
8261
10242
8773
9233
12350
7798
7592
10035
7831
9307
8286
8502
7869
10192
7410
7844
8338
7653
7731
8036
8476
8554
9120
8457
8438
8564
7432
8127
8941
9174
8353
7629
8207
8043
8596
8724
8840
9222
8938
7956
8520
12171
8788
19491
8379
11681
7969
7262
16530
8755
8873
8451
8520
8128
8258
14155
8115
22307
9436
12525
8698
10779
7556
7890
15060
7534
9566
8089
7884
8892
8962
9055
9585
9104
7910
13513
9037
10272
8425
8920
8771
9239
20958
9240
8080
13613
8237
9106
9650
16516
8669
8635
13934
8946
8271
7564
8256
9077
9847
8555
8020
9070
7549
7283
8832
8362
7600
8312
11216
8907
8437
9438
8227
8233
8967
7574
8015
7996
7648
7930
8769
7835
7280
8626
8477
10102
7912
8402
7455
8310
8915
8738
8834
9969
8823
14046
8545
8588
8696
9055
7666
9688
9244
7482
9464
8684
9177
8065
9374
8848
8226
8121
8512
9282
9066
8590
8638
13305
8158
8774
9366
8085
8265
8977
8631
9307
7717
8548
7777
7825
9245
8420
7649
8482
8697
8022
7901
9026
8625
8979
8641
9035
15037
10499
9029
9045
8575
8307
7768
8821
8178
9435
8560
8934
10434
7792
8297
8691
8150
7400
8549
8057
7959
7945
7284
8340
7625
8067
7937
8256
7840
8235
8323
8593
7595
8509
9256
7558
8447
8995
7632
8416
8938
9248
7789
8735
7753
7697
7642
8645
8010
8523
8490
9058
8812
8071
8829
10099
8549
8474
12527
9000
8410
7820
8208
7938
10370
8747
8806
8019
8301
8094
9140
9576
7815
7573
8695
9018
8180
8797
8784
8922
8571
8901
9031
8557
9155
7600
8883
8371
9158
15402
7909
8882
8600
8158
8813
9253
7572
8273
9451
8117
8619
8577
8287
9092
8647
8551
8795
8015
8622
7611
12775
9876
8024
8409
17818
8071
8333
17511
10250
8758
9018
14415
8348
8833
13331
7953
7805
8826
8952
8754
9179
9212
7441
8995
7969
8846
8850
10990
9166
8099
14102
9222
8958
8408
8631
8631
8634
8679
7689
8468
7755
7875
14659
7380
7780
8887
7575
8726
8024
9864
7553
8986
11877
8614
7701
13341
8200
8492
10782
9053
7851
14507
7517
8609
8428
7774
8696
7895
10674
7835
7662
9506
7687
8581
16779
9064
7594
10483
8555
7667
8178
7610
8812
8369
9055
8148
8394
7848
7850
16570
13811
9505
8176
10651
8866
8915
7661
8015
8172
7727
8550
8158
8152
7882
7913
8629
8243
8657
9237
9160
7574
7396
8758
7832
8048
8106
8925
8595
8367
8148
9391
8199
8805
8465
7871
8345
7789
7550
8932
8980
8757
8410
7997
8031
8382
8623
11071
8496
7861
14175
7853
7716
10141
8802
8639
8488
8820
7604
209163
7826
8899
8665
14137
11221
8648
8211
8753
7979
8896
9324
9003
8350
7661
8606
8646
8038
8819
9310
8302
7390
8189
8803
8051
8102
7761
7516
8018
8902
9415
8408
8237
7732
7798
8067
10144
9591
7753
8492
9030
11087
7820
8654
14742
9170
8789
9434
7709
7893
9141
7934
7668
7556
9232
7432
8374
7864
7510
9436
8728
7628
8082
7975
7922
9001
8826
8175
8475
9110
7820
8538
8683
7836
7889
8092
9192
8164
9656
8017
8292
7871
8678
7770
9155
8073
8987
18360
8646
8471
11675
8456
8949
9204
8482
8375
8572
9149
8722
9148
13596
9140
7799
11129
7497
8915
9411
9302
8765
9502
8001
8890
8866
8102
8207
9232
7985
8016
8428
9176
8580
8134
8475
7489
7472
8597
7637
8589
7855
10630
8231
7380
9734
9949
9353
8171
7642
9538
7400
8372
14947
8888
8498
7855
8323
7305
9442
7601
7675
10361
7395
8990
7723
9192
9261
8336
8711
7279
8844
9062
8777
8507
9206
8615
7708
8678
8025
7625
8272
8132
8454
8446
8944
8801
7794
8153
9241
15135
8374
8005
12338
8773
8395
9094
8060
8160
9229
8057
9179
8035
8530
8468
7530
8004
9038
7676
7733
11504
8594
8201
8972
8428
8159
8984
7251
10963
7333
8915
17193
8064
7991
9632
7933
8785
9879
9005
7564
9158
7955
8970
7839
7571
7987
8699
9531
7537
8204
8856
7734
9023
8397
8024
8652
9820
8365
8023
13062
9219
8228
11890
8256
8234
8537
8397
25344
7958
8573
7847
7621
8399
8270
8128
7723
8625
7856
8061
8359
7629
7737
7499
7964
9670
8574
8209
8815
9051
7717
8639
8573
9353
8208
7610
7662
8220
7381
9018
7526
8314
7890
7312
7592
7846
9097
9441
8189
8695
7425
8826
7564
8076
7882
7599
8586
8306
8190
7996
8918
9220
8607
14699
7592
7917
9128
7868
9144
13533
8864
8241
11087
7994
8652
7614
13192
9146
7798
11042
8589
8366
9025
8457
7769
8968
7692
8328
7831
8307
8651
8598
7902
7600
7702
9066
7771
9146
8562
8395
7824
7697
8731
7473
7991
7804
8330
8681
8253
8957
8880
8688
7533
8595
8484
7720
9212
8379
8382
9362
7731
8972
8740
7886
8506
7540
7621
7994
7606
8359
9933
9012
7574
7965
7654
11960
7911
8558
8037
8309
7591
9898
9174
12890
8284
8158
7434
8594
8452
7723
9379
7836
7948
8323
8028
8922
18512
7754
9336
8987
8344
7850
8951
8264
9034
7536
8844
8300
8930
8938
7535
9049
8079
8519
16994
7915
8092
24942
8016
7562
9815
7709
9041
8252
23771
8648
7449
8828
20219
8859
7597
8833
7598
8136
8742
7984
7989
9169
17059
11915
8569
8603
8152
9014
8851
7744
8832
8859
8318
7254
8136
8080
7683
8540
8205
8936
8541
9841
8334
8625
9163
8274
7671
8479
8635
8567
8292
9245
7394
7607
7675
8954
8780
8526
8336
7733
8660
7993
9038
9195
7438
8383
7403
8815
8313
8095
8110
8192
8825
8309
7533
8720
7648
7487
8988
8895
7430
9117
7379
7777
9048
8994
8810
11305
8929
8035
8118
8875
8352
8697
8153
7683
8214
8824
8748
9002
8897
8998
8439
8827
8173
10349
8200
8629
8835
8030
9012
7866
7429
7485
9055
8372
7797
8764
8671
7744
8061
7729
8146
7697
8697
9271
8699
18433
8854
10585
8015
8193
8692
8156
7339
8495
8572
7800
8142
8894
8829
7732
9010
8525
9783
8017
9819
8077
7517
8250
9548
11421
8860
9517
7875
8799
7456
8998
8877
8339
7945
8631
8093
9287
8384
21744
7786
9214
8796
7950
8149
7961
7607
8491
8545
8168
7813
8615
8868
8127
8069
7746
8283
9364
7720
9420
8457
7994
8334
7994
8558
8717
7955
22260
8682
8202
8730
8368
9131
8173
21760
7907
8705
8721
7685
19221
8337
8701
8656
9072
9961
8363
8303
7781
8425
11482
9195
8461
8646
7885
9123
23437
8092
9415
8795
8008
8127
8915
23617
8450
8943
8675
8451
9539
8841
22902
7484
8799
8617
8561
9120
8726
7852
8054
8539
8363
7481
8550
8096
9123
8044
8377
8694
7304
9021
8443
8209
8683
7753
8982
18249
7653
8690
8486
8755
9812
8830
8309
9104
8903
8417
9217
9187
7717
16235
9213
9612
20117
9143
11151
8125
9802
9181
7982
8101
9312
9636
8963
7823
7710
7999
8155
8972
8969
8984
7671
7648
8923
24365
23093
9283
8795
7871
7617
9261
22922
8584
10115
8811
9345
8146
8194
18133
7865
7492
8791
8451
8682
9692
7634
7806
8342
8539
8644
8446
8664
8495
8794
8427
8112
7881
8503
9095
7858
8053
8845
8798
8265
8635
8276
7779
9637
8507
11023
7492
9457
8555
9214
7480
7619
7930
20010
8722
8644
16428
7618
8770
8266
16284
8748
7959
16515
8853
9183
7653
17910
8516
8984
23170
7572
8093
8035
8148
9039
9698
23497
8881
9243
9090
8442
8335
8434
17285
8384
7758
8166
8989
8928
8783
8997
7730
8303
8079
7969
8451
8439
8260
9143
7644
7720
7364
7906
7530
9081
8760
10157
9620
10386
7715
8955
8857
9090
8794
8751
8103
8209
9624
8298
8030
7843
7980
8420
8615
8158
8411
8057
7787
7778
7540
8962
8952
9117
8919
7879
8970
7988
8103
8910
9232
8117
7660
8933
7741
7993
8427
7705
9042
7521
9047
8218
8900
8894
8633
8956
8184
8538
7329
9353
9026
9175
8825
7879
8643
8381
8314
164764
8043
8195
8492
7746
10002
12509
-------------------------------------

