EAL: Detected CPU lcores: 20
EAL: Detected NUMA nodes: 1
EAL: Detected shared linkage of DPDK
EAL: Multi-process socket /var/run/dpdk/rte/mp_socket
EAL: Selected IOVA mode 'PA'
EAL: VFIO support initialized
EAL: Probe PCI driver: mlx5_pci (15b3:1015) device: 0000:03:00.1 (socket 0)
TELEMETRY: No legacy callbacks, legacy socket not created
Count core: 1
Number of queues: 1
Connecting to port 0 with 1 queues
ip: 192.168.1.1
server port is 8080
Expect the server to change the location of timestamp by 20 bytes
sending ARP requests
mac address for server 192.168.1.1 received: 9c:dc:71:5b:42:81
ARP requests finished
-------------------------------------
9435
8927
8943
8130
7625
8830
7651
8482
7959
8036
8200
8492
7564
7755
8227
8164
9841
9144
8518
8341
9061
8311
9285
8719
7846
8083
8699
8723
7866
9051
7805
11695
8880
9014
8615
8478
8719
7916
7902
9044
7702
8110
8619
7608
7748
8468
7658
7959
8743
7564
8461
8863
7909
7939
8157
7916
8063
8997
8923
8087
8451
7712
8699
8297
8977
8137
8522
7846
7782
8538
7511
7912
7772
8736
9178
8789
7983
7671
8425
8224
7789
9054
9014
7923
9348
8950
8006
8910
7889
10169
8234
8261
20056
7789
7688
8970
7963
7611
9205
7618
7635
9579
7869
8265
8589
8894
8716
8793
7824
9261
7634
7915
7825
8673
7842
8264
8904
7973
7940
8174
8111
8387
9178
7338
8071
7594
7621
7840
8814
8224
8274
7621
7649
7897
9040
7591
7792
9002
7594
7589
9128
7486
9485
7959
8139
8240
8817
7995
9148
7520
7816
7923
8939
8184
7984
7415
8161
8459
7811
7813
7790
7375
7856
8255
8853
8025
7320
7792
7941
8123
8861
8090
8128
7948
7740
7829
8860
7563
7936
7933
8274
7874
10018
8348
7936
7700
8483
8050
7474
7877
8913
8137
7948
8078
8219
8661
8259
7628
7981
8033
8714
7335
8135
7424
8584
8357
7641
8071
8435
7307
8009
8112
7982
7902
8722
7365
7869
8096
7252
8211
7887
8828
7965
8140
7430
8088
8035
7654
7923
7956
7218
8002
7535
8240
8101
8201
7256
7994
8164
7221
7971
7256
7620
8032
8435
7596
8509
8192
7451
9123
7162
7670
7720
7974
7309
7965
8332
7576
7874
8528
8240
8416
7931
7305
8305
8003
7552
8100
9367
7684
7692
7990
7456
8099
8193
7421
8042
8009
7624
8102
8088
7223
7940
8191
8266
7012
8036
7416
6823
7311
7861
8882
8580
7409
7748
8513
7107
7889
8639
7805
7973
8551
7872
7694
8110
7205
7851
8276
8235
8035
8006
7416
7929
8340
7169
7688
7948
7699
7981
8137
9071
8081
8000
7425
7482
7712
8025
8124
7479
7807
8029
7784
7865
8219
7507
7295
8117
7876
9030
7184
8595
8379
8353
7530
7155
7790
7536
8031
8485
7631
7821
8032
7282
8256
8449
8374
6852
8172
7450
8164
8287
7358
7940
7377
8197
7865
9378
8059
7994
9207
7975
9040
7434
8190
7697
8967
7967
7744
9096
8376
8050
8021
8857
7819
9100
7899
7799
8136
7200
8214
9076
7158
7169
8076
7223
8222
8036
7489
7890
8225
8576
8514
8301
7401
8278
8228
8015
8899
8020
7778
8452
8569
8466
6975
7908
7650
8282
8210
7386
8154
8467
7809
8398
7751
7146
8739
7293
7128
7738
8460
8194
7420
7994
8158
7066
8184
7860
8267
7381
7840
8678
7410
7574
7969
7976
7387
8777
8699
7360
7764
9079
8182
8741
7395
7840
7959
8094
7856
7531
8175
7592
8070
8173
7564
7087
8163
8563
8065
7212
8369
8385
7236
7535
8011
7948
7608
8259
8533
7609
7973
7869
7429
8051
8232
7282
7153
7616
7755
8000
8100
8381
7597
7828
8641
7805
7655
7688
7984
8092
7584
8349
8382
7463
7879
7373
7437
7790
9160
8898
7458
8232
8375
7917
8071
8367
8129
8184
7348
7962
8054
7648
7894
7937
7601
8302
8145
7769
8179
8091
7573
8031
8000
7758
8057
8282
7742
7974
8236
7220
8030
8205
7676
8150
8238
7205
8028
8069
7887
8123
8043
7070
7487
8162
7190
7861
8251
7371
8157
8097
7603
8094
7400
7590
8078
8212
7551
8001
8084
7343
8133
8704
8076
7983
8081
7823
8141
8118
7828
8239
7707
7476
7914
8228
7762
8141
8394
7336
8116
7796
8184
7917
7933
7608
8228
7871
8092
6868
8121
7027
7246
8174
7530
8045
8062
7369
7974
8235
7277
8185
7930
7215
7790
8076
7573
8034
8239
7026
8235
7876
8105
8400
8207
7671
7500
7879
8323
7615
7852
7994
7608
7712
7735
7696
8221
8435
7336
8304
8177
7603
8054
8032
7613
7910
8315
7892
7097
8030
7620
8098
8137
7588
7973
7896
7784
7436
8396
7354
7822
8221
7451
8394
8170
8482
6781
7253
7617
7947
8255
7611
7877
7969
7541
8133
7532
7771
8464
8203
7410
7994
8533
6868
7989
7051
7732
8117
8086
7413
8115
8387
7567
7849
7764
8131
8013
8494
7047
7958
8124
7758
7844
8564
7210
7962
8476
7426
8058
8097
7398
7979
8148
7271
7620
8446
7186
7859
8186
7536
8028
8230
7078
8133
8156
7342
8329
8416
7491
8131
8041
7576
7430
7715
7336
7961
8186
7664
8237
7971
7507
6932
7974
7949
8254
8000
7684
7959
8194
7397
8104
8758
7632
8176
8241
7643
8017
8381
7292
6886
7863
7728
7851
7825
7398
7715
8082
7603
7780
8082
7882
7835
8040
8071
8183
8208
7567
7973
8151
7338
7751
7846
7610
7974
8114
7516
8091
8246
6953
7798
8245
8221
8077
8381
7858
7757
8377
7687
7528
7988
7675
7968
8350
7419
8013
8174
7696
6818
8314
7646
8083
8102
7531
8179
7005
7521
8082
7607
8854
8150
8140
8881
8012
7026
7470
8240
8035
7469
8197
8085
8880
8389
6972
9056
7943
7219
9282
8196
8415
8838
8031
8201
9038
8175
8097
8737
7895
8373
7369
7991
7953
7534
8213
8183
7728
7505
8252
7394
8002
8165
8918
7792
8050
8825
8593
8177
8987
7631
8182
8723
8251
7711
7591
8241
8176
7616
8065
8384
7516
7873
8073
8671
6794
7548
9082
7796
8476
7872
7690
7943
10802
8009
8523
7582
8144
8102
8940
8010
8441
7733
8007
6927
7575
8133
8170
8536
7764
8126
9041
8208
8024
7674
7534
8467
7948
7820
7933
8000
8748
7342
8515
7380
7999
7850
7714
7980
8090
7224
8364
7676
7756
7781
8145
7212
7692
8014
7468
8247
8157
7415
7755
7910
7814
8153
8234
7389
7790
8374
8471
7952
8180
7693
8076
7908
7794
7943
8015
7669
8276
8161
7639
8282
8273
7829
8282
8417
7931
7449
8177
7624
7933
8147
7842
8033
8124
7328
7199
8262
7723
7918
8343
7227
7843
7185
7501
7152
8153
7504
8000
8178
7649
8039
8249
7676
8129
7561
8020
8081
7846
7469
7753
8229
7149
8521
8766
7641
8122
8305
7615
7949
8128
7618
7717
7485
7633
8196
8297
7420
8331
8336
7317
7750
8315
7272
8078
8115
8536
7996
8242
7249
7868
8041
7031
8114
8194
7062
8274
8193
7129
7803
8220
7555
8490
8179
7332
8111
8422
7145
8076
8146
7751
8382
8288
7530
7809
8241
7386
8308
7752
7313
7505
7152
7410
7911
8200
7812
8004
8001
7173
7899
7498
7646
7717
8170
7532
8306
8323
8085
7984
7985
7375
8230
8404
7758
8076
8062
7716
8155
7948
7292
7834
8232
7413
7949
8232
7631
8010
8213
7586
7992
8028
7276
8040
7894
7583
7890
8174
8062
6864
8318
7830
8240
8580
7414
8010
7990
7276
7000
8573
7512
8090
8077
7538
7771
8223
7361
6841
8168
7603
6914
7338
7353
8150
8038
7610
6702
7472
7492
8003
8267
7531
7984
6893
7938
7815
8795
7483
8195
8142
9019
7845
8282
7391
8153
7686
7897
8082
8029
8812
7670
8232
9118
7835
8123
7725
8281
8279
8911
8088
8123
7656
8221
8137
7376
8015
8432
8795
8335
8028
7566
8097
8124
8239
8405
8254
8331
7953
8376
8912
8094
7974
8027
8150
8223
7421
7957
8002
8769
8153
7894
8881
7904
7632
7471
8039
8202
9002
7637
8169
8287
7497
8147
8234
7465
8047
8148
7317
8000
8041
7676
7672
8343
7313
8010
8298
7510
8076
7872
7704
7472
8176
7345
8011
7874
7537
8037
8404
7228
6789
7150
7677
8258
8203
7395
8043
8212
7502
8066
8693
7536
7863
8194
7770
7984
7630
7348
7824
7532
7659
8052
8124
7255
8338
8014
7842
7909
7648
7112
7942
8226
7215
7854
8475
7251
8115
8223
8313
7889
7792
7108
7927
7993
7636
8075
8212
7671
6914
8252
7392
8107
8250
7277
7831
7964
7412
7567
8262
7631
8111
8141
7374
8101
8098
7691
7182
8319
7724
8025
8403
7719
7819
8171
7216
7423
8214
7489
7451
7717
7736
8137
8015
7580
7959
7450
7351
7829
8020
7374
8080
8492
7293
7933
7769
8658
8373
7047
7321
7588
8260
7417
8020
7937
7384
7794
8033
7262
8327
7897
7556
7696
8215
8610
8178
8258
7631
7970
7951
7416
8092
8097
7888
6858
8235
7552
7923
8056
7822
7751
8060
7550
8609
8246
7322
7914
7941
7594
8257
8216
7742
6864
8151
7420
8244
8153
7025
8375
8306
7538
7814
8899
8957
8153
8228
7726
8105
8217
7528
7951
8173
8471
8115
7933
7052
8158
7780
7467
8226
7974
8323
8212
8146
7858
7912
8073
8854
7945
8205
8853
7803
8375
7535
7773
8225
8725
8317
7926
7403
7687
7869
7371
8330
8349
9125
7620
8376
7687
8068
8300
8816
7885
8355
9038
7701
8289
7664
8261
8538
7499
7659
8501
8901
8241
8503
7358
7623
8213
7529
8080
8182
8901
8102
8157
8866
8087
8517
7671
8024
7958
7338
7932
8395
19088
7769
7809
8439
8146
8273
7189
8097
8431
7497
7738
7866
7216
8179
7880
7543
8214
7861
7311
8395
7921
7778
8163
7942
7800
7731
8095
7266
7648
8051
8381
7638
7897
8135
7586
8193
7831
7512
7995
7089
7712
7862
8329
7058
8205
8333
7589
8280
6888
8324
8226
8174
7466
7938
8495
7580
8201
8456
7226
7953
7923
7194
8185
7952
7467
7663
8014
8099
7816
8062
7590
8077
8310
7277
7952
8240
7214
7676
8090
7314
8097
8184
7512
7943
8456
7533
10339
8503
7579
7916
8271
7543
7911
8132
7676
7833
8717
7410
8265
7984
7494
8153
8090
7584
7741
8872
7461
7882
8010
7123
8102
8377
7169
8080
7555
7076
8014
8030
7594
8041
8558
8037
7610
7865
7791
7996
8117
7878
7864
8068
7558
7609
8116
8087
8030
7968
7010
7908
7976
7756
8021
8212
7605
8258
7974
7770
8110
8184
7369
8129
8444
7400
7991
8489
7619
8000
8545
7226
7799
8217
7622
7524
8071
7459
7916
8252
7552
8159
8222
7148
8085
8599
7276
7854
7856
7259
7840
8312
7302
7829
7907
7374
8141
8282
7571
8135
7864
8578
8179
7479
8548
8179
8149
7760
7854
8372
7641
8118
8003
7436
7698
8511
7430
7718
8282
7415
7918
7882
7693
7271
7951
7342
7883
8302
7512
8123
7051
7369
8216
8128
7297
7997
7994
7532
7847
8263
7507
8688
8248
7255
8116
8211
7603
8025
7981
7374
7453
8338
7197
7652
8113
7179
8032
8034
7589
7872
7508
7812
8037
8055
7790
7637
8324
7287
8257
7400
7139
7928
8138
7468
8094
8280
7199
7855
8204
7840
8002
8061
7441
7561
8259
7196
8100
8211
8048
8010
8214
7625
8015
7043
7593
8131
8163
7646
7676
8421
8819
8049
8135
9065
7922
8083
7543
7681
8315
9133
8082
8409
9100
8016
8168
7594
7964
7476
8996
8344
7294
7548
8257
7887
9135
7819
8275
9169
7953
8148
8944
7602
8376
8704
8219
7550
7903
7415
8023
8189
7392
8120
8050
7413
8543
8200
7531
7793
8076
7156
7696
7914
7348
7109
8166
7312
8005
8239
7753
8080
7872
7614
7660
8687
7148
8001
8251
7610
7709
8039
7355
7881
7658
7692
8074
8007
7371
8276
8353
7140
8343
7181
7769
8213
8570
7223
8225
8435
7493
7935
8346
7445
8336
8053
7446
7916
8321
7353
7712
8358
7046
8036
8029
7173
8274
8128
7602
7892
8159
7463
7032
7914
7151
7629
8117
7456
8446
8061
7238
7646
8180
7458
6904
8219
7296
7934
7797
8425
7359
8090
7389
7937
8234
7354
7896
8328
7174
8335
7610
7920
7796
8044
7696
8056
8364
7428
7717
7370
7510
7852
8130
7625
7928
8189
7980
7839
7878
7968
7680
8071
7676
8118
7811
7589
7806
8323
7880
7988
7991
7473
7863
8293
7621
7939
8142
7697
7270
8029
7655
7862
8367
7702
7794
8030
7505
8107
7156
7702
7994
8268
7553
7953
8444
7350
6785
7456
7692
8092
8312
7778
7718
8300
7616
8094
7071
7354
7857
8253
7347
8000
8001
8876
7800
7595
7576
8176
8461
8917
8302
8440
7335
8213
8034
7192
7721
7671
8169
8099
7810
8412
8065
7703
8419
8008
7552
8354
7719
7888
8274
8071
7921
7486
7969
7977
8676
7695
7823
8172
7436
7692
9412
8256
7913
8625
7702
7942
8503
7821
8123
8580
7789
8281
8682
8187
7871
8218
7667
7856
8998
6867
7891
9921
7538
7819
8588
7792
7959
8480
7518
8583
7360
8037
7890
9456
7922
8015
8158
7152
7805
9543
7474
7736
8485
8336
8005
7366
7509
7262
8025
7446
7839
7107
7699
8015
8494
7289
8089
8629
7630
7561
8481
7517
7680
8605
7764
8226
7973
7380
8128
8292
7661
7935
8420
7700
8046
8364
7311
7904
8315
7228
7700
7632
7090
7858
7215
8094
7631
7909
8606
7735
7727
8406
7362
7692
7321
7439
8017
8375
7549
7856
8382
7288
7600
7748
6812
7911
8726
7158
7778
8306
7567
7608
7088
8277
7558
8211
7934
7310
7044
7681
8554
7822
7758
8058
7614
7631
7604
8598
8148
7864
8423
6966
7473
7076
7590
8022
7233
7553
7608
7064
7770
7705
8497
7534
7797
8415
7701
6917
8454
7502
7491
8456
7468
7933
7192
7510
7966
8327
7579
8009
7598
7493
7994
8435
7586
8075
7780
7221
8015
9016
7978
7883
8574
7370
7845
6895
7581
7405
6967
7877
8115
8497
7901
7690
8104
7585
7789
7106
7623
7918
7548
7533
7627
8648
7585
8087
8238
6919
7311
8413
7374
7661
7412
7517
7634
8682
7576
8102
8479
7798
8020
8559
7592
7815
7395
8550
8089
7381
7427
8010
8562
7789
7781
7364
7511
6891
8230
7465
7826
8683
7669
7860
8303
7499
7882
8858
7257
7812
7184
7591
8523
7696
7994
8390
7313
7036
8414
8484
7751
8164
7358
7802
8311
7552
8046
8216
7712
7994
8102
9025
7812
8188
7967
8311
8479
8985
8007
8142
8842
8231
7788
9369
7400
8455
7131
7810
8143
8775
7820
8153
8768
7718
8177
7731
7873
8160
9270
7536
7166
7774
7803
7716
8093
7914
7939
9072
7956
8133
7221
8270
8055
8531
7801
7870
8806
8082
7779
7298
8169
8003
9025
7914
8257
8836
8137
7953
8815
8467
8185
7166
7370
8353
7571
8122
7977
8632
8177
8132
7459
16254
8161
7610
7876
8208
7374
7933
8020
7509
7589
7385
7661
7922
8098
7271
8035
8338
7577
7049
7811
7539
8083
7959
8103
8338
8005
7614
7850
8164
7718
8033
8015
9090
7939
7873
7248
7908
7756
7794
8049
8205
7492
8502
7834
8226
7155
9020
8123
7681
8139
8121
7482
8061
8046
7388
7361
8541
7610
8015
8028
7508
8021
8396
7585
7917
7458
7700
8056
8160
7316
7911
8264
7331
8033
6881
7336
8163
8262
7491
8153
8058
8525
8115
8388
8531
8082
8391
8259
7912
8251
7470
8183
8051
7637
8230
8302
7516
8114
8042
7251
7857
8196
7410
7094
8138
7341
7959
7965
7433
7901
8375
7389
7161
8383
7761
7938
8113
7647
8240
8590
7651
7482
7470
7420
7817
8025
7728
7883
8410
7556
8033
8405
7797
7735
8286
7485
8215
7956
7044
7879
7801
7388
7841
7899
7481
7923
8292
7195
7850
7521
7856
8192
8024
7510
7655
8468
7489
8261
8215
7627
8399
8243
7792
7912
8311
7602
7958
8240
8032
8300
8153
7317
7861
7969
7381
7921
8058
8683
7107
8062
7630
8302
8294
7639
7757
7991
7591
8115
8095
7400
7739
8063
7447
7913
8249
7210
7392
7978
7066
7765
8342
7276
8261
8523
7650
8056
8585
7579
8253
8184
8102
8099
8144
7299
7974
7350
8643
7733
8039
7372
7743
8317
7458
7958
8198
8098
7484
7887
7824
7842
8216
8615
7912
8513
8207
7611
8229
7775
7840
8313
7507
8073
8332
7728
7236
7890
7685
6831
8237
7429
7951
8441
7579
8313
8319
7532
8276
8435
7718
7876
8302
7597
7722
7902
7401
8086
8194
7559
8019
8041
7628
7772
8539
7672
7982
8300
7348
7895
8021
7788
7942
8946
7273
7961
8292
7326
8120
7988
7624
7981
7652
7006
8275
8215
7551
7965
8099
7199
8056
8123
8014
7919
8200
7306
8235
8023
8717
6946
8459
7449
8097
7257
8980
8204
8222
7416
8019
8071
8958
7347
7912
9207
8248
8205
9036
7945
8273
9036
8634
8154
7743
8106
8362
8698
8373
8805
7893
7366
7930
8111
7589
7992
8163
7692
8184
8435
7338
7009
8154
7489
7936
7880
7569
7945
8064
7019
7569
7770
7410
8232
8038
7196
8019
7987
7352
8456
7978
7338
8195
7635
7218
8159
8441
7412
7866
7954
7318
8245
8503
7503
8085
7743
7631
8052
8794
7328
8037
8056
7931
7882
8353
7384
7856
7307
7600
7680
7994
7563
8034
8443
7476
8144
7198
8352
7816
8158
7673
8056
8111
7753
7919
8020
8635
8068
8294
7612
8133
8076
7449
7748
7937
7534
7576
8254
7423
7990
8218
7280
7930
8164
7315
8143
7949
7515
8001
8306
7614
8057
7942
7810
7671
7371
7367
8001
8065
7420
8113
8202
7599
7242
8195
7336
7892
8005
8468
8001
8014
7544
7849
7806
7652
7925
8148
7400
7873
8240
7335
7790
7174
8789
8024
8107
7379
8307
8365
7184
8106
8193
7906
7936
8201
7338
8119
7941
7612
8291
8364
7615
6892
7936
7524
8194
7794
7141
8190
8091
7493
7748
7937
7531
7517
7920
8524
7936
7846
8534
7434
7741
7192
7698
7755
8152
7538
7936
8818
7050
8396
8400
7958
7854
7164
7609
8620
8353
7430
7702
7069
7400
7755
7214
7356
7855
7076
7914
7648
8558
7718
7702
7257
7331
8189
8284
7436
7789
7232
7583
7828
8082
7616
7779
8312
7653
7881
8154
7538
7822
7719
7787
7948
8720
7721
7764
8082
7252
7875
10075
7830
8365
8598
7485
7671
8474
7728
7712
8253
7465
7630
10302
7976
7916
8435
7669
7959
8195
7673
7950
8663
7951
8023
8574
7606
7703
8367
7648
7881
10262
7735
8095
8405
7974
7594
7963
7997
7916
8789
7574
7830
9825
7549
7471
8459
7695
7763
8364
7783
7661
10108
7975
7444
8713
8542
7726
8459
7656
7673
8466
7770
7810
8126
8341
7564
8286
8543
7638
7623
8434
7353
20092
7133
7436
8040
7123
7550
8452
7375
7378
7305
8538
7728
8188
7168
7820
7687
6935
7691
7574
7118
7598
7112
7153
7760
7609
7167
8101
8092
8494
7797
7914
8134
7580
7691
8305
7916
8159
8198
7573
7855
7014
7578
7791
7193
7522
7181
8195
8725
7928
8463
7578
7938
7460
7617
8156
8471
6990
8465
8728
8041
7802
8346
7651
7813
7148
7584
7887
7519
7890
7769
8633
7779
7892
8292
7793
8200
7134
7795
7853
7061
7331
7774
7614
7767
7716
7978
7572
7827
7328
7671
7865
8595
7511
7851
7981
7411
7948
7656
7567
7612
8676
7089
7747
7669
7485
7753
7695
7545
7705
8396
7676
7856
8570
7401
7562
8297
7983
8162
8474
7529
7692
7135
8033
7730
7030
7646
7580
6829
8050
7713
7302
7128
8102
8452
7620
7994
8435
7668
7985
7101
7540
7972
7189
7526
7667
8375
7398
7749
6880
7700
7073
7911
7707
7137
7978
7969
8081
7579
8158
8286
8383
7993
8287
7580
8156
8180
7152
7925
8036
7675
7986
8234
7217
7892
8167
7251
8224
8115
7425
6885
8232
7469
7958
8415
8810
8056
7006
8957
7672
8221
7286
7833
8172
9784
8116
8297
8835
7981
7568
7462
8022
7903
8676
8362
8010
9051
7794
7752
7598
7896
8104
7663
7679
8087
8906
7976
8494
7527
8465
8133
9066
8213
8075
7592
7882
6713
9424
7948
8000
8981
8016
8001
8871
7808
7849
8240
7695
8138
7502
7944
8119
7469
7834
8113
7888
8540
8454
7692
8164
8192
9001
8021
8292
8169
7748
8076
9069
7975
8203
7415
8318
7983
9026
7323
8074
8841
7952
7147
9036
7692
8491
8712
7334
7856
8880
8152
8246
7614
8173
8136
8996
7972
7503
7461
7916
7545
8225
7174
8020
8058
7647
7133
8325
7557
8011
8164
7376
8110
8292
7607
8458
8418
7569
7963
8238
7419
7849
8254
7374
7548
8579
7379
8056
8256
7790
7941
8078
7412
7528
8342
7378
7949
8185
7591
7857
8635
7434
8215
7433
7609
7999
8280
7626
8108
8058
7369
7994
6943
7851
7948
8114
7625
8026
8164
7716
7880
8373
8069
7935
7994
8476
8163
8117
7392
7973
8176
6809
8306
7870
7377
7957
8110
7158
8357
8221
7398
8130
8039
7400
7919
8178
7593
8012
8619
7509
8287
8383
7618
6948
8266
7145
7804
7933
7428
7030
7244
7435
8609
7811
7586
7885
8047
7449
8042
7666
7748
7908
8453
7531
8030
8205
7527
7980
7316
8594
7644
7959
7388
8106
7779
8219
7998
8120
7809
8003
8373
7468
8029
8035
7473
8032
8112
8368
8112
8123
7378
8010
8083
7846
7862
8278
6953
7525
8482
7812
7953
8233
7689
8000
8170
7639
7189
7275
7509
8022
7731
7861
8019
7974
7177
6830
7933
7371
7858
8394
7380
7958
8484
7799
8130
8273
7734
8047
8185
7808
7846
8351
7432
8055
7984
7198
7993
8043
7500
8119
8055
7282
7738
6899
8123
8416
8031
7270
8106
8005
7396
8143
8334
7861
8142
8040
7677
8194
8091
7346
8032
8030
7656
7258
7990
7276
7632
8123
7573
8128
8534
7389
8381
8051
7774
7969
8159
7462
7853
8062
7405
8233
8186
8975
8011
8376
8712
7981
8215
7615
7337
8532
7562
7973
8302
8796
8053
8097
7581
7905
7481
9036
7112
8529
7634
8042
8030
9194
8365
8051
7644
8112
8164
7315
7810
8100
7623
8102
7958
8012
7974
8014
7495
8316
8352
9343
7353
8456
8810
8136
8253
9032
8032
8030
7543
8357
8116
7830
8281
8486
8669
7694
8346
8007
7369
8106
7287
7194
7835
8299
7488
8000
8302
7434
7850
6871
8317
8087
8342
7605
7863
8029
7597
7841
8101
7340
8081
8479
7692
8062
8163
7692
8195
8148
7666
8353
8034
7610
7415
8194
7493
7913
8089
7316
7013
8179
8174
8063
8415
7229
8208
7799
8005
10503
8457
7270
8191
8260
7638
8119
7894
7603
7211
8140
7390
8285
8326
7181
8123
8316
7153
8230
8454
7690
7856
8195
7218
7743
8183
7370
7990
7424
7179
8012
8443
7282
8129
8398
7312
7692
8364
7589
8202
8251
8717
7800
8242
7410
7859
8312
8145
8430
8158
7500
8038
7346
7373
7993
8145
7854
8250
8041
7632
7960
8032
7165
8178
8435
7384
7199
8174
7212
8254
8531
7602
8061
8221
7542
7000
7790
7671
8167
8047
7514
8062
8159
7396
7980
8903
8204
8362
8095
7384
7907
7912
7635
7955
8251
7853
8051
8205
7724
7984
8128
7569
8094
7651
7789
7992
8092
7594
8154
8061
7210
8378
8074
8776
7988
8282
7643
8012
8183
7575
8176
8313
7533
7497
8153
7547
8250
8280
7728
8003
7984
7556
8410
8194
7622
8159
7873
7334
7461
8377
7356
8716
8355
7574
8177
8263
7215
7955
7764
7309
6776
7574
7669
7795
8681
7233
8084
8232
7131
7995
7319
7850
8112
8385
7364
8133
8449
7887
8054
7093
8422
7941
8050
7334
7950
8305
7210
7783
8155
7703
8357
8457
8635
7711
8006
7680
7775
8132
8598
8169
8439
7076
8031
7945
7219
8203
8014
7048
8151
8375
7409
8221
8074
8133
8009
8556
7223
8033
8014
7520
8238
8082
7326
8274
8349
7212
6856
8337
7610
7929
7911
7364
8011
7097
7499
7711
8076
8139
8054
8024
7984
8184
8414
7494
8099
8133
7328
7945
8244
7724
8171
8133
7429
7706
8138
8186
7404
8136
8497
6998
8684
8333
7454
7729
8001
8071
8042
7972
7389
6848
8361
7992
8253
8598
7415
7911
7240
7424
7946
8382
7589
8097
7503
7841
8070
7950
7409
7953
8274
7812
7918
8092
8053
8082
7915
7340
8116
8306
7944
7689
8375
7044
7794
8154
8035
8183
7949
7758
7871
8376
7061
8342
8144
7614
8032
8194
7190
8232
8014
7046
7916
8339
7936
7683
8350
8579
7697
8547
7726
8094
8685
7651
8159
8512
7329
8010
7251
7836
7066
7753
7922
8049
8045
7582
7902
8478
7337
8030
7986
7607
8191
8502
7819
8104
8317
7601
8015
7464
8220
8079
8205
7778
8051
8577
7784
8046
7840
8111
8093
8338
7882
8156
8271
7338
8168
8556
8681
8236
8455
7832
8128
8173
7407
8095
8553
8002
7194
7167
7854
8331
8112
7156
7736
8229
7671
8374
7955
7704
7963
8382
7617
8278
8120
7574
7649
8403
7758
8266
7959
7582
8103
8008
7780
7162
7566
7651
8115
8154
8077
7953
8180
7222
8183
7389
8011
8399
8261
7711
8289
8047
7584
8466
7340
8545
7997
8292
7560
7878
8277
7110
7999
8396
8149
8181
8235
7444
8118
8281
7524
7773
8518
8036
7890
8056
7312
7906
8144
7307
8124
8235
8036
7550
8089
7454
8036
8125
7428
8153
8253
7591
7400
8642
7398
7978
8235
7711
7988
8024
7772
7910
8558
7389
8183
8459
7256
6892
8174
7417
8103
8911
7208
8093
8190
7340
7903
7117
8421
7998
8140
7426
8056
8102
7434
8338
7964
7523
8317
8042
7673
8123
7917
7423
8106
8051
7195
7806
8376
7651
7999
8102
7415
8024
7820
7388
7982
8092
7409
7734
7396
7809
7985
8265
7625
8216
8103
7491
7788
8185
7559
7969
8104
7772
8015
8143
7256
7988
7973
7833
7302
7900
8165
7378
7896
8405
7257
8058
8074
7647
8000
8160
7571
7974
8202
7535
7702
8200
7539
8076
8025
7384
8458
8174
7454
7903
8136
7351
8241
8235
7435
7994
8143
7371
8220
8102
7549
8195
8258
7593
8130
7874
7345
7167
8496
7558
7835
8030
7387
8141
8326
7594
8061
7412
7596
8233
8389
7553
7971
8082
8661
7774
7684
8637
7993
8225
7589
7803
7901
8000
7753
8045
8252
7889
7974
7940
8274
8183
7112
8082
7759
7866
7086
8130
7562
6942
8278
8494
6926
7305
8005
6872
8491
7675
8118
7100
7921
8293
8641
7498
8086
7097
8021
8233
8410
8044
8573
8437
8497
7491
7458
7774
8163
8375
7699
8323
8523
7535
8256
8697
7656
8393
8610
7902
8030
6877
7376
8114
8107
7394
8418
8392
7558
6871
8611
7656
8174
7627
8554
8291
7230
7824
7059
7169
7561
8356
8424
8707
8517
7153
7631
8491
8564
7580
8232
8436
7272
7052
8451
7681
7935
8140
7622
7976
7997
7641
6997
7956
7734
8625
7897
7699
6866
7980
7451
8410
8321
7389
8169
8405
7502
8204
7860
8856
6766
7799
7599
7997
8146
7630
8232
8281
7553
8152
8503
7404
7989
8032
7570
7994
7788
7623
8125
7515
7908
8076
8190
7333
7996
8300
7482
8035
7912
7089
7996
7840
7649
7728
8246
7529
7876
8107
7272
8045
8287
7251
7973
8041
7598
8123
7995
7015
8092
8147
7681
7982
8462
7232
8038
8266
7683
8110
7805
7818
7960
8162
7398
8035
8164
7613
6871
8610
7497
7919
8135
7442
7774
7676
9018
8271
7525
7910
8173
8243
8969
8020
8166
7654
8254
7669
7641
8239
7989
7390
8133
8170
7259
7816
6849
8017
8702
7792
8848
8328
8097
9039
8121
8213
8174
7974
8153
7757
7206
8206
8155
7558
7609
7635
8043
8148
8676
7337
8020
7871
7368
8175
7431
7836
7851
8352
7466
8028
8336
7474
7804
7861
7146
8017
8092
7560
8015
8209
7369
8080
8243
8635
8070
8189
7392
7876
8215
7589
6907
8243
7808
8138
8181
7720
7847
8036
7388
8231
8111
7350
7171
8263
7373
7750
8081
7390
7555
8226
7603
7744
8496
7829
8193
8013
7394
7910
8048
7589
6814
8316
7588
7955
8175
7706
8164
8392
7448
7931
8205
7795
7965
8317
7151
7815
8309
7543
7955
8151
8161
7932
8326
7269
7851
8340
7738
8201
6912
7935
8018
8300
7295
8042
8281
7715
8169
8081
7208
7985
8083
7340
7931
8061
7140
7986
8076
7942
8261
8396
7534
7655
8415
7648
8015
7932
7308
8263
8088
7529
7803
8394
7447
8017
7835
7600
7685
8317
7359
8146
8096
7433
8214
7882
7470
7193
7442
7417
8153
8000
7470
7669
8428
7410
8229
8503
7579
8177
8256
8112
8300
8323
7697
7820
7301
8161
7470
8194
7958
8003
8051
8210
7543
7663
8328
7697
7831
7377
7815
8638
8486
7500
8010
7598
7656
7792
8327
7364
7439
8513
7695
8035
6942
7531
8271
7655
7969
7992
7491
8088
8528
7374
8736
8615
7227
8516
7764
8003
7976
8157
7744
8149
7534
7646
8204
8273
7182
7995
8122
7529
7796
8613
8427
8184
7954
7470
8020
8159
7593
8150
8127
7504
8434
8159
7559
8142
8301
7228
7853
8022
7978
8157
8272
7570
8138
8093
7402
7796
8060
7712
7657
8143
7635
7956
8253
7446
7611
8203
7146
6929
8104
7550
8237
8239
7674
7827
7810
7164
7982
8200
7615
8031
8211
9074
8025
8210
7128
8302
8273
7514
8238
7986
8877
7793
7901
8900
7351
7832
9015
8049
8053
8177
7609
8022
8093
7892
7032
8122
7891
7902
8082
7454
8293
8075
6852
8184
8241
7375
7791
8037
7816
8190
8153
7650
8717
8460
7347
8243
8149
7724
8177
8338
7389
6726
7234
7411
7635
8211
7375
8087
8197
7469
7859
8544
8010
7953
8017
7674
7766
8271
7068
7923
7032
7753
7811
8300
7541
8140
8110
7475
8226
6857
8505
7936
7977
8382
7695
7102
7432
7800
8475
7197
7896
8149
7164
7931
8152
7424
7662
8430
7921
8230
8220
7668
7932
8062
8605
8090
8177
7218
7942
8030
7278
8074
8074
7312
8323
7930
7866
7782
7917
7522
8496
8238
7389
7972
8625
7451
6619
8610
7487
7846
8072
7762
8061
8012
7374
8044
8439
7630
8274
7984
7409
7471
7112
7466
7771
6920
8336
7776
8362
7315
8340
7877
7907
7927
8262
7153
7742
8241
7572
7956
8368
7687
8027
8074
7881
6926
8283
7461
7817
8079
7210
7794
8133
7215
7421
8023
7587
8367
7995
7651
8192
8435
7533
7989
7203
7643
7733
8133
7919
8028
8179
7276
7568
7850
7510
8024
8271
7610
8172
8267
7522
7872
8939
7947
8033
8276
7361
8121
8099
7590
8330
10823
7408
8061
8373
7510
8028
8645
7154
7942
7338
8029
8174
8335
7564
6888
7195
7602
8618
8414
8379
8254
8358
7815
8338
8517
7769
6956
7027
7848
8350
7103
7572
6907
8320
7887
8145
7191
7859
8374
8293
8120
8133
8530
8228
8225
8361
7867
7574
8594
7764
8416
8193
8071
8275
8347
7192
7005
7859
7779
8349
8270
7938
8323
8478
7446
8292
8184
8188
8495
7364
7572
8253
7096
7893
6794
8097
7587
8318
7091
7447
8296
8534
7613
8362
8494
7712
8461
8333
7517
8174
8466
7719
8138
8624
7272
7379
8250
7804
8375
7034
7315
7528
8160
8123
7667
8378
8545
7950
6908
8342
7624
8102
7179
8171
8256
8375
8271
8316
8467
8349
8273
8417
7197
6815
8576
7607
8234
8415
7969
8282
8486
7691
6902
7166
7202
8332
8355
7399
7009
8390
7430
7130
8405
7469
8174
8607
7517
8316
7029
7679
7888
8338
7551
8006
8311
7941
7895
8202
7412
7870
8212
7999
8298
8539
8334
7002
7462
8456
8285
8598
8169
8198
8514
7734
8338
7127
7796
8350
7990
7933
8107
8145
7815
8293
8521
7870
7885
6889
8174
8401
8552
7992
8243
7516
7988
8132
7076
8158
7058
8292
7880
8381
8314
7533
8268
8309
7160
6895
8050
7429
8386
8405
8135
6891
6866
8015
6829
8631
7343
8422
7000
7609
8361
8425
7677
8573
8570
7412
8235
7614
7490
6907
7063
7682
6978
7721
7812
7169
6810
7462
8141
7499
7661
8014
8613
7751
8196
8474
7623
6924
7117
7528
8273
7312
7676
8288
8401
7853
8113
8517
8235
6899
7923
7135
7937
8161
7240
7893
8371
7162
7851
8053
8080
7898
8393
7163
7949
8246
7417
7820
8543
7965
8144
8297
8394
8429
8127
7530
7813
8263
7369
7330
8163
7705
8117
8302
7309
7703
8477
7658
7463
7934
7360
7872
8122
7074
8163
8451
8222
7414
8354
7662
7726
7897
7157
7892
8076
7439
7876
7547
7167
8379
8363
7235
7991
8497
7100
7691
7337
8220
8151
8446
8497
7932
8035
8528
7842
8230
7087
7971
8126
7427
8035
8105
7220
7672
8132
7857
7125
8067
8006
6801
7922
7620
8120
7990
7856
7813
8037
7060
7810
8230
8909
8593
7758
7538
7369
7958
8797
8053
8136
7975
7825
7851
8835
7258
7225
8902
7905
8513
7655
8169
8046
8716
7786
8602
7731
7897
8102
7693
7905
8488
8896
8233
7919
7632
7229
7991
8365
7915
7995
8087
7430
7632
8191
7161
7944
8322
7338
7932
8279
7435
6746
7551
7323
7852
8251
7329
8008
8501
8233
6872
7876
7637
8151
7886
7306
7714
8200
8095
7722
8154
7770
7604
8186
7490
8112
8135
6922
7953
7225
8517
7991
7983
8348
7972
8547
7390
7680
7770
8194
8352
8213
8118
7971
8172
7815
8001
7880
6869
8261
8055
7599
7912
8273
6980
8039
8211
7358
7010
8481
8575
7861
8007
7156
7820
8160
7558
7229
7226
7856
8002
7974
7333
7901
8603
7338
7297
7153
7582
8080
8363
7646
7835
7319
7182
8181
7899
7955
7960
7919
7379
7931
8030
7576
8264
7816
7932
7848
8203
7556
7996
7871
7569
7897
8252
7980
8131
8400
7398
7456
8351
7199
7969
8050
8239
8226
8528
8710
7562
8285
7522
7717
8107
7252
6965
8233
7107
7871
7973
7238
8020
8179
8682
8219
8276
7385
8180
8139
7564
7893
7953
7358
7112
8575
7533
8185
7888
7803
7935
8227
7582
7872
8952
7533
7914
7749
8471
7682
7788
8449
7902
8723
7072
7509
7696
7072
7404
7932
8670
7833
6994
7610
7859
7492
8420
7341
7548
7415
7425
7480
7147
7594
7743
8447
7471
7604
8393
7578
7871
7856
7020
7692
8336
7692
8012
8515
7509
7738
8576
8038
7682
7751
8035
7711
8356
7550
8031
8105
7252
7667
9123
7673
8210
8739
7224
7670
8456
7592
8301
8425
7656
7655
8774
8053
7959
8484
7532
8592
8253
8261
7798
9014
7697
8014
7470
7723
7634
9005
7481
7982
8645
7597
8014
8633
7624
7760
9025
7792
7819
8451
7891
8000
8011
7677
7871
9646
7793
8253
8471
6934
7829
8076
7892
7814
7825
7010
8389
10660
7752
7692
7667
8142
7661
9905
8239
8414
8236
7848
8329
8344
8454
8143
7014
8194
8154
8475
7487
8133
7096
8577
8332
8520
8095
8351
7558
7557
8157
8385
8188
6945
7094
7011
7007
8113
7271
8220
8302
7616
8071
7461
7435
7341
8403
7555
8257
7343
7774
7079
8322
7256
9374
7813
7555
8320
7017
8371
7384
8574
7627
7438
8676
7690
8435
8515
7187
8370
8546
7655
8186
8036
8106
8313
8420
7557
6831
7429
7620
6795
7994
7887
8180
8455
8328
8330
8395
7621
8281
8581
8026
8299
7130
7788
7104
8335
8343
8143
7067
7412
6965
7102
7530
8325
7020
7641
8292
7088
6956
6851
7131
7265
6816
7191
7723
8203
7089
7741
7727
7158
7608
8316
7092
7636
8353
8315
7841
7112
7079
7996
8398
7219
7945
8456
7169
7833
8467
8339
7608
6846
6839
7543
8343
7051
8102
8358
9203
8302
7117
8520
7873
6939
8388
7473
8215
7172
8561
7473
8015
8230
7212
7752
7119
7114
7631
7272
7363
7177
7034
7813
8223
7855
8287
8348
7801
6874
8333
7207
6853
8184
7312
7816
8406
7170
7702
8053
7041
8348
7892
8014
8404
7976
7574
6912
7685
7343
7783
8052
7077
7954
7085
7666
7872
8102
7566
8014
8138
8642
7934
6866
8816
8051
8200
7413
6992
7961
8649
6948
8126
9096
7671
7136
8962
8138
8118
8617
8097
7922
7492
8307
7912
8519
8061
8158
8592
7870
8002
9036
8218
8152
9222
7978
7815
7098
7851
8110
7401
8060
7097
7729
7690
8245
8637
7895
6952
10425
7993
8313
7200
7769
8174
9048
8007
8033
7550
8022
7988
8657
7767
8597
8789
8032
8104
8995
8087
8210
8780
8043
7649
7522
8020
8293
8941
8229
8325
9076
7833
7512
7069
7952
8157
8809
8055
8105
8971
8246
7433
8975
8096
8107
7024
8027
7915
7958
7422
7478
8204
7497
7876
8263
7540
7753
8514
7851
8035
7512
7743
8036
8548
7618
7958
8250
7592
8158
7949
7810
7860
8415
7423
8234
7991
7297
7861
6869
7249
7706
8030
7271
7529
8297
7441
7994
8079
7523
7949
8005
7368
8178
8231
7743
8031
8324
8096
6995
8100
7277
8180
7864
7107
7903
7851
7554
6881
8145
7326
7573
7952
7220
8302
8481
7424
8270
8192
7648
8131
8107
7579
7820
7769
7576
7645
8561
7584
8091
8128
7371
8041
8106
7365
8143
8812
7711
7977
8115
7519
7915
8104
7736
8001
7246
8588
8018
8287
7494
7953
7876
7773
8072
7975
7820
8093
7997
7687
8120
8325
7449
7956
7903
7610
8333
8050
7693
8038
8094
7631
7800
8092
7677
7409
8155
7396
8019
8227
7681
7692
8487
7369
8266
8066
7717
7973
7933
7451
8170
7641
7574
7889
7748
7409
7948
8081
7302
7700
8535
7473
6794
8540
7617
8032
8396
7311
7993
7734
7363
8503
7090
7902
8067
8425
7447
8012
7020
7105
8296
7300
7758
7786
8478
7858
8176
8203
7449
7989
8557
7637
7939
8056
7555
7820
7936
7538
7938
8252
8054
7296
8201
7342
8239
8000
7492
7903
7769
7068
6929
8115
7791
8357
8478
7605
8150
7080
7904
8555
7348
7646
8398
8263
8107
8283
8411
7543
7205
7869
8248
8316
8356
7617
6897
7178
7931
8265
9152
7738
7980
8153
7229
7935
8326
7673
8031
7155
7930
6897
8655
7391
8229
8283
7775
6877
7395
7132
8621
8372
7386
8224
8654
7554
8315
7005
7107
6871
8538
8794
6994
6947
8237
8406
6969
8565
8210
8351
8962
8332
7192
7709
8313
8517
9276
7147
8351
7225
6946
6973
7410
8377
8648
7620
8194
7473
7535
8131
8654
7653
8330
7705
8174
7067
8217
7571
8235
6825
8585
7699
8310
8345
8055
7105
8033
7193
8013
7895
7635
7887
8253
7371
7392
8870
8130
8354
7546
7812
6806
7378
8025
8207
6984
7753
8170
8314
7715
8282
8487
7832
6969
7477
7789
8013
8553
7571
8071
8457
7947
8266
8309
7536
6991
8630
7806
8046
8369
7854
8292
7692
7300
8300
8501
7935
8491
8314
7634
8157
8455
8673
8412
7117
7712
8237
8598
7732
6907
7633
7676
6841
7111
7463
6915
8779
7533
8348
8507
7564
8138
8554
7539
8152
8370
7106
8323
8550
7566
8297
7285
7785
7078
8514
7621
6886
8202
7256
7189
7526
7588
7300
8203
7742
8388
8422
7463
8234
8372
7971
8215
7037
7948
8133
8504
7797
8323
8574
7797
8353
7056
8565
8395
7282
7591
8056
7231
8441
8302
7251
7866
8355
8393
8207
6868
7227
8289
7875
7994
7655
8358
7876
7270
7964
7950
7135
7723
8176
7378
7939
8196
7116
8184
7692
7612
7920
8205
7646
7941
8379
7937
7704
8039
7852
7567
8587
7969
7902
8578
7404
7970
8015
7896
7193
7586
7209
7953
8239
7471
7996
8334
8506
7994
7726
7598
7805
7048
7388
7958
7903
7528
8066
7608
8135
7892
8244
7292
8109
8164
7234
7994
8015
7200
7942
8136
7707
8134
8095
7447
8266
8209
7792
8030
7969
7437
7794
7977
7364
8066
8227
7069
7711
7699
7451
8027
8205
7612
8055
7875
7374
8091
8348
8149
6821
8604
7798
8264
8627
7361
7429
7752
7811
6980
8214
7820
8339
8331
7554
8245
7707
7612
8250
8610
7445
8164
7767
7687
8459
7996
7469
8033
8481
7579
7965
6952
7697
8301
7550
8031
7928
8136
8712
7970
8036
8769
8217
8097
7567
8220
8144
9011
8138
8035
8443
8108
8209
7751
7290
8115
7949
7616
8319
8016
7057
8378
8403
7374
8049
7937
7358
7893
7986
7946
7830
7951
7345
7936
8438
7202
7957
8032
7906
7796
8091
7682
8382
7794
7241
8173
8092
7296
7844
8097
8512
8027
8566
7893
7828
8010
7598
7507
7942
7306
7090
7873
7549
8012
8214
7461
7653
8133
7138
8220
8063
7533
7804
8310
7318
7952
8292
7853
6868
8256
7555
7791
7984
7849
8211
8124
7289
7694
8333
7370
7938
8346
7289
8072
7958
7335
7870
8942
7148
8092
8026
7364
8054
7753
7796
7871
7935
7510
7973
7434
8429
7961
8217
7391
7931
8583
7526
7948
8373
7123
7795
8193
8462
8153
8205
7840
7231
8037
8549
8169
8282
8679
8330
8089
7148
7308
8220
7090
7728
8385
7199
8033
8255
7131
7793
8282
7223
8357
6969
7710
8057
8087
7134
6889
7150
7385
7661
8184
7194
8117
7733
7454
8102
8261
7678
7871
8135
7636
8012
7863
7514
6887
7021
8111
7005
8210
8088
8133
8299
7985
8436
8147
8705
7905
8014
7219
8092
8374
7351
8078
8374
8739
8141
8169
7713
7994
8337
7375
8141
8118
7529
8054
8261
7635
8026
8234
7828
8107
8979
8452
8517
8322
7488
7995
8429
7714
7685
8392
7619
7329
7252
7114
8014
8315
7445
8156
8119
7618
7943
7442
7496
7810
8272
7410
8050
8279
7332
8007
8728
7691
8349
8135
7700
7762
7107
7605
8031
7216
7723
8394
8249
7468
7897
8179
7532
7934
8224
7559
8230
8033
7430
8093
8208
7411
8260
7821
7825
7951
7994
7599
7870
8174
7491
7955
8409
7774
8456
7816
7149
8176
8127
7181
7773
8037
7191
7464
8101
7800
7797
7902
7532
8215
8097
15798
7121
7829
7675
8230
7979
7615
7661
8164
7479
7819
7477
7575
7393
8246
8369
7753
8158
8005
6928
6896
8428
7066
8142
8135
7445
8012
8193
7292
7542
8238
7478
8042
8322
7492
8020
8098
7490
6712
8540
7591
8383
8248
8662
7971
7993
7864
8209
7418
7584
8030
8576
7678
7856
8307
7537
7993
7720
7807
7882
8298
7306
8063
8219
7468
7769
7220
7910
7681
8130
8035
7748
8041
7470
8031
8242
7472
7669
8226
7810
7958
8102
7454
7811
8428
8022
8344
8087
7523
8141
7972
7637
8005
8374
7586
7654
8179
7468
8233
8138
7394
7933
7953
7657
7035
7055
7567
8180
7871
7670
8093
8329
7640
7407
7874
7378
7973
8353
7732
8248
8211
7289
7728
8899
7258
7697
8118
7656
7549
7962
7193
7736
7331
7195
8150
7502
7690
8054
8163
7230
7817
8377
7167
8141
8357
7317
7854
8211
7315
8172
8348
7329
7903
8422
7431
7902
8053
7303
8030
8171
7610
7495
7089
7470
8393
8461
7597
7995
8287
7487
7424
8276
7679
7837
7400
7854
8237
8177
7451
7108
8169
7981
8178
8183
7713
8066
7972
7676
7972
7731
7538
8143
8328
7673
8114
7933
7354
8156
8021
8672
7987
8367
7394
7832
8011
7813
7944
7574
7509
7178
7874
7969
7943
8110
7604
8042
8041
7631
7933
8420
7374
7997
8046
7449
7728
8266
7114
7396
8163
7693
8026
7980
7611
8337
8077
7615
7758
8215
7822
8364
8240
7279
7959
7987
7605
10100
8644
7350
8035
8122
7722
8342
8435
7604
7065
7697
7415
8091
8495
7399
7986
7479
8294
8128
8755
7810
7861
8042
7451
7969
8485
7968
7852
6932
8153
8039
8285
8580
8035
8240
7573
8433
7695
8515
8112
8179
7653
8208
8265
7472
7989
8081
8217
8228
8000
7631
8132
8215
7740
8255
8071
7584
7269
8382
7578
7874
8033
8157
7598
7913
7261
7899
7661
8159
7790
7892
8015
7371
7737
8037
7639
8200
7995
7567
7916
7965
7427
8202
8217
8327
8015
8191
7552
7917
8579
7800
7642
7989
7779
8251
8265
7526
7842
8101
7374
8395
8140
7507
8641
8036
7554
7876
8281
7088
7928
7887
7341
7299
7569
7321
8068
8132
7227
8253
8017
7375
8220
7712
7655
8287
8287
7481
8015
8150
7830
7647
8174
7638
8334
8120
7502
8126
7956
7380
7839
7999
8255
7966
8318
7317
8165
8055
7914
8097
8205
7422
8189
7949
7686
8343
8097
7356
8460
8100
7628
7421
8215
7112
8094
7951
7278
7996
8247
7398
7358
8304
7581
7835
8028
7188
7835
8160
7611
8615
8285
7722
7823
8376
7345
7971
8426
7312
7741
7599
7297
7848
8429
7549
7650
8390
7394
8061
8034
7815
7914
8269
7297
8001
8314
7790
8003
7977
8175
7812
8068
7588
7972
8194
7532
8093
7149
8697
8071
8637
7813
7825
8097
8029
8286
8303
7519
8410
8014
7923
8084
8034
7391
7956
8280
7222
7561
8323
7476
8121
8479
7338
7974
8419
7579
6994
8133
7589
8161
8424
7818
6896
8254
7980
7684
7476
7482
7994
8082
7355
8134
8337
7318
7481
8241
7752
8056
8010
7177
8010
8018
7610
8369
7633
7645
7964
8035
7606
8174
7997
7880
8061
7033
7449
7959
8457
7610
7973
8041
7477
7961
8129
7688
8191
8122
7429
7669
8492
7433
8028
7835
7698
7150
7902
7608
7769
8035
7320
8292
8158
7170
7292
8173
7718
8070
8300
7148
8166
8290
7385
7389
8349
7579
8065
8492
7320
8029
8198
7851
7168
7470
7318
7772
8193
7449
8153
7931
7597
7549
8816
7125
7916
8202
7426
7885
8296
7630
8425
7849
7516
7825
8374
7592
7864
8224
7439
7463
8216
8407
7348
8016
8229
7766
7999
7994
7575
7707
8575
7572
7729
8087
7479
7854
7740
7601
7969
8281
7791
7971
8462
7155
8020
8363
7607
8019
7843
7348
7886
8346
8651
7821
8024
7633
7925
7041
7395
8053
8176
7257
8500
7874
7164
7957
8164
8031
7906
8128
7529
8191
8078
7613
8306
8358
8071
7051
8173
7587
7957
8097
7266
7865
8445
7668
7960
8255
7282
8053
7818
7400
8120
8292
7147
8455
8039
7202
8396
8173
7257
8176
8328
7439
7256
7411
7692
8194
8102
7319
7810
8041
7644
8037
8497
7899
8030
8080
7543
7742
8002
7594
7831
7139
7631
7357
8523
7433
8084
7839
7187
8159
8456
7321
7902
8104
7210
8476
8554
7861
7949
8165
7890
7981
8010
7753
7939
8056
7186
8013
8285
8032
6811
8351
7210
7923
8128
7471
7845
8001
7609
8411
8398
7707
7958
8212
7166
8200
7676
7645
7696
7662
7553
7549
8239
7576
7852
8009
7453
7292
8288
7370
7432
7805
7610
7729
7774
8702
7970
7632
7430
7753
7686
8216
7499
7780
6959
7931
7105
8343
7507
7665
7394
7552
7971
8433
7435
7879
7873
8193
7506
8558
7733
7658
7087
7773
7793
7814
7361
7753
7457
7635
7694
8169
7894
7953
8251
7564
7812
8262
7590
8151
8583
8084
8265
8687
7242
7649
7471
7559
7677
7174
7600
7652
15173
7846
7188
8523
7467
7882
8343
7824
7719
7835
7622
7579
8632
7534
7859
7897
7880
7784
8467
7830
7133
8476
7916
7795
7199
7810
7654
7030
7239
7671
7448
7534
7553
7298
7600
7803
8616
7871
7914
8587
7451
8113
7682
8198
7754
9003
7845
7825
8175
8310
8030
8512
8113
8123
8887
8158
7646
8659
7381
8003
8428
7574
7446
8538
8046
8204
8256
8517
7708
7584
7117
7779
7670
8476
7487
8079
7469
8236
7689
8579
7441
8339
7226
7958
7804
7758
7651
8051
8639
8025
7921
8627
8082
8179
6952
7433
8015
8615
7518
7551
8472
7723
7811
8407
9646
8150
8497
7804
7686
8346
7348
7931
8495
7072
8612
7709
7682
7974
7140
7492
7943
7068
8093
8343
7489
7654
7736
7220
7672
8044
7285
7780
7339
7652
7670
8145
8323
7556
8227
8574
7416
7836
7312
7672
7829
7352
7552
7841
8661
7759
7645
9253
8400
7983
8082
8064
7890
8651
7505
8108
7385
7630
7655
8620
7696
7593
8292
7797
7912
8281
7954
7835
8451
7956
7598
8402
8001
7864
8225
7027
7344
8682
8233
7692
7056
7538
7603
8495
7929
8936
8401
7745
7769
8623
7452
7671
8435
7516
7807
7138
7677
7783
8344
7347
7716
7168
7333
7097
8002
7791
7866
8531
7382
8232
7170
7469
7926
8709
7568
7630
8574
7328
7824
7516
7771
7819
7612
7709
7525
7728
7876
7883
7893
7994
8189
7799
8528
8039
7630
8359
8217
7424
7870
8264
7512
8648
8720
7678
7789
7854
7964
7852
7983
7728
7080
7564
7809
8279
8337
7203
7892
8147
7264
7953
8637
7917
7894
8000
7241
8203
8584
7642
7975
7160
8147
8098
8248
7613
8343
8474
7469
7840
8028
7901
7987
8159
7600
8057
8175
7641
8013
8326
7859
8239
7976
7564
8133
8106
7148
7930
8047
8093
7851
7727
7389
7892
8314
7503
8304
8351
7400
8348
8327
7048
8245
7856
7680
8066
7993
7261
7192
8189
7925
8237
8008
7834
7402
8562
7673
8053
8549
7375
8020
8021
7616
7824
8368
7487
7935
8277
7799
7990
8164
8625
8034
8370
7394
7984
8105
8561
8092
8008
7546
8154
8005
7556
7959
8315
7434
7964
7807
7751
7344
8230
8000
7397
8015
8414
7677
8022
7889
7578
7961
8197
7530
7830
8317
7189
7946
7974
7446
8203
8098
7594
7989
8158
7838
8380
7851
7410
7800
8254
7963
7970
8220
7490
8218
8194
7795
8076
8552
7160
7912
8273
7397
8256
8395
7394
8311
8221
7570
7805
8075
7345
8125
8207
7406
8051
7989
7333
7892
8037
7305
8344
8224
7366
7838
7991
7095
7999
8117
7505
7825
7612
7912
7957
8129
7419
6833
8118
7282
7665
8651
7396
8158
8227
7065
8255
7672
7651
7642
7331
7425
8134
7788
7711
7923
8294
7331
7755
8033
8354
7564
8374
7331
8085
8324
7651
7800
8099
8276
7863
8025
7553
7904
8111
7088
8005
8065
7532
7362
8279
7717
8018
8020
7572
8044
8141
7469
8484
8038
7504
8026
8363
7576
8060
8377
7423
7842
7974
7683
6866
8579
7231
8220
8156
7711
7835
8771
7765
7794
8238
7484
8103
8126
7529
7854
8631
7558
7816
8435
8343
7941
8154
7561
7924
7302
8577
8043
8177
7340
8112
8011
7846
8575
8159
7600
7777
8065
7657
7825
8034
7700
8226
8174
8007
6988
8074
7093
7970
7914
7482
8060
8131
7056
7410
8095
7925
8194
8024
7589
7900
8199
7695
7549
8023
7573
7982
7792
7604
7897
8191
7343
7302
7589
7388
8038
7775
7427
8153
8440
7364
8003
7615
7109
8111
7816
7415
7917
7973
7355
8033
7196
7558
7892
8353
7415
8043
8441
7409
7951
7880
7147
7966
7103
7604
7729
8235
7425
7835
8129
7430
7871
8225
7376
8136
8211
7428
8200
7856
7247
7337
8158
7403
7646
7953
7392
7888
7936
7610
7450
8202
7523
8097
7934
9065
7873
8128
7488
7940
8246
8797
8385
8262
7543
8123
7789
9102
7621
7607
7498
7932
8052
7971
7517
7844
7168
7988
6885
8129
7342
8021
8335
7461
7978
8019
8604
7886
7958
7387
7802
8071
7383
7603
7977
7441
8497
8304
7584
8167
8129
8648
8022
8162
7241
7810
8497
7707
7793
8139
7351
8174
8082
7517
8283
8533
7373
8203
8312
7600
8196
8268
7569
8346
7590
7534
7943
8250
7730
8117
8070
7800
7952
8131
8039
8304
7953
7411
7826
8548
7610
8017
8275
8170
7947
8051
8263
8015
8210
7310
8184
8126
7994
7498
8357
7169
7753
8290
7579
7975
8244
7589
8418
8358
7762
8010
8335
8367
8371
8526
7383
7902
7333
7672
8094
7809
7741
8278
7056
7521
7915
7615
7408
7795
7931
7138
7924
8402
7398
8041
7955
7737
8071
8248
7410
8015
8023
7261
7820
8143
7422
8030
8018
7424
8176
8562
7177
8112
8173
7420
8357
8128
7551
7779
8035
7429
7779
8432
7281
8038
8102
7543
8180
7858
7391
8010
8210
7384
7106
8123
7124
7823
7989
7482
8000
8279
7578
7660
8235
7986
6966
8068
7102
8156
8314
7642
7354
7538
7437
7907
8070
7623
7882
7988
7452
8111
8793
7933
8161
7801
7689
7885
8088
7702
7855
7385
7774
8351
8061
7522
8138
8191
7727
7893
8388
7800
7716
8620
7087
8056
8148
7652
8052
8005
7833
7990
8030
7594
8081
8082
7603
7932
8028
7225
7568
8196
7410
7931
7935
7654
8032
8078
7209
8471
7873
7679
8206
8197
7271
7952
8096
7358
7532
8134
7602
7996
8375
7661
8313
8143
7410
7703
7388
7682
8025
8277
7482
7797
8354
7629
7740
8866
7618
7824
8339
7656
7671
8383
7929
8134
7906
7210
7876
7983
7370
8175
8075
7605
7782
8048
8335
7911
7912
7168
7998
8234
7409
8187
7871
7584
7338
7818
7185
8023
8261
7470
8035
8176
8362
7966
8183
8056
7333
8013
8294
7585
7818
7871
8595
7902
8209
7527
7910
7979
7288
7850
7912
7254
8079
8095
7210
7988
8652
7415
7567
8393
8654
7898
8427
7873
7835
8204
7907
8055
7921
7298
7010
8164
7393
8319
8144
7422
8220
8189
7218
8159
8394
7680
7833
8144
7282
7907
8127
7641
7742
7791
7690
8051
8197
7218
7958
8253
7374
8066
7692
7602
7851
8209
7611
7833
8153
7634
7710
8580
7653
7839
8213
7512
7824
8302
7395
8205
6960
7802
7840
7822
7574
8184
7943
7687
8093
8283
8235
7978
7947
7526
8116
8095
7333
7994
8193
7651
6923
8334
7801
8215
8038
7470
8143
8256
7821
7652
8200
7671
7969
8152
7736
7891
7953
7634
7912
8499
7478
8097
8003
7524
8046
8317
7679
7273
8572
7398
8131
7957
7418
7758
8076
7467
8240
9007
7611
7857
8293
7276
7918
8273
7612
7707
6999
7100
8236
8010
7578
7769
8158
7353
7931
7203
8202
7894
8576
7507
8118
6953
7572
8124
8379
8629
8399
8214
7657
7456
8189
7470
7786
8382
7781
8061
7979
7424
8340
8080
7225
7694
8283
7774
8333
8360
7601
8176
8197
7238
6891
8164
7548
7035
8317
7551
7892
8012
7548
7909
8253
7258
7692
8199
7674
7549
7956
7764
8081
7876
7177
7872
7647
7891
7892
8525
7401
7931
8290
7827
7651
7866
8214
8133
8302
7571
7830
7956
7298
8136
8225
7271
8132
8189
7329
8159
8275
7384
7769
8097
6988
6856
7884
8579
7888
8117
7372
7889
8369
7506
7783
8365
7636
7906
8694
7750
7878
8356
7612
8680
8035
7648
7772
8305
7441
8102
8098
7202
7791
6846
7122
7796
8497
7345
7969
8061
7528
7985
7437
7292
7829
8169
7178
8216
8388
7500
8336
7541
7750
7855
7878
8073
7789
7834
8296
7292
7412
8095
7604
7945
7895
7984
7884
8362
7066
6814
7792
7333
6868
8005
7804
7929
8183
7583
7923
7174
7668
7707
8369
7641
7841
8201
7390
8177
7814
8674
7955
8319
7595
7732
8164
7374
7712
7314
8219
8006
8403
7309
7634
8098
7169
7792
7866
7882
8072
8337
7613
7879
8543
7487
8313
8038
7383
7218
8120
7383
7963
8143
7418
8204
8056
7301
8525
8328
7410
8144
7953
7815
8113
7979
7214
7273
8205
7130
7905
7935
7390
8028
8444
7207
7561
7689
7923
8193
7902
7395
8136
8307
7573
8072
7841
7408
7642
7946
7454
8065
8109
7251
7839
7578
7754
7971
8118
7571
7815
8361
7391
7830
7960
7584
8074
8236
7350
7771
8205
7289
7775
8242
7387
7170
8328
7669
7832
8171
7403
7923
8071
7829
8198
8129
7646
7911
7911
7600
7884
8180
7630
8774
8199
7466
7933
8086
7496
7746
8064
7862
6809
8492
8335
7680
8133
7865
8041
8205
7353
7884
7393
7949
8017
8205
7528
7867
8154
7309
7982
7954
8415
8185
8016
7647
7755
8311
7531
8013
7175
7922
8127
8209
7885
8008
8235
7301
8271
8190
7190
8122
8248
7420
8387
8334
7660
7681
8182
7924
7146
8289
7332
7927
8200
7599
7868
7989
7358
8228
8295
7641
8010
8296
7560
8276
8590
7625
9684
7268
7438
7971
7978
7521
8065
8235
8435
7862
7424
7737
8132
8220
7458
8140
8343
7430
7716
7659
7789
8052
8072
7960
7989
8000
7509
7954
7756
7218
8211
8194
7179
7784
8097
7457
7851
8276
7834
8179
8302
7493
7809
7999
7630
8073
7917
8275
8203
8259
7112
7887
8029
8092
8050
7969
6836
8339
8375
7425
8076
8197
7644
8172
7948
8876
8760
8327
7553
7691
7662
8381
7569
7811
8208
7830
7942
8266
7385
7944
8079
7328
7868
8177
8224
8081
7960
7575
8097
8146
7475
8438
7888
7611
7610
8369
7266
7974
8093
7446
8256
7675
7535
7903
8143
7564
7555
8000
7222
7837
8316
7583
7267
7530
7269
8249
8542
8157
7994
8317
7376
7774
8523
7735
7786
8408
7603
8030
8081
7558
7770
8346
7609
7951
8210
7137
8032
8215
7749
7854
7998
7258
7774
8102
7238
7910
8293
7372
7974
8298
7799
8316
8034
7276
7989
8027
7200
7834
8061
7478
7392
8222
7113
7989
8136
7191
7896
8014
7423
7795
7774
7496
8414
7632
7430
8097
8181
7193
8533
7947
7394
8301
7777
7421
8102
8202
7601
6958
8400
7592
7172
8454
7230
8000
7895
7302
8030
8437
7596
8170
8107
7528
7830
8400
7579
7712
7121
7151
7910
8012
7916
8130
7892
7380
7820
8231
8114
7838
7972
7647
8076
8398
7995
8134
8070
7168
7819
8229
7304
7110
8320
7368
8211
7979
7943
7633
8325
7614
8073
7957
7789
7921
8120
7389
7992
8276
7509
8113
8183
7691
8215
8256
7620
7415
8625
7440
8174
8482
7561
7929
8235
7211
7638
7832
7644
7911
8357
7513
7764
8025
7361
8189
8892
7379
7929
8503
7205
7805
7971
7697
7996
7825
7152
7841
8090
7367
8278
8046
7210
7753
8326
8021
8143
8250
7097
7824
7996
7404
7918
8117
7456
7051
8216
7574
8355
8170
7579
7890
8040
7977
7146
8281
7410
8184
8112
7425
7907
8012
7804
7531
8139
7275
8020
7943
7210
7926
7926
7592
7093
8005
7750
7968
7794
7412
8146
7968
7532
8147
8035
7871
7943
8090
7611
8357
8051
14205
7930
7158
7208
8445
6994
7945
8587
8316
7788
8408
7084
8114
7056
8419
7994
8804
8171
8574
8459
7625
7368
7978
7846
8574
7843
8261
8363
8576
8416
8646
7789
7425
6989
8140
6868
7163
7815
8245
7944
8244
8246
8695
7226
8612
8217
7683
8215
7039
7900
6984
8533
7561
8311
7194
7543
8115
8312
7302
8555
8116
7341
8276
8570
8233
8395
6838
7486
7088
7224
7648
6929
7089
7442
8284
8359
8055
8171
8557
7358
8184
8461
7672
8338
7056
8304
7992
7168
8114
6912
7186
7893
6947
8647
7411
6956
8035
8161
8371
7065
8304
7119
8461
7489
8094
8614
7812
6866
7035
7832
8188
8369
7528
6800
6946
8240
8363
8539
7800
8121
8571
7751
7023
7120
7852
8056
6989
7788
8276
6882
8035
8237
7440
8205
7337
7220
7608
8579
6829
7632
8192
8375
7169
6954
8517
7757
6886
7071
7408
8113
8296
7683
8526
8574
7564
8258
8515
7375
6887
8501
7630
6847
8464
8195
7405
7307
7797
8404
8659
7869
7308
8577
7835
8273
8550
8273
8494
8110
7791
7794
7410
8205
8066
8042
7379
8122
8538
7425
8015
6974
7130
7828
8298
7509
7863
8082
7288
8082
8400
8600
7733
8123
7533
7965
8355
7767
7928
8035
7249
6929
8307
6941
8000
7805
7141
7950
8354
7835
7048
8239
8567
7813
8079
7323
8051
8174
7357
7492
8411
7389
8153
8315
7464
7668
8208
7456
7788
7136
7166
7881
8285
7249
7937
8000
7404
7899
8297
7795
7940
7009
7482
7689
7605
7048
7789
7964
7089
7709
8192
7042
8252
7132
7342
8145
7147
8422
7573
8258
7117
8057
8391
7371
7902
8231
7691
8274
8154
8892
7873
8076
8617
8394
8157
8093
7508
8315
9010
8504
8403
7343
7892
7820
8907
7037
8526
8936
8037
8633
8768
8051
8184
7300
7215
8555
8992
7922
7902
8746
7827
8332
6969
8374
8035
8027
7410
7806
8212
7342
7984
7996
8063
7551
8275
7354
8032
8275
7239
7994
8534
8602
7810
8418
7883
8014
7933
7420
7738
8273
7457
10069
8244
7572
7854
8346
7028
8333
7820
7223
7497
7223
7571
8111
8170
7638
8116
8115
7514
6895
7914
7474
6920
8134
7974
7803
8067
7625
7954
8053
8617
7815
8162
7419
8037
8182
7523
7942
8091
7114
8158
8012
7356
8122
7843
7759
8078
8066
8653
7906
8207
7989
8241
7974
7605
7695
7995
7509
8099
7953
7707
8299
8005
7445
8235
7996
7979
8419
8284
7355
8219
8353
7693
7733
7976
7362
7589
7811
7582
7887
8104
7400
8336
7252
7414
7902
8945
7518
8027
8088
7607
7781
7984
7333
8481
8652
7578
8196
8271
7456
7937
8503
7273
8010
8065
8537
7945
8297
8686
7711
8087
8666
8012
8405
8657
8324
8023
7471
7994
8097
7317
8131
7974
7497
6969
7959
7429
7841
8130
7240
8151
8127
8434
7527
7901
8503
8033
7953
7171
7552
7882
8588
8064
7960
8608
7950
7892
7627
7589
7634
6923
7983
7861
8405
7789
7699
7158
7776
7683
6928
7952
7241
7479
7857
7705
8280
7533
7901
7169
7489
6769
8194
7751
7547
7482
7575
7660
8580
7611
8323
8602
7609
7856
8635
7851
8020
8527
7396
7771
8552
7659
7637
7145
8029
8020
8559
7516
7854
8088
8383
7853
7020
7575
7834
8397
7566
7994
8589
7506
8313
8356
8133
7445
7140
7788
8184
7067
7100
7021
8655
7823
8217
8733
7476
7729
7061
7638
7815
8441
7615
8422
8636
7531
7672
8326
8073
7778
8482
7553
7983
7232
7732
8064
7615
8156
6958
7913
7802
7780
8384
7494
7889
8546
7717
8114
8141
7572
7426
8759
7801
8005
7079
7755
8011
8303
8455
7445
8127
7113
7559
8118
8424
7507
7717
7172
7777
8107
8651
7516
7743
8630
7460
6928
8646
7613
8579
8435
7486
7928
7287
8009
7598
8205
7564
7980
7647
7603
7805
7221
7737
7805
7789
8000
7378
8410
7569
7719
7309
7384
7936
8323
8369
8174
8241
7661
7433
8448
7670
7782
8379
7836
8128
8459
7882
8134
8575
7780
8203
8523
7959
8631
7369
7846
7740
8376
7780
7834
7076
7573
7773
7336
7533
7679
8534
7447
7984
8609
7620
7335
8074
8092
8143
7118
7792
8276
7513
7666
8244
7126
6864
8312
7817
7965
8413
7561
8268
8373
8718
8356
7088
7882
7242
8338
7422
8067
7149
7276
7251
8481
7584
8249
8305
8056
7010
8225
7782
8154
6994
8066
8422
8625
8360
7036
7129
8153
7133
8196
7864
8118
8653
7680
8127
7498
8064
6807
7532
7851
8246
8182
7299
8259
8601
7632
8041
7710
7921
8130
8574
8117
8011
8582
7608
8156
7732
8016
8343
8359
7678
8045
8534
7445
8054
8292
8272
8227
7156
7490
7769
8038
7600
8329
8086
8056
6935
8112
7387
8094
7992
7804
8174
8441
7242
8409
8127
7088
7927
8148
7148
8155
8068
7410
7578
8276
7674
6917
8343
7592
6958
8415
7493
6707
7420
7250
8117
8232
7738
8133
7944
7528
8018
7494
7856
7856
8095
7523
7984
8087
8154
8071
7614
7333
8369
7907
7758
8312
7950
7420
7538
7650
8153
8128
8184
7438
7892
8112
7297
8098
8369
7229
8123
7251
7656
8099
7960
7579
7820
8060
6938
8004
8174
7695
8015
8203
7293
8002
8351
7497
8169
8011
7407
8172
8684
7250
7920
8009
7579
6845
8392
7624
7927
8456
7367
8024
8309
7350
7382
7246
7168
8196
7958
7351
7954
8153
7322
8144
7358
7826
7617
7913
8407
7580
7901
8243
8012
7165
8391
7189
7952
8318
7616
8108
8192
7609
8943
7929
7489
8200
8015
7957
7938
8134
8203
7032
7738
7415
7693
7848
7374
7870
7931
7555
7936
8561
7851
8313
7107
8166
6969
8549
8176
6923
7075
8496
7044
7623
8271
8562
7178
8244
6826
8569
8611
8179
8276
7556
6959
7133
7076
8681
8213
8297
6875
8549
7836
8343
8531
7567
7143
7279
7820
6933
7221
8442
6956
8561
7592
8105
8594
7775
8686
8543
8052
8170
7012
7600
7970
7215
7287
7784
7082
7647
6901
8544
7250
8345
7052
7452
8286
7495
8548
8405
8310
8057
8113
8290
7630
8355
8969
7993
7932
7914
7431
8002
8073
7853
7932
7540
7271
8255
8536
7675
8594
8375
7854
8319
8673
8419
8501
8234
7587
8189
7096
7838
8364
8362
7789
7051
8304
8176
8039
8624
7514
8228
8323
7693
8086
8538
7630
8034
8620
7477
8103
7102
7510
8353
8642
7606
6909
7216
7668
7995
8136
7920
6799
7111
8015
7863
8369
7655
8035
8167
7261
7861
8592
7672
7837
8305
7423
7681
8203
7615
7737
8022
8620
7862
8330
7420
7897
8056
7284
7851
8224
8488
8116
7991
7933
8107
8317
7244
8289
8189
7328
8241
8128
7477
8197
8203
7636
6942
8244
7602
8132
8078
7409
8297
8120
7463
7871
8405
7665
7953
8377
7112
8115
8254
7204
7975
7212
7359
6870
8679
7425
8053
8095
7564
7627
7997
7313
7498
8923
7653
7589
7129
7676
7972
8222
7352
8109
7714
7469
7802
8353
7703
8313
7769
7707
7932
7499
7365
8434
8255
7632
7888
7982
7579
7897
7991
7867
7754
7810
7620
8048
8369
7543
8233
8080
7293
7938
8225
7712
8163
8072
7249
7950
8398
7370
7236
7998
7586
7832
7872
8194
7515
8036
6969
8158
8065
8091
7179
7909
8253
7860
8120
7854
7346
8034
8231
7342
8007
8298
7743
7792
8194
7994
8186
8226
7817
8025
8211
7401
8212
8437
7829
7625
8333
7649
8005
8155
7454
7950
8276
7392
8692
8337
7502
8066
8097
7762
8075
8206
7409
7502
8082
7340
7980
8076
7437
7910
8100
7589
7894
8484
7698
7688
8146
7599
8302
8298
7230
8195
8063
7424
8020
7811
7465
8071
8144
7413
8017
7282
7600
7914
8225
7468
7624
8038
7795
8019
8199
7138
7950
7976
7579
7943
8397
7272
7711
8582
8065
7993
7825
7403
7969
7312
7248
8380
8043
7576
7930
8341
7623
8344
8072
7311
8207
8205
7307
7486
8182
7301
8071
7974
7394
8043
8315
7434
7785
7193
7374
6886
8139
7877
8156
8264
7308
8058
8867
7775
8056
8193
7387
8035
7972
7671
8077
7400
7200
7962
8043
7448
8133
8071
7589
7417
6932
8456
7968
8009
7606
8184
7887
7672
8069
8161
8896
8112
7835
8233
7640
7533
6850
7820
7132
7778
8402
8032
7793
7523
7801
8430
7696
8082
8490
7692
7958
7118
7460
8136
8355
7492
7762
8558
7652
8393
8573
7826
7899
7100
7594
8302
7101
7695
7493
7008
7871
8016
7094
7496
7754
8466
7636
8683
7296
7533
7621
8593
7329
7905
7199
7515
8003
7615
7364
8250
8531
7692
8136
8220
7876
7738
8013
7692
7936
8215
7742
7974
8731
7495
7880
7832
7693
7594
8351
8048
7807
7187
8222
7972
7297
7902
7813
7201
7873
8170
8613
7646
8407
8613
7446
8506
7511
7938
8474
7246
8133
8156
7628
7575
7620
7830
8117
8179
7443
7985
8159
7801
8025
8254
7753
7854
7991
7368
8030
8533
7283
7956
7156
7190
8115
8272
7795
7727
8183
8248
8648
7373
8142
7239
8261
7974
7158
8213
7780
7569
7247
8097
7371
8044
8018
7107
8264
7994
7414
7958
8376
7535
8171
8143
7232
8011
8388
7249
8137
7320
7506
7589
8454
7494
7720
7952
7169
8040
7820
8102
7994
8012
7253
7912
8367
7927
8321
7863
7628
7916
8229
7078
7758
7938
7258
8013
8230
8163
6953
8277
7738
8199
7962
7482
8077
7783
7372
8046
8041
7571
7935
8272
7317
7972
8088
7924
7012
7133
8591
7128
8188
7678
7980
8171
7553
7410
8183
7431
7979
8273
7610
8135
8623
7380
7897
8345
7806
7853
8250
7589
8039
7133
8266
7923
7435
7786
7831
8152
7381
8073
8256
7297
7787
7819
8400
7972
8256
7564
7989
8020
7615
7812
8243
7282
8164
7923
7454
7861
8322
7051
7943
8212
7437
7630
8020
7510
7894
8115
7334
8334
7036
7352
7328
8457
7248
7707
7916
7378
7921
8368
7960
6747
7646
7084
7977
8312
7421
7711
8133
7554
7376
7292
8083
8209
8276
7510
8072
8235
7617
8005
7491
7284
8043
7970
7757
7979
7841
7612
8174
8010
7054
8140
7873
7484
8093
8143
7520
8117
8226
7382
8009
7767
7577
8034
7980
7194
8246
8094
7726
7250
8353
7550
7902
7724
7237
7971
8027
7169
8155
8414
7622
7810
8223
7279
7900
8605
7456
7116
7450
7450
8291
8625
7324
8144
7316
7513
7752
7202
7731
8197
8164
7354
7789
8406
7516
7905
8789
8353
8038
7695
7568
8338
8012
7660
8079
7356
8622
7956
8276
7743
7740
8172
7538
8137
7822
7979
8112
8343
7401
7875
8117
7446
7995
8625
7630
8162
7880
7756
8196
8186
7301
7802
8113
7204
7379
7984
7512
8010
7864
7553
8115
7909
7707
7274
8194
7696
8141
7932
7421
8082
7994
7609
8496
7790
8295
7366
8020
7933
7309
7996
7919
7633
8045
7099
7661
7837
7993
7468
8055
8408
7130
7795
8381
7490
8105
8288
7298
8190
8210
7132
8687
8256
7251
7907
8277
7010
7009
8179
7295
7625
7561
7328
8214
8049
7169
8031
8110
7709
8053
9056
7707
8038
8185
7220
8227
8030
7450
6776
8335
8032
8075
8251
7391
8138
8260
7302
8256
6949
8348
7970
8411
7691
7744
8011
7589
7645
8077
7045
7996
7731
7430
7890
8313
7338
7995
8271
8061
8081
8568
7818
8263
8151
7617
7734
8048
7573
7844
8055
7509
8115
7282
7389
8172
7876
7394
8646
8138
7429
8031
8251
7737
8154
8323
7513
7789
7096
7538
8001
8002
7194
7997
8648
7435
8130
7918
7314
7970
8030
7534
8010
8446
7779
7639
7875
8372
7771
8276
7141
7918
8024
7487
7815
8287
8564
8125
7941
7669
7730
8253
7355
7872
8463
8642
8141
8286
7394
7918
8294
7538
7986
8075
7599
7571
7559
7545
7882
8336
7369
7976
8019
7392
7369
8282
7623
8025
7882
7230
7967
8259
7535
7205
7993
7702
8222
8263
7748
7864
8256
7343
8957
8318
7830
7707
8286
7260
8210
7969
7198
7912
8729
8149
8137
8242
7257
7778
8164
7410
7803
7199
8055
8151
8231
7620
8092
8233
7298
7904
8111
8062
8018
8010
7167
7971
8025
7509
8170
8156
7587
8503
8277
7455
7824
8047
8372
7030
8347
7085
8291
8190
7389
8328
8025
7490
8132
8000
7497
7146
8326
7680
8325
7920
7172
7953
8045
7191
7797
8647
7305
7948
8194
7332
7807
7882
7269
7698
8531
7775
7952
8343
7316
8153
8482
7481
7715
7147
8558
7826
8194
7431
7894
8389
7628
8043
7074
7917
7955
8386
7281
8215
8234
7671
8015
8238
7374
8206
8246
8025
7288
7940
8021
7881
7993
7463
7842
7707
7822
7655
8347
8087
7795
8010
8038
7547
8395
8092
7341
8079
7921
7530
7718
7135
7389
7910
8227
7365
8060
8372
7271
7752
8138
6853
8120
8265
7747
7781
8244
7260
8010
8230
7127
8163
7134
7314
8124
7971
7782
7738
8242
7210
8367
7832
7296
8161
8094
7370
7717
8215
7411
8366
8225
7352
8216
7969
7431
8138
8010
7216
7765
8533
7591
8244
8121
7246
8365
7977
7821
8123
8075
7615
8088
8138
7138
7880
7920
7350
8133
7959
7691
8183
7897
7282
7936
8337
7278
8362
7932
8097
8048
8207
7350
8183
8020
7270
8109
8333
8407
8115
8021
7748
8292
8141
7839
7974
8365
6930
7474
7952
7320
7865
8093
7537
8011
8238
7358
8515
8294
7134
7840
8242
7192
7890
7892
7405
7765
8094
7834
8048
8028
7738
7932
7973
7625
8225
8725
7823
7938
8304
7309
7669
7772
7549
7746
7512
7420
7841
8156
7266
8317
8475
7442
8191
7184
8221
7979
8410
7435
7580
7835
8639
7728
8219
8234
7790
7036
8685
7431
7994
7486
7603
8102
7712
7389
8228
7102
7363
7709
8410
7795
7469
8522
7335
7795
7743
7789
7717
8092
7513
7748
8436
8652
8384
7432
8174
8198
7401
6807
8201
7104
7650
7443
7743
7494
8387
7696
8241
7973
7551
7816
8475
7507
8027
8275
7698
8192
7652
7570
8056
7467
7269
8230
8414
7212
8093
8887
7458
8091
8153
7856
8063
8184
7626
8085
8138
7400
7687
7928
7987
7616
8241
7397
8030
8202
8135
7871
8329
7852
8132
8334
7384
8022
8053
7556
7961
8074
7558
7249
8291
7610
8314
6981
7694
8067
8225
7677
7851
8126
7430
8141
7764
7594
7683
8526
7353
8241
8697
7895
8103
7964
7989
7260
7525
8399
7273
7666
7998
7444
7626
8145
7521
7769
8189
7656
8588
8214
7648
8292
8165
7466
7980
7758
7749
7526
7370
7591
8049
7815
7130
7782
8254
7403
7348
7398
7056
8031
8006
7199
7663
8153
7370
7867
7933
7600
8290
8630
7326
8014
8232
7588
7820
7841
8071
7902
8205
7551
7875
8235
7405
8008
8215
7450
7895
8166
7595
7894
8313
7429
8107
8042
7910
7815
8261
7551
7835
8178
7511
8326
7870
7835
8145
8061
7319
7873
8134
7517
7917
8391
8527
7676
7686
7503
8328
7969
7328
7529
7974
7265
7960
8154
7620
8058
7721
7461
6873
7995
7512
7972
8457
7519
8235
8142
7500
7979
8134
7386
7841
9475
8014
7936
8059
7303
7928
7027
7190
8123
7651
7304
8283
8148
7265
7954
8134
7093
7832
8256
7066
8069
8195
7568
7722
8433
7487
7853
7817
7808
6828
8353
7171
8031
8290
7751
7816
8261
7476
8021
8086
7513
7933
8110
7409
6892
8261
7605
8809
8200
7487
7933
8234
7651
8001
8346
7571
7407
7633
7412
7865
8317
7441
7844
8235
7543
7941
8400
8005
7756
7992
7602
8131
8253
7341
7913
7166
7518
8032
8160
7203
7887
8517
7413
8108
7915
7548
7823
8249
8046
7851
8616
7135
8037
8220
8384
8209
8068
7236
7936
8272
7458
7688
8194
7189
7412
8217
7052
8247
8289
7448
7359
8193
7763
8102
8322
7622
8088
8356
8725
8276
8297
7216
6902
8320
7476
7837
8427
7456
8023
8153
7177
7876
8495
7699
7595
8391
7359
8015
8036
7588
7742
7472
7727
8099
8381
7558
8066
8428
7614
8220
7894
8334
8156
8253
7323
8430
7912
7666
8056
8205
7464
8296
8279
7570
8062
8139
7406
8205
8212
7863
6826
8318
7531
7800
7802
7738
8738
7567
8101
7789
8125
8427
7485
8391
7207
7370
7958
7259
8197
7934
7913
7636
7728
8142
7553
8093
8311
7676
7916
8209
7320
8256
7644
7533
7975
8038
6953
6870
8073
7918
8420
8063
7303
7628
8306
7254
7187
7135
7564
8062
8216
7591
7871
8175
8565
8681
8045
7388
8053
8144
7377
7933
8131
7354
7767
7232
7409
8191
8329
7538
8015
8025
7344
7892
8423
7620
8024
8266
7435
7824
8219
7561
7914
7904
7097
7882
8429
7681
7471
8328
7317
7752
8153
8388
8004
8397
7591
7872
8345
7174
8199
7861
7936
8073
8163
7415
7887
8313
7502
8156
6830
6872
7680
8111
7077
8262
7715
7518
8102
8276
7169
8473
7107
7195
7979
7894
7417
8164
7112
7136
6825
8610
7595
8172
8189
7379
7882
8120
7296
8079
7862
7512
7021
8133
7234
8086
7759
7420
7857
8726
7339
7910
8015
7377
7620
8352
7383
8218
7272
7273
8234
7687
7107
8117
7932
7753
7909
7603
7995
7910
8564
7570
7963
8335
7997
8050
8136
7164
8567
8030
7632
8150
8189
7410
7801
8464
7443
6871
8199
7311
8133
8266
7884
8155
8410
7346
8576
8266
7419
8093
7939
7752
7646
8265
8075
7571
7821
7332
7615
8173
7366
7947
8104
7594
7863
8155
7716
7922
7998
7730
8162
8148
7288
8123
7146
8137
8057
7972
7128
7908
8125
7361
7928
7281
7895
8031
8232
7674
8333
8331
7237
8041
8156
7955
8000
8075
7284
7000
7429
8617
8133
8033
7721
7025
8395
7433
7891
8009
7647
7905
7975
7556
7156
8223
7448
7854
8132
7620
7987
8279
7593
7020
8623
7344
8005
8035
7277
7909
7930
7409
7718
8105
7435
8189
7845
7492
8306
7986
8917
7985
8059
7520
7870
8146
7470
8189
8406
8018
7863
301800
8516
7597
8162
8295
6926
8120
7901
7547
7431
8251
7271
8251
8680
7351
7871
8033
7342
6953
8492
7743
7960
8095
7109
7692
8316
7112
7981
8133
7403
8030
8170
7651
8173
8181
7611
7874
6989
8374
7990
8106
7425
7771
7895
7523
8130
8211
7254
8094
8194
7316
7917
7692
7496
7903
8030
8168
8055
7973
6978
8079
8052
7869
8215
8299
7393
7647
8415
7770
7953
8035
7444
7880
8405
7066
7318
8136
7333
8000
8058
7492
7871
8158
7462
7510
8415
7151
7893
8153
7352
8199
7926
7594
8150
8389
7862
8000
8387
7787
8274
8000
7177
8021
8219
7591
8051
8422
7601
7902
8220
7520
8337
8012
8420
8133
7858
7220
7581
8516
7437
8027
8077
7855
8127
8144
7594
7959
8380
7600
7917
8214
7323
7779
8187
7466
7779
8472
7342
8026
8292
7333
7999
8035
7738
8073
7971
7579
7911
8128
7506
7281
8353
7349
7900
8157
7241
8137
8262
7572
6892
7711
7738
8335
8605
7224
8323
8155
7246
8096
8576
7588
7465
8334
7376
7581
8229
8479
7757
7076
8382
7692
7787
7222
7484
7623
7119
7414
7586
8528
7751
7548
8574
7705
7730
8274
7574
7836
7577
7530
7871
7078
7533
7892
8335
7820
7791
8003
6951
7843
8417
7470
7808
7376
7459
7829
8548
7902
8087
7489
7686
8064
7046
7694
7750
7110
7473
8170
7573
7768
7583
8533
7609
7692
8252
7552
8294
7184
7564
8094
7316
7598
7736
7317
7596
8528
7373
7493
7609
8559
7649
8015
7170
7615
7892
7335
7571
8053
8032
7774
8113
7248
8059
7610
8100
7638
7688
8312
7534
7742
8407
7496
7917
7975
7771
7856
8288
7577
7974
8115
8158
8082
8189
7752
8241
8409
8154
7682
8017
7554
8142
8784
8495
7831
304503
8732
7740
7887
8378
7758
7711
7036
7851
7527
8396
7698
7690
7046
8002
7755
10955
8179
7681
8631
7887
8112
7101
7693
7660
7471
7878
7953
7584
7888
8012
7179
7432
8041
8192
7355
7888
8352
7512
7996
8626
7860
7653
8389
7828
8568
8405
8003
8051
8267
7680
7599
7374
7500
8184
7486
7549
7593
8738
7635
7778
8496
8021
8774
8641
7589
7746
8671
7764
7708
7487
7636
6948
8094
7938
8028
7051
7451
8002
8441
7469
7712
8066
7689
7616
8623
7538
8379
8382
7526
7913
7302
7701
7709
8594
7795
7753
7298
7374
7930
7574
7242
7722
7208
7251
7866
8605
7956
7658
8311
7568
7695
8638
7537
7936
7486
7378
7996
8270
6642
8820
7150
7626
7690
8544
7433
8174
8733
7499
7491
7033
7735
7931
8538
7686
7990
8574
7825
7809
8035
7753
8142
8241
7633
8322
7087
7625
7722
8228
7590
7820
8210
7401
7810
8714
7928
7687
27067
8359
8020
8305
7695
8397
7366
7885
8221
7152
7189
8179
8799
8027
8046
7628
8195
8133
7388
8503
8114
7402
8160
8282
7292
8097
8487
7158
6789
7155
7689
7934
8140
7413
8143
8503
7436
7899
8870
7984
8182
8215
7832
7974
8145
7728
8000
7958
7272
8014
8000
7842
8135
8289
7341
7729
6930
7808
7915
8112
7805
7768
8146
7879
7820
8328
7405
7676
7996
7594
7959
8243
7820
7910
8192
8298
7774
8083
7288
7992
8146
7489
8001
8055
7199
7972
8294
7341
8170
7697
7534
8055
8068
7511
7530
8184
7631
8305
8391
7339
7977
7904
7291
7334
8577
7256
7888
8491
7629
8010
8150
7288
8015
8353
7390
7771
8365
7313
7990
8329
7357
7733
7805
7548
7855
8409
7394
7914
8495
8052
7955
8249
8410
7940
8553
7712
8077
7711
7990
7584
7296
7721
7696
7794
8464
7814
8061
8021
7390
8011
8676
7627
8420
8232
7207
7953
8500
7656
7882
8137
7350
8212
8396
7466
7947
8184
7615
7716
7781
7113
8142
8030
7614
8014
8194
7334
7773
7924
8446
8163
8171
7282
7994
8005
7236
8355
8035
7211
7798
8193
7432
7932
7375
7839
8335
8174
6981
7549
8129
7674
7920
8118
7569
8015
8353
7185
7065
7169
7405
8139
8129
7400
8053
7923
7552
7559
8312
7456
8107
7948
7459
7983
8238
7520
8022
8497
7689
8338
7946
7222
7994
8307
7425
7928
6825
8572
7853
8233
7732
8045
8413
7150
7849
8045
7712
8194
8208
7567
7926
8004
7781
7773
8156
7948
7311
8151
7543
8220
8155
7351
8050
8226
7237
7151
8173
7368
7884
8146
7571
7917
8374
7580
8364
8215
7620
7677
8276
7308
8125
7909
7312
7441
7539
7338
7997
7925
7693
8105
8483
7773
7978
8956
7347
7965
7989
7272
8020
8157
7581
7759
7401
7277
8212
8552
8287
6907
8501
7355
8330
7446
7438
7818
8410
7668
8496
7042
7369
8035
7047
7990
7051
7164
7535
8075
7017
7438
8241
8553
8332
8391
8550
8450
8484
8532
7775
6885
8639
7775
7279
8554
7414
6998
8617
7880
8418
8343
7594
7479
8393
7611
8354
7138
7676
7022
8200
7823
6717
7268
7999
7933
8298
7490
7112
7052
7923
8216
7532
8240
8381
8353
7431
6939
8269
7789
8405
7936
7166
7936
8525
7998
8359
8592
7875
6877
8444
8336
8420
8473
7981
8299
8451
8331
8389
8453
8812
7051
8597
7563
8271
8554
7630
6910
7102
7343
8296
8594
7845
8153
8475
7677
8301
7198
7627
8791
7096
7923
6949
7191
7771
8055
7092
7367
7737
8472
7713
8245
7489
7854
8243
8054
10471
8847
8487
19001
8271
8651
8926
8437
8550
9125
7431
7360
7517
8437
8510
9117
8475
8466
7718
7010
8444
9041
8376
8438
7811
8008
8443
8947
8221
7200
8194
8416
7388
7616
8347
8302
7553
8336
7080
9479
8221
7011
8208
7848
7040
8868
8495
6962
10461
7018
8329
8275
7352
8409
7474
8598
6964
9585
7696
8184
7794
8477
8477
8843
8444
7107
7879
8121
7049
9148
8330
6970
8940
8188
6886
9155
10152
7393
7540
8214
8441
8995
8239
7155
7494
7803
7776
9456
7230
7471
9624
8142
8558
9100
7286
8051
7789
8328
8611
8324
8230
8418
7373
6985
8004
8500
7542
7873
8092
7454
7672
8613
7190
7810
8445
8251
7656
8379
7338
7557
8368
7942
7560
9794
7748
7866
8131
7244
8082
9996
7259
7469
9675
7703
7936
8682
8220
8415
8835
7907
7938
8913
8137
8362
7326
7955
8195
7502
8361
8112
8938
7197
7287
8937
8112
8058
8918
8564
8138
8973
7177
7188
8844
8381
8011
7974
8242
8032
7820
8194
7922
7573
8027
8398
8928
8103
8293
7548
8213
7751
8158
7977
8154
7687
8133
7934
8639
7921
8091
7923
8043
8153
8920
8210
6986
8986
7737
8216
8094
7718
7895
7746
7917
8193
8920
8281
7878
8970
8372
8011
8920
8335
8294
9094
7876
6916
7492
8345
8492
7524
8094
8344
9207
7882
8358
8978
6902
6970
9105
8133
7196
7573
8153
8241
9201
8288
7382
7405
8235
7830
9185
8076
8169
16006
8163
7903
8087
8200
7888
7715
7891
8348
7445
7973
7651
7475
7747
8139
7021
7819
7842
7220
7779
8140
7353
8092
7863
9159
7760
8084
7258
8010
8087
8590
8194
8470
7524
8318
7855
9087
7918
7964
8857
7994
8260
9055
8057
8128
7620
8008
8235
8851
11231
8543
8025
19050
7590
8353
10528
7735
7020
9312
7961
7989
8876
7963
8176
7613
7871
7933
7682
7219
8153
10293
8064
8222
9074
8022
8060
8901
7697
8112
7517
7910
8364
8938
8010
8092
8964
7562
7472
8839
7812
8231
7511
7888
8435
9081
7989
7513
9038
7773
8440
8929
8015
7902
7770
8150
8169
8975
8052
8420
7517
7954
8319
8543
8312
7221
8174
7935
8142
8876
7892
8125
8825
7812
8414
7868
8140
20987
7776
8358
7664
7348
8076
8349
7305
7697
8063
8142
7537
7871
7705
7882
7960
8041
7614
8093
7292
7828
8071
7357
7935
8425
8035
8814
8219
7569
7865
8342
7278
8104
8510
7690
6848
7490
7444
8032
8098
7744
8121
8129
7692
8114
8925
7547
7964
8615
7614
8153
7933
7783
7948
8740
7373
8087
7995
7379
8181
8018
7630
7619
7683
7487
8112
6912
7808
8090
8236
7410
6787
8548
8613
7761
8121
7120
7831
8055
7165
7935
8119
7481
7797
8046
7356
8072
8167
7245
8073
8451
7379
7589
8136
8972
6982
7898
9161
8491
8232
8985
8473
8356
7451
7745
8215
8929
8153
8093
19787
7090
8586
7580
8119
8526
7598
7820
7970
7809
7910
8534
7421
7970
8255
7680
8039
8098
7140
8056
7889
8183
7938
7770
7203
7707
8398
7622
7957
8012
7412
7942
8267
7822
8157
7848
7577
7647
8212
8736
7671
8380
7430
7856
8343
7251
7717
8037
6892
7235
8136
8974
7871
8311
8924
7918
8312
9054
8514
8017
7692
7936
8235
7348
8065
8447
7502
7189
7299
8917
7970
8076
7312
8060
7851
8975
8427
8618
8847
7719
8323
9035
8094
8119
8895
8213
7591
7682
8030
8469
7446
8135
8235
7044
8149
7081
9200
8173
8059
8825
7856
7921
9007
8022
8098
7739
7828
8720
7666
10502
7389
8036
19747
7528
8642
10951
7955
8174
9021
7965
8178
8983
8104
8764
7693
8338
8226
9053
8609
8015
7390
8149
7891
7895
7869
8144
7388
7899
8516
7193
8075
7835
9005
8015
8037
7369
8001
8142
7469
7999
8514
8492
7031
8221
8702
8093
8238
8842
8214
8553
7261
7089
8281
8088
7751
8185
8933
7724
8051
8960
7324
8205
8712
7711
8132
7180
7992
6969
13877
6886
8218
7507
7713
7909
8896
7942
8244
8656
8214
8830
7571
7879
8092
7297
8021
8119
7635
7945
7266
8403
7878
8271
9064
7937
8064
8835
7977
8051
8091
7714
8008
8970
7945
8176
7348
7780
7994
7815
7791
7887
7615
7977
8062
8912
8290
8156
7564
8434
8235
9077
7820
8049
7364
8143
8033
7467
7933
8160
9057
7690
8315
9030
8075
8012
7938
7470
7299
8685
7735
8185
8753
8266
8046
8853
7546
8499
9036
7843
7978
8982
7924
8317
9034
7972
8683
7219
8152
8219
8022
8223
7808
7553
7092
7774
9178
7680
8199
8344
7458
8410
8674
7787
8397
9010
8261
8193
8635
8199
8226
7197
7933
8287
8451
8273
8326
7712
8097
8321
7390
7855
8284
8080
7540
8162
8421
8368
8286
7010
7998
8418
7310
8061
7855
7530
8076
7896
8613
7933
8336
8414
7394
7250
10211
8369
7129
10463
7912
8382
7255
8194
7518
7612
7824
7249
9046
7938
8032
9082
8292
7732
7707
8207
8045
9114
8337
8375
8804
8318
7445
7564
8184
7933
8641
8003
7887
8757
8287
8154
8093
8161
8428
7576
8048
8331
8698
7726
8151
7822
7028
8288
7626
8353
8102
7684
7803
8249
9125
7305
8420
9019
8117
7953
8738
7846
8506
7314
7563
8217
7607
7851
7941
8905
8220
6930
20519
7451
7995
7279
7853
8030
8397
19221
7652
8305
10643
8519
8066
9257
8074
7789
8773
8216
8044
7629
8143
8057
8983
8234
7914
8926
7851
8211
8794
7243
8130
9052
7783
8117
7561
8031
8343
9080
6835
7992
7492
8224
8297
9056
7928
8054
8852
8156
8588
8811
7851
8224
7502
7928
7951
8922
8003
7175
8625
7712
8166
8854
8037
8282
8865
7741
8374
7957
7735
8005
7423
7489
8066
8645
7991
8400
8846
8389
8149
7517
8000
7926
7482
8087
8314
8271
7598
7794
7410
8153
8227
8662
8140
7877
9002
7373
8453
8982
7937
8035
8890
7745
8107
7615
6872
6932
8866
7174
7909
10201
8400
8336
8933
7837
8192
7312
8248
7851
9019
7815
8151
8819
8127
7891
7743
7950
8237
8889
8012
8196
7498
8145
7848
8477
7965
8052
7407
7914
8041
7757
7902
8108
9336
8174
8370
8888
7834
7943
8902
8330
7975
7497
7466
8090
7763
7841
8095
9094
7660
7971
7283
8190
8033
8938
7995
8177
7370
7720
8420
9399
7799
8520
7450
7882
8181
8815
7998
8435
8879
7828
7513
7592
8055
8205
7384
8092
8338
9005
8079
7350
8994
8148
7953
8897
7853
8213
19323
7650
7996
8201
7984
8374
7477
8297
8042
7753
8067
7245
8594
7791
8090
7471
8054
8152
7241
7979
8069
7730
7726
8007
7167
6789
8151
7194
8183
8116
7289
7392
8270
7253
8201
8139
7203
8127
8498
9109
8014
7926
8877
7721
8112
9081
7953
8152
9066
7727
7210
7358
8280
8077
7477
7659
8003
7747
7919
6895
7497
7737
7640
9343
8204
8217
7415
8222
7472
9167
8123
6984
8963
7977
7988
7480
7979
7690
9519
7814
8234
8634
7901
8156
9047
8221
8317
7917
7940
8226
8913
7741
8186
7419
8235
8023
10852
6989
8024
7646
8087
8330
7623
20158
8104
8295
8982
8148
8212
8481
7869
8238
8552
8145
7007
8163
8139
8066
7317
7900
8130
8826
8456
7712
8068
8056
8339
7310
8281
7730
8774
7830
8356
8710
7999
8215
8763
8079
8342
8876
7902
8077
8556
8282
8274
7203
8191
8251
8779
8047
8025
7451
8809
8256
7386
7830
8318
8814
7943
8254
8756
6907
7086
7498
7810
8333
8923
6972
8534
9105
7788
8214
7432
8295
8199
8938
8144
7221
8555
8155
7741
8215
7865
8189
7556
7739
7893
10399
7817
7862
9022
7813
8369
8958
7717
8107
8853
7974
8338
7737
7982
7967
9073
8187
8435
7308
7974
8351
7350
7660
8173
7512
8030
8116
8225
8248
7961
7446
7106
8114
10274
7817
7990
7448
8273
8011
8942
8957
8392
9073
8239
7003
9078
8253
8053
8656
7520
7737
7943
8072
8235
9073
7914
8054
8692
7893
8123
7525
8015
8035
7506
8075
7942
8899
7593
7806
8235
7726
8253
9110
7911
8092
7523
8272
7410
8264
8011
7989
7530
8403
8284
8757
8499
8029
9631
6995
7893
9010
8055
8271
7299
8089
8266
7912
8333
8108
8092
8138
8143
7377
7981
8047
9020
7962
8397
7611
8000
8097
8908
7885
6974
7431
7553
8404
9097
7988
8426
8919
8075
6980
8893
7752
8584
7493
8511
7798
8664
8295
8357
8872
8383
7935
8929
8169
8286
8779
8211
8357
7342
7891
7606
8714
8167
8393
8736
8441
8202
7453
8511
8435
8581
8095
8398
7556
7902
8511
7097
7929
8424
7770
7491
7976
7809
8365
8103
7825
8202
8353
7651
8419
8454
8554
8241
7938
9058
7828
8145
7779
7917
8169
8960
7943
8147
8560
8084
7726
8829
7206
7510
7589
8128
8221
8636
8205
7013
9107
8211
8359
9025
8256
8033
7826
7979
8164
10889
8004
8838
7889
9682
7169
7830
19471
7852
8453
12087
7474
8533
8605
8544
8497
9035
8421
8122
15564
6850
8035
7119
8036
8075
7331
8055
8700
7230
8220
8351
7298
8035
7944
7580
7874
8025
7220
7998
7990
7913
8320
8138
7262
8188
8647
7071
8112
8638
7328
7102
8148
8020
7689
8269
7820
7332
8071
8169
8571
7029
9095
8012
8379
7673
8023
8297
8128
7510
8297
9019
7969
8368
8902
8041
8134
8770
7284
8137
9221
7916
8331
7307
7945
8132
7912
6817
8245
8174
8065
8578
8564
8274
8371
8641
7852
7654
7371
8210
7793
8892
8127
8412
8881
8199
8143
8892
7756
7632
9124
7982
8041
7603
8108
7384
7574
7794
8411
9124
7740
8121
8958
8114
8215
8626
8230
8440
7162
8088
7962
8505
8220
8122
7956
8307
7985
7228
8043
8360
9160
7645
8058
7999
7684
7923
8965
8236
8013
7469
8243
8145
8576
8299
8387
7562
8004
8305
9000
8064
8373
9211
7805
7994
8942
7987
8043
7297
7710
7999
7471
8153
7462
7938
8263
8206
7646
7729
8144
7572
8253
7389
8482
8152
8189
7579
8010
8117
9040
8078
6882
9105
7803
8043
8909
8300
8338
7867
8029
8359
8189
7914
7921
7509
7948
8064
7571
7933
8279
7592
8390
8250
9007
7833
7982
7552
8033
8211
8896
7748
7874
7999
7154
8234
8796
8106
7916
8707
8181
7452
8469
7992
8264
8704
7975
8214
19201
7862
8194
7717
7921
8101
7529
8278
8456
7692
8001
8538
7603
8032
8270
7551
7772
8396
7856
8072
7868
8324
8311
8425
7210
8123
7973
7529
8039
8225
7179
8220
8164
7457
7636
8136
7152
8165
8091
7151
7671
8067
7348
8384
8241
7167
8333
8030
7860
7049
8505
7441
8103
8403
7778
8107
8419
8723
7131
8175
8703
17965
7092
7878
9140
8095
8205
8805
8158
7913
8769
8072
8141
8981
8111
8358
10963
8322
8213
7436
7980
8276
7743
8051
8163
7851
7799
8348
7085
8252
8223
7295
7871
8294
9097
8387
8000
7335
8282
8082
7316
7991
8095
9011
7369
7009
8956
8309
8139
7373
8076
8366
9064
8385
7499
7512
8110
7912
8856
8193
8133
9080
7929
8523
7543
7947
8108
7446
7949
7913
7535
8063
7757
8918
7926
8394
8945
8210
8305
8835
7892
8299
9057
8009
7869
7668
8405
8337
7283
7752
7999
7389
7404
8051
9356
8320
8167
9000
8057
8273
7296
8303
8404
8944
7979
7852
8790
8221
7766
7328
8742
8133
7491
7979
7895
9112
8145
8116
12046
7614
7455
7219
7723
8339
7278
8183
8057
7369
7759
7503
8897
8091
7955
9151
7880
7792
8835
8111
6881
8574
7912
8149
7455
8007
6953
8810
7840
6975
10582
8026
8464
7449
7958
8214
8620
8151
8236
8943
8279
6979
8854
7892
8384
7876
8146
8249
8504
8108
8435
7337
7905
8183
8783
7798
8219
7548
8648
7957
7324
8026
8187
8048
7153
7989
8942
7840
7238
8866
7964
7948
8937
8320
8419
9135
7403
8136
8697
7959
7900
7758
7917
8415
8909
7805
8859
7575
7958
8165
8948
8020
8379
9112
8133
7215
7376
7814
8062
7390
7932
8146
8933
7789
8225
8185
8173
7894
7649
8359
8162
7476
7912
8054
7435
8283
8114
7990
8346
7861
8922
8156
8163
7723
8097
7887
9049
8024
6982
8743
7991
8121
7589
6993
8419
9143
8216
8183
8791
8144
8256
9029
7010
8193
8889
8029
8233
7498
7994
7910
8692
8162
7652
7592
7930
8436
9138
8160
8455
7435
8292
7917
7372
8194
8033
9145
8069
7953
8856
8213
6854
9410
8360
8346
8594
19085
8060
8000
9157
6745
8381
9246
7971
8001
8900
7945
7813
7468
8110
8545
8958
8208
7487
8877
7923
8162
15264
8358
7750
7231
7731
8075
7380
7815
8200
7389
7773
7410
7248
8164
7902
9045
7800
8423
7472
8029
7736
7415
7982
8427
7552
7831
8484
8810
8264
7929
7606
8412
8155
8731
7995
8133
7142
8005
7989
9084
7950
7335
9164
7953
8191
8635
8000
8158
7263
7497
8249
8696
7848
8036
8948
8092
8415
7297
7019
7955
8836
7799
7949
8958
7394
7056
9150
8333
8168
7493
8358
7352
8864
8170
8027
8892
8136
7769
7861
8164
7693
8807
7805
8051
7498
7897
8231
7845
7901
8304
8904
8132
7226
8902
7905
7941
8715
8173
8297
7694
7849
8015
7740
7832
8293
7391
7794
8080
9010
8070
8166
7466
8291
8200
8851
8532
8159
7434
7964
7974
8863
8068
8169
8869
7943
7169
7517
8311
8005
8852
8123
8338
8697
8013
8911
8658
7771
7891
8753
8260
7580
7720
7992
7893
7524
7763
8323
9225
8095
8255
7728
8133
7440
8395
8140
8087
8020
8045
7876
8967
7874
8136
9075
7990
8210
7588
7794
7864
8967
8163
7953
8512
7232
7918
8641
7831
8215
7253
7784
8252
8784
7784
8386
9241
8089
8004
7367
7965
8261
9061
8217
8215
7582
7794
8338
7672
8028
8303
8773
7671
7328
8845
8071
7885
8739
8062
8123
8936
7855
7312
8794
8043
8196
8839
7944
7869
20098
7016
7720
8200
8075
8232
7174
7755
8054
7892
7763
7723
8363
8138
7917
8944
7912
8122
7088
8196
8171
8025
8120
8085
7431
7992
8256
7891
7897
8021
7313
7450
8061
7682
8092
8352
7627
7863
8338
7388
7891
8065
7286
8001
7851
7540
8013
8359
7442
7297
8037
7377
7687
8303
7451
8158
7840
7756
18569
8303
8212
7710
7912
8317
9024
7896
8123
7871
8059
7974
9052
8190
8145
7697
7760
8153
8639
8041
8228
7501
8294
8013
8999
7932
8179
7617
6741
8538
8671
8185
7831
8717
7958
8220
8974
8282
8584
7615
7752
7895
7774
7964
8276
9037
7923
8327
7720
8153
8271
8815
8282
8180
7394
8119
7886
8712
7892
7919
7509
8053
8254
8737
7983
8111
7556
8377
8009
9050
8011
8089
7694
8238
7061
7733
7985
8452
8796
8032
8170
8864
7880
8372
8404
8417
8304
8736
7974
8021
8966
7899
8014
7589
8210
8119
7342
8071
7969
7220
8273
8333
8760
7210
7902
8960
8273
8333
9082
8161
8014
7485
7726
7863
7578
7998
7971
19983
7173
8022
7218
7941
7642
8673
7942
7954
7765
8035
7784
7486
8158
6860
8224
7974
8168
7498
7983
8123
8061
7840
8121
7079
8029
7984
7133
8176
8082
7626
7794
8368
7850
7165
7818
7399
8254
8025
7910
8024
8256
8419
8115
8241
7499
8005
8035
9148
7819
8454
7729
8373
7047
7615
7928
8242
8904
8093
7922
9030
7607
7109
8835
8069
8125
9157
8061
8302
9087
8175
7591
7561
8278
8353
9055
7659
8154
7615
7855
7373
8808
8176
8133
9141
8241
8466
7090
8213
8232
8248
8385
8066
7621
6988
7882
9251
8173
8044
9051
7987
8278
7097
8021
7957
8785
7920
8223
7594
7520
8293
7695
8315
7923
8658
8263
8016
9058
7207
8456
8937
8082
7984
8465
7870
7916
9000
7432
8271
8922
8072
7941
7901
8118
8242
8402
7989
8500
7923
7972
8166
8934
7788
8333
9025
7610
7670
7276
8450
8194
7602
7800
8123
7367
8105
8029
7813
7842
8185
9004
7952
8112
9041
8143
8213
8215
8404
7995
8287
7912
8239
7013
7912
8117
7994
18494
8260
8215
8872
8200
8137
7651
7913
8173
9158
7913
8150
9005
8192
8197
7734
8122
7851
7882
8053
7994
7366
7779
8072
7410
8035
8245
8955
8137
8236
8630
7854
7952
7417
7796
8456
7769
7017
8451
7535
8523
7811
7521
7853
8317
8704
8574
8391
8991
7743
8338
7675
7721
8030
8890
7724
8337
9140
7784
8071
7515
8036
7975
15596
7718
7325
7600
7875
8220
7663
8385
8248
7587
8276
7509
7690
8030
7915
7296
7863
8430
7353
7925
7707
8142
8224
8007
9112
8090
7916
7644
8103
8292
7552
7978
8180
9051
7822
8275
7371
7883
8440
8130
8521
8194
7131
7913
8226
7245
8605
7996
8052
7533
8237
8854
7862
7620
9161
7830
8425
8962
8465
8517
7504
7810
8311
7643
7921
8136
7194
7120
7661
8850
8178
8495
7533
8193
8385
8895
8256
7473
8958
7792
8043
7553
8182
8257
8784
8071
8723
7994
8064
8129
7568
7923
7945
7661
7875
7396
9323
8132
7764
7574
8160
8142
9320
8477
8474
7660
7895
7828
8331
7702
7959
8386
8232
7843
8580
8247
7753
8708
8046
7784
8625
7857
7559
8092
7589
7878
8494
7673
7691
10295
7746
7525
8588
7844
8240
7617
7847
7897
8276
7840
8220
8333
7514
8521
8209
8097
7455
9488
7550
7753
9089
7691
7363
8701
7793
7816
8803
7769
7994
10319
7955
6951
8004
7813
7899
8592
7751
8630
8240
8347
6719
9011
7737
8360
8262
7608
7954
9989
7742
7706
8020
7671
8017
8344
7829
7674
10042
7789
7729
7422
7892
7586
10025
7568
7982
8238
7851
7942
8922
8414
8051
8372
8046
7658
8600
8068
7632
8231
7746
8003
8766
7748
7782
8276
7925
7701
10004
6920
6905
9005
7794
7721
10284
7775
8115
8348
7713
7533
9281
13891
7492
6969
9673
7595
7974
8819
7030
7654
10355
7798
8221
8401
7762
7724
8230
7514
7853
9905
7432
8073
8241
7815
7931
9678
8044
8358
8468
7957
7291
8181
7439
7454
9405
8115
8694
8479
7307
7500
8480
7579
7206
9702
8123
7090
8553
7988
7683
9800
7871
7370
8459
7728
7548
9298
7932
7500
8053
7356
7631
9641
7069
7513
12244
8410
8165
7429
8249
8107
8825
8173
8035
7362
7771
8005
8897
8358
8270
8586
7954
8030
7379
8701
8176
7158
8190
8507
7170
8547
7654
8057
7119
8335
9097
8179
8313
8782
8254
8564
7618
7652
8294
9046
7902
7994
9138
7887
6951
7350
8093
7331
7582
8292
8553
9089
8323
8436
8945
8193
7641
8494
7407
7211
7979
7010
8495
7688
8476
7129
9095
7611
8426
9039
8552
8522
8892
6883
8215
8411
7045
7363
9201
8461
7006
9312
8520
8421
8893
7714
8032
9090
7082
8563
7389
8392
6992
9292
8380
7352
9015
7022
7046
7651
8415
8213
8935
7394
8051
9007
8465
8082
8896
8143
8296
7381
8256
8597
7498
8263
8322
7513
8188
7997
9434
7866
6907
8574
8072
8039
9176
7876
8402
7856
7962
6957
8271
7979
7754
8835
7878
7953
7574
7779
8241
9000
8027
8266
8794
7998
7784
7527
7996
8275
7387
7117
8190
9245
8036
8041
8803
8061
8224
9394
7933
8258
9231
7053
8410
8948
8113
8134
7555
7284
8342
8804
8256
7989
8374
8011
8154
8912
6835
8032
8802
7900
8294
7623
7832
7935
8638
8271
8356
7824
7805
8250
7113
8357
8134
8197
7849
7318
8478
8080
8151
7560
8036
8233
9048
8094
7875
8239
8189
8133
7610
8061
8238
7431
7866
8287
7535
7349
7789
8319
7421
7744
10001
7487
7805
8502
7231
8171
8876
7990
7768
8035
17133
8498
7170
9339
8218
8341
8719
7954
8235
8857
8248
7904
8854
8136
8256
8874
7781
8249
9036
7824
8397
7135
7671
8197
7375
8200
8242
7984
7953
7977
8805
7897
7954
8847
7899
8124
8912
7958
8049
7117
7186
8200
9045
7980
8375
9058
8061
8158
8731
7376
8001
7164
8389
7918
8943
7995
8252
8625
7972
8676
7625
7935
7943
7589
8120
8382
11828
8506
7922
7833
8153
8034
7649
8081
7918
7349
8041
7565
8856
7871
7825
7596
8525
7693
7383
7727
7842
9318
7698
7912
7702
8449
8075
8842
8156
7944
7871
7333
7973
8577
8226
8200
8856
8164
8339
8693
8261
8133
7382
8272
7989
7417
7670
7737
8876
6925
7569
8708
8405
8132
7679
8102
8254
7610
6724
8316
8569
8308
8194
9393
8015
8534
7512
7830
8675
9050
7941
8036
8837
7958
8338
8656
8233
7875
8197
8096
8102
9068
8092
8486
8183
7668
8348
7793
7867
8492
7543
7473
8010
8751
8096
8164
8199
8500
8305
7537
8314
8442
8782
8040
7944
7578
7269
8112
7180
8248
8288
8845
8144
8075
7279
7255
8476
8624
8369
8584
7370
8326
8084
7496
7529
7801
7392
7944
8087
8903
8177
8174
9117
7662
7696
8815
8446
7558
7342
8154
8111
9176
8015
8354
8958
7992
7952
7435
7994
7815
7359
7897
6805
10573
8054
8103
8137
7459
8059
9239
7755
8104
9314
8118
8174
9038
8056
8258
7134
7841
8312
7990
8195
8357
7483
7678
8051
8633
7984
8274
8802
8235
8238
9035
7989
8236
7661
7765
8215
8963
8300
8321
8896
7938
8210
7449
8073
8174
9048
6769
7129
8719
7942
6967
7451
7964
8367
8865
8190
8075
9023
7942
8348
8915
8015
8211
19025
8473
7080
8605
7835
8333
7273
7991
8138
8072
18508
7350
8033
9343
7621
8395
7498
7981
7887
9136
7887
8200
9153
8192
8163
7592
8170
8136
8707
8156
8582
7715
8139
8340
8905
7830
8347
7517
8211
7554
8153
7858
8352
8651
7855
7989
9002
7798
8284
8336
8104
7974
9092
8027
7957
8897
7925
8287
7664
8487
8391
7615
8074
8111
9047
7995
8220
6887
8410
7791
7605
7989
8492
7175
7825
8364
8441
8550
7717
8738
7984
8399
8670
8215
8259
8035
7556
6972
7288
8266
8026
8967
8140
7937
7272
8554
7782
7612
8010
8003
9094
7723
8213
8917
7976
8048
7570
7932
8126
8935
8004
8269
9047
7943
7983
8391
8014
8013
8728
8347
8394
8462
8299
7897
7896
8291
7916
7553
7841
6971
8833
8041
8034
7603
8311
8400
9070
7910
8295
7209
8229
8257
7460
7235
7876
8896
8168
8052
9134
7883
8312
8838
8233
8231
7380
8015
7885
12479
8005
8066
7378
7398
7827
7404
7969
8190
8996
7783
8294
8779
8324
7882
7436
7024
7261
8133
8166
8548
7995
7192
7738
8747
8179
8498
7829
8294
8457
7803
7008
7640
7533
7244
6954
9276
8487
6986
8907
8420
7015
9278
8456
8393
7404
8343
8358
9026
8532
7872
7953
7631
7090
8035
8201
7039
8995
8176
6932
9153
8361
8471
7538
8452
6986
9065
7077
6967
10995
8254
7097
8538
7394
8310
9161
7052
6890
11343
7358
6914
9429
6955
6891
9313
8420
8501
9215
8370
8491
8117
7005
8438
8194
8073
8466
7722
6953
7797
9303
7525
8530
7546
8434
7071
9210
8299
8420
7567
8352
8336
7682
7178
8458
9400
8374
8421
8743
8133
7241
7424
8314
8416
7662
7005
7142
9518
8034
7140
9247
8424
8609
7620
7316
8385
8902
8575
7056
7490
8207
8164
8976
7188
7179
10019
14122
7007
7028
9737
6958
8377
9039
6917
8414
10874
6989
7123
9474
7594
8369
7648
8458
8335
8125
7808
7020
9547
8045
7338
9111
8250
7176
7934
8066
7152
9013
8374
8294
9256
8324
8502
7528
7265
8106
7829
8637
8425
7430
8260
7094
9036
8345
8748
7858
8357
6968
9209
6828
7165
10704
7226
8359
7531
8313
7521
8664
8581
7451
8856
8393
7171
8841
6792
6962
11022
8471
6948
7640
7013
6989
12077
8338
8209
7643
6979
7308
9449
6979
7185
9417
7158
8413
10050
7639
7593
8389
7758
8062
7748
8410
7414
10178
7813
8042
8899
8102
8296
8197
7920
7158
8689
8121
7681
8321
7887
8085
19874
7217
7592
8260
8217
7818
8441
7414
7661
7140
7429
7614
8577
7371
7764
8795
7534
7945
8479
7580
6999
8572
7615
7590
8372
7533
7610
8090
7817
7518
8215
7866
8206
8727
8056
7755
7399
8196
7638
8035
7879
7707
8545
8088
7728
8468
7576
7841
8246
6929
7636
9020
8062
8229
8917
8287
6939
8723
7378
8120
8857
8113
8508
7592
7929
8112
9061
7348
7549
8953
7945
8157
8760
8179
7924
7407
7980
7592
8466
8361
8129
8941
7994
8441
8981
8074
7229
9059
8144
8238
7519
8346
8240
8795
7784
6853
7974
8092
8258
9047
8417
8094
7168
8194
8382
8919
7940
7945
8897
8045
8219
7416
8077
6969
7538
8291
7894
8821
7978
8202
8615
8235
8290
7961
7656
8016
8654
6928
8150
8875
7836
8431
9080
8337
8128
7557
8215
8071
9085
8169
7866
8823
6975
8438
8818
8102
8136
7531
7873
8230
9015
7992
7266
8725
8027
7805
9119
8087
8145
7466
8042
11075
8291
7728
8512
7284
8064
8117
7220
8041
6969
7660
8337
8502
7534
8015
7920
9043
8128
8112
8855
8020
8938
7548
14117
6972
8132
10652
8256
7250
7510
8031
8079
8776
8150
8246
19574
7783
7492
7414
8062
7918
8022
7881
8235
7501
8048
7064
7546
7819
8013
7442
8194
7811
7542
8276
7979
8156
7835
8064
7589
8161
7995
7119
8004
7900
7652
8136
8495
7302
7872
8027
7446
8379
8154
8652
8489
7936
7010
8431
7599
8623
8319
8522
7333
7024
8048
9038
8162
8377
7722
8096
8107
7640
7953
8433
7932
8071
8420
8666
7978
7977
8999
6999
7885
8911
8090
8230
7463
7840
7828
7355
7877
7491
8222
8436
8315
7594
8205
8126
8658
7908
8015
8332
8015
8078
8946
8350
7956
7450
8225
7018
8830
8186
8258
7611
8244
8097
8559
7817
8051
7627
8277
8041
8764
8030
6975
8479
7958
8330
8846
8810
8044
7369
7204
8246
8627
8054
8215
8813
8124
7144
8896
8292
8492
7469
8516
7907
9174
7946
7874
7852
8395
8085
19175
8552
7894
7809
8033
8824
7415
8233
7946
8775
8136
7938
7849
8125
7659
7892
7976
8198
7695
7892
8193
7511
8725
8297
7137
8175
8051
7700
8122
7833
7545
8249
8170
8293
7921
7994
7568
7932
7812
7771
8038
7944
7232
8211
8158
7461
7764
8043
7709
8005
8226
7630
8215
8241
7366
7927
8167
7591
7998
7547
8625
7227
7791
7451
7769
8018
8938
7896
8296
8938
8160
8826
7584
7972
8209
7363
8313
8277
8439
8375
7315
8356
8170
8273
8896
7987
7273
7170
8315
8262
7630
7780
7831
8971
8063
8190
7194
8271
7779
7830
7960
7969
8840
7956
8191
8931
7917
8133
8374
8218
7814
8819
7829
8034
7549
8252
8148
7614
7620
8317
9037
8112
7948
7402
8086
8113
7580
7550
8044
8925
7910
8124
9000
8055
8091
8920
7852
7995
7319
8108
8498
7923
10405
8523
8438
8401
7733
8139
9153
8060
8194
8824
7935
7964
7310
7408
8241
8953
7686
8261
7440
8258
7912
7694
7824
7706
8953
8254
8155
8844
7881
7972
9036
7946
8419
7826
8066
8123
9041
8092
8504
7267
8289
7485
8856
7783
7692
9030
7800
8235
7317
8179
7238
8843
8073
8164
8966
8123
7939
7576
7793
8241
7932
8037
7990
8868
8128
7886
7538
8035
7979
8425
7698
8194
7774
8220
8165
8733
7883
7914
8808
8209
7918
9115
7811
8169
9037
7812
8027
7815
8328
8312
7320
8034
8126
8861
7881
8282
8960
7625
8449
8790
8269
8158
7578
8013
8487
7549
7966
8707
8980
7766
7944
8883
7840
8036
10831
7701
7741
8216
8033
8195
7358
8133
8036
7306
8066
7102
7610
7907
8133
7474
8100
8563
8846
7819
8379
8229
7991
8308
7449
8042
8059
8764
8254
8319
8369
7601
8149
7654
7999
8230
8659
7956
8030
7445
8157
8257
8769
8174
8396
7080
7187
8364
8737
7854
7432
7697
8477
8235
7456
7978
8225
8980
7853
7006
9174
8128
8211
9011
8354
8224
8838
8051
7609
9059
7937
8041
7538
8298
8054
8647
8014
7446
8212
7887
8234
7545
7980
8279
9026
8179
7856
8724
7894
8015
8747
7954
8092
7592
7723
8000
9508
8591
7995
7571
8287
8241
7100
7900
8303
7506
8256
8001
9074
8155
8193
7677
8136
8017
8950
8071
8178
7524
7448
8058
8618
7662
8400
8802
7366
7261
7563
7922
8344
8884
7874
8207
9034
7871
8435
7533
8051
8379
8857
8322
8072
8717
8114
7276
7646
8102
7247
8687
8017
8459
7663
7801
7395
8697
8131
8092
8958
8005
8328
8826
7785
8135
7580
8150
8371
8917
7936
8313
8866
8173
8080
7799
7069
8395
8846
8144
8005
8938
11210
8073
9608
7900
8218
8298
7672
7786
8066
9066
7993
7184
7984
8231
8391
7415
8109
8028
7259
8081
8114
7676
7767
8151
8989
7742
8232
8613
7764
8000
8231
8453
8215
8840
8219
7910
7897
8332
8220
8723
7773
8135
7500
7933
8206
7429
8080
8089
7830
8083
8160
8861
7951
8144
7112
8213
7937
19346
7122
7330
7270
8395
7960
7153
7953
8422
7590
8233
7207
7798
7406
7128
7655
8097
8074
7390
7825
7970
7979
7876
8328
7753
7815
7958
7702
8288
8375
7994
7970
8251
9125
7916
8150
7452
8087
8089
7589
7681
8021
8857
7989
8053
7522
7815
8169
7355
7777
8180
9066
8160
8292
9096
7891
8178
7810
8271
8092
8892
7850
8014
7703
7910
8155
9056
7424
8076
8726
8151
7789
7419
8132
8229
9081
7802
8287
9051
7750
8309
7665
7707
8118
7675
7969
8630
7684
7740
8086
9116
7801
8077
8967
7996
7551
7118
7994
7739
7488
8186
8181
7395
7663
8125
8073
8131
6898
7365
8307
8246
7432
8154
8215
9266
7808
8016
9199
8111
8202
9060
8000
8161
8035
7628
8380
7451
8043
8309
8974
8220
8107
7479
7246
8543
8717
7763
8462
7399
6914
7936
8979
7833
7031
9106
6895
8071
8857
8087
6950
10452
8200
8446
7228
8256
8064
8005
8288
7752
8945
8202
7712
8438
8046
8219
7499
8261
7783
9125
8119
7030
8671
8080
8062
8734
7952
8133
8941
8144
7628
7608
8064
8317
8927
8025
7899
8905
7743
8401
7299
7573
8001
7582
8034
8419
8405
8195
7876
8979
7792
8261
9163
7781
6998
7569
7715
8195
8951
7409
8584
8649
8274
7991
8898
7954
8220
8998
7873
6929
8903
8158
7093
8930
7978
8402
8921
7959
7357
9240
7846
8125
7449
8277
8007
8979
8015
8087
7873
7896
8281
8076
8697
7887
8325
8771
7640
7290
8935
8377
7907
8976
7758
8216
8761
7098
8254
7447
7957
8127
8861
8236
8465
8978
7591
8533
7469
8024
8392
7476
7958
8082
8911
8044
8009
7878
7988
8284
8904
7876
8050
8794
8142
8130
8378
7734
7589
7500
8034
8095
8934
7912
8011
7633
8256
8517
8811
8218
8041
8680
8144
8146
7789
8116
8418
7533
7912
8174
7214
8035
7990
8908
8405
8321
7220
7860
8357
8876
7943
8196
7237
7016
7529
8538
8195
7978
8810
8251
8032
7554
8277
8572
9051
8296
8075
8756
7860
8204
9001
8068
7977
7649
7694
8275
7659
7759
7780
8737
8095
7406
10092
7813
8145
8674
7861
8219
7532
7870
7992
7754
8190
8314
9107
7820
8306
7278
8117
7938
7709
7548
8194
8996
8210
8057
8904
7713
8005
9002
7840
7979
7672
7921
8353
8901
7782
7909
8558
8093
8097
7102
7729
8284
9006
7598
8013
17591
7248
8184
8504
7983
8022
7558
8076
7220
7853
8033
7596
7651
8131
8061
7559
8334
8134
7550
8108
7764
7722
7820
8321
7351
7840
8420
7302
8118
7987
7954
7999
8430
7891
8015
8089
7102
8195
8174
9080
7113
7546
7532
8351
8223
8871
8034
8256
8484
7731
8119
8855
7875
7987
7456
8043
8461
8723
7912
8246
8609
8007
8334
7456
7964
7027
7569
6987
8282
9011
8115
8208
8875
7831
8186
8897
8935
7112
8983
7922
8123
7333
7849
8229
7292
8113
8294
7516
8103
8082
7820
7953
8229
7570
7976
6855
10244
8389
7920
8814
7749
8073
7784
8010
8572
7818
8419
8041
8579
8000
8055
7626
7848
8222
7512
8353
7684
8707
7703
8053
8967
7997
7935
7865
8415
8245
9221
7697
8137
9104
7752
8344
9060
7956
8414
7619
11862
6970
8170
9318
8118
8013
9682
8128
8311
8803
7687
7847
8625
7914
7853
7593
8436
8450
7533
7990
8531
8812
7991
8125
9174
7941
7971
7557
7974
7914
7441
8033
8167
9038
7574
8216
7867
7892
7997
8815
8283
8181
7618
6871
8135
7610
8050
8446
7668
7649
8223
10665
8101
8007
7379
7590
8425
9088
7603
8529
18514
8273
7292
7256
7753
7949
7656
7945
8136
7718
8038
6919
8241
7849
7978
7538
7871
8165
8597
7616
8235
7570
8153
8338
7512
7632
8187
7402
8002
8514
7692
7616
7774
7526
8223
8181
6979
8195
8185
7564
8511
8182
7794
7999
8254
8787
7872
8209
9081
7934
7366
8488
8015
7976
7500
8121
8433
8758
7088
7743
7579
8495
8178
8979
7870
8259
8997
8156
7523
7551
8150
7836
9041
7753
8107
9176
8028
7199
7554
8144
7905
7730
8031
8005
8830
7956
8219
7530
8614
7793
8756
8446
8215
7675
7987
8246
10105
8280
8149
7651
8325
8184
7697
7820
8215
7438
8123
8173
8800
7751
8192
8969
7558
8046
7824
8416
8278
7790
8038
7912
7559
7835
8184
7973
7821
7780
8827
8249
8345
9111
7948
8024
9017
8168
8715
7519
8076
7935
7661
7982
8516
8933
7959
7901
9107
8091
8201
8974
7950
8205
7558
8036
7589
7402
8113
8399
7548
8011
8345
8966
7976
8496
8521
8575
7874
7511
8003
8174
9160
8118
8195
7810
8245
8196
7399
8336
7870
7431
7746
8310
7389
8564
8233
7586
7689
8001
7495
8445
8096
8917
8509
8302
8672
7976
7703
9166
7855
8230
7352
7656
8417
8887
8227
7794
8237
7784
7943
8956
7814
7435
9053
7981
8102
8657
8244
8030
7789
8316
7690
7560
7928
8410
7598
8230
8053
8976
7933
8036
8206
7953
8425
7455
8949
8000
8192
8718
7534
7332
8999
7490
8231
8689
8210
8086
7470
8144
8209
8795
8174
8068
7173
7984
8314
7795
6991
7215
8704
8251
8172
8775
7967
8173
7658
8110
8482
7630
8030
6918
9142
7917
7994
8821
8453
8153
8316
8502
8223
9015
8389
8271
7514
8328
8210
8545
7346
7126
7575
7756
8461
8216
7608
8112
8898
7363
8305
8176
8035
8389
8696
8098
8322
7439
7370
7897
9121
8010
8122
8584
7896
8347
8658
8446
7692
7553
8081
8026
8944
8641
7935
8802
8041
8385
7435
7948
8234
9049
7052
8387
9031
8428
7573
8577
8284
8074
7481
8266
8170
9010
8043
8107
8401
8144
8472
7444
7858
8295
8775
7835
8289
7069
7233
7093
8934
7940
8414
8871
7915
8154
7430
7254
8102
8942
7882
8189
8677
7870
8100
8987
7378
8094
9197
7669
8193
8781
8223
8153
7519
6769
8015
9127
8196
7013
8696
8182
8255
7598
8381
8687
8960
8065
8191
7489
7260
7789
10225
7048
7982
7434
8096
8036
9025
8034
7982
9051
8252
6919
8721
7819
8331
7890
7904
8220
7661
8090
8172
7522
7880
8109
7366
7828
8225
9103
8041
8124
8453
8044
8234
7290
8250
8051
7615
7911
8302
8859
7312
8303
8998
7906
8368
7343
8145
8261
7447
6884
8301
9220
8194
7979
7293
7897
8087
8732
7713
6971
9384
8387
8146
8635
8128
8108
8637
8214
7240
7692
8170
8209
8610
8216
8317
8945
7860
7577
8654
7892
7872
7332
8242
8271
8683
8322
8302
8009
8174
7969
8807
8035
8286
8810
8044
8208
8634
8603
8035
7292
8056
8154
7632
7880
8367
7441
7569
8063
7583
6985
7984
8837
8277
6855
10702
7407
8056
8896
7895
8214
7569
8312
7998
7269
7484
7994
9056
7936
8077
8865
8194
7961
7907
6980
7812
8096
8832
8311
6980
8889
8283
8082
7192
8435
8439
8897
8111
8500
8922
8022
8212
8733
8497
8316
7382
8359
7872
8858
7979
8397
8988
7862
7611
7421
7879
8061
8887
8030
8185
8563
8241
8460
7613
8171
7943
10584
8357
8144
7393
8301
7917
7458
7961
8030
7740
7937
8208
7476
8048
6813
8250
8192
8032
8843
7937
8476
9017
7750
7892
8770
8199
7736
9060
7467
8256
9080
7933
8184
7327
7384
8232
7892
7738
8274
9206
7794
8334
7487
8474
8278
7406
8090
8377
7753
7840
8026
7455
8512
8504
8719
8100
7876
7512
8009
7996
17370
7612
7282
7593
8026
8139
7457
7984
6953
7812
7837
7442
7111
7819
8356
7413
8020
8131
7430
8317
7732
8074
8051
8121
8876
7928
8257
9074
7782
7936
8765
8016
8251
7652
8365
8276
7225
7983
8254
7495
8220
8332
7394
8151
7832
8809
8047
8174
7977
7401
8297
9036
7880
8037
8928
8328
7926
7671
8466
8394
7472
7894
8085
7574
8107
8097
8998
7833
8344
8851
8112
8425
7800
8448
8095
8863
8205
7668
7671
7915
8395
7628
8215
8364
7736
8041
8720
8902
8062
8336
8282
8016
7964
7622
7746
7173
8571
8344
7983
8939
7984
8259
8749
8063
8418
8153
7125
8266
7605
8185
8033
7453
7735
8018
8397
8261
8221
7743
8106
8155
7611
7935
8246
7631
7646
8198
8964
7912
8297
7458
7977
8007
8907
8433
8338
7621
6958
8356
9111
7922
8104
8525
7425
8070
8969
7906
7786
9005
7690
8370
9036
8024
8624
7573
7789
8056
8692
8200
7890
7570
8413
7269
8697
8071
8172
8882
7909
8369
9050
7902
7519
7871
8132
8411
7194
8233
8488
9056
8155
8350
7286
7638
7833
9016
7972
7844
9028
7559
8241
8426
7647
7973
8179
8855
8020
7794
8831
8380
7221
8587
8379
7983
8881
8051
7977
7415
7779
8322
8612
7983
8184
9117
8017
7143
8892
8364
7816
9128
7761
8138
8637
7912
7851
8804
7931
8256
7249
8333
8097
7506
7953
8292
7930
8123
8094
7466
8656
7960
7415
7789
7794
8837
8020
8071
8817
7946
8296
7563
8131
8117
8938
8045
8035
8800
7682
7510
8869
7920
8094
7092
8349
8171
7395
8382
7317
8852
8090
8221
8748
7884
8215
9056
8143
7579
7988
7415
8193
9117
7757
8179
7208
7936
8076
7953
8223
7796
8893
8200
8056
7871
7871
8298
7350
7934
8035
9005
8142
7971
7116
7901
8196
7953
8507
8271
7644
8230
8364
9114
8048
8035
7185
7392
8231
7593
8019
8355
7592
7983
7995
8964
7161
7944
9259
7675
8338
8777
8049
8293
8708
8453
7549
9093
8032
8219
8929
7778
8104
7579
8252
8452
9198
7869
8364
7393
7741
8116
7444
7953
6980
7904
8248
8330
7454
7028
8525
9194
8112
8322
8411
8158
7209
9034
8274
8404
8998
8169
8210
8011
7015
8192
7446
8220
8006
8779
8019
8465
8753
7842
7810
7709
8076
8087
9133
8167
8110
7512
8766
8160
7241
8359
7810
7528
7281
8247
8841
7401
7362
10262
7879
8117
9076
8232
8112
8744
7851
8496
7817
7750
8149
9053
7841
8158
7571
8013
7101
8605
8117
8276
9010
7831
8055
8990
7760
8087
8428
7958
8041
7476
8015
7733
8990
8081
8134
8270
7919
7892
9239
7964
7810
7281
7790
8174
7370
7829
8122
8911
8131
8144
8997
7726
8507
8950
7895
8118
7636
8029
6949
9041
8184
8077
8799
7422
7943
8774
8213
8133
8960
7793
8235
7470
9015
7393
8902
8219
8083
8948
7896
8161
8685
8198
8676
7509
8979
7619
8162
8632
7887
7994
8102
8494
8241
9009
8035
8035
7777
7829
8216
8686
7692
8669
7768
7665
8174
7548
7986
8075
8459
8388
7379
9044
8203
8020
8794
8111
8176
7528
7831
7663
7704
7923
8441
8804
7702
8331
8966
7896
7150
8730
8301
8109
8643
7973
7797
8835
7709
8435
8432
7946
8248
9037
7789
7651
8947
7887
7905
8287
8288
8371
9005
7808
8607
7235
8256
8426
7248
7015
8201
7271
8124
8281
8942
8046
7932
8809
7577
8498
9164
8081
8016
7401
8338
8071
8822
7439
7792
7446
7851
8157
9243
7905
8358
8676
8137
7673
7502
7827
8209
7618
8152
8089
18297
8565
6958
8179
7888
8408
7300
8080
7833
7507
7757
7905
8437
7851
7970
7138
8244
8025
7445
7995
8237
8184
7983
8111
7241
8231
7184
7791
8050
8193
7272
7801
8135
7835
8212
8343
7411
7686
8027
7415
8355
8138
8904
7983
8342
7398
7894
7817
9190
7231
7161
9066
8117
8416
8699
8054
8527
7780
7114
7587
8960
7950
7972
8865
8317
8302
7460
8338
8121
7752
8064
8074
8804
7637
8384
7638
7660
7153
8115
7918
8334
9104
7950
8229
8965
8020
7983
8631
7871
8186
7882
8323
7899
7394
8028
6948
12709
8353
8394
7208
8064
8135
7380
7984
8003
8200
7007
8074
8905
8219
8009
7540
8272
8293
7498
7251
8343
7575
8186
8128
8820
8206
7120
8859
7427
8159
9145
8210
7834
9119
7853
8169
8874
8042
8528
7618
7761
8309
8946
7970
8314
7558
8236
7221
7666
7950
8133
7557
8169
8309
7739
8198
7784
10201
8390
8170
9023
8098
8194
7532
8041
8293
7282
7959
7848
8904
7923
7829
9178
7687
8140
8065
7821
8157
8842
7671
8083
8733
7927
8036
8647
6968
8174
9125
7370
8902
8111
9080
7783
7363
9192
8281
8323
9096
8076
8334
9037
7330
7970
7416
8077
7933
7330
7983
7865
7935
8043
7979
8057
7683
8081
8822
7986
8292
8823
8001
8051
7808
7804
8144
7519
7750
8121
7051
7930
8240
7551
16251
8233
8676
7777
7995
7362
7688
7903
7192
7045
7369
7841
7731
8296
7843
7733
8574
7508
7950
8681
7530
8080
8079
7498
8035
8043
7497
7715
7469
8259
7984
8110
7288
8103
7962
7328
7686
8386
8754
8016
8367
7405
8169
8004
7429
8077
8107
7220
7984
8016
7364
7789
8200
7594
8071
8582
7579
7771
7861
7484
8116
7861
7737
8148
8521
7573
7852
8140
7214
7891
7779
7143
8276
7987
7584
6838
7553
8890
7858
8494
7391
8077
8123
7457
8434
8019
7498
8600
7903
9016
7917
8026
7518
8120
8619
7258
8341
7855
9062
8013
8135
8917
7887
6759
9249
8092
8377
8928
8112
7989
9068
8053
8332
7675
8070
8186
7570
7971
8197
7994
8152
8020
8394
7415
8291
9068
7898
7989
7399
8365
7889
7558
7244
8352
7541
8218
8435
8883
8020
7693
9047
7774
8519
7626
8235
8194
7554
8240
8194
8589
7042
7863
9369
8189
8538
8200
7909
8180
8971
8353
8013
8997
7657
8080
8923
7794
6956
8669
8553
7552
7955
8040
8314
7577
8187
8059
8914
8029
7128
8419
8176
8169
8830
8076
8039
7379
8224
8340
7451
8033
8003
8853
8055
6877
8717
8324
8254
10647
7631
7935
7340
7920
8118
8915
8013
7912
7464
8333
8378
7710
7614
8336
7395
8345
7764
7499
18205
7246
7230
8053
8148
7609
7999
8476
7472
7267
8495
8081
7776
7797
7482
8010
8170
7052
7915
8618
7758
7858
8086
8550
7882
8133
7338
8232
7820
8017
8131
8498
7520
8374
8174
8255
8672
7457
6978
9024
8173
8028
8534
8212
7994
8879
8212
6934
7578
8124
7941
9035
8151
8050
8668
8323
7817
7974
8117
8158
8592
7743
7999
7497
8115
7509
8278
7954
8151
9090
8195
7733
8861
7639
8196
7574
8000
7943
8903
8116
8091
7732
7684
8125
8467
7581
8187
8651
8078
8114
8959
7877
8440
7276
7615
8124
7430
8101
7810
8712
8051
8056
9231
8561
7964
9133
7774
8032
8993
7974
7890
7377
6792
7291
8885
7843
8113
9243
7933
8179
8940
8207
8464
8816
7982
7983
7410
8478
8343
9050
7779
8232
9059
8002
7862
8780
8334
8124
7630
8110
7513
8039
7611
6942
8964
7892
8384
8741
8043
8193
8044
7763
8240
8840
7817
8308
7397
7635
7056
8188
7030
8075
8858
8452
8114
8933
7796
7991
9023
7697
8135
8590
8191
8001
7519
7777
6979
8323
7933
8384
8630
8287
8035
8746
8120
8078
19027
7221
8033
7638
8357
7200
7682
7953
7982
7476
7585
8635
8190
8366
8512
7710
8136
7086
7157
6830
7022
8074
8496
8394
8201
8348
8588
7531
8036
8375
7612
8394
7896
7133
7820
8135
8878
8456
8035
8152
7963
8374
7618
8099
8259
7666
7795
8284
7459
7292
8071
7404
8169
8297
7504
8107
8023
8960
8103
8083
7703
8174
8193
9072
7813
8002
7909
6979
7079
9092
7921
8235
8825
8004
7964
8753
8140
8092
8884
7953
7463
7950
7865
8162
8899
7865
7398
7420
7968
8038
7592
7980
8314
8836
7938
6879
7762
7813
8292
8804
7975
8548
8973
8138
8152
9046
7904
8343
7511
7992
8121
8959
7824
8106
7526
8266
7949
7555
7604
8243
7398
7955
8316
8600
8351
7876
8893
8102
8200
7459
6992
8366
9055
7437
8142
8593
7919
8199
8608
7969
8267
7548
8160
8284
7759
7391
7810
8032
7012
8028
8333
7484
7380
8257
8625
8034
8018
7320
7902
8411
8717
8460
7943
7643
7887
7109
8875
7619
8021
8869
8127
8226
7452
8137
7958
8860
7923
8276
8904
6763
7909
7328
8082
8179
9164
7871
7841
8582
7759
8421
8948
7954
8353
7426
7977
8287
7574
8222
7998
8564
8344
8143
9007
7914
7724
8912
7892
8184
8170
8101
8203
8992
8169
8054
9025
7746
8157
9065
7760
8039
7753
7803
8281
7823
7958
8033
7062
8165
8081
8186
7989
7815
8779
7917
7730
7550
7968
8254
8637
8051
8190
8841
8158
8293
7538
8028
8073
7852
7935
8133
8918
7744
8161
8454
17856
8238
7610
8178
8039
7573
8049
8594
7732
8428
8452
7565
7754
8083
7153
7851
7173
7246
7851
7914
7558
8056
7981
7400
8116
8197
7400
8095
8382
7731
7808
7975
7510
7813
8493
7344
7923
8078
7670
8326
8299
7417
8013
8246
7364
7873
8200
7705
7897
7828
7306
6854
8401
7743
8111
8361
7571
7456
8356
7349
8023
8231
7631
8066
8153
7194
7455
8414
7697
8323
8114
7520
7740
8019
7423
8221
7155
8853
8026
8142
7374
7630
8071
9080
7759
8266
7641
7873
7946
9071
7905
8120
7558
7953
6717
8677
7896
8192
7792
7980
8292
7595
8392
8036
9061
8321
8023
7521
8092
8117
7582
8234
8113
7849
8625
8022
8835
8194
8276
8784
8001
8333
7728
7691
8144
7475
8092
8140
8839
8047
7801
7548
8297
8182
7548
8422
6997
10126
8131
8266
7416
7360
8025
9068
7968
8209
8888
8087
8171
8806
8522
7558
7498
7972
8334
7505
8089
8297
8841
7933
7196
8302
7902
8346
8992
7972
8463
7775
8350
8459
7594
8081
8210
8974
8118
8279
8647
8251
8005
8271
7668
8010
7888
7158
7642
8096
8939
7702
7604
7749
7932
7870
7637
8297
8134
8762
7830
7426
8940
8493
8263
8835
8238
7947
7579
7828
8215
8875
7952
8372
8882
7970
8048
8753
8057
7989
7470
8330
8246
9197
8027
7008
9076
7925
7964
8197
7074
8317
7602
7610
8157
7969
8105
8179
9028
8075
8093
8832
8248
8297
7295
8004
7962
8565
7660
8250
8948
8071
8192
7476
7861
8377
8881
7961
8328
7048
8236
7823
7415
8172
8333
8539
8443
7730
8944
7711
8245
8611
7923
8276
8977
7871
7659
8212
8021
8088
7509
8079
8353
8889
8136
8225
7572
8063
7770
8948
8225
7733
8748
7956
8161
8395
8410
8271
7632
8165
8307
7637
7642
8063
8902
7980
8194
7603
7794
8241
8760
8012
7800
7902
7334
7997
8983
8127
8033
7571
8059
8082
7510
7512
7632
8946
8054
8167
9019
7992
8136
7726
8044
7123
9038
8005
8409
8951
7817
7712
16933
8527
7128
8071
7899
8060
7852
8145
8259
7515
7921
7440
8361
7937
8021
7234
7877
8084
7317
8216
8592
7950
8008
8282
7611
7928
8332
7061
8293
7574
6993
7750
8297
7283
7914
8271
7159
7775
7998
8863
8179
8119
7507
8406
8128
7574
7844
8189
8755
6956
7169
8637
8166
8197
8903
6972
8303
8882
6882
8500
8723
8419
8312
7502
8118
8465
8839
7995
7232
8940
7970
8138
7588
8158
8046
7574
7975
7235
9440
8420
7982
8910
8156
8052
7529
7931
7982
8783
8223
8210
7651
7917
8219
8621
7816
8041
10124
8083
8298
7377
8417
8101
7246
8536
8140
7805
8491
8145
7624
7916
8222
7583
8067
7876
7710
7835
8352
8858
8112
6931
8982
8084
8153
8827
7174
7823
19764
8200
8122
8954
17475
6950
7412
8075
8592
7238
8375
7984
7469
7887
8304
7517
7622
7543
7310
8130
8325
7196
7965
8077
7410
8619
8313
7652
8001
8035
8909
7848
8235
7384
7995
8061
9149
7814
8304
7537
8112
7996
8720
7717
7333
8775
7813
8031
8945
7964
8191
8994
7884
8179
8457
8010
8148
8281
8298
7084
8530
7958
8129
7040
7714
7998
8001
7855
8256
7446
7738
7873
8937
7994
8133
8682
7440
7807
7332
8264
7982
9387
7789
7889
7414
8321
7951
8916
8323
6920
12476
7457
7488
7502
8232
8387
8873
8265
8232
7512
8344
7622
9089
7991
8220
8487
8043
7716
7356
7789
6857
7933
7832
8026
9029
7912
6902
8969
7902
8477
7963
8153
8312
8545
7959
8071
8609
8082
8273
7673
8134
7970
9148
7974
8084
8334
8007
8205
7882
8404
8158
7287
8103
8063
8881
8304
8438
7291
6946
8182
8684
6979
8098
9189
8027
8219
9213
6924
7280
9053
8022
8317
7464
8191
8353
8859
8053
7745
7458
7853
8167
9161
8103
7979
10500
8012
7728
7578
8288
8225
7751
7869
7769
7375
8246
7569
9881
7750
8134
9088
8143
8155
7668
8143
8086
7712
8174
8098
7635
8126
8272
9042
8034
8415
7876
7245
8473
8956
7851
7613
7545
7982
7971
8312
7815
7985
7638
8416
8301
8571
7935
8451
9030
8532
8281
8931
8035
8174
9192
7988
8102
7601
7953
7291
9042
8120
8056
8960
8090
8363
7579
8109
8521
7437
7948
8222
9008
7905
8393
7757
8034
8124
7718
7945
8239
7174
7789
8025
7481
7693
7676
8010
8323
8010
8854
7816
8076
8942
8162
8261
8730
8148
7574
8873
8032
8228
7171
7964
8175
8312
7811
7147
7610
8155
8232
8840
8108
8153
6984
7441
8071
9170
7750
8234
9084
7732
8105
8818
8002
7106
8889
7831
8107
8821
8038
8059
7997
7587
8082
8184
8156
7283
8052
8577
7892
8241
8082
7379
8162
8030
7344
7863
8161
7395
7841
8076
8582
8114
7947
7268
8148
8117
7560
7994
7928
7886
6834
8007
7550
8131
8201
8749
8082
8048
7539
8268
7951
8256
7558
8394
7490
7985
8077
8692
7708
8430
8774
8038
8381
9002
7923
8330
7652
8011
6974
9197
8172
8113
8916
8115
8035
7502
8279
8066
7710
8253
8589
7605
8238
8040
7439
8364
7569
9002
7892
8161
8952
7969
7482
7593
7768
8445
7892
7959
8174
8831
7994
8235
8761
8032
7992
7694
7153
8220
7569
7983
8229
8868
8022
7097
7501
7571
8003
8600
8262
8172
8751
8300
8218
8978
8769
8000
7361
7798
8273
9175
8031
8145
8741
6898
7852
9221
8248
8130
7632
7476
8337
8868
8188
8291
7793
6988
8101
9000
8331
8244
8979
7845
7512
7875
8168
8262
9014
8212
7982
7674
8173
7167
8756
7984
8237
8927
7820
8212
8866
8056
8215
8171
8302
8224
8921
7882
8379
8112
8362
8413
7325
7217
8284
7638
8174
8296
7410
8302
8313
9067
8143
8069
7599
8173
8045
7424
7895
8063
7592
8271
8214
9019
7769
8246
7589
7842
8133
7593
7928
7788
7531
8246
8475
8975
7995
8430
7641
8131
8351
7328
8158
8072
8804
7835
8415
8447
8134
7992
8239
7758
8527
9051
7694
7924
8958
7684
8176
7701
8107
8423
9054
8236
8143
8857
8164
7873
7993
7938
8165
7734
8007
8001
7637
8446
8408
7574
8539
8138
8880
7705
7960
7250
7777
8145
9125
7950
8075
8807
7821
8062
7413
8148
8487
7427
6890
8246
8994
7010
8235
8974
8271
8155
9066
7861
8591
8876
7878
8210
7605
8100
8090
8704
8018
7297
9185
7871
8097
9050
7920
7764
7536
8049
8875
8156
7472
8312
8448
7400
8239
8317
7357
7217
7210
7446
7982
7997
7571
7883
8356
7419
8143
7415
7579
8051
8232
7569
7875
7865
7345
8019
7622
7370
8171
8276
7671
8301
8322
7379
7921
7743
7743
8292
8331
9035
8046
8139
7420
8554
7976
8603
7918
7840
7866
7730
8244
7699
7812
8208
7818
7066
8147
7468
8262
7996
9130
7912
8050
9015
8189
7164
7589
8234
8205
8817
7993
8156
7516
7419
8117
8870
8052
7841
7700
8088
8196
8624
7113
7515
8821
8065
8030
8957
7907
8138
8989
8367
8588
9102
7532
8277
7417
7167
7696
9841
8213
7096
8864
8128
7917
8785
7869
8235
9248
7757
8072
8158
7834
8327
7574
8130
7985
9040
8292
7682
9086
7994
8333
7356
8154
8285
7517
7901
7723
7615
7477
8300
8861
7929
8203
8942
8111
8198
8775
8119
7933
7641
8334
8332
7712
7804
8206
9016
7210
7076
7536
8093
8101
8540
7913
7989
8760
7556
7516
10702
7004
7080
8820
7988
8221
8873
6953
7287
9167
8177
8325
9037
8248
8174
7489
8081
7569
8846
8276
8147
7499
8142
8383
7917
8230
8164
8010
8020
8388
8989
8077
8008
7541
7578
8200
12739
7214
8184
7571
7912
7990
7308
8220
7925
8585
8001
8500
7793
8190
8223
7592
7711
7952
8558
7601
8394
8617
7979
8302
7579
8112
8150
7613
7782
8179
9003
8063
7950
9151
7954
8379
8906
7938
8275
7630
7942
8275
7399
7818
8164
8858
8175
8383
7663
7951
8178
9041
7781
8338
7526
8170
7441
9025
8079
7020
9102
7738
6954
8923
8169
8203
9011
7956
8034
7634
7872
8215
8969
7704
7933
7472
7652
7974
8928
7990
8155
9025
7993
8252
7067
7702
8240
7333
8499
8158
8922
7986
8443
9008
7623
8179
8608
7479
8129
8253
7827
7980
8050
7393
8153
7821
7407
8038
8143
7702
8032
8335
7943
7635
8112
7657
7962
8209
7134
8058
8168
7573
7861
8358
7375
8222
8443
7457
8174
8346
7610
8269
8348
7322
8361
8280
7482
7788
7952
7154
6917
8579
8730
8241
7857
8889
8093
7982
8912
8339
7535
7464
8256
8164
7400
8156
8337
8940
8395
7594
8131
7946
7806
7632
8001
8366
8692
8138
8256
8165
8051
8273
9014
7967
8188
7666
8223
8050
8537
7977
8046
7650
7780
8379
8799
7697
8076
7953
8584
8238
7688
7979
7800
8908
8195
8246
9010
7387
8211
8027
7851
7814
7538
8339
7871
7594
7616
8554
9068
8046
8151
8940
8317
8022
7418
7975
7405
7430
8213
8110
9061
7878
7175
8942
8169
7317
8825
8120
8435
8717
7923
8474
9102
7745
7030
7825
8135
8305
8618
7781
7142
8637
7740
7943
8166
7969
8485
7528
8229
8249
9043
8014
8306
8533
8540
8456
7230
8149
8072
8823
7884
8421
7671
7075
7218
8918
8497
7107
9307
8082
8523
9140
8160
6945
7774
7376
7009
9265
8577
6951
9058
7696
7794
9052
7053
8353
8990
8520
7511
9280
6989
8020
8122
6972
8462
9504
7852
8565
15584
7138
7178
8409
8234
8479
8076
8297
8197
7804
8229
7666
7576
8412
8549
7539
8156
8304
7794
8475
7346
8394
8276
8438
7648
6986
8666
7654
8250
8501
7694
7026
8528
7917
7167
8466
7095
7004
8333
8123
8009
8530
7919
7154
7092
8850
8501
6923
9425
7509
8119
7983
7498
7052
10781
7158
8357
9295
7271
8335
8225
7553
8098
8147
7712
8199
10020
7970
7411
9007
7439
7861
8523
7476
7778
8390
7743
8046
8536
7580
7737
8984
7846
8212
8605
7677
8163
8335
7150
8394
8230
8066
7256
7953
8497
7317
8758
8517
7810
8099
8545
7529
7593
8317
7603
8091
7996
8267
8629
7826
7299
8138
7712
8271
8174
8500
7015
8589
7816
8255
7769
8012
8336
8338
7774
8312
8252
7830
8164
8422
7415
8271
8240
8128
7009
8354
7476
7891
8378
7709
8084
8015
8143
7317
8070
7471
7958
7885
7553
7931
7933
8964
8821
8214
8650
7851
8167
7733
8044
8217
8829
7483
7158
9042
8480
8153
7411
8142
8241
9078
8079
8389
7432
7917
8020
7338
8021
8258
8623
8400
7176
7943
8208
8114
8989
7810
8033
8685
8076
6945
8032
8323
8313
7512
8031
8074
8727
7994
7976
9214
8049
8113
7730
8246
8558
7628
8079
8182
8377
7923
8192
7421
8379
8134
7546
8131
8060
8945
8288
8180
8889
8080
7896
9039
7958
8233
7611
8137
8415
7676
7605
7892
9146
8184
8080
8826
6821
7967
8856
7980
8185
7792
8199
8363
7569
7821
8507
9038
8109
8157
8729
8235
7263
7634
7785
7435
8885
7962
8456
7690
8118
8119
9010
8120
8100
8683
8279
7795
7507
7984
8343
8957
8184
8421
8924
8011
6910
9001
8109
8115
8912
8183
8292
8061
7178
8206
7324
7984
8110
8968
7860
7935
7614
8491
8148
7590
7866
8231
9048
8115
8078
7317
7600
8015
9111
8047
8194
7546
8541
8521
8997
7912
8154
7635
8218
8039
7523
8176
8131
8455
7774
8323
7653
8522
7863
7554
8158
8095
7408
8179
7247
8951
8084
8017
7537
8254
8415
8839
7669
8179
8415
7824
7950
7616
8141
8215
7589
8268
7847
8476
7813
7883
9052
7859
8379
9056
8158
8046
8520
7484
8411
7435
7805
8373
9035
8097
8035
7472
8648
8231
7269
7911
8335
9003
7770
7862
7408
7518
7865
8686
8330
8395
9198
7696
8147
7725
6998
8177
8253
7487
8033
8197
7893
8117
7984
7346
8346
8306
7635
7901
8014
7200
8143
8193
8102
7131
8141
7632
7830
7870
7488
7963
8111
7555
7139
7820
7799
8143
7993
8759
8005
8174
7519
8286
8671
7503
7982
7958
7652
7941
8340
7543
8481
8037
8180
8456
8433
9061
7994
8340
7702
7791
7939
8205
8254
8034
8758
7854
8433
7721
7792
8093
8945
7996
8208
8850
8091
8094
8736
8021
7953
7628
7758
8195
9057
7900
8135
7431
8401
7969
7666
7754
8418
8815
8116
8174
7439
8138
8060
9037
7869
7671
8661
8030
8505
7376
8264
8149
8843
7805
7924
9116
8132
8368
7302
7859
8119
8887
8420
8548
7420
8159
8465
8679
7758
8260
7369
8035
7882
8141
8043
8352
8618
7933
8086
7386
8000
8000
8450
8004
8202
8290
7991
8091
7358
7999
8010
7824
7126
8172
8877
7802
8225
7851
8242
8157
7887
7955
8073
8847
8003
8121
8656
8217
7955
9744
7927
8010
7115
7916
7812
8844
8344
8243
7569
7702
8246
7742
8210
8068
8833
8056
8547
7638
7164
7864
8698
7879
7851
8737
8103
8362
8619
8066
7964
9174
7811
8150
9171
7829
8327
9102
8153
7933
8067
8094
8482
7480
7912
8124
8786
8359
8245
9041
7991
6989
7692
8116
8181
7351
7900
8292
7993
8403
8546
7419
8016
8020
8856
7970
8346
7508
8247
8114
7384
8056
8005
8967
7954
8353
8812
8315
8413
7595
8013
8340
8574
6871
8570
11786
7830
7550
7282
8189
8158
7293
7980
8112
7441
7758
8569
7533
7791
8131
8893
7943
8204
8991
7733
7081
8456
7972
8206
8917
8087
8297
9037
8000
7671
7907
8241
8060
7892
7908
7712
7437
7938
7873
9010
7994
8220
9020
7879
7656
7605
8128
8010
8565
7342
8076
8032
7593
8274
7982
7620
7879
7553
8460
8208
8121
7480
8183
8532
7521
8074
7975
8024
8205
7793
7350
7895
7987
7871
7972
7923
7694
8179
8466
7368
8049
7955
7061
7735
7969
8035
7010
8157
7418
8014
8076
7748
7717
7942
8848
8636
8131
7445
8008
7938
6851
8609
7895
8743
7878
7538
8738
8073
8200
8663
7976
7843
7642
8303
8335
7887
8023
8052
7377
8215
8308
7481
8092
8244
9022
7918
8295
7517
7858
8072
7493
7950
6987
10384
8375
8061
8815
8375
8451
7644
8482
8127
9033
8550
8237
7463
8377
7970
9079
8422
8034
7336
7167
8171
9000
8013
8215
9000
8395
7029
8667
7552
8631
7184
8404
8197
8639
8067
8558
6819
8253
7850
7194
8275
7979
9011
8314
8024
8572
6756
7563
8702
8287
7994
8780
6999
8036
7831
8154
7574
8817
7123
8117
8389
7911
7952
10446
7069
7143
7820
8149
8092
7972
7981
8143
8717
6923
8035
7497
7228
8389
9115
8247
8398
7634
8015
6978
9446
8241
8107
7505
8133
8042
9263
8021
8134
8505
8169
8260
7562
8059
8204
7646
8114
8056
7692
7998
8123
9060
7803
8157
8527
8151
7791
7731
7630
7736
8995
8181
8215
8837
8076
8197
8535
6924
8194
9029
7973
8029
8642
8038
8166
7451
7912
8602
7791
7923
8416
8825
7933
8048
8876
8252
7162
9011
7953
8189
8782
8139
8390
7536
7749
8376
8143
7678
8374
9094
7994
7960
7410
8185
8271
10301
7937
8419
7377
8263
8099
8650
8116
7813
6918
8402
7908
7299
8056
8245
9056
7972
7856
7752
8646
8035
7394
8136
8073
7419
8359
8125
9091
7648
8158
7307
8015
8421
7774
8230
8120
8875
8012
8621
7054
8234
8093
7396
7973
8158
9333
8132
8619
7481
8381
7910
8429
7308
7811
8296
7192
8798
8471
7589
8113
8114
7177
7954
8050
7573
7032
8230
7388
8308
8121
7548
7852
8235
7348
7876
8152
7580
7697
8143
7131
7692
8318
7015
8032
7457
8484
8164
8398
8835
8171
8058
7417
7948
7746
9128
7980
8177
8894
7801
8049
9045
7930
8083
9162
8073
8047
8980
8131
8076
7369
7810
8242
7003
8108
8276
7767
7822
8442
8617
8106
8016
9123
7795
8063
7449
7985
8193
7340
8264
7872
7530
8759
8439
7372
7935
8491
8875
8095
8133
8879
7386
7189
7769
7911
8010
8703
7932
8001
7494
8176
8476
7559
8172
8415
8754
7532
8071
8538
7964
6680
8838
7818
8475
8605
8134
7953
8727
8215
7835
7805
7912
8025
8673
7992
7990
7635
8348
7790
8648
8254
8229
8860
7982
8013
8884
8494
8164
8376
8460
8254
7169
8194
8157
8814
7933
8300
7258
7820
8384
8839
7851
7942
8867
7918
8439
7456
7164
8378
8922
8206
8352
8938
7733
8411
8676
8379
7249
7682
8222
8499
7444
8496
7917
8755
8032
7574
7810
8357
8124
7566
7990
8235
9083
7717
7082
8128
8085
7993
7531
7696
8147
8483
8183
8303
9438
8117
8136
8825
7912
7731
7671
8261
8192
7831
7153
7852
9027
8164
8112
8771
7827
8294
8826
7736
8256
8953
7869
8061
7355
8093
8265
9014
7294
8538
7464
8194
8001
9075
8004
8333
7815
6868
8537
7826
8475
8420
9038
8038
7964
7407
8040
7231
9096
7931
8292
9096
7866
8193
13997
7944
7976
7818
7800
8015
7232
7897
8146
7397
7717
6645
7654
7912
8153
7526
8373
7273
8835
7890
8056
8088
8499
8392
7672
8005
8370
9045
8082
8133
7778
8098
8065
8616
8138
8246
7255
7982
8236
8981
8242
8166
7409
8105
9002
7836
7753
7789
8549
7209
8176
8552
7574
7944
8323
7496
8192
8256
7312
8051
8208
7315
7887
8540
7611
7793
8290
6851
8109
8483
7627
8297
8054
7175
8033
8557
7652
7870
8134
7412
7994
8479
7228
8292
8213
7229
7052
8213
7205
7804
7785
8846
8161
8061
7427
8314
7824
8876
8396
8183
8898
8058
8282
7027
8076
8525
7566
8088
7969
7558
8357
6933
8967
8307
6820
9577
7265
7927
8933
8005
8182
9056
8113
7895
8473
8255
7943
8538
8307
7802
7488
8127
7951
8059
7712
8036
7458
7682
8236
8912
8180
8049
8348
7667
7892
7935
7912
7920
9038
7873
7989
8629
8784
8276
7330
7894
7784
7562
8171
7889
8943
7377
7594
8697
8441
8167
7502
7953
8216
8621
8540
8255
7629
7966
8196
7469
8073
8487
8857
8254
7777
8086
8017
8112
7449
7945
7897
9210
7777
6949
9304
8158
8287
8556
8049
7733
9059
8036
8274
8838
7943
8294
7614
7993
7001
9020
7974
8006
7958
8078
8358
8882
7102
7654
7638
8378
6941
9129
6978
8237
8980
8184
8019
8897
8357
7880
8622
7265
8317
8865
8092
8272
7627
7830
8133
19438
7276
7559
7428
6962
8313
7395
7852
8117
7349
8184
7319
7513
7901
8234
7794
8168
8350
8493
7961
7271
7497
7993
8043
8712
8218
7898
7691
7788
8186
8799
8220
8167
7649
7976
8060
7240
7997
8453
7405
8065
7842
7399
7919
8000
8810
7994
8130
8079
8215
8410
7635
7969
8308
7528
7974
7989
8943
8216
7941
7593
7962
8070
7579
7902
8362
8865
7308
7777
9133
6948
8418
9135
7922
8234
9020
8215
8446
8985
8159
8267
9105
7919
8157
7330
7998
7424
8949
8232
8215
8910
8087
8289
8833
7959
6856
8834
8118
8318
7851
7803
8177
8851
7614
7569
8455
7353
8119
7960
7498
7859
7885
7341
7973
7366
7550
7770
8143
7317
8031
8073
7813
7879
7332
7527
7642
7995
7678
8292
7911
7590
8034
6789
7358
8257
8157
7674
7949
8265
7555
7860
8405
7647
8139
8257
9125
8143
7939
9052
7882
8128
8418
8113
8356
9035
8056
6901
9109
7898
8364
7678
8024
8304
7574
7923
8195
7839
8041
8198
8846
8917
8263
7118
8277
8214
7061
8023
8054
9389
7498
7892
8826
7579
6928
8881
8241
8272
8762
7876
8784
7358
8076
8204
7431
7794
7998
7415
8036
7925
8596
7861
8369
8913
7948
8144
8820
7974
8265
8835
7971
8225
7508
7953
8353
8895
8023
8148
7603
8278
8378
8172
7731
8493
7252
8361
8040
7808
7171
8224
7388
8284
7972
8796
8042
8241
9030
7033
8266
7514
8060
8193
8747
7831
8277
8851
6883
8412
8752
7948
8192
7543
8213
8469
8460
6772
8114
8769
8091
8142
9077
8392
8263
7589
8404
7393
9143
8090
8624
8793
7912
8226
8940
8018
8091
8094
8289
8087
7536
8035
8515
9156
8010
7960
8244
8113
8091
8851
8147
8054
7812
7796
8214
7077
7723
6929
9000
8108
8392
7380
7760
8039
8271
7980
8033
7412
8363
8174
8924
7974
8215
8614
7446
8375
8778
8131
8020
7512
8233
8205
8902
7342
7580
8515
8030
8110
8855
6930
8087
8810
8010
8273
7662
8108
8083
8778
8366
8107
9218
8008
8075
8957
8215
7846
7581
8139
8102
8699
7907
6921
7913
8135
8419
7714
7964
8150
9049
7933
7989
8316
8276
7704
8811
7931
8140
7473
7841
8215
8353
8278
8170
8894
7884
8230
7419
7841
8402
9003
8165
8230
7206
8130
8317
8507
8106
7873
7528
8499
8195
9044
7982
7114
8920
7997
8077
10792
7800
7958
8118
7287
8081
8333
8234
8246
7975
7417
8056
8074
7619
7820
8464
7713
7907
8287
7991
7870
8193
7386
7870
8014
7970
8139
7959
7171
7702
8119
7285
7614
7973
7475
7951
8400
7285
6917
7879
7578
8343
7892
7650
7880
8133
7435
8067
8491
7182
7953
7902
7341
7835
8205
7669
8103
6897
7484
7933
8600
7317
8041
7938
7472
8032
8318
7675
7954
8488
7513
7699
8107
7313
7821
7994
10656
8380
7825
7507
7912
8172
7329
8128
8261
6986
7500
8405
8728
8030
8216
7587
7998
8234
7416
7273
6994
9076
8192
8296
7512
8297
8361
7615
6872
8444
8786
8206
8212
9032
7861
8325
8923
8036
7347
8657
8104
8179
8907
8210
8397
8686
8323
8317
7650
7838
8073
8872
7948
8235
9161
8054
7302
8574
8268
8323
7682
8219
8004
7840
8088
7109
8155
7778
8075
7359
8055
8357
7733
7912
8155
6810
7946
7871
19872
7106
8569
7492
7934
7913
7535
8058
7307
7624
7870
8243
7693
7792
8263
7501
7477
8471
7483
7921
7953
7499
7908
7833
7569
7882
8513
7389
7867
8392
7803
8000
8426
7612
8377
7446
8016
7794
8266
7494
8056
8356
8482
8380
7058
8799
7793
8196
7222
7800
8145
7572
8020
7870
8152
7965
8432
7515
7813
8112
7074
7934
8456
7620
7808
7080
7873
7864
8259
7421
8051
8015
7707
7646
8019
7949
8173
8037
7610
7987
7906
7592
8210
8120
7351
7911
7963
7413
8174
8313
7092
8159
7754
7292
8090
7951
7669
7820
7110
9251
6830
7620
9981
8240
7838
8811
7912
8272
9014
8055
7632
9028
7712
8287
8938
8144
8014
9024
8090
7851
8316
7962
8129
7634
8094
7998
8706
7997
7882
7726
8215
8487
7410
8020
7958
9222
7875
7993
9758
8113
8722
7980
7327
8294
7971
7454
7896
8564
7357
7920
8093
7189
7993
8210
7420
8142
7640
7386
7900
8168
7718
8090
8406
7537
7940
7962
7389
8312
8017
7790
7862
8153
7382
7764
8298
6958
8261
8192
7175
8244
8184
7791
8425
7961
7993
7711
7915
7384
8283
8170
8838
7865
7823
7598
8754
8462
7322
7934
7984
7725
7958
8113
7551
6963
8471
7683
7977
8112
9007
7969
8341
8851
8171
8090
7354
7962
8520
9014
7906
7974
8804
8177
6869
7500
7839
8379
9009
8101
7917
7590
8075
7553
8594
7929
8226
8820
7971
7926
7517
7797
7029
9492
8268
8134
9063
8011
7869
8958
8353
8025
8469
8210
8564
7441
7778
8220
8748
8073
7027
8860
8191
8071
8697
8287
8336
8823
7830
8226
7459
7974
8322
8962
8106
8418
7682
8261
8479
7004
7153
8121
7571
8190
8328
9200
7718
8128
7514
8467
8630
8078
8322
8242
7600
8119
8174
7510
7994
7702
9226
7767
8078
8424
8625
7553
7426
8184
7989
8778
8061
8377
7631
8331
8141
8927
8260
8062
7748
8382
7896
8711
8101
6915
8032
8170
7647
7454
7302
7733
10080
7552
8157
8475
7704
7853
8476
8657
8097
8255
7821
7762
8681
7786
7794
8403
6950
7670
10097
7569
7751
8346
7592
8082
10101
7620
8210
9043
7756
8093
8723
8076
7641
8778
7876
8784
8609
8184
8153
7441
7718
7913
8679
8032
7817
7521
7779
8613
8311
7976
7610
7779
7994
8240
7523
8384
7908
8456
8061
8137
7106
7511
7097
7470
7394
8233
8760
7964
8246
8660
8207
8496
7570
7820
8314
9044
8476
8151
8677
7672
8197
9205
7454
8211
8810
8392
7876
7399
8146
7809
8851
7806
7461
9146
7845
8304
7515
7865
8021
9117
8212
9057
7497
8076
7995
7751
7096
8017
8061
7468
6916
8446
6942
8248
7671
7620
7937
8384
8052
8657
8223
7652
8367
8253
7170
7929
8066
8856
7451
7688
7632
7984
8062
7837
8248
8307
7204
7876
8264
7415
8031
8117
7316
7912
7807
7594
8091
7076
7140
7768
8039
7455
8226
8113
7569
8020
8090
9095
7962
8192
9161
7983
8141
7584
7733
8064
8317
7899
8344
7373
8222
7976
8676
8115
8089
7955
8542
8416
7908
8155
8018
7638
8208
8077
9087
7891
8533
7553
8169
8133
7158
8057
7940
7594
7276
8317
8895
7991
8199
7359
8253
8012
9011
7984
7840
7471
7893
7942
8905
8037
8266
9035
8021
8179
9066
8250
8172
7689
7028
8337
8897
7513
7556
7476
7969
8155
9215
7917
8296
8914
7769
8262
7797
7776
8039
7590
8184
8058
7308
8216
8068
7462
7470
8220
9089
8051
8174
9086
7978
8279
7364
8142
8120
8870
7982
8042
9025
7996
8150
8676
8747
8201
7235
7974
8256
8569
8324
8401
9038
7015
7330
7574
8264
8196
7445
8112
8116
8788
7800
7403
9201
8271
6989
9263
8364
8467
7753
8094
9651
8159
7869
8218
8984
8145
8235
7704
7748
7265
9019
8131
8174
9041
8009
8071
8656
8133
8103
8657
7984
8213
7925
8250
8194
7538
8316
8198
8196
8107
8329
7246
8042
8001
7601
7983
8110
7900
8644
8010
7313
8115
8121
8906
7876
8164
7776
7932
8521
9041
7746
8304
7681
7635
8005
19179
7969
7476
7705
8020
8056
7394
8231
8071
7416
7988
8394
7661
7893
8211
7441
7832
8117
7417
7849
7764
8238
8035
7892
7435
8198
8019
7350
7859
8073
7430
8272
8464
7235
8172
8288
7574
8122
8405
7082
7796
7979
8927
7925
8061
7273
8052
8239
7349
7385
7938
8830
8110
8300
8936
8259
8050
7421
8339
7858
8381
7601
7940
8044
7609
7955
8352
7975
8158
7277
8412
8117
8322
7413
8060
8250
7674
8216
8178
7438
7979
8260
7439
8002
8102
7715
7129
8218
7277
8046
8339
8645
7859
8560
7169
16172
7466
7327
7825
8361
7401
8234
7836
7333
7243
8191
7671
8107
8499
7189
7916
8129
7087
8196
7952
7355
8116
8278
7399
7832
7816
7194
8316
7707
7581
7699
8215
7300
8255
7952
7646
7093
7002
7589
7875
8032
9071
8124
8131
7553
7982
8056
8933
7876
8204
8760
8149
8170
8778
8150
7892
7606
7801
8170
7890
8130
8353
8964
8138
8199
8956
8195
8210
7872
7817
8103
7598
7940
8102
8849
8374
8010
7254
8064
7905
8948
8022
8392
8957
7750
8303
7538
7832
8053
7430
8100
7934
9116
8104
7287
9056
7558
8083
8999
7805
8410
8700
8133
7222
8415
7805
8248
7579
8035
8030
8821
7819
8219
8371
8142
7938
7371
8339
7822
7397
7800
8023
8538
7637
7845
8603
7760
7877
8749
8220
7923
7353
7978
7844
8338
7636
7764
8674
8061
7738
8417
7310
7962
8348
7687
7923
8273
7633
7803
8451
7261
7490
9997
8371
7867
8912
8007
8324
8916
7871
7177
8352
7907
7677
8528
7753
7952
8374
7673
7812
8213
7901
8104
8482
7945
7397
9940
8250
7066
8538
7874
7215
10266
7846
7673
8547
7630
7610
8617
8129
8017
8205
7307
7386
10441
7538
7851
8039
7361
7981
8674
7609
8005
9865
7447
8015
7491
7852
7981
10082
7479
8158
8394
7502
8117
8246
7253
7773
9984
7699
7969
8478
7719
8138
8441
7189
7835
10030
8072
7675
8544
7861
7779
8323
8215
7912
8896
8456
7792
8524
8138
8048
8555
7890
7533
8801
8120
8115
8893
7642
7809
8687
7605
8973
7755
7307
7456
8136
7234
7424
7830
7220
7381
7131
8624
7810
7625
6895
7953
7911
7097
7575
7775
7205
7592
8003
7151
7451
7780
8312
7500
7807
8030
7571
7808
8391
7384
7888
8338
7480
8158
7067
8095
8056
8660
7511
7745
8309
7835
7793
8291
7369
8010
8844
7584
8023
8763
7761
7741
7026
8135
7940
8819
7689
7639
8965
8252
7978
8097
7758
7751
8569
7411
8254
7421
7974
7809
7640
7762
8411
8076
7822
7600
8364
7654
7876
8275
7482
7569
8449
7907
8083
8382
7603
7676
8719
8074
8391
6952
7915
7753
7250
7744
7856
8402
7411
7831
7732
7496
8594
8358
7718
7895
7066
7860
7585
8747
7864
7795
8997
7794
8041
8321
8014
7907
10615
8416
7651
8577
7579
7874
8184
8032
7706
7863
7989
7432
8943
8005
7747
8604
7334
7504
7544
7773
8071
8162
7733
7635
7751
7740
7858
8396
7608
8541
8404
7710
8273
8476
7671
7802
10263
7965
7953
10244
7862
8509
7775
8016
8553
7157
8256
8784
8014
7994
8509
7493
8101
8201
7607
8148
7291
7553
8081
8335
7671
8041
8107
7675
8172
8063
8353
8380
8415
7646
8269
8250
8935
7861
8455
8445
8363
6950
8993
7761
8498
9019
8152
8071
7227
8381
8046
8852
8005
8123
7186
8073
8216
9010
8816
8282
7301
8024
8025
8577
8070
8258
7281
7314
7610
8797
8324
8095
7520
7065
7931
10238
8414
7501
7514
8177
8045
7803
8196
8174
9069
8092
7517
7649
7997
7841
8902
8483
8314
10284
8064
8497
8709
8075
8174
7672
7777
8078
7425
8011
7232
8967
7772
8266
9056
8153
7878
7022
8353
8193
7430
7589
8313
8939
7851
7448
7571
7728
8215
9267
7884
7973
8994
7874
8497
8696
8092
8305
8071
7747
8172
7605
7776
8400
8483
7391
7856
8435
7909
8411
8297
7620
7847
8245
7735
8244
8380
7637
7203
8216
7319
7887
7964
7333
8031
8238
7257
8000
8322
7292
8284
8133
7375
8187
8256
8019
7953
7736
7470
8273
8197
7155
7891
7942
7428
7896
8215
7830
8035
8374
7830
8112
8120
7604
7815
8417
7671
7765
8205
7248
8004
8223
7570
8038
6984
8611
7952
7171
7389
8194
8070
7497
8032
8278
7602
8131
8295
7766
7353
7851
7295
7993
8173
7470
7456
7998
8867
8148
8275
9028
8005
8151
7930
8375
8582
7293
8062
8305
8690
8308
7047
7416
8394
8079
9061
8256
8009
7292
8065
8396
7474
6825
8436
8773
8158
7918
8659
8008
8163
8825
8071
7877
7310
8415
8308
8800
8237
8166
7406
7958
7068
7770
7997
8141
7613
8112
8112
8755
7810
7418
8969
8325
8116
8835
8073
7982
7617
8112
8116
9167
7813
8219
8776
8034
8027
8857
7992
8358
8112
6995
7941
9023
8038
7053
7469
8320
7916
9203
8295
8242
7940
8133
7993
9071
8052
7957
7553
8360
8184
7730
7816
8297
8856
7830
8189
8815
7147
8312
7840
8256
8048
8783
8218
8341
7905
7019
7486
7509
8174
8386
7815
8066
7955
8538
8372
7661
9068
8097
8352
8687
7970
8247
8839
7716
8183
8149
7897
8172
8953
7948
8230
9018
7962
8443
8757
7834
8250
7980
8254
8307
7452
8005
8240
7923
8533
8015
7569
8027
8296
7438
8423
8172
7451
7368
8276
9056
8017
8322
7287
8112
8515
9107
7223
7615
8922
8137
8193
7529
8215
6991
9115
8475
16580
8676
8052
8081
7754
7641
8435
7674
7562
8897
7795
7885
8425
7193
8241
7955
7574
8083
7302
8275
8082
8163
7324
7874
8114
7453
7850
8051
8739
8202
8100
7400
8683
7734
8323
7374
8243
8701
7560
7532
8460
7493
7840
7795
7407
8060
8093
7430
8023
8647
7262
7972
8197
7210
8071
6846
7230
8316
7805
7598
8140
7098
7415
8212
7920
7776
7914
8130
7419
8315
8543
8058
8251
7912
7330
7387
8259
7228
8154
7882
7722
7839
8374
7192
7724
8056
8925
8146
8214
7487
7915
8173
8766
7777
8286
7801
7569
7958
7090
7633
8214
7420
7866
7322
8942
8387
8214
8762
7938
8393
7423
7988
8164
7440
8317
7980
8849
8079
8213
7705
8230
6842
9271
8167
7868
7653
8282
8161
8664
7817
8148
9119
8140
8093
7612
7969
8424
8851
8241
8090
7682
7958
6959
8805
8282
8304
8824
8261
8018
8092
7277
8273
8820
8234
8420
8920
7984
6918
7765
8035
8224
8948
7747
8399
8737
8432
8108
7384
7757
7572
8935
7996
7985
9018
7834
8216
8856
7575
7454
9157
7885
8122
7280
8375
8348
8733
8001
8153
7628
7050
8322
8821
7641
8060
7671
8099
6949
9110
6970
8242
9143
8128
8173
8814
8176
6997
9034
7671
7874
8332
7781
7543
8776
7512
7558
8868
7107
7538
10587
8069
7589
8655
7507
7394
8430
7507
7493
9922
7282
7662
9804
7464
7774
9748
8282
8317
8887
8280
8375
8747
8031
8296
7005
7164
7820
9067
8025
8357
8847
8335
8501
7189
8292
8154
7984
7976
7906
8494
8193
8459
7507
7954
10241
7584
7789
8155
7415
7814
8218
7511
8379
7508
7651
8092
8173
7624
7979
8241
8843
8051
8153
8112
8098
7207
9049
8546
8292
8583
8511
7995
8115
7731
8323
8717
8150
8292
8703
7877
8182
7130
7672
8112
8724
8433
8253
7119
6875
8579
8075
7678
7211
8885
8378
8059
19393
7672
8073
7287
7291
7127
7360
7889
8194
7410
8092
8748
7887
6934
8550
8600
7416
7760
8021
7029
7974
8568
7627
7135
8051
7416
8192
8634
7552
7673
8373
7591
7707
8343
7561
8295
8180
7250
8379
8210
7672
6805
8157
7555
8306
8061
7495
7804
8183
7433
8190
9081
7975
7954
8037
7047
8157
8226
7284
7985
8082
8263
7003
8428
7208
8353
8234
7674
8355
8432
7949
8242
8210
7253
7964
8156
7213
8285
8346
7287
8019
8374
7631
7983
8122
7249
8181
7690
6888
7930
8139
7199
8061
8497
8835
7665
8282
7519
8092
8436
7092
7983
7697
7594
7755
7886
7513
6874
8200
8972
8261
7901
8983
8146
8248
7469
8127
8741
7617
8098
8134
7394
7927
8304
9128
8028
7744
8695
8297
8124
7553
8356
8432
7547
8512
6922
9615
7231
8068
8759
8075
8284
9157
7789
8159
8953
8382
7779
7558
8043
8369
9144
7976
7954
7803
8357
8343
7410
7943
8256
8846
7829
8308
7849
7577
7589
7697
8167
8347
8547
8259
8128
10126
7266
8253
7436
8054
8394
9041
8148
8382
7424
7791
7215
8964
8530
7962
7473
8507
7756
7811
8283
8534
7381
8241
8579
7578
8435
7751
8916
8171
7852
8437
8215
8212
9037
7951
8233
9037
8005
8238
8743
8112
8193
7871
8223
8082
7468
7856
7994
8111
7682
7953
9032
8083
8386
7816
8058
7991
7664
8558
7826
7656
7973
8133
8986
7996
7087
9150
7776
8173
7856
7933
7816
19759
7553
7898
7314
7359
8008
7430
7935
8180
7524
8016
8172
7770
6856
7733
7674
7969
8536
7354
8152
7957
7582
8045
7562
7691
8060
8322
7254
8326
8206
7451
7736
6769
7528
8158
7763
9060
8241
8286
8814
8217
8383
8130
7760
8352
7431
8029
6952
8848
8141
8035
8003
8252
8001
7553
8018
7941
8620
8015
8287
7502
7605
8282
8125
7571
7797
8025
7190
7830
8010
8140
7863
8234
7810
7711
8233
7883
7982
8378
7632
7805
8033
7642
7685
8241
7552
7813
8253
7856
7087
8267
7620
7943
8119
7612
7997
8052
7904
7421
6849
7565
7867
8331
7238
8081
8083
7505
8357
8344
7326
8061
8677
7653
7747
8317
7207
7371
7650
7772
8030
8334
7461
8174
8086
7328
7912
7866
7479
8371
7956
7410
8013
7921
11056
7528
7746
8393
8101
8298
7409
8182
8115
7515
6983
7615
7555
7931
8114
7464
7827
8004
9013
8461
8283
8766
7980
6996
9025
8109
7789
8744
8099
8130
7615
7558
8292
8744
7733
7874
7742
8211
8191
8883
8015
8418
7964
8205
8064
7238
8110
8173
8709
6963
7374
7387
8242
7740
8513
8201
7989
9251
7872
8164
7742
8107
7967
8994
7963
8287
8626
8074
8173
7390
8382
8113
8969
8035
8290
9045
7856
7630
8313
7810
8212
9231
7810
8192
7424
8172
8230
9897
8302
8289
7228
8276
8185
7804
8152
8237
8138
8351
8072
7655
7846
8192
7532
7980
8291
7856
7751
8281
8605
8205
8020
7631
8314
8255
9076
8758
8283
7706
8164
8435
7484
7897
8227
7353
6812
7109
8870
8139
7866
8866
8056
8207
8648
8113
8277
7476
8336
7731
9013
8022
8233
9037
7838
7351
7604
8075
8131
7476
8075
7405
8649
8084
7968
8763
8010
8232
8799
8189
8340
8942
7820
8217
8431
8061
7776
7732
8050
8213
8842
7812
8276
7698
7254
8251
7395
8163
7811
8063
8144
8105
9056
7866
7901
7419
8159
8418
7732
7999
8071
8837
8833
8213
7425
8050
8173
7594
7983
7989
9034
7077
7943
7600
8574
7894
8863
7993
8203
8856
8147
8497
8949
7937
8276
9078
7888
8109
18810
8161
6875
7232
8320
8123
7678
7764
7994
8326
7429
8041
8153
7840
7661
8190
7669
7492
6869
8997
7432
7112
7723
8023
7994
7222
8145
7881
7512
8113
8326
8148
7913
8017
7251
7875
8051
7631
7975
7766
7329
7907
8170
7793
7933
8177
7767
8154
8303
8182
6912
8384
7478
7841
8519
7683
8053
7690
7128
8020
8124
7513
7888
8293
7636
8122
8193
8031
7053
8136
8874
7779
8235
7551
7896
8115
7488
8441
8438
8995
8041
8415
7995
7763
8120
7114
7594
8169
7325
8070
8395
8917
7930
8087
8826
8183
7662
7581
7966
8156
7613
7512
8303
8875
8242
8235
8831
8132
8320
7363
8103
8138
8815
8351
7712
7748
7954
8040
8910
7732
8256
8646
8236
8215
7696
8020
8092
8856
8146
8044
7436
8290
8169
7399
8351
8297
8502
7952
8061
8852
8100
8174
8081
7841
8064
7502
7988
8284
7338
7707
8341
8712
7300
8073
9065
7957
8092
9219
7742
8097
7325
7463
7641
8616
7989
7809
9073
7890
8316
7712
8289
7312
8012
8117
8225
10774
8153
7869
8059
7687
7573
8075
7897
8267
8892
7961
8299
7482
8004
7298
9317
8166
8293
7411
8012
8346
8845
8060
8153
8873
7971
8277
7593
8210
8054
8942
7836
8222
7428
8374
8376
7338
8082
8074
8874
7922
8093
8846
7742
8425
8657
8107
8473
7177
8057
7849
8792
8100
8129
7473
8064
8194
8696
7695
7945
8954
7041
7989
8837
7993
7753
7489
6971
8465
8701
8082
8564
9107
7808
8405
9179
8086
8331
9102
8110
7707
8089
7991
8102
7385
8049
8173
8882
8010
8200
7772
8094
8312
8935
8010
8202
7576
8154
8209
8483
8018
7835
7389
7810
8297
6968
8677
8037
8061
8298
7952
7728
8032
8057
7517
8204
7851
7395
7943
8277
8780
8387
8633
8028
7489
8230
8299
7933
8276
8306
7316
7154
8058
7358
7778
8135
8135
8203
8135
7503
8251
8462
7774
8173
8323
7107
7454
8379
7410
8172
8092
7350
8198
8269
7644
7309
8253
7580
6956
8520
7664
7894
8165
7830
6808
7730
7848
7856
8374
7349
7858
8100
7620
8076
8946
7774
7897
7978
7348
7789
8463
7478
7792
8015
7184
7933
8246
7405
8164
8218
7371
7625
7814
8492
8222
7106
7484
7840
8180
7374
8210
8212
7941
8073
8043
8980
7914
8329
9043
7765
8423
7890
7125
7855
8974
7569
8430
9020
7989
8263
7449
7711
8281
7399
8001
8415
7579
7938
8076
8756
7646
8453
7353
8230
8041
8883
7985
7925
15609
7233
7872
7725
7624
8164
7299
7995
8026
7304
7636
7605
7360
8273
7916
7697
8155
8230
7415
7829
7644
8892
7932
8218
7523
8117
8276
8707
8117
8243
7915
8132
7203
7352
7970
8013
7502
7897
8211
8712
8010
8374
8786
7984
8490
8046
7964
8249
7265
7354
7138
7808
8093
8419
8805
7999
8000
8919
8174
8179
7655
8013
8379
7785
7819
8129
8735
7845
7490
7577
8271
8173
9236
8117
8134
7494
8116
7111
9097
8193
8181
7297
8384
8340
9056
6952
8883
7333
8319
8221
9194
7757
8369
9020
8143
8208
9147
8110
8014
8920
7748
8061
7559
8355
8124
8435
7847
8076
7110
7757
8414
7112
7861
8071
6986
7143
8451
7738
8313
8119
7279
7959
8233
7791
7666
7738
7499
8373
8211
8983
7860
8045
9003
8579
7869
7273
7875
7974
8932
8214
8020
7820
7194
6933
9210
8081
8264
9119
8020
7072
8605
7653
8658
8657
8057
8200
8906
7787
7995
8917
7745
9001
7591
7890
8148
8984
8014
8067
9052
7971
7627
8401
7899
8364
7621
7887
8179
8649
7365
7066
7533
8050
7698
8031
7414
8055
8351
7287
7991
7446
7770
7974
8312
7312
8012
7970
7149
7692
7871
8041
8135
8251
7513
7652
8030
8631
7956
7006
8046
8182
8237
7600
7853
8612
7615
8183
7982
7332
8018
8230
7429
7955
8243
7391
8066
8338
8088
7012
8044
7488
7912
8112
7248
8038
8061
7548
7530
8064
7650
8131
7922
7676
7991
8358
7557
6964
8574
8881
8328
7917
7601
8003
8209
7532
6848
7550
9164
7911
8389
8676
8413
8057
7752
7892
7507
9040
7897
8077
7483
7994
8239
8764
8010
7212
7497
8131
8243
9034
8013
8072
7332
8273
8036
7953
8238
8396
7512
8052
8036
8692
8186
8203
10394
8385
8319
7591
8332
8543
8719
8031
8326
6981
8180
7078
7501
7928
8403
8962
7923
7053
8907
8147
8290
8915
8233
8166
7467
8012
7964
8981
7425
7671
9076
7916
8076
8863
8164
8149
8918
7933
19112
7836
8191
8071
7494
8392
7857
7274
7487
8272
7819
7026
7120
7769
8016
8003
7635
7872
7539
7711
8276
8031
7386
8059
8260
7643
8230
8112
7847
8016
8395
7428
8030
8018
7461
7734
8284
6969
8155
7046
8866
8091
8596
8235
8196
8185
7769
8076
8376
7314
7764
7953
7431
7953
7956
9056
7956
8089
7437
7730
8384
8753
7986
8292
8889
7455
7059
8961
7835
8251
9037
8102
8319
7724
8214
8474
7589
7820
8318
9073
7963
8054
9191
7912
7710
8455
8009
8175
7378
7700
8179
9009
7928
8148
7933
7879
8164
9056
7770
8254
9060
7914
8195
8869
8002
8019
7802
8235
8292
7537
7966
8241
6870
7238
8194
9027
8512
8123
7332
8266
8049
7405
7092
8118
9017
8339
8035
8878
7876
8287
7343
7527
7057
8634
8254
8056
9158
7935
8204
9018
8633
7890
8153
7307
7887
8122
7520
7855
8063
7569
7292
7908
7429
7874
8482
7633
7835
7873
7357
8475
8100
7633
7984
7578
8405
8044
8222
7436
7779
7960
7656
8405
8439
7487
7876
8102
7200
8017
8055
7660
7830
8000
7330
8115
8025
7713
7969
8538
7669
7897
8184
7119
8040
8297
7413
7929
7874
7174
8002
8371
7443
8171
8078
7415
7923
8297
7348
8163
8109
7395
8188
8058
7317
8038
7756
6989
7804
8401
7448
7897
8274
7389
7734
7997
8046
7958
8117
7512
8031
8246
7963
7912
8158
7357
8315
8434
8011
7943
8219
7460
8112
8204
7378
7870
8389
7733
8284
8205
7844
7979
8143
7190
7894
8859
8054
7788
8032
7640
7656
8176
7368
7862
6989
7335
8122
8246
7510
8362
8119
7334
8079
7222
7212
7864
7951
7451
7919
8722
7439
8118
8191
7886
7800
8340
7589
7749
8123
7292
7925
8143
8012
7194
8232
7211
8362
8198
7440
8164
7999
8001
8216
8009
7366
8420
7976
7597
8323
8016
9110
10699
8634
7170
8038
8482
7353
8019
8523
7421
7516
8032
7653
7806
8163
7570
8099
7905
8910
8008
8677
7730
8167
7076
9157
7937
7979
7470
8112
7481
7707
8181
8242
7535
8114
8107
7471
8344
8102
9556
7796
8085
7598
8039
7921
9004
8090
7942
10773
8094
8305
8768
7934
8153
7772
7915
8210
7295
8488
7823
7630
7937
8100
7615
8319
8061
9215
8452
7990
7431
8184
7975
7616
7834
8345
8825
6857
7240
8883
8161
8149
8923
8007
7994
7442
8155
7835
8865
8160
7990
7466
7953
8087
8957
8092
7930
7605
8085
8435
8939
8106
8407
7384
8272
7093
9902
7912
8029
7460
8138
8242
8700
8111
8455
8425
8030
8294
9136
8088
8336
7506
8190
8376
8407
7342
7651
8114
7619
7770
8030
8695
8093
8685
7758
7874
8260
7313
8087
8115
7639
7670
7802
7828
8101
8313
7529
8118
8199
7541
7983
7891
7470
7772
7915
7794
7979
8196
7620
8052
8198
7351
8052
8201
7628
7912
7993
7502
8139
7947
7593
8328
8261
7456
8025
7194
7240
8061
8189
7592
8735
8358
7390
7898
8533
7579
7978
8483
7398
7555
8507
7592
8173
8215
7456
7861
8343
7269
8230
8235
7693
7738
8263
7591
8280
7979
7250
7969
7318
7436
8400
8062
7580
8072
8214
7536
6955
8333
8378
7838
8169
9307
7949
8493
7307
7931
8102
9077
7948
7955
8845
8182
8097
7434
8187
8030
7946
8092
8312
8857
7842
8194
9060
8099
8157
7605
8378
7861
7728
8476
7780
7635
7921
8336
7410
7109
8194
7502
8028
8145
9265
7938
7950
7538
8225
7630
8903
8273
7808
7923
7692
8430
8834
8019
8164
7581
8018
7944
8282
7558
6862
9073
7992
7804
9630
8031
8304
9276
8078
8204
7933
8343
6957
8646
8292
8245
8886
8174
8569
8891
8063
8394
8003
6962
8610
7487
8171
7931
7682
8333
8095
8513
7887
8062
20448
7983
8023
7600
7853
8254
7533
8011
8062
7653
7850
8289
7723
8176
7991
7451
6903
7177
7329
8094
8042
7752
7993
8079
7703
7915
7784
7753
8057
8173
7852
8132
7702
7772
8004
7812
7594
8216
8015
8857
8138
8041
9035
7851
6976
8453
8192
8242
7497
8434
8013
7738
8000
8366
8720
8255
7953
7656
8077
8323
9247
8534
7070
8232
7249
8009
8822
8075
8032
7410
8340
8403
7441
7550
8397
9053
8169
8095
8829
7972
8284
7612
8721
8567
8739
8322
7871
7812
8249
8272
9000
6929
8476
7780
8031
8415
7454
7967
8006
8953
8355
8725
9015
8135
8194
9190
7445
7800
7831
7287
8308
8337
7470
8182
8084
7574
7793
8415
7558
17472
7129
7446
8082
8386
7633
8109
8451
7482
7169
8676
7614
8018
8003
7167
8386
8020
7558
8012
7871
7601
8030
8294
7457
7933
7980
7535
8388
7713
8222
8012
8288
7350
7920
8406
7348
8282
7974
8403
8332
8357
7551
8197
8174
7675
8282
8158
7856
7855
8197
8657
8193
8072
7369
7813
8516
7692
7030
8293
7082
8141
8111
7359
7953
8127
7582
8883
8070
7281
8130
8140
7272
8102
8311
7667
7906
6826
7933
8234
8212
7420
8150
8342
7525
7996
8920
7321
7747
8046
7331
8011
8434
7684
7918
8742
7748
7980
8274
7571
7766
8190
7549
8179
7871
8478
7817
8376
7450
8184
8222
7575
7820
8273
7558
7818
8358
7670
7998
8133
7554
8031
8220
6868
7878
8131
7335
8283
8143
7630
7921
8224
8814
7430
7917
9157
7006
8325
9118
8032
8442
7655
8098
8470
8934
7860
8204
7694
7145
8241
8784
7194
8594
8686
8208
8081
8820
7964
8174
9039
7697
8562
7741
8082
8446
7629
7981
8380
7834
7821
8014
6995
6963
7151
8508
8215
8354
8526
8000
8543
8461
8559
7835
7451
8378
7847
8740
8524
8437
7832
8307
6978
9100
8256
8161
8783
7917
8398
7422
7338
7132
8510
7984
8321
8898
7825
8030
8440
7574
8484
7667
8107
8557
9077
8133
7902
7620
7533
7161
9147
7982
8358
7823
8060
8140
8887
7329
7393
8876
8320
8038
9164
8140
8161
9056
8330
7432
7876
8143
8242
7646
8395
8036
7851
8353
6859
8813
8264
8230
8609
7820
8372
8332
8097
8416
8598
7654
6933
8889
7905
6933
8917
8009
8362
8543
6991
8201
8625
7895
8313
9065
8082
8051
8103
7831
8197
9018
8545
8315
7715
7432
8230
7391
8738
7851
8042
7681
7990
8417
7519
8205
7076
7153
8075
7869
7738
8073
8245
7068
7984
7915
7692
7781
8065
7717
8043
8222
7582
8273
8295
7690
7532
8098
7524
7779
8271
7211
7984
8055
7794
7352
8260
7525
7952
8092
8844
8226
8252
7728
7434
7261
7590
7906
8270
7051
7961
8256
7399
7816
9039
7751
7866
8223
6958
8015
8342
12313
8086
7933
8196
8109
8274
7088
8149
8044
7532
7993
7508
7953
8197
8332
7167
7811
8364
7500
7954
8311
7353
7956
8041
7709
7973
8298
7599
8218
8559
6678
7327
7919
9057
8153
8265
9114
8224
8038
7578
8383
8063
7467
7927
7887
7731
8408
8187
9072
7410
7038
7869
8328
8216
9000
7788
8075
8992
6876
8138
7446
7810
8025
8998
8574
7614
7475
8119
8868
8799
7830
8400
9101
7743
8154
7487
7978
7427
8602
8019
7910
9094
7809
8413
7582
8311
8208
8535
7982
8440
8881
7970
7822
7521
7877
8112
10261
7288
7005
8933
7034
7185
7419
8439
7020
10180
8434
8123
7590
8273
8480
7648
8104
8338
7622
8390
8263
9112
8056
8146
9019
7954
8056
7523
7847
7839
7549
8256
8003
9036
7723
8278
8974
8248
8438
7625
8030
8100
9058
7968
8279
7438
7998
8347
7432
8032
8010
9092
7760
8095
8967
8174
7657
8234
7846
8255
7394
7792
7859
7414
7871
8389
7605
8041
8265
8904
8235
8273
7231
6989
8233
7323
7356
8247
8915
7523
8443
8779
7988
8133
9047
8411
8235
7369
8176
7839
8858
8114
8275
7650
8544
8009
7475
8162
8004
9065
7934
8005
8829
7753
7052
9041
8233
8213
9160
8126
6994
7650
8205
8113
9020
7951
8119
7389
8069
7898
7780
7875
7240
9021
8008
8384
8859
7983
8129
8970
7949
7803
7999
7425
7979
7995
7407
8230
8334
7147
7247
7869
7308
7883
8210
7358
8116
8447
7489
7667
7962
7584
7866
8408
7492
8012
8021
7293
7822
7515
8451
8051
8331
7508
8018
8154
7635
7965
8097
8092
8052
8012
7575
7820
8292
7602
8128
8014
7778
7688
8297
7268
7912
8122
7211
7796
8121
7550
6953
8374
8093
7685
7966
7307
7818
8122
7626
8242
8178
7610
7810
8251
7127
7846
8362
7638
7205
7147
9024
7974
7915
7746
8082
6976
9003
7934
7379
8892
7538
8385
7620
8225
8241
7618
8164
8300
8939
7292
8102
7528
8399
7000
8825
7149
7889
9543
8374
7146
7977
8404
7081
8974
8482
7082
10197
6992
8297
7507
6951
7087
10732
8098
8447
7572
7239
8118
9091
8412
8276
7687
7092
7212
10856
7505
7250
9180
8466
6937
8923
6878
7148
10348
8825
7210
9479
6935
8251
7640
8347
7448
9005
7632
7379
9485
8407
7149
9159
7018
6977
10887
8537
8006
9182
8199
8336
8076
7809
8215
7429
8486
7457
8461
8500
7388
7656
8637
6958
9203
8456
7009
8113
8246
7990
9137
8215
8113
8743
8180
7932
7800
8291
7978
9039
7836
8189
7574
8258
8237
7378
7194
8247
7805
8416
7007
9245
7937
8214
8893
8192
8194
8899
8202
7938
8681
8020
8194
8814
8656
8415
8847
8157
8139
7220
8112
7159
8984
7377
7251
7561
8021
8214
9041
7802
8394
7579
8077
7529
7354
8135
7937
8909
8253
8205
8995
7767
7692
7882
8422
7855
9046
7882
8439
8815
8348
8194
8225
8242
8240
7343
8224
8398
7451
7976
8042
7384
7134
7753
8986
6973
8118
9198
7932
7999
7572
7090
8093
10254
7102
8262
8909
8105
8158
8663
7570
8197
9051
8138
8034
9125
7836
8254
8856
7756
7588
7870
7484
7712
8153
7367
7943
8323
7626
8035
8407
7688
8113
8325
7048
8057
8097
6942
7887
8041
7391
7911
7924
7380
8183
8295
7711
7196
7981
8655
7449
7051
8256
6992
7600
7206
7630
8334
7132
6959
7907
7277
8143
8205
7368
8013
9118
7339
8023
8267
7367
8023
8018
7471
7950
7825
7635
8371
8013
7628
7774
8053
7542
7877
6744
7881
7997
8257
7652
8319
7907
8388
8139
8061
7535
8079
8282
7524
7956
8172
7642
8056
8295
7771
7633
7894
7481
8165
7888
7080
8020
7989
9040
8093
8192
7430
8030
8294
9015
7833
7947
7541
8267
7112
7548
7929
6897
10332
8141
8313
16858
7098
7030
7461
8109
8191
7534
8468
8472
7603
7758
8118
7813
8033
8401
7551
7704
8155
7317
7880
7794
7454
7994
7769
7595
8405
8003
8835
8056
7960
7917
8235
8148
7138
8093
8030
8116
8105
8130
7158
7896
8098
7235
7239
7815
7320
8176
7863
8592
7270
8443
8743
8472
8213
8878
8614
8056
7552
6997
8151
9016
8022
8174
7481
8091
7983
8995
8087
7976
8928
7949
8230
7631
8025
8059
8778
8471
8262
7943
8206
8453
8835
7813
7907
7351
8016
8191
9039
7830
8414
7700
7579
8111
7548
8241
7602
8544
7700
8229
7669
7829
8440
9123
7940
8213
8642
7994
8078
9209
7823
8493
7508
8074
8291
8493
7745
8129
7690
6892
8193
9241
8533
8357
8337
7476
8172
8897
7996
8010
7503
8343
8319
9216
8363
8396
7542
8045
8153
9010
7897
8235
8992
7866
8166
7639
8148
8287
9041
8041
8140
8605
7854
8200
8273
8198
8112
7418
7859
8354
7456
7753
9544
7730
7974
8114
7217
8314
8072
7364
8054
7846
7678
7833
8076
9056
7820
8363
7394
8476
8222
9118
6971
7530
7625
8102
8146
8049
7333
7639
8410
7982
8072
8025
7730
7891
8374
7563
7964
7674
8217
8039
8333
7407
7897
8396
7277
8032
7215
8316
8009
8017
7610
7825
8372
7119
8096
7961
7953
8179
8538
8615
7849
7624
7570
7934
8287
7780
7416
7928
7626
8072
8325
7200
7892
8116
8533
7903
8275
7610
7940
8175
7485
6799
8104
7663
6689
7257
7341
8516
8431
7751
7992
8157
7517
7492
7348
7400
7605
8349
7410
7940
7928
7698
8209
7512
7978
7954
8061
7148
7871
8128
7429
8075
7950
8616
8004
8152
7880
8020
8253
8881
8258
8051
7947
8191
8345
7352
7945
8045
8943
8063
7949
9496
7898
8251
7210
7794
7961
7874
7989
8072
6838
7980
8143
8757
7788
8177
7406
8251
7964
7441
8291
8396
7515
7810
8216
7475
7912
8334
8651
7539
7494
9016
8222
8170
8835
8024
7954
8635
7916
8410
7589
8030
8222
9022
7900
7656
8979
7592
7430
8841
8257
8275
9000
8145
7573
9055
8224
7167
7783
8131
8433
8978
8498
7990
9027
8101
8201
7394
8214
8321
7380
8134
8194
7448
8219
8360
7853
8193
8224
7292
8408
8046
9087
7953
8090
7377
6888
8355
8857
8012
7972
7630
8201
8013
8641
8764
8122
9046
8556
8024
9016
8253
8241
8800
7451
8221
7279
8029
8171
8754
8262
7800
7630
8517
7453
7568
8206
8372
7901
8517
7860
7454
7950
7894
8738
8233
8529
7086
7769
8620
8717
8098
8224
8895
7917
8456
7789
7735
8161
7897
8231
7951
8569
8354
8294
7521
8449
8236
7329
8212
7075
8203
8281
7759
8800
7960
8439
8829
7829
8221
8824
22829
8212
7487
7676
8007
7194
7625
8347
7243
6757
7837
7421
8005
8573
7162
7842
8198
7659
6880
8562
7207
8343
8374
7373
8220
7891
7715
7293
7364
8095
7838
8012
8236
7706
7893
8183
7449
7710
8030
7644
7954
8158
7251
8007
8172
7091
7769
7994
7953
8059
7875
7310
7812
8640
7595
7603
8912
7553
7988
8164
7389
7871
7975
7166
8103
7835
7410
7859
7577
7369
7905
8214
7330
8042
6979
7140
7972
8112
8840
8033
7831
7678
7918
8142
8712
8115
8090
7127
8136
8113
7344
8143
7961
7596
7345
8373
8334
7743
8255
7123
7863
8239
8815
7953
8342
7427
8378
8109
7205
8215
8169
8888
8854
6898
9065
8181
8037
7594
8326
8000
7496
7965
7035
8848
7946
8151
9035
8243
8158
8994
8055
8528
8975
7630
8054
7531
8363
8057
14159
8298
7925
8435
8212
8079
7643
7816
8002
7681
7798
7492
8004
7779
7794
7444
7787
7841
7513
7839
8016
8390
7863
7974
7326
8029
8095
7430
8125
8196
8231
8019
8416
7332
8155
8307
8255
7422
8353
8815
8197
7876
9062
7076
8419
8880
8025
8215
9058
6808
7855
7488
8052
8153
9022
8150
8336
7612
7061
8336
9112
8012
8358
7497
7957
8210
7650
8254
7705
8913
8133
8051
7607
8122
7027
9470
7996
7432
8569
7919
8351
9020
7905
8348
9019
8276
8236
7951
8003
8143
7272
8056
8230
8808
8051
8016
8613
7066
8308
7550
7808
8033
8905
8081
7953
8400
7023
7119
9234
8117
8134
7596
7460
8138
9133
8707
8134
8837
8102
8276
9188
7854
7887
8615
7135
7758
7420
8024
8205
8983
7710
8196
9048
7958
8616
7449
8191
8251
8752
7877
8333
9036
7535
8303
7679
7802
8194
8569
8166
7823
7453
7989
7423
7433
8194
8082
8975
7920
8101
8887
7987
8169
7538
8076
8030
7452
8385
8560
7573
8133
8308
7430
7016
8305
10405
8337
8154
8619
8111
8346
8194
7476
7888
8163
7611
8074
8165
7635
8020
7812
6925
8089
7894
7420
7907
7917
7512
7976
8054
7097
8098
8451
7532
8228
8015
7172
7788
7714
7769
6908
8191
7430
8252
7964
7615
8174
8094
7379
8156
7858
7585
7948
8012
7578
7851
8288
7235
8330
8422
7562
7684
7941
7410
8066
8224
7370
7276
7892
7457
7987
7876
7199
7982
8316
7427
7895
9154
7285
7918
8474
7290
7880
8224
7600
8235
7548
8552
7784
8169
7775
7699
8791
7353
7807
8276
8425
7932
7131
7286
7818
8355
7149
7994
7900
7358
7814
8269
7092
8257
8378
8627
7978
7943
7606
7151
8152
8694
8234
8252
8719
8264
8198
7461
8154
8276
7334
7046
7926
8848
8294
8132
9115
7257
8558
8967
7646
8052
7291
8262
7639
9176
8221
7953
7677
6980
8162
7292
8215
7873
9407
8358
7978
7411
8282
7980
9036
8326
8234
7426
8057
7771
8189
7896
8376
7579
8338
8517
8882
7849
7045
9104
8416
8335
9120
7983
8353
7217
7680
8179
7928
7406
7908
7792
8117
8235
7670
7989
8173
9729
7162
8073
7764
8071
7053
10261
8418
8101
8937
8066
8399
8939
7941
8437
8958
7823
8055
9000
7672
7554
7553
7995
8089
8895
8172
8428
8972
8235
7420
7667
8183
8399
7422
8385
8191
7477
8220
6776
9178
7720
7909
7411
8201
8287
8857
7699
7538
8945
8008
8210
7411
8021
8357
7392
8163
8046
9205
8006
8080
8672
8519
7889
7345
8060
8182
8422
7731
8494
8900
7915
8095
8934
7038
8267
7198
7330
7923
8829
8146
7965
8876
8170
8461
8823
8400
8193
7593
8068
7898
7676
7852
8358
8877
7697
8420
9015
7703
8474
8915
8304
8415
7524
8005
8580
7531
7791
8111
7398
7953
8194
8877
8627
7938
7127
8250
7893
7951
7470
8148
8376
7519
9100
8070
7753
8035
8017
7463
8074
8152
7424
7153
8024
7389
8200
7976
7489
7994
8001
7151
7665
8324
7652
8145
7832
7430
7859
8245
7630
7903
7397
8246
8101
8056
7521
7747
8093
7061
7881
7970
7629
8143
7043
7620
6813
8277
7589
7943
8123
8882
8097
8525
7548
8196
8238
7590
7876
8143
7818
7574
8497
7302
8113
8152
7991
8122
8194
7640
7128
8336
7474
8194
7837
7579
8040
8173
7931
7201
7871
7441
7922
8319
7356
7911
8134
7501
7879
7415
7501
7842
7952
7482
7910
8263
8907
8118
8438
7597
7768
8092
8704
8113
8255
8976
7794
7772
7510
7928
7027
7649
8175
8261
8577
8205
8068
7623
8146
8579
9051
8100
8172
7330
8224
8080
7846
8369
8123
9154
8015
8321
7278
7934
8133
8953
7226
8390
8784
7950
8087
7269
8013
6980
8912
8626
7993
8874
8220
7878
8823
8184
8174
18257
7783
8274
7400
7946
7330
7461
8238
7899
7307
6867
8510
8413
8018
8445
7640
8383
8283
7997
6908
7270
7088
8054
8376
7569
7702
8354
7216
7631
8253
8600
8291
8155
8872
7933
8235
7528
8034
8178
7640
8015
8521
7479
7980
8638
7213
7656
8387
7169
7029
8451
7404
8610
8152
7697
7820
8173
7562
8281
8593
9197
8250
7970
8948
7949
17689
8116
7460
7358
7583
7729
8246
7400
8287
7997
7587
7969
7671
7919
8092
8236
7720
8135
8196
7738
7971
7582
7669
7973
8118
7098
8043
7998
7468
7890
7881
7134
8286
8094
7570
8175
8363
7348
8251
7836
15384
7202
8328
7673
8184
8082
7430
7758
8353
7807
7390
8171
7652
7375
8385
7251
7791
8055
8028
7347
8398
8937
8194
8167
7364
7873
8342
8853
8818
8449
7169
8195
8223
7933
7325
7673
8334
7690
8042
8717
7107
7831
8422
7409
8039
8317
7379
7510
8349
7291
7923
8442
7474
7893
8220
8312
7702
8021
7348
8379
7895
7595
7948
8502
7592
7705
8227
7591
7704
8141
7877
8100
8089
7367
6866
8215
7630
7082
8124
7108
7887
8301
7613
7835
8435
7374
7867
8255
7758
8030
8299
7368
8128
7704
8046
7660
8176
7560
7736
8484
7810
7758
7499
8152
7934
8371
7328
7799
8025
7887
7963
7876
7941
7912
8255
7303
8364
8193
7891
8059
8280
7039
8382
8117
7635
7801
8097
7460
7960
8217
7262
7901
8256
7400
7787
7937
7292
7792
8031
7409
7487
7163
7469
7989
8136
7292
8082
7955
7288
6855
8324
7308
8116
8270
7461
7855
7852
7661
8097
7989
9042
8383
8210
9081
7794
8139
7701
7757
7167
8130
7944
8188
7589
8025
8523
9035
8129
8037
8416
7996
8251
7410
8000
8092
8967
8082
8232
8881
8564
8075
7390
6949
7712
9357
8327
8112
7775
7182
8021
8874
8184
8032
7539
7900
8380
9038
8690
8200
9096
8068
7975
7623
7914
8331
7230
6955
8025
7520
8015
7991
8693
8139
8158
9890
8093
8593
7728
7774
8343
7646
7834
7980
7640
8332
7733
7891
8315
6967
9141
7848
8079
7543
8030
7346
10307
7942
8086
9044
7590
8023
8858
8147
7979
8260
8123
7916
7579
7967
8201
7417
7852
8212
7992
7328
8418
8999
7860
8216
7439
8376
8315
7559
7990
8398
7596
7787
8592
7451
8201
8100
8931
8517
8394
7408
8169
8171
7582
8020
8250
9019
7126
8078
7438
8184
8315
8779
8020
8281
8728
8112
7614
7741
8175
8233
8825
8192
8279
8973
8179
7854
8106
8010
8077
7369
7815
8311
7331
8261
8116
7954
8073
7976
8680
8199
6971
8024
7325
7602
7118
7488
8051
8130
7817
8271
8579
7622
7698
8515
7569
8207
8055
7411
8016
8282
8705
8010
7574
8576
8025
8255
7357
7841
8049
7611
7979
8179
8126
7719
8615
7424
7793
8587
7415
7516
8285
8517
7861
8056
7443
8016
8265
7882
7667
8069
7320
7835
8092
7574
8054
7943
7617
8312
8280
7108
7502
8377
7247
8133
7993
7435
8053
7954
7873
6723
7211
7689
7996
7137
7640
8180
8041
7717
7907
8982
8041
7881
8324
7172
8275
8182
7353
7951
8507
7529
7869
8156
7592
7914
8287
7240
7869
8020
8594
8034
8005
7635
7889
8204
7729
8358
8008
8225
8035
7859
7546
8138
8080
7452
7911
8219
7510
7117
7897
9032
8081
8180
7615
8112
8206
9158
8107
7030
8940
8167
8075
8801
8311
8118
7498
7470
8374
7778
8038
8385
8882
8071
8131
8866
7200
8028
9115
8041
8251
7538
7731
7044
8875
7772
7941
9023
7764
8122
7613
7820
8223
13687
7593
6926
7861
8159
8495
7757
8080
6978
7743
8056
7988
7276
8334
8191
7460
8153
8528
7605
7985
8165
7482
8299
8066
7380
8365
8391
8854
8035
8266
7834
7373
8042
9135
8094
8261
8947
8079
8213
7459
7108
8359
9075
7931
7950
8854
8081
8101
7530
7179
7141
8292
8084
8144
8727
8353
7838
9466
7271
8075
10118
8225
8152
7278
8019
7952
7714
7891
7367
9035
8112
8192
8374
8426
8015
8955
8088
7982
8089
8137
8318
8940
8274
7722
7648
8033
8208
8687
7858
8116
8820
7970
8350
7097
7787
8112
10206
8203
7977
7189
7861
8211
7776
7995
7017
8450
8353
8479
8918
7750
8118
9061
7738
8276
8836
8584
8439
7389
8261
8382
7206
8019
8157
7269
7512
8011
9220
7712
7424
8626
7964
8503
8965
8509
7907
8030
7849
8180
8468
7488
8098
8276
7869
8341
7993
7517
8270
8014
7398
7955
8210
7218
8641
8362
7928
7897
8226
7247
7605
8041
7319
7394
7208
7322
8030
8151
7694
8012
8435
7640
7994
8002
7423
8005
7963
7509
8191
8221
7417
8102
8172
7389
7910
8256
7317
8103
8297
7400
8022
7280
8277
7697
8244
7679
8293
8088
7573
7653
8301
7238
8615
8035
7532
8236
8071
7394
8157
7991
7642
8196
8058
7687
8092
8369
7369
8153
8197
7329
7133
8155
7648
8230
8011
7461
8221
7992
7690
7221
8304
7200
8582
7983
7690
8089
7903
7395
7319
7364
7456
7717
8046
7787
8051
8074
7316
8145
7965
7409
7774
8090
8805
8035
7944
7513
7913
7088
8810
8260
7987
7981
7801
7835
9000
8005
7073
8685
8205
7907
8814
8060
8097
7601
7846
7971
9036
7291
8260
7440
8235
8138
7585
7983
8168
7251
7856
8094
8835
8000
8124
7611
7881
8002
9161
7995
8098
8153
8369
7876
7619
7829
7051
8723
7007
7356
10238
7044
8438
9005
8198
8270
7497
8378
7956
7479
8130
8113
9009
7954
7768
8846
8127
7456
8925
8060
8413
9048
8221
8523
7856
8054
7953
8738
7958
7934
7215
8220
8201
7434
8071
8123
7633
8419
7916
7389
8044
8498
8733
8111
8158
8052
7166
8341
8860
8402
8059
8967
8054
8174
8405
7267
7055
8964
7995
8295
7497
8561
8301
9185
8224
8134
9007
7850
8294
8822
7921
7880
7582
7571
8627
7353
8121
8346
8886
7991
8092
7719
8172
8216
7690
7982
7924
7976
8129
8143
7212
7862
8295
8172
7977
8177
7824
8119
7923
7471
7823
7778
7607
7635
8031
7774
7969
8247
7438
7682
8111
8708
7993
8281
7400
7769
8015
7592
8222
7897
7579
8135
7665
8195
7502
8004
8042
7790
7863
8088
8057
7953
8084
7530
8153
8154
7210
8403
7426
7949
8194
8012
7715
8350
8010
7196
7984
7702
7271
8122
8352
7625
8281
8379
7690
8049
7887
7871
7939
8220
7569
8287
8036
8846
7679
8072
7600
7952
7897
7336
8026
7815
8532
7752
8297
7419
6709
7678
7558
8061
8141
7704
7979
7998
7723
7084
8277
7390
8194
8448
7482
7921
7982
7369
7716
7871
7793
7771
8496
7733
8012
8368
7245
8081
7562
8229
7651
8244
7167
7952
7876
7404
7840
7136
8665
7718
8510
7469
8377
8189
7693
7733
8346
8046
7352
7977
8829
7845
8277
7354
7781
8215
7575
7294
7937
8616
6967
8054
8781
7923
8255
8774
8492
8362
9012
7918
8015
7707
7130
8180
8473
7772
8603
8855
8184
8517
9015
8164
8011
9240
8023
8579
7252
8127
8128
8865
7940
7873
7611
7646
8800
8058
7678
8575
8841
8102
7965
8796
7688
7576
8052
7996
8373
8894
7759
8492
7334
7954
8270
8639
7003
8471
7731
7066
8122
7595
8275
8607
7682
7097
8236
7671
7280
8456
9107
8360
7328
9328
8111
8277
7614
7028
7153
9641
8461
7001
9410
8598
7353
9066
8552
7128
8793
8271
8353
10493
6765
7109
7573
7285
8576
9325
8327
6914
9569
8180
8179
7711
7066
8472
7818
7353
6983
9449
7129
7864
9619
8328
8439
7582
8348
7053
8713
6989
8444
10878
8365
8489
7739
7024
8508
7419
7278
7147
10183
7891
6957
9280
6997
6958
10874
8364
8492
7187
8101
8375
7935
7249
7266
9133
7415
8413
8837
7259
7563
9302
8500
8470
8856
6973
8222
9124
7509
7817
8017
8212
8397
7874
8303
8517
8354
8324
7724
8998
8379
8430
7614
7264
6950
8987
8256
7814
7693
8236
8493
7591
7287
8302
7112
7918
8174
8570
7559
6929
8755
7722
8497
8485
7442
7909
8070
7627
6943
7342
7629
7257
8543
7519
8432
8307
8030
7147
8475
7957
8430
8441
8066
8416
7989
7573
6974
8810
7226
8453
8779
7809
8148
7791
8031
8200
8393
7800
8392
7066
7815
8394
8640
7611
6834
8440
8130
8366
7150
7822
8258
7137
6968
8337
8653
7559
6912
8622
7929
7615
8538
7255
8414
8604
8224
8302
7232
7471
6907
8645
7792
7808
7139
7658
6896
7233
7673
6935
7153
8525
7076
7107
7752
8278
8547
7597
8314
8164
7579
8282
8826
7489
8035
7664
7803
6973
8475
18894
7051
6964
7389
8333
8637
8192
6789
7187
7722
8080
7252
7149
8412
8512
8174
7184
8462
7580
8465
7210
8657
6870
8361
7778
7092
8224
7618
8634
8311
7899
8343
7217
7630
8210
8440
7707
7969
8542
7776
7923
8519
7673
7297
6953
7361
6909
7310
7379
7560
8291
7907
6798
7319
7302
8011
8241
8417
7842
8374
7661
8155
8065
7637
7994
8169
7493
8394
8300
7501
8189
8254
7702
7936
8071
7793
8238
7730
8818
8182
8045
7647
8252
8022
8956
8348
7883
7621
8249
7970
7662
8213
8336
8500
8032
8035
9937
8471
8210
7394
8113
8266
7369
8088
7980
7418
7375
7992
7537
8105
8357
7586
8053
8451
8794
8949
8107
7420
8525
8399
9066
7887
8229
8986
7903
7733
7589
8233
7780
8884
7996
8270
7482
7857
8603
9071
7954
8304
9003
7938
8492
9061
8133
8290
7742
7937
7738
7597
8046
8292
7398
7848
7664
8797
8045
8189
7607
7860
7963
8857
8143
8245
8555
7677
8443
7175
8216
8026
7513
8251
7558
8110
7039
7914
8873
7119
7312
8873
8123
8288
8634
7034
8517
9160
7928
8040
8683
8802
7593
6871
8255
7972
7471
7183
8273
8390
7540
7815
8047
7338
8071
8209
7622
8021
8555
7737
7904
8474
7851
6912
8143
7210
7887
7945
7660
8103
8241
7085
7377
8294
7670
7826
8104
7251
8189
8055
7132
8005
8158
7341
8212
7899
7216
7982
8024
7576
7319
8635
7902
8283
8220
7592
8125
8116
7272
8128
8501
7811
8075
8330
7384
8135
8124
7410
8114
7563
7897
8110
7950
7340
7946
8043
7640
7719
7955
8748
7843
8218
7561
7895
8057
7757
8349
7808
7592
7854
7932
7956
7772
7850
7320
7995
8134
8051
7935
8060
7368
7753
8241
7591
8082
8003
7570
8198
8184
7589
8212
8015
7548
8107
7883
7780
6757
7556
7625
7573
8164
7239
8134
8487
7293
7976
7470
7613
7655
8284
7590
7784
8561
7374
7998
8635
7330
7806
8389
7650
7889
8091
7687
8059
7530
8521
7224
8124
7457
8446
8052
7053
7743
8230
7819
8040
8149
7155
8069
8289
7494
8039
7323
7896
8330
8516
7981
8249
8258
7543
8401
8335
9039
7383
8040
7137
7942
8220
7431
8174
8095
8978
7309
8319
7465
8010
7954
8897
8082
8100
8917
7313
7200
9047
8115
8145
9067
8074
8175
9020
7973
8482
8748
8213
7949
7614
8214
7852
10765
8338
7507
7116
8097
8537
7381
7861
8024
8125
8321
7185
8140
7981
8405
7365
7912
7909
7288
7873
8006
7569
7788
8313
7420
7784
8148
8635
8312
8184
7567
7758
7862
9036
8181
8243
8926
8255
8119
8935
8191
8309
7567
7800
8477
8666
8203
7938
7506
7892
6959
8976
7674
8094
7575
8024
8231
8835
7995
7179
9154
7983
8227
7675
7671
8444
9015
7913
8646
7996
8189
8149
8482
7852
7892
8700
7954
7806
8011
8501
7387
7296
8476
7864
7193
7834
11351
8177
7435
7766
8174
7557
7892
8318
7987
6604
7128
7246
7767
7792
8061
7820
8252
7631
7829
7625
7698
7791
8015
7561
7894
8255
7417
7696
7523
7813
7853
8328
7836
7935
7962
7477
7620
8397
8564
7872
8330
7373
7953
8098
7501
7901
8638
8752
7957
7973
7448
7800
8195
7287
8020
8148
7253
7875
8139
7408
8208
8073
7721
7994
8174
7328
8673
8223
7333
7880
8143
7529
8081
8195
7414
6938
8056
7628
8287
8472
7789
8175
8212
7380
8142
7808
7475
7827
8314
7400
8235
7918
7319
7932
8241
7076
8076
8032
7282
7708
8294
7556
8133
7606
8601
7726
8251
7392
7982
8021
8597
8049
8099
7571
7803
8060
7287
8117
7665
7200
8169
8124
7428
7823
8096
7647
8087
7694
7387
7798
8284
7894
8076
8186
8415
6949
8383
7400
7712
8015
7454
8397
8569
7407
8122
8425
7650
8071
8514
7640
7465
7974
8726
7877
8591
8884
7923
7974
8999
8220
7626
7848
8097
8206
8862
8117
7707
7531
8206
7413
7691
8056
8558
7445
8061
8175
8980
8342
8120
8676
8317
8317
7673
8142
8410
7177
7794
8171
7636
8193
8196
7558
7953
8240
8870
8323
8231
8407
8283
8261
8881
8266
7937
7753
7931
7909
8836
7623
8153
8656
8325
8424
7335
8299
7986
8756
7314
8240
7775
7977
8319
8615
8022
8209
7779
7639
8107
7794
8181
8248
8029
8015
8514
8629
8219
8717
7478
8093
7694
7810
8131
8353
7534
7951
7712
7271
6930
7994
9394
7800
8064
9201
8215
7841
7921
7591
8312
8936
7994
8132
8702
7798
7956
8709
7688
8317
7679
7926
8235
8936
8100
7117
7638
8412
8379
8728
7961
8169
8864
8097
8128
8987
8531
8354
7478
7807
7998
7549
7857
8092
8979
7458
8177
7427
7678
7780
8023
7796
7633
7928
7331
7246
8323
7974
7779
8174
7412
7670
7822
8058
7893
7951
7589
7794
7938
7092
7874
8099
7795
7801
8082
7558
8040
8194
7746
7774
8241
7400
6941
8277
7860
8289
8097
7457
8006
8672
7749
8183
8675
8214
7918
8241
7465
8120
8383
7447
7962
7709
7220
7662
8061
7302
7890
8077
7184
7971
7240
7700
7998
8066
7608
7611
8147
7574
7961
8266
7363
8441
8159
7556
8138
8287
7270
7830
8110
6882
6852
8124
7454
8261
8077
7571
7984
8221
7846
8304
8165
7166
8005
8440
7363
7871
8203
7602
7491
8596
7409
8018
7982
7369
7749
8271
8794
7210
7824
7554
8054
8200
7410
7882
8229
9029
7760
8823
7431
7823
8171
7735
7758
7794
7490
7782
7276
8926
7882
8292
7590
8010
8015
9156
8475
8366
7792
7803
8402
7489
8107
8177
8805
7799
8105
8074
7219
8042
8753
8075
8113
8923
7816
8270
8315
7836
8569
7599
6992
8211
7466
7891
8426
8906
7549
8107
9063
8437
8280
9119
7660
8266
7615
6839
7829
9018
8215
8371
9266
8133
8241
9160
7806
8601
7472
7980
8501
8900
7693
8041
9046
8070
8146
7457
8051
8246
7336
8050
8103
8289
8095
7065
7875
8015
8256
8607
7833
7746
8687
8104
7625
7912
8052
8284
7204
8093
8364
7334
8075
8435
6918
7722
8133
7247
8297
8267
7636
8091
8175
7326
8072
8417
8995
8020
8034
7835
8083
7989
7579
8226
8071
9063
7684
6938
9047
8063
7946
8805
7367
8036
7669
7874
8193
8732
7956
8037
9237
7961
7738
7776
8138
8512
7631
8145
7991
7597
7971
7770
9851
7995
8572
8620
7883
8194
7475
7887
8057
7733
7909
7859
8836
7768
8134
8181
7425
8096
8591
7725
8434
8809
8885
7778
8156
7338
7882
7917
7656
8193
7708
7099
8012
7890
7730
7789
7779
8394
7856
8549
7615
7793
8153
7306
7974
7771
8179
8154
7977
7889
8062
7884
7569
8079
8332
7887
7969
7969
7619
7951
8343
7500
7718
7970
7856
7127
7797
7347
8051
8165
8715
7995
8174
7492
7567
8616
7787
8030
8074
7362
7871
8090
7850
7560
8363
7555
7997
8235
7157
7958
8182
7598
7761
8645
7255
8080
7820
7075
8184
7972
7297
8073
8820
7597
7921
8233
7070
7892
8456
7328
8058
7851
8322
7918
8161
7391
7697
8284
7287
7576
8244
7576
8107
7133
7546
8032
7979
7374
7753
8405
7687
7918
8307
7558
8171
8170
7638
7794
8302
7334
8323
8155
7406
7934
8229
7574
8227
8312
7495
8138
8172
7809
7832
8056
7235
7065
8154
8866
7893
7560
8714
8054
7774
7731
8011
7812
9093
7874
7253
7790
8115
8100
8948
7873
8093
19499
8068
7748
8078
8099
8018
7168
8034
7954
7676
8153
7602
8494
8164
8222
7694
8232
7989
8379
7907
8289
7966
7913
8339
7634
7915
8260
7781
8243
8283
7641
7617
8333
7602
7589
8245
7551
8234
8184
7384
8282
8150
7813
7792
8573
7456
7686
8112
7393
7546
7343
7403
8324
8181
7499
7731
7884
7591
6919
6952
8943
7986
8184
9043
8074
8216
8839
7907
8554
7394
8102
8083
9051
7744
8437
8866
8375
7182
7276
7880
8377
8877
8183
8350
7132
8202
8278
7719
8142
7902
8798
7595
8222
7471
8094
8391
9934
8379
8203
7210
8207
7792
7466
7754
8399
7632
7548
8379
7579
8118
8069
7393
8323
7938
8625
8559
8431
9006
7967
8277
8822
8119
8201
7594
7574
8025
8835
7767
8255
9059
7835
7895
7686
7781
8033
8160
7912
8216
8981
7682
7851
7658
6998
7891
8189
7348
8201
8358
7247
7990
8041
7488
8377
8282
7563
7771
8037
7352
8055
8401
7246
6817
8249
7512
8077
8050
7276
8297
8201
7668
8071
8419
7633
8109
8210
7258
8073
8230
7454
7941
8374
8175
7911
8108
7561
7984
8219
7526
7760
7358
7368
7753
8336
7578
7719
7890
7534
8093
8264
8274
7800
8287
7266
7867
8613
7382
8276
7997
6870
7600
8281
7389
7913
8492
7370
7916
7776
7296
8005
8475
7511
8010
8133
7437
7852
8115
7333
8477
8184
7346
7867
8025
7882
8010
8184
7379
6620
7071
7390
7828
8427
7714
7547
7959
7422
8082
8803
7374
7974
8057
7497
7643
8169
9010
8013
7466
8334
7870
8092
8698
7955
8245
9041
7780
8430
8014
7917
8028
7663
7921
8320
7583
8075
8311
8794
8222
8188
7228
7854
7353
7186
8299
8002
7487
8598
7558
7513
8012
8271
8941
7995
8093
8673
8082
8249
7211
7736
8032
20251
7030
7092
7234
7605
8102
7852
8219
8001
7761
8150
7987
7862
8138
8758
7594
8234
8096
7482
8343
8126
7553
6796
7377
7566
7996
8444
7434
8034
8201
7451
8320
7484
7701
8284
7913
7666
8281
8092
7383
7800
8328
7898
7971
8614
8578
8018
8053
7890
8087
8155
7798
7117
8270
7554
8144
8076
8970
7975
8106
7571
8190
7908
8929
8293
8051
7551
8029
8258
9025
7534
8337
9009
8063
8261
16817
8333
8159
7478
7336
8435
7333
8213
8020
7914
8029
8258
7432
7938
7587
7377
7857
8189
7612
7767
8562
8694
7918
7342
7420
7958
8168
7556
7883
8268
7394
8143
8145
8462
7825
8136
7195
8184
8022
7082
7251
8155
7481
8361
8091
8623
8282
7916
7174
8112
8200
8312
8265
8138
7770
7265
7679
8558
8317
7994
7921
7199
7871
8294
7463
7906
8258
7405
8019
7321
7605
7711
8386
7184
7876
8066
7492
8115
8415
8428
8108
8015
7437
7849
8299
7507
8344
8584
6936
8237
8005
7225
8004
8214
7294
7874
7945
7389
7609
7910
7649
8153
8091
7436
8115
8157
7178
7590
8184
7348
7974
7850
7094
8270
8027
7299
7843
7308
8681
7025
8339
7468
8083
7817
7830
8010
8670
7335
7900
8051
7560
7870
8243
7476
8426
7666
7476
8394
8092
7374
7958
7892
7450
8087
8320
7871
7920
7967
7383
8220
7895
7373
8192
8242
9619
7152
8114
7253
6907
8190
7433
7800
8329
7223
7043
8227
7567
7919
8284
7172
7902
8420
8532
7312
8108
7597
7871
8144
7642
8051
8109
7880
7225
7496
7619
7949
8483
7249
7996
8424
7742
7791
8041
7341
8183
8067
8662
7562
7938
8882
7967
8379
7908
7011
7985
8723
8092
8293
7474
8217
6910
8846
8485
8530
9046
8278
8213
7249
7940
8435
7722
8092
6964
7572
8020
7996
9160
7860
8267
7933
7671
8484
9110
7691
8231
7735
8455
8149
7320
8071
8337
8816
8331
8119
7303
8073
8058
7549
8543
7989
8867
8269
8235
9113
8038
8027
18273
7128
8441
7340
7756
8133
7238
8063
8164
7743
7850
8794
7388
7803
8075
7715
7927
8333
7697
7800
7969
8697
8034
8123
7369
8039
8122
7679
7912
7979
7897
7858
8233
7827
7912
8207
7271
7820
7982
7248
7865
7987
7363
8021
8245
7514
8020
7752
8097
8411
8211
7174
8116
8201
7577
8353
8243
9026
7722
8107
7529
7991
8370
8635
7874
8152
8671
7101
7517
8968
7897
8176
7633
8190
7996
8880
8163
8609
8632
8005
8143
7404
7876
8191
8892
7892
7394
7871
8263
7970
8882
8075
8193
7231
7914
7594
7510
8630
7810
8311
7630
8032
8203
7559
7907
8621
7645
7929
8160
7280
8015
8081
7632
8031
8943
7687
8150
8256
7767
8358
8061
7387
6803
7678
8117
8339
8433
8073
8365
8571
7756
8195
7680
8825
8246
8353
7669
7320
7018
7992
6833
7042
7444
8129
8564
7687
8291
7220
7658
8346
8557
7615
7645
8551
7216
8106
7045
7539
8321
8639
7095
7365
8025
7596
6940
8616
7938
8285
8491
7421
8455
8714
7978
8216
8664
7358
8358
8465
7573
7515
8187
7271
7420
7470
7910
7000
8487
7777
8389
8263
8148
8168
8502
7523
8164
6997
7650
8333
8118
7973
8218
8559
7744
6979
8417
7981
8374
8062
7810
7129
8010
7590
8249
8510
7662
8422
8663
7128
6892
8497
7619
8526
8400
7798
8235
8764
7629
7172
7130
7712
8103
8738
8174
8395
7240
7758
7940
8599
8495
8210
8311
7807
8430
8615
7776
7233
8579
7771
8318
8304
7227
8197
8420
7753
6929
7417
7642
8241
7773
7277
8374
8276
7758
7785
8697
7582
8579
7908
7418
8169
8121
7529
7966
7518
8287
7979
7036
7422
8193
7106
7341
7667
8036
8629
7957
8714
8529
8148
8193
7133
8298
8173
9819
6914
8246
7025
7947
8238
7264
8471
8164
7123
8348
8434
7323
7653
7973
7013
8005
8236
9148
8757
8261
8571
8269
8039
7327
8407
8011
8820
7760
8307
7548
7958
8613
7471
8552
8228
7231
7046
7253
7938
7844
8021
8807
7773
7979
8995
7943
7632
8965
8193
7963
7486
8419
8676
8696
8041
7835
8315
7980
8067
7150
8158
8294
8943
8131
7903
8533
8020
8111
7430
7898
8166
9241
8017
8001
7940
8179
7894
8918
7429
8374
7581
8114
7096
9092
7795
8134
8836
8212
7938
8960
7940
8282
7501
8702
8220
7612
7994
8968
7784
7335
8059
7734
7653
8044
8090
7280
8044
8106
7591
7940
7991
7169
8287
7457
8241
7950
7911
7209
8136
8251
7312
8412
7935
7409
7946
8073
7796
7769
8407
7603
7164
8242
7973
8174
8093
7360
7956
8265
7152
7408
7526
7180
8058
8140
7544
7913
8595
7534
8037
8715
7679
8006
8153
7595
7862
8628
7455
7804
7170
7272
8141
8083
7177
8130
8188
7307
7937
8144
8601
7679
7775
7727
7901
8116
7384
8258
8502
7590
8374
8268
7646
8063
8134
7328
7880
7980
7361
7305
8262
7608
8164
7926
7169
7608
7883
7312
8414
8395
7000
8262
7851
7315
8070
8100
7225
7083
7706
7402
8461
8213
7148
8300
7984
7564
8133
8774
7321
8050
8145
7430
7971
8137
8477
8197
7419
7528
8252
8336
9102
7370
7178
7720
8584
7934
8855
7887
8307
9117
7864
8269
7556
8324
8321
8983
7981
8070
9056
8010
7853
7540
8292
7990
7718
7533
8140
273067
7626
86166
8431
8047
8237
8684
7775
8052
7423
8384
8282
17352
8007
8231
7674
7414
8400
7687
8143
8204
7313
7986
8131
7723
7846
8177
7617
8108
7856
7605
7789
8062
7282
8030
8131
7410
8128
8041
7219
8076
8378
7464
6717
8395
7478
8333
8128
7258
8184
8210
7517
7979
7572
7712
8056
8465
7615
7983
8144
7245
8165
8044
7241
7779
8625
7660
7917
8230
7620
7925
7478
8235
8159
8254
7352
7927
8447
7718
7867
8383
7820
8135
8644
7441
7887
8065
7871
7876
8102
7890
7426
7775
7378
8145
8253
7569
7916
7702
7659
6994
7871
7619
7795
8128
7418
8050
8041
7629
7102
8407
7363
8301
8081
7776
6906
8384
7603
7882
7220
7517
7983
8109
7558
7979
8190
8835
7748
8773
7559
7994
7917
7753
7786
8120
7272
7651
6969
8559
7974
8397
7251
8129
8276
7611
7766
8219
8615
7897
8215
7284
8177
8175
7573
7836
8138
9298
7789
7953
7419
8140
8473
7719
8184
8281
7340
7374
7872
7314
7425
8234
7510
8103
8123
7697
8865
8176
7348
8149
6942
7774
7957
8144
8593
8069
7454
9138
7988
8039
9014
7776
8179
7466
7788
8530
9033
7871
8133
7553
8174
7904
8911
8258
7827
7761
8124
7993
8513
8322
7884
7799
8205
7774
7110
8332
7774
7538
7934
8066
8819
8230
7963
7733
8085
8268
7227
8279
8148
9025
7974
8077
7774
7512
8229
8885
7557
8319
7794
7682
7984
7718
8143
8223
9057
7912
8232
7655
7731
8036
9208
8015
8513
7618
8039
8372
8827
7829
8174
10693
7539
7227
9057
8086
8016
7379
7913
8138
7389
7866
7738
9123
7857
8412
8798
8081
7029
7175
8332
6939
8536
8074
8044
8597
7995
7930
8834
7701
8125
7593
7972
8308
8979
7938
8025
8924
7758
8207
8220
8019
8311
7269
8218
8153
7579
8182
8251
7871
7114
8033
9066
7948
8333
8885
8194
8329
7632
7901
8234
9292
8032
8215
7578
8198
7959
8699
7205
7364
7672
8231
8173
8935
7635
8234
9210
7917
7711
8957
8308
8257
8025
8265
7964
7377
8174
8614
7615
7863
8344
7774
7932
7917
7639
8035
7499
9159
8278
8205
9148
7938
8093
8959
8044
8189
7800
8172
8082
7362
8020
8144
7973
7639
8527
8441
7994
8558
9117
7895
8118
8730
8120
8108
7832
7784
8142
7842
7869
8284
7439
7779
8150
7603
8670
8317
8716
7962
8186
7507
8010
8205
8841
7086
8251
8903
7937
8512
9135
7917
7977
7331
7126
8809
7281
8105
8024
8444
8157
7998
8957
8102
10156
8066
7918
8139
7273
7808
7835
7075
8023
8009
8251
8125
7620
8222
8354
7461
8335
8172
6882
7697
8135
7571
8097
8097
7111
7846
7933
7341
7715
8316
7209
8013
7871
7569
7974
8234
7527
7619
7307
7194
8071
8192
7164
8281
7897
7229
8144
7785
7650
8172
7995
7600
7923
8296
7713
8074
7695
8375
8206
7871
7979
8334
7971
7350
8087
7025
8010
8238
8188
7871
7953
8302
7370
7711
8205
8071
8098
7850
7510
7979
8326
7790
8134
8061
7830
7313
7943
7381
7637
8009
7640
8093
8291
7601
8328
8246
7505
7859
8134
7557
7938
8052
7352
6818
7557
7456
8313
8114
7989
7920
8046
7636
7514
7810
7214
8142
8214
7226
8143
8279
7218
7994
8520
8886
8153
8149
7292
8387
7972
7433
8051
7461
7230
7973
8207
7595
7813
8097
7343
7833
8125
8310
8000
8415
7794
7841
7912
7440
7928
8247
7394
7191
8483
7831
8234
8199
7052
7924
7863
7318
8158
8241
7199
7932
8117
7338
7357
8208
7025
8603
7169
7589
8164
8374
7441
8046
8518
7673
6943
8028
8960
7891
7936
7571
8007
8020
8904
8134
7902
7577
8225
7936
8690
8343
7885
8775
8004
7590
7829
8103
7671
8940
8176
7949
7491
7803
7769
8576
8348
7989
9023
7989
8031
7591
7731
8160
8691
8034
8068
8715
7766
8180
7404
7892
7955
7334
7163
7993
8834
7846
8259
8835
7669
7911
7361
8256
8022
7575
8171
8315
7954
8103
8177
9007
7828
8364
9045
7966
8375
8862
7912
8045
14151
7069
6941
7214
7731
8134
7702
7823
8080
7415
7811
8776
7534
7861
8332
7266
7933
8465
7368
8021
7997
8152
7792
8002
7304
7986
8372
7577
7894
8165
8009
8169
8258
8789
8010
8359
7098
7934
8089
7619
8362
8230
8773
8475
7961
7425
7912
8076
7899
8296
8830
7759
7632
7981
8194
7715
7984
7715
8292
8246
7949
7276
7805
8300
7569
7921
8214
8498
7847
7935
7354
7852
7724
7497
8064
8343
8528
8039
8336
7548
7894
8098
7470
8207
8487
7205
7698
8199
7943
8028
8413
8545
8074
7930
7403
8389
8175
7588
7869
8328
7139
8139
7903
7194
7147
7768
7332
7897
7918
7361
8046
8045
7539
8196
8220
7625
8408
7977
7753
7853
8097
7481
7738
8654
7268
8283
7910
7442
7712
8082
7739
7835
7428
8360
7869
8151
7441
8072
8213
7210
7903
8493
7410
8133
8068
7124
8414
7974
8031
7978
8123
7758
8374
8117
7470
8202
7777
7507
7968
7892
7830
7958
8134
7593
7933
8137
7378
8061
8136
7138
8369
7092
7427
8017
8332
7468
8172
7995
7415
7983
8054
7267
7850
8415
7569
7636
8349
7294
7865
7613
7550
8210
8082
7593
7904
8290
7496
7879
7599
8576
7815
7951
7010
7939
8067
7571
7880
8297
7603
7938
8229
9345
8274
8381
7606
7855
8129
7838
8225
8361
7499
7985
8098
7472
8122
7744
9490
8423
8087
9331
8091
8308
8996
7811
8161
8594
8173
8317
7413
8211
8318
7627
8074
8300
7767
7977
7281
9099
7910
8012
9109
8282
8311
7543
7989
8468
7413
8121
8282
7558
8153
8210
8841
8156
8604
8592
7835
8228
7210
8142
8287
7272
8113
7071
7586
8178
8665
7364
8261
7994
8805
8204
8112
7847
7928
8240
7375
7827
6889
10003
8498
6925
11271
8400
7534
7461
7772
8364
9082
7924
7101
8476
8257
8233
8512
7958
8392
7902
8359
8231
8894
16806
7571
7415
7892
8206
7092
8130
7998
7739
7168
7376
7733
8232
8035
7399
8140
8057
7334
8003
8264
7723
8021
8082
7835
7891
7965
7751
7880
7458
7395
8152
7971
8481
7303
7828
8319
7510
7400
8393
7590
7984
8025
7391
7620
8210
7375
6994
8149
7369
8066
8176
7310
7639
8350
7062
7984
8379
7619
7923
8483
7470
8066
8039
7469
7835
10835
7973
7800
8076
7200
8145
7970
7441
7952
7414
8000
7945
7773
7701
8365
7962
7169
7874
8202
7910
8170
8061
7753
8243
8056
7529
8135
8259
8014
7713
7998
7714
8102
7964
7303
7820
8042
7389
7620
7953
7558
7797
8107
7425
8059
7830
7150
8894
8144
7724
7873
8153
7305
7810
7997
7474
7378
7417
7587
7952
8150
7509
8015
8133
7642
8065
8254
7293
7856
8071
7580
8132
7877
7564
8140
6824
8595
7601
8195
7160
7932
8087
7510
8081
8181
8477
7878
7989
7724
7569
8082
7651
7026
8074
8844
7780
8004
7406
7775
8274
8793
7806
8155
7871
8102
8483
6949
8338
8065
7396
7996
7059
8555
7138
8139
7590
7849
8143
9010
7874
8201
8964
7947
8086
7637
8128
8251
8839
7107
8241
7507
8255
7428
7502
8476
8115
8681
7804
8115
8679
8199
7410
7370
7974
8099
9041
8277
8139
7282
8161
7917
8344
7870
7928
8561
8025
6976
10560
8072
8223
8100
7923
8071
9190
7619
7951
8994
7517
6982
7368
8082
7407
9998
7667
7751
7973
7496
7494
9887
7289
8396
9099
8021
8333
8715
8274
8089
9064
7325
8312
7282
7958
8350
7417
7896
7928
8779
7028
8285
8574
8231
8151
8761
8075
8220
7689
7866
8469
7631
8073
8143
7525
8067
8185
15717
8053
7818
8324
7669
8420
7502
7595
8357
7677
7818
7392
8394
8139
8386
7696
7910
7794
7271
8003
7987
7613
8162
6923
8421
7959
8197
8899
8117
8328
7567
7347
8198
8752
8244
8427
8967
8223
7030
7341
7833
8137
8699
8124
8111
7322
8767
8106
7770
8614
8118
8117
7412
7981
7996
7249
7923
8072
7142
7876
8303
7594
7934
8191
8605
8244
7873
7113
7512
8337
7564
7912
8436
8452
7979
8003
7616
7764
8000
7190
8264
8103
7533
7750
8492
7592
7122
7219
7653
7834
8189
7461
7776
8129
7603
7059
8182
7794
7756
8005
7572
8030
8453
7394
8014
7410
7644
8105
8214
7360
8118
8044
7177
8071
7958
7251
7903
8254
7468
7836
8255
7287
7833
8182
7873
8231
8098
7576
7833
7997
7391
8160
8434
7600
7339
8196
7191
7749
8194
7560
8054
8247
6954
8153
8058
7311
7799
8210
7368
7830
8071
7343
8606
8153
8153
8108
8037
7155
7984
8020
7520
7380
7072
7539
7928
8097
8292
8084
8141
7196
7794
8948
7609
7086
7095
7249
7287
8171
7650
7139
7530
8234
8282
8456
7598
8383
6970
9174
7069
6651
12091
8439
8217
8941
8304
6938
7920
8299
7301
7649
7135
7421
9184
8314
8203
9078
6917
7902
7433
7553
8216
10140
7007
8174
9276
7843
8351
8903
8404
7072
7507
8135
8352
8753
8287
8419
8907
8572
8316
7639
8395
7980
7429
8332
7881
19245
7622
7033
7682
8077
8115
7271
7988
8105
7382
8138
7934
7568
8334
8136
7659
7811
8560
7451
7811
7798
8006
8045
8199
7610
8391
8215
7533
7888
7953
7812
7943
8257
7153
8020
8142
7590
8124
8215
8702
8133
7701
7800
7861
7892
8980
7960
8202
7553
7453
7948
7364
8103
8259
9068
7999
8055
7548
8173
8395
7582
8015
8193
7587
8071
8064
9096
7977
7613
8820
8235
8056
7333
7919
8269
8997
7953
8339
7220
7928
8155
8959
7923
8166
8986
7737
7606
7478
7871
8281
8124
8412
8183
9034
7855
7887
8318
8059
8163
7369
7971
7982
9124
7989
7181
7695
7630
8100
8374
7488
8362
7970
7625
8117
7400
7357
8013
8289
7604
7933
8281
7066
6821
8118
7611
7855
8148
7374
7698
8215
7721
7561
6872
8401
7970
8037
7799
8182
7961
7491
6753
8151
7307
7691
8124
7231
8170
8338
7512
7876
7894
7882
6871
8149
7572
8357
8415
7225
7983
8065
7370
8312
8299
7580
7953
8184
8353
7888
8082
7180
8536
8251
7371
7910
8178
7390
8090
7897
7659
7664
7241
7354
8201
8367
7493
8025
8297
7389
8079
7905
7601
7804
7938
7374
7856
8213
7383
8297
7754
7971
8136
8239
7262
8020
8070
7216
8378
8579
8032
7919
8149
7364
7969
8195
7286
7708
8379
7597
8113
7050
7401
7776
8291
7618
7884
8061
7969
8378
8320
7748
8033
7985
7315
7452
7056
7522
8259
8154
7444
7980
8174
7440
8004
8478
7429
6831
8354
7379
7848
8351
8940
8270
8202
7610
7311
7045
7512
7996
7926
7329
8121
8096
9181
8218
8496
9343
8352
8306
7375
7938
8486
7502
7874
7800
7718
7964
8232
9145
8176
8389
7497
7847
8490
8247
8023
8193
7758
8048
8205
9153
7842
8276
7611
7471
8241
8870
8131
7693
8906
8067
8289
7803
7014
8400
7491
8097
7931
8819
7994
8187
7559
7431
8224
9249
7927
8455
9015
8184
8374
8842
6992
7558
7507
8277
8013
7406
8319
8192
8845
8175
8553
8854
8307
8005
7377
7549
8172
8707
7931
8548
7710
8304
8309
8923
7841
8076
7268
7057
6974
10229
8056
8213
8985
7993
8422
8751
8398
8271
8929
7879
8412
7268
7875
8167
7310
8476
7713
7652
7133
8045
7566
8202
7661
8913
7811
8442
7558
7825
8260
7733
8564
8038
8886
8067
7974
9135
7632
8355
7515
7924
7856
9046
7789
8220
18869
7112
8135
7659
7403
8013
8114
7306
7873
8216
8125
8277
8280
7203
8201
8268
7202
6924
8205
7124
8015
8155
7405
8049
8374
7187
8032
8436
7536
7536
8252
7337
7997
7828
7128
8057
7987
7292
7456
7371
7779
8082
8104
7420
8138
8140
7333
8137
8821
8031
7964
8035
7593
7734
8252
7252
8200
7276
7800
8106
8041
7592
7700
8218
7703
7789
7982
8396
7598
8150
7596
8091
8374
7487
8110
8246
8288
7899
8121
7872
8041
8402
7851
7835
8123
7028
7362
8274
7432
7988
8186
7491
7698
8315
7353
8523
8212
7413
7917
8357
7255
8173
8153
7451
7411
7931
7018
8130
8543
7410
8517
8090
7396
7994
7434
7531
7970
8087
7389
8140
8069
7291
8092
9072
7661
8005
8312
7508
7723
8097
7384
8114
7728
7769
8129
8210
7094
7838
7915
7491
8220
8082
7512
8041
8219
7390
8159
7950
9085
7856
8329
8152
7287
7892
7563
7890
8149
7526
8274
7807
8777
8241
8148
7574
7564
7074
9200
8143
8196
7554
8423
8291
9220
8431
7076
9074
8549
7058
7886
7492
7636
9213
8122
8331
8633
8132
8097
8840
7748
7595
8683
8239
8143
7369
7891
8541
18861
7593
6943
8457
7808
8482
7784
6938
8119
7289
8189
7392
8359
8155
7204
7657
7893
8158
7637
7958
8417
8203
8096
7693
8924
7772
8495
7733
7964
8272
7279
8184
8499
7448
7952
8140
7791
7730
8216
7274
8093
8483
7753
7792
8225
8114
7655
7098
7090
7344
7973
8615
7979
8132
8682
7133
8671
8748
6884
8537
7683
8360
8519
9151
6997
8057
7603
7909
7938
8820
7707
8285
8477
7887
8058
8730
8488
8020
8094
8365
7983
8583
8279
7882
8885
8409
8033
8641
7274
8615
7057
6973
7916
8841
8201
8225
8163
8071
8158
7374
7789
7915
8299
7828
8017
7429
7572
7785
8363
7658
7931
8175
7006
8053
7790
7830
8119
8189
7333
8160
8079
7076
8039
7958
7753
8321
8348
8456
8258
8218
7156
7949
8136
8374
6948
8299
7205
8276
8167
7149
8253
8357
7578
7536
8164
7673
7864
8119
7692
8128
8194
7761
7540
8122
7574
7913
8297
7338
8410
8053
7360
7941
8015
7384
8199
7685
7722
8366
8001
7649
8135
7822
7813
7087
8135
8692
7818
8092
7347
7591
7961
7458
8174
8282
7292
7950
8170
7210
8002
7409
8573
7687
8210
7398
7925
8000
7219
8135
8611
6943
8475
7794
7588
6850
8421
7452
8493
7252
8117
7594
8620
7255
7769
8296
7124
7873
8033
7447
7430
8686
7471
7831
8271
7651
7795
8231
7148
7819
8313
7451
7271
8109
7588
6843
8406
7605
6938
7092
8611
7935
7003
8958
8471
7113
8882
7960
8127
7102
8112
8435
8553
8223
8208
8517
8007
7272
7886
7995
8059
8736
8421
7979
7784
8378
8119
8293
8394
8384
7208
8381
8232
9205
7991
8193
7776
8093
8507
9018
8094
8217
8736
7944
7934
6703
7609
7892
7651
7974
8138
8835
8284
7932
8886
8322
8142
7518
7946
8219
7704
8090
8357
8101
7649
7824
9087
7874
8092
7190
8228
8272
7608
8302
9020
7598
7758
8184
7548
8157
8465
9005
8156
8483
7374
7953
8125
8753
8197
8376
7551
8015
7392
9342
7834
8462
7591
7832
8386
9062
7775
8301
9057
8134
8054
7563
8072
8313
7813
7762
8192
6989
8157
8166
7485
7574
8156
9002
7914
8142
9007
8261
8205
7619
8022
8011
8861
8241
8585
7279
8402
8420
8991
8051
8470
7435
7994
8179
7189
7415
7713
9143
8117
8053
7614
8079
8432
8890
7998
7704
7399
8063
8286
9038
7819
7754
7830
7397
7193
7131
7330
7779
8052
7337
7935
8048
7639
8158
8583
7353
8020
7915
7600
7866
8018
7410
7774
7512
7430
8213
7590
7213
8113
7885
7439
7871
7437
7596
7902
8132
7259
8394
8320
7395
7831
7130
8424
8172
8094
8628
8152
8056
7892
7868
8414
7938
7903
8388
7297
8212
8227
7235
8015
8140
7194
7990
8314
7184
7912
7917
7444
7835
8025
8080
7243
8162
7369
7901
8321
7769
7965
8183
7601
7797
8402
7500
7831
8082
7471
8477
7921
7280
7317
8230
7470
7882
7924
7733
7753
8189
7677
7523
8005
7609
8030
8366
7610
8102
7675
7907
7666
7607
7948
8010
7754
7304
7783
7911
7769
8189
7792
7487
6930
8428
7447
7959
8065
7148
8175
8160
7644
7984
7994
7576
7910
8046
7912
6891
8182
7019
7098
8160
7639
7816
8070
7292
7958
8207
8062
7773
8068
7554
7965
8241
7366
8086
8040
7736
8878
8187
7408
7992
8319
7697
8220
8298
7456
7388
8518
7897
8340
8225
7372
7840
8151
6991
8286
8723
7753
7829
8628
7353
8533
8139
7500
7828
9145
7686
8152
8018
7578
7718
8066
7346
7969
7227
9124
8055
8153
8957
7836
8413
8917
8081
7975
7597
8232
8179
8869
7964
8153
8821
7515
7969
7789
7102
7994
7471
8297
7982
7529
8034
7971
7420
8098
7875
8633
7829
8266
7595
7878
8230
8943
8488
8179
7752
7827
8155
7397
7832
8239
19825
7952
7347
7425
7914
8148
7338
8121
8309
7531
7939
7437
8022
8099
8355
7651
7863
8194
7358
8104
7410
7253
7923
8205
7251
8150
7935
7914
7848
8196
8006
8187
8247
7144
8694
7878
7333
7922
8215
7780
7943
7836
8661
7966
8360
8820
7895
8262
7087
8374
8109
8699
7876
7986
9015
8011
8476
7481
7608
7920
7969
7507
7874
8105
7391
7889
8033
8554
7925
8270
7398
7753
8152
7264
7671
7898
8217
8150
8015
7626
8158
8102
7620
8019
8214
7573
8130
7996
7697
7569
8225
7391
7940
8337
7591
8307
8171
7373
7953
8294
7168
8054
7919
7578
7442
7615
7743
7787
7944
7587
7876
8128
7337
8031
9027
7638
7908
8302
7699
7818
8718
7129
7980
8101
7776
8107
8347
7779
8240
8160
7591
8009
7507
8372
8155
8324
7160
7998
8148
7560
8113
8282
7238
8123
7998
7633
7798
7925
7470
8001
8144
6995
8570
7846
7815
7857
8073
7841
7952
8283
9908
7269
8134
7501
8033
8055
7119
8249
7794
7551
7179
8338
7186
8029
8148
7737
8012
8051
7195
6731
8096
7366
7875
7851
8213
7967
7829
7678
7682
8214
7651
7940
8201
7451
8143
8237
7276
8112
8105
7196
8050
7951
7610
7950
8442
7571
8169
7376
7377
8273
8149
7611
7923
7979
8004
7658
6989
7649
7751
8276
7374
8230
8378
7674
7995
8273
6970
7804
8647
7692
7958
8295
7271
8280
8155
7435
8070
8101
7370
7337
8397
7415
7858
8370
7365
7387
8213
7786
8167
8101
7374
8150
8172
7361
6787
8604
7410
8026
8072
8776
7857
8161
7317
8112
8727
7554
8013
8031
7026
8174
8081
7315
7985
7472
7346
7813
8509
7178
7914
7919
7449
8315
8215
7849
7887
8347
8750
7735
8167
9154
7671
8310
8077
8281
8311
7355
7789
8226
7342
8224
8016
7491
7600
7874
8857
7958
8145
8942
7987
7873
8842
7416
7172
8993
7944
8211
7514
8400
8092
9035
8074
7122
9061
8233
8225
8394
7316
8030
8958
8060
8550
7543
7681
8317
7394
8041
8252
9041
8235
7750
7689
8030
8095
7748
8179
8255
7673
7896
7714
8623
8565
7831
8058
7396
7851
8235
7272
7591
7333
7633
8112
8292
7950
8120
8049
7630
8192
7369
7415
7885
8144
7822
7808
7883
7403
7780
8117
7476
8053
8042
7756
7952
8252
7487
8090
7691
7090
8224
8056
7503
7762
7724
7667
7802
8162
8534
8139
8073
7236
7878
8117
7447
8015
8184
7374
6990
7949
7667
8337
8231
7178
7968
8091
7128
7371
8333
7358
8125
8076
7525
7851
8275
7313
8453
7951
7636
7778
8250
7476
7870
8005
7200
7251
7210
7153
7894
7999
7590
8006
7172
7892
8013
8676
7451
7930
8174
7315
7800
8035
7435
8007
7794
8044
8092
8213
7473
8094
8043
7134
7669
8110
8014
7933
8038
7579
7960
7875
7825
8137
8013
8205
8161
8491
7549
8040
8409
7610
8142
7974
7666
6990
8095
8697
7309
8138
7610
7782
8266
7428
8408
8258
7762
7729
8035
7405
7878
8325
7410
7338
7199
7297
7893
8412
7630
6887
8074
7738
8338
7835
7332
8375
7546
7537
8055
8291
9017
8213
7339
8949
8043
7935
9531
8117
8288
7492
7920
6823
8482
8068
8265
7543
7668
8535
7519
8062
8341
9139
8177
8093
7625
8079
8245
9063
8130
8373
8186
7232
7652
7676
8107
8360
8982
7682
8096
7476
8490
8312
9042
7981
8033
8953
7917
8228
7595
7394
8293
8928
7880
8545
7158
8072
8112
7456
7643
8480
9051
8098
8224
8902
8068
7978
8809
8424
8793
7933
7906
8536
7386
8441
8322
19981
8193
7538
8589
8271
8048
7712
8034
8205
7645
7069
7384
7633
7953
7973
7517
8155
8024
7389
7970
8095
8480
8220
8013
7579
7713
8179
7368
8266
8179
6953
7832
8076
7258
7896
8164
7772
7879
8091
7434
8229
8415
8363
7944
8170
7220
8121
7733
7928
7855
7656
7629
7949
7990
7950
7370
7908
8144
7271
8208
8002
7289
8300
8013
7383
8115
8043
7183
7744
8071
7348
8046
8298
7867
6775
8130
7446
6892
8031
7317
7945
8284
7391
7723
8227
7476
7225
7171
7090
8257
7759
7588
7995
8302
7654
7534
8630
7632
7952
8095
7800
7964
6808
7719
8072
7476
8303
8300
8004
7579
7851
7914
7697
8025
7356
7225
7856
7984
7522
7939
8214
7320
7923
8153
7082
7957
8261
7349
8179
7913
7556
8135
8052
7567
7178
8016
7892
7515
8394
7573
8055
8226
7894
8053
8230
7158
7995
8556
7266
7948
8292
7553
7192
8320
7585
8164
8626
7047
8209
7115
7198
6736
7579
8563
7702
8361
7398
8134
8247
9228
8315
8339
7430
8213
7785
7471
8194
8232
8816
6971
7951
8153
8039
8233
8656
8231
8002
7338
7655
6932
9517
8199
8295
9039
8024
8181
7563
7639
8187
7539
8011
8212
9225
7784
8336
7472
7987
7954
7891
8377
8175
9193
7699
8166
8958
8031
8197
7679
8540
8403
9073
7969
8313
7612
8055
8198
7569
8797
8397
8062
7826
8241
8675
7938
8361
7612
7602
7176
7237
8232
7896
7712
8200
8007
7577
8246
7371
9119
7826
8001
7664
8230
8122
7888
7778
7533
10405
7844
7985
8733
8496
8114
7537
7841
8356
8353
6949
8415
8594
7904
8276
7439
7856
8372
8342
8241
8144
9095
7759
8244
9025
8135
8120
7947
8010
7956
7471
7781
8249
7490
8125
8189
9078
7907
8295
7505
8013
8201
7813
8142
8466
8837
7186
8210
8920
8358
8092
7512
8225
8321
9003
8370
8762
7576
7874
6994
9302
7805
8091
9041
7932
8557
7923
8082
8144
7275
8213
8171
7592
8126
7644
7487
8064
8089
7673
8230
7801
7092
8431
8316
9723
8192
8215
8897
7872
8245
7645
7317
8032
8801
7586
7765
8056
7267
8072
7114
7437
7890
8313
7297
7990
8435
7784
7984
7980
7620
8011
7406
8071
8138
8400
7602
7815
8207
7189
8117
8158
7230
7971
8283
7217
6846
8416
7411
7871
8216
7085
8193
8092
7335
7884
8107
7731
7768
8220
7410
8343
8403
7594
8235
8171
7661
7889
8219
7841
7772
8159
7563
8251
7961
7331
8422
8106
7287
6917
7591
7553
7870
7729
7613
7950
8285
7374
7945
8874
7595
7975
8179
7232
8159
8203
7159
7964
8076
7737
8044
8122
7614
8061
7996
7729
8019
7607
7369
8211
8251
7507
7759
8564
7395
7753
8241
8284
8261
7946
7769
7985
8234
7290
8093
8118
7180
7630
8182
7161
7957
8082
7409
8072
7996
7283
8404
8200
7662
7839
8049
7861
7892
8154
7234
7285
7911
7521
7932
8194
7217
8224
8178
7270
7934
7589
7539
8074
8225
7322
7956
8249
7409
8324
8194
7435
8166
8098
7589
8210
8372
7180
7409
6800
8537
8136
8037
8897
7920
8246
7495
8237
8107
7940
8195
8235
7721
7110
8197
8667
7866
8180
7390
7453
8283
8963
8194
8381
9066
7856
8381
8005
7451
8284
8676
7735
7972
8942
7947
8015
9130
8070
8253
8754
8377
8209
7513
8085
7972
7958
7169
8220
8030
8153
7990
8887
8002
8372
7651
7953
8701
7468
8131
7701
7822
8094
8019
8908
7876
9164
7400
7904
8322
7343
7898
8256
7664
8058
7350
9446
8244
6958
7527
8381
8013
8541
8276
7999
8840
8092
7936
8835
8125
8137
8589
8098
7379
8133
7913
8312
8919
7813
8365
8673
8318
8107
7712
8124
8097
7602
7707
6951
8754
8317
7956
9028
7451
8314
8928
7953
8001
8997
7757
7976
8639
7019
8197
7381
8059
7914
7566
8324
8063
8531
7923
8176
7974
8600
8093
8128
7387
7948
8220
8044
8138
7189
7322
7933
8033
7632
7850
7963
7624
7148
8171
7394
8169
8217
7646
7935
8113
7300
7259
8047
7580
8053
8199
7561
8194
8251
7558
7914
8613
7469
7949
8261
7145
8681
7958
7743
8138
7896
8158
8007
8179
7143
7873
8090
7431
8220
8071
8608
8126
8282
7339
7730
7822
7430
7553
8067
7265
8007
8003
7506
7744
8161
7345
8095
8425
7024
7866
8441
7374
8091
8151
7080
8062
8313
7723
8602
8558
7612
8028
8021
7328
8013
8142
7737
6805
7147
7389
7991
8159
7387
7813
8165
7609
7779
8633
7653
8111
8657
7441
8122
8420
7215
7742
8150
7492
7977
8143
7430
7899
7771
7509
7895
7652
7413
7960
8032
8617
7830
7092
7931
7559
7923
8533
7718
8057
7087
7940
7973
7661
7053
8066
7437
7517
8394
7379
8041
8353
7350
8205
7878
7468
7693
8384
7557
8122
8158
7279
7937
8117
7036
7214
7756
7205
8283
7133
8520
7672
7778
7074
7067
7991
8519
7735
7805
8311
7615
7853
8411
7471
7955
8418
7986
7434
8551
7858
8003
9986
7825
7027
8420
7611
7931
8243
7561
8082
8331
7742
8343
8405
7989
7536
8573
7861
8414
9021
8014
7934
7907
7972
7692
8423
7897
7631
8521
7843
8291
8533
8439
7835
8756
8059
7690
8662
7737
7661
8825
7024
7722
8727
7560
7827
8664
7622
7513
10263
7866
7233
8844
7872
7712
8579
7594
8122
8405
6964
7246
10288
7488
7671
10061
7192
7837
8033
7794
7886
8938
8062
7923
8432
7914
7760
8306
8056
7201
10003
8197
7769
8672
8621
7703
8691
7897
7754
8915
8155
7672
8512
7894
8773
7135
8039
7911
8100
7410
8276
8613
8154
7772
8616
7487
7781
7702
6933
9037
7446
7216
7762
7840
7246
7945
7018
8397
7745
7743
7059
7531
7946
8094
7428
8503
7813
7940
7794
8441
8189
8148
7319
7549
7969
11228
8157
8015
7166
7492
7740
8382
7750
8318
7533
6925
7898
8215
7476
7273
8530
7621
7786
8420
7978
8031
8515
7528
7676
7245
7577
7785
8620
7723
7977
7042
7737
7953
7660
8152
7815
7218
7522
7838
6902
7755
7882
8534
7486
8191
8415
7432
8243
7027
7835
7582
8348
7902
7741
8250
8185
7738
7858
7761
7933
8391
7613
7976
8277
7779
7950
7169
8231
7730
8484
7558
8020
8334
7755
7748
6879
8031
7815
7094
7886
7718
8266
7950
8000
8618
7997
7935
8678
7359
8466
8391
7714
7554
8517
8081
8121
8567
7518
7754
8663
7360
7810
7335
7528
8010
8534
7442
7893
7640
8244
8016
7159
7574
7733
7179
7658
7615
8278
7602
7991
8502
7517
7389
7599
7528
7794
7071
8123
7962
8554
7466
7846
7253
7456
7354
8810
8180
8416
7694
7914
7070
9427
7457
8084
9097
7948
8334
9103
8171
6988
7319
7435
7907
7349
8197
7036
8726
8173
8193
8876
8338
6953
8876
8245
8546
9145
7850
8269
9024
7405
7370
7599
8356
8375
7260
7919
8035
8645
8312
8706
7477
8006
8179
7580
8015
8020
7579
7994
8416
8729
8254
8282
9024
7932
8272
7641
8292
6801
8754
8015
8228
8877
8217
8003
7369
8107
7892
8218
8292
8045
8935
8014
7859
7644
7837
8174
7866
6999
8167
9082
8033
7938
8915
7975
7915
7651
7507
8208
8703
7992
8174
7537
7972
8034
8945
8112
6961
8542
8020
7968
8753
7933
8154
7615
6942
8148
8966
7970
8371
8803
7832
7984
9040
8065
7744
7639
8084
7991
7410
7950
8061
19126
7902
6963
7612
8053
8139
8534
7275
7805
8074
7704
7276
8153
7493
7964
8416
7667
7712
8174
7328
7336
7870
7589
7728
8146
7597
8289
8272
7055
8097
8773
7455
7964
7832
7553
7969
8163
7435
7952
7265
8733
7908
7949
7558
7950
8203
7397
7990
8019
7188
7954
8324
7918
8230
8094
7133
7786
8122
7792
8190
8352
7541
7899
8105
7406
7861
7881
7447
7406
8184
7657
7002
7976
7405
7961
8397
7384
7885
8237
7320
8061
7894
7907
7866
8085
7289
6882
7497
7566
8006
8097
7532
7629
8123
7464
7400
7166
7753
8033
8297
7613
7895
8257
7869
8395
8820
7553
7941
8282
7689
8123
8021
7198
7879
7723
7831
8045
8196
7667
7893
8258
7580
8056
8149
7688
7816
8232
7551
8033
8234
7564
8158
7974
7794
8451
7159
7295
7948
8208
7287
7968
8104
7637
7068
8318
7521
7972
8352
7390
8052
8184
8524
7904
8024
7844
8032
8166
8876
8208
7711
7517
7480
8407
8725
7937
7870
7528
7096
8324
7659
8053
7247
7318
8177
8025
8772
8276
7858
8818
8374
7651
8479
7733
8531
8848
7810
8083
7430
8123
7240
10299
8220
8026
7453
7992
8152
9031
7918
8361
7769
8333
8036
7644
7679
8414
8928
7882
8069
8375
7446
7657
8984
7656
8079
7549
7779
8514
7468
7702
7953
9056
7792
8487
9059
8151
8077
8993
7471
6927
9010
8237
8392
7437
7590
8283
8826
7510
7317
8895
8103
8184
7509
7516
8189
8714
8415
8967
7641
8343
7613
7521
8028
8195
9057
7678
7890
8379
8351
8276
7604
7975
8422
7518
7261
7892
8128
8085
8261
9037
8236
8170
7641
7887
7422
8655
8071
8221
8598
8021
8074
10186
7929
8374
7634
6856
8350
7372
8094
8041
9001
7943
8153
7587
8101
8514
8233
8209
7943
7610
8571
7803
8310
8190
7908
8211
7304
8071
8256
7377
8057
8253
7475
8046
8300
7401
7970
8033
7610
8287
7966
7810
7548
8087
7285
8123
8107
7745
8348
8412
7356
8398
8430
7493
8505
7834
7688
8131
8096
7390
7117
7757
7603
8117
8163
7755
7792
8224
7230
7864
8569
7951
7949
8107
7222
8117
7930
7579
7973
8180
8035
8111
8292
7439
8113
8095
7388
7881
7907
8279
7761
8425
7714
8005
7967
7553
8046
8136
7656
7918
8262
7680
8149
8156
7441
8271
8053
7292
7509
8214
7643
8022
8469
7429
8100
7698
7588
7583
8381
7716
7925
8210
7261
8250
8432
7459
8171
8479
7418
8184
8254
7391
7972
8624
7196
7429
7678
7319
7814
8518
7384
7648
8427
7410
8414
8581
7512
8012
8200
7375
8040
8548
7402
6871
7271
8432
7870
8265
7314
7882
8236
6978
8195
7950
7630
8112
8038
7721
7747
8180
7339
8220
8056
7237
8101
8240
7496
8100
8039
7526
7958
7913
7525
8441
8077
7487
6900
8221
8827
8415
7979
8981
7743
8121
8598
6917
8096
7502
6966
6812
8953
7041
7813
9230
8531
8194
8881
8407
6987
8715
7816
7153
8980
8044
8371
8815
8216
8238
8886
8219
7628
7960
8312
8486
7241
8137
8103
8717
8322
7124
8634
8221
8128
8513
8315
7764
7433
8193
8282
8917
7179
8404
7655
8223
8034
7516
8183
8084
7815
8374
7250
8611
7958
8375
8796
7851
8174
6846
7062
8168
8982
7851
8234
8672
7919
8292
8861
7769
7015
8712
7715
8379
7841
8431
7954
9297
7349
8436
8458
7801
8317
9188
8210
8358
8942
7790
8056
8933
7068
8174
8786
8383
8519
7400
8587
8776
7829
8202
7833
7133
8454
8441
6955
8396
7408
8956
8205
7989
8355
8005
7796
8953
8083
7710
8190
7738
8006
8101
7107
7793
8379
8433
8143
8629
7562
8240
7812
7296
7881
8154
7403
7560
7982
7555
7852
8474
8358
8454
7891
7700
8039
7887
7574
8229
8133
7643
7913
8208
7185
7709
8347
8386
7785
8211
7492
7693
8177
7107
8165
8158
8047
8180
8277
7446
8136
7080
7555
8020
8584
7667
8358
6875
7316
7885
8047
7482
7895
8220
7275
7860
8158
7460
6892
8333
8640
8112
7753
7643
6994
8396
7477
7964
7970
7891
8192
8045
7576
7926
8933
7861
8328
8028
7410
7964
8035
7565
7874
7447
7476
8294
8225
7457
7789
8122
8782
7411
7905
7630
8194
8336
7015
7882
8317
8421
7796
8222
7707
8000
7207
7474
7908
8548
7928
7982
8323
7003
7110
8730
7655
8471
8675
7117
7788
8210
7609
7815
7116
7582
7688
8138
7400
7870
7312
7664
6748
8399
7611
7810
8631
7743
7862
8381
7494
8223
8639
7317
7891
7928
7170
7997
8156
7149
8292
8497
7534
8095
7919
7253
8022
8122
7938
8063
7887
8664
7087
8351
7794
8486
8545
7492
8292
8361
7574
7263
7389
7782
7424
7334
7780
8451
8254
7680
8240
7227
7973
8396
8603
7420
8421
8683
7605
6919
8112
7359
7065
8323
8763
7266
8140
9076
8016
7158
8215
8602
7277
7519
7173
7058
8538
7883
7554
9047
8465
7140
9684
8400
8459
9047
8241
8393
7543
7178
6909
7785
8389
7060
11151
8276
6982
7573
8394
7049
9389
7009
8518
7526
8279
7116
11137
7096
7043
9199
6996
8458
9002
8434
8705
8157
8414
7003
9217
8313
8395
7854
8525
7433
8434
8015
6922
7650
8518
6971
8733
8441
8343
7689
7884
7049
9290
7066
6986
10925
7060
7071
10605
7759
7108
8856
8272
7253
8804
8546
7026
9042
7062
7235
7387
7445
7059
7087
7758
8482
8421
7299
8159
7192
7686
8215
7112
7601
8292
8686
7499
8041
7338
7786
8594
7255
7894
8173
8398
7763
6851
7916
8033
8061
8411
7593
8278
8362
7581
6814
8600
8202
8172
8304
7209
8373
8324
7830
7651
8162
7597
8136
8502
7943
7390
8598
7333
8533
7482
7265
6820
7138
7592
8237
8559
7451
7215
8611
8374
8301
8580
7817
6907
8600
7665
8196
8397
7687
6890
7097
8276
8318
8433
7790
8454
8635
7389
8132
7070
7832
8155
8590
7709
6921
8568
7713
8551
8378
7851
8172
8496
7834
6914
7027
7302
7694
7845
7380
7850
7699
7055
7646
7797
7399
7459
8484
8450
7769
8135
7261
7591
7791
8481
7996
7129
7648
7436
7953
7589
7606
7680
7936
7953
7867
8209
7833
7584
8621
7345
7875
8446
7649
7821
7127
7435
7942
7126
7687
7575
7068
6984
7748
7476
7610
7791
9138
7753
7807
8215
7723
7813
8648
8414
7933
8102
7629
8516
7430
8230
8226
8971
10354
6933
7588
7958
8312
9235
7937
8138
9056
7922
8374
8014
8169
8420
7605
8051
8054
7554
8117
8585
7470
7882
8145
8758
8168
8184
7312
8183
7296
8631
7815
8430
8892
8219
8194
7261
8372
8179
7749
8294
8388
8866
8261
8327
9104
7836
8543
8897
8381
8151
7095
7793
8067
7797
8150
8138
8107
8220
8219
7619
8350
7775
7689
7547
8255
8885
8518
8094
7494
8074
8234
8819
8082
8334
7579
7512
8150
7614
8023
7991
8775
7723
7956
8888
8074
8507
8238
7537
8030
7549
8035
8028
7462
7996
15620
7803
6866
8434
7832
8302
7095
7836
8256
7855
7369
8312
8743
7792
8331
8502
7418
8400
7099
7830
8418
8570
7812
8437
8517
7572
7063
8426
7640
7096
7428
7847
8682
8297
8487
19550
7748
8316
7825
8372
8480
7831
8205
7391
7950
6983
6904
8436
6858
8357
7758
8163
7188
7641
8217
8463
7977
6969
8578
8316
8396
8593
7867
8184
8594
7769
7835
8379
7721
8317
8480
7440
8354
8648
7610
6822
7195
8335
7041
8649
7765
7867
7305
7630
7875
7736
7647
8112
7838
7595
8298
7211
8581
7413
7370
7410
8246
8424
7696
7029
6855
7555
7006
8155
8379
8287
8569
7843
8305
7297
7311
6949
8190
6888
8489
8172
7455
6987
7046
7719
8071
7693
8395
6808
7135
8385
8124
8369
7466
8417
8477
7346
8405
7386
7401
8419
7103
7591
8374
8487
7664
7974
8457
7588
7028
8472
7483
7023
8399
7751
8123
8620
7522
8251
8638
7935
6901
7082
7634
7320
8282
7123
8261
8393
7871
8197
8359
7186
7703
8110
7694
7999
8482
7760
8020
8019
7358
8014
7321
7974
7743
8130
7239
8195
8143
7609
7981
7068
8497
8008
8407
7401
7993
7612
7943
7902
8351
7759
7913
8582
8007
8188
8413
7290
8015
7255
7263
6993
7943
7236
8201
8164
7572
8036
8438
7610
8450
8268
7678
8129
8180
7277
8051
8069
7622
8747
7066
7229
8153
8695
7130
7831
8092
7189
7290
7046
7451
8285
8394
7570
7972
8193
7229
8158
8461
7532
8514
8236
7620
8157
8251
8663
8397
8054
8107
7839
8592
7310
8071
7814
7523
7883
7692
8158
8080
8419
7420
8137
8096
9049
8388
8056
8991
8036
8088
7455
7988
8085
8970
8190
8302
7935
8134
8098
7585
7702
8315
7579
8057
8235
8789
8227
8112
7278
8159
8305
7629
7753
8095
7736
7861
7127
8814
8149
8072
7435
7958
7047
10324
7969
7328
9026
7907
8202
7339
7633
7858
9205
7960
8375
9317
8052
8351
8682
7799
7998
7776
7594
8206
8353
7753
8247
7802
7853
8392
8159
7269
7968
8288
7563
8212
7831
7696
7734
8132
7636
6960
7769
7528
7984
8176
7184
7950
8316
7375
7980
7506
7627
7857
8353
7393
7994
8134
7783
7763
7237
7172
8032
7873
7787
7907
7850
7615
7823
8301
8287
8364
8440
7495
7943
8221
7614
7943
8008
8434
8256
8265
7420
8193
8086
7650
8605
8082
7194
6869
7789
7555
6941
8057
7614
8174
8202
7681
7752
8183
8255
7168
7576
8577
7228
7857
8564
7041
8288
7076
7849
8317
7401
7874
8142
7347
7668
7456
7297
8207
8252
7751
7733
8388
8355
7844
8887
7653
8048
8455
7354
8543
7460
7514
8451
7984
8413
7780
8184
7507
7939
8055
7573
8033
8174
7417
8119
8123
7410
7908
8246
7654
7978
8143
7018
7514
8276
7644
8034
8220
7159
7950
7848
7612
7003
7552
7857
8220
8731
7592
6890
8363
7331
8235
8510
7631
8336
8495
7751
8424
8377
7702
7758
8630
7371
8270
8149
7924
8383
8177
7362
7998
7706
7772
8107
8348
7592
8244
8305
7389
8075
7377
8384
8069
8052
7830
8097
8100
7787
7609
8174
8097
8020
8199
7394
8112
8050
7538
8135
8341
7604
7782
8313
8838
7999
7923
9104
8024
7956
6986
7138
8213
8763
8017
7954
8853
7912
8096
8838
8186
6958
9044
7779
7993
8638
8036
8347
7447
7946
8425
8916
7926
7450
8863
7979
8322
7422
8591
8296
7231
8414
8112
7528
8182
7936
8930
8176
7424
7658
8043
7871
9038
8197
8197
8634
8101
7133
8012
7999
8220
8825
8180
7881
9061
8408
7974
8177
8138
8358
8895
7885
8143
9140
8098
8425
7871
8354
8326
7605
7947
8034
7325
8064
8117
7450
7202
7797
7422
7747
8132
7574
8189
8133
7270
7933
7994
7129
7641
7795
8308
7471
8333
8357
7377
7882
8156
7410
8170
7998
7995
7885
8175
8230
6925
8325
7535
7853
8030
7579
8040
8156
6953
7447
8277
6977
8289
8169
7748
6943
8410
7390
7345
8489
7333
8050
8247
7900
7858
8355
7277
7653
7758
7397
8071
8289
7343
7695
8030
7413
8206
8252
7830
7995
8112
7314
7842
7979
7672
8034
7684
8140
8006
8082
7479
8036
7901
7410
7853
7343
7936
8060
8398
7582
7717
8153
7450
7010
8083
7502
7905
8344
7476
8076
8085
7471
7821
7836
7226
8030
7973
7376
7820
8492
7732
7980
7068
7179
7804
8512
7194
7975
7969
7709
7682
8155
7209
7108
8512
7584
7992
7976
7401
8225
8225
7283
7340
7634
7603
8207
8247
8661
7981
8116
7687
7940
8609
7595
8085
8389
7386
7993
8179
7438
7750
6767
8033
8268
8255
7600
8220
7974
7366
8085
8194
8254
7815
8398
7083
8082
8101
7287
7735
8285
8164
7196
8740
7427
8025
8332
7682
8170
8490
7125
7631
8123
7751
8115
8178
7617
8100
7951
7372
8071
8258
7715
8109
8179
7373
8620
7853
9101
7861
7166
7539
8538
8195
9076
7871
8422
7153
8128
8070
7167
7057
6833
9046
7964
8108
8843
7911
7957
7849
8000
8421
8553
7633
8386
8992
8213
7934
7931
8267
8127
8736
7929
6973
8806
8095
8164
7829
8460
8523
8702
6933
7189
8805
8021
7930
8676
6958
8282
9014
8296
7329
7453
8050
8207
8967
7555
6979
9152
7055
8056
10737
8095
8334
9118
8061
8191
7820
7828
7994
8702
7917
8278
8407
6772
7620
8699
8183
7877
8522
7774
8252
8537
8092
7912
9043
8383
8476
8714
8356
8485
9470
7774
7107
8664
7085
8128
7385
7011
6970
8893
8348
7179
9056
8628
7901
7936
7414
7921
8128
7146
7648
8434
7412
8222
7938
7112
7913
7910
7257
8108
8153
7388
8043
8297
8143
7950
8098
7148
7896
7330
7627
8314
8115
8430
6922
8375
8625
7663
7148
8048
8354
8285
7771
8225
8111
7140
7834
7946
8172
7650
8600
7671
8017
8336
7456
8493
7896
7460
7010
8437
7789
7901
8295
7544
7051
7397
7631
7097
8381
7234
7938
7906
7619
8005
8333
8655
7353
8494
7701
7932
8154
7591
8194
8012
7271
7610
7416
7540
7892
8133
7878
7901
8108
7595
8039
8308
7271
8091
7087
7107
7845
8241
7146
7635
7933
7823
8083
8596
7397
6860
6912
7408
8290
8101
7154
7972
7953
7151
8083
8241
7254
7990
8482
7056
6887
8419
7833
7910
8082
7900
7733
8041
7178
8154
8517
7546
7853
8520
7637
8061
7637
7571
7651
8296
7569
7851
8560
7917
7856
8274
7450
7347
7367
7351
8193
7949
7676
7873
8057
7176
7995
8433
7451
8340
8168
7088
7951
8243
7371
8045
7722
7073
8141
8071
8973
8581
7979
7467
7859
6810
7677
8399
8267
8614
8166
8553
7471
8436
8029
7566
8112
7864
8913
7294
8106
8806
8133
8051
7490
8406
8404
8939
8492
8396
8661
7817
8319
7155
8633
7613
7636
7985
8145
7665
7843
8220
8986
8223
8456
8969
8126
8115
7748
8020
8179
7667
6751
8374
7485
8058
8105
8869
8045
8145
7605
8239
9054
7792
8010
8091
7475
8033
8017
8863
8123
6941
7682
8035
8211
8905
7895
8225
7469
8135
8291
8371
8235
7008
8992
8006
8148
8944
7970
8175
10202
8473
8058
7794
8222
8181
7492
7970
7994
8183
7966
8274
9040
7989
8245
8831
8107
8172
7213
7894
8397
7489
7790
8134
7643
8275
8430
7931
7544
7389
8938
7825
7550
7930
7735
8174
8273
7851
8078
7974
7527
8110
8179
7270
7766
8015
6969
6984
8355
7399
8039
8007
7625
7974
8060
7517
8462
6922
7733
7831
8134
7564
7650
8677
7366
7558
7328
7439
8255
8203
7608
7964
8492
7319
8018
7995
7603
8031
8119
7327
7830
8401
7312
7953
8248
7403
7918
8359
7366
8231
8094
7466
7904
7311
7901
8158
8246
7595
8256
8186
7653
7997
8577
7371
8050
8182
7052
8092
8225
7491
8148
7992
8032
7131
8033
7523
7810
8170
7230
7942
8030
7572
6840
8444
7504
7942
8338
7572
7988
8323
7572
8558
8624
7598
7850
8029
7620
8161
7959
8065
7148
7756
7428
7769
7910
7179
7951
7892
7405
8447
8934
7721
8132
8194
7934
7768
8181
7517
7893
7402
7189
7986
8028
7778
7882
8138
7352
8202
8179
7803
8072
8222
7571
7898
8297
7205
8107
8171
7417
8122
8118
7384
7784
8176
7441
6852
8266
7830
6964
8216
7267
8025
8472
7483
8390
8121
7389
8211
8211
7527
8187
8017
7427
8492
8123
9102
7732
7836
8888
8157
7987
7370
8140
8405
7534
7903
7153
8114
8008
8268
8634
8406
8107
7655
8260
7263
7662
8143
8174
7553
7801
8298
8871
8107
7351
8695
8467
7955
8692
7784
8384
8742
8180
8605
8214
7756
6960
9041
8111
8121
7445
8189
7977
7874
7286
7975
8900
8119
7990
7393
8188
8146
8812
8435
7709
7744
8270
7997
9114
8138
8133
7526
8313
8294
7512
7837
8218
8243
8215
8136
9100
7545
8068
9026
8174
8184
7538
8010
8153
8622
8446
7207
7715
8064
8020
8934
7997
8115
8774
8163
6950
8917
8051
7957
8674
7892
7945
8864
8021
7222
8165
8029
8049
7505
7928
8315
9015
7940
8235
7718
8445
8377
8896
7751
8481
8451
7208
7769
8548
8075
8049
8369
8058
7930
8241
7413
7984
8308
7919
7574
8170
7446
8069
8052
7771
8319
8047
7804
7932
8201
7336
7906
8025
7576
8251
8158
8219
7774
8033
7271
8034
8278
7550
8225
8031
7457
7093
8246
7835
7933
8213
7580
7838
8002
7712
7148
8235
7602
7787
8354
7453
7806
8352
7191
7138
8529
7367
7999
8364
7374
7644
8424
7367
7308
7557
7430
8117
8339
7572
7955
8374
7610
8066
8813
7590
7738
8124
7176
7860
8333
7372
7901
7174
7427
8161
8250
7451
7781
8284
7429
8297
7961
8020
8335
8068
7089
7945
8269
7202
7965
7919
7414
8083
7953
7189
8119
8200
7473
8220
7693
8024
7194
8241
7297
7859
8013
7116
8282
8030
7711
7146
8276
8360
7833
7794
7228
8000
7975
7240
7876
7723
7373
7979
8056
7482
7912
8128
7422
7954
8014
7456
8000
8158
8093
7936
8229
7554
7865
8214
7916
7727
8189
7574
8051
7764
7225
7913
7280
8051
7877
8313
7645
8114
8184
7642
7852
8373
8003
8164
8169
7417
8180
8461
7817
8184
8359
7707
7453
8474
7550
7973
8164
7281
7938
8252
7551
7788
8195
7377
7881
7851
7374
8026
8239
8585
8897
8129
7553
8153
8459
7596
8046
8509
7054
7650
7574
7572
8065
8082
7478
7929
7887
7037
8394
8004
7676
7994
8189
7650
8035
8101
7502
7983
7430
8508
8280
8341
7441
7920
8092
7196
7890
8190
7801
8325
7948
9071
8116
8393
7742
8032
8429
7614
7961
8308
9129
7256
7043
8935
7851
8016
8027
6984
8220
8876
8111
7923
8686
8079
8076
9030
7952
8260
8958
8106
8211
7464
8058
8262
9036
7952
7436
7569
7799
8086
8816
7931
8387
8989
6971
8333
8815
7999
8211
7716
7598
8174
9008
8068
7452
8388
7394
8326
8041
7882
8076
7859
7533
8129
8197
7595
8194
8143
7610
8010
8305
7269
7323
7984
7219
8036
8219
7423
8269
8095
7276
7652
7984
7636
8287
8270
7143
7930
7898
7169
8120
7332
7536
8010
8644
7840
8141
8276
7425
8135
7984
7027
8462
8097
7388
7992
7728
7843
7790
8090
7215
7744
8239
7348
8046
8174
7140
8022
8425
7847
7201
8149
7105
8315
8021
7664
7986
8013
7110
7858
8276
7451
6938
8076
7406
7750
8331
7471
7366
7076
7348
8010
7055
7338
7800
7815
7313
7072
7972
7419
7728
8060
7658
7961
8297
7223
7707
8645
7625
8158
8361
7674
7985
8219
7999
8283
6963
7649
8128
8035
7068
8292
7989
7396
8123
7844
7092
7821
8211
7599
7952
7995
7929
8406
7991
7652
7974
7883
7287
8348
8102
7502
8215
8376
7390
7760
7070
7319
8179
8323
7416
8182
7953
7174
8364
8200
7680
8010
8032
7714
7858
8185
7579
9789
8091
7359
7822
8180
7379
7973
8158
7117
6820
8128
7580
6867
8567
7911
8245
6966
9145
8321
7748
7449
7777
8379
7252
8550
8020
7589
8358
7811
8633
7037
7981
7418
7980
8082
8845
7986
8596
8452
8384
8191
8639
8422
7983
7871
8328
8362
8938
7132
8121
8616
7777
8386
8631
8399
7986
7813
7466
8769
8918
7983
8160
7659
8198
8429
8851
7600
8130
8690
8002
8342
7631
8033
8072
7346
7058
8399
9169
8515
8456
7704
7870
8130
7067
8235
8393
8822
8483
8448
7205
7941
8242
8740
8227
8536
7165
8008
8613
8422
8124
8265
8631
7973
7766
7615
7034
8353
8531
8192
8243
7112
7179
8402
20682
7459
8112
7590
8060
8222
7128
7743
7858
8413
8268
8146
7589
7910
8026
7470
7715
8179
7834
7369
8756
7023
7683
8307
8214
7589
8046
7631
7135
8215
8210
7234
7934
8145
8563
7855
8217
8233
7914
8522
8652
7961
7972
7295
8493
7809
8082
8155
8023
7789
8173
8103
8592
8101
8256
7177
7065
8332
7220
8035
8233
7671
8353
7905
7084
7938
8476
7378
8082
8240
7382
8084
8143
8497
6987
8222
7371
8257
7597
7689
8001
8185
7609
7796
8635
7709
7937
8151
7638
8090
7993
7510
7816
7156
7775
7768
8130
7832
8092
7712
7580
8194
7784
7197
7936
7709
8576
7103
8107
7684
7915
7938
7805
8082
7824
7635
8227
8302
7253
8056
8131
6872
7405
8180
7778
7976
8608
7446
7956
8042
7431
7071
8261
7773
8094
8139
7801
7758
8138
7321
7867
7894
7569
8263
8456
7508
7893
8176
7330
7303
8969
7799
8071
8282
7557
8179
8369
7447
7979
7540
7267
8038
8173
7177
7840
7994
7595
7995
7200
8241
7989
8459
7534
8271
8180
7420
7775
8031
8198
8158
8245
8495
7929
7988
7610
8045
8075
7407
7608
8344
7678
8013
8352
7322
8254
8199
8158
7810
8266
7808
8020
7748
7564
8239
8010
7354
8516
8255
7597
7997
7994
7414
7985
7994
7684
6698
7099
7136
8410
8254
7579
7897
8548
7404
8142
8437
7670
7920
8054
7470
7959
8015
7355
7847
7984
8369
8112
8357
7682
8046
8080
7659
7956
7147
7522
8220
7904
7394
8297
8191
7608
8053
8228
7612
8410
8117
7815
7633
8066
7699
7679
8274
7921
6992
8189
7913
7902
8425
7208
7835
8225
7492
7679
7889
8768
7984
8432
7476
8040
8036
8825
9062
8577
7400
8068
8201
7814
7703
8198
8903
7668
7695
7458
8091
8087
8859
8282
8172
7096
7854
8519
7807
7531
8219
9072
7917
8015
7512
8136
7151
8739
7888
8334
8951
7231
7943
8191
7330
7651
8517
7311
7687
7980
7394
7817
8278
7454
7539
7332
7356
8023
8358
7383
8061
7932
7689
7607
8783
7651
8016
8271
7322
7876
8194
7528
7813
7394
8552
8049
8384
7947
8046
8195
7217
7903
8587
8064
7780
8189
7311
8013
7989
7387
7912
7969
8146
8095
8256
7189
7915
8307
7212
8030
8218
7612
7671
8156
7663
8292
8202
7572
8218
7122
7189
7624
8148
7537
8216
8175
7609
7933
8221
7551
7452
7656
7428
8275
8225
7150
8057
8111
7334
7998
7974
7466
8111
8022
7569
8066
8162
7475
7912
7742
7647
8317
8119
7371
7697
7924
7570
7904
7001
8313
7969
8111
8000
8206
7853
7596
8066
8080
7666
8030
8358
7510
8015
8053
7538
8038
8140
7874
7386
7905
7624
7692
8326
7151
8232
8113
7392
8263
8181
7232
8039
8383
7575
8143
8000
7727
8544
7979
7365
8099
7913
7612
8101
7525
8909
7942
7595
7114
8155
8331
7492
7860
8343
7578
8093
7507
7831
8287
8304
7106
8076
8296
7312
8300
7750
8471
7913
7910
7351
7722
8333
7159
8304
8558
8076
7964
7996
7683
7976
8133
7247
7902
8417
7601
7976
8054
7531
6966
7970
7394
8072
8517
7646
7452
8174
7718
8488
8149
7477
7940
8022
8819
8023
8328
7502
7931
8287
8333
8162
7802
7550
7390
7960
8788
8019
7989
7543
7845
8245
7881
7867
8333
8823
7830
7993
7792
8015
8358
8375
7187
8660
9162
8063
8317
8620
7902
8121
7382
8143
7658
8636
7791
7993
8859
8161
8164
7453
8020
8082
8741
8076
7030
9006
7851
8547
9037
7769
8117
7337
7654
8205
7581
7179
8497
7331
8152
8559
7668
7704
8144
7692
7972
8284
8537
7818
8417
7554
7481
8396
8916
7520
8256
9111
8614
8003
8143
7873
7766
8150
7550
8022
8012
7179
8292
7546
7999
8521
8353
7440
8073
8277
7393
7992
8004
7923
7148
8317
7430
8000
8028
7330
7882
8309
7488
8708
8553
7471
8210
8213
7475
7890
8160
7693
7651
7849
7605
8035
8363
7578
7666
8164
7384
7954
8753
7794
8008
8386
7602
7930
8130
7495
8295
8063
7957
8175
8009
7635
8077
8442
7580
8148
7795
7049
8378
7952
7589
8107
8197
7616
7170
7076
7854
7881
8333
7274
7913
7997
7051
8302
8094
7704
8378
8153
7262
8157
8061
7259
7992
8305
7392
8159
7730
7823
8225
8423
7732
7737
8220
7535
7845
8475
7369
7754
8373
7598
7966
8239
7628
6859
8485
7651
8041
7993
7540
7790
8126
7828
8013
7376
7476
7992
8315
7656
8195
8389
7401
7932
8025
7754
7832
8178
7494
8089
8201
7223
7838
8314
7956
7908
8332
7853
8060
7912
7391
7928
7953
8061
8020
8005
7503
8092
8364
7823
6950
8035
7337
8174
8471
7482
7844
8298
7640
7926
7133
7824
8192
8014
7581
7969
8142
7871
8118
8463
7608
6925
8482
7853
7952
8216
7522
7739
8082
7913
7837
8660
7994
8153
8320
7527
7817
7946
7610
8152
7515
7478
8330
7876
7531
8062
7982
7309
7875
7205
8203
7882
8128
7451
8111
8142
7662
7961
7958
7736
8270
8342
8370
8330
8574
7586
8175
8374
7288
7923
8060
7442
8074
8225
7538
8051
8057
7401
7677
8211
7553
8253
7394
7369
8158
8128
8923
8257
8251
7615
8094
8157
7630
8192
7968
10892
7124
8313
7351
8202
8111
7594
8080
8135
7406
8159
7797
7648
7904
8235
7257
7916
7971
9107
7770
7532
8420
7800
8005
8982
7796
8084
9080
8112
8123
7582
8035
8400
7571
8019
8213
8849
8176
7646
7335
7512
8162
7853
7668
7669
7994
7530
7876
8197
7419
7892
7948
7532
7783
8082
7683
8317
7297
7687
8127
8176
7466
6866
8316
7247
8323
7253
8002
8135
8005
7259
8063
8232
7595
8189
8021
7591
8057
8338
7606
7841
8091
7131
7953
8230
7457
7941
8017
7294
7983
8332
7692
7790
7937
7373
7656
8329
7636
7913
8064
7629
7937
8627
7678
7642
7971
7349
7854
8067
7328
8115
8081
7569
7225
7436
7410
8162
8022
7368
7974
8200
7352
7991
8599
8000
7978
8432
7593
8357
8323
7152
8217
7841
7260
8245
7565
7394
8215
8430
7408
8101
8288
8358
7830
8050
7384
8105
8120
7102
8225
8096
6988
7378
7658
7527
8070
8297
7422
8458
7925
8002
7251
8334
7209
8234
7853
7595
7870
8195
7590
7294
8496
7806
7882
8166
7456
7920
8071
7413
6826
7933
7088
8013
8361
7645
7891
8117
7670
7921
8584
7647
8051
7989
7994
7684
8095
8015
7969
8078
8214
7969
7867
7941
8183
8433
7409
8150
7413
8314
7563
8442
7271
7841
8375
7200
8010
8225
7364
8169
8338
7957
7892
8417
7528
8052
8328
8041
6967
8372
7169
8071
8211
7219
7841
8082
7181
7189
8117
7279
7834
8207
7681
7822
8389
7493
8512
8462
7340
8215
8060
7517
7820
8124
7204
7266
7151
7522
8218
8068
7555
7828
8217
7126
7815
8682
7440
8131
8538
7325
7976
7965
7421
8411
6768
7837
7995
7704
8938
8050
8166
7127
7974
8100
7564
8355
7797
9033
7978
8256
7535
8138
8015
10332
8261
8411
7091
7953
8041
7528
7975
8175
7486
8352
7781
7079
6989
7754
8894
7676
8197
9051
8200
8092
9002
8448
8097
9017
7977
7949
8855
7384
8123
7451
7970
8220
9000
7667
7838
7468
8245
8781
8812
7444
7694
8391
7504
8052
7840
7499
6862
8318
7579
7973
8397
7412
8198
7806
7573
7177
8252
7187
7755
8120
7964
7753
8154
7559
6898
8322
7907
8109
6896
7560
6930
8377
7973
7073
8332
7882
8063
8520
7593
8287
8476
7400
8263
7922
7642
8156
8576
7528
6855
8466
8340
8450
7352
8252
6876
8706
8289
6989
8479
7681
7948
7046
8591
8338
8360
7382
8080
8265
7742
8191
7108
7225
7016
7150
7919
8097
6960
8336
8232
7369
7703
7931
7111
7839
7567
7081
8037
8103
8331
7530
7985
8264
7575
8141
7150
7814
8240
8616
7652
7825
8143
7508
8307
8341
7790
8156
8500
7707
6959
8627
8054
8374
8375
8032
8390
8658
7971
8347
7661
8166
8174
8625
7249
8092
8613
7797
8312
8507
8178
6974
8445
7800
8546
7180
8013
8371
8316
8380
8323
8293
7373
8322
8054
7594
8274
7757
7569
7984
8371
7288
7751
8048
7613
7952
7856
7543
8111
8468
7530
8208
8476
7790
8036
8256
7503
7540
8223
7913
8275
8103
7433
7796
7974
7739
7601
8858
7817
7933
8054
7824
7771
8253
7374
7932
7659
7332
8257
8345
7400
8014
7974
7564
7808
7549
8064
7678
8112
7769
7977
8144
7394
8090
8354
8215
7813
8282
7435
7735
8192
7558
7905
8158
8183
8049
8389
7440
7940
8010
7492
8034
7992
7606
7800
8665
8117
7669
7757
7243
7579
7825
8486
7686
7899
8592
7880
7996
8541
7830
8228
7223
7687
7465
8164
8078
8330
7133
7471
7721
7160
8618
7632
8630
7379
7771
8617
7591
7700
8296
7712
7221
8088
8356
8099
7401
7765
8071
7770
7558
7347
7407
8512
7699
9017
8235
7888
8072
7974
8075
7948
7951
7630
8274
7849
7631
10123
8154
8153
8060
7817
7845
8111
8996
7772
7939
7130
8035
13293
7107
7790
7658
7309
7664
7716
7073
7430
7261
7666
7937
8251
7200
7661
7253
7111
7584
8016
8534
7538
7876
8322
7530
7602
8585
7548
7844
6970
7150
7897
8297
7812
7730
8283
7844
7816
7344
7400
7800
8372
7611
7995
8617
6909
8048
8377
7170
7614
8582
7608
7894
7435
7574
7559
7388
7446
7218
7992
7988
7728
7096
7690
7594
7144
7899
7596
8476
7630
7777
8639
7498
7843
8496
7497
7411
7457
7492
7840
8698
7458
7965
7193
7531
8188
8691
7553
7858
7594
7301
8225
7109
7660
7964
7211
7837
7768
8522
7692
7558
8492
7695
7540
7175
7725
8369
7620
7583
8295
7066
7613
7886
7404
8033
8353
8656
7533
7673
8594
8634
7612
7273
6800
7809
8582
7958
8273
8630
7594
8349
7660
7918
7871
7307
7936
7171
7149
8083
7916
7071
8201
7774
7415
7389
7752
7292
8030
7703
8358
8241
7832
7270
8283
7832
8417
7667
7497
7665
7828
8405
7236
7987
8170
7394
7902
8215
7333
7929
8352
6976
7636
8391
7572
8056
7987
8199
8176
8097
7271
7895
8174
7461
7942
8015
7654
8227
8303
9026
8374
8291
9030
8121
8024
7171
7810
8034
12691
7134
7754
7669
8030
7974
7025
7991
8324
7806
7871
7407
7928
7764
8482
7824
7510
8182
8827
7889
6915
8936
7919
8343
7385
7787
8209
7455
8510
8097
8072
8170
8468
8945
7885
7943
9077
8158
8431
7437
8374
8354
7486
8225
7892
7481
8130
7994
6789
7949
8114
8722
7983
8053
8227
8520
8054
8820
7794
8485
9008
8179
8089
8711
7901
8287
7358
7154
8055
8743
7743
8401
7892
8326
8071
7312
8094
8473
7449
8056
7974
8637
7994
7901
8974
8303
8657
8910
8109
8146
7256
8148
7385
7820
7728
8164
8357
7837
8148
8174
7432
7737
7985
7809
7851
8418
7794
7599
8175
7413
7883
8041
7417
6730
8663
7442
8302
8071
7107
8009
8395
7126
8065
7717
7769
8042
8026
7577
7764
8043
7307
7851
7836
8339
8000
8388
7958
7929
8504
7236
8127
8497
7342
8198
8278
7411
7937
8363
7175
8369
8152
7107
7508
8372
7317
7995
8158
7810
8034
8024
7393
6988
8137
7242
8131
7735
7603
8262
8553
7076
8282
8533
7278
8002
8000
7584
7616
8613
7293
7710
8595
7316
8094
8015
7731
7811
7824
7685
8193
7487
7855
8018
8174
7395
7866
8331
7405
7773
7574
8478
8073
8187
7751
8082
8061
7403
8257
7035
7490
8183
7855
7502
8239
8613
7462
7896
8351
7610
8102
8189
7574
7935
8190
7226
7930
8210
7048
7751
8094
7513
8031
8450
7247
7900
8172
7725
7088
8342
7817
7876
8055
7511
7953
8613
7338
10020
8256
7490
7820
7938
7408
7843
8038
7519
7307
8301
7373
8006
8087
7580
8114
8464
7254
8121
8569
7730
7737
8120
7401
8123
8097
7518
7692
6968
7504
7670
8374
7451
7921
8213
8542
8003
7871
8053
8336
8300
7536
7639
8111
7250
8008
7992
7483
8222
8130
7339
7085
8161
7108
7994
8213
7522
7426
8344
7339
7949
8190
9108
7983
8338
7400
8656
8119
7826
8327
7963
7503
7649
8219
8854
6866
7369
7608
7990
8297
8948
8033
7995
7825
8112
7261
7497
8138
7907
8994
8075
8135
7510
7962
8801
7494
8055
8117
9161
7964
8161
9156
7897
21420
8369
8169
8311
7716
8002
8236
7846
7981
8025
7297
8092
8405
8055
7753
8230
7584
7652
8160
7083
7492
8234
7246
7727
7762
6969
8174
7934
7415
8336
8319
7657
8226
7911
7276
7792
8100
7576
7874
8155
8237
7851
7913
8080
8118
7735
7896
7102
7895
8378
7425
7602
8441
7409
8004
8413
7063
7675
8578
7143
7750
8444
7182
8180
8101
7062
7917
8446
8588
8415
7681
7158
7929
8466
8184
8193
7329
7281
8009
7989
8620
7974
8384
7175
6641
8343
7687
7430
8302
7389
8092
8129
7379
8217
8633
7378
7884
8076
7406
8179
7090
7911
7601
7113
7689
8002
8538
7309
8111
8237
7093
7927
7900
7130
8013
7985
7277
8105
8393
8631
7197
8365
7192
8080
8409
7192
7837
8153
7311
7436
8223
7245
7594
8362
7574
8369
8082
7510
8071
7828
7308
7420
8284
7183
8136
8149
7960
7979
7974
7491
7658
7714
7482
8030
7882
7538
7974
8182
8587
7123
7557
7897
7607
8282
7167
8392
8143
7499
7887
8697
7740
7989
8314
7256
8071
7790
7297
7933
7854
7137
8061
7990
7415
7755
8093
7614
7687
7788
8617
8276
7899
7753
7754
8026
7834
7835
8073
7410
7299
8143
7689
8298
7941
7676
8369
8117
6824
8425
8241
7670
8269
7994
7373
7852
8172
7563
8384
8297
7368
8102
8242
7394
7885
7938
7331
7830
7394
7446
7875
8009
7292
8433
8097
7564
8139
8627
7981
7814
8178
7410
7757
8129
8601
7611
7794
7612
7848
8215
7733
7981
7974
7726
7918
7037
8090
7731
8159
7123
7896
8090
7267
7796
8316
7247
8306
8222
7277
8345
8633
8435
7947
8354
7911
7158
7278
7605
7982
8242
7411
8246
8251
7433
8016
8112
7548
8054
8071
7521
8456
8148
7170
6814
7558
7570
7786
7909
7469
8229
8075
9248
7434
8359
8829
8100
8010
8840
8093
8054
8815
8054
8469
7998
8230
8060
7111
8191
8051
7730
7658
7533
9103
8109
8299
7418
7925
8261
9033
8190
7892
7915
8225
7687
7166
7608
8049
8022
7297
7148
7154
7517
7733
7996
7626
7763
8180
7615
7992
8846
7229
8056
7968
7179
7794
7993
7512
7892
7716
8656
7923
8547
7172
7620
8333
7697
8390
8331
8004
7994
7794
7612
7723
7867
7639
8176
8304
7672
8154
8175
7530
7842
8230
7562
7808
8221
7261
7176
8111
8504
8178
8044
7692
7758
8282
7431
8307
8736
7309
7700
8271
7722
8058
8030
7440
6849
7793
7324
7811
7998
7639
8080
8118
7354
7822
8807
7712
8074
8529
7158
7835
8015
7162
8042
8323
7432
7961
8309
7382
8018
8531
7321
8075
7941
7157
8090
8053
7479
7846
8017
7327
8276
8185
7153
7808
8410
7421
7528
7974
7509
7834
8047
7750
6886
8315
7367
8095
8539
7423
8262
7922
7836
8328
8165
7368
8112
7953
7352
7738
8263
7401
7288
8057
7638
8330
8041
7647
8209
8452
7112
7279
8035
7390
8046
8173
7451
7854
8061
7331
7818
8876
7953
7984
7872
7712
8071
8359
7880
7903
7753
7826
8053
7764
7617
7968
8446
7500
8110
8306
7378
7819
8537
7453
7809
7845
7330
7957
8152
7767
8129
8464
7532
8035
8194
7689
7902
8481
6858
6890
8122
7302
7777
8209
7297
8133
8238
8538
8207
8282
7240
7665
8215
7403
7900
8240
7403
7810
8499
7145
7905
7077
7777
8053
8277
7375
8270
7487
7638
8387
8000
7389
7717
8274
8704
8400
8529
7901
7876
8112
8194
7852
8335
9060
7841
7975
8303
8317
7523
7697
7980
8132
7484
7793
8042
8216
8134
8295
8728
8314
7838
8150
7010
8251
8338
7328
8441
8675
8010
8196
8702
7972
8471
6926
8438
8243
7242
7758
8013
7072
7869
7890
7599
8443
8133
8753
7878
8363
7561
7097
6898
7680
7820
7791
8948
8031
7397
8374
7735
8406
8413
9801
7103
8478
8679
8348
8311
7616
7842
8161
7451
7630
8641
7192
8115
8046
7268
7920
8401
7369
8441
7208
7759
8087
8213
7972
7959
7990
7572
7679
7356
7572
7851
8158
7743
7932
7898
7574
7599
8120
7839
7753
8030
7349
7936
8275
7557
7990
8222
7412
7967
7933
7718
8134
7876
7687
7888
8082
8000
7810
8087
7117
8154
8269
7589
7938
7517
7298
7996
8157
7365
7851
8127
7159
7865
8194
7369
7538
8287
7368
7819
8211
7057
7823
8212
7436
7834
8275
7399
8314
7895
7213
8032
8411
7287
8769
8015
7609
8121
7917
7482
8105
8190
7287
7092
8062
7040
7917
8343
7334
7273
8008
7228
8261
8739
7635
8203
8110
7356
7933
8140
7345
8013
7027
7255
8293
8161
7200
7856
8238
7269
8042
8146
8026
7897
7925
7300
7921
8314
7581
7736
7969
7604
8051
8220
7473
8094
8023
7357
7983
7899
7529
8235
8381
7496
8102
7879
7690
8188
8276
7401
7266
8082
8532
7818
7753
8436
7507
7751
8465
7572
7702
8279
8168
7859
7163
7818
7904
6816
7767
7929
7133
7662
7871
8103
8412
7673
8475
7810
8851
8385
7579
8502
7099
7334
7656
8255
7459
6867
8308
7625
7481
7276
7656
7945
7131
7682
7928
8214
8134
8280
7028
7669
7904
7297
7750
7892
6907
7448
7735
8412
7527
7914
8441
8075
8244
6996
7553
7861
8384
7375
7681
7405
7841
7833
6932
8194
7933
8061
7933
7813
8295
7761
7600
8389
7918
7678
8485
7544
8467
7482
7702
7802
9222
7619
7951
9276
8001
7871
8643
7990
8172
8862
8014
7605
7834
8209
8012
7573
8292
8321
8835
8307
8219
8044
8156
7761
8856
8119
8069
7844
8179
7812
8806
7717
7861
8999
8011
8010
8480
7125
8122
7737
7461
7808
7968
7398
7963
8520
7200
8109
6958
8303
6909
8193
7677
8100
7993
7166
7976
8127
8283
8001
8620
7418
8113
8233
7134
7976
8192
7419
7574
8220
7325
7866
8149
7466
7913
8014
7682
7148
8013
7676
8095
8136
7823
8040
8338
7675
8216
8371
7733
7808
8251
7358
8144
8162
7403
7609
7550
7932
8064
8184
7172
7714
7877
7978
7046
7580
8045
8468
7614
7980
8121
9194
7941
8070
7774
7958
8041
7551
7965
8312
8864
7740
8075
8258
8077
7960
8779
7800
8009
8938
8251
8234
8913
7784
8178
7455
8276
8284
7671
8482
7831
8866
8743
7970
7351
7734
8137
8912
7820
8149
7092
7334
8013
7364
8374
8374
9097
7788
7975
9036
7839
8507
7400
8261
8112
8876
7878
7931
8925
7634
7090
8605
7850
8062
8697
8271
8353
8833
8292
6902
8330
7871
7937
8833
7757
8282
8825
7819
6933
7529
8082
8049
8313
7825
8431
8418
8057
7027
7210
7991
8072
9014
7067
8256
10498
8015
7791
8885
7897
8336
8964
7897
8192
7514
7854
8374
7431
8916
8260
7435
8150
8432
8803
7989
8005
8819
7431
8233
7389
8095
8098
8522
7977
7846
8980
7957
8511
7608
8022
8144
7132
7973
7911
8953
7981
6973
8706
7860
8323
7862
7832
8077
7620
7692
7994
8435
8401
7762
8250
7538
7912
9066
8266
7959
8788
7912
7955
7070
7823
7752
10098
8517
7836
8444
7432
7885
7417
8041
8178
8875
8315
8105
7368
7930
7096
8686
8115
7612
7477
8043
8236
8936
6938
7379
10220
8015
6956
8965
7990
8022
9015
8046
8384
8759
8422
7917
9082
7864
8143
8735
7856
7679
7632
8009
8100
7497
8237
8000
8798
8056
6995
8728
8011
8141
8940
8548
7754
9080
7804
7486
8313
8116
7620
7856
8118
7558
8092
8181
6981
8596
8076
7511
7954
7031
7348
7955
7978
7768
6745
8605
7470
8153
8094
7727
8231
8010
7292
7866
7596
7497
8065
8043
7161
7983
7941
7400
8030
7795
7392
8055
8166
7394
8413
8069
7415
7974
7568
7728
8369
8449
7469
8131
8284
7335
7968
8034
7912
8062
8423
7561
8063
8261
7182
8020
8426
8045
6889
7841
7121
7763
8302
7263
7938
8509
7256
7954
8201
7609
7852
8137
7602
7989
8235
7755
7338
8460
6892
8050
8076
7901
8081
8333
7221
7231
7626
7497
7880
8366
7962
7594
8005
7964
7948
8091
7531
8001
8375
7646
7917
8265
7428
7777
7638
7131
7122
8461
7169
8011
8135
7168
8087
7946
7725
8078
8161
7535
8230
8164
7261
7874
7910
7991
8688
6990
7615
8039
7901
7683
7574
7936
8052
6851
8336
7563
8150
7920
7992
8002
8307
7254
7195
8416
7112
8191
8255
7196
7740
8299
7658
7516
8109
7189
7948
8196
7138
8205
8384
7532
7822
8049
7498
8285
8229
7308
8030
8393
7112
8265
8576
7726
7776
8666
7416
8416
8024
7512
8008
7049
8758
8030
8133
7501
7906
7865
7897
7904
8112
8709
7851
8001
7680
8307
8150
7205
8049
8040
8002
7553
8302
7668
8263
8337
7430
7825
8094
8097
7329
8231
7225
7817
8596
8706
7864
8138
7212
7939
8265
7354
8129
7890
7862
7869
8051
7719
7555
6994
7856
8382
8357
8861
8550
8481
7743
8384
8092
8905
8411
8128
7362
7815
7913
8877
8038
8292
8080
7133
8523
7415
8208
8211
9039
8390
6944
9035
8289
7343
8777
8132
8366
8811
7840
8312
7454
6891
8215
7298
8322
8306
7637
8121
8256
7466
7600
7834
8788
8164
8197
8456
7986
7975
8596
7717
8211
7809
7350
7879
8033
8602
7579
7015
7187
8453
8462
7189
7826
8579
7346
16817
8487
7979
7942
8234
7170
7923
8271
7394
6908
8152
7098
8401
8013
7446
7594
8092
7915
7733
8051
7730
7475
8095
7181
7789
8096
7655
7759
8353
7297
8833
8307
7373
8030
8396
7488
7917
7805
7312
7397
8014
7281
8115
7811
7532
8066
8381
7226
7745
8706
7463
8101
8090
7148
8033
8221
7165
8166
7500
8431
7882
8202
7750
6824
8156
7595
7588
8390
7954
8000
8033
7594
8143
7850
7692
7657
8408
8160
7952
8253
7549
8076
8203
7394
8123
8000
7887
7613
8225
7540
7981
8270
7866
7860
8244
7900
7769
8211
7555
7997
8207
7497
7917
8035
7751
7476
8131
7241
8235
8115
7615
7951
8179
7448
8132
8793
7489
7970
8015
7185
7774
7956
7540
8082
8568
7512
8024
8369
7657
8164
7832
7150
8042
7225
8245
7837
8190
7661
7968
7594
7431
8157
8041
8383
7635
7991
7809
8077
8255
7455
8605
6905
8022
8235
8354
7634
8309
8497
7417
8307
8345
7605
7868
8357
7208
8248
8212
7679
7890
8552
7382
7941
8560
7148
8283
8269
7381
7699
8010
7343
7110
7212
7671
7767
8287
7513
8312
8139
7428
8414
8515
7958
7908
7953
7393
7796
7945
7356
8124
7753
8174
7739
8111
7707
7794
8296
7441
8201
7941
7737
8109
7951
7509
8161
8052
7345
7807
7988
8292
7855
8132
7473
8004
8436
7145
8179
7804
6977
8223
8337
7084
7989
8147
7404
7773
8256
7590
7912
8060
7362
7934
8110
7313
8013
8341
7676
7153
7962
7669
8074
8179
7651
8220
8133
7593
6930
7593
8871
8035
7950
7555
7779
8120
8855
7917
8739
7430
8138
8496
7268
7902
7905
8878
8211
6799
8759
8174
8260
8836
7638
7800
7992
7741
7954
7116
7302
7975
8238
7442
8071
7717
7770
7654
7962
7731
7865
8192
7247
7979
8192
7546
7642
8727
7779
8046
8062
7254
8009
7872
7991
8174
7411
7572
8087
7953
7611
7894
8273
7436
8442
8054
7784
7974
8237
7669
7985
8384
7214
7797
8111
7212
8029
8194
8566
8191
8162
7318
7889
8384
8002
7502
8353
7598
7994
8241
7779
7822
8402
7350
8499
8311
7979
7723
8063
7360
8020
8144
7199
7088
7840
7588
7928
8369
7355
8031
8178
7640
7939
8456
7293
8246
7987
7350
8102
8371
7281
7917
11671
7690
8235
8210
7374
8205
7207
7789
8012
7991
7350
8080
8078
7513
7759
8225
7297
7714
8242
7469
7996
8117
7191
7854
7809
7437
7842
8036
7095
8218
8068
7531
8171
7650
7320
8059
7984
7441
8103
8033
7625
7854
8261
7632
8014
7995
7634
7333
8204
7364
8193
8153
7649
7798
8235
7340
7738
8036
7614
7986
8277
7574
7770
8133
7592
7927
7528
7929
8215
8289
7478
8052
8117
7400
8082
7384
7086
8273
8405
7419
7777
8464
7588
7993
7860
8523
8051
8413
7378
8162
7580
7153
8140
8173
7709
7973
8328
7383
8063
8483
7407
7810
8735
7640
7834
8528
7582
8085
7994
7642
8363
7790
7749
8419
8143
7374
7908
8297
7400
8189
8166
7394
7839
8134
7502
8222
8303
7488
8149
8076
7653
8081
7528
7858
7886
8281
7361
8373
8004
7370
8016
8292
7554
8215
8313
7450
8322
8190
7492
8189
7773
8067
8347
7824
7405
8212
7939
7394
7993
8277
8372
7979
8351
7045
8342
8082
8233
7803
8348
7298
7463
8398
7391
8137
7799
7182
7993
8121
7553
8289
8216
7504
8081
8213
7612
7992
8020
7385
8237
8005
7887
8030
8182
7458
7625
7927
8127
7692
6884
8415
7368
7989
7903
7173
7751
8400
7561
7996
8063
7374
8112
8024
7779
7905
7917
7631
7712
8174
7430
8066
7976
7646
8073
8066
7428
7315
8318
7120
7789
8148
7994
8347
7714
7704
6758
8282
7348
7987
7971
7389
8163
7697
7994
7959
8184
7731
7596
8592
7387
7884
8297
7652
7794
7764
7033
7767
7994
7463
7550
8179
7723
7678
8351
7905
8343
8215
7624
8077
8264
7482
7836
8235
7651
7655
8071
7775
8194
8251
8594
8023
8153
7506
7064
8218
8459
8171
8435
8628
7773
8541
7574
7399
8221
7814
8271
8429
7287
8204
8157
7283
7274
8010
7147
8054
8369
7548
7992
7913
8605
6702
7933
7556
8272
8219
7412
8025
8251
7516
8049
8318
7631
7885
7946
7334
8355
8530
7337
7950
7589
7616
8374
8110
7411
7759
8356
7723
8003
8271
8211
8030
8379
7352
7979
8232
7727
8095
8119
7400
8418
7953
7392
8105
8323
7444
7972
7793
7251
7415
8258
7696
7603
7607
8515
7428
7914
8512
7769
8180
7130
7805
8420
8441
7694
7895
8307
7229
7359
8210
8365
7684
8492
7376
7933
7194
8112
7843
8548
7323
7863
7429
7932
8179
8174
7389
7641
8625
7596
8000
8419
8142
8011
7420
7573
7836
7606
7580
8346
7180
7602
7944
7220
7622
7919
8269
7370
8579
7205
7733
7661
7606
7553
7981
7630
7779
7917
8221
7431
7743
8258
7950
7988
8613
7445
7836
8390
8163
7533
8674
7572
7975
8153
7124
7100
8689
7900
8145
8382
7902
7791
8275
6810
7692
8392
8282
8133
8010
7641
8137
8558
8194
8424
7591
7056
8539
9062
8499
8493
7416
7082
7456
9639
7953
8135
9007
7692
8276
7501
8179
7700
9301
8097
8121
9054
8046
8261
8921
8256
7833
8122
7554
7821
8155
7372
7992
8011
7235
8031
8710
7580
8290
7952
7731
7980
8252
7308
8071
7109
8594
8053
8010
7692
8013
7872
7584
7757
8081
7234
7936
8393
7558
8005
8163
7651
7991
8283
7657
8234
8310
7401
7630
8319
7217
7883
8253
7764
7852
7783
7186
7678
8021
7352
8190
7930
7549
8400
8456
7650
7749
8066
7639
8155
8024
7178
7330
7570
8592
7130
8293
7641
8102
7755
7538
8092
8511
7460
7705
8065
7588
8015
8190
7666
7707
7869
7548
7871
8223
7256
7874
8511
7315
8126
7708
8112
8071
8681
7468
7953
7262
7421
8526
8145
7853
8084
8471
7570
7733
8129
7174
8143
8083
7568
7702
8055
7779
8318
8394
7534
8029
8145
7769
7112
8261
7769
8299
8621
7120
8240
8304
7075
7892
8191
6874
8401
7792
7210
8072
7865
7394
7142
7249
7110
8404
8476
7164
7936
7974
7496
7743
8542
7196
8375
7146
7427
7851
7892
7416
7098
7661
7769
8066
8091
7984
7893
8234
7553
8294
8083
8201
7897
7998
7348
8292
8030
7802
8344
8203
7266
8194
7978
7753
8337
8435
7584
7979
8095
7200
6916
8019
7972
8167
7697
7468
7841
7322
7813
7249
8343
7790
8000
7869
7325
7812
8215
7528
7657
7598
7251
7783
8114
7412
7810
8280
8606
8000
7630
7566
7788
8417
7570
8003
8535
7327
7956
7526
8826
7968
8495
7438
7882
8493
8827
8133
7288
7758
8054
8256
8934
7901
8306
8998
7921
8254
7789
8138
8397
7210
7801
8464
7381
7958
8326
7592
7927
8306
9025
8020
8265
7104
7775
7962
8761
7772
7989
8090
8023
8280
7410
8333
7784
7296
8535
8290
7166
8094
8117
8774
7973
8215
8895
7289
7265
8842
7790
8148
7572
7769
8081
9246
7701
8825
7837
7640
7932
8035
7595
7721
8419
8035
7179
8292
7321
8004
7771
7212
8080
8060
7406
8240
8297
7425
7680
8177
7316
8066
8516
7420
7664
7937
7430
8392
7135
7479
8241
7070
7328
8441
8536
8568
8557
8146
8136
6873
7107
7531
8297
8189
8435
7103
8448
7556
8246
8381
7793
8475
6934
7553
7018
7236
7551
8374
8454
7587
6978
6897
7304
8464
8434
7919
8272
8546
7632
8179
8435
7756
8189
8503
7597
6967
6797
8112
7258
6846
8096
7225
7972
7841
7702
8102
7433
8060
8430
7396
7754
8467
8125
8030
8355
7441
7928
8020
7471
7492
7935
8335
8256
8557
7800
8364
8478
7702
8159
8386
8417
8441
8281
7750
7322
8684
7707
8401
6940
7876
7119
6883
7831
8379
7340
8351
8225
7038
8431
7912
7104
8153
8021
7090
7477
8445
8521
7728
6886
8507
7645
8237
8378
7570
8276
8583
7381
7137
8296
7587
6803
7193
7211
8136
8739
8035
8076
8571
7342
6915
8482
7410
8188
8417
7594
7749
7617
7617
8092
8133
7457
8410
7955
7422
8076
8555
7492
8246
8014
7794
8005
8348
7570
8074
7717
7777
8000
8251
7160
8222
8184
7834
7935
22007
8326
7892
8176
7595
8010
8377
7255
8127
8030
8442
7875
8114
7349
7815
8189
7712
8061
7921
7034
7739
8587
7661
7958
8273
8317
7064
8016
7820
8073
7800
7444
8031
8186
7876
7734
8097
7598
8182
8418
7980
8032
8153
7441
7955
8073
7467
6699
7109
7602
8359
8030
7834
8153
8292
7582
7753
7410
7833
7958
8226
7369
8201
8379
7384
7775
7898
7638
8023
8215
7389
8134
8258
7266
8026
8271
7750
7834
8312
7418
7817
8589
7037
7728
8096
7128
7856
7088
7713
8256
8328
7107
8003
8289
7187
7611
7837
7317
8196
8034
7959
7236
7805
7527
8456
7800
8230
7510
7943
8108
7478
8092
8594
7613
7796
8358
7809
7833
8158
7445
7989
8246
8301
7817
8416
7645
7928
8061
7370
8076
8005
7462
7174
8502
7610
7780
8196
7320
7830
8204
7550
8415
8176
7438
7817
8266
7194
7869
8246
7713
7735
7434
7630
7958
8015
7551
7997
8035
7421
7116
7742
7289
8352
7893
7660
7782
8269
7303
8296
7605
8051
7829
8081
7135
7571
7911
7306
8046
7415
7457
8292
7938
7422
8339
8321
7159
7747
8418
8201
8121
8138
7314
7967
7890
7570
8255
8098
7120
7445
7969
7566
8137
7887
7630
7902
8013
7154
8287
8275
7432
7995
8279
7355
8060
8195
8387
8537
8023
7645
8125
7978
7107
7954
7883
7400
7345
7789
7661
7882
8151
7637
7897
7956
7528
8098
7984
8067
7768
8184
7095
8042
7661
7784
8123
7068
7075
8042
8261
7538
7990
8250
7315
8000
7008
7645
8040
8276
7234
7751
8039
7600
8215
8202
7785
8194
8335
7492
8148
8402
7307
7911
8184
6910
8358
7075
7405
7969
8616
7353
8251
8210
7123
7159
8291
7143
8192
8355
7256
7451
8112
8188
7095
7320
7210
8093
8262
7587
8177
8128
7459
7220
7841
7558
8319
8046
7320
8174
8099
7601
8257
7444
7452
7680
8189
8839
7904
8125
8744
8106
6947
8627
8050
7713
9014
7623
8232
7478
8072
8103
7817
8031
8107
9126
7502
7923
8893
8029
8214
10230
8133
8093
7389
8036
8384
7581
7435
8119
6970
7717
7884
7568
8038
8258
9065
7718
8266
7518
8357
8402
7395
8101
8176
7280
8143
8025
7433
7350
8492
9047
8240
8206
8877
8298
7820
7589
7066
7309
9063
8097
8493
8491
8197
8107
7325
8278
7252
9030
8192
7895
8813
8013
8871
7913
7723
8713
8092
7352
8158
8118
7687
8268
8116
7646
7600
7156
7608
8241
8065
7509
8096
8094
7374
8324
8539
7958
8175
8169
7224
8033
8139
7359
7985
8281
7790
7903
8138
7529
7928
8317
7514
7794
7017
8370
8042
7893
7498
7812
8063
7977
6901
8194
7474
7811
8192
7351
7787
7358
7013
7982
8051
6987
7310
8218
7546
7765
8079
7265
7745
8053
7459
7997
8184
7210
7642
7999
7359
7861
8063
7711
8191
7356
8112
8080
8224
7085
7947
8176
7107
6874
8185
7359
7697
8225
7354
8317
8215
7719
7639
8727
7402
8053
8099
7578
8005
8234
7814
8358
7826
7954
8087
8316
8614
8143
7096
6989
7991
8163
8216
8112
8162
7314
8135
8435
7453
7992
8279
7159
7712
8286
7569
7876
7999
7524
7977
8048
6837
8353
8070
7705
7843
7951
7529
7982
8280
7171
7404
8174
7648
7969
8039
7800
7964
8220
7412
7100
8435
7342
8465
8354
7205
7830
7820
7917
8141
7630
7841
8103
8213
7400
8158
7971
7480
7772
7353
7992
8053
8462
7764
7989
8094
7815
7993
7274
8117
8056
8238
7192
7908
8215
7635
8196
7918
7457
7996
8157
7433
7993
8433
7738
8168
8055
7932
7358
8161
7507
7618
8212
7533
8062
8537
6973
7381
8183
7575
7828
8113
7468
7956
8321
7059
7430
8318
7571
8071
8277
7480
7736
8151
7307
7646
7311
8564
7836
7995
7526
8256
8248
7376
8037
8668
7806
8483
8196
7552
7913
8285
15234
8366
7717
8052
7920
8481
7420
7932
8209
7179
7958
7182
8020
7857
8176
7010
8154
7707
7348
7788
8092
7290
7929
8382
7979
7972
8202
7895
7994
8000
6991
8490
8105
7346
7956
8035
7438
7811
8069
9047
7784
7876
7372
7919
8280
7497
8210
8114
7393
8589
8153
8182
7561
7848
8179
7643
8015
8135
7833
8414
8197
7148
7749
8117
7475
8285
8178
7930
7040
8231
7301
7878
8102
7383
8128
8320
7164
7800
7820
7567
7970
8147
7710
7790
8138
7377
8235
8092
7457
8338
8071
7956
8087
8138
7526
7331
7873
7220
8046
7869
7247
8062
8234
7851
8092
8401
7748
7942
7774
7451
7933
8487
7251
8213
7415
7302
7933
8236
7507
8061
8147
7568
8015
7030
8071
7722
8089
7494
7761
8451
7338
8027
8317
7297
8304
8142
7326
8143
8282
7329
7758
8448
7010
7015
7822
7482
8049
8025
7377
8056
8332
7630
8471
7035
7766
6964
8198
6958
8009
8015
7553
7046
8632
7291
7862
7917
8410
8010
7872
7262
8063
8312
7659
8033
8317
7475
7977
8142
7590
7747
8020
7400
8206
7741
7572
7972
7682
7487
8087
7493
7550
8023
8103
7210
7917
8277
7412
7952
8176
7513
8174
8229
7372
7717
8210
7371
8065
8178
7407
7190
8360
7622
8020
8104
7449
8124
8219
7582
8633
7069
7919
8136
8218
7674
7928
8261
7589
8345
8419
7384
7656
8241
7584
7840
8234
7394
7382
7197
7252
7926
8031
7795
7866
8153
7730
8094
8823
7970
8164
7993
7630
8374
7912
7594
8238
8020
8233
7785
8021
7581
8143
8432
7291
7829
8225
7573
8072
7986
7108
7710
7097
7422
7763
8325
7879
7962
8384
7570
7830
8150
7316
7983
8317
6932
7043
8191
7169
7895
8295
7500
7873
8261
7506
7975
8004
7519
7897
8203
7364
6793
8403
6980
7723
8468
7490
8057
8346
8654
8093
8213
6973
8248
7222
7395
8351
7210
9236
8003
8128
9054
8255
8325
7684
8156
8190
9142
7955
7127
7928
8175
7533
8615
7942
8290
8692
7833
8196
8792
7467
7968
8133
7571
8176
7784
7433
7919
7753
7989
7213
8871
7370
8133
8061
7509
7923
8062
7310
7599
9191
7469
7959
8148
7370
7430
8347
7291
8133
7131
7793
7767
8144
7456
7850
7658
7441
8052
8239
7403
8110
8446
7435
7927
8011
7393
7907
7893
7580
8117
8270
8615
8123
8008
7916
7979
8326
7832
7763
8246
7267
7998
8037
7371
7910
7997
7263
8115
8376
7602
7954
8217
7696
8211
8312
7613
7071
7813
7567
7589
8313
7389
7882
8134
7388
7878
7451
7636
7993
8017
7630
7737
8061
7528
7779
7853
8578
8111
7826
7449
7788
8124
7610
7820
7112
7895
8046
8404
7189
7884
8314
8194
7756
8200
8118
8014
8112
7128
7897
8146
7910
7851
8243
7717
6911
8375
7175
8053
8165
7584
7960
8597
7594
7877
8178
7406
8027
8308
7342
8038
8104
7189
8170
8551
7429
8005
8250
7378
7989
8211
7375
6992
8144
7608
8152
8322
7515
8053
8314
7153
7927
8719
7796
8137
8461
7756
8475
8228
7574
6892
7051
7932
8082
8510
7442
8012
8156
7225
8115
8082
8035
8229
8332
7048
7953
8120
7268
8174
8172
8223
8197
8324
7091
7508
8143
7345
7876
7942
7082
7588
8151
7994
7764
8224
7377
7601
8152
7269
7198
8230
7688
7921
8235
7661
8353
7965
7657
7059
8455
7676
8374
8116
7671
8010
8517
7388
8093
8569
7710
8176
7875
7673
8054
8266
7462
7931
8116
7522
7911
8033
7560
7949
8075
7453
8055
7242
7607
8051
8497
7337
8178
8468
7256
7776
8635
7492
8144
8297
7421
7972
8410
7259
7537
8104
6866
7041
8133
8988
8024
8247
8748
8392
8269
7174
7133
8326
9076
8174
8205
8635
8239
7945
7610
7326
8412
8834
7814
8214
8639
8128
8070
18795
7491
7783
7315
8107
8531
8195
7618
7689
8175
7194
7948
8319
7475
7984
8237
7430
7970
8205
7214
8694
7710
7343
8051
7943
7837
7887
8034
7348
8471
8333
7951
7714
7965
7412
7937
8284
7391
6918
8589
7271
7856
8286
7559
7876
8353
7392
8143
7388
8513
8128
8312
7753
7927
8133
7430
7862
7810
7677
8097
8122
7405
7937
8341
7312
7935
9055
7605
7944
8275
7792
7582
8637
7335
8011
8050
8466
7921
8153
7392
8261
7958
7536
7988
8233
8056
7357
8177
7382
8084
8388
7534
7660
8082
7833
7265
8101
7566
8066
8123
7462
8000
8250
7691
7926
7667
7364
7923
8096
7751
7855
8008
7529
7999
8433
7729
8101
8056
7399
7952
8057
7512
7711
8389
7554
7927
7875
7379
7975
8292
7417
7883
6906
7196
8272
8032
7286
7790
8251
7590
7975
8254
7615
8153
8333
7288
7651
8054
7359
7698
8579
8135
7375
7876
7410
8147
8382
7602
8211
7957
7050
7327
8302
7869
8010
8262
7715
8221
8324
7336
7297
8291
7558
7991
8154
7592
8060
8151
7374
7436
7933
7633
7837
8215
7499
7872
7784
7389
8283
8737
7835
8129
8146
7411
7971
8196
7389
8174
7636
7651
7979
8189
7702
8011
8032
7167
8029
7246
7974
8035
8148
7683
7909
8261
7713
8201
8237
8079
7877
8202
7168
7679
8094
7599
7872
8112
7447
7910
8181
7353
7979
8482
7970
7566
8173
7660
7764
8316
7420
8182
7876
7790
7861
7934
7571
7318
8180
7482
7817
8019
7673
7937
7791
7410
6710
8461
7652
7925
8333
7778
8122
8256
7589
8390
7687
7706
7942
8411
7178
8119
8517
7408
7968
7569
7193
7931
8318
7356
8094
8222
7815
8148
8343
7911
8155
8446
8618
7896
8169
7414
8143
8064
11345
8217
7066
7523
8422
8194
8063
7254
7851
7810
7594
7915
8219
7618
8343
8179
7916
8132
7659
7245
7681
8165
7640
7931
8010
7676
7724
8518
7117
7892
7793
7418
8043
8172
7434
7779
8025
8738
8189
8467
7440
7738
7820
7872
7857
8046
7827
6856
8070
7628
7850
8107
7433
7785
8119
7209
8035
6930
7447
7772
8345
7437
7929
8121
7533
7014
8157
7584
8153
8337
7253
7917
8266
7335
8193
8980
7543
8007
8191
7410
7995
8018
7367
7928
7866
7520
7755
8192
7566
7852
8031
7135
8389
7512
7479
7893
8340
7849
6902
8241
8614
7905
8270
7353
7874
8035
7673
8106
8161
7322
7907
7981
7314
7173
8303
7582
7722
8430
7246
8087
8397
7592
8002
8303
7719
7895
7933
7676
7732
8261
7975
8579
8283
7576
7815
8356
7412
7958
7931
7802
7631
7690
7333
7789
8081
7758
7520
7949
7151
8094
8153
7849
7728
8230
7531
7955
8219
7692
8149
7788
7180
7829
8626
7501
7870
8090
7416
7149
8487
8217
7913
8173
7399
8041
8221
7810
8098
8025
7441
7953
8816
7317
8135
8041
7324
7716
8186
7051
7758
8098
7367
8214
8513
7830
8413
7995
7651
8205
8504
7684
8113
7332
7719
8115
8288
7315
7025
8112
7379
8012
7749
7507
7785
8308
7514
8108
8657
7713
7836
8219
7483
7897
8234
7605
8078
8371
7830
7970
8029
7536
7540
8292
7209
8073
6911
8435
7933
8076
7872
8307
8124
7213
7944
8097
7944
8263
7651
7789
7979
7876
9031
7835
7895
7670
7229
7889
8825
7993
8515
7297
7893
8013
7218
8178
8415
8950
7680
8213
7912
8676
8015
7435
7321
8091
8816
8003
7708
7548
7839
8173
7034
7205
7764
7686
8133
8072
8964
8017
7961
9015
8273
8805
9064
7892
7994
9160
7690
8320
13347
7641
8676
8230
7431
7959
8434
8621
7932
8227
7633
8330
8066
7512
8065
8119
7269
7970
7800
7752
7465
8331
7678
8002
8195
7176
7969
8223
7723
7841
8359
7753
7810
8039
7907
8089
8260
7179
7956
7997
7779
7937
7987
7196
8225
8141
7366
8234
7506
7507
7900
8128
7694
7954
8415
7136
8256
8212
7530
7921
8074
7445
8018
8592
7591
8085
7918
7012
7924
8298
7669
7878
8197
7309
7872
7685
7378
7870
8407
7276
7982
8533
7437
7948
8039
7555
8610
8499
8005
8253
8137
7764
8017
6928
7478
7587
8646
7389
7784
8137
7269
7953
8155
7751
8123
7570
7564
7872
8123
7601
7734
8067
7257
8096
7635
7892
8068
8205
7720
8002
8712
7589
8117
8242
8410
7938
8232
7631
8192
8086
7346
8238
8009
8333
8294
8461
7700
7866
8330
7984
8099
8666
6965
8306
8290
7490
8174
8009
7955
8174
8194
7694
8616
8387
8090
7789
8467
7213
7861
8482
7828
7589
8843
8621
8115
8041
7224
8112
8224
7312
7850
9057
7482
8012
8076
7902
7856
8246
7669
8009
8017
7854
7979
7143
7189
7911
8312
7567
7956
7447
7590
8213
8195
7395
7770
8316
7215
7857
8206
7393
7891
8203
7273
8137
7800
7560
8080
8190
7563
6910
8449
7343
7889
7983
7820
7726
8657
7507
8172
7917
7482
7875
8038
7527
8102
8186
7264
7547
8252
7258
7817
7994
7656
8223
8081
7431
7148
8373
7557
7971
8001
7620
7939
8005
7716
8104
8553
7772
8413
8026
8604
7926
8357
7630
8050
7658
8633
8011
8143
7378
8000
8297
7179
8136
8080
7179
7846
7665
7569
8177
7972
7508
7672
8254
7497
7852
8109
7564
7833
8165
8271
8174
7984
7970
7010
8160
7246
8032
8292
7801
8021
8215
7787
8474
8353
7916
7353
7878
8123
7359
8043
7971
8666
7830
8138
7413
8208
8215
7152
8010
8165
7989
7018
8373
7414
7961
8005
7620
7905
8089
7458
7210
8360
7611
7764
8221
7424
8378
8153
7640
8474
8210
7572
8130
8202
15338
7902
8063
7841
7782
7187
7360
7912
7954
8318
8188
8078
7157
6977
8452
7673
7900
8302
7430
7912
8056
7456
8015
8580
7505
7997
8462
7587
7832
8244
7573
7866
8020
8588
8158
8302
7728
8070
8377
7342
8169
7252
7245
7883
8437
7494
8039
8346
7272
8133
7994
7974
8000
8061
7568
7933
8384
8694
8015
8358
7048
7365
8132
7424
7748
8225
7293
8027
7857
7584
7452
8427
7337
8555
8504
7398
8139
8192
7618
7405
7737
7308
8087
8471
7980
8034
8153
7179
8037
8671
7716
8192
8138
7031
8195
7712
7478
7994
7534
7394
8276
7943
7694
7892
8339
7569
7866
8030
7470
8546
7987
7744
8111
8020
7466
8000
8460
8692
7799
8296
7172
8292
8189
8622
8114
8050
7260
7085
7948
7342
7756
8448
7697
7988
8193
7456
8172
8346
7615
7849
8564
7582
7864
7901
8143
8032
8387
7440
7305
7912
7554
7892
8327
7594
7121
8215
7477
8031
8132
7112
7949
8008
7489
7919
8894
7600
8062
8392
7615
8162
8109
7489
7830
8123
7977
8076
8441
7591
7795
8666
8882
8015
7933
8061
7929
8060
7587
7863
8037
7228
8114
8320
7614
8152
8092
7436
7960
8193
7257
8121
8487
6920
8205
8687
7574
7830
8093
7535
8079
8086
7368
7844
7983
7410
7970
8112
7531
7698
8113
7340
7546
8186
7869
6954
8536
7779
8405
7181
7881
8386
8498
7717
6948
7891
7789
8223
8320
7384
8359
7922
7988
7016
7126
7641
8190
8642
7919
6885
7794
8050
7857
8398
8258
7364
7999
8423
7575
7712
8256
7635
8101
8194
7305
8178
8270
7784
7861
8535
7703
8312
8486
7832
6912
7412
7772
8067
8004
8243
6958
7119
7655
8212
8619
7389
8391
6945
7054
8271
8523
7369
8215
8445
7884
7296
7219
7639
7485
7549
7815
8158
6814
7951
6872
8637
7194
7597
8469
7837
8356
8401
8020
8237
7300
7841
7536
7150
7833
8292
8535
7933
8257
8281
7907
8062
7104
7961
8259
8466
8071
6975
7225
7989
7164
7693
8224
7139
8510
7629
8266
7225
7738
6969
8191
8032
7102
8291
7537
8321
8525
7682
8132
7123
7339
7219
8705
7914
7508
7016
7710
8174
8671
7795
6965
7060
7815
8253
7070
7938
8225
6819
7532
8251
8579
7511
8492
6882
8114
8172
7014
7258
7660
7571
7934
8381
8568
7436
8617
6854
8200
8611
6851
8097
8469
8605
7531
8262
7043
7692
6688
8602
7584
6901
8482
7520
8004
8615
7661
6846
8580
7666
8160
8356
7560
7315
8307
7590
8064
8927
7835
8245
8380
7774
6866
8131
7670
6848
6849
7779
7946
8133
7581
8234
8110
7291
8413
7753
8297
8142
8153
7087
8011
7992
7593
7989
8374
7972
6849
7996
7594
7749
8255
7704
7674
8371
7661
7974
8117
7585
7353
8053
7976
8057
8076
7194
8644
7903
7668
8073
8378
7441
7724
7993
7608
7133
6972
7369
8174
8102
7583
7939
8062
7543
8174
8641
7836
8189
8018
8919
8091
8572
9017
7958
7617
8950
7718
8314
7507
7692
8088
7440
7913
8343
8446
8195
8466
8993
8004
8015
8835
7937
8006
7760
7971
7871
9053
7996
8112
9018
7733
8352
7384
7230
8389
7292
8075
8451
8832
7995
7911
8822
7984
8109
8941
8003
8041
7499
8089
8156
7423
7035
7354
8839
8508
8049
7326
7435
8053
8271
7437
8023
7871
7552
7987
7185
7456
7864
7953
7226
7205
7643
7648
7908
8392
7502
7657
8251
7665
7589
7982
7313
8107
8279
7453
8232
8379
7412
8323
7139
7558
7672
8294
7578
7961
8158
7704
6899
8492
7553
7909
8309
7641
7791
8202
7193
8295
7338
7343
8078
8246
7518
8126
8295
7187
7861
8115
7933
8015
7911
7350
7800
8274
7544
8342
8390
7699
8325
8251
7754
8020
7745
7297
7948
7942
8282
8133
8411
7570
7818
8241
7407
7972
8299
6854
7932
8011
7621
8155
8054
8638
8038
8132
7189
7163
8388
7353
8241
8203
7352
7833
8447
7317
6737
8063
7261
7816
8140
7764
7946
8072
7911
7528
8262
7509
8057
7812
7272
7866
7751
7453
7867
8247
7644
7929
8256
7585
7933
7811
7547
7881
7360
7762
8239
8345
7639
8169
8207
7254
7932
8204
7252
8098
8273
7367
7930
8220
7218
7918
8193
7044
7654
8543
7264
8178
7796
7524
7957
9461
8233
8123
7998
6979
7977
7993
7394
7762
7599
8354
7695
8102
8187
7614
7769
8295
8136
7996
8414
7092
7258
7480
7804
8140
8376
7400
7938
7192
7989
7382
8394
8086
8071
8405
7582
7675
8133
7753
7087
8076
7614
7834
7270
7728
7801
7405
7815
7760
8583
7409
7988
8433
7663
7676
8407
7535
7744
7526
7459
7605
7370
7358
7586
6958
7579
7400
7251
6936
7999
7413
8192
7734
8340
7527
7770
8574
8442
7716
8539
7525
8273
8392
7328
8072
8380
7794
8214
7041
7531
7920
8331
7685
8007
7094
7445
8009
7117
7520
7712
7851
7613
7934
7461
7725
8196
7086
7774
8057
7008
8030
7892
7015
7457
7523
7830
7970
7958
8622
7633
7991
7086
7515
7975
8015
8200
7847
8671
8411
7871
7215
7684
7655
7185
7226
8039
8126
8800
7190
7753
7042
8158
7607
7010
7720
7973
7379
7698
7682
8362
7531
7286
8210
7179
7854
8418
7772
7837
7100
7578
7782
8155
7542
8103
7147
7179
7867
7143
7774
7464
7200
8239
8012
7047
7853
8265
7512
7639
7671
7112
7575
7901
7244
7660
8000
8517
7672
8312
7180
7117
7839
7171
8043
7752
7517
7645
7156
7322
7190
8319
8568
7803
8011
8383
7791
7728
8353
7633
8456
7141
7731
8117
8395
7302
7778
8333
7571
7590
8538
7671
7933
8340
7525
8094
7427
7634
7585
7394
7919
8278
7372
6933
7796
8287
7934
7953
7797
7707
7767
7340
7468
7757
7381
7534
7854
6784
7337
7632
8506
7489
7712
7159
7852
7937
7678
7352
7934
8433
7260
7801
8604
7517
7850
7670
7912
7915
7013
7588
7945
7016
7650
7793
8194
7225
7858
7170
7447
7442
7076
7580
7728
8316
7692
7676
8536
7704
8333
8290
7676
8194
8432
7337
7215
8516
7972
8225
7772
7923
8087
7569
8398
8427
7344
7331
8196
8497
8047
7944
8020
8385
7982
6958
6795
8154
8612
7917
7916
8658
7647
7892
7200
8200
7958
7261
7594
7882
6889
8338
7669
8692
7269
7556
8423
7738
7701
8282
7614
7920
8286
6810
8402
8513
8053
7740
8030
7709
8084
8387
7681
8226
8825
7611
7808
8094
7908
7626
8544
7911
7473
8078
7895
7687
8814
7748
7598
9758
8111
6907
9717
8302
7807
8474
7669
8155
10132
8087
7822
9140
7881
7523
8076
7609
7813
8322
8020
7800
8574
7101
7861
8385
7953
7953
8645
7876
7758
8166
7458
7870
8723
7974
7755
8204
7680
7492
10240
7511
7928
8536
7521
8061
8336
8073
7948
8430
7088
8554
8782
7687
7967
8416
7684
8321
8712
8236
7883
8358
8476
8501
7507
7199
7865
7857
7605
8218
7633
7136
7815
8574
8245
7974
7570
8595
7234
7912
8663
7733
8436
8254
7487
7527
7096
7041
8106
7293
7208
7904
7160
7236
7430
7923
7366
8717
7344
7108
7304
8595
7174
7603
7431
7379
8158
7216
7321
7441
8312
7364
8107
8180
6920
7703
8551
6863
8571
7410
7895
8093
8123
6983
7978
8285
7954
8225
7533
8400
8210
7433
7914
8111
6985
8400
7986
7360
8434
6766
7780
7748
7834
8594
8255
8166
7409
8117
7882
7616
7975
8216
7097
7946
7669
7692
8121
8208
7389
7712
8564
7051
8464
7423
7190
8018
8111
7301
8454
6791
7256
7705
7871
7109
8096
7148
8471
7770
8359
7169
7847
7271
7092
8090
8387
7302
8032
8468
7352
7981
7885
8271
7993
8202
7146
8252
8133
7329
8145
7995
7410
6980
8139
8693
8182
7874
7702
7942
7852
8333
7478
8070
7431
7763
8283
7102
7984
8275
7503
8230
8235
7496
7880
7846
7555
7923
8155
7593
6756
7479
7747
8023
8461
7512
8182
7808
7733
7917
8897
7354
7830
7914
7930
7971
8073
7528
8354
7588
7215
7594
8240
7402
8233
8658
7009
7900
7500
7538
7938
7880
7170
7680
8577
7280
8026
8456
7895
8069
8615
7308
7951
8018
7447
7839
8163
7862
8328
8281
7394
7951
8307
7315
7997
7278
7382
8214
7761
7468
8078
8023
7484
8117
8200
7203
7150
8555
7416
8367
8278
7513
7984
8185
7815
7673
6988
8978
7997
8063
7510
8175
7971
8854
8339
7290
7912
6902
8142
8971
7776
8078
8948
7972
7691
8312
8299
6989
7982
8444
8482
7609
8302
7108
8969
8282
8547
9041
6891
7400
7699
8174
7007
8329
8073
7295
11452
8647
8455
8527
8591
8323
7904
7447
7043
8973
8461
8132
7368
7394
8346
6958
7601
6871
7088
7569
8328
8459
7579
6943
7115
7700
8194
8479
7995
8487
8618
7320
8405
8414
8862
7170
8579
7416
8258
8460
7430
6998
7115
7511
7307
7046
7556
8038
8343
8236
8205
8534
8097
7895
8517
7373
8174
8392
7934
8184
8496
7754
7802
7639
7940
8288
8580
7932
8371
8446
7169
8244
8442
7707
6956
7133
8231
7175
7358
7694
8411
8114
7735
8398
7152
7664
7973
8524
7851
8188
8036
7707
6970
8485
7994
8294
8439
8011
8415
7291
7367
8275
7129
7693
6869
8574
8055
8011
8661
7464
7033
8564
7473
6869
8630
7513
8433
7470
7942
7942
6890
8731
8177
7403
8154
8274
7219
7517
8533
7049
7869
6944
7276
7389
8176
8656
7447
6989
8373
7428
7697
7265
7572
8171
8487
7694
8460
8517
7692
6947
7144
7391
8357
7069
7750
7367
7205
7414
8469
8418
7603
8371
8246
7746
6849
8502
8663
8203
7435
7960
8330
9205
8588
8121
7953
8497
8091
7997
7592
7961
8384
7900
7887
7892
6888
7418
7944
7680
8035
8353
7370
7835
8299
7502
7495
8505
7504
8035
8074
7154
8182
8089
7841
7389
8352
7563
7969
7946
7753
7973
8476
7369
7917
8063
7274
8050
8163
7501
8241
7949
7185
8071
8274
7751
8092
8167
7729
6882
8382
7484
7917
7373
6974
8173
7953
7693
8073
8284
8013
7958
8226
7559
7767
8278
7333
8239
8277
7270
8380
8051
7322
8161
8405
7215
7772
8273
7357
7763
8379
7963
8076
8140
7097
8378
6841
7478
7991
8145
7196
7366
7568
7103
8020
8122
7380
7887
7949
8626
7533
7086
7338
8230
7950
7195
8187
8064
7431
8117
8716
8779
7944
8394
7453
7846
8074
18917
7999
7267
8491
8042
8196
7416
7915
7980
7695
7471
8194
8086
7596
8348
8434
7285
7896
7890
7428
7638
8112
7211
8147
8322
7574
7835
8675
8070
8068
8147
7569
8113
8333
7239
6902
7980
7387
8427
7651
7652
7803
8262
7324
8114
7988
7779
7902
6956
7086
8191
8075
7429
8118
8092
7789
8135
8309
7610
6915
7445
7406
8170
8058
7112
8282
7971
7421
7699
7914
7451
8059
8210
7772
7950
8076
7443
7855
8315
8579
7951
7852
7511
7993
8074
7751
8620
8493
7685
7830
7918
7490
8172
8263
7304
7325
7976
8006
7978
7959
7568
8191
8330
7384
7994
8624
7548
7995
7940
7648
7959
8177
7184
7913
6976
7689
8113
7944
7633
6802
8122
7859
7930
8487
7493
7981
8457
7619
7990
8384
7218
8163
8297
7631
7871
8123
7225
7754
8402
7203
7913
8218
6869
7211
7061
7389
7890
8395
7365
8024
8538
7471
7893
8421
7555
7764
8307
7705
8109
7984
7311
6663
8115
7165
8233
8243
7396
7969
8203
8011
7700
7755
8513
7600
7543
7143
7589
7865
7089
7399
8683
6966
7535
7494
8227
7395
7548
7200
7897
7468
8113
7539
7387
7016
7381
7635
8369
7543
7368
8481
8184
7950
7429
8215
7425
7694
7775
8069
7214
8390
7929
7531
8030
8101
7788
8184
7972
7033
8253
8053
7815
8046
8040
7687
7823
7998
7420
8528
7990
7491
8147
7805
7356
7813
8347
7377
7583
7277
7351
8299
8092
7366
8029
7840
8750
8096
8433
7528
8478
8297
7636
7757
8481
9188
7779
7873
8193
7743
8245
7314
8293
7991
7877
7702
8155
7716
8122
8556
7446
8193
8113
9025
7930
7594
8401
8119
8087
9047
8121
8054
7440
8146
8120
7471
7301
8405
8550
7851
8158
8733
8143
8033
8835
7428
8008
8884
8015
7997
7613
7860
8160
8315
7194
7853
8205
7497
8094
8122
7471
7841
8217
8235
8163
8187
7391
8171
7251
7697
7767
8031
7389
7858
8178
7569
7998
8193
7413
7962
8088
7765
7269
8622
7276
7741
7981
7374
8048
8274
7555
7471
8406
7620
8183
8297
7327
7934
8372
7712
6789
7833
7520
7882
8194
7317
8094
7961
7334
8092
8328
7525
8082
8318
7241
8418
8014
8029
7955
7772
7605
7989
8145
7428
7964
8215
7126
7878
8136
8685
6912
8382
7388
8114
8030
7622
8154
7793
7434
7699
8514
7710
7802
7762
7281
8272
8101
6926
7290
8091
7649
8066
8413
7374
7950
7376
7733
7312
8261
7502
7925
8143
7628
8368
8432
7549
7922
8333
7329
7831
8261
7346
8229
8359
7155
7492
8553
8367
7956
8464
8617
7736
8108
7163
7752
8159
8375
7896
7995
7389
7776
8091
7894
7782
6969
8643
8234
7371
7343
7990
8221
8024
8358
7848
8510
8058
8138
7781
8213
8064
7148
7822
8020
7461
7490
8364
7348
8135
8099
7643
7875
8343
7630
8163
7155
7841
7910
8481
7981
7993
8174
7292
10389
7272
7500
8055
8276
7385
7942
7638
7569
7250
8231
7661
7642
8439
7468
7035
8575
7486
8128
7276
7874
7670
8220
7555
6906
7801
7601
7753
8087
7195
7751
8430
7465
8273
8076
7787
8010
8354
8326
7856
8062
7574
7738
8200
7385
8230
8092
8244
8088
8061
7447
7863
8000
7155
7949
8275
7567
8421
8158
7709
8164
7931
7780
8051
8212
7575
8530
8241
7332
8272
8117
7245
8015
8034
7466
7117
7577
7248
7884
8171
7382
7760
8102
7328
7934
8261
7622
8111
7844
7186
7796
8015
7317
8372
8871
7589
7833
8396
7616
7927
8259
7589
7911
7856
8174
7871
8184
7793
7998
7798
7423
7735
8010
7474
7703
7776
8088
7508
7979
8045
7230
8194
8624
7490
8231
7917
8559
7752
8233
7437
8540
8019
7574
8005
7766
7724
7984
8022
7381
8178
7847
7058
7769
7382
8713
7400
7544
8364
7369
7357
7343
8400
7133
7467
8314
7080
8102
8395
7045
7420
8389
8153
7430
8241
8020
7552
8034
8303
7282
8121
7889
7740
7585
8025
7156
7998
8116
7204
8717
7912
7656
8101
8071
7737
7744
8295
7285
7717
8045
6946
8342
7821
7144
8053
8102
7439
8012
8795
7424
8221
7978
7160
8124
8214
7029
7713
7405
8377
8264
8170
7307
7997
8214
7466
8117
7956
7245
8356
8487
7711
8354
8436
7501
7960
8374
7630
6793
8150
7156
8210
8393
7421
7748
8251
7292
7230
8374
7600
8143
8051
7610
7857
8311
7888
8323
8271
7194
7971
8102
7600
8210
8074
7863
7591
7434
7348
8055
7954
7575
8255
8054
7530
7819
8472
7098
7918
8171
7247
8030
8110
7139
7881
8159
7130
7853
8371
7176
8126
8055
7619
8551
6739
8435
7123
7523
7814
6992
8373
7652
7233
8581
8685
7185
7209
8003
8498
7217
7609
8369
8380
7523
8050
8419
7598
8458
8323
7619
6882
8546
7527
8087
8309
7602
7152
8592
7971
7348
7146
7673
8133
8679
8230
6919
7077
7963
8214
7251
7775
7432
8020
7478
7295
7062
7561
8294
8620
7564
8119
8953
7789
7043
7482
7663
8450
7190
7574
8095
7509
7167
7740
7979
7141
7435
7861
7333
7656
7794
7548
8076
7422
8707
7679
7556
8409
8065
7610
9096
8070
7689
8888
8218
7612
8843
7773
7646
7624
7880
7662
8363
7901
8556
8564
7782
8057
8174
7338
7553
8309
7384
8476
8528
8148
7815
8192
7969
7958
8574
7694
7696
8212
7798
7992
10054
7056
8335
8145
7846
7623
7748
8512
7671
7808
6984
7083
7812
8204
7662
7759
7190
7738
7570
8543
8389
7992
7208
8069
7734
7484
7696
8197
7509
7636
8218
7210
7781
7650
8579
7758
7625
8569
7011
8809
7266
8309
8383
8256
8502
7733
7743
7441
8615
7178
7511
8073
8365
7539
7771
8419
7902
7652
7648
7791
8175
7460
8011
8212
7794
8150
8117
8445
8248
8006
7594
8138
8151
7850
8031
8128
8258
8091
8358
7540
7951
8375
7364
8015
8048
8205
7854
8534
7833
8135
8248
7290
7811
7866
7369
8575
8222
7296
8102
8181
7520
7942
8203
7569
7790
7460
8071
8030
7962
7369
7984
8091
7252
7982
8615
7453
7933
7688
7216
7993
8121
7311
7796
7682
7613
8230
7956
7273
8137
7993
7508
7864
7199
7778
8152
8187
7151
8115
8679
7470
7831
8031
7390
7951
7760
7477
7768
8170
7530
7712
8041
7153
8480
8235
7168
8097
7905
7599
7841
8575
7319
8263
7970
8020
7811
8020
7638
8224
8384
7715
7695
8067
7677
8015
8071
7966
7731
8075
7394
7133
8018
7666
7877
8191
7948
8077
7979
7418
7877
7549
7342
8039
8138
7784
8058
7956
7195
7957
7492
7889
8034
8242
7543
8041
8343
7983
8134
8112
7697
8071
8205
7576
8027
8192
7274
7902
8546
8094
8091
8418
7134
8001
7684
7377
8024
8194
7354
7723
8090
7310
7921
8559
7194
8168
8524
7316
8353
8358
7601
8304
8251
7299
8071
8301
7400
8115
7568
7235
7860
8235
7354
7849
8482
7258
7510
8702
7555
7993
8233
7133
7871
8364
7579
7833
8574
7741
6826
8344
7596
8052
8097
7255
7993
7519
7212
8024
8257
7590
7802
8317
7612
8179
8200
7626
8157
8090
7690
8066
8153
8220
8256
8149
6986
7185
8545
7720
7935
8302
8436
7081
7952
7745
7613
8039
8037
7575
7678
8411
7242
8619
7390
8036
7981
8414
7448
8112
8349
8617
7645
8341
8171
7883
7950
7558
7950
8274
7573
7914
8225
7933
7233
8101
7371
8051
8302
7517
8217
8404
7311
7434
8164
7562
7969
8027
7430
7672
8112
7469
7796
8373
7054
8225
8303
7671
8092
8220
7622
7399
8055
7581
8303
8070
8174
7853
8069
7533
8184
8801
7596
7774
8317
7108
7953
8061
7285
8123
9764
7789
8010
8419
7342
7671
8160
7595
7808
7524
7707
8338
8025
7620
7800
8302
7829
7901
8451
7414
7691
8100
7261
7995
8153
7211
7737
8065
7133
7796
8162
7436
7856
8509
7366
7994
8446
7156
7415
8413
7892
7732
8052
7259
8426
8276
7352
8495
8321
7780
8270
8376
7951
7816
8120
7682
7584
8397
7482
7899
8392
7399
8282
8143
7398
8205
8523
7843
7371
8292
7543
7942
8080
7574
7815
6926
7775
7895
8123
7332
8104
8214
7497
7826
8121
7905
8176
8152
7898
7836
8463
7810
7872
8364
8535
8201
7892
7813
8053
8272
7554
8507
7933
7158
8423
8454
7755
7910
8117
7613
8002
8197
7743
7410
8400
7725
8101
8260
7807
7900
8406
7472
7953
8055
7465
8146
8097
7594
7876
8097
7353
7856
7558
7549
7628
8374
7787
7961
8297
7487
8024
8062
8079
7761
7912
7615
6917
8431
7378
7940
7226
8420
7713
8055
7325
7845
8316
7366
7832
8490
7697
8075
8172
7191
7899
7707
7177
7833
7956
7169
7755
8297
7607
7888
8300
7728
8045
8342
8170
7430
8223
7548
8138
8013
7431
8146
7880
7292
7621
8255
7510
8042
8174
7333
7860
7982
7102
7785
7410
7185
7820
8236
7445
7882
8241
7477
8268
8457
7891
8214
7025
7490
7769
8137
7490
8909
7841
8148
7169
8431
8196
7588
7914
7939
7437
8251
8547
7551
7912
8158
7470
7989
8302
7531
7156
8056
7782
7879
8367
7279
7753
8074
7795
8136
8697
7573
7940
8261
7417
8326
8223
7409
8151
7488
7151
7988
7972
7156
7815
8351
7475
8130
7415
7391
8300
8076
7504
8105
8306
7425
8068
8115
8451
8192
8605
7721
8045
8261
7466
8076
7839
7223
7973
8215
7566
7843
8127
7589
7950
8125
7557
8352
8271
7349
8021
7764
7137
8087
8189
7702
7454
7179
7610
7940
8020
7749
8044
8052
7472
7668
8607
8059
7820
8363
7730
8190
8369
7326
7845
7920
7743
8221
7958
7719
8044
8380
7856
7666
7387
8352
7960
7797
7672
8074
7808
7434
8121
8386
7770
7871
8141
7632
7650
8512
7434
8025
7903
7078
7910
8274
7369
7973
8239
7682
7939
8022
7259
6927
8317
7287
8235
8249
7187
7972
8095
7769
8317
8126
7380
7921
8143
7538
8253
7991
7757
7482
9114
6949
8488
8133
7541
8087
8276
7304
7347
8020
8592
7840
7944
7079
8176
8013
8354
7036
7758
7538
7570
7912
7106
7569
7935
8512
8073
6851
8412
7535
7740
7143
7690
7914
8487
7414
7743
8420
7616
8106
8462
7426
7405
8622
7612
7511
7333
7870
7804
7406
7613
7583
8496
7389
7799
7205
8053
7981
7514
7433
8362
8219
7811
7841
8499
7627
8300
7672
7348
7869
8564
7445
7647
7191
7533
7082
8574
7780
7609
7269
7390
7838
8617
7824
7493
8605
7799
7830
7329
7564
8469
8616
7512
7338
8506
7676
7837
8332
7446
8407
7107
7438
8193
8352
7174
7554
8458
7569
7128
8404
7660
7958
8154
8221
8150
8304
7322
7836
8640
7391
8059
7602
7713
8107
8349
7764
7767
8344
7471
7778
8410
7899
8617
7445
7050
7749
7757
7360
7389
7732
8600
7914
7695
8386
7497
7815
7089
7660
7993
8591
7710
7895
8379
7998
8202
8564
7415
7642
7553
8150
7919
7162
7642
7976
8384
7353
8463
7127
7721
7899
7252
7820
7979
8643
7647
7592
8534
7797
7932
8472
7906
7212
7804
7615
7876
8364
7615
8311
8471
7555
7872
8325
7903
7536
7586
7901
7448
8515
7469
8319
8209
7955
7964
7039
7709
22166
8733
7692
7792
8422
7415
7975
8020
7620
8063
7572
7849
7617
7220
7620
7589
8435
7734
8027
7197
8092
7959
8442
7671
7714
7250
7492
7777
8468
8238
7306
8544
7522
7797
8478
7640
7623
8627
8294
7698
8461
7510
7915
8499
7579
7890
7035
7293
7567
7132
7435
7717
8346
7528
7973
8442
7948
8381
7035
7447
7534
7306
7651
7979
8634
7332
7033
8591
7541
8356
8394
7492
7978
7108
7585
7457
7155
7980
7951
7095
8012
7661
7118
7610
7987
7529
7791
8343
8573
8107
7871
7560
7995
8022
7150
7593
7779
7271
7791
7732
8592
7618
8381
8666
7914
7996
7052
7853
8129
7361
7551
7751
7082
7215
8072
8432
7934
8052
8449
7829
7996
8538
7353
8575
7110
7574
8428
7558
7684
7783
7190
8180
8881
8342
7672
8009
8569
7517
7590
8582
7651
7904
7880
7878
8507
7175
8214
8286
7435
7796
8195
7570
8384
8377
8178
7110
8108
7539
6813
8560
7127
8171
8537
7738
8255
8615
7898
7156
8361
7717
7994
8197
7954
6904
7051
7784
8282
7066
6870
8279
7376
7089
7264
8509
7752
8120
8565
7629
6665
8129
7437
8254
7107
7407
8391
8431
7616
8372
8348
7679
8179
8603
7783
7115
7378
7689
8265
7659
7191
8337
8433
7676
8173
6971
7975
8333
7601
8422
6872
7092
7705
7298
8476
8635
7892
7552
7934
7558
8146
7245
7713
8181
8589
7855
6931
8374
8000
6935
6830
8315
8106
8513
7771
8111
7922
8579
8364
8536
7877
6978
8343
7347
7155
7190
7610
8388
7140
8300
6780
7106
7617
7990
8447
7694
8269
8251
7614
8152
8671
7999
6892
8593
7815
6835
8503
7627
8178
7371
7480
8325
8682
7560
8098
8665
7666
8407
8558
7605
8380
8584
7738
7640
8664
7480
6810
7164
8054
8322
8470
8381
6987
8665
7916
6849
7266
7323
6965
7261
7651
6917
8138
7276
8182
8334
7497
7966
8289
8461
7021
7594
7388
8132
8292
7413
7081
8285
7804
6925
8608
8443
7503
7148
7613
6974
8394
7553
8372
8453
8876
7129
8494
8400
8153
7591
7839
8281
8609
7079
8259
7297
7829
8384
8419
7674
6855
7096
7810
8675
8594
7609
6956
7600
8235
8405
8354
8039
7039
7962
7458
6868
7148
7517
6847
7262
7528
8197
8009
7794
7441
7321
8251
8197
8008
7728
8204
8220
7308
8378
7812
7872
8181
8273
7390
7967
7074
8212
7940
7885
8475
8159
8212
7630
7959
8262
8338
7964
8389
7561
7717
8140
7409
8217
8235
7669
7416
8174
7572
7970
8281
7323
8057
8310
7772
7604
8274
7490
7992
8603
7582
7865
8444
7769
8624
8153
7635
7997
8395
7292
7858
8246
7528
6748
7380
7758
7887
8222
7550
7876
8119
7237
7804
8056
7259
7383
8195
7572
8036
8109
7473
8346
7868
8344
8053
8013
7533
7841
8131
7780
7938
8103
7772
7999
8157
7415
7973
8181
7622
8340
8377
7646
8333
7569
7605
7828
8193
7400
7816
8133
6876
6861
8138
7859
7732
8543
7442
7856
8050
7164
8290
8117
7775
7924
8055
7188
8102
8235
7691
7353
7302
7468
8059
8022
7492
8199
7990
8266
7965
8223
8205
7443
8018
8275
7538
8132
8174
7583
7373
7856
7677
8020
8210
7193
7946
7971
7564
8214
8493
7786
8166
8317
7799
8024
8443
7328
7398
7760
7672
7921
8025
7563
8253
8152
7894
7052
7408
7713
8091
8243
7563
7742
8071
7237
8145
7630
7867
7898
7964
7611
8164
8092
7441
8078
7813
7135
8302
7743
7898
7942
8147
7351
8337
8076
7779
7938
8218
7430
8070
8318
7808
8356
7902
7317
7588
7948
7274
7990
8326
7361
7821
7991
8102
8024
8066
7241
7590
8338
7605
7943
7972
7353
8243
8362
7575
7690
8285
7620
8102
7975
7985
7850
7134
7829
8328
8128
7468
7856
7993
7127
7938
7628
7798
7714
8115
7454
7830
7921
7710
7872
8072
7976
7644
8126
7353
7973
8015
7215
7945
7651
8553
7823
7952
7430
8316
8636
7491
8013
8097
8659
7993
8233
7411
7938
8047
7743
8001
8305
7646
8132
8031
7773
8014
7933
7415
7879
8928
8282
8174
8065
7883
8197
8314
7674
8473
8142
7720
10526
8225
7510
8021
7960
7607
7915
8297
7603
6897
7554
8795
7984
8397
7297
7587
8148
7152
7900
8707
7840
7836
7925
7419
8023
7835
7425
8017
7841
7251
8138
8226
7815
8177
8251
7586
7735
8405
7489
8135
8049
7502
8059
7911
7268
8004
7756
8862
7797
7954
7288
7856
8056
7474
7880
8228
8010
6975
7933
7350
7962
8344
7552
8017
8180
7718
8605
8214
7428
8172
8558
7600
7822
8365
8784
7268
8236
7808
8094
8250
7186
7923
8138
7155
8298
8833
7290
7891
8320
7610
8198
8233
7105
7872
8024
7780
6893
8208
7411
7919
7953
7478
7721
7010
7994
7846
8210
7390
7620
8172
7041
8164
7954
8133
8103
7971
7417
7942
7991
7292
7915
7792
8388
7392
7901
8628
7449
8088
8591
7769
7917
8794
7331
7943
8697
7097
8012
8258
7152
8055
7597
7103
7789
8307
7128
7968
7833
7592
8199
8065
7266
8044
8122
7610
7930
7983
7458
7132
7561
8125
7768
7995
7497
7865
8188
7377
8032
8183
7149
6926
8157
7628
7964
7917
7231
7755
7903
7708
8493
8117
7791
7902
7635
7713
8192
8108
7508
7126
7567
7591
7837
8019
8116
7705
8035
7572
7893
8019
7296
8123
7974
7310
8011
8054
7194
7969
7713
7619
7811
8615
7764
6853
8410
7758
8196
8454
7753
8193
6811
8270
8167
8175
7962
8252
7483
8256
8149
8454
7630
8342
8616
7657
6754
8597
7858
7953
8625
7741
8336
7052
7733
6851
8581
7553
8198
7220
7849
8339
8612
7338
8589
6993
7592
7806
7892
7214
7246
8221
7725
8395
8400
7558
8200
8671
7749
6860
7220
7693
8076
8529
7226
6953
7604
7716
8318
7076
7580
8116
7143
7469
8115
7425
8530
8214
8133
7399
8063
8355
7676
8128
8228
7756
7977
8194
7473
7800
8345
7750
8096
8293
7887
6974
8170
7604
8034
8305
7290
7607
8456
7649
7796
8221
7682
7841
8433
7317
7868
8047
7552
8475
8316
7507
8097
7930
7815
7923
8017
7656
7107
8095
7461
8231
8036
7587
8021
8269
7456
7871
7592
7257
7936
8111
7474
8176
8242
7695
8010
7162
8088
8151
7970
7619
6779
8350
7339
7761
7810
7395
7969
8076
7625
7962
8153
8700
7937
8259
8587
8073
8311
7384
8060
8389
7203
8153
8418
7658
7773
8315
7578
7839
7990
7389
7820
8174
7824
8120
8059
7384
8119
8302
7520
7994
8117
7341
7308
7314
7552
8095
8351
7626
8051
8092
7234
7700
7188
7297
6895
8457
7403
8121
8174
7500
8208
8598
7660
7394
8272
8143
7427
7889
7892
7332
8015
8422
7057
7712
8161
7304
8234
8161
7280
8656
7990
7388
7703
8444
7224
7721
8292
7461
7051
8237
7536
7855
7979
7388
7743
8434
8011
7994
7708
7687
8194
8469
7607
8155
7937
7835
8066
7937
8434
7950
8215
7633
7893
8317
7288
8062
8003
8204
8051
7868
7297
7710
8352
7578
8129
8115
7453
8100
8543
7062
7940
8066
7638
7876
8426
7882
8564
7726
7073
8093
7877
7423
8019
7713
7241
7245
8216
7589
8015
7832
7387
8108
8124
7728
7753
7051
7437
8133
8230
8151
8208
8239
7205
8038
8558
7169
8147
8117
7350
8141
7861
8747
7955
8567
7670
8063
8275
7384
7669
8063
7258
8030
8147
7085
8165
8444
7290
7994
8323
7461
8022
8186
7188
8087
8093
7456
7994
8205
7138
7961
8032
7398
7141
8215
7441
7982
8112
7245
7601
8548
7430
7831
8155
7235
8032
8087
7438
8113
8080
7441
8600
8545
7582
7675
8501
7630
7949
8110
7788
7032
8499
7440
7805
8110
7449
7813
8100
7249
8110
7605
7579
8076
8060
7638
7965
8302
7343
8438
7917
7753
7037
7603
7613
8205
8166
7635
8172
7661
7955
7970
8022
7204
7784
8204
7796
7794
8132
8364
8204
8076
8004
7942
8226
7589
8197
8335
6891
8133
8158
7538
7715
8354
7375
8292
7891
7660
7587
8579
8214
8132
8205
7298
7969
8198
7701
6743
8321
7573
8325
8303
7607
8074
7777
7615
8241
7388
7640
8082
8164
7586
7872
8379
7764
7975
7394
7682
8112
8212
7741
8011
6895
7621
7887
7592
8842
8025
8136
7579
7758
8445
7477
7964
8280
7615
7753
8119
7400
8086
8300
7041
7780
8418
8148
6866
8598
7248
7751
8184
7191
7872
8151
7555
7287
7051
7779
7764
7887
8118
7707
7821
8024
7135
7981
8182
7269
7770
7944
7373
7906
8295
7124
7756
8273
7639
7805
8443
7523
7976
8241
7620
7130
8134
7861
8072
8490
7593
8055
8352
7866
8031
8173
7614
7866
8260
7247
8100
8195
7488
8594
8527
7318
8135
8124
7351
7830
8433
7434
7382
7610
7292
8314
7999
7295
8242
8595
7343
8387
8894
7608
8102
8054
7155
7753
8185
7364
8202
7292
8663
8096
8193
7573
7750
8394
7400
7928
8030
7067
7990
7854
7379
8083
8244
7225
8074
8240
7866
8079
8082
7630
8212
8297
7519
8097
7928
7947
8341
7997
7735
7918
7912
7429
7730
8126
7328
7951
8210
7220
7761
8194
8547
8113
8484
7191
7249
8359
7640
7931
8035
7352
7845
8355
7592
6758
8513
7512
8064
8096
7789
7901
7989
7303
7897
8780
7601
8063
8144
7599
7915
8327
7720
7913
7784
7547
7792
8214
7375
7962
8088
7698
7811
8207
7996
6792
7954
7458
7612
8933
8575
8285
8366
8247
8331
8349
7669
7950
8243
7427
8146
7948
7515
7074
8435
7501
8096
8426
7385
7805
8200
7383
7231
8358
7593
8035
8110
7670
8375
8177
7369
7338
7435
7567
8056
8111
7016
7975
8171
7430
7991
8351
7554
7771
8523
7311
8197
7976
7431
7944
8940
7351
6921
8272
7513
8032
7981
7222
8156
7600
7955
8066
8189
7266
7960
8323
7661
7970
8256
8117
8029
8012
7861
7680
8230
7673
8084
8343
7602
7233
8005
7206
7915
7980
7734
7864
8138
7710
7909
7775
7388
8060
8344
7761
8297
8135
7625
8545
8154
7656
7944
7971
7401
7745
8069
7380
6966
8253
7561
7770
8415
7481
7648
8180
7402
7938
8948
7696
7751
8083
7366
7943
8003
7494
7795
7015
7430
7882
8055
7564
8123
7619
7733
7295
8318
8176
7527
8138
7871
7501
7887
7850
7834
6711
7920
7499
7873
8059
7755
8004
8220
7528
8241
7610
7931
7411
8186
7635
8014
8034
7527
8079
6991
6974
8333
7853
8743
7888
8184
7702
7933
8233
7549
7837
8526
7811
7815
8135
7069
7379
8179
8178
8230
8051
7607
8158
8293
7564
8100
8192
7729
8251
8446
7554
7964
8057
7521
7955
7920
7923
7414
7955
7683
7720
7988
7666
8047
8235
7428
7666
7106
7373
8128
8268
7449
8313
7851
7630
7845
8098
7578
8010
8216
7058
8148
7774
7075
8295
8430
7769
7829
8010
7558
7860
8103
7206
7882
7586
7278
8162
8038
7139
7855
8101
7487
8178
8057
8562
7956
8035
7915
6879
8138
7361
8020
8393
7562
7153
8060
7356
8206
8517
7781
8057
8000
7865
7889
8265
7372
8128
8062
7443
7917
8059
7753
7943
8230
7010
7969
8015
7321
7782
7912
8012
6999
7380
7589
7886
8104
7437
7771
8286
7218
7461
8534
8033
7949
8205
7602
8328
7880
7532
8041
7977
7902
8064
7958
7340
7937
8240
7892
8050
7609
7418
8155
8382
8070
8121
8206
8598
7902
8142
7637
7761
8194
7675
7802
8266
7400
8097
8112
8015
6896
8271
7607
8165
8117
7430
8051
8441
7281
7868
8419
7321
7987
8257
7536
8141
8215
7449
9671
8352
7360
8077
8490
7439
8184
8181
7270
6650
7697
7192
8138
8157
7614
7982
8194
7560
7808
7344
7641
7966
8089
7478
8060
8158
7197
8172
7178
7268
8181
7959
7536
7922
8254
7447
7660
8316
7846
7927
8249
7579
7953
8161
7285
7873
8072
8775
8279
7941
7416
7905
7860
8646
7773
8133
7507
7603
7921
7564
7869
8128
7453
8134
8043
7780
8569
6998
7418
8041
7813
7530
7971
8353
8710
7352
8252
7995
7393
7805
8290
7348
8140
8231
7595
7983
8253
7497
6884
8305
7337
7692
8384
6824
8364
8299
7226
7864
8073
7782
7952
7831
7240
8170
8280
7774
7683
8230
7514
7614
8230
7574
6870
7895
7370
7976
8073
7088
7839
8512
7014
7820
8813
7787
8123
8251
7175
8352
7848
7560
8044
7584
7675
8032
8387
7348
7782
8235
7435
8031
7818
7292
7800
7989
7210
7749
8123
7555
7923
8192
8598
8116
7917
7491
8095
8055
7587
8434
8087
7288
7052
8174
7765
8202
7061
7330
8191
7268
7794
7923
7211
7836
6864
8297
7573
8376
8635
7552
8024
7267
7301
8333
7046
8197
8363
8246
7583
6923
8437
8194
8312
8239
7548
8252
8505
7653
8242
7949
7721
8277
8485
7386
8317
8488
7643
7953
6980
7923
8123
8476
7874
8369
8247
7610
6850
8483
7979
6903
7148
8035
8275
7429
7492
8214
8603
7556
6948
8493
7801
6874
8193
7446
8158
7023
6914
7545
8349
7553
8153
8150
7657
7914
8149
7225
8629
8347
7923
8021
8007
7773
7689
7195
7890
7738
7671
7513
8194
7837
7286
7871
8101
7428
8009
8415
7780
7820
8233
7594
8003
8065
7883
8025
8198
7738
8186
8030
7933
8097
8315
7666
7869
7496
7614
8042
8376
7656
7949
8355
7460
7913
8465
7158
7951
8020
7339
8124
8256
7352
7875
8347
7189
7752
7942
7521
7734
7954
7352
8040
8363
7300
6987
8359
7569
7953
8056
7169
7831
8362
7551
8735
8555
7538
8011
8386
7374
8017
8147
7379
7029
8010
7578
7902
8115
7440
7983
7920
7687
7853
8717
7651
7989
7980
7383
7818
8262
7671
8220
6989
8607
7074
8041
7552
8055
8394
7391
7938
8056
8464
8191
8021
7539
7962
8318
7793
8044
7979
7963
8608
8088
7471
7413
8039
8185
8620
7933
7266
7721
8022
8195
7511
8462
8498
7473
8014
8459
7667
8319
8142
7054
8152
8194
7470
7910
7637
8319
7894
8211
7286
8042
8005
7163
7860
8316
7615
7803
8435
7688
7891
8117
7512
8122
8261
7288
7755
8494
7382
8153
8045
7246
8117
8051
7717
8275
8195
8017
7790
7934
7551
7862
7991
7399
7997
8194
7553
8041
7873
7215
7974
8082
7371
7565
7518
7611
7912
8334
7974
7635
8013
7272
7828
7364
8000
7670
8331
7202
7851
8003
7385
8018
7737
8000
7863
8399
7342
7995
8250
7138
7923
8240
8688
8018
8228
7550
8199
7996
7594
7902
8438
7646
7918
8546
7156
7694
8020
7533
8094
8028
7753
7164
8523
7328
7874
8100
7343
7925
8061
7488
8641
7890
7241
7976
8071
7551
7953
8010
7541
7084
8325
7420
8038
8214
7656
7932
8154
7361
8080
7374
7456
7713
8077
7495
7940
8417
7200
8332
7757
7578
8458
9629
8487
8089
8051
7730
7590
7312
8402
7993
8178
7409
8298
8114
7715
8426
8380
7808
8285
8376
7548
7885
8391
7611
8072
8117
7469
7600
8235
7722
8097
7895
7236
8206
7848
7314
8256
8287
7432
7974
8231
7389
8215
8129
7433
7251
8369
7714
7738
8272
7531
7892
7980
7602
6736
8247
7576
7779
8187
7530
7917
8394
7532
7820
8515
7956
7868
8011
7173
7953
8179
7450
7802
7935
8015
8200
8215
7558
6841
7899
7425
8050
8343
8035
8103
8320
7278
8252
7922
7861
7784
8114
8482
8202
8196
7605
8117
8108
7498
8414
8596
7850
7332
8061
7742
7912
8528
7260
7777
8187
7779
7210
8360
7181
8158
8075
7227
8050
7962
7590
7073
7467
7395
8011
8215
7465
7985
7984
7302
7616
8639
7310
7827
7936
8048
7934
8020
8057
7558
8183
7897
7944
8362
7833
7579
8142
8089
7449
8116
8400
7290
7769
8015
7614
7755
7862
7308
7085
8384
7692
8007
8422
7238
7937
8412
7279
6815
8668
8579
8144
8071
7435
8132
8035
8110
8002
8283
7295
8276
8184
7944
8183
8179
7214
7866
8261
8025
8084
8075
8564
7779
8025
7158
7682
8304
7115
7836
8020
7345
8323
8061
7690
8041
8160
7882
7002
7360
7189
7959
8383
7368
7883
8166
7390
7517
8257
7342
8035
8138
7420
8021
8108
7437
8183
8398
7179
7812
8157
7728
7809
7994
7614
7427
7114
7589
7931
8192
7396
8415
8271
7835
7887
7410
7483
7764
8051
7620
7940
8211
7431
7919
7508
8377
7906
8096
7557
8206
8436
7413
7960
6939
7138
7959
8152
7250
8071
7938
7529
7694
8148
7771
7993
8168
7579
7930
8317
7164
8138
7815
8183
8041
8358
7030
8334
8138
7317
8151
8225
7405
6921
8374
7230
8100
8336
7414
8236
8271
7515
7292
6851
7875
7728
8402
7320
8041
8220
7560
7897
7857
7876
7978
8424
7466
7405
8334
7826
8049
8585
7229
8289
8062
7389
7920
8179
7303
8135
7035
8358
8176
8129
7470
8312
7912
7578
7094
7968
7588
8208
8201
7393
7732
8116
7346
7953
7955
11158
8373
8210
7455
7999
8185
7579
8020
8282
7557
7165
8092
7429
7865
8004
7277
8003
8293
7379
8229
8253
8028
7993
7953
7570
8343
8094
7579
7652
7205
7595
8050
7996
7277
8041
7950
7252
7692
8441
7379
7570
7922
7453
7993
8364
7230
8157
7525
7677
7888
8028
7595
7804
7178
7624
7800
7958
8607
7891
8249
7379
7907
8451
8677
7947
8112
8004
7485
8009
7266
8229
8042
7379
8137
8070
8196
8401
7971
7576
7771
8376
8533
7337
7851
8353
8142
8105
8196
7824
7775
7933
7442
7684
8143
8369
7897
8348
7403
7972
7917
7508
8024
7952
7330
7764
8033
7450
7940
7764
7453
8119
8291
7183
7143
7933
7394
7888
7180
7496
7887
7936
7215
7794
8659
7451
7879
8107
7558
7835
8597
7419
8419
8257
7130
8133
8214
7316
8200
8245
7386
6788
8580
7182
7521
8328
7205
8034
8128
7312
8276
8453
7696
7799
8477
7332
7794
8478
8697
8071
7373
8618
8092
8271
7708
8441
8281
7392
7882
8164
7735
8210
8203
7593
8151
8260
7385
8070
8112
7692
8201
8019
7507
8410
7927
7577
8158
8376
7284
7877
7873
7690
7979
8296
7550
7805
8258
7503
8613
8383
7384
8179
8058
7163
8058
8195
7171
7793
6893
7704
8123
8283
7738
7956
8415
7825
7456
8203
7711
8032
8333
7479
8076
8194
7666
7782
8579
7638
8136
8041
7774
6871
8572
7879
8227
6985
8333
8426
7062
8147
8010
8451
7587
7317
8261
7712
8390
8360
7609
8089
8121
7590
8244
8334
7807
7090
8297
7290
7872
8435
7944
8186
8099
8065
8010
8084
8594
8157
7427
8255
8251
8110
7380
7918
8166
7618
7802
8417
8010
8112
7891
7392
7763
7434
7342
7741
8071
7392
8111
8071
7410
7981
8475
7817
7987
8132
7559
7883
7748
7511
8158
7914
8418
7676
7995
7492
8073
8241
7348
7741
7682
7451
8179
8338
7107
8152
7964
7651
8134
8413
7659
7834
8217
7408
8001
8029
7367
8051
7769
8046
7161
7779
7260
7884
7980
7361
7839
8182
7412
8028
8199
7953
8110
8446
7137
7793
7810
7779
6787
8489
7735
7994
8030
7631
7926
8018
7180
7443
8099
8016
8097
8177
7341
8403
8415
7753
7887
8179
7360
8014
8133
7412
7993
8230
7590
8523
8117
8399
7276
7926
8184
7655
8076
8121
7609
8789
8554
7737
7852
8174
7593
8024
8131
7045
7837
8544
7671
8113
8065
7651
7512
8281
7527
8175
7347
8275
6766
8338
7200
7029
7569
7576
8123
8073
7801
8133
8131
7328
7766
8005
7420
7751
8206
7431
7726
8145
7179
8499
7738
8633
8173
8164
8040
7943
8021
7394
8053
8334
7876
7885
8335
7370
8255
7928
7424
8176
8435
7451
8266
7680
7706
7169
8515
7329
7825
8145
7435
8128
8440
7169
7654
8485
7317
7700
8359
7306
8195
8323
7457
7953
7514
7602
7717
8307
7114
8087
8143
7450
8241
8092
7369
8000
7639
7108
7920
8102
7148
8131
8075
8173
8420
7835
7282
6854
8227
7517
8144
8235
7755
8276
7991
7558
7117
8122
7573
8192
8115
7460
6914
8064
7367
7918
8165
7693
7908
8210
7441
8143
8214
7109
8010
7915
7760
7776
7933
7411
7308
8346
7544
7849
8335
7065
8102
8275
8061
7246
8795
8416
7858
8230
7885
8066
8144
7385
8525
8560
7968
8371
8073
7585
8139
8222
7579
7744
7528
7284
7941
7610
7544
8259
8128
7416
8076
8163
7306
8034
8385
7469
7912
8384
7499
7789
8451
7838
8120
8333
7473
7831
8232
7630
7582
8297
7861
7446
8003
7351
7776
8401
7666
7811
8162
7381
8307
8304
7347
7717
8053
7535
8224
8232
7406
7929
7189
7564
8072
7793
7288
8143
8231
7317
8172
8823
7588
7809
8441
7235
8294
8133
7217
7908
7943
7387
8305
8134
7612
7988
8200
7167
8035
7128
7637
7910
8148
7752
8060
7930
7230
7976
7928
7353
8253
8264
7491
8046
8169
7389
8481
7947
7148
8010
8023
7370
7753
7973
7759
8019
8007
7549
7436
7950
7458
8121
8259
7828
8075
7913
7408
8287
8204
7855
7329
8057
8260
7548
7896
7638
7497
7889
7712
7187
8199
8453
7406
7687
8053
7533
7057
8083
8498
7070
7654
7631
6892
8116
7209
8335
8281
7314
7967
8221
7661
8056
7912
7613
8404
8315
7634
7969
8095
7418
8103
8395
7246
7056
8138
7538
7603
7983
7362
7783
8074
7526
8016
7389
7884
7690
8524
7674
8229
7964
7138
7866
7357
7573
7599
7763
7569
8056
8082
7243
8209
19189
8456
8020
8089
7208
7883
8134
7575
7837
8137
7649
7788
8194
7374
8112
8192
7680
8312
8034
8205
7568
8347
7412
8026
8109
7255
7948
8275
7470
8206
8297
7471
7745
8419
7583
8093
8187
7209
8381
8420
7768
7784
8361
7313
7717
8353
7696
7753
7369
8251
8040
8167
7553
8046
7101
7052
8171
8174
7353
7759
8308
7521
7975
7941
7634
8114
7969
7414
8011
7866
7400
8317
8098
7079
8040
8137
7912
8132
7934
7057
8100
7082
7133
7987
8108
8271
8095
8178
7671
8114
8265
8194
7800
8343
7907
8240
8112
7587
7898
8349
7563
7883
8014
7796
8064
8023
7319
8116
8162
7398
8231
8143
7430
6871
8275
8028
7948
8100
7367
7939
8339
7253
7787
8542
7794
7995
8104
7620
7974
8175
7154
7812
8001
7472
8000
8089
7204
7861
8082
7542
8045
7298
7899
8076
8284
7582
7923
8171
7294
8205
8323
7373
7951
8283
7430
7953
7835
7409
8080
8103
7344
7113
8251
7660
7912
8254
7317
7671
8566
7280
8070
8173
7794
7984
8334
7346
7830
8211
7363
8712
8316
7649
8005
8379
7603
7809
8426
7195
7519
8201
7307
7861
8056
7378
7761
8091
7457
8334
7676
7390
7839
8379
7622
7988
8079
7510
7674
7179
7255
7092
7893
7616
8072
8080
7271
7812
8102
7742
8436
8013
7864
7405
7913
8069
7425
6690
7548
7756
8113
8167
7573
7939
7057
7317
8256
8536
7451
7963
8027
7705
7760
8400
7579
7888
7346
7979
8338
8256
7768
8196
8379
7483
7530
7924
7220
7996
8170
7103
7975
7833
7408
8032
8417
7948
8151
7984
7051
8205
8079
7272
8071
8135
7608
8239
8123
7153
8004
8036
7520
8073
7958
7637
8248
8195
7470
7795
7757
7199
8007
8038
7399
6700
7917
7367
8089
8204
7133
8000
8245
8087
7866
7697
7990
7823
8014
7805
7952
8372
7428
7956
7966
7732
8040
8070
7682
8015
8006
7425
8145
7428
7272
7681
8207
7513
8094
8209
8441
8106
7795
7143
7982
8017
7614
7978
8049
7391
8321
8636
6993
7909
8084
7502
7888
7781
7711
7923
8342
7603
8241
8153
7386
8160
7940
7377
7872
8041
7507
7210
8372
7963
7810
8381
7777
7621
8262
7378
7556
8617
7623
8196
8090
7188
8066
7839
7236
8082
8776
7623
8129
8274
7840
7981
8403
7599
8198
7359
7292
7908
8056
7513
8246
7878
7587
6916
6846
7373
8333
8206
7309
7930
8375
7492
7977
8277
7497
8112
8394
7860
7984
7926
7388
7994
8065
6837
6961
8132
8037
7813
8106
7712
8127
7933
7528
8086
8035
7611
8003
7995
7734
8087
8271
7676
7121
7012
7228
8272
7704
7533
8011
8215
7586
6777
7392
7733
8153
7935
7331
7871
8234
7066
7982
8402
7580
7536
8329
7535
7924
7888
7532
7776
7915
7066
8226
8044
7830
8015
8025
7373
8136
7801
8016
7853
8309
7343
7867
8312
7225
8027
6852
8139
7466
8114
7568
7817
8032
7363
8241
7953
7430
7608
7138
7454
7805
8119
7484
8294
8470
8037
7538
7992
7251
8200
8260
7400
8238
7910
7399
7690
7835
7126
8013
8095
6980
8563
7912
7930
8056
8157
7802
7789
7841
8078
7243
8028
8389
7650
8332
8461
7743
8254
8265
7689
7912
8299
7285
7155
8337
7376
7912
8073
7415
7696
8292
7310
7769
7522
7358
8025
8195
7541
7925
7995
7430
8052
8839
7556
7830
8356
7333
7858
8385
8142
8097
8108
7777
8088
7965
7574
7971
8012
7140
7890
7029
8190
7712
8258
7448
8040
8329
7130
8077
7995
7762
8185
8283
7189
7962
8102
7249
7868
8285
7651
7120
8651
7634
6806
8104
7258
8016
7972
7482
7697
8133
7643
7811
8066
7317
7761
7984
7301
8505
8019
7706
7745
8081
7392
7714
8321
7765
7402
7250
7492
7938
8320
7340
8197
7987
7497
7920
7415
8153
8182
7994
7581
8017
8015
7529
7844
8072
8640
8358
8392
7483
7956
8321
7569
7870
8247
8610
8018
8374
7499
7838
7942
7531
7949
8012
8535
8280
8433
7593
7967
8246
7454
8164
8271
7022
7672
7925
7434
7975
8211
7378
7883
9087
7179
7957
8477
7389
7948
8144
7610
7738
8409
7598
7032
7310
7661
8106
8561
7542
7876
7963
7208
8346
8672
7649
7756
8415
7409
8158
8231
7358
7793
8719
7513
8144
8232
7656
7925
8323
7333
8312
7189
7933
8153
8117
7452
8057
8066
7470
6856
8152
7765
8058
7956
7581
7855
8174
7532
7679
8156
8303
7866
8224
7654
7853
7897
7463
7840
8078
7442
7809
8018
7412
7841
8145
7502
7946
8171
7598
8315
8214
7894
7775
7206
7482
7614
7609
7114
6883
7534
8144
7179
8396
7280
7487
7693
8244
7092
7602
8380
7290
7753
8240
7277
7746
8326
7271
8153
8256
7283
7679
7055
7582
7379
8430
7106
7711
8316
7596
7652
7151
7089
8128
7148
7518
7666
7261
7056
7707
8253
7128
7369
8338
7083
7827
7424
7105
7058
7902
8618
7329
7478
7439
7593
10875
7757
7484
7755
8352
7159
7452
8473
7297
7130
7980
7461
7209
7294
7749
7491
8167
7106
7830
8286
7535
7478
7292
7993
7469
7410
8052
7469
7289
7764
8071
7177
8123
7442
7572
7918
8309
7396
7327
8340
7368
7833
8250
7358
7897
8289
7755
11116
8556
7845
7900
7816
7629
7814
7543
8221
7030
7352
7688
7892
8613
7611
7712
8312
7597
8102
7318
8062
7824
8158
7089
7949
8109
7118
8333
8166
8552
8041
8005
7674
8103
8175
8117
8226
8056
7570
7801
8374
7252
7991
8442
7964
8000
7878
8174
8061
8271
7273
8138
7955
7335
8135
8062
7892
7245
7029
7738
8087
8122
7605
8006
8201
7311
8379
7907
7552
8070
8149
7808
7898
7933
7160
7791
8033
7682
7680
8021
7573
7989
8394
7814
8713
7669
7127
7743
8189
7240
8257
8327
7412
7808
8784
7899
7692
8560
7945
7692
8363
7129
7795
7246
7590
7965
8056
7795
8218
8155
8647
7530
8177
8046
7996
7950
8438
7272
8015
7107
7712
7916
7577
6955
7766
7361
7645
7748
8379
7505
7583
7150
6875
7856
8436
7881
8322
7126
7593
7932
7030
7837
8111
7241
7544
7837
7615
7531
7872
8641
6947
8221
8319
7826
8282
8154
7810
7685
7398
7654
7993
7029
7584
7960
7002
7903
8099
8377
7534
7546
8312
7534
8376
8640
7440
7989
8406
7729
7168
8307
7471
7588
8501
7793
7801
7260
8063
7785
8009
7723
7677
7182
7519
7851
7912
8020
7381
6980
7024
7799
8119
7736
7722
8394
7908
7526
8433
7742
7898
7209
7964
7800
7173
7401
7801
8522
7896
7581
8227
7912
7374
8487
7915
7820
7109
7797
7385
7056
7406
8096
8461
7577
7924
8326
7587
7348
305500
7246
7548
8072
8459
7419
8336
8562
7515
7962
7261
7971
7603
8438
7473
7878
7189
7922
7608
7001
7554
7754
8541
7910
7896
8477
8279
8367
7274
7438
7646
8584
7782
7993
8420
7719
7528
7056
8298
7928
8401
7687
7873
7117
7386
7897
8292
7467
7749
8566
7415
7770
8643
7484
8056
7202
7462
7776
7389
7312
8127
8539
7947
7772
7892
8461
7502
7091
7630
8007
8585
7599
7764
8173
7213
8240
7275
7616
7597
7168
7508
7950
7270
7807
7832
7144
7387
7849
8736
7439
8032
6992
7773
8040
8555
7441
8000
7205
7349
7912
8261
7568
8033
7118
8253
7691
8545
7389
8037
7111
7762
7678
8658
7597
7811
8596
7739
7927
8165
7535
7634
7798
8013
7585
8536
7892
7540
8564
7830
7754
7123
7605
8015
8636
7992
7829
7172
7590
7589
7909
6907
7811
8699
7665
7697
8699
7317
7660
7272
8511
7856
7424
7651
7778
8337
7571
8279
7137
7882
7370
7397
7493
7195
7864
7952
8323
7515
7554
8156
7599
7832
8567
7212
8293
8339
7443
7859
8640
7292
7913
8092
7501
7886
8548
7251
7717
7613
8317
7887
6910
7610
8213
8538
7261
8221
8333
8625
8200
8495
7656
7883
7940
7259
8081
7949
7905
8322
8019
7700
7873
7930
7566
7994
8149
7413
7658
7901
7367
8209
7840
7672
7994
8171
7564
7173
7098
7599
7851
6965
7630
8369
8242
7160
6717
7579
7290
7800
7961
7407
7749
8518
8706
7895
8264
8442
8104
8316
8722
7590
7743
7094
8332
7046
8189
8249
8102
7197
8377
7779
7413
7766
8030
7712
8005
7982
7753
7788
8553
7851
7965
8120
7186
8023
8164
7427
7809
7978
7172
7989
8146
7261
7406
8159
7512
7784
7823
7260
7873
8136
7453
8196
8323
7575
303267
7673
7811
7512
7858
7387
7092
8472
7802
7587
8105
8011
7594
7916
8203
7979
6849
8086
7394
7967
8419
7590
7994
7949
7149
7517
8274
7737
8049
8371
7132
8035
8273
7642
7700
8010
7200
7938
8183
7531
7928
8171
7694
7591
8661
7621
8113
8045
7455
8172
8147
7419
7785
7407
7369
7872
8441
7642
8044
8071
7515
8143
8783
7635
8016
8216
7601
8360
8064
7584
7988
7139
8119
7886
8022
7052
7874
7988
7637
8213
7954
8663
8019
7931
7731
7898
8138
7221
8011
8158
8955
8017
7889
7413
8302
7627
7810
8214
7990
8008
7388
7941
7496
7907
8261
7226
7964
8194
7510
8442
8459
7136
8037
8079
7081
8098
8071
7523
7145
7470
7673
7819
8273
7602
7836
8087
7441
8234
8651
8153
7855
8083
7301
7861
8123
7252
8092
8015
7371
8335
8205
7228
7705
8202
8624
7779
8000
7256
7922
8053
7774
7920
7984
7200
7894
8497
7621
7916
7835
7158
8027
9542
7348
6894
8056
7546
7787
7933
7629
8074
8129
7658
8171
8183
7379
7615
8143
7209
8153
8039
7603
6958
7980
7549
7335
8216
7711
8092
7992
7232
7919
8052
7641
7405
7723
7411
7965
8067
7579
7953
8019
7564
8138
8511
7560
8224
8155
7492
8016
7894
7907
7791
7174
7795
7662
8046
7798
7935
8016
7553
8192
8283
8614
7920
8148
7471
7971
8441
7915
8032
7937
7712
7958
8163
7615
7956
8031
7620
7942
8221
6944
7762
8342
7282
8014
8097
7597
8184
7822
7446
6965
8505
7460
8200
8216
7589
7997
8284
7408
7366
7439
7350
8374
8071
7396
7872
8254
7650
7979
8846
7637
7916
8329
7315
8082
8384
7635
8052
8899
7639
8245
8181
7332
8029
7998
7472
7698
7206
7528
7071
8330
7592
8015
7858
9960
8437
8582
20335
8294
8211
9088
7996
8252
7897
7923
7869
8642
7995
7598
7481
7937
7996
8277
7363
8424
9767
8533
7518
7533
8214
8435
7488
8328
7933
8018
8140
8484
9089
7709
7871
8717
7864
8471
9036
7813
8025
7794
8126
8079
7630
8256
8091
8997
7795
8417
8986
7975
8526
7419
8199
7230
8865
8047
8211
7398
8241
8153
7282
8465
7805
8928
7915
7318
9148
7991
8114
7286
8388
7894
18688
8242
6877
7507
7911
8123
7651
7817
8132
7793
8054
7271
7410
8287
8147
7397
6939
8263
7380
7580
8164
7387
8037
8194
7164
8030
8181
8734
8040
8218
6907
8013
8121
7336
8197
8121
7584
7696
8292
7607
7660
8191
7295
8275
7989
9025
7984
8010
8302
7117
7022
7710
8061
8084
8829
7982
7933
8867
7269
7660
7463
8381
7953
9144
8010
8178
7710
7890
7943
7594
7914
8109
8820
8066
7796
9364
7908
7342
8384
7868
7037
8994
8022
7976
8821
8368
8503
8142
8092
8184
9066
7831
8533
7610
7878
8336
10202
7000
7018
9003
8092
7933
7637
7906
7961
8657
7587
8276
7592
8174
8435
8931
7871
8173
8845
8114
8200
8767
8108
8212
7729
8033
8156
8653
6781
8041
7302
8297
7933
8849
8374
8355
7289
7962
8317
7488
8181
8138
8917
7830
7820
7387
8269
8672
7571
8313
8092
8799
7935
8335
7682
8265
7661
8899
8127
7993
7733
7824
8222
8799
7909
8093
8739
7741
7974
7514
8169
7973
9086
7964
8381
8017
8292
8234
7633
7955
8514
7471
8215
8201
8957
8150
8105
107106
8160
13730
8250
8209
8854
7976
8373
7666
8253
8179
8855
8437
7866
17234
8440
7897
8351
7830
8048
7758
7765
8061
7485
7818
7025
7169
8217
8212
7192
7932
8082
7402
7915
20030
7512
7998
10285
7723
8138
8763
7934
8218
9148
7247
8343
8415
8051
7941
9015
7774
8098
7613
7674
8106
7704
8561
7037
8424
8153
8181
8676
8364
7890
8802
8348
7964
8897
8177
8201
7328
8164
6937
7471
8503
8034
8902
7759
8271
7605
8138
8478
8624
7864
8294
8968
8199
8133
8919
8516
8287
8595
7984
7834
7341
8158
7859
7626
8065
8318
8001
7201
8272
7329
8144
7767
7583
8149
8232
9056
7416
8517
7805
7953
8174
8830
8271
8130
8723
8067
8623
7840
8014
8202
8746
8207
7050
7318
8123
8518
9118
8060
7773
8950
8072
8218
7550
8070
8762
7250
7932
8256
8645
7937
8056
7779
8214
7281
8212
8524
8107
8896
8069
8554
9022
8142
7993
8702
7895
8219
7856
7809
8285
8914
8002
7971
7463
7446
7984
7372
8052
7992
8974
7779
8062
8692
7984
8035
7596
7768
8114
8962
7828
7287
9137
8497
8217
7276
8456
7729
13826
7905
8143
7570
7049
7397
7774
7958
8247
7256
8078
8234
7374
8142
8383
7800
8157
8422
7037
8233
8364
12013
8267
7983
7639
7886
8556
7561
7801
8492
7668
7985
7769
8293
8117
8114
7760
7948
8066
7712
7876
8176
8437
8177
8075
7466
7959
7610
8641
7908
8002
7479
7795
8398
7558
8200
8373
8869
8036
7092
7172
7034
7081
8838
7953
8459
8689
7852
8143
8536
9433
7292
8894
8133
8262
8846
8215
7070
8625
7555
8545
7191
8344
8235
8654
6935
8307
8864
7866
8411
7245
8394
8210
8512
8507
7892
8643
8058
7367
8493
7037
8041
7370
8333
8127
7674
8387
7856
8082
7133
7693
9402
8309
8238
8832
7989
8060
9728
6965
8013
8991
8076
8052
7958
8312
8479
7414
6869
8116
8005
8334
7979
8989
7851
7997
9043
8819
8072
7829
20215
7990
8046
8512
8047
8003
8341
7680
8317
7516
8098
8377
8822
7999
8225
7768
8371
7728
7514
7093
8006
9924
7306
8262
7538
7469
8556
8231
6969
8179
10415
8573
8066
8523
8220
8263
8815
8371
7848
7534
7948
7200
7440
8121
8456
8758
7813
8196
7983
8467
7136
8914
8128
8546
7486
8313
8076
7125
8344
7902
7302
8528
8727
7775
8163
8385
7326
8130
8164
8582
7973
7297
8986
6958
6987
8864
8133
8393
9119
8257
6969
8060
7789
8417
8920
8374
7794
9003
8174
8243
8762
8194
8015
7616
7800
8169
8995
7831
7755
8000
7292
8041
7760
7994
7784
7697
8362
8218
8979
8030
8514
8676
7010
7039
8735
8220
8308
8462
7764
7296
8554
8060
8312
8848
8428
8397
8900
7929
7930
7148
8235
8312
8774
8582
8427
8704
8114
7958
7134
8437
8113
7284
8385
8038
8504
8282
7846
8895
7030
8102
7710
8205
8410
9011
7880
8045
8150
8423
8361
9276
8224
8180
7147
8210
8015
7728
7612
7971
8396
7601
8042
7762
8102
8092
7713
8255
7000
7612
8150
7989
7835
8465
8386
9116
7007
8194
9181
7894
7953
9001
7805
8046
8415
8025
7433
7685
7965
7960
8476
8225
7797
9334
8138
7712
7705
8493
8160
7406
7094
7880
8992
7993
7547
8680
8056
8279
8657
8179
8225
9213
7787
8075
8501
7779
7010
7529
7837
8369
8795
7749
8331
8603
7674
8151
9241
7933
8265
9081
7959
8246
8533
6994
8276
7415
7524
8176
8664
7638
8353
7470
8332
7964
7764
7882
8199
7142
8201
7980
7238
7031
7874
7716
7903
8137
7296
8148
7961
7312
7911
8003
7589
8213
8516
7150
7881
8102
9005
7892
7789
8452
7943
7941
8871
7924
8069
7275
8025
7388
8096
8056
8080
8471
18597
7950
8256
8777
7351
7271
8340
8233
8161
7216
8195
7900
9442
8159
8666
8887
7941
8268
7151
8213
7807
9207
7805
7326
8223
8274
7914
8878
8143
8259
8872
8109
7873
8086
7856
8130
8645
8020
8187
7129
8090
7954
8774
8527
8193
9076
7542
8061
8866
7819
8348
7068
7504
8389
7805
7475
8323
8779
7814
8286
8637
7894
7754
7488
8085
8056
7362
8091
7939
8858
7769
7120
8837
7943
8282
7562
8355
7903
9044
7661
7709
7473
8141
8217
8696
7814
7867
7639
8174
8691
8987
8167
8076
7452
8029
8416
12187
8153
7235
7428
7762
8508
7261
7996
8453
7511
8171
8075
7213
7876
7993
8615
7643
8409
7711
7820
8179
7809
6932
8261
8894
7991
8143
9035
7981
8013
7712
7104
8077
8857
8134
8036
8635
7841
8189
8961
7992
8346
8005
8038
8439
7531
8313
8132
9034
7862
7220
7331
8427
8161
9022
7745
7951
8749
7965
8357
7309
7993
7954
8917
7162
8269
8840
8090
7266
7566
7065
8209
9326
8321
8110
7749
7026
7675
10162
7131
7988
8892
8132
6989
8801
8230
8036
9184
8165
8075
8714
7979
8291
8564
7928
8456
7967
6933
8057
7588
8184
8092
8919
8171
8204
8815
7506
8080
7848
7985
8153
7497
7962
8159
8914
8779
8214
7383
8174
8109
7496
7991
8418
8970
6996
7620
8610
8361
7790
7447
8186
8111
8500
8219
8498
7564
8231
8059
7424
7900
8516
9164
7829
7201
9185
8081
8037
8871
8270
7731
8920
8764
8299
8203
7974
8347
7380
8173
8276
7701
8020
8081
7131
8048
7120
7473
8195
6866
7253
7128
8075
8596
7485
8059
9334
8195
8253
9041
8046
8180
8987
8054
8351
8882
7819
8427
7338
7792
7834
8814
7599
8180
9110
8061
8083
7301
18161
8092
8003
8813
8140
7825
8887
7995
7177
7527
7876
8107
8174
7596
8410
8880
8128
8232
7693
7901
8131
8742
7320
8387
9082
8217
8403
8945
8122
7913
8834
7591
7133
7409
8016
6944
8861
8285
8163
9099
8463
7305
8753
8278
8174
7353
7793
8196
8656
8425
8437
7472
8002
7800
7385
8099
8317
9001
7784
6874
9656
7800
7934
9113
7784
8233
7515
7986
8369
8343
8240
7829
8772
7817
8143
8825
7878
8111
7589
6972
8075
7552
7979
8128
8644
8051
7916
8679
7176
8393
8977
8106
7951
8984
8009
8074
7450
7893
8263
8737
7989
8130
7452
8549
8086
7483
6993
7006
10887
8304
8170
7517
8030
8195
8829
7995
8202
7391
7989
8193
9013
8219
8001
8809
7753
6989
7938
8043
7817
9200
7818
8150
7376
7956
6917
10962
8378
8281
9178
7760
8074
7398
7806
6893
8471
8124
8126
7617
8229
7139
9020
8082
7816
7789
8491
6990
9039
8056
7446
10186
8271
8333
8976
8059
8224
7712
7989
8478
8031
7932
8172
7487
7328
7666
8696
8427
8161
9051
7903
8094
8889
6743
6948
9067
8116
8164
8712
7830
8264
9008
8136
7475
7606
8164
8344
7608
8293
8118
9146
7980
7448
7594
8131
8235
8767
8026
8369
7410
7941
8333
7856
8031
8000
7581
7709
8139
8930
8020
8035
11623
8207
8153
8654
7990
8177
7594
8041
7860
7602
6949
7957
7391
7984
8357
8818
8230
7881
7358
8758
8180
8740
7839
8174
7452
7823
8156
9041
7206
7816
7448
7874
8021
8733
8050
8194
8695
7876
7615
9183
7764
8172
7542
8178
8230
7827
8044
7683
7495
8088
8259
8734
8137
8035
7498
8005
7891
10027
6997
8294
8933
7923
6948
8927
7931
8356
8671
8046
7949
8848
7858
6946
8795
8107
8309
8563
17631
8322
8117
8975
8132
8322
7461
7931
7137
8258
8110
7943
8973
8210
8439
7552
8138
7956
7637
7938
8255
8909
7908
8400
8938
7852
8394
7746
7953
8233
9005
8074
8317
7807
7969
8123
8362
7896
8080
8772
8202
8235
7512
7855
7966
8843
8276
8197
7671
8011
8174
8980
7851
7738
8989
8129
8342
8810
7564
8082
7588
7892
8336
7501
7370
8383
7297
7936
8190
8795
8035
7884
8950
7784
7760
8764
8201
8116
7476
7774
8240
8702
7761
7539
8594
8231
7988
8774
7991
7915
7375
8189
8174
8328
8278
8032
9168
8452
8155
7403
8081
8153
8580
8058
8008
7499
7750
8197
9246
8256
8258
7621
7974
8207
7484
8022
8052
7358
8128
8236
8897
8479
8291
7784
7891
7945
8907
8055
6957
7791
6967
7382
8974
8415
8276
7558
8271
7953
8877
8123
8881
7798
7809
8438
8682
8243
8025
7536
8220
8350
8869
7909
8261
7400
7969
6912
8797
8318
6829
11771
8093
6949
9019
8111
8298
7469
8148
8487
8784
7571
7994
7533
7379
7962
7829
7797
8207
7571
7484
8062
9076
7827
7812
8795
8041
8215
8365
7219
8336
7682
8253
8379
9042
7964
8036
7310
8634
8271
7212
7890
8036
7249
8096
8458
8717
7687
7130
8654
8015
7956
8860
8140
8243
8669
7735
8120
7617
8247
8113
8841
7904
7741
10615
8241
7358
8216
7818
8187
7188
8421
8112
8807
7850
7906
8701
8205
8375
7590
7897
8403
7553
8087
8033
8841
8534
8072
8441
7866
8305
7341
7873
8193
7199
6909
7789
7410
8136
8212
8778
8021
8051
8946
7638
8143
9036
7855
8220
7349
8031
7996
8801
9978
8186
7393
8115
7987
7340
8278
8263
9119
6848
8275
7663
7969
8063
8919
7187
8205
7499
8545
7364
7857
16537
7289
7792
9358
7955
7996
9199
7962
7989
8984
8235
8159
8705
8071
8298
8997
6909
7533
8301
8156
8212
8781
8175
7851
7629
7171
7527
8752
7986
6991
9032
8392
8000
8871
8038
8222
7760
7954
8181
9017
7878
8169
9015
7845
7196
8939
8025
8251
7230
7933
8111
8941
7907
8276
8343
8012
8148
7189
8037
8335
7458
6944
8056
7493
7682
8171
8724
8181
8210
8930
8353
8096
6989
7848
8314
8755
8120
8353
7595
8131
8296
8813
8759
7103
8957
7538
8372
7579
7855
8355
8875
7211
7760
9198
8189
8374
9018
7889
8205
8837
8195
8582
7717
8048
8358
7114
8148
8940
7196
7988
7988
7365
7974
8272
8784
8343
8187
8947
8116
7189
8818
7691
8116
7720
8071
6908
8640
8097
8236
9107
7911
8274
8772
7883
8092
7592
8014
8416
7227
7825
8053
9077
8128
8011
8980
8060
8215
7796
8399
8261
7460
8147
8422
8889
7958
8213
7715
8101
8316
7220
7774
8415
7333
8372
7658
19480
7186
7914
7317
8284
8095
7473
8311
8331
7502
7850
8681
7719
8274
7974
7588
7758
8245
8152
7574
8061
8090
7851
8011
7545
7973
8241
7401
8051
7921
8233
8000
8526
7097
7876
8043
7176
7942
8383
7753
7993
8014
7372
7623
7983
7499
8215
8230
7064
7343
7225
7528
7151
6996
9185
8176
8479
8597
7313
8315
7972
7761
8456
8534
7838
8020
8227
7592
7312
9274
7897
8117
8612
7819
7942
10266
8420
7241
8497
7611
8193
8638
8211
8415
8584
8437
7466
8071
7193
8002
8565
7974
8469
7533
8433
7641
9116
8059
8287
8965
8015
8315
7214
8393
7762
7653
8343
7992
9064
7926
8271
7573
7820
8153
7792
8463
8282
7448
7935
7897
8216
8066
8118
7369
7836
8154
8515
14854
8037
8143
9039
7971
7318
8738
8336
7931
7423
8051
8643
8810
8138
8162
7633
8170
8179
8804
8374
7974
8830
8003
8051
8015
7132
7924
7425
8091
7930
8795
8051
8112
8656
8376
8061
9033
8077
8131
8872
8079
8121
7822
8652
8218
8974
7989
7977
7445
8014
8331
8982
7882
7029
7715
7872
8149
7771
8235
8010
8764
7847
7567
7611
8032
8102
7442
8051
8219
10728
8224
7194
7206
7769
7859
7381
7890
8240
8754
8049
7969
8435
8179
7983
8873
7940
8108
8811
8143
8403
8861
8153
8490
8757
7819
8338
7471
8079
8225
7291
7098
8322
8803
7877
8376
7545
7728
8109
8876
8075
7944
7260
8151
8053
7449
7712
7931
7638
7195
7748
9015
8359
8123
8785
7970
8225
8614
7143
7451
8697
8219
8195
9060
8050
8534
6875
8074
7569
8886
7938
7882
8903
7969
8068
7366
8392
7648
7969
7970
8147
7890
7984
8328
8799
7948
8319
8517
8133
8063
8876
8071
7510
7590
7688
8144
8164
7513
8136
7545
8169
8069
9196
8239
7825
7284
7140
8173
11435
8027
8225
7430
8138
8267
7379
8338
6956
8848
8030
8270
8769
7990
8212
7742
6866
8465
7611
8015
8019
8775
8284
7911
8840
8153
7952
7483
8000
8077
8884
7900
8244
8835
8001
8083
7756
7904
7900
8824
6902
8502
9058
8115
7933
8723
7822
8261
8623
8208
7837
9075
8071
8619
7687
8082
7895
8806
8197
8002
7558
8312
8225
7465
7460
8338
7410
7953
8411
7539
8001
8413
7831
8019
8117
8646
8036
8186
8923
8015
7882
9017
8523
8061
7322
7900
8196
7599
8335
8244
13705
6926
8424
7138
7813
8035
7231
7953
8072
7133
8220
7127
7709
8035
7358
9075
8165
8056
9182
8060
7704
8148
8257
7803
7394
8014
7742
7805
14989
10910
7147
7582
8120
6958
9003
7947
8067
8917
7158
8371
8896
8050
8073
8912
7977
8266
7553
8414
7351
9187
8297
8031
8937
8031
8046
9148
8327
8165
7571
7964
8335
7528
7965
8394
7352
8400
8045
7640
8181
8218
7169
8081
8111
8979
8088
8092
8789
7958
8476
7581
8235
8133
8900
7791
8120
8277
8013
8272
7712
8085
8020
7872
8133
8053
8838
8072
8360
8933
8150
8151
7606
8071
8164
8258
7143
7951
8787
8498
7935
7590
8127
8230
7551
8260
8088
7715
8048
8407
7355
8015
7974
8858
8292
8400
7580
7997
8218
7838
7779
8148
8955
7858
7206
7900
7979
8258
7717
7980
8242
9036
8174
7812
8775
8216
8177
7543
7892
8259
9058
7871
8572
8143
8575
8025
9057
8173
8469
7287
8014
8399
7227
7116
8376
7599
7952
8274
8801
7995
8078
7761
7960
8432
7705
8051
7262
8964
8129
8127
8594
7486
7410
9017
8179
7931
8999
7998
8315
8504
8037
7872
7753
7087
7317
8786
8230
7214
8340
8305
7127
8759
7890
8189
8827
8175
8152
9079
7008
7984
8824
8337
8051
8674
7923
8343
8940
8136
8171
8150
7031
6954
7861
7152
7351
9218
8435
8578
7034
7261
8465
9081
8343
8456
8123
7207
8397
8978
8128
7129
8330
8436
8596
9086
8346
7191
8245
7812
7927
9020
8472
7124
8326
7049
8441
7614
7261
7519
9447
7953
8415
7656
8077
8273
10188
8223
7997
8594
7132
7046
7808
8510
7533
8748
7963
7254
9118
8435
8475
7694
8058
8414
7808
8252
8337
8619
7307
6996
9280
7071
8395
9226
8474
7129
10434
7456
8532
7579
8426
8499
7529
7166
8462
8505
8061
7029
7616
8208
8546
9055
8222
8344
7830
8577
6967
9217
6976
6992
8774
8178
7258
8914
15740
7830
8359
9007
8015
8513
7307
6867
8358
8509
7850
7120
9317
6996
7798
9331
8516
6999
7059
8183
7146
9345
8473
7125
8925
7914
6997
7179
8476
7104
9488
6962
7054
10938
8457
8513
8858
7896
7303
9027
8127
7859
8646
8236
7892
8474
7775
8362
7430
7535
7835
8030
7603
8020
8602
7755
7112
8177
7626
7656
9945
7593
7624
8481
7817
7667
10579
7677
7976
8856
8018
7668
8209
7949
7836
7992
7932
7633
8120
7858
7781
8553
7829
7755
7769
7074
7898
10082
8610
7630
8345
7760
7610
9517
7536
7607
8958
7565
8012
8818
8076
7944
8136
7490
8147
8593
7815
7985
8655
7811
8194
8983
7991
8380
8131
8185
7808
8555
8050
7632
8321
7743
7909
8541
7571
7570
8585
7704
7775
9938
7513
7724
8400
7887
7954
8672
7682
7859
8152
8112
7892
8986
7154
8544
7792
7689
7802
8583
7815
7569
9487
8135
7668
8815
7675
7537
8457
8102
7970
7427
7797
8143
10692
7962
8386
7596
7963
8090
9014
7314
8211
8857
7959
7883
7511
8083
8282
8838
8020
7097
8901
8369
8192
9028
7872
8189
9204
7811
8584
7571
8005
8246
7272
8108
8296
9017
8278
8637
8955
8003
8078
7563
7912
8195
7285
8020
6843
9132
7878
8045
7468
7975
8164
7380
8205
7944
7689
8158
8332
9077
8077
8123
8885
7774
8173
8603
8256
8007
8011
8076
8183
8912
8155
8161
8249
7523
8225
7611
8105
7857
7487
7717
8222
8822
8594
8038
7417
7876
8416
9044
8014
8184
7415
7548
7600
9054
7764
8085
8983
7790
8103
8846
8011
7563
7409
7831
8250
8908
8133
7953
7473
8129
7665
8150
7869
8364
9104
8010
8358
8794
7854
8010
8441
7862
7956
8712
8110
8054
8882
7855
7972
8863
14259
8197
8256
8665
7885
8072
7593
8140
7329
9057
8251
8107
8902
7676
8138
8896
7730
7893
8377
7967
8410
7410
8287
8180
8952
8077
7785
8238
8158
7828
7827
8028
8148
8895
7936
8245
7730
7784
7871
8980
8354
8277
7694
7881
8305
7835
7512
8262
8893
7709
8255
8984
8124
8311
9035
7993
8041
7483
8295
8145
7633
8163
8028
9035
7793
7172
8809
8200
8121
8891
7722
8289
8939
7576
8384
7213
8092
8292
8682
7828
8344
7430
7950
8615
7388
8273
8321
7262
7982
7920
7261
7965
6951
8540
8008
8244
8954
8096
8122
8913
8585
7751
8697
7973
8234
7791
7009
8530
8580
8041
8319
7852
6994
8095
7252
8244
7934
8885
8170
8346
8438
7044
8194
10045
8231
8340
8879
7615
8513
8698
7748
8320
7230
8355
7874
7719
7687
8098
8021
7089
7938
8834
8411
8189
8785
8135
8084
7652
7652
8143
7605
8241
8003
7595
7928
8446
8166
6994
8254
8805
8260
8350
7527
8200
8092
7733
8217
8004
9058
8159
7087
9168
8144
8098
9022
7978
8237
9038
8000
8270
8863
7895
8499
7249
7928
8254
7743
7974
8162
7583
8114
8399
8787
6928
7607
7773
8139
8270
9051
8128
8124
7623
8335
8211
8781
7408
7972
9035
8181
8029
7438
7982
8175
19027
7800
7374
7562
8061
8171
7153
7903
8116
7396
7943
8817
7412
8070
8025
7748
7852
8010
7146
7974
7743
7349
8042
8387
7275
8102
8192
7668
8156
8403
7812
8171
7727
7733
7842
8044
7415
7918
8568
7393
8174
8005
7628
7698
8012
7676
7939
8227
7276
8129
8272
7333
8162
8113
7527
8192
7943
7789
8214
7824
9024
7895
8042
9157
7875
7855
8928
7841
8269
7369
7731
8363
8862
8058
8253
8061
8309
7232
9087
8014
7680
7871
12404
8320
8280
7929
8480
7970
8727
7888
8358
8666
7833
8073
8607
8502
8189
7653
7912
8184
9027
8020
8195
7596
7730
7461
7541
8319
8213
9114
7982
7964
9123
7682
8738
7469
7820
8444
7664
7864
8325
7537
7845
8665
7616
8131
8068
7604
7933
8179
8825
7885
7072
9066
7958
8220
8874
8099
8083
8598
8203
8020
8890
7857
8052
7499
8150
7843
8913
6930
8364
7875
8156
7994
7548
7981
8116
8746
8060
8233
9154
8247
8156
8829
8214
8107
7468
8060
8328
7544
8279
7951
7598
8235
8274
8825
7783
8136
9022
6815
7381
7750
8138
8006
9002
8271
8369
9184
7852
8442
7349
7784
8305
8746
8052
8171
8821
7904
7915
8401
8099
8254
7391
8485
8130
7273
8074
8010
8154
7912
8111
9118
7890
8496
9153
8112
7548
9067
8017
8289
7446
8181
8061
7528
7808
8103
8097
6969
8394
8876
7765
8123
7485
8015
8193
8927
7888
8332
7633
8115
7974
8197
8235
8117
7545
7711
8313
7369
8418
8225
7607
7913
8479
8966
7522
8317
9067
8158
8255
7591
8015
7825
7513
7868
7845
8577
8297
8089
9124
8113
8202
8705
8162
7246
8320
8176
8251
7732
7934
8312
8914
7896
7899
7943
8037
8478
8903
7974
8024
7721
7826
8222
11063
8102
8251
7233
7729
8033
7393
8193
8351
6885
8107
8031
7507
7979
8175
8811
7929
7008
8893
8214
8351
8994
8009
8249
7885
8040
7984
7527
7948
7502
7408
8076
6964
8692
8256
8292
8938
7830
7413
9162
8265
8287
8742
7925
8140
8899
7978
8302
7688
8271
8115
8792
8194
8432
8999
7858
7227
7735
7996
8011
7619
7964
8257
7804
8096
7857
8752
8394
7977
7468
8456
7839
7661
7825
7124
7420
7534
8275
8997
8358
8293
8027
13689
8083
7471
8435
8269
7952
8974
8082
7990
7614
8200
7845
8793
8121
8216
7574
6961
8279
8894
8074
8092
8523
7800
8242
9014
8167
8262
8868
8340
8281
7190
7951
8235
8796
7822
8359
7760
7968
8256
7358
8180
7943
9131
7983
8312
8891
8077
7959
7692
14860
7133
7575
7927
8048
7507
8075
8234
7365
6750
8530
7538
8180
7954
7989
7888
8167
7370
7871
8468
7499
7743
7856
7861
7898
8225
7196
8370
7286
8093
8142
8390
9223
7656
8055
7537
8053
8295
7998
7876
8028
9158
8223
8186
7155
8433
8562
7636
7941
8043
8878
8112
7928
7530
7764
8561
7866
7415
7995
9087
7854
8223
8574
7680
8611
8320
7983
8292
7472
7718
8182
7676
8055
8425
9128
6876
7707
8874
8241
8124
7512
7997
8172
7501
8009
7710
8794
8206
8010
8778
8215
7943
8818
8031
8220
9194
7148
7354
8977
6882
8364
7542
7231
7675
9910
6971
7051
9377
8625
6964
9232
8357
8264
7928
8451
7991
9080
8104
8005
7680
8097
7587
8128
8273
8359
7450
8054
8066
7547
7998
8155
8877
8052
8265
8900
8158
7856
7432
8120
8304
7538
8196
7273
7555
8329
7929
8819
7880
7742
8765
7414
7789
9142
7875
8121
7557
8352
8057
9021
7813
7769
7531
8009
8357
7407
7871
7911
19441
7858
7934
8494
8146
7849
7903
7053
8350
7571
7820
7165
7589
8018
8219
7140
7820
8271
8810
7771
8136
7352
7909
8178
7694
7659
8085
7234
7835
8175
6978
6937
8354
8899
8031
8196
8799
7957
8555
7831
8423
8217
7510
7895
8195
7455
8045
8083
8694
7198
8182
7600
8206
7832
8984
8263
7753
8876
7268
7282
8879
7985
8020
9117
7882
8304
8841
8014
8356
7537
8243
8441
8806
7788
8341
8929
11205
8078
8026
8872
7957
8165
8958
7840
7952
8859
7630
7179
8558
8301
7877
7397
8150
8000
8968
8005
7338
8745
8000
8348
8613
7935
8512
9184
8174
8764
7608
8195
8074
7492
8069
7936
7669
8013
7948
8565
8553
8065
8785
7900
8284
7340
8122
8212
8094
7972
8362
7747
8061
8130
8718
7933
8002
8344
8027
8252
7513
7959
7700
7555
8450
8074
9501
8089
8183
7952
7579
8153
8755
8092
8281
7440
7897
8374
7704
6986
6957
9127
7297
8462
9176
6827
8251
9446
7105
8269
7911
8277
8518
9220
8303
8501
7610
8373
8471
7866
8351
8037
9120
6984
7639
8317
8296
8376
7654
7528
6917
9054
8180
7671
8049
7208
7147
10700
6934
8323
7969
7214
8440
10422
8461
7159
9024
6912
7041
8834
8384
8440
8417
8162
7175
7624
8151
7633
9160
8434
8196
7549
7020
7725
9417
8349
7835
9022
8256
7440
7844
8379
8559
7995
7405
7838
8178
8518
7168
9623
7780
7948
9246
8420
8158
19391
7311
7871
7452
8012
7379
7233
7815
8123
7581
8205
8034
7358
8261
7711
8472
6923
7936
7247
8030
7994
7391
6900
8191
8832
8324
8071
7236
8212
8227
7370
8161
8194
8128
7910
7980
7525
7865
8131
7596
8144
8160
8090
8189
7957
7619
8294
6986
9160
8332
8352
8841
7908
8181
7564
8015
8236
7548
8038
8012
8836
7585
8327
9017
7915
7952
8995
7989
7969
7651
7902
8630
7563
8071
8214
8761
8353
7598
8824
7707
7458
7477
8202
8025
7481
7815
8603
8927
8297
7372
7469
7980
8087
8640
8082
8152
9071
7959
8418
7441
8059
8225
8892
7923
8340
8688
7697
8225
8402
7174
8512
8785
8138
8447
8845
8029
8407
8199
8425
7970
7368
8282
8292
7232
7838
8162
7049
7494
7846
7818
9184
8069
6907
9065
7974
7739
10631
7785
8212
8889
7633
7946
7426
8149
8197
8333
7991
7585
7555
8019
6972
10846
7823
8230
8481
7908
6985
7601
8213
8421
8906
8254
6953
7669
7966
6951
9324
8662
8163
7582
8350
8374
15880
7188
7392
7606
7203
7057
7570
8574
7035
7975
6938
8187
7535
7983
8229
9025
7790
8421
8728
8052
7536
8856
7020
7055
9022
8140
7301
8998
7068
6869
9438
6974
7097
10706
8455
7184
8821
6898
7387
10928
8437
7155
7752
8405
8433
7442
8306
6867
7531
8276
7131
10917
7031
8116
7910
8253
8384
7426
7902
6973
9182
8507
8271
8024
8516
6909
7945
7651
7574
9364
8231
7197
7633
8319
7253
9419
8403
8568
7557
7088
7066
8860
8302
8369
9687
8259
7749
7497
6925
8454
9240
8503
6995
9047
8129
6740
8933
8145
8080
8786
8276
8216
9022
8066
7994
8258
7549
6974
7994
7035
8515
9302
8520
6995
8674
7934
7209
10226
7198
8441
9084
8082
8042
8150
7433
6969
9007
8162
8291
7613
8152
7048
9138
8400
8247
9155
8034
6998
7852
7778
8313
7420
7353
8297
8999
7980
8406
7500
8279
8223
8824
8146
7404
9077
7853
8276
8854
8090
8084
8574
8235
7926
7476
8130
8107
8715
8097
7884
8861
8548
6892
7992
7954
8311
8801
7938
8196
8826
7814
8120
8290
8151
8072
7492
7715
7914
7471
8101
8143
8702
8278
8118
7538
8190
8352
7666
8209
8216
8781
7989
8216
8973
8081
6903
9000
7815
7769
7743
8265
8160
7360
8220
8120
9028
7821
8025
8845
7832
7809
7671
7793
8006
7541
8137
8053
7109
7851
8485
7795
7507
7976
7822
7902
8074
7596
7859
7854
7194
7830
8093
7200
8098
8474
7258
8335
8241
7750
7876
8186
7366
8996
7394
7270
8955
7492
7472
9141
8211
8194
7536
7830
8211
8833
7994
8200
7959
8551
8194
8855
8191
7863
7713
8185
7437
7830
8208
7801
9083
7723
8143
7400
8379
8006
7808
8007
8120
9046
8061
7912
7844
8355
7874
10798
8467
8454
7369
8051
7943
7564
8172
8159
7273
7611
8434
8951
7969
7984
9037
7989
8246
7432
8075
8373
7728
7956
8524
8605
8016
8385
8894
7332
7230
8818
8266
8393
8819
8128
8141
8861
8052
7795
7530
7862
8335
7370
8001
8273
7138
7986
8033
8731
8259
7967
7527
8025
8183
8995
7807
7911
8762
7794
8206
8878
8173
8101
7415
8222
7862
8992
8177
7979
7868
8435
7866
7526
7980
8174
7578
7528
8189
8713
8315
7853
9249
8164
8150
8944
7549
8193
7363
7805
8241
9001
7728
8200
8913
8338
8285
8934
7850
8104
7272
7795
8029
8192
7144
7309
8819
7955
8053
8835
7854
7958
8977
7784
8672
7851
8004
7731
7133
7846
8119
7482
8428
6876
9637
8204
8256
8775
7978
8051
7606
8230
8314
8732
8164
7098
9030
8035
8215
7550
7851
8009
7754
8061
7092
8703
8238
8412
8733
7774
7991
7771
8416
8081
7531
7870
8373
8585
7933
8234
8998
7270
8510
7630
8169
8060
9076
8166
8236
8954
7790
7088
9097
8012
8019
7388
8031
8452
9099
7965
7059
9044
7988
8016
7268
8339
8306
8693
7960
8039
8928
8056
8394
7299
8061
8283
7365
8172
7176
7731
7943
6864
8800
7748
8095
8775
8025
8201
9698
7810
8221
9084
7760
8035
7498
7903
7940
10761
7879
8236
8956
7794
8105
7407
8022
8132
7584
8371
8189
7269
8294
8070
7912
8063
8057
9002
8435
8369
7789
8102
8135
7913
8051
8254
7516
7263
7750
8950
7880
8090
8850
9116
8158
8123
8502
7071
8152
8613
8450
8158
7646
8224
8331
8642
8233
8189
7429
8137
8074
8897
8321
7887
7419
8125
7446
8998
7997
8083
9022
8078
8080
8815
7907
6965
7794
8035
7991
19389
7892
7953
7454
7792
8170
7617
8231
8343
7421
7943
8018
7430
7778
7673
7059
7712
8358
7312
8095
7954
7638
8013
7655
7027
7885
8175
7693
7914
8207
7277
7981
8091
7603
8276
8006
7410
8200
8082
7574
8414
7910
8526
7451
8358
8852
7816
8389
8634
7931
8259
8646
8007
8064
7589
7729
8579
8915
7974
8255
8655
8502
7189
7273
7695
8299
7379
7741
8094
9121
7239
7990
7960
8010
8516
8817
8195
8267
7280
8029
7992
7638
8244
8084
7590
8156
8139
8738
8012
7723
8689
7989
7932
8843
8351
7866
7385
8103
8257
7641
8168
8169
9206
8107
8331
8821
8210
8229
9044
7920
8189
7213
7989
8362
7572
7901
8395
18656
7241
8381
7551
7974
7985
7665
7943
8045
7363
7954
8043
7421
8129
8161
7974
7960
7861
7914
7178
8378
7179
7848
7615
7521
7558
8312
8556
7905
8528
7580
7531
8200
8386
8251
7952
8597
7963
7938
7287
7811
7651
7068
7436
8237
7022
7547
7306
8611
7702
8386
7371
7922
7644
8473
7897
7571
8117
7367
7935
8415
7731
7917
8514
7497
7700
7185
8265
8176
8200
7952
7592
7592
7613
8117
8242
8419
7833
8893
7649
8046
8657
7874
8475
8414
8146
8181
8495
7492
8266
8456
7551
7573
8414
7383
6926
7590
8082
7805
8201
8337
8066
8305
7884
7450
8379
7731
7614
8266
7667
7780
20000
7400
7279
7794
8138
7681
7099
7640
7854
8456
7558
7506
7989
7668
7983
8391
7527
8082
7410
7576
7865
8519
8112
7832
8561
7363
7849
9059
7131
7541
7784
10633
7960
7811
8206
7814
8341
8113
7789
7902
8620
8316
7676
8366
8049
7952
8723
7505
7697
8120
8299
8035
8065
7577
8100
8592
7202
7898
10432
7988
8087
8074
7980
7649
8222
7555
7542
8039
8318
7667
9728
7985
7804
8335
8029
8393
8394
7613
7551
8422
7957
8138
7953
7648
7532
10130
7725
7977
8097
7559
7636
10235
7548
7921
8456
7594
7725
9082
7721
7970
7486
7512
7692
10928
7431
7213
8476
7697
7653
8558
7579
7551
10122
7800
7369
9010
8375
7020
8701
8481
7174
9088
8418
8328
7503
8546
7170
7586
8345
7073
9197
8398
7190
7980
8553
8235
9115
6967
8536
8942
8180
7286
8495
7722
7194
8773
8463
6996
7669
8473
8113
7984
8100
7195
9844
8435
8516
7804
6980
7229
8872
7772
6851
9723
8353
6955
9117
8400
6996
8929
8299
8301
9065
7039
7543
7794
8260
7167
10841
8533
7554
8782
7230
7002
7863
7459
8312
8785
8572
7420
11994
8290
8298
7617
8098
8207
7412
8171
8080
8162
7794
8353
7605
7899
7864
7543
8100
8054
8019
7699
8036
7405
8379
7953
9007
7945
8015
7578
7914
8386
9023
7975
8128
8835
7788
8002
7622
8042
7091
9020
7932
8223
9297
7652
6852
10482
6889
6933
8766
8101
8108
8815
8563
7894
9158
7724
7438
7690
8000
7963
9084
8096
8056
7580
8194
6795
8319
8507
8138
7599
8394
8096
8876
7931
8219
7870
7933
8230
8765
7687
7758
8070
7711
7086
7573
8375
8049
8797
8051
8419
8819
8157
7985
7587
8172
8391
8769
7994
8078
8876
7949
8235
8036
8397
7994
7165
7734
8283
7277
7928
8119
8894
7343
7274
8902
7754
8209
9007
7984
8495
8901
8251
8782
7777
7862
8174
7205
8133
8043
8768
7821
8339
7428
9213
8358
6964
8948
8076
7771
9016
8400
8457
8935
8140
8535
8714
7826
8269
8813
6700
8602
8989
7648
7635
8949
7741
8466
9050
7920
8700
8133
8109
7372
7350
7276
7041
8151
7079
7512
9046
7452
7045
9223
8338
8326
7451
8473
7410
9307
7049
6957
9476
8537
8353
9018
8509
6917
8735
7027
8393
9128
7135
7029
9578
7091
7271
9694
7556
7314
9112
8419
7000
9102
8323
8648
7835
7572
6965
8830
8341
7009
10553
7020
8491
8964
8166
6806
9430
7174
8411
9077
6994
8491
10621
7923
7010
8312
7225
8473
7709
7328
8418
9215
7081
7940
9163
8461
8447
7152
8384
8379
9118
7005
6910
8274
7220
7020
10479
8508
8222
7711
7120
8449
8973
7172
8489
8802
8353
8542
7511
8153
6970
8545
8435
8557
8857
8365
8256
9029
8099
6941
8008
7933
8564
7550
7030
7236
7641
7641
6947
10688
15258
7151
7656
7099
7157
8473
6989
7578
8144
7223
7883
8003
7175
8458
7569
8208
8075
7608
8029
8565
8824
7757
8307
8877
8177
8076
7729
8195
8641
7567
7932
8499
8576
7979
8071
7331
8039
7864
7472
8215
7989
9025
8521
8641
7138
8416
8428
7635
8443
7984
7456
7872
8011
9039
7952
8215
8594
7510
8092
9243
7685
7912
9022
7896
8174
8083
7518
8043
8894
7969
8032
9017
8088
8135
8808
8090
8293
7799
8369
7975
7499
7920
7854
7315
7068
7247
9140
8117
7993
7682
7897
8044
9271
8119
8600
8885
7779
8056
7130
8022
8344
7750
8397
7815
8698
7767
8147
9261
8400
7056
9125
7855
6798
16211
7921
7866
7625
7898
8372
7710
7990
8542
8355
7902
8552
7227
7729
8027
7387
7596
8405
6979
8459
8082
7510
7817
8232
7234
7663
8360
8973
7443
8217
7308
8435
8232
7956
8779
8081
6865
9478
8077
8000
8659
8208
8143
8984
7989
8223
8034
7709
8097
9034
8333
7876
7674
7878
8094
8024
7030
8353
9035
7803
8296
7539
8055
8171
9077
7879
8175
7602
7985
8421
9009
7830
7996
7551
7953
7438
9035
8030
8216
7553
7776
7982
7572
7471
7649
8896
8330
8422
8913
8032
8333
7373
8681
8501
9005
7854
8269
7470
8421
8205
7271
7942
7218
7771
8136
8120
8726
8096
7953
8981
7760
7984
7984
8070
8293
9098
8137
8003
7481
8135
8194
9897
8499
8005
8919
8125
7841
7708
8091
7796
7880
7009
8234
8795
7974
8276
8969
7991
8004
7499
8724
8250
8909
8048
8198
7253
7813
8391
7474
7266
8337
8917
8030
8169
8927
8246
8474
7495
7863
8509
7776
8037
8179
7825
7837
8198
7417
8064
8200
7414
8369
8073
8148
7285
7917
8801
8091
7478
8856
7792
7897
8946
7790
7943
8629
8476
8032
8999
6923
7929
8846
7663
7082
7631
8371
8434
7041
8503
8533
7665
7989
8180
8918
7943
8254
7723
8056
8139
7390
7860
7902
7453
7974
7778
8979
7966
8400
7470
7757
6960
8008
8231
8203
8769
7829
7450
8958
8310
7964
7376
8270
8158
8748
7038
7961
9204
7784
7934
8659
8046
7958
9039
8333
7486
8558
8329
8221
8594
8082
8315
7301
8271
6856
7591
8116
8092
9237
7759
8141
7430
8031
8400
9478
7730
8087
9080
7855
8320
8936
8012
7958
7712
7567
8238
8534
8275
7973
7656
8080
8230
8044
8156
8056
9036
8099
8120
7757
7995
7933
7402
7210
7228
8945
8032
8173
8798
8400
8207
7394
6941
8019
8923
7972
8152
7438
8024
7964
10701
8123
8605
7387
7874
8225
8823
8104
8094
7738
8230
6779
7686
7908
8353
8800
8164
7438
7813
7282
7313
8257
8907
8022
8063
7518
8033
8066
9087
7841
8323
7669
8176
8071
9030
8064
8113
8928
7877
8606
7877
8094
8224
7630
7834
8004
7429
7957
7271
10228
8043
8414
7550
8313
8282
9144
7941
8189
8677
7841
8258
7973
7940
8057
7709
8072
8435
7799
8371
8154
7092
8106
7894
7676
8205
8272
9128
7733
8321
8584
7960
7820
7643
8015
7985
8779
8497
8303
7516
7923
8381
8984
8143
8225
8876
7561
7328
8882
7974
8311
7658
7834
8074
9100
8061
8163
7256
7790
8114
7099
8066
7396
8717
8409
6723
8961
7839
8020
8938
8282
8180
8960
8099
7104
8081
7548
8268
8606
8020
8007
8915
7827
7981
7422
8096
7694
7387
7235
8110
9054
8020
7987
7949
8121
7732
8903
8092
8286
8882
7911
8117
9045
8320
7866
9079
8035
7969
8924
7746
8118
7844
8937
6989
8818
8013
8033
7554
7780
8164
7789
7451
7416
9035
8241
7974
9039
8153
8196
8764
8277
7375
7665
8312
8200
7824
7617
8334
7509
7953
7502
8035
8010
7999
8635
8206
8501
8904
8189
8300
8980
8290
8261
9068
7903
7809
8917
8132
8379
8185
8240
8126
7499
7738
8031
7441
8058
8295
7328
7569
8235
9000
7992
7997
8881
7846
7792
8750
6981
8359
7533
7851
8099
8992
7973
7953
8838
7707
8496
7171
8193
7923
8796
8376
7996
9032
7781
7405
7412
8324
7815
9022
7952
8052
8976
8274
8725
8659
8153
7958
7369
8326
7620
7589
8332
7075
7803
8389
7794
9002
7966
8241
7483
7748
8375
8130
8131
7991
7598
7856
7916
7450
7810
7958
10291
7374
7996
7452
7399
8497
8931
8073
8111
8835
7873
8178
9218
8236
8433
7391
7779
7992
7688
8630
8158
7447
8049
8166
9204
8020
8133
8897
7594
8282
8035
8692
8036
7841
8736
7519
8345
7459
6969
8051
8737
8215
8298
8800
8023
8220
7661
8494
8172
8998
8051
8145
7594
8278
8106
8985
8835
8461
8975
7908
7979
7411
7744
8158
19317
7817
8481
7443
7645
8194
7512
7863
8214
7389
7938
8702
7879
7815
8395
7667
8019
8096
7501
8092
7380
7232
7920
7974
7623
8143
8207
7583
8221
8072
8652
8109
8078
7444
7935
8165
7762
8161
8069
7324
8024
7994
7020
8101
7687
7804
8354
8462
7533
8223
7914
7588
7794
8168
7471
7835
8405
8309
7819
8241
7368
8033
7895
7664
7856
7887
7329
7207
8131
7502
8241
6958
8986
7727
8020
9110
8154
7505
7666
8446
8063
8428
8253
8034
8736
8113
8561
7510
8299
7807
8784
8476
7914
7475
7787
7471
9033
7708
8168
7459
8000
7955
8797
8080
7830
9637
8538
7994
8705
8161
8210
7569
8011
8317
8062
8501
8053
7538
8037
8169
8963
7811
8003
8241
7755
8123
9044
8354
8021
7826
8313
8282
8997
8444
7973
7528
8094
8292
7431
8257
8288
7315
7738
7953
7430
8166
7845
7435
7994
8433
8945
8377
8050
7595
8015
8151
8865
8073
8060
7407
7845
7308
8164
8051
8230
8869
8333
7801
7401
8336
7860
8605
8232
8417
7635
8202
7983
7465
8047
7988
9095
8057
8155
9092
7743
8304
7379
8196
6955
8291
8404
8000
8928
7970
8183
7538
7957
8332
8718
7055
8201
8973
7829
7997
9094
7774
6978
8647
7671
8181
8771
8327
8339
8933
7694
8085
8774
7695
7473
7387
8300
7955
8619
8530
8019
7420
8145
8682
8776
7869
8204
8756
7792
8271
8899
8231
7488
7700
8399
8058
9147
7773
8234
9056
7938
8218
8734
8116
8144
7458
7942
8210
8907
7980
8272
7698
8781
8018
7893
7233
7881
8098
8809
8073
8759
7550
7753
8137
7380
8245
8201
7410
7812
6818
9157
7789
8044
8943
8108
7969
7300
8064
8294
9068
8073
8333
7386
8164
8076
8820
8047
8098
8740
8622
8093
8942
7931
8153
7287
7914
7257
7175
7309
8214
7551
8121
8191
8415
7943
7729
9123
8278
8369
9061
7933
8473
7517
7962
8292
8772
7831
7912
7666
7985
8121
7302
8477
8076
7832
8234
8552
7572
8064
8434
7835
8122
8289
9085
8524
8563
7748
8176
8003
7598
7907
8123
8937
7790
7871
8455
7712
8272
8705
7897
7963
7519
7682
8341
8782
8039
8229
7597
7824
8160
8810
8337
8251
7815
6897
7995
7405
8178
8201
7627
8003
8353
8877
8129
8328
9004
8123
8251
8917
7933
7435
8532
8562
8411
8999
7786
8093
9014
7954
8212
7338
7656
7597
7471
8287
7024
7488
7852
8134
8622
8451
8251
7706
7912
8016
9081
8183
8256
8835
7989
7934
7874
7607
7473
8878
8416
8334
9061
8093
8370
7199
7774
8019
8179
8144
7810
8598
7731
7676
8480
7807
7630
8474
7837
7728
8609
8112
7827
6859
7532
7788
10133
7950
8194
8522
7703
7758
8396
7289
7633
9146
7636
7810
8553
7443
7773
10349
7858
7007
8446
7710
8062
8492
7467
7558
11119
6851
8159
8295
8131
8375
8179
7806
8261
8317
7994
7573
8377
7641
7892
8582
7623
7697
8305
8138
7562
9641
7438
8235
8757
8166
7876
8493
8123
7538
8434
7490
8142
8517
7768
7791
8684
7955
7535
7587
7773
7878
10189
7792
7792
8376
7974
8202
7125
7337
7626
10406
7999
8146
8467
8042
7630
9173
7759
8094
8225
7614
7620
8675
7554
7973
8553
7123
7753
10041
7515
8256
8254
7734
7687
8918
7005
7739
10587
7820
8748
7482
7155
8179
8097
6881
7629
7610
7108
8450
7775
8841
8504
8221
8969
7541
7784
8785
7764
8117
8249
8007
7475
7359
6754
7457
8391
8011
7339
8793
7863
8129
8194
7758
8233
8822
7811
7871
8558
8048
7572
14504
7841
6913
7531
7608
8002
8241
7632
7916
8458
7836
7405
8380
7579
7634
7251
7647
7732
8614
8080
7939
8615
7568
8057
7302
8236
8234
8405
8421
7951
8391
7071
8121
9050
7950
7996
8474
7848
7552
8795
7550
8135
8983
7750
7562
8796
7523
8041
8644
7358
7125
8415
8014
7803
8953
8155
7589
8361
7243
7517
8573
8119
7774
8633
7912
7936
10263
7509
7895
8640
7751
8183
8774
7860
7928
8778
8080
7836
8946
7612
7737
8795
7782
8041
8748
7691
7574
9043
7911
7607
7462
8091
7989
8271
7849
7742
10414
8064
7729
8312
7820
7823
8258
7349
7528
6848
7754
7891
9403
8189
7564
8446
8187
8023
8398
7788
7938
8677
7005
7952
11351
8252
8454
7651
7118
7369
9127
8218
7025
8970
7959
8193
9108
8275
7551
8769
8074
8011
8200
7610
8146
8099
8278
7529
8521
8000
7858
8395
8170
7813
8282
8009
7691
7515
8212
7995
8221
8216
7756
8286
8374
7932
8174
7880
8135
9190
7848
7671
8997
7911
8381
7880
7289
7678
8312
8125
7538
8375
7717
7589
8432
7172
7610
10682
8271
7723
8800
7853
8526
8468
7793
8012
9015
7538
8002
8422
7968
7738
8417
7911
7872
8544
7945
7631
8534
7642
7777
8459
7642
8457
8356
7590
8105
8448
7837
7919
9720
8275
7415
8412
7710
7808
8858
7780
8189
8575
7918
6878
7809
7982
7674
8951
7517
8191
8226
7829
8159
8216
8085
7492
8334
7609
7799
9891
7837
7746
7702
7471
7872
10339
7809
8003
8776
8636
8128
6886
8112
7913
7997
7111
8065
7537
8416
8174
7772
8760
8005
7848
8251
7604
7791
8943
8347
7995
8108
7664
7745
8590
7796
7961
8264
8225
8017
8055
8353
7725
8217
7872
8475
7394
7835
8048
8430
7911
7563
8643
7650
8241
8088
7615
8014
8815
7328
6989
10490
7287
8030
8604
7949
7674
9993
7661
7294
8806
8046
7887
8252
7972
8062
9933
8051
7531
8458
8036
8013
7882
8104
7589
8415
7989
7459
9442
7794
7969
8231
8154
7814
8153
8216
7614
7754
8153
8000
8050
8123
7882
8605
7840
7954
8112
7590
8005
10475
7870
7788
8380
8145
7612
8394
7538
8004
8387
7607
7829
8160
8091
8087
8835
7790
8199
8854
7782
7553
8451
7712
8293
8241
7955
7741
8412
8207
8435
8547
8163
8331
9101
8091
8320
8445
8029
8215
8435
7703
8063
8987
7943
6938
7381
8216
7566
8845
7916
8094
8179
7852
6974
8301
7512
7830
8864
7841
7984
8474
8344
8184
8881
7014
6948
8841
8034
8344
9049
7648
8502
8321
8064
8125
9141
7916
8410
9006
7980
8387
7639
8251
7947
8929
7851
8030
8958
7872
7256
8870
8125
8230
7369
7835
8253
7930
7759
8285
8784
7030
7304
8857
7693
7994
8909
7978
7826
8913
8041
7382
8979
8204
7995
7814
7871
8211
7697
8117
6797
8824
8061
8210
7574
8171
8195
8989
7828
8383
8277
8331
8055
8735
7840
8245
7739
8262
7932
8879
7292
7975
7779
7846
7949
8799
8138
7993
6969
7867
8007
8815
8175
7638
9020
7903
8216
7636
8534
8239
7711
8179
8104
7181
8221
7925
8018
7211
7789
8994
8129
8375
7538
8274
8052
8636
8256
8183
7629
8261
8143
8878
8033
7940
8874
8049
8035
7699
7914
8040
6984
7973
8059
7493
8658
8726
7897
7546
7934
7941
7401
7872
8259
7353
7200
7918
7743
7841
8082
7108
8210
7932
7415
7875
8594
7503
7795
8261
9124
7642
7973
8838
8041
7884
9068
7997
8147
7235
8071
7925
7717
7877
7930
7596
7679
7983
7589
8219
8396
8625
7994
7779
9019
7819
7977
7289
8302
8165
8979
8361
8009
8515
7874
7958
8978
7993
8253
9002
7650
8234
9060
8082
8436
9091
7908
7024
8944
7836
8172
7732
8491
8405
7315
8030
7953
9041
8142
8048
12543
7615
8373
7346
7876
8330
7352
8033
7971
7729
8060
8866
7336
8047
7958
7553
8075
8235
7312
8036
7148
7354
8193
6902
8789
7722
8254
8887
8313
8430
7906
8251
7824
7498
8015
8217
8550
8000
8303
8370
8020
8364
7628
6949
8253
7783
7948
8074
8112
8441
8173
7392
7970
8017
9121
7512
7202
8800
8394
8280
7485
8052
7975
8729
8256
8254
8943
7865
7381
9010
8127
8031
8621
7994
8489
7576
6972
8112
7461
8160
8347
9094
7835
8123
7667
7917
9051
7593
7125
8437
7626
8433
8452
7668
8430
7143
9661
8355
6892
7726
8379
7203
9175
8498
7091
8802
7110
7276
9345
7061
8302
9202
6912
8557
8784
7912
7282
10458
8664
8587
7561
6911
6993
8064
7939
7288
10895
7158
8535
9059
8276
8460
9121
8013
7036
7607
8391
7094
9062
8512
7202
7841
7885
7777
9023
8556
7166
7794
8184
7276
9095
8276
8128
8041
8351
8445
8975
8411
6881
8982
7029
9892
8091
7419
8344
7532
8455
8394
9026
8287
7941
8252
6931
8444
7577
8445
8383
7737
7000
6967
9238
7779
8601
7612
6956
7020
10807
7553
7120
8158
7707
7120
11045
8095
8261
8160
8475
7118
7981
7836
7116
9417
7029
7303
10891
6923
8258
8883
8121
8465
8380
7881
6960
8238
7182
7267
6886
7251
8320
7020
8315
8514
8196
7519
6862
7282
8122
7969
8335
7991
7181
8241
8688
7298
8476
9241
7289
8036
8604
7767
8271
8925
7966
6992
8881
8011
7769
8238
8285
8057
7149
8296
8097
9157
7551
7435
9266
7780
8087
8819
8131
7831
7631
8118
7643
7526
8372
8082
9381
8076
8111
8857
8064
7461
9134
7735
8143
8825
8035
8057
7529
7790
8200
7570
8123
8251
8801
7895
7933
8680
7950
8068
8984
8356
8235
7394
7795
8124
8886
8725
7992
7509
8033
8290
7297
8170
7992
9059
7892
7977
9053
8466
8072
7475
7861
7933
8910
7882
7916
7608
7717
7678
9116
8133
8134
8719
7784
8343
7467
7923
7398
7553
8051
8098
9089
8160
7943
8620
8222
7281
9015
7558
8074
7415
7913
8460
8876
8155
7512
7530
8181
8054
7433
7890
7901
8718
7890
8281
8462
7847
8129
8869
8451
6953
8949
7990
8049
7145
7511
8213
11505
7067
8194
8098
7609
8200
8892
7143
7910
7432
8529
8055
9019
8198
8056
7560
8195
8392
7571
8194
8140
8976
7875
8224
7468
7698
7658
7878
7861
8173
8869
7977
8158
8710
8219
7930
7222
7897
8047
8868
8117
7759
7341
7674
7854
7670
7924
8168
8538
8009
8305
7541
8059
8279
8245
8016
8144
8784
7905
8214
7368
8151
8351
8775
7822
8163
7435
8001
7933
8935
8113
8100
8310
8052
8364
7465
7589
8122
7813
7818
7998
8979
7335
8189
8902
7912
8125
8742
8223
6965
8564
7732
8060
9131
8062
7988
8920
8310
7812
7509
7230
6981
10618
8076
8194
8876
8505
7692
7519
7886
8631
7553
7870
8041
8984
8274
8056
8962
7924
8048
8203
6924
8471
9098
8006
8154
7631
8224
7972
8432
7875
8151
8378
7249
8052
7919
7560
7853
8560
7379
8010
8036
7342
7984
8347
7175
7887
8772
7353
7732
8254
7333
8235
8099
7706
7973
6944
7613
8092
8205
8966
7810
8245
7281
8138
8012
8978
8112
8326
7330
8152
8062
7331
8143
8201
8093
6956
8353
9201
8104
8301
8675
8084
8062
7409
7507
8199
9092
7751
8169
7620
8092
8349
8789
7212
8459
7835
7982
8131
8844
8126
8165
9061
7102
8417
8767
8137
8200
8815
7948
7989
8844
7822
8545
7834
8106
8417
7632
8210
8010
13796
8169
6912
8438
7984
8200
7810
7736
7967
7508
7920
7461
7231
7953
8329
7665
8017
8405
7819
7930
7794
7605
8092
8274
7575
8074
7943
7620
7709
7335
7350
7432
8118
8916
8056
8154
8902
7992
8340
9024
7938
8063
8956
7698
8104
7597
7975
8344
7469
9607
7333
7465
7901
8425
8966
7987
7869
8979
7363
7671
9138
8398
7989
7471
8025
8015
8917
8102
7813
7549
8022
8010
7372
7556
8205
8997
8255
7751
8467
6932
7970
7430
6923
8282
10540
8237
8189
8885
8238
8121
7555
8048
8239
7361
8270
8312
9458
8094
7996
7467
7974
7971
8687
7977
8033
7830
8292
8174
8897
8131
7998
7235
8068
8092
8897
8009
8087
7547
8353
7950
7612
7836
8155
7770
7305
7097
8802
7996
8233
8984
8016
8260
7686
8015
8386
7475
8187
7954
8851
7808
8141
8446
7801
8397
7569
8008
8230
8052
7729
7933
8974
7856
7346
10300
8376
8105
9117
8396
8440
7414
7956
7979
7405
8139
6959
8840
8171
8457
9194
7902
8227
7874
7181
8109
8700
7714
7088
8997
8000
8129
8775
8056
8381
8790
7885
8031
7720
7709
8440
7896
8196
8058
9039
8297
8346
7175
7863
8120
7428
7201
7912
8643
8289
7978
7494
8287
7713
8378
7700
8397
7180
7662
8196
8205
7554
7944
7877
7585
8420
8402
7603
6875
7987
7160
8046
7837
8955
8927
7276
8962
7895
8053
7529
7712
8379
8680
7085
7066
9017
7854
8406
7513
7871
8218
7543
7914
8312
8943
7917
8313
9030
7732
8471
7890
8071
7134
7228
8269
8352
8958
8007
7999
8810
8136
7885
7932
7821
8008
8999
7980
8174
7307
7977
7687
8930
8521
8253
7171
7894
8009
7502
8371
7989
7207
7638
6948
10251
8412
7997
8765
8164
7720
9119
7549
8133
8779
7205
7933
7453
7579
8235
8856
7100
7903
7513
7603
8339
7505
7969
8436
9145
8370
8059
9141
8069
8153
7463
8097
7687
8960
8160
8174
7578
7887
8141
8696
7942
8227
7357
8045
7743
8035
7357
8426
9014
7569
8338
8716
7735
8067
8043
8051
8245
9144
7799
8313
7663
7831
8219
8636
7497
8289
8855
7951
8189
8979
7954
8397
8092
8546
7913
7538
7576
8231
8991
7936
8285
8743
7595
7659
8480
8082
7996
8801
8235
7717
8493
7132
7030
8584
8051
8338
8237
7767
8154
8579
7893
8354
8394
7974
7835
6975
8169
8219
8452
7893
7148
8258
7944
7881
8402
7857
7845
8196
7287
7145
9726
7788
8071
8478
7534
8073
9065
8128
8174
8471
8302
8044
8625
8231
7803
8586
8231
8194
8415
7170
7913
8804
7865
7618
8736
8013
7611
8558
7405
7805
8819
7363
7734
8676
7734
7656
8978
19160
8274
7226
8183
7450
8519
8001
8235
7201
6748
7961
8496
7584
7635
8332
7676
7717
7210
7738
7588
7631
7553
7789
8316
7784
7709
8725
7685
7344
7748
7557
8234
8662
7861
8222
8675
7994
7601
8672
7500
7681
8676
8058
8202
8897
7820
7923
8799
8204
7950
8272
7822
7994
8897
7451
8443
7693
7250
7516
7751
7256
7515
7689
8593
8119
7267
8275
7708
7952
7384
7997
7757
7238
7617
7945
8453
7657
7977
9016
7689
7702
8400
7904
7692
7481
7251
8002
9829
7638
8297
8033
8046
7700
8214
8485
8255
8777
7574
7006
8633
7560
7633
9958
7795
7900
8526
7758
7973
11305
7894
7917
8610
7776
8551
8522
7373
7610
8540
8076
7944
8414
8138
8432
8259
7794
8060
8456
7762
7649
8550
8113
8332
8594
7732
7871
8331
7503
7958
7208
7598
7526
8635
7795
8194
8741
8254
7776
8410
8235
7799
7948
7629
8017
8013
8191
7779
8467
7916
7734
8397
7427
7862
10002
7754
7523
8277
7723
7884
8406
7322
7548
10088
7979
8154
7870
7502
7656
8758
7332
7620
10423
7574
7600
9249
7665
8057
10105
6873
7512
8798
8157
8024
9034
7983
8081
8700
7903
7800
8499
8192
7858
8354
7579
8025
8414
7834
6869
7818
7833
8323
8092
7772
7800
8449
7637
7890
11402
7817
8438
7627
7734
6928
7571
7903
8078
9529
6946
8273
9194
8485
8463
7558
7596
7957
7256
7738
8564
7989
8019
8495
8821
7897
7901
8965
8341
8396
8775
8046
8202
7564
7892
6930
8938
6850
7651
9147
8050
8368
7526
7822
8034
10496
7515
8051
8560
8168
8166
7471
7033
8148
8857
7948
8128
7530
8051
8251
8598
8047
8230
8837
7960
7844
8456
8312
8217
8673
8097
7894
7540
8102
8527
8094
7773
8240
8622
8016
7904
9254
7984
8080
7400
7628
7910
7360
7979
8000
7512
8060
7830
7939
7272
7070
11163
8001
8090
9075
8151
8088
7334
8275
7889
7626
7072
7720
10729
8006
7958
8928
7129
8412
7517
8134
8071
8113
7682
7996
9172
7811
8800
7577
7914
8317
8840
7980
7997
7393
8011
9469
9030
7372
7871
8106
7498
8182
8600
7304
8472
8353
7577
8192
8215
7563
7852
8103
7610
8113
8058
7323
8071
8280
7232
8007
8015
7179
7963
8418
7536
8081
8185
7757
7815
8094
12292
8061
7441
7071
7960
8074
7215
7882
8256
7607
7897
7282
7779
7835
8280
8661
8079
8202
7600
7956
8214
7610
7955
8320
7693
7791
8020
7611
8123
8265
7654
8402
8052
7600
7844
8410
7773
8083
7917
7455
8283
8207
7673
7900
8143
7772
8558
7973
7644
7489
7155
7732
8248
8020
7133
8112
7917
7411
7750
7367
9006
7884
8160
8934
8068
7849
7941
8241
8596
7707
8030
8161
7434
7775
8115
8898
7815
7092
8851
7840
8095
9074
7811
8462
7372
7758
8325
8872
8051
8277
7080
8230
8146
8672
8385
7084
9140
8590
7790
7518
8414
8282
7533
8020
7081
6942
8640
7942
8791
7992
8189
9017
8012
8066
8894
7425
8389
8972
7859
8400
8798
8191
7760
7640
7564
7842
9020
8089
8090
7835
8373
8176
7416
7802
7345
7782
7770
8318
9079
8430
8215
8994
8143
8780
7725
8123
8056
7973
7914
8077
8779
8082
7341
8019
7971
8091
7041
8097
8110
7839
7902
7876
8784
8276
6984
8780
8089
7855
9078
7917
8244
8712
8258
8123
7758
8067
8360
9015
7791
8052
9006
7738
8055
7412
7796
8330
9025
8415
7997
8747
7191
8431
7519
8316
8557
8979
8004
8016
7440
7056
8170
7232
8019
7994
8925
8201
8324
8792
7925
7251
7602
8293
8122
8738
7822
8200
8800
7880
7188
8525
7800
8384
7426
8241
8097
8872
7930
8057
8876
8114
8051
9205
7930
7886
7872
8120
8071
7525
7870
7972
7486
8017
7979
9024
8050
8010
7655
7407
8098
8870
7998
7825
9041
8029
8018
9003
7884
8410
7646
7835
7630
8424
7250
7933
7981
8499
7842
8121
7410
8256
8558
8835
8156
8194
7671
8114
8410
7409
7760
7890
7729
7935
8097
7955
8336
8173
7717
7782
7862
7507
7996
8058
8041
7907
8175
7403
8002
8220
7494
8137
7570
8792
7725
8224
7864
7917
8161
9037
7826
7970
8794
8065
8402
7770
8163
8096
7338
7796
7953
9115
7974
7486
7711
7813
8534
7318
7945
8274
8943
8032
6844
8436
8134
8060
9068
8094
8101
7475
7904
8361
7756
7580
8001
8694
8011
8379
7563
7754
8097
8184
7128
8353
8839
8422
8153
8819
7036
8162
8938
7277
8055
7380
8056
8266
8777
8238
7791
8801
8249
8354
9040
7813
6972
8387
7540
8158
8733
6950
7980
8637
8200
7894
7729
8154
8200
8317
8251
8695
8042
7917
8323
8856
8071
8292
10907
7878
7596
8295
7994
8195
7195
8008
8097
7308
7923
7090
9418
8172
8242
7351
8451
8292
7476
7665
8370
8842
8189
8185
7589
8184
7208
9103
8353
8325
7737
7251
7974
9112
8355
6955
8891
8578
8352
7851
7391
7856
8834
7890
8310
7594
8097
8320
7446
9144
7372
9033
7810
8033
9041
7925
7876
8729
7617
7060
8818
8051
8283
7835
7796
8186
8393
7676
8221
7545
8075
8029
9436
7675
8148
9208
7834
6990
8831
7922
7999
8694
7791
8200
7090
8309
7890
8613
7991
8079
7722
7811
8473
9000
8056
8365
9206
8138
8055
7489
8276
7493
7389
7819
8109
6960
7536
8262
8758
8150
7056
8954
7787
8297
9005
8326
8272
7669
7881
8335
7712
8199
7089
7227
7076
7715
8952
7972
8273
9146
7988
8086
9084
8296
8465
7533
7745
8016
8718
7858
8063
8626
8353
7742
7861
8150
8050
7135
8192
8064
9117
7863
7529
8563
8252
8099
8978
8183
8654
7567
7514
7673
7740
7607
8251
8103
7413
8198
8472
7128
8085
8933
7614
7984
8238
7277
7860
8064
7459
8057
8374
7830
8023
8322
7076
8213
8387
7639
7908
7501
7923
8117
7913
7532
7922
8039
7388
7852
8112
8919
7755
8125
8858
8127
8192
7676
7964
8157
7409
8151
7831
9112
8084
8194
7671
8075
8210
9016
7703
8379
9021
8108
8114
8865
8063
7915
7866
8255
7048
8967
7952
8071
8958
7682
7902
7597
7874
7246
8529
8338
8031
8940
7897
8083
9041
8134
7381
7594
7952
8060
8135
7897
8195
7276
8190
7843
7594
7974
8230
8901
8217
7772
8965
8000
7808
8072
8139
8169
7335
8412
7846
8942
7798
8282
8979
7834
8330
7424
7974
8034
7557
7810
8217
8363
8434
8309
8963
7854
7962
8700
7779
8113
8939
8287
8290
8945
8133
6997
8816
7823
7909
7426
7976
7597
8549
8073
8118
7455
8343
8169
8870
7842
7481
8836
8066
8201
7569
7731
7918
10023
8335
7273
7451
8200
8147
8984
7882
8214
8870
8246
6907
7264
8178
8266
9048
7756
7851
7315
8210
7953
8788
8000
8113
7435
8324
8037
7647
8009
7983
8328
7925
8313
8887
8173
8235
9123
7889
8179
7950
7385
8407
7394
8082
8064
7617
7994
8102
8000
8373
8434
8968
7932
8200
9116
7752
8235
8953
8020
7271
7615
8101
7993
7394
7989
7982
9093
7782
7307
9225
7732
8153
8138
7960
8043
8836
7920
7148
9003
8083
7970
8726
7741
8356
8996
8051
7012
7568
7981
7892
9092
8579
8210
8802
7820
8377
8927
7916
7852
8824
8079
8336
7637
8025
7274
6892
7862
8238
9041
7987
8417
8696
8036
7803
8972
7886
8327
7418
8163
8224
7420
8327
8497
7811
8335
7984
7400
8235
8003
7198
8041
8042
8276
7858
7939
8091
7608
7796
8163
7693
7899
7810
8020
8334
8397
7364
7813
8076
7165
8140
8025
7669
8139
8339
7618
8322
8242
7571
7786
8119
7189
7917
7633
7251
8087
8198
7641
7991
8163
7383
7051
7882
7376
7892
8384
7376
8136
7823
9136
8061
7308
9037
8061
8395
7571
8009
8181
7783
8113
7773
7575
7973
8361
8613
8047
8260
7526
8323
8464
8144
8142
7769
7342
8224
8092
8897
7801
8435
7404
7379
7999
8738
8282
8312
8899
8127
7896
7804
7905
8304
7619
7727
8135
9058
7873
7973
8798
8632
8160
7482
8100
8015
8609
8031
7959
7512
6808
8256
7576
8375
8186
9015
8114
8394
8915
7710
8180
7555
8189
8167
9100
8102
8015
7293
7978
7740
9056
8002
8199
9025
7984
7923
7444
8012
6972
8123
7957
8192
8966
7934
7998
7634
7868
8205
8862
7957
8313
8827
7933
7930
7859
7930
7884
8533
8205
8113
9092
7690
8371
9263
8044
8139
7452
8107
7742
7558
8242
8333
7525
7879
8224
7805
7376
8200
7569
7905
8338
8990
7833
8035
17415
7358
7388
7622
8133
8389
7197
8069
8526
7225
8030
8582
7341
7960
8261
7692
8204
8166
7589
8122
7070
6995
7846
7989
7484
7708
8179
7384
8153
8235
7962
8347
7897
7312
8421
8307
7226
7239
7928
7586
8061
7957
7351
8156
7875
8760
7590
8432
8161
7554
8457
8941
8019
8324
7612
7883
8263
8635
8049
7867
8910
8104
8030
8964
7848
7978
7770
7661
7878
7389
8452
7794
9105
7849
7901
8664
7501
7738
9040
8002
8147
8870
8038
8194
8913
7933
8232
7699
8049
8210
7735
7804
8422
9056
7696
7831
7312
8156
7768
8878
8036
6960
9108
7667
7982
8964
7893
8591
8717
7988
8055
7410
7971
8205
8470
7653
7955
7985
7256
7943
7779
7271
8197
8536
7938
7712
8082
7102
8133
7999
7386
7923
6933
8198
8200
8074
7717
7906
8131
7237
7633
8173
8035
6886
8618
7009
8374
8302
8500
6845
8197
7867
7290
8307
7152
6888
8212
7683
7070
8123
9048
7965
6917
8985
8433
8213
7555
8071
7968
9046
7817
8189
9143
8197
8474
8611
7954
8312
7231
6810
8078
7360
8077
8327
9122
6987
7980
8865
8405
7850
7716
7993
8035
8902
7925
8519
20514
8370
6813
8039
7997
7940
7035
8131
8627
7108
8471
7217
8166
8082
7917
7046
8176
7985
7789
8090
7523
8358
6970
8007
7102
7834
8477
7164
8238
8316
7469
8174
8537
7576
8475
8025
7540
7584
8441
7570
7600
8499
7068
7606
7592
7276
8245
7972
8707
7575
7411
9132
7857
8172
8939
7993
8233
9028
6981
8252
8661
7928
7759
8074
8274
8333
7508
7840
7391
7809
8136
8076
8728
8041
8313
8661
7976
7969
7452
8332
7689
8133
8302
8112
7551
8313
8071
7810
8343
8271
8051
8512
8284
8028
7836
8147
9723
7047
8240
8829
8021
8215
7509
8193
8234
8237
7489
8305
9026
8119
7030
7628
8211
8204
7690
7497
8168
8968
8233
7892
8878
8239
8173
8840
7379
8200
7389
8407
8049
7762
7823
7973
8760
8279
7752
8718
8352
8147
7129
7835
8075
8515
8169
7817
9021
8097
8330
8816
8430
8157
7017
6990
7172
9423
8152
8258
7589
8216
8262
8785
8212
7096
8674
8284
7887
8338
8516
8072
8939
8263
8062
6964
8381
8105
7775
7891
7720
7216
8297
7975
7431
7352
8432
7210
7895
8494
7578
7718
7967
7604
7138
8597
7431
8232
8212
7387
7776
8179
7362
7845
8463
7109
7988
7952
7498
7764
8170
9113
8323
7948
7538
8256
8831
7841
7107
7811
7935
7615
7246
8537
7271
8123
7996
7781
7886
8207
7353
7913
6835
7723
8131
8069
7207
7998
8128
7229
7143
7229
7417
8420
7996
7337
7979
8045
7385
8661
7418
7549
8115
8102
7620
6994
8397
8572
8097
7615
7976
6926
8143
8564
7876
6939
10425
8016
8456
8596
8389
8013
7539
8235
7197
8944
8023
8230
8200
7918
8175
7415
8095
7902
8854
7886
8143
7666
7208
8114
9082
7938
8138
7655
7944
8215
8815
7112
8057
9036
8129
8230
7394
8182
7487
8816
7654
7356
8917
7931
8275
8784
7794
8149
7388
8138
7848
7575
8211
6931
8895
8271
8394
8994
7739
8706
7681
7811
8434
8958
8060
8172
7107
7815
8038
8632
7897
7605
7357
7928
7894
9025
8047
8225
9001
8013
8001
8815
8177
7973
8861
7755
8193
8569
7612
8250
7384
8346
8062
9139
8090
8199
8397
7318
8091
7275
8261
8112
8338
7897
8294
7607
8343
8297
7615
8102
7931
9441
7974
8037
7441
6735
8349
8004
8451
7150
9588
6908
8365
8180
8394
7798
7580
8350
8362
7652
6954
7030
17755
8078
7853
7205
6928
8312
7933
8278
6989
7791
6909
7687
7571
8213
8532
7497
7102
6855
9757
8215
7151
10412
8394
8289
7541
8178
8282
8021
8547
7079
7866
8398
8516
7830
7066
8337
7590
7400
7450
9380
7917
8498
8822
6891
7230
9325
6905
7118
10865
9821
7580
8205
7128
6866
9239
7473
6900
10753
7682
7697
7825
7470
7516
8872
8306
8420
7891
8388
8564
7411
7794
6948
10112
8587
8523
7477
8290
7655
8160
8295
6894
7988
7213
7191
10647
7112
7276
10412
8400
7360
9154
8256
8502
7503
7118
7179
10061
7028
8148
7388
8331
6878
9425
7686
8436
7786
8333
7683
9257
8492
7438
8442
7711
7059
7541
7138
8323
8569
7794
7275
7105
8025
8217
7295
7058
8294
7043
7810
8335
7044
7805
8160
7137
7166
7471
8555
7146
7633
6943
7680
6917
7012
9869
8660
6872
9121
6980
7051
10774
8611
8333
7730
7918
6879
9625
7258
7162
8894
8501
7006
9192
7603
7613
9666
7123
6906
9307
8445
7113
10610
7641
7996
7819
7264
7507
9439
7113
8489
9446
8469
7776
7487
7287
6773
9130
8508
6874
9233
8358
7620
9656
7521
7474
8543
7620
7663
8741
7362
7486
9374
7552
7231
10518
7405
7338
9460
7489
7111
8362
7579
7152
10338
7823
7441
10323
8348
7414
8164
8405
8421
8825
8325
8179
8873
8323
8481
7541
7252
8307
7955
7154
8504
7749
8485
6908
18643
7097
7228
7913
6849
7153
7369
8409
6774
7543
6834
8776
8371
8394
7343
7272
7018
6864
8852
8456
7351
7970
8128
8041
8257
7988
7912
8055
7870
7553
8814
7965
7835
8354
7719
8071
9018
8361
8205
7379
8200
7857
9435
7923
6972
9263
8139
8169
8264
7531
8172
7632
7959
8103
9172
8101
8105
8876
7733
8143
7498
8232
8105
8828
7735
8374
8793
8014
7024
7558
8169
7989
7653
8137
8205
8919
8370
7325
7670
8110
8232
8805
8256
8054
8925
8225
8385
8945
8023
8100
7517
7650
7924
9035
8291
7858
8715
7820
6947
7543
8216
7973
8861
7994
7923
8343
8300
8394
7555
7680
8385
7573
7953
8215
7155
7073
8117
10231
8388
8353
8806
8216
8230
8445
8071
8055
8666
7999
8276
7331
8114
8368
8821
7847
8019
7404
8216
8164
8922
8282
7993
7017
6783
8197
9020
7938
8265
8933
8014
8195
7594
8005
7995
8002
8271
7931
8860
8090
7914
19392
7837
7895
7587
8128
8421
7550
7959
8156
7215
7629
7450
8456
7558
7824
8020
7210
7712
8200
7558
6747
8256
7903
7974
8011
8487
6927
8360
7664
8322
7297
7652
6867
7116
7482
8315
8289
7558
8122
7562
7653
6945
6838
7923
7493
7010
7295
8394
8488
7419
8492
8358
7563
8362
6928
7430
7952
7045
8511
7393
7231
8930
6932
7126
10995
6935
6856
10102
8350
6863
9582
7132
7013
9374
6808
8435
9187
7338
8261
9240
8175
6884
9117
8375
6879
9178
8109
7289
9393
8523
6986
8856
8230
6928
9092
7090
8341
8095
8323
8435
8444
6967
7007
9037
8329
7993
7666
8539
7178
9251
6844
7058
9631
6877
7306
11091
8200
7208
9651
7189
8651
8718
8282
6931
8897
8459
7205
8937
7987
6906
8557
8457
7148
13920
7581
7160
7830
8292
8340
7561
8323
7512
7617
7384
8475
7855
6918
7268
9184
7090
6948
9260
8000
6884
9240
7620
8402
8286
7435
6846
11005
7004
8220
9086
6890
8452
8723
8425
8410
9170
7054
8133
7552
8212
8101
7538
8320
8097
8818
8562
7973
7593
8174
8469
7600
7925
8432
8884
8276
7909
8841
7962
7774
8997
8033
8070
8524
8000
8277
7189
8048
7936
7373
7994
8051
7594
8503
8292
8554
7011
8260
7481
8240
8164
8637
8123
8153
8556
7620
7994
9154
8058
8200
8902
7874
8260
7543
7373
7913
7471
8192
8176
8854
7737
7844
10638
6898
6942
7298
8294
8028
8738
8010
8195
8874
8395
8934
7430
7974
8128
7492
7908
8413
7471
8173
6927
8594
6859
7130
10294
8328
8257
7348
6991
7347
10943
6907
7082
10389
7371
8420
9005
7093
8430
8270
8189
6987
8846
8466
6998
8995
8281
7189
7699
8098
8315
9468
8575
7017
9189
6859
8358
9294
8015
7153
8960
8266
7188
9309
7225
7692
9361
6892
8220
8112
7978
6821
8485
7656
8203
7058
8771
8854
6818
7533
8441
7302
7217
8226
7297
7103
8019
7112
7822
6979
7026
8079
6967
7093
8438
7342
8543
7202
8410
8010
8438
7528
7502
8420
7059
8116
8084
7600
7922
8272
7752
8126
7874
8230
7836
8759
7744
7713
8082
7770
7437
18792
7053
8158
8565
7862
8003
8598
7710
8085
7631
7469
7885
12078
8057
7765
8362
7611
7913
8259
7470
7707
8059
8060
7701
8505
7589
7909
7286
7841
7939
7014
8292
7918
11086
7965
8132
8293
7728
8076
8257
7486
8252
7011
7632
7548
8656
7630
7682
7051
7403
7665
8474
7740
7987
8392
7875
8157
8083
7589
8238
7460
7668
7580
8377
7846
7569
9022
8015
7923
8281
7728
7854
8823
7723
7824
9665
7170
7764
7128
7590
8171
8471
8123
8021
9018
8023
7712
8276
8068
7730
8549
8297
7759
8231
8046
7720
7820
7615
7813
8158
7903
7487
8313
7472
7972
8605
7459
8148
11615
8509
8230
8777
7997
8236
7861
7232
8378
7688
8175
8157
7549
8083
8123
8978
7487
7979
9025
7914
7995
7462
7928
8518
9079
7386
7896
8995
8110
7302
9080
8364
8051
8615
8158
7304
7495
8152
8287
7166
8122
7974
8712
8224
7315
8500
7870
8397
8657
8082
8009
8677
7619
7994
8222
8119
8157
7928
8071
7813
8924
7089
8058
10427
7238
8304
8892
8206
7915
7554
7892
8005
7690
8150
8040
7503
7896
8138
7521
8431
8235
8795
8019
7992
7352
8020
8425
7376
8049
8058
8943
7709
7635
8057
8138
8231
7215
7952
8446
8764
8010
7742
8384
7571
8061
9025
7821
8001
8837
8146
7530
7753
7916
8221
8789
8020
8186
7333
8158
7814
8514
8001
6985
7341
6966
6802
6954
7026
6927
7958
8235
7089
7692
8438
6847
7149
8465
6986
7634
7042
6942
8276
7261
7030
6964
6965
7132
7453
8378
7071
6816
6737
7943
8261
7153
7013
7250
7650
6872
7148
8262
7027
6956
6900
6856
6873
7915
6847
7003
6752
7093
6867
6975
7202
7074
7341
7534
6962
8427
6992
7253
6884
6789
7111
6826
8459
6995
6948
6842
6923
6815
7056
7190
6775
7850
7971
8289
6949
7092
6871
8487
6967
7111
21441
7576
6969
7047
7057
6916
6957
6993
6831
7138
7279
6815
7806
7126
7274
6960
7059
7114
7721
7374
7639
6907
7004
6833
6899
7169
6805
6927
6783
7605
6947
7004
7235
6751
6954
7097
7100
8676
7329
7425
6998
7147
7003
6874
6964
6775
6969
6966
8026
6955
6872
7014
7279
6758
6970
7050
6713
7712
6804
6951
6802
8600
6772
7101
6872
7081
7813
8050
6932
7164
7240
7115
7028
6979
6986
7781
19844
7794
8331
6890
6906
7168
7595
7128
6888
6869
8230
6934
6827
8405
32774
7148
7028
7091
19237
7185
7198
6965
7375
6928
6851
7174
7015
7144
7938
7024
7059
6970
6914
7056
8378
6990
7190
7364
7143
7007
6979
7307
6997
6887
7009
7058
7082
8353
6958
8540
6908
7115
6839
6815
6900
6906
7793
7237
6960
6935
7118
8279
8353
6966
6809
6954
7938
6953
7023
7181
7646
6998
6932
8441
6916
8101
7001
6993
7068
6869
6832
7080
6936
6796
7208
8140
7008
7024
6830
7407
6917
6828
6892
6972
22796
7188
7487
8271
7025
7120
20224
8368
7753
7427
8304
6864
6927
6928
6918
6867
6910
6976
20304
7966
7069
17848
7522
6935
6894
6900
6961
6794
7975
8484
6920
7885
6896
20153
8394
6891
6974
6697
8251
7039
7473
6962
7045
6926
6839
7267
7039
7685
8368
6909
7028
7137
8282
7083
6788
7028
8061
6982
7133
8215
7024
6941
8464
7063
6891
7370
7229
7043
8415
6953
6953
7198
7082
6999
6846
7289
6778
6989
6788
6921
7112
7150
6907
7178
8051
8261
7005
7136
6847
6986
6939
6875
7036
8378
7936
7210
6931
6805
7057
7102
6876
8506
6867
8346
7592
6831
6938
6776
7136
6818
6965
7210
7597
7474
7153
8630
6953
6958
6957
7221
8390
6950
8107
8314
6915
7047
6819
7001
7112
6930
7030
6817
7808
6924
7083
7041
7080
6928
6810
6818
6945
7574
8357
7019
6868
6884
7256
8646
7127
9276
8428
7129
6786
8420
7131
7292
6938
7624
6969
21402
8417
6896
6896
8768
7091
7209
6984
6984
7592
8101
8396
7224
6830
7086
6979
7820
7863
7855
20102
8127
7016
6812
7149
6938
6788
7072
7697
8383
7725
6926
8373
7087
6864
6969
8426
7228
8238
8613
6907
8436
8378
6845
6917
6946
6874
6870
6974
8160
6894
7126
7173
8471
6963
6910
8741
7027
20451
7831
7129
6830
7994
7093
7185
6856
6907
7842
7112
7028
6943
7052
6901
7110
7494
6844
6856
-------------------------------------

